day,calendar_date,fiscal_year,is_workday,organization_age_years,active_members,present_members,ever_people,available_member_work_hours_cumulative,output_work_units,review_backlog_records,appeal_backlog_records,decision_regret_units,participation_fraction,formal_effective_weight_tv,authority_contribution_tv,signed_gini_gap,gini_authority,mean_trust,mean_fatigue,cash_resource_units,adopted_guilds,closed,suspended,work_creation_enabled,adoption_days,active_member_calendar_days_daily,active_member_calendar_days_cumulative,active_member_workdays_daily,active_member_workdays_cumulative,present_member_workdays_daily,present_member_workdays_cumulative,present_member_work_hours_daily,present_member_work_hours_cumulative,available_member_work_hours_daily,post_adoption_available_member_work_hours_daily,post_adoption_available_member_work_hours_cumulative,produced_work_units_daily,produced_work_units_cumulative,decision_regret_units_daily,decision_regret_units_cumulative,decisions_completed_daily,decisions_completed_cumulative,decisions_unresolved_daily,decisions_unresolved_cumulative,review_hours_daily,review_hours_cumulative,appeal_hours_daily,appeal_hours_cumulative,governance_hours_daily,governance_hours_cumulative,training_hours_daily,training_hours_cumulative,migration_resource_units_daily,migration_resource_units_cumulative,dual_run_resource_units_daily,dual_run_resource_units_cumulative,maintenance_resource_units_daily,maintenance_resource_units_cumulative,payroll_resource_units_daily,payroll_resource_units_cumulative,recruitment_resource_units_daily,recruitment_resource_units_cumulative,operating_resource_units_daily,operating_resource_units_cumulative,operating_unfunded_resource_units_daily,operating_unfunded_resource_units_cumulative,revenue_resource_units_daily,revenue_resource_units_cumulative
0,2020-01-01,2020,False,30.0,1000,0,1000,0.0,0.0,0,0,0.0,,,0.0,0.0,0.0,0.7,0.0,300000.0,0,False,False,True,"{""0"":null,""1"":null,""2"":null,""3"":null}",1000.0,1000.0,0.0,0.0,0.0,0.0,0.0,0.0,0.0,0.0,0.0,0.0,0.0,0.0,0.0,0.0,0.0,0.0,0.0,0.0,0.0,0.0,0.0,0.0,0.0,0.0,0.0,0.0,0.0,0.0,0.0,0.0,0.0,0.0,0.0,0.0,0.0,0.0,0.0,0.0,0.0,0.0,0.0
1,2020-01-02,2020,True,30.002732240437158,999,999,1000,850.5299894533994,1010.0694250111825,999,0,0.0,0.6806907630522089,0.3193092369477912,0.0,0.0,0.0,0.7,0.02151208324016384,300500.5794250112,0,False,False,True,"{""0"":null,""1"":null,""2"":null,""3"":null}",999.0,1999.0,999.0,999.0,999.0,999.0,850.5299894533994,850.5299894533994,850.5299894533994,0.0,0.0,1010.0694250111825,1010.0694250111825,0.0,0.0,4.0,4.0,0.0,0.0,0.0,0.0,0.0,0.0,49.9499999999993,49.9499999999993,0.0,0.0,0.0,0.0,0.0,0.0,9.99,9.99,499.5,499.5,0.0,0.0,509.49,509.49,0.0,0.0,1010.0694250111825,1010.0694250111825
2,2020-01-03,2020,True,30.005464480874316,999,999,1000,1701.0599789067983,941.2298773535373,1932,15,0.0,0.6906224899598393,0.3093775100401607,0.0,0.0,0.0,0.6983483483483484,0.040872958156311305,300932.3193023647,0,False,False,True,"{""0"":null,""1"":null,""2"":null,""3"":null}",999.0,2998.0,999.0,1998.0,999.0,1998.0,850.5299894533989,1701.0599789067983,850.5299894533989,0.0,0.0,941.2298773535373,1951.2993023647198,0.0,0.0,4.0,8.0,0.0,0.0,89.89999999999917,89.89999999999917,0.0,0.0,49.94999999999717,99.89999999999647,0.0,0.0,0.0,0.0,0.0,0.0,9.99,19.98,499.5,999.0,0.0,0.0,509.49,1018.98,0.0,0.0,941.2298773535373,1951.2993023647198
3,2020-01-04,2020,False,30.008196721311474,999,0,1000,1701.0599789067983,0.0,1099,15,0.0,,,0.27762633203238457,0.35126084792744716,0.38374452719924657,0.7108558558558559,0.00019868264857666044,300932.3193023647,0,False,False,True,"{""0"":null,""1"":null,""2"":null,""3"":null}",999.0,3997.0,0.0,1998.0,0.0,1998.0,0.0,1701.0599789067983,0.0,0.0,0.0,0.0,1951.2993023647198,0.0,0.0,0.0,8.0,0.0,0.0,0.0,89.89999999999917,0.0,0.0,0.0,99.89999999999647,0.0,0.0,0.0,0.0,0.0,0.0,0.0,19.98,0.0,999.0,0.0,0.0,0.0,1018.98,0.0,0.0,0.0,1951.2993023647198
4,2020-01-05,2020,False,30.010928961748633,999,0,1000,1701.0599789067983,0.0,1099,15,0.0,,,0.27762633203238457,0.35126084792744716,0.38374452719924657,0.7108558558558559,0.0,300932.3193023647,0,False,False,True,"{""0"":null,""1"":null,""2"":null,""3"":null}",999.0,4996.0,0.0,1998.0,0.0,1998.0,0.0,1701.0599789067983,0.0,0.0,0.0,0.0,1951.2993023647198,0.0,0.0,0.0,8.0,0.0,0.0,0.0,89.89999999999917,0.0,0.0,0.0,99.89999999999647,0.0,0.0,0.0,0.0,0.0,0.0,0.0,19.98,0.0,999.0,0.0,0.0,0.0,1018.98,0.0,0.0,0.0,1951.2993023647198
5,2020-01-06,2020,True,30.01366120218579,999,999,1000,2551.5899683601965,1012.7342380278382,2050,12,0.0,0.7217269076305222,0.26522829227384737,0.27762633203238457,0.35126084792744716,0.38374452719924657,0.7092792792792793,0.021917382781098973,301435.56354039256,0,False,False,True,"{""0"":null,""1"":null,""2"":null,""3"":null}",999.0,5995.0,999.0,2997.0,999.0,2997.0,850.5299894533982,2551.5899683601965,850.5299894533982,0.0,0.0,1012.734238027838,2964.033540392558,0.0,0.0,4.0,12.0,0.0,0.0,89.8999999999949,179.79999999999407,2.2499999999999996,2.2499999999999996,49.95000000000336,149.84999999999982,0.0,0.0,0.0,0.0,0.0,0.0,9.989999999999998,29.97,499.5,1498.5,0.0,0.0,509.49,1528.47,0.0,0.0,1012.734238027838,2964.033540392558
6,2020-01-07,2020,True,30.016393442622952,999,999,1000,3402.1199578135884,970.2930460786018,2128,31,0.09048769814604712,0.7056827309236948,0.2901796125148624,0.2675702678056223,0.3370270858870637,0.38374452719924657,0.7203053053053052,0.04282171522341225,301896.36658647115,0,False,False,True,"{""0"":null,""1"":null,""2"":null,""3"":null}",999.0,6994.0,999.0,3996.0,999.0,3996.0,850.5299894533919,3402.1199578135884,850.5299894533919,0.0,0.0,970.293046078602,3934.3265864711598,0.09048769814604712,0.09048769814604712,4.0,16.0,0.0,0.0,89.89999999999876,269.6999999999928,0.0,2.2499999999999996,49.95000000001136,199.80000000001118,0.0,0.0,0.0,0.0,0.0,0.0,9.990000000000002,39.96,499.5,1998.0,0.0,0.0,509.49,2037.96,0.0,0.0,970.293046078602,3934.3265864711598
7,2020-01-08,2020,True,30.01912568306011,999,999,1000,4252.649947266978,955.9358875054551,2221,46,0.03649108975432983,0.710706827309237,0.26901870796165356,0.25468984968560854,0.3182023235548053,0.38374452719924657,0.7308258258258259,0.06278642868143279,302342.81247397664,0,False,False,True,"{""0"":null,""1"":null,""2"":null,""3"":null}",999.0,7993.0,999.0,4995.0,999.0,4995.0,850.52998945339,4252.649947266978,850.52998945339,0.0,0.0,955.9358875054554,4890.262473976615,0.036491089754329825,0.12697878790037695,4.0,20.0,0.0,0.0,89.90000000002044,359.60000000001327,0.0,2.2499999999999996,49.95000000001136,249.75000000002254,0.0,0.0,0.0,0.0,0.0,0.0,9.990000000000002,49.95,499.5,2497.5,0.0,0.0,509.4899999999998,2547.45,0.0,0.0,955.9358875054554,4890.262473976615
8,2020-01-09,2020,True,30.02185792349727,999,999,1000,5103.179936720365,902.8664843743431,2332,46,0.0,0.7377349397590361,0.26254990034291226,0.2472454255565537,0.30681496038998834,0.38374452719924657,0.7412162162162163,0.08177383401541366,302736.188958351,0,False,False,True,"{""0"":null,""1"":null,""2"":null,""3"":null}",999.0,8992.0,999.0,5994.0,999.0,5994.0,850.5299894533864,5103.179936720365,850.5299894533864,0.0,0.0,902.8664843743436,5793.128958350959,0.0,0.12697878790037695,4.0,24.0,0.0,0.0,89.90000000002044,449.5000000000337,1.7999999999999994,4.049999999999999,49.95000000001133,299.70000000003387,0.0,0.0,0.0,0.0,0.0,0.0,9.990000000000002,59.940000000000005,499.5,2997.0,0.0,0.0,509.4899999999998,3056.9399999999996,0.0,0.0,902.8664843743436,5793.128958350959
9,2020-01-10,2020,True,30.024590163934427,999,999,1000,5953.709926173751,874.293443398877,2422,45,0.0,0.7597269076305221,0.25137509549274256,0.23820855219735343,0.29449731898107645,0.38374452719924657,0.7513463463463463,0.10050885906104147,303100.9924017499,0,False,False,True,"{""0"":null,""1"":null,""2"":null,""3"":null}",999.0,9991.0,999.0,6993.0,999.0,6993.0,850.5299894533864,5953.709926173751,850.5299894533864,0.0,0.0,874.2934433988767,6667.422401749835,0.0,0.12697878790037695,4.0,28.0,0.0,0.0,89.90000000002038,539.4000000000541,2.8500000000000068,6.900000000000006,49.95000000001136,349.6500000000452,0.0,0.0,0.0,0.0,0.0,0.0,9.990000000000002,69.93,499.5,3496.5,0.0,0.0,509.4899999999998,3566.4299999999994,0.0,0.0,874.2934433988767,6667.422401749835
10,2020-01-11,2020,False,30.027322404371585,999,0,1000,5953.709926173751,0.0,1599,45,0.0,,,0.23054120636748568,0.284134591869412,0.38374452719924657,0.7637037037037038,0.04307118118766277,303100.9924017499,0,False,False,True,"{""0"":null,""1"":null,""2"":null,""3"":null}",999.0,10990.0,0.0,6993.0,0.0,6993.0,0.0,5953.709926173751,0.0,0.0,0.0,0.0,6667.422401749835,0.0,0.12697878790037695,0.0,28.0,0.0,0.0,0.0,539.4000000000541,0.0,6.900000000000006,0.0,349.6500000000452,0.0,0.0,0.0,0.0,0.0,0.0,0.0,69.93,0.0,3496.5,0.0,0.0,0.0,3566.4299999999994,0.0,0.0,0.0,6667.422401749835
11,2020-01-12,2020,False,30.030054644808743,999,0,1000,5953.709926173751,0.0,1599,45,0.0,,,0.23054120636748568,0.284134591869412,0.38374452719924657,0.7637037037037038,0.011495695493432543,303100.9924017499,0,False,False,True,"{""0"":null,""1"":null,""2"":null,""3"":null}",999.0,11989.0,0.0,6993.0,0.0,6993.0,0.0,5953.709926173751,0.0,0.0,0.0,0.0,6667.422401749835,0.0,0.12697878790037695,0.0,28.0,0.0,0.0,0.0,539.4000000000541,0.0,6.900000000000006,0.0,349.6500000000452,0.0,0.0,0.0,0.0,0.0,0.0,0.0,69.93,0.0,3496.5,0.0,0.0,0.0,3566.4299999999994,0.0,0.0,0.0,6667.422401749835
12,2020-01-13,2020,True,30.0327868852459,998,998,1000,6803.319226202706,1035.236065894066,2548,15,0.0,0.7464859437751004,0.2409016238074177,0.23081358254368708,0.28431394477230604,0.38393825225945566,0.761377755511022,0.03574804101302656,303627.248467644,0,False,False,True,"{""0"":null,""1"":null,""2"":null,""3"":null}",998.0,12987.0,998.0,7991.0,998.0,7991.0,849.6093000289547,6803.319226202706,849.6093000289547,0.0,0.0,1035.236065894066,7702.6584676439015,0.0,0.12697878790037695,4.0,32.0,0.0,0.0,89.80000000002042,629.2000000000745,6.750000000000016,13.650000000000022,49.900000000011346,399.55000000005657,0.0,0.0,0.0,0.0,0.0,0.0,9.980000000000004,79.91000000000001,499.0,3995.5,0.0,0.0,508.98,4075.4099999999994,0.0,0.0,1035.236065894066,7702.6584676439015
13,2020-01-14,2020,True,30.03551912568306,998,998,1000,7652.928526231661,986.0367904042996,2601,32,0.04521823310333294,0.7294779116465864,0.2590788468497447,0.2277446655594353,0.27856430902128115,0.38393825225945566,0.7717184368737475,0.058764162430959915,304104.3052580483,0,False,False,True,"{""0"":null,""1"":null,""2"":null,""3"":null}",998.0,13985.0,998.0,8989.0,998.0,8989.0,849.6093000289547,7652.928526231661,849.6093000289547,0.0,0.0,986.0367904042996,8688.695258048201,0.04521823310333295,0.1721970210037099,4.0,36.0,0.0,0.0,89.80000000002042,719.0000000000949,0.0,13.650000000000022,49.900000000011346,449.4500000000679,0.0,0.0,0.0,0.0,0.0,0.0,9.980000000000004,89.89000000000001,499.0,4494.5,0.0,0.0,508.98,4584.389999999999,0.0,0.0,986.0367904042996,8688.695258048201
14,2020-01-15,2020,True,30.038251366120218,998,998,1000,8502.537826260628,946.6659873308681,2720,54,0.07776582942780097,0.7395100401606426,0.257752287517878,0.2223792954710535,0.27055629149628035,0.38393825225945566,0.7818286573146292,0.08086202146325304,304541.9912453792,0,False,False,True,"{""0"":null,""1"":null,""2"":null,""3"":null}",998.0,14983.0,998.0,9987.0,998.0,9987.0,849.6093000289675,8502.537826260628,849.6093000289675,0.0,0.0,946.665987330869,9635.36124537907,0.07776582942780097,0.24996285043151087,4.0,40.0,0.0,0.0,89.80000000002042,808.8000000001153,0.0,13.650000000000022,49.900000000011346,499.35000000007926,0.0,0.0,0.0,0.0,0.0,0.0,9.980000000000004,99.87000000000002,499.0,4993.5,0.0,0.0,508.97999999999956,5093.369999999999,0.0,0.0,946.665987330869,9635.36124537907
15,2020-01-16,2020,True,30.040983606557376,997,997,1000,9351.389904195652,913.7708902799221,2831,50,0.0,0.7571825042103899,0.2431622687661266,0.2162126042211868,0.2616552256296806,0.3836901599978205,0.7921765295887664,0.1019825636623398,304947.29213565914,0,False,False,True,"{""0"":null,""1"":null,""2"":null,""3"":null}",997.0,15980.0,997.0,10984.0,997.0,10984.0,848.8520779350238,9351.389904195652,848.8520779350238,0.0,0.0,913.7708902799222,10549.132135658992,0.0,0.24996285043151087,4.0,44.0,0.0,0.0,89.7000000000204,898.5000000001357,2.2500000000000053,15.900000000000027,49.849999999968986,549.2000000000482,0.0,0.0,0.0,0.0,0.0,0.0,9.969999999999999,109.84000000000002,498.5,5492.0,0.0,0.0,508.47000000000025,5601.839999999999,0.0,0.0,913.7708902799222,10549.132135658992
16,2020-01-17,2020,True,30.043715846994534,997,997,1000,10200.241982130676,879.1699395027139,2933,42,0.0,0.7492550524679362,0.26344864848239036,0.21135805879252983,0.25455949958171364,0.3836901599978205,0.8026730190571716,0.12206550912483441,305317.9920751619,0,False,False,True,"{""0"":null,""1"":null,""2"":null,""3"":null}",997.0,16977.0,997.0,11981.0,997.0,11981.0,848.8520779350238,10200.241982130676,848.8520779350238,0.0,0.0,879.1699395027135,11428.302075161706,0.0,0.24996285043151087,4.0,48.0,0.0,0.0,89.7000000000204,988.2000000001561,2.549999999999976,18.450000000000003,49.84999999995466,599.0500000000029,0.0,0.0,0.0,0.0,0.0,0.0,9.969999999999999,119.81000000000002,498.5,5990.5,0.0,0.0,508.47000000000025,6110.3099999999995,0.0,0.0,879.1699395027135,11428.302075161706
17,2020-01-18,2020,False,30.046448087431695,997,0,1000,10200.241982130676,0.0,2099,42,0.0,,,0.20682508233859442,0.24736156500835207,0.3836901599978205,0.8152056168505517,0.061431452759144904,305317.9920751619,0,False,False,True,"{""0"":null,""1"":null,""2"":null,""3"":null}",997.0,17974.0,0.0,11981.0,0.0,11981.0,0.0,10200.241982130676,0.0,0.0,0.0,0.0,11428.302075161706,0.0,0.24996285043151087,0.0,48.0,0.0,0.0,0.0,988.2000000001561,0.0,18.450000000000003,0.0,599.0500000000029,0.0,0.0,0.0,0.0,0.0,0.0,0.0,119.81000000000002,0.0,5990.5,0.0,0.0,0.0,6110.3099999999995,0.0,0.0,0.0,11428.302075161706
18,2020-01-19,2020,False,30.049180327868854,997,0,1000,10200.241982130676,0.0,2099,42,0.0,,,0.20682508233859442,0.2473615650083521,0.3836901599978205,0.8152056168505517,0.024680070475650587,305317.9920751619,0,False,False,True,"{""0"":null,""1"":null,""2"":null,""3"":null}",997.0,18971.0,0.0,11981.0,0.0,11981.0,0.0,10200.241982130676,0.0,0.0,0.0,0.0,11428.302075161706,0.0,0.24996285043151087,0.0,48.0,0.0,0.0,0.0,988.2000000001561,0.0,18.450000000000003,0.0,599.0500000000029,0.0,0.0,0.0,0.0,0.0,0.0,0.0,119.81000000000002,0.0,5990.5,0.0,0.0,0.0,6110.3099999999995,0.0,0.0,0.0,11428.302075161706
19,2020-01-20,2020,True,30.05191256830601,996,996,1000,11048.304578501826,1034.7699155578941,3047,17,0.0,0.8012557649954657,0.18455103757817373,0.20713164858193628,0.2476375266748665,0.3838838850580297,0.8129267068273093,0.05106919858903106,305844.80199071974,0,False,False,True,"{""0"":null,""1"":null,""2"":null,""3"":null}",996.0,19967.0,996.0,12977.0,996.0,12977.0,848.06259637115,11048.304578501826,848.06259637115,0.0,0.0,1034.769915557894,12463.0719907196,0.0,0.24996285043151087,4.0,52.0,0.0,0.0,89.5999999999591,1077.8000000001152,6.29999999999994,24.749999999999943,49.79999999995471,648.8499999999576,0.0,0.0,0.0,0.0,0.0,0.0,9.959999999999994,129.77,498.0,6488.5,0.0,0.0,507.96000000000004,6618.2699999999995,0.0,0.0,1034.769915557894,12463.0719907196
20,2020-01-21,2020,True,30.05464480874317,996,996,1000,11896.367174872976,990.1331932765789,3113,30,0.0,0.7661025715766291,0.22615496885588623,0.20412248919717757,0.2428657043644477,0.3838838850580297,0.823609437751004,0.07607559701279638,306326.9751839963,0,False,False,True,"{""0"":null,""1"":null,""2"":null,""3"":null}",996.0,20963.0,996.0,13973.0,996.0,13973.0,848.06259637115,11896.367174872976,848.06259637115,0.0,0.0,990.1331932765788,13453.205183996179,0.0,0.24996285043151087,4.0,56.0,0.0,0.0,89.59999999991851,1167.4000000000337,0.0,24.749999999999943,49.79999999995471,698.6499999999123,0.0,0.0,0.0,0.0,0.0,0.0,9.960000000000008,139.73000000000002,498.0,6986.5,0.0,0.0,507.96000000000004,7126.23,0.0,0.0,990.1331932765788,13453.205183996179
21,2020-01-22,2020,True,30.057377049180328,996,996,1000,12744.429771244126,937.8075398033279,3214,48,0.0,0.785070313512113,0.20264917203183172,0.20176935129595416,0.2383200035381755,0.3838838850580297,0.8338202811244981,0.09994369605558312,306756.8227237996,0,False,False,True,"{""0"":null,""1"":null,""2"":null,""3"":null}",996.0,21959.0,996.0,14969.0,996.0,14969.0,848.06259637115,12744.429771244126,848.06259637115,0.0,0.0,937.8075398033288,14391.012723799508,0.0,0.24996285043151087,4.0,60.0,0.0,0.0,89.59999999991851,1256.9999999999523,0.0,24.749999999999943,49.79999999995471,748.449999999867,0.0,0.0,0.0,0.0,0.0,0.0,9.960000000000008,149.69000000000003,498.0,7484.5,0.0,0.0,507.96000000000004,7634.19,0.0,0.0,937.8075398033288,14391.012723799508
22,2020-01-23,2020,True,30.060109289617486,995,995,1000,13591.53102211739,902.0676417677277,3340,54,0.0,0.761805285658764,0.2315370800272571,0.19948187173490767,0.23459380844230637,0.3840776101182388,0.8443819095477387,0.12240468596306903,307151.44036556734,0,False,False,True,"{""0"":null,""1"":null,""2"":null,""3"":null}",995.0,22954.0,995.0,15964.0,995.0,15964.0,847.1012508732638,13591.53102211739,847.1012508732638,0.0,0.0,902.0676417677278,15293.080365567235,0.0,0.24996285043151087,4.0,64.0,0.0,0.0,89.4999999999186,1346.4999999998709,2.549999999999976,27.29999999999992,49.74999999995475,798.1999999998218,0.0,0.0,0.0,0.0,0.0,0.0,9.949999999999989,159.64000000000001,497.5,7982.0,0.0,0.0,507.4499999999998,8141.639999999999,0.0,0.0,902.0676417677278,15293.080365567235
23,2020-01-24,2020,True,30.062841530054644,995,995,1000,14438.632272990653,871.1012900399321,3405,61,0.0,0.7457329317269077,0.259472991233845,0.19579585035456354,0.22940798878818897,0.3840776101182388,0.8545075376884423,0.14390595633253245,307515.0916556073,0,False,False,True,"{""0"":null,""1"":null,""2"":null,""3"":null}",995.0,23949.0,995.0,16959.0,995.0,16959.0,847.1012508732638,14438.632272990653,847.1012508732638,0.0,0.0,871.1012900399328,16164.181655607168,0.0,0.24996285043151087,4.0,68.0,0.0,0.0,89.4999999999186,1435.9999999997895,1.9499999999999815,29.2499999999999,49.74999999995475,847.9499999997765,0.0,0.0,0.0,0.0,0.0,0.0,9.949999999999989,169.59,497.5,8479.5,0.0,0.0,507.4500000000007,8649.09,0.0,0.0,871.1012900399328,16164.181655607168
24,2020-01-25,2020,False,30.065573770491802,995,0,1000,14438.632272990653,0.0,2599,61,0.0,,,0.19315722768696172,0.22503322326236253,0.3840776101182388,0.8666432160804021,0.07930804096556682,307515.0916556073,0,False,False,True,"{""0"":null,""1"":null,""2"":null,""3"":null}",995.0,24944.0,0.0,16959.0,0.0,16959.0,0.0,14438.632272990653,0.0,0.0,0.0,0.0,16164.181655607168,0.0,0.24996285043151087,0.0,68.0,0.0,0.0,0.0,1435.9999999997895,0.0,29.2499999999999,0.0,847.9499999997765,0.0,0.0,0.0,0.0,0.0,0.0,0.0,169.59,0.0,8479.5,0.0,0.0,0.0,8649.09,0.0,0.0,0.0,16164.181655607168
25,2020-01-26,2020,False,30.06830601092896,994,0,1000,14438.632272990653,0.0,2599,61,0.0,,,0.19291299437788625,0.22470703729783648,0.3838295178566037,0.8665845070422536,0.038983442080950385,307515.0916556073,0,False,False,True,"{""0"":null,""1"":null,""2"":null,""3"":null}",994.0,25938.0,0.0,16959.0,0.0,16959.0,0.0,14438.632272990653,0.0,0.0,0.0,0.0,16164.181655607168,0.0,0.24996285043151087,0.0,68.0,0.0,0.0,0.0,1435.9999999997895,0.0,29.2499999999999,0.0,847.9499999997765,0.0,0.0,0.0,0.0,0.0,0.0,0.0,169.59,0.0,8479.5,0.0,0.0,0.0,8649.09,0.0,0.0,0.0,16164.181655607168
26,2020-01-27,2020,True,30.07103825136612,994,994,1000,15284.932211688418,874.8120962233371,3566,17,0.0,0.7847276201580515,0.20526027049189793,0.19291299437788625,0.22470703729783648,0.3838295178566037,0.8644215291750504,0.06685544523177785,307882.9637518306,0,False,False,True,"{""0"":null,""1"":null,""2"":null,""3"":null}",994.0,26932.0,994.0,17953.0,994.0,17953.0,846.2999386977644,15284.932211688418,846.2999386977644,0.0,0.0,874.812096223337,17038.993751830505,0.0,0.24996285043151087,4.0,72.0,0.0,0.0,89.39999999991869,1525.3999999997081,9.149999999999913,38.399999999999814,49.6999999999548,897.6499999997313,0.0,0.0,0.0,0.0,0.0,0.0,9.939999999999998,179.53,497.0,8976.5,0.0,0.0,506.9400000000005,9156.03,0.0,0.0,874.812096223337,17038.993751830505
27,2020-01-28,2020,True,30.07377049180328,994,994,1000,16131.232150386182,810.4360392218115,3621,29,0.2175580783137911,0.7977757805415209,0.19559671067068593,0.19153772030853916,0.22201164822914904,0.3838295178566037,0.8756941649899397,0.09342192951595166,308186.45979105245,0,False,False,True,"{""0"":null,""1"":null,""2"":null,""3"":null}",994.0,27926.0,994.0,18947.0,994.0,18947.0,846.2999386977644,16131.232150386182,846.2999386977644,0.0,0.0,810.4360392218114,17849.429791052316,0.21755807831379106,0.46752092874530193,4.0,76.0,0.0,0.0,89.39999999991869,1614.7999999996268,0.0,38.399999999999814,49.6999999999548,947.3499999996861,0.0,0.0,0.0,0.0,0.0,0.0,9.939999999999998,189.47,497.0,9473.5,0.0,0.0,506.9400000000005,9662.970000000001,0.0,0.0,810.4360392218114,17849.429791052316
28,2020-01-29,2020,True,30.07650273224044,994,994,1000,16977.532089083958,785.8145253858519,3706,40,0.0,0.799791909573779,0.20796980931591655,0.1900280125053673,0.21985242787006343,0.3838295178566037,0.8858953722334005,0.11863544101152017,308465.3343164383,0,False,False,True,"{""0"":null,""1"":null,""2"":null,""3"":null}",994.0,28920.0,994.0,19941.0,994.0,19941.0,846.2999386977754,16977.532089083958,846.2999386977754,0.0,0.0,785.8145253858529,18635.24431643817,0.0,0.46752092874530193,4.0,80.0,0.0,0.0,89.39999999991869,1704.1999999995455,0.0,38.399999999999814,49.6999999999548,997.0499999996409,0.0,0.0,0.0,0.0,0.0,0.0,9.939999999999998,199.41,497.0,9970.5,0.0,0.0,506.9400000000005,10169.910000000002,0.0,0.0,785.8145253858529,18635.24431643817
29,2020-01-30,2020,True,30.079234972677597,994,994,1000,17823.83202778171,760.9372916319624,3815,37,0.0,0.8038606037051431,0.18672429922733103,0.18863401672925395,0.21700616981423107,0.3838295178566037,0.8956690140845072,0.14243276291043158,308719.33160807024,0,False,False,True,"{""0"":null,""1"":null,""2"":null,""3"":null}",994.0,29914.0,994.0,20935.0,994.0,20935.0,846.2999386977535,17823.83202778171,846.2999386977535,0.0,0.0,760.9372916319626,19396.181608070132,0.0,0.46752092874530193,4.0,84.0,0.0,0.0,89.39999999991869,1793.5999999994642,2.549999999999976,40.94999999999979,49.6999999999548,1046.7499999995957,0.0,0.0,0.0,0.0,0.0,0.0,9.939999999999998,209.35,497.0,10467.5,0.0,0.0,506.9400000000005,10676.850000000002,0.0,0.0,760.9372916319626,19396.181608070132
30,2020-01-31,2020,True,30.081967213114755,995,995,1001,18670.994137331367,864.6065541553445,3891,40,0.0,0.791978397460811,0.21219494589007082,0.18704480780337712,0.21378614561741127,0.3840776101182388,0.9048844221105529,0.16488613644714578,309075.4881622256,0,False,False,True,"{""0"":null,""1"":null,""2"":null,""3"":null}",995.0,30909.0,995.0,21930.0,995.0,21930.0,847.1621095496557,18670.994137331367,847.1621095496557,0.0,0.0,864.6065541553435,20260.788162225475,0.0,0.46752092874530193,4.0,88.0,0.0,0.0,89.4999999999186,1883.0999999993828,1.799999999999983,42.74999999999977,49.74999999995475,1096.4999999995505,0.0,0.0,0.0,0.0,0.0,0.0,9.949999999999989,219.29999999999998,497.5,10965.0,1.0,1.0,507.4500000000007,11184.300000000003,0.0,0.0,864.6065541553435,20260.788162225475
31,2020-02-01,2020,False,30.084699453551913,995,0,1001,18670.994137331367,0.0,3099,40,0.0,,,0.1860262858013516,0.21200729701087256,0.3840776101182388,0.9168241206030152,0.09668368692673299,309075.4881622256,0,False,False,True,"{""0"":null,""1"":null,""2"":null,""3"":null}",995.0,31904.0,0.0,21930.0,0.0,21930.0,0.0,18670.994137331367,0.0,0.0,0.0,0.0,20260.788162225475,0.0,0.46752092874530193,0.0,88.0,0.0,0.0,0.0,1883.0999999993828,0.0,42.74999999999977,0.0,1096.4999999995505,0.0,0.0,0.0,0.0,0.0,0.0,0.0,219.29999999999998,0.0,10965.0,0.0,1.0,0.0,11184.300000000003,0.0,0.0,0.0,20260.788162225475
32,2020-02-02,2020,False,30.08743169398907,995,0,1001,18670.994137331367,0.0,3099,40,0.0,,,0.1860262858013516,0.21200729701087256,0.3840776101182388,0.9168241206030152,0.05300678659030775,309075.4881622256,0,False,False,True,"{""0"":null,""1"":null,""2"":null,""3"":null}",995.0,32899.0,0.0,21930.0,0.0,21930.0,0.0,18670.994137331367,0.0,0.0,0.0,0.0,20260.788162225475,0.0,0.46752092874530193,0.0,88.0,0.0,0.0,0.0,1883.0999999993828,0.0,42.74999999999977,0.0,1096.4999999995505,0.0,0.0,0.0,0.0,0.0,0.0,0.0,219.29999999999998,0.0,10965.0,0.0,1.0,0.0,11184.300000000003,0.0,0.0,0.0,20260.788162225475
33,2020-02-03,2020,True,30.09016393442623,995,995,1001,19518.156246881023,1043.280226685287,4026,20,0.0,0.8382036209353543,0.14154741692942033,0.1860262858013516,0.21200729701087254,0.3840776101182388,0.9141105527638193,0.08191869813871185,309611.31838891085,0,False,False,True,"{""0"":null,""1"":null,""2"":null,""3"":null}",995.0,33894.0,995.0,22925.0,995.0,22925.0,847.1621095496557,19518.156246881023,847.1621095496557,0.0,0.0,1043.2802266852887,21304.068388910764,0.0,0.46752092874530193,4.0,92.0,0.0,0.0,89.4999999999186,1972.5999999993014,5.999999999999943,48.749999999999716,49.74999999995475,1146.2499999995052,0.0,0.0,0.0,0.0,0.0,0.0,9.949999999999989,229.24999999999997,497.5,11462.5,0.0,1.0,507.4500000000007,11691.750000000004,0.0,0.0,1043.2802266852887,21304.068388910764
34,2020-02-04,2020,True,30.092896174863387,994,994,1001,20364.458496128027,976.7136972453263,4069,37,0.0,0.8208380079020536,0.16031440547448572,0.18481887801351848,0.2100636766599854,0.3841434398435616,0.9234255533199196,0.10952528916706966,310081.0920861562,0,False,False,True,"{""0"":null,""1"":null,""2"":null,""3"":null}",994.0,34888.0,994.0,23919.0,994.0,23919.0,846.3022492470045,20364.458496128027,846.3022492470045,0.0,0.0,976.7136972453263,22280.78208615609,0.0,0.46752092874530193,4.0,96.0,0.0,0.0,89.39999999991869,2061.99999999922,0.0,48.749999999999716,49.6999999999548,1195.94999999946,0.0,0.0,0.0,0.0,0.0,0.0,9.939999999999998,239.18999999999997,497.0,11959.5,0.0,1.0,506.9400000000005,12198.690000000004,0.0,0.0,976.7136972453263,22280.78208615609
35,2020-02-05,2020,True,30.095628415300546,994,994,1001,21210.76074537503,921.9384351542972,4202,51,0.0,0.8249272393216591,0.17747663627615676,0.1839285536608101,0.2086123922124456,0.3841434398435616,0.929330985915493,0.13537531015978393,310496.09052131046,0,False,False,True,"{""0"":null,""1"":null,""2"":null,""3"":null}",994.0,35882.0,994.0,24913.0,994.0,24913.0,846.3022492470045,21210.76074537503,846.3022492470045,0.0,0.0,921.9384351542976,23202.720521310388,0.0,0.46752092874530193,4.0,100.0,0.0,0.0,89.39999999991869,2151.399999999139,0.0,48.749999999999716,49.6999999999548,1245.6499999994148,0.0,0.0,0.0,0.0,0.0,0.0,9.939999999999998,249.12999999999997,497.0,12456.5,0.0,1.0,506.9400000000005,12705.630000000005,0.0,0.0,921.9384351542976,23202.720521310388
36,2020-02-06,2020,True,30.098360655737704,994,994,1001,22057.062994622036,870.9808669041394,4339,44,0.0,0.8138993219842934,0.15828005480077634,0.1828182326476357,0.20670313949755167,0.3841434398435616,0.9346177062374247,0.15949178088592517,310860.1313882146,0,False,False,True,"{""0"":null,""1"":null,""2"":null,""3"":null}",994.0,36876.0,994.0,25907.0,994.0,25907.0,846.3022492470045,22057.062994622036,846.3022492470045,0.0,0.0,870.9808669041377,24073.701388214526,0.0,0.46752092874530193,4.0,104.0,0.0,0.0,89.39999999991869,2240.7999999990575,2.9999999999999716,51.74999999999969,49.6999999999548,1295.3499999993696,0.0,0.0,0.0,0.0,0.0,0.0,9.940000000000026,259.07,497.0,12953.5,0.0,1.0,506.9400000000005,13212.570000000005,0.0,0.0,870.9808669041377,24073.701388214526
37,2020-02-07,2020,True,30.101092896174862,994,994,1001,22903.36524386904,840.9974539312235,4450,41,0.0,0.8199234183698356,0.17176938705611255,0.1815139200848393,0.20480383706529184,0.3841434398435616,0.9400653923541248,0.18221094915775737,311194.1888421458,0,False,False,True,"{""0"":null,""1"":null,""2"":null,""3"":null}",994.0,37870.0,994.0,26901.0,994.0,26901.0,846.3022492470045,22903.36524386904,846.3022492470045,0.0,0.0,840.9974539312243,24914.69884214575,0.0,0.46752092874530193,4.0,108.0,0.0,0.0,89.39999999991869,2330.199999998976,2.549999999999976,54.29999999999966,49.6999999999548,1345.0499999993244,0.0,0.0,0.0,0.0,0.0,0.0,9.939999999999998,269.01,497.0,13450.5,0.0,1.0,506.9400000000005,13719.510000000006,0.0,0.0,840.9974539312243,24914.69884214575
38,2020-02-08,2020,False,30.103825136612024,994,0,1001,22903.36524386904,0.0,3599,41,0.0,,,0.18103969912064252,0.20375253759810935,0.3841434398435616,0.9458953722334005,0.11179930498588934,311194.1888421458,0,False,False,True,"{""0"":null,""1"":null,""2"":null,""3"":null}",994.0,38864.0,0.0,26901.0,0.0,26901.0,0.0,22903.36524386904,0.0,0.0,0.0,0.0,24914.69884214575,0.0,0.46752092874530193,0.0,108.0,0.0,0.0,0.0,2330.199999998976,0.0,54.29999999999966,0.0,1345.0499999993244,0.0,0.0,0.0,0.0,0.0,0.0,0.0,269.01,0.0,13450.5,0.0,1.0,0.0,13719.510000000006,0.0,0.0,0.0,24914.69884214575
39,2020-02-09,2020,False,30.10655737704918,993,0,1001,22903.36524386904,0.0,3599,41,0.0,,,0.18087133397053765,0.20352384119528633,0.38389534758192645,0.9459566968781471,0.06595966488488321,311194.1888421458,0,False,False,True,"{""0"":null,""1"":null,""2"":null,""3"":null}",993.0,39857.0,0.0,26901.0,0.0,26901.0,0.0,22903.36524386904,0.0,0.0,0.0,0.0,24914.69884214575,0.0,0.46752092874530193,0.0,108.0,0.0,0.0,0.0,2330.199999998976,0.0,54.29999999999966,0.0,1345.0499999993244,0.0,0.0,0.0,0.0,0.0,0.0,0.0,269.01,0.0,13450.5,0.0,1.0,0.0,13719.510000000006,0.0,0.0,0.0,24914.69884214575
40,2020-02-10,2020,True,30.10928961748634,993,993,1001,23748.90676957617,1009.6667856761798,4573,9,0.0,0.8519588835949781,0.13252468767007336,0.18087133397053765,0.20352384119528635,0.38389534758192645,0.944496475327291,0.09512727047624299,311697.425627822,0,False,False,True,"{""0"":null,""1"":null,""2"":null,""3"":null}",993.0,40850.0,993.0,27894.0,993.0,27894.0,845.541525707129,23748.90676957617,845.541525707129,0.0,0.0,1009.6667856761815,25924.36562782193,0.0,0.46752092874530193,4.0,112.0,0.0,0.0,89.29999999991878,2419.499999998895,6.149999999999942,60.449999999999605,49.649999999954844,1394.6999999992793,0.0,0.0,0.0,0.0,0.0,0.0,9.930000000000007,278.94,496.5,13947.0,0.0,1.0,506.4300000000003,14225.940000000006,0.0,0.0,1009.6667856761815,25924.36562782193
41,2020-02-11,2020,True,30.112021857923498,993,993,1001,24594.4482952833,998.5920826614285,4596,27,0.0,0.8106320246376651,0.18525187096814277,0.17921263376390456,0.20073517888120646,0.38389534758192645,0.9470040281973817,0.12258458103501316,312189.5877104834,0,False,False,True,"{""0"":null,""1"":null,""2"":null,""3"":null}",993.0,41843.0,993.0,28887.0,993.0,28887.0,845.541525707129,24594.4482952833,845.541525707129,0.0,0.0,998.5920826614274,26922.95771048336,0.0,0.46752092874530193,4.0,116.0,0.0,0.0,89.29999999991878,2508.7999999988137,0.0,60.449999999999605,49.649999999954844,1444.3499999992341,0.0,0.0,0.0,0.0,0.0,0.0,9.930000000000007,288.87,496.5,14443.5,0.0,1.0,506.4300000000003,14732.370000000006,0.0,0.0,998.5920826614274,26922.95771048336
42,2020-02-12,2020,True,30.114754098360656,993,993,1001,25439.989820990428,905.7892968139047,4720,45,0.0,0.8126927194215021,0.17610479987066438,0.17843571312177242,0.19979147661393143,0.38389534758192645,0.9490181268882175,0.14819891930596774,312588.9470072973,0,False,False,True,"{""0"":null,""1"":null,""2"":null,""3"":null}",993.0,42836.0,993.0,29880.0,993.0,29880.0,845.541525707129,25439.989820990428,845.541525707129,0.0,0.0,905.7892968139058,27828.747007297265,0.0,0.46752092874530193,4.0,120.0,0.0,0.0,89.29999999991878,2598.0999999987325,0.0,60.449999999999605,49.649999999954844,1493.999999999189,0.0,0.0,0.0,0.0,0.0,0.0,9.930000000000007,298.8,496.5,14940.0,0.0,1.0,506.4300000000003,15238.800000000007,0.0,0.0,905.7892968139058,27828.747007297265
43,2020-02-13,2020,True,30.117486338797814,993,993,1001,26285.531346697557,868.0404299821529,4794,61,0.0,0.8328544031159246,0.17439046800804,0.17778882205437715,0.1984495846650326,0.38389534758192645,0.9500100704934542,0.17202791422698643,312950.55743727944,0,False,False,True,"{""0"":null,""1"":null,""2"":null,""3"":null}",993.0,43829.0,993.0,30873.0,993.0,30873.0,845.541525707129,26285.531346697557,845.541525707129,0.0,0.0,868.040429982153,28696.787437279418,0.0,0.46752092874530193,4.0,124.0,0.0,0.0,89.29999999991878,2687.3999999986513,1.3499999999999872,61.79999999999959,49.649999999954844,1543.6499999991438,0.0,0.0,0.0,0.0,0.0,0.0,9.930000000000007,308.73,496.5,15436.5,0.0,1.0,506.4300000000003,15745.230000000007,0.0,0.0,868.040429982153,28696.787437279418
44,2020-02-14,2020,True,30.120218579234972,994,994,1002,27131.892306109698,849.2760343592126,4948,56,0.0,0.814853233228067,0.17352506969456669,0.17753896057766186,0.19743022974206273,0.38370162252171736,0.95158953722334,0.1938770991145831,313291.8934716387,0,False,False,True,"{""0"":null,""1"":null,""2"":null,""3"":null}",994.0,44823.0,994.0,31867.0,994.0,31867.0,846.3609594121408,27131.892306109698,846.3609594121408,0.0,0.0,849.2760343592126,29546.06347163863,0.0,0.46752092874530193,4.0,128.0,0.0,0.0,89.39999999991869,2776.79999999857,2.6999999999999957,64.49999999999959,49.6999999999548,1593.3499999990986,0.0,0.0,0.0,0.0,0.0,0.0,9.939999999999998,318.67,497.0,15933.5,1.0,2.0,506.9400000000005,16252.170000000007,0.0,0.0,849.2760343592126,29546.06347163863
45,2020-02-15,2020,False,30.12295081967213,993,0,1002,27131.892306109698,0.0,4099,56,0.0,,,0.17684527657360266,0.1966771652927734,0.3837674522470401,0.9554330312185297,0.1218626495175509,313291.8934716387,0,False,False,True,"{""0"":null,""1"":null,""2"":null,""3"":null}",993.0,45816.0,0.0,31867.0,0.0,31867.0,0.0,27131.892306109698,0.0,0.0,0.0,0.0,29546.06347163863,0.0,0.46752092874530193,0.0,128.0,0.0,0.0,0.0,2776.79999999857,0.0,64.49999999999959,0.0,1593.3499999990986,0.0,0.0,0.0,0.0,0.0,0.0,0.0,318.67,0.0,15933.5,0.0,2.0,0.0,16252.170000000007,0.0,0.0,0.0,29546.06347163863
46,2020-02-16,2020,False,30.12568306010929,993,0,1002,27131.892306109698,0.0,4099,56,0.0,,,0.17684527657360266,0.19667716529277343,0.3837674522470401,0.9554330312185297,0.07466017387771094,313291.8934716387,0,False,False,True,"{""0"":null,""1"":null,""2"":null,""3"":null}",993.0,46809.0,0.0,31867.0,0.0,31867.0,0.0,27131.892306109698,0.0,0.0,0.0,0.0,29546.06347163863,0.0,0.46752092874530193,0.0,128.0,0.0,0.0,0.0,2776.79999999857,0.0,64.49999999999959,0.0,1593.3499999990986,0.0,0.0,0.0,0.0,0.0,0.0,0.0,318.67,0.0,15933.5,0.0,2.0,0.0,16252.170000000007,0.0,0.0,0.0,29546.06347163863
47,2020-02-17,2020,True,30.128415300546447,994,994,1003,27978.36226415458,1006.9883035930169,5087,14,0.0,0.8600991867430542,0.131253454934901,0.1767709646221165,0.19579539897594267,0.38370162252171736,0.9536167002012073,0.1034214461353474,313790.9417752317,0,False,False,True,"{""0"":null,""1"":null,""2"":null,""3"":null}",994.0,47803.0,994.0,32861.0,994.0,32861.0,846.4699580448832,27978.36226415458,846.4699580448832,0.0,0.0,1006.9883035930179,30553.05177523165,0.0,0.46752092874530193,4.0,132.0,0.0,0.0,89.39999999991869,2866.1999999984887,8.400000000000318,72.8999999999999,49.6999999999548,1643.0499999990534,0.0,0.0,0.0,0.0,0.0,0.0,9.939999999999998,328.61,497.0,16430.5,1.0,3.0,506.9400000000005,16759.110000000008,0.0,0.0,1006.9883035930179,30553.05177523165
48,2020-02-18,2020,True,30.131147540983605,993,993,1003,28824.049273293338,960.8600974691485,5126,30,0.0,0.8499770092515813,0.141482902723202,0.17647721563258872,0.19429581564295298,0.3837674522470401,0.9553625377643505,0.13062935208028717,314245.3718727008,0,False,False,True,"{""0"":null,""1"":null,""2"":null,""3"":null}",993.0,48796.0,993.0,33854.0,993.0,33854.0,845.6870091387573,28824.049273293338,845.6870091387573,0.0,0.0,960.8600974691471,31513.911872700795,0.0,0.46752092874530193,4.0,136.0,0.0,0.0,89.29999999991878,2955.4999999984075,0.0,72.8999999999999,49.649999999954844,1692.6999999990082,0.0,0.0,0.0,0.0,0.0,0.0,9.930000000000007,338.54,496.5,16927.0,0.0,3.0,506.4300000000003,17265.540000000008,0.0,0.0,960.8600974691471,31513.911872700795
49,2020-02-19,2020,True,30.133879781420767,993,993,1003,29669.736282432095,914.1135141058343,5195,51,0.0,0.8358313578199437,0.15586137546903472,0.1756192259164696,0.19261339220409612,0.3837674522470401,0.9556646525679758,0.15581330004006608,314653.05538680666,0,False,False,True,"{""0"":null,""1"":null,""2"":null,""3"":null}",993.0,49789.0,993.0,34847.0,993.0,34847.0,845.6870091387573,29669.736282432095,845.6870091387573,0.0,0.0,914.113514105833,32428.02538680663,0.0,0.46752092874530193,4.0,140.0,0.0,0.0,89.29999999991878,3044.7999999983263,0.0,72.8999999999999,49.649999999954844,1742.349999998963,0.0,0.0,0.0,0.0,0.0,0.0,9.930000000000007,348.47,496.5,17423.5,0.0,3.0,506.4300000000003,17771.97000000001,0.0,0.0,914.113514105833,32428.02538680663
50,2020-02-20,2020,True,30.136612021857925,993,993,1003,30515.423291570853,859.9804245996428,5313,54,0.0,0.800665723623238,0.2013557390283226,0.17538959934546589,0.1918799196309216,0.3837674522470401,0.9561480362537764,0.1791225284299371,315006.60581140633,0,False,False,True,"{""0"":null,""1"":null,""2"":null,""3"":null}",993.0,50782.0,993.0,35840.0,993.0,35840.0,845.6870091387573,30515.423291570853,845.6870091387573,0.0,0.0,859.980424599642,33288.00581140627,0.0,0.46752092874530193,4.0,144.0,0.0,0.0,89.29999999991878,3134.099999998245,2.1000000000000796,74.99999999999999,49.649999999954844,1791.999999998918,0.0,0.0,0.0,0.0,0.0,0.0,9.930000000000007,358.40000000000003,496.5,17920.0,0.0,3.0,506.4300000000003,18278.40000000001,0.0,0.0,859.980424599642,33288.00581140627
51,2020-02-21,2020,True,30.139344262295083,993,993,1003,31361.11030070961,823.5281505917859,5421,52,0.23738491278452065,0.8006857063883063,0.19068797847840002,0.1752526902562067,0.1917141830789478,0.3837674522470401,0.9568680765357502,0.20053579912073885,315323.7039619981,0,False,False,True,"{""0"":null,""1"":null,""2"":null,""3"":null}",993.0,51775.0,993.0,36833.0,993.0,36833.0,845.6870091387573,31361.11030070961,845.6870091387573,0.0,0.0,823.5281505917883,34111.53396199806,0.23738491278452067,0.7049058415298226,4.0,148.0,0.0,0.0,89.29999999991878,3223.399999998164,2.400000000000091,77.40000000000008,49.649999999954844,1841.6499999988728,0.0,0.0,0.0,0.0,0.0,0.0,9.930000000000007,368.33000000000004,496.5,18416.5,0.0,3.0,506.4300000000003,18784.83000000001,0.0,0.0,823.5281505917883,34111.53396199806
52,2020-02-22,2020,False,30.14207650273224,993,0,1004,31361.11030070961,0.0,4599,52,0.0,,,0.1750745538122208,0.1904076506570266,0.3837674522470401,0.9594763343403827,0.1272677658456614,315322.7039619981,0,False,False,True,"{""0"":null,""1"":null,""2"":null,""3"":null}",993.0,52768.0,0.0,36833.0,0.0,36833.0,0.0,31361.11030070961,0.0,0.0,0.0,0.0,34111.53396199806,0.0,0.7049058415298226,0.0,148.0,0.0,0.0,0.0,3223.399999998164,0.0,77.40000000000008,0.0,1841.6499999988728,0.0,0.0,0.0,0.0,0.0,0.0,0.0,368.33000000000004,0.0,18416.5,1.0,4.0,0.0,18784.83000000001,0.0,0.0,0.0,34111.53396199806
53,2020-02-23,2020,False,30.1448087431694,993,0,1004,31361.11030070961,0.0,4599,52,0.0,,,0.1750745538122208,0.1904076506570266,0.3837674522470401,0.9594763343403827,0.07927661861594926,315322.7039619981,0,False,False,True,"{""0"":null,""1"":null,""2"":null,""3"":null}",993.0,53761.0,0.0,36833.0,0.0,36833.0,0.0,31361.11030070961,0.0,0.0,0.0,0.0,34111.53396199806,0.0,0.7049058415298226,0.0,148.0,0.0,0.0,0.0,3223.399999998164,0.0,77.40000000000008,0.0,1841.6499999988728,0.0,0.0,0.0,0.0,0.0,0.0,0.0,368.33000000000004,0.0,18416.5,0.0,4.0,0.0,18784.83000000001,0.0,0.0,0.0,34111.53396199806
54,2020-02-24,2020,True,30.147540983606557,992,992,1004,32205.93727751697,1011.9912460646249,5581,19,0.0,0.8376461310830365,0.1646463928647152,0.17541257725442094,0.19081036066318388,0.38396117730724927,0.9583165322580645,0.10798952066408726,315828.7752080627,0,False,False,True,"{""0"":null,""1"":null,""2"":null,""3"":null}",992.0,54753.0,992.0,37825.0,992.0,37825.0,844.8269768073587,32205.93727751697,844.8269768073587,0.0,0.0,1011.9912460646228,35123.52520806268,0.0,0.7049058415298226,4.0,152.0,0.0,0.0,89.19999999991887,3312.5999999980827,7.800000000000296,85.20000000000037,49.59999999995489,1891.2499999988277,0.0,0.0,0.0,0.0,0.0,0.0,9.920000000000016,378.25000000000006,496.0,18912.5,0.0,4.0,505.91999999999825,19290.750000000007,0.0,0.0,1011.9912460646228,35123.52520806268
55,2020-02-25,2020,True,30.150273224043715,992,992,1004,33050.76425432433,959.3391233315118,5620,29,0.09467671135119714,0.8386582768320245,0.16248768031016492,0.17508754796239273,0.18961635705945085,0.38396117730724927,0.9598286290322581,0.13483033900218175,316282.1943313943,0,False,False,True,"{""0"":null,""1"":null,""2"":null,""3"":null}",992.0,55745.0,992.0,38817.0,992.0,38817.0,844.8269768073587,33050.76425432433,844.8269768073587,0.0,0.0,959.3391233315124,36082.864331394194,0.09467671135119715,0.7995825528810198,4.0,156.0,0.0,0.0,89.19999999991887,3401.7999999980016,0.0,85.20000000000037,49.59999999995489,1940.8499999987826,0.0,0.0,0.0,0.0,0.0,0.0,9.920000000000016,388.1700000000001,496.0,19408.5,0.0,4.0,505.91999999999825,19796.670000000006,0.0,0.0,959.3391233315124,36082.864331394194
56,2020-02-26,2020,True,30.153005464480874,992,992,1004,33895.59123113177,892.3817677064517,5706,48,0.05963917836543468,0.8224883339024113,0.17277039826091414,0.17434447818639537,0.18875413962369364,0.38396117730724927,0.960070564516129,0.15969643180125348,316668.6560991008,0,False,False,True,"{""0"":null,""1"":null,""2"":null,""3"":null}",992.0,56737.0,992.0,39809.0,992.0,39809.0,844.826976807446,33895.59123113177,844.826976807446,0.0,0.0,892.3817677064508,36975.246099100645,0.05963917836543464,0.8592217312464544,4.0,160.0,0.0,0.0,89.19999999991887,3490.9999999979204,0.0,85.20000000000037,49.59999999995489,1990.4499999987374,0.0,0.0,0.0,0.0,0.0,0.0,9.920000000000016,398.0900000000001,496.0,19904.5,0.0,4.0,505.91999999999825,20302.590000000004,0.0,0.0,892.3817677064508,36975.246099100645
57,2020-02-27,2020,True,30.15573770491803,992,992,1004,34740.41820793922,875.7091587207934,5821,44,0.0,0.8346340828902655,0.16610698966194537,0.17429079314163745,0.18814414682918304,0.38396117730724927,0.9600302419354839,0.18271585118365288,317038.4452578216,0,False,False,True,"{""0"":null,""1"":null,""2"":null,""3"":null}",992.0,57729.0,992.0,40801.0,992.0,40801.0,844.826976807446,34740.41820793922,844.826976807446,0.0,0.0,875.7091587207906,37850.955257821435,0.0,0.8592217312464544,4.0,164.0,0.0,0.0,89.19999999991887,3580.1999999978393,2.850000000000108,88.05000000000048,49.59999999995489,2040.0499999986923,0.0,0.0,0.0,0.0,0.0,0.0,9.920000000000016,408.0100000000001,496.0,20400.5,0.0,4.0,505.91999999999825,20808.510000000002,0.0,0.0,875.7091587207906,37850.955257821435
58,2020-02-28,2020,True,30.15846994535519,992,992,1004,35585.245184746665,819.948217841646,5912,49,0.0,0.8306586670568915,0.18370142896752262,0.17400540188597394,0.1876665967906509,0.38396117730724927,0.9601209677419356,0.20376652198262324,317352.4734756632,0,False,False,True,"{""0"":null,""1"":null,""2"":null,""3"":null}",992.0,58721.0,992.0,41793.0,992.0,41793.0,844.826976807446,35585.245184746665,844.826976807446,0.0,0.0,819.9482178416438,38670.90347566308,0.0,0.8592217312464544,4.0,168.0,0.0,0.0,89.19999999991887,3669.399999997758,1.5000000000000568,89.55000000000054,49.600000000144064,2089.6499999988364,0.0,0.0,0.0,0.0,0.0,0.0,9.920000000000016,417.9300000000001,496.0,20896.5,0.0,4.0,505.91999999999825,21314.43,0.0,0.0,819.9482178416438,38670.90347566308
59,2020-02-29,2020,False,30.161202185792348,992,0,1004,35585.245184746665,0.0,5099,49,0.0,,,0.17384627360692942,0.18729751203870512,0.38396117730724927,0.9625806451612903,0.1302987142006733,317352.4734756632,0,False,False,True,"{""0"":null,""1"":null,""2"":null,""3"":null}",992.0,59713.0,0.0,41793.0,0.0,41793.0,0.0,35585.245184746665,0.0,0.0,0.0,0.0,38670.90347566308,0.0,0.8592217312464544,0.0,168.0,0.0,0.0,0.0,3669.399999997758,0.0,89.55000000000054,0.0,2089.6499999988364,0.0,0.0,0.0,0.0,0.0,0.0,0.0,417.9300000000001,0.0,20896.5,0.0,4.0,0.0,21314.43,0.0,0.0,0.0,38670.90347566308
60,2020-03-01,2020,False,30.16393442622951,992,0,1004,35585.245184746665,0.0,5099,49,0.0,,,0.17384627360692942,0.1872975120387051,0.38396117730724927,0.9625806451612903,0.08182396982523726,317352.4734756632,0,False,False,True,"{""0"":null,""1"":null,""2"":null,""3"":null}",992.0,60705.0,0.0,41793.0,0.0,41793.0,0.0,35585.245184746665,0.0,0.0,0.0,0.0,38670.90347566308,0.0,0.8592217312464544,0.0,168.0,0.0,0.0,0.0,3669.399999997758,0.0,89.55000000000054,0.0,2089.6499999988364,0.0,0.0,0.0,0.0,0.0,0.0,0.0,417.9300000000001,0.0,20896.5,0.0,4.0,0.0,21314.43,0.0,0.0,0.0,38670.90347566308
61,2020-03-02,2020,True,30.166666666666668,992,992,1004,36430.07216155411,1013.7435881829095,6066,16,0.4055566682730451,0.8558891436190105,0.14346002129587992,0.17384627360692942,0.1872975120387051,0.38396117730724927,0.9607661290322581,0.11017181444054741,317860.29706384614,0,False,False,True,"{""0"":null,""1"":null,""2"":null,""3"":null}",992.0,61697.0,992.0,42785.0,992.0,42785.0,844.826976807446,36430.07216155411,844.826976807446,0.0,0.0,1013.7435881829078,39684.64706384599,0.40555666827304504,1.2647783995194994,4.0,172.0,0.0,0.0,89.19999999991887,3758.599999997677,7.3500000000002785,96.90000000000082,49.600000000180444,2139.249999999017,0.0,0.0,0.0,0.0,0.0,0.0,9.920000000000016,427.85000000000014,496.0,21392.5,0.0,4.0,505.91999999999825,21820.35,0.0,0.0,1013.7435881829078,39684.64706384599
62,2020-03-03,2020,True,30.169398907103826,991,991,1004,37274.12236594698,952.5629470841245,6139,29,0.0,0.8295103490886624,0.16134078670558452,0.17387441500500717,0.18693580988985287,0.38395057911250263,0.962401614530777,0.13687828352419462,318307.4500109303,0,False,False,True,"{""0"":null,""1"":null,""2"":null,""3"":null}",991.0,62688.0,991.0,43776.0,991.0,43776.0,844.0502043928718,37274.12236594698,844.0502043928718,0.0,0.0,952.5629470841232,40637.21001093011,0.0,1.2647783995194994,4.0,176.0,0.0,0.0,89.09999999991896,3847.699999997596,0.0,96.90000000000082,49.55000000018026,2188.799999999197,0.0,0.0,0.0,0.0,0.0,0.0,9.910000000000025,437.76000000000016,495.5,21888.0,0.0,4.0,505.40999999999985,22325.76,0.0,0.0,952.5629470841232,40637.21001093011
63,2020-03-04,2020,True,30.172131147540984,991,991,1004,38118.172570339855,911.2219693546731,6207,55,0.15364882042874334,0.8203147338043791,0.17606455276879363,0.17341002577472686,0.18630158735546007,0.38395057911250263,0.9627850655903128,0.16165988433049286,318713.261980285,0,False,False,True,"{""0"":null,""1"":null,""2"":null,""3"":null}",991.0,63679.0,991.0,44767.0,991.0,44767.0,844.0502043928718,38118.172570339855,844.0502043928718,0.0,0.0,911.2219693546722,41548.43198028478,0.1536488204287434,1.4184272199482428,4.0,180.0,0.0,0.0,89.09999999991896,3936.799999997515,0.0,96.90000000000082,49.55000000018026,2238.3499999993774,0.0,0.0,0.0,0.0,0.0,0.0,9.910000000000025,447.6700000000002,495.5,22383.5,0.0,4.0,505.40999999999985,22831.17,0.0,0.0,911.2219693546722,41548.43198028478
64,2020-03-05,2020,True,30.174863387978142,992,992,1005,38962.93362404364,852.7973154344317,6327,53,0.0,0.8175170316895111,0.17277301947151733,0.1730042710265014,0.18476860076582347,0.38396117730724927,0.9625856854838709,0.18432460108155216,319059.13929571945,0,False,False,True,"{""0"":null,""1"":null,""2"":null,""3"":null}",992.0,64671.0,992.0,45759.0,992.0,45759.0,844.7610537037835,38962.93362404364,844.7610537037835,0.0,0.0,852.797315434429,42401.22929571921,0.0,1.4184272199482428,4.0,184.0,0.0,0.0,89.19999999991887,4025.999999997434,2.400000000000091,99.3000000000009,49.600000000180444,2287.949999999558,0.0,0.0,0.0,0.0,0.0,0.0,9.920000000000016,457.5900000000002,496.0,22879.5,1.0,5.0,505.91999999999825,23337.089999999997,0.0,0.0,852.797315434429,42401.22929571921
65,2020-03-06,2020,True,30.1775956284153,992,992,1005,39807.69467774742,854.245858796141,6420,53,0.0,0.8024486610409248,0.19671399213869817,0.1725489173491838,0.18401805865324214,0.38396117730724927,0.9628528225806451,0.2052936448250298,319407.4651545156,0,False,False,True,"{""0"":null,""1"":null,""2"":null,""3"":null}",992.0,65663.0,992.0,46751.0,992.0,46751.0,844.7610537037835,39807.69467774742,844.7610537037835,0.0,0.0,854.2458587961446,43255.475154515356,0.0,1.4184272199482428,4.0,188.0,0.0,0.0,89.20000000000573,4115.19999999744,1.950000000000074,101.25000000000098,49.600000000180444,2337.5499999997382,0.0,0.0,0.0,0.0,0.0,0.0,9.920000000000016,467.5100000000002,496.0,23375.5,0.0,5.0,505.91999999999825,23843.009999999995,0.0,0.0,854.2458587961446,43255.475154515356
66,2020-03-07,2020,False,30.18032786885246,993,0,1006,39807.69467774742,0.0,5599,53,0.0,,,0.1723017363709158,0.18296630936775557,0.38389534758192645,0.9649395770392749,0.1310315987550436,319406.4651545156,0,False,False,True,"{""0"":null,""1"":null,""2"":null,""3"":null}",993.0,66656.0,0.0,46751.0,0.0,46751.0,0.0,39807.69467774742,0.0,0.0,0.0,0.0,43255.475154515356,0.0,1.4184272199482428,0.0,188.0,0.0,0.0,0.0,4115.19999999744,0.0,101.25000000000098,0.0,2337.5499999997382,0.0,0.0,0.0,0.0,0.0,0.0,0.0,467.5100000000002,0.0,23375.5,1.0,6.0,0.0,23843.009999999995,0.0,0.0,0.0,43255.475154515356
67,2020-03-08,2020,False,30.183060109289617,993,0,1006,39807.69467774742,0.0,5599,53,0.0,,,0.17230173637091584,0.18296630936775554,0.38389534758192645,0.9649395770392749,0.08212604028391461,319406.4651545156,0,False,False,True,"{""0"":null,""1"":null,""2"":null,""3"":null}",993.0,67649.0,0.0,46751.0,0.0,46751.0,0.0,39807.69467774742,0.0,0.0,0.0,0.0,43255.475154515356,0.0,1.4184272199482428,0.0,188.0,0.0,0.0,0.0,4115.19999999744,0.0,101.25000000000098,0.0,2337.5499999997382,0.0,0.0,0.0,0.0,0.0,0.0,0.0,467.5100000000002,0.0,23375.5,0.0,6.0,0.0,23843.009999999995,0.0,0.0,0.0,43255.475154515356
68,2020-03-09,2020,True,30.185792349726775,993,993,1006,40653.41937211107,1024.4877417535513,6557,24,0.3239563657352933,0.8438536862613049,0.16466181447701445,0.17230173637091584,0.18296630936775557,0.38389534758192645,0.962749244712991,0.11057070378562596,319924.52289626916,0,False,False,True,"{""0"":null,""1"":null,""2"":null,""3"":null}",993.0,68642.0,993.0,47744.0,993.0,47744.0,845.7246943636492,40653.41937211107,845.7246943636492,0.0,0.0,1024.4877417535536,44279.96289626891,0.3239563657352933,1.7423835856835361,4.0,192.0,0.0,0.0,89.30000000032487,4204.4999999977645,7.950000000000301,109.20000000000128,49.650000000180626,2387.199999999919,0.0,0.0,0.0,0.0,0.0,0.0,9.930000000000007,477.4400000000002,496.5,23872.0,0.0,6.0,506.4300000000003,24349.439999999995,0.0,0.0,1024.4877417535536,44279.96289626891
69,2020-03-10,2020,True,30.188524590163933,993,993,1006,41499.14406647472,961.3924526598718,6605,47,0.0413297369332735,0.8570280698345163,0.13108863379697383,0.1722720505185928,0.18279135053045523,0.38389534758192645,0.9631067472306143,0.13701609921245372,320379.48534892907,0,False,False,True,"{""0"":null,""1"":null,""2"":null,""3"":null}",993.0,69635.0,993.0,48737.0,993.0,48737.0,845.7246943636492,41499.14406647472,845.7246943636492,0.0,0.0,961.3924526598712,45241.35534892878,0.041329736933273464,1.7837133226168096,4.0,196.0,0.0,0.0,89.30000000032487,4293.799999998089,0.0,109.20000000000128,49.650000000180626,2436.8500000000995,0.0,0.0,0.0,0.0,0.0,0.0,9.930000000000007,487.37000000000023,496.5,24368.5,0.0,6.0,506.4300000000003,24855.869999999995,0.0,0.0,961.3924526598712,45241.35534892878
70,2020-03-11,2020,True,30.19125683060109,993,993,1006,42344.86876083837,924.8615439852238,6722,59,0.0,0.8317730730942576,0.17565475272895897,0.17194312128722533,0.18201167701608265,0.38389534758192645,0.9635548841893252,0.16158729267489774,320797.9168929143,0,False,False,True,"{""0"":null,""1"":null,""2"":null,""3"":null}",993.0,70628.0,993.0,49730.0,993.0,49730.0,845.7246943636492,42344.86876083837,845.7246943636492,0.0,0.0,924.8615439852219,46166.216892914,0.0,1.7837133226168096,4.0,200.0,0.0,0.0,89.30000000032487,4383.099999998414,0.0,109.20000000000128,49.650000000180626,2486.50000000028,0.0,0.0,0.0,0.0,0.0,0.0,9.930000000000007,497.30000000000024,496.5,24865.0,0.0,6.0,506.4300000000003,25362.299999999996,0.0,0.0,924.8615439852219,46166.216892914
71,2020-03-12,2020,True,30.193989071038253,993,993,1006,43190.59345520202,878.0934118384675,6834,52,0.0,0.8439269845478296,0.15070325295430165,0.17155991645180846,0.18136765379145947,0.38389534758192645,0.963595166163142,0.18428182305269833,321169.58030475274,0,False,False,True,"{""0"":null,""1"":null,""2"":null,""3"":null}",993.0,71621.0,993.0,50723.0,993.0,50723.0,845.7246943636492,43190.59345520202,845.7246943636492,0.0,0.0,878.0934118384685,47044.31030475247,0.0,1.7837133226168096,4.0,204.0,0.0,0.0,89.30000000032487,4472.399999998739,3.6000000000001364,112.80000000000142,49.650000000180626,2536.1500000004608,0.0,0.0,0.0,0.0,0.0,0.0,9.930000000000007,507.23000000000025,496.5,25361.5,0.0,6.0,506.4300000000003,25868.729999999996,0.0,0.0,878.0934118384685,47044.31030475247
72,2020-03-13,2020,True,30.19672131147541,993,993,1006,44036.31814956567,831.0918573550664,6934,50,0.0,0.8147171092624383,0.2011139086558024,0.17107383575289997,0.18078391698423102,0.38389534758192645,0.9635599194360523,0.2051972436423442,321494.24216210784,0,False,False,True,"{""0"":null,""1"":null,""2"":null,""3"":null}",993.0,72614.0,993.0,51716.0,993.0,51716.0,845.7246943636492,44036.31814956567,845.7246943636492,0.0,0.0,831.0918573550662,47875.40216210754,0.0,1.7837133226168096,4.0,208.0,0.0,0.0,89.30000000032487,4561.699999999064,3.4500000000001307,116.25000000000155,49.650000000180626,2585.8000000006414,0.0,0.0,0.0,0.0,0.0,0.0,9.92999999999995,517.1600000000002,496.5,25858.0,0.0,6.0,506.4300000000003,26375.159999999996,0.0,0.0,831.0918573550662,47875.40216210754
73,2020-03-14,2020,False,30.19945355191257,993,0,1006,44036.31814956567,0.0,6099,50,0.0,,,0.17107699978680618,0.1805221120799233,0.38389534758192645,0.9657653575025176,0.1305466855875058,321494.24216210784,0,False,False,True,"{""0"":null,""1"":null,""2"":null,""3"":null}",993.0,73607.0,0.0,51716.0,0.0,51716.0,0.0,44036.31814956567,0.0,0.0,0.0,0.0,47875.40216210754,0.0,1.7837133226168096,0.0,208.0,0.0,0.0,0.0,4561.699999999064,0.0,116.25000000000155,0.0,2585.8000000006414,0.0,0.0,0.0,0.0,0.0,0.0,0.0,517.1600000000002,0.0,25858.0,0.0,6.0,0.0,26375.159999999996,0.0,0.0,0.0,47875.40216210754
74,2020-03-15,2020,False,30.202185792349727,993,0,1006,44036.31814956567,0.0,6099,50,0.0,,,0.17107699978680618,0.18052211207992327,0.38389534758192645,0.9657653575025176,0.08121867561082645,321494.24216210784,0,False,False,True,"{""0"":null,""1"":null,""2"":null,""3"":null}",993.0,74600.0,0.0,51716.0,0.0,51716.0,0.0,44036.31814956567,0.0,0.0,0.0,0.0,47875.40216210754,0.0,1.7837133226168096,0.0,208.0,0.0,0.0,0.0,4561.699999999064,0.0,116.25000000000155,0.0,2585.8000000006414,0.0,0.0,0.0,0.0,0.0,0.0,0.0,517.1600000000002,0.0,25858.0,0.0,6.0,0.0,26375.159999999996,0.0,0.0,0.0,47875.40216210754
75,2020-03-16,2020,True,30.204918032786885,993,993,1006,44882.04284392932,1027.0605653739897,7043,18,0.2582025989618932,0.8449107255717397,0.15294686392100085,0.17107699978680618,0.18052211207992327,0.38389534758192645,0.9633081570996979,0.10961172804458166,322014.8727274818,0,False,False,True,"{""0"":null,""1"":null,""2"":null,""3"":null}",993.0,75593.0,993.0,52709.0,993.0,52709.0,845.7246943636492,44882.04284392932,845.7246943636492,0.0,0.0,1027.0605653739913,48902.46272748153,0.258202598961893,2.0419159215787026,4.0,212.0,0.0,0.0,89.30000000032487,4650.999999999389,7.500000000000284,123.75000000000183,49.650000000180626,2635.450000000822,0.0,0.0,0.0,0.0,0.0,0.0,9.92999999999995,527.0900000000001,496.5,26354.5,0.0,6.0,506.4300000000003,26881.589999999997,0.0,0.0,1027.0605653739913,48902.46272748153
76,2020-03-17,2020,True,30.207650273224044,993,993,1006,45727.76753829297,966.1468164980256,7118,30,0.0,0.8398907108124283,0.15990596950306335,0.17080159457155963,0.17987475923948265,0.38389534758192645,0.9640684793554885,0.13598215293963595,322474.58954397985,0,False,False,True,"{""0"":null,""1"":null,""2"":null,""3"":null}",993.0,76586.0,993.0,53702.0,993.0,53702.0,845.7246943636492,45727.76753829297,845.7246943636492,0.0,0.0,966.1468164980251,49868.60954397955,0.0,2.0419159215787026,4.0,216.0,0.0,0.0,89.30000000032487,4740.299999999714,0.0,123.75000000000183,49.650000000180626,2685.1000000010026,0.0,0.0,0.0,0.0,0.0,0.0,9.92999999999995,537.0200000000001,496.5,26851.0,0.0,6.0,506.4300000000003,27388.019999999997,0.0,0.0,966.1468164980251,49868.60954397955
77,2020-03-18,2020,True,30.2103825136612,993,993,1006,46573.492232656616,921.0264029833272,7213,50,0.0,0.827700232168061,0.17163966562948152,0.1703465978979688,0.17945984987112448,0.38389534758192645,0.9643303121852971,0.16057934096659957,322889.1859469632,0,False,False,True,"{""0"":null,""1"":null,""2"":null,""3"":null}",993.0,77579.0,993.0,54695.0,993.0,54695.0,845.7246943636492,46573.492232656616,845.7246943636492,0.0,0.0,921.026402983327,50789.63594696288,0.0,2.0419159215787026,4.0,220.0,0.0,0.0,89.30000000032487,4829.600000000039,0.0,123.75000000000183,49.650000000180626,2734.7500000011833,0.0,0.0,0.0,0.0,0.0,0.0,9.92999999999995,546.95,496.5,27347.5,0.0,6.0,506.4300000000003,27894.449999999997,0.0,0.0,921.026402983327,50789.63594696288
78,2020-03-19,2020,True,30.21311475409836,993,993,1006,47419.216927020265,898.7423355671953,7332,47,0.0,0.8308625975758854,0.17357670769584677,0.17031299590742763,0.1792608941255754,0.38389534758192645,0.964662638469285,0.18331500047825777,323281.4982825304,0,False,False,True,"{""0"":null,""1"":null,""2"":null,""3"":null}",993.0,78572.0,993.0,55688.0,993.0,55688.0,845.7246943636492,47419.216927020265,845.7246943636492,0.0,0.0,898.7423355671926,51688.37828253007,0.0,2.0419159215787026,4.0,224.0,0.0,0.0,89.30000000032487,4918.900000000363,2.7000000000001023,126.45000000000194,49.650000000180626,2784.400000001364,0.0,0.0,0.0,0.0,0.0,0.0,9.92999999999995,556.88,496.5,27844.0,0.0,6.0,506.4300000000003,28400.879999999997,0.0,0.0,898.7423355671926,51688.37828253007
79,2020-03-20,2020,True,30.215846994535518,993,993,1006,48264.941621383914,851.333330174106,7419,58,0.0,0.8097498882823969,0.19485221044654577,0.1697529659111066,0.17841293400946245,0.38389534758192645,0.9646928499496474,0.20434408494385314,323626.4016127045,0,False,False,True,"{""0"":null,""1"":null,""2"":null,""3"":null}",993.0,79565.0,993.0,56681.0,993.0,56681.0,845.7246943636492,48264.941621383914,845.7246943636492,0.0,0.0,851.3333301741077,52539.71161270418,0.0,2.0419159215787026,4.0,228.0,0.0,0.0,89.30000000032487,5008.200000000688,1.800000000000054,128.250000000002,49.650000000180626,2834.0500000015445,0.0,0.0,0.0,0.0,0.0,0.0,9.92999999999995,566.81,496.5,28340.5,0.0,6.0,506.4300000000003,28907.309999999998,0.0,0.0,851.3333301741077,52539.71161270418
80,2020-03-21,2020,False,30.218579234972676,993,0,1006,48264.941621383914,0.0,6599,58,0.0,,,0.16995998207792165,0.17782539705233383,0.38389534758192645,0.9668630412890232,0.12953403967906799,323626.4016127045,0,False,False,True,"{""0"":null,""1"":null,""2"":null,""3"":null}",993.0,80558.0,0.0,56681.0,0.0,56681.0,0.0,48264.941621383914,0.0,0.0,0.0,0.0,52539.71161270418,0.0,2.0419159215787026,0.0,228.0,0.0,0.0,0.0,5008.200000000688,0.0,128.250000000002,0.0,2834.0500000015445,0.0,0.0,0.0,0.0,0.0,0.0,0.0,566.81,0.0,28340.5,0.0,6.0,0.0,28907.309999999998,0.0,0.0,0.0,52539.71161270418
81,2020-03-22,2020,False,30.221311475409838,993,0,1006,48264.941621383914,0.0,6599,58,0.0,,,0.16995998207792165,0.17782539705233383,0.38389534758192645,0.9668630412890232,0.0799265536698648,323626.4016127045,0,False,False,True,"{""0"":null,""1"":null,""2"":null,""3"":null}",993.0,81551.0,0.0,56681.0,0.0,56681.0,0.0,48264.941621383914,0.0,0.0,0.0,0.0,52539.71161270418,0.0,2.0419159215787026,0.0,228.0,0.0,0.0,0.0,5008.200000000688,0.0,128.250000000002,0.0,2834.0500000015445,0.0,0.0,0.0,0.0,0.0,0.0,0.0,566.81,0.0,28340.5,0.0,6.0,0.0,28907.309999999998,0.0,0.0,0.0,52539.71161270418
82,2020-03-23,2020,True,30.224043715846996,993,993,1006,49110.66631574756,1028.1753245349494,7576,11,0.0,0.8459106931841248,0.1558328368378387,0.16995998207792165,0.17782539705233383,0.38389534758192645,0.9650100704934542,0.10851347770190516,324148.14693723945,0,False,False,True,"{""0"":null,""1"":null,""2"":null,""3"":null}",993.0,82544.0,993.0,57674.0,993.0,57674.0,845.7246943636492,49110.66631574756,845.7246943636492,0.0,0.0,1028.1753245349464,53567.88693723913,0.0,2.0419159215787026,4.0,232.0,0.0,0.0,89.30000000032487,5097.500000001013,8.70000000000033,136.95000000000232,49.650000000180626,2883.700000001725,0.0,0.0,0.0,0.0,0.0,0.0,9.92999999999995,576.7399999999999,496.5,28837.0,0.0,6.0,506.4300000000003,29413.739999999998,0.0,0.0,1028.1753245349464,53567.88693723913
83,2020-03-24,2020,True,30.226775956284154,992,992,1006,49955.494255291516,982.2738629504857,7600,31,0.0,0.8447853219066681,0.14563725957736487,0.16945406542465485,0.17759327239680256,0.3836472553202913,0.9651764112903226,0.1347222229562995,324624.50080018997,0,False,False,True,"{""0"":null,""1"":null,""2"":null,""3"":null}",992.0,83536.0,992.0,58666.0,992.0,58666.0,844.8279395439531,49955.494255291516,844.8279395439531,0.0,0.0,982.2738629504893,54550.16080018962,0.0,2.0419159215787026,4.0,236.0,0.0,0.0,89.20000000032451,5186.700000001338,0.0,136.95000000000232,49.600000000180444,2933.3000000019056,0.0,0.0,0.0,0.0,0.0,0.0,9.919999999999959,586.6599999999999,496.0,29333.0,0.0,6.0,505.91999999999825,29919.659999999996,0.0,0.0,982.2738629504893,54550.16080018962
84,2020-03-25,2020,True,30.229508196721312,992,992,1006,50800.32219483547,928.671718769069,7725,51,0.02401087931052714,0.8256360134281412,0.18149144403037043,0.16944622378097202,0.17748674786928356,0.3836472553202913,0.9654032258064515,0.1593019944153857,325047.25251895905,0,False,False,True,"{""0"":null,""1"":null,""2"":null,""3"":null}",992.0,84528.0,992.0,59658.0,992.0,59658.0,844.8279395439531,50800.32219483547,844.8279395439531,0.0,0.0,928.6717187690665,55478.83251895868,0.024010879310527145,2.0659268008892298,4.0,240.0,0.0,0.0,89.20000000032451,5275.900000001662,0.0,136.95000000000232,49.600000000180444,2982.900000002086,0.0,0.0,0.0,0.0,0.0,0.0,9.919999999999959,596.5799999999998,496.0,29829.0,0.0,6.0,505.91999999999825,30425.579999999994,0.0,0.0,928.6717187690665,55478.83251895868
85,2020-03-26,2020,True,30.23224043715847,992,992,1006,51645.15013437942,915.0938152198538,7832,55,0.0,0.800405602427996,0.18608883885894548,0.16927930805120422,0.17707133676847758,0.3836472553202913,0.9656703629032258,0.18206905597282763,325456.42633417895,0,False,False,True,"{""0"":null,""1"":null,""2"":null,""3"":null}",992.0,85520.0,992.0,60650.0,992.0,60650.0,844.8279395439531,51645.15013437942,844.8279395439531,0.0,0.0,915.0938152198505,56393.92633417853,0.0,2.0659268008892298,4.0,244.0,0.0,0.0,89.20000000032451,5365.100000001987,1.6500000000000625,138.60000000000238,49.600000000180444,3032.5000000022665,0.0,0.0,0.0,0.0,0.0,0.0,9.919999999999959,606.4999999999998,496.0,30325.0,0.0,6.0,505.91999999999825,30931.499999999993,0.0,0.0,915.0938152198505,56393.92633417853
86,2020-03-27,2020,True,30.23497267759563,992,992,1006,52489.978073923376,865.4435679590471,7931,48,0.0,0.8255872353197562,0.16180969745454832,0.16904524395592185,0.17685064110568147,0.3836472553202913,0.9656199596774193,0.20324068808884338,325815.94990213803,0,False,False,True,"{""0"":null,""1"":null,""2"":null,""3"":null}",992.0,86512.0,992.0,61642.0,992.0,61642.0,844.8279395439531,52489.978073923376,844.8279395439531,0.0,0.0,865.443567959046,57259.36990213758,0.0,2.0659268008892298,4.0,248.0,0.0,0.0,89.20000000032451,5454.300000002311,3.0000000000001137,141.6000000000025,49.600000000180444,3082.100000002447,0.0,0.0,0.0,0.0,0.0,0.0,9.919999999999959,616.4199999999997,496.0,30821.0,0.0,6.0,505.91999999999825,31437.41999999999,0.0,0.0,865.443567959046,57259.36990213758
87,2020-03-28,2020,False,30.237704918032787,992,0,1006,52489.978073923376,0.0,7099,48,0.0,,,0.16869771534835626,0.17615053722610152,0.3836472553202913,0.9674042338709677,0.12802192472138882,325815.94990213803,0,False,False,True,"{""0"":null,""1"":null,""2"":null,""3"":null}",992.0,87504.0,0.0,61642.0,0.0,61642.0,0.0,52489.978073923376,0.0,0.0,0.0,0.0,57259.36990213758,0.0,2.0659268008892298,0.0,248.0,0.0,0.0,0.0,5454.300000002311,0.0,141.6000000000025,0.0,3082.100000002447,0.0,0.0,0.0,0.0,0.0,0.0,0.0,616.4199999999997,0.0,30821.0,0.0,6.0,0.0,31437.41999999999,0.0,0.0,0.0,57259.36990213758
88,2020-03-29,2020,False,30.240437158469945,992,0,1006,52489.978073923376,0.0,7099,48,0.0,,,0.16869771534835626,0.17615053722610152,0.3836472553202913,0.9674042338709677,0.07822534873253785,325815.94990213803,0,False,False,True,"{""0"":null,""1"":null,""2"":null,""3"":null}",992.0,88496.0,0.0,61642.0,0.0,61642.0,0.0,52489.978073923376,0.0,0.0,0.0,0.0,57259.36990213758,0.0,2.0659268008892298,0.0,248.0,0.0,0.0,0.0,5454.300000002311,0.0,141.6000000000025,0.0,3082.100000002447,0.0,0.0,0.0,0.0,0.0,0.0,0.0,616.4199999999997,0.0,30821.0,0.0,6.0,0.0,31437.41999999999,0.0,0.0,0.0,57259.36990213758
89,2020-03-30,2020,True,30.243169398907103,992,992,1006,53334.80601346733,1031.1385419763085,8052,21,0.0,0.8467240714195426,0.1514806582967811,0.16869771534835623,0.17615053722610152,0.3836472553202913,0.965383064516129,0.10692228902457813,326341.16844411433,0,False,False,True,"{""0"":null,""1"":null,""2"":null,""3"":null}",992.0,89488.0,992.0,62634.0,992.0,62634.0,844.8279395439531,53334.80601346733,844.8279395439531,0.0,0.0,1031.13854197631,58290.50844411389,0.0,2.0659268008892298,4.0,252.0,0.0,0.0,89.20000000032451,5543.500000002636,7.200000000000273,148.80000000000277,49.600000000180444,3131.7000000026273,0.0,0.0,0.0,0.0,0.0,0.0,9.919999999999959,626.3399999999997,496.0,31317.0,0.0,6.0,505.91999999999825,31943.33999999999,0.0,0.0,1031.13854197631,58290.50844411389
90,2020-03-31,2020,True,30.24590163934426,991,991,1006,54178.71770680825,995.630912995597,8090,36,0.0,0.8556794436463366,0.1379492920952581,0.16849724375626857,0.17577170516976057,0.3833991630586562,0.9649596367305752,0.13346475637889918,326831.38935710996,0,False,False,True,"{""0"":null,""1"":null,""2"":null,""3"":null}",991.0,90479.0,991.0,63625.0,991.0,63625.0,843.9116933409241,54178.71770680825,843.9116933409241,0.0,0.0,995.6309129955989,59286.13935710949,0.0,2.0659268008892298,4.0,256.0,0.0,0.0,89.10000000032414,5632.60000000296,0.0,148.80000000000277,49.55000000018026,3181.2500000028076,0.0,0.0,0.0,0.0,0.0,0.0,9.909999999999968,636.2499999999997,495.5,31812.5,0.0,6.0,505.40999999999985,32448.74999999999,0.0,0.0,995.6309129955989,59286.13935710949
91,2020-04-01,2020,True,30.24863387978142,991,991,1006,55022.62940014918,839.0907601866589,8215,57,0.0,0.84056255713726,0.15113999486856533,0.16820964073847217,0.17513783708775937,0.3833991630586562,0.9648890010090818,0.1581998899971024,327165.07011729665,0,False,False,True,"{""0"":null,""1"":null,""2"":null,""3"":null}",991.0,91470.0,991.0,64616.0,991.0,64616.0,843.9116933409241,55022.62940014918,843.9116933409241,0.0,0.0,839.0907601866566,60125.230117296145,0.0,2.0659268008892298,4.0,260.0,0.0,0.0,89.10000000032414,5721.700000003284,0.0,148.80000000000277,49.55000000018026,3230.800000002988,0.0,0.0,0.0,0.0,0.0,0.0,9.909999999999968,646.1599999999996,495.5,32308.0,0.0,6.0,505.40999999999985,32954.15999999999,0.0,0.0,839.0907601866566,60125.230117296145
92,2020-04-02,2020,True,30.25136612021858,991,991,1006,55866.5410934901,818.1162266427659,8349,53,0.0,0.8092921509729659,0.19106255685396406,0.16820645247837573,0.17504887995591775,0.3833991630586562,0.9658224016145308,0.18097783287051045,327477.7763439394,0,False,False,True,"{""0"":null,""1"":null,""2"":null,""3"":null}",991.0,92461.0,991.0,65607.0,991.0,65607.0,843.9116933409241,55866.5410934901,843.9116933409241,0.0,0.0,818.1162266427636,60943.34634393891,0.0,2.0659268008892298,4.0,264.0,0.0,0.0,89.10000000032414,5810.800000003608,3.1500000000001194,151.9500000000029,49.55000000018026,3280.350000003168,0.0,0.0,0.0,0.0,0.0,0.0,9.909999999999968,656.0699999999996,495.5,32803.5,0.0,6.0,505.4100000000035,33459.56999999999,0.0,0.0,818.1162266427636,60943.34634393891
93,2020-04-03,2020,True,30.25409836065574,990,990,1006,56709.67067403139,785.5010525012308,8450,51,0.0,0.8141120869792347,0.1896380006064423,0.1682562891775108,0.17516652863203433,0.38346499278397894,0.9662979797979798,0.20231138096676016,327758.3773964406,0,False,False,True,"{""0"":null,""1"":null,""2"":null,""3"":null}",990.0,93451.0,990.0,66597.0,990.0,66597.0,843.1295805412883,56709.67067403139,843.1295805412883,0.0,0.0,785.5010525012331,61728.84739644014,0.0,2.0659268008892298,4.0,268.0,0.0,0.0,89.00000000032378,5899.800000003932,2.2500000000000853,154.20000000000297,49.50000000018008,3329.850000003348,0.0,0.0,0.0,0.0,0.0,0.0,9.899999999999977,665.9699999999996,495.0,33298.5,0.0,6.0,504.90000000000146,33964.469999999994,0.0,0.0,785.5010525012331,61728.84739644014
94,2020-04-04,2020,False,30.256830601092897,990,0,1006,56709.67067403139,0.0,7599,51,0.0,,,0.16835398405952795,0.17495858347401655,0.38346499278397894,0.9680707070707071,0.12708898687690467,327758.3773964406,0,False,False,True,"{""0"":null,""1"":null,""2"":null,""3"":null}",990.0,94441.0,0.0,66597.0,0.0,66597.0,0.0,56709.67067403139,0.0,0.0,0.0,0.0,61728.84739644014,0.0,2.0659268008892298,0.0,268.0,0.0,0.0,0.0,5899.800000003932,0.0,154.20000000000297,0.0,3329.850000003348,0.0,0.0,0.0,0.0,0.0,0.0,0.0,665.9699999999996,0.0,33298.5,0.0,6.0,0.0,33964.469999999994,0.0,0.0,0.0,61728.84739644014
95,2020-04-05,2020,False,30.259562841530055,990,0,1006,56709.67067403139,0.0,7599,51,0.0,,,0.16835398405952795,0.17495858347401658,0.38346499278397894,0.9680707070707071,0.07710356748858534,327758.3773964406,0,False,False,True,"{""0"":null,""1"":null,""2"":null,""3"":null}",990.0,95431.0,0.0,66597.0,0.0,66597.0,0.0,56709.67067403139,0.0,0.0,0.0,0.0,61728.84739644014,0.0,2.0659268008892298,0.0,268.0,0.0,0.0,0.0,5899.800000003932,0.0,154.20000000000297,0.0,3329.850000003348,0.0,0.0,0.0,0.0,0.0,0.0,0.0,665.9699999999996,0.0,33298.5,0.0,6.0,0.0,33964.469999999994,0.0,0.0,0.0,61728.84739644014
96,2020-04-06,2020,True,30.262295081967213,990,990,1006,57552.80025457268,942.7922249022831,8562,13,0.0,0.8444723782160115,0.157305880157675,0.16835398405952795,0.17495858347401655,0.38346499278397894,0.9661515151515152,0.10586182024842303,328196.2696213429,0,False,False,True,"{""0"":null,""1"":null,""2"":null,""3"":null}",990.0,96421.0,990.0,67587.0,990.0,67587.0,843.1295805412883,57552.80025457268,843.1295805412883,0.0,0.0,942.7922249022813,62671.63962134242,0.0,2.0659268008892298,4.0,272.0,0.0,0.0,89.00000000032378,5988.800000004256,7.65000000000029,161.85000000000326,49.50000000018008,3379.3500000035283,0.0,0.0,0.0,0.0,0.0,0.0,9.899999999999977,675.8699999999995,495.0,33793.5,0.0,6.0,504.90000000000146,34469.369999999995,0.0,0.0,942.7922249022813,62671.63962134242
97,2020-04-07,2020,True,30.26502732240437,990,990,1006,58395.929835113966,892.8994322366709,8602,26,0.1444682581337326,0.8504881154499151,0.1495731579315653,0.16832116750121537,0.17480307208219245,0.38346499278397894,0.966010101010101,0.13263816423964278,328584.26905357954,0,False,False,True,"{""0"":null,""1"":null,""2"":null,""3"":null}",990.0,97411.0,990.0,68577.0,990.0,68577.0,843.1295805412883,58395.929835113966,843.1295805412883,0.0,0.0,892.8994322366707,63564.539053579094,0.14446825813373243,2.210395059022962,4.0,276.0,0.0,0.0,89.00000000032378,6077.8000000045795,0.0,161.85000000000326,49.50000000018008,3428.8500000037084,0.0,0.0,0.0,0.0,0.0,0.0,9.899999999999977,685.7699999999995,495.0,34288.5,0.0,6.0,504.90000000000146,34974.27,0.0,0.0,892.8994322366707,63564.539053579094
98,2020-04-08,2020,True,30.26775956284153,990,990,1006,59239.059415655254,847.4774143213634,8717,44,0.1553404551749372,0.8394320556353663,0.16384146199239613,0.1678054354469204,0.17427881743497237,0.38346499278397894,0.9656565656565657,0.15748738250246133,328926.8464679009,0,False,False,True,"{""0"":null,""1"":null,""2"":null,""3"":null}",990.0,98401.0,990.0,69567.0,990.0,69567.0,843.1295805412883,59239.059415655254,843.1295805412883,0.0,0.0,847.4774143213654,64412.01646790046,0.1553404551749371,2.3657355141978993,4.0,280.0,0.0,0.0,89.00000000032378,6166.800000004903,0.0,161.85000000000326,49.50000000018008,3478.3500000038885,0.0,0.0,0.0,0.0,0.0,0.0,9.899999999999977,695.6699999999995,495.0,34783.5,0.0,6.0,504.90000000000146,35479.17,0.0,0.0,847.4774143213654,64412.01646790046
99,2020-04-09,2020,True,30.270491803278688,991,991,1007,60082.967590012486,815.070042432213,8831,52,0.2392586215614117,0.7850618714901397,0.2204009516478903,0.16773630541620055,0.17335832722108663,0.3833991630586562,0.9652825428859738,0.1803249256731699,329235.50651033316,0,False,False,True,"{""0"":null,""1"":null,""2"":null,""3"":null}",991.0,99392.0,991.0,70558.0,991.0,70558.0,843.9081743572315,60082.967590012486,843.9081743572315,0.0,0.0,815.0700424322131,65227.08651033267,0.23925862156141164,2.604994135759311,4.0,284.0,0.0,0.0,89.10000000032414,6255.900000005227,1.950000000000074,163.80000000000334,49.55000000018026,3527.9000000040687,0.0,0.0,0.0,0.0,0.0,0.0,9.909999999999968,705.5799999999995,495.5,35279.0,1.0,7.0,505.4100000000035,35984.58,0.0,0.0,815.0700424322131,65227.08651033267
100,2020-04-10,2020,True,30.273224043715846,991,991,1007,60926.87576436972,784.2173022926964,8939,48,0.0,0.8032356014104741,0.2047535745107643,0.1675336190084881,0.17323890849961773,0.3833991630586562,0.9656155398587285,0.20142612136118684,329514.3138126259,0,False,False,True,"{""0"":null,""1"":null,""2"":null,""3"":null}",991.0,100383.0,991.0,71549.0,991.0,71549.0,843.9081743572315,60926.87576436972,843.9081743572315,0.0,0.0,784.2173022926945,66011.30381262537,0.0,2.604994135759311,4.0,288.0,0.0,0.0,89.10000000032414,6345.000000005552,1.950000000000074,165.7500000000034,49.55000000018026,3577.450000004249,0.0,0.0,0.0,0.0,0.0,0.0,9.909999999999968,715.4899999999994,495.5,35774.5,0.0,7.0,505.4100000000035,36489.990000000005,0.0,0.0,784.2173022926945,66011.30381262537
101,2020-04-11,2020,False,30.275956284153004,991,0,1007,60926.87576436972,0.0,8099,48,0.0,,,0.16754263846501655,0.17303066827345887,0.3833991630586562,0.9672855701311807,0.12600340189931236,329514.3138126259,0,False,False,True,"{""0"":null,""1"":null,""2"":null,""3"":null}",991.0,101374.0,0.0,71549.0,0.0,71549.0,0.0,60926.87576436972,0.0,0.0,0.0,0.0,66011.30381262537,0.0,2.604994135759311,0.0,288.0,0.0,0.0,0.0,6345.000000005552,0.0,165.7500000000034,0.0,3577.450000004249,0.0,0.0,0.0,0.0,0.0,0.0,0.0,715.4899999999994,0.0,35774.5,0.0,7.0,0.0,36489.990000000005,0.0,0.0,0.0,66011.30381262537
102,2020-04-12,2020,False,30.278688524590162,991,0,1007,60926.87576436972,0.0,8099,48,0.0,,,0.16754263846501655,0.1730306682734589,0.3833991630586562,0.9672855701311807,0.07606031375607257,329514.3138126259,0,False,False,True,"{""0"":null,""1"":null,""2"":null,""3"":null}",991.0,102365.0,0.0,71549.0,0.0,71549.0,0.0,60926.87576436972,0.0,0.0,0.0,0.0,66011.30381262537,0.0,2.604994135759311,0.0,288.0,0.0,0.0,0.0,6345.000000005552,0.0,165.7500000000034,0.0,3577.450000004249,0.0,0.0,0.0,0.0,0.0,0.0,0.0,715.4899999999994,0.0,35774.5,0.0,7.0,0.0,36489.990000000005,0.0,0.0,0.0,66011.30381262537
103,2020-04-13,2020,True,30.281420765027324,991,991,1007,61770.78393872695,956.4207465356271,9050,17,0.0,0.8597565952722999,0.1322224943437595,0.16754263846501655,0.1730306682734589,0.3833991630586562,0.9651765893037336,0.10480883037627693,329965.32455916156,0,False,False,True,"{""0"":null,""1"":null,""2"":null,""3"":null}",991.0,103356.0,991.0,72540.0,991.0,72540.0,843.9081743572315,61770.78393872695,843.9081743572315,0.0,0.0,956.4207465356303,66967.724559161,0.0,2.604994135759311,4.0,292.0,0.0,0.0,89.10000000032414,6434.100000005876,7.200000000000273,172.95000000000368,49.55000000018026,3627.0000000044292,0.0,0.0,0.0,0.0,0.0,0.0,9.909999999999968,725.3999999999994,495.5,36270.0,0.0,7.0,505.4100000000035,36995.40000000001,0.0,0.0,956.4207465356303,66967.724559161
104,2020-04-14,2020,True,30.284153005464482,987,987,1007,62611.30030929955,915.9467859516585,9098,35,0.0,0.8287663342220466,0.16305939356785815,0.16730830965056048,0.17327549048587346,0.38358605403987794,0.9653242147922999,0.13163719884693245,330377.90134511323,0,False,False,True,"{""0"":null,""1"":null,""2"":null,""3"":null}",987.0,104343.0,987.0,73527.0,987.0,73527.0,840.5163705726009,62611.30030929955,840.5163705726009,0.0,0.0,915.946785951659,67883.67134511266,0.0,2.604994135759311,4.0,296.0,0.0,0.0,88.70000000032269,6522.800000006198,0.0,172.95000000000368,49.350000000179534,3676.350000004609,0.0,0.0,0.0,0.0,0.0,0.0,9.870000000000005,735.2699999999994,493.5,36763.5,0.0,7.0,503.3700000000026,37498.77000000001,0.0,0.0,915.946785951659,67883.67134511266
105,2020-04-15,2020,True,30.28688524590164,987,987,1007,63451.81667987215,857.1103748452177,9180,55,0.0,0.8409326552779698,0.17226728284447795,0.16731127068937549,0.17326839536821195,0.38358605403987794,0.9642857142857143,0.15653107321441256,330731.64171995845,0,False,False,True,"{""0"":null,""1"":null,""2"":null,""3"":null}",987.0,105330.0,987.0,74514.0,987.0,74514.0,840.5163705726009,63451.81667987215,840.5163705726009,0.0,0.0,857.1103748452151,68740.78171995787,0.0,2.604994135759311,4.0,300.0,0.0,0.0,88.70000000032269,6611.500000006521,0.0,172.95000000000368,49.350000000179534,3725.7000000047883,0.0,0.0,0.0,0.0,0.0,0.0,9.870000000000005,745.1399999999994,493.5,37257.0,0.0,7.0,503.3700000000026,38002.140000000014,0.0,0.0,857.1103748452151,68740.78171995787
106,2020-04-16,2020,True,30.2896174863388,987,987,1007,64292.33305044475,817.4128950179905,9305,63,0.40595404763292303,0.8156207827260459,0.17742148448552297,0.16742659376065597,0.17317394485612733,0.38358605403987794,0.9638753799392098,0.1794113317374071,331045.68461497646,0,False,False,True,"{""0"":null,""1"":null,""2"":null,""3"":null}",987.0,106317.0,987.0,75501.0,987.0,75501.0,840.5163705726009,64292.33305044475,840.5163705726009,0.0,0.0,817.4128950179875,69558.19461497586,0.40595404763292287,3.010948183392234,4.0,304.0,0.0,0.0,88.70000000032269,6700.200000006844,2.5500000000000966,175.50000000000378,49.350000000179534,3775.050000004968,0.0,0.0,0.0,0.0,0.0,0.0,9.870000000000005,755.0099999999994,493.5,37750.5,0.0,7.0,503.3700000000026,38505.51000000002,0.0,0.0,817.4128950179875,69558.19461497586
107,2020-04-17,2020,True,30.292349726775956,986,986,1007,65132.103049119345,790.0454037084382,9424,64,0.0,0.8175163182681979,0.18219363638947045,0.16766493487361148,0.17321488788647266,0.38378295392955547,0.9640010141987829,0.20073596704406954,331332.8700186849,0,False,False,True,"{""0"":null,""1"":null,""2"":null,""3"":null}",986.0,107303.0,986.0,76487.0,986.0,76487.0,839.7699986745938,65132.103049119345,839.7699986745938,0.0,0.0,790.0454037084419,70348.2400186843,0.0,3.010948183392234,4.0,308.0,0.0,0.0,88.60000000032232,6788.800000007166,2.7000000000001023,178.20000000000388,49.30000000017935,3824.350000005147,0.0,0.0,0.0,0.0,0.0,0.0,9.860000000000014,764.8699999999994,493.0,38243.5,0.0,7.0,502.8600000000006,39008.37000000002,0.0,0.0,790.0454037084419,70348.2400186843
108,2020-04-18,2020,False,30.295081967213115,984,0,1007,65132.103049119345,0.0,8599,64,0.0,,,0.16723738540561975,0.17273309828817557,0.3835976892658047,0.9661483739837398,0.12521067168052377,331332.8700186849,0,False,False,True,"{""0"":null,""1"":null,""2"":null,""3"":null}",984.0,108287.0,0.0,76487.0,0.0,76487.0,0.0,65132.103049119345,0.0,0.0,0.0,0.0,70348.2400186843,0.0,3.010948183392234,0.0,308.0,0.0,0.0,0.0,6788.800000007166,0.0,178.20000000000388,0.0,3824.350000005147,0.0,0.0,0.0,0.0,0.0,0.0,0.0,764.8699999999994,0.0,38243.5,0.0,7.0,0.0,39008.37000000002,0.0,0.0,0.0,70348.2400186843
109,2020-04-19,2020,False,30.297814207650273,985,0,1008,65132.103049119345,0.0,8599,64,0.0,,,0.1672023504319365,0.17185475792646976,0.38353082250930176,0.9658781725888325,0.07503509238748785,331331.8700186849,0,False,False,True,"{""0"":null,""1"":null,""2"":null,""3"":null}",985.0,109272.0,0.0,76487.0,0.0,76487.0,0.0,65132.103049119345,0.0,0.0,0.0,0.0,70348.2400186843,0.0,3.010948183392234,0.0,308.0,0.0,0.0,0.0,6788.800000007166,0.0,178.20000000000388,0.0,3824.350000005147,0.0,0.0,0.0,0.0,0.0,0.0,0.0,764.8699999999994,0.0,38243.5,1.0,8.0,0.0,39008.37000000002,0.0,0.0,0.0,70348.2400186843
110,2020-04-20,2020,True,30.30054644808743,985,985,1008,65971.04568858513,957.0754189637163,9557,19,0.0,0.8547280480520343,0.12747620402309068,0.16720235043193646,0.17185475792646976,0.38353082250930176,0.9636802030456854,0.10394422901855506,331786.59543764865,0,False,False,True,"{""0"":null,""1"":null,""2"":null,""3"":null}",985.0,110257.0,985.0,77472.0,985.0,77472.0,838.9426394657858,65971.04568858513,838.9426394657858,0.0,0.0,957.0754189637228,71305.31543764802,0.0,3.010948183392234,4.0,312.0,0.0,0.0,88.50000000032196,6877.300000007488,9.600000000000364,187.80000000000425,49.25000000017917,3873.6000000053264,0.0,0.0,0.0,0.0,0.0,0.0,9.850000000000023,774.7199999999995,492.5,38736.0,0.0,8.0,502.34999999999854,39510.720000000016,0.0,0.0,957.0754189637228,71305.31543764802
111,2020-04-21,2020,True,30.30327868852459,985,985,1009,66810.01193914458,898.738459981957,9593,41,0.4858590058207204,0.843706444547687,0.1472618327939974,0.16691311193082187,0.17070026045042067,0.38353082250930176,0.9632994923857868,0.13094593023657483,332181.98389763065,0,False,False,True,"{""0"":null,""1"":null,""2"":null,""3"":null}",985.0,111242.0,985.0,78457.0,985.0,78457.0,838.966250559446,66810.01193914458,838.966250559446,0.0,0.0,898.7384599819634,72204.05389762999,0.4858590058207204,3.496807189212954,4.0,316.0,0.0,0.0,88.50000000032196,6965.80000000781,0.0,187.80000000000425,49.25000000017917,3922.8500000055055,0.0,0.0,0.0,0.0,0.0,0.0,9.850000000000023,784.5699999999995,492.5,39228.5,1.0,9.0,502.34999999999854,40013.070000000014,0.0,0.0,898.7384599819634,72204.05389762999
112,2020-04-22,2020,True,30.306010928961747,985,985,1009,67648.97818970402,870.0773637239246,9701,54,0.022659228547562332,0.7908384217163338,0.21301488804333651,0.1667701532211719,0.17053141131232985,0.38353082250930176,0.9627766497461929,0.15573749714297355,332549.7112613546,0,False,False,True,"{""0"":null,""1"":null,""2"":null,""3"":null}",985.0,112227.0,985.0,79442.0,985.0,79442.0,838.966250559446,67648.97818970402,838.966250559446,0.0,0.0,870.0773637239181,73074.1312613539,0.022659228547562194,3.5194664177605164,4.0,320.0,0.0,0.0,88.50000000032196,7054.300000008132,0.0,187.80000000000425,49.25000000017917,3972.1000000056847,0.0,0.0,0.0,0.0,0.0,0.0,9.850000000000023,794.4199999999995,492.5,39721.0,0.0,9.0,502.34999999999854,40515.42000000001,0.0,0.0,870.0773637239181,73074.1312613539
113,2020-04-23,2020,True,30.30874316939891,985,985,1009,68487.94444026347,851.6741463724123,9807,51,0.0,0.8050582398619499,0.18858859926745136,0.16669830313543718,0.1704980148283646,0.38353082250930176,0.9623654822335025,0.17875391019458117,332899.03540772706,0,False,False,True,"{""0"":null,""1"":null,""2"":null,""3"":null}",985.0,113212.0,985.0,80427.0,985.0,80427.0,838.966250559446,68487.94444026347,838.966250559446,0.0,0.0,851.6741463724175,73925.80540772632,0.0,3.5194664177605164,4.0,324.0,0.0,0.0,88.50000000032196,7142.800000008454,2.850000000000108,190.65000000000435,49.25000000017917,4021.350000005864,0.0,0.0,0.0,0.0,0.0,0.0,9.850000000000023,804.2699999999995,492.5,40213.5,0.0,9.0,502.34999999999854,41017.77000000001,0.0,0.0,851.6741463724175,73925.80540772632
114,2020-04-24,2020,True,30.311475409836067,985,985,1010,69326.86018524246,796.1512572342059,9932,48,0.31119269672003547,0.8101471347895335,0.17306349350332173,0.16647936454214574,0.16968309736616782,0.38377235573480883,0.9621167512690355,0.19967729158582298,333191.8366649613,0,False,False,True,"{""0"":null,""1"":null,""2"":null,""3"":null}",985.0,114197.0,985.0,81412.0,985.0,81412.0,838.9157449789927,69326.86018524246,838.9157449789927,0.0,0.0,796.1512572342035,74721.95666496053,0.3111926967200356,3.830659114480552,4.0,328.0,0.0,0.0,88.50000000032196,7231.300000008776,3.300000000000125,193.95000000000448,49.25000000017917,4070.600000006043,0.0,0.0,0.0,0.0,0.0,0.0,9.850000000000023,814.1199999999995,492.5,40706.0,1.0,10.0,502.34999999999854,41520.12000000001,0.0,0.0,796.1512572342035,74721.95666496053
115,2020-04-25,2020,False,30.314207650273225,986,0,1011,69326.86018524246,0.0,9099,48,0.0,,,0.16654344012669176,0.1686137299556535,0.383706526009486,0.9637778904665314,0.12417398039162028,333190.8366649613,0,False,False,True,"{""0"":null,""1"":null,""2"":null,""3"":null}",986.0,115183.0,0.0,81412.0,0.0,81412.0,0.0,69326.86018524246,0.0,0.0,0.0,0.0,74721.95666496053,0.0,3.830659114480552,0.0,328.0,0.0,0.0,0.0,7231.300000008776,0.0,193.95000000000448,0.0,4070.600000006043,0.0,0.0,0.0,0.0,0.0,0.0,0.0,814.1199999999995,0.0,40706.0,1.0,11.0,0.0,41520.12000000001,0.0,0.0,0.0,74721.95666496053
116,2020-04-26,2020,False,30.316939890710383,986,0,1011,69326.86018524246,0.0,9099,48,0.0,,,0.16654344012669176,0.1686137299556535,0.383706526009486,0.9637778904665314,0.07418047898669466,333190.8366649613,0,False,False,True,"{""0"":null,""1"":null,""2"":null,""3"":null}",986.0,116169.0,0.0,81412.0,0.0,81412.0,0.0,69326.86018524246,0.0,0.0,0.0,0.0,74721.95666496053,0.0,3.830659114480552,0.0,328.0,0.0,0.0,0.0,7231.300000008776,0.0,193.95000000000448,0.0,4070.600000006043,0.0,0.0,0.0,0.0,0.0,0.0,0.0,814.1199999999995,0.0,40706.0,0.0,11.0,0.0,41520.12000000001,0.0,0.0,0.0,74721.95666496053
117,2020-04-27,2020,True,30.31967213114754,986,986,1011,70166.62567737828,971.0270182037189,10059,14,0.18503535260957524,0.8610335768058581,0.13775614580022644,0.16654344012669176,0.16861372995565346,0.383706526009486,0.962053752535497,0.10313416334865093,333659.003683165,0,False,False,True,"{""0"":null,""1"":null,""2"":null,""3"":null}",986.0,117155.0,986.0,82398.0,986.0,82398.0,839.7654921358189,70166.62567737828,839.7654921358189,0.0,0.0,971.0270182037202,75692.98368316425,0.18503535260957538,4.015694467090127,4.0,332.0,0.0,0.0,88.60000000032232,7319.900000009098,7.200000000000273,201.15000000000475,49.30000000017935,4119.900000006222,0.0,0.0,0.0,0.0,0.0,0.0,9.860000000000014,823.9799999999996,493.0,41199.0,0.0,11.0,502.8600000000006,42022.98000000001,0.0,0.0,971.0270182037202,75692.98368316425
118,2020-04-28,2020,True,30.3224043715847,986,986,1012,71006.26045905885,912.497072996605,10089,31,0.019831722991407282,0.8356867779204107,0.15119011128925774,0.16600990684726488,0.1672539179768829,0.3835754558451313,0.9616683569979716,0.13013875667000568,334067.64075616165,0,False,False,True,"{""0"":null,""1"":null,""2"":null,""3"":null}",986.0,118141.0,986.0,83384.0,986.0,83384.0,839.6347816805646,71006.26045905885,839.6347816805646,0.0,0.0,912.4970729966008,76605.48075616085,0.01983172299140712,4.0355261900815345,4.0,336.0,0.0,0.0,88.60000000032232,7408.500000009421,0.0,201.15000000000475,49.30000000017935,4169.200000006402,0.0,0.0,0.0,0.0,0.0,0.0,9.860000000000014,833.8399999999996,493.0,41692.0,1.0,12.0,502.8600000000006,42525.84000000001,0.0,0.0,912.4970729966008,76605.48075616085
119,2020-04-29,2020,True,30.325136612021858,986,986,1012,71845.89524073941,879.7965207036096,10187,51,0.0,0.820451104308614,0.16424537866641517,0.1658819686650491,0.16693804962554865,0.3835754558451313,0.9608164300202839,0.1550327394772124,334444.57727686525,0,False,False,True,"{""0"":null,""1"":null,""2"":null,""3"":null}",986.0,119127.0,986.0,84370.0,986.0,84370.0,839.6347816805646,71845.89524073941,839.6347816805646,0.0,0.0,879.7965207036032,77485.27727686445,0.0,4.0355261900815345,4.0,340.0,0.0,0.0,88.60000000032232,7497.100000009743,0.0,201.15000000000475,49.30000000017935,4218.500000006581,0.0,0.0,0.0,0.0,0.0,0.0,9.860000000000014,843.6999999999996,493.0,42185.0,0.0,12.0,502.8600000000006,43028.70000000001,0.0,0.0,879.7965207036032,77485.27727686445
120,2020-04-30,2020,True,30.327868852459016,986,986,1013,72685.58780065605,833.7061392849592,10305,55,0.0,0.8296097890128699,0.16286074695840796,0.1657397741136376,0.16615982030779838,0.3835754558451313,0.9601876267748479,0.17794285063660215,334774.4234161502,0,False,False,True,"{""0"":null,""1"":null,""2"":null,""3"":null}",986.0,120113.0,986.0,85356.0,986.0,85356.0,839.6925599166425,72685.58780065605,839.6925599166425,0.0,0.0,833.7061392849573,78318.9834161494,0.0,4.0355261900815345,4.0,344.0,0.0,0.0,88.60000000032232,7585.700000010065,2.1000000000000796,203.25000000000483,49.30000000017935,4267.8000000067605,0.0,0.0,0.0,0.0,0.0,0.0,9.860000000000014,853.5599999999996,493.0,42678.0,1.0,13.0,502.8600000000006,43531.56000000001,0.0,0.0,833.7061392849573,78318.9834161494
121,2020-05-01,2020,True,30.330601092896174,985,985,1013,73524.55762031995,790.9932556936169,10409,54,0.0,0.8182689872631189,0.17956283331280964,0.1660788702041933,0.16628927658743148,0.38377235573480883,0.9600710659898477,0.19938129013346742,335063.0666718439,0,False,False,True,"{""0"":null,""1"":null,""2"":null,""3"":null}",985.0,121098.0,985.0,86341.0,985.0,86341.0,838.9698196638928,73524.55762031995,838.9698196638928,0.0,0.0,790.993255693611,79109.97667184302,0.0,4.0355261900815345,4.0,348.0,0.0,0.0,88.50000000032196,7674.200000010387,2.5500000000000966,205.80000000000493,49.25000000017917,4317.05000000694,0.0,0.0,0.0,0.0,0.0,0.0,9.850000000000023,863.4099999999996,492.5,43170.5,0.0,13.0,502.34999999999854,44033.91000000001,0.0,0.0,790.993255693611,79109.97667184302
122,2020-05-02,2020,False,30.333333333333332,986,0,1014,73524.55762031995,0.0,9599,54,0.0,,,0.16581728692215192,0.16506272671076,0.383706526009486,0.9618103448275862,0.12393861417260695,335062.0666718439,0,False,False,True,"{""0"":null,""1"":null,""2"":null,""3"":null}",986.0,122084.0,0.0,86341.0,0.0,86341.0,0.0,73524.55762031995,0.0,0.0,0.0,0.0,79109.97667184302,0.0,4.0355261900815345,0.0,348.0,0.0,0.0,0.0,7674.200000010387,0.0,205.80000000000493,0.0,4317.05000000694,0.0,0.0,0.0,0.0,0.0,0.0,0.0,863.4099999999996,0.0,43170.5,1.0,14.0,0.0,44033.91000000001,0.0,0.0,0.0,79109.97667184302
123,2020-05-03,2020,False,30.33606557377049,986,0,1014,73524.55762031995,0.0,9599,54,0.0,,,0.16581728692215192,0.16506272671076,0.383706526009486,0.9618103448275862,0.07393965692901669,335062.0666718439,0,False,False,True,"{""0"":null,""1"":null,""2"":null,""3"":null}",986.0,123070.0,0.0,86341.0,0.0,86341.0,0.0,73524.55762031995,0.0,0.0,0.0,0.0,79109.97667184302,0.0,4.0355261900815345,0.0,348.0,0.0,0.0,0.0,7674.200000010387,0.0,205.80000000000493,0.0,4317.05000000694,0.0,0.0,0.0,0.0,0.0,0.0,0.0,863.4099999999996,0.0,43170.5,0.0,14.0,0.0,44033.91000000001,0.0,0.0,0.0,79109.97667184302
124,2020-05-04,2020,True,30.338797814207652,986,986,1014,74364.24647578152,965.8428131890228,10572,16,0.0,0.844719590956754,0.15305217425226356,0.1658172869221519,0.16506272671075997,0.383706526009486,0.960233265720081,0.10276461533711403,335525.0494850329,0,False,False,True,"{""0"":null,""1"":null,""2"":null,""3"":null}",986.0,124056.0,986.0,87327.0,986.0,87327.0,839.6888554615725,74364.24647578152,839.6888554615725,0.0,0.0,965.842813189025,80075.81948503204,0.0,4.0355261900815345,4.0,352.0,0.0,0.0,88.60000000032232,7762.8000000107095,8.100000000000307,213.90000000000524,49.30000000017935,4366.350000007119,0.0,0.0,0.0,0.0,0.0,0.0,9.860000000000014,873.2699999999996,493.0,43663.5,0.0,14.0,502.8600000000006,44536.77000000001,0.0,0.0,965.842813189025,80075.81948503204
125,2020-05-05,2020,True,30.34153005464481,986,986,1014,75203.93533124309,918.8817120901498,10598,31,0.07693816159865324,0.8468428974841544,0.15958059767379776,0.16569699815488897,0.16513430646877894,0.383706526009486,0.9603549695740364,0.12966877497746732,335941.0711971231,0,False,False,True,"{""0"":null,""1"":null,""2"":null,""3"":null}",986.0,125042.0,986.0,88313.0,986.0,88313.0,839.6888554615725,75203.93533124309,839.6888554615725,0.0,0.0,918.8817120901513,80994.7011971222,0.07693816159865285,4.112464351680187,4.0,356.0,0.0,0.0,88.60000000032232,7851.400000011032,0.0,213.90000000000524,49.30000000017935,4415.650000007298,0.0,0.0,0.0,0.0,0.0,0.0,9.860000000000014,883.1299999999997,493.0,44156.5,0.0,14.0,502.8600000000006,45039.63000000001,0.0,0.0,918.8817120901513,80994.7011971222
126,2020-05-06,2020,True,30.34426229508197,987,987,1015,76044.45413608986,872.2974685461655,10712,43,0.05618153919459585,0.8378086208379388,0.1506791481716982,0.16526237481985556,0.16402153191862145,0.3835096261198085,0.9599544072948328,0.15457181586296484,336308.99866566923,0,False,False,True,"{""0"":null,""1"":null,""2"":null,""3"":null}",987.0,126029.0,987.0,89300.0,987.0,89300.0,840.518804846768,76044.45413608986,840.518804846768,0.0,0.0,872.2974685461668,81866.99866566836,0.05618153919459612,4.168645890874783,4.0,360.0,0.0,0.0,88.70000000032269,7940.1000000113545,0.0,213.90000000000524,49.350000000179534,4465.000000007478,0.0,0.0,0.0,0.0,0.0,0.0,9.870000000000005,892.9999999999997,493.5,44650.0,1.0,15.0,503.3700000000026,45543.000000000015,0.0,0.0,872.2974685461668,81866.99866566836
127,2020-05-07,2020,True,30.346994535519126,988,988,1016,76885.84012930997,832.0311955953091,10828,44,0.1653032380911761,0.8249140153916231,0.16764004836326502,0.16510168202681502,0.16305006025253777,0.3835202243145551,0.9596356275303644,0.17755795234574895,336636.14986126457,0,False,False,True,"{""0"":null,""1"":null,""2"":null,""3"":null}",988.0,127017.0,988.0,90288.0,988.0,90288.0,841.3859932201158,76885.84012930997,841.3859932201158,0.0,0.0,832.0311955953075,82699.02986126367,0.16530323809117586,4.333949128965959,4.0,364.0,0.0,0.0,88.80000000032305,8028.900000011678,2.400000000000091,216.30000000000533,49.400000000179716,4514.400000007658,0.0,0.0,0.0,0.0,0.0,0.0,9.879999999999995,902.8799999999997,494.0,45144.0,1.0,16.0,503.8799999999974,46046.88000000001,0.0,0.0,832.0311955953075,82699.02986126367
128,2020-05-08,2020,True,30.349726775956285,988,988,1016,77727.22612253009,795.061131779764,10907,45,0.0,0.8158002906103241,0.17648509906407092,0.16497469246116375,0.1629700883179108,0.3835202243145551,0.9591295546558705,0.19873340267668507,336927.3309930443,0,False,False,True,"{""0"":null,""1"":null,""2"":null,""3"":null}",988.0,128005.0,988.0,91276.0,988.0,91276.0,841.3859932201158,77727.22612253009,841.3859932201158,0.0,0.0,795.0611317797593,83494.09099304343,0.0,4.333949128965959,4.0,368.0,0.0,0.0,88.80000000032305,8117.700000012001,2.2500000000000853,218.5500000000054,49.400000000179716,4563.800000007837,0.0,0.0,0.0,0.0,0.0,0.0,9.879999999999995,912.7599999999996,494.0,45638.0,0.0,16.0,503.8799999999974,46550.76000000001,0.0,0.0,795.0611317797593,83494.09099304343
129,2020-05-09,2020,False,30.352459016393443,989,0,1017,77727.22612253009,0.0,10099,45,0.0,,,0.16497854170664691,0.16200923782473686,0.38353082250930176,0.9607583417593528,0.12335835583375518,336926.3309930443,0,False,False,True,"{""0"":null,""1"":null,""2"":null,""3"":null}",989.0,128994.0,0.0,91276.0,0.0,91276.0,0.0,77727.22612253009,0.0,0.0,0.0,0.0,83494.09099304343,0.0,4.333949128965959,0.0,368.0,0.0,0.0,0.0,8117.700000012001,0.0,218.5500000000054,0.0,4563.800000007837,0.0,0.0,0.0,0.0,0.0,0.0,0.0,912.7599999999996,0.0,45638.0,1.0,17.0,0.0,46550.76000000001,0.0,0.0,0.0,83494.09099304343
130,2020-05-10,2020,False,30.3551912568306,989,0,1017,77727.22612253009,0.0,10099,45,0.0,,,0.1649785417066469,0.16200923782473686,0.38353082250930176,0.9607583417593528,0.07338574346406614,336926.3309930443,0,False,False,True,"{""0"":null,""1"":null,""2"":null,""3"":null}",989.0,129983.0,0.0,91276.0,0.0,91276.0,0.0,77727.22612253009,0.0,0.0,0.0,0.0,83494.09099304343,0.0,4.333949128965959,0.0,368.0,0.0,0.0,0.0,8117.700000012001,0.0,218.5500000000054,0.0,4563.800000007837,0.0,0.0,0.0,0.0,0.0,0.0,0.0,912.7599999999996,0.0,45638.0,0.0,17.0,0.0,46550.76000000001,0.0,0.0,0.0,83494.09099304343
131,2020-05-11,2020,True,30.35792349726776,989,989,1017,78569.39652476537,986.6523655798544,11058,8,0.22307919475001778,0.8332000130599451,0.15392263195950834,0.1649785417066469,0.16200923782473686,0.38353082250930176,0.9590394337714864,0.10229742724317913,337408.59335862414,0,False,False,True,"{""0"":null,""1"":null,""2"":null,""3"":null}",989.0,130972.0,989.0,92265.0,989.0,92265.0,842.1704022352787,78569.39652476537,842.1704022352787,0.0,0.0,986.6523655798519,84480.74335862328,0.22307919475001814,4.557028323715977,4.0,372.0,0.0,0.0,88.90000000032342,8206.600000012324,6.750000000000256,225.30000000000567,49.4500000001799,4613.250000008017,0.0,0.0,0.0,0.0,0.0,0.0,9.889999999999986,922.6499999999996,494.5,46132.5,0.0,17.0,504.3899999999994,47055.15000000001,0.0,0.0,986.6523655798519,84480.74335862328
132,2020-05-12,2020,True,30.360655737704917,989,989,1017,79411.56692700065,932.6703197849913,11112,19,0.0,0.8442805602716469,0.15611981900030322,0.1647537645136161,0.16174716898591057,0.38353082250930176,0.9595348837209302,0.12933647419666114,337836.87367840915,0,False,False,True,"{""0"":null,""1"":null,""2"":null,""3"":null}",989.0,131961.0,989.0,93254.0,989.0,93254.0,842.1704022352787,79411.56692700065,842.1704022352787,0.0,0.0,932.6703197849856,85413.41367840827,0.0,4.557028323715977,4.0,376.0,0.0,0.0,88.90000000032342,8295.500000012647,0.0,225.30000000000567,49.4500000001799,4662.700000008197,0.0,0.0,0.0,0.0,0.0,0.0,9.889999999999986,932.5399999999996,494.5,46627.0,0.0,17.0,504.3899999999994,47559.54000000001,0.0,0.0,932.6703197849856,85413.41367840827
133,2020-05-13,2020,True,30.363387978142075,990,990,1018,80254.45640960152,883.533163265455,11205,37,0.0,0.8201931239388794,0.1652438597718844,0.16479119780077323,0.16097625238059762,0.38346499278397894,0.959050505050505,0.15433420355732308,338214.50684167456,0,False,False,True,"{""0"":null,""1"":null,""2"":null,""3"":null}",990.0,132951.0,990.0,94244.0,990.0,94244.0,842.8894826008764,80254.45640960152,842.8894826008764,0.0,0.0,883.5331632654561,86296.94684167372,0.0,4.557028323715977,4.0,380.0,0.0,0.0,89.00000000032378,8384.500000012971,0.0,225.30000000000567,49.50000000018008,4712.200000008377,0.0,0.0,0.0,0.0,0.0,0.0,9.899999999999977,942.4399999999996,495.0,47122.0,1.0,18.0,504.90000000000146,48064.44000000001,0.0,0.0,883.5331632654561,86296.94684167372
134,2020-05-14,2020,True,30.366120218579233,990,990,1018,81097.3458922024,855.1132044438895,11310,42,0.10879881615825582,0.8373791955073788,0.15764467147155553,0.16455795806807133,0.1607714511369016,0.38346499278397894,0.9585505050505051,0.17743846664019453,338564.7200461184,0,False,False,True,"{""0"":null,""1"":null,""2"":null,""3"":null}",990.0,133941.0,990.0,95234.0,990.0,95234.0,842.8894826008764,81097.3458922024,842.8894826008764,0.0,0.0,855.1132044438855,87152.0600461176,0.10879881615825582,4.665827139874233,4.0,384.0,0.0,0.0,89.00000000032378,8473.500000013295,1.2000000000000455,226.5000000000057,49.50000000018008,4761.700000008557,0.0,0.0,0.0,0.0,0.0,0.0,9.899999999999977,952.3399999999996,495.0,47617.0,0.0,18.0,504.90000000000146,48569.34000000001,0.0,0.0,855.1132044438855,87152.0600461176
135,2020-05-15,2020,True,30.368852459016395,990,990,1018,81940.23537480328,810.3628561809035,11396,52,0.07809580485386984,0.770704094292804,0.2189390758752595,0.1643581613872328,0.1604098442539113,0.38346499278397894,0.9582070707070707,0.19871513225795004,338870.18290229933,0,False,False,True,"{""0"":null,""1"":null,""2"":null,""3"":null}",990.0,134931.0,990.0,96224.0,990.0,96224.0,842.8894826008764,81940.23537480328,842.8894826008764,0.0,0.0,810.3628561809019,87962.42290229851,0.07809580485387002,4.743922944728103,4.0,388.0,0.0,0.0,89.00000000032378,8562.500000013619,1.6500000000000625,228.15000000000578,49.50000000018008,4811.200000008737,0.0,0.0,0.0,0.0,0.0,0.0,9.899999999999977,962.2399999999996,495.0,48112.0,0.0,18.0,504.90000000000146,49074.24000000001,0.0,0.0,810.3628561809019,87962.42290229851
136,2020-05-16,2020,False,30.371584699453553,990,0,1018,81940.23537480328,0.0,10599,52,0.0,,,0.16421539507866756,0.16046018610932064,0.38346499278397894,0.9600707070707071,0.12344075744061367,338870.18290229933,0,False,False,True,"{""0"":null,""1"":null,""2"":null,""3"":null}",990.0,135921.0,0.0,96224.0,0.0,96224.0,0.0,81940.23537480328,0.0,0.0,0.0,0.0,87962.42290229851,0.0,4.743922944728103,0.0,388.0,0.0,0.0,0.0,8562.500000013619,0.0,228.15000000000578,0.0,4811.200000008737,0.0,0.0,0.0,0.0,0.0,0.0,0.0,962.2399999999996,0.0,48112.0,0.0,18.0,0.0,49074.24000000001,0.0,0.0,0.0,87962.42290229851
137,2020-05-17,2020,False,30.37431693989071,990,0,1018,81940.23537480328,0.0,10599,52,0.0,,,0.1642153950786676,0.16046018610932064,0.38346499278397894,0.9600707070707071,0.07355712084690792,338870.18290229933,0,False,False,True,"{""0"":null,""1"":null,""2"":null,""3"":null}",990.0,136911.0,0.0,96224.0,0.0,96224.0,0.0,81940.23537480328,0.0,0.0,0.0,0.0,87962.42290229851,0.0,4.743922944728103,0.0,388.0,0.0,0.0,0.0,8562.500000013619,0.0,228.15000000000578,0.0,4811.200000008737,0.0,0.0,0.0,0.0,0.0,0.0,0.0,962.2399999999996,0.0,48112.0,0.0,18.0,0.0,49074.24000000001,0.0,0.0,0.0,87962.42290229851
138,2020-05-18,2020,True,30.37704918032787,989,989,1018,82782.31487755977,982.7515537157309,11537,13,0.10649687536348616,0.8543897740629489,0.14584412100856017,0.16406395210554964,0.1604073207447237,0.38353082250930176,0.9576744186046512,0.10264418705943036,339348.54445601505,0,False,False,True,"{""0"":null,""1"":null,""2"":null,""3"":null}",989.0,137900.0,989.0,97213.0,989.0,97213.0,842.0795027564891,82782.31487755977,842.0795027564891,0.0,0.0,982.7515537157306,88945.17445601424,0.10649687536348651,4.85041982009159,4.0,392.0,0.0,0.0,88.90000000032342,8651.400000013942,7.800000000000296,235.95000000000607,49.4500000001799,4860.650000008917,0.0,0.0,0.0,0.0,0.0,0.0,9.889999999999986,972.1299999999995,494.5,48606.5,0.0,18.0,504.3899999999994,49578.63000000001,0.0,0.0,982.7515537157306,88945.17445601424
139,2020-05-19,2020,True,30.379781420765028,989,989,1018,83624.39438031625,936.7918376843863,11617,26,0.0,0.8402360585085542,0.16070603876565667,0.16416004279534097,0.16041305964786035,0.38353082250930176,0.9582962588473205,0.1296401403220235,339780.94629369944,0,False,False,True,"{""0"":null,""1"":null,""2"":null,""3"":null}",989.0,138889.0,989.0,98202.0,989.0,98202.0,842.0795027564891,83624.39438031625,842.0795027564891,0.0,0.0,936.7918376843882,89881.96629369863,0.0,4.85041982009159,4.0,396.0,0.0,0.0,88.90000000032342,8740.300000014266,0.0,235.95000000000607,49.4500000001799,4910.100000009097,0.0,0.0,0.0,0.0,0.0,0.0,9.889999999999986,982.0199999999995,494.5,49101.0,0.0,18.0,504.3899999999994,50083.02000000001,0.0,0.0,936.7918376843882,89881.96629369863
140,2020-05-20,2020,True,30.382513661202186,988,988,1018,84465.67736289711,900.881331062167,11717,42,0.0,0.8279352226720648,0.15591106290672452,0.1641072567054829,0.16034743340945812,0.3835966522346246,0.9585779352226721,0.15477281414743718,340177.9476247616,0,False,False,True,"{""0"":null,""1"":null,""2"":null,""3"":null}",988.0,139877.0,988.0,99190.0,988.0,99190.0,841.2829825808585,84465.67736289711,841.2829825808585,0.0,0.0,900.8813310621626,90782.84762476079,0.0,4.85041982009159,4.0,400.0,0.0,0.0,88.80000000032305,8829.100000014589,0.0,235.95000000000607,49.400000000179716,4959.500000009277,0.0,0.0,0.0,0.0,0.0,0.0,9.879999999999995,991.8999999999995,494.0,49595.0,0.0,18.0,503.8799999999974,50586.90000000001,0.0,0.0,900.8813310621626,90782.84762476079
141,2020-05-21,2020,True,30.385245901639344,988,988,1018,85306.96034547797,865.5533505729059,11818,52,0.0,0.8137651821862348,0.19360086767895876,0.16412558472761424,0.16029955890767086,0.3835966522346246,0.9584564777327935,0.17788883225515023,340539.6209753345,0,False,False,True,"{""0"":null,""1"":null,""2"":null,""3"":null}",988.0,140865.0,988.0,100178.0,988.0,100178.0,841.2829825808585,85306.96034547797,841.2829825808585,0.0,0.0,865.5533505729109,91648.4009753337,0.0,4.85041982009159,4.0,404.0,0.0,0.0,88.80000000032305,8917.900000014912,1.950000000000074,237.90000000000614,49.400000000179716,5008.900000009457,0.0,0.0,0.0,0.0,0.0,0.0,9.879999999999995,1001.7799999999995,494.0,50089.0,0.0,18.0,503.8799999999974,51090.780000000006,0.0,0.0,865.5533505729109,91648.4009753337
142,2020-05-22,2020,True,30.387978142076502,988,988,1018,86148.24332805883,806.7724640658449,11918,51,0.0,0.8026315789473684,0.1952277657266811,0.16410641492458333,0.16022377750918074,0.3835966522346246,0.9582995951417004,0.19911671015100083,340842.51343940035,0,False,False,True,"{""0"":null,""1"":null,""2"":null,""3"":null}",988.0,141853.0,988.0,101166.0,988.0,101166.0,841.2829825808585,86148.24332805883,841.2829825808585,0.0,0.0,806.7724640658416,92455.17343939954,0.0,4.85041982009159,4.0,408.0,0.0,0.0,88.80000000032305,9006.700000015235,1.950000000000074,239.85000000000622,49.400000000179716,5058.300000009636,0.0,0.0,0.0,0.0,0.0,0.0,9.879999999999995,1011.6599999999995,494.0,50583.0,0.0,18.0,503.8799999999974,51594.66,0.0,0.0,806.7724640658416,92455.17343939954
143,2020-05-23,2020,False,30.39071038251366,988,0,1018,86148.24332805883,0.0,11099,51,0.0,,,0.1639355393974193,0.15991110077836015,0.3835966522346246,0.9599746963562753,0.12386142903664951,340842.51343940035,0,False,False,True,"{""0"":null,""1"":null,""2"":null,""3"":null}",988.0,142841.0,0.0,101166.0,0.0,101166.0,0.0,86148.24332805883,0.0,0.0,0.0,0.0,92455.17343939954,0.0,4.85041982009159,0.0,408.0,0.0,0.0,0.0,9006.700000015235,0.0,239.85000000000622,0.0,5058.300000009636,0.0,0.0,0.0,0.0,0.0,0.0,0.0,1011.6599999999995,0.0,50583.0,0.0,18.0,0.0,51594.66,0.0,0.0,0.0,92455.17343939954
144,2020-05-24,2020,False,30.39344262295082,988,0,1018,86148.24332805883,0.0,11099,51,0.0,,,0.1639355393974193,0.15991110077836015,0.3835966522346246,0.9599746963562753,0.0738303286114806,340842.51343940035,0,False,False,True,"{""0"":null,""1"":null,""2"":null,""3"":null}",988.0,143829.0,0.0,101166.0,0.0,101166.0,0.0,86148.24332805883,0.0,0.0,0.0,0.0,92455.17343939954,0.0,4.85041982009159,0.0,408.0,0.0,0.0,0.0,9006.700000015235,0.0,239.85000000000622,0.0,5058.300000009636,0.0,0.0,0.0,0.0,0.0,0.0,0.0,1011.6599999999995,0.0,50583.0,0.0,18.0,0.0,51594.66,0.0,0.0,0.0,92455.17343939954
145,2020-05-25,2020,True,30.396174863387976,988,988,1018,86989.52631063969,985.8470096549609,12047,11,0.0,0.8694331983805668,0.12201735357917567,0.1639355393974193,0.15991110077836015,0.3835966522346246,0.9579048582995952,0.10294327587514782,341324.4804490553,0,False,False,True,"{""0"":null,""1"":null,""2"":null,""3"":null}",988.0,144817.0,988.0,102154.0,988.0,102154.0,841.2829825808585,86989.52631063969,841.2829825808585,0.0,0.0,985.8470096549572,93441.0204490545,0.0,4.85041982009159,4.0,412.0,0.0,0.0,88.80000000032305,9095.500000015558,7.65000000000029,247.5000000000065,49.400000000179716,5107.700000009816,0.0,0.0,0.0,0.0,0.0,0.0,9.879999999999995,1021.5399999999995,494.0,51077.0,0.0,18.0,503.8799999999974,52098.54,0.0,0.0,985.8470096549572,93441.0204490545
146,2020-05-26,2020,True,30.398907103825138,988,988,1018,87830.80929322055,936.2473037813065,12112,19,0.06129140579467055,0.8299595141700404,0.16431670281995658,0.1640716356976541,0.15998675654621985,0.3835966522346246,0.9583653846153847,0.12996837758162819,341756.84775283665,0,False,False,True,"{""0"":null,""1"":null,""2"":null,""3"":null}",988.0,145805.0,988.0,103142.0,988.0,103142.0,841.2829825808585,87830.80929322055,841.2829825808585,0.0,0.0,936.2473037813033,94377.2677528358,0.06129140579467052,4.91171122588626,4.0,416.0,0.0,0.0,88.80000000032305,9184.30000001588,0.0,247.5000000000065,49.400000000179716,5157.100000009996,0.0,0.0,0.0,0.0,0.0,0.0,9.88000000000011,1031.4199999999996,494.0,51571.0,0.0,18.0,503.8799999999974,52602.42,0.0,0.0,936.2473037813033,94377.2677528358
147,2020-05-27,2020,True,30.401639344262296,988,988,1018,88672.0922758014,880.6797066601032,12214,30,0.0,0.8481781376518218,0.14126898047722342,0.16384489464104215,0.16007019320144694,0.3835966522346246,0.9583350202429151,0.15496491323234252,342133.64745949674,0,False,False,True,"{""0"":null,""1"":null,""2"":null,""3"":null}",988.0,146793.0,988.0,104130.0,988.0,104130.0,841.2829825808585,88672.0922758014,841.2829825808585,0.0,0.0,880.6797066600993,95257.9474594959,0.0,4.91171122588626,4.0,420.0,0.0,0.0,88.80000000032305,9273.100000016204,0.0,247.5000000000065,49.400000000179716,5206.500000010175,0.0,0.0,0.0,0.0,0.0,0.0,9.88000000000011,1041.2999999999997,494.0,52065.0,0.0,18.0,503.8799999999974,53106.299999999996,0.0,0.0,880.6797066600993,95257.9474594959
148,2020-05-28,2020,True,30.404371584699454,987,987,1018,89512.52120307018,882.5204581476518,12320,39,0.0,0.8155878674171357,0.18258688578704138,0.16401815644671508,0.15998473583132206,0.38358605403987794,0.9584143870314084,0.1780643456706718,342512.7979176444,0,False,False,True,"{""0"":null,""1"":null,""2"":null,""3"":null}",987.0,147780.0,987.0,105117.0,987.0,105117.0,840.4289272687747,89512.52120307018,840.4289272687747,0.0,0.0,882.5204581476573,96140.46791764356,0.0,4.91171122588626,4.0,424.0,0.0,0.0,88.70000000032269,9361.800000016527,1.6500000000000625,249.15000000000657,49.350000000179534,5255.850000010355,0.0,0.0,0.0,0.0,0.0,0.0,9.86999999999989,1051.1699999999996,493.5,52558.5,0.0,18.0,503.3700000000026,53609.67,0.0,0.0,882.5204581476573,96140.46791764356
149,2020-05-29,2020,True,30.407103825136613,987,987,1018,90352.95013033896,800.0862965115689,12420,36,0.0,0.8175998156742701,0.17744506271809862,0.16389529793071478,0.16003992522103205,0.38358605403987794,0.9586170212765958,0.1993631782140582,342809.51421415596,0,False,False,True,"{""0"":null,""1"":null,""2"":null,""3"":null}",987.0,148767.0,987.0,106104.0,987.0,106104.0,840.4289272687747,90352.95013033896,840.4289272687747,0.0,0.0,800.0862965115666,96940.55421415513,0.0,4.91171122588626,4.0,428.0,0.0,0.0,88.70000000032269,9450.50000001685,1.2000000000000455,250.35000000000662,49.350000000179534,5305.2000000105345,0.0,0.0,0.0,0.0,0.0,0.0,9.86999999999989,1061.0399999999995,493.5,53052.0,0.0,18.0,503.3700000000026,54113.04,0.0,0.0,800.0862965115666,96940.55421415513
150,2020-05-30,2020,False,30.40983606557377,987,0,1018,90352.95013033896,0.0,11599,36,0.0,,,0.16390056179090576,0.1599603709149843,0.38358605403987794,0.9602228976697061,0.12393861191547598,342809.51421415596,0,False,False,True,"{""0"":null,""1"":null,""2"":null,""3"":null}",987.0,149754.0,0.0,106104.0,0.0,106104.0,0.0,90352.95013033896,0.0,0.0,0.0,0.0,96940.55421415513,0.0,4.91171122588626,0.0,428.0,0.0,0.0,0.0,9450.50000001685,0.0,250.35000000000662,0.0,5305.2000000105345,0.0,0.0,0.0,0.0,0.0,0.0,0.0,1061.0399999999995,0.0,53052.0,0.0,18.0,0.0,54113.04,0.0,0.0,0.0,96940.55421415513
151,2020-05-31,2020,False,30.41256830601093,987,0,1018,90352.95013033896,0.0,11599,36,0.0,,,0.16390056179090573,0.15996037091498433,0.38358605403987794,0.9602228976697061,0.0738627800487954,342809.51421415596,0,False,False,True,"{""0"":null,""1"":null,""2"":null,""3"":null}",987.0,150741.0,0.0,106104.0,0.0,106104.0,0.0,90352.95013033896,0.0,0.0,0.0,0.0,96940.55421415513,0.0,4.91171122588626,0.0,428.0,0.0,0.0,0.0,9450.50000001685,0.0,250.35000000000662,0.0,5305.2000000105345,0.0,0.0,0.0,0.0,0.0,0.0,0.0,1061.0399999999995,0.0,53052.0,0.0,18.0,0.0,54113.04,0.0,0.0,0.0,96940.55421415513
152,2020-06-01,2020,True,30.415300546448087,987,987,1018,91193.37905760773,987.8262699808341,12533,18,0.0,0.8612249432210921,0.14050740356502875,0.16390056179090576,0.15996037091498433,0.38358605403987794,0.958257345491388,0.1030191816835994,343293.9704841368,0,False,False,True,"{""0"":null,""1"":null,""2"":null,""3"":null}",987.0,151728.0,987.0,107091.0,987.0,107091.0,840.4289272687747,91193.37905760773,840.4289272687747,0.0,0.0,987.8262699808402,97928.38048413597,0.0,4.91171122588626,4.0,432.0,0.0,0.0,88.70000000032269,9539.200000017172,5.400000000000205,255.75000000000682,49.350000000179534,5354.550000010714,0.0,0.0,0.0,0.0,0.0,0.0,9.86999999999989,1070.9099999999994,493.5,53545.5,0.0,18.0,503.3700000000026,54616.41,0.0,0.0,987.8262699808402,97928.38048413597
153,2020-06-02,2020,True,30.418032786885245,987,987,1018,92033.8079848765,951.0295278342476,12598,26,0.0,0.8288033639445707,0.16791356219937753,0.16389298919549766,0.16009695148542075,0.38358605403987794,0.9580344478216819,0.1300059108888966,343741.63001197105,0,False,False,True,"{""0"":null,""1"":null,""2"":null,""3"":null}",987.0,152715.0,987.0,108078.0,987.0,108078.0,840.4289272687747,92033.8079848765,840.4289272687747,0.0,0.0,951.0295278342528,98879.41001197022,0.0,4.91171122588626,4.0,436.0,0.0,0.0,88.70000000032269,9627.900000017495,0.0,255.75000000000682,49.350000000179534,5403.900000010894,0.0,0.0,0.0,0.0,0.0,0.0,9.86999999999989,1080.7799999999993,493.5,54039.0,0.0,18.0,503.3700000000026,55119.780000000006,0.0,0.0,951.0295278342528,98879.41001197022
154,2020-06-03,2020,True,30.420765027322403,987,987,1018,92874.23691214528,900.4496043257291,12712,42,0.0,0.8419406866133439,0.14243020843157597,0.16387376137390408,0.16002079986437487,0.38358605403987794,0.9580293819655522,0.15491387616554045,344138.7096162968,0,False,False,True,"{""0"":null,""1"":null,""2"":null,""3"":null}",987.0,153702.0,987.0,109065.0,987.0,109065.0,840.4289272687747,92874.23691214528,840.4289272687747,0.0,0.0,900.4496043257241,99779.85961629594,0.0,4.91171122588626,4.0,440.0,0.0,0.0,88.70000000032269,9716.600000017817,0.0,255.75000000000682,49.350000000179534,5453.250000011073,0.0,0.0,0.0,0.0,0.0,0.0,9.86999999999989,1090.6499999999992,493.5,54532.5,0.0,18.0,503.3700000000026,55623.15000000001,0.0,0.0,900.4496043257241,99779.85961629594
155,2020-06-04,2020,True,30.42349726775956,986,986,1018,93713.96412482891,832.7171173209398,12822,40,0.0,0.819438958559626,0.15718605583325473,0.16393415249545634,0.16010520129313224,0.3835754558451313,0.9579665314401622,0.17814193693904842,344468.56673361774,0,False,False,True,"{""0"":null,""1"":null,""2"":null,""3"":null}",986.0,154688.0,986.0,110051.0,986.0,110051.0,839.7272126836324,93713.96412482891,839.7272126836324,0.0,0.0,832.7171173209354,100612.57673361688,0.0,4.91171122588626,4.0,444.0,0.0,0.0,88.60000000032232,9805.20000001814,2.6999999999996476,258.45000000000647,49.30000000017935,5502.550000011252,0.0,0.0,0.0,0.0,0.0,0.0,9.8599999999999,1100.509999999999,493.0,55025.5,0.0,18.0,502.8600000000006,56126.01000000001,0.0,0.0,832.7171173209354,100612.57673361688
156,2020-06-05,2020,True,30.42622950819672,986,986,1018,94553.69133751254,837.9567156188263,12921,53,0.0,0.8052853757282512,0.18730076393473544,0.1639051816226491,0.16017200459722875,0.3835754558451313,0.9582860040567951,0.19938939936783068,344803.6634492366,0,False,False,True,"{""0"":null,""1"":null,""2"":null,""3"":null}",986.0,155674.0,986.0,111037.0,986.0,111037.0,839.7272126836324,94553.69133751254,839.7272126836324,0.0,0.0,837.9567156188277,101450.5334492357,0.0,4.91171122588626,4.0,448.0,0.0,0.0,88.60000000032232,9893.800000018462,1.199999999999818,259.6500000000063,49.30000000017935,5551.850000011432,0.0,0.0,0.0,0.0,0.0,0.0,9.8599999999999,1110.369999999999,493.0,55518.5,0.0,18.0,502.8600000000006,56628.87000000001,0.0,0.0,837.9567156188277,101450.5334492357
157,2020-06-06,2020,False,30.42896174863388,986,0,1018,94553.69133751254,0.0,12099,53,0.0,,,0.16384992078813418,0.16014381675858325,0.3835754558451313,0.9601267748478701,0.12383987899527585,344803.6634492366,0,False,False,True,"{""0"":null,""1"":null,""2"":null,""3"":null}",986.0,156660.0,0.0,111037.0,0.0,111037.0,0.0,94553.69133751254,0.0,0.0,0.0,0.0,101450.5334492357,0.0,4.91171122588626,0.0,448.0,0.0,0.0,0.0,9893.800000018462,0.0,259.6500000000063,0.0,5551.850000011432,0.0,0.0,0.0,0.0,0.0,0.0,0.0,1110.369999999999,0.0,55518.5,0.0,18.0,0.0,56628.87000000001,0.0,0.0,0.0,101450.5334492357
158,2020-06-07,2020,False,30.43169398907104,986,0,1018,94553.69133751254,0.0,12099,53,0.0,,,0.16384992078813418,0.16014381675858325,0.3835754558451313,0.9601267748478701,0.07368338430585872,344803.6634492366,0,False,False,True,"{""0"":null,""1"":null,""2"":null,""3"":null}",986.0,157646.0,0.0,111037.0,0.0,111037.0,0.0,94553.69133751254,0.0,0.0,0.0,0.0,101450.5334492357,0.0,4.91171122588626,0.0,448.0,0.0,0.0,0.0,9893.800000018462,0.0,259.6500000000063,0.0,5551.850000011432,0.0,0.0,0.0,0.0,0.0,0.0,0.0,1110.369999999999,0.0,55518.5,0.0,18.0,0.0,56628.87000000001,0.0,0.0,0.0,101450.5334492357
159,2020-06-08,2020,True,30.434426229508198,986,986,1018,95393.41855019618,993.9672355515663,13060,16,0.005288113042476478,0.8498979625423785,0.1408663821559936,0.16384992078813418,0.16014381675858325,0.3835754558451313,0.9584381338742394,0.10290937469699164,345294.7706847882,0,False,False,True,"{""0"":null,""1"":null,""2"":null,""3"":null}",986.0,158632.0,986.0,112023.0,986.0,112023.0,839.7272126836324,95393.41855019618,839.7272126836324,0.0,0.0,993.967235551565,102444.50068478727,0.005288113042476894,4.916999338928737,4.0,452.0,0.0,0.0,88.60000000032232,9982.400000018784,7.949999999998795,267.6000000000051,49.30000000017935,5601.150000011611,0.0,0.0,0.0,0.0,0.0,0.0,9.8599999999999,1120.2299999999989,493.0,56011.5,0.0,18.0,502.8600000000006,57131.73000000001,0.0,0.0,993.967235551565,102444.50068478727
160,2020-06-09,2020,True,30.437158469945356,986,986,1018,96233.14576287981,956.6508457340606,13104,24,0.0,0.8286099865047234,0.15473391964538336,0.16377050198580212,0.16019459790509846,0.3835754558451313,0.958762677484787,0.13001462429922805,345748.56153052225,0,False,False,True,"{""0"":null,""1"":null,""2"":null,""3"":null}",986.0,159618.0,986.0,113009.0,986.0,113009.0,839.7272126836324,96233.14576287981,839.7272126836324,0.0,0.0,956.6508457340678,103401.15153052134,0.0,4.916999338928737,4.0,456.0,0.0,0.0,88.60000000032232,10071.000000019107,0.0,267.6000000000051,49.30000000017935,5650.4500000117905,0.0,0.0,0.0,0.0,0.0,0.0,9.8599999999999,1130.0899999999988,493.0,56504.5,0.0,18.0,502.8600000000006,57634.59000000001,0.0,0.0,956.6508457340678,103401.15153052134
161,2020-06-10,2020,True,30.439890710382514,986,986,1018,97072.87297556344,911.786300063245,13201,49,0.0,0.8366948092557849,0.1531082005092898,0.16358996742099108,0.15995551623377025,0.3835754558451313,0.9583975659229209,0.15512042243814825,346157.4878305855,0,False,False,True,"{""0"":null,""1"":null,""2"":null,""3"":null}",986.0,160604.0,986.0,113995.0,986.0,113995.0,839.7272126836324,97072.87297556344,839.7272126836324,0.0,0.0,911.7863000632497,104312.93783058459,0.0,4.916999338928737,4.0,460.0,0.0,0.0,88.60000000032232,10159.600000019429,0.0,267.6000000000051,49.30000000017935,5699.75000001197,0.0,0.0,0.0,0.0,0.0,0.0,9.8599999999999,1139.9499999999987,493.0,56997.5,0.0,18.0,502.8600000000006,58137.45000000001,0.0,0.0,911.7863000632497,104312.93783058459
162,2020-06-11,2020,True,30.442622950819672,985,985,1018,97911.85637168356,864.9915438408957,13330,46,0.0,0.8233585504904045,0.17475672720952748,0.16405012560019142,0.16036247517601113,0.38377235573480883,0.9586903553299492,0.17842352857214766,346520.12937442644,0,False,False,True,"{""0"":null,""1"":null,""2"":null,""3"":null}",985.0,161589.0,985.0,114980.0,985.0,114980.0,838.983396120122,97911.85637168356,838.983396120122,0.0,0.0,864.9915438408934,105177.92937442548,0.0,4.916999338928737,4.0,464.0,0.0,0.0,88.50000000032196,10248.100000019751,2.399999999999636,270.0000000000047,49.25000000017917,5749.000000012149,0.0,0.0,0.0,0.0,0.0,0.0,9.849999999999909,1149.7999999999986,492.5,57490.0,0.0,18.0,502.34999999999854,58639.80000000001,0.0,0.0,864.9915438408934,105177.92937442548
163,2020-06-12,2020,True,30.44535519125683,984,984,1019,98749.98649687228,815.8700951125613,13414,54,0.0,0.7916282879560727,0.20900125119244012,0.16352775976345202,0.15878733681854423,0.3835202243145551,0.9581707317073171,0.1997064421956481,346833.15946953895,0,False,False,True,"{""0"":null,""1"":null,""2"":null,""3"":null}",984.0,162573.0,984.0,115964.0,984.0,115964.0,838.1301251887198,98749.98649687228,838.1301251887198,0.0,0.0,815.8700951125647,105993.79946953805,0.0,4.916999338928737,4.0,468.0,0.0,0.0,88.4000000003216,10336.500000020073,1.199999999999818,271.20000000000454,49.20000000017899,5798.200000012328,0.0,0.0,0.0,0.0,0.0,0.0,9.839999999999918,1159.6399999999985,492.0,57982.0,1.0,19.0,501.8399999999965,59141.64000000001,0.0,0.0,815.8700951125647,105993.79946953805
164,2020-06-13,2020,False,30.44808743169399,984,0,1019,98749.98649687228,0.0,12599,54,0.0,,,0.16362917893388834,0.15899410354683402,0.3835202243145551,0.9598577235772358,0.12396663293848674,346833.15946953895,0,False,False,True,"{""0"":null,""1"":null,""2"":null,""3"":null}",984.0,163557.0,0.0,115964.0,0.0,115964.0,0.0,98749.98649687228,0.0,0.0,0.0,0.0,105993.79946953805,0.0,4.916999338928737,0.0,468.0,0.0,0.0,0.0,10336.500000020073,0.0,271.20000000000454,0.0,5798.200000012328,0.0,0.0,0.0,0.0,0.0,0.0,0.0,1159.6399999999985,0.0,57982.0,0.0,19.0,0.0,59141.64000000001,0.0,0.0,0.0,105993.79946953805
165,2020-06-14,2020,False,30.450819672131146,984,0,1019,98749.98649687228,0.0,12599,54,0.0,,,0.16362917893388834,0.15899410354683405,0.3835202243145551,0.9598577235772358,0.07369355516247246,346833.15946953895,0,False,False,True,"{""0"":null,""1"":null,""2"":null,""3"":null}",984.0,164541.0,0.0,115964.0,0.0,115964.0,0.0,98749.98649687228,0.0,0.0,0.0,0.0,105993.79946953805,0.0,4.916999338928737,0.0,468.0,0.0,0.0,0.0,10336.500000020073,0.0,271.20000000000454,0.0,5798.200000012328,0.0,0.0,0.0,0.0,0.0,0.0,0.0,1159.6399999999985,0.0,57982.0,0.0,19.0,0.0,59141.64000000001,0.0,0.0,0.0,105993.79946953805
166,2020-06-15,2020,True,30.453551912568305,984,984,1019,99588.116622061,1016.7618332845975,13551,15,0.5805583031147182,0.8506765647317321,0.14542733356215815,0.16362917893388834,0.15899410354683405,0.3835202243145551,0.958038617886179,0.10298401269704165,347348.0813028235,0,False,False,True,"{""0"":null,""1"":null,""2"":null,""3"":null}",984.0,165525.0,984.0,116948.0,984.0,116948.0,838.1301251887198,99588.116622061,838.1301251887198,0.0,0.0,1016.7618332846032,107010.56130282265,0.5805583031147181,5.497557642043455,4.0,472.0,0.0,0.0,88.4000000003216,10424.900000020394,8.099999999998772,279.3000000000033,49.20000000017899,5847.400000012507,0.0,0.0,0.0,0.0,0.0,0.0,9.839999999999918,1169.4799999999984,492.0,58474.0,0.0,19.0,501.8399999999965,59643.48,0.0,0.0,1016.7618332846032,107010.56130282265
167,2020-06-16,2020,True,30.456284153005466,985,985,1020,100427.02889512523,939.765591356465,13615,32,0.0,0.8436510735428762,0.1556969231333144,0.16367637163734253,0.15841634043625957,0.38377235573480883,0.9582030456852793,0.13008984370425186,347784.49689417996,0,False,False,True,"{""0"":null,""1"":null,""2"":null,""3"":null}",985.0,166510.0,985.0,117933.0,985.0,117933.0,838.9122730642266,100427.02889512523,838.9122730642266,0.0,0.0,939.7655913564668,107950.32689417912,0.0,5.497557642043455,4.0,476.0,0.0,0.0,88.50000000032196,10513.400000020716,0.0,279.3000000000033,49.25000000017917,5896.650000012686,0.0,0.0,0.0,0.0,0.0,0.0,9.849999999999909,1179.3299999999983,492.5,58966.5,1.0,20.0,502.34999999999854,60145.83,0.0,0.0,939.7655913564668,107950.32689417912
168,2020-06-17,2020,True,30.459016393442624,984,984,1020,101265.18008131825,900.1274285848848,13686,48,0.0,0.8302761891194939,0.15387325939818042,0.1633799603544162,0.1578283693687575,0.3835202243145551,0.9575863821138211,0.15526154468019168,348182.78432276484,0,False,False,True,"{""0"":null,""1"":null,""2"":null,""3"":null}",984.0,167494.0,984.0,118917.0,984.0,118917.0,838.1511861930194,101265.18008131825,838.1511861930194,0.0,0.0,900.1274285848776,108850.454322764,0.0,5.497557642043455,4.0,480.0,0.0,0.0,88.4000000003216,10601.800000021038,0.0,279.3000000000033,49.20000000017899,5945.850000012865,0.0,0.0,0.0,0.0,0.0,0.0,9.839999999999918,1189.1699999999983,492.0,59458.5,0.0,20.0,501.8399999999965,60647.67,0.0,0.0,900.1274285848776,108850.454322764
169,2020-06-18,2020,True,30.461748633879782,985,985,1021,102104.12894605675,868.6040430903623,13808,54,0.0,0.8212842627304134,0.18320551940448224,0.16334685713594638,0.15694917170111866,0.38345439458923236,0.9569187817258883,0.17835246423819962,348548.03836585523,0,False,False,True,"{""0"":null,""1"":null,""2"":null,""3"":null}",985.0,168479.0,985.0,119902.0,985.0,119902.0,838.9488647385006,102104.12894605675,838.9488647385006,0.0,0.0,868.6040430903668,109719.05836585436,0.0,5.497557642043455,4.0,484.0,0.0,0.0,88.50000000032196,10690.30000002136,2.249999999999659,281.55000000000297,49.25000000017917,5995.100000013044,0.0,0.0,0.0,0.0,0.0,0.0,9.849999999999909,1199.0199999999982,492.5,59951.0,1.0,21.0,502.34999999999854,61150.02,0.0,0.0,868.6040430903668,109719.05836585436
170,2020-06-19,2020,True,30.46448087431694,985,985,1021,102943.07781079525,830.6630180851884,13919,53,0.0,0.8061724626678866,0.19984868223490024,0.16323732544539282,0.15680834810808025,0.38345439458923236,0.9570253807106599,0.1996848683156736,348876.35138394043,0,False,False,True,"{""0"":null,""1"":null,""2"":null,""3"":null}",985.0,169464.0,985.0,120887.0,985.0,120887.0,838.9488647385006,102943.07781079525,838.9488647385006,0.0,0.0,830.6630180851935,110549.72138393956,0.0,5.497557642043455,4.0,488.0,0.0,0.0,88.50000000032196,10778.800000021682,2.5499999999996135,284.1000000000026,49.25000000017917,6044.3500000132235,0.0,0.0,0.0,0.0,0.0,0.0,9.849999999999909,1208.869999999998,492.5,60443.5,0.0,21.0,502.34999999999854,61652.369999999995,0.0,0.0,830.6630180851935,110549.72138393956
171,2020-06-20,2020,False,30.4672131147541,985,0,1021,102943.07781079525,0.0,13099,53,0.0,,,0.163229408056086,0.15691177729145178,0.38345439458923236,0.9588223350253806,0.12413495223435142,348876.35138394043,0,False,False,True,"{""0"":null,""1"":null,""2"":null,""3"":null}",985.0,170449.0,0.0,120887.0,0.0,120887.0,0.0,102943.07781079525,0.0,0.0,0.0,0.0,110549.72138393956,0.0,5.497557642043455,0.0,488.0,0.0,0.0,0.0,10778.800000021682,0.0,284.1000000000026,0.0,6044.3500000132235,0.0,0.0,0.0,0.0,0.0,0.0,0.0,1208.869999999998,0.0,60443.5,0.0,21.0,0.0,61652.369999999995,0.0,0.0,0.0,110549.72138393956
172,2020-06-21,2020,False,30.469945355191257,984,0,1021,102943.07781079525,0.0,13099,53,0.0,,,0.16323148944556667,0.157018985674154,0.3835202243145551,0.958780487804878,0.07394458534489287,348876.35138394043,0,False,False,True,"{""0"":null,""1"":null,""2"":null,""3"":null}",984.0,171433.0,0.0,120887.0,0.0,120887.0,0.0,102943.07781079525,0.0,0.0,0.0,0.0,110549.72138393956,0.0,5.497557642043455,0.0,488.0,0.0,0.0,0.0,10778.800000021682,0.0,284.1000000000026,0.0,6044.3500000132235,0.0,0.0,0.0,0.0,0.0,0.0,0.0,1208.869999999998,0.0,60443.5,0.0,21.0,0.0,61652.369999999995,0.0,0.0,0.0,110549.72138393956
173,2020-06-22,2020,True,30.472677595628415,984,984,1021,103781.15372434547,999.6278111241566,14038,22,0.0,0.8576909317244762,0.12290658471749152,0.16323148944556667,0.157018985674154,0.3835202243145551,0.9566920731707317,0.10309228023839682,349374.13919506455,0,False,False,True,"{""0"":null,""1"":null,""2"":null,""3"":null}",984.0,172417.0,984.0,121871.0,984.0,121871.0,838.0759135502158,103781.15372434547,838.0759135502158,0.0,0.0,999.6278111241554,111549.34919506371,0.0,5.497557642043455,4.0,492.0,0.0,0.0,88.4000000003216,10867.200000022003,7.949999999998795,292.0500000000014,49.20000000017899,6093.5500000134025,0.0,0.0,0.0,0.0,0.0,0.0,9.839999999999918,1218.709999999998,492.0,60935.5,0.0,21.0,501.8399999999965,62154.20999999999,0.0,0.0,999.6278111241554,111549.34919506371
174,2020-06-23,2020,True,30.475409836065573,984,984,1021,104619.22963789568,977.7617179275406,14102,38,0.0,0.8311928939625229,0.14656652295540645,0.16303480456784242,0.15683161674664525,0.3835202243145551,0.9571036585365853,0.13018507593185288,349850.06091299205,0,False,False,True,"{""0"":null,""1"":null,""2"":null,""3"":null}",984.0,173401.0,984.0,122855.0,984.0,122855.0,838.0759135502158,104619.22963789568,838.0759135502158,0.0,0.0,977.7617179275403,112527.11091299125,0.0,5.497557642043455,4.0,496.0,0.0,0.0,88.4000000003216,10955.600000022325,0.0,292.0500000000014,49.20000000017899,6142.7500000135815,0.0,0.0,0.0,0.0,0.0,0.0,9.839999999999918,1228.549999999998,492.0,61427.5,0.0,21.0,501.8399999999965,62656.04999999999,0.0,0.0,977.7617179275403,112527.11091299125
175,2020-06-24,2020,True,30.47814207650273,983,983,1021,105456.37022742938,902.2834725273473,14184,62,0.13327243237275793,0.8168544660408441,0.18202180058845083,0.16301662961842855,0.15704430432671945,0.3835096261198085,0.9567548321464904,0.15497944256734816,350251.0143855194,0,False,False,True,"{""0"":null,""1"":null,""2"":null,""3"":null}",983.0,174384.0,983.0,123838.0,983.0,123838.0,837.1405895336939,105456.37022742938,837.1405895336939,0.0,0.0,902.2834725273424,113429.3943855186,0.13327243237275788,5.630830074416213,4.0,500.0,0.0,0.0,88.30000000032123,11043.900000022646,0.0,292.0500000000014,49.15000000017881,6191.90000001376,0.0,0.0,0.0,0.0,0.0,0.0,9.829999999999927,1238.3799999999978,491.5,61919.0,0.0,21.0,501.33000000000175,63157.37999999999,0.0,0.0,902.2834725273424,113429.3943855186
176,2020-06-25,2020,True,30.48087431693989,982,982,1021,106292.60898927525,865.9693588255483,14325,58,0.0,0.8034809072047184,0.19246206508136368,0.16330662559228637,0.15703539757926963,0.383706526009486,0.9568329938900204,0.17820242203040862,350616.1637443449,0,False,False,True,"{""0"":null,""1"":null,""2"":null,""3"":null}",982.0,175366.0,982.0,124820.0,982.0,124820.0,836.2387618458743,106292.60898927525,836.2387618458743,0.0,0.0,865.9693588255468,114295.36374434414,0.0,5.630830074416213,4.0,504.0,0.0,0.0,88.20000000032087,11132.100000022967,3.2999999999994998,295.3500000000009,49.100000000178625,6241.000000013939,0.0,0.0,0.0,0.0,0.0,0.0,9.819999999999936,1248.1999999999978,491.0,62410.0,0.0,21.0,500.8199999999997,63658.19999999999,0.0,0.0,865.9693588255468,114295.36374434414
177,2020-06-26,2020,True,30.483606557377048,982,982,1021,107128.84775112112,828.9207215981886,14410,61,0.0,0.7973750838148312,0.19466581282880052,0.16337967433999517,0.15699955194343823,0.383706526009486,0.9569297352342159,0.1995397531748751,350944.2644659431,0,False,False,True,"{""0"":null,""1"":null,""2"":null,""3"":null}",982.0,176348.0,982.0,125802.0,982.0,125802.0,836.2387618458743,107128.84775112112,836.2387618458743,0.0,0.0,828.9207215981878,115124.28446594233,0.0,5.630830074416213,4.0,508.0,0.0,0.0,88.20000000032087,11220.300000023288,2.399999999999636,297.7500000000005,49.100000000178625,6290.1000000141175,0.0,0.0,0.0,0.0,0.0,0.0,9.819999999999936,1258.0199999999977,491.0,62901.0,0.0,21.0,500.8199999999997,64159.01999999999,0.0,0.0,828.9207215981878,115124.28446594233
178,2020-06-27,2020,False,30.48633879781421,983,0,1022,107128.84775112112,0.0,13599,61,0.0,,,0.16347481290694837,0.15658389493404495,0.38395865742973967,0.9583621566632757,0.12402679903873709,350943.2644659431,0,False,False,True,"{""0"":null,""1"":null,""2"":null,""3"":null}",983.0,177331.0,0.0,125802.0,0.0,125802.0,0.0,107128.84775112112,0.0,0.0,0.0,0.0,115124.28446594233,0.0,5.630830074416213,0.0,508.0,0.0,0.0,0.0,11220.300000023288,0.0,297.7500000000005,0.0,6290.1000000141175,0.0,0.0,0.0,0.0,0.0,0.0,0.0,1258.0199999999977,0.0,62901.0,1.0,22.0,0.0,64159.01999999999,0.0,0.0,0.0,115124.28446594233
179,2020-06-28,2020,False,30.489071038251367,983,0,1022,107128.84775112112,0.0,13599,61,0.0,,,0.16347481290694835,0.15658389493404498,0.38395865742973967,0.9583621566632757,0.07380661946460348,350943.2644659431,0,False,False,True,"{""0"":null,""1"":null,""2"":null,""3"":null}",983.0,178314.0,0.0,125802.0,0.0,125802.0,0.0,107128.84775112112,0.0,0.0,0.0,0.0,115124.28446594233,0.0,5.630830074416213,0.0,508.0,0.0,0.0,0.0,11220.300000023288,0.0,297.7500000000005,0.0,6290.1000000141175,0.0,0.0,0.0,0.0,0.0,0.0,0.0,1258.0199999999977,0.0,62901.0,0.0,22.0,0.0,64159.01999999999,0.0,0.0,0.0,115124.28446594233
180,2020-06-29,2020,True,30.491803278688526,983,983,1022,107965.84353271163,1001.717736050969,14564,15,0.0,0.8484184026133412,0.12654955578197985,0.16347481290694837,0.15658389493404495,0.38395865742973967,0.95676500508647,0.10300509367219837,351443.65220199403,0,False,False,True,"{""0"":null,""1"":null,""2"":null,""3"":null}",983.0,179297.0,983.0,126785.0,983.0,126785.0,836.9957815905072,107965.84353271163,836.9957815905072,0.0,0.0,1001.7177360509668,116126.0022019933,0.0,5.630830074416213,4.0,512.0,0.0,0.0,88.30000000032123,11308.600000023609,9.149999999998613,306.8999999999991,49.15000000017881,6339.250000014296,0.0,0.0,0.0,0.0,0.0,0.0,9.829999999999927,1267.8499999999976,491.5,63392.5,0.0,22.0,501.33000000000175,64660.34999999999,0.0,0.0,1001.7177360509668,116126.0022019933
181,2020-06-30,2020,True,30.494535519125684,983,983,1022,108802.83931430214,981.158502109786,14594,27,0.0,0.8168890465241099,0.1831671471203462,0.1632939790405856,0.15636609014749348,0.38395865742973967,0.9568006103763987,0.1301221690622965,351923.48070410383,0,False,False,True,"{""0"":null,""1"":null,""2"":null,""3"":null}",983.0,180280.0,983.0,127768.0,983.0,127768.0,836.9957815905072,108802.83931430214,836.9957815905072,0.0,0.0,981.1585021097853,117107.16070410308,0.0,5.630830074416213,4.0,516.0,0.0,0.0,88.30000000032123,11396.90000002393,0.0,306.8999999999991,49.15000000017881,6388.400000014475,0.0,0.0,0.0,0.0,0.0,0.0,9.829999999999927,1277.6799999999976,491.5,63884.0,0.0,22.0,501.33000000000175,65161.67999999999,0.0,0.0,981.1585021097853,117107.16070410308
182,2020-07-01,2020,True,30.497267759562842,985,985,1024,109641.57869452811,1143.805401340906,14704,41,0.13594841828826015,0.8466832620280265,0.14538384281535216,0.16291362029402057,0.15447245003327514,0.38377235573480883,0.9558223350253807,0.1550789079559582,352562.93610544474,0,False,False,True,"{""0"":null,""1"":null,""2"":null,""3"":null}",985.0,181265.0,985.0,128753.0,985.0,128753.0,838.7393802259758,109641.57869452811,838.7393802259758,0.0,0.0,1143.8054013409128,118250.966105444,0.13594841828826,5.766778492704473,4.0,520.0,0.0,0.0,88.50000000032196,11485.400000024252,0.0,306.8999999999991,49.25000000017917,6437.650000014654,0.0,0.0,0.0,0.0,0.0,0.0,9.849999999999909,1287.5299999999975,492.5,64376.5,2.0,24.0,502.3500000000058,65664.03,0.0,0.0,1143.8054013409128,118250.966105444
183,2020-07-02,2020,True,30.5,985,985,1024,110480.31807475409,1059.293908360647,14799,46,0.1784234035482156,0.8273948910066644,0.17661684126227767,0.1628224991468865,0.1543619466478952,0.38377235573480883,0.9551928934010152,0.17821879158439458,353119.8800138054,0,False,False,True,"{""0"":null,""1"":null,""2"":null,""3"":null}",985.0,182250.0,985.0,129738.0,985.0,129738.0,838.7393802259758,110480.31807475409,838.7393802259758,0.0,0.0,1059.293908360647,119310.26001380464,0.17842340354821573,5.945201896252689,4.0,524.0,0.0,0.0,88.50000000032196,11573.900000024574,2.249999999999659,309.1499999999988,49.25000000017917,6486.9000000148335,0.0,0.0,0.0,0.0,0.0,0.0,9.849999999999909,1297.3799999999974,492.5,64869.0,0.0,24.0,502.3500000000058,66166.38,0.0,0.0,1059.293908360647,119310.26001380464
184,2020-07-03,2020,True,30.502732240437158,985,985,1024,111319.05745498007,1026.1793822730601,14915,47,0.0,0.8081393345330627,0.19317055978636682,0.1626507501270768,0.1542398050013389,0.38377235573480883,0.9551725888324873,0.19945955678546537,353643.7093960785,0,False,False,True,"{""0"":null,""1"":null,""2"":null,""3"":null}",985.0,183235.0,985.0,130723.0,985.0,130723.0,838.7393802259758,111319.05745498007,838.7393802259758,0.0,0.0,1026.1793822730542,120336.4393960777,0.0,5.945201896252689,4.0,528.0,0.0,0.0,88.50000000032196,11662.400000024896,1.7999999999997272,310.9499999999985,49.25000000017917,6536.150000015013,0.0,0.0,0.0,0.0,0.0,0.0,9.849999999999909,1307.2299999999973,492.5,65361.5,0.0,24.0,502.3500000000058,66668.73000000001,0.0,0.0,1026.1793822730542,120336.4393960777
185,2020-07-04,2020,False,30.505464480874316,985,0,1024,111319.05745498007,0.0,14099,47,0.0,,,0.1625510584524428,0.154021937965166,0.38377235573480883,0.9570406091370558,0.12415458597643636,353643.7093960785,0,False,False,True,"{""0"":null,""1"":null,""2"":null,""3"":null}",985.0,184220.0,0.0,130723.0,0.0,130723.0,0.0,111319.05745498007,0.0,0.0,0.0,0.0,120336.4393960777,0.0,5.945201896252689,0.0,528.0,0.0,0.0,0.0,11662.400000024896,0.0,310.9499999999985,0.0,6536.150000015013,0.0,0.0,0.0,0.0,0.0,0.0,0.0,1307.2299999999973,0.0,65361.5,0.0,24.0,0.0,66668.73000000001,0.0,0.0,0.0,120336.4393960777
186,2020-07-05,2020,False,30.508196721311474,984,0,1024,111319.05745498007,0.0,14099,47,0.0,,,0.16245435054627622,0.15385614314510776,0.3837617575400622,0.9569969512195121,0.07382524138002641,353643.7093960785,0,False,False,True,"{""0"":null,""1"":null,""2"":null,""3"":null}",984.0,185204.0,0.0,130723.0,0.0,130723.0,0.0,111319.05745498007,0.0,0.0,0.0,0.0,120336.4393960777,0.0,5.945201896252689,0.0,528.0,0.0,0.0,0.0,11662.400000024896,0.0,310.9499999999985,0.0,6536.150000015013,0.0,0.0,0.0,0.0,0.0,0.0,0.0,1307.2299999999973,0.0,65361.5,0.0,24.0,0.0,66668.73000000001,0.0,0.0,0.0,120336.4393960777
187,2020-07-06,2020,True,30.510928961748633,983,983,1024,112155.93807044653,1242.833547861471,15045,15,0.0,0.8351142336587632,0.1564112403232614,0.16221469646301667,0.15351979021703138,0.3835096261198085,0.9553509664292981,0.10301977298600654,354385.21294393996,0,False,False,True,"{""0"":null,""1"":null,""2"":null,""3"":null}",983.0,186187.0,983.0,131706.0,983.0,131706.0,836.8806154664635,112155.93807044653,836.8806154664635,0.0,0.0,1242.8335478614754,121579.27294393917,0.0,5.945201896252689,4.0,532.0,0.0,0.0,88.30000000032123,11750.700000025217,7.049999999998931,317.99999999999744,49.15000000017881,6585.3000000151915,0.0,0.0,0.0,0.0,0.0,0.0,9.829999999999927,1317.0599999999972,491.5,65853.0,0.0,24.0,501.33000000000175,67170.06000000001,0.0,0.0,1242.8335478614754,121579.27294393917
188,2020-07-07,2020,True,30.51366120218579,984,984,1025,112993.56292535544,1190.7661893535512,15096,35,0.0,0.8130024370763413,0.19140769822086276,0.16240487352604455,0.1530500373448702,0.3837617575400622,0.9554420731707317,0.13000457316528685,355073.1391332935,0,False,False,True,"{""0"":null,""1"":null,""2"":null,""3"":null}",984.0,187171.0,984.0,132690.0,984.0,132690.0,837.6248549089069,112993.56292535544,837.6248549089069,0.0,0.0,1190.766189353555,122770.03913329272,0.0,5.945201896252689,4.0,536.0,0.0,0.0,88.4000000003216,11839.100000025539,0.0,317.99999999999744,49.20000000017899,6634.5000000153705,0.0,0.0,0.0,0.0,0.0,0.0,9.839999999999918,1326.8999999999971,492.0,66345.0,1.0,25.0,501.8399999999965,67671.90000000001,0.0,0.0,1190.766189353555,122770.03913329272
189,2020-07-08,2020,True,30.516393442622952,985,985,1026,113832.18621094897,1123.3435756935191,15186,57,0.0,0.8152779093270566,0.1708978714518878,0.16227200391048147,0.15197953812054393,0.38377235573480883,0.9546700507614213,0.1550458629563904,355693.132708987,0,False,False,True,"{""0"":null,""1"":null,""2"":null,""3"":null}",985.0,188156.0,985.0,133675.0,985.0,133675.0,838.6232855935377,113832.18621094897,838.6232855935377,0.0,0.0,1123.3435756935214,123893.38270898625,0.0,5.945201896252689,4.0,540.0,0.0,0.0,88.50000000032196,11927.600000025861,0.0,317.99999999999744,49.25000000017917,6683.75000001555,0.0,0.0,0.0,0.0,0.0,0.0,9.849999999999909,1336.749999999997,492.5,66837.5,1.0,26.0,502.3500000000058,68174.25000000001,0.0,0.0,1123.3435756935214,123893.38270898625
190,2020-07-09,2020,True,30.51912568306011,984,984,1026,114670.06549368707,1061.2356453952614,15319,61,0.0,0.8261794596381062,0.16725613106120168,0.1622797313391418,0.15219145656522234,0.38396925562448636,0.9546138211382114,0.17832655928189578,356252.5283543822,0,False,False,True,"{""0"":null,""1"":null,""2"":null,""3"":null}",984.0,189140.0,984.0,134659.0,984.0,134659.0,837.8792827380967,114670.06549368707,837.8792827380967,0.0,0.0,1061.235645395267,124954.61835438151,0.0,5.945201896252689,4.0,544.0,0.0,0.0,88.4000000003216,12016.000000026183,2.249999999999659,320.2499999999971,49.20000000017899,6732.950000015729,0.0,0.0,0.0,0.0,0.0,0.0,9.839999999999918,1346.589999999997,492.0,67329.5,0.0,26.0,501.8399999999965,68676.09000000001,0.0,0.0,1061.235645395267,124954.61835438151
191,2020-07-10,2020,True,30.52185792349727,984,984,1027,115507.87187620047,1029.816320634482,15421,53,0.0,0.7835432020146855,0.19872089117894043,0.16215545317273342,0.15119969359023455,0.3837617575400622,0.9547256097560977,0.19951437444217737,356779.5046750167,0,False,False,True,"{""0"":null,""1"":null,""2"":null,""3"":null}",984.0,190124.0,984.0,135643.0,984.0,135643.0,837.8063825134013,115507.87187620047,837.8063825134013,0.0,0.0,1029.8163206344761,125984.43467501599,0.0,5.945201896252689,4.0,548.0,0.0,0.0,88.4000000003216,12104.400000026504,2.9999999999995453,323.24999999999665,49.20000000017899,6782.150000015908,0.0,0.0,0.0,0.0,0.0,0.0,9.839999999999918,1356.4299999999969,492.0,67821.5,1.0,27.0,501.8399999999965,69177.93000000001,0.0,0.0,1029.8163206344761,125984.43467501599
192,2020-07-11,2020,False,30.524590163934427,984,0,1027,115507.87187620047,0.0,14599,53,0.0,,,0.16206555880615586,0.15120674504520973,0.3837617575400622,0.9565243902439025,0.12432038160595321,356779.5046750167,0,False,False,True,"{""0"":null,""1"":null,""2"":null,""3"":null}",984.0,191108.0,0.0,135643.0,0.0,135643.0,0.0,115507.87187620047,0.0,0.0,0.0,0.0,125984.43467501599,0.0,5.945201896252689,0.0,548.0,0.0,0.0,0.0,12104.400000026504,0.0,323.24999999999665,0.0,6782.150000015908,0.0,0.0,0.0,0.0,0.0,0.0,0.0,1356.4299999999969,0.0,67821.5,0.0,27.0,0.0,69177.93000000001,0.0,0.0,0.0,125984.43467501599
193,2020-07-12,2020,False,30.527322404371585,984,0,1028,115507.87187620047,0.0,14599,53,0.0,,,0.16195340003382747,0.15040432259080813,0.3835202243145551,0.9562957317073171,0.07419131597533808,356778.5046750167,0,False,False,True,"{""0"":null,""1"":null,""2"":null,""3"":null}",984.0,192092.0,0.0,135643.0,0.0,135643.0,0.0,115507.87187620047,0.0,0.0,0.0,0.0,125984.43467501599,0.0,5.945201896252689,0.0,548.0,0.0,0.0,0.0,12104.400000026504,0.0,323.24999999999665,0.0,6782.150000015908,0.0,0.0,0.0,0.0,0.0,0.0,0.0,1356.4299999999969,0.0,67821.5,1.0,28.0,0.0,69177.93000000001,0.0,0.0,0.0,125984.43467501599
194,2020-07-13,2020,True,30.530054644808743,984,984,1028,116345.65199361274,1272.1747055278706,15564,19,0.0,0.8597237555719952,0.138127013490872,0.16195340003382747,0.15040432259080813,0.3835202243145551,0.9550254065040651,0.10326486700700815,357548.83938054455,0,False,False,True,"{""0"":null,""1"":null,""2"":null,""3"":null}",984.0,193076.0,984.0,136627.0,984.0,136627.0,837.7801174122724,116345.65199361274,837.7801174122724,0.0,0.0,1272.1747055278684,127256.60938054386,0.0,5.945201896252689,4.0,552.0,0.0,0.0,88.4000000003216,12192.800000026826,7.949999999998795,331.19999999999544,49.20000000017899,6831.350000016087,0.0,0.0,0.0,0.0,0.0,0.0,9.839999999999918,1366.2699999999968,492.0,68313.5,0.0,28.0,501.8399999999965,69679.77,0.0,0.0,1272.1747055278684,127256.60938054386
195,2020-07-14,2020,True,30.5327868852459,984,984,1028,117183.43211102502,1184.7950921133345,15612,40,0.17853310592138985,0.8140612850676194,0.16225752106966324,0.16202694969399423,0.15033680086850879,0.3835202243145551,0.9555386178861789,0.1302958398781378,358231.79447265784,0,False,False,True,"{""0"":null,""1"":null,""2"":null,""3"":null}",984.0,194060.0,984.0,137611.0,984.0,137611.0,837.7801174122724,117183.43211102502,837.7801174122724,0.0,0.0,1184.7950921133306,128441.40447265719,0.1785331059213897,6.123735002174079,4.0,556.0,0.0,0.0,88.4000000003216,12281.200000027147,0.0,331.19999999999544,49.20000000017899,6880.550000016266,0.0,0.0,0.0,0.0,0.0,0.0,9.839999999999918,1376.1099999999967,492.0,68805.5,0.0,28.0,501.8399999999965,70181.61,0.0,0.0,1184.7950921133306,128441.40447265719
196,2020-07-15,2020,True,30.53551912568306,984,984,1028,118021.21222843729,1110.6525409025005,15691,60,0.0,0.8323131273806267,0.16878548330738438,0.16193300116533596,0.1502220629124084,0.3835202243145551,0.9551321138211383,0.15534627743496093,358840.6070135603,0,False,False,True,"{""0"":null,""1"":null,""2"":null,""3"":null}",984.0,195044.0,984.0,138595.0,984.0,138595.0,837.7801174122724,118021.21222843729,837.7801174122724,0.0,0.0,1110.6525409025053,129552.0570135597,0.0,6.123735002174079,4.0,560.0,0.0,0.0,88.4000000003216,12369.600000027469,0.0,331.19999999999544,49.20000000017899,6929.750000016445,0.0,0.0,0.0,0.0,0.0,0.0,9.839999999999918,1385.9499999999966,492.0,69297.5,0.0,28.0,501.8399999999965,70683.45,0.0,0.0,1110.6525409025053,129552.0570135597
197,2020-07-16,2020,True,30.538251366120218,984,984,1028,118858.99234584956,1082.1774663027097,15834,54,0.0,0.8415341353337208,0.1565097728552956,0.16194515350491254,0.15022717498799332,0.3835202243145551,0.9551626016260163,0.17846097635571828,359420.944479863,0,False,False,True,"{""0"":null,""1"":null,""2"":null,""3"":null}",984.0,196028.0,984.0,139579.0,984.0,139579.0,837.7801174122724,118858.99234584956,837.7801174122724,0.0,0.0,1082.1774663027027,130634.2344798624,0.0,6.123735002174079,4.0,564.0,0.0,0.0,88.4000000003216,12458.00000002779,2.849999999999568,334.049999999995,49.20000000017899,6978.950000016624,0.0,0.0,0.0,0.0,0.0,0.0,9.839999999999918,1395.7899999999966,492.0,69789.5,0.0,28.0,501.8399999999965,71185.29,0.0,0.0,1082.1774663027027,130634.2344798624
198,2020-07-17,2020,True,30.540983606557376,984,984,1028,119696.77246326183,1032.3987036207084,15922,42,0.14489426589248827,0.8150984208206056,0.16796969900775582,0.1618372315228659,0.15022242842508016,0.3835202243145551,0.9550762195121951,0.19977114092544657,359951.50318348367,0,False,False,True,"{""0"":null,""1"":null,""2"":null,""3"":null}",984.0,197012.0,984.0,140563.0,984.0,140563.0,837.7801174122724,119696.77246326183,837.7801174122724,0.0,0.0,1032.3987036206963,131666.6331834831,0.14489426589248833,6.268629268066567,4.0,568.0,0.0,0.0,88.4000000003216,12546.400000028112,3.1499999999995225,337.19999999999453,49.20000000017899,7028.150000016803,0.0,0.0,0.0,0.0,0.0,0.0,9.839999999999918,1405.6299999999965,492.0,70281.5,0.0,28.0,501.8399999999965,71687.12999999999,0.0,0.0,1032.3987036206963,131666.6331834831
199,2020-07-18,2020,False,30.543715846994537,984,0,1028,119696.77246326183,0.0,15099,42,0.0,,,0.16184678183882908,0.15028427632838154,0.3835202243145551,0.9568241869918699,0.12453634612554745,359951.50318348367,0,False,False,True,"{""0"":null,""1"":null,""2"":null,""3"":null}",984.0,197996.0,0.0,140563.0,0.0,140563.0,0.0,119696.77246326183,0.0,0.0,0.0,0.0,131666.6331834831,0.0,6.268629268066567,0.0,568.0,0.0,0.0,0.0,12546.400000028112,0.0,337.19999999999453,0.0,7028.150000016803,0.0,0.0,0.0,0.0,0.0,0.0,0.0,1405.6299999999965,0.0,70281.5,0.0,28.0,0.0,71687.12999999999,0.0,0.0,0.0,131666.6331834831
200,2020-07-19,2020,False,30.546448087431695,984,0,1029,119696.77246326183,0.0,15099,42,0.0,,,0.16184148815554672,0.14960148426119674,0.3837617575400622,0.9565193089430895,0.07444247944672905,359950.50318348367,0,False,False,True,"{""0"":null,""1"":null,""2"":null,""3"":null}",984.0,198980.0,0.0,140563.0,0.0,140563.0,0.0,119696.77246326183,0.0,0.0,0.0,0.0,131666.6331834831,0.0,6.268629268066567,0.0,568.0,0.0,0.0,0.0,12546.400000028112,0.0,337.19999999999453,0.0,7028.150000016803,0.0,0.0,0.0,0.0,0.0,0.0,0.0,1405.6299999999965,0.0,70281.5,1.0,29.0,0.0,71687.12999999999,0.0,0.0,0.0,131666.6331834831
201,2020-07-20,2020,True,30.549180327868854,984,984,1029,120534.28749623544,1248.3850181712571,16048,11,0.0,0.8231568770492299,0.15663374603134073,0.16184148815554672,0.14960148426119674,0.3837617575400622,0.9549847560975611,0.10347653890373368,360697.0482016549,0,False,False,True,"{""0"":null,""1"":null,""2"":null,""3"":null}",984.0,199964.0,984.0,141547.0,984.0,141547.0,837.5150329736061,120534.28749623544,837.5150329736061,0.0,0.0,1248.3850181712478,132915.01820165434,0.0,6.268629268066567,4.0,572.0,0.0,0.0,88.4000000003216,12634.800000028434,6.299999999999045,343.4999999999936,49.20000000017899,7077.3500000169815,0.0,0.0,0.0,0.0,0.0,0.0,9.839999999999918,1415.4699999999964,492.0,70773.5,0.0,29.0,501.8399999999965,72188.96999999999,0.0,0.0,1248.3850181712478,132915.01820165434
202,2020-07-21,2020,True,30.55191256830601,984,984,1029,121371.80252920905,1168.2144363755758,16096,30,0.0,0.8394460756555017,0.15603287433687507,0.16182686177022865,0.1493802854122224,0.3837617575400622,0.9548831300813009,0.13051892190654182,361363.4226380305,0,False,False,True,"{""0"":null,""1"":null,""2"":null,""3"":null}",984.0,200948.0,984.0,142531.0,984.0,142531.0,837.5150329736061,121371.80252920905,837.5150329736061,0.0,0.0,1168.2144363755651,134083.2326380299,0.0,6.268629268066567,4.0,576.0,0.0,0.0,88.4000000003216,12723.200000028755,0.0,343.4999999999936,49.20000000017899,7126.5500000171605,0.0,0.0,0.0,0.0,0.0,0.0,9.839999999999918,1425.3099999999963,492.0,71265.5,0.0,29.0,501.8399999999965,72690.80999999998,0.0,0.0,1168.2144363755651,134083.2326380299
203,2020-07-22,2020,True,30.55464480874317,984,984,1029,122209.31756218265,1138.91560351989,16208,43,0.0,0.8343398532514615,0.1593429003985442,0.1618037027132603,0.14942395311799223,0.3837617575400622,0.9549644308943089,0.1554908667992777,362000.49824155035,0,False,False,True,"{""0"":null,""1"":null,""2"":null,""3"":null}",984.0,201932.0,984.0,143515.0,984.0,143515.0,837.5150329736061,122209.31756218265,837.5150329736061,0.0,0.0,1138.915603519883,135222.1482415498,0.0,6.268629268066567,4.0,580.0,0.0,0.0,88.4000000003216,12811.600000029077,0.0,343.4999999999936,49.20000000017899,7175.7500000173395,0.0,0.0,0.0,0.0,0.0,0.0,9.839999999999918,1435.1499999999962,492.0,71757.5,0.0,29.0,501.8399999999965,73192.64999999998,0.0,0.0,1138.915603519883,135222.1482415498
204,2020-07-23,2020,True,30.557377049180328,984,984,1029,123046.83259515626,1067.9686933718276,16345,37,0.0,0.8078840057796596,0.18302334049397737,0.16170633764168474,0.1494542437022876,0.3837617575400622,0.9556707317073171,0.17856319196651435,362566.6269349221,0,False,False,True,"{""0"":null,""1"":null,""2"":null,""3"":null}",984.0,202916.0,984.0,144499.0,984.0,144499.0,837.5150329736061,123046.83259515626,837.5150329736061,0.0,0.0,1067.968693371833,136290.11693492162,0.0,6.268629268066567,4.0,584.0,0.0,0.0,88.4000000003216,12900.000000029399,1.6499999999997499,345.1499999999933,49.20000000017899,7224.9500000175185,0.0,0.0,0.0,0.0,0.0,0.0,9.839999999999918,1444.9899999999961,492.0,72249.5,0.0,29.0,501.8399999999965,73694.48999999998,0.0,0.0,1067.968693371833,136290.11693492162
205,2020-07-24,2020,True,30.560109289617486,984,984,1029,123884.34762812986,1040.2615788726323,16433,35,0.0,0.8007907231224671,0.19767724292828057,0.16175843685516425,0.149047060976731,0.3837617575400622,0.9557418699186992,0.199778364588138,363105.0485137947,0,False,False,True,"{""0"":null,""1"":null,""2"":null,""3"":null}",984.0,203900.0,984.0,145483.0,984.0,145483.0,837.5150329736061,123884.34762812986,837.5150329736061,0.0,0.0,1040.2615788726253,137330.37851379425,0.0,6.268629268066567,4.0,588.0,0.0,0.0,88.4000000003216,12988.40000002972,2.849999999999568,347.9999999999929,49.20000000017899,7274.1500000176975,0.0,0.0,0.0,0.0,0.0,0.0,9.839999999999918,1454.829999999996,492.0,72741.5,0.0,29.0,501.8399999999965,74196.32999999997,0.0,0.0,1040.2615788726253,137330.37851379425
206,2020-07-25,2020,False,30.562841530054644,985,0,1030,123884.34762812986,0.0,15599,35,0.0,,,0.16183566738470886,0.14841652329807886,0.38377235573480883,0.9569543147208122,0.12444090574439143,363104.0485137947,0,False,False,True,"{""0"":null,""1"":null,""2"":null,""3"":null}",985.0,204885.0,0.0,145483.0,0.0,145483.0,0.0,123884.34762812986,0.0,0.0,0.0,0.0,137330.37851379425,0.0,6.268629268066567,0.0,588.0,0.0,0.0,0.0,12988.40000002972,0.0,347.9999999999929,0.0,7274.1500000176975,0.0,0.0,0.0,0.0,0.0,0.0,0.0,1454.829999999996,0.0,72741.5,1.0,30.0,0.0,74196.32999999997,0.0,0.0,0.0,137330.37851379425
207,2020-07-26,2020,False,30.565573770491802,985,0,1030,123884.34762812986,0.0,15599,35,0.0,,,0.16183566738470886,0.14841652329807883,0.38377235573480883,0.9569543147208122,0.07456738181260991,363104.0485137947,0,False,False,True,"{""0"":null,""1"":null,""2"":null,""3"":null}",985.0,205870.0,0.0,145483.0,0.0,145483.0,0.0,123884.34762812986,0.0,0.0,0.0,0.0,137330.37851379425,0.0,6.268629268066567,0.0,588.0,0.0,0.0,0.0,12988.40000002972,0.0,347.9999999999929,0.0,7274.1500000176975,0.0,0.0,0.0,0.0,0.0,0.0,0.0,1454.829999999996,0.0,72741.5,0.0,30.0,0.0,74196.32999999997,0.0,0.0,0.0,137330.37851379425
208,2020-07-27,2020,True,30.56830601092896,985,985,1030,124722.79673680683,1252.2311256412763,16555,18,0.0,0.8406269123626542,0.15593798739501508,0.16183566738470886,0.14841652329807883,0.38377235573480883,0.955741116751269,0.10351981821685431,363853.929639436,0,False,False,True,"{""0"":null,""1"":null,""2"":null,""3"":null}",985.0,206855.0,985.0,146468.0,985.0,146468.0,838.4491086769704,124722.79673680683,838.4491086769704,0.0,0.0,1252.231125641265,138582.6096394355,0.0,6.268629268066567,4.0,592.0,0.0,0.0,88.50000000032196,13076.900000030042,5.249999999999204,353.2499999999921,49.25000000017917,7323.400000017877,0.0,0.0,0.0,0.0,0.0,0.0,9.849999999999909,1464.679999999996,492.5,73234.0,0.0,30.0,502.3500000000058,74698.67999999998,0.0,0.0,1252.231125641265,138582.6096394355
209,2020-07-28,2020,True,30.57103825136612,985,985,1030,125561.2458454838,1190.3852207762977,16627,38,0.0,0.8314681940713483,0.1606024979747431,0.16180811570277348,0.14860572157049196,0.38377235573480883,0.9559746192893401,0.1304323731896661,364541.96486021235,0,False,False,True,"{""0"":null,""1"":null,""2"":null,""3"":null}",985.0,207840.0,985.0,147453.0,985.0,147453.0,838.4491086769704,125561.2458454838,838.4491086769704,0.0,0.0,1190.385220776312,139772.99486021182,0.0,6.268629268066567,4.0,596.0,0.0,0.0,88.50000000032196,13165.400000030364,0.0,353.2499999999921,49.25000000017917,7372.650000018056,0.0,0.0,0.0,0.0,0.0,0.0,9.849999999999909,1474.5299999999959,492.5,73726.5,0.0,30.0,502.3500000000058,75201.02999999998,0.0,0.0,1190.385220776312,139772.99486021182
210,2020-07-29,2020,True,30.57377049180328,985,985,1030,126399.69495416078,1156.6655276004412,16741,50,0.0,0.8243417945829462,0.160905020083712,0.16195795996222156,0.14864514796606,0.38377235573480883,0.9563553299492386,0.15540571035485046,365196.2803878128,0,False,False,True,"{""0"":null,""1"":null,""2"":null,""3"":null}",985.0,208825.0,985.0,148438.0,985.0,148438.0,838.4491086769704,126399.69495416078,838.4491086769704,0.0,0.0,1156.6655276004458,140929.66038781227,0.0,6.268629268066567,4.0,600.0,0.0,0.0,88.50000000032196,13253.900000030686,0.0,353.2499999999921,49.25000000017917,7421.900000018235,0.0,0.0,0.0,0.0,0.0,0.0,9.849999999999909,1484.3799999999958,492.5,74219.0,0.0,30.0,502.3500000000058,75703.37999999999,0.0,0.0,1156.6655276004458,140929.66038781227
211,2020-07-30,2020,True,30.57650273224044,985,985,1030,127238.14406283775,1105.908429881898,16844,53,0.0,0.8141914690236715,0.16878670327710663,0.16197721875575138,0.14873592291070212,0.38377235573480883,0.9564619289340102,0.1785273373222388,365799.83881769475,0,False,False,True,"{""0"":null,""1"":null,""2"":null,""3"":null}",985.0,209810.0,985.0,149423.0,985.0,149423.0,838.4491086769704,127238.14406283775,838.4491086769704,0.0,0.0,1105.908429881907,142035.56881769418,0.0,6.268629268066567,4.0,604.0,0.0,0.0,88.50000000032196,13342.400000031008,2.6999999999995907,355.9499999999917,49.25000000017917,7471.150000018414,0.0,0.0,0.0,0.0,0.0,0.0,9.849999999999909,1494.2299999999957,492.5,74711.5,0.0,30.0,502.3500000000058,76205.73,0.0,0.0,1105.908429881907,142035.56881769418
212,2020-07-31,2020,True,30.579234972677597,986,986,1031,128077.31820201858,1052.9793723225093,16948,43,0.0,0.8154737749172302,0.17349372367642618,0.1622091964016495,0.14784354705202524,0.383706526009486,0.956313387423935,0.19969242373449858,366348.95819001726,0,False,False,True,"{""0"":null,""1"":null,""2"":null,""3"":null}",986.0,210796.0,986.0,150409.0,986.0,150409.0,839.1741391808318,128077.31820201858,839.1741391808318,0.0,0.0,1052.9793723225011,143088.54819001668,0.0,6.268629268066567,4.0,608.0,0.0,0.0,88.60000000032232,13431.00000003133,2.9999999999995453,358.94999999999123,49.30000000017935,7520.4500000185935,0.0,0.0,0.0,0.0,0.0,0.0,9.8599999999999,1504.0899999999956,493.0,75204.5,1.0,31.0,502.8600000000006,76708.59,0.0,0.0,1052.9793723225011,143088.54819001668
213,2020-08-01,2020,False,30.581967213114755,987,0,1032,128077.31820201858,0.0,16099,43,0.0,,,0.16181798613760778,0.14677650679443183,0.3835096261198085,0.9571377912867275,0.1242494126085311,366347.95819001726,0,False,False,True,"{""0"":null,""1"":null,""2"":null,""3"":null}",987.0,211783.0,0.0,150409.0,0.0,150409.0,0.0,128077.31820201858,0.0,0.0,0.0,0.0,143088.54819001668,0.0,6.268629268066567,0.0,608.0,0.0,0.0,0.0,13431.00000003133,0.0,358.94999999999123,0.0,7520.4500000185935,0.0,0.0,0.0,0.0,0.0,0.0,0.0,1504.0899999999956,0.0,75204.5,1.0,32.0,0.0,76708.59,0.0,0.0,0.0,143088.54819001668
214,2020-08-02,2020,False,30.584699453551913,987,0,1032,128077.31820201858,0.0,16099,43,0.0,,,0.16181798613760778,0.14677650679443183,0.3835096261198085,0.9571377912867275,0.0743281595664125,366347.95819001726,0,False,False,True,"{""0"":null,""1"":null,""2"":null,""3"":null}",987.0,212770.0,0.0,150409.0,0.0,150409.0,0.0,128077.31820201858,0.0,0.0,0.0,0.0,143088.54819001668,0.0,6.268629268066567,0.0,608.0,0.0,0.0,0.0,13431.00000003133,0.0,358.94999999999123,0.0,7520.4500000185935,0.0,0.0,0.0,0.0,0.0,0.0,0.0,1504.0899999999956,0.0,75204.5,0.0,32.0,0.0,76708.59,0.0,0.0,0.0,143088.54819001668
215,2020-08-03,2020,True,30.58743169398907,987,987,1032,128917.46208588567,1255.4408298497,17055,18,0.0,0.8500489349773999,0.1229664725138655,0.16181798613760778,0.14677650679443183,0.3835096261198085,0.9556990881458967,0.10326728336311128,367100.02901986695,0,False,False,True,"{""0"":null,""1"":null,""2"":null,""3"":null}",987.0,213757.0,987.0,151396.0,987.0,151396.0,840.1438838670874,128917.46208588567,840.1438838670874,0.0,0.0,1255.4408298497146,144343.9890198664,0.0,6.268629268066567,4.0,612.0,0.0,0.0,88.70000000032269,13519.700000031653,6.449999999999022,365.39999999999026,49.350000000179534,7569.800000018773,0.0,0.0,0.0,0.0,0.0,0.0,9.86999999999989,1513.9599999999955,493.5,75698.0,0.0,32.0,503.36999999999534,77211.95999999999,0.0,0.0,1255.4408298497146,144343.9890198664
216,2020-08-04,2020,True,30.59016393442623,988,988,1033,129758.48714882122,1211.655806144231,17121,38,0.0,0.8593474765637692,0.12367399696170386,0.16181900071121907,0.14618279380183266,0.3835202243145551,0.9558097165991903,0.13025446844809582,367806.8048260112,0,False,False,True,"{""0"":null,""1"":null,""2"":null,""3"":null}",988.0,214745.0,988.0,152384.0,988.0,152384.0,841.0250629355578,129758.48714882122,841.0250629355578,0.0,0.0,1211.6558061442338,145555.64482601063,0.0,6.268629268066567,4.0,616.0,0.0,0.0,88.80000000032305,13608.500000031976,0.0,365.39999999999026,49.400000000179716,7619.200000018953,0.0,0.0,0.0,0.0,0.0,0.0,9.88000000000011,1523.8399999999956,494.0,76192.0,1.0,33.0,503.88000000000466,77715.84,0.0,0.0,1211.6558061442338,145555.64482601063
217,2020-08-05,2020,True,30.592896174863387,987,987,1033,130598.55802397845,1155.4477328398775,17229,58,0.0,0.8055591501373418,0.1922196649558504,0.16181509423393442,0.14630815832139568,0.3835096261198085,0.9558966565349545,0.15521635454462746,368458.88255885104,0,False,False,True,"{""0"":null,""1"":null,""2"":null,""3"":null}",987.0,215732.0,987.0,153371.0,987.0,153371.0,840.0708751572238,130598.55802397845,840.0708751572238,0.0,0.0,1155.4477328398789,146711.0925588505,0.0,6.268629268066567,4.0,620.0,0.0,0.0,88.70000000032269,13697.200000032299,0.0,365.39999999999026,49.350000000179534,7668.550000019132,0.0,0.0,0.0,0.0,0.0,0.0,9.86999999999989,1533.7099999999955,493.5,76685.5,0.0,33.0,503.36999999999534,78219.20999999999,0.0,0.0,1155.4477328398789,146711.0925588505
218,2020-08-06,2020,True,30.595628415300546,987,987,1033,131438.62889913522,1100.0621721517857,17353,53,0.07570815666405371,0.8288305389828745,0.14456276449452837,0.16188330792435346,0.14655028587885463,0.3835096261198085,0.9563931104356637,0.17836868699804595,369055.57473100285,0,False,False,True,"{""0"":null,""1"":null,""2"":null,""3"":null}",987.0,216719.0,987.0,154358.0,987.0,154358.0,840.0708751567727,131438.62889913522,840.0708751567727,0.0,0.0,1100.0621721517819,147811.1547310023,0.07570815666405384,6.344337424730621,4.0,624.0,0.0,0.0,88.70000000032269,13785.900000032621,2.6999999999995907,368.09999999998985,49.350000000179534,7717.900000019312,0.0,0.0,0.0,0.0,0.0,0.0,9.86999999999989,1543.5799999999954,493.5,77179.0,0.0,33.0,503.36999999999534,78722.57999999999,0.0,0.0,1100.0621721517819,147811.1547310023
219,2020-08-07,2020,True,30.598360655737704,987,987,1033,132278.69977429183,1069.978440022272,17443,51,0.0,0.811570540692347,0.1885171218533201,0.1619553375949004,0.14666520225899726,0.3835096261198085,0.956403242147923,0.1997416620316822,369622.1831710251,0,False,False,True,"{""0"":null,""1"":null,""2"":null,""3"":null}",987.0,217706.0,987.0,155345.0,987.0,155345.0,840.0708751566126,132278.69977429183,840.0708751566126,0.0,0.0,1069.9784400222707,148881.13317102456,0.0,6.344337424730621,4.0,628.0,0.0,0.0,88.70000000032269,13874.600000032944,2.9999999999995453,371.0999999999894,49.350000000179534,7767.250000019491,0.0,0.0,0.0,0.0,0.0,0.0,9.86999999999989,1553.4499999999953,493.5,77672.5,0.0,33.0,503.36999999999534,79225.94999999998,0.0,0.0,1069.9784400222707,148881.13317102456
220,2020-08-08,2020,False,30.601092896174862,987,0,1033,132278.69977429183,0.0,16599,51,0.0,,,0.1619678306988487,0.14662666181508335,0.3835096261198085,0.9576089159067882,0.12440991935788816,369622.1831710251,0,False,False,True,"{""0"":null,""1"":null,""2"":null,""3"":null}",987.0,218693.0,0.0,155345.0,0.0,155345.0,0.0,132278.69977429183,0.0,0.0,0.0,0.0,148881.13317102456,0.0,6.344337424730621,0.0,628.0,0.0,0.0,0.0,13874.600000032944,0.0,371.0999999999894,0.0,7767.250000019491,0.0,0.0,0.0,0.0,0.0,0.0,0.0,1553.4499999999953,0.0,77672.5,0.0,33.0,0.0,79225.94999999998,0.0,0.0,0.0,148881.13317102456
221,2020-08-09,2020,False,30.603825136612024,987,0,1033,132278.69977429183,0.0,16599,51,0.0,,,0.1619678306988487,0.14662666181508338,0.3835096261198085,0.9576089159067882,0.07455749094976724,369622.1831710251,0,False,False,True,"{""0"":null,""1"":null,""2"":null,""3"":null}",987.0,219680.0,0.0,155345.0,0.0,155345.0,0.0,132278.69977429183,0.0,0.0,0.0,0.0,148881.13317102456,0.0,6.344337424730621,0.0,628.0,0.0,0.0,0.0,13874.600000032944,0.0,371.0999999999894,0.0,7767.250000019491,0.0,0.0,0.0,0.0,0.0,0.0,0.0,1553.4499999999953,0.0,77672.5,0.0,33.0,0.0,79225.94999999998,0.0,0.0,0.0,148881.13317102456
222,2020-08-10,2020,True,30.60655737704918,987,987,1033,133118.77064944844,1276.453229513246,17576,18,0.0,0.8460288874307054,0.14936543497022042,0.1619678306988487,0.14662666181508335,0.3835096261198085,0.9564690982776088,0.10361312006863459,370395.2664005384,0,False,False,True,"{""0"":null,""1"":null,""2"":null,""3"":null}",987.0,220667.0,987.0,156332.0,987.0,156332.0,840.0708751566126,133118.77064944844,840.0708751566126,0.0,0.0,1276.4532295132522,150157.5864005378,0.0,6.344337424730621,4.0,632.0,0.0,0.0,88.70000000032269,13963.300000033267,7.64999999999884,378.74999999998823,49.350000000179534,7816.600000019671,0.0,0.0,0.0,0.0,0.0,0.0,9.86999999999989,1563.3199999999952,493.5,78166.0,0.0,33.0,503.36999999999534,79729.31999999998,0.0,0.0,1276.4532295132522,150157.5864005378
223,2020-08-11,2020,True,30.60928961748634,987,987,1033,133958.84152460506,1225.5021592095056,17617,34,0.0,0.8287935756218604,0.15905444061784096,0.16188975092590063,0.1464892051071487,0.3835096261198085,0.9565146909827761,0.13070857841310424,371117.3985597479,0,False,False,True,"{""0"":null,""1"":null,""2"":null,""3"":null}",987.0,221654.0,987.0,157319.0,987.0,157319.0,840.0708751566126,133958.84152460506,840.0708751566126,0.0,0.0,1225.5021592095145,151383.08855974732,0.0,6.344337424730621,4.0,636.0,0.0,0.0,88.70000000032269,14052.00000003359,0.0,378.74999999998823,49.350000000179534,7865.95000001985,0.0,0.0,0.0,0.0,0.0,0.0,9.86999999999989,1573.189999999995,493.5,78659.5,0.0,33.0,503.36999999999534,80232.68999999997,0.0,0.0,1225.5021592095145,151383.08855974732
224,2020-08-12,2020,True,30.612021857923498,987,987,1033,134798.91239976167,1157.8399883587165,17729,50,0.0,0.8267242246586629,0.16577482001949131,0.16196934073572777,0.1465791834919283,0.3835096261198085,0.9564792299898682,0.1556792890370421,371771.86854810663,0,False,False,True,"{""0"":null,""1"":null,""2"":null,""3"":null}",987.0,222641.0,987.0,158306.0,987.0,158306.0,840.0708751566126,134798.91239976167,840.0708751566126,0.0,0.0,1157.8399883587263,152540.92854810605,0.0,6.344337424730621,4.0,640.0,0.0,0.0,88.70000000032269,14140.700000033912,0.0,378.74999999998823,49.350000000179534,7915.30000002003,0.0,0.0,0.0,0.0,0.0,0.0,9.86999999999989,1583.059999999995,493.5,79153.0,0.0,33.0,503.36999999999534,80736.05999999997,0.0,0.0,1157.8399883587263,152540.92854810605
225,2020-08-13,2020,True,30.614754098360656,987,987,1033,135638.98327491828,1102.7459984536795,17853,47,0.0,0.809468440324014,0.1799500851351667,0.16204711571315614,0.14660890259454587,0.3835096261198085,0.9569858156028368,0.17883707267909882,372371.24454656034,0,False,False,True,"{""0"":null,""1"":null,""2"":null,""3"":null}",987.0,223628.0,987.0,159293.0,987.0,159293.0,840.0708751566126,135638.98327491828,840.0708751566126,0.0,0.0,1102.745998453669,153643.67454655972,0.0,6.344337424730621,4.0,644.0,0.0,0.0,88.70000000032269,14229.400000034235,2.6999999999995907,381.4499999999878,49.350000000179534,7964.6500000202095,0.0,0.0,0.0,0.0,0.0,0.0,9.86999999999989,1592.9299999999948,493.5,79646.5,0.0,33.0,503.36999999999534,81239.42999999996,0.0,0.0,1102.745998453669,153643.67454655972
226,2020-08-14,2020,True,30.617486338797814,986,986,1033,136478.11877434174,1045.4158090043486,17935,54,0.0,0.8235052757887924,0.18438825555957497,0.16221522607601396,0.14674902876517382,0.383706526009486,0.9571399594320487,0.19993959739351938,372913.8003555647,0,False,False,True,"{""0"":null,""1"":null,""2"":null,""3"":null}",986.0,224614.0,986.0,160279.0,986.0,160279.0,839.1354994234571,136478.11877434174,839.1354994234571,0.0,0.0,1045.4158090043347,154689.09035556405,0.0,6.344337424730621,4.0,648.0,0.0,0.0,88.60000000032232,14318.000000034557,2.399999999999636,383.84999999998746,49.30000000017935,8013.950000020389,0.0,0.0,0.0,0.0,0.0,0.0,9.8599999999999,1602.7899999999947,493.0,80139.5,0.0,33.0,502.8600000000006,81742.28999999996,0.0,0.0,1045.4158090043347,154689.09035556405
227,2020-08-15,2020,False,30.620218579234972,986,0,1034,136478.11877434174,0.0,17099,54,0.0,,,0.16189156471658697,0.1453459920686504,0.38338856486390954,0.9579614604462474,0.12455092896263564,372912.8003555647,0,False,False,True,"{""0"":null,""1"":null,""2"":null,""3"":null}",986.0,225600.0,0.0,160279.0,0.0,160279.0,0.0,136478.11877434174,0.0,0.0,0.0,0.0,154689.09035556405,0.0,6.344337424730621,0.0,648.0,0.0,0.0,0.0,14318.000000034557,0.0,383.84999999998746,0.0,8013.950000020389,0.0,0.0,0.0,0.0,0.0,0.0,0.0,1602.7899999999947,0.0,80139.5,1.0,34.0,0.0,81742.28999999996,0.0,0.0,0.0,154689.09035556405
228,2020-08-16,2020,False,30.62295081967213,986,0,1034,136478.11877434174,0.0,17099,54,0.0,,,0.16189156471658697,0.14534599206865043,0.38338856486390954,0.9579614604462474,0.07475292397935301,372912.8003555647,0,False,False,True,"{""0"":null,""1"":null,""2"":null,""3"":null}",986.0,226586.0,0.0,160279.0,0.0,160279.0,0.0,136478.11877434174,0.0,0.0,0.0,0.0,154689.09035556405,0.0,6.344337424730621,0.0,648.0,0.0,0.0,0.0,14318.000000034557,0.0,383.84999999998746,0.0,8013.950000020389,0.0,0.0,0.0,0.0,0.0,0.0,0.0,1602.7899999999947,0.0,80139.5,0.0,34.0,0.0,81742.28999999996,0.0,0.0,0.0,154689.09035556405
229,2020-08-17,2020,True,30.62568306010929,987,987,1035,137318.3532906194,1300.508032575283,18080,19,0.0,0.8438869174735197,0.1451186735833379,0.16200043674274012,0.14482515281204839,0.3836406962841632,0.9566008105369808,0.10376740623632527,373708.93838814,0,False,False,True,"{""0"":null,""1"":null,""2"":null,""3"":null}",987.0,227573.0,987.0,161266.0,987.0,161266.0,840.2345162776473,137318.3532906194,840.2345162776473,0.0,0.0,1300.5080325752788,155989.59838813933,0.0,6.344337424730621,4.0,652.0,0.0,0.0,88.70000000032269,14406.70000003488,8.099999999998772,391.94999999998623,49.350000000179534,8063.300000020568,0.0,0.0,0.0,0.0,0.0,0.0,9.86999999999989,1612.6599999999946,493.5,80633.0,1.0,35.0,503.36999999999534,82245.65999999996,0.0,0.0,1300.5080325752788,155989.59838813933
230,2020-08-18,2020,True,30.628415300546447,987,987,1035,138158.58780689703,1235.3184675959408,18110,41,0.0,0.8215862623570278,0.16842330569114655,0.16189575521408284,0.1447565181201174,0.3836406962841632,0.9567173252279635,0.13080059732780835,374440.88685573597,0,False,False,True,"{""0"":null,""1"":null,""2"":null,""3"":null}",987.0,228560.0,987.0,162253.0,987.0,162253.0,840.2345162776473,138158.58780689703,840.2345162776473,0.0,0.0,1235.3184675959346,157224.91685573527,0.0,6.344337424730621,4.0,656.0,0.0,0.0,88.70000000032269,14495.400000035203,0.0,391.94999999998623,49.350000000179534,8112.650000020748,0.0,0.0,0.0,0.0,0.0,0.0,9.86999999999989,1622.5299999999945,493.5,81126.5,0.0,35.0,503.36999999999534,82749.02999999996,0.0,0.0,1235.3184675959346,157224.91685573527
231,2020-08-19,2020,True,30.631147540983605,986,986,1035,138998.0941991298,1148.953962426686,18228,50,0.0,0.8234844503058991,0.1729493826592785,0.16159385878377397,0.1444275479791556,0.38338856486390954,0.9568204868154158,0.15595698838837194,375086.9808181627,0,False,False,True,"{""0"":null,""1"":null,""2"":null,""3"":null}",986.0,229546.0,986.0,163239.0,986.0,163239.0,839.5063922327536,138998.0941991298,839.5063922327536,0.0,0.0,1148.9539624266909,158373.87081816196,0.0,6.344337424730621,4.0,660.0,0.0,0.0,88.60000000032232,14584.000000035525,0.0,391.94999999998623,49.30000000017935,8161.950000020927,0.0,0.0,0.0,0.0,0.0,0.0,9.8599999999999,1632.3899999999944,493.0,81619.5,0.0,35.0,502.8600000000006,83251.88999999996,0.0,0.0,1148.9539624266909,158373.87081816196
232,2020-08-20,2020,True,30.633879781420767,986,986,1035,139837.60059136254,1072.2996719525756,18352,54,0.0,0.8184937046686702,0.17370328750220343,0.16146567335871098,0.14445259131963611,0.38338856486390954,0.9570486815415822,0.17910619894331808,375656.42049011524,0,False,False,True,"{""0"":null,""1"":null,""2"":null,""3"":null}",986.0,230532.0,986.0,164225.0,986.0,164225.0,839.5063922327536,139837.60059136254,839.5063922327536,0.0,0.0,1072.2996719525836,159446.17049011454,0.0,6.344337424730621,4.0,664.0,0.0,0.0,88.60000000032232,14672.600000035847,2.849999999999568,394.7999999999858,49.2999999998292,8211.250000020756,0.0,0.0,0.0,0.0,0.0,0.0,9.8599999999999,1642.2499999999943,493.0,82112.5,0.0,35.0,502.8600000000006,83754.74999999996,0.0,0.0,1072.2996719525836,159446.17049011454
233,2020-08-21,2020,True,30.636612021857925,986,986,1035,140677.1069835953,1059.2313186554347,18435,59,0.0,0.7920771207645974,0.2149220372627013,0.1614548074189652,0.14450059922217626,0.38338856486390954,0.9571095334685599,0.20050517529010697,376212.7918087707,0,False,False,True,"{""0"":null,""1"":null,""2"":null,""3"":null}",986.0,231518.0,986.0,165211.0,986.0,165211.0,839.5063922327536,140677.1069835953,839.5063922327536,0.0,0.0,1059.2313186554238,160505.40180876997,0.0,6.344337424730621,4.0,668.0,0.0,0.0,88.60000000032232,14761.20000003617,3.2999999999994998,398.0999999999853,49.29999999928259,8260.550000020039,0.0,0.0,0.0,0.0,0.0,0.0,9.8599999999999,1652.1099999999942,493.0,82605.5,0.0,35.0,502.8600000000006,84257.60999999996,0.0,0.0,1059.2313186554238,160505.40180876997
234,2020-08-22,2020,False,30.639344262295083,986,0,1035,140677.1069835953,0.0,17599,59,0.0,,,0.16145276921141055,0.14464779923403676,0.38338856486390954,0.9581896551724137,0.12504289448284797,376212.7918087707,0,False,False,True,"{""0"":null,""1"":null,""2"":null,""3"":null}",986.0,232504.0,0.0,165211.0,0.0,165211.0,0.0,140677.1069835953,0.0,0.0,0.0,0.0,160505.40180876997,0.0,6.344337424730621,0.0,668.0,0.0,0.0,0.0,14761.20000003617,0.0,398.0999999999853,0.0,8260.550000020039,0.0,0.0,0.0,0.0,0.0,0.0,0.0,1652.1099999999942,0.0,82605.5,0.0,35.0,0.0,84257.60999999996,0.0,0.0,0.0,160505.40180876997
235,2020-08-23,2020,False,30.64207650273224,986,0,1035,140677.1069835953,0.0,17599,59,0.0,,,0.16145276921141055,0.14464779923403676,0.38338856486390954,0.9581896551724137,0.07510485017529256,376212.7918087707,0,False,False,True,"{""0"":null,""1"":null,""2"":null,""3"":null}",986.0,233490.0,0.0,165211.0,0.0,165211.0,0.0,140677.1069835953,0.0,0.0,0.0,0.0,160505.40180876997,0.0,6.344337424730621,0.0,668.0,0.0,0.0,0.0,14761.20000003617,0.0,398.0999999999853,0.0,8260.550000020039,0.0,0.0,0.0,0.0,0.0,0.0,0.0,1652.1099999999942,0.0,82605.5,0.0,35.0,0.0,84257.60999999996,0.0,0.0,0.0,160505.40180876997
236,2020-08-24,2020,True,30.6448087431694,987,987,1036,141517.41381829305,1293.696807459415,18572,26,0.0,0.8551772735057831,0.13307524687085956,0.16156134295803998,0.14413048005794626,0.3836406962841632,0.9565045592705168,0.1041067435194614,377002.1186162301,0,False,False,True,"{""0"":null,""1"":null,""2"":null,""3"":null}",987.0,234477.0,987.0,166198.0,987.0,166198.0,840.3068346977525,141517.41381829305,840.3068346977525,0.0,0.0,1293.6968074594042,161799.09861622937,0.0,6.344337424730621,4.0,672.0,0.0,0.0,88.70000000032269,14849.900000036492,8.849999999998658,406.94999999998396,49.34999999928186,8309.900000019321,0.0,0.0,0.0,0.0,0.0,0.0,9.86999999999989,1661.979999999994,493.5,83099.0,1.0,36.0,503.36999999999534,84760.97999999995,0.0,0.0,1293.6968074594042,161799.09861622937
237,2020-08-25,2020,True,30.647540983606557,988,988,1037,142358.6172868114,1232.3591964329944,18621,49,0.0,0.8410499473930985,0.15373260569213926,0.16156339126730193,0.1436334182009695,0.38388878854579833,0.9567307692307693,0.1309979475572102,377729.59781266307,0,False,False,True,"{""0"":null,""1"":null,""2"":null,""3"":null}",988.0,235465.0,988.0,167186.0,988.0,167186.0,841.2034685183608,142358.6172868114,841.2034685183608,0.0,0.0,1232.3591964329826,163031.45781266235,0.0,6.344337424730621,4.0,676.0,0.0,0.0,88.80000000032305,14938.700000036815,0.0,406.94999999998396,49.399999999281135,8359.300000018602,0.0,0.0,0.0,0.0,0.0,0.0,9.88000000000011,1671.8599999999942,494.0,83593.0,1.0,37.0,503.88000000000466,85264.85999999996,0.0,0.0,1232.3591964329826,163031.45781266235
238,2020-08-26,2020,True,30.650273224043715,988,988,1037,143199.82075532977,1168.7615997690643,18722,59,0.0,0.8189009699744079,0.1779545161925365,0.16155848630386602,0.1436793615097909,0.38388878854579833,0.9567661943319837,0.15586741171333873,378394.4794124321,0,False,False,True,"{""0"":null,""1"":null,""2"":null,""3"":null}",988.0,236453.0,988.0,168174.0,988.0,168174.0,841.2034685183608,143199.82075532977,841.2034685183608,0.0,0.0,1168.761599769059,164200.2194124314,0.0,6.344337424730621,4.0,680.0,0.0,0.0,88.80000000032305,15027.500000037138,0.0,406.94999999998396,49.399999999281135,8408.700000017883,0.0,0.0,0.0,0.0,0.0,0.0,9.88000000000011,1681.7399999999943,494.0,84087.0,0.0,37.0,503.88000000000466,85768.73999999996,0.0,0.0,1168.761599769059,164200.2194124314
239,2020-08-27,2020,True,30.653005464480874,988,988,1037,144041.02422384813,1102.4340329811773,18865,48,0.0,0.8118230839348337,0.1771553139233376,0.16153910845048886,0.14374430095624224,0.38388878854579833,0.9570647773279353,0.1788968694868993,378993.0334454133,0,False,False,True,"{""0"":null,""1"":null,""2"":null,""3"":null}",988.0,237441.0,988.0,169162.0,988.0,169162.0,841.2034685183608,144041.02422384813,841.2034685183608,0.0,0.0,1102.4340329811675,165302.65344541258,0.0,6.344337424730621,4.0,684.0,0.0,0.0,88.80000000032305,15116.300000037461,3.899999999999409,410.84999999998337,49.399999999281135,8458.100000017164,0.0,0.0,0.0,0.0,0.0,0.0,9.88000000000011,1691.6199999999944,494.0,84581.0,0.0,37.0,503.88000000000466,86272.61999999997,0.0,0.0,1102.4340329811675,165302.65344541258
240,2020-08-28,2020,True,30.65573770491803,988,988,1037,144882.2276923665,1058.7932330837089,18946,47,0.0,0.799577887329275,0.1860989461975181,0.16146249706853383,0.14383155557986332,0.38388878854579833,0.9572115384615385,0.2001886978800532,379547.946678497,0,False,False,True,"{""0"":null,""1"":null,""2"":null,""3"":null}",988.0,238429.0,988.0,170150.0,988.0,170150.0,841.2034685183608,144882.2276923665,841.2034685183608,0.0,0.0,1058.7932330837066,166361.4466784963,0.0,6.344337424730621,4.0,688.0,0.0,0.0,88.80000000032305,15205.100000037784,3.449999999999477,414.29999999998284,49.399999999281135,8507.500000016445,0.0,0.0,0.0,0.0,0.0,0.0,9.88000000000011,1701.4999999999945,494.0,85075.0,0.0,37.0,503.88000000000466,86776.49999999997,0.0,0.0,1058.7932330837066,166361.4466784963
241,2020-08-29,2020,False,30.65846994535519,989,0,1039,144882.2276923665,0.0,18099,47,0.0,,,0.16110607981850786,0.1420247413723607,0.38369188865612086,0.9578715874620829,0.1246028965576819,379545.946678497,0,False,False,True,"{""0"":null,""1"":null,""2"":null,""3"":null}",989.0,239418.0,0.0,170150.0,0.0,170150.0,0.0,144882.2276923665,0.0,0.0,0.0,0.0,166361.4466784963,0.0,6.344337424730621,0.0,688.0,0.0,0.0,0.0,15205.100000037784,0.0,414.29999999998284,0.0,8507.500000016445,0.0,0.0,0.0,0.0,0.0,0.0,0.0,1701.4999999999945,0.0,85075.0,2.0,39.0,0.0,86776.49999999997,0.0,0.0,0.0,166361.4466784963
242,2020-08-30,2020,False,30.661202185792348,989,0,1039,144882.2276923665,0.0,18099,47,0.0,,,0.16110607981850783,0.1420247413723607,0.38369188865612086,0.9578715874620829,0.07487171812844419,379545.946678497,0,False,False,True,"{""0"":null,""1"":null,""2"":null,""3"":null}",989.0,240407.0,0.0,170150.0,0.0,170150.0,0.0,144882.2276923665,0.0,0.0,0.0,0.0,166361.4466784963,0.0,6.344337424730621,0.0,688.0,0.0,0.0,0.0,15205.100000037784,0.0,414.29999999998284,0.0,8507.500000016445,0.0,0.0,0.0,0.0,0.0,0.0,0.0,1701.4999999999945,0.0,85075.0,0.0,39.0,0.0,86776.49999999997,0.0,0.0,0.0,166361.4466784963
243,2020-08-31,2020,True,30.66393442622951,989,989,1039,145724.41356361625,1318.7028690822938,19066,18,0.0,0.8513986117562302,0.14018508691584705,0.16110607981850786,0.14202474137236068,0.38369188865612086,0.9566582406471182,0.1038544632646991,380360.2595475793,0,False,False,True,"{""0"":null,""1"":null,""2"":null,""3"":null}",989.0,241396.0,989.0,171139.0,989.0,171139.0,842.1858712497633,145724.41356361625,842.1858712497633,0.0,0.0,1318.7028690823063,167680.1495475786,0.0,6.344337424730621,4.0,692.0,0.0,0.0,88.90000000032342,15294.000000038108,7.049999999998931,421.3499999999818,49.44999999928041,8556.950000015726,0.0,0.0,0.0,0.0,0.0,0.0,9.8900000000001,1711.3899999999946,494.5,85569.5,0.0,39.0,504.3899999999994,87280.88999999997,0.0,0.0,1318.7028690823063,167680.1495475786
244,2020-09-01,2020,True,30.666666666666668,989,989,1039,146566.59943486602,1228.7413364084498,19123,36,0.0,0.8463539444955274,0.14479631318830033,0.16082245161478204,0.14215018155047868,0.38369188865612086,0.9571334681496462,0.13079482162475994,381084.61088398774,0,False,False,True,"{""0"":null,""1"":null,""2"":null,""3"":null}",989.0,242385.0,989.0,172128.0,989.0,172128.0,842.1858712497633,146566.59943486602,842.1858712497633,0.0,0.0,1228.7413364084496,168908.89088398704,0.0,6.344337424730621,4.0,696.0,0.0,0.0,88.90000000032342,15382.900000038431,0.0,421.3499999999818,49.44999999928041,8606.400000015006,0.0,0.0,0.0,0.0,0.0,0.0,9.8900000000001,1721.2799999999947,494.5,86064.0,0.0,39.0,504.3899999999994,87785.27999999997,0.0,0.0,1228.7413364084496,168908.89088398704
245,2020-09-02,2020,True,30.669398907103826,989,989,1039,147408.78530611578,1174.5353518618967,19208,54,0.27022941916832754,0.8291309415474645,0.1672758458960464,0.160913640141167,0.14202412030179395,0.38369188865612086,0.9567340748230536,0.15576485719702113,381754.75623584964,0,False,False,True,"{""0"":null,""1"":null,""2"":null,""3"":null}",989.0,243374.0,989.0,173117.0,989.0,173117.0,842.1858712497633,147408.78530611578,842.1858712497633,0.0,0.0,1174.5353518619086,170083.42623584895,0.2702294191683272,6.614566843898948,4.0,700.0,0.0,0.0,88.90000000032342,15471.800000038755,0.0,421.3499999999818,49.44999999928041,8655.850000014287,0.0,0.0,0.0,0.0,0.0,0.0,9.8900000000001,1731.1699999999948,494.5,86558.5,0.0,39.0,504.3899999999994,88289.66999999997,0.0,0.0,1174.5353518619086,170083.42623584895
246,2020-09-03,2020,True,30.672131147540984,989,989,1039,148250.97117736554,1119.6630215786654,19351,52,0.02706142981647547,0.7836445111681976,0.1983401011545092,0.16093110592260806,0.1420810077718261,0.38369188865612086,0.9570677451971689,0.17878139867236595,382370.0292574283,0,False,False,True,"{""0"":null,""1"":null,""2"":null,""3"":null}",989.0,244363.0,989.0,174106.0,989.0,174106.0,842.1858712497633,148250.97117736554,842.1858712497633,0.0,0.0,1119.6630215786572,171203.0892574276,0.027061429816475524,6.6416282737154235,4.0,704.0,0.0,0.0,88.90000000032342,15560.700000039078,2.6999999999995907,424.04999999998137,49.44999999928041,8705.300000013567,0.0,0.0,0.0,0.0,0.0,0.0,9.8900000000001,1741.059999999995,494.5,87053.0,0.0,39.0,504.3899999999994,88794.05999999997,0.0,0.0,1119.6630215786572,171203.0892574276
247,2020-09-04,2020,True,30.674863387978142,988,988,1039,149092.33850967983,1070.826811898705,19458,45,0.23974469409622076,0.8046895489116181,0.18271096306685364,0.16016928552453727,0.14294436865737045,0.38344379639448567,0.9572823886639675,0.19996665629652685,382936.97606932704,0,False,False,True,"{""0"":null,""1"":null,""2"":null,""3"":null}",988.0,245351.0,988.0,175094.0,988.0,175094.0,841.3673323142866,149092.33850967983,841.3673323142866,0.0,0.0,1070.8268118987035,172273.9160693263,0.23974469409622046,6.881372967811644,4.0,708.0,0.0,0.0,88.80000000032305,15649.500000039401,2.6999999999995907,426.74999999998096,49.399999999281135,8754.700000012848,0.0,0.0,0.0,0.0,0.0,0.0,9.88000000000011,1750.939999999995,494.0,87547.0,0.0,39.0,503.88000000000466,89297.93999999997,0.0,0.0,1070.8268118987035,172273.9160693263
248,2020-09-05,2020,False,30.6775956284153,988,0,1039,149092.33850967983,0.0,18599,45,0.0,,,0.1604111787862838,0.1430636809408422,0.38344379639448567,0.9585576923076923,0.12466425455789593,382936.97606932704,0,False,False,True,"{""0"":null,""1"":null,""2"":null,""3"":null}",988.0,246339.0,0.0,175094.0,0.0,175094.0,0.0,149092.33850967983,0.0,0.0,0.0,0.0,172273.9160693263,0.0,6.881372967811644,0.0,708.0,0.0,0.0,0.0,15649.500000039401,0.0,426.74999999998096,0.0,8754.700000012848,0.0,0.0,0.0,0.0,0.0,0.0,0.0,1750.939999999995,0.0,87547.0,0.0,39.0,0.0,89297.93999999997,0.0,0.0,0.0,172273.9160693263
249,2020-09-06,2020,False,30.68032786885246,988,0,1039,149092.33850967983,0.0,18599,45,0.0,,,0.1604111787862838,0.14306368094084224,0.38344379639448567,0.9585576923076923,0.07469534419185844,382936.97606932704,0,False,False,True,"{""0"":null,""1"":null,""2"":null,""3"":null}",988.0,247327.0,0.0,175094.0,0.0,175094.0,0.0,149092.33850967983,0.0,0.0,0.0,0.0,172273.9160693263,0.0,6.881372967811644,0.0,708.0,0.0,0.0,0.0,15649.500000039401,0.0,426.74999999998096,0.0,8754.700000012848,0.0,0.0,0.0,0.0,0.0,0.0,0.0,1750.939999999995,0.0,87547.0,0.0,39.0,0.0,89297.93999999997,0.0,0.0,0.0,172273.9160693263
250,2020-09-07,2020,True,30.683060109289617,989,989,1040,149934.56471674572,1312.011919841118,19582,11,0.0,0.850331635009572,0.13215052369029257,0.1603504648374014,0.14229650912027142,0.38345439458923236,0.9574570273003032,0.10364635825244942,383743.59798916813,0,False,False,True,"{""0"":null,""1"":null,""2"":null,""3"":null}",989.0,248316.0,989.0,176083.0,989.0,176083.0,842.2262070658908,149934.56471674572,842.2262070658908,0.0,0.0,1312.011919841112,173585.92798916742,0.0,6.881372967811644,4.0,712.0,0.0,0.0,88.90000000032342,15738.400000039725,6.749999999998977,433.49999999997993,49.44999999928041,8804.150000012129,0.0,0.0,0.0,0.0,0.0,0.0,9.8900000000001,1760.8299999999952,494.5,88041.5,1.0,40.0,504.3899999999994,89802.32999999997,0.0,0.0,1312.011919841112,173585.92798916742
251,2020-09-08,2020,True,30.685792349726775,988,988,1040,150775.89577096756,1241.7307013913346,19620,30,0.0,0.8380552202087256,0.1359110236096702,0.16003715578426664,0.14221819582369907,0.3835202243145551,0.9573329959514171,0.1305112603130275,384481.4486905595,0,False,False,True,"{""0"":null,""1"":null,""2"":null,""3"":null}",988.0,249304.0,988.0,177071.0,988.0,177071.0,841.3310542218387,150775.89577096756,841.3310542218387,0.0,0.0,1241.7307013913232,174827.65869055875,0.0,6.881372967811644,4.0,716.0,0.0,0.0,88.80000000032305,15827.200000040048,0.0,433.49999999997993,49.399999999281135,8853.55000001141,0.0,0.0,0.0,0.0,0.0,0.0,9.88000000000011,1770.7099999999953,494.0,88535.5,0.0,40.0,503.88000000000466,90306.20999999998,0.0,0.0,1241.7307013913232,174827.65869055875
252,2020-09-09,2020,True,30.688524590163933,988,988,1040,151617.2268251894,1191.6003977026003,19708,57,0.10245037207631497,0.8359777731413203,0.13949966229886243,0.15993477482281182,0.14226848062501904,0.3835202243145551,0.9565587044534414,0.1554297880337215,385169.1690882621,0,False,False,True,"{""0"":null,""1"":null,""2"":null,""3"":null}",988.0,250292.0,988.0,178059.0,988.0,178059.0,841.3310542218387,151617.2268251894,841.3310542218387,0.0,0.0,1191.6003977025975,176019.25908826134,0.1024503720763148,6.983823339887959,4.0,720.0,0.0,0.0,88.80000000032305,15916.00000004037,0.0,433.49999999997993,49.399999999281135,8902.950000010691,0.0,0.0,0.0,0.0,0.0,0.0,9.88000000000011,1780.5899999999954,494.0,89029.5,0.0,40.0,503.88000000000466,90810.08999999998,0.0,0.0,1191.6003977025975,176019.25908826134
253,2020-09-10,2020,True,30.69125683060109,987,987,1040,152457.5672232771,1125.0348385694642,19831,59,0.0,0.8308581683293665,0.17394010995407677,0.16006452075037197,0.1424081775899851,0.38371712420423265,0.9565856129685917,0.17799551387354276,385790.83392683155,0,False,False,True,"{""0"":null,""1"":null,""2"":null,""3"":null}",987.0,251279.0,987.0,179046.0,987.0,179046.0,840.3403980876901,152457.5672232771,840.3403980876901,0.0,0.0,1125.034838569467,177144.2939268308,0.0,6.983823339887959,4.0,724.0,0.0,0.0,88.70000000032269,16004.700000040693,1.6499999999997499,435.1499999999797,49.34999999928186,8952.300000009973,0.0,0.0,0.0,0.0,0.0,0.0,9.86999999999989,1790.4599999999953,493.5,89523.0,0.0,40.0,503.36999999999534,91313.45999999998,0.0,0.0,1125.034838569467,177144.2939268308
254,2020-09-11,2020,True,30.693989071038253,987,987,1040,153297.90762136478,1068.4375782449958,19935,64,0.0,0.8034391466525228,0.1981466842712156,0.15997365141316938,0.14243372278470406,0.38371712420423265,0.9565045592705168,0.1990648050314181,386355.90150507656,0,False,False,True,"{""0"":null,""1"":null,""2"":null,""3"":null}",987.0,252266.0,987.0,180033.0,987.0,180033.0,840.3403980876901,153297.90762136478,840.3403980876901,0.0,0.0,1068.437578245008,178212.73150507582,0.0,6.983823339887959,4.0,728.0,0.0,0.0,88.70000000032269,16093.400000041016,2.849999999999568,437.99999999997925,49.34999999928186,9001.650000009255,0.0,0.0,0.0,0.0,0.0,0.0,9.86999999999989,1800.3299999999952,493.5,90016.5,0.0,40.0,503.36999999999534,91816.82999999997,0.0,0.0,1068.437578245008,178212.73150507582
255,2020-09-12,2020,False,30.69672131147541,987,0,1040,153297.90762136478,0.0,19099,64,0.0,,,0.16008427215625953,0.14254834092159574,0.38371712420423265,0.9579280648429584,0.12377736719609493,386355.90150507656,0,False,False,True,"{""0"":null,""1"":null,""2"":null,""3"":null}",987.0,253253.0,0.0,180033.0,0.0,180033.0,0.0,153297.90762136478,0.0,0.0,0.0,0.0,178212.73150507582,0.0,6.983823339887959,0.0,728.0,0.0,0.0,0.0,16093.400000041016,0.0,437.99999999997925,0.0,9001.650000009255,0.0,0.0,0.0,0.0,0.0,0.0,0.0,1800.3299999999952,0.0,90016.5,0.0,40.0,0.0,91816.82999999997,0.0,0.0,0.0,178212.73150507582
256,2020-09-13,2020,False,30.69945355191257,987,0,1040,153297.90762136478,0.0,19099,64,0.0,,,0.16008427215625953,0.14254834092159574,0.38371712420423265,0.9579280648429584,0.07389214477686146,386355.90150507656,0,False,False,True,"{""0"":null,""1"":null,""2"":null,""3"":null}",987.0,254240.0,0.0,180033.0,0.0,180033.0,0.0,153297.90762136478,0.0,0.0,0.0,0.0,178212.73150507582,0.0,6.983823339887959,0.0,728.0,0.0,0.0,0.0,16093.400000041016,0.0,437.99999999997925,0.0,9001.650000009255,0.0,0.0,0.0,0.0,0.0,0.0,0.0,1800.3299999999952,0.0,90016.5,0.0,40.0,0.0,91816.82999999997,0.0,0.0,0.0,178212.73150507582
257,2020-09-14,2020,True,30.702185792349727,988,988,1041,154139.0793212029,1310.6028587448388,20091,22,0.0,0.8451504459038415,0.1400675698317678,0.15998558534367752,0.14171090233946748,0.38365129447890983,0.9567105263157895,0.10269049778267343,387161.6243638214,0,False,False,True,"{""0"":null,""1"":null,""2"":null,""3"":null}",988.0,255228.0,988.0,181021.0,988.0,181021.0,841.1716998381307,154139.0793212029,841.1716998381307,0.0,0.0,1310.6028587448527,179523.33436382067,0.0,6.983823339887959,4.0,732.0,0.0,0.0,88.80000000032305,16182.200000041339,9.599999999998545,447.5999999999778,49.399999999281135,9051.050000008536,0.0,0.0,0.0,0.0,0.0,0.0,9.88000000000011,1810.2099999999953,494.0,90510.5,1.0,41.0,503.88000000000466,92320.70999999998,0.0,0.0,1310.6028587448527,179523.33436382067
258,2020-09-15,2020,True,30.704918032786885,988,988,1041,154980.25102104104,1258.403334961612,20131,38,0.025048432509355106,0.8390770716671153,0.14623256134677043,0.15986660529250762,0.14156255262697828,0.38365129447890983,0.9573076923076923,0.1295613262092746,387916.147698783,0,False,False,True,"{""0"":null,""1"":null,""2"":null,""3"":null}",988.0,256216.0,988.0,182009.0,988.0,182009.0,841.1716998381307,154980.25102104104,841.1716998381307,0.0,0.0,1258.403334961622,180781.7376987823,0.0250484325093554,7.008871772397314,4.0,736.0,0.0,0.0,88.80000000032305,16271.000000041662,0.0,447.5999999999778,49.399999999281135,9100.450000007817,0.0,0.0,0.0,0.0,0.0,0.0,9.88000000000011,1820.0899999999954,494.0,91004.5,0.0,41.0,503.88000000000466,92824.58999999998,0.0,0.0,1258.403334961622,180781.7376987823
259,2020-09-16,2020,True,30.707650273224044,989,989,1042,155822.40662474086,1198.2558459139957,20229,55,0.0,0.8372105377299692,0.14532602737711686,0.15937521135301042,0.14068031886857515,0.38345439458923236,0.9570980788675431,0.15452264727273676,388609.013544697,0,False,False,True,"{""0"":null,""1"":null,""2"":null,""3"":null}",989.0,257205.0,989.0,182998.0,989.0,182998.0,842.1556036998227,155822.40662474086,842.1556036998227,0.0,0.0,1198.2558459139836,181979.99354469628,0.0,7.008871772397314,4.0,740.0,0.0,0.0,88.90000000032342,16359.900000041986,0.0,447.5999999999778,49.44999999928041,9149.900000007097,0.0,0.0,0.0,0.0,0.0,0.0,9.8900000000001,1829.9799999999955,494.5,91499.0,1.0,42.0,504.3899999999994,93328.97999999998,0.0,0.0,1198.2558459139836,181979.99354469628
260,2020-09-17,2020,True,30.7103825136612,989,989,1042,156664.56222844069,1133.5980660712225,20355,45,0.10092189935957302,0.8372024084450065,0.15320028871926084,0.1595221944039751,0.1409261157716565,0.38345439458923236,0.9572750252780586,0.17757131132833173,389238.22161076823,0,False,False,True,"{""0"":null,""1"":null,""2"":null,""3"":null}",989.0,258194.0,989.0,183987.0,989.0,183987.0,842.1556036998227,156664.56222844069,842.1556036998227,0.0,0.0,1133.598066071223,183113.5916107675,0.10092189935957308,7.109793671756887,4.0,744.0,0.0,0.0,88.89999999914471,16448.80000004113,3.2999999999994998,450.8999999999773,49.44999999928041,9199.350000006378,0.0,0.0,0.0,0.0,0.0,0.0,9.8900000000001,1839.8699999999956,494.5,91993.5,0.0,42.0,504.3899999999994,93833.36999999998,0.0,0.0,1133.598066071223,183113.5916107675
261,2020-09-18,2020,True,30.71311475409836,989,989,1042,157506.7178321405,1089.1568824700842,20428,55,0.0,0.8058704187995256,0.18394438351288284,0.15940966609442622,0.14111430800052863,0.38345439458923236,0.9571638018200203,0.19886545926153248,389822.9884932383,0,False,False,True,"{""0"":null,""1"":null,""2"":null,""3"":null}",989.0,259183.0,989.0,184976.0,989.0,184976.0,842.1556036998227,157506.7178321405,842.1556036998227,0.0,0.0,1089.1568824700953,184202.7484932376,0.0,7.109793671756887,4.0,748.0,0.0,0.0,88.89999999870633,16537.700000039837,2.399999999999636,453.29999999997693,49.44999999928041,9248.800000005658,0.0,0.0,0.0,0.0,0.0,0.0,9.8900000000001,1849.7599999999957,494.5,92488.0,0.0,42.0,504.3899999999994,94337.75999999998,0.0,0.0,1089.1568824700953,184202.7484932376
262,2020-09-19,2020,False,30.715846994535518,989,0,1042,157506.7178321405,0.0,19599,55,0.0,,,0.1593550003422813,0.14107683934447798,0.38345439458923236,0.9582861476238624,0.12363512338564075,389822.9884932383,0,False,False,True,"{""0"":null,""1"":null,""2"":null,""3"":null}",989.0,260172.0,0.0,184976.0,0.0,184976.0,0.0,157506.7178321405,0.0,0.0,0.0,0.0,184202.7484932376,0.0,7.109793671756887,0.0,748.0,0.0,0.0,0.0,16537.700000039837,0.0,453.29999999997693,0.0,9248.800000005658,0.0,0.0,0.0,0.0,0.0,0.0,0.0,1849.7599999999957,0.0,92488.0,0.0,42.0,0.0,94337.75999999998,0.0,0.0,0.0,184202.7484932376
263,2020-09-20,2020,False,30.718579234972676,988,0,1042,157506.7178321405,0.0,19599,55,0.0,,,0.1593861072461034,0.14102539722052898,0.38344379639448567,0.9582439271255061,0.07343795852104887,389822.9884932383,0,False,False,True,"{""0"":null,""1"":null,""2"":null,""3"":null}",988.0,261160.0,0.0,184976.0,0.0,184976.0,0.0,157506.7178321405,0.0,0.0,0.0,0.0,184202.7484932376,0.0,7.109793671756887,0.0,748.0,0.0,0.0,0.0,16537.700000039837,0.0,453.29999999997693,0.0,9248.800000005658,0.0,0.0,0.0,0.0,0.0,0.0,0.0,1849.7599999999957,0.0,92488.0,0.0,42.0,0.0,94337.75999999998,0.0,0.0,0.0,184202.7484932376
264,2020-09-21,2020,True,30.721311475409838,988,988,1042,158347.92323343267,1326.4338662203988,20597,13,0.05054273731821095,0.8309074219774456,0.15925374006545118,0.1593861072461034,0.14102539722052898,0.38344379639448567,0.9574746963562754,0.10242922610712703,390645.5423594587,0,False,False,True,"{""0"":null,""1"":null,""2"":null,""3"":null}",988.0,262148.0,988.0,185964.0,988.0,185964.0,841.2054012921581,158347.92323343267,841.2054012921581,0.0,0.0,1326.43386622041,185529.182359458,0.05054273731821102,7.160336409075098,4.0,752.0,0.0,0.0,88.79999999870779,16626.500000038544,8.24999999999875,461.5499999999757,49.399999999281135,9298.20000000494,0.0,0.0,0.0,0.0,0.0,0.0,9.88000000000011,1859.6399999999958,494.0,92982.0,0.0,42.0,503.88000000000466,94841.63999999998,0.0,0.0,1326.43386622041,185529.182359458
265,2020-09-22,2020,True,30.724043715846996,988,988,1042,159189.12863472482,1253.5098798852296,20632,32,0.0,0.8329891161814844,0.14547101449275363,0.15935949292125914,0.14117639675591548,0.38344379639448567,0.9579706477732793,0.12944738859518923,391395.1722393439,0,False,False,True,"{""0"":null,""1"":null,""2"":null,""3"":null}",988.0,263136.0,988.0,186952.0,988.0,186952.0,841.2054012921581,159189.12863472482,841.2054012921581,0.0,0.0,1253.5098798852414,186782.69223934325,0.0,7.160336409075098,4.0,756.0,0.0,0.0,88.79999999870779,16715.300000037252,0.0,461.5499999999757,49.399999999281135,9347.60000000422,0.0,0.0,0.0,0.0,0.0,0.0,9.88000000000011,1869.519999999996,494.0,93476.0,0.0,42.0,503.88000000000466,95345.51999999999,0.0,0.0,1253.5098798852414,186782.69223934325
266,2020-09-23,2020,True,30.726775956284154,987,987,1042,160029.51473353733,1216.1471412193923,20734,48,0.129915485097309,0.8257408466242165,0.16859489072376554,0.15929703913546445,0.14120425589250743,0.3835096261198085,0.9579128672745695,0.15459756691725537,392107.94938056334,0,False,False,True,"{""0"":null,""1"":null,""2"":null,""3"":null}",987.0,264123.0,987.0,187939.0,987.0,187939.0,840.3860988125089,160029.51473353733,840.3860988125089,0.0,0.0,1216.1471412193787,187998.83938056263,0.12991548509730855,7.290251894172407,4.0,760.0,0.0,0.0,88.69999999870925,16804.00000003596,0.0,461.5499999999757,49.34999999928186,9396.950000003502,0.0,0.0,0.0,0.0,0.0,0.0,9.86999999999989,1879.3899999999958,493.5,93969.5,0.0,42.0,503.36999999999534,95848.88999999998,0.0,0.0,1216.1471412193787,187998.83938056263
267,2020-09-24,2020,True,30.729508196721312,987,987,1042,160869.90083234984,1167.663372850897,20835,54,0.008183344131553572,0.8186269923052503,0.17067009844038866,0.15918937706579012,0.14127162415032235,0.3835096261198085,0.9577152988855117,0.17777713052299218,392772.24275341426,0,False,False,True,"{""0"":null,""1"":null,""2"":null,""3"":null}",987.0,265110.0,987.0,188926.0,987.0,188926.0,840.3860988125089,160869.90083234984,840.3860988125089,0.0,0.0,1167.6633728508896,189166.50275341352,0.008183344131553305,7.29843523830396,4.0,764.0,0.0,0.0,88.69999999870925,16892.70000003467,1.9499999999997044,463.4999999999754,49.34999999928186,9446.300000002784,0.0,0.0,0.0,0.0,0.0,0.0,9.86999999999989,1889.2599999999957,493.5,94463.0,0.0,42.0,503.36999999999534,96352.25999999998,0.0,0.0,1167.6633728508896,189166.50275341352
268,2020-09-25,2020,True,30.73224043715847,987,987,1042,161710.28693116235,1104.749380145999,20944,49,0.0,0.8155577392916413,0.18615612947846977,0.15925140672859706,0.1415644202153925,0.3835096261198085,0.9574721377912867,0.1991482596397555,393373.62213356025,0,False,False,True,"{""0"":null,""1"":null,""2"":null,""3"":null}",987.0,266097.0,987.0,189913.0,987.0,189913.0,840.3860988125089,161710.28693116235,840.3860988125089,0.0,0.0,1104.7493801460078,190271.25213355952,0.0,7.29843523830396,4.0,768.0,0.0,0.0,88.69999999870925,16981.40000003338,2.849999999999568,466.34999999997495,49.34999999928186,9495.650000002066,0.0,0.0,0.0,0.0,0.0,0.0,9.86999999999989,1899.1299999999956,493.5,94956.5,0.0,42.0,503.36999999999534,96855.62999999998,0.0,0.0,1104.7493801460078,190271.25213355952
269,2020-09-26,2020,False,30.73497267759563,988,0,1043,161710.28693116235,0.0,20099,49,0.0,,,0.15924466204425738,0.14072246186742562,0.38344379639448567,0.958410931174089,0.12375906650415464,393372.62213356025,0,False,False,True,"{""0"":null,""1"":null,""2"":null,""3"":null}",988.0,267085.0,0.0,189913.0,0.0,189913.0,0.0,161710.28693116235,0.0,0.0,0.0,0.0,190271.25213355952,0.0,7.29843523830396,0.0,768.0,0.0,0.0,0.0,16981.40000003338,0.0,466.34999999997495,0.0,9495.650000002066,0.0,0.0,0.0,0.0,0.0,0.0,0.0,1899.1299999999956,0.0,94956.5,1.0,43.0,0.0,96855.62999999998,0.0,0.0,0.0,190271.25213355952
270,2020-09-27,2020,False,30.737704918032787,989,0,1044,161710.28693116235,0.0,20099,49,0.0,,,0.15919161102096208,0.13996072105625185,0.38345439458923236,0.958149646107179,0.07375953032129014,393371.62213356025,0,False,False,True,"{""0"":null,""1"":null,""2"":null,""3"":null}",989.0,268074.0,0.0,189913.0,0.0,189913.0,0.0,161710.28693116235,0.0,0.0,0.0,0.0,190271.25213355952,0.0,7.29843523830396,0.0,768.0,0.0,0.0,0.0,16981.40000003338,0.0,466.34999999997495,0.0,9495.650000002066,0.0,0.0,0.0,0.0,0.0,0.0,0.0,1899.1299999999956,0.0,94956.5,1.0,44.0,0.0,96855.62999999998,0.0,0.0,0.0,190271.25213355952
271,2020-09-28,2020,True,30.740437158469945,989,989,1044,162552.4269908517,1350.0547220868154,21081,14,0.0,0.8594657659551651,0.12290088446260392,0.15919161102096208,0.1399607210562518,0.38345439458923236,0.9573003033367037,0.1027906363076032,394217.28685564705,0,False,False,True,"{""0"":null,""1"":null,""2"":null,""3"":null}",989.0,269063.0,989.0,190902.0,989.0,190902.0,842.1400596893509,162552.4269908517,842.1400596893509,0.0,0.0,1350.0547220868175,191621.30685564634,0.0,7.29843523830396,4.0,772.0,0.0,0.0,88.89999999870633,17070.300000032086,7.349999999998886,473.69999999997384,49.44999999928041,9545.100000001346,0.0,0.0,0.0,0.0,0.0,0.0,9.8900000000001,1909.0199999999957,494.5,95451.0,0.0,44.0,504.3899999999994,97360.01999999997,0.0,0.0,1350.0547220868175,191621.30685564634
272,2020-09-29,2020,True,30.743169398907103,988,988,1044,163393.62546249735,1252.7226047615397,21124,32,0.0,0.836999724141975,0.16345568769831725,0.15924426237002845,0.13997971283083419,0.38365129447890983,0.9575607287449394,0.12969790796408537,394966.1294604086,0,False,False,True,"{""0"":null,""1"":null,""2"":null,""3"":null}",988.0,270051.0,988.0,191890.0,988.0,191890.0,841.19847164565,163393.62546249735,841.19847164565,0.0,0.0,1252.7226047615404,192874.02946040788,0.0,7.29843523830396,4.0,776.0,0.0,0.0,88.79999999870779,17159.100000030794,0.0,473.69999999997384,49.399999999281135,9594.500000000628,0.0,0.0,0.0,0.0,0.0,0.0,9.88000000000011,1918.8999999999958,494.0,95945.0,0.0,44.0,503.88000000000466,97863.89999999998,0.0,0.0,1252.7226047615404,192874.02946040788
273,2020-09-30,2020,True,30.74590163934426,988,988,1044,164234.823934143,1204.3330712968436,21229,47,0.0,0.8319260520585405,0.15477733591555115,0.159135156766326,0.14007473895598577,0.38365129447890983,0.9574544534412955,0.15478757056191897,395666.58253170544,0,False,False,True,"{""0"":null,""1"":null,""2"":null,""3"":null}",988.0,271039.0,988.0,192878.0,988.0,192878.0,841.19847164565,164234.823934143,841.19847164565,0.0,0.0,1204.333071296831,194078.3625317047,0.0,7.29843523830396,4.0,780.0,0.0,0.0,88.79999999870779,17247.900000029502,0.0,473.69999999997384,49.399999999281135,9643.899999999909,0.0,0.0,0.0,0.0,0.0,0.0,9.88000000000011,1928.7799999999959,494.0,96439.0,0.0,44.0,503.88000000000466,98367.77999999998,0.0,0.0,1204.333071296831,194078.3625317047
274,2020-10-01,2020,True,30.74863387978142,988,988,1044,165076.02240578865,1037.6447914069945,21350,48,0.056237819584183016,0.8390814527456536,0.16172917839904327,0.15935658514793827,0.14018595758171554,0.38365129447890983,0.9576214574898786,0.1779797217664629,396200.3473231124,0,False,False,True,"{""0"":null,""1"":null,""2"":null,""3"":null}",988.0,272027.0,988.0,193866.0,988.0,193866.0,841.19847164565,165076.02240578865,841.19847164565,0.0,0.0,1037.6447914069868,195116.0073231117,0.05623781958418306,7.354673057888143,4.0,784.0,0.0,0.0,88.79999999870779,17336.70000002821,2.0999999999996817,475.7999999999735,49.399999999281135,9693.29999999919,0.0,0.0,0.0,0.0,0.0,0.0,9.88000000000011,1938.659999999996,494.0,96933.0,0.0,44.0,503.88000000000466,98871.65999999999,0.0,0.0,1037.6447914069868,195116.0073231117
275,2020-10-02,2020,True,30.75136612021858,987,987,1044,165916.51557636965,990.7809175679063,21434,54,0.0,0.7921881054943831,0.19407400545951004,0.15930689403473225,0.14076400896077365,0.3833991630586562,0.9583941236068895,0.19951675919355458,396687.7582406803,0,False,False,True,"{""0"":null,""1"":null,""2"":null,""3"":null}",987.0,273014.0,987.0,194853.0,987.0,194853.0,840.4931705810013,165916.51557636965,840.4931705810013,0.0,0.0,990.7809175678995,196106.7882406796,0.0,7.354673057888143,4.0,788.0,0.0,0.0,88.69999999870925,17425.40000002692,2.6999999999995907,478.4999999999731,49.34999999928186,9742.649999998472,0.0,0.0,0.0,0.0,0.0,0.0,9.86999999999989,1948.5299999999959,493.5,97426.5,0.0,44.0,503.36999999999534,99375.02999999998,0.0,0.0,990.7809175678995,196106.7882406796
276,2020-10-03,2020,False,30.75409836065574,987,0,1044,165916.51557636965,0.0,20599,54,0.0,,,0.15924929986583886,0.14091873828343982,0.3833991630586562,0.9594224924012158,0.12417953329809896,396687.7582406803,0,False,False,True,"{""0"":null,""1"":null,""2"":null,""3"":null}",987.0,274001.0,0.0,194853.0,0.0,194853.0,0.0,165916.51557636965,0.0,0.0,0.0,0.0,196106.7882406796,0.0,7.354673057888143,0.0,788.0,0.0,0.0,0.0,17425.40000002692,0.0,478.4999999999731,0.0,9742.649999998472,0.0,0.0,0.0,0.0,0.0,0.0,0.0,1948.5299999999959,0.0,97426.5,0.0,44.0,0.0,99375.02999999998,0.0,0.0,0.0,196106.7882406796
277,2020-10-04,2020,False,30.756830601092897,986,0,1044,165916.51557636965,0.0,20599,54,0.0,,,0.15926382991801868,0.14158883270854733,0.3834660298151591,0.9593813387423935,0.07432577459587456,396687.7582406803,0,False,False,True,"{""0"":null,""1"":null,""2"":null,""3"":null}",986.0,274987.0,0.0,194853.0,0.0,194853.0,0.0,165916.51557636965,0.0,0.0,0.0,0.0,196106.7882406796,0.0,7.354673057888143,0.0,788.0,0.0,0.0,0.0,17425.40000002692,0.0,478.4999999999731,0.0,9742.649999998472,0.0,0.0,0.0,0.0,0.0,0.0,0.0,1948.5299999999959,0.0,97426.5,0.0,44.0,0.0,99375.02999999998,0.0,0.0,0.0,196106.7882406796
278,2020-10-05,2020,True,30.759562841530055,985,985,1044,166755.3783005741,1211.7615439742997,21578,13,0.06114424863009483,0.8468589924977871,0.14526016829120525,0.1591313126836448,0.14150951002910117,0.38353185954048186,0.9581979695431473,0.10347950976565264,397397.16978465463,0,False,False,True,"{""0"":null,""1"":null,""2"":null,""3"":null}",985.0,275972.0,985.0,195838.0,985.0,195838.0,838.8627242044604,166755.3783005741,838.8627242044604,0.0,0.0,1211.7615439743095,197318.5497846539,0.06114424863009482,7.415817306518238,4.0,792.0,0.0,0.0,88.49999999871216,17513.90000002563,8.099999999998772,486.5999999999719,49.24999999928332,9791.899999997755,0.0,0.0,0.0,0.0,0.0,0.0,9.849999999999909,1958.3799999999958,492.5,97919.0,0.0,44.0,502.3500000000058,99877.37999999999,0.0,0.0,1211.7615439743095,197318.5497846539
279,2020-10-06,2020,True,30.762295081967213,985,985,1044,167594.24102477857,1132.645296138761,21631,30,0.0,0.8174265351213097,0.1804243763875723,0.15915745427631028,0.14167077714909776,0.38353185954048186,0.9586548223350253,0.13054531458315122,398027.4650807934,0,False,False,True,"{""0"":null,""1"":null,""2"":null,""3"":null}",985.0,276957.0,985.0,196823.0,985.0,196823.0,838.8627242044604,167594.24102477857,838.8627242044604,0.0,0.0,1132.6452961387695,198451.19508079268,0.0,7.415817306518238,4.0,796.0,0.0,0.0,88.49999999871216,17602.400000024343,0.0,486.5999999999719,49.24999999928332,9841.149999997038,0.0,0.0,0.0,0.0,0.0,0.0,9.849999999999909,1968.2299999999957,492.5,98411.5,0.0,44.0,502.3500000000058,100379.73,0.0,0.0,1132.6452961387695,198451.19508079268
280,2020-10-07,2020,True,30.76502732240437,985,985,1044,168433.10374898303,1102.5635057868594,21728,50,0.0,0.7980128326053624,0.20048880490109877,0.1592014482591343,0.14165494158507105,0.38353185954048186,0.9587005076142132,0.15559866026607197,398627.6785865803,0,False,False,True,"{""0"":null,""1"":null,""2"":null,""3"":null}",985.0,277942.0,985.0,197808.0,985.0,197808.0,838.8627242044604,168433.10374898303,838.8627242044604,0.0,0.0,1102.5635057868494,199553.75858657953,0.0,7.415817306518238,4.0,800.0,0.0,0.0,88.49999999871216,17690.900000023055,0.0,486.5999999999719,49.24999999928332,9890.399999996322,0.0,0.0,0.0,0.0,0.0,0.0,9.849999999999909,1978.0799999999956,492.5,98904.0,0.0,44.0,502.3500000000058,100882.08,0.0,0.0,1102.5635057868494,199553.75858657953
281,2020-10-08,2020,True,30.76775956284153,985,985,1044,169271.9664731875,1059.2275638946262,21842,52,0.0,0.8112747735873089,0.1866169385023241,0.15926920686363527,0.1418723406642389,0.38353185954048186,0.9588832487309644,0.17868941187117698,399184.556150475,0,False,False,True,"{""0"":null,""1"":null,""2"":null,""3"":null}",985.0,278927.0,985.0,198793.0,985.0,198793.0,838.8627242044604,169271.9664731875,838.8627242044604,0.0,0.0,1059.2275638946157,200612.98615047414,0.0,7.415817306518238,4.0,804.0,0.0,0.0,88.49999999871216,17779.400000021767,1.9499999999997044,488.5499999999716,49.24999999928332,9939.649999995605,0.0,0.0,0.0,0.0,0.0,0.0,9.849999999999909,1987.9299999999955,492.5,99396.5,0.0,44.0,502.3500000000058,101384.43000000001,0.0,0.0,1059.2275638946157,200612.98615047414
282,2020-10-09,2020,True,30.770491803278688,985,985,1044,170110.82919739195,1009.5157291354963,21940,53,0.0,0.8101293411553269,0.19035463282481108,0.15933070297619187,0.14196135057334647,0.38353185954048186,0.9589187817258883,0.1999351745621964,399691.7218796105,0,False,False,True,"{""0"":null,""1"":null,""2"":null,""3"":null}",985.0,279912.0,985.0,199778.0,985.0,199778.0,838.8627242044604,170110.82919739195,838.8627242044604,0.0,0.0,1009.5157291354844,201622.50187960963,0.0,7.415817306518238,4.0,808.0,0.0,0.0,88.49999999871216,17867.90000002048,2.5499999999996135,491.0999999999712,49.24999999928332,9988.899999994888,0.0,0.0,0.0,0.0,0.0,0.0,9.849999999999909,1997.7799999999954,492.5,99889.0,0.0,44.0,502.3500000000058,101886.78000000001,0.0,0.0,1009.5157291354844,201622.50187960963
283,2020-10-10,2020,False,30.773224043715846,985,0,1044,170110.82919739195,0.0,21099,53,0.0,,,0.15907848402747,0.14203490596439372,0.38353185954048186,0.9601015228426396,0.1244868243256264,399691.7218796105,0,False,False,True,"{""0"":null,""1"":null,""2"":null,""3"":null}",985.0,280897.0,0.0,199778.0,0.0,199778.0,0.0,170110.82919739195,0.0,0.0,0.0,0.0,201622.50187960963,0.0,7.415817306518238,0.0,808.0,0.0,0.0,0.0,17867.90000002048,0.0,491.0999999999712,0.0,9988.899999994888,0.0,0.0,0.0,0.0,0.0,0.0,0.0,1997.7799999999954,0.0,99889.0,0.0,44.0,0.0,101886.78000000001,0.0,0.0,0.0,201622.50187960963
284,2020-10-11,2020,False,30.775956284153004,986,0,1045,170110.82919739195,0.0,21099,53,0.0,,,0.15914071211000058,0.14120228623823797,0.3834660298151591,0.9598377281947261,0.07442424832173342,399690.7218796105,0,False,False,True,"{""0"":null,""1"":null,""2"":null,""3"":null}",986.0,281883.0,0.0,199778.0,0.0,199778.0,0.0,170110.82919739195,0.0,0.0,0.0,0.0,201622.50187960963,0.0,7.415817306518238,0.0,808.0,0.0,0.0,0.0,17867.90000002048,0.0,491.0999999999712,0.0,9988.899999994888,0.0,0.0,0.0,0.0,0.0,0.0,0.0,1997.7799999999954,0.0,99889.0,1.0,45.0,0.0,101886.78000000001,0.0,0.0,0.0,201622.50187960963
285,2020-10-12,2020,True,30.778688524590162,985,985,1045,170949.6130199169,1231.0653098484415,22063,18,0.0,0.8456050966839026,0.1464740725093788,0.15897250757323594,0.1411687956718223,0.38353185954048186,0.9585482233502538,0.1035566313491053,400419.437189459,0,False,False,True,"{""0"":null,""1"":null,""2"":null,""3"":null}",985.0,282868.0,985.0,200763.0,985.0,200763.0,838.7838225249434,170949.6130199169,838.7838225249434,0.0,0.0,1231.0653098484327,202853.56718945806,0.0,7.415817306518238,4.0,812.0,0.0,0.0,88.49999999871216,17956.40000001919,7.949999999998795,499.04999999997,49.24999999928332,10038.149999994172,0.0,0.0,0.0,0.0,0.0,0.0,9.849999999999909,2007.6299999999953,492.5,100381.5,0.0,45.0,502.3500000000058,102389.13000000002,0.0,0.0,1231.0653098484327,202853.56718945806
286,2020-10-13,2020,True,30.781420765027324,985,985,1045,171788.39684244184,1149.263087172126,22121,42,0.0,0.8568893192490155,0.13830229489105936,0.15907877600258033,0.1412148969172799,0.38353185954048186,0.9587969543147208,0.13052387262028983,401066.3502766311,0,False,False,True,"{""0"":null,""1"":null,""2"":null,""3"":null}",985.0,283853.0,985.0,201748.0,985.0,201748.0,838.7838225249434,171788.39684244184,838.7838225249434,0.0,0.0,1149.2630871721194,204002.83027663018,0.0,7.415817306518238,4.0,816.0,0.0,0.0,88.49999999871216,18044.900000017904,0.0,499.04999999997,49.24999999928332,10087.399999993455,0.0,0.0,0.0,0.0,0.0,0.0,9.849999999999909,2017.4799999999952,492.5,100874.0,0.0,45.0,502.3500000000058,102891.48000000003,0.0,0.0,1149.2630871721194,204002.83027663018
287,2020-10-14,2020,True,30.784153005464482,985,985,1045,172627.18066496679,1102.0476483555922,22237,58,0.0,0.8143363700393035,0.18259563623348374,0.1591190063404678,0.14139822734796675,0.38353185954048186,0.958989847715736,0.15551854479558766,401666.04792498675,0,False,False,True,"{""0"":null,""1"":null,""2"":null,""3"":null}",985.0,284838.0,985.0,202733.0,985.0,202733.0,838.7838225249434,172627.18066496679,838.7838225249434,0.0,0.0,1102.0476483555976,205104.87792498578,0.0,7.415817306518238,4.0,820.0,0.0,0.0,88.49999999871216,18133.400000016616,0.0,499.04999999997,49.24999999928332,10136.649999992738,0.0,0.0,0.0,0.0,0.0,0.0,9.849999999999909,2027.3299999999952,492.5,101366.5,0.0,45.0,502.3500000000058,103393.83000000003,0.0,0.0,1102.0476483555976,205104.87792498578
288,2020-10-15,2020,True,30.78688524590164,985,985,1045,173465.96448749173,1032.9785763518935,22341,56,0.0,0.8437763180736204,0.14475893404923454,0.1589917855016713,0.14149708530863964,0.38353185954048186,0.9591015228426396,0.1786036272641387,402196.67650133866,0,False,False,True,"{""0"":null,""1"":null,""2"":null,""3"":null}",985.0,285823.0,985.0,203718.0,985.0,203718.0,838.7838225249434,173465.96448749173,838.7838225249434,0.0,0.0,1032.9785763518885,206137.85650133766,0.0,7.415817306518238,4.0,824.0,0.0,0.0,88.49999999871216,18221.90000001533,2.6999999999995907,501.7499999999696,49.24999999928332,10185.899999992022,0.0,0.0,0.0,0.0,0.0,0.0,9.849999999999909,2037.179999999995,492.5,101859.0,0.0,45.0,502.3500000000058,103896.18000000004,0.0,0.0,1032.9785763518885,206137.85650133766
289,2020-10-16,2020,True,30.7896174863388,986,986,1046,174305.58986210468,1022.2169172936791,22451,52,0.16521182840418533,0.7991453999164808,0.19265004656839996,0.15884435075224157,0.1406373376365369,0.3834660298151591,0.9588438133874239,0.199759513771598,402715.03341863235,0,False,False,True,"{""0"":null,""1"":null,""2"":null,""3"":null}",986.0,286809.0,986.0,204704.0,986.0,204704.0,839.6253746129514,174305.58986210468,839.6253746129514,0.0,0.0,1022.2169172936701,207160.07341863133,0.16521182840418547,7.5810291349224235,4.0,828.0,0.0,0.0,88.5999999987107,18310.50000001404,3.5999999999994543,505.34999999996904,49.29999999928259,10235.199999991304,0.0,0.0,0.0,0.0,0.0,0.0,9.8599999999999,2047.039999999995,493.0,102352.0,1.0,46.0,502.8600000000006,104399.04000000004,0.0,0.0,1022.2169172936701,207160.07341863133
290,2020-10-17,2020,False,30.792349726775956,986,0,1046,174305.58986210468,0.0,21599,52,0.0,,,0.1589411842795901,0.14079273295200212,0.3834660298151591,0.9597515212981745,0.12425932055021657,402715.03341863235,0,False,False,True,"{""0"":null,""1"":null,""2"":null,""3"":null}",986.0,287795.0,0.0,204704.0,0.0,204704.0,0.0,174305.58986210468,0.0,0.0,0.0,0.0,207160.07341863133,0.0,7.5810291349224235,0.0,828.0,0.0,0.0,0.0,18310.50000001404,0.0,505.34999999996904,0.0,10235.199999991304,0.0,0.0,0.0,0.0,0.0,0.0,0.0,2047.039999999995,0.0,102352.0,0.0,46.0,0.0,104399.04000000004,0.0,0.0,0.0,207160.07341863133
291,2020-10-18,2020,False,30.795081967213115,986,0,1046,174305.58986210468,0.0,21599,52,0.0,,,0.15894118427959011,0.14079273295200212,0.3834660298151591,0.9597515212981745,0.07432906426829226,402715.03341863235,0,False,False,True,"{""0"":null,""1"":null,""2"":null,""3"":null}",986.0,288781.0,0.0,204704.0,0.0,204704.0,0.0,174305.58986210468,0.0,0.0,0.0,0.0,207160.07341863133,0.0,7.5810291349224235,0.0,828.0,0.0,0.0,0.0,18310.50000001404,0.0,505.34999999996904,0.0,10235.199999991304,0.0,0.0,0.0,0.0,0.0,0.0,0.0,2047.039999999995,0.0,102352.0,0.0,46.0,0.0,104399.04000000004,0.0,0.0,0.0,207160.07341863133
292,2020-10-19,2020,True,30.797814207650273,986,986,1046,175145.21523671763,1226.6481674773906,22579,12,0.03963727648103912,0.8550942485990118,0.13399075565120655,0.1589411842795901,0.14079273295200212,0.3834660298151591,0.9587931034482758,0.10338385764947575,403438.82158610976,0,False,False,True,"{""0"":null,""1"":null,""2"":null,""3"":null}",986.0,289767.0,986.0,205690.0,986.0,205690.0,839.6253746129514,175145.21523671763,839.6253746129514,0.0,0.0,1226.6481674773968,208386.72158610873,0.039637276481038874,7.620666411403462,4.0,832.0,0.0,0.0,88.5999999987107,18399.10000001275,7.7999999999988745,513.1499999999679,49.29999999928259,10284.499999990587,0.0,0.0,0.0,0.0,0.0,0.0,9.860000000000127,2056.899999999995,493.0,102845.0,0.0,46.0,502.8600000000006,104901.90000000004,0.0,0.0,1226.6481674773968,208386.72158610873
293,2020-10-20,2020,True,30.80054644808743,986,986,1046,175984.84061133058,1165.76208826367,22635,26,0.0,0.8254581158691232,0.17777019167737043,0.15896935773063225,0.14088568770855603,0.3834660298151591,0.9592697768762678,0.1304580319157032,404101.72367437347,0,False,False,True,"{""0"":null,""1"":null,""2"":null,""3"":null}",986.0,290753.0,986.0,206676.0,986.0,206676.0,839.6253746129514,175984.84061133058,839.6253746129514,0.0,0.0,1165.7620882636693,209552.4836743724,0.0,7.620666411403462,4.0,836.0,0.0,0.0,88.5999999987107,18487.70000001146,0.0,513.1499999999679,49.29999999928259,10333.79999998987,0.0,0.0,0.0,0.0,0.0,0.0,9.860000000000127,2066.759999999995,493.0,103338.0,0.0,46.0,502.8600000000006,105404.76000000004,0.0,0.0,1165.7620882636693,209552.4836743724
294,2020-10-21,2020,True,30.80327868852459,986,986,1046,176824.46598594353,1109.2069318999722,22726,47,0.0,0.8410690666868746,0.15279452317453274,0.1589876789083946,0.1410520382711995,0.3834660298151591,0.9591480730223124,0.15545838810493953,404708.0706062735,0,False,False,True,"{""0"":null,""1"":null,""2"":null,""3"":null}",986.0,291739.0,986.0,207662.0,986.0,207662.0,839.6253746129514,176824.46598594353,839.6253746129514,0.0,0.0,1109.206931899971,210661.69060627237,0.0,7.620666411403462,4.0,840.0,0.0,0.0,88.5999999987107,18576.30000001017,0.0,513.1499999999679,49.29999999928259,10383.099999989152,0.0,0.0,0.0,0.0,0.0,0.0,9.860000000000127,2076.6199999999953,493.0,103831.0,0.0,46.0,502.8600000000006,105907.62000000004,0.0,0.0,1109.206931899971,210661.69060627237
295,2020-10-22,2020,True,30.806010928961747,986,986,1046,177664.0913605565,1066.6802253874955,22845,54,0.0,0.8428318737635376,0.14765477824289175,0.15894249525115992,0.14101352225671324,0.3834660298151591,0.9591430020283976,0.17846445855168186,405271.890831661,0,False,False,True,"{""0"":null,""1"":null,""2"":null,""3"":null}",986.0,292725.0,986.0,208648.0,986.0,208648.0,839.6253746129514,177664.0913605565,839.6253746129514,0.0,0.0,1066.6802253875067,211728.37083165988,0.0,7.620666411403462,4.0,844.0,0.0,0.0,88.5999999987107,18664.90000000888,1.7999999999997272,514.9499999999676,49.29999999928259,10432.399999988435,0.0,0.0,0.0,0.0,0.0,0.0,9.860000000000127,2086.4799999999955,493.0,104324.0,0.0,46.0,502.8600000000006,106410.48000000004,0.0,0.0,1066.6802253875067,211728.37083165988
296,2020-10-23,2020,True,30.80874316939891,986,986,1046,178503.71673516944,1006.0598282185572,22951,54,0.0,0.8155981428005574,0.17146355131952884,0.1590164170417454,0.1411647267847422,0.3834660298151591,0.9595689655172414,0.199715384293307,405775.09065987956,0,False,False,True,"{""0"":null,""1"":null,""2"":null,""3"":null}",986.0,293711.0,986.0,209634.0,986.0,209634.0,839.6253746129514,178503.71673516944,839.6253746129514,0.0,0.0,1006.0598282185674,212734.43065987845,0.0,7.620666411403462,4.0,848.0,0.0,0.0,88.5999999987107,18753.500000007592,2.0999999999996817,517.0499999999673,49.29999999928259,10481.699999987717,0.0,0.0,0.0,0.0,0.0,0.0,9.860000000000127,2096.3399999999956,493.0,104817.0,0.0,46.0,502.8600000000006,106913.34000000004,0.0,0.0,1006.0598282185674,212734.43065987845
297,2020-10-24,2020,False,30.811475409836067,987,0,1047,178503.71673516944,0.0,22099,54,0.0,,,0.15893872690511912,0.14051220439752618,0.3834002000898363,0.9604609929078014,0.124065424780397,405774.09065987956,0,False,False,True,"{""0"":null,""1"":null,""2"":null,""3"":null}",987.0,294698.0,0.0,209634.0,0.0,209634.0,0.0,178503.71673516944,0.0,0.0,0.0,0.0,212734.43065987845,0.0,7.620666411403462,0.0,848.0,0.0,0.0,0.0,18753.500000007592,0.0,517.0499999999673,0.0,10481.699999987717,0.0,0.0,0.0,0.0,0.0,0.0,0.0,2096.3399999999956,0.0,104817.0,1.0,47.0,0.0,106913.34000000004,0.0,0.0,0.0,212734.43065987845
298,2020-10-25,2020,False,30.814207650273225,987,0,1047,178503.71673516944,0.0,22099,54,0.0,,,0.15893872690511912,0.14051220439752618,0.3834002000898363,0.9604609929078014,0.0741938033083065,405774.09065987956,0,False,False,True,"{""0"":null,""1"":null,""2"":null,""3"":null}",987.0,295685.0,0.0,209634.0,0.0,209634.0,0.0,178503.71673516944,0.0,0.0,0.0,0.0,212734.43065987845,0.0,7.620666411403462,0.0,848.0,0.0,0.0,0.0,18753.500000007592,0.0,517.0499999999673,0.0,10481.699999987717,0.0,0.0,0.0,0.0,0.0,0.0,0.0,2096.3399999999956,0.0,104817.0,0.0,47.0,0.0,106913.34000000004,0.0,0.0,0.0,212734.43065987845
299,2020-10-26,2020,True,30.816939890710383,988,988,1048,179345.04835673526,1249.6060910618419,23081,18,0.0,0.8593984660265914,0.1374197956212864,0.15904411710873875,0.13999827071358062,0.3836482923514714,0.9591801619433198,0.10318511321634474,406518.8167509414,0,False,False,True,"{""0"":null,""1"":null,""2"":null,""3"":null}",988.0,296673.0,988.0,210622.0,988.0,210622.0,841.3316215658269,179345.04835673526,841.3316215658269,0.0,0.0,1249.6060910618398,213984.0367509403,0.0,7.620666411403462,4.0,852.0,0.0,0.0,88.79999999870779,18842.3000000063,8.099999999998772,525.1499999999661,49.399999999281135,10531.099999986998,0.0,0.0,0.0,0.0,0.0,0.0,9.88000000000011,2106.2199999999957,494.0,105311.0,1.0,48.0,503.88000000000466,107417.22000000004,0.0,0.0,1249.6060910618398,213984.0367509403
300,2020-10-27,2020,True,30.81967213114754,989,989,1049,180187.30417178458,1200.6897100739739,23118,39,0.0,0.8585290394789098,0.1425028395950214,0.15908619646369515,0.13920137918722175,0.3835814255949685,0.9587664307381193,0.13013395487617957,407214.11646101536,0,False,False,True,"{""0"":null,""1"":null,""2"":null,""3"":null}",989.0,297662.0,989.0,211611.0,989.0,211611.0,842.2558150493132,180187.30417178458,842.2558150493132,0.0,0.0,1200.689710073988,215184.72646101427,0.0,7.620666411403462,4.0,856.0,0.0,0.0,88.89999999870633,18931.200000005007,0.0,525.1499999999661,49.44999999928041,10580.549999986279,0.0,0.0,0.0,0.0,0.0,0.0,9.889999999999873,2116.1099999999956,494.5,105805.5,1.0,49.0,504.3899999999994,107921.61000000004,0.0,0.0,1200.689710073988,215184.72646101427
301,2020-10-28,2020,True,30.8224043715847,989,989,1049,181029.5599868339,1122.8190559248783,23225,53,0.0,0.829948429359957,0.14042200670521204,0.15907881026561477,0.13929218104262736,0.3835814255949685,0.958685540950455,0.1550740968934393,407832.54551694024,0,False,False,True,"{""0"":null,""1"":null,""2"":null,""3"":null}",989.0,298651.0,989.0,212600.0,989.0,212600.0,842.2558150493132,181029.5599868339,842.2558150493132,0.0,0.0,1122.8190559248906,216307.54551693916,0.0,7.620666411403462,4.0,860.0,0.0,0.0,88.89999999870633,19020.100000003713,0.0,525.1499999999661,49.44999999928041,10629.999999985559,0.0,0.0,0.0,0.0,0.0,0.0,9.889999999999873,2125.9999999999955,494.5,106300.0,0.0,49.0,504.3899999999994,108426.00000000004,0.0,0.0,1122.8190559248906,216307.54551693916
302,2020-10-29,2020,True,30.825136612021858,990,990,1050,181872.68925001952,1083.5588128036372,23365,50,0.0,0.8161717145078008,0.18152386227880288,0.15910750155185957,0.138779605359204,0.3838335570152222,0.9587575757575757,0.17808546421497876,408410.20432974386,0,False,False,True,"{""0"":null,""1"":null,""2"":null,""3"":null}",990.0,299641.0,990.0,213590.0,990.0,213590.0,843.129263185634,181872.68925001952,843.129263185634,0.0,0.0,1083.558812803647,217391.1043297428,0.0,7.620666411403462,4.0,864.0,0.0,0.0,88.99999999870488,19109.100000002418,2.6999999999995907,527.8499999999657,49.49999999927968,10679.499999984839,0.0,0.0,0.0,0.0,0.0,0.0,9.900000000000091,2135.8999999999955,495.0,106795.0,1.0,50.0,504.8999999999942,108930.90000000004,0.0,0.0,1083.558812803647,217391.1043297428
303,2020-10-30,2020,True,30.827868852459016,990,990,1050,182715.81851320516,1037.2368376491513,23458,45,0.0,0.7909197355584285,0.19667383108224346,0.15916807062888022,0.13892027293787962,0.3838335570152222,0.9591767676767677,0.1993970182934042,408942.541167393,0,False,False,True,"{""0"":null,""1"":null,""2"":null,""3"":null}",990.0,300631.0,990.0,214580.0,990.0,214580.0,843.129263185634,182715.81851320516,843.129263185634,0.0,0.0,1037.236837649165,218428.34116739198,0.0,7.620666411403462,4.0,868.0,0.0,0.0,88.99999999870488,19198.100000001123,3.1499999999995225,530.9999999999652,49.49999999927968,10728.999999984118,0.0,0.0,0.0,0.0,0.0,0.0,9.900000000000091,2145.7999999999956,495.0,107290.0,0.0,50.0,504.8999999999942,109435.80000000003,0.0,0.0,1037.236837649165,218428.34116739198
304,2020-10-31,2020,False,30.830601092896174,989,0,1050,182715.81851320516,0.0,22599,45,0.0,,,0.15889290949571017,0.13883912866453404,0.3835814255949685,0.9602831142568251,0.1237050345775794,408942.541167393,0,False,False,True,"{""0"":null,""1"":null,""2"":null,""3"":null}",989.0,301620.0,0.0,214580.0,0.0,214580.0,0.0,182715.81851320516,0.0,0.0,0.0,0.0,218428.34116739198,0.0,7.620666411403462,0.0,868.0,0.0,0.0,0.0,19198.100000001123,0.0,530.9999999999652,0.0,10728.999999984118,0.0,0.0,0.0,0.0,0.0,0.0,0.0,2145.7999999999956,0.0,107290.0,0.0,50.0,0.0,109435.80000000003,0.0,0.0,0.0,218428.34116739198
305,2020-11-01,2020,False,30.833333333333332,989,0,1050,182715.81851320516,0.0,22599,45,0.0,,,0.15889290949571017,0.13883912866453404,0.3835814255949685,0.9602831142568251,0.07390965854895211,408942.541167393,0,False,False,True,"{""0"":null,""1"":null,""2"":null,""3"":null}",989.0,302609.0,0.0,214580.0,0.0,214580.0,0.0,182715.81851320516,0.0,0.0,0.0,0.0,218428.34116739198,0.0,7.620666411403462,0.0,868.0,0.0,0.0,0.0,19198.100000001123,0.0,530.9999999999652,0.0,10728.999999984118,0.0,0.0,0.0,0.0,0.0,0.0,0.0,2145.7999999999956,0.0,107290.0,0.0,50.0,0.0,109435.80000000003,0.0,0.0,0.0,218428.34116739198
306,2020-11-02,2020,True,30.83606557377049,989,989,1050,183558.08758257108,1235.6304175350144,23569,15,0.0,0.85750816592653,0.12723654437142945,0.15889290949571017,0.13883912866453404,0.3835814255949685,0.9592517694641052,0.10293333115080593,409673.781584928,0,False,False,True,"{""0"":null,""1"":null,""2"":null,""3"":null}",989.0,303598.0,989.0,215569.0,989.0,215569.0,842.2690693659242,183558.08758257108,842.2690693659242,0.0,0.0,1235.6304175350233,219663.971584927,0.0,7.620666411403462,4.0,872.0,0.0,0.0,88.89999999870633,19286.99999999983,6.749999999998977,537.7499999999642,49.44999999928041,10778.449999983399,0.0,0.0,0.0,0.0,0.0,0.0,9.889999999999873,2155.6899999999955,494.5,107784.5,0.0,50.0,504.3899999999994,109940.19000000003,0.0,0.0,1235.6304175350233,219663.971584927
307,2020-11-03,2020,True,30.838797814207652,989,989,1050,184400.356651937,1182.4904894644806,23625,28,0.0,0.8313069172512365,0.15328088957757394,0.1589536185606722,0.13889150951195875,0.3835814255949685,0.9591203235591507,0.12995871567525208,410351.88207439246,0,False,False,True,"{""0"":null,""1"":null,""2"":null,""3"":null}",989.0,304587.0,989.0,216558.0,989.0,216558.0,842.2690693659242,184400.356651937,842.2690693659242,0.0,0.0,1182.490489464486,220846.4620743915,0.0,7.620666411403462,4.0,876.0,0.0,0.0,88.89999999870633,19375.899999998535,0.0,537.7499999999642,49.44999999928041,10827.89999998268,0.0,0.0,0.0,0.0,0.0,0.0,9.889999999999873,2165.5799999999954,494.5,108279.0,0.0,50.0,504.3899999999994,110444.58000000003,0.0,0.0,1182.490489464486,220846.4620743915
308,2020-11-04,2020,True,30.84153005464481,989,989,1050,185242.62572130293,1137.7372528642447,23720,41,0.0,0.8383306494088464,0.1588229611196534,0.15890021007292973,0.1390113242667596,0.3835814255949685,0.9588624873609707,0.1549771282210306,410985.2293272567,0,False,False,True,"{""0"":null,""1"":null,""2"":null,""3"":null}",989.0,305576.0,989.0,217547.0,989.0,217547.0,842.2690693659242,185242.62572130293,842.2690693659242,0.0,0.0,1137.737252864259,221984.19932725574,0.0,7.620666411403462,4.0,880.0,0.0,0.0,88.89999999870633,19464.79999999724,0.0,537.7499999999642,49.44999999928041,10877.34999998196,0.0,0.0,0.0,0.0,0.0,0.0,9.889999999999873,2175.4699999999953,494.5,108773.5,0.0,50.0,504.3899999999994,110948.97000000003,0.0,0.0,1137.737252864259,221984.19932725574
309,2020-11-05,2020,True,30.84426229508197,989,989,1050,186084.89479066886,1084.2995124810145,23836,38,0.0,0.8290928122856311,0.1615412520876869,0.1589127003464017,0.13904885968069744,0.3835814255949685,0.9587259858442871,0.17804372559218404,411565.1388397377,0,False,False,True,"{""0"":null,""1"":null,""2"":null,""3"":null}",989.0,306565.0,989.0,218536.0,989.0,218536.0,842.2690693659242,186084.89479066886,842.2690693659242,0.0,0.0,1084.2995124810259,223068.49883973677,0.0,7.620666411403462,4.0,884.0,0.0,0.0,88.89999999870633,19553.699999995948,2.249999999999659,539.9999999999638,49.44999999928041,10926.79999998124,0.0,0.0,0.0,0.0,0.0,0.0,9.889999999999873,2185.359999999995,494.5,109268.0,0.0,50.0,504.3899999999994,111453.36000000003,0.0,0.0,1084.2995124810259,223068.49883973677
310,2020-11-06,2020,True,30.846994535519126,989,989,1050,186927.16386003478,1045.8923069824023,23934,43,0.0,0.8049066971216436,0.18879857155921456,0.15892275994633429,0.13914561159256825,0.3835814255949685,0.9587866531850354,0.19925666591333893,412106.6411467201,0,False,False,True,"{""0"":null,""1"":null,""2"":null,""3"":null}",989.0,307554.0,989.0,219525.0,989.0,219525.0,842.2690693659242,186927.16386003478,842.2690693659242,0.0,0.0,1045.892306982394,224114.39114671916,0.0,7.620666411403462,4.0,888.0,0.0,0.0,88.89999999870633,19642.599999994654,1.9499999999997044,541.9499999999636,49.44999999928041,10976.24999998052,0.0,0.0,0.0,0.0,0.0,0.0,9.889999999999873,2195.249999999995,494.5,109762.5,0.0,50.0,504.3899999999994,111957.75000000003,0.0,0.0,1045.892306982394,224114.39114671916
311,2020-11-07,2020,False,30.849726775956285,988,0,1050,186927.16386003478,0.0,23099,43,0.0,,,0.15875840503092142,0.13919202537756,0.3836482923514714,0.9601366396761134,0.12380473522226326,412106.6411467201,0,False,False,True,"{""0"":null,""1"":null,""2"":null,""3"":null}",988.0,308542.0,0.0,219525.0,0.0,219525.0,0.0,186927.16386003478,0.0,0.0,0.0,0.0,224114.39114671916,0.0,7.620666411403462,0.0,888.0,0.0,0.0,0.0,19642.599999994654,0.0,541.9499999999636,0.0,10976.24999998052,0.0,0.0,0.0,0.0,0.0,0.0,0.0,2195.249999999995,0.0,109762.5,0.0,50.0,0.0,111957.75000000003,0.0,0.0,0.0,224114.39114671916
312,2020-11-08,2020,False,30.852459016393443,988,0,1050,186927.16386003478,0.0,23099,43,0.0,,,0.15875840503092142,0.13919202537756,0.3836482923514714,0.9601366396761134,0.07402208293512215,412106.6411467201,0,False,False,True,"{""0"":null,""1"":null,""2"":null,""3"":null}",988.0,309530.0,0.0,219525.0,0.0,219525.0,0.0,186927.16386003478,0.0,0.0,0.0,0.0,224114.39114671916,0.0,7.620666411403462,0.0,888.0,0.0,0.0,0.0,19642.599999994654,0.0,541.9499999999636,0.0,10976.24999998052,0.0,0.0,0.0,0.0,0.0,0.0,0.0,2195.249999999995,0.0,109762.5,0.0,50.0,0.0,111957.75000000003,0.0,0.0,0.0,224114.39114671916
313,2020-11-09,2020,True,30.8551912568306,988,988,1050,187768.55951800448,1240.8914424813656,24067,19,0.0,0.8343324512706342,0.15298741744335892,0.15875840503092142,0.13919202537756004,0.3836482923514714,0.9590131578947368,0.10296604024314705,412843.65258920146,0,False,False,True,"{""0"":null,""1"":null,""2"":null,""3"":null}",988.0,310518.0,988.0,220513.0,988.0,220513.0,841.3956579696969,187768.55951800448,841.3956579696969,0.0,0.0,1240.8914424813702,225355.28258920053,0.0,7.620666411403462,4.0,892.0,0.0,0.0,88.79999999870779,19731.399999993362,6.449999999999022,548.3999999999626,49.399999999281135,11025.649999979802,0.0,0.0,0.0,0.0,0.0,0.0,9.88000000000011,2205.129999999995,494.0,110256.5,0.0,50.0,503.88000000000466,112461.63000000003,0.0,0.0,1240.8914424813702,225355.28258920053
314,2020-11-10,2020,True,30.85792349726776,988,988,1050,188609.95517597417,1152.0653491528888,24127,37,0.0,0.8239700138666974,0.16365815176344675,0.15878058335298945,0.13933152553222375,0.3836482923514714,0.9593319838056681,0.12991099089440386,413491.83793835435,0,False,False,True,"{""0"":null,""1"":null,""2"":null,""3"":null}",988.0,311506.0,988.0,221501.0,988.0,221501.0,841.3956579696969,188609.95517597417,841.3956579696969,0.0,0.0,1152.0653491528938,226507.34793835343,0.0,7.620666411403462,4.0,896.0,0.0,0.0,88.79999999870779,19820.19999999207,0.0,548.3999999999626,49.399999999281135,11075.049999979083,0.0,0.0,0.0,0.0,0.0,0.0,9.88000000000011,2215.009999999995,494.0,110750.5,0.0,50.0,503.88000000000466,112965.51000000004,0.0,0.0,1152.0653491528938,226507.34793835343
315,2020-11-11,2020,True,30.860655737704917,987,987,1050,189450.46731789148,1138.1191271656405,24204,63,0.04491585990825968,0.8502354860658309,0.13979551317379937,0.15862202876875414,0.1392306558057705,0.3836375493640506,0.9585916919959473,0.15485019488058935,414126.58706552,0,False,False,True,"{""0"":null,""1"":null,""2"":null,""3"":null}",987.0,312493.0,987.0,222488.0,987.0,222488.0,840.5121419173083,189450.46731789148,840.5121419173083,0.0,0.0,1138.1191271656426,227645.46706551907,0.04491585990825975,7.665582271311722,4.0,900.0,0.0,0.0,88.69999999870925,19908.89999999078,0.0,548.3999999999626,49.34999999928186,11124.399999978365,0.0,0.0,0.0,0.0,0.0,0.0,9.86999999999989,2224.879999999995,493.5,111244.0,0.0,50.0,503.36999999999534,113468.88000000003,0.0,0.0,1138.1191271656426,227645.46706551907
316,2020-11-12,2020,True,30.863387978142075,988,988,1051,190291.94439745246,1081.5164472582057,24352,57,0.0,0.8147901742373717,0.17048441107442952,0.15857435870875408,0.13854370595299345,0.3836482923514714,0.9587601214574899,0.17780061913371298,414703.2235127782,0,False,False,True,"{""0"":null,""1"":null,""2"":null,""3"":null}",988.0,313481.0,988.0,223476.0,988.0,223476.0,841.4770795609802,190291.94439745246,841.4770795609802,0.0,0.0,1081.516447258211,228726.98351277728,0.0,7.665582271311722,4.0,904.0,0.0,0.0,88.79999999870779,19997.699999989487,2.849999999999568,551.2499999999621,49.399999999281135,11173.799999977646,0.0,0.0,0.0,0.0,0.0,0.0,9.88000000000011,2234.759999999995,494.0,111738.0,1.0,51.0,503.88000000000466,113972.76000000004,0.0,0.0,1081.516447258211,228726.98351277728
317,2020-11-13,2020,True,30.866120218579233,988,988,1051,191133.42147701344,1049.6098355672423,24435,60,0.0,0.8038997887207932,0.18716467463885278,0.15864455550447937,0.1387398449604072,0.3836482923514714,0.9586791497975709,0.19902490874184023,415248.9533483454,0,False,False,True,"{""0"":null,""1"":null,""2"":null,""3"":null}",988.0,314469.0,988.0,224464.0,988.0,224464.0,841.4770795609802,191133.42147701344,841.4770795609802,0.0,0.0,1049.6098355672439,229776.59334834453,0.0,7.665582271311722,4.0,908.0,0.0,0.0,88.79999999870779,20086.499999988195,2.6999999999995907,553.9499999999617,49.399999999281135,11223.199999976927,0.0,0.0,0.0,0.0,0.0,0.0,9.88000000000011,2244.6399999999953,494.0,112232.0,0.0,51.0,503.88000000000466,114476.64000000004,0.0,0.0,1049.6098355672439,229776.59334834453
318,2020-11-14,2020,False,30.868852459016395,988,0,1051,191133.42147701344,0.0,23599,60,0.0,,,0.1586533609887037,0.13879326300035652,0.3836482923514714,0.9599696356275305,0.12345061085726686,415248.9533483454,0,False,False,True,"{""0"":null,""1"":null,""2"":null,""3"":null}",988.0,315457.0,0.0,224464.0,0.0,224464.0,0.0,191133.42147701344,0.0,0.0,0.0,0.0,229776.59334834453,0.0,7.665582271311722,0.0,908.0,0.0,0.0,0.0,20086.499999988195,0.0,553.9499999999617,0.0,11223.199999976927,0.0,0.0,0.0,0.0,0.0,0.0,0.0,2244.6399999999953,0.0,112232.0,0.0,51.0,0.0,114476.64000000004,0.0,0.0,0.0,229776.59334834453
319,2020-11-15,2020,False,30.871584699453553,988,0,1051,191133.42147701344,0.0,23599,60,0.0,,,0.1586533609887037,0.13879326300035655,0.3836482923514714,0.9599696356275305,0.07361179246725398,415248.9533483454,0,False,False,True,"{""0"":null,""1"":null,""2"":null,""3"":null}",988.0,316445.0,0.0,224464.0,0.0,224464.0,0.0,191133.42147701344,0.0,0.0,0.0,0.0,229776.59334834453,0.0,7.665582271311722,0.0,908.0,0.0,0.0,0.0,20086.499999988195,0.0,553.9499999999617,0.0,11223.199999976927,0.0,0.0,0.0,0.0,0.0,0.0,0.0,2244.6399999999953,0.0,112232.0,0.0,51.0,0.0,114476.64000000004,0.0,0.0,0.0,229776.59334834453
320,2020-11-16,2020,True,30.87431693989071,988,988,1051,191974.89855657442,1254.5067610574279,24577,21,0.0,0.84507004521471,0.1439145059565879,0.1586533609887037,0.13879326300035655,0.3836482923514714,0.9587297570850203,0.10256443564246757,415999.5801094028,0,False,False,True,"{""0"":null,""1"":null,""2"":null,""3"":null}",988.0,317433.0,988.0,225452.0,988.0,225452.0,841.4770795609802,191974.89855657442,841.4770795609802,0.0,0.0,1254.5067610574188,231031.10010940194,0.0,7.665582271311722,4.0,912.0,0.0,0.0,88.79999999870779,20175.299999986903,8.999999999998636,562.9499999999604,49.399999999281135,11272.599999976208,0.0,0.0,0.0,0.0,0.0,0.0,9.88000000000011,2254.5199999999954,494.0,112726.0,0.0,51.0,503.88000000000466,114980.52000000005,0.0,0.0,1254.5067610574188,231031.10010940194
321,2020-11-17,2020,True,30.87704918032787,987,987,1051,192815.51576098107,1184.445440428079,24615,44,0.0,0.8359584054166999,0.15491584235656108,0.15859748791287787,0.13887698254268502,0.38371412207679423,0.9588905775075988,0.1296801107529358,416680.65554983093,0,False,False,True,"{""0"":null,""1"":null,""2"":null,""3"":null}",987.0,318420.0,987.0,226439.0,987.0,226439.0,840.6172044066479,192815.51576098107,840.6172044066479,0.0,0.0,1184.4454404280696,232215.54554983,0.0,7.665582271311722,4.0,916.0,0.0,0.0,88.69999999870925,20263.99999998561,0.0,562.9499999999604,49.34999999928186,11321.94999997549,0.0,0.0,0.0,0.0,0.0,0.0,9.86999999999989,2264.3899999999953,493.5,113219.5,0.0,51.0,503.36999999999534,115483.89000000004,0.0,0.0,1184.4454404280696,232215.54554983
322,2020-11-18,2020,True,30.879781420765028,988,988,1052,193656.90361033502,1127.7299067209892,24722,64,0.044887967558692385,0.840091449029891,0.1603354670571785,0.158494376938531,0.13815396409736497,0.3836482923514714,0.9583552631578948,0.15453237653917767,417303.5054565519,0,False,False,True,"{""0"":null,""1"":null,""2"":null,""3"":null}",988.0,319408.0,988.0,227427.0,988.0,227427.0,841.3878493539523,193656.90361033502,841.3878493539523,0.0,0.0,1127.7299067209824,233343.275456551,0.044887967558691955,7.710470238870414,4.0,920.0,0.0,0.0,88.79999999870779,20352.79999998432,0.0,562.9499999999604,49.399999999281135,11371.349999974771,0.0,0.0,0.0,0.0,0.0,0.0,9.88000000000011,2274.2699999999954,494.0,113713.5,1.0,52.0,503.88000000000466,115987.77000000005,0.0,0.0,1127.7299067209824,233343.275456551
323,2020-11-19,2020,True,30.882513661202186,987,987,1052,194497.49316603242,1090.0080751709113,24841,58,0.0,0.8176308606861463,0.17686930938365084,0.15858608826246023,0.1387698462659268,0.3836375493640506,0.9592198581560284,0.17770117192533003,417890.14353172283,0,False,False,True,"{""0"":null,""1"":null,""2"":null,""3"":null}",987.0,320395.0,987.0,228414.0,987.0,228414.0,840.5895556973992,194497.49316603242,840.5895556973992,0.0,0.0,1090.0080751709174,234433.2835317219,0.0,7.710470238870414,4.0,924.0,0.0,0.0,88.69999999870925,20441.49999998303,3.1499999999995225,566.0999999999599,49.34999999928186,11420.699999974053,0.0,0.0,0.0,0.0,0.0,0.0,9.86999999999989,2284.1399999999953,493.5,114207.0,0.0,52.0,503.36999999999534,116491.14000000004,0.0,0.0,1090.0080751709174,234433.2835317219
324,2020-11-20,2020,True,30.885245901639344,988,988,1053,195338.7953678192,1033.8240832956092,24953,46,0.0,0.8178179164287577,0.1685386281845332,0.1586132672312047,0.13826604685233018,0.3836482923514714,0.9593674089068827,0.19872824671253098,418419.0876150184,0,False,False,True,"{""0"":null,""1"":null,""2"":null,""3"":null}",988.0,321383.0,988.0,229402.0,988.0,229402.0,841.302201786777,195338.7953678192,841.302201786777,0.0,0.0,1033.8240832956217,235467.10761501754,0.0,7.710470238870414,4.0,928.0,0.0,0.0,88.79999999870779,20530.299999981737,3.449999999999477,569.5499999999594,49.399999999281135,11470.099999973334,0.0,0.0,0.0,0.0,0.0,0.0,9.88000000000011,2294.0199999999954,494.0,114701.0,1.0,53.0,503.88000000000466,116995.02000000005,0.0,0.0,1033.8240832956217,235467.10761501754
325,2020-11-21,2020,False,30.887978142076502,988,0,1053,195338.7953678192,0.0,24099,46,0.0,,,0.15864118093882762,0.13848956987353778,0.3836482923514714,0.9606022267206478,0.12318490714063215,418419.0876150184,0,False,False,True,"{""0"":null,""1"":null,""2"":null,""3"":null}",988.0,322371.0,0.0,229402.0,0.0,229402.0,0.0,195338.7953678192,0.0,0.0,0.0,0.0,235467.10761501754,0.0,7.710470238870414,0.0,928.0,0.0,0.0,0.0,20530.299999981737,0.0,569.5499999999594,0.0,11470.099999973334,0.0,0.0,0.0,0.0,0.0,0.0,0.0,2294.0199999999954,0.0,114701.0,0.0,53.0,0.0,116995.02000000005,0.0,0.0,0.0,235467.10761501754
326,2020-11-22,2020,False,30.89071038251366,988,0,1053,195338.7953678192,0.0,24099,46,0.0,,,0.15864118093882762,0.13848956987353778,0.3836482923514714,0.9606022267206478,0.07327684259462129,418419.0876150184,0,False,False,True,"{""0"":null,""1"":null,""2"":null,""3"":null}",988.0,323359.0,0.0,229402.0,0.0,229402.0,0.0,195338.7953678192,0.0,0.0,0.0,0.0,235467.10761501754,0.0,7.710470238870414,0.0,928.0,0.0,0.0,0.0,20530.299999981737,0.0,569.5499999999594,0.0,11470.099999973334,0.0,0.0,0.0,0.0,0.0,0.0,0.0,2294.0199999999954,0.0,114701.0,0.0,53.0,0.0,116995.02000000005,0.0,0.0,0.0,235467.10761501754
327,2020-11-23,2020,True,30.89344262295082,988,988,1053,196180.09756960598,1271.1189365466944,25069,17,0.0,0.8472146751082386,0.15387917159514816,0.15864118093882762,0.13848956987353778,0.3836482923514714,0.9596002024291498,0.10228097332496788,419186.3265515651,0,False,False,True,"{""0"":null,""1"":null,""2"":null,""3"":null}",988.0,324347.0,988.0,230390.0,988.0,230390.0,841.302201786777,196180.09756960598,841.302201786777,0.0,0.0,1271.1189365466998,236738.22655156424,0.0,7.710470238870414,4.0,932.0,0.0,0.0,88.79999999870779,20619.099999980444,6.899999999998954,576.4499999999583,49.399999999281135,11519.499999972615,0.0,0.0,0.0,0.0,0.0,0.0,9.88000000000011,2303.8999999999955,494.0,115195.0,0.0,53.0,503.88000000000466,117498.90000000005,0.0,0.0,1271.1189365466998,236738.22655156424
328,2020-11-24,2020,True,30.896174863387976,987,987,1053,197020.49781818988,1192.9376157723254,25129,34,0.0,0.8357814756760982,0.14089454324254255,0.1585208955711903,0.13827404373252594,0.3836375493640506,0.9598784194528875,0.12921127448970124,419875.8941673374,0,False,False,True,"{""0"":null,""1"":null,""2"":null,""3"":null}",987.0,325334.0,987.0,231377.0,987.0,231377.0,840.400248583901,197020.49781818988,840.400248583901,0.0,0.0,1192.937615772331,237931.16416733657,0.0,7.710470238870414,4.0,936.0,0.0,0.0,88.69999999870925,20707.799999979154,0.0,576.4499999999583,49.34999999928186,11568.849999971897,0.0,0.0,0.0,0.0,0.0,0.0,9.86999999999989,2313.7699999999954,493.5,115688.5,0.0,53.0,503.36999999999534,118002.27000000005,0.0,0.0,1192.937615772331,237931.16416733657
329,2020-11-25,2020,True,30.898907103825138,986,986,1053,197860.04168569046,1133.3467706344984,25213,55,0.3183169450207131,0.8246800853105838,0.1696251410919028,0.1583863451490229,0.13820562149802004,0.38338945710241545,0.9595334685598378,0.15431996250704727,420506.38093797193,0,False,False,True,"{""0"":null,""1"":null,""2"":null,""3"":null}",986.0,326320.0,986.0,232363.0,986.0,232363.0,839.5438675005862,197860.04168569046,839.5438675005862,0.0,0.0,1133.3467706344964,239064.51093797106,0.3183169450207135,8.028787183891128,4.0,940.0,0.0,0.0,88.5999999987107,20796.399999977864,0.0,576.4499999999583,49.29999999928259,11618.14999997118,0.0,0.0,0.0,0.0,0.0,0.0,9.860000000000127,2323.6299999999956,493.0,116181.5,0.0,53.0,502.8600000000006,118505.13000000005,0.0,0.0,1133.3467706344964,239064.51093797106
330,2020-11-26,2020,True,30.901639344262296,986,986,1053,198699.58555319105,1094.0093365502503,25333,57,0.0,0.8222640629165556,0.18328729281767958,0.15833818158126703,0.13810599465772866,0.38338945710241545,0.9592596348884381,0.17740476481765916,421097.5302745222,0,False,False,True,"{""0"":null,""1"":null,""2"":null,""3"":null}",986.0,327306.0,986.0,233349.0,986.0,233349.0,839.5438675005862,198699.58555319105,839.5438675005862,0.0,0.0,1094.0093365502544,240158.52027452132,0.0,8.028787183891128,4.0,944.0,0.0,0.0,88.5999999987107,20884.999999976575,2.5499999999996135,578.9999999999579,49.29999999928259,11667.449999970462,0.0,0.0,0.0,0.0,0.0,0.0,9.860000000000127,2333.4899999999957,493.0,116674.5,0.0,53.0,502.8600000000006,119007.99000000005,0.0,0.0,1094.0093365502544,240158.52027452132
331,2020-11-27,2020,True,30.904371584699454,987,987,1054,199539.89684416444,1032.644506028148,25435,59,0.0,0.8166484136466216,0.16390528861542839,0.15824289285712945,0.1375520367119042,0.3834002000898363,0.9588956433637285,0.19859777711050403,421625.80478055036,0,False,False,True,"{""0"":null,""1"":null,""2"":null,""3"":null}",987.0,328293.0,987.0,234336.0,987.0,234336.0,840.31129097339,199539.89684416444,840.31129097339,0.0,0.0,1032.6445060281549,241191.16478054947,0.0,8.028787183891128,4.0,948.0,0.0,0.0,88.69999999870925,20973.699999975284,2.5499999999996135,581.5499999999575,49.34999999928186,11716.799999969744,0.0,0.0,0.0,0.0,0.0,0.0,9.86999999999989,2343.3599999999956,493.5,117168.0,1.0,54.0,503.36999999999534,119511.36000000004,0.0,0.0,1032.6445060281549,241191.16478054947
332,2020-11-28,2020,False,30.907103825136613,986,0,1054,199539.89684416444,0.0,24599,59,0.0,,,0.15838025059282632,0.13824183714452146,0.3834660298151591,0.9611764705882353,0.12324264869687669,421625.80478055036,0,False,False,True,"{""0"":null,""1"":null,""2"":null,""3"":null}",986.0,329279.0,0.0,234336.0,0.0,234336.0,0.0,199539.89684416444,0.0,0.0,0.0,0.0,241191.16478054947,0.0,8.028787183891128,0.0,948.0,0.0,0.0,0.0,20973.699999975284,0.0,581.5499999999575,0.0,11716.799999969744,0.0,0.0,0.0,0.0,0.0,0.0,0.0,2343.3599999999956,0.0,117168.0,0.0,54.0,0.0,119511.36000000004,0.0,0.0,0.0,241191.16478054947
333,2020-11-29,2020,False,30.90983606557377,986,0,1054,199539.89684416444,0.0,24599,59,0.0,,,0.1583802505928263,0.13824183714452146,0.3834660298151591,0.9611764705882353,0.07319584085660709,421625.80478055036,0,False,False,True,"{""0"":null,""1"":null,""2"":null,""3"":null}",986.0,330265.0,0.0,234336.0,0.0,234336.0,0.0,199539.89684416444,0.0,0.0,0.0,0.0,241191.16478054947,0.0,8.028787183891128,0.0,948.0,0.0,0.0,0.0,20973.699999975284,0.0,581.5499999999575,0.0,11716.799999969744,0.0,0.0,0.0,0.0,0.0,0.0,0.0,2343.3599999999956,0.0,117168.0,0.0,54.0,0.0,119511.36000000004,0.0,0.0,0.0,241191.16478054947
334,2020-11-30,2020,True,30.91256830601093,986,986,1054,200379.42198795947,1280.586991825806,25580,18,0.0,0.8702733613127879,0.1178305140659147,0.1583802505928263,0.13824183714452146,0.3834660298151591,0.9601318458417849,0.10224010733067729,422403.53177237615,0,False,False,True,"{""0"":null,""1"":null,""2"":null,""3"":null}",986.0,331251.0,986.0,235322.0,986.0,235322.0,839.5251437950355,200379.42198795947,839.5251437950355,0.0,0.0,1280.5869918258104,242471.75177237528,0.0,8.028787183891128,4.0,952.0,0.0,0.0,88.5999999987107,21062.299999973995,8.849999999998658,590.3999999999562,49.29999999928259,11766.099999969027,0.0,0.0,0.0,0.0,0.0,0.0,9.860000000000127,2353.2199999999957,493.0,117661.0,0.0,54.0,502.8600000000006,120014.22000000004,0.0,0.0,1280.5869918258104,242471.75177237528
335,2020-12-01,2020,True,30.915300546448087,986,986,1054,201218.9471317545,1190.1421521318523,25619,39,0.4329615704345193,0.8529536671573552,0.14918864942793655,0.15830017553201842,0.13838128815470457,0.3834660298151591,0.9606896551724138,0.12934082611713482,423090.813924508,0,False,False,True,"{""0"":null,""1"":null,""2"":null,""3"":null}",986.0,332237.0,986.0,236308.0,986.0,236308.0,839.5251437950355,201218.9471317545,839.5251437950355,0.0,0.0,1190.1421521318553,243661.89392450714,0.43296157043451977,8.461748754325647,4.0,956.0,0.0,0.0,88.5999999987107,21150.899999972706,0.0,590.3999999999562,49.29999999928259,11815.39999996831,0.0,0.0,0.0,0.0,0.0,0.0,9.860000000000127,2363.079999999996,493.0,118154.0,0.0,54.0,502.8600000000006,120517.08000000005,0.0,0.0,1190.1421521318553,243661.89392450714
336,2020-12-02,2020,True,30.918032786885245,987,987,1055,202059.43179082774,1135.9184887456768,25718,56,0.17428759600238114,0.8460392472639111,0.14029598618080213,0.1584920448295329,0.13806609381980758,0.38371412207679423,0.9601519756838905,0.15443216127698106,423722.3624132537,0,False,False,True,"{""0"":null,""1"":null,""2"":null,""3"":null}",987.0,333224.0,987.0,237295.0,987.0,237295.0,840.4846590732341,202059.43179082774,840.4846590732341,0.0,0.0,1135.918488745665,244797.8124132528,0.1742875960023813,8.636036350328029,4.0,960.0,0.0,0.0,88.69999999870925,21239.599999971415,0.0,590.3999999999562,49.34999999928186,11864.749999967591,0.0,0.0,0.0,0.0,0.0,0.0,9.86999999999989,2372.9499999999957,493.5,118647.5,1.0,55.0,503.36999999999534,121020.45000000004,0.0,0.0,1135.918488745665,244797.8124132528
337,2020-12-03,2020,True,30.920765027322403,986,986,1055,202898.9413428356,1090.9735938010801,25835,58,0.0,0.8095236948192631,0.19117697775114895,0.15847375501605934,0.1381885804175655,0.38377995180211705,0.9600659229208925,0.17758978651714766,424310.4760070548,0,False,False,True,"{""0"":null,""1"":null,""2"":null,""3"":null}",986.0,334210.0,986.0,238281.0,986.0,238281.0,839.5095520078612,202898.9413428356,839.5095520078612,0.0,0.0,1090.9735938010854,245888.7860070539,0.0,8.636036350328029,4.0,964.0,0.0,0.0,88.5999999987107,21328.199999970126,2.6999999999995907,593.0999999999558,49.29999999928259,11914.049999966874,0.0,0.0,0.0,0.0,0.0,0.0,9.860000000000127,2382.809999999996,493.0,119140.5,0.0,55.0,502.8600000000006,121523.31000000004,0.0,0.0,1090.9735938010854,245888.7860070539
338,2020-12-04,2020,True,30.92349726775956,985,985,1055,203737.58228290203,1032.8288832918145,25937,61,0.0,0.8052002300713019,0.18247972799356765,0.15849932114140886,0.13823676236867138,0.3837693536073704,0.9602233502538071,0.19898026908518252,424840.9548903466,0,False,False,True,"{""0"":null,""1"":null,""2"":null,""3"":null}",985.0,335195.0,985.0,239266.0,985.0,239266.0,838.640940066427,203737.58228290203,838.640940066427,0.0,0.0,1032.8288832918042,246921.6148903457,0.0,8.636036350328029,4.0,968.0,0.0,0.0,88.49999999871216,21416.699999968838,3.1499999999995225,596.2499999999553,49.24999999928332,11963.299999966157,0.0,0.0,0.0,0.0,0.0,0.0,9.849999999999909,2392.6599999999958,492.5,119633.0,0.0,55.0,502.3500000000058,122025.66000000005,0.0,0.0,1032.8288832918042,246921.6148903457
339,2020-12-05,2020,False,30.92622950819672,986,0,1056,203737.58228290203,0.0,25099,61,0.0,,,0.15853677875724925,0.13749427886525437,0.3837024868508675,0.9612474645030425,0.12327108231462128,424839.9548903466,0,False,False,True,"{""0"":null,""1"":null,""2"":null,""3"":null}",986.0,336181.0,0.0,239266.0,0.0,239266.0,0.0,203737.58228290203,0.0,0.0,0.0,0.0,246921.6148903457,0.0,8.636036350328029,0.0,968.0,0.0,0.0,0.0,21416.699999968838,0.0,596.2499999999553,0.0,11963.299999966157,0.0,0.0,0.0,0.0,0.0,0.0,0.0,2392.6599999999958,0.0,119633.0,1.0,56.0,0.0,122025.66000000005,0.0,0.0,0.0,246921.6148903457
340,2020-12-06,2020,False,30.92896174863388,986,0,1056,203737.58228290203,0.0,25099,61,0.0,,,0.15853677875724925,0.13749427886525437,0.3837024868508675,0.9612474645030425,0.07345258973319144,424839.9548903466,0,False,False,True,"{""0"":null,""1"":null,""2"":null,""3"":null}",986.0,337167.0,0.0,239266.0,0.0,239266.0,0.0,203737.58228290203,0.0,0.0,0.0,0.0,246921.6148903457,0.0,8.636036350328029,0.0,968.0,0.0,0.0,0.0,21416.699999968838,0.0,596.2499999999553,0.0,11963.299999966157,0.0,0.0,0.0,0.0,0.0,0.0,0.0,2392.6599999999958,0.0,119633.0,0.0,56.0,0.0,122025.66000000005,0.0,0.0,0.0,246921.6148903457
341,2020-12-07,2020,True,30.93169398907104,985,985,1056,204576.2530983701,1248.4986905477772,26086,17,0.0,0.8639914516121263,0.12020296292354961,0.15844014436821435,0.13734901762850898,0.38369188865612086,0.9601624365482233,0.10263637813612053,425586.1035808944,0,False,False,True,"{""0"":null,""1"":null,""2"":null,""3"":null}",985.0,338152.0,985.0,240251.0,985.0,240251.0,838.6708154680673,204576.2530983701,838.6708154680673,0.0,0.0,1248.4986905477708,248170.11358089346,0.0,8.636036350328029,4.0,972.0,0.0,0.0,88.49999999871216,21505.19999996755,9.149999999998613,605.3999999999539,49.24999999928332,12012.54999996544,0.0,0.0,0.0,0.0,0.0,0.0,9.849999999999909,2402.5099999999957,492.5,120125.5,0.0,56.0,502.3500000000058,122528.01000000005,0.0,0.0,1248.4986905477708,248170.11358089346
342,2020-12-08,2020,True,30.934426229508198,985,985,1056,205414.92391383817,1195.7969862877344,26119,37,0.0,0.8538249358890981,0.1331844352889147,0.15846329826317462,0.13752655546507306,0.38369188865612086,0.9607360406091371,0.1297559620143244,426279.5505671822,0,False,False,True,"{""0"":null,""1"":null,""2"":null,""3"":null}",985.0,339137.0,985.0,241236.0,985.0,241236.0,838.6708154680673,205414.92391383817,838.6708154680673,0.0,0.0,1195.7969862877217,249365.91056718118,0.0,8.636036350328029,4.0,976.0,0.0,0.0,88.49999999871216,21593.699999966262,0.0,605.3999999999539,49.24999999928332,12061.799999964724,0.0,0.0,0.0,0.0,0.0,0.0,9.849999999999909,2412.3599999999956,492.5,120618.0,0.0,56.0,502.3500000000058,123030.36000000006,0.0,0.0,1195.7969862877217,249365.91056718118
343,2020-12-09,2020,True,30.937158469945356,985,985,1056,206253.59472930623,1142.212779231801,26221,54,0.0,0.8415705003139307,0.15519915669685364,0.15846899573756884,0.1376337456817936,0.38369188865612086,0.9606802030456852,0.15492203974751706,426919.413346414,0,False,False,True,"{""0"":null,""1"":null,""2"":null,""3"":null}",985.0,340122.0,985.0,242221.0,985.0,242221.0,838.6708154680673,206253.59472930623,838.6708154680673,0.0,0.0,1142.212779231806,250508.123346413,0.0,8.636036350328029,4.0,980.0,0.0,0.0,88.49999999871216,21682.199999964974,0.0,605.3999999999539,49.24999999928332,12111.049999964007,0.0,0.0,0.0,0.0,0.0,0.0,9.849999999999909,2422.2099999999955,492.5,121110.5,0.0,56.0,502.3500000000058,123532.71000000006,0.0,0.0,1142.212779231806,250508.123346413
344,2020-12-10,2020,True,30.939890710382514,985,985,1056,207092.2655447743,1065.9228010428724,26347,52,0.0,0.838513389824793,0.16407524736645607,0.1583782130454158,0.13777846595419477,0.38369188865612086,0.9608730964467005,0.17818790861177908,427482.98614745686,0,False,False,True,"{""0"":null,""1"":null,""2"":null,""3"":null}",985.0,341107.0,985.0,243206.0,985.0,243206.0,838.6708154680673,207092.2655447743,838.6708154680673,0.0,0.0,1065.9228010428778,251574.04614745587,0.0,8.636036350328029,4.0,984.0,0.0,0.0,88.49999999871216,21770.699999963686,2.5499999999996135,607.9499999999535,49.24999999928332,12160.29999996329,0.0,0.0,0.0,0.0,0.0,0.0,9.849999999999909,2432.0599999999954,492.5,121603.0,0.0,56.0,502.3500000000058,124035.06000000007,0.0,0.0,1065.9228010428778,251574.04614745587
345,2020-12-11,2020,True,30.942622950819672,985,985,1056,207930.93636024237,1044.851020761168,26436,57,0.0,0.8163486613386773,0.17328138593097142,0.15846688070582365,0.13790633111082978,0.38369188865612086,0.9607005076142131,0.19969029857019743,428025.48716821807,0,False,False,True,"{""0"":null,""1"":null,""2"":null,""3"":null}",985.0,342092.0,985.0,244191.0,985.0,244191.0,838.6708154680673,207930.93636024237,838.6708154680673,0.0,0.0,1044.8510207611544,252618.89716821702,0.0,8.636036350328029,4.0,988.0,0.0,0.0,88.49999999871216,21859.1999999624,2.9999999999995453,610.9499999999531,49.24999999928332,12209.549999962574,0.0,0.0,0.0,0.0,0.0,0.0,9.849999999999909,2441.9099999999953,492.5,122095.5,0.0,56.0,502.3500000000058,124537.41000000008,0.0,0.0,1044.8510207611544,252618.89716821702
346,2020-12-12,2020,False,30.94535519125683,985,0,1056,207930.93636024237,0.0,25599,57,0.0,,,0.1584426493669818,0.13805800095799114,0.38369188865612086,0.9617868020304569,0.12415493629081407,428025.48716821807,0,False,False,True,"{""0"":null,""1"":null,""2"":null,""3"":null}",985.0,343077.0,0.0,244191.0,0.0,244191.0,0.0,207930.93636024237,0.0,0.0,0.0,0.0,252618.89716821702,0.0,8.636036350328029,0.0,988.0,0.0,0.0,0.0,21859.1999999624,0.0,610.9499999999531,0.0,12209.549999962574,0.0,0.0,0.0,0.0,0.0,0.0,0.0,2441.9099999999953,0.0,122095.5,0.0,56.0,0.0,124537.41000000008,0.0,0.0,0.0,252618.89716821702
347,2020-12-13,2020,False,30.94808743169399,984,0,1056,207930.93636024237,0.0,25599,57,0.0,,,0.15840892597347175,0.13805373634563212,0.38344379639448567,0.9617733739837399,0.07436248990010867,428025.48716821807,0,False,False,True,"{""0"":null,""1"":null,""2"":null,""3"":null}",984.0,344061.0,0.0,244191.0,0.0,244191.0,0.0,207930.93636024237,0.0,0.0,0.0,0.0,252618.89716821702,0.0,8.636036350328029,0.0,988.0,0.0,0.0,0.0,21859.1999999624,0.0,610.9499999999531,0.0,12209.549999962574,0.0,0.0,0.0,0.0,0.0,0.0,0.0,2441.9099999999953,0.0,122095.5,0.0,56.0,0.0,124537.41000000008,0.0,0.0,0.0,252618.89716821702
348,2020-12-14,2020,True,30.950819672131146,984,984,1056,208768.8550627334,1306.0490356656912,26576,19,0.06778216268129199,0.8516211794851951,0.13626282773473128,0.15840892597347175,0.13805373634563212,0.38344379639448567,0.9606961382113821,0.10360962165697161,428829.69620388374,0,False,False,True,"{""0"":null,""1"":null,""2"":null,""3"":null}",984.0,345045.0,984.0,245175.0,984.0,245175.0,837.9187024910352,208768.8550627334,837.9187024910352,0.0,0.0,1306.0490356656956,253924.94620388272,0.06778216268129178,8.70381851300932,4.0,992.0,0.0,0.0,88.39999999871361,21947.599999961112,8.549999999998704,619.4999999999518,49.199999999284046,12258.749999961858,0.0,0.0,0.0,0.0,0.0,0.0,9.840000000000146,2451.7499999999955,492.0,122587.5,0.0,56.0,501.8399999999965,125039.25000000007,0.0,0.0,1306.0490356656956,253924.94620388272
349,2020-12-15,2020,True,30.953551912568305,984,984,1056,209606.77376522444,1213.2606556061046,26626,39,0.0,0.8394259231791155,0.16289800465975368,0.15850297825421641,0.13820525937170655,0.38344379639448567,0.961209349593496,0.13076219761860924,429541.1168594898,0,False,False,True,"{""0"":null,""1"":null,""2"":null,""3"":null}",984.0,346029.0,984.0,246159.0,984.0,246159.0,837.9187024910352,209606.77376522444,837.9187024910352,0.0,0.0,1213.2606556061073,255138.20685948883,0.0,8.70381851300932,4.0,996.0,0.0,0.0,88.39999999871361,22035.999999959826,0.0,619.4999999999518,49.199999999284046,12307.949999961142,0.0,0.0,0.0,0.0,0.0,0.0,9.840000000000146,2461.5899999999956,492.0,123079.5,0.0,56.0,501.8399999999965,125541.09000000007,0.0,0.0,1213.2606556061073,255138.20685948883
350,2020-12-16,2020,True,30.956284153005463,984,984,1056,210444.69246771547,1132.5576492379364,26716,59,0.0,0.8100027462133426,0.17609356678086127,0.15841052469669187,0.13831101998332812,0.38344379639448567,0.961214430894309,0.15591620348617805,430171.8345087277,0,False,False,True,"{""0"":null,""1"":null,""2"":null,""3"":null}",984.0,347013.0,984.0,247143.0,984.0,247143.0,837.9187024910352,210444.69246771547,837.9187024910352,0.0,0.0,1132.5576492379478,256270.76450872677,0.0,8.70381851300932,4.0,1000.0,0.0,0.0,88.39999999871361,22124.39999995854,0.0,619.4999999999518,49.199999999284046,12357.149999960426,0.0,0.0,0.0,0.0,0.0,0.0,9.840000000000146,2471.4299999999957,492.0,123571.5,0.0,56.0,501.8399999999965,126042.93000000007,0.0,0.0,1132.5576492379478,256270.76450872677
351,2020-12-17,2020,True,30.959016393442624,984,984,1056,211282.6111702065,1098.757814726473,26841,60,0.0,0.8059535594364404,0.1923497746763847,0.15840207570237885,0.13838194684762734,0.38344379639448567,0.9611737804878049,0.17913964980107247,430768.7523234542,0,False,False,True,"{""0"":null,""1"":null,""2"":null,""3"":null}",984.0,347997.0,984.0,248127.0,984.0,248127.0,837.9187024910352,211282.6111702065,837.9187024910352,0.0,0.0,1098.7578147264721,257369.52232345325,0.0,8.70381851300932,4.0,1004.0,0.0,0.0,88.39999999871361,22212.799999957253,2.849999999999568,622.3499999999514,49.199999999284046,12406.34999995971,0.0,0.0,0.0,0.0,0.0,0.0,9.840000000000146,2481.269999999996,492.0,124063.5,0.0,56.0,501.8399999999965,126544.77000000006,0.0,0.0,1098.7578147264721,257369.52232345325
352,2020-12-18,2020,True,30.961748633879782,984,984,1056,212120.52987269755,1040.5795366441807,26932,59,0.0,0.8069199739459055,0.18043339349627147,0.1583191189194762,0.13853834118486105,0.38344379639448567,0.9611636178861789,0.20058194699981266,431307.4918600983,0,False,False,True,"{""0"":null,""1"":null,""2"":null,""3"":null}",984.0,348981.0,984.0,249111.0,984.0,249111.0,837.9187024910352,212120.52987269755,837.9187024910352,0.0,0.0,1040.579536644189,258410.10186009743,0.0,8.70381851300932,4.0,1008.0,0.0,0.0,88.39999999871361,22301.199999955967,2.9999999999995453,625.3499999999509,49.199999999284046,12455.549999958994,0.0,0.0,0.0,0.0,0.0,0.0,9.840000000000146,2491.109999999996,492.0,124555.5,0.0,56.0,501.8399999999965,127046.61000000006,0.0,0.0,1040.579536644189,258410.10186009743
353,2020-12-19,2020,False,30.96448087431694,985,0,1057,212120.52987269755,0.0,26099,59,0.0,,,0.15837018367992778,0.13782019412073315,0.38345439458923236,0.9619949238578681,0.12477309739680352,431306.4918600983,0,False,False,True,"{""0"":null,""1"":null,""2"":null,""3"":null}",985.0,349966.0,0.0,249111.0,0.0,249111.0,0.0,212120.52987269755,0.0,0.0,0.0,0.0,258410.10186009743,0.0,8.70381851300932,0.0,1008.0,0.0,0.0,0.0,22301.199999955967,0.0,625.3499999999509,0.0,12455.549999958994,0.0,0.0,0.0,0.0,0.0,0.0,0.0,2491.109999999996,0.0,124555.5,1.0,57.0,0.0,127046.61000000006,0.0,0.0,0.0,258410.10186009743
354,2020-12-20,2020,False,30.9672131147541,985,0,1057,212120.52987269755,0.0,26099,59,0.0,,,0.15837018367992778,0.13782019412073318,0.38345439458923236,0.9619949238578681,0.07475888666656356,431306.4918600983,0,False,False,True,"{""0"":null,""1"":null,""2"":null,""3"":null}",985.0,350951.0,0.0,249111.0,0.0,249111.0,0.0,212120.52987269755,0.0,0.0,0.0,0.0,258410.10186009743,0.0,8.70381851300932,0.0,1008.0,0.0,0.0,0.0,22301.199999955967,0.0,625.3499999999509,0.0,12455.549999958994,0.0,0.0,0.0,0.0,0.0,0.0,0.0,2491.109999999996,0.0,124555.5,0.0,57.0,0.0,127046.61000000006,0.0,0.0,0.0,258410.10186009743
355,2020-12-21,2020,True,30.969945355191257,985,985,1057,212959.24817404692,1268.276750113264,27068,14,0.0,0.8528639711892005,0.13615474254806073,0.15837018367992778,0.13782019412073315,0.38345439458923236,0.9607157360406091,0.10387768728222266,432072.41861021164,0,False,False,True,"{""0"":null,""1"":null,""2"":null,""3"":null}",985.0,351936.0,985.0,250096.0,985.0,250096.0,838.7183013493777,212959.24817404692,838.7183013493777,0.0,0.0,1268.276750113262,259678.3786102107,0.0,8.70381851300932,4.0,1012.0,0.0,0.0,88.49999999871216,22389.69999995468,8.849999999998658,634.1999999999496,49.24999999928332,12504.799999958277,0.0,0.0,0.0,0.0,0.0,0.0,9.849999999999909,2500.959999999996,492.5,125048.0,0.0,57.0,502.3500000000058,127548.96000000006,0.0,0.0,1268.276750113262,259678.3786102107
356,2020-12-22,2020,True,30.972677595628415,985,985,1057,213797.9664753963,1195.2557298804886,27129,26,0.0,0.8375457356998866,0.15986047130962588,0.15839918382803417,0.13794174943574955,0.38345439458923236,0.961233502538071,0.13097112422781215,432765.32434009213,0,False,False,True,"{""0"":null,""1"":null,""2"":null,""3"":null}",985.0,352921.0,985.0,251081.0,985.0,251081.0,838.7183013493777,213797.9664753963,838.7183013493777,0.0,0.0,1195.255729880475,260873.63434009117,0.0,8.70381851300932,4.0,1016.0,0.0,0.0,88.49999999871216,22478.19999995339,0.0,634.1999999999496,49.24999999928332,12554.04999995756,0.0,0.0,0.0,0.0,0.0,0.0,9.849999999999909,2510.809999999996,492.5,125540.5,0.0,57.0,502.3500000000058,128051.31000000007,0.0,0.0,1195.255729880475,260873.63434009117
357,2020-12-23,2020,True,30.975409836065573,985,985,1057,214636.68477674568,1200.892027823014,27232,40,0.0,0.8518026515613771,0.13344751403135507,0.15826791718388214,0.13790230998992387,0.38345439458923236,0.9613807106598985,0.15600792656213003,433463.8663679152,0,False,False,True,"{""0"":null,""1"":null,""2"":null,""3"":null}",985.0,353906.0,985.0,252066.0,985.0,252066.0,838.7183013493777,214636.68477674568,838.7183013493777,0.0,0.0,1200.8920278230216,262074.5263679142,0.0,8.70381851300932,4.0,1020.0,0.0,0.0,88.49999999871216,22566.699999952103,0.0,634.1999999999496,49.24999999928332,12603.299999956844,0.0,0.0,0.0,0.0,0.0,0.0,9.849999999999909,2520.6599999999958,492.5,126033.0,0.0,57.0,502.3500000000058,128553.66000000008,0.0,0.0,1200.8920278230216,262074.5263679142
358,2020-12-24,2020,True,30.97814207650273,985,985,1057,215475.40307809506,1090.6817664060097,27340,43,0.22442327091204212,0.8305304630357164,0.16190193800603112,0.15830119250175204,0.138137521813789,0.38345439458923236,0.9614213197969543,0.17919711338925867,434052.1981343212,0,False,False,True,"{""0"":null,""1"":null,""2"":null,""3"":null}",985.0,354891.0,985.0,253051.0,985.0,253051.0,838.7183013493777,215475.40307809506,838.7183013493777,0.0,0.0,1090.6817664060218,263165.2081343202,0.22442327091204284,8.928241783921363,4.0,1024.0,0.0,0.0,88.49999999871216,22655.199999950815,2.0999999999996817,636.2999999999493,49.24999999928332,12652.549999956127,0.0,0.0,0.0,0.0,0.0,0.0,9.849999999999909,2530.5099999999957,492.5,126525.5,0.0,57.0,502.3500000000058,129056.01000000008,0.0,0.0,1090.6817664060218,263165.2081343202
359,2020-12-25,2020,False,30.98087431693989,986,0,1058,215475.40307809506,0.0,26499,43,0.0,,,0.158359445495745,0.13760775150285476,0.383706526009486,0.9622008113590264,0.10618107586900906,434051.1981343212,0,False,False,True,"{""0"":null,""1"":null,""2"":null,""3"":null}",986.0,355877.0,0.0,253051.0,0.0,253051.0,0.0,215475.40307809506,0.0,0.0,0.0,0.0,263165.2081343202,0.0,8.928241783921363,0.0,1024.0,0.0,0.0,0.0,22655.199999950815,0.0,636.2999999999493,0.0,12652.549999956127,0.0,0.0,0.0,0.0,0.0,0.0,0.0,2530.5099999999957,0.0,126525.5,1.0,58.0,0.0,129056.01000000008,0.0,0.0,0.0,263165.2081343202
360,2020-12-26,2020,False,30.983606557377048,986,0,1058,215475.40307809506,0.0,26499,43,0.0,,,0.158359445495745,0.13760775150285476,0.383706526009486,0.9622008113590264,0.06307509519588866,434051.1981343212,0,False,False,True,"{""0"":null,""1"":null,""2"":null,""3"":null}",986.0,356863.0,0.0,253051.0,0.0,253051.0,0.0,215475.40307809506,0.0,0.0,0.0,0.0,263165.2081343202,0.0,8.928241783921363,0.0,1024.0,0.0,0.0,0.0,22655.199999950815,0.0,636.2999999999493,0.0,12652.549999956127,0.0,0.0,0.0,0.0,0.0,0.0,0.0,2530.5099999999957,0.0,126525.5,0.0,58.0,0.0,129056.01000000008,0.0,0.0,0.0,263165.2081343202
361,2020-12-27,2020,False,30.98633879781421,986,0,1059,215475.40307809506,0.0,26499,43,0.0,,,0.15803324160401036,0.13676480531760388,0.3835754558451313,0.9618965517241379,0.03308233321717125,434050.1981343212,0,False,False,True,"{""0"":null,""1"":null,""2"":null,""3"":null}",986.0,357849.0,0.0,253051.0,0.0,253051.0,0.0,215475.40307809506,0.0,0.0,0.0,0.0,263165.2081343202,0.0,8.928241783921363,0.0,1024.0,0.0,0.0,0.0,22655.199999950815,0.0,636.2999999999493,0.0,12652.549999956127,0.0,0.0,0.0,0.0,0.0,0.0,0.0,2530.5099999999957,0.0,126525.5,1.0,59.0,0.0,129056.01000000008,0.0,0.0,0.0,263165.2081343202
362,2020-12-28,2020,True,30.989071038251367,986,986,1059,216314.71849354616,1411.1490719881474,27465,20,0.0,0.8600564497547809,0.13056269452041874,0.1580332416040104,0.13676480531760388,0.3835754558451313,0.9607758620689656,0.06500491981808877,434958.48720630934,0,False,False,True,"{""0"":null,""1"":null,""2"":null,""3"":null}",986.0,358835.0,986.0,254037.0,986.0,254037.0,839.3154154510994,216314.71849354616,839.3154154510994,0.0,0.0,1411.1490719881258,264576.35720630834,0.0,8.928241783921363,4.0,1028.0,0.0,0.0,88.5999999987107,22743.799999949526,6.449999999999022,642.7499999999483,49.29999999928259,12701.84999995541,0.0,0.0,0.0,0.0,0.0,0.0,9.860000000000127,2540.369999999996,493.0,127018.5,0.0,59.0,502.8600000000006,129558.87000000008,0.0,0.0,1411.1490719881258,264576.35720630834
363,2020-12-29,2020,True,30.991803278688526,986,986,1059,217154.03390899725,1306.1827288778893,27514,36,0.0,0.8499185346104473,0.14412902008865414,0.1580132109626402,0.13686707597848788,0.3835754558451313,0.9606186612576064,0.09519732441576241,435761.8099351872,0,False,False,True,"{""0"":null,""1"":null,""2"":null,""3"":null}",986.0,359821.0,986.0,255023.0,986.0,255023.0,839.3154154510994,217154.03390899725,839.3154154510994,0.0,0.0,1306.1827288778732,265882.5399351862,0.0,8.928241783921363,4.0,1032.0,0.0,0.0,88.5999999987107,22832.399999948237,0.0,642.7499999999483,49.29999999928259,12751.149999954692,0.0,0.0,0.0,0.0,0.0,0.0,9.860000000000127,2550.229999999996,493.0,127511.5,0.0,59.0,502.8600000000006,130061.73000000008,0.0,0.0,1306.1827288778732,265882.5399351862
364,2020-12-30,2020,True,30.994535519125684,986,986,1059,217993.34932444835,1270.7542315922187,27619,53,0.0,0.8701820216582732,0.13137201735357917,0.15816626149410545,0.13698458458520843,0.3835754558451313,0.960496957403651,0.12334372318033546,436529.70416677947,0,False,False,True,"{""0"":null,""1"":null,""2"":null,""3"":null}",986.0,360807.0,986.0,256009.0,986.0,256009.0,839.3154154510994,217993.34932444835,839.3154154510994,0.0,0.0,1270.7542315922328,267153.29416677845,0.0,8.928241783921363,4.0,1036.0,0.0,0.0,88.5999999987107,22920.999999946947,0.0,642.7499999999483,49.29999999928259,12800.449999953975,0.0,0.0,0.0,0.0,0.0,0.0,9.860000000000127,2560.089999999996,493.0,128004.5,0.0,59.0,502.8600000000006,130564.59000000008,0.0,0.0,1270.7542315922328,267153.29416677845
365,2020-12-31,2020,True,30.997267759562842,986,986,1059,218832.66473989945,1214.4955221356774,27733,58,0.05484050189466581,0.8265568941114512,0.15935112703951712,0.15818622003462945,0.1370808417475022,0.3835754558451313,0.960420892494929,0.14948813457826238,437241.3396889152,0,False,False,True,"{""0"":null,""1"":null,""2"":null,""3"":null}",986.0,361793.0,986.0,256995.0,986.0,256995.0,839.3154154510994,218832.66473989945,839.3154154510994,0.0,0.0,1214.495522135694,268367.78968891414,0.05484050189466494,8.983082285816028,4.0,1040.0,0.0,0.0,88.5999999987107,23009.599999945658,2.9999999999995453,645.7499999999478,49.29999999928259,12849.749999953257,0.0,0.0,0.0,0.0,0.0,0.0,9.860000000000127,2569.949999999996,493.0,128497.5,0.0,59.0,502.8600000000006,131067.45000000008,0.0,0.0,1214.495522135694,268367.78968891414
366,2021-01-01,2021,False,31.0,986,0,1059,218832.66473989945,0.0,26899,58,0.0,,,0.15821474043963402,0.13725742370751207,0.3835754558451313,0.9615821501014199,0.07672784182106286,437241.3396889152,0,False,False,True,"{""0"":null,""1"":null,""2"":null,""3"":null}",986.0,362779.0,0.0,256995.0,0.0,256995.0,0.0,218832.66473989945,0.0,0.0,0.0,0.0,268367.78968891414,0.0,8.983082285816028,0.0,1040.0,0.0,0.0,0.0,23009.599999945658,0.0,645.7499999999478,0.0,12849.749999953257,0.0,0.0,0.0,0.0,0.0,0.0,0.0,2569.949999999996,0.0,128497.5,0.0,59.0,0.0,131067.45000000008,0.0,0.0,0.0,268367.78968891414
367,2021-01-02,2021,False,31.002739726027396,985,0,1059,218832.66473989945,0.0,26899,58,0.0,,,0.1580527229978477,0.13709171183770494,0.38356485765038467,0.9615431472081218,0.03521016349850517,437241.3396889152,0,False,False,True,"{""0"":null,""1"":null,""2"":null,""3"":null}",985.0,363764.0,0.0,256995.0,0.0,256995.0,0.0,218832.66473989945,0.0,0.0,0.0,0.0,268367.78968891414,0.0,8.983082285816028,0.0,1040.0,0.0,0.0,0.0,23009.599999945658,0.0,645.7499999999478,0.0,12849.749999953257,0.0,0.0,0.0,0.0,0.0,0.0,0.0,2569.949999999996,0.0,128497.5,0.0,59.0,0.0,131067.45000000008,0.0,0.0,0.0,268367.78968891414
368,2021-01-03,2021,False,31.005479452054793,984,0,1059,218832.66473989945,0.0,26899,58,0.0,,,0.15807731037637818,0.13710826675118956,0.38355425945563804,0.9615040650406504,0.015525576923307095,437241.3396889152,0,False,False,True,"{""0"":null,""1"":null,""2"":null,""3"":null}",984.0,364748.0,0.0,256995.0,0.0,256995.0,0.0,218832.66473989945,0.0,0.0,0.0,0.0,268367.78968891414,0.0,8.983082285816028,0.0,1040.0,0.0,0.0,0.0,23009.599999945658,0.0,645.7499999999478,0.0,12849.749999953257,0.0,0.0,0.0,0.0,0.0,0.0,0.0,2569.949999999996,0.0,128497.5,0.0,59.0,0.0,131067.45000000008,0.0,0.0,0.0,268367.78968891414
369,2021-01-04,2021,True,31.008219178082193,986,986,1061,219672.1156874551,1426.3748179007112,27891,17,0.0,0.8783028455284553,0.10539387564282376,0.15813652889374297,0.13557495562727348,0.38349902792506185,0.9601217038539553,0.04829686255172171,438162.8545068159,0,False,False,True,"{""0"":null,""1"":null,""2"":null,""3"":null}",986.0,365734.0,986.0,257981.0,986.0,257981.0,839.4509475556551,219672.1156874551,839.4509475556551,0.0,0.0,1426.3748179007089,269794.16450681485,0.0,8.983082285816028,4.0,1044.0,0.0,0.0,88.5999999987107,23098.19999994437,8.699999999998681,654.4499999999465,49.29999999928259,12899.04999995254,0.0,0.0,0.0,0.0,0.0,0.0,9.860000000000127,2579.8099999999963,493.0,128990.5,2.0,61.0,502.8600000000006,131570.31000000008,0.0,0.0,1426.3748179007089,269794.16450681485
370,2021-01-05,2021,True,31.01095890410959,985,985,1061,220510.78223783922,1358.1331964559965,27935,30,0.0,0.8578776888410754,0.1217648408328587,0.1584529348277587,0.13580657349115635,0.3836959278147394,0.9608121827411167,0.07951893972799791,439018.63770327193,0,False,False,True,"{""0"":null,""1"":null,""2"":null,""3"":null}",985.0,366719.0,985.0,258966.0,985.0,258966.0,838.6665503841068,220510.78223783922,838.6665503841068,0.0,0.0,1358.1331964560086,271152.29770327086,0.0,8.983082285816028,4.0,1048.0,0.0,0.0,88.49999999871216,23186.69999994308,0.0,654.4499999999465,49.24999999928332,12948.299999951823,0.0,0.0,0.0,0.0,0.0,0.0,9.849999999999909,2589.659999999996,492.5,129483.0,0.0,61.0,502.3500000000058,132072.6600000001,0.0,0.0,1358.1331964560086,271152.29770327086
371,2021-01-06,2021,True,31.013698630136986,985,985,1061,221349.44878822332,1312.0985236453107,28030,42,0.0,0.8446122823637716,0.14952584411766506,0.15840498301543665,0.13595060527097141,0.3836959278147394,0.9608934010152285,0.10887636519048596,439828.38622691727,0,False,False,True,"{""0"":null,""1"":null,""2"":null,""3"":null}",985.0,367704.0,985.0,259951.0,985.0,259951.0,838.6665503841068,221349.44878822332,838.6665503841068,0.0,0.0,1312.0985236453125,272464.3962269162,0.0,8.983082285816028,4.0,1052.0,0.0,0.0,88.49999999871216,23275.199999941793,0.0,654.4499999999465,49.24999999928332,12997.549999951107,0.0,0.0,0.0,0.0,0.0,0.0,9.849999999999909,2599.509999999996,492.5,129975.5,0.0,61.0,502.3500000000058,132575.0100000001,0.0,0.0,1312.0985236453125,272464.3962269162
372,2021-01-07,2021,True,31.016438356164382,985,985,1061,222188.11533860743,1250.0522741293512,28140,36,0.0,0.8374944135797513,0.13808332618801178,0.15852502122176004,0.13612122112041064,0.3836959278147394,0.9608020304568528,0.13621950366171212,440576.08850104664,0,False,False,True,"{""0"":null,""1"":null,""2"":null,""3"":null}",985.0,368689.0,985.0,260936.0,985.0,260936.0,838.6665503841068,222188.11533860743,838.6665503841068,0.0,0.0,1250.0522741293535,273714.4485010455,0.0,8.983082285816028,4.0,1056.0,0.0,0.0,88.49999999871216,23363.699999940505,2.5499999999996135,656.9999999999461,49.24999999928332,13046.79999995039,0.0,0.0,0.0,0.0,0.0,0.0,9.849999999999909,2609.359999999996,492.5,130468.0,0.0,61.0,502.3500000000058,133077.3600000001,0.0,0.0,1250.0522741293535,273714.4485010455
373,2021-01-08,2021,True,31.019178082191782,985,985,1061,223026.78188899154,1159.8515652866645,28235,36,0.0,0.8080762910986582,0.17781877831333665,0.1585744879080971,0.13615951034107082,0.3836959278147394,0.9605939086294416,0.16150000252035387,441233.59006633336,0,False,False,True,"{""0"":null,""1"":null,""2"":null,""3"":null}",985.0,369674.0,985.0,261921.0,985.0,261921.0,838.6665503841068,223026.78188899154,838.6665503841068,0.0,0.0,1159.8515652866918,274874.3000663322,0.0,8.983082285816028,4.0,1060.0,0.0,0.0,88.49999999871216,23452.199999939217,1.9499999999997044,658.9499999999458,49.24999999928332,13096.049999949673,0.0,0.0,0.0,0.0,0.0,0.0,9.849999999999909,2619.209999999996,492.5,130960.5,0.0,61.0,502.3500000000058,133579.7100000001,0.0,0.0,1159.8515652866918,274874.3000663322
374,2021-01-09,2021,False,31.02191780821918,985,0,1061,223026.78188899154,0.0,27399,36,0.0,,,0.15871298850966423,0.136344162391605,0.3836959278147394,0.9615279187817259,0.08595423345322506,441233.59006633336,0,False,False,True,"{""0"":null,""1"":null,""2"":null,""3"":null}",985.0,370659.0,0.0,261921.0,0.0,261921.0,0.0,223026.78188899154,0.0,0.0,0.0,0.0,274874.3000663322,0.0,8.983082285816028,0.0,1060.0,0.0,0.0,0.0,23452.199999939217,0.0,658.9499999999458,0.0,13096.049999949673,0.0,0.0,0.0,0.0,0.0,0.0,0.0,2619.209999999996,0.0,130960.5,0.0,61.0,0.0,133579.7100000001,0.0,0.0,0.0,274874.3000663322
375,2021-01-10,2021,False,31.024657534246575,985,0,1061,223026.78188899154,0.0,27399,36,0.0,,,0.15871298850966425,0.136344162391605,0.3836959278147394,0.9615279187817259,0.03588023470888923,441233.59006633336,0,False,False,True,"{""0"":null,""1"":null,""2"":null,""3"":null}",985.0,371644.0,0.0,261921.0,0.0,261921.0,0.0,223026.78188899154,0.0,0.0,0.0,0.0,274874.3000663322,0.0,8.983082285816028,0.0,1060.0,0.0,0.0,0.0,23452.199999939217,0.0,658.9499999999458,0.0,13096.049999949673,0.0,0.0,0.0,0.0,0.0,0.0,0.0,2619.209999999996,0.0,130960.5,0.0,61.0,0.0,133579.7100000001,0.0,0.0,0.0,274874.3000663322
376,2021-01-11,2021,True,31.027397260273972,985,985,1061,223865.44843937564,1430.168940274775,28363,17,0.0,0.8700565198542045,0.1142116617772252,0.15871298850966423,0.136344162391605,0.3836959278147394,0.9605228426395939,0.06755664071646787,442161.4090066082,0,False,False,True,"{""0"":null,""1"":null,""2"":null,""3"":null}",985.0,372629.0,985.0,262906.0,985.0,262906.0,838.6665503841068,223865.44843937564,838.6665503841068,0.0,0.0,1430.1689402748016,276304.469006607,0.0,8.983082285816028,4.0,1064.0,0.0,0.0,88.49999999871216,23540.69999993793,5.3999999999991815,664.349999999945,49.24999999928332,13145.299999948957,0.0,0.0,0.0,0.0,0.0,0.0,9.849999999999909,2629.059999999996,492.5,131453.0,0.0,61.0,502.3500000000058,134082.0600000001,0.0,0.0,1430.1689402748016,276304.469006607
377,2021-01-12,2021,True,31.03013698630137,985,985,1061,224704.11498975975,1351.0470010918466,28427,38,0.0,0.8619057989049278,0.12453966265916207,0.15868485523912212,0.136409728161696,0.3836959278147394,0.9606954314720811,0.09743759987146751,443010.10600770003,0,False,False,True,"{""0"":null,""1"":null,""2"":null,""3"":null}",985.0,373614.0,985.0,263891.0,985.0,263891.0,838.6665503841068,224704.11498975975,838.6665503841068,0.0,0.0,1351.0470010918216,277655.51600769884,0.0,8.983082285816028,4.0,1068.0,0.0,0.0,88.49999999871216,23629.19999993664,0.0,664.349999999945,49.24999999928332,13194.54999994824,0.0,0.0,0.0,0.0,0.0,0.0,9.849999999999909,2638.9099999999958,492.5,131945.5,0.0,61.0,502.3500000000058,134584.41000000012,0.0,0.0,1351.0470010918216,277655.51600769884
378,2021-01-13,2021,True,31.03287671232877,985,985,1061,225542.78154014386,1250.981604249119,28535,45,0.0,0.8447480624822706,0.12633445259691606,0.15870869253474257,0.1365792895052413,0.3836959278147394,0.9609137055837563,0.1252921385497344,443758.73761194915,0,False,False,True,"{""0"":null,""1"":null,""2"":null,""3"":null}",985.0,374599.0,985.0,264876.0,985.0,264876.0,838.6665503841068,225542.78154014386,838.6665503841068,0.0,0.0,1250.9816042491002,278906.49761194794,0.0,8.983082285816028,4.0,1072.0,0.0,0.0,88.49999999871216,23717.699999935354,0.0,664.349999999945,49.24999999928332,13243.799999947523,0.0,0.0,0.0,0.0,0.0,0.0,9.849999999999909,2648.7599999999957,492.5,132438.0,0.0,61.0,502.3500000000058,135086.76000000013,0.0,0.0,1250.9816042491002,278906.49761194794
379,2021-01-14,2021,True,31.035616438356165,985,985,1061,226381.44809052796,1194.9209028306386,28633,45,0.03996259576607887,0.8426090991077784,0.1440406869920442,0.15871296346776542,0.13659799483169346,0.3836959278147394,0.9606649746192893,0.1511088227723618,444451.30851477984,0,False,False,True,"{""0"":null,""1"":null,""2"":null,""3"":null}",985.0,375584.0,985.0,265861.0,985.0,265861.0,838.6665503841068,226381.44809052796,838.6665503841068,0.0,0.0,1194.920902830665,280101.4185147786,0.03996259576607919,9.023044881582107,4.0,1076.0,0.0,0.0,88.49999999871216,23806.199999934066,2.5499999999996135,666.8999999999446,49.24999999928332,13293.049999946807,0.0,0.0,0.0,0.0,0.0,0.0,9.849999999999909,2658.6099999999956,492.5,132930.5,0.0,61.0,502.3500000000058,135589.11000000013,0.0,0.0,1194.920902830665,280101.4185147786
380,2021-01-15,2021,True,31.03835616438356,985,985,1061,227220.11464091207,1112.1295896173883,28744,39,0.0,0.8375642271070506,0.16192605204652216,0.15881278480192082,0.13672268399343174,0.3836959278147394,0.9604162436548224,0.17501472747245858,445061.08810439723,0,False,False,True,"{""0"":null,""1"":null,""2"":null,""3"":null}",985.0,376569.0,985.0,266846.0,985.0,266846.0,838.6665503841068,227220.11464091207,838.6665503841068,0.0,0.0,1112.1295896173688,281213.548104396,0.0,9.023044881582107,4.0,1080.0,0.0,0.0,88.49999999871216,23894.699999932778,3.1499999999995225,670.0499999999441,49.24999999928332,13342.29999994609,0.0,0.0,0.0,0.0,0.0,0.0,9.849999999999909,2668.4599999999955,492.5,133423.0,0.0,61.0,502.3500000000058,136091.46000000014,0.0,0.0,1112.1295896173688,281213.548104396
381,2021-01-16,2021,False,31.041095890410958,985,0,1061,227220.11464091207,0.0,27899,39,0.0,,,0.15881482393911245,0.136845743143123,0.3836959278147394,0.9614720812182741,0.09951647832467528,445061.08810439723,0,False,False,True,"{""0"":null,""1"":null,""2"":null,""3"":null}",985.0,377554.0,0.0,266846.0,0.0,266846.0,0.0,227220.11464091207,0.0,0.0,0.0,0.0,281213.548104396,0.0,9.023044881582107,0.0,1080.0,0.0,0.0,0.0,23894.699999932778,0.0,670.0499999999441,0.0,13342.29999994609,0.0,0.0,0.0,0.0,0.0,0.0,0.0,2668.4599999999955,0.0,133423.0,0.0,61.0,0.0,136091.46000000014,0.0,0.0,0.0,281213.548104396
382,2021-01-17,2021,False,31.043835616438358,985,0,1062,227220.11464091207,0.0,27899,39,0.0,,,0.15866516633624045,0.13594663738297783,0.3836959278147394,0.9611675126903553,0.049414977243216994,445060.08810439723,0,False,False,True,"{""0"":null,""1"":null,""2"":null,""3"":null}",985.0,378539.0,0.0,266846.0,0.0,266846.0,0.0,227220.11464091207,0.0,0.0,0.0,0.0,281213.548104396,0.0,9.023044881582107,0.0,1080.0,0.0,0.0,0.0,23894.699999932778,0.0,670.0499999999441,0.0,13342.29999994609,0.0,0.0,0.0,0.0,0.0,0.0,0.0,2668.4599999999955,0.0,133423.0,1.0,62.0,0.0,136091.46000000014,0.0,0.0,0.0,281213.548104396
383,2021-01-18,2021,True,31.046575342465754,985,985,1062,228058.95432754868,1367.0446955914229,28869,15,0.10733271080903486,0.8385435566830981,0.15243336477274816,0.15866516633624045,0.13594663738297783,0.3836959278147394,0.9603756345177665,0.08022905067007186,445924.7827999887,0,False,False,True,"{""0"":null,""1"":null,""2"":null,""3"":null}",985.0,379524.0,985.0,267831.0,985.0,267831.0,838.8396866366093,228058.95432754868,838.8396866366093,0.0,0.0,1367.0446955914376,282580.5927999874,0.10733271080903428,9.130377592391142,4.0,1084.0,0.0,0.0,88.49999999871216,23983.19999993149,5.849999999999113,675.8999999999432,49.24999999928332,13391.549999945373,0.0,0.0,0.0,0.0,0.0,0.0,9.849999999999909,2678.3099999999954,492.5,133915.5,0.0,62.0,502.3500000000058,136593.81000000014,0.0,0.0,1367.0446955914376,282580.5927999874
384,2021-01-19,2021,True,31.04931506849315,985,985,1063,228897.78493306402,1318.10120190747,28929,31,0.2599562585078801,0.8497942139369058,0.13960924258155155,0.15837631937732238,0.13507320266391473,0.38345439458923236,0.9604822335025381,0.10917352568547666,446739.5340018962,0,False,False,True,"{""0"":null,""1"":null,""2"":null,""3"":null}",985.0,380509.0,985.0,268816.0,985.0,268816.0,838.8306055153371,228897.78493306402,838.8306055153371,0.0,0.0,1318.1012019074988,283898.6940018949,0.25995625850788073,9.390333850899022,4.0,1088.0,0.0,0.0,88.49999999871216,24071.699999930202,0.0,675.8999999999432,49.24999999928332,13440.799999944657,0.0,0.0,0.0,0.0,0.0,0.0,9.849999999999909,2688.1599999999953,492.5,134408.0,1.0,63.0,502.3500000000058,137096.16000000015,0.0,0.0,1318.1012019074988,283898.6940018949
385,2021-01-20,2021,True,31.052054794520547,985,985,1063,229736.61553857935,1233.5149357202638,29026,51,0.0,0.840606759886268,0.14458547096008786,0.15839686827750776,0.13527936819985076,0.38345439458923236,0.960253807106599,0.13598506635073068,447470.6989376165,0,False,False,True,"{""0"":null,""1"":null,""2"":null,""3"":null}",985.0,381494.0,985.0,269801.0,985.0,269801.0,838.8306055153371,229736.61553857935,838.8306055153371,0.0,0.0,1233.5149357202463,285132.20893761516,0.0,9.390333850899022,4.0,1092.0,0.0,0.0,88.49999999871216,24160.199999928915,0.0,675.8999999999432,49.24999999928332,13490.04999994394,0.0,0.0,0.0,0.0,0.0,0.0,9.849999999999909,2698.009999999995,492.5,134900.5,0.0,63.0,502.3500000000058,137598.51000000015,0.0,0.0,1233.5149357202463,285132.20893761516
386,2021-01-21,2021,True,31.054794520547944,985,985,1063,230575.4461440947,1161.0409105918952,29153,46,0.0,0.8163109848568517,0.17656078548157422,0.15828947513941077,0.13538560191885496,0.38345439458923236,0.9605279187817259,0.16083335222447964,448129.3898482084,0,False,False,True,"{""0"":null,""1"":null,""2"":null,""3"":null}",985.0,382479.0,985.0,270786.0,985.0,270786.0,838.8306055153371,230575.4461440947,838.8306055153371,0.0,0.0,1161.0409105918952,286293.24984820705,0.0,9.390333850899022,4.0,1096.0,0.0,0.0,88.49999999871216,24248.699999927627,2.249999999999659,678.1499999999429,49.24999999928332,13539.299999943223,0.0,0.0,0.0,0.0,0.0,0.0,9.849999999999909,2707.859999999995,492.5,135393.0,0.0,63.0,502.3500000000058,138100.86000000016,0.0,0.0,1161.0409105918952,286293.24984820705
387,2021-01-22,2021,True,31.057534246575344,985,985,1063,231414.27674961003,1104.2389246027544,29226,42,0.12864794726997442,0.8242424548616842,0.15987811498044607,0.1584851306580612,0.13553932007887717,0.38345439458923236,0.9601015228426396,0.1838679240516884,448731.2787728112,0,False,False,True,"{""0"":null,""1"":null,""2"":null,""3"":null}",985.0,383464.0,985.0,271771.0,985.0,271771.0,838.8306055153371,231414.27674961003,838.8306055153371,0.0,0.0,1104.238924602745,287397.4887728098,0.1286479472699753,9.518981798168998,4.0,1100.0,0.0,0.0,88.49999999871216,24337.19999992634,2.399999999999636,680.5499999999425,49.24999999928332,13588.549999942506,0.0,0.0,0.0,0.0,0.0,0.0,9.849999999999909,2717.709999999995,492.5,135885.5,0.0,63.0,502.3500000000058,138603.21000000017,0.0,0.0,1104.238924602745,287397.4887728098
388,2021-01-23,2021,False,31.06027397260274,985,0,1063,231414.27674961003,0.0,28399,42,0.0,,,0.15855732885716015,0.1356600323166704,0.38345439458923236,0.9610304568527919,0.1082139968383915,448731.2787728112,0,False,False,True,"{""0"":null,""1"":null,""2"":null,""3"":null}",985.0,384449.0,0.0,271771.0,0.0,271771.0,0.0,231414.27674961003,0.0,0.0,0.0,0.0,287397.4887728098,0.0,9.518981798168998,0.0,1100.0,0.0,0.0,0.0,24337.19999992634,0.0,680.5499999999425,0.0,13588.549999942506,0.0,0.0,0.0,0.0,0.0,0.0,0.0,2717.709999999995,0.0,135885.5,0.0,63.0,0.0,138603.21000000017,0.0,0.0,0.0,287397.4887728098
389,2021-01-24,2021,False,31.063013698630137,985,0,1063,231414.27674961003,0.0,28399,42,0.0,,,0.15855732885716015,0.1356600323166704,0.38345439458923236,0.9610304568527919,0.058104760337065776,448731.2787728112,0,False,False,True,"{""0"":null,""1"":null,""2"":null,""3"":null}",985.0,385434.0,0.0,271771.0,0.0,271771.0,0.0,231414.27674961003,0.0,0.0,0.0,0.0,287397.4887728098,0.0,9.518981798168998,0.0,1100.0,0.0,0.0,0.0,24337.19999992634,0.0,680.5499999999425,0.0,13588.549999942506,0.0,0.0,0.0,0.0,0.0,0.0,0.0,2717.709999999995,0.0,135885.5,0.0,63.0,0.0,138603.21000000017,0.0,0.0,0.0,287397.4887728098
390,2021-01-25,2021,True,31.065753424657533,985,985,1063,232253.10735512536,1368.4710954467284,29358,15,0.12248523620082759,0.855780883197633,0.12726520294761073,0.15855732885716015,0.1356600323166704,0.38345439458923236,0.9599137055837563,0.08830341946254404,449597.3998682579,0,False,False,True,"{""0"":null,""1"":null,""2"":null,""3"":null}",985.0,386419.0,985.0,272756.0,985.0,272756.0,838.8306055153371,232253.10735512536,838.8306055153371,0.0,0.0,1368.47109544673,288765.9598682565,0.12248523620082707,9.641467034369825,4.0,1104.0,0.0,0.0,88.49999999871216,24425.69999992505,6.299999999999045,686.8499999999416,49.24999999928332,13637.79999994179,0.0,0.0,0.0,0.0,0.0,0.0,9.849999999999909,2727.559999999995,492.5,136378.0,0.0,63.0,502.3500000000058,139105.56000000017,0.0,0.0,1368.47109544673,288765.9598682565
391,2021-01-26,2021,True,31.068493150684933,985,985,1063,233091.9379606407,1297.6886464787012,29440,26,0.0,0.8537682299854426,0.134213978345831,0.1585257566672708,0.13584647805988737,0.38345439458923236,0.9604010152284264,0.11648549810645793,450392.73851473664,0,False,False,True,"{""0"":null,""1"":null,""2"":null,""3"":null}",985.0,387404.0,985.0,273741.0,985.0,273741.0,838.8306055153371,233091.9379606407,838.8306055153371,0.0,0.0,1297.6886464786949,290063.6485147352,0.0,9.641467034369825,4.0,1108.0,0.0,0.0,88.49999999871216,24514.199999923763,0.0,686.8499999999416,49.24999999928332,13687.049999941073,0.0,0.0,0.0,0.0,0.0,0.0,9.849999999999909,2737.409999999995,492.5,136870.5,0.0,63.0,502.3500000000058,139607.91000000018,0.0,0.0,1297.6886464786949,290063.6485147352
392,2021-01-27,2021,True,31.07123287671233,985,985,1063,233930.76856615604,1210.686448727058,29517,51,0.25758915559935597,0.8265478830887217,0.15492717293674751,0.15857467969185154,0.13596438731264815,0.38345439458923236,0.960218274111675,0.1426955504767701,451101.0749634637,0,False,False,True,"{""0"":null,""1"":null,""2"":null,""3"":null}",985.0,388389.0,985.0,274726.0,985.0,274726.0,838.8306055153371,233930.76856615604,838.8306055153371,0.0,0.0,1210.686448727036,291274.33496346226,0.2575891555993568,9.899056189969182,4.0,1112.0,0.0,0.0,88.49999999871216,24602.699999922475,0.0,686.8499999999416,49.24999999928332,13736.299999940356,0.0,0.0,0.0,0.0,0.0,0.0,9.849999999999909,2747.2599999999948,492.5,137363.0,0.0,63.0,502.3500000000058,140110.26000000018,0.0,0.0,1210.686448727036,291274.33496346226
393,2021-01-28,2021,True,31.073972602739726,985,985,1063,234769.59917167138,1176.0439623164266,29644,50,0.0,0.8161745956356041,0.17878961444398622,0.15864053961866756,0.13610697822384904,0.38345439458923236,0.9601928934010152,0.1669583500185684,451774.76892578014,0,False,False,True,"{""0"":null,""1"":null,""2"":null,""3"":null}",985.0,389374.0,985.0,275711.0,985.0,275711.0,838.8306055153371,234769.59917167138,838.8306055153371,0.0,0.0,1176.043962316413,292450.37892577867,0.0,9.899056189969182,4.0,1116.0,0.0,0.0,88.49999999871216,24691.199999921188,2.249999999999659,689.0999999999412,49.24999999928332,13785.54999993964,0.0,0.0,0.0,0.0,0.0,0.0,9.849999999999909,2757.1099999999947,492.5,137855.5,0.0,63.0,502.3500000000058,140612.6100000002,0.0,0.0,1176.043962316413,292450.37892577867
394,2021-01-29,2021,True,31.076712328767123,984,984,1063,235607.67063746467,1089.7134448836873,29738,52,0.11084493581469484,0.8130644730514003,0.18481731099110318,0.15876927909637722,0.136400150732487,0.3835212613457353,0.9601829268292683,0.18952966876952607,452362.6423706638,0,False,False,True,"{""0"":null,""1"":null,""2"":null,""3"":null}",984.0,390358.0,984.0,276695.0,984.0,276695.0,838.0714657932986,235607.67063746467,838.0714657932986,0.0,0.0,1089.7134448837023,293540.0923706624,0.11084493581469523,10.009901125783877,4.0,1120.0,0.0,0.0,88.39999999871361,24779.5999999199,1.6499999999997499,690.749999999941,49.199999999284046,13834.749999938924,0.0,0.0,0.0,0.0,0.0,0.0,9.840000000000146,2766.949999999995,492.0,138347.5,0.0,63.0,501.8399999999965,141114.4500000002,0.0,0.0,1089.7134448837023,293540.0923706624
395,2021-01-30,2021,False,31.07945205479452,984,0,1063,235607.67063746467,0.0,28899,52,0.0,,,0.1589157574542192,0.13665907414279124,0.3835212613457353,0.9613821138211383,0.11379821572988336,452362.6423706638,0,False,False,True,"{""0"":null,""1"":null,""2"":null,""3"":null}",984.0,391342.0,0.0,276695.0,0.0,276695.0,0.0,235607.67063746467,0.0,0.0,0.0,0.0,293540.0923706624,0.0,10.009901125783877,0.0,1120.0,0.0,0.0,0.0,24779.5999999199,0.0,690.749999999941,0.0,13834.749999938924,0.0,0.0,0.0,0.0,0.0,0.0,0.0,2766.949999999995,0.0,138347.5,0.0,63.0,0.0,141114.4500000002,0.0,0.0,0.0,293540.0923706624
396,2021-01-31,2021,False,31.08219178082192,983,0,1063,235607.67063746467,0.0,28899,52,0.0,,,0.1587482736108734,0.1365363914550985,0.38358709107105804,0.9613428280773143,0.06372704659235676,452362.6423706638,0,False,False,True,"{""0"":null,""1"":null,""2"":null,""3"":null}",983.0,392325.0,0.0,276695.0,0.0,276695.0,0.0,235607.67063746467,0.0,0.0,0.0,0.0,293540.0923706624,0.0,10.009901125783877,0.0,1120.0,0.0,0.0,0.0,24779.5999999199,0.0,690.749999999941,0.0,13834.749999938924,0.0,0.0,0.0,0.0,0.0,0.0,0.0,2766.949999999995,0.0,138347.5,0.0,63.0,0.0,141114.4500000002,0.0,0.0,0.0,293540.0923706624
397,2021-02-01,2021,True,31.084931506849315,983,983,1063,236444.98606435073,1317.8941000227967,29863,17,0.0,0.837221352607888,0.13405118371566116,0.15874827361087343,0.13653639145509847,0.38358709107105804,0.9600508646998983,0.09357455371835297,453179.2064706866,0,False,False,True,"{""0"":null,""1"":null,""2"":null,""3"":null}",983.0,393308.0,983.0,277678.0,983.0,277678.0,837.3154268860526,236444.98606435073,837.3154268860526,0.0,0.0,1317.8941000227933,294857.98647068517,0.0,10.009901125783877,4.0,1124.0,0.0,0.0,88.29999999871507,24867.899999918616,7.799999999998818,698.5499999999398,49.14999999928477,13883.899999938209,0.0,0.0,0.0,0.0,0.0,0.0,9.829999999999927,2776.7799999999947,491.5,138839.0,0.0,63.0,501.3299999999872,141615.78000000017,0.0,0.0,1317.8941000227933,294857.98647068517
398,2021-02-02,2021,True,31.087671232876712,983,983,1063,237282.30149123678,1279.7369958803947,29924,26,0.0,0.8290199040092066,0.16986303815431156,0.15882848394103244,0.13648974764271848,0.38358709107105804,0.9602136317395727,0.12146932114231522,453957.61346656695,0,False,False,True,"{""0"":null,""1"":null,""2"":null,""3"":null}",983.0,394291.0,983.0,278661.0,983.0,278661.0,837.3154268860526,237282.30149123678,837.3154268860526,0.0,0.0,1279.7369958803756,296137.72346656554,0.0,10.009901125783877,4.0,1128.0,0.0,0.0,88.29999999871507,24956.19999991733,0.0,698.5499999999398,49.14999999928477,13933.049999937493,0.0,0.0,0.0,0.0,0.0,0.0,9.829999999999927,2786.6099999999947,491.5,139330.5,0.0,63.0,501.3299999999872,142117.11000000016,0.0,0.0,1279.7369958803756,296137.72346656554
399,2021-02-03,2021,True,31.09041095890411,983,983,1063,238119.61691812283,1232.3479770103193,30018,52,0.0,0.8249258592825844,0.14391181569444106,0.15874850901102172,0.13649409192038375,0.38358709107105804,0.9600101729399796,0.14732788361640498,454688.63144357724,0,False,False,True,"{""0"":null,""1"":null,""2"":null,""3"":null}",983.0,395274.0,983.0,279644.0,983.0,279644.0,837.3154268860526,238119.61691812283,837.3154268860526,0.0,0.0,1232.3479770103004,297370.07144357584,0.0,10.009901125783877,4.0,1132.0,0.0,0.0,88.29999999871507,25044.499999916046,0.0,698.5499999999398,49.14999999928477,13982.199999936778,0.0,0.0,0.0,0.0,0.0,0.0,9.829999999999927,2796.4399999999946,491.5,139822.0,0.0,63.0,501.3299999999872,142618.44000000015,0.0,0.0,1232.3479770103004,297370.07144357584
400,2021-02-04,2021,True,31.09315068493151,983,983,1063,238956.93234500889,1153.1138529723353,30141,55,0.0,0.8179739225417445,0.17617650051404182,0.1587651760334961,0.13663937613254007,0.38358709107105804,0.9601220752797558,0.17131499620306506,455340.41529654956,0,False,False,True,"{""0"":null,""1"":null,""2"":null,""3"":null}",983.0,396257.0,983.0,280627.0,983.0,280627.0,837.3154268860526,238956.93234500889,837.3154268860526,0.0,0.0,1153.1138529723394,298523.1852965482,0.0,10.009901125783877,4.0,1136.0,0.0,0.0,88.29999999871507,25132.79999991476,2.5499999999996135,701.0999999999394,49.14999999928477,14031.349999936063,0.0,0.0,0.0,0.0,0.0,0.0,9.829999999999927,2806.2699999999945,491.5,140313.5,0.0,63.0,501.3299999999872,143119.77000000014,0.0,0.0,1153.1138529723394,298523.1852965482
401,2021-02-05,2021,True,31.095890410958905,983,983,1063,239794.24777189494,1087.490596305128,30240,59,0.11371425471810301,0.8230560360784295,0.16883693270954395,0.1588290097660412,0.1368245545090479,0.38358709107105804,0.9605035605289929,0.193480345162088,455926.57589285466,0,False,False,True,"{""0"":null,""1"":null,""2"":null,""3"":null}",983.0,397240.0,983.0,281610.0,983.0,281610.0,837.3154268860526,239794.24777189494,837.3154268860526,0.0,0.0,1087.4905963051133,299610.6758928533,0.11371425471810248,10.12361538050198,4.0,1140.0,0.0,0.0,88.29999999871507,25221.099999913476,1.3499999999997954,702.4499999999392,49.14999999928477,14080.499999935348,0.0,0.0,0.0,0.0,0.0,0.0,9.829999999999927,2816.0999999999945,491.5,140805.0,0.0,63.0,501.3299999999872,143621.10000000012,0.0,0.0,1087.4905963051133,299610.6758928533
402,2021-02-06,2021,False,31.0986301369863,983,0,1063,239794.24777189494,0.0,29399,59,0.0,,,0.15878278369095894,0.1368577598737883,0.38358709107105804,0.9616785350966429,0.11763737557975004,455926.57589285466,0,False,False,True,"{""0"":null,""1"":null,""2"":null,""3"":null}",983.0,398223.0,0.0,281610.0,0.0,281610.0,0.0,239794.24777189494,0.0,0.0,0.0,0.0,299610.6758928533,0.0,10.12361538050198,0.0,1140.0,0.0,0.0,0.0,25221.099999913476,0.0,702.4499999999392,0.0,14080.499999935348,0.0,0.0,0.0,0.0,0.0,0.0,0.0,2816.0999999999945,0.0,140805.0,0.0,63.0,0.0,143621.10000000012,0.0,0.0,0.0,299610.6758928533
403,2021-02-07,2021,False,31.101369863013698,984,0,1064,239794.24777189494,0.0,29399,59,0.0,,,0.15872897027577051,0.13601751353915134,0.3835202243145551,0.9614126016260163,0.0672761693234999,455925.57589285466,0,False,False,True,"{""0"":null,""1"":null,""2"":null,""3"":null}",984.0,399207.0,0.0,281610.0,0.0,281610.0,0.0,239794.24777189494,0.0,0.0,0.0,0.0,299610.6758928533,0.0,10.12361538050198,0.0,1140.0,0.0,0.0,0.0,25221.099999913476,0.0,702.4499999999392,0.0,14080.499999935348,0.0,0.0,0.0,0.0,0.0,0.0,0.0,2816.0999999999945,0.0,140805.0,1.0,64.0,0.0,143621.10000000012,0.0,0.0,0.0,299610.6758928533
404,2021-02-08,2021,True,31.104109589041094,984,984,1064,240632.48858874058,1312.989822775371,30385,11,0.19723739247834354,0.8333456428494729,0.15819599979179003,0.15872897027577051,0.13601751353915137,0.3835202243145551,0.9605741869918699,0.09690222052893425,456736.72571563,0,False,False,True,"{""0"":null,""1"":null,""2"":null,""3"":null}",984.0,400191.0,984.0,282594.0,984.0,282594.0,838.2408168456459,240632.48858874058,838.2408168456459,0.0,0.0,1312.9898227753583,300923.66571562865,0.19723739247834438,10.320852772980324,4.0,1144.0,0.0,0.0,88.39999999871361,25309.49999991219,8.849999999998658,711.2999999999379,49.199999999284046,14129.699999934632,0.0,0.0,0.0,0.0,0.0,0.0,9.840000000000146,2825.9399999999946,492.0,141297.0,0.0,64.0,501.8399999999965,144122.94000000012,0.0,0.0,1312.9898227753583,300923.66571562865
405,2021-02-09,2021,True,31.106849315068494,984,984,1064,241470.72940558623,1291.4537355651917,30436,25,0.05577448256894037,0.8456200515745119,0.14833685525129758,0.1587648958828485,0.13620040597893676,0.3835202243145551,0.9609857723577236,0.12457428128661993,457526.33945119515,0,False,False,True,"{""0"":null,""1"":null,""2"":null,""3"":null}",984.0,401175.0,984.0,283578.0,984.0,283578.0,838.2408168456459,241470.72940558623,838.2408168456459,0.0,0.0,1291.4537355651846,302215.11945119384,0.0557744825689408,10.376627255549264,4.0,1148.0,0.0,0.0,88.39999999871361,25397.899999910904,0.0,711.2999999999379,49.199999999284046,14178.899999933916,0.0,0.0,0.0,0.0,0.0,0.0,9.840000000000146,2835.7799999999947,492.0,141789.0,0.0,64.0,501.8399999999965,144624.78000000012,0.0,0.0,1291.4537355651846,302215.11945119384
406,2021-02-10,2021,True,31.10958904109589,983,983,1064,242308.08202125816,1202.1972105651598,30537,37,0.0629161605865647,0.8361593958907665,0.1468820750803077,0.15868224111214302,0.1361265125430242,0.3835096261198085,0.9610630722278739,0.1500318652059876,458227.2066617603,0,False,False,True,"{""0"":null,""1"":null,""2"":null,""3"":null}",983.0,402158.0,983.0,284561.0,983.0,284561.0,837.3526156719308,242308.08202125816,837.3526156719308,0.0,0.0,1202.1972105651512,303417.316661759,0.06291616058656402,10.439543416135828,4.0,1152.0,0.0,0.0,88.29999999871507,25486.19999990962,0.0,711.2999999999379,49.14999999928477,14228.0499999332,0.0,0.0,0.0,0.0,0.0,0.0,9.829999999999927,2845.6099999999947,491.5,142280.5,0.0,64.0,501.3299999999872,145126.1100000001,0.0,0.0,1202.1972105651512,303417.316661759
407,2021-02-11,2021,True,31.112328767123287,983,983,1064,243145.4346369301,1150.3929296682852,30646,43,0.0,0.8311282774339657,0.16561944848581361,0.15865340323345223,0.13630968997178206,0.3835096261198085,0.9611800610376399,0.17390688978142205,458876.2695914286,0,False,False,True,"{""0"":null,""1"":null,""2"":null,""3"":null}",983.0,403141.0,983.0,285544.0,983.0,285544.0,837.3526156719308,243145.4346369301,837.3526156719308,0.0,0.0,1150.3929296683054,304567.7095914273,0.0,10.439543416135828,4.0,1156.0,0.0,0.0,88.29999999871507,25574.499999908334,1.6499999999997499,712.9499999999376,49.14999999928477,14277.199999932485,0.0,0.0,0.0,0.0,0.0,0.0,9.829999999999927,2855.4399999999946,491.5,142772.0,0.0,64.0,501.3299999999872,145627.4400000001,0.0,0.0,1150.3929296683054,304567.7095914273
408,2021-02-12,2021,True,31.115068493150684,984,984,1065,243983.58456969706,1095.8377071218374,30755,39,0.0,0.8109542957445901,0.17341463765023715,0.1585811168978561,0.13564040759384707,0.3835202243145551,0.9610010162601627,0.19581022069329979,459469.2672985504,0,False,False,True,"{""0"":null,""1"":null,""2"":null,""3"":null}",984.0,404125.0,984.0,286528.0,984.0,286528.0,838.1499327669735,243983.58456969706,838.1499327669735,0.0,0.0,1095.8377071218565,305663.54729854915,0.0,10.439543416135828,4.0,1160.0,0.0,0.0,88.39999999871361,25662.899999907047,2.0999999999996817,715.0499999999373,49.199999999284046,14326.39999993177,0.0,0.0,0.0,0.0,0.0,0.0,9.840000000000146,2865.2799999999947,492.0,143264.0,1.0,65.0,501.8399999999965,146129.2800000001,0.0,0.0,1095.8377071218565,305663.54729854915
409,2021-02-13,2021,False,31.117808219178084,984,0,1065,243983.58456969706,0.0,29899,39,0.0,,,0.15855880739625577,0.13574237849320012,0.3835202243145551,0.9618191056910569,0.11998038707567306,459469.2672985504,0,False,False,True,"{""0"":null,""1"":null,""2"":null,""3"":null}",984.0,405109.0,0.0,286528.0,0.0,286528.0,0.0,243983.58456969706,0.0,0.0,0.0,0.0,305663.54729854915,0.0,10.439543416135828,0.0,1160.0,0.0,0.0,0.0,25662.899999907047,0.0,715.0499999999373,0.0,14326.39999993177,0.0,0.0,0.0,0.0,0.0,0.0,0.0,2865.2799999999947,0.0,143264.0,0.0,65.0,0.0,146129.2800000001,0.0,0.0,0.0,305663.54729854915
410,2021-02-14,2021,False,31.12054794520548,984,0,1066,243983.58456969706,0.0,29899,39,0.0,,,0.1583626592250809,0.13480496036491138,0.3835202243145551,0.9615142276422765,0.06979513524465074,459468.2672985504,0,False,False,True,"{""0"":null,""1"":null,""2"":null,""3"":null}",984.0,406093.0,0.0,286528.0,0.0,286528.0,0.0,243983.58456969706,0.0,0.0,0.0,0.0,305663.54729854915,0.0,10.439543416135828,0.0,1160.0,0.0,0.0,0.0,25662.899999907047,0.0,715.0499999999373,0.0,14326.39999993177,0.0,0.0,0.0,0.0,0.0,0.0,0.0,2865.2799999999947,0.0,143264.0,1.0,66.0,0.0,146129.2800000001,0.0,0.0,0.0,305663.54729854915
411,2021-02-15,2021,True,31.123287671232877,984,984,1066,244821.88847590092,1363.1973994998389,30857,18,0.0,0.8526759673998148,0.1209258005905123,0.15836265922508086,0.1348049603649114,0.3835202243145551,0.9604725609756097,0.0992867509913888,460329.6246980502,0,False,False,True,"{""0"":null,""1"":null,""2"":null,""3"":null}",984.0,407077.0,984.0,287512.0,984.0,287512.0,838.3039062038588,244821.88847590092,838.3039062038588,0.0,0.0,1363.1973994998261,307026.744698049,0.0,10.439543416135828,4.0,1164.0,0.0,0.0,88.39999999871361,25751.29999990576,5.849999999999113,720.8999999999364,49.199999999284046,14375.599999931053,0.0,0.0,0.0,0.0,0.0,0.0,9.840000000000146,2875.119999999995,492.0,143756.0,0.0,66.0,501.8399999999965,146631.12000000008,0.0,0.0,1363.1973994998261,307026.744698049
412,2021-02-16,2021,True,31.126027397260273,985,985,1067,245661.14371617016,1228.9737955674357,30933,30,0.0,0.8294352876149614,0.15542720156063042,0.15842958829050663,0.13415879825207566,0.38345439458923236,0.9607005076142131,0.1268794584234749,461055.2484936177,0,False,False,True,"{""0"":null,""1"":null,""2"":null,""3"":null}",985.0,408062.0,985.0,288497.0,985.0,288497.0,839.2552402692381,245661.14371617016,839.2552402692381,0.0,0.0,1228.9737955674645,308255.71849361644,0.0,10.439543416135828,4.0,1168.0,0.0,0.0,88.49999999871216,25839.799999904473,0.0,720.8999999999364,49.24999999928332,14424.849999930337,0.0,0.0,0.0,0.0,0.0,0.0,9.849999999999909,2884.969999999995,492.5,144248.5,1.0,67.0,502.3500000000058,147133.4700000001,0.0,0.0,1228.9737955674645,308255.71849361644
413,2021-02-17,2021,True,31.12876712328767,985,985,1067,246500.3989564394,1192.8693134559842,31019,51,0.0,0.8163057939725159,0.16963407472473482,0.1584384354125022,0.13426023312039234,0.38345439458923236,0.960218274111675,0.15256509113533184,461745.7678070737,0,False,False,True,"{""0"":null,""1"":null,""2"":null,""3"":null}",985.0,409047.0,985.0,289482.0,985.0,289482.0,839.2552402692381,246500.3989564394,839.2552402692381,0.0,0.0,1192.8693134560017,309448.58780707244,0.0,10.439543416135828,4.0,1172.0,0.0,0.0,88.49999999871216,25928.299999903185,0.0,720.8999999999364,49.24999999928332,14474.09999992962,0.0,0.0,0.0,0.0,0.0,0.0,9.849999999999909,2894.8199999999947,492.5,144741.0,0.0,67.0,502.3500000000058,147635.8200000001,0.0,0.0,1192.8693134560017,309448.58780707244
414,2021-02-18,2021,True,31.13150684931507,985,985,1067,247339.65419670864,1139.2512869965788,31140,53,0.016693467861828022,0.8182029351856837,0.1640780549887442,0.1583745723500318,0.13435624580395167,0.38345439458923236,0.9601827411167513,0.17628889272668646,462382.6690940703,0,False,False,True,"{""0"":null,""1"":null,""2"":null,""3"":null}",985.0,410032.0,985.0,290467.0,985.0,290467.0,839.2552402692381,247339.65419670864,839.2552402692381,0.0,0.0,1139.2512869965867,310587.83909406903,0.01669346786182757,10.456236883997656,4.0,1176.0,0.0,0.0,88.49999999871216,26016.799999901898,2.6999999999995907,723.599999999936,49.24999999928332,14523.349999928903,0.0,0.0,0.0,0.0,0.0,0.0,9.849999999999909,2904.6699999999946,492.5,145233.5,0.0,67.0,502.3500000000058,148138.1700000001,0.0,0.0,1139.2512869965867,310587.83909406903
415,2021-02-19,2021,True,31.134246575342466,985,985,1067,248178.90943697788,1087.407317953213,31237,61,0.0,0.8174300406301281,0.19590444655874095,0.15845042312089833,0.1344633423256061,0.38345439458923236,0.960253807106599,0.19820934173399288,462967.72641202353,0,False,False,True,"{""0"":null,""1"":null,""2"":null,""3"":null}",985.0,411017.0,985.0,291452.0,985.0,291452.0,839.2552402692381,248178.90943697788,839.2552402692381,0.0,0.0,1087.4073179531842,311675.2464120222,0.0,10.456236883997656,4.0,1180.0,0.0,0.0,88.49999999871216,26105.29999990061,1.7999999999997272,725.3999999999357,49.24999999928332,14572.599999928187,0.0,0.0,0.0,0.0,0.0,0.0,9.849999999999909,2914.5199999999945,492.5,145726.0,0.0,67.0,502.3500000000058,148640.5200000001,0.0,0.0,1087.4073179531842,311675.2464120222
416,2021-02-20,2021,False,31.136986301369863,985,0,1067,248178.90943697788,0.0,30399,61,0.0,,,0.1584540159992299,0.1345589296631723,0.38345439458923236,0.9613705583756346,0.1224595023013191,462967.72641202353,0,False,False,True,"{""0"":null,""1"":null,""2"":null,""3"":null}",985.0,412002.0,0.0,291452.0,0.0,291452.0,0.0,248178.90943697788,0.0,0.0,0.0,0.0,311675.2464120222,0.0,10.456236883997656,0.0,1180.0,0.0,0.0,0.0,26105.29999990061,0.0,725.3999999999357,0.0,14572.599999928187,0.0,0.0,0.0,0.0,0.0,0.0,0.0,2914.5199999999945,0.0,145726.0,0.0,67.0,0.0,148640.5200000001,0.0,0.0,0.0,311675.2464120222
417,2021-02-21,2021,False,31.13972602739726,985,0,1067,248178.90943697788,0.0,30399,61,0.0,,,0.15845401599922992,0.1345589296631723,0.38345439458923236,0.9613705583756346,0.07218850602200572,462967.72641202353,0,False,False,True,"{""0"":null,""1"":null,""2"":null,""3"":null}",985.0,412987.0,0.0,291452.0,0.0,291452.0,0.0,248178.90943697788,0.0,0.0,0.0,0.0,311675.2464120222,0.0,10.456236883997656,0.0,1180.0,0.0,0.0,0.0,26105.29999990061,0.0,725.3999999999357,0.0,14572.599999928187,0.0,0.0,0.0,0.0,0.0,0.0,0.0,2914.5199999999945,0.0,145726.0,0.0,67.0,0.0,148640.5200000001,0.0,0.0,0.0,311675.2464120222
418,2021-02-22,2021,True,31.14246575342466,986,986,1068,249019.07205604934,1341.8244530141244,31388,24,0.0,0.8458216952231838,0.14645148009721748,0.15856904802941935,0.13407468903049918,0.3837024868508675,0.9600862068965517,0.10176078524037677,463805.6908650377,0,False,False,True,"{""0"":null,""1"":null,""2"":null,""3"":null}",986.0,413973.0,986.0,292438.0,986.0,292438.0,840.1626190714596,249019.07205604934,840.1626190714596,0.0,0.0,1341.8244530141237,313017.07086503634,0.0,10.456236883997656,4.0,1184.0,0.0,0.0,88.5999999987107,26193.89999989932,9.149999999998613,734.5499999999344,49.29999999928259,14621.89999992747,0.0,0.0,0.0,0.0,0.0,0.0,9.860000000000127,2924.3799999999947,493.0,146219.0,1.0,68.0,502.85999999998603,149143.3800000001,0.0,0.0,1341.8244530141237,313017.07086503634
419,2021-02-23,2021,True,31.145205479452056,986,986,1068,249859.2346751208,1261.8026538960669,31440,39,0.0,0.8395958751435932,0.15443031064612664,0.15850995561327408,0.13414015205150712,0.3837024868508675,0.960684584178499,0.12930820420757808,464564.6335189337,0,False,False,True,"{""0"":null,""1"":null,""2"":null,""3"":null}",986.0,414959.0,986.0,293424.0,986.0,293424.0,840.1626190714596,249859.2346751208,840.1626190714596,0.0,0.0,1261.8026538960403,314278.8735189324,0.0,10.456236883997656,4.0,1188.0,0.0,0.0,88.5999999987107,26282.49999989803,0.0,734.5499999999344,49.29999999928259,14671.199999926752,0.0,0.0,0.0,0.0,0.0,0.0,9.860000000000127,2934.239999999995,493.0,146712.0,0.0,68.0,502.85999999998603,149646.24000000008,0.0,0.0,1261.8026538960403,314278.8735189324
420,2021-02-24,2021,True,31.147945205479452,986,986,1068,250699.39729419225,1198.6781250282631,31533,59,0.0,0.8347329559956906,0.15152637595657067,0.15837847033402044,0.13415807020133946,0.3837024868508675,0.9605933062880324,0.15475002301834176,465260.451643962,0,False,False,True,"{""0"":null,""1"":null,""2"":null,""3"":null}",986.0,415945.0,986.0,294410.0,986.0,294410.0,840.1626190714596,250699.39729419225,840.1626190714596,0.0,0.0,1198.6781250282656,315477.55164396064,0.0,10.456236883997656,4.0,1192.0,0.0,0.0,88.5999999987107,26371.09999989674,0.0,734.5499999999344,49.29999999928259,14720.499999926034,0.0,0.0,0.0,0.0,0.0,0.0,9.860000000000127,2944.099999999995,493.0,147205.0,0.0,68.0,502.85999999998603,150149.10000000006,0.0,0.0,1198.6781250282656,315477.55164396064
421,2021-02-25,2021,True,31.15068493150685,986,986,1068,251539.5599132637,1128.7717712839988,31656,47,0.0,0.8317247227574346,0.15557576638719106,0.15836978537208782,0.13425976529871417,0.3837024868508675,0.960709939148073,0.17829858128205472,465886.363415246,0,False,False,True,"{""0"":null,""1"":null,""2"":null,""3"":null}",986.0,416931.0,986.0,295396.0,986.0,295396.0,840.1626190714596,251539.5599132637,840.1626190714596,0.0,0.0,1128.771771283995,316606.32341524464,0.0,10.456236883997656,4.0,1196.0,0.0,0.0,88.5999999987107,26459.699999895452,3.5999999999994543,738.1499999999338,49.29999999928259,14769.799999925317,0.0,0.0,0.0,0.0,0.0,0.0,9.860000000000127,2953.959999999995,493.0,147698.0,0.0,68.0,502.85999999998603,150651.96000000005,0.0,0.0,1128.771771283995,316606.32341524464
422,2021-02-26,2021,True,31.153424657534245,987,987,1069,252380.4938684088,1077.0220210214543,31746,46,0.0,0.8095173480633346,0.18427334514329044,0.15841898362513743,0.1337186644490582,0.38395461827112115,0.9604812563323202,0.19993502761314655,466459.0154362675,0,False,False,True,"{""0"":null,""1"":null,""2"":null,""3"":null}",987.0,417918.0,987.0,296383.0,987.0,296383.0,840.9339551450976,252380.4938684088,840.9339551450976,0.0,0.0,1077.0220210214611,317683.3454362661,0.0,10.456236883997656,4.0,1200.0,0.0,0.0,88.69999999870925,26548.39999989416,2.249999999999659,740.3999999999335,49.34999999928186,14819.149999924599,0.0,0.0,0.0,0.0,0.0,0.0,9.86999999999989,2963.829999999995,493.5,148191.5,1.0,69.0,503.36999999999534,151155.33000000005,0.0,0.0,1077.0220210214611,317683.3454362661
423,2021-02-27,2021,False,31.156164383561645,987,0,1069,252380.4938684088,0.0,30899,46,0.0,,,0.15844915605707738,0.13386391038480977,0.38395461827112115,0.9612867274569402,0.12414417463008327,466459.0154362675,0,False,False,True,"{""0"":null,""1"":null,""2"":null,""3"":null}",987.0,418905.0,0.0,296383.0,0.0,296383.0,0.0,252380.4938684088,0.0,0.0,0.0,0.0,317683.3454362661,0.0,10.456236883997656,0.0,1200.0,0.0,0.0,0.0,26548.39999989416,0.0,740.3999999999335,0.0,14819.149999924599,0.0,0.0,0.0,0.0,0.0,0.0,0.0,2963.829999999995,0.0,148191.5,0.0,69.0,0.0,151155.33000000005,0.0,0.0,0.0,317683.3454362661
424,2021-02-28,2021,False,31.15890410958904,987,0,1069,252380.4938684088,0.0,30899,46,0.0,,,0.15844915605707738,0.13386391038480977,0.38395461827112115,0.9612867274569402,0.07393450037692915,466459.0154362675,0,False,False,True,"{""0"":null,""1"":null,""2"":null,""3"":null}",987.0,419892.0,0.0,296383.0,0.0,296383.0,0.0,252380.4938684088,0.0,0.0,0.0,0.0,317683.3454362661,0.0,10.456236883997656,0.0,1200.0,0.0,0.0,0.0,26548.39999989416,0.0,740.3999999999335,0.0,14819.149999924599,0.0,0.0,0.0,0.0,0.0,0.0,0.0,2963.829999999995,0.0,148191.5,0.0,69.0,0.0,151155.33000000005,0.0,0.0,0.0,317683.3454362661
425,2021-03-01,2021,True,31.161643835616438,986,986,1069,253220.52790777045,1323.7095504425633,31866,23,0.0,0.851979976914816,0.13736194296322785,0.15817520848236621,0.1334483564025228,0.3837024868508675,0.9601622718052739,0.10337853746019164,467279.8649867101,0,False,False,True,"{""0"":null,""1"":null,""2"":null,""3"":null}",986.0,420878.0,986.0,297369.0,986.0,297369.0,840.0340393616352,253220.52790777045,840.0340393616352,0.0,0.0,1323.7095504425815,319007.0549867087,0.0,10.456236883997656,4.0,1204.0,0.0,0.0,88.5999999987107,26636.999999892872,6.899999999998954,747.2999999999324,49.29999999928259,14868.449999923881,0.0,0.0,0.0,0.0,0.0,0.0,9.860000000000127,2973.689999999995,493.0,148684.5,0.0,69.0,502.85999999998603,151658.19000000003,0.0,0.0,1323.7095504425815,319007.0549867087
426,2021-03-02,2021,True,31.164383561643834,986,986,1069,254060.56194713208,1255.2278621969617,31927,41,0.0,0.8244583526035467,0.17433231778413516,0.15826184957878467,0.13364312383786942,0.3837024868508675,0.9602890466531441,0.13078644042797005,468032.23284890706,0,False,False,True,"{""0"":null,""1"":null,""2"":null,""3"":null}",986.0,421864.0,986.0,298355.0,986.0,298355.0,840.0340393616352,254060.56194713208,840.0340393616352,0.0,0.0,1255.2278621969745,320262.28284890566,0.0,10.456236883997656,4.0,1208.0,0.0,0.0,88.5999999987107,26725.599999891583,0.0,747.2999999999324,49.29999999928259,14917.749999923164,0.0,0.0,0.0,0.0,0.0,0.0,9.860000000000127,2983.549999999995,493.0,149177.5,0.0,69.0,502.85999999998603,152161.05000000002,0.0,0.0,1255.2278621969745,320262.28284890566
427,2021-03-03,2021,True,31.167123287671235,986,986,1069,254900.59598649372,1180.6669663571747,32029,62,0.0,0.8275449661118919,0.17048296883851638,0.1582047730470642,0.13373091898114403,0.3837024868508675,0.9604361054766735,0.1560805649162878,468710.03981526423,0,False,False,True,"{""0"":null,""1"":null,""2"":null,""3"":null}",986.0,422850.0,986.0,299341.0,986.0,299341.0,840.0340393616352,254900.59598649372,840.0340393616352,0.0,0.0,1180.666966357152,321442.9498152628,0.0,10.456236883997656,4.0,1212.0,0.0,0.0,88.5999999987107,26814.199999890294,0.0,747.2999999999324,49.29999999928259,14967.049999922447,0.0,0.0,0.0,0.0,0.0,0.0,9.860000000000127,2993.4099999999953,493.0,149670.5,0.0,69.0,502.85999999998603,152663.91,0.0,0.0,1180.666966357152,321442.9498152628
428,2021-03-04,2021,True,31.16986301369863,986,986,1069,255740.63002585535,1148.1463750520247,32149,61,0.0,0.8163558662352011,0.18496306794665743,0.15815624576384957,0.1337627616684272,0.3837024868508675,0.9605933062880324,0.17949395241858904,469355.3261903163,0,False,False,True,"{""0"":null,""1"":null,""2"":null,""3"":null}",986.0,423836.0,986.0,300327.0,986.0,300327.0,840.0340393616352,255740.63002585535,840.0340393616352,0.0,0.0,1148.1463750520488,322591.09619031486,0.0,10.456236883997656,4.0,1216.0,0.0,0.0,88.5999999987107,26902.799999889005,3.449999999999477,750.7499999999319,49.29999999928259,15016.34999992173,0.0,0.0,0.0,0.0,0.0,0.0,9.860000000000127,3003.2699999999954,493.0,150163.5,0.0,69.0,502.85999999998603,153166.77,0.0,0.0,1148.1463750520488,322591.09619031486
429,2021-03-05,2021,True,31.172602739726027,986,986,1070,256580.72747052458,1092.9271855376905,32248,57,0.0,0.8113534515628085,0.18665504397417532,0.15798847970074512,0.13302953066501638,0.3837024868508675,0.9604310344827587,0.20043341531561013,469944.393375854,0,False,False,True,"{""0"":null,""1"":null,""2"":null,""3"":null}",986.0,424822.0,986.0,301313.0,986.0,301313.0,840.0974446692271,256580.72747052458,840.0974446692271,0.0,0.0,1092.927185537701,323684.02337585256,0.0,10.456236883997656,4.0,1220.0,0.0,0.0,88.5999999987107,26991.399999887715,2.6999999999995907,753.4499999999315,49.29999999928259,15065.649999921012,0.0,0.0,0.0,0.0,0.0,0.0,9.860000000000127,3013.1299999999956,493.0,150656.5,1.0,70.0,502.85999999998603,153669.62999999998,0.0,0.0,1092.927185537701,323684.02337585256
430,2021-03-06,2021,False,31.175342465753424,986,0,1070,256580.72747052458,0.0,31399,57,0.0,,,0.15788194550477008,0.13298478653203583,0.3837024868508675,0.9613488843813387,0.1246907493336749,469944.393375854,0,False,False,True,"{""0"":null,""1"":null,""2"":null,""3"":null}",986.0,425808.0,0.0,301313.0,0.0,301313.0,0.0,256580.72747052458,0.0,0.0,0.0,0.0,323684.02337585256,0.0,10.456236883997656,0.0,1220.0,0.0,0.0,0.0,26991.399999887715,0.0,753.4499999999315,0.0,15065.649999921012,0.0,0.0,0.0,0.0,0.0,0.0,0.0,3013.1299999999956,0.0,150656.5,0.0,70.0,0.0,153669.62999999998,0.0,0.0,0.0,323684.02337585256
431,2021-03-07,2021,False,31.17808219178082,986,0,1070,256580.72747052458,0.0,31399,57,0.0,,,0.15788194550477008,0.13298478653203583,0.3837024868508675,0.9613488843813387,0.07467869111625106,469944.393375854,0,False,False,True,"{""0"":null,""1"":null,""2"":null,""3"":null}",986.0,426794.0,0.0,301313.0,0.0,301313.0,0.0,256580.72747052458,0.0,0.0,0.0,0.0,323684.02337585256,0.0,10.456236883997656,0.0,1220.0,0.0,0.0,0.0,26991.399999887715,0.0,753.4499999999315,0.0,15065.649999921012,0.0,0.0,0.0,0.0,0.0,0.0,0.0,3013.1299999999956,0.0,150656.5,0.0,70.0,0.0,153669.62999999998,0.0,0.0,0.0,323684.02337585256
432,2021-03-08,2021,True,31.18082191780822,986,986,1070,257420.8249151938,1347.1060689213557,32389,13,0.0,0.8153197340968332,0.17463152079553335,0.15788194550477008,0.13298478653203585,0.3837024868508675,0.960446247464503,0.10401181370522501,470788.63944477536,0,False,False,True,"{""0"":null,""1"":null,""2"":null,""3"":null}",986.0,427780.0,986.0,302299.0,986.0,302299.0,840.0974446692271,257420.8249151938,840.0974446692271,0.0,0.0,1347.1060689213336,325031.1294447739,0.0,10.456236883997656,4.0,1224.0,0.0,0.0,88.5999999987107,27079.999999886426,8.549999999998704,761.9999999999302,49.29999999928259,15114.949999920294,0.0,0.0,0.0,0.0,0.0,0.0,9.860000000000127,3022.9899999999957,493.0,151149.5,0.0,70.0,502.85999999998603,154172.48999999996,0.0,0.0,1347.1060689213336,325031.1294447739
433,2021-03-09,2021,True,31.183561643835617,986,986,1070,258260.92235986303,1262.9769015456372,32428,30,0.0,0.8355503038041405,0.1630808906086208,0.15797491007696546,0.13315748728483912,0.3837024868508675,0.9606440162271805,0.13133441302289647,471548.756346321,0,False,False,True,"{""0"":null,""1"":null,""2"":null,""3"":null}",986.0,428766.0,986.0,303285.0,986.0,303285.0,840.0974446692271,258260.92235986303,840.0974446692271,0.0,0.0,1262.976901545655,326294.10634631955,0.0,10.456236883997656,4.0,1228.0,0.0,0.0,88.5999999987107,27168.599999885137,0.0,761.9999999999302,49.29999999928259,15164.249999919577,0.0,0.0,0.0,0.0,0.0,0.0,9.860000000000127,3032.849999999996,493.0,151642.5,0.0,70.0,502.85999999998603,154675.34999999995,0.0,0.0,1262.976901545655,326294.10634631955
434,2021-03-10,2021,True,31.186301369863013,986,986,1070,259101.01980453226,1187.3373843610157,32532,48,0.0,0.8357898625503378,0.1555439082643763,0.1579778242753524,0.13331751591120303,0.3837024868508675,0.9605223123732252,0.15665207965759526,472233.23373068206,0,False,False,True,"{""0"":null,""1"":null,""2"":null,""3"":null}",986.0,429752.0,986.0,304271.0,986.0,304271.0,840.0974446692271,259101.01980453226,840.0974446692271,0.0,0.0,1187.337384361017,327481.44373068056,0.0,10.456236883997656,4.0,1232.0,0.0,0.0,88.5999999987107,27257.199999883847,0.0,761.9999999999302,49.29999999928259,15213.54999991886,0.0,0.0,0.0,0.0,0.0,0.0,9.860000000000127,3042.709999999996,493.0,152135.5,0.0,70.0,502.85999999998603,155178.20999999993,0.0,0.0,1187.337384361017,327481.44373068056
435,2021-03-11,2021,True,31.18904109589041,987,987,1071,259942.09108229936,1153.3255521274305,32654,54,0.19868035114597998,0.8053824276997816,0.19955539939272962,0.1579900484548188,0.1326004384666543,0.38371308504561413,0.9604863221884499,0.18000941072613602,472882.1892828095,0,False,False,True,"{""0"":null,""1"":null,""2"":null,""3"":null}",987.0,430739.0,987.0,305258.0,987.0,305258.0,841.0712777670997,259942.09108229936,841.0712777670997,0.0,0.0,1153.3255521274405,328634.769282808,0.19868035114597937,10.654917235143635,4.0,1236.0,0.0,0.0,88.69999999870925,27345.899999882557,1.9499999999997044,763.9499999999299,49.34999999928186,15262.899999918141,0.0,0.0,0.0,0.0,0.0,0.0,9.86999999999989,3052.579999999996,493.5,152629.0,1.0,71.0,503.36999999999534,155681.57999999993,0.0,0.0,1153.3255521274405,328634.769282808
436,2021-03-12,2021,True,31.19178082191781,987,987,1071,260783.16236006646,1087.0306645415046,32747,53,0.28226613819881197,0.7930471970846151,0.19078317609443707,0.1580611593968376,0.13275526720818137,0.38371308504561413,0.9607902735562309,0.20148798475771057,473465.84994735103,0,False,False,True,"{""0"":null,""1"":null,""2"":null,""3"":null}",987.0,431726.0,987.0,306245.0,987.0,306245.0,841.0712777670997,260783.16236006646,841.0712777670997,0.0,0.0,1087.0306645415258,329721.79994734953,0.2822661381988123,10.937183373342448,4.0,1240.0,0.0,0.0,88.69999999870925,27434.599999881266,2.5499999999996135,766.4999999999295,49.34999999928186,15312.249999917423,0.0,0.0,0.0,0.0,0.0,0.0,9.86999999999989,3062.4499999999957,493.5,153122.5,0.0,71.0,503.36999999999534,156184.94999999992,0.0,0.0,1087.0306645415258,329721.79994734953
437,2021-03-13,2021,False,31.194520547945206,987,0,1072,260783.16236006646,0.0,31899,53,0.0,,,0.1580767802816665,0.13194893185677797,0.3836366571255447,0.9614437689969605,0.1254352177012278,473464.84994735103,0,False,False,True,"{""0"":null,""1"":null,""2"":null,""3"":null}",987.0,432713.0,0.0,306245.0,0.0,306245.0,0.0,260783.16236006646,0.0,0.0,0.0,0.0,329721.79994734953,0.0,10.937183373342448,0.0,1240.0,0.0,0.0,0.0,27434.599999881266,0.0,766.4999999999295,0.0,15312.249999917423,0.0,0.0,0.0,0.0,0.0,0.0,0.0,3062.4499999999957,0.0,153122.5,1.0,72.0,0.0,156184.94999999992,0.0,0.0,0.0,329721.79994734953
438,2021-03-14,2021,False,31.197260273972603,987,0,1072,260783.16236006646,0.0,31899,53,0.0,,,0.1580767802816665,0.131948931856778,0.3836366571255447,0.9614437689969605,0.07545933522059872,473464.84994735103,0,False,False,True,"{""0"":null,""1"":null,""2"":null,""3"":null}",987.0,433700.0,0.0,306245.0,0.0,306245.0,0.0,260783.16236006646,0.0,0.0,0.0,0.0,329721.79994734953,0.0,10.937183373342448,0.0,1240.0,0.0,0.0,0.0,27434.599999881266,0.0,766.4999999999295,0.0,15312.249999917423,0.0,0.0,0.0,0.0,0.0,0.0,0.0,3062.4499999999957,0.0,153122.5,0.0,72.0,0.0,156184.94999999992,0.0,0.0,0.0,329721.79994734953
439,2021-03-15,2021,True,31.2,988,988,1073,261625.07643385784,1328.1260635291928,32878,20,0.0,0.8450262185448401,0.14703981884232156,0.1578232155469187,0.13102589687782595,0.38344293206533553,0.9601923076923077,0.10478209446794555,474288.0960108802,0,False,False,True,"{""0"":null,""1"":null,""2"":null,""3"":null}",988.0,434688.0,988.0,307233.0,988.0,307233.0,841.914073791384,261625.07643385784,841.914073791384,0.0,0.0,1328.1260635291692,331049.9260108787,0.0,10.937183373342448,4.0,1244.0,0.0,0.0,88.79999999870779,27523.399999879974,7.949999999998795,774.4499999999283,49.399999999281135,15361.649999916704,0.0,0.0,0.0,0.0,0.0,0.0,9.88000000000011,3072.329999999996,494.0,153616.5,1.0,73.0,503.88000000000466,156688.82999999993,0.0,0.0,1328.1260635291692,331049.9260108787
440,2021-03-16,2021,True,31.202739726027396,988,988,1074,262466.75133513304,1274.3773787958735,32929,35,0.0,0.8541798300922546,0.12234559039840627,0.15750499614162908,0.13027583782773644,0.383519359985405,0.96,0.13185380564222873,475057.59338967607,0,False,False,True,"{""0"":null,""1"":null,""2"":null,""3"":null}",988.0,435676.0,988.0,308221.0,988.0,308221.0,841.674901275197,262466.75133513304,841.674901275197,0.0,0.0,1274.377378795878,332324.3033896746,0.0,10.937183373342448,4.0,1248.0,0.0,0.0,88.79999999870779,27612.19999987868,0.0,774.4499999999283,49.399999999281135,15411.049999915986,0.0,0.0,0.0,0.0,0.0,0.0,9.88000000000011,3082.209999999996,494.0,154110.5,1.0,74.0,503.88000000000466,157192.70999999993,0.0,0.0,1274.377378795878,332324.3033896746
441,2021-03-17,2021,True,31.205479452054796,988,988,1074,263308.4262364086,1210.7535022333323,33044,40,0.033375854389621866,0.8360574766044999,0.16298021327620307,0.15759148838255305,0.13037340159214578,0.383519359985405,0.9602682186234818,0.15705808836020657,475764.46689190937,0,False,False,True,"{""0"":null,""1"":null,""2"":null,""3"":null}",988.0,436664.0,988.0,309209.0,988.0,309209.0,841.6749012755463,263308.4262364086,841.6749012755463,0.0,0.0,1210.7535022333614,333535.05689190794,0.03337585438962165,10.97055922773207,4.0,1252.0,0.0,0.0,88.79999999870779,27700.99999987739,0.0,774.4499999999283,49.399999999281135,15460.449999915267,0.0,0.0,0.0,0.0,0.0,0.0,9.88000000000011,3092.089999999996,494.0,154604.5,0.0,74.0,503.88000000000466,157696.58999999994,0.0,0.0,1210.7535022333614,333535.05689190794
442,2021-03-18,2021,True,31.208219178082192,988,988,1074,264150.10113768413,1147.4872935141145,33150,39,0.0,0.8207028605561824,0.17797883839260703,0.15748962093355098,0.13042465311556403,0.383519359985405,0.9602682186234818,0.18037244106803924,476408.0741854235,0,False,False,True,"{""0"":null,""1"":null,""2"":null,""3"":null}",988.0,437652.0,988.0,310197.0,988.0,310197.0,841.6749012755463,264150.10113768413,841.6749012755463,0.0,0.0,1147.487293514132,334682.54418542207,0.0,10.97055922773207,4.0,1256.0,0.0,0.0,88.79999999870779,27789.799999876097,2.9999999999995453,777.4499999999279,49.399999999281135,15509.849999914548,0.0,0.0,0.0,0.0,0.0,0.0,9.88000000000011,3101.969999999996,494.0,155098.5,0.0,74.0,503.88000000000466,158200.46999999994,0.0,0.0,1147.487293514132,334682.54418542207
443,2021-03-19,2021,True,31.21095890410959,988,988,1074,264991.7760389597,1097.7032078438704,33246,41,0.0,0.8208240193801022,0.17217538278844774,0.15748364500285164,0.13044778304171728,0.383519359985405,0.9602429149797571,0.20183533688076197,477001.89739326737,0,False,False,True,"{""0"":null,""1"":null,""2"":null,""3"":null}",988.0,438640.0,988.0,311185.0,988.0,311185.0,841.6749012755463,264991.7760389597,841.6749012755463,0.0,0.0,1097.7032078438788,335780.24739326595,0.0,10.97055922773207,4.0,1260.0,0.0,0.0,88.79999999870779,27878.599999874805,2.249999999999659,779.6999999999275,49.399999999281135,15559.249999913829,0.0,0.0,0.0,0.0,0.0,0.0,9.88000000000011,3111.8499999999963,494.0,155592.5,0.0,74.0,503.88000000000466,158704.34999999995,0.0,0.0,1097.7032078438788,335780.24739326595
444,2021-03-20,2021,False,31.213698630136985,989,0,1075,264991.7760389597,0.0,32399,41,0.0,,,0.15753460949007225,0.1296790309267341,0.38345353026008216,0.960808897876643,0.1261159094040551,477000.89739326737,0,False,False,True,"{""0"":null,""1"":null,""2"":null,""3"":null}",989.0,439629.0,0.0,311185.0,0.0,311185.0,0.0,264991.7760389597,0.0,0.0,0.0,0.0,335780.24739326595,0.0,10.97055922773207,0.0,1260.0,0.0,0.0,0.0,27878.599999874805,0.0,779.6999999999275,0.0,15559.249999913829,0.0,0.0,0.0,0.0,0.0,0.0,0.0,3111.8499999999963,0.0,155592.5,1.0,75.0,0.0,158704.34999999995,0.0,0.0,0.0,335780.24739326595
445,2021-03-21,2021,False,31.21643835616438,990,0,1076,264991.7760389597,0.0,32399,41,0.0,,,0.15764801247613366,0.1291700983865327,0.3837056616803359,0.9605454545454546,0.0761955830579336,476999.89739326737,0,False,False,True,"{""0"":null,""1"":null,""2"":null,""3"":null}",990.0,440619.0,0.0,311185.0,0.0,311185.0,0.0,264991.7760389597,0.0,0.0,0.0,0.0,335780.24739326595,0.0,10.97055922773207,0.0,1260.0,0.0,0.0,0.0,27878.599999874805,0.0,779.6999999999275,0.0,15559.249999913829,0.0,0.0,0.0,0.0,0.0,0.0,0.0,3111.8499999999963,0.0,155592.5,1.0,76.0,0.0,158704.34999999995,0.0,0.0,0.0,335780.24739326595
446,2021-03-22,2021,True,31.21917808219178,990,990,1076,265835.14441917103,1339.8136972804916,33375,19,0.0,0.8687211122009206,0.12819763022867461,0.15764801247613364,0.1291700983865327,0.3837056616803359,0.9595707070707071,0.10541150730273957,477834.8110905478,0,False,False,True,"{""0"":null,""1"":null,""2"":null,""3"":null}",990.0,441609.0,990.0,312175.0,990.0,312175.0,843.3683802113519,265835.14441917103,843.3683802113519,0.0,0.0,1339.8136972804787,337120.0610905464,0.0,10.97055922773207,4.0,1264.0,0.0,0.0,88.99999999870488,27967.59999987351,6.149999999999068,785.8499999999266,49.49999999927968,15608.749999913109,0.0,0.0,0.0,0.0,0.0,0.0,9.900000000000091,3121.7499999999964,495.0,156087.5,0.0,76.0,504.8999999999942,159209.24999999994,0.0,0.0,1339.8136972804787,337120.0610905464
447,2021-03-23,2021,True,31.221917808219178,990,990,1076,266678.5127993824,1281.0130228554706,33429,34,0.0,0.826307061299118,0.17442199236872774,0.15759999560212606,0.12917991167264217,0.3837056616803359,0.9597424242424242,0.13263744648591988,478610.92411340325,0,False,False,True,"{""0"":null,""1"":null,""2"":null,""3"":null}",990.0,442599.0,990.0,313165.0,990.0,313165.0,843.3683802113519,266678.5127993824,843.3683802113519,0.0,0.0,1281.013022855448,338401.0741134019,0.0,10.97055922773207,4.0,1268.0,0.0,0.0,88.99999999870488,28056.599999872215,0.0,785.8499999999266,49.49999999927968,15658.249999912388,0.0,0.0,0.0,0.0,0.0,0.0,9.900000000000091,3131.6499999999965,495.0,156582.5,0.0,76.0,504.8999999999942,159714.14999999994,0.0,0.0,1281.013022855448,338401.0741134019
448,2021-03-24,2021,True,31.224657534246575,990,990,1076,267521.88117959374,1212.1984666638486,33530,53,0.21577123309558838,0.8283028801176994,0.1604034370716815,0.157646218992272,0.1292777660319709,0.3837056616803359,0.9593585858585858,0.15783551867155265,479318.22258006706,0,False,False,True,"{""0"":null,""1"":null,""2"":null,""3"":null}",990.0,443589.0,990.0,314155.0,990.0,314155.0,843.3683802113519,267521.88117959374,843.3683802113519,0.0,0.0,1212.198466663831,339613.2725800657,0.2157712330955892,11.186330460827659,4.0,1272.0,0.0,0.0,88.99999999870488,28145.59999987092,0.0,785.8499999999266,49.49999999927968,15707.749999911668,0.0,0.0,0.0,0.0,0.0,0.0,9.900000000000091,3141.5499999999965,495.0,157077.5,0.0,76.0,504.8999999999942,160219.04999999993,0.0,0.0,1212.198466663831,339613.2725800657
449,2021-03-25,2021,True,31.22739726027397,990,990,1076,268365.2495598051,1135.0356662078875,33657,57,0.0,0.8231259858259616,0.17418205786747692,0.15762006534784595,0.12936664342394666,0.3837056616803359,0.9594848484848485,0.18108873870245645,479948.35824627493,0,False,False,True,"{""0"":null,""1"":null,""2"":null,""3"":null}",990.0,444579.0,990.0,315145.0,990.0,315145.0,843.3683802113519,268365.2495598051,843.3683802113519,0.0,0.0,1135.0356662078993,340748.3082462736,0.0,11.186330460827659,4.0,1276.0,0.0,0.0,88.99999999870488,28234.599999869624,2.849999999999568,788.6999999999261,49.49999999927968,15757.249999910948,0.0,0.0,0.0,0.0,0.0,0.0,9.900000000000091,3151.4499999999966,495.0,157572.5,0.0,76.0,504.8999999999942,160723.94999999992,0.0,0.0,1135.0356662078993,340748.3082462736
450,2021-03-26,2021,True,31.23013698630137,990,990,1076,269208.61794001644,1122.2706059648285,33759,54,0.0,0.8190787881170492,0.16752774749677765,0.1576344697292548,0.12950753856071806,0.3837056616803359,0.9597373737373738,0.20247336617422598,480565.7288522397,0,False,False,True,"{""0"":null,""1"":null,""2"":null,""3"":null}",990.0,445569.0,990.0,316135.0,990.0,316135.0,843.3683802113519,269208.61794001644,843.3683802113519,0.0,0.0,1122.270605964819,341870.5788522384,0.0,11.186330460827659,4.0,1280.0,0.0,0.0,88.99999999870488,28323.59999986833,2.249999999999659,790.9499999999258,49.49999999927968,15806.749999910227,0.0,0.0,0.0,0.0,0.0,0.0,9.900000000000091,3161.3499999999967,495.0,158067.5,0.0,76.0,504.8999999999942,161228.84999999992,0.0,0.0,1122.270605964819,341870.5788522384
451,2021-03-27,2021,False,31.232876712328768,990,0,1076,269208.61794001644,0.0,32899,54,0.0,,,0.15767991724235475,0.12964240602736296,0.3837056616803359,0.9607525252525252,0.1269524048200148,480565.7288522397,0,False,False,True,"{""0"":null,""1"":null,""2"":null,""3"":null}",990.0,446559.0,0.0,316135.0,0.0,316135.0,0.0,269208.61794001644,0.0,0.0,0.0,0.0,341870.5788522384,0.0,11.186330460827659,0.0,1280.0,0.0,0.0,0.0,28323.59999986833,0.0,790.9499999999258,0.0,15806.749999910227,0.0,0.0,0.0,0.0,0.0,0.0,0.0,3161.3499999999967,0.0,158067.5,0.0,76.0,0.0,161228.84999999992,0.0,0.0,0.0,341870.5788522384
452,2021-03-28,2021,False,31.235616438356164,988,0,1076,269208.61794001644,0.0,32899,54,0.0,,,0.15743334658638797,0.12992927969774465,0.383519359985405,0.9616852226720648,0.07731440524772983,480565.7288522397,0,False,False,True,"{""0"":null,""1"":null,""2"":null,""3"":null}",988.0,447547.0,0.0,316135.0,0.0,316135.0,0.0,269208.61794001644,0.0,0.0,0.0,0.0,341870.5788522384,0.0,11.186330460827659,0.0,1280.0,0.0,0.0,0.0,28323.59999986833,0.0,790.9499999999258,0.0,15806.749999910227,0.0,0.0,0.0,0.0,0.0,0.0,0.0,3161.3499999999967,0.0,158067.5,0.0,76.0,0.0,161228.84999999992,0.0,0.0,0.0,341870.5788522384
453,2021-03-29,2021,True,31.23835616438356,988,988,1076,270050.4190287302,1338.0137214935523,33886,19,0.0,0.8381679830092255,0.1373980571988341,0.15743334658638797,0.12992927969774468,0.383519359985405,0.9607135627530364,0.10655683293429868,481399.86257373326,0,False,False,True,"{""0"":null,""1"":null,""2"":null,""3"":null}",988.0,448535.0,988.0,317123.0,988.0,317123.0,841.8010887137498,270050.4190287302,841.8010887137498,0.0,0.0,1338.0137214935385,343208.59257373196,0.0,11.186330460827659,4.0,1284.0,0.0,0.0,88.79999999870779,28412.399999867037,8.099999999998772,799.0499999999246,49.399999999281135,15856.149999909509,0.0,0.0,0.0,0.0,0.0,0.0,9.88000000000011,3171.229999999997,494.0,158561.5,0.0,76.0,503.88000000000466,161732.72999999992,0.0,0.0,1338.0137214935385,343208.59257373196
454,2021-03-30,2021,True,31.24109589041096,987,987,1076,270891.4723335886,1254.1341512597942,33931,38,0.0,0.827724413122074,0.16115782709572324,0.15765842009563993,0.13043045076845955,0.3835862267419079,0.9609726443768997,0.13380798997081733,482150.62672499305,0,False,False,True,"{""0"":null,""1"":null,""2"":null,""3"":null}",987.0,449522.0,987.0,318110.0,987.0,318110.0,841.0533048583893,270891.4723335886,841.0533048583893,0.0,0.0,1254.1341512597864,344462.72672499175,0.0,11.186330460827659,4.0,1288.0,0.0,0.0,88.69999999870925,28501.099999865746,0.0,799.0499999999246,49.34999999928186,15905.49999990879,0.0,0.0,0.0,0.0,0.0,0.0,9.86999999999989,3181.0999999999967,493.5,159055.0,0.0,76.0,503.36999999999534,162236.09999999992,0.0,0.0,1254.1341512597864,344462.72672499175
455,2021-03-31,2021,True,31.243835616438357,987,987,1076,271732.52563844697,1212.7031006136574,34036,47,0.11744709948380853,0.8370246247146832,0.14173671026875911,0.1576451029097809,0.13043700791284413,0.3835862267419079,0.9609270516717324,0.15900065441356895,482859.9598256067,0,False,False,True,"{""0"":null,""1"":null,""2"":null,""3"":null}",987.0,450509.0,987.0,319097.0,987.0,319097.0,841.0533048583893,271732.52563844697,841.0533048583893,0.0,0.0,1212.7031006136676,345675.4298256054,0.11744709948380816,11.303777560311467,4.0,1292.0,0.0,0.0,88.69999999870925,28589.799999864455,0.0,799.0499999999246,49.34999999928186,15954.849999908072,0.0,0.0,0.0,0.0,0.0,0.0,9.86999999999989,3190.9699999999966,493.5,159548.5,0.0,76.0,503.36999999999534,162739.4699999999,0.0,0.0,1212.7031006136676,345675.4298256054
456,2021-04-01,2021,True,31.246575342465754,987,987,1076,272573.57894330536,1037.0833571862677,34152,42,0.10066284318947907,0.8306348777927726,0.16905601046244564,0.1577305119068213,0.13061902148132934,0.3835862267419079,0.9609929078014184,0.1822269054837862,483393.673182793,0,False,False,True,"{""0"":null,""1"":null,""2"":null,""3"":null}",987.0,451496.0,987.0,320084.0,987.0,320084.0,841.0533048583893,272573.57894330536,841.0533048583893,0.0,0.0,1037.0833571862895,346712.5131827917,0.10066284318947893,11.404440403500946,4.0,1296.0,0.0,0.0,88.69999999870925,28678.499999863165,2.849999999999568,801.8999999999241,49.34999999928186,16004.199999907354,0.0,0.0,0.0,0.0,0.0,0.0,9.86999999999989,3200.8399999999965,493.5,160042.0,0.0,76.0,503.36999999999534,163242.8399999999,0.0,0.0,1037.0833571862895,346712.5131827917
457,2021-04-02,2021,True,31.24931506849315,987,987,1076,273414.63224816375,987.4140059172165,34240,48,0.0,0.823519651455324,0.1708398584320817,0.1576970240277523,0.13076263629673843,0.3835862267419079,0.960886524822695,0.20356806856715215,483877.71718871023,0,False,False,True,"{""0"":null,""1"":null,""2"":null,""3"":null}",987.0,452483.0,987.0,321071.0,987.0,321071.0,841.0533048583893,273414.63224816375,841.0533048583893,0.0,0.0,987.4140059172059,347699.9271887089,0.0,11.404440403500946,4.0,1300.0,0.0,0.0,88.69999999870925,28767.199999861874,2.849999999999568,804.7499999999237,49.34999999928186,16053.549999906636,0.0,0.0,0.0,0.0,0.0,0.0,9.86999999999989,3210.7099999999964,493.5,160535.5,0.0,76.0,503.36999999999534,163746.2099999999,0.0,0.0,987.4140059172059,347699.9271887089
458,2021-04-03,2021,False,31.252054794520546,987,0,1076,273414.63224816375,0.0,33399,48,0.0,,,0.15776503736921477,0.130888188515155,0.3835862267419079,0.961823708206687,0.12792623027323702,483877.71718871023,0,False,False,True,"{""0"":null,""1"":null,""2"":null,""3"":null}",987.0,453470.0,0.0,321071.0,0.0,321071.0,0.0,273414.63224816375,0.0,0.0,0.0,0.0,347699.9271887089,0.0,11.404440403500946,0.0,1300.0,0.0,0.0,0.0,28767.199999861874,0.0,804.7499999999237,0.0,16053.549999906636,0.0,0.0,0.0,0.0,0.0,0.0,0.0,3210.7099999999964,0.0,160535.5,0.0,76.0,0.0,163746.2099999999,0.0,0.0,0.0,347699.9271887089
459,2021-04-04,2021,False,31.254794520547946,987,0,1077,273414.63224816375,0.0,33399,48,0.0,,,0.1575956596166966,0.1299646064358605,0.3835862267419079,0.9615197568389058,0.07776530250319667,483876.71718871023,0,False,False,True,"{""0"":null,""1"":null,""2"":null,""3"":null}",987.0,454457.0,0.0,321071.0,0.0,321071.0,0.0,273414.63224816375,0.0,0.0,0.0,0.0,347699.9271887089,0.0,11.404440403500946,0.0,1300.0,0.0,0.0,0.0,28767.199999861874,0.0,804.7499999999237,0.0,16053.549999906636,0.0,0.0,0.0,0.0,0.0,0.0,0.0,3210.7099999999964,0.0,160535.5,1.0,77.0,0.0,163746.2099999999,0.0,0.0,0.0,347699.9271887089
460,2021-04-05,2021,True,31.257534246575343,987,987,1077,274255.50422434846,1191.1617220133758,34386,16,0.0,0.8449003682044618,0.139923031022903,0.15759565961669658,0.1299646064358605,0.3835862267419079,0.960678824721378,0.106935199953919,484564.5089107236,0,False,False,True,"{""0"":null,""1"":null,""2"":null,""3"":null}",987.0,455444.0,987.0,322058.0,987.0,322058.0,840.8719761847169,274255.50422434846,840.8719761847169,0.0,0.0,1191.1617220133776,348891.0889107223,0.0,11.404440403500946,4.0,1304.0,0.0,0.0,88.69999999870925,28855.899999860583,7.199999999998909,811.9499999999226,49.34999999928186,16102.899999905918,0.0,0.0,0.0,0.0,0.0,0.0,9.86999999999989,3220.5799999999963,493.5,161029.0,0.0,77.0,503.36999999999534,164249.5799999999,0.0,0.0,1191.1617220133776,348891.0889107223
461,2021-04-06,2021,True,31.26027397260274,986,986,1077,275095.4303540341,1151.6391511148054,34424,32,0.0,0.8358945718591988,0.1379899310748745,0.15755240871198586,0.12996484172731337,0.38357562854716126,0.9608772819472616,0.13399145594701417,485213.2880618384,0,False,False,True,"{""0"":null,""1"":null,""2"":null,""3"":null}",986.0,456430.0,986.0,323044.0,986.0,323044.0,839.9261296856566,275095.4303540341,839.9261296856566,0.0,0.0,1151.6391511147958,350042.7280618371,0.0,11.404440403500946,4.0,1308.0,0.0,0.0,88.5999999987107,28944.499999859294,0.0,811.9499999999226,49.29999999928259,16152.1999999052,0.0,0.0,0.0,0.0,0.0,0.0,9.860000000000127,3230.4399999999964,493.0,161522.0,0.0,77.0,502.85999999998603,164752.4399999999,0.0,0.0,1151.6391511147958,350042.7280618371
462,2021-04-07,2021,True,31.263013698630136,986,986,1077,275935.3564837198,1094.882797839515,34528,46,0.0,0.8284110910774725,0.17584540826167133,0.15752226063673436,0.1299832163229493,0.38357562854716126,0.9605628803245436,0.15905486808799255,485805.31085967796,0,False,False,True,"{""0"":null,""1"":null,""2"":null,""3"":null}",986.0,457416.0,986.0,324030.0,986.0,324030.0,839.9261296856566,275935.3564837198,839.9261296856566,0.0,0.0,1094.8827978395275,351137.6108596766,0.0,11.404440403500946,4.0,1312.0,0.0,0.0,88.5999999987107,29033.099999858005,0.0,811.9499999999226,49.29999999928259,16201.499999904483,0.0,0.0,0.0,0.0,0.0,0.0,9.860000000000127,3240.2999999999965,493.0,162015.0,0.0,77.0,502.85999999998603,165255.29999999987,0.0,0.0,1094.8827978395275,351137.6108596766
463,2021-04-08,2021,True,31.265753424657532,986,986,1077,276775.28261340543,1022.8195603430811,34636,45,0.0,0.8171585534493822,0.17724341459626353,0.15751271795365213,0.1300762721470996,0.38357562854716126,0.960395537525355,0.18215057597973994,486325.2704200211,0,False,False,True,"{""0"":null,""1"":null,""2"":null,""3"":null}",986.0,458402.0,986.0,325016.0,986.0,325016.0,839.9261296856566,276775.28261340543,839.9261296856566,0.0,0.0,1022.8195603431086,352160.4304200197,0.0,11.404440403500946,4.0,1316.0,0.0,0.0,88.5999999987107,29121.699999856715,2.399999999999636,814.3499999999223,49.29999999928259,16250.799999903766,0.0,0.0,0.0,0.0,0.0,0.0,9.860000000000127,3250.1599999999967,493.0,162508.0,0.0,77.0,502.85999999998603,165758.15999999986,0.0,0.0,1022.8195603431086,352160.4304200197
464,2021-04-09,2021,True,31.268493150684932,986,986,1077,277615.2087430911,993.2950417384767,34745,45,0.0,0.8183341021699315,0.17501731486705113,0.15761078827748715,0.1303026351595991,0.38357562854716126,0.9606389452332658,0.2033224339057612,486815.7054617596,0,False,False,True,"{""0"":null,""1"":null,""2"":null,""3"":null}",986.0,459388.0,986.0,326002.0,986.0,326002.0,839.9261296856566,277615.2087430911,839.9261296856566,0.0,0.0,993.2950417384855,353153.7254617582,0.0,11.404440403500946,4.0,1320.0,0.0,0.0,88.5999999987107,29210.299999855426,2.399999999999636,816.7499999999219,49.29999999928259,16300.099999903048,0.0,0.0,0.0,0.0,0.0,0.0,9.860000000000127,3260.019999999997,493.0,163001.0,0.0,77.0,502.85999999998603,166261.01999999984,0.0,0.0,993.2950417384855,353153.7254617582
465,2021-04-10,2021,False,31.27123287671233,987,0,1079,277615.2087430911,0.0,33899,45,0.0,,,0.15754959362325757,0.1288071515805299,0.3835862267419079,0.9610688956433637,0.12753265426430824,486813.7054617596,0,False,False,True,"{""0"":null,""1"":null,""2"":null,""3"":null}",987.0,460375.0,0.0,326002.0,0.0,326002.0,0.0,277615.2087430911,0.0,0.0,0.0,0.0,353153.7254617582,0.0,11.404440403500946,0.0,1320.0,0.0,0.0,0.0,29210.299999855426,0.0,816.7499999999219,0.0,16300.099999903048,0.0,0.0,0.0,0.0,0.0,0.0,0.0,3260.019999999997,0.0,163001.0,2.0,79.0,0.0,166261.01999999984,0.0,0.0,0.0,353153.7254617582
466,2021-04-11,2021,False,31.273972602739725,987,0,1079,277615.2087430911,0.0,33899,45,0.0,,,0.1575495936232576,0.1288071515805299,0.3835862267419079,0.9610688956433637,0.07798848073427299,486813.7054617596,0,False,False,True,"{""0"":null,""1"":null,""2"":null,""3"":null}",987.0,461362.0,0.0,326002.0,0.0,326002.0,0.0,277615.2087430911,0.0,0.0,0.0,0.0,353153.7254617582,0.0,11.404440403500946,0.0,1320.0,0.0,0.0,0.0,29210.299999855426,0.0,816.7499999999219,0.0,16300.099999903048,0.0,0.0,0.0,0.0,0.0,0.0,0.0,3260.019999999997,0.0,163001.0,0.0,79.0,0.0,166261.01999999984,0.0,0.0,0.0,353153.7254617582
467,2021-04-12,2021,True,31.276712328767122,988,988,1080,278456.8509763542,1181.7683734707025,34873,21,0.0,0.8360568792725824,0.15071927678714106,0.15748358259494516,0.12797393231261117,0.383519359985405,0.9598228744939271,0.10707388485246659,487490.5938352303,0,False,False,True,"{""0"":null,""1"":null,""2"":null,""3"":null}",988.0,462350.0,988.0,326990.0,988.0,326990.0,841.6422332631191,278456.8509763542,841.6422332631191,0.0,0.0,1181.7683734706952,354335.4938352289,0.0,11.404440403500946,4.0,1324.0,0.0,0.0,88.79999999870779,29299.099999854134,6.749999999998977,823.4999999999209,49.399999999281135,16349.49999990233,0.0,0.0,0.0,0.0,0.0,0.0,9.88000000000011,3269.899999999997,494.0,163495.0,1.0,80.0,503.88000000000466,166764.89999999985,0.0,0.0,1181.7683734706952,354335.4938352289
468,2021-04-13,2021,True,31.279452054794522,988,988,1080,279298.4932096173,1167.015289935044,34940,38,0.0,0.8482035242583128,0.1388458004342198,0.15739572105418143,0.12800511075788307,0.383519359985405,0.9603542510121458,0.13416253512825005,488153.7291251653,0,False,False,True,"{""0"":null,""1"":null,""2"":null,""3"":null}",988.0,463338.0,988.0,327978.0,988.0,327978.0,841.6422332631191,279298.4932096173,841.6422332631191,0.0,0.0,1167.0152899350505,355502.50912516395,0.0,11.404440403500946,4.0,1328.0,0.0,0.0,88.79999999870779,29387.89999985284,0.0,823.4999999999209,49.399999999282954,16398.899999901612,0.0,0.0,0.0,0.0,0.0,0.0,9.88000000000011,3279.779999999997,494.0,163989.0,0.0,80.0,503.88000000000466,167268.77999999985,0.0,0.0,1167.0152899350505,355502.50912516395
469,2021-04-14,2021,True,31.28219178082192,989,989,1081,280141.066809657,1096.492416393852,35029,54,0.0,0.8098808387053955,0.19392876271471093,0.15756761692248833,0.12732665015414346,0.38345353026008216,0.9598736097067746,0.15917556579983055,488744.83154155914,0,False,False,True,"{""0"":null,""1"":null,""2"":null,""3"":null}",989.0,464327.0,989.0,328967.0,989.0,328967.0,842.5736000396428,280141.066809657,842.5736000396428,0.0,0.0,1096.4924163938267,356599.0015415578,0.0,11.404440403500946,4.0,1332.0,0.0,0.0,88.89999999870633,29476.799999851548,0.0,823.4999999999209,49.44999999928041,16448.349999900893,0.0,0.0,0.0,0.0,0.0,0.0,9.889999999999873,3289.669999999997,494.5,164483.5,1.0,81.0,504.39000000001397,167773.16999999987,0.0,0.0,1096.4924163938267,356599.0015415578
470,2021-04-15,2021,True,31.284931506849315,988,988,1082,280982.43956702005,1039.3586998286705,35153,45,0.0,0.8238560251900883,0.17844748594464233,0.15768275196143028,0.12691945593636395,0.3836472553202913,0.9595091093117409,0.18196384445116104,489279.3102413878,0,False,False,True,"{""0"":null,""1"":null,""2"":null,""3"":null}",988.0,465315.0,988.0,329955.0,988.0,329955.0,841.3727573630749,280982.43956702005,841.3727573630749,0.0,0.0,1039.3586998286773,357638.36024138646,0.0,11.404440403500946,4.0,1336.0,0.0,0.0,88.79999999870779,29565.599999850256,3.1499999999995225,826.6499999999204,49.399999999281135,16497.749999900174,0.0,0.0,0.0,0.0,0.0,0.0,9.88000000000011,3299.549999999997,494.0,164977.5,1.0,82.0,503.88000000000466,168277.04999999987,0.0,0.0,1039.3586998286773,357638.36024138646
471,2021-04-16,2021,True,31.28767123287671,990,990,1084,281825.32536564313,1014.595584929762,35244,45,0.05067332822805345,0.8141173803090695,0.18234455631006807,0.15758620089745543,0.12563030162636238,0.3837024868508675,0.9586969696969697,0.20280000721178584,489787.00582631753,0,False,False,True,"{""0"":null,""1"":null,""2"":null,""3"":null}",990.0,466305.0,990.0,330945.0,990.0,330945.0,842.8857986230869,281825.32536564313,842.8857986230869,0.0,0.0,1014.5955849297461,358652.9558263162,0.05067332822805426,11.455113731729,4.0,1340.0,0.0,0.0,88.99999999870488,29654.59999984896,2.5499999999996135,829.19999999992,49.49999999927968,16547.249999899454,0.0,0.0,0.0,0.0,0.0,0.0,9.900000000000091,3309.449999999997,495.0,165472.5,2.0,84.0,504.8999999999942,168781.94999999987,0.0,0.0,1014.5955849297461,358652.9558263162
472,2021-04-17,2021,False,31.29041095890411,990,0,1084,281825.32536564313,0.0,34399,45,0.0,,,0.1576027878822498,0.12572341355537292,0.3837024868508675,0.9598434343434343,0.12739553085895103,489787.00582631753,0,False,False,True,"{""0"":null,""1"":null,""2"":null,""3"":null}",990.0,467295.0,0.0,330945.0,0.0,330945.0,0.0,281825.32536564313,0.0,0.0,0.0,0.0,358652.9558263162,0.0,11.455113731729,0.0,1340.0,0.0,0.0,0.0,29654.59999984896,0.0,829.19999999992,0.0,16547.249999899454,0.0,0.0,0.0,0.0,0.0,0.0,0.0,3309.449999999997,0.0,165472.5,0.0,84.0,0.0,168781.94999999987,0.0,0.0,0.0,358652.9558263162
473,2021-04-18,2021,False,31.293150684931508,990,0,1084,281825.32536564313,0.0,34399,45,0.0,,,0.15760278788224982,0.12572341355537292,0.3837024868508675,0.9598434343434343,0.07814589755517001,489787.00582631753,0,False,False,True,"{""0"":null,""1"":null,""2"":null,""3"":null}",990.0,468285.0,0.0,330945.0,0.0,330945.0,0.0,281825.32536564313,0.0,0.0,0.0,0.0,358652.9558263162,0.0,11.455113731729,0.0,1340.0,0.0,0.0,0.0,29654.59999984896,0.0,829.19999999992,0.0,16547.249999899454,0.0,0.0,0.0,0.0,0.0,0.0,0.0,3309.449999999997,0.0,165472.5,0.0,84.0,0.0,168781.94999999987,0.0,0.0,0.0,358652.9558263162
474,2021-04-19,2021,True,31.295890410958904,989,989,1084,282667.2125886242,1230.834420885959,35382,14,0.0,0.8524082009880145,0.13908217285037683,0.15748270079255478,0.12562009083674489,0.38376831657619026,0.9590040444893833,0.1067458572284763,490513.45024720347,0,False,False,True,"{""0"":null,""1"":null,""2"":null,""3"":null}",989.0,469274.0,989.0,331934.0,989.0,331934.0,841.8872229810804,282667.2125886242,841.8872229810804,0.0,0.0,1230.834420885949,359883.79024720215,0.0,11.455113731729,4.0,1344.0,0.0,0.0,88.89999999870633,29743.499999847667,6.749999999998977,835.949999999919,49.44999999928041,16596.699999898734,0.0,0.0,0.0,0.0,0.0,0.0,9.889999999999873,3319.339999999997,494.5,165967.0,0.0,84.0,504.39000000001397,169286.33999999988,0.0,0.0,1230.834420885949,359883.79024720215
475,2021-04-20,2021,True,31.2986301369863,988,988,1084,283508.16749822785,1155.2450413357017,35438,29,0.0,0.8340653519578461,0.1502252829210629,0.1574324772415891,0.12557983022968794,0.3837577183814437,0.9595293522267206,0.13330518546018447,491164.81528853916,0,False,False,True,"{""0"":null,""1"":null,""2"":null,""3"":null}",988.0,470262.0,988.0,332922.0,988.0,332922.0,840.9549096036353,283508.16749822785,840.9549096036353,0.0,0.0,1155.2450413357,361039.03528853785,0.0,11.455113731729,4.0,1348.0,0.0,0.0,88.79999999870779,29832.299999846375,0.0,835.949999999919,49.399999999281135,16646.099999898015,0.0,0.0,0.0,0.0,0.0,0.0,9.88000000000011,3329.219999999997,494.0,166461.0,0.0,84.0,503.88000000000466,169790.21999999988,0.0,0.0,1155.2450413357,361039.03528853785
476,2021-04-21,2021,True,31.301369863013697,988,988,1084,284349.1224078315,1131.32862001189,35535,43,0.018859801852838316,0.8410565338276181,0.1514439394470466,0.1574307872941471,0.12563190218332165,0.3837577183814437,0.9595597165991903,0.15825522524606483,491792.2639085511,0,False,False,True,"{""0"":null,""1"":null,""2"":null,""3"":null}",988.0,471250.0,988.0,333910.0,988.0,333910.0,840.9549096036353,284349.1224078315,840.9549096036353,0.0,0.0,1131.3286200119182,362170.36390854977,0.018859801852839198,11.47397353358184,4.0,1352.0,0.0,0.0,88.79999999870779,29921.099999845082,0.0,835.949999999919,49.399999999281135,16695.499999897296,0.0,0.0,0.0,0.0,0.0,0.0,9.88000000000011,3339.099999999997,494.0,166955.0,0.0,84.0,503.88000000000466,170294.0999999999,0.0,0.0,1131.3286200119182,362170.36390854977
477,2021-04-22,2021,True,31.304109589041097,988,988,1084,285190.0773174351,1043.2308989514897,35648,42,0.10511255696012844,0.8280249962028424,0.17209167249748844,0.15752892052793974,0.1257310777061733,0.3837577183814437,0.9593876518218624,0.18130333581240768,492331.61480750254,0,False,False,True,"{""0"":null,""1"":null,""2"":null,""3"":null}",988.0,472238.0,988.0,334898.0,988.0,334898.0,840.9549096036353,285190.0773174351,840.9549096036353,0.0,0.0,1043.2308989514713,363213.59480750124,0.10511255696012789,11.579086090541967,4.0,1356.0,0.0,0.0,88.79999999870779,30009.89999984379,2.0999999999996817,838.0499999999187,49.399999999281135,16744.899999896577,0.0,0.0,0.0,0.0,0.0,0.0,9.88000000000011,3348.9799999999973,494.0,167449.0,0.0,84.0,503.88000000000466,170797.9799999999,0.0,0.0,1043.2308989514713,363213.59480750124
478,2021-04-23,2021,True,31.306849315068494,987,987,1084,286030.2404051446,982.5355408631679,35741,42,0.0,0.8277622685865413,0.1686995049736142,0.15758466628107828,0.12596454387510903,0.383747120186697,0.9589614994934144,0.20260766534118255,492810.7803483657,0,False,False,True,"{""0"":null,""1"":null,""2"":null,""3"":null}",987.0,473225.0,987.0,335885.0,987.0,335885.0,840.1630877094576,286030.2404051446,840.1630877094576,0.0,0.0,982.5355408631731,364196.1303483644,0.0,11.579086090541967,4.0,1360.0,0.0,0.0,88.69999999870925,30098.5999998425,2.249999999999659,840.2999999999183,49.34999999928186,16794.24999989586,0.0,0.0,0.0,0.0,0.0,0.0,9.86999999999989,3358.849999999997,493.5,167942.5,0.0,84.0,503.36999999999534,171301.3499999999,0.0,0.0,982.5355408631731,364196.1303483644
479,2021-04-24,2021,False,31.30958904109589,987,0,1084,286030.2404051446,0.0,34899,42,0.0,,,0.15757793930867606,0.12597058261049918,0.383747120186697,0.9598682877406282,0.1274115474818149,492810.7803483657,0,False,False,True,"{""0"":null,""1"":null,""2"":null,""3"":null}",987.0,474212.0,0.0,335885.0,0.0,335885.0,0.0,286030.2404051446,0.0,0.0,0.0,0.0,364196.1303483644,0.0,11.579086090541967,0.0,1360.0,0.0,0.0,0.0,30098.5999998425,0.0,840.2999999999183,0.0,16794.24999989586,0.0,0.0,0.0,0.0,0.0,0.0,0.0,3358.849999999997,0.0,167942.5,0.0,84.0,0.0,171301.3499999999,0.0,0.0,0.0,364196.1303483644
480,2021-04-25,2021,False,31.312328767123287,988,0,1085,286030.2404051446,0.0,34899,42,0.0,,,0.15752429882956637,0.12522123043266076,0.3837577183814437,0.9596052631578947,0.07808109840838934,492809.7803483657,0,False,False,True,"{""0"":null,""1"":null,""2"":null,""3"":null}",988.0,475200.0,0.0,335885.0,0.0,335885.0,0.0,286030.2404051446,0.0,0.0,0.0,0.0,364196.1303483644,0.0,11.579086090541967,0.0,1360.0,0.0,0.0,0.0,30098.5999998425,0.0,840.2999999999183,0.0,16794.24999989586,0.0,0.0,0.0,0.0,0.0,0.0,0.0,3358.849999999997,0.0,167942.5,1.0,85.0,0.0,171301.3499999999,0.0,0.0,0.0,364196.1303483644
481,2021-04-26,2021,True,31.315068493150683,987,987,1085,286870.42382448685,1217.2369819904407,35880,12,0.0,0.8521770006856695,0.12677900107411386,0.1574079613069253,0.12504695531117277,0.383747120186697,0.9587335359675785,0.10701788511008134,493523.6473303562,0,False,False,True,"{""0"":null,""1"":null,""2"":null,""3"":null}",987.0,476187.0,987.0,336872.0,987.0,336872.0,840.1834193422692,286870.42382448685,840.1834193422692,0.0,0.0,1217.2369819904561,365413.3673303549,0.0,11.579086090541967,4.0,1364.0,0.0,0.0,88.69999999870925,30187.29999984121,6.299999999999045,846.5999999999174,49.34999999928186,16843.59999989514,0.0,0.0,0.0,0.0,0.0,0.0,9.86999999999989,3368.719999999997,493.5,168436.0,0.0,85.0,503.36999999999534,171804.71999999988,0.0,0.0,1217.2369819904561,365413.3673303549
482,2021-04-27,2021,True,31.317808219178083,988,988,1086,287711.4250669877,1136.1633853248898,35944,18,0.0,0.8147974538620564,0.17702314784752265,0.1574173405053542,0.12455196112318485,0.3837577183814437,0.9591295546558705,0.1338440971911166,494154.93071568105,0,False,False,True,"{""0"":null,""1"":null,""2"":null,""3"":null}",988.0,477175.0,988.0,337860.0,988.0,337860.0,841.0012425008463,287711.4250669877,841.0012425008463,0.0,0.0,1136.1633853248786,366549.53071567975,0.0,11.579086090541967,4.0,1368.0,0.0,0.0,88.79999999870779,30276.099999839917,0.0,846.5999999999174,49.399999999281135,16892.999999894422,0.0,0.0,0.0,0.0,0.0,0.0,9.88000000000011,3378.599999999997,494.0,168930.0,1.0,86.0,503.88000000000466,172308.5999999999,0.0,0.0,1136.1633853248786,366549.53071567975
483,2021-04-28,2021,True,31.32054794520548,988,988,1086,288552.42630948854,1076.9863949696587,36033,35,0.0,0.8319879696528782,0.1494684469810897,0.15739137004412498,0.12459248750688531,0.3837577183814437,0.9589220647773279,0.15874529108128674,494728.0371106507,0,False,False,True,"{""0"":null,""1"":null,""2"":null,""3"":null}",988.0,478163.0,988.0,338848.0,988.0,338848.0,841.0012425008463,288552.42630948854,841.0012425008463,0.0,0.0,1076.98639496963,367626.5171106494,0.0,11.579086090541967,4.0,1372.0,0.0,0.0,88.79999999870779,30364.899999838624,0.0,846.5999999999174,49.399999999281135,16942.399999893703,0.0,0.0,0.0,0.0,0.0,0.0,9.88000000000011,3388.4799999999973,494.0,169424.0,0.0,86.0,503.88000000000466,172812.4799999999,0.0,0.0,1076.98639496963,367626.5171106494
484,2021-04-29,2021,True,31.323287671232876,988,988,1086,289393.4275519894,1032.9424256094019,36129,48,0.0,0.8217966662740623,0.1730339996087685,0.15744851584320263,0.12474712757724814,0.3837577183814437,0.9584716599190284,0.18166512627911904,495257.09953626007,0,False,False,True,"{""0"":null,""1"":null,""2"":null,""3"":null}",988.0,479151.0,988.0,339836.0,988.0,339836.0,841.0012425008463,289393.4275519894,841.0012425008463,0.0,0.0,1032.9424256093916,368659.4595362588,0.0,11.579086090541967,4.0,1376.0,0.0,0.0,88.79999999870779,30453.699999837332,1.7999999999997272,848.3999999999171,49.399999999281135,16991.799999892984,0.0,0.0,0.0,0.0,0.0,0.0,9.88000000000011,3398.3599999999974,494.0,169918.0,0.0,86.0,503.88000000000466,173316.3599999999,0.0,0.0,1032.9424256093916,368659.4595362588
485,2021-04-30,2021,True,31.326027397260273,988,988,1086,290234.42879449023,1006.7375593816676,36226,60,0.15042407913877917,0.8097403438182472,0.1738082058175579,0.15735112700335163,0.12475194018471567,0.3837577183814437,0.9580566801619432,0.20268955936331817,495759.9570956417,0,False,False,True,"{""0"":null,""1"":null,""2"":null,""3"":null}",988.0,480139.0,988.0,340824.0,988.0,340824.0,841.0012425008463,290234.42879449023,841.0012425008463,0.0,0.0,1006.7375593816396,369666.1970956404,0.1504240791387783,11.729510169680745,4.0,1380.0,0.0,0.0,88.79999999870779,30542.49999983604,0.8999999999998636,849.299999999917,49.399999999281135,17041.199999892266,0.0,0.0,0.0,0.0,0.0,0.0,9.88000000000011,3408.2399999999975,494.0,170412.0,0.0,86.0,503.88000000000466,173820.2399999999,0.0,0.0,1006.7375593816396,369666.1970956404
486,2021-05-01,2021,False,31.328767123287673,988,0,1086,290234.42879449023,0.0,35399,60,0.0,,,0.15748829924575242,0.1249096045494858,0.3837577183814437,0.9591700404858299,0.12751373537720087,495759.9570956417,0,False,False,True,"{""0"":null,""1"":null,""2"":null,""3"":null}",988.0,481127.0,0.0,340824.0,0.0,340824.0,0.0,290234.42879449023,0.0,0.0,0.0,0.0,369666.1970956404,0.0,11.729510169680745,0.0,1380.0,0.0,0.0,0.0,30542.49999983604,0.0,849.299999999917,0.0,17041.199999892266,0.0,0.0,0.0,0.0,0.0,0.0,0.0,3408.2399999999975,0.0,170412.0,0.0,86.0,0.0,173820.2399999999,0.0,0.0,0.0,369666.1970956404
487,2021-05-02,2021,False,31.33150684931507,989,0,1087,290234.42879449023,0.0,35399,60,0.0,,,0.15743171148757076,0.12416352766141259,0.38376831657619026,0.9589079878665319,0.07821968125952727,495758.9570956417,0,False,False,True,"{""0"":null,""1"":null,""2"":null,""3"":null}",989.0,482116.0,0.0,340824.0,0.0,340824.0,0.0,290234.42879449023,0.0,0.0,0.0,0.0,369666.1970956404,0.0,11.729510169680745,0.0,1380.0,0.0,0.0,0.0,30542.49999983604,0.0,849.299999999917,0.0,17041.199999892266,0.0,0.0,0.0,0.0,0.0,0.0,0.0,3408.2399999999975,0.0,170412.0,1.0,87.0,0.0,173820.2399999999,0.0,0.0,0.0,369666.1970956404
488,2021-05-03,2021,True,31.334246575342465,989,989,1087,291076.3868763644,1214.0851440041886,36390,17,0.0,0.8513509949742686,0.1475022857716231,0.15743171148757076,0.12416352766141259,0.38376831657619026,0.9578614762386249,0.1069953427557286,496468.6522396459,0,False,False,True,"{""0"":null,""1"":null,""2"":null,""3"":null}",989.0,483105.0,989.0,341813.0,989.0,341813.0,841.9580818741815,291076.3868763644,841.9580818741815,0.0,0.0,1214.0851440042024,370880.2822396446,0.0,11.729510169680745,4.0,1384.0,0.0,0.0,88.89999999870633,30631.399999834746,8.999999999998636,858.2999999999156,49.44999999928041,17090.649999891546,0.0,0.0,0.0,0.0,0.0,0.0,9.889999999999873,3418.1299999999974,494.5,170906.5,0.0,87.0,504.39000000001397,174324.62999999992,0.0,0.0,1214.0851440042024,370880.2822396446
489,2021-05-04,2021,True,31.336986301369862,989,989,1087,291918.3449582386,1165.402007386564,36439,37,0.0,0.8231692941411146,0.1612132907685876,0.15746141488497858,0.12435971989795536,0.38376831657619026,0.9586400404448938,0.13377488256215073,497129.66424703243,0,False,False,True,"{""0"":null,""1"":null,""2"":null,""3"":null}",989.0,484094.0,989.0,342802.0,989.0,342802.0,841.9580818741815,291918.3449582386,841.9580818741815,0.0,0.0,1165.402007386554,372045.68424703117,0.0,11.729510169680745,4.0,1388.0,0.0,0.0,88.89999999870633,30720.299999833453,0.0,858.2999999999156,49.44999999928041,17140.099999890826,0.0,0.0,0.0,0.0,0.0,0.0,9.889999999999873,3428.0199999999973,494.5,171401.0,0.0,87.0,504.39000000001397,174829.01999999993,0.0,0.0,1165.402007386554,372045.68424703117
490,2021-05-05,2021,True,31.339726027397262,989,989,1087,292760.3030401128,1090.5683011328836,36536,52,0.0,0.819994354826237,0.18317975044150303,0.1574420718405967,0.12450401550061785,0.38376831657619026,0.9587360970677451,0.15864943096855008,497715.8425481653,0,False,False,True,"{""0"":null,""1"":null,""2"":null,""3"":null}",989.0,485083.0,989.0,343791.0,989.0,343791.0,841.9580818741815,292760.3030401128,841.9580818741815,0.0,0.0,1090.5683011328802,373136.25254816405,0.0,11.729510169680745,4.0,1392.0,0.0,0.0,88.89999999870633,30809.19999983216,0.0,858.2999999999156,49.44999999928041,17189.549999890107,0.0,0.0,0.0,0.0,0.0,0.0,9.889999999999873,3437.909999999997,494.5,171895.5,0.0,87.0,504.39000000001397,175333.40999999995,0.0,0.0,1090.5683011328802,373136.25254816405
491,2021-05-06,2021,True,31.34246575342466,989,989,1087,293602.26112198696,1049.3965217562868,36642,54,0.0,0.8139945483523905,0.1731073802096624,0.15753923688275873,0.12463948893051707,0.38376831657619026,0.9586703741152679,0.1815946182261237,498260.8490699216,0,False,False,True,"{""0"":null,""1"":null,""2"":null,""3"":null}",989.0,486072.0,989.0,344780.0,989.0,344780.0,841.9580818741815,293602.26112198696,841.9580818741815,0.0,0.0,1049.396521756309,374185.64906992036,0.0,11.729510169680745,4.0,1396.0,0.0,0.0,88.89999999870633,30898.099999830865,2.5499999999996135,860.8499999999152,49.44999999928041,17238.999999889387,0.0,0.0,0.0,0.0,0.0,0.0,9.889999999999873,3447.799999999997,494.5,172390.0,0.0,87.0,504.39000000001397,175837.79999999996,0.0,0.0,1049.396521756309,374185.64906992036
492,2021-05-07,2021,True,31.345205479452055,989,989,1087,294444.21920386114,1006.4947394964604,36762,44,0.0,0.8058527186657165,0.1883073512269241,0.15753767967086324,0.124725759517499,0.38376831657619026,0.958948432760364,0.2026415429500486,498762.953809418,0,False,False,True,"{""0"":null,""1"":null,""2"":null,""3"":null}",989.0,487061.0,989.0,345769.0,989.0,345769.0,841.9580818741815,294444.21920386114,841.9580818741815,0.0,0.0,1006.4947394964402,375192.1438094168,0.0,11.729510169680745,4.0,1400.0,0.0,0.0,88.89999999870633,30986.99999982957,2.9999999999995453,863.8499999999148,49.44999999928041,17288.449999888668,0.0,0.0,0.0,0.0,0.0,0.0,9.889999999999873,3457.689999999997,494.5,172884.5,0.0,87.0,504.39000000001397,176342.18999999997,0.0,0.0,1006.4947394964402,375192.1438094168
493,2021-05-08,2021,False,31.34794520547945,990,0,1088,294444.21920386114,0.0,35899,44,0.0,,,0.15747925328087942,0.1240470072730343,0.3837024868508675,0.9596616161616163,0.12724186518650593,498761.953809418,0,False,False,True,"{""0"":null,""1"":null,""2"":null,""3"":null}",990.0,488051.0,0.0,345769.0,0.0,345769.0,0.0,294444.21920386114,0.0,0.0,0.0,0.0,375192.1438094168,0.0,11.729510169680745,0.0,1400.0,0.0,0.0,0.0,30986.99999982957,0.0,863.8499999999148,0.0,17288.449999888668,0.0,0.0,0.0,0.0,0.0,0.0,0.0,3457.689999999997,0.0,172884.5,1.0,88.0,0.0,176342.18999999997,0.0,0.0,0.0,375192.1438094168
494,2021-05-09,2021,False,31.350684931506848,990,0,1088,294444.21920386114,0.0,35899,44,0.0,,,0.15747925328087942,0.1240470072730343,0.3837024868508675,0.9596616161616163,0.07807583774567166,498761.953809418,0,False,False,True,"{""0"":null,""1"":null,""2"":null,""3"":null}",990.0,489041.0,0.0,345769.0,0.0,345769.0,0.0,294444.21920386114,0.0,0.0,0.0,0.0,375192.1438094168,0.0,11.729510169680745,0.0,1400.0,0.0,0.0,0.0,30986.99999982957,0.0,863.8499999999148,0.0,17288.449999888668,0.0,0.0,0.0,0.0,0.0,0.0,0.0,3457.689999999997,0.0,172884.5,0.0,88.0,0.0,176342.18999999997,0.0,0.0,0.0,375192.1438094168
495,2021-05-10,2021,True,31.353424657534248,990,990,1088,295286.8802842033,1241.8040662029139,36875,14,0.0,0.8494574992139279,0.13418861697237186,0.15747925328087942,0.1240470072730343,0.3837024868508675,0.9586060606060606,0.10689661822506051,499498.8578756209,0,False,False,True,"{""0"":null,""1"":null,""2"":null,""3"":null}",990.0,490031.0,990.0,346759.0,990.0,346759.0,842.6610803421354,295286.8802842033,842.6610803421354,0.0,0.0,1241.8040662028943,376433.9478756197,0.0,11.729510169680745,4.0,1404.0,0.0,0.0,88.99999999870488,31075.999999828276,6.5999999999989996,870.4499999999138,49.49999999927968,17337.949999887947,0.0,0.0,0.0,0.0,0.0,0.0,9.900000000000091,3467.589999999997,495.0,173379.5,0.0,88.0,504.8999999999942,176847.08999999997,0.0,0.0,1241.8040662028943,376433.9478756197
496,2021-05-11,2021,True,31.356164383561644,990,990,1088,296129.5413645454,1157.7021892616578,36945,25,0.0,0.8665947934735787,0.12758047711842094,0.15752729759842898,0.12423348997435202,0.3837024868508675,0.9590656565656566,0.13369386775456432,500151.66006488254,0,False,False,True,"{""0"":null,""1"":null,""2"":null,""3"":null}",990.0,491021.0,990.0,347749.0,990.0,347749.0,842.6610803421354,296129.5413645454,842.6610803421354,0.0,0.0,1157.7021892616758,377591.65006488137,0.0,11.729510169680745,4.0,1408.0,0.0,0.0,88.99999999870488,31164.99999982698,0.0,870.4499999999138,49.49999999927968,17387.449999887227,0.0,0.0,0.0,0.0,0.0,0.0,9.900000000000091,3477.489999999997,495.0,173874.5,0.0,88.0,504.8999999999942,177351.98999999996,0.0,0.0,1157.7021892616758,377591.65006488137
497,2021-05-12,2021,True,31.35890410958904,990,990,1088,296972.20244488755,1081.445594261474,37043,42,0.0,0.820194401198061,0.17812838451173307,0.1575192616355853,0.12435368337143529,0.3837024868508675,0.9593787878787878,0.15853560839182165,500728.205659144,0,False,False,True,"{""0"":null,""1"":null,""2"":null,""3"":null}",990.0,492011.0,990.0,348739.0,990.0,348739.0,842.6610803421354,296972.20244488755,842.6610803421354,0.0,0.0,1081.4455942614586,378673.0956591428,0.0,11.729510169680745,4.0,1412.0,0.0,0.0,88.99999999870488,31253.999999825686,0.0,870.4499999999138,49.49999999927968,17436.949999886507,0.0,0.0,0.0,0.0,0.0,0.0,9.900000000000091,3487.389999999997,495.0,174369.5,0.0,88.0,504.8999999999942,177856.88999999996,0.0,0.0,1081.4455942614586,378673.0956591428
498,2021-05-13,2021,True,31.361643835616437,990,990,1088,297814.8635252297,1022.4571747587428,37149,43,0.0,0.8261775853129819,0.15988344809451122,0.15760497386182026,0.1244076385020281,0.3837024868508675,0.9593282828282829,0.18150071151968253,501245.76283390267,0,False,False,True,"{""0"":null,""1"":null,""2"":null,""3"":null}",990.0,493001.0,990.0,349729.0,990.0,349729.0,842.6610803421354,297814.8635252297,842.6610803421354,0.0,0.0,1022.4571747587179,379695.55283390154,0.0,11.729510169680745,4.0,1416.0,0.0,0.0,88.99999999870488,31342.99999982439,2.0999999999996817,872.5499999999134,49.49999999927968,17486.449999885786,0.0,0.0,0.0,0.0,0.0,0.0,9.900000000000091,3497.2899999999972,495.0,174864.5,0.0,88.0,504.8999999999942,178361.78999999995,0.0,0.0,1022.4571747587179,379695.55283390154
499,2021-05-14,2021,True,31.364383561643834,990,990,1088,298657.5246055718,1002.7729451755773,37247,51,0.0,0.8100889380313726,0.18842068447069704,0.15765484596546017,0.1245441229652991,0.3837024868508675,0.9592828282828283,0.20259155812764215,501743.63577907823,0,False,False,True,"{""0"":null,""1"":null,""2"":null,""3"":null}",990.0,493991.0,990.0,350719.0,990.0,350719.0,842.6610803421354,298657.5246055718,842.6610803421354,0.0,0.0,1002.7729451755877,380698.32577907713,0.0,11.729510169680745,4.0,1420.0,0.0,0.0,88.99999999870488,31431.999999823096,1.6499999999997499,874.1999999999132,49.49999999927968,17535.949999885066,0.0,0.0,0.0,0.0,0.0,0.0,9.900000000000091,3507.1899999999973,495.0,175359.5,0.0,88.0,504.8999999999942,178866.68999999994,0.0,0.0,1002.7729451755877,380698.32577907713
500,2021-05-15,2021,False,31.367123287671234,990,0,1088,298657.5246055718,0.0,36399,51,0.0,,,0.15765870846287916,0.12464977903230076,0.3837024868508675,0.9602272727272727,0.12728612268122128,501743.63577907823,0,False,False,True,"{""0"":null,""1"":null,""2"":null,""3"":null}",990.0,494981.0,0.0,350719.0,0.0,350719.0,0.0,298657.5246055718,0.0,0.0,0.0,0.0,380698.32577907713,0.0,11.729510169680745,0.0,1420.0,0.0,0.0,0.0,31431.999999823096,0.0,874.1999999999132,0.0,17535.949999885066,0.0,0.0,0.0,0.0,0.0,0.0,0.0,3507.1899999999973,0.0,175359.5,0.0,88.0,0.0,178866.68999999994,0.0,0.0,0.0,380698.32577907713
501,2021-05-16,2021,False,31.36986301369863,990,0,1088,298657.5246055718,0.0,36399,51,0.0,,,0.15765870846287916,0.12464977903230076,0.3837024868508675,0.9602272727272727,0.07800014505124181,501743.63577907823,0,False,False,True,"{""0"":null,""1"":null,""2"":null,""3"":null}",990.0,495971.0,0.0,350719.0,0.0,350719.0,0.0,298657.5246055718,0.0,0.0,0.0,0.0,380698.32577907713,0.0,11.729510169680745,0.0,1420.0,0.0,0.0,0.0,31431.999999823096,0.0,874.1999999999132,0.0,17535.949999885066,0.0,0.0,0.0,0.0,0.0,0.0,0.0,3507.1899999999973,0.0,175359.5,0.0,88.0,0.0,178866.68999999994,0.0,0.0,0.0,380698.32577907713
502,2021-05-17,2021,True,31.372602739726027,991,991,1089,299500.9463105665,1265.4501452573024,37388,18,0.0,0.8496887223030565,0.13881369313834432,0.15777420457643493,0.12415942077747483,0.38395057911250263,0.9590413723511604,0.1068293945813672,502502.67592433555,0,False,False,True,"{""0"":null,""1"":null,""2"":null,""3"":null}",991.0,496962.0,991.0,351710.0,991.0,351710.0,843.4217049946892,299500.9463105665,843.4217049946892,0.0,0.0,1265.4501452572877,381963.7759243344,0.0,11.729510169680745,4.0,1424.0,0.0,0.0,89.09999999870342,31521.0999998218,7.64999999999884,881.849999999912,49.54999999927895,17585.499999884345,0.0,0.0,0.0,0.0,0.0,0.0,9.909999999999854,3517.099999999997,495.5,175855.0,1.0,89.0,505.4100000000035,179372.09999999995,0.0,0.0,1265.4501452572877,381963.7759243344
503,2021-05-18,2021,True,31.375342465753423,991,991,1089,300344.3680155612,1165.5006462183803,37421,36,0.0,0.8577084084337746,0.12585335347301035,0.15774808590054967,0.12433219456102955,0.38395057911250263,0.9592532795156408,0.1336241836004753,503162.76657055394,0,False,False,True,"{""0"":null,""1"":null,""2"":null,""3"":null}",991.0,497953.0,991.0,352701.0,991.0,352701.0,843.4217049946892,300344.3680155612,843.4217049946892,0.0,0.0,1165.5006462183665,383129.2765705528,0.0,11.729510169680745,4.0,1428.0,0.0,0.0,89.09999999870342,31610.199999820503,0.0,881.849999999912,49.54999999927895,17635.049999883624,0.0,0.0,0.0,0.0,0.0,0.0,9.909999999999854,3527.009999999997,495.5,176350.5,0.0,89.0,505.4100000000035,179877.50999999995,0.0,0.0,1165.5006462183665,383129.2765705528
504,2021-05-19,2021,True,31.378082191780823,991,991,1089,301187.7897205559,1117.3211470187432,37542,58,0.0,0.8254005456009879,0.17607852432782284,0.15773467004277464,0.12442842287872405,0.38395057911250263,0.9591574167507568,0.15836086732367827,503774.6777175727,0,False,False,True,"{""0"":null,""1"":null,""2"":null,""3"":null}",991.0,498944.0,991.0,353692.0,991.0,353692.0,843.4217049946892,301187.7897205559,843.4217049946892,0.0,0.0,1117.3211470187525,384246.59771757154,0.0,11.729510169680745,4.0,1432.0,0.0,0.0,89.09999999870342,31699.299999819206,0.0,881.849999999912,49.54999999927895,17684.599999882903,0.0,0.0,0.0,0.0,0.0,0.0,9.909999999999854,3536.919999999997,495.5,176846.0,0.0,89.0,505.4100000000035,180382.91999999995,0.0,0.0,1117.3211470187525,384246.59771757154
505,2021-05-20,2021,True,31.38082191780822,991,991,1089,302031.2114255506,1066.7957578215844,37646,61,0.0,0.8395508071587228,0.1601378587095053,0.157828903931261,0.12446220126402072,0.38395057911250263,0.9592785065590312,0.1812469920164499,504336.06347539433,0,False,False,True,"{""0"":null,""1"":null,""2"":null,""3"":null}",991.0,499935.0,991.0,354683.0,991.0,354683.0,843.4217049946892,302031.2114255506,843.4217049946892,0.0,0.0,1066.7957578215864,385313.3934753931,0.0,11.729510169680745,4.0,1436.0,0.0,0.0,89.09999999870342,31788.39999981791,2.6999999999995907,884.5499999999116,49.54999999927895,17734.149999882182,0.0,0.0,0.0,0.0,0.0,0.0,9.909999999999854,3546.8299999999967,495.5,177341.5,0.0,89.0,505.4100000000035,180888.32999999996,0.0,0.0,1066.7957578215864,385313.3934753931
506,2021-05-21,2021,True,31.383561643835616,991,991,1089,302874.63313054526,1001.457553224219,37759,59,0.0,0.8143969181753181,0.18559627805315826,0.1577471807187343,0.12460848618109122,0.38395057911250263,0.9594853683148336,0.20226416854823254,504832.1110286186,0,False,False,True,"{""0"":null,""1"":null,""2"":null,""3"":null}",991.0,500926.0,991.0,355674.0,991.0,355674.0,843.4217049946892,302874.63313054526,843.4217049946892,0.0,0.0,1001.4575532242307,386314.85102861736,0.0,11.729510169680745,4.0,1440.0,0.0,0.0,89.09999999870342,31877.499999816613,2.6999999999995907,887.2499999999112,49.54999999927895,17783.69999988146,0.0,0.0,0.0,0.0,0.0,0.0,9.909999999999854,3556.7399999999966,495.5,177837.0,0.0,89.0,505.4100000000035,181393.73999999996,0.0,0.0,1001.4575532242307,386314.85102861736
507,2021-05-22,2021,False,31.386301369863013,992,0,1090,302874.63313054526,0.0,36899,59,0.0,,,0.15781914409888426,0.12395121152318656,0.3838847493871798,0.9603175403225807,0.1268951210293786,504831.1110286186,0,False,False,True,"{""0"":null,""1"":null,""2"":null,""3"":null}",992.0,501918.0,0.0,355674.0,0.0,355674.0,0.0,302874.63313054526,0.0,0.0,0.0,0.0,386314.85102861736,0.0,11.729510169680745,0.0,1440.0,0.0,0.0,0.0,31877.499999816613,0.0,887.2499999999112,0.0,17783.69999988146,0.0,0.0,0.0,0.0,0.0,0.0,0.0,3556.7399999999966,0.0,177837.0,1.0,90.0,0.0,181393.73999999996,0.0,0.0,0.0,386314.85102861736
508,2021-05-23,2021,False,31.389041095890413,992,0,1090,302874.63313054526,0.0,36899,59,0.0,,,0.15781914409888426,0.12395121152318654,0.3838847493871798,0.9603175403225807,0.07765755248349905,504831.1110286186,0,False,False,True,"{""0"":null,""1"":null,""2"":null,""3"":null}",992.0,502910.0,0.0,355674.0,0.0,355674.0,0.0,302874.63313054526,0.0,0.0,0.0,0.0,386314.85102861736,0.0,11.729510169680745,0.0,1440.0,0.0,0.0,0.0,31877.499999816613,0.0,887.2499999999112,0.0,17783.69999988146,0.0,0.0,0.0,0.0,0.0,0.0,0.0,3556.7399999999966,0.0,177837.0,0.0,90.0,0.0,181393.73999999996,0.0,0.0,0.0,386314.85102861736
509,2021-05-24,2021,True,31.39178082191781,992,992,1090,303719.00894006615,1273.0599377830245,37878,22,0.0,0.8587776558634221,0.13504785430818078,0.15781914409888426,0.12395121152318656,0.3838847493871798,0.958961693548387,0.10655551230146587,505598.25096640165,0,False,False,True,"{""0"":null,""1"":null,""2"":null,""3"":null}",992.0,503902.0,992.0,356666.0,992.0,356666.0,844.3758095208905,303719.00894006615,844.3758095208905,0.0,0.0,1273.0599377830513,387587.9109664004,0.0,11.729510169680745,4.0,1444.0,0.0,0.0,89.19999999870197,31966.699999815315,8.849999999998658,896.0999999999099,49.599999999278225,17833.29999988074,0.0,0.0,0.0,0.0,0.0,0.0,9.920000000000073,3566.6599999999967,496.0,178333.0,0.0,90.0,505.9200000000128,181899.65999999997,0.0,0.0,1273.0599377830513,387587.9109664004
510,2021-05-25,2021,True,31.394520547945206,991,991,1090,304562.5188992156,1168.0369043107742,37914,40,0.0,0.8273555860650066,0.1497114268725802,0.1577940078308826,0.12411500057372596,0.38395057911250263,0.9588799192734612,0.1334612458892354,506260.87787071243,0,False,False,True,"{""0"":null,""1"":null,""2"":null,""3"":null}",991.0,504893.0,991.0,357657.0,991.0,357657.0,843.5099591494654,304562.5188992156,843.5099591494654,0.0,0.0,1168.0369043107494,388755.94787071116,0.0,11.729510169680745,4.0,1448.0,0.0,0.0,89.09999999870342,32055.79999981402,0.0,896.0999999999099,49.54999999927895,17882.849999880018,0.0,0.0,0.0,0.0,0.0,0.0,9.909999999999854,3576.5699999999965,495.5,178828.5,0.0,90.0,505.4100000000035,182405.06999999998,0.0,0.0,1168.0369043107494,388755.94787071116
511,2021-05-26,2021,True,31.397260273972602,991,991,1090,305406.0288583651,1110.7159812036768,38022,60,0.0,0.830416610651156,0.16935358629222846,0.15782545992893543,0.12420389394181178,0.38395057911250263,0.9586125126135218,0.15828387445925887,506866.1838519161,0,False,False,True,"{""0"":null,""1"":null,""2"":null,""3"":null}",991.0,505884.0,991.0,358648.0,991.0,358648.0,843.5099591494654,305406.0288583651,843.5099591494654,0.0,0.0,1110.7159812036552,389866.6638519148,0.0,11.729510169680745,4.0,1452.0,0.0,0.0,89.09999999870342,32144.899999812722,0.0,896.0999999999099,49.54999999927895,17932.399999879297,0.0,0.0,0.0,0.0,0.0,0.0,9.909999999999854,3586.4799999999964,495.5,179324.0,0.0,90.0,505.4100000000035,182910.47999999998,0.0,0.0,1110.7159812036552,389866.6638519148
512,2021-05-27,2021,True,31.4,991,991,1090,306249.53881751455,1044.5770304345112,38147,56,0.0,0.8345754896747055,0.14944729938317725,0.1578305825758791,0.1243297833366358,0.38395057911250263,0.9587033299697276,0.18118554990036703,507405.35088235064,0,False,False,True,"{""0"":null,""1"":null,""2"":null,""3"":null}",991.0,506875.0,991.0,359639.0,991.0,359639.0,843.5099591494654,306249.53881751455,843.5099591494654,0.0,0.0,1044.577030434506,390911.2408823493,0.0,11.729510169680745,4.0,1456.0,0.0,0.0,89.09999999870342,32233.999999811425,3.2999999999994998,899.3999999999094,49.54999999927895,17981.949999878576,0.0,0.0,0.0,0.0,0.0,0.0,9.909999999999854,3596.3899999999962,495.5,179819.5,0.0,90.0,505.4100000000035,183415.88999999998,0.0,0.0,1044.577030434506,390911.2408823493
513,2021-05-28,2021,True,31.4027397260274,991,991,1090,307093.048776664,1026.741336986664,38249,61,0.0,0.8112385356573921,0.1909690183796755,0.15779688744416637,0.12438187395142511,0.38395057911250263,0.9592381432896064,0.2022881113192406,507926.6822193373,0,False,False,True,"{""0"":null,""1"":null,""2"":null,""3"":null}",991.0,507866.0,991.0,360630.0,991.0,360630.0,843.5099591494654,307093.048776664,843.5099591494654,0.0,0.0,1026.7413369866554,391937.982219336,0.0,11.729510169680745,4.0,1460.0,0.0,0.0,89.09999999870342,32323.09999981013,2.6999999999995907,902.099999999909,49.54999999927895,18031.499999877855,0.0,0.0,0.0,0.0,0.0,0.0,9.909999999999854,3606.299999999996,495.5,180315.0,0.0,90.0,505.4100000000035,183921.3,0.0,0.0,1026.7413369866554,391937.982219336
514,2021-05-29,2021,False,31.405479452054795,991,0,1090,307093.048776664,0.0,37399,61,0.0,,,0.1578662202491105,0.12452525773793696,0.38395057911250263,0.9603985872855701,0.12700627088347485,507926.6822193373,0,False,False,True,"{""0"":null,""1"":null,""2"":null,""3"":null}",991.0,508857.0,0.0,360630.0,0.0,360630.0,0.0,307093.048776664,0.0,0.0,0.0,0.0,391937.982219336,0.0,11.729510169680745,0.0,1460.0,0.0,0.0,0.0,32323.09999981013,0.0,902.099999999909,0.0,18031.499999877855,0.0,0.0,0.0,0.0,0.0,0.0,0.0,3606.299999999996,0.0,180315.0,0.0,90.0,0.0,183921.3,0.0,0.0,0.0,391937.982219336
515,2021-05-30,2021,False,31.40821917808219,991,0,1090,307093.048776664,0.0,37399,61,0.0,,,0.15786622024911048,0.12452525773793699,0.38395057911250263,0.9603985872855701,0.0776344835531632,507926.6822193373,0,False,False,True,"{""0"":null,""1"":null,""2"":null,""3"":null}",991.0,509848.0,0.0,360630.0,0.0,360630.0,0.0,307093.048776664,0.0,0.0,0.0,0.0,391937.982219336,0.0,11.729510169680745,0.0,1460.0,0.0,0.0,0.0,32323.09999981013,0.0,902.099999999909,0.0,18031.499999877855,0.0,0.0,0.0,0.0,0.0,0.0,0.0,3606.299999999996,0.0,180315.0,0.0,90.0,0.0,183921.3,0.0,0.0,0.0,391937.982219336
516,2021-05-31,2021,True,31.410958904109588,991,991,1090,307936.5587358135,1251.4485777876914,38385,12,0.0,0.8465705916387977,0.14340966746030676,0.1578662202491105,0.124525257737937,0.38395057911250263,0.9592482341069627,0.10650526117545542,508672.720797125,0,False,False,True,"{""0"":null,""1"":null,""2"":null,""3"":null}",991.0,510839.0,991.0,361621.0,991.0,361621.0,843.5099591494654,307936.5587358135,843.5099591494654,0.0,0.0,1251.448577787669,393189.43079712364,0.0,11.729510169680745,4.0,1464.0,0.0,0.0,89.09999999870342,32412.199999808832,9.149999999998613,911.2499999999076,49.54999999927895,18081.049999877134,0.0,0.0,0.0,0.0,0.0,0.0,9.909999999999854,3616.209999999996,495.5,180810.5,0.0,90.0,505.4100000000035,184426.71,0.0,0.0,1251.448577787669,393189.43079712364
517,2021-06-01,2021,True,31.413698630136984,991,991,1090,308780.06869496295,1159.8045978933942,38414,33,0.0,0.8416116326667389,0.13998065166689241,0.1578667728612412,0.12466821535426181,0.38395057911250263,0.9591927346115035,0.1334141208898046,509327.1153950184,0,False,False,True,"{""0"":null,""1"":null,""2"":null,""3"":null}",991.0,511830.0,991.0,362612.0,991.0,362612.0,843.5099591494654,308780.06869496295,843.5099591494654,0.0,0.0,1159.8045978933806,394349.235395017,0.0,11.729510169680745,4.0,1468.0,0.0,0.0,89.09999999870342,32501.299999807536,0.0,911.2499999999076,49.54999999927895,18130.599999876413,0.0,0.0,0.0,0.0,0.0,0.0,9.909999999999854,3626.119999999996,495.5,181306.0,0.0,90.0,505.4100000000035,184932.12,0.0,0.0,1159.8045978933806,394349.235395017
518,2021-06-02,2021,True,31.416438356164385,991,991,1090,309623.5786541124,1099.663155217268,38521,52,0.017931638938092322,0.8365262174401169,0.1652073161052346,0.15783998774109476,0.1247310603205741,0.38395057911250263,0.9586680121089808,0.15828381737064942,509921.3685502357,0,False,False,True,"{""0"":null,""1"":null,""2"":null,""3"":null}",991.0,512821.0,991.0,363603.0,991.0,363603.0,843.5099591494654,309623.5786541124,843.5099591494654,0.0,0.0,1099.6631552172475,395448.89855023427,0.017931638938092576,11.747441808618838,4.0,1472.0,0.0,0.0,89.09999999870342,32590.39999980624,0.0,911.2499999999076,49.54999999927895,18180.14999987569,0.0,0.0,0.0,0.0,0.0,0.0,9.909999999999854,3636.0299999999957,495.5,181801.5,0.0,90.0,505.4100000000035,185437.53,0.0,0.0,1099.6631552172475,395448.89855023427
519,2021-06-03,2021,True,31.41917808219178,991,991,1090,310467.0886132619,1078.2546699198383,38634,60,0.03502102506513603,0.8050961127020178,0.18719625044307323,0.15784404588332374,0.12479671486236503,0.38395057911250263,0.958627648839556,0.18116212755798988,510494.21322015557,0,False,False,True,"{""0"":null,""1"":null,""2"":null,""3"":null}",991.0,513812.0,991.0,364594.0,991.0,364594.0,843.5099591494654,310467.0886132619,843.5099591494654,0.0,0.0,1078.2546699198429,396527.1532201541,0.03502102506513616,11.782462833683974,4.0,1476.0,0.0,0.0,89.09999999870342,32679.499999804942,1.7999999999997272,913.0499999999073,49.54999999927895,18229.69999987497,0.0,0.0,0.0,0.0,0.0,0.0,9.909999999999854,3645.9399999999955,495.5,182297.0,0.0,90.0,505.4100000000035,185942.94,0.0,0.0,1078.2546699198429,396527.1532201541
520,2021-06-04,2021,True,31.421917808219177,990,990,1090,311309.63370375376,1020.2156458564037,38759,52,0.15684517966947867,0.8081089457391659,0.1988957983090335,0.15808466624816825,0.12496965642487856,0.38414747900218016,0.9591414141414141,0.2019149922258708,511009.52886601194,0,False,False,True,"{""0"":null,""1"":null,""2"":null,""3"":null}",990.0,514802.0,990.0,365584.0,990.0,365584.0,842.5450904918835,311309.63370375376,842.5450904918835,0.0,0.0,1020.2156458563986,397547.3688660105,0.15684517966947809,11.939308013353452,4.0,1480.0,0.0,0.0,88.99999999870852,32768.49999980365,3.1499999999995225,916.1999999999068,49.49999999927968,18279.19999987425,0.0,0.0,0.0,0.0,0.0,0.0,9.900000000000091,3655.8399999999956,495.0,182792.0,0.0,90.0,504.8999999999942,186447.84,0.0,0.0,1020.2156458563986,397547.3688660105
521,2021-06-05,2021,False,31.424657534246574,989,0,1090,311309.63370375376,0.0,37899,52,0.0,,,0.1578342514163318,0.12469711863507113,0.383899386740545,0.9604448938321537,0.12671627131117896,511009.52886601194,0,False,False,True,"{""0"":null,""1"":null,""2"":null,""3"":null}",989.0,515791.0,0.0,365584.0,0.0,365584.0,0.0,311309.63370375376,0.0,0.0,0.0,0.0,397547.3688660105,0.0,11.939308013353452,0.0,1480.0,0.0,0.0,0.0,32768.49999980365,0.0,916.1999999999068,0.0,18279.19999987425,0.0,0.0,0.0,0.0,0.0,0.0,0.0,3655.8399999999956,0.0,182792.0,0.0,90.0,0.0,186447.84,0.0,0.0,0.0,397547.3688660105
522,2021-06-06,2021,False,31.427397260273974,989,0,1090,311309.63370375376,0.0,37899,52,0.0,,,0.1578342514163318,0.12469711863507113,0.383899386740545,0.9604448938321537,0.07738683541776219,511009.52886601194,0,False,False,True,"{""0"":null,""1"":null,""2"":null,""3"":null}",989.0,516780.0,0.0,365584.0,0.0,365584.0,0.0,311309.63370375376,0.0,0.0,0.0,0.0,397547.3688660105,0.0,11.939308013353452,0.0,1480.0,0.0,0.0,0.0,32768.49999980365,0.0,916.1999999999068,0.0,18279.19999987425,0.0,0.0,0.0,0.0,0.0,0.0,0.0,3655.8399999999956,0.0,182792.0,0.0,90.0,0.0,186447.84,0.0,0.0,0.0,397547.3688660105
523,2021-06-07,2021,True,31.43013698630137,989,989,1090,312151.35175348626,1263.559728263344,38865,23,0.0,0.8482752542688685,0.1455124039738594,0.1578342514163318,0.12469711863507113,0.383899386740545,0.9591557128412538,0.1062819469413832,511768.6985942753,0,False,False,True,"{""0"":null,""1"":null,""2"":null,""3"":null}",989.0,517769.0,989.0,366573.0,989.0,366573.0,841.7180497325025,312151.35175348626,841.7180497325025,0.0,0.0,1263.5597282633535,398810.92859427386,0.0,11.939308013353452,4.0,1484.0,0.0,0.0,88.89999999870633,32857.39999980236,7.799999999998818,923.9999999999056,49.44999999928041,18328.64999987353,0.0,0.0,0.0,0.0,0.0,0.0,9.889999999999873,3665.7299999999955,494.5,183286.5,0.0,90.0,504.39000000001397,186952.23,0.0,0.0,1263.5597282633535,398810.92859427386
524,2021-06-08,2021,True,31.432876712328767,988,988,1090,312992.19742006017,1219.1234141046505,38922,41,0.0,0.8189783818554295,0.166698818694918,0.15790128667627645,0.1247979192645845,0.38388878854579833,0.9592307692307692,0.13322288343814648,512483.9420083799,0,False,False,True,"{""0"":null,""1"":null,""2"":null,""3"":null}",988.0,518757.0,988.0,367561.0,988.0,367561.0,840.8456665739068,312992.19742006017,840.8456665739068,0.0,0.0,1219.1234141046298,400030.0520083785,0.0,11.939308013353452,4.0,1488.0,0.0,0.0,88.79999999870779,32946.199999801065,0.0,923.9999999999056,49.399999999281135,18378.049999872812,0.0,0.0,0.0,0.0,0.0,0.0,9.88000000000011,3675.6099999999956,494.0,183780.5,0.0,90.0,503.88000000000466,187456.11000000002,0.0,0.0,1219.1234141046298,400030.0520083785
525,2021-06-09,2021,True,31.435616438356163,987,987,1090,313832.1384872421,1132.2636745617108,39005,60,0.0,0.819529456156971,0.1725153803046357,0.15773614341636666,0.12471482588579128,0.3836406962841632,0.958758865248227,0.1581983430213874,513112.8356829416,0,False,False,True,"{""0"":null,""1"":null,""2"":null,""3"":null}",987.0,519744.0,987.0,368548.0,987.0,368548.0,839.9410671819351,313832.1384872421,839.9410671819351,0.0,0.0,1132.263674561691,401162.3156829402,0.0,11.939308013353452,4.0,1492.0,0.0,0.0,88.69999999870925,33034.899999799774,0.0,923.9999999999056,49.34999999928186,18427.399999872094,0.0,0.0,0.0,0.0,0.0,0.0,9.86999999999989,3685.4799999999955,493.5,184274.0,0.0,90.0,503.36999999999534,187959.48,0.0,0.0,1132.263674561691,401162.3156829402
526,2021-06-10,2021,True,31.438356164383563,986,986,1090,314671.15635759896,1094.8881550432247,39130,58,0.0,0.808352534562212,0.18651335868901722,0.1579282143174744,0.12488618521396355,0.3838375961738407,0.9583671399594321,0.18099959865275778,513704.86383798486,0,False,False,True,"{""0"":null,""1"":null,""2"":null,""3"":null}",986.0,520730.0,986.0,369534.0,986.0,369534.0,839.0178703568527,314671.15635759896,839.0178703568527,0.0,0.0,1094.8881550432416,402257.2038379834,0.0,11.939308013353452,4.0,1496.0,0.0,0.0,88.5999999987107,33123.499999798485,3.449999999999477,927.4499999999051,49.29999999928259,18476.699999871376,0.0,0.0,0.0,0.0,0.0,0.0,9.860000000000127,3695.3399999999956,493.0,184767.0,0.0,90.0,502.85999999998603,188462.34,0.0,0.0,1094.8881550432416,402257.2038379834
527,2021-06-11,2021,True,31.44109589041096,986,986,1090,315510.1742279558,1011.7889378794932,39240,60,0.0,0.8032628373930217,0.18477954641498803,0.1578708897765007,0.12488127182250966,0.3838375961738407,0.9586561866125761,0.2020722090404199,514213.79277586436,0,False,False,True,"{""0"":null,""1"":null,""2"":null,""3"":null}",986.0,521716.0,986.0,370520.0,986.0,370520.0,839.0178703568527,315510.1742279558,839.0178703568527,0.0,0.0,1011.7889378794935,403268.9927758629,0.0,11.939308013353452,4.0,1500.0,0.0,0.0,88.5999999987107,33212.099999797196,2.6999999999995907,930.1499999999047,49.29999999928259,18525.99999987066,0.0,0.0,0.0,0.0,0.0,0.0,9.860000000000127,3705.1999999999957,493.0,185260.0,0.0,90.0,502.85999999998603,188965.19999999998,0.0,0.0,1011.7889378794935,403268.9927758629
528,2021-06-12,2021,False,31.443835616438356,986,0,1091,315510.1742279558,0.0,38399,60,0.0,,,0.15791887218615186,0.12503751369543137,0.3838375961738407,0.9602383367139959,0.12679629599182873,514212.79277586436,0,False,False,True,"{""0"":null,""1"":null,""2"":null,""3"":null}",986.0,522702.0,0.0,370520.0,0.0,370520.0,0.0,315510.1742279558,0.0,0.0,0.0,0.0,403268.9927758629,0.0,11.939308013353452,0.0,1500.0,0.0,0.0,0.0,33212.099999797196,0.0,930.1499999999047,0.0,18525.99999987066,0.0,0.0,0.0,0.0,0.0,0.0,0.0,3705.1999999999957,0.0,185260.0,1.0,91.0,0.0,188965.19999999998,0.0,0.0,0.0,403268.9927758629
529,2021-06-13,2021,False,31.446575342465753,985,0,1091,315510.1742279558,0.0,38399,60,0.0,,,0.15783956053547515,0.1249714107720908,0.38390342589916354,0.9601979695431472,0.07746581112873005,514212.79277586436,0,False,False,True,"{""0"":null,""1"":null,""2"":null,""3"":null}",985.0,523687.0,0.0,370520.0,0.0,370520.0,0.0,315510.1742279558,0.0,0.0,0.0,0.0,403268.9927758629,0.0,11.939308013353452,0.0,1500.0,0.0,0.0,0.0,33212.099999797196,0.0,930.1499999999047,0.0,18525.99999987066,0.0,0.0,0.0,0.0,0.0,0.0,0.0,3705.1999999999957,0.0,185260.0,0.0,91.0,0.0,188965.19999999998,0.0,0.0,0.0,403268.9927758629
530,2021-06-14,2021,True,31.44931506849315,986,986,1092,316349.3460080651,1242.154557663482,39377,21,0.0,0.8315826969781133,0.15612586482017315,0.1579515917656243,0.12448132845791883,0.3841515181607987,0.9587728194726166,0.10640109320892002,514951.08733352786,0,False,False,True,"{""0"":null,""1"":null,""2"":null,""3"":null}",986.0,524673.0,986.0,371506.0,986.0,371506.0,839.1717801092891,316349.3460080651,839.1717801092891,0.0,0.0,1242.1545576634817,404511.1473335264,0.0,11.939308013353452,4.0,1504.0,0.0,0.0,88.5999999987107,33300.69999979591,8.999999999998636,939.1499999999033,49.29999999928259,18575.29999986994,0.0,0.0,0.0,0.0,0.0,0.0,9.860000000000127,3715.059999999996,493.0,185753.0,1.0,92.0,502.85999999998603,189468.05999999997,0.0,0.0,1242.1545576634817,404511.1473335264
531,2021-06-15,2021,True,31.45205479452055,986,986,1092,317188.5177881744,1176.5297242578051,39431,35,0.0,0.8306190638784171,0.16686566988288998,0.15800390627728855,0.12466509212960428,0.3841515181607987,0.9595334685598378,0.13333662927404724,515624.7570577857,0,False,False,True,"{""0"":null,""1"":null,""2"":null,""3"":null}",986.0,525659.0,986.0,372492.0,986.0,372492.0,839.1717801092891,317188.5177881744,839.1717801092891,0.0,0.0,1176.5297242578235,405687.6770577842,0.0,11.939308013353452,4.0,1508.0,0.0,0.0,88.5999999987107,33389.29999979462,0.0,939.1499999999033,49.29999999928259,18624.599999869224,0.0,0.0,0.0,0.0,0.0,0.0,9.860000000000127,3724.919999999996,493.0,186246.0,0.0,92.0,502.85999999998603,189970.91999999995,0.0,0.0,1176.5297242578235,405687.6770577842
532,2021-06-16,2021,True,31.454794520547946,986,986,1092,318027.6895682837,1112.3152497716821,39513,49,0.0,0.8306032026975954,0.15660694535699993,0.15804914887406513,0.12476148099277408,0.3841515181607987,0.959290060851927,0.15825777407333638,516234.2123075574,0,False,False,True,"{""0"":null,""1"":null,""2"":null,""3"":null}",986.0,526645.0,986.0,373478.0,986.0,373478.0,839.1717801092891,318027.6895682837,839.1717801092891,0.0,0.0,1112.3152497716947,406799.9923075559,0.0,11.939308013353452,4.0,1512.0,0.0,0.0,88.5999999987107,33477.89999979333,0.0,939.1499999999033,49.29999999928259,18673.899999868507,0.0,0.0,0.0,0.0,0.0,0.0,9.860000000000127,3734.779999999996,493.0,186739.0,0.0,92.0,502.85999999998603,190473.77999999994,0.0,0.0,1112.3152497716947,406799.9923075559
533,2021-06-17,2021,True,31.457534246575342,986,986,1092,318866.86134839297,1060.080236319444,39633,41,0.0,0.7989708150954641,0.1755168851799057,0.15805066221574823,0.12481585829390299,0.3841515181607987,0.959026369168357,0.18125041184727222,516791.4325438769,0,False,False,True,"{""0"":null,""1"":null,""2"":null,""3"":null}",986.0,527631.0,986.0,374464.0,986.0,374464.0,839.1717801092891,318866.86134839297,839.1717801092891,0.0,0.0,1060.0802363194525,407860.0725438754,0.0,11.939308013353452,4.0,1516.0,0.0,0.0,88.5999999987107,33566.49999979204,3.1499999999995225,942.2999999999029,49.29999999928259,18723.19999986779,0.0,0.0,0.0,0.0,0.0,0.0,9.860000000000127,3744.6399999999962,493.0,187232.0,0.0,92.0,502.85999999998603,190976.63999999993,0.0,0.0,1060.0802363194525,407860.0725438754
534,2021-06-18,2021,True,31.46027397260274,985,985,1092,319705.0871579264,1024.7738921975495,39734,44,0.0,0.8151826194417551,0.18805198321858532,0.15784894698665208,0.12465891563536419,0.383899386740545,0.9591116751269035,0.2022669781422098,517313.8564360744,0,False,False,True,"{""0"":null,""1"":null,""2"":null,""3"":null}",985.0,528616.0,985.0,375449.0,985.0,375449.0,838.22580953344,319705.0871579264,838.22580953344,0.0,0.0,1024.7738921975251,408884.8464360729,0.0,11.939308013353452,4.0,1520.0,0.0,0.0,88.49999999871216,33654.99999979075,2.0999999999996817,944.3999999999025,49.24999999928332,18772.449999867073,0.0,0.0,0.0,0.0,0.0,0.0,9.849999999999909,3754.489999999996,492.5,187724.5,0.0,92.0,502.3500000000058,191478.98999999993,0.0,0.0,1024.7738921975251,408884.8464360729
535,2021-06-19,2021,False,31.463013698630135,983,0,1092,319705.0871579264,0.0,38899,44,0.0,,,0.15760242930774881,0.1251421686786346,0.38371816123541275,0.9603560528992878,0.12689673529545656,517313.8564360744,0,False,False,True,"{""0"":null,""1"":null,""2"":null,""3"":null}",983.0,529599.0,0.0,375449.0,0.0,375449.0,0.0,319705.0871579264,0.0,0.0,0.0,0.0,408884.8464360729,0.0,11.939308013353452,0.0,1520.0,0.0,0.0,0.0,33654.99999979075,0.0,944.3999999999025,0.0,18772.449999867073,0.0,0.0,0.0,0.0,0.0,0.0,0.0,3754.489999999996,0.0,187724.5,0.0,92.0,0.0,191478.98999999993,0.0,0.0,0.0,408884.8464360729
536,2021-06-20,2021,False,31.465753424657535,983,0,1092,319705.0871579264,0.0,38899,44,0.0,,,0.15760242930774881,0.1251421686786346,0.38371816123541275,0.9603560528992878,0.07750749660103297,517313.8564360744,0,False,False,True,"{""0"":null,""1"":null,""2"":null,""3"":null}",983.0,530582.0,0.0,375449.0,0.0,375449.0,0.0,319705.0871579264,0.0,0.0,0.0,0.0,408884.8464360729,0.0,11.939308013353452,0.0,1520.0,0.0,0.0,0.0,33654.99999979075,0.0,944.3999999999025,0.0,18772.449999867073,0.0,0.0,0.0,0.0,0.0,0.0,0.0,3754.489999999996,0.0,187724.5,0.0,92.0,0.0,191478.98999999993,0.0,0.0,0.0,408884.8464360729
537,2021-06-21,2021,True,31.46849315068493,983,983,1092,320541.56342757057,1251.8068106521566,39866,16,0.0,0.8504596730923637,0.14438139317083148,0.15760242930774881,0.1251421686786346,0.38371816123541275,0.9593336724313326,0.10642149683676148,518064.33324672654,0,False,False,True,"{""0"":null,""1"":null,""2"":null,""3"":null}",983.0,531565.0,983.0,376432.0,983.0,376432.0,836.4762696441612,320541.56342757057,836.4762696441612,0.0,0.0,1251.8068106521387,410136.65324672504,0.0,11.939308013353452,4.0,1524.0,0.0,0.0,88.29999999871507,33743.299999789466,6.5999999999989996,950.9999999999015,49.14999999928477,18821.599999866357,0.0,0.0,0.0,0.0,0.0,0.0,9.829999999999927,3764.319999999996,491.5,188216.0,0.0,92.0,501.3299999999872,191980.31999999992,0.0,0.0,1251.8068106521387,410136.65324672504
538,2021-06-22,2021,True,31.471232876712328,983,983,1092,321378.0396972147,1181.8161673688303,39919,32,0.0,0.842445583548172,0.15712097401612826,0.15762748826319362,0.12528782247230955,0.38371816123541275,0.9598372329603255,0.13334739037869398,518744.8194140954,0,False,False,True,"{""0"":null,""1"":null,""2"":null,""3"":null}",983.0,532548.0,983.0,377415.0,983.0,377415.0,836.4762696441612,321378.0396972147,836.4762696441612,0.0,0.0,1181.8161673688446,411318.4694140939,0.0,11.939308013353452,4.0,1528.0,0.0,0.0,88.29999999871507,33831.59999978818,0.0,950.9999999999015,49.14999999928477,18870.749999865642,0.0,0.0,0.0,0.0,0.0,0.0,9.829999999999927,3774.149999999996,491.5,188707.5,0.0,92.0,501.3299999999872,192481.6499999999,0.0,0.0,1181.8161673688446,411318.4694140939
539,2021-06-23,2021,True,31.473972602739725,982,982,1092,322213.6702850022,1123.5610878615903,40021,43,0.09256185512597298,0.8145795879910376,0.16580599158429452,0.15762887413833754,0.12532889203117825,0.3837075630406661,0.95989816700611,0.15837305018972334,519367.56050195696,0,False,False,True,"{""0"":null,""1"":null,""2"":null,""3"":null}",982.0,533530.0,982.0,378397.0,982.0,378397.0,835.6305877874838,322213.6702850022,835.6305877874838,0.0,0.0,1123.561087861599,412442.0305019555,0.09256185512597348,12.031869868479426,4.0,1532.0,0.0,0.0,88.19999999871652,33919.7999997869,0.0,950.9999999999015,49.0999999992855,18919.849999864928,0.0,0.0,0.0,0.0,0.0,0.0,9.820000000000164,3783.969999999996,491.0,189198.5,0.0,92.0,500.820000000007,192982.4699999999,0.0,0.0,1123.561087861599,412442.0305019555
540,2021-06-24,2021,True,31.476712328767125,982,982,1092,323049.3008727897,1063.4090667975072,40126,55,0.04204796086515822,0.8271399698139205,0.18319038396738674,0.15765528741211787,0.1255333030406148,0.3837075630406661,0.9594144602851323,0.18139028406210353,519930.1495687545,0,False,False,True,"{""0"":null,""1"":null,""2"":null,""3"":null}",982.0,534512.0,982.0,379379.0,982.0,379379.0,835.6305877874838,323049.3008727897,835.6305877874838,0.0,0.0,1063.4090667975252,413505.439568753,0.042047960865158274,12.073917829344584,4.0,1536.0,0.0,0.0,88.19999999871652,34007.999999785614,2.399999999999636,953.3999999999012,49.0999999992855,18968.949999864213,0.0,0.0,0.0,0.0,0.0,0.0,9.820000000000164,3793.7899999999963,491.0,189689.5,0.0,92.0,500.820000000007,193483.28999999992,0.0,0.0,1063.4090667975252,413505.439568753
541,2021-06-25,2021,True,31.47945205479452,983,983,1093,323885.7615938872,1013.5325850940042,40223,58,0.0460731714796496,0.7975344923474543,0.1861596608796925,0.1576009314736266,0.12483488056462921,0.3836406962841632,0.9587690742624618,0.20239337369684104,520441.35215384845,0,False,False,True,"{""0"":null,""1"":null,""2"":null,""3"":null}",983.0,535495.0,983.0,380362.0,983.0,380362.0,836.4607210974791,323885.7615938872,836.4607210974791,0.0,0.0,1013.5325850939844,414518.972153847,0.046073171479649844,12.119991000824234,4.0,1540.0,0.0,0.0,88.29999999871507,34096.29999978433,2.399999999999636,955.7999999999008,49.14999999928477,19018.099999863498,0.0,0.0,0.0,0.0,0.0,0.0,9.829999999999927,3803.6199999999963,491.5,190181.0,1.0,93.0,501.3299999999872,193984.6199999999,0.0,0.0,1013.5325850939844,414518.972153847
542,2021-06-26,2021,False,31.482191780821918,983,0,1093,323885.7615938872,0.0,39399,58,0.0,,,0.1576110120666268,0.12493715429442787,0.3836406962841632,0.9600661241098678,0.12679186387761862,520441.35215384845,0,False,False,True,"{""0"":null,""1"":null,""2"":null,""3"":null}",983.0,536478.0,0.0,380362.0,0.0,380362.0,0.0,323885.7615938872,0.0,0.0,0.0,0.0,414518.972153847,0.0,12.119991000824234,0.0,1540.0,0.0,0.0,0.0,34096.29999978433,0.0,955.7999999999008,0.0,19018.099999863498,0.0,0.0,0.0,0.0,0.0,0.0,0.0,3803.6199999999963,0.0,190181.0,0.0,93.0,0.0,193984.6199999999,0.0,0.0,0.0,414518.972153847
543,2021-06-27,2021,False,31.484931506849314,983,0,1093,323885.7615938872,0.0,39399,58,0.0,,,0.1576110120666268,0.12493715429442784,0.3836406962841632,0.9600661241098678,0.07742418488885998,520441.35215384845,0,False,False,True,"{""0"":null,""1"":null,""2"":null,""3"":null}",983.0,537461.0,0.0,380362.0,0.0,380362.0,0.0,323885.7615938872,0.0,0.0,0.0,0.0,414518.972153847,0.0,12.119991000824234,0.0,1540.0,0.0,0.0,0.0,34096.29999978433,0.0,955.7999999999008,0.0,19018.099999863498,0.0,0.0,0.0,0.0,0.0,0.0,0.0,3803.6199999999963,0.0,190181.0,0.0,93.0,0.0,193984.6199999999,0.0,0.0,0.0,414518.972153847
544,2021-06-28,2021,True,31.487671232876714,983,983,1093,324722.22231498465,1306.571600468121,40377,23,0.0,0.8432838648609022,0.1400369388860146,0.1576110120666268,0.12493715429442784,0.3836406962841632,0.958850457782299,0.10632022136733793,521246.59375431656,0,False,False,True,"{""0"":null,""1"":null,""2"":null,""3"":null}",983.0,538444.0,983.0,381345.0,983.0,381345.0,836.4607210974791,324722.22231498465,836.4607210974791,0.0,0.0,1306.5716004681308,415825.5437543151,0.0,12.119991000824234,4.0,1544.0,0.0,0.0,88.29999999871507,34184.599999783044,8.699999999998681,964.4999999998995,49.14999999928477,19067.249999862783,0.0,0.0,0.0,0.0,0.0,0.0,9.829999999999927,3813.449999999996,491.5,190672.5,0.0,93.0,501.3299999999872,194485.9499999999,0.0,0.0,1306.5716004681308,415825.5437543151
545,2021-06-29,2021,True,31.49041095890411,983,983,1093,325558.68303608213,1218.533009940335,40429,45,0.11942890097458313,0.8279486011169375,0.16633878530571153,0.15771241979751527,0.12513790797023458,0.3836406962841632,0.9597202441505595,0.13328735696551425,521963.7967642569,0,False,False,True,"{""0"":null,""1"":null,""2"":null,""3"":null}",983.0,539427.0,983.0,382328.0,983.0,382328.0,836.4607210974791,325558.68303608213,836.4607210974791,0.0,0.0,1218.533009940351,417044.0767642555,0.11942890097458303,12.239419901798817,4.0,1548.0,0.0,0.0,88.29999999871507,34272.89999978176,0.0,964.4999999998995,49.14999999928477,19116.399999862067,0.0,0.0,0.0,0.0,0.0,0.0,9.829999999999927,3823.279999999996,491.5,191164.0,0.0,93.0,501.3299999999872,194987.27999999988,0.0,0.0,1218.533009940351,417044.0767642555
546,2021-06-30,2021,True,31.493150684931507,983,983,1093,326395.1437571796,1118.68252617865,40529,60,0.0,0.8240441655244859,0.17522518179655877,0.1577018669356741,0.12525497943261635,0.3836406962841632,0.9600508646998983,0.15828384389595965,522581.14929043554,0,False,False,True,"{""0"":null,""1"":null,""2"":null,""3"":null}",983.0,540410.0,983.0,383311.0,983.0,383311.0,836.4607210974791,326395.1437571796,836.4607210974791,0.0,0.0,1118.682526178658,418162.7592904341,0.0,12.239419901798817,4.0,1552.0,0.0,0.0,88.29999999871507,34361.199999780474,0.0,964.4999999998995,49.14999999928477,19165.549999861352,0.0,0.0,0.0,0.0,0.0,0.0,9.829999999999927,3833.109999999996,491.5,191655.5,0.0,93.0,501.3299999999872,195488.60999999987,0.0,0.0,1118.682526178658,418162.7592904341
547,2021-07-01,2021,True,31.495890410958904,983,983,1093,327231.6044782771,1313.59447380026,40638,54,0.0,0.8259902770294121,0.15546253348135364,0.15773743074193255,0.12541395616498485,0.3836406962841632,0.9599033570701934,0.18141123072477097,523393.4137642358,0,False,False,True,"{""0"":null,""1"":null,""2"":null,""3"":null}",983.0,541393.0,983.0,384294.0,983.0,384294.0,836.4607210974791,327231.6044782771,836.4607210974791,0.0,0.0,1313.5944738002727,419476.3537642344,0.0,12.239419901798817,4.0,1556.0,0.0,0.0,88.29999999871507,34449.49999977919,3.449999999999477,967.949999999899,49.14999999928477,19214.699999860637,0.0,0.0,0.0,0.0,0.0,0.0,9.829999999999927,3842.939999999996,491.5,192147.0,0.0,93.0,501.3299999999872,195989.93999999986,0.0,0.0,1313.5944738002727,419476.3537642344
548,2021-07-02,2021,True,31.4986301369863,983,983,1093,328068.06519937457,1241.061127481116,40729,46,0.0,0.8077583751445658,0.19886950617226934,0.15767615401913132,0.12550677157094525,0.3836406962841632,0.9596388606307223,0.20269512470197779,524133.1448917169,0,False,False,True,"{""0"":null,""1"":null,""2"":null,""3"":null}",983.0,542376.0,983.0,385277.0,983.0,385277.0,836.4607210974791,328068.06519937457,836.4607210974791,0.0,0.0,1241.061127481109,420717.4148917155,0.0,12.239419901798817,4.0,1560.0,0.0,0.0,88.29999999871507,34537.799999777904,3.2999999999994998,971.2499999998985,49.14999999928477,19263.84999985992,0.0,0.0,0.0,0.0,0.0,0.0,9.829999999999927,3852.769999999996,491.5,192638.5,0.0,93.0,501.3299999999872,196491.26999999984,0.0,0.0,1241.061127481109,420717.4148917155
549,2021-07-03,2021,False,31.5013698630137,984,0,1094,328068.06519937457,0.0,39899,46,0.0,,,0.1577447158399514,0.12505426963488542,0.3838928277044169,0.9604827235772357,0.12691423602903984,524132.1448917169,0,False,False,True,"{""0"":null,""1"":null,""2"":null,""3"":null}",984.0,543360.0,0.0,385277.0,0.0,385277.0,0.0,328068.06519937457,0.0,0.0,0.0,0.0,420717.4148917155,0.0,12.239419901798817,0.0,1560.0,0.0,0.0,0.0,34537.799999777904,0.0,971.2499999998985,0.0,19263.84999985992,0.0,0.0,0.0,0.0,0.0,0.0,0.0,3852.769999999996,0.0,192638.5,1.0,94.0,0.0,196491.26999999984,0.0,0.0,0.0,420717.4148917155
550,2021-07-04,2021,False,31.504109589041096,983,0,1094,328068.06519937457,0.0,39899,46,0.0,,,0.15750391695796587,0.1246548310785772,0.3836406962841632,0.9604425228891149,0.07748606031493452,524132.1448917169,0,False,False,True,"{""0"":null,""1"":null,""2"":null,""3"":null}",983.0,544343.0,0.0,385277.0,0.0,385277.0,0.0,328068.06519937457,0.0,0.0,0.0,0.0,420717.4148917155,0.0,12.239419901798817,0.0,1560.0,0.0,0.0,0.0,34537.799999777904,0.0,971.2499999998985,0.0,19263.84999985992,0.0,0.0,0.0,0.0,0.0,0.0,0.0,3852.769999999996,0.0,192638.5,0.0,94.0,0.0,196491.26999999984,0.0,0.0,0.0,420717.4148917155
551,2021-07-05,2021,True,31.506849315068493,984,984,1095,328905.3237980501,1574.7276952868722,40854,13,0.0,0.8535479789870315,0.14160400474857657,0.1576157717793561,0.12415489128416143,0.3838928277044169,0.9589735772357724,0.10641773758359169,525204.0325870038,0,False,False,True,"{""0"":null,""1"":null,""2"":null,""3"":null}",984.0,545327.0,984.0,386261.0,984.0,386261.0,837.2585986755439,328905.3237980501,837.2585986755439,0.0,0.0,1574.727695286856,422292.14258700237,0.0,12.239419901798817,4.0,1564.0,0.0,0.0,88.39999999871361,34626.19999977662,6.899999999998954,978.1499999998974,49.199999999284046,19313.049999859206,0.0,0.0,0.0,0.0,0.0,0.0,9.840000000000146,3862.609999999996,492.0,193130.5,1.0,95.0,501.8399999999965,196993.10999999984,0.0,0.0,1574.727695286856,422292.14258700237
552,2021-07-06,2021,True,31.50958904109589,984,984,1095,329742.58239672566,1491.5681020212344,40923,31,0.0,0.836394791984457,0.16921100083498186,0.1576387790476623,0.12430344153891622,0.3838928277044169,0.959405487804878,0.13334615229358832,526193.760689025,0,False,False,True,"{""0"":null,""1"":null,""2"":null,""3"":null}",984.0,546311.0,984.0,387245.0,984.0,387245.0,837.2585986755439,329742.58239672566,837.2585986755439,0.0,0.0,1491.568102021236,423783.7106890236,0.0,12.239419901798817,4.0,1568.0,0.0,0.0,88.39999999871361,34714.59999977533,0.0,978.1499999998974,49.199999999284046,19362.24999985849,0.0,0.0,0.0,0.0,0.0,0.0,9.840000000000146,3872.449999999996,492.0,193622.5,0.0,95.0,501.8399999999965,197494.94999999984,0.0,0.0,1491.568102021236,423783.7106890236
553,2021-07-07,2021,True,31.512328767123286,983,983,1095,330578.8681445162,1383.6676532340878,41026,51,0.0,0.814910169353369,0.1770477692523661,0.15729386649848714,0.12392653203207138,0.3836406962841632,0.9595829094608341,0.15803939731846167,527076.0983422592,0,False,False,True,"{""0"":null,""1"":null,""2"":null,""3"":null}",983.0,547294.0,983.0,388228.0,983.0,388228.0,836.2857477905345,330578.8681445162,836.2857477905345,0.0,0.0,1383.6676532340935,425167.3783422577,0.0,12.239419901798817,4.0,1572.0,0.0,0.0,88.29999999871507,34802.89999977405,0.0,978.1499999998974,49.14999999928477,19411.399999857775,0.0,0.0,0.0,0.0,0.0,0.0,9.829999999999927,3882.279999999996,491.5,194114.0,0.0,95.0,501.3299999999872,197996.27999999982,0.0,0.0,1383.6676532340935,425167.3783422577
554,2021-07-08,2021,True,31.515068493150686,983,983,1095,331415.1538923067,1326.777696400975,41129,56,0.0,0.8289318779839392,0.17638612670057402,0.15732615165817276,0.12410725348941898,0.3836406962841632,0.9593896236012208,0.18108819542189794,527901.5460386602,0,False,False,True,"{""0"":null,""1"":null,""2"":null,""3"":null}",983.0,548277.0,983.0,389211.0,983.0,389211.0,836.2857477905345,331415.1538923067,836.2857477905345,0.0,0.0,1326.7776964009972,426494.1560386587,0.0,12.239419901798817,4.0,1576.0,0.0,0.0,88.29999999871507,34891.19999977276,1.9499999999997044,980.0999999998971,49.14999999928477,19460.54999985706,0.0,0.0,0.0,0.0,0.0,0.0,9.829999999999927,3892.109999999996,491.5,194605.5,0.0,95.0,501.3299999999872,198497.6099999998,0.0,0.0,1326.7776964009972,426494.1560386587
555,2021-07-09,2021,True,31.517808219178082,983,983,1095,332251.43964009726,1257.3671063446027,41243,49,0.4017004035256865,0.8158440003414917,0.18642557100908444,0.15728407737390598,0.1242430832293887,0.3836406962841632,0.9597558494404882,0.20239620740434602,528657.5831450048,0,False,False,True,"{""0"":null,""1"":null,""2"":null,""3"":null}",983.0,549260.0,983.0,390194.0,983.0,390194.0,836.2857477905345,332251.43964009726,836.2857477905345,0.0,0.0,1257.367106344609,427751.5231450033,0.4017004035256857,12.641120305324502,4.0,1580.0,0.0,0.0,88.29999999871507,34979.49999977148,2.6999999999995907,982.7999999998967,49.14999999928477,19509.699999856344,0.0,0.0,0.0,0.0,0.0,0.0,9.829999999999927,3901.939999999996,491.5,195097.0,0.0,95.0,501.3299999999872,198998.9399999998,0.0,0.0,1257.367106344609,427751.5231450033
556,2021-07-10,2021,False,31.52054794520548,984,0,1096,332251.43964009726,0.0,40399,49,0.0,,,0.15737434235832617,0.12380432613256864,0.3838928277044169,0.9606859756097561,0.1266948224270008,528656.5831450048,0,False,False,True,"{""0"":null,""1"":null,""2"":null,""3"":null}",984.0,550244.0,0.0,390194.0,0.0,390194.0,0.0,332251.43964009726,0.0,0.0,0.0,0.0,427751.5231450033,0.0,12.641120305324502,0.0,1580.0,0.0,0.0,0.0,34979.49999977148,0.0,982.7999999998967,0.0,19509.699999856344,0.0,0.0,0.0,0.0,0.0,0.0,0.0,3901.939999999996,0.0,195097.0,1.0,96.0,0.0,198998.9399999998,0.0,0.0,0.0,427751.5231450033
557,2021-07-11,2021,False,31.523287671232875,984,0,1096,332251.43964009726,0.0,40399,49,0.0,,,0.15737434235832617,0.12380432613256864,0.3838928277044169,0.9606859756097561,0.07723540077009591,528656.5831450048,0,False,False,True,"{""0"":null,""1"":null,""2"":null,""3"":null}",984.0,551228.0,0.0,390194.0,0.0,390194.0,0.0,332251.43964009726,0.0,0.0,0.0,0.0,427751.5231450033,0.0,12.641120305324502,0.0,1580.0,0.0,0.0,0.0,34979.49999977148,0.0,982.7999999998967,0.0,19509.699999856344,0.0,0.0,0.0,0.0,0.0,0.0,0.0,3901.939999999996,0.0,195097.0,0.0,96.0,0.0,198998.9399999998,0.0,0.0,0.0,427751.5231450033
558,2021-07-12,2021,True,31.526027397260275,985,985,1098,333089.4777946499,1568.0668621532457,41352,26,0.0,0.853751130664697,0.12637985090776208,0.15717250368216426,0.12231858033385609,0.3836959278147394,0.9585482233502538,0.10623882235248928,529720.3000071581,0,False,False,True,"{""0"":null,""1"":null,""2"":null,""3"":null}",985.0,552213.0,985.0,391179.0,985.0,391179.0,838.0381545526325,333089.4777946499,838.0381545526325,0.0,0.0,1568.0668621532386,429319.59000715654,0.0,12.641120305324502,4.0,1584.0,0.0,0.0,88.49999999871216,35067.99999977019,7.349999999998886,990.1499999998956,49.24999999928332,19558.949999855628,0.0,0.0,0.0,0.0,0.0,0.0,9.849999999999909,3911.789999999996,492.5,195589.5,2.0,98.0,502.3500000000058,199501.2899999998,0.0,0.0,1568.0668621532386,429319.59000715654
559,2021-07-13,2021,True,31.528767123287672,987,987,1100,333929.28999125486,1468.7753461135962,41426,43,0.0,0.8367198748106639,0.1514281201067307,0.15707009255939042,0.1209518716525795,0.3836406962841632,0.958404255319149,0.1330638933345846,530683.7053532717,0,False,False,True,"{""0"":null,""1"":null,""2"":null,""3"":null}",987.0,553200.0,987.0,392166.0,987.0,392166.0,839.8121966049657,333929.28999125486,839.8121966049657,0.0,0.0,1468.7753461136017,430788.36535327014,0.0,12.641120305324502,4.0,1588.0,0.0,0.0,88.69999999870925,35156.6999997689,0.0,990.1499999998956,49.34999999928186,19608.29999985491,0.0,0.0,0.0,0.0,0.0,0.0,9.86999999999989,3921.6599999999958,493.5,196083.0,2.0,100.0,503.36999999999534,200004.6599999998,0.0,0.0,1468.7753461136017,430788.36535327014
560,2021-07-14,2021,True,31.53150684931507,987,987,1100,334769.1021878598,1378.7774303122862,41526,60,0.13084138007322493,0.8409328385169961,0.14883491704281682,0.15707865847167662,0.12108509816675583,0.3836406962841632,0.9585562310030395,0.1578975890289353,531559.1127835839,0,False,False,True,"{""0"":null,""1"":null,""2"":null,""3"":null}",987.0,554187.0,987.0,393153.0,987.0,393153.0,839.8121966049657,334769.1021878598,839.8121966049657,0.0,0.0,1378.7774303123006,432167.14278358244,0.13084138007322466,12.771961685397727,4.0,1592.0,0.0,0.0,88.69999999870925,35245.39999976761,0.0,990.1499999998956,49.34999999928186,19657.64999985419,0.0,0.0,0.0,0.0,0.0,0.0,9.86999999999989,3931.5299999999957,493.5,196576.5,0.0,100.0,503.36999999999534,200508.0299999998,0.0,0.0,1378.7774303123006,432167.14278358244
561,2021-07-15,2021,True,31.534246575342465,987,987,1100,335608.9143844648,1336.9982393603534,41648,51,0.0,0.8054120035110819,0.17618978535454066,0.15709580059255526,0.12115223538518426,0.3836406962841632,0.9585207700101317,0.18086281872875817,532392.7410229443,0,False,False,True,"{""0"":null,""1"":null,""2"":null,""3"":null}",987.0,555174.0,987.0,394140.0,987.0,394140.0,839.8121966049657,335608.9143844648,839.8121966049657,0.0,0.0,1336.9982393603423,433504.1410229428,0.0,12.771961685397727,4.0,1596.0,0.0,0.0,88.69999999870925,35334.09999976632,3.899999999999409,994.049999999895,49.34999999928186,19706.999999853473,0.0,0.0,0.0,0.0,0.0,0.0,9.86999999999989,3941.3999999999955,493.5,197070.0,0.0,100.0,503.36999999999534,201011.3999999998,0.0,0.0,1336.9982393603423,433504.1410229428
562,2021-07-16,2021,True,31.536986301369865,987,987,1101,336448.5247573921,1273.8366978536044,41738,51,0.0,0.8014338701649031,0.20325158064720283,0.15698181216028162,0.12038777989935204,0.3836406962841632,0.9582624113475177,0.2018664831196345,533162.207720798,0,False,False,True,"{""0"":null,""1"":null,""2"":null,""3"":null}",987.0,556161.0,987.0,395127.0,987.0,395127.0,839.6103729273309,336448.5247573921,839.6103729273309,0.0,0.0,1273.8366978535778,434777.97772079636,0.0,12.771961685397727,4.0,1600.0,0.0,0.0,88.69999999870925,35422.799999765026,2.5499999999996135,996.5999999998946,49.34999999928186,19756.349999852755,0.0,0.0,0.0,0.0,0.0,0.0,9.86999999999989,3951.2699999999954,493.5,197563.5,1.0,101.0,503.36999999999534,201514.7699999998,0.0,0.0,1273.8366978535778,434777.97772079636
563,2021-07-17,2021,False,31.53972602739726,987,0,1101,336448.5247573921,0.0,40899,51,0.0,,,0.15692082600671625,0.12045416382521205,0.3836406962841632,0.9594782168186423,0.12645359040072537,533162.207720798,0,False,False,True,"{""0"":null,""1"":null,""2"":null,""3"":null}",987.0,557148.0,0.0,395127.0,0.0,395127.0,0.0,336448.5247573921,0.0,0.0,0.0,0.0,434777.97772079636,0.0,12.771961685397727,0.0,1600.0,0.0,0.0,0.0,35422.799999765026,0.0,996.5999999998946,0.0,19756.349999852755,0.0,0.0,0.0,0.0,0.0,0.0,0.0,3951.2699999999954,0.0,197563.5,0.0,101.0,0.0,201514.7699999998,0.0,0.0,0.0,434777.97772079636
564,2021-07-18,2021,False,31.542465753424658,987,0,1101,336448.5247573921,0.0,40899,51,0.0,,,0.15692082600671625,0.12045416382521204,0.3836406962841632,0.9594782168186423,0.077033477298482,533162.207720798,0,False,False,True,"{""0"":null,""1"":null,""2"":null,""3"":null}",987.0,558135.0,0.0,395127.0,0.0,395127.0,0.0,336448.5247573921,0.0,0.0,0.0,0.0,434777.97772079636,0.0,12.771961685397727,0.0,1600.0,0.0,0.0,0.0,35422.799999765026,0.0,996.5999999998946,0.0,19756.349999852755,0.0,0.0,0.0,0.0,0.0,0.0,0.0,3951.2699999999954,0.0,197563.5,0.0,101.0,0.0,201514.7699999998,0.0,0.0,0.0,434777.97772079636
565,2021-07-19,2021,True,31.545205479452054,987,987,1101,337288.13513031945,1562.328069241621,41876,14,0.0,0.8520132521930881,0.1410770117652823,0.15692082600671625,0.12045416382521204,0.3836406962841632,0.9585410334346505,0.10587056707152773,534221.1657900396,0,False,False,True,"{""0"":null,""1"":null,""2"":null,""3"":null}",987.0,559122.0,987.0,396114.0,987.0,396114.0,839.6103729273309,337288.13513031945,839.6103729273309,0.0,0.0,1562.328069241601,436340.30579003796,0.0,12.771961685397727,4.0,1604.0,0.0,0.0,88.69999999870925,35511.499999763735,7.64999999999884,1004.2499999998935,49.34999999928186,19805.699999852037,0.0,0.0,0.0,0.0,0.0,0.0,9.86999999999989,3961.1399999999953,493.5,198057.0,0.0,101.0,503.36999999999534,202018.13999999978,0.0,0.0,1562.328069241601,436340.30579003796
566,2021-07-20,2021,True,31.54794520547945,988,988,1102,338128.56324939907,1514.7763853220024,41934,33,0.0,0.8238509703645424,0.17363546049555867,0.15666072687237564,0.11959210579796105,0.38344379639448567,0.958755060728745,0.1327123293514864,535231.0621753616,0,False,False,True,"{""0"":null,""1"":null,""2"":null,""3"":null}",988.0,560110.0,988.0,397102.0,988.0,397102.0,840.4281190796173,338128.56324939907,840.4281190796173,0.0,0.0,1514.7763853219803,437855.08217535994,0.0,12.771961685397727,4.0,1608.0,0.0,0.0,88.79999999870779,35600.29999976244,0.0,1004.2499999998935,49.399999999281135,19855.099999851318,0.0,0.0,0.0,0.0,0.0,0.0,9.88000000000011,3971.0199999999954,494.0,198551.0,1.0,102.0,503.88000000000466,202522.0199999998,0.0,0.0,1514.7763853219803,437855.08217535994
567,2021-07-21,2021,True,31.55068493150685,988,988,1102,338968.9913684787,1417.6165421954104,42032,48,0.07985019505627564,0.8056484395489116,0.19945944366526416,0.15653126326840108,0.11957944425761195,0.38344379639448567,0.9587753036437247,0.15755254807561683,536144.798717557,0,False,False,True,"{""0"":null,""1"":null,""2"":null,""3"":null}",988.0,561098.0,988.0,398090.0,988.0,398090.0,840.4281190796173,338968.9913684787,840.4281190796173,0.0,0.0,1417.6165421954356,439272.6987175554,0.07985019505627555,12.851811880454003,4.0,1612.0,0.0,0.0,88.79999999870779,35689.09999976115,0.0,1004.2499999998935,49.399999999281135,19904.4999998506,0.0,0.0,0.0,0.0,0.0,0.0,9.88000000000011,3980.8999999999955,494.0,199045.0,0.0,102.0,503.88000000000466,203025.8999999998,0.0,0.0,1417.6165421954356,439272.6987175554
568,2021-07-22,2021,True,31.553424657534247,988,988,1102,339809.4194875583,1354.6978938889467,42142,47,0.0,0.837939286650931,0.13933204768583446,0.1565690581879481,0.1197130861746777,0.38344379639448567,0.9589473684210525,0.18053435662660733,536995.6166114459,0,False,False,True,"{""0"":null,""1"":null,""2"":null,""3"":null}",988.0,562086.0,988.0,399078.0,988.0,399078.0,840.4281190796173,339809.4194875583,840.4281190796173,0.0,0.0,1354.6978938889224,440627.3966114443,0.0,12.851811880454003,4.0,1616.0,0.0,0.0,88.79999999870779,35777.89999975986,2.0999999999996817,1006.3499999998932,49.399999999281135,19953.89999984988,0.0,0.0,0.0,0.0,0.0,0.0,9.88000000000011,3990.7799999999957,494.0,199539.0,0.0,102.0,503.88000000000466,203529.7799999998,0.0,0.0,1354.6978938889224,440627.3966114443
569,2021-07-23,2021,True,31.556164383561644,988,988,1102,340649.8476066379,1287.2664824712142,42245,40,0.0,0.8087381982690794,0.1905621785881253,0.15661176864602538,0.11983481722302333,0.38344379639448567,0.9589827935222672,0.2017224087958033,537779.0030939172,0,False,False,True,"{""0"":null,""1"":null,""2"":null,""3"":null}",988.0,563074.0,988.0,400066.0,988.0,400066.0,840.4281190796173,340649.8476066379,840.4281190796173,0.0,0.0,1287.2664824711974,441914.6630939155,0.0,12.851811880454003,4.0,1620.0,0.0,0.0,88.79999999870779,35866.699999758566,2.849999999999568,1009.1999999998927,49.399999999281135,20003.29999984916,0.0,0.0,0.0,0.0,0.0,0.0,9.88000000000011,4000.6599999999958,494.0,200033.0,0.0,102.0,503.88000000000466,204033.6599999998,0.0,0.0,1287.2664824711974,441914.6630939155
570,2021-07-24,2021,False,31.55890410958904,987,0,1102,340649.8476066379,0.0,41399,40,0.0,,,0.15636786873918254,0.11986685966380525,0.3835096261198085,0.9597821681864235,0.1259106887199455,537779.0030939172,0,False,False,True,"{""0"":null,""1"":null,""2"":null,""3"":null}",987.0,564061.0,0.0,400066.0,0.0,400066.0,0.0,340649.8476066379,0.0,0.0,0.0,0.0,441914.6630939155,0.0,12.851811880454003,0.0,1620.0,0.0,0.0,0.0,35866.699999758566,0.0,1009.1999999998927,0.0,20003.29999984916,0.0,0.0,0.0,0.0,0.0,0.0,0.0,4000.6599999999958,0.0,200033.0,0.0,102.0,0.0,204033.6599999998,0.0,0.0,0.0,441914.6630939155
571,2021-07-25,2021,False,31.561643835616437,987,0,1102,340649.8476066379,0.0,41399,40,0.0,,,0.15636786873918254,0.11986685966380524,0.3835096261198085,0.9597821681864235,0.07654775214938217,537779.0030939172,0,False,False,True,"{""0"":null,""1"":null,""2"":null,""3"":null}",987.0,565048.0,0.0,400066.0,0.0,400066.0,0.0,340649.8476066379,0.0,0.0,0.0,0.0,441914.6630939155,0.0,12.851811880454003,0.0,1620.0,0.0,0.0,0.0,35866.699999758566,0.0,1009.1999999998927,0.0,20003.29999984916,0.0,0.0,0.0,0.0,0.0,0.0,0.0,4000.6599999999958,0.0,200033.0,0.0,102.0,0.0,204033.6599999998,0.0,0.0,0.0,441914.6630939155
572,2021-07-26,2021,True,31.564383561643837,986,986,1102,341488.65017696086,1567.6812152478592,42365,16,0.0,0.8437977644416242,0.1478329530359382,0.15676070869892172,0.12034041630462151,0.383706526009486,0.9587018255578093,0.10548337566050078,538843.824309165,0,False,False,True,"{""0"":null,""1"":null,""2"":null,""3"":null}",986.0,566034.0,986.0,401052.0,986.0,401052.0,838.8025703229359,341488.65017696086,838.8025703229359,0.0,0.0,1567.6812152478378,443482.34430916334,0.0,12.851811880454003,4.0,1624.0,0.0,0.0,88.5999999987107,35955.29999975728,5.9999999999990905,1015.1999999998918,49.29999999928259,20052.599999848444,0.0,0.0,0.0,0.0,0.0,0.0,9.860000000000127,4010.519999999996,493.0,200526.0,0.0,102.0,502.85999999998603,204536.5199999998,0.0,0.0,1567.6812152478378,443482.34430916334
573,2021-07-27,2021,True,31.567123287671233,986,986,1102,342327.4527472838,1492.3727579726274,42414,31,0.0,0.8417197504573202,0.13371384249194168,0.15681865870344242,0.12044047886271561,0.383706526009486,0.958762677484787,0.1324130737121323,539833.3370671377,0,False,False,True,"{""0"":null,""1"":null,""2"":null,""3"":null}",986.0,567020.0,986.0,402038.0,986.0,402038.0,838.8025703229359,342327.4527472838,838.8025703229359,0.0,0.0,1492.3727579726255,444974.71706713596,0.0,12.851811880454003,4.0,1628.0,0.0,0.0,88.5999999987107,36043.89999975599,0.0,1015.1999999998918,49.29999999928259,20101.899999847727,0.0,0.0,0.0,0.0,0.0,0.0,9.860000000000127,4020.379999999996,493.0,201019.0,0.0,102.0,502.85999999998603,205039.37999999977,0.0,0.0,1492.3727579726255,444974.71706713596
574,2021-07-28,2021,True,31.56986301369863,986,986,1102,343166.25531760673,1415.8265233024867,42531,50,0.0,0.829606884816506,0.16785201971315167,0.1569163945932987,0.1205065510895284,0.383706526009486,0.9588843813387424,0.15729482518286725,540746.3035904402,0,False,False,True,"{""0"":null,""1"":null,""2"":null,""3"":null}",986.0,568006.0,986.0,403024.0,986.0,403024.0,838.8025703229359,343166.25531760673,838.8025703229359,0.0,0.0,1415.8265233024722,446390.54359043844,0.0,12.851811880454003,4.0,1632.0,0.0,0.0,88.5999999987107,36132.4999997547,0.0,1015.1999999998918,49.29999999928259,20151.19999984701,0.0,0.0,0.0,0.0,0.0,0.0,9.860000000000127,4030.239999999996,493.0,201512.0,0.0,102.0,502.85999999998603,205542.23999999976,0.0,0.0,1415.8265233024722,446390.54359043844
575,2021-07-29,2021,True,31.572602739726026,986,986,1102,344005.05788792967,1325.0471050709768,42634,56,0.0,0.8154245350831797,0.18197184982667733,0.156929807155401,0.12062221869583886,0.383706526009486,0.9588894523326572,0.18023947938938054,541568.4906955112,0,False,False,True,"{""0"":null,""1"":null,""2"":null,""3"":null}",986.0,568992.0,986.0,404010.0,986.0,404010.0,838.8025703229359,344005.05788792967,838.8025703229359,0.0,0.0,1325.0471050709602,447715.5906955094,0.0,12.851811880454003,4.0,1636.0,0.0,0.0,88.5999999987107,36221.09999975341,2.399999999999636,1017.5999999998915,49.29999999928259,20200.49999984629,0.0,0.0,0.0,0.0,0.0,0.0,9.860000000000127,4040.0999999999963,493.0,202005.0,0.0,102.0,502.85999999998603,206045.09999999974,0.0,0.0,1325.0471050709602,447715.5906955094
576,2021-07-30,2021,True,31.575342465753426,986,986,1102,344843.8604582526,1277.0591366529209,42748,55,0.0,0.8021962947080743,0.20197470307845472,0.1568992172190797,0.12074958539719167,0.383706526009486,0.9592494929006086,0.20140631457813402,542342.6898321642,0,False,False,True,"{""0"":null,""1"":null,""2"":null,""3"":null}",986.0,569978.0,986.0,404996.0,986.0,404996.0,838.8025703229359,344843.8604582526,838.8025703229359,0.0,0.0,1277.0591366529115,448992.6498321623,0.0,12.851811880454003,4.0,1640.0,0.0,0.0,88.5999999987107,36309.69999975212,2.249999999999659,1019.8499999998911,49.29999999928259,20249.799999845574,0.0,0.0,0.0,0.0,0.0,0.0,9.860000000000127,4049.9599999999964,493.0,202498.0,0.0,102.0,502.85999999998603,206547.95999999973,0.0,0.0,1277.0591366529115,448992.6498321623
577,2021-07-31,2021,False,31.578082191780823,986,0,1102,344843.8604582526,0.0,41899,55,0.0,,,0.15685171554575592,0.12083549650108134,0.383706526009486,0.9602535496957403,0.1261658549317892,542342.6898321642,0,False,False,True,"{""0"":null,""1"":null,""2"":null,""3"":null}",986.0,570964.0,0.0,404996.0,0.0,404996.0,0.0,344843.8604582526,0.0,0.0,0.0,0.0,448992.6498321623,0.0,12.851811880454003,0.0,1640.0,0.0,0.0,0.0,36309.69999975212,0.0,1019.8499999998911,0.0,20249.799999845574,0.0,0.0,0.0,0.0,0.0,0.0,0.0,4049.9599999999964,0.0,202498.0,0.0,102.0,0.0,206547.95999999973,0.0,0.0,0.0,448992.6498321623
578,2021-08-01,2021,False,31.58082191780822,986,0,1102,344843.8604582526,0.0,41899,55,0.0,,,0.1568517155457559,0.12083549650108134,0.383706526009486,0.9602535496957403,0.07674688633263456,542342.6898321642,0,False,False,True,"{""0"":null,""1"":null,""2"":null,""3"":null}",986.0,571950.0,0.0,404996.0,0.0,404996.0,0.0,344843.8604582526,0.0,0.0,0.0,0.0,448992.6498321623,0.0,12.851811880454003,0.0,1640.0,0.0,0.0,0.0,36309.69999975212,0.0,1019.8499999998911,0.0,20249.799999845574,0.0,0.0,0.0,0.0,0.0,0.0,0.0,4049.9599999999964,0.0,202498.0,0.0,102.0,0.0,206547.95999999973,0.0,0.0,0.0,448992.6498321623
579,2021-08-02,2021,True,31.583561643835615,987,987,1103,345683.46449084114,1566.704840228191,42880,18,0.0,0.8399429926731042,0.15611833574270387,0.1568204743875931,0.12008728032608794,0.38371712420423265,0.9588500506585613,0.10556277253005075,543405.0246723924,0,False,False,True,"{""0"":null,""1"":null,""2"":null,""3"":null}",987.0,572937.0,987.0,405983.0,987.0,405983.0,839.6040325885406,345683.46449084114,839.6040325885406,0.0,0.0,1566.7048402281944,450559.3546723905,0.0,12.851811880454003,4.0,1644.0,0.0,0.0,88.69999999870925,36398.39999975083,8.250000000001933,1028.099999999893,49.34999999928186,20299.149999844856,0.0,0.0,0.0,0.0,0.0,0.0,9.86999999999989,4059.8299999999963,493.5,202991.5,1.0,103.0,503.36999999999534,207051.32999999973,0.0,0.0,1566.7048402281944,450559.3546723905
580,2021-08-03,2021,True,31.586301369863016,987,987,1103,346523.0685234297,1447.4769873203416,42914,33,0.0,0.8388480228842222,0.14751258973772136,0.15685914509318138,0.12024364124376075,0.38371712420423265,0.9589817629179331,0.13237652242060352,544349.1316597128,0,False,False,True,"{""0"":null,""1"":null,""2"":null,""3"":null}",987.0,573924.0,987.0,406970.0,987.0,406970.0,839.6040325885406,346523.0685234297,839.6040325885406,0.0,0.0,1447.4769873203477,452006.83165971085,0.0,12.851811880454003,4.0,1648.0,0.0,0.0,88.69999999870925,36487.09999974954,0.0,1028.099999999893,49.34999999928186,20348.499999844138,0.0,0.0,0.0,0.0,0.0,0.0,9.86999999999989,4069.699999999996,493.5,203485.0,0.0,103.0,503.36999999999534,207554.69999999972,0.0,0.0,1447.4769873203477,452006.83165971085
581,2021-08-04,2021,True,31.589041095890412,987,987,1103,347362.6725560182,1439.832726246123,43016,55,0.0,0.8277635943367814,0.16630561375697106,0.15685613412308508,0.12033570399592598,0.38371712420423265,0.9586372847011144,0.15716698404619733,545285.5943859589,0,False,False,True,"{""0"":null,""1"":null,""2"":null,""3"":null}",987.0,574911.0,987.0,407957.0,987.0,407957.0,839.6040325885406,347362.6725560182,839.6040325885406,0.0,0.0,1439.8327262460953,453446.66438595694,0.0,12.851811880454003,4.0,1652.0,0.0,0.0,88.69999999870925,36575.79999974825,0.0,1028.099999999893,49.34999999928186,20397.84999984342,0.0,0.0,0.0,0.0,0.0,0.0,9.86999999999989,4079.569999999996,493.5,203978.5,0.0,103.0,503.36999999999534,208058.06999999972,0.0,0.0,1439.8327262460953,453446.66438595694
582,2021-08-05,2021,True,31.59178082191781,987,987,1103,348202.27658860676,1327.658086844818,43147,57,0.0,0.8277391069396284,0.16424124893294575,0.1568126561757239,0.1203478878504631,0.38371712420423265,0.9587183383991894,0.18007346767139373,546109.8824728037,0,False,False,True,"{""0"":null,""1"":null,""2"":null,""3"":null}",987.0,575898.0,987.0,408944.0,987.0,408944.0,839.6040325885406,348202.27658860676,839.6040325885406,0.0,0.0,1327.6580868448364,454774.3224728018,0.0,12.851811880454003,4.0,1656.0,0.0,0.0,88.69999999870925,36664.49999974696,2.700000000001637,1030.7999999998947,49.34999999928186,20447.1999998427,0.0,0.0,0.0,0.0,0.0,0.0,9.86999999999989,4089.439999999996,493.5,204472.0,0.0,103.0,503.36999999999534,208561.4399999997,0.0,0.0,1327.6580868448364,454774.3224728018
583,2021-08-06,2021,True,31.594520547945205,987,987,1103,349041.8806211953,1278.3187838296135,43238,60,0.08203036933840666,0.8176750865554527,0.17063579143111518,0.15679339393474812,0.12045549346551275,0.38371712420423265,0.958966565349544,0.2012467741324235,546884.8312566333,0,False,False,True,"{""0"":null,""1"":null,""2"":null,""3"":null}",987.0,576885.0,987.0,409931.0,987.0,409931.0,839.6040325885406,349041.8806211953,839.6040325885406,0.0,0.0,1278.318783829629,456052.6412566314,0.08203036933840657,12.93384224979241,4.0,1660.0,0.0,0.0,88.69999999870925,36753.199999745666,2.2500000000013642,1033.049999999896,49.34999999928186,20496.549999841984,0.0,0.0,0.0,0.0,0.0,0.0,9.86999999999989,4099.309999999996,493.5,204965.5,0.0,103.0,503.36999999999534,209064.8099999997,0.0,0.0,1278.318783829629,456052.6412566314
584,2021-08-07,2021,False,31.5972602739726,987,0,1103,349041.8806211953,0.0,42399,60,0.0,,,0.1568622525307725,0.12055979568563216,0.38371712420423265,0.96,0.12604608073861961,546884.8312566333,0,False,False,True,"{""0"":null,""1"":null,""2"":null,""3"":null}",987.0,577872.0,0.0,409931.0,0.0,409931.0,0.0,349041.8806211953,0.0,0.0,0.0,0.0,456052.6412566314,0.0,12.93384224979241,0.0,1660.0,0.0,0.0,0.0,36753.199999745666,0.0,1033.049999999896,0.0,20496.549999841984,0.0,0.0,0.0,0.0,0.0,0.0,0.0,4099.309999999996,0.0,204965.5,0.0,103.0,0.0,209064.8099999997,0.0,0.0,0.0,456052.6412566314
585,2021-08-08,2021,False,31.6,987,0,1103,349041.8806211953,0.0,42399,60,0.0,,,0.1568622525307725,0.12055979568563217,0.38371712420423265,0.96,0.07668749904307601,546884.8312566333,0,False,False,True,"{""0"":null,""1"":null,""2"":null,""3"":null}",987.0,578859.0,0.0,409931.0,0.0,409931.0,0.0,349041.8806211953,0.0,0.0,0.0,0.0,456052.6412566314,0.0,12.93384224979241,0.0,1660.0,0.0,0.0,0.0,36753.199999745666,0.0,1033.049999999896,0.0,20496.549999841984,0.0,0.0,0.0,0.0,0.0,0.0,0.0,4099.309999999996,0.0,204965.5,0.0,103.0,0.0,209064.8099999997,0.0,0.0,0.0,456052.6412566314
586,2021-08-09,2021,True,31.602739726027398,987,987,1103,349881.48465378385,1568.7367666559192,43387,11,0.0,0.8459453867742734,0.1487970373450906,0.1568622525307725,0.12055979568563216,0.38371712420423265,0.958966565349544,0.10557511769486533,547950.1980232892,0,False,False,True,"{""0"":null,""1"":null,""2"":null,""3"":null}",987.0,579846.0,987.0,410918.0,987.0,410918.0,839.6040325885406,349881.48465378385,839.6040325885406,0.0,0.0,1568.7367666559294,457621.37802328734,0.0,12.93384224979241,4.0,1664.0,0.0,0.0,88.69999999870925,36841.899999744375,9.000000000005457,1042.0499999999015,49.34999999928186,20545.899999841266,0.0,0.0,0.0,0.0,0.0,0.0,9.86999999999989,4109.179999999996,493.5,205459.0,0.0,103.0,503.36999999999534,209568.1799999997,0.0,0.0,1568.7367666559294,457621.37802328734
587,2021-08-10,2021,True,31.605479452054794,986,986,1103,350720.1541544352,1476.216766132084,43420,29,0.0879880634589581,0.8469495748302028,0.15072529339781898,0.1567512475540068,0.12039804901951226,0.383706526009486,0.9592190669371197,0.132238326470171,548923.5547894213,0,False,False,True,"{""0"":null,""1"":null,""2"":null,""3"":null}",986.0,580832.0,986.0,411904.0,986.0,411904.0,838.6695006513619,350720.1541544352,838.6695006513619,0.0,0.0,1476.2167661321,459097.59478941944,0.08798806345895827,13.021830313251368,4.0,1668.0,0.0,0.0,88.5999999987107,36930.499999743086,0.0,1042.0499999999015,49.29999999928259,20595.199999840548,0.0,0.0,0.0,0.0,0.0,0.0,9.859999999999673,4119.039999999995,493.0,205952.0,0.0,103.0,502.85999999998603,210071.0399999997,0.0,0.0,1476.2167661321,459097.59478941944
588,2021-08-11,2021,True,31.60821917808219,986,986,1103,351558.82365508657,1386.7715903586989,43513,42,0.0,0.8448387110859086,0.14821322264249348,0.15672780488073956,0.12043668097541209,0.383706526009486,0.9587981744421906,0.15707619529278316,549807.46637978,0,False,False,True,"{""0"":null,""1"":null,""2"":null,""3"":null}",986.0,581818.0,986.0,412890.0,986.0,412890.0,838.6695006513619,351558.82365508657,838.6695006513619,0.0,0.0,1386.771590358694,460484.36637977813,0.0,13.021830313251368,4.0,1672.0,0.0,0.0,88.5999999987107,37019.0999997418,0.0,1042.0499999999015,49.29999999928259,20644.49999983983,0.0,0.0,0.0,0.0,0.0,0.0,9.859999999999673,4128.899999999995,493.0,206445.0,0.0,103.0,502.85999999998603,210573.89999999967,0.0,0.0,1386.771590358694,460484.36637977813
589,2021-08-12,2021,True,31.610958904109587,984,984,1103,352395.59833069437,1335.585080466754,43633,47,0.0,0.8050018521606203,0.19261918860988408,0.1563312895573629,0.11994577281335558,0.3835202243145551,0.9588516260162602,0.17955479445179143,550641.2114602467,0,False,False,True,"{""0"":null,""1"":null,""2"":null,""3"":null}",984.0,582802.0,984.0,413874.0,984.0,413874.0,836.7746756077977,352395.59833069437,836.7746756077977,0.0,0.0,1335.585080466757,461819.9514602449,0.0,13.021830313251368,4.0,1676.0,0.0,0.0,88.39999999871361,37107.49999974051,1.6500000000010004,1043.6999999999025,49.199999999284046,20693.699999839115,0.0,0.0,0.0,0.0,0.0,0.0,9.840000000000146,4138.739999999995,492.0,206937.0,0.0,103.0,501.8399999999965,211075.73999999967,0.0,0.0,1335.585080466757,461819.9514602449
590,2021-08-13,2021,True,31.613698630136987,984,984,1103,353232.37300630216,1279.9409366981984,43741,47,0.0,0.7957013550854961,0.17857934642170042,0.15632486155937025,0.12007567281792664,0.3835202243145551,0.9588668699186992,0.20068066417744623,551419.312396945,0,False,False,True,"{""0"":null,""1"":null,""2"":null,""3"":null}",984.0,583786.0,984.0,414858.0,984.0,414858.0,836.7746756077977,353232.37300630216,836.7746756077977,0.0,0.0,1279.9409366981708,463099.89239694306,0.0,13.021830313251368,4.0,1680.0,0.0,0.0,88.39999999871361,37195.899999739224,2.700000000001637,1046.3999999999041,49.199999999284046,20742.8999998384,0.0,0.0,0.0,0.0,0.0,0.0,9.840000000000146,4148.579999999995,492.0,207429.0,0.0,103.0,501.8399999999965,211577.57999999967,0.0,0.0,1279.9409366981708,463099.89239694306
591,2021-08-14,2021,False,31.616438356164384,984,0,1104,353232.37300630216,0.0,42899,47,0.0,,,0.1563766342321011,0.11948460146404685,0.3835212613457353,0.9598831300813008,0.12553782030717217,551418.312396945,0,False,False,True,"{""0"":null,""1"":null,""2"":null,""3"":null}",984.0,584770.0,0.0,414858.0,0.0,414858.0,0.0,353232.37300630216,0.0,0.0,0.0,0.0,463099.89239694306,0.0,13.021830313251368,0.0,1680.0,0.0,0.0,0.0,37195.899999739224,0.0,1046.3999999999041,0.0,20742.8999998384,0.0,0.0,0.0,0.0,0.0,0.0,0.0,4148.579999999995,0.0,207429.0,1.0,104.0,0.0,211577.57999999967,0.0,0.0,0.0,463099.89239694306
592,2021-08-15,2021,False,31.61917808219178,983,0,1104,353232.37300630216,0.0,42899,47,0.0,,,0.15623538358244765,0.11929340324249467,0.3835106631509886,0.9598423194303153,0.07634306493694086,551418.312396945,0,False,False,True,"{""0"":null,""1"":null,""2"":null,""3"":null}",983.0,585753.0,0.0,414858.0,0.0,414858.0,0.0,353232.37300630216,0.0,0.0,0.0,0.0,463099.89239694306,0.0,13.021830313251368,0.0,1680.0,0.0,0.0,0.0,37195.899999739224,0.0,1046.3999999999041,0.0,20742.8999998384,0.0,0.0,0.0,0.0,0.0,0.0,0.0,4148.579999999995,0.0,207429.0,0.0,104.0,0.0,211577.57999999967,0.0,0.0,0.0,463099.89239694306
593,2021-08-16,2021,True,31.621917808219177,983,983,1104,354068.33502447547,1553.7268234435567,43866,20,0.0,0.8464039729256313,0.166863221770521,0.15623538358244765,0.1192934032424947,0.3835106631509886,0.9588758901322483,0.1051055847048796,552470.7092203886,0,False,False,True,"{""0"":null,""1"":null,""2"":null,""3"":null}",983.0,586736.0,983.0,415841.0,983.0,415841.0,835.9620181733044,354068.33502447547,835.9620181733044,0.0,0.0,1553.726823443547,464653.6192203866,0.0,13.021830313251368,4.0,1684.0,0.0,0.0,88.29999999871507,37284.19999973794,7.050000000004275,1053.4499999999084,49.14999999928477,20792.049999837684,0.0,0.0,0.0,0.0,0.0,0.0,9.829999999999927,4158.409999999995,491.5,207920.5,0.0,104.0,501.3299999999872,212078.90999999965,0.0,0.0,1553.726823443547,464653.6192203866
594,2021-08-17,2021,True,31.624657534246577,985,985,1106,354906.01569643663,1490.9306768702274,43922,36,0.0,0.8182091745039773,0.1719899187649706,0.15614787335866245,0.11796693698191728,0.38353185954048186,0.9587106598984771,0.13191774596259312,553457.2898972589,0,False,False,True,"{""0"":null,""1"":null,""2"":null,""3"":null}",985.0,587721.0,985.0,416826.0,985.0,416826.0,837.6806719611632,354906.01569643663,837.6806719611632,0.0,0.0,1490.9306768702227,466144.54989725683,0.0,13.021830313251368,4.0,1688.0,0.0,0.0,88.49999999871216,37372.69999973665,0.0,1053.4499999999084,49.24999999928332,20841.299999836967,0.0,0.0,0.0,0.0,0.0,0.0,9.850000000000364,4168.259999999996,492.5,208413.0,2.0,106.0,502.3500000000058,212581.25999999966,0.0,0.0,1490.9306768702227,466144.54989725683
595,2021-08-18,2021,True,31.627397260273973,986,986,1107,355744.6707993301,1420.6503906960409,44012,49,0.039560050392965646,0.8458937846436455,0.14930330832236877,0.15606689019563633,0.11719277200216056,0.38346499278397894,0.9581592292089249,0.15665756588168123,554374.0802879549,0,False,False,True,"{""0"":null,""1"":null,""2"":null,""3"":null}",986.0,588707.0,986.0,417812.0,986.0,417812.0,838.6551028934773,355744.6707993301,838.6551028934773,0.0,0.0,1420.6503906960133,467565.20028795284,0.03956005039296606,13.061390363644334,4.0,1692.0,0.0,0.0,88.5999999987107,37461.29999973536,0.0,1053.4499999999084,49.29999999928259,20890.59999983625,0.0,0.0,0.0,0.0,0.0,0.0,9.859999999999673,4178.119999999995,493.0,208906.0,1.0,107.0,502.85999999998603,213084.11999999965,0.0,0.0,1420.6503906960133,467565.20028795284
596,2021-08-19,2021,True,31.63013698630137,986,986,1107,356583.3259022236,1340.4573024750139,44145,47,0.0,0.8052788271526965,0.18236184988603393,0.15603756906422367,0.11726919278700225,0.38346499278397894,0.9578803245436106,0.1794727084677517,555211.6775904299,0,False,False,True,"{""0"":null,""1"":null,""2"":null,""3"":null}",986.0,589693.0,986.0,418798.0,986.0,418798.0,838.6551028934773,356583.3259022236,838.6551028934773,0.0,0.0,1340.4573024749989,468905.65759042784,0.0,13.061390363644334,4.0,1696.0,0.0,0.0,88.5999999987107,37549.89999973407,3.000000000001819,1056.4499999999102,49.29999999928259,20939.899999835532,0.0,0.0,0.0,0.0,0.0,0.0,9.859999999999673,4187.979999999995,493.0,209399.0,0.0,107.0,502.85999999998603,213586.97999999963,0.0,0.0,1340.4573024749989,468905.65759042784
597,2021-08-20,2021,True,31.632876712328766,986,986,1107,357421.98100511706,1307.2636916849528,44247,46,0.05680641520322999,0.7991769825960173,0.1897839711874912,0.1560746651879218,0.11743586083001697,0.38346499278397894,0.9580476673427992,0.20051808792455772,556016.0812821148,0,False,False,True,"{""0"":null,""1"":null,""2"":null,""3"":null}",986.0,590679.0,986.0,419784.0,986.0,419784.0,838.6551028934773,357421.98100511706,838.6551028934773,0.0,0.0,1307.2636916849297,470212.9212821128,0.05680641520322993,13.118196778847564,4.0,1700.0,0.0,0.0,88.5999999987107,37638.49999973278,2.400000000001455,1058.8499999999117,49.29999999928259,20989.199999834815,0.0,0.0,0.0,0.0,0.0,0.0,9.859999999999673,4197.839999999995,493.0,209892.0,0.0,107.0,502.85999999998603,214089.83999999962,0.0,0.0,1307.2636916849297,470212.9212821128
598,2021-08-21,2021,False,31.635616438356166,987,0,1108,357421.98100511706,0.0,43399,46,0.0,,,0.15607189989577638,0.1168075067534903,0.3833991630586562,0.9590020263424518,0.1251822644454664,556015.0812821148,0,False,False,True,"{""0"":null,""1"":null,""2"":null,""3"":null}",987.0,591666.0,0.0,419784.0,0.0,419784.0,0.0,357421.98100511706,0.0,0.0,0.0,0.0,470212.9212821128,0.0,13.118196778847564,0.0,1700.0,0.0,0.0,0.0,37638.49999973278,0.0,1058.8499999999117,0.0,20989.199999834815,0.0,0.0,0.0,0.0,0.0,0.0,0.0,4197.839999999995,0.0,209892.0,1.0,108.0,0.0,214089.83999999962,0.0,0.0,0.0,470212.9212821128
599,2021-08-22,2021,False,31.638356164383563,987,0,1108,357421.98100511706,0.0,43399,46,0.0,,,0.15607189989577638,0.11680750675349029,0.3833991630586562,0.9590020263424518,0.07608580356453289,556015.0812821148,0,False,False,True,"{""0"":null,""1"":null,""2"":null,""3"":null}",987.0,592653.0,0.0,419784.0,0.0,419784.0,0.0,357421.98100511706,0.0,0.0,0.0,0.0,470212.9212821128,0.0,13.118196778847564,0.0,1700.0,0.0,0.0,0.0,37638.49999973278,0.0,1058.8499999999117,0.0,20989.199999834815,0.0,0.0,0.0,0.0,0.0,0.0,0.0,4197.839999999995,0.0,209892.0,0.0,108.0,0.0,214089.83999999962,0.0,0.0,0.0,470212.9212821128
600,2021-08-23,2021,True,31.64109589041096,987,987,1108,358261.5083656943,1588.692884312508,44375,16,0.0,0.8480854066888329,0.14757073216243322,0.15607189989577638,0.11680750675349032,0.3833991630586562,0.958049645390071,0.10487476515157208,557100.4041664273,0,False,False,True,"{""0"":null,""1"":null,""2"":null,""3"":null}",987.0,593640.0,987.0,420771.0,987.0,420771.0,839.5273605772527,358261.5083656943,839.5273605772527,0.0,0.0,1588.6928843125352,471801.6141664253,0.0,13.118196778847564,4.0,1704.0,0.0,0.0,88.69999999870925,37727.19999973149,6.900000000004184,1065.7499999999159,49.34999999928186,21038.549999834097,0.0,0.0,0.0,0.0,0.0,0.0,9.86999999999989,4207.709999999995,493.5,210385.5,0.0,108.0,503.36999999999534,214593.2099999996,0.0,0.0,1588.6928843125352,471801.6141664253
601,2021-08-24,2021,True,31.643835616438356,987,987,1108,359101.03572627157,1488.619454426291,44420,36,0.0,0.8339684222301675,0.14190379477626064,0.15609222000642653,0.1169318599097225,0.3833991630586562,0.9581661600810537,0.13167194488088285,558085.6536208537,0,False,False,True,"{""0"":null,""1"":null,""2"":null,""3"":null}",987.0,594627.0,987.0,421758.0,987.0,421758.0,839.5273605772527,359101.03572627157,839.5273605772527,0.0,0.0,1488.6194544262835,473290.2336208516,0.0,13.118196778847564,4.0,1708.0,0.0,0.0,88.69999999870925,37815.8999997302,0.0,1065.7499999999159,49.34999999928186,21087.89999983338,0.0,0.0,0.0,0.0,0.0,0.0,9.86999999999989,4217.5799999999945,493.5,210879.0,0.0,108.0,503.36999999999534,215096.5799999996,0.0,0.0,1488.6194544262835,473290.2336208516
602,2021-08-25,2021,True,31.646575342465752,988,988,1109,359941.28189402464,1418.379344644099,44525,48,0.01158242090205127,0.8269250467379488,0.1513957067180595,0.15619603143951943,0.11653634212747475,0.3836472553202913,0.957753036437247,0.1563696708528339,558999.1529654978,0,False,False,True,"{""0"":null,""1"":null,""2"":null,""3"":null}",988.0,595615.0,988.0,422746.0,988.0,422746.0,840.2461677530664,359941.28189402464,840.2461677530664,0.0,0.0,1418.3793446440832,474708.6129654957,0.011582420902051638,13.129779199749615,4.0,1712.0,0.0,0.0,88.79999999870779,37904.69999972891,0.0,1065.7499999999159,49.399999999281135,21137.29999983266,0.0,0.0,0.0,0.0,0.0,0.0,9.88000000000011,4227.459999999995,494.0,211373.0,1.0,109.0,503.88000000000466,215600.4599999996,0.0,0.0,1418.3793446440832,474708.6129654957
603,2021-08-26,2021,True,31.649315068493152,988,988,1109,360781.5280617777,1360.8594544158277,44638,51,0.0,0.8229348708622151,0.17260316537353426,0.1561411662781696,0.11661202471757033,0.3836472553202913,0.9576771255060729,0.1791617829446413,559856.1324199137,0,False,False,True,"{""0"":null,""1"":null,""2"":null,""3"":null}",988.0,596603.0,988.0,423734.0,988.0,423734.0,840.2461677530664,360781.5280617777,840.2461677530664,0.0,0.0,1360.859454415855,476069.47241991153,0.0,13.129779199749615,4.0,1716.0,0.0,0.0,88.79999999870779,37993.49999972762,2.400000000001455,1068.1499999999173,49.399999999281135,21186.69999983194,0.0,0.0,0.0,0.0,0.0,0.0,9.88000000000011,4237.339999999995,494.0,211867.0,0.0,109.0,503.88000000000466,216104.33999999962,0.0,0.0,1360.859454415855,476069.47241991153
604,2021-08-27,2021,True,31.65205479452055,988,988,1109,361621.77422953077,1283.2245589022477,44759,39,0.0,0.7984767482052979,0.18406017061168367,0.156172831731872,0.11671587892963439,0.3836472553202913,0.9579908906882592,0.20019835054472157,560635.4769788159,0,False,False,True,"{""0"":null,""1"":null,""2"":null,""3"":null}",988.0,597591.0,988.0,424722.0,988.0,424722.0,840.2461677530664,361621.77422953077,840.2461677530664,0.0,0.0,1283.224558902264,477352.6969788138,0.0,13.129779199749615,4.0,1720.0,0.0,0.0,88.79999999870779,38082.299999726325,3.000000000001819,1071.1499999999191,49.399999999281135,21236.09999983122,0.0,0.0,0.0,0.0,0.0,0.0,9.88000000000011,4247.219999999995,494.0,212361.0,0.0,109.0,503.88000000000466,216608.21999999962,0.0,0.0,1283.224558902264,477352.6969788138
605,2021-08-28,2021,False,31.654794520547945,988,0,1109,361621.77422953077,0.0,43899,39,0.0,,,0.15615550845704385,0.11675058688418133,0.3836472553202913,0.9591852226720647,0.12521757526547375,560635.4769788159,0,False,False,True,"{""0"":null,""1"":null,""2"":null,""3"":null}",988.0,598579.0,0.0,424722.0,0.0,424722.0,0.0,361621.77422953077,0.0,0.0,0.0,0.0,477352.6969788138,0.0,13.129779199749615,0.0,1720.0,0.0,0.0,0.0,38082.299999726325,0.0,1071.1499999999191,0.0,21236.09999983122,0.0,0.0,0.0,0.0,0.0,0.0,0.0,4247.219999999995,0.0,212361.0,0.0,109.0,0.0,216608.21999999962,0.0,0.0,0.0,477352.6969788138
606,2021-08-29,2021,False,31.65753424657534,989,0,1110,361621.77422953077,0.0,43899,39,0.0,,,0.15627541682557416,0.11625335844065209,0.383899386740545,0.958923154701719,0.07610436806262043,560634.4769788159,0,False,False,True,"{""0"":null,""1"":null,""2"":null,""3"":null}",989.0,599568.0,0.0,424722.0,0.0,424722.0,0.0,361621.77422953077,0.0,0.0,0.0,0.0,477352.6969788138,0.0,13.129779199749615,0.0,1720.0,0.0,0.0,0.0,38082.299999726325,0.0,1071.1499999999191,0.0,21236.09999983122,0.0,0.0,0.0,0.0,0.0,0.0,0.0,4247.219999999995,0.0,212361.0,1.0,110.0,0.0,216608.21999999962,0.0,0.0,0.0,477352.6969788138
607,2021-08-30,2021,True,31.660273972602738,989,989,1110,362462.83244884876,1560.5548219797433,44877,9,0.0,0.8371401926105886,0.15283698296479103,0.15627541682557416,0.11625335844065209,0.383899386740545,0.958154701718908,0.10482651455989092,561690.6418007956,0,False,False,True,"{""0"":null,""1"":null,""2"":null,""3"":null}",989.0,600557.0,989.0,425711.0,989.0,425711.0,841.0582193179871,362462.83244884876,841.0582193179871,0.0,0.0,1560.5548219797201,478913.2518007935,0.0,13.129779199749615,4.0,1724.0,0.0,0.0,88.89999999870633,38171.19999972503,5.850000000003547,1076.9999999999227,49.44999999928041,21285.549999830502,0.0,0.0,0.0,0.0,0.0,0.0,9.890000000000327,4257.109999999995,494.5,212855.5,0.0,110.0,504.39000000001397,217112.60999999964,0.0,0.0,1560.5548219797201,478913.2518007935
608,2021-08-31,2021,True,31.663013698630138,989,989,1110,363303.89066816674,1499.411404278761,44936,24,0.0,0.8281795011669335,0.16690593557142347,0.15627063905789684,0.11637755254919409,0.383899386740545,0.9587158746208291,0.13159990224130705,562685.6632050743,0,False,False,True,"{""0"":null,""1"":null,""2"":null,""3"":null}",989.0,601546.0,989.0,426700.0,989.0,426700.0,841.0582193179871,363303.89066816674,841.0582193179871,0.0,0.0,1499.4114042787696,480412.6632050723,0.0,13.129779199749615,4.0,1728.0,0.0,0.0,88.89999999870633,38260.09999972374,0.0,1076.9999999999227,49.44999999928041,21334.999999829783,0.0,0.0,0.0,0.0,0.0,0.0,9.890000000000327,4266.999999999995,494.5,213350.0,0.0,110.0,504.39000000001397,217616.99999999965,0.0,0.0,1499.4114042787696,480412.6632050723
609,2021-09-01,2021,True,31.665753424657535,989,989,1110,364144.94888748473,1434.5913694271544,45040,34,0.0,0.8199871363126128,0.16767814348349208,0.15630575567037402,0.11642936487709785,0.383899386740545,0.958690596562184,0.156381374303386,563615.8645745014,0,False,False,True,"{""0"":null,""1"":null,""2"":null,""3"":null}",989.0,602535.0,989.0,427689.0,989.0,427689.0,841.0582193179871,364144.94888748473,841.0582193179871,0.0,0.0,1434.5913694271585,481847.25457449944,0.0,13.129779199749615,4.0,1732.0,0.0,0.0,88.89999999870633,38348.999999722444,0.0,1076.9999999999227,49.44999999928041,21384.449999829063,0.0,0.0,0.0,0.0,0.0,0.0,9.890000000000327,4276.889999999996,494.5,213844.5,0.0,110.0,504.39000000001397,218121.38999999966,0.0,0.0,1434.5913694271585,481847.25457449944
610,2021-09-02,2021,True,31.66849315068493,989,989,1110,364986.0071068027,1366.7932904173367,45140,45,0.0,0.7926707779295854,0.1865781065608936,0.15635233160270734,0.1165613728873995,0.383899386740545,0.9584630940343781,0.1791949749461807,564478.2678649187,0,False,False,True,"{""0"":null,""1"":null,""2"":null,""3"":null}",989.0,603524.0,989.0,428678.0,989.0,428678.0,841.0582193179871,364986.0071068027,841.0582193179871,0.0,0.0,1366.7932904173504,483214.0478649168,0.0,13.129779199749615,4.0,1736.0,0.0,0.0,88.89999999870633,38437.89999972115,1.3500000000008185,1078.3499999999235,49.44999999928041,21433.899999828343,0.0,0.0,0.0,0.0,0.0,0.0,9.890000000000327,4286.779999999996,494.5,214339.0,0.0,110.0,504.39000000001397,218625.77999999968,0.0,0.0,1366.7932904173504,483214.0478649168
611,2021-09-03,2021,True,31.671232876712327,989,989,1110,365827.0653261207,1278.9111987447448,45253,47,0.0,0.81295142349067,0.1871158935572033,0.15632571234765563,0.1166666547226686,0.383899386740545,0.9587967644084934,0.20026911924530338,565252.7890636635,0,False,False,True,"{""0"":null,""1"":null,""2"":null,""3"":null}",989.0,604513.0,989.0,429667.0,989.0,429667.0,841.0582193179871,365827.0653261207,841.0582193179871,0.0,0.0,1278.911198744725,484492.9590636615,0.0,13.129779199749615,4.0,1740.0,0.0,0.0,88.89999999870633,38526.79999971986,2.2500000000013642,1080.5999999999249,49.44999999928041,21483.349999827624,0.0,0.0,0.0,0.0,0.0,0.0,9.890000000000327,4296.669999999996,494.5,214833.5,0.0,110.0,504.39000000001397,219130.1699999997,0.0,0.0,1278.911198744725,484492.9590636615
612,2021-09-04,2021,False,31.673972602739727,989,0,1110,365827.0653261207,0.0,44399,47,0.0,,,0.15627673752837587,0.11676637688770793,0.383899386740545,0.9597623862487361,0.1252955266087728,565252.7890636635,0,False,False,True,"{""0"":null,""1"":null,""2"":null,""3"":null}",989.0,605502.0,0.0,429667.0,0.0,429667.0,0.0,365827.0653261207,0.0,0.0,0.0,0.0,484492.9590636615,0.0,13.129779199749615,0.0,1740.0,0.0,0.0,0.0,38526.79999971986,0.0,1080.5999999999249,0.0,21483.349999827624,0.0,0.0,0.0,0.0,0.0,0.0,0.0,4296.669999999996,0.0,214833.5,0.0,110.0,0.0,219130.1699999997,0.0,0.0,0.0,484492.9590636615
613,2021-09-05,2021,False,31.676712328767124,989,0,1110,365827.0653261207,0.0,44399,47,0.0,,,0.15627673752837587,0.11676637688770794,0.383899386740545,0.9597623862487361,0.07624082050774467,565252.7890636635,0,False,False,True,"{""0"":null,""1"":null,""2"":null,""3"":null}",989.0,606491.0,0.0,429667.0,0.0,429667.0,0.0,365827.0653261207,0.0,0.0,0.0,0.0,484492.9590636615,0.0,13.129779199749615,0.0,1740.0,0.0,0.0,0.0,38526.79999971986,0.0,1080.5999999999249,0.0,21483.349999827624,0.0,0.0,0.0,0.0,0.0,0.0,0.0,4296.669999999996,0.0,214833.5,0.0,110.0,0.0,219130.1699999997,0.0,0.0,0.0,484492.9590636615
614,2021-09-06,2021,True,31.67945205479452,988,988,1110,366667.26991468173,1616.7712275088093,45387,16,0.0,0.8420590400932824,0.15237257612293198,0.15616262454667734,0.1166601672748534,0.3839652164658678,0.9589878542510122,0.10509351456966445,566365.6802911722,0,False,False,True,"{""0"":null,""1"":null,""2"":null,""3"":null}",988.0,607479.0,988.0,430655.0,988.0,430655.0,840.2045885610278,366667.26991468173,840.2045885610278,0.0,0.0,1616.7712275087833,486109.7302911703,0.0,13.129779199749615,4.0,1744.0,0.0,0.0,88.79999999870779,38615.599999718565,7.050000000004275,1087.6499999999292,49.399999999281135,21532.749999826905,0.0,0.0,0.0,0.0,0.0,0.0,9.88000000000011,4306.5499999999965,494.0,215327.5,0.0,110.0,503.88000000000466,219634.0499999997,0.0,0.0,1616.7712275087833,486109.7302911703
615,2021-09-07,2021,True,31.682191780821917,988,988,1110,367507.47450324276,1521.6793228323518,45450,26,0.21796678705138484,0.8462634143945857,0.1414812190476489,0.15619533940880126,0.11689226566271296,0.3839652164658678,0.9595141700404858,0.13187627977145908,567383.4796140046,0,False,False,True,"{""0"":null,""1"":null,""2"":null,""3"":null}",988.0,608467.0,988.0,431643.0,988.0,431643.0,840.2045885610278,367507.47450324276,840.2045885610278,0.0,0.0,1521.6793228323804,487631.4096140027,0.21796678705138461,13.347745986801,4.0,1748.0,0.0,0.0,88.79999999870779,38704.39999971727,0.0,1087.6499999999292,49.399999999281135,21582.149999826186,0.0,0.0,0.0,0.0,0.0,0.0,9.88000000000011,4316.429999999997,494.0,215821.5,0.0,110.0,503.88000000000466,220137.9299999997,0.0,0.0,1521.6793228323804,487631.4096140027
616,2021-09-08,2021,True,31.684931506849317,989,989,1111,368348.52457390033,1400.8870959619258,45540,44,0.0,0.8381483374001586,0.1573448689055334,0.1559123371821733,0.11606198894696672,0.38376831657619026,0.9591304347826087,0.1566347712432619,568278.9767099665,0,False,False,True,"{""0"":null,""1"":null,""2"":null,""3"":null}",989.0,609456.0,989.0,432632.0,989.0,432632.0,841.0500706575694,368348.52457390033,841.0500706575694,0.0,0.0,1400.8870959619526,489032.29670996463,0.0,13.347745986801,4.0,1752.0,0.0,0.0,88.89999999870633,38793.29999971598,0.0,1087.6499999999292,49.44999999928041,21631.599999825467,0.0,0.0,0.0,0.0,0.0,0.0,9.890000000000327,4326.319999999997,494.5,216316.0,1.0,111.0,504.39000000001397,220642.31999999972,0.0,0.0,1400.8870959619526,489032.29670996463
617,2021-09-09,2021,True,31.687671232876713,989,989,1111,369189.5746445579,1390.2977102827456,45661,46,0.0027422477962598074,0.8231532330566464,0.17204434065182084,0.1559953453660757,0.11611320436157394,0.38376831657619026,0.9592467138523761,0.17952234723377555,569164.8844202493,0,False,False,True,"{""0"":null,""1"":null,""2"":null,""3"":null}",989.0,610445.0,989.0,433621.0,989.0,433621.0,841.0500706575694,369189.5746445579,841.0500706575694,0.0,0.0,1390.297710282728,490422.59442024736,0.0027422477962595337,13.35048823459726,4.0,1756.0,0.0,0.0,88.89999999870633,38882.199999714685,2.400000000001455,1090.0499999999306,49.44999999928041,21681.049999824747,0.0,0.0,0.0,0.0,0.0,0.0,9.890000000000327,4336.209999999997,494.5,216810.5,0.0,111.0,504.39000000001397,221146.70999999973,0.0,0.0,1390.297710282728,490422.59442024736
618,2021-09-10,2021,True,31.69041095890411,989,989,1111,370030.62471521547,1316.6726469786609,45753,49,0.0,0.8159210853486029,0.18059176399926535,0.15598818018374777,0.11628607828004743,0.38376831657619026,0.9593225480283114,0.2006562798037457,569977.1670672279,0,False,False,True,"{""0"":null,""1"":null,""2"":null,""3"":null}",989.0,611434.0,989.0,434610.0,989.0,434610.0,841.0500706575694,370030.62471521547,841.0500706575694,0.0,0.0,1316.6726469786372,491739.267067226,0.0,13.35048823459726,4.0,1760.0,0.0,0.0,88.89999999870633,38971.09999971339,1.5000000000009095,1091.5499999999315,49.44999999928041,21730.499999824027,0.0,0.0,0.0,0.0,0.0,0.0,9.890000000000327,4346.099999999998,494.5,217305.0,0.0,111.0,504.39000000001397,221651.09999999974,0.0,0.0,1316.6726469786372,491739.267067226
619,2021-09-11,2021,False,31.693150684931506,989,0,1111,370030.62471521547,0.0,44899,49,0.0,,,0.155952102936011,0.11636322641647674,0.38376831657619026,0.9602426693629929,0.12557297862004654,569977.1670672279,0,False,False,True,"{""0"":null,""1"":null,""2"":null,""3"":null}",989.0,612423.0,0.0,434610.0,0.0,434610.0,0.0,370030.62471521547,0.0,0.0,0.0,0.0,491739.267067226,0.0,13.35048823459726,0.0,1760.0,0.0,0.0,0.0,38971.09999971339,0.0,1091.5499999999315,0.0,21730.499999824027,0.0,0.0,0.0,0.0,0.0,0.0,0.0,4346.099999999998,0.0,217305.0,0.0,111.0,0.0,221651.09999999974,0.0,0.0,0.0,491739.267067226
620,2021-09-12,2021,False,31.695890410958903,988,0,1111,370030.62471521547,0.0,44899,49,0.0,,,0.1560229452893216,0.11644535326962592,0.3837577183814437,0.9602024291497975,0.07655440383600375,569977.1670672279,0,False,False,True,"{""0"":null,""1"":null,""2"":null,""3"":null}",988.0,613411.0,0.0,434610.0,0.0,434610.0,0.0,370030.62471521547,0.0,0.0,0.0,0.0,491739.267067226,0.0,13.35048823459726,0.0,1760.0,0.0,0.0,0.0,38971.09999971339,0.0,1091.5499999999315,0.0,21730.499999824027,0.0,0.0,0.0,0.0,0.0,0.0,0.0,4346.099999999998,0.0,217305.0,0.0,111.0,0.0,221651.09999999974,0.0,0.0,0.0,491739.267067226
621,2021-09-13,2021,True,31.698630136986303,988,988,1111,370870.76927659556,1590.3476815097224,45882,18,0.0,0.8411462577871474,0.1548188240757915,0.1560229452893216,0.11644535326962592,0.3837577183814437,0.9592914979757085,0.10533368477064647,571063.6347487376,0,False,False,True,"{""0"":null,""1"":null,""2"":null,""3"":null}",988.0,614399.0,988.0,435598.0,988.0,435598.0,840.1445613800897,370870.76927659556,840.1445613800897,0.0,0.0,1590.3476815097383,493329.61474873574,0.0,13.35048823459726,4.0,1764.0,0.0,0.0,88.79999999870779,39059.8999997121,7.3500000000044565,1098.899999999936,49.399999999281135,21779.89999982331,0.0,0.0,0.0,0.0,0.0,0.0,9.88000000000011,4355.979999999998,494.0,217799.0,0.0,111.0,503.88000000000466,222154.97999999975,0.0,0.0,1590.3476815097383,493329.61474873574
622,2021-09-14,2021,True,31.7013698630137,988,988,1111,371710.91383797565,1502.4392803072922,45940,34,0.0,0.8451541923594447,0.14268838817885177,0.15603972226645196,0.11664866650632738,0.3837577183814437,0.9596002024291498,0.13206760210616422,572062.1940290448,0,False,False,True,"{""0"":null,""1"":null,""2"":null,""3"":null}",988.0,615387.0,988.0,436586.0,988.0,436586.0,840.1445613800897,371710.91383797565,840.1445613800897,0.0,0.0,1502.4392803072697,494832.054029043,0.0,13.35048823459726,4.0,1768.0,0.0,0.0,88.79999999870779,39148.69999971081,0.0,1098.899999999936,49.399999999281135,21829.29999982259,0.0,0.0,0.0,0.0,0.0,0.0,9.88000000000011,4365.859999999998,494.0,218293.0,0.0,111.0,503.88000000000466,222658.85999999975,0.0,0.0,1502.4392803072697,494832.054029043
623,2021-09-15,2021,True,31.704109589041096,988,988,1111,372551.05839935574,1462.834902283474,46048,45,0.12699085797374027,0.8118017641812436,0.17817281271751617,0.15597911285553342,0.11675600879995553,0.3837577183814437,0.9598127530364372,0.15686702184496112,573021.1489313283,0,False,False,True,"{""0"":null,""1"":null,""2"":null,""3"":null}",988.0,616375.0,988.0,437574.0,988.0,437574.0,840.1445613800897,372551.05839935574,840.1445613800897,0.0,0.0,1462.8349022835027,496294.8889313265,0.1269908579737411,13.477479092571,4.0,1772.0,0.0,0.0,88.79999999870779,39237.499999709515,0.0,1098.899999999936,49.399999999281135,21878.69999982187,0.0,0.0,0.0,0.0,0.0,0.0,9.88000000000011,4375.739999999998,494.0,218787.0,0.0,111.0,503.88000000000466,223162.73999999976,0.0,0.0,1462.8349022835027,496294.8889313265
624,2021-09-16,2021,True,31.706849315068492,988,988,1111,373391.2029607358,1375.3320156678778,46158,43,0.0,0.8096671766556698,0.19859301708988794,0.1559946358160618,0.11685513342834046,0.3837577183814437,0.9599949392712551,0.1796839392409013,573892.6009469962,0,False,False,True,"{""0"":null,""1"":null,""2"":null,""3"":null}",988.0,617363.0,988.0,438562.0,988.0,438562.0,840.1445613800897,373391.2029607358,840.1445613800897,0.0,0.0,1375.3320156678674,497670.2209469944,0.0,13.477479092571,4.0,1776.0,0.0,0.0,88.79999999870779,39326.29999970822,2.700000000001637,1101.5999999999376,49.399999999281135,21928.099999821152,0.0,0.0,0.0,0.0,0.0,0.0,9.88000000000011,4385.619999999998,494.0,219281.0,0.0,111.0,503.88000000000466,223666.61999999976,0.0,0.0,1375.3320156678674,497670.2209469944
625,2021-09-17,2021,True,31.70958904109589,988,988,1111,374231.3475221159,1320.2018026967016,46254,46,0.0,0.8036673701818233,0.18309202219484116,0.1559476373699364,0.11696703911453457,0.3837577183814437,0.9599949392712551,0.20073660870029736,574708.9227496929,0,False,False,True,"{""0"":null,""1"":null,""2"":null,""3"":null}",988.0,618351.0,988.0,439550.0,988.0,439550.0,840.1445613800897,374231.3475221159,840.1445613800897,0.0,0.0,1320.2018026966834,498990.42274969106,0.0,13.477479092571,4.0,1780.0,0.0,0.0,88.79999999870779,39415.09999970693,2.400000000001455,1103.999999999939,49.399999999281135,21977.499999820433,0.0,0.0,0.0,0.0,0.0,0.0,9.88000000000011,4395.499999999998,494.0,219775.0,0.0,111.0,503.88000000000466,224170.49999999977,0.0,0.0,1320.2018026966834,498990.42274969106
626,2021-09-18,2021,False,31.71232876712329,989,0,1112,374231.3475221159,0.0,45399,46,0.0,,,0.15588498194944816,0.11636385782421302,0.38376831657619026,0.9604701718907988,0.1255569675499191,574707.9227496929,0,False,False,True,"{""0"":null,""1"":null,""2"":null,""3"":null}",989.0,619340.0,0.0,439550.0,0.0,439550.0,0.0,374231.3475221159,0.0,0.0,0.0,0.0,498990.42274969106,0.0,13.477479092571,0.0,1780.0,0.0,0.0,0.0,39415.09999970693,0.0,1103.999999999939,0.0,21977.499999820433,0.0,0.0,0.0,0.0,0.0,0.0,0.0,4395.499999999998,0.0,219775.0,1.0,112.0,0.0,224170.49999999977,0.0,0.0,0.0,498990.42274969106
627,2021-09-19,2021,False,31.715068493150685,989,0,1112,374231.3475221159,0.0,45399,46,0.0,,,0.15588498194944816,0.11636385782421303,0.38376831657619026,0.9604701718907988,0.0765338903350016,574707.9227496929,0,False,False,True,"{""0"":null,""1"":null,""2"":null,""3"":null}",989.0,620329.0,0.0,439550.0,0.0,439550.0,0.0,374231.3475221159,0.0,0.0,0.0,0.0,498990.42274969106,0.0,13.477479092571,0.0,1780.0,0.0,0.0,0.0,39415.09999970693,0.0,1103.999999999939,0.0,21977.499999820433,0.0,0.0,0.0,0.0,0.0,0.0,0.0,4395.499999999998,0.0,219775.0,0.0,112.0,0.0,224170.49999999977,0.0,0.0,0.0,498990.42274969106
628,2021-09-20,2021,True,31.71780821917808,989,989,1112,375072.3084333227,1587.983212071923,46375,18,0.0,0.8250714420831345,0.15624839308393454,0.15588498194944816,0.11636385782421303,0.38376831657619026,0.9595096056622852,0.10523018357592491,575791.5159617648,0,False,False,True,"{""0"":null,""1"":null,""2"":null,""3"":null}",989.0,621318.0,989.0,440539.0,989.0,440539.0,840.9609112067847,375072.3084333227,840.9609112067847,0.0,0.0,1587.9832120719366,500578.405961763,0.0,13.477479092571,4.0,1784.0,0.0,0.0,88.89999999870633,39503.99999970564,6.900000000004184,1110.8999999999432,49.44999999928041,22026.949999819713,0.0,0.0,0.0,0.0,0.0,0.0,9.890000000000327,4405.3899999999985,494.5,220269.5,0.0,112.0,504.39000000001397,224674.88999999978,0.0,0.0,1587.9832120719366,500578.405961763
629,2021-09-21,2021,True,31.720547945205478,990,990,1113,375914.0879110699,1489.4228638807067,46443,32,0.0,0.8373372030632652,0.14395018767867918,0.15590410995343384,0.11570704938063918,0.38377891477093695,0.9595050505050505,0.13187399439474115,576775.0388256456,0,False,False,True,"{""0"":null,""1"":null,""2"":null,""3"":null}",990.0,622308.0,990.0,441529.0,990.0,441529.0,841.7794777472154,375914.0879110699,841.7794777472154,0.0,0.0,1489.4228638806962,502067.8288256437,0.0,13.477479092571,4.0,1788.0,0.0,0.0,88.99999999870488,39592.99999970434,0.0,1110.8999999999432,49.49999999927968,22076.449999818993,0.0,0.0,0.0,0.0,0.0,0.0,9.899999999999636,4415.289999999998,495.0,220764.5,1.0,113.0,504.8999999999942,225179.78999999978,0.0,0.0,1489.4228638806962,502067.8288256437
630,2021-09-22,2021,True,31.723287671232878,990,990,1113,376755.86738881713,1458.9416397260957,46550,45,0.0,0.831361884786108,0.17141086369471864,0.15583273006312542,0.1158438969945242,0.38377891477093695,0.9597272727272728,0.15655932652951596,577729.0804653716,0,False,False,True,"{""0"":null,""1"":null,""2"":null,""3"":null}",990.0,623298.0,990.0,442519.0,990.0,442519.0,841.7794777472154,376755.86738881713,841.7794777472154,0.0,0.0,1458.9416397261084,503526.7704653698,0.0,13.477479092571,4.0,1792.0,0.0,0.0,88.99999999870488,39681.999999703046,0.0,1110.8999999999432,49.49999999927968,22125.949999818273,0.0,0.0,0.0,0.0,0.0,0.0,9.899999999999636,4425.189999999998,495.0,221259.5,0.0,113.0,504.8999999999942,225684.68999999977,0.0,0.0,1458.9416397261084,503526.7704653698
631,2021-09-23,2021,True,31.726027397260275,989,989,1113,377596.69115196954,1369.1491258593164,46646,47,0.0,0.8170473441113124,0.16829207830647608,0.1557522696551601,0.11575012689816667,0.38376831657619026,0.9595652173913043,0.17915394189803566,578593.839591231,0,False,False,True,"{""0"":null,""1"":null,""2"":null,""3"":null}",989.0,624287.0,989.0,443508.0,989.0,443508.0,840.8237631524098,377596.69115196954,840.8237631524098,0.0,0.0,1369.149125859316,504895.9195912291,0.0,13.477479092571,4.0,1796.0,0.0,0.0,88.89999999870633,39770.89999970175,2.700000000001637,1113.5999999999449,49.44999999928041,22175.399999817553,0.0,0.0,0.0,0.0,0.0,0.0,9.890000000000327,4435.079999999998,494.5,221754.0,0.0,113.0,504.39000000001397,226189.07999999978,0.0,0.0,1369.149125859316,504895.9195912291
632,2021-09-24,2021,True,31.72876712328767,989,989,1113,378437.51491512195,1310.3799924740779,46758,47,0.0,0.8220719354161983,0.17271933087356567,0.15567666634885693,0.11584163246311795,0.38376831657619026,0.9597826086956522,0.20022923370449447,579399.829583705,0,False,False,True,"{""0"":null,""1"":null,""2"":null,""3"":null}",989.0,625276.0,989.0,444497.0,989.0,444497.0,840.8237631524098,378437.51491512195,840.8237631524098,0.0,0.0,1310.3799924741033,506206.2995837032,0.0,13.477479092571,4.0,1800.0,0.0,0.0,88.89999999870633,39859.79999970046,2.1000000000012733,1115.6999999999462,49.44999999928041,22224.849999816834,0.0,0.0,0.0,0.0,0.0,0.0,9.890000000000327,4444.969999999998,494.5,222248.5,0.0,113.0,504.39000000001397,226693.4699999998,0.0,0.0,1310.3799924741033,506206.2995837032
633,2021-09-25,2021,False,31.731506849315068,990,0,1114,378437.51491512195,0.0,45899,47,0.0,,,0.155747579808762,0.11518268433308027,0.3837024868508675,0.9603989898989899,0.1251380737398089,579398.829583705,0,False,False,True,"{""0"":null,""1"":null,""2"":null,""3"":null}",990.0,626266.0,0.0,444497.0,0.0,444497.0,0.0,378437.51491512195,0.0,0.0,0.0,0.0,506206.2995837032,0.0,13.477479092571,0.0,1800.0,0.0,0.0,0.0,39859.79999970046,0.0,1115.6999999999462,0.0,22224.849999816834,0.0,0.0,0.0,0.0,0.0,0.0,0.0,4444.969999999998,0.0,222248.5,1.0,114.0,0.0,226693.4699999998,0.0,0.0,0.0,506206.2995837032
634,2021-09-26,2021,False,31.734246575342468,990,0,1114,378437.51491512195,0.0,45899,47,0.0,,,0.15574757980876203,0.11518268433308028,0.3837024868508675,0.9603989898989899,0.07623632462864553,579398.829583705,0,False,False,True,"{""0"":null,""1"":null,""2"":null,""3"":null}",990.0,627256.0,0.0,444497.0,0.0,444497.0,0.0,378437.51491512195,0.0,0.0,0.0,0.0,506206.2995837032,0.0,13.477479092571,0.0,1800.0,0.0,0.0,0.0,39859.79999970046,0.0,1115.6999999999462,0.0,22224.849999816834,0.0,0.0,0.0,0.0,0.0,0.0,0.0,4444.969999999998,0.0,222248.5,0.0,114.0,0.0,226693.4699999998,0.0,0.0,0.0,506206.2995837032
635,2021-09-27,2021,True,31.736986301369864,991,991,1115,379279.91780930944,1607.1599119749626,46883,19,0.0,0.8506153576486255,0.14637947121546066,0.15586105474033057,0.11469562424814361,0.38395057911250263,0.9592280524722503,0.10488253337215425,580499.5794956799,0,False,False,True,"{""0"":null,""1"":null,""2"":null,""3"":null}",991.0,628247.0,991.0,445488.0,991.0,445488.0,842.4028941874858,379279.91780930944,842.4028941874858,0.0,0.0,1607.1599119749735,507813.4594956782,0.0,13.477479092571,4.0,1804.0,0.0,0.0,89.09999999870342,39948.89999969916,7.050000000004275,1122.7499999999504,49.54999999927895,22274.399999816113,0.0,0.0,0.0,0.0,0.0,0.0,9.909999999999854,4454.879999999998,495.5,222744.0,1.0,115.0,505.4100000000035,227198.8799999998,0.0,0.0,1607.1599119749735,507813.4594956782
636,2021-09-28,2021,True,31.73972602739726,991,991,1115,380122.3207034969,1541.523984056778,46949,35,0.5610999601560511,0.829506432960042,0.1616173168265107,0.15582821132689298,0.11481266956854093,0.38395057911250263,0.9598385469223008,0.13155108701080062,581535.6934797367,0,False,False,True,"{""0"":null,""1"":null,""2"":null,""3"":null}",991.0,629238.0,991.0,446479.0,991.0,446479.0,842.4028941874858,380122.3207034969,842.4028941874858,0.0,0.0,1541.523984056781,509354.983479735,0.5610999601560511,14.038579052727052,4.0,1808.0,0.0,0.0,89.09999999870342,40037.999999697866,0.0,1122.7499999999504,49.54999999927895,22323.94999981539,0.0,0.0,0.0,0.0,0.0,0.0,9.909999999999854,4464.789999999998,495.5,223239.5,0.0,115.0,505.4100000000035,227704.2899999998,0.0,0.0,1541.523984056781,509354.983479735
637,2021-09-29,2021,True,31.742465753424657,991,991,1115,380964.7235976844,1432.3922427462535,47044,57,0.02422407620422911,0.8254778271771791,0.1810326737827174,0.15574666750245145,0.11492816573008494,0.38395057911250263,0.9598890010090817,0.1563004204069783,582462.675722483,0,False,False,True,"{""0"":null,""1"":null,""2"":null,""3"":null}",991.0,630229.0,991.0,447470.0,991.0,447470.0,842.4028941874858,380964.7235976844,842.4028941874858,0.0,0.0,1432.392242746253,510787.3757224812,0.02422407620422895,14.06280312893128,4.0,1812.0,0.0,0.0,89.09999999870342,40127.09999969657,0.0,1122.7499999999504,49.54999999927895,22373.49999981467,0.0,0.0,0.0,0.0,0.0,0.0,9.909999999999854,4474.699999999998,495.5,223735.0,0.0,115.0,505.4100000000035,228209.6999999998,0.0,0.0,1432.392242746253,510787.3757224812
638,2021-09-30,2021,True,31.745205479452054,991,991,1115,381807.1264918719,1360.1285579748571,47162,57,0.26067979029293076,0.8396322031485277,0.162393216058767,0.1557963765650843,0.1150930821762858,0.38395057911250263,0.9599192734611504,0.179150250148496,583317.3942804578,0,False,False,True,"{""0"":null,""1"":null,""2"":null,""3"":null}",991.0,631220.0,991.0,448461.0,991.0,448461.0,842.4028941874858,381807.1264918719,842.4028941874858,0.0,0.0,1360.12855797488,512147.5042804561,0.2606797902929312,14.323482919224212,4.0,1816.0,0.0,0.0,89.09999999870342,40216.19999969527,2.850000000001728,1125.5999999999522,49.54999999927895,22423.04999981395,0.0,0.0,0.0,0.0,0.0,0.0,9.909999999999854,4484.609999999998,495.5,224230.5,0.0,115.0,505.4100000000035,228715.1099999998,0.0,0.0,1360.12855797488,512147.5042804561
639,2021-10-01,2021,True,31.747945205479454,991,991,1115,382649.5293860594,1202.598987821176,47261,56,0.0,0.8052592021091178,0.1771130066192279,0.15582411764734677,0.11524255012319654,0.38395057911250263,0.9600050454086781,0.20019307347242127,584014.5832682789,0,False,False,True,"{""0"":null,""1"":null,""2"":null,""3"":null}",991.0,632211.0,991.0,449452.0,991.0,449452.0,842.4028941874858,382649.5293860594,842.4028941874858,0.0,0.0,1202.5989878211985,513350.1032682773,0.0,14.323482919224212,4.0,1820.0,0.0,0.0,89.09999999870342,40305.299999693976,2.400000000001455,1127.9999999999536,49.54999999927895,22472.59999981323,0.0,0.0,0.0,0.0,0.0,0.0,9.909999999999854,4494.519999999998,495.5,224726.0,0.0,115.0,505.4100000000035,229220.51999999981,0.0,0.0,1202.5989878211985,513350.1032682773
640,2021-10-02,2021,False,31.75068493150685,992,0,1116,382649.5293860594,0.0,46399,56,0.0,,,0.15575202075183767,0.11464170861157345,0.38396117730724927,0.9606502016129033,0.1251092701553775,584013.5832682789,0,False,False,True,"{""0"":null,""1"":null,""2"":null,""3"":null}",992.0,633203.0,0.0,449452.0,0.0,449452.0,0.0,382649.5293860594,0.0,0.0,0.0,0.0,513350.1032682773,0.0,14.323482919224212,0.0,1820.0,0.0,0.0,0.0,40305.299999693976,0.0,1127.9999999999536,0.0,22472.59999981323,0.0,0.0,0.0,0.0,0.0,0.0,0.0,4494.519999999998,0.0,224726.0,1.0,116.0,0.0,229220.51999999981,0.0,0.0,0.0,513350.1032682773
641,2021-10-03,2021,False,31.753424657534246,992,0,1116,382649.5293860594,0.0,46399,56,0.0,,,0.1557520207518377,0.11464170861157343,0.38396117730724927,0.9606502016129033,0.07622129794925196,584013.5832682789,0,False,False,True,"{""0"":null,""1"":null,""2"":null,""3"":null}",992.0,634195.0,0.0,449452.0,0.0,449452.0,0.0,382649.5293860594,0.0,0.0,0.0,0.0,513350.1032682773,0.0,14.323482919224212,0.0,1820.0,0.0,0.0,0.0,40305.299999693976,0.0,1127.9999999999536,0.0,22472.59999981323,0.0,0.0,0.0,0.0,0.0,0.0,0.0,4494.519999999998,0.0,224726.0,0.0,116.0,0.0,229220.51999999981,0.0,0.0,0.0,513350.1032682773
642,2021-10-04,2021,True,31.756164383561643,991,991,1116,383492.0159345815,1450.2734542390003,47403,17,0.0,0.8556840177933022,0.1188100839719379,0.15560132247814237,0.11443657605575935,0.38395057911250263,0.9599243188698284,0.10504072508078605,584958.4467225178,0,False,False,True,"{""0"":null,""1"":null,""2"":null,""3"":null}",991.0,635186.0,991.0,450443.0,991.0,450443.0,842.486548522138,383492.0159345815,842.486548522138,0.0,0.0,1450.2734542390099,514800.3767225163,0.0,14.323482919224212,4.0,1824.0,0.0,0.0,89.09999999870342,40394.39999969268,8.400000000005093,1136.3999999999587,49.54999999927895,22522.149999812507,0.0,0.0,0.0,0.0,0.0,0.0,9.909999999999854,4504.429999999998,495.5,225221.5,0.0,116.0,505.4100000000035,229725.92999999982,0.0,0.0,1450.2734542390099,514800.3767225163
643,2021-10-05,2021,True,31.75890410958904,991,991,1116,384334.50248310366,1382.7402193313171,47422,40,0.0,0.833506039562615,0.148410597293614,0.15553900968102713,0.11459151421405332,0.38395057911250263,0.9597477295660949,0.13185474425935512,585835.7769418492,0,False,False,True,"{""0"":null,""1"":null,""2"":null,""3"":null}",991.0,636177.0,991.0,451434.0,991.0,451434.0,842.486548522138,384334.50248310366,842.486548522138,0.0,0.0,1382.7402193312882,516183.1169418476,0.0,14.323482919224212,4.0,1828.0,0.0,0.0,89.09999999870342,40483.49999969138,0.0,1136.3999999999587,49.54999999927895,22571.699999811786,0.0,0.0,0.0,0.0,0.0,0.0,9.909999999999854,4514.339999999997,495.5,225717.0,0.0,116.0,505.4100000000035,230231.33999999982,0.0,0.0,1382.7402193312882,516183.1169418476
644,2021-10-06,2021,True,31.76164383561644,991,991,1116,385176.9890316258,1316.526450712313,47546,60,0.0,0.8252987758281075,0.16369725630415083,0.1555770395175361,0.11477358123905063,0.38395057911250263,0.9597073662966701,0.15665097076346016,586646.8933925615,0,False,False,True,"{""0"":null,""1"":null,""2"":null,""3"":null}",991.0,637168.0,991.0,452425.0,991.0,452425.0,842.486548522138,385176.9890316258,842.486548522138,0.0,0.0,1316.526450712292,517499.6433925599,0.0,14.323482919224212,4.0,1832.0,0.0,0.0,89.09999999870342,40572.59999969009,0.0,1136.3999999999587,49.54999999927895,22621.249999811065,0.0,0.0,0.0,0.0,0.0,0.0,9.909999999999854,4524.249999999997,495.5,226212.5,0.0,116.0,505.4100000000035,230736.74999999983,0.0,0.0,1316.526450712292,517499.6433925599
645,2021-10-07,2021,True,31.764383561643836,991,991,1116,386019.47558014793,1266.6100640583431,47658,63,0.0,0.8303799774986189,0.15429194998112222,0.1555647343826319,0.1149328495804877,0.38395057911250263,0.9599293642785065,0.17948889076319546,587408.0934566198,0,False,False,True,"{""0"":null,""1"":null,""2"":null,""3"":null}",991.0,638159.0,991.0,453416.0,991.0,453416.0,842.486548522138,386019.47558014793,842.486548522138,0.0,0.0,1266.6100640583318,518766.25345661823,0.0,14.323482919224212,4.0,1836.0,0.0,0.0,89.09999999870342,40661.69999968879,2.550000000001546,1138.9499999999603,49.54999999927895,22670.799999810344,0.0,0.0,0.0,0.0,0.0,0.0,9.909999999999854,4534.159999999997,495.5,226708.0,0.0,116.0,505.4100000000035,231242.15999999983,0.0,0.0,1266.6100640583318,518766.25345661823
646,2021-10-08,2021,True,31.767123287671232,991,991,1116,386861.9621286701,1204.2690396485782,47772,53,0.23480109658355935,0.8173686153719252,0.1916278913219239,0.15560203281485765,0.11510379472931194,0.38395057911250263,0.9601917255297678,0.20049505807170132,588106.9524962683,0,False,False,True,"{""0"":null,""1"":null,""2"":null,""3"":null}",991.0,639150.0,991.0,454407.0,991.0,454407.0,842.486548522138,386861.9621286701,842.486548522138,0.0,0.0,1204.269039648585,519970.5224962668,0.23480109658355985,14.558284015807772,4.0,1840.0,0.0,0.0,89.09999999870342,40750.79999968749,3.450000000002092,1142.3999999999623,49.54999999927895,22720.349999809623,0.0,0.0,0.0,0.0,0.0,0.0,9.909999999999854,4544.069999999997,495.5,227203.5,0.0,116.0,505.4100000000035,231747.56999999983,0.0,0.0,1204.269039648585,519970.5224962668
647,2021-10-09,2021,False,31.76986301369863,991,0,1116,386861.9621286701,0.0,46899,53,0.0,,,0.15546468286679926,0.1152304710492357,0.38395057911250263,0.9611402623612513,0.1254727052967983,588106.9524962683,0,False,False,True,"{""0"":null,""1"":null,""2"":null,""3"":null}",991.0,640141.0,0.0,454407.0,0.0,454407.0,0.0,386861.9621286701,0.0,0.0,0.0,0.0,519970.5224962668,0.0,14.558284015807772,0.0,1840.0,0.0,0.0,0.0,40750.79999968749,0.0,1142.3999999999623,0.0,22720.349999809623,0.0,0.0,0.0,0.0,0.0,0.0,0.0,4544.069999999997,0.0,227203.5,0.0,116.0,0.0,231747.56999999983,0.0,0.0,0.0,519970.5224962668
648,2021-10-10,2021,False,31.77260273972603,991,0,1116,386861.9621286701,0.0,46899,53,0.0,,,0.15546468286679926,0.1152304710492357,0.38395057911250263,0.9611402623612513,0.07646363534672401,588106.9524962683,0,False,False,True,"{""0"":null,""1"":null,""2"":null,""3"":null}",991.0,641132.0,0.0,454407.0,0.0,454407.0,0.0,386861.9621286701,0.0,0.0,0.0,0.0,519970.5224962668,0.0,14.558284015807772,0.0,1840.0,0.0,0.0,0.0,40750.79999968749,0.0,1142.3999999999623,0.0,22720.349999809623,0.0,0.0,0.0,0.0,0.0,0.0,0.0,4544.069999999997,0.0,227203.5,0.0,116.0,0.0,231747.56999999983,0.0,0.0,0.0,519970.5224962668
649,2021-10-11,2021,True,31.775342465753425,989,989,1116,387702.65145358426,1430.3768565969667,47888,16,0.0,0.8483199511443947,0.1497427487560305,0.15539669088348945,0.11484536988163446,0.383899386740545,0.9601718907987866,0.10527195197087169,589032.9393528653,0,False,False,True,"{""0"":null,""1"":null,""2"":null,""3"":null}",989.0,642121.0,989.0,455396.0,989.0,455396.0,840.6893249141867,387702.65145358426,840.6893249141867,0.0,0.0,1430.3768565969658,521400.8993528638,0.0,14.558284015807772,4.0,1844.0,0.0,0.0,88.89999999870633,40839.6999996862,7.95000000000482,1150.3499999999672,49.44999999928041,22769.799999808904,0.0,0.0,0.0,0.0,0.0,0.0,9.890000000000327,4553.959999999997,494.5,227698.0,0.0,116.0,504.39000000001397,232251.95999999985,0.0,0.0,1430.3768565969658,521400.8993528638
650,2021-10-12,2021,True,31.778082191780822,988,988,1116,388542.34293657646,1382.0230697004486,47938,30,0.022618025233927242,0.8491691130381229,0.13225151045575856,0.15518100995899323,0.11478960033133372,0.3839652164658678,0.9604352226720647,0.13182522772997135,589911.0824225658,0,False,False,True,"{""0"":null,""1"":null,""2"":null,""3"":null}",988.0,643109.0,988.0,456384.0,988.0,456384.0,839.6914829922025,388542.34293657646,839.6914829922025,0.0,0.0,1382.023069700459,522782.92242256424,0.02261802523392653,14.580902041041698,4.0,1848.0,0.0,0.0,88.79999999870779,40928.49999968491,0.0,1150.3499999999672,49.399999999281135,22819.199999808185,0.0,0.0,0.0,0.0,0.0,0.0,9.88000000000011,4563.839999999997,494.0,228192.0,0.0,116.0,503.88000000000466,232755.83999999985,0.0,0.0,1382.023069700459,522782.92242256424
651,2021-10-13,2021,True,31.78082191780822,988,988,1116,389382.03441956866,1304.1359270228893,48041,51,0.0,0.8237903112076497,0.16889335433856115,0.15511073216570803,0.11489685021025363,0.3839652164658678,0.96042004048583,0.15654263680083727,590711.3383495887,0,False,False,True,"{""0"":null,""1"":null,""2"":null,""3"":null}",988.0,644097.0,988.0,457372.0,988.0,457372.0,839.6914829922025,389382.03441956866,839.6914829922025,0.0,0.0,1304.1359270229004,524087.05834958714,0.0,14.580902041041698,4.0,1852.0,0.0,0.0,88.79999999870779,41017.299999683615,0.0,1150.3499999999672,49.399999999281135,22868.599999807466,0.0,0.0,0.0,0.0,0.0,0.0,9.88000000000011,4573.7199999999975,494.0,228686.0,0.0,116.0,503.88000000000466,233259.71999999986,0.0,0.0,1304.1359270229004,524087.05834958714
652,2021-10-14,2021,True,31.78356164383562,988,988,1116,390221.72590256087,1265.7849785067594,48150,52,0.0,0.8156695525388342,0.1832681693085638,0.15514203043398095,0.11509601338501224,0.3839652164658678,0.9603137651821863,0.17936049916732477,591473.2433280954,0,False,False,True,"{""0"":null,""1"":null,""2"":null,""3"":null}",988.0,645085.0,988.0,458360.0,988.0,458360.0,839.6914829922025,390221.72590256087,839.6914829922025,0.0,0.0,1265.7849785067374,525352.8433280939,0.0,14.580902041041698,4.0,1856.0,0.0,0.0,88.79999999870779,41106.09999968232,2.400000000001455,1152.7499999999686,49.399999999281135,22917.999999806747,0.0,0.0,0.0,0.0,0.0,0.0,9.88000000000011,4583.599999999998,494.0,229180.0,0.0,116.0,503.88000000000466,233763.59999999986,0.0,0.0,1265.7849785067374,525352.8433280939
653,2021-10-15,2021,True,31.786301369863015,988,988,1116,391061.41738555307,1200.5067374968685,48254,56,0.0,0.8147470987809786,0.17446258365706196,0.15520208425180512,0.11529888794536593,0.3839652164658678,0.9604048582995951,0.20036015979315805,592169.8700655922,0,False,False,True,"{""0"":null,""1"":null,""2"":null,""3"":null}",988.0,646073.0,988.0,459348.0,988.0,459348.0,839.6914829922025,391061.41738555307,839.6914829922025,0.0,0.0,1200.5067374968203,526553.3500655907,0.0,14.580902041041698,4.0,1860.0,0.0,0.0,88.79999999870779,41194.89999968103,2.1000000000012733,1154.84999999997,49.399999999281135,22967.399999806028,0.0,0.0,0.0,0.0,0.0,0.0,9.88000000000011,4593.479999999998,494.0,229674.0,0.0,116.0,503.88000000000466,234267.47999999986,0.0,0.0,1200.5067374968203,526553.3500655907
654,2021-10-16,2021,False,31.78904109589041,988,0,1116,391061.41738555307,0.0,47399,56,0.0,,,0.15518501440680385,0.11549349773348522,0.3839652164658678,0.961325910931174,0.12536388898933404,592169.8700655922,0,False,False,True,"{""0"":null,""1"":null,""2"":null,""3"":null}",988.0,647061.0,0.0,459348.0,0.0,459348.0,0.0,391061.41738555307,0.0,0.0,0.0,0.0,526553.3500655907,0.0,14.580902041041698,0.0,1860.0,0.0,0.0,0.0,41194.89999968103,0.0,1154.84999999997,0.0,22967.399999806028,0.0,0.0,0.0,0.0,0.0,0.0,0.0,4593.479999999998,0.0,229674.0,0.0,116.0,0.0,234267.47999999986,0.0,0.0,0.0,526553.3500655907
655,2021-10-17,2021,False,31.791780821917808,987,0,1116,391061.41738555307,0.0,47399,56,0.0,,,0.15514529911555977,0.11545400703089162,0.38371308504561413,0.9612867274569402,0.07652685058828441,592169.8700655922,0,False,False,True,"{""0"":null,""1"":null,""2"":null,""3"":null}",987.0,648048.0,0.0,459348.0,0.0,459348.0,0.0,391061.41738555307,0.0,0.0,0.0,0.0,526553.3500655907,0.0,14.580902041041698,0.0,1860.0,0.0,0.0,0.0,41194.89999968103,0.0,1154.84999999997,0.0,22967.399999806028,0.0,0.0,0.0,0.0,0.0,0.0,0.0,4593.479999999998,0.0,229674.0,0.0,116.0,0.0,234267.47999999986,0.0,0.0,0.0,526553.3500655907
656,2021-10-18,2021,True,31.794520547945204,988,988,1117,391901.1896961047,1421.2874393417228,48395,15,0.0,0.8552908983699816,0.12862846387576,0.15526640060218494,0.11496299989110607,0.3839652164658678,0.960323886639676,0.10529777825249192,593086.277504934,0,False,False,True,"{""0"":null,""1"":null,""2"":null,""3"":null}",988.0,649036.0,988.0,460336.0,988.0,460336.0,839.7723105516052,391901.1896961047,839.7723105516052,0.0,0.0,1421.2874393417733,527974.6375049325,0.0,14.580902041041698,4.0,1864.0,0.0,0.0,88.79999999870779,41283.69999967974,8.400000000005093,1163.249999999975,49.399999999281135,23016.79999980531,0.0,0.0,0.0,0.0,0.0,0.0,9.88000000000011,4603.359999999998,494.0,230168.0,1.0,117.0,503.88000000000466,234771.35999999987,0.0,0.0,1421.2874393417733,527974.6375049325
657,2021-10-19,2021,True,31.797260273972604,988,988,1117,392740.9620066563,1390.3914485234702,48439,27,0.0,0.8330476827578014,0.17248505449559162,0.1553262732132787,0.1150155255733477,0.3839652164658678,0.9604655870445344,0.1320510188577964,593972.7889534575,0,False,False,True,"{""0"":null,""1"":null,""2"":null,""3"":null}",988.0,650024.0,988.0,461324.0,988.0,461324.0,839.7723105516052,392740.9620066563,839.7723105516052,0.0,0.0,1390.3914485235,529365.028953456,0.0,14.580902041041698,4.0,1868.0,0.0,0.0,88.79999999870779,41372.499999678446,0.0,1163.249999999975,49.399999999281135,23066.19999980459,0.0,0.0,0.0,0.0,0.0,0.0,9.88000000000011,4613.239999999998,494.0,230662.0,0.0,117.0,503.88000000000466,235275.23999999987,0.0,0.0,1390.3914485235,529365.028953456
658,2021-10-20,2021,True,31.8,988,988,1117,393580.7343172079,1330.500853466316,48530,44,0.19101280237606708,0.8219463327987651,0.1740647707524563,0.15529342384081662,0.11517505878815211,0.3839652164658678,0.9600354251012145,0.15677985254394722,594799.4098069238,0,False,False,True,"{""0"":null,""1"":null,""2"":null,""3"":null}",988.0,651012.0,988.0,462312.0,988.0,462312.0,839.7723105516052,393580.7343172079,839.7723105516052,0.0,0.0,1330.5008534663357,530695.5298069223,0.19101280237606666,14.771914843417765,4.0,1872.0,0.0,0.0,88.79999999870779,41461.299999677154,0.0,1163.249999999975,49.399999999281135,23115.59999980387,0.0,0.0,0.0,0.0,0.0,0.0,9.88000000000011,4623.119999999998,494.0,231156.0,0.0,117.0,503.88000000000466,235779.11999999988,0.0,0.0,1330.5008534663357,530695.5298069223
659,2021-10-21,2021,True,31.802739726027397,990,990,1119,394422.18851200317,1238.563540312755,48649,56,0.0,0.823120725165309,0.17494216683418645,0.1553356918271956,0.11368128161659855,0.3838335570152222,0.9592878787878788,0.17943487071610326,595531.0733472366,0,False,False,True,"{""0"":null,""1"":null,""2"":null,""3"":null}",990.0,652002.0,990.0,463302.0,990.0,463302.0,841.4541947952821,394422.18851200317,841.4541947952821,0.0,0.0,1238.5635403128108,531934.0933472351,0.0,14.771914843417765,4.0,1876.0,0.0,0.0,88.99999999870488,41550.29999967586,2.2500000000013642,1165.4999999999764,49.49999999927968,23165.09999980315,0.0,0.0,0.0,0.0,0.0,0.0,9.899999999999636,4633.019999999998,495.0,231651.0,2.0,119.0,504.8999999999942,236284.01999999987,0.0,0.0,1238.5635403128108,531934.0933472351
660,2021-10-22,2021,True,31.805479452054794,990,990,1119,395263.64270679845,1197.8044891731263,48752,65,0.18993440347226778,0.8200683907453381,0.16164458106104818,0.15531213658616053,0.11380726373707002,0.3838335570152222,0.9594848484848485,0.20036557665436647,596223.9778364097,0,False,False,True,"{""0"":null,""1"":null,""2"":null,""3"":null}",990.0,652992.0,990.0,464292.0,990.0,464292.0,841.4541947952821,395263.64270679845,841.4541947952821,0.0,0.0,1197.8044891731115,533131.8978364082,0.1899344034722681,14.961849246890033,4.0,1880.0,0.0,0.0,88.99999999870488,41639.299999674564,1.8000000000010914,1167.2999999999774,49.49999999927968,23214.59999980243,0.0,0.0,0.0,0.0,0.0,0.0,9.899999999999636,4642.919999999997,495.0,232146.0,0.0,119.0,504.8999999999942,236788.91999999987,0.0,0.0,1197.8044891731115,533131.8978364082
661,2021-10-23,2021,False,31.80821917808219,990,0,1119,395263.64270679845,0.0,47899,65,0.0,,,0.15536414827944403,0.11397352742222344,0.3838335570152222,0.9606212121212121,0.12534442764802603,596223.9778364097,0,False,False,True,"{""0"":null,""1"":null,""2"":null,""3"":null}",990.0,653982.0,0.0,464292.0,0.0,464292.0,0.0,395263.64270679845,0.0,0.0,0.0,0.0,533131.8978364082,0.0,14.961849246890033,0.0,1880.0,0.0,0.0,0.0,41639.299999674564,0.0,1167.2999999999774,0.0,23214.59999980243,0.0,0.0,0.0,0.0,0.0,0.0,0.0,4642.919999999997,0.0,232146.0,0.0,119.0,0.0,236788.91999999987,0.0,0.0,0.0,533131.8978364082
662,2021-10-24,2021,False,31.81095890410959,988,0,1119,395263.64270679845,0.0,47899,65,0.0,,,0.15499262050960005,0.11353441069582629,0.3836472553202913,0.9605414979757085,0.0762461855423401,596223.9778364097,0,False,False,True,"{""0"":null,""1"":null,""2"":null,""3"":null}",988.0,654970.0,0.0,464292.0,0.0,464292.0,0.0,395263.64270679845,0.0,0.0,0.0,0.0,533131.8978364082,0.0,14.961849246890033,0.0,1880.0,0.0,0.0,0.0,41639.299999674564,0.0,1167.2999999999774,0.0,23214.59999980243,0.0,0.0,0.0,0.0,0.0,0.0,0.0,4642.919999999997,0.0,232146.0,0.0,119.0,0.0,236788.91999999987,0.0,0.0,0.0,533131.8978364082
663,2021-10-25,2021,True,31.813698630136987,988,988,1119,396103.181241283,1481.3839269427385,48897,22,0.0,0.8551598800522842,0.13254628020879328,0.15499262050960003,0.11353441069582627,0.3836472553202913,0.9596305668016194,0.10505381072910712,597201.4817633524,0,False,False,True,"{""0"":null,""1"":null,""2"":null,""3"":null}",988.0,655958.0,988.0,465280.0,988.0,465280.0,839.5385344845708,396103.181241283,839.5385344845708,0.0,0.0,1481.3839269427117,534613.2817633509,0.0,14.961849246890033,4.0,1884.0,0.0,0.0,88.79999999870779,41728.09999967327,9.750000000005912,1177.0499999999834,49.399999999281135,23263.999999801712,0.0,0.0,0.0,0.0,0.0,0.0,9.88000000000011,4652.799999999997,494.0,232640.0,0.0,119.0,503.88000000000466,237292.79999999987,0.0,0.0,1481.3839269427117,534613.2817633509
664,2021-10-26,2021,True,31.816438356164383,989,989,1120,396943.53901959246,1407.3399848264016,48941,44,0.0,0.8281624142448047,0.18037920477390879,0.15514737114224483,0.11315917312801152,0.383899386740545,0.9598179979777552,0.13168232717878586,598103.4317481788,0,False,False,True,"{""0"":null,""1"":null,""2"":null,""3"":null}",989.0,656947.0,989.0,466269.0,989.0,466269.0,840.357778309437,396943.53901959246,840.357778309437,0.0,0.0,1407.3399848263944,536020.6217481773,0.0,14.961849246890033,4.0,1888.0,0.0,0.0,88.89999999870633,41816.99999967198,0.0,1177.0499999999834,49.44999999928041,23313.449999800992,0.0,0.0,0.0,0.0,0.0,0.0,9.890000000000327,4662.689999999998,494.5,233134.5,1.0,120.0,504.39000000001397,237797.1899999999,0.0,0.0,1407.3399848263944,536020.6217481773
665,2021-10-27,2021,True,31.81917808219178,988,988,1120,397782.9378757893,1313.5937288909863,49037,60,0.0,0.8451462647224228,0.15166867243835938,0.154951970494421,0.11286691760579175,0.38365129447890983,0.9596710526315789,0.15613421421533494,598913.1454770698,0,False,False,True,"{""0"":null,""1"":null,""2"":null,""3"":null}",988.0,657935.0,988.0,467257.0,988.0,467257.0,839.3988561968436,397782.9378757893,839.3988561968436,0.0,0.0,1313.5937288909918,537334.2154770683,0.0,14.961849246890033,4.0,1892.0,0.0,0.0,88.79999999870779,41905.799999670686,0.0,1177.0499999999834,49.399999999281135,23362.849999800274,0.0,0.0,0.0,0.0,0.0,0.0,9.88000000000011,4672.569999999998,494.0,233628.5,0.0,120.0,503.88000000000466,238301.0699999999,0.0,0.0,1313.5937288909918,537334.2154770683
666,2021-10-28,2021,True,31.82191780821918,987,987,1120,398621.4308374285,1246.3028699509964,49161,53,0.0,0.8428432500073295,0.14993449094140845,0.15496352848003075,0.1130706363144465,0.38371712420423265,0.9596808510638298,0.17892403937327955,599656.0783470208,0,False,False,True,"{""0"":null,""1"":null,""2"":null,""3"":null}",987.0,658922.0,987.0,468244.0,987.0,468244.0,838.4929616391892,398621.4308374285,838.4929616391892,0.0,0.0,1246.3028699510032,538580.5183470193,0.0,14.961849246890033,4.0,1896.0,0.0,0.0,88.69999999870925,41994.499999669395,3.300000000002001,1180.3499999999854,49.34999999928186,23412.199999799555,0.0,0.0,0.0,0.0,0.0,0.0,9.86999999999989,4682.439999999998,493.5,234122.0,0.0,120.0,503.36999999999534,238804.4399999999,0.0,0.0,1246.3028699510032,538580.5183470193
667,2021-10-29,2021,True,31.824657534246576,987,987,1120,399459.9237990677,1199.8632712589476,49266,45,0.0,0.7933296330155414,0.18963976396418913,0.15487460639674328,0.11321933927249414,0.38371712420423265,0.960096251266464,0.19978458717917488,600352.5716182798,0,False,False,True,"{""0"":null,""1"":null,""2"":null,""3"":null}",987.0,659909.0,987.0,469231.0,987.0,469231.0,838.4929616391892,399459.9237990677,838.4929616391892,0.0,0.0,1199.8632712590043,539780.3816182783,0.0,14.961849246890033,4.0,1900.0,0.0,0.0,88.69999999870925,42083.199999668104,3.300000000002001,1183.6499999999874,49.34999999928186,23461.549999798837,0.0,0.0,0.0,0.0,0.0,0.0,9.86999999999989,4692.309999999998,493.5,234615.5,0.0,120.0,503.36999999999534,239307.80999999988,0.0,0.0,1199.8632712590043,539780.3816182783
668,2021-10-30,2021,False,31.827397260273973,987,0,1120,399459.9237990677,0.0,48399,45,0.0,,,0.15484251709600583,0.11331988655493841,0.38371712420423265,0.9610182370820668,0.12496968533007924,600352.5716182798,0,False,False,True,"{""0"":null,""1"":null,""2"":null,""3"":null}",987.0,660896.0,0.0,469231.0,0.0,469231.0,0.0,399459.9237990677,0.0,0.0,0.0,0.0,539780.3816182783,0.0,14.961849246890033,0.0,1900.0,0.0,0.0,0.0,42083.199999668104,0.0,1183.6499999999874,0.0,23461.549999798837,0.0,0.0,0.0,0.0,0.0,0.0,0.0,4692.309999999998,0.0,234615.5,0.0,120.0,0.0,239307.80999999988,0.0,0.0,0.0,539780.3816182783
669,2021-10-31,2021,False,31.83013698630137,987,0,1120,399459.9237990677,0.0,48399,45,0.0,,,0.15484251709600583,0.11331988655493841,0.38371712420423265,0.9610182370820668,0.07619231443111925,600352.5716182798,0,False,False,True,"{""0"":null,""1"":null,""2"":null,""3"":null}",987.0,661883.0,0.0,469231.0,0.0,469231.0,0.0,399459.9237990677,0.0,0.0,0.0,0.0,539780.3816182783,0.0,14.961849246890033,0.0,1900.0,0.0,0.0,0.0,42083.199999668104,0.0,1183.6499999999874,0.0,23461.549999798837,0.0,0.0,0.0,0.0,0.0,0.0,0.0,4692.309999999998,0.0,234615.5,0.0,120.0,0.0,239307.80999999988,0.0,0.0,0.0,539780.3816182783
670,2021-11-01,2021,True,31.83287671232877,987,987,1120,400298.41676070687,1503.0642690374502,49385,15,0.0,0.8439706697619624,0.13796095826640212,0.15484251709600583,0.11331988655493841,0.38371712420423265,0.9604204660587639,0.1048166948722919,601352.2658873172,0,False,False,True,"{""0"":null,""1"":null,""2"":null,""3"":null}",987.0,662870.0,987.0,470218.0,987.0,470218.0,838.4929616391892,400298.41676070687,838.4929616391892,0.0,0.0,1503.0642690374516,541283.4458873158,0.0,14.961849246890033,4.0,1904.0,0.0,0.0,88.69999999870925,42171.89999966681,6.750000000004093,1190.3999999999915,49.34999999928186,23510.89999979812,0.0,0.0,0.0,0.0,0.0,0.0,9.86999999999989,4702.179999999998,493.5,235109.0,0.0,120.0,503.36999999999534,239811.17999999988,0.0,0.0,1503.0642690374516,541283.4458873158
671,2021-11-02,2021,True,31.835616438356166,987,987,1121,401136.8799041691,1398.4495055501602,49442,35,0.0,0.8399672801731375,0.13623444896712814,0.15479997587916544,0.1126902606069769,0.38371712420423265,0.9602684903748733,0.13147224423288834,602246.3453928675,0,False,False,True,"{""0"":null,""1"":null,""2"":null,""3"":null}",987.0,663857.0,987.0,471205.0,987.0,471205.0,838.463143462257,401136.8799041691,838.463143462257,0.0,0.0,1398.4495055502048,542681.895392866,0.0,14.961849246890033,4.0,1908.0,0.0,0.0,88.69999999870925,42260.59999966552,0.0,1190.3999999999915,49.34999999928186,23560.2499997974,0.0,0.0,0.0,0.0,0.0,0.0,9.86999999999989,4712.049999999997,493.5,235602.5,1.0,121.0,503.36999999999534,240314.54999999987,0.0,0.0,1398.4495055502048,542681.895392866
672,2021-11-03,2021,True,31.838356164383562,987,987,1122,401975.4295075591,1353.649961034031,49538,54,0.015540255977556495,0.8357648311094698,0.1442185417011173,0.15479708691976082,0.11189482857920752,0.3836406962841632,0.9598125633232016,0.15617394423198697,603095.6253539015,0,False,False,True,"{""0"":null,""1"":null,""2"":null,""3"":null}",987.0,664844.0,987.0,472192.0,987.0,472192.0,838.5496033899835,401975.4295075591,838.5496033899835,0.0,0.0,1353.6499610340688,544035.5453539001,0.015540255977557038,14.97738950286759,4.0,1912.0,0.0,0.0,88.69999999870925,42349.29999966423,0.0,1190.3999999999915,49.34999999928186,23609.599999796683,0.0,0.0,0.0,0.0,0.0,0.0,9.86999999999989,4721.919999999997,493.5,236096.0,1.0,122.0,503.36999999999534,240817.91999999987,0.0,0.0,1353.6499610340688,544035.5453539001
673,2021-11-04,2021,True,31.84109589041096,987,987,1122,402813.9791109491,1265.276070647615,49660,51,0.0,0.808453090126688,0.18653003535913407,0.15479982522148847,0.11197734151974265,0.3836406962841632,0.9600455927051672,0.17885952382109133,603857.5314245492,0,False,False,True,"{""0"":null,""1"":null,""2"":null,""3"":null}",987.0,665831.0,987.0,473179.0,987.0,473179.0,838.5496033899835,402813.9791109491,838.5496033899835,0.0,0.0,1265.2760706476402,545300.8214245477,0.0,14.97738950286759,4.0,1916.0,0.0,0.0,88.69999999870925,42437.99999966294,2.2500000000013642,1192.6499999999928,49.34999999928186,23658.949999795965,0.0,0.0,0.0,0.0,0.0,0.0,9.86999999999989,4731.789999999997,493.5,236589.5,0.0,122.0,503.36999999999534,241321.28999999986,0.0,0.0,1265.2760706476402,545300.8214245477
674,2021-11-05,2021,True,31.843835616438355,987,987,1122,403652.5287143391,1207.6837496745939,49755,47,0.0,0.8105388319765356,0.18478647482499067,0.15482091377118637,0.11221744895869248,0.3836406962841632,0.9602532928064843,0.1997288566891865,604561.8451742238,0,False,False,True,"{""0"":null,""1"":null,""2"":null,""3"":null}",987.0,666818.0,987.0,474166.0,987.0,474166.0,838.5496033899835,403652.5287143391,838.5496033899835,0.0,0.0,1207.6837496745866,546508.5051742223,0.0,14.97738950286759,4.0,1920.0,0.0,0.0,88.69999999870925,42526.69999966165,3.000000000001819,1195.6499999999946,49.34999999928186,23708.299999795247,0.0,0.0,0.0,0.0,0.0,0.0,9.86999999999989,4741.659999999997,493.5,237083.0,0.0,122.0,503.36999999999534,241824.65999999986,0.0,0.0,1207.6837496745866,546508.5051742223
675,2021-11-06,2021,False,31.846575342465755,987,0,1122,403652.5287143391,0.0,48899,47,0.0,,,0.1548559704418342,0.11232886514643914,0.3836406962841632,0.9610182370820668,0.12496543526251298,604561.8451742238,0,False,False,True,"{""0"":null,""1"":null,""2"":null,""3"":null}",987.0,667805.0,0.0,474166.0,0.0,474166.0,0.0,403652.5287143391,0.0,0.0,0.0,0.0,546508.5051742223,0.0,14.97738950286759,0.0,1920.0,0.0,0.0,0.0,42526.69999966165,0.0,1195.6499999999946,0.0,23708.299999795247,0.0,0.0,0.0,0.0,0.0,0.0,0.0,4741.659999999997,0.0,237083.0,0.0,122.0,0.0,241824.65999999986,0.0,0.0,0.0,546508.5051742223
676,2021-11-07,2021,False,31.84931506849315,987,0,1122,403652.5287143391,0.0,48899,47,0.0,,,0.1548559704418342,0.11232886514643912,0.3836406962841632,0.9610182370820668,0.07611691811179305,604561.8451742238,0,False,False,True,"{""0"":null,""1"":null,""2"":null,""3"":null}",987.0,668792.0,0.0,474166.0,0.0,474166.0,0.0,403652.5287143391,0.0,0.0,0.0,0.0,546508.5051742223,0.0,14.97738950286759,0.0,1920.0,0.0,0.0,0.0,42526.69999966165,0.0,1195.6499999999946,0.0,23708.299999795247,0.0,0.0,0.0,0.0,0.0,0.0,0.0,4741.659999999997,0.0,237083.0,0.0,122.0,0.0,241824.65999999986,0.0,0.0,0.0,546508.5051742223
677,2021-11-08,2021,True,31.852054794520548,988,988,1123,404491.94649123226,1512.627265454224,49887,15,0.0,0.852210778852484,0.13195227409235585,0.15481117179994042,0.1116084703091818,0.38365129447890983,0.960080971659919,0.1047564791818762,605569.592439678,0,False,False,True,"{""0"":null,""1"":null,""2"":null,""3"":null}",988.0,669780.0,988.0,475154.0,988.0,475154.0,839.417776893184,404491.94649123226,839.417776893184,0.0,0.0,1512.62726545427,548021.1324396766,0.0,14.97738950286759,4.0,1924.0,0.0,0.0,88.79999999870779,42615.49999966036,7.050000000004275,1202.699999999999,49.399999999281135,23757.699999794528,0.0,0.0,0.0,0.0,0.0,0.0,9.88000000000011,4751.539999999997,494.0,237577.0,1.0,123.0,503.88000000000466,242328.53999999986,0.0,0.0,1512.62726545427,548021.1324396766
678,2021-11-09,2021,True,31.854794520547944,989,989,1124,405332.1971976058,1402.07269032067,49933,34,0.0,0.8219017445687953,0.15745586232802744,0.15480868367754302,0.11102118890043154,0.383585464753587,0.9599747219413549,0.1313717029308829,606466.2751299987,0,False,False,True,"{""0"":null,""1"":null,""2"":null,""3"":null}",989.0,670769.0,989.0,476143.0,989.0,476143.0,840.2507063735393,405332.1971976058,840.2507063735393,0.0,0.0,1402.0726903206669,549423.2051299972,0.0,14.97738950286759,4.0,1928.0,0.0,0.0,88.89999999870633,42704.399999659065,0.0,1202.699999999999,49.44999999928041,23807.149999793808,0.0,0.0,0.0,0.0,0.0,0.0,9.890000000000327,4761.429999999998,494.5,238071.5,1.0,124.0,504.39000000001397,242832.92999999988,0.0,0.0,1402.0726903206669,549423.2051299972
679,2021-11-10,2021,True,31.85753424657534,989,989,1124,406172.44790397934,1311.7256036462802,50042,59,0.0,0.8443630678077683,0.14747440954124996,0.1547841292608133,0.1110822817955737,0.383585464753587,0.9598281092012133,0.15602449839925495,607273.6107336449,0,False,False,True,"{""0"":null,""1"":null,""2"":null,""3"":null}",989.0,671758.0,989.0,477132.0,989.0,477132.0,840.2507063735393,406172.44790397934,840.2507063735393,0.0,0.0,1311.7256036462495,550734.9307336435,0.0,14.97738950286759,4.0,1932.0,0.0,0.0,88.89999999870633,42793.29999965777,0.0,1202.699999999999,49.44999999928041,23856.59999979309,0.0,0.0,0.0,0.0,0.0,0.0,9.890000000000327,4771.319999999998,494.5,238566.0,0.0,124.0,504.39000000001397,243337.3199999999,0.0,0.0,1311.7256036462495,550734.9307336435
680,2021-11-11,2021,True,31.86027397260274,988,988,1124,407011.85760940745,1292.8428906269683,50136,71,0.018393577981406395,0.8208950290851401,0.17294200599330162,0.15444541414118457,0.11078190375022792,0.38333333333333336,0.9592864372469635,0.17880297063350284,608062.5736242719,0,False,False,True,"{""0"":null,""1"":null,""2"":null,""3"":null}",988.0,672746.0,988.0,478120.0,988.0,478120.0,839.4097054281156,407011.85760940745,839.4097054281156,0.0,0.0,1292.8428906269837,552027.7736242705,0.018393577981406395,14.995783080848996,4.0,1936.0,0.0,0.0,88.79999999870779,42882.09999965648,2.2500000000013642,1204.9500000000003,49.399999999281135,23905.99999979237,0.0,0.0,0.0,0.0,0.0,0.0,9.88000000000011,4781.199999999998,494.0,239060.0,0.0,124.0,503.88000000000466,243841.1999999999,0.0,0.0,1292.8428906269837,552027.7736242705
681,2021-11-12,2021,True,31.863013698630137,987,987,1124,407850.3537287988,1176.2206784246582,50255,69,0.0,0.8196622960454059,0.1912896381344367,0.1543849360121324,0.11096431384589572,0.3833991630586562,0.959452887537994,0.19966512187384014,608735.4243026966,0,False,False,True,"{""0"":null,""1"":null,""2"":null,""3"":null}",987.0,673733.0,987.0,479107.0,987.0,479107.0,838.4961193913477,407850.3537287988,838.4961193913477,0.0,0.0,1176.2206784246955,553203.9943026952,0.0,14.995783080848996,4.0,1940.0,0.0,0.0,88.69999999870925,42970.79999965519,2.850000000001728,1207.800000000002,49.34999999928186,23955.34999979165,0.0,0.0,0.0,0.0,0.0,0.0,9.86999999999989,4791.069999999998,493.5,239553.5,0.0,124.0,503.36999999999534,244344.5699999999,0.0,0.0,1176.2206784246955,553203.9943026952
682,2021-11-13,2021,False,31.865753424657534,987,0,1124,407850.3537287988,0.0,49399,69,0.0,,,0.1543537663149519,0.11108179339069287,0.3833991630586562,0.9602228976697061,0.12500036371116835,608735.4243026966,0,False,False,True,"{""0"":null,""1"":null,""2"":null,""3"":null}",987.0,674720.0,0.0,479107.0,0.0,479107.0,0.0,407850.3537287988,0.0,0.0,0.0,0.0,553203.9943026952,0.0,14.995783080848996,0.0,1940.0,0.0,0.0,0.0,42970.79999965519,0.0,1207.800000000002,0.0,23955.34999979165,0.0,0.0,0.0,0.0,0.0,0.0,0.0,4791.069999999998,0.0,239553.5,0.0,124.0,0.0,244344.5699999999,0.0,0.0,0.0,553203.9943026952
683,2021-11-14,2021,False,31.86849315068493,986,0,1124,407850.3537287988,0.0,49399,69,0.0,,,0.1542250998077557,0.11096034517125243,0.38346499278397894,0.960182555780933,0.07613004664029636,608735.4243026966,0,False,False,True,"{""0"":null,""1"":null,""2"":null,""3"":null}",986.0,675706.0,0.0,479107.0,0.0,479107.0,0.0,407850.3537287988,0.0,0.0,0.0,0.0,553203.9943026952,0.0,14.995783080848996,0.0,1940.0,0.0,0.0,0.0,42970.79999965519,0.0,1207.800000000002,0.0,23955.34999979165,0.0,0.0,0.0,0.0,0.0,0.0,0.0,4791.069999999998,0.0,239553.5,0.0,124.0,0.0,244344.5699999999,0.0,0.0,0.0,553203.9943026952
684,2021-11-15,2021,True,31.87123287671233,987,987,1125,408688.6919939406,1486.8509216674522,50408,14,0.0,0.8480853520721335,0.14301408969947493,0.15434828925104682,0.1104743801917034,0.38371712420423265,0.9592401215805471,0.10472649502149461,609717.905224364,0,False,False,True,"{""0"":null,""1"":null,""2"":null,""3"":null}",987.0,676693.0,987.0,480094.0,987.0,480094.0,838.3382651418215,408688.6919939406,838.3382651418215,0.0,0.0,1486.8509216674138,554690.8452243626,0.0,14.995783080848996,4.0,1944.0,0.0,0.0,88.69999999870925,43059.4999996539,10.350000000006276,1218.1500000000083,49.34999999928186,24004.699999790933,0.0,0.0,0.0,0.0,0.0,0.0,9.86999999999989,4800.939999999998,493.5,240047.0,1.0,125.0,503.36999999999534,244847.9399999999,0.0,0.0,1486.8509216674138,554690.8452243626
685,2021-11-16,2021,True,31.873972602739727,987,987,1125,409527.03025908244,1420.2691916175488,50436,32,0.054800289668820786,0.8450156652709406,0.14922130121898564,0.15432586495790335,0.11064183068480549,0.38371712420423265,0.9598885511651469,0.131364085887018,610634.8044159815,0,False,False,True,"{""0"":null,""1"":null,""2"":null,""3"":null}",987.0,677680.0,987.0,481081.0,987.0,481081.0,838.3382651418215,409527.03025908244,838.3382651418215,0.0,0.0,1420.2691916174954,556111.1144159801,0.05480028966882067,15.050583370517817,4.0,1948.0,0.0,0.0,88.69999999870925,43148.19999965261,0.0,1218.1500000000083,49.34999999928186,24054.049999790215,0.0,0.0,0.0,0.0,0.0,0.0,9.86999999999989,4810.809999999998,493.5,240540.5,0.0,125.0,503.36999999999534,245351.30999999988,0.0,0.0,1420.2691916174954,556111.1144159801
686,2021-11-17,2021,True,31.876712328767123,987,987,1125,410365.36852422426,1334.9079572378605,50534,56,0.0,0.8287267652914634,0.15990385995318562,0.1543678748138706,0.11077748653735793,0.38371712420423265,0.9595947315096252,0.15594258808234815,611466.3423732194,0,False,False,True,"{""0"":null,""1"":null,""2"":null,""3"":null}",987.0,678667.0,987.0,482068.0,987.0,482068.0,838.3382651418215,410365.36852422426,838.3382651418215,0.0,0.0,1334.9079572379123,557446.022373218,0.0,15.050583370517817,4.0,1952.0,0.0,0.0,88.69999999870925,43236.899999651316,0.0,1218.1500000000083,49.34999999928186,24103.399999789497,0.0,0.0,0.0,0.0,0.0,0.0,9.86999999999989,4820.679999999998,493.5,241034.0,0.0,125.0,503.36999999999534,245854.67999999988,0.0,0.0,1334.9079572379123,557446.022373218
687,2021-11-18,2021,True,31.87945205479452,987,987,1125,411203.7067893661,1275.0302963276877,50653,58,0.19483502388226567,0.8227398965332509,0.17098121602576188,0.15436037920369203,0.11090214816268254,0.38371712420423265,0.9596200607902735,0.17859461818223096,612238.0026695471,0,False,False,True,"{""0"":null,""1"":null,""2"":null,""3"":null}",987.0,679654.0,987.0,483055.0,987.0,483055.0,838.3382651418215,411203.7067893661,838.3382651418215,0.0,0.0,1275.0302963276627,558721.0526695456,0.19483502388226626,15.245418394400083,4.0,1956.0,0.0,0.0,88.69999999870925,43325.599999650025,2.1000000000012733,1220.2500000000095,49.34999999928186,24152.74999978878,0.0,0.0,0.0,0.0,0.0,0.0,9.86999999999989,4830.549999999997,493.5,241527.5,0.0,125.0,503.36999999999534,246358.04999999987,0.0,0.0,1275.0302963276627,558721.0526695456
688,2021-11-19,2021,True,31.88219178082192,987,987,1125,412042.0450545079,1210.83477570028,50748,55,0.0,0.80448802349724,0.1951073952346511,0.15431262578102317,0.11100774584673175,0.38371712420423265,0.959452887537994,0.19947372195397325,612945.4674452473,0,False,False,True,"{""0"":null,""1"":null,""2"":null,""3"":null}",987.0,680641.0,987.0,484042.0,987.0,484042.0,838.3382651418215,412042.0450545079,838.3382651418215,0.0,0.0,1210.8347757002339,559931.8874452459,0.0,15.245418394400083,4.0,1960.0,0.0,0.0,88.69999999870925,43414.299999648734,2.700000000001637,1222.9500000000112,49.34999999928186,24202.09999978806,0.0,0.0,0.0,0.0,0.0,0.0,9.86999999999989,4840.419999999997,493.5,242021.0,0.0,125.0,503.36999999999534,246861.41999999987,0.0,0.0,1210.8347757002339,559931.8874452459
689,2021-11-20,2021,False,31.884931506849316,987,0,1125,412042.0450545079,0.0,49899,55,0.0,,,0.15428562150941405,0.1111004973530012,0.38371712420423265,0.9605167173252279,0.12496815582878072,612945.4674452473,0,False,False,True,"{""0"":null,""1"":null,""2"":null,""3"":null}",987.0,681628.0,0.0,484042.0,0.0,484042.0,0.0,412042.0450545079,0.0,0.0,0.0,0.0,559931.8874452459,0.0,15.245418394400083,0.0,1960.0,0.0,0.0,0.0,43414.299999648734,0.0,1222.9500000000112,0.0,24202.09999978806,0.0,0.0,0.0,0.0,0.0,0.0,0.0,4840.419999999997,0.0,242021.0,0.0,125.0,0.0,246861.41999999987,0.0,0.0,0.0,559931.8874452459
690,2021-11-21,2021,False,31.887671232876713,987,0,1125,412042.0450545079,0.0,49899,55,0.0,,,0.15428562150941405,0.11110049735300119,0.38371712420423265,0.9605167173252279,0.07626999510342809,612945.4674452473,0,False,False,True,"{""0"":null,""1"":null,""2"":null,""3"":null}",987.0,682615.0,0.0,484042.0,0.0,484042.0,0.0,412042.0450545079,0.0,0.0,0.0,0.0,559931.8874452459,0.0,15.245418394400083,0.0,1960.0,0.0,0.0,0.0,43414.299999648734,0.0,1222.9500000000112,0.0,24202.09999978806,0.0,0.0,0.0,0.0,0.0,0.0,0.0,4840.419999999997,0.0,242021.0,0.0,125.0,0.0,246861.41999999987,0.0,0.0,0.0,559931.8874452459
691,2021-11-22,2021,True,31.89041095890411,987,987,1126,412880.26191523485,1483.9522595220985,50884,21,0.0,0.8468711269933074,0.14626954857124994,0.15409156655352263,0.11016597540214955,0.38371712420423265,0.9593059777102331,0.10475027825420115,613925.0497047694,0,False,False,True,"{""0"":null,""1"":null,""2"":null,""3"":null}",987.0,683602.0,987.0,485029.0,987.0,485029.0,838.2168607269414,412880.26191523485,838.2168607269414,0.0,0.0,1483.9522595220478,561415.8397047679,0.0,15.245418394400083,4.0,1964.0,0.0,0.0,88.69999999870925,43502.99999964744,8.250000000005002,1231.2000000000162,49.34999999928186,24251.449999787343,0.0,0.0,0.0,0.0,0.0,0.0,9.86999999999989,4850.289999999997,493.5,242514.5,1.0,126.0,503.36999999999534,247364.78999999986,0.0,0.0,1483.9522595220478,561415.8397047679
692,2021-11-23,2021,True,31.893150684931506,987,987,1126,413718.4787759618,1420.2156646594337,50943,40,0.0,0.8277597130010421,0.1514634685239242,0.15402393897113192,0.11037883014682609,0.38371712420423265,0.9596808510638298,0.13116982408143482,614841.8953694288,0,False,False,True,"{""0"":null,""1"":null,""2"":null,""3"":null}",987.0,684589.0,987.0,486016.0,987.0,486016.0,838.2168607269414,413718.4787759618,838.2168607269414,0.0,0.0,1420.215664659394,562836.0553694273,0.0,15.245418394400083,4.0,1968.0,0.0,0.0,88.69999999870925,43591.69999964615,0.0,1231.2000000000162,49.34999999928186,24300.799999786625,0.0,0.0,0.0,0.0,0.0,0.0,9.86999999999989,4860.159999999997,493.5,243008.0,0.0,126.0,503.36999999999534,247868.15999999986,0.0,0.0,1420.215664659394,562836.0553694273
693,2021-11-24,2021,True,31.895890410958906,987,987,1127,414556.5917920144,1317.4515028706899,51038,57,0.0,0.8500147757287583,0.1355613543076398,0.1541051892157686,0.11001163840430214,0.38371712420423265,0.9595035460992908,0.1554337910429582,615654.9768722994,0,False,False,True,"{""0"":null,""1"":null,""2"":null,""3"":null}",987.0,685576.0,987.0,487003.0,987.0,487003.0,838.1130160526372,414556.5917920144,838.1130160526372,0.0,0.0,1317.451502870652,564153.506872298,0.0,15.245418394400083,4.0,1972.0,0.0,0.0,88.69999999870925,43680.39999964486,0.0,1231.2000000000162,49.34999999928186,24350.149999785906,0.0,0.0,0.0,0.0,0.0,0.0,9.86999999999989,4870.029999999997,493.5,243501.5,1.0,127.0,503.36999999999534,248371.52999999985,0.0,0.0,1317.451502870652,564153.506872298
694,2021-11-25,2021,True,31.898630136986302,987,987,1127,415394.70480806706,1289.97738600012,51155,47,0.0,0.8237023678480142,0.16714501915222957,0.15409722677093546,0.11009060930048478,0.38371712420423265,0.9595795339412361,0.17798961701735655,616441.5842582996,0,False,False,True,"{""0"":null,""1"":null,""2"":null,""3"":null}",987.0,686563.0,987.0,487990.0,987.0,487990.0,838.1130160526372,415394.70480806706,838.1130160526372,0.0,0.0,1289.9773860001005,565443.4842582981,0.0,15.245418394400083,4.0,1976.0,0.0,0.0,88.69999999870925,43769.09999964357,3.15000000000191,1234.350000000018,49.34999999928186,24399.49999978519,0.0,0.0,0.0,0.0,0.0,0.0,9.86999999999989,4879.899999999997,493.5,243995.0,0.0,127.0,503.36999999999534,248874.89999999985,0.0,0.0,1289.9773860001005,565443.4842582981
695,2021-11-26,2021,True,31.9013698630137,987,987,1127,416232.8178241197,1215.8270561366476,51264,45,0.0,0.8216126766757376,0.15423259205593204,0.15404654942603901,0.11021368413180292,0.38371712420423265,0.9596859169199595,0.19874556492411447,617154.0413144362,0,False,False,True,"{""0"":null,""1"":null,""2"":null,""3"":null}",987.0,687550.0,987.0,488977.0,987.0,488977.0,838.1130160526372,416232.8178241197,838.1130160526372,0.0,0.0,1215.8270561366808,566659.3113144347,0.0,15.245418394400083,4.0,1980.0,0.0,0.0,88.69999999870925,43857.79999964228,2.850000000001728,1237.2000000000198,49.34999999928186,24448.84999978447,0.0,0.0,0.0,0.0,0.0,0.0,9.86999999999989,4889.769999999997,493.5,244488.5,0.0,127.0,503.36999999999534,249378.26999999984,0.0,0.0,1215.8270561366808,566659.3113144347
696,2021-11-27,2021,False,31.904109589041095,987,0,1127,416232.8178241197,0.0,50399,45,0.0,,,0.15404634227204814,0.11031192965194235,0.38371712420423265,0.9604204660587639,0.12428112406329037,617154.0413144362,0,False,False,True,"{""0"":null,""1"":null,""2"":null,""3"":null}",987.0,688537.0,0.0,488977.0,0.0,488977.0,0.0,416232.8178241197,0.0,0.0,0.0,0.0,566659.3113144347,0.0,15.245418394400083,0.0,1980.0,0.0,0.0,0.0,43857.79999964228,0.0,1237.2000000000198,0.0,24448.84999978447,0.0,0.0,0.0,0.0,0.0,0.0,0.0,4889.769999999997,0.0,244488.5,0.0,127.0,0.0,249378.26999999984,0.0,0.0,0.0,566659.3113144347
697,2021-11-28,2021,False,31.90684931506849,985,0,1127,416232.8178241197,0.0,50399,45,0.0,,,0.15382266334064354,0.1116040020712737,0.38377235573480883,0.9603401015228425,0.07578751319151072,617154.0413144362,0,False,False,True,"{""0"":null,""1"":null,""2"":null,""3"":null}",985.0,689522.0,0.0,488977.0,0.0,488977.0,0.0,416232.8178241197,0.0,0.0,0.0,0.0,566659.3113144347,0.0,15.245418394400083,0.0,1980.0,0.0,0.0,0.0,43857.79999964228,0.0,1237.2000000000198,0.0,24448.84999978447,0.0,0.0,0.0,0.0,0.0,0.0,0.0,4889.769999999997,0.0,244488.5,0.0,127.0,0.0,249378.26999999984,0.0,0.0,0.0,566659.3113144347
698,2021-11-29,2021,True,31.90958904109589,985,985,1127,417069.16528074164,1477.155013161054,51374,14,0.0,0.8426512038606299,0.14020886350036055,0.15382266334064354,0.1116040020712737,0.38377235573480883,0.9594162436548224,0.10422513235784953,618128.8463275973,0,False,False,True,"{""0"":null,""1"":null,""2"":null,""3"":null}",985.0,690507.0,985.0,489962.0,985.0,489962.0,836.3474566219375,417069.16528074164,836.3474566219375,0.0,0.0,1477.155013161013,568136.4663275958,0.0,15.245418394400083,4.0,1984.0,0.0,0.0,88.49999999871216,43946.29999964099,6.750000000004093,1243.950000000024,49.24999999928332,24498.099999783753,0.0,0.0,0.0,0.0,0.0,0.0,9.850000000000364,4899.619999999997,492.5,244981.0,0.0,127.0,502.3500000000058,249880.61999999985,0.0,0.0,1477.155013161013,568136.4663275958
699,2021-11-30,2021,True,31.912328767123288,985,985,1127,417905.5127373636,1422.3213171752752,51430,36,0.1698086169526291,0.8254076292312126,0.16193226395924032,0.1538630689289226,0.11177571451346033,0.38377235573480883,0.9595228426395939,0.13069587443112987,619048.8176447726,0,False,False,True,"{""0"":null,""1"":null,""2"":null,""3"":null}",985.0,691492.0,985.0,490947.0,985.0,490947.0,836.3474566219375,417905.5127373636,836.3474566219375,0.0,0.0,1422.3213171752868,569558.787644771,0.16980861695262917,15.415227011352712,4.0,1988.0,0.0,0.0,88.49999999871216,44034.799999639705,0.0,1243.950000000024,49.24999999928332,24547.349999783037,0.0,0.0,0.0,0.0,0.0,0.0,9.850000000000364,4909.4699999999975,492.5,245473.5,0.0,127.0,502.3500000000058,250382.96999999986,0.0,0.0,1422.3213171752868,569558.787644771
700,2021-12-01,2021,True,31.915068493150685,983,983,1127,418740.3492868746,1356.064181122183,51543,47,0.051903735646833885,0.8198028047906809,0.17669874796725482,0.15391436390200378,0.11198192471583705,0.38358709107105804,0.95970498474059,0.1553997758209888,619903.5518258949,0,False,False,True,"{""0"":null,""1"":null,""2"":null,""3"":null}",983.0,692475.0,983.0,491930.0,983.0,491930.0,834.8365495110047,418740.3492868746,834.8365495110047,0.0,0.0,1356.0641811222304,570914.8518258933,0.05190373564683348,15.467130746999546,4.0,1992.0,0.0,0.0,88.29999999871507,44123.09999963842,0.0,1243.950000000024,49.14999999928477,24596.49999978232,0.0,0.0,0.0,0.0,0.0,0.0,9.829999999999927,4919.299999999997,491.5,245965.0,0.0,127.0,501.3299999999872,250884.29999999984,0.0,0.0,1356.0641811222304,570914.8518258933
701,2021-12-02,2021,True,31.91780821917808,982,982,1127,419574.21674075676,1280.429036506603,51654,49,0.0,0.7963479852702633,0.1988399932938817,0.15386247727739222,0.11206614423475404,0.3835763480836372,0.959867617107943,0.1776958514295958,620683.1608624015,0,False,False,True,"{""0"":null,""1"":null,""2"":null,""3"":null}",982.0,693457.0,982.0,492912.0,982.0,492912.0,833.8674538821797,419574.21674075676,833.8674538821797,0.0,0.0,1280.429036506568,572195.2808623998,0.0,15.467130746999546,4.0,1996.0,0.0,0.0,88.19999999871652,44211.299999637136,2.1000000000012733,1246.0500000000252,49.0999999992855,24645.599999781607,0.0,0.0,0.0,0.0,0.0,0.0,9.819999999999709,4929.119999999997,491.0,246456.0,0.0,127.0,500.820000000007,251385.11999999985,0.0,0.0,1280.429036506568,572195.2808623998
702,2021-12-03,2021,True,31.92054794520548,981,981,1127,420407.3020467634,1214.820253416017,51746,46,0.0,0.813519460717,0.1901665816324261,0.15403988274240793,0.11222747602627778,0.38377324797331475,0.9598674821610601,0.19855182111934086,621397.6711158174,0,False,False,True,"{""0"":null,""1"":null,""2"":null,""3"":null}",981.0,694438.0,981.0,493893.0,981.0,493893.0,833.0853060066584,420407.3020467634,833.0853060066584,0.0,0.0,1214.8202534159645,573410.1011158158,0.0,15.467130746999546,4.0,2000.0,0.0,0.0,88.09999999871798,44299.399999635854,3.300000000002001,1249.3500000000272,49.04999999928623,24694.649999780893,0.0,0.0,0.0,0.0,0.0,0.0,9.8100000000004,4938.929999999998,490.5,246946.5,0.0,127.0,500.3099999999977,251885.42999999985,0.0,0.0,1214.8202534159645,573410.1011158158
703,2021-12-04,2021,False,31.923287671232877,981,0,1127,420407.3020467634,0.0,50899,46,0.0,,,0.15404823619853558,0.11232637837406748,0.38377324797331475,0.9606727828746177,0.12415558781409347,621397.6711158174,0,False,False,True,"{""0"":null,""1"":null,""2"":null,""3"":null}",981.0,695419.0,0.0,493893.0,0.0,493893.0,0.0,420407.3020467634,0.0,0.0,0.0,0.0,573410.1011158158,0.0,15.467130746999546,0.0,2000.0,0.0,0.0,0.0,44299.399999635854,0.0,1249.3500000000272,0.0,24694.649999780893,0.0,0.0,0.0,0.0,0.0,0.0,0.0,4938.929999999998,0.0,246946.5,0.0,127.0,0.0,251885.42999999985,0.0,0.0,0.0,573410.1011158158
704,2021-12-05,2021,False,31.926027397260274,981,0,1127,420407.3020467634,0.0,50899,46,0.0,,,0.15404823619853558,0.11232637837406748,0.38377324797331475,0.9606727828746177,0.07556243128897819,621397.6711158174,0,False,False,True,"{""0"":null,""1"":null,""2"":null,""3"":null}",981.0,696400.0,0.0,493893.0,0.0,493893.0,0.0,420407.3020467634,0.0,0.0,0.0,0.0,573410.1011158158,0.0,15.467130746999546,0.0,2000.0,0.0,0.0,0.0,44299.399999635854,0.0,1249.3500000000272,0.0,24694.649999780893,0.0,0.0,0.0,0.0,0.0,0.0,0.0,4938.929999999998,0.0,246946.5,0.0,127.0,0.0,251885.42999999985,0.0,0.0,0.0,573410.1011158158
705,2021-12-06,2021,True,31.92876712328767,981,981,1127,421240.3873527701,1458.7409094972222,51883,14,0.0,0.837948056727961,0.1587669226991914,0.15404823619853558,0.11232637837406746,0.38377324797331475,0.9600305810397554,0.10406410389176894,622356.1020253146,0,False,False,True,"{""0"":null,""1"":null,""2"":null,""3"":null}",981.0,697381.0,981.0,494874.0,981.0,494874.0,833.0853060066584,421240.3873527701,833.0853060066584,0.0,0.0,1458.7409094972536,574868.8420253131,0.0,15.467130746999546,4.0,2004.0,0.0,0.0,88.09999999871798,44387.49999963457,6.900000000004184,1256.2500000000314,49.04999999928623,24743.69999978018,0.0,0.0,0.0,0.0,0.0,0.0,9.8100000000004,4948.739999999998,490.5,247437.0,0.0,127.0,500.3099999999977,252385.73999999985,0.0,0.0,1458.7409094972536,574868.8420253131
706,2021-12-07,2021,True,31.931506849315067,982,982,1128,422074.2490949133,1398.2157154711472,51943,30,0.02882569526017002,0.8361286326565636,0.14704421726543307,0.15393203368222402,0.11164783829789164,0.3837074182479919,0.9600661914460284,0.13059586861238487,623252.4977407858,0,False,False,True,"{""0"":null,""1"":null,""2"":null,""3"":null}",982.0,698363.0,982.0,495856.0,982.0,495856.0,833.8617421432282,422074.2490949133,833.8617421432282,0.0,0.0,1398.2157154711895,576267.0577407843,0.028825695260170647,15.495956442259716,4.0,2008.0,0.0,0.0,88.19999999871652,44475.69999963329,0.0,1256.2500000000314,49.0999999992855,24792.799999779465,0.0,0.0,0.0,0.0,0.0,0.0,9.819999999999709,4958.559999999998,491.0,247928.0,1.0,128.0,500.820000000007,252886.55999999985,0.0,0.0,1398.2157154711895,576267.0577407843
707,2021-12-08,2021,True,31.934246575342467,981,981,1128,422907.120151088,1324.8106431440583,52033,48,0.0,0.8278271113711988,0.16340049572982274,0.15379169242398028,0.11162551276082205,0.38377324797331475,0.9599643221202855,0.15483844837281677,624076.9983839298,0,False,False,True,"{""0"":null,""1"":null,""2"":null,""3"":null}",981.0,699344.0,981.0,496837.0,981.0,496837.0,832.8710561746848,422907.120151088,832.8710561746848,0.0,0.0,1324.8106431440683,577591.8683839283,0.0,15.495956442259716,4.0,2012.0,0.0,0.0,88.09999999871798,44563.79999963201,0.0,1256.2500000000314,49.04999999928623,24841.84999977875,0.0,0.0,0.0,0.0,0.0,0.0,9.8100000000004,4968.369999999998,490.5,248418.5,0.0,128.0,500.3099999999977,253386.86999999985,0.0,0.0,1324.8106431440683,577591.8683839283
708,2021-12-09,2021,True,31.936986301369863,983,983,1130,423741.60785743024,1269.5840244113538,52143,60,0.09455493461224135,0.8240056079395692,0.1662571534723894,0.1539784153785174,0.11029224227425305,0.38371816123541275,0.9593692777212613,0.17725024154673247,624843.2524083413,0,False,False,True,"{""0"":null,""1"":null,""2"":null,""3"":null}",983.0,700327.0,983.0,497820.0,983.0,497820.0,834.4877063422464,423741.60785743024,834.4877063422464,0.0,0.0,1269.5840244113933,578861.4524083397,0.09455493461224052,15.590511376871957,4.0,2016.0,0.0,0.0,88.29999999871507,44652.09999963072,2.1000000000012733,1258.3500000000327,49.14999999928477,24890.999999778036,0.0,0.0,0.0,0.0,0.0,0.0,9.829999999999927,4978.199999999998,491.5,248910.0,2.0,130.0,501.3299999999872,253888.19999999984,0.0,0.0,1269.5840244113933,578861.4524083397
709,2021-12-10,2021,True,31.93972602739726,984,984,1131,424576.9936039272,1264.0773078745895,52253,61,0.0,0.8150537646242221,0.16513552770033751,0.15402967993602495,0.10963750780900838,0.38365129447890983,0.9590701219512195,0.19790634938844748,625604.4897162159,0,False,False,True,"{""0"":null,""1"":null,""2"":null,""3"":null}",984.0,701311.0,984.0,498804.0,984.0,498804.0,835.3857464969624,424576.9936039272,835.3857464969624,0.0,0.0,1264.0773078745697,580125.5297162143,0.0,15.590511376871957,4.0,2020.0,0.0,0.0,88.39999999871361,44740.499999629435,2.400000000001455,1260.750000000034,49.199999999284046,24940.19999977732,0.0,0.0,0.0,0.0,0.0,0.0,9.840000000000146,4988.039999999998,492.0,249402.0,1.0,131.0,501.8399999999965,254390.03999999983,0.0,0.0,1264.0773078745697,580125.5297162143
710,2021-12-11,2021,False,31.942465753424656,985,0,1132,424576.9936039272,0.0,51399,61,0.0,,,0.1541826898307521,0.10927164143594457,0.38390342589916354,0.9597055837563451,0.12336215721417021,625603.4897162159,0,False,False,True,"{""0"":null,""1"":null,""2"":null,""3"":null}",985.0,702296.0,0.0,498804.0,0.0,498804.0,0.0,424576.9936039272,0.0,0.0,0.0,0.0,580125.5297162143,0.0,15.590511376871957,0.0,2020.0,0.0,0.0,0.0,44740.499999629435,0.0,1260.750000000034,0.0,24940.19999977732,0.0,0.0,0.0,0.0,0.0,0.0,0.0,4988.039999999998,0.0,249402.0,1.0,132.0,0.0,254390.03999999983,0.0,0.0,0.0,580125.5297162143
711,2021-12-12,2021,False,31.945205479452056,985,0,1132,424576.9936039272,0.0,51399,61,0.0,,,0.15418268983075212,0.10927164143594457,0.38390342589916354,0.9597055837563451,0.07506848372398203,625603.4897162159,0,False,False,True,"{""0"":null,""1"":null,""2"":null,""3"":null}",985.0,703281.0,0.0,498804.0,0.0,498804.0,0.0,424576.9936039272,0.0,0.0,0.0,0.0,580125.5297162143,0.0,15.590511376871957,0.0,2020.0,0.0,0.0,0.0,44740.499999629435,0.0,1260.750000000034,0.0,24940.19999977732,0.0,0.0,0.0,0.0,0.0,0.0,0.0,4988.039999999998,0.0,249402.0,0.0,132.0,0.0,254390.03999999983,0.0,0.0,0.0,580125.5297162143
712,2021-12-13,2021,True,31.947945205479453,984,984,1132,425412.5378367819,1481.360451229914,52378,30,0.042084942274280654,0.8546600016524828,0.1509995832109805,0.15415600667023174,0.10948440177747489,0.38396925562448636,0.9584756097560976,0.10367296243545106,626583.0101674459,0,False,False,True,"{""0"":null,""1"":null,""2"":null,""3"":null}",984.0,704265.0,984.0,499788.0,984.0,499788.0,835.5442328546778,425412.5378367819,835.5442328546778,0.0,0.0,1481.3604512299644,581606.8901674442,0.042084942274280834,15.632596319146238,4.0,2024.0,0.0,0.0,88.39999999871361,44828.89999962815,9.150000000005548,1269.9000000000397,49.199999999284046,24989.399999776604,0.0,0.0,0.0,0.0,0.0,0.0,9.840000000000146,4997.879999999998,492.0,249894.0,0.0,132.0,501.8399999999965,254891.87999999983,0.0,0.0,1481.3604512299644,581606.8901674442
713,2021-12-14,2021,True,31.95068493150685,984,984,1132,426248.08206963656,1417.9408384669775,52430,46,0.0,0.8149962819135752,0.18198879405886195,0.15407904634694516,0.10964357775489947,0.38396925562448636,0.9585975609756098,0.13018663170592767,627499.1110059129,0,False,False,True,"{""0"":null,""1"":null,""2"":null,""3"":null}",984.0,705249.0,984.0,500772.0,984.0,500772.0,835.5442328546778,426248.08206963656,835.5442328546778,0.0,0.0,1417.9408384669805,583024.8310059112,0.0,15.632596319146238,4.0,2028.0,0.0,0.0,88.39999999871361,44917.29999962686,0.0,1269.9000000000397,49.199999999284046,25038.599999775888,0.0,0.0,0.0,0.0,0.0,0.0,9.840000000000146,5007.719999999998,492.0,250386.0,0.0,132.0,501.8399999999965,255393.71999999983,0.0,0.0,1417.9408384669805,583024.8310059112
714,2021-12-15,2021,True,31.953424657534246,982,982,1132,427081.8179423148,1353.3271510573443,52531,61,0.0,0.8319120791464185,0.15929151170056582,0.15425942536742454,0.10966621755954419,0.383706526009486,0.9585641547861506,0.15458692462629617,628351.6181569702,0,False,False,True,"{""0"":null,""1"":null,""2"":null,""3"":null}",982.0,706231.0,982.0,501754.0,982.0,501754.0,833.7358726782259,427081.8179423148,833.7358726782259,0.0,0.0,1353.3271510573104,584378.1581569685,0.0,15.632596319146238,4.0,2032.0,0.0,0.0,88.19999999871652,45005.49999962558,0.0,1269.9000000000397,49.0999999992855,25087.699999775174,0.0,0.0,0.0,0.0,0.0,0.0,9.819999999999709,5017.539999999998,491.0,250877.0,0.0,132.0,500.820000000007,255894.53999999983,0.0,0.0,1353.3271510573104,584378.1581569685
715,2021-12-16,2021,True,31.956164383561642,983,983,1133,427916.5032279956,1273.7873095904229,52671,42,0.0,0.8127577534928534,0.16802788974624938,0.15427616454666057,0.10902170449946215,0.3836406962841632,0.9586826042726347,0.17720011390016863,629123.0754665607,0,False,False,True,"{""0"":null,""1"":null,""2"":null,""3"":null}",983.0,707214.0,983.0,502737.0,983.0,502737.0,834.6852856808109,427916.5032279956,834.6852856808109,0.0,0.0,1273.7873095903778,585651.9454665589,0.0,15.632596319146238,4.0,2036.0,0.0,0.0,88.29999999871507,45093.799999624294,4.5000000000027285,1274.4000000000424,49.14999999928477,25136.84999977446,0.0,0.0,0.0,0.0,0.0,0.0,9.829999999999927,5027.369999999998,491.5,251368.5,1.0,133.0,501.3299999999872,256395.86999999982,0.0,0.0,1273.7873095903778,585651.9454665589
716,2021-12-17,2021,True,31.958904109589042,982,982,1133,428750.46890822786,1238.3161771815426,52746,39,0.0,0.8065714061121537,0.19956316402527335,0.15411986110360298,0.10903522194572184,0.383706526009486,0.9587729124236253,0.1982428369756656,629860.5716437423,0,False,False,True,"{""0"":null,""1"":null,""2"":null,""3"":null}",982.0,708196.0,982.0,503719.0,982.0,503719.0,833.9656802322716,428750.46890822786,833.9656802322716,0.0,0.0,1238.3161771815503,586890.2616437405,0.0,15.632596319146238,4.0,2040.0,0.0,0.0,88.19999999871652,45181.99999962301,2.400000000001455,1276.8000000000438,49.0999999992855,25185.949999773744,0.0,0.0,0.0,0.0,0.0,0.0,9.819999999999709,5037.189999999998,491.0,251859.5,0.0,133.0,500.820000000007,256896.68999999983,0.0,0.0,1238.3161771815503,586890.2616437405
717,2021-12-18,2021,False,31.96164383561644,982,0,1133,428750.46890822786,0.0,51899,39,0.0,,,0.15412706329242926,0.1091459797619204,0.383706526009486,0.959623217922607,0.12373955873336442,629860.5716437423,0,False,False,True,"{""0"":null,""1"":null,""2"":null,""3"":null}",982.0,709178.0,0.0,503719.0,0.0,503719.0,0.0,428750.46890822786,0.0,0.0,0.0,0.0,586890.2616437405,0.0,15.632596319146238,0.0,2040.0,0.0,0.0,0.0,45181.99999962301,0.0,1276.8000000000438,0.0,25185.949999773744,0.0,0.0,0.0,0.0,0.0,0.0,0.0,5037.189999999998,0.0,251859.5,0.0,133.0,0.0,256896.68999999983,0.0,0.0,0.0,586890.2616437405
718,2021-12-19,2021,False,31.964383561643835,982,0,1133,428750.46890822786,0.0,51899,39,0.0,,,0.15412706329242926,0.10914597976192042,0.383706526009486,0.959623217922607,0.07538022610586766,629860.5716437423,0,False,False,True,"{""0"":null,""1"":null,""2"":null,""3"":null}",982.0,710160.0,0.0,503719.0,0.0,503719.0,0.0,428750.46890822786,0.0,0.0,0.0,0.0,586890.2616437405,0.0,15.632596319146238,0.0,2040.0,0.0,0.0,0.0,45181.99999962301,0.0,1276.8000000000438,0.0,25185.949999773744,0.0,0.0,0.0,0.0,0.0,0.0,0.0,5037.189999999998,0.0,251859.5,0.0,133.0,0.0,256896.68999999983,0.0,0.0,0.0,586890.2616437405
719,2021-12-20,2021,True,31.96712328767123,982,982,1133,429584.43458846014,1492.9042444462507,52873,21,0.0,0.8544275992266346,0.13741892932460598,0.15412706329242926,0.10914597976192042,0.383706526009486,0.9587678207739307,0.10401310630312523,630852.6558881885,0,False,False,True,"{""0"":null,""1"":null,""2"":null,""3"":null}",982.0,711142.0,982.0,504701.0,982.0,504701.0,833.9656802322716,429584.43458846014,833.9656802322716,0.0,0.0,1492.9042444461957,588383.1658881867,0.0,15.632596319146238,4.0,2044.0,0.0,0.0,88.19999999871652,45270.19999962173,5.850000000003547,1282.6500000000474,49.0999999992855,25235.04999977303,0.0,0.0,0.0,0.0,0.0,0.0,9.819999999999709,5047.0099999999975,491.0,252350.5,0.0,133.0,500.820000000007,257397.50999999983,0.0,0.0,1492.9042444461957,588383.1658881867
720,2021-12-21,2021,True,31.96986301369863,981,981,1133,430417.54033990344,1396.5207291132406,52926,35,0.0,0.8216732200507111,0.17291350035483308,0.15408252453559368,0.10897757329427363,0.38345439458923236,0.9587104994903161,0.13072751656777562,631748.8666173017,0,False,False,True,"{""0"":null,""1"":null,""2"":null,""3"":null}",981.0,712123.0,981.0,505682.0,981.0,505682.0,833.105751443305,430417.54033990344,833.105751443305,0.0,0.0,1396.5207291132538,589779.6866172999,0.0,15.632596319146238,4.0,2048.0,0.0,0.0,88.09999999871798,45358.299999620445,0.0,1282.6500000000474,49.04999999928623,25284.099999772316,0.0,0.0,0.0,0.0,0.0,0.0,9.8100000000004,5056.819999999998,490.5,252841.0,0.0,133.0,500.3099999999977,257897.81999999983,0.0,0.0,1396.5207291132538,589779.6866172999
721,2021-12-22,2021,True,31.972602739726028,981,981,1133,431250.64609134675,1317.4475590160318,53032,57,0.0,0.8154050458089368,0.18118953407350943,0.1540985811850281,0.10908480920813228,0.38345439458923236,0.9586952089704384,0.15538135297940503,632566.0041763177,0,False,False,True,"{""0"":null,""1"":null,""2"":null,""3"":null}",981.0,713104.0,981.0,506663.0,981.0,506663.0,833.105751443305,431250.64609134675,833.105751443305,0.0,0.0,1317.4475590160582,591097.134176316,0.0,15.632596319146238,4.0,2052.0,0.0,0.0,88.09999999871798,45446.39999961916,0.0,1282.6500000000474,49.04999999928623,25333.149999771602,0.0,0.0,0.0,0.0,0.0,0.0,9.8100000000004,5066.629999999998,490.5,253331.5,0.0,133.0,500.3099999999977,258398.12999999983,0.0,0.0,1317.4475590160582,591097.134176316
722,2021-12-23,2021,True,31.975342465753425,981,981,1133,432083.75184279005,1294.9013369958125,53159,48,0.0,0.8093863669107256,0.1963912258825603,0.15404738568305873,0.10921778227320049,0.38345439458923236,0.9587155963302753,0.17797724192712125,633360.5955133134,0,False,False,True,"{""0"":null,""1"":null,""2"":null,""3"":null}",981.0,714085.0,981.0,507644.0,981.0,507644.0,833.105751443305,432083.75184279005,833.105751443305,0.0,0.0,1294.9013369957684,592392.0355133117,0.0,15.632596319146238,4.0,2056.0,0.0,0.0,88.09999999871798,45534.49999961788,3.15000000000191,1285.8000000000493,49.04999999928623,25382.199999770888,0.0,0.0,0.0,0.0,0.0,0.0,9.8100000000004,5076.439999999999,490.5,253822.0,0.0,133.0,500.3099999999977,258898.43999999983,0.0,0.0,1294.9013369957684,592392.0355133117
723,2021-12-24,2021,True,31.97808219178082,981,981,1133,432916.85759423336,1226.6090166430856,53245,54,0.0,0.8042510728502121,0.18847954027857874,0.15410130710356545,0.10928899260543884,0.38345439458923236,0.9587054026503568,0.19881246207776604,634086.8945299565,0,False,False,True,"{""0"":null,""1"":null,""2"":null,""3"":null}",981.0,715066.0,981.0,508625.0,981.0,508625.0,833.105751443305,432916.85759423336,833.105751443305,0.0,0.0,1226.6090166431386,593618.6445299549,0.0,15.632596319146238,4.0,2060.0,0.0,0.0,88.09999999871798,45622.5999996166,2.1000000000012733,1287.9000000000506,49.04999999928623,25431.249999770174,0.0,0.0,0.0,0.0,0.0,0.0,9.8100000000004,5086.249999999999,490.5,254312.5,0.0,133.0,500.3099999999977,259398.74999999983,0.0,0.0,1226.6090166431386,593618.6445299549
724,2021-12-25,2021,False,31.980821917808218,981,0,1133,432916.85759423336,0.0,52399,54,0.0,,,0.15414068555663857,0.10948136979553796,0.38345439458923236,0.959525993883792,0.12426154992153667,634086.8945299565,0,False,False,True,"{""0"":null,""1"":null,""2"":null,""3"":null}",981.0,716047.0,0.0,508625.0,0.0,508625.0,0.0,432916.85759423336,0.0,0.0,0.0,0.0,593618.6445299549,0.0,15.632596319146238,0.0,2060.0,0.0,0.0,0.0,45622.5999996166,0.0,1287.9000000000506,0.0,25431.249999770174,0.0,0.0,0.0,0.0,0.0,0.0,0.0,5086.249999999999,0.0,254312.5,0.0,133.0,0.0,259398.74999999983,0.0,0.0,0.0,593618.6445299549
725,2021-12-26,2021,False,31.983561643835618,982,0,1134,432916.85759423336,0.0,52399,54,0.0,,,0.15411710732406286,0.10874309752776881,0.38346499278397894,0.9592617107942973,0.07586824151502676,634085.8945299565,0,False,False,True,"{""0"":null,""1"":null,""2"":null,""3"":null}",982.0,717029.0,0.0,508625.0,0.0,508625.0,0.0,432916.85759423336,0.0,0.0,0.0,0.0,593618.6445299549,0.0,15.632596319146238,0.0,2060.0,0.0,0.0,0.0,45622.5999996166,0.0,1287.9000000000506,0.0,25431.249999770174,0.0,0.0,0.0,0.0,0.0,0.0,0.0,5086.249999999999,0.0,254312.5,1.0,134.0,0.0,259398.74999999983,0.0,0.0,0.0,593618.6445299549
726,2021-12-27,2021,True,31.986301369863014,982,982,1134,433750.94285933045,1473.8158973688737,53377,22,0.0,0.8381354947899383,0.15974983108708793,0.1541171073240629,0.10874309752776881,0.38346499278397894,0.9582179226069246,0.1044608893407853,635058.8904273254,0,False,False,True,"{""0"":null,""1"":null,""2"":null,""3"":null}",982.0,718011.0,982.0,509607.0,982.0,509607.0,834.0852650970919,433750.94285933045,834.0852650970919,0.0,0.0,1473.815897368826,595092.4604273237,0.0,15.632596319146238,4.0,2064.0,0.0,0.0,88.19999999871652,45710.799999615316,8.100000000004911,1296.0000000000555,49.0999999992855,25480.34999976946,0.0,0.0,0.0,0.0,0.0,0.0,9.819999999999709,5096.069999999999,491.0,254803.5,0.0,134.0,500.820000000007,259899.56999999983,0.0,0.0,1473.815897368826,595092.4604273237
727,2021-12-28,2021,True,31.98904109589041,982,982,1134,434585.02812442754,1391.8176627775015,53428,36,0.06078876070861801,0.8157438441627398,0.16301814776620083,0.15412739918192098,0.10891878871717708,0.38346499278397894,0.9584826883910387,0.13097912220676905,635949.8880901029,0,False,False,True,"{""0"":null,""1"":null,""2"":null,""3"":null}",982.0,718993.0,982.0,510589.0,982.0,510589.0,834.0852650970919,434585.02812442754,834.0852650970919,0.0,0.0,1391.8176627774956,596484.2780901012,0.06078876070861838,15.693385079854856,4.0,2068.0,0.0,0.0,88.19999999871652,45798.99999961403,0.0,1296.0000000000555,49.0999999992855,25529.449999768745,0.0,0.0,0.0,0.0,0.0,0.0,9.819999999999709,5105.8899999999985,491.0,255294.5,0.0,134.0,500.820000000007,260400.38999999984,0.0,0.0,1391.8176627774956,596484.2780901012
728,2021-12-29,2021,True,31.991780821917807,981,981,1135,435418.3545128088,1322.8838577206016,53514,55,0.0,0.8298114614802852,0.17759164728639393,0.15407693037329176,0.10809604033072473,0.38353185954048186,0.9576707441386341,0.15549563050866322,636771.4619478235,0,False,False,True,"{""0"":null,""1"":null,""2"":null,""3"":null}",981.0,719974.0,981.0,511570.0,981.0,511570.0,833.3263883812469,435418.3545128088,833.3263883812469,0.0,0.0,1322.883857720648,597807.1619478218,0.0,15.693385079854856,4.0,2072.0,0.0,0.0,88.09999999871798,45887.09999961275,0.0,1296.0000000000555,49.04999999928623,25578.49999976803,0.0,0.0,0.0,0.0,0.0,0.0,9.8100000000004,5115.699999999999,490.5,255785.0,1.0,135.0,500.3099999999977,260900.69999999984,0.0,0.0,1322.883857720648,597807.1619478218
729,2021-12-30,2021,True,31.994520547945207,981,981,1135,436251.68090119003,1285.7112326144827,53658,48,0.0,0.803204824349729,0.19296186790111786,0.15410596634505885,0.10827168726556244,0.38353185954048186,0.9578440366972477,0.17806279622016197,637556.8631804379,0,False,False,True,"{""0"":null,""1"":null,""2"":null,""3"":null}",981.0,720955.0,981.0,512551.0,981.0,512551.0,833.3263883812469,436251.68090119003,833.3263883812469,0.0,0.0,1285.7112326144706,599092.8731804363,0.0,15.693385079854856,4.0,2076.0,0.0,0.0,88.09999999871798,45975.19999961147,3.300000000002001,1299.3000000000575,49.04999999928623,25627.549999767318,0.0,0.0,0.0,0.0,0.0,0.0,9.8100000000004,5125.509999999999,490.5,256275.5,0.0,135.0,500.3099999999977,261401.00999999983,0.0,0.0,1285.7112326144706,599092.8731804363
730,2021-12-31,2021,True,31.997260273972604,981,981,1135,437085.0072895713,1248.9105796782665,53740,55,0.0,0.807278091329237,0.17772028822889732,0.15411575447421405,0.10836084025835147,0.38353185954048186,0.9580326197757391,0.1988205003916901,638305.4637601161,0,False,False,True,"{""0"":null,""1"":null,""2"":null,""3"":null}",981.0,721936.0,981.0,513532.0,981.0,513532.0,833.3263883812469,437085.0072895713,833.3263883812469,0.0,0.0,1248.9105796782533,600341.7837601146,0.0,15.693385079854856,4.0,2080.0,0.0,0.0,88.09999999871798,46063.299999610186,2.1000000000012733,1301.4000000000588,49.04999999928623,25676.599999766604,0.0,0.0,0.0,0.0,0.0,0.0,9.8100000000004,5135.32,490.5,256766.0,0.0,135.0,500.3099999999977,261901.31999999983,0.0,0.0,1248.9105796782533,600341.7837601146
731,2022-01-01,2022,False,32.0,980,0,1135,437085.0072895713,0.0,52899,55,0.0,,,0.1540167173869787,0.10842240970563889,0.3835212613457353,0.9589642857142857,0.12410468094657506,638305.4637601161,0,False,False,True,"{""0"":null,""1"":null,""2"":null,""3"":null}",980.0,722916.0,0.0,513532.0,0.0,513532.0,0.0,437085.0072895713,0.0,0.0,0.0,0.0,600341.7837601146,0.0,15.693385079854856,0.0,2080.0,0.0,0.0,0.0,46063.299999610186,0.0,1301.4000000000588,0.0,25676.599999766604,0.0,0.0,0.0,0.0,0.0,0.0,0.0,5135.32,0.0,256766.0,0.0,135.0,0.0,261901.31999999983,0.0,0.0,0.0,600341.7837601146
732,2022-01-02,2022,False,32.0027397260274,980,0,1135,437085.0072895713,0.0,52899,55,0.0,,,0.1540167173869787,0.1084224097056389,0.3835212613457353,0.9589642857142857,0.07591628756203499,638305.4637601161,0,False,False,True,"{""0"":null,""1"":null,""2"":null,""3"":null}",980.0,723896.0,0.0,513532.0,0.0,513532.0,0.0,437085.0072895713,0.0,0.0,0.0,0.0,600341.7837601146,0.0,15.693385079854856,0.0,2080.0,0.0,0.0,0.0,46063.299999610186,0.0,1301.4000000000588,0.0,25676.599999766604,0.0,0.0,0.0,0.0,0.0,0.0,0.0,5135.32,0.0,256766.0,0.0,135.0,0.0,261901.31999999983,0.0,0.0,0.0,600341.7837601146
733,2022-01-03,2022,True,32.00547945205479,980,980,1135,437917.38243724155,1473.8219136831697,53897,16,0.0,0.8653212866400398,0.11648889579783667,0.1540167173869787,0.10842240970563892,0.3835212613457353,0.9583316326530612,0.10443466211208911,639279.4856737993,0,False,False,True,"{""0"":null,""1"":null,""2"":null,""3"":null}",980.0,724876.0,980.0,514512.0,980.0,514512.0,832.3751476702746,437917.38243724155,832.3751476702746,0.0,0.0,1473.821913683205,601815.6056737978,0.0,15.693385079854856,4.0,2084.0,0.0,0.0,87.99999999871943,46151.299999608906,8.250000000005002,1309.6500000000638,48.999999999286956,25725.59999976589,0.0,0.0,0.0,0.0,0.0,0.0,9.800000000000182,5145.12,490.0,257256.0,0.0,135.0,499.79999999998836,262401.1199999998,0.0,0.0,1473.821913683205,601815.6056737978
734,2022-01-04,2022,True,32.00821917808219,980,980,1135,438749.75758491183,1408.5696629077013,53929,33,0.009473083747386963,0.84177165632639,0.14607115228804107,0.15403485707231,0.10848519246365074,0.3835212613457353,0.9586173469387755,0.13100555892064816,640188.255336707,0,False,False,True,"{""0"":null,""1"":null,""2"":null,""3"":null}",980.0,725856.0,980.0,515492.0,980.0,515492.0,832.3751476702746,438749.75758491183,832.3751476702746,0.0,0.0,1408.569662907743,603224.1753367055,0.009473083747387534,15.702858163602244,4.0,2088.0,0.0,0.0,87.99999999871943,46239.299999607625,0.0,1309.6500000000638,48.999999999286956,25774.599999765178,0.0,0.0,0.0,0.0,0.0,0.0,9.800000000000182,5154.92,490.0,257746.0,0.0,135.0,499.79999999998836,262900.9199999998,0.0,0.0,1408.569662907743,603224.1753367055
735,2022-01-05,2022,True,32.010958904109586,979,979,1135,439581.1820177552,1350.7458799007009,54021,59,0.0,0.8447383819584221,0.14230882534405603,0.15384605798333065,0.10841508675605473,0.3835105183583144,0.9583197139938714,0.1549219820729345,641039.7112166077,0,False,False,True,"{""0"":null,""1"":null,""2"":null,""3"":null}",979.0,726835.0,979.0,516471.0,979.0,516471.0,831.4244328433997,439581.1820177552,831.4244328433997,0.0,0.0,1350.7458799007582,604574.9212166063,0.0,15.702858163602244,4.0,2092.0,0.0,0.0,87.89999999872089,46327.199999606346,0.0,1309.6500000000638,48.949999999287684,25823.549999764466,0.0,0.0,0.0,0.0,0.0,0.0,9.789999999999964,5164.71,489.5,258235.5,0.0,135.0,499.28999999997905,263400.2099999998,0.0,0.0,1350.7458799007582,604574.9212166063
736,2022-01-06,2022,True,32.013698630136986,978,978,1135,440411.84166520555,1269.3415888394602,54125,69,0.0,0.8169411288318373,0.1689099865949784,0.15410993425117456,0.10864010408547244,0.3837074182479919,0.9578527607361963,0.17766749554214745,641810.2728054471,0,False,False,True,"{""0"":null,""1"":null,""2"":null,""3"":null}",978.0,727813.0,978.0,517449.0,978.0,517449.0,830.6596474503167,440411.84166520555,830.6596474503167,0.0,0.0,1269.341588839423,605844.2628054457,0.0,15.702858163602244,4.0,2096.0,0.0,0.0,87.79999999872234,46414.99999960507,2.400000000001455,1312.0500000000652,48.89999999928841,25872.449999763754,0.0,0.0,0.0,0.0,0.0,0.0,9.779999999999745,5174.49,489.0,258724.5,0.0,135.0,498.78000000002794,263898.9899999998,0.0,0.0,1269.341588839423,605844.2628054457
737,2022-01-07,2022,True,32.016438356164386,979,979,1136,441243.47396788385,1227.395428724821,54249,72,0.0,0.8141617507587077,0.1734177675758571,0.15408421201686467,0.10803540228564584,0.38371816123541275,0.9577017364657815,0.1983685074215513,642537.3782341719,0,False,False,True,"{""0"":null,""1"":null,""2"":null,""3"":null}",979.0,728792.0,979.0,518428.0,979.0,518428.0,831.6323026783066,441243.47396788385,831.6323026783066,0.0,0.0,1227.3954287248198,607071.6582341705,0.0,15.702858163602244,4.0,2100.0,0.0,0.0,87.89999999872089,46502.89999960379,2.550000000001546,1314.6000000000668,48.949999999287684,25921.39999976304,0.0,0.0,0.0,0.0,0.0,0.0,9.789999999999964,5184.28,489.5,259214.0,1.0,136.0,499.28999999997905,264398.2799999998,0.0,0.0,1227.3954287248198,607071.6582341705
738,2022-01-08,2022,False,32.01917808219178,979,0,1136,441243.47396788385,0.0,53399,72,0.0,,,0.15403708726521115,0.10806694445671063,0.38371816123541275,0.9588917262512768,0.12387390871105852,642537.3782341719,0,False,False,True,"{""0"":null,""1"":null,""2"":null,""3"":null}",979.0,729771.0,0.0,518428.0,0.0,518428.0,0.0,441243.47396788385,0.0,0.0,0.0,0.0,607071.6582341705,0.0,15.702858163602244,0.0,2100.0,0.0,0.0,0.0,46502.89999960379,0.0,1314.6000000000668,0.0,25921.39999976304,0.0,0.0,0.0,0.0,0.0,0.0,0.0,5184.28,0.0,259214.0,0.0,136.0,0.0,264398.2799999998,0.0,0.0,0.0,607071.6582341705
739,2022-01-09,2022,False,32.02191780821918,979,0,1136,441243.47396788385,0.0,53399,72,0.0,,,0.15403708726521115,0.10806694445671067,0.38371816123541275,0.9588917262512768,0.07568434185361946,642537.3782341719,0,False,False,True,"{""0"":null,""1"":null,""2"":null,""3"":null}",979.0,730750.0,0.0,518428.0,0.0,518428.0,0.0,441243.47396788385,0.0,0.0,0.0,0.0,607071.6582341705,0.0,15.702858163602244,0.0,2100.0,0.0,0.0,0.0,46502.89999960379,0.0,1314.6000000000668,0.0,25921.39999976304,0.0,0.0,0.0,0.0,0.0,0.0,0.0,5184.28,0.0,259214.0,0.0,136.0,0.0,264398.2799999998,0.0,0.0,0.0,607071.6582341705
740,2022-01-10,2022,True,32.02465753424657,979,979,1136,442075.10627056216,1500.8890810855912,54407,16,0.0,0.8406936886520409,0.16059860854541347,0.15403708726521115,0.10806694445671064,0.38371816123541275,0.9581103166496425,0.1041954882122966,643538.9773152574,0,False,False,True,"{""0"":null,""1"":null,""2"":null,""3"":null}",979.0,731729.0,979.0,519407.0,979.0,519407.0,831.6323026783066,442075.10627056216,831.6323026783066,0.0,0.0,1500.8890810855664,608572.5473152561,0.0,15.702858163602244,4.0,2104.0,0.0,0.0,87.89999999872089,46590.79999960251,10.800000000006548,1325.4000000000733,48.949999999287684,25970.34999976233,0.0,0.0,0.0,0.0,0.0,0.0,9.789999999999964,5194.07,489.5,259703.5,0.0,136.0,499.28999999997905,264897.5699999998,0.0,0.0,1500.8890810855664,608572.5473152561
741,2022-01-11,2022,True,32.02739726027397,979,979,1136,442906.73857324047,1408.986598436764,54429,27,0.0,0.8580077809445628,0.13959689275386564,0.15398365816593132,0.108220471894144,0.38371816123541275,0.958799795709908,0.13080812942317196,644448.6739136941,0,False,False,True,"{""0"":null,""1"":null,""2"":null,""3"":null}",979.0,732708.0,979.0,520386.0,979.0,520386.0,831.6323026783066,442906.73857324047,831.6323026783066,0.0,0.0,1408.9865984367207,609981.5339136928,0.0,15.702858163602244,4.0,2108.0,0.0,0.0,87.89999999872089,46678.69999960123,0.0,1325.4000000000733,48.949999999287684,26019.299999761617,0.0,0.0,0.0,0.0,0.0,0.0,9.789999999999964,5203.86,489.5,260193.0,0.0,136.0,499.28999999997905,265396.85999999975,0.0,0.0,1408.9865984367207,609981.5339136928
742,2022-01-12,2022,True,32.03013698630137,979,979,1136,443738.3708759188,1337.291573734616,54529,42,0.05566124309992076,0.8181402589583219,0.184732582696096,0.1539852433840588,0.10832032599891425,0.38371816123541275,0.9586108273748724,0.15544488148039282,645286.6754874287,0,False,False,True,"{""0"":null,""1"":null,""2"":null,""3"":null}",979.0,733687.0,979.0,521365.0,979.0,521365.0,831.6323026783066,443738.3708759188,831.6323026783066,0.0,0.0,1337.2915737346048,611318.8254874274,0.055661243099921265,15.758519406702165,4.0,2112.0,0.0,0.0,87.89999999872089,46766.59999959995,0.0,1325.4000000000733,48.949999999287684,26068.249999760905,0.0,0.0,0.0,0.0,0.0,0.0,9.789999999999964,5213.65,489.5,260682.5,0.0,136.0,499.28999999997905,265896.14999999973,0.0,0.0,1337.2915737346048,611318.8254874274
743,2022-01-13,2022,True,32.032876712328765,978,978,1136,444569.2699789655,1273.3358451967786,54624,42,0.0,0.8301760879593781,0.16341695625172895,0.15388522636582078,0.10878847099543816,0.3834660298151591,0.9592638036809815,0.17831884524384053,646061.2313326254,0,False,False,True,"{""0"":null,""1"":null,""2"":null,""3"":null}",978.0,734665.0,978.0,522343.0,978.0,522343.0,830.8991030467441,444569.2699789655,830.8991030467441,0.0,0.0,1273.335845196736,612592.1613326241,0.0,15.758519406702165,4.0,2116.0,0.0,0.0,87.79999999872234,46854.399999598674,2.400000000001455,1327.8000000000748,48.89999999928841,26117.149999760193,0.0,0.0,0.0,0.0,0.0,0.0,9.779999999999745,5223.429999999999,489.0,261171.5,0.0,136.0,498.78000000002794,266394.92999999976,0.0,0.0,1273.335845196736,612592.1613326241
744,2022-01-14,2022,True,32.035616438356165,977,977,1136,445399.1877348184,1209.451990322959,54731,48,0.4371230678098142,0.8095979078087696,0.20574422305686635,0.15379780396501946,0.10890277044805001,0.383532896571662,0.959007164790174,0.19889611249030137,646772.4133229483,0,False,False,True,"{""0"":null,""1"":null,""2"":null,""3"":null}",977.0,735642.0,977.0,523320.0,977.0,523320.0,829.9177558528609,445399.1877348184,829.9177558528609,0.0,0.0,1209.4519903229084,613801.613322947,0.4371230678098126,16.195642474511978,4.0,2120.0,0.0,0.0,87.6999999987238,46942.0999995974,1.6500000000010004,1329.4500000000758,48.84999999928914,26165.999999759482,0.0,0.0,0.0,0.0,0.0,0.0,9.770000000000437,5233.2,488.5,261660.0,0.0,136.0,498.2700000000186,266893.1999999998,0.0,0.0,1209.4519903229084,613801.613322947
745,2022-01-15,2022,False,32.038356164383565,977,0,1136,445399.1877348184,0.0,53899,48,0.0,,,0.15385481278826477,0.10906986711890973,0.383532896571662,0.9599181166837257,0.12430748596329631,646772.4133229483,0,False,False,True,"{""0"":null,""1"":null,""2"":null,""3"":null}",977.0,736619.0,0.0,523320.0,0.0,523320.0,0.0,445399.1877348184,0.0,0.0,0.0,0.0,613801.613322947,0.0,16.195642474511978,0.0,2120.0,0.0,0.0,0.0,46942.0999995974,0.0,1329.4500000000758,0.0,26165.999999759482,0.0,0.0,0.0,0.0,0.0,0.0,0.0,5233.2,0.0,261660.0,0.0,136.0,0.0,266893.1999999998,0.0,0.0,0.0,613801.613322947
746,2022-01-16,2022,False,32.04109589041096,977,0,1136,445399.1877348184,0.0,53899,48,0.0,,,0.1538548127882648,0.10906986711890973,0.383532896571662,0.9599181166837257,0.07605856123601651,646772.4133229483,0,False,False,True,"{""0"":null,""1"":null,""2"":null,""3"":null}",977.0,737596.0,0.0,523320.0,0.0,523320.0,0.0,445399.1877348184,0.0,0.0,0.0,0.0,613801.613322947,0.0,16.195642474511978,0.0,2120.0,0.0,0.0,0.0,46942.0999995974,0.0,1329.4500000000758,0.0,26165.999999759482,0.0,0.0,0.0,0.0,0.0,0.0,0.0,5233.2,0.0,261660.0,0.0,136.0,0.0,266893.1999999998,0.0,0.0,0.0,613801.613322947
747,2022-01-17,2022,True,32.04383561643836,977,977,1136,446229.10549067124,1461.4912334122735,54875,18,0.07492012958540901,0.8392124914749783,0.1430337941745704,0.15385481278826474,0.10906986711890972,0.383532896571662,0.9590941658137154,0.10460557648127486,647735.6345563605,0,False,False,True,"{""0"":null,""1"":null,""2"":null,""3"":null}",977.0,738573.0,977.0,524297.0,977.0,524297.0,829.9177558528609,446229.10549067124,829.9177558528609,0.0,0.0,1461.4912334122928,615263.1045563594,0.07492012958540784,16.270562604097385,4.0,2124.0,0.0,0.0,87.6999999987238,47029.79999959612,7.200000000004366,1336.6500000000801,48.84999999928914,26214.84999975877,0.0,0.0,0.0,0.0,0.0,0.0,9.770000000000437,5242.97,488.5,262148.5,0.0,136.0,498.2700000000186,267391.4699999998,0.0,0.0,1461.4912334122928,615263.1045563594
748,2022-01-18,2022,True,32.04657534246575,977,977,1136,447059.0232465241,1392.446142433038,54924,30,0.0,0.8330898393212649,0.15781107619915358,0.1538359110108742,0.109121131888395,0.383532896571662,0.9595189355168885,0.13113919273215413,648629.8106987936,0,False,False,True,"{""0"":null,""1"":null,""2"":null,""3"":null}",977.0,739550.0,977.0,525274.0,977.0,525274.0,829.9177558528609,447059.0232465241,829.9177558528609,0.0,0.0,1392.4461424330948,616655.5506987924,0.0,16.270562604097385,4.0,2128.0,0.0,0.0,87.6999999987238,47117.499999594846,0.0,1336.6500000000801,48.84999999928914,26263.69999975806,0.0,0.0,0.0,0.0,0.0,0.0,9.770000000000437,5252.740000000001,488.5,262637.0,0.0,136.0,498.2700000000186,267889.7399999998,0.0,0.0,1392.4461424330948,616655.5506987924
749,2022-01-19,2022,True,32.04931506849315,977,977,1136,447888.94100237696,1343.588567461808,55037,45,0.0,0.7881264610664955,0.21336237410860123,0.1538381185353986,0.10921923042237162,0.383532896571662,0.9596571136131014,0.15570959061746617,649475.1292662554,0,False,False,True,"{""0"":null,""1"":null,""2"":null,""3"":null}",977.0,740527.0,977.0,526251.0,977.0,526251.0,829.9177558528609,447888.94100237696,829.9177558528609,0.0,0.0,1343.5885674618185,617999.1392662543,0.0,16.270562604097385,4.0,2132.0,0.0,0.0,87.6999999987238,47205.19999959357,0.0,1336.6500000000801,48.84999999928914,26312.54999975735,0.0,0.0,0.0,0.0,0.0,0.0,9.770000000000437,5262.510000000001,488.5,263125.5,0.0,136.0,498.2700000000186,268388.00999999983,0.0,0.0,1343.5885674618185,617999.1392662543
750,2022-01-20,2022,True,32.05205479452055,977,977,1136,448718.8587582298,1293.8502124645993,55143,42,0.0,0.8055908744780857,0.1867474436251563,0.15375242759149108,0.10929014534160682,0.383532896571662,0.9596622313203685,0.17841710038270253,650270.70947872,0,False,False,True,"{""0"":null,""1"":null,""2"":null,""3"":null}",977.0,741504.0,977.0,527228.0,977.0,527228.0,829.9177558528609,448718.8587582298,829.9177558528609,0.0,0.0,1293.8502124645747,619292.9894787188,0.0,16.270562604097385,4.0,2136.0,0.0,0.0,87.6999999987238,47292.89999959229,2.700000000001637,1339.3500000000818,48.84999999928914,26361.39999975664,0.0,0.0,0.0,0.0,0.0,0.0,9.770000000000437,5272.280000000002,488.5,263614.0,0.0,136.0,498.2700000000186,268886.27999999985,0.0,0.0,1293.8502124645747,619292.9894787188
751,2022-01-21,2022,True,32.054794520547944,977,977,1136,449548.7765140827,1203.5866583444154,55225,51,0.0,0.8167120333020055,0.16795471461131226,0.15386856924126374,0.10939426018900102,0.383532896571662,0.9594114636642784,0.19923049007962298,650976.0261370643,0,False,False,True,"{""0"":null,""1"":null,""2"":null,""3"":null}",977.0,742481.0,977.0,528205.0,977.0,528205.0,829.9177558528609,449548.7765140827,829.9177558528609,0.0,0.0,1203.5866583443712,620496.5761370632,0.0,16.270562604097385,4.0,2140.0,0.0,0.0,87.6999999987238,47380.59999959102,1.8000000000010914,1341.1500000000829,48.84999999928914,26410.249999755928,0.0,0.0,0.0,0.0,0.0,0.0,9.770000000000437,5282.050000000002,488.5,264102.5,0.0,136.0,498.2700000000186,269384.5499999999,0.0,0.0,1203.5866583443712,620496.5761370632
752,2022-01-22,2022,False,32.057534246575344,977,0,1136,449548.7765140827,0.0,54399,51,0.0,,,0.15392576242283737,0.10959041741381036,0.383532896571662,0.9601330603889457,0.12453253545627557,650976.0261370643,0,False,False,True,"{""0"":null,""1"":null,""2"":null,""3"":null}",977.0,743458.0,0.0,528205.0,0.0,528205.0,0.0,449548.7765140827,0.0,0.0,0.0,0.0,620496.5761370632,0.0,16.270562604097385,0.0,2140.0,0.0,0.0,0.0,47380.59999959102,0.0,1341.1500000000829,0.0,26410.249999755928,0.0,0.0,0.0,0.0,0.0,0.0,0.0,5282.050000000002,0.0,264102.5,0.0,136.0,0.0,269384.5499999999,0.0,0.0,0.0,620496.5761370632
753,2022-01-23,2022,False,32.06027397260274,978,0,1137,449548.7765140827,0.0,54399,51,0.0,,,0.15391440212808144,0.10879866818452459,0.3834660298151591,0.9598670756646217,0.07625624856294833,650975.0261370643,0,False,False,True,"{""0"":null,""1"":null,""2"":null,""3"":null}",978.0,744436.0,0.0,528205.0,0.0,528205.0,0.0,449548.7765140827,0.0,0.0,0.0,0.0,620496.5761370632,0.0,16.270562604097385,0.0,2140.0,0.0,0.0,0.0,47380.59999959102,0.0,1341.1500000000829,0.0,26410.249999755928,0.0,0.0,0.0,0.0,0.0,0.0,0.0,5282.050000000002,0.0,264102.5,1.0,137.0,0.0,269384.5499999999,0.0,0.0,0.0,620496.5761370632
754,2022-01-24,2022,True,32.06301369863014,978,978,1137,450379.5974895534,1487.9931058607115,55377,15,0.12257460847496182,0.8599233437695714,0.12875642791406974,0.15391440212808147,0.10879866818452459,0.3834660298151591,0.9591257668711656,0.10472549553813035,651964.239242925,0,False,False,True,"{""0"":null,""1"":null,""2"":null,""3"":null}",978.0,745414.0,978.0,529183.0,978.0,529183.0,830.8209754707059,450379.5974895534,830.8209754707059,0.0,0.0,1487.9931058606599,621984.5692429239,0.12257460847496304,16.39313721257235,4.0,2144.0,0.0,0.0,87.79999999872234,47468.39999958974,7.650000000004638,1348.8000000000875,48.89999999928841,26459.149999755216,0.0,0.0,0.0,0.0,0.0,0.0,9.779999999999745,5291.830000000002,489.0,264591.5,0.0,137.0,498.78000000002794,269883.3299999999,0.0,0.0,1487.9931058606599,621984.5692429239
755,2022-01-25,2022,True,32.06575342465754,977,977,1137,451209.4439241853,1410.1571053412467,55432,32,0.0,0.8442754937038802,0.14915104439162957,0.1537356729376159,0.10869628784110343,0.3834552868277382,0.9596059365404298,0.13100635812633865,652876.1263482661,0,False,False,True,"{""0"":null,""1"":null,""2"":null,""3"":null}",977.0,746391.0,977.0,530160.0,977.0,530160.0,829.8464346319088,451209.4439241853,829.8464346319088,0.0,0.0,1410.1571053412044,623394.7263482651,0.0,16.39313721257235,4.0,2148.0,0.0,0.0,87.6999999987238,47556.09999958846,0.0,1348.8000000000875,48.84999999928914,26507.999999754506,0.0,0.0,0.0,0.0,0.0,0.0,9.770000000000437,5301.600000000002,488.5,265080.0,0.0,137.0,498.2700000000186,270381.5999999999,0.0,0.0,1410.1571053412044,623394.7263482651
756,2022-01-26,2022,True,32.06849315068493,977,977,1137,452039.2903588172,1323.8410632106275,55538,41,0.0,0.835199538480188,0.15622016027423719,0.15378085395436844,0.10883447298891671,0.3834552868277382,0.9598311156601842,0.1555062937745197,653701.6974114768,0,False,False,True,"{""0"":null,""1"":null,""2"":null,""3"":null}",977.0,747368.0,977.0,531137.0,977.0,531137.0,829.8464346319088,452039.2903588172,829.8464346319088,0.0,0.0,1323.8410632106243,624718.5674114757,0.0,16.39313721257235,4.0,2152.0,0.0,0.0,87.6999999987238,47643.79999958719,0.0,1348.8000000000875,48.84999999928914,26556.849999753795,0.0,0.0,0.0,0.0,0.0,0.0,9.770000000000437,5311.370000000003,488.5,265568.5,0.0,137.0,498.2700000000186,270879.86999999994,0.0,0.0,1323.8410632106243,624718.5674114757
757,2022-01-27,2022,True,32.07123287671233,978,978,1138,452869.92062327446,1296.4012816309773,55639,49,0.0,0.8129009098372242,0.17716232474232166,0.15388305491656207,0.10852009145814193,0.3837074182479919,0.9595347648261758,0.17800874692827193,654498.3186931077,0,False,False,True,"{""0"":null,""1"":null,""2"":null,""3"":null}",978.0,748346.0,978.0,532115.0,978.0,532115.0,830.630264457257,452869.92062327446,830.630264457257,0.0,0.0,1296.4012816309696,626014.9686931067,0.0,16.39313721257235,4.0,2156.0,0.0,0.0,87.79999999872234,47731.59999958591,2.2500000000013642,1351.0500000000889,48.89999999928841,26605.749999753083,0.0,0.0,0.0,0.0,0.0,0.0,9.779999999999745,5321.150000000002,489.0,266057.5,1.0,138.0,498.78000000002794,271378.64999999997,0.0,0.0,1296.4012816309696,626014.9686931067
758,2022-01-28,2022,True,32.07397260273973,978,978,1138,453700.5508877317,1216.6017964365362,55731,49,0.2697070412803355,0.7976282454925038,0.1967461657335272,0.15393339980706056,0.10866496648752415,0.3837074182479919,0.9593251533742332,0.1986316214415917,655216.1404895443,0,False,False,True,"{""0"":null,""1"":null,""2"":null,""3"":null}",978.0,749324.0,978.0,533093.0,978.0,533093.0,830.630264457257,453700.5508877317,830.630264457257,0.0,0.0,1216.6017964365892,627231.5704895433,0.2697070412803342,16.662844253852683,4.0,2160.0,0.0,0.0,87.79999999872234,47819.39999958463,2.550000000001546,1353.6000000000904,48.89999999928841,26654.64999975237,0.0,0.0,0.0,0.0,0.0,0.0,9.779999999999745,5330.930000000002,489.0,266546.5,0.0,138.0,498.78000000002794,271877.43,0.0,0.0,1216.6017964365892,627231.5704895433
759,2022-01-29,2022,False,32.07671232876712,979,0,1139,453700.5508877317,0.0,54899,49,0.0,,,0.15403430046794248,0.10819588534004121,0.38395954966824564,0.9598672114402452,0.12382389487267462,655215.1404895443,0,False,False,True,"{""0"":null,""1"":null,""2"":null,""3"":null}",979.0,750303.0,0.0,533093.0,0.0,533093.0,0.0,453700.5508877317,0.0,0.0,0.0,0.0,627231.5704895433,0.0,16.662844253852683,0.0,2160.0,0.0,0.0,0.0,47819.39999958463,0.0,1353.6000000000904,0.0,26654.64999975237,0.0,0.0,0.0,0.0,0.0,0.0,0.0,5330.930000000002,0.0,266546.5,1.0,139.0,0.0,271877.43,0.0,0.0,0.0,627231.5704895433
760,2022-01-30,2022,False,32.07945205479452,979,0,1139,453700.5508877317,0.0,54899,49,0.0,,,0.15403430046794248,0.10819588534004121,0.38395954966824564,0.9598672114402452,0.07582898223997356,655215.1404895443,0,False,False,True,"{""0"":null,""1"":null,""2"":null,""3"":null}",979.0,751282.0,0.0,533093.0,0.0,533093.0,0.0,453700.5508877317,0.0,0.0,0.0,0.0,627231.5704895433,0.0,16.662844253852683,0.0,2160.0,0.0,0.0,0.0,47819.39999958463,0.0,1353.6000000000904,0.0,26654.64999975237,0.0,0.0,0.0,0.0,0.0,0.0,0.0,5330.930000000002,0.0,266546.5,0.0,139.0,0.0,271877.43,0.0,0.0,0.0,627231.5704895433
761,2022-01-31,2022,True,32.082191780821915,979,979,1139,454532.1040844655,1531.5337141769023,55866,21,0.1057749935741565,0.8263244103811431,0.17034817674952607,0.15403430046794248,0.1081958853400412,0.38395954966824564,0.9587844739530132,0.10420678334265576,656247.3842037211,0,False,False,True,"{""0"":null,""1"":null,""2"":null,""3"":null}",979.0,752261.0,979.0,534072.0,979.0,534072.0,831.5531967337593,454532.1040844655,831.5531967337593,0.0,0.0,1531.5337141768541,628763.1042037201,0.10577499357415476,16.768619247426837,4.0,2164.0,0.0,0.0,87.89999999872089,47907.29999958335,7.3500000000044565,1360.9500000000949,48.949999999287684,26703.59999975166,0.0,0.0,0.0,0.0,0.0,0.0,9.789999999999964,5340.720000000002,489.5,267036.0,0.0,139.0,499.28999999997905,272376.72,0.0,0.0,1531.5337141768541,628763.1042037201
762,2022-02-01,2022,True,32.084931506849315,979,979,1139,455363.65728119924,1448.5603566567247,55924,45,0.0,0.8211100587723965,0.1624526022858816,0.15401202531396202,0.10835757403972622,0.38395954966824564,0.9588712972420838,0.13064058460855674,657196.6545603777,0,False,False,True,"{""0"":null,""1"":null,""2"":null,""3"":null}",979.0,753240.0,979.0,535051.0,979.0,535051.0,831.5531967337593,455363.65728119924,831.5531967337593,0.0,0.0,1448.5603566566715,630211.6645603768,0.0,16.768619247426837,4.0,2168.0,0.0,0.0,87.89999999872089,47995.19999958207,0.0,1360.9500000000949,48.949999999287684,26752.549999750947,0.0,0.0,0.0,0.0,0.0,0.0,9.789999999999964,5350.510000000002,489.5,267525.5,0.0,139.0,499.28999999997905,272876.00999999995,0.0,0.0,1448.5603566566715,630211.6645603768
763,2022-02-02,2022,True,32.087671232876716,981,981,1141,456196.95375612867,1371.246780559138,56028,65,0.0,0.8237547404165446,0.17495925590224382,0.15340706159889955,0.10660176496502446,0.3835657498888906,0.9585270132517839,0.15501503290735053,658065.5913409368,0,False,False,True,"{""0"":null,""1"":null,""2"":null,""3"":null}",981.0,754221.0,981.0,536032.0,981.0,536032.0,833.2964749294333,456196.95375612867,833.2964749294333,0.0,0.0,1371.2467805591878,631582.911340936,0.0,16.768619247426837,4.0,2172.0,0.0,0.0,88.09999999871798,48083.29999958079,0.0,1360.9500000000949,49.04999999928623,26801.599999750233,0.0,0.0,0.0,0.0,0.0,0.0,9.8100000000004,5360.320000000002,490.5,268016.0,2.0,141.0,500.3099999999977,273376.31999999995,0.0,0.0,1371.2467805591878,631582.911340936
764,2022-02-03,2022,True,32.09041095890411,980,980,1141,457029.3358529248,1289.8793594952238,56157,58,0.0,0.8246153329301888,0.17145538073504682,0.15352757427300034,0.10690413550167865,0.38355515169414395,0.95875,0.17744370303693402,658855.670700432,0,False,False,True,"{""0"":null,""1"":null,""2"":null,""3"":null}",980.0,755201.0,980.0,537012.0,980.0,537012.0,832.3820967961219,457029.3358529248,832.3820967961219,0.0,0.0,1289.879359495244,632872.7907004312,0.0,16.768619247426837,4.0,2176.0,0.0,0.0,87.99999999871943,48171.29999957951,3.15000000000191,1364.1000000000968,48.999999999286956,26850.59999974952,0.0,0.0,0.0,0.0,0.0,0.0,9.800000000000182,5370.120000000003,490.0,268506.0,0.0,141.0,499.79999999998836,273876.11999999994,0.0,0.0,1289.879359495244,632872.7907004312
765,2022-02-04,2022,True,32.09315068493151,980,980,1141,457861.7179497209,1234.3859678508247,56239,53,0.0,0.77438184505812,0.21311554167667549,0.15348980349726482,0.10697447984902744,0.38355515169414395,0.9585,0.1980758622154895,659590.2566682828,0,False,False,True,"{""0"":null,""1"":null,""2"":null,""3"":null}",980.0,756181.0,980.0,537992.0,980.0,537992.0,832.3820967961219,457861.7179497209,832.3820967961219,0.0,0.0,1234.3859678508015,634107.176668282,0.0,16.768619247426837,4.0,2180.0,0.0,0.0,87.99999999871943,48259.29999957823,3.600000000002183,1367.700000000099,48.999999999286956,26899.599999748807,0.0,0.0,0.0,0.0,0.0,0.0,9.800000000000182,5379.920000000003,490.0,268996.0,0.0,141.0,499.79999999998836,274375.9199999999,0.0,0.0,1234.3859678508015,634107.176668282
766,2022-02-05,2022,False,32.0958904109589,979,0,1141,457861.7179497209,0.0,55399,53,0.0,,,0.15378639012723028,0.10730471170205906,0.3837553322004712,0.9595097037793667,0.1235787693478474,659590.2566682828,0,False,False,True,"{""0"":null,""1"":null,""2"":null,""3"":null}",979.0,757160.0,0.0,537992.0,0.0,537992.0,0.0,457861.7179497209,0.0,0.0,0.0,0.0,634107.176668282,0.0,16.768619247426837,0.0,2180.0,0.0,0.0,0.0,48259.29999957823,0.0,1367.700000000099,0.0,26899.599999748807,0.0,0.0,0.0,0.0,0.0,0.0,0.0,5379.920000000003,0.0,268996.0,0.0,141.0,0.0,274375.9199999999,0.0,0.0,0.0,634107.176668282
767,2022-02-06,2022,False,32.0986301369863,979,0,1142,457861.7179497209,0.0,55399,53,0.0,,,0.15420623715791462,0.10691866514315342,0.38396283028489536,0.9592032686414709,0.07549395982649408,659589.2566682828,0,False,False,True,"{""0"":null,""1"":null,""2"":null,""3"":null}",979.0,758139.0,0.0,537992.0,0.0,537992.0,0.0,457861.7179497209,0.0,0.0,0.0,0.0,634107.176668282,0.0,16.768619247426837,0.0,2180.0,0.0,0.0,0.0,48259.29999957823,0.0,1367.700000000099,0.0,26899.599999748807,0.0,0.0,0.0,0.0,0.0,0.0,0.0,5379.920000000003,0.0,268996.0,1.0,142.0,0.0,274375.9199999999,0.0,0.0,0.0,634107.176668282
768,2022-02-07,2022,True,32.1013698630137,979,979,1142,458693.0283842735,1546.746649430089,56372,14,0.0,0.8415718771132403,0.15604984230169,0.1542062371579146,0.10691866514315343,0.38396283028489536,0.9582482124616956,0.10379928610588099,660636.7133177129,0,False,False,True,"{""0"":null,""1"":null,""2"":null,""3"":null}",979.0,759118.0,979.0,538971.0,979.0,538971.0,831.3104345526081,458693.0283842735,831.3104345526081,0.0,0.0,1546.7466494301334,635653.9233177121,0.0,16.768619247426837,4.0,2184.0,0.0,0.0,87.89999999872089,48347.19999957695,7.95000000000482,1375.6500000001038,48.949999999287684,26948.549999748095,0.0,0.0,0.0,0.0,0.0,0.0,9.789999999999964,5389.710000000003,489.5,269485.5,0.0,142.0,499.28999999997905,274875.2099999999,0.0,0.0,1546.7466494301334,635653.9233177121
769,2022-02-08,2022,True,32.104109589041094,979,979,1142,459524.33881882613,1399.5448887217092,56426,33,0.0,0.8242782494175386,0.14413477611986786,0.15420807790826213,0.10707886006201982,0.38396283028489536,0.9586414708886619,0.13015061542472622,661536.9682064345,0,False,False,True,"{""0"":null,""1"":null,""2"":null,""3"":null}",979.0,760097.0,979.0,539950.0,979.0,539950.0,831.3104345526081,459524.33881882613,831.3104345526081,0.0,0.0,1399.5448887216626,637053.4682064338,0.0,16.768619247426837,4.0,2188.0,0.0,0.0,87.89999999872089,48435.09999957567,0.0,1375.6500000001038,48.949999999287684,26997.499999747382,0.0,0.0,0.0,0.0,0.0,0.0,9.789999999999964,5399.500000000003,489.5,269975.0,0.0,142.0,499.28999999997905,275374.4999999999,0.0,0.0,1399.5448887216626,637053.4682064338
770,2022-02-09,2022,True,32.106849315068494,978,978,1142,460354.7370052884,1350.2704557218362,56527,61,0.0,0.8496390525697788,0.1379887219627816,0.1541441866372622,0.1075182223519602,0.383706526009486,0.9584406952965235,0.15446185147908126,662388.4586621564,0,False,False,True,"{""0"":null,""1"":null,""2"":null,""3"":null}",978.0,761075.0,978.0,540928.0,978.0,540928.0,830.398186462291,460354.7370052884,830.398186462291,0.0,0.0,1350.2704557218822,638403.7386621557,0.0,16.768619247426837,4.0,2192.0,0.0,0.0,87.89999999872089,48522.99999957439,0.0,1375.6500000001038,48.89999999928841,27046.39999974667,0.0,0.0,0.0,0.0,0.0,0.0,9.779999999999745,5409.2800000000025,489.0,270464.0,0.0,142.0,498.78000000002794,275873.2799999999,0.0,0.0,1350.2704557218822,638403.7386621557
771,2022-02-10,2022,True,32.10958904109589,978,978,1142,461185.1351917507,1296.2275999259323,56651,56,0.20293167244951535,0.8219569670961107,0.1997187630518273,0.15412688197208144,0.10765603811456637,0.383706526009486,0.9588752556237219,0.17689568345821505,663185.9062620823,0,False,False,True,"{""0"":null,""1"":null,""2"":null,""3"":null}",978.0,762053.0,978.0,541906.0,978.0,541906.0,830.398186462291,461185.1351917507,830.398186462291,0.0,0.0,1296.2275999259437,639699.9662620816,0.20293167244951604,16.971550919876353,4.0,2196.0,0.0,0.0,87.89999999872089,48610.899999573114,2.1000000000012733,1377.750000000105,48.89999999928841,27095.29999974596,0.0,0.0,0.0,0.0,0.0,0.0,9.779999999999745,5419.060000000002,489.0,270953.0,0.0,142.0,498.78000000002794,276372.05999999994,0.0,0.0,1296.2275999259437,639699.9662620816
772,2022-02-11,2022,True,32.11232876712329,978,978,1142,462015.533378213,1246.7268098894717,56736,57,0.0,0.7891804692648265,0.2071754923617738,0.15407225648744527,0.10775151212311732,0.383706526009486,0.9591002044989775,0.1975370112777877,663933.8530719717,0,False,False,True,"{""0"":null,""1"":null,""2"":null,""3"":null}",978.0,763031.0,978.0,542884.0,978.0,542884.0,830.398186462291,462015.533378213,830.398186462291,0.0,0.0,1246.7268098894274,640946.6930719711,0.0,16.971550919876353,4.0,2200.0,0.0,0.0,87.89999999872089,48698.799999571835,2.850000000001728,1380.6000000001068,48.89999999928841,27144.199999745248,0.0,0.0,0.0,0.0,0.0,0.0,9.779999999999745,5428.840000000002,489.0,271442.0,0.0,142.0,498.78000000002794,276870.83999999997,0.0,0.0,1246.7268098894274,640946.6930719711
773,2022-02-12,2022,False,32.11506849315069,978,0,1142,462015.533378213,0.0,55896,57,0.0,,,0.15404262233791874,0.10787412995876927,0.383706526009486,0.9600715746421269,0.1232014846517528,663933.8530719717,0,False,False,True,"{""0"":null,""1"":null,""2"":null,""3"":null}",978.0,764009.0,0.0,542884.0,0.0,542884.0,0.0,462015.533378213,0.0,0.0,0.0,0.0,640946.6930719711,0.0,16.971550919876353,0.0,2200.0,0.0,0.0,0.0,48698.799999571835,0.0,1380.6000000001068,0.0,27144.199999745248,0.0,0.0,0.0,0.0,0.0,0.0,0.0,5428.840000000002,0.0,271442.0,0.0,142.0,0.0,276870.83999999997,0.0,0.0,0.0,640946.6930719711
774,2022-02-13,2022,False,32.11780821917808,978,0,1142,462015.533378213,0.0,55896,57,0.0,,,0.1540426223379187,0.10787412995876926,0.383706526009486,0.9600715746421269,0.0754116256008175,663933.8530719717,0,False,False,True,"{""0"":null,""1"":null,""2"":null,""3"":null}",978.0,764987.0,0.0,542884.0,0.0,542884.0,0.0,462015.533378213,0.0,0.0,0.0,0.0,640946.6930719711,0.0,16.971550919876353,0.0,2200.0,0.0,0.0,0.0,48698.799999571835,0.0,1380.6000000001068,0.0,27144.199999745248,0.0,0.0,0.0,0.0,0.0,0.0,0.0,5428.840000000002,0.0,271442.0,0.0,142.0,0.0,276870.83999999997,0.0,0.0,0.0,640946.6930719711
775,2022-02-14,2022,True,32.12054794520548,978,978,1142,462845.9315646753,1456.6649195366103,56878,18,0.0,0.8242871736430328,0.1565786720963641,0.15404262233791874,0.1078741299587693,0.383706526009486,0.959161554192229,0.10368756769761,664891.7379915082,0,False,False,True,"{""0"":null,""1"":null,""2"":null,""3"":null}",978.0,765965.0,978.0,543862.0,978.0,543862.0,830.398186462291,462845.9315646753,830.398186462291,0.0,0.0,1456.6649195365608,642403.3579915076,0.0,16.971550919876353,4.0,2204.0,0.0,0.0,87.89999999872089,48786.699999570556,8.550000000005184,1389.150000000112,48.89999999928841,27193.099999744536,0.0,0.0,0.0,0.0,0.0,0.0,9.779999999999745,5438.620000000002,489.0,271931.0,0.0,142.0,498.78000000002794,277369.62,0.0,0.0,1456.6649195365608,642403.3579915076
776,2022-02-15,2022,True,32.12328767123287,977,977,1142,463675.34260114824,1412.1839920264233,56916,31,0.013630017377820113,0.8464923966310911,0.14907481484860027,0.1538363324799119,0.10758769135172697,0.38345439458923236,0.9594728761514841,0.1297362764552991,665805.6519835346,0,False,False,True,"{""0"":null,""1"":null,""2"":null,""3"":null}",977.0,766942.0,977.0,544839.0,977.0,544839.0,829.4110364729422,463675.34260114824,829.4110364729422,0.0,0.0,1412.1839920263737,643815.541983534,0.013630017377820991,16.985180937254174,4.0,2208.0,0.0,0.0,87.79999999872234,48874.49999956928,0.0,1389.150000000112,48.84999999928914,27241.949999743825,0.0,0.0,0.0,0.0,0.0,0.0,9.770000000000437,5448.390000000002,488.5,272419.5,0.0,142.0,498.2700000000186,277867.89,0.0,0.0,1412.1839920263737,643815.541983534
777,2022-02-16,2022,True,32.12602739726027,977,977,1142,464504.7536376212,1338.4129608312653,57020,45,0.04658056257994798,0.8545090381526201,0.13820704977987636,0.15378486372486994,0.10767844963420756,0.38345439458923236,0.9594114636642784,0.1540998986116401,666645.7949443659,0,False,False,True,"{""0"":null,""1"":null,""2"":null,""3"":null}",977.0,767919.0,977.0,545816.0,977.0,545816.0,829.4110364729422,464504.7536376212,829.4110364729422,0.0,0.0,1338.4129608313087,645153.9549443653,0.04658056257994758,17.031761499834122,4.0,2212.0,0.0,0.0,87.79999999872234,48962.299999568,0.0,1389.150000000112,48.84999999928914,27290.799999743114,0.0,0.0,0.0,0.0,0.0,0.0,9.770000000000437,5458.160000000003,488.5,272908.0,0.0,142.0,498.2700000000186,278366.16000000003,0.0,0.0,1338.4129608313087,645153.9549443653
778,2022-02-17,2022,True,32.12876712328767,977,977,1142,465334.1646740941,1277.7297422919544,57142,42,0.005462385353780862,0.8422355517981741,0.14712657662788153,0.15381500244823884,0.10785939486058027,0.38345439458923236,0.9596468781985671,0.17657106846844042,667425.2546866578,0,False,False,True,"{""0"":null,""1"":null,""2"":null,""3"":null}",977.0,768896.0,977.0,546793.0,977.0,546793.0,829.4110364729422,465334.1646740941,829.4110364729422,0.0,0.0,1277.7297422919655,646431.6846866573,0.005462385353780519,17.037223885187903,4.0,2216.0,0.0,0.0,87.79999999872234,49050.09999956672,2.700000000001637,1391.8500000001136,48.84999999928914,27339.649999742403,0.0,0.0,0.0,0.0,0.0,0.0,9.770000000000437,5467.930000000003,488.5,273396.5,0.0,142.0,498.2700000000186,278864.43000000005,0.0,0.0,1277.7297422919655,646431.6846866573
779,2022-02-18,2022,True,32.131506849315066,977,977,1142,466163.57571056706,1235.65753259462,57238,42,0.0,0.8424274689584355,0.15775278356281952,0.15379682964402103,0.10794656569983366,0.38345439458923236,0.9600051177072672,0.19722516318436278,668162.6422192524,0,False,False,True,"{""0"":null,""1"":null,""2"":null,""3"":null}",977.0,769873.0,977.0,547770.0,977.0,547770.0,829.4110364729422,466163.57571056706,829.4110364729422,0.0,0.0,1235.6575325946324,647667.3422192519,0.0,17.037223885187903,4.0,2220.0,0.0,0.0,87.79999999872234,49137.899999565445,1.9500000000011823,1393.8000000001148,48.84999999928914,27388.499999741693,0.0,0.0,0.0,0.0,0.0,0.0,9.770000000000437,5477.7000000000035,488.5,273885.0,0.0,142.0,498.2700000000186,279362.70000000007,0.0,0.0,1235.6575325946324,647667.3422192519
780,2022-02-19,2022,False,32.134246575342466,977,0,1142,466163.57571056706,0.0,56391,42,0.0,,,0.15380180229208243,0.10805288403889747,0.38345439458923236,0.9608034800409417,0.12281070310473897,668162.6422192524,0,False,False,True,"{""0"":null,""1"":null,""2"":null,""3"":null}",977.0,770850.0,0.0,547770.0,0.0,547770.0,0.0,466163.57571056706,0.0,0.0,0.0,0.0,647667.3422192519,0.0,17.037223885187903,0.0,2220.0,0.0,0.0,0.0,49137.899999565445,0.0,1393.8000000001148,0.0,27388.499999741693,0.0,0.0,0.0,0.0,0.0,0.0,0.0,5477.7000000000035,0.0,273885.0,0.0,142.0,0.0,279362.70000000007,0.0,0.0,0.0,647667.3422192519
781,2022-02-20,2022,False,32.136986301369866,977,0,1142,466163.57571056706,0.0,56391,42,0.0,,,0.15380180229208243,0.1080528840388975,0.38345439458923236,0.9608034800409417,0.0750343013875495,668162.6422192524,0,False,False,True,"{""0"":null,""1"":null,""2"":null,""3"":null}",977.0,771827.0,0.0,547770.0,0.0,547770.0,0.0,466163.57571056706,0.0,0.0,0.0,0.0,647667.3422192519,0.0,17.037223885187903,0.0,2220.0,0.0,0.0,0.0,49137.899999565445,0.0,1393.8000000001148,0.0,27388.499999741693,0.0,0.0,0.0,0.0,0.0,0.0,0.0,5477.7000000000035,0.0,273885.0,0.0,142.0,0.0,279362.70000000007,0.0,0.0,0.0,647667.3422192519
782,2022-02-21,2022,True,32.13972602739726,977,977,1142,466992.98674704,1512.585285804969,57362,18,0.0,0.8526721716846325,0.12403385378953304,0.15380180229208243,0.10805288403889747,0.38345439458923236,0.9599385875127943,0.10336040762843121,669176.9575050573,0,False,False,True,"{""0"":null,""1"":null,""2"":null,""3"":null}",977.0,772804.0,977.0,548747.0,977.0,548747.0,829.4110364729422,466992.98674704,829.4110364729422,0.0,0.0,1512.585285804933,649179.9275050568,0.0,17.037223885187903,4.0,2224.0,0.0,0.0,87.79999999872234,49225.69999956417,6.30000000000382,1400.1000000001186,48.84999999928914,27437.34999974098,0.0,0.0,0.0,0.0,0.0,0.0,9.770000000000437,5487.470000000004,488.5,274373.5,0.0,142.0,498.2700000000186,279860.9700000001,0.0,0.0,1512.585285804933,649179.9275050568
783,2022-02-22,2022,True,32.14246575342466,977,977,1142,467822.39778351295,1404.9887288894354,57427,32,0.0,0.8350952888075539,0.1517125604723686,0.15381231326385308,0.10823817176754097,0.38345439458923236,0.9603735926305015,0.12974731436469256,670083.6762339467,0,False,False,True,"{""0"":null,""1"":null,""2"":null,""3"":null}",977.0,773781.0,977.0,549724.0,977.0,549724.0,829.4110364729422,467822.39778351295,829.4110364729422,0.0,0.0,1404.9887288893806,650584.9162339462,0.0,17.037223885187903,4.0,2228.0,0.0,0.0,87.79999999872234,49313.49999956289,0.0,1400.1000000001186,48.84999999928914,27486.19999974027,0.0,0.0,0.0,0.0,0.0,0.0,9.770000000000437,5497.240000000004,488.5,274862.0,0.0,142.0,498.2700000000186,280359.2400000001,0.0,0.0,1404.9887288893806,650584.9162339462
784,2022-02-23,2022,True,32.14520547945205,977,977,1142,468651.8088199859,1343.7358078102634,57505,45,0.0,0.8353329079973948,0.16314814800498947,0.15383006653694703,0.10837541271091634,0.38345439458923236,0.9602251791197544,0.1541804497771105,670929.1420417569,0,False,False,True,"{""0"":null,""1"":null,""2"":null,""3"":null}",977.0,774758.0,977.0,550701.0,977.0,550701.0,829.4110364729422,468651.8088199859,829.4110364729422,0.0,0.0,1343.7358078102116,651928.6520417564,0.0,17.037223885187903,4.0,2232.0,0.0,0.0,87.79999999872234,49401.29999956161,0.0,1400.1000000001186,48.84999999928914,27535.04999973956,0.0,0.0,0.0,0.0,0.0,0.0,9.770000000000437,5507.010000000005,488.5,275350.5,0.0,142.0,498.2700000000186,280857.5100000001,0.0,0.0,1343.7358078102116,651928.6520417564
785,2022-02-24,2022,True,32.14794520547945,977,977,1142,469481.21985645883,1292.3291408358953,57642,44,0.0,0.8237301503150427,0.17163268158631945,0.15381146406292373,0.108456383023629,0.38345439458923236,0.9601535312180144,0.1766898716470079,671723.2011825928,0,False,False,True,"{""0"":null,""1"":null,""2"":null,""3"":null}",977.0,775735.0,977.0,551678.0,977.0,551678.0,829.4110364729422,469481.21985645883,829.4110364729422,0.0,0.0,1292.3291408359073,653220.9811825923,0.0,17.037223885187903,4.0,2236.0,0.0,0.0,87.79999999872234,49489.099999560334,2.700000000001637,1402.8000000001202,48.84999999928914,27583.89999973885,0.0,0.0,0.0,0.0,0.0,0.0,9.770000000000437,5516.780000000005,488.5,275839.0,0.0,142.0,498.2700000000186,281355.78000000014,0.0,0.0,1292.3291408359073,653220.9811825923
786,2022-02-25,2022,True,32.15068493150685,977,977,1142,470310.6308929318,1238.5429923978245,57733,42,0.0,0.8095404719353824,0.18662269669872106,0.15385453960454326,0.10859305775932096,0.38345439458923236,0.9603889457523029,0.19740845103832097,672463.4741749906,0,False,False,True,"{""0"":null,""1"":null,""2"":null,""3"":null}",977.0,776712.0,977.0,552655.0,977.0,552655.0,829.4110364729422,470310.6308929318,829.4110364729422,0.0,0.0,1238.5429923977936,654459.5241749901,0.0,17.037223885187903,4.0,2240.0,0.0,0.0,87.79999999872234,49576.89999955906,2.1000000000012733,1404.9000000001215,48.84999999928914,27632.74999973814,0.0,0.0,0.0,0.0,0.0,0.0,9.770000000000437,5526.550000000006,488.5,276327.5,0.0,142.0,498.2700000000186,281854.05000000016,0.0,0.0,1238.5429923977936,654459.5241749901
787,2022-02-26,2022,False,32.153424657534245,976,0,1142,470310.6308929318,0.0,56886,42,0.0,,,0.15425154766574645,0.10911831866815558,0.38344379639448567,0.9611936475409836,0.12303035394204195,672463.4741749906,0,False,False,True,"{""0"":null,""1"":null,""2"":null,""3"":null}",976.0,777688.0,0.0,552655.0,0.0,552655.0,0.0,470310.6308929318,0.0,0.0,0.0,0.0,654459.5241749901,0.0,17.037223885187903,0.0,2240.0,0.0,0.0,0.0,49576.89999955906,0.0,1404.9000000001215,0.0,27632.74999973814,0.0,0.0,0.0,0.0,0.0,0.0,0.0,5526.550000000006,0.0,276327.5,0.0,142.0,0.0,281854.05000000016,0.0,0.0,0.0,654459.5241749901
788,2022-02-27,2022,False,32.156164383561645,976,0,1142,470310.6308929318,0.0,56886,42,0.0,,,0.15425154766574647,0.10911831866815555,0.38344379639448567,0.9611936475409836,0.07519759402520716,672463.4741749906,0,False,False,True,"{""0"":null,""1"":null,""2"":null,""3"":null}",976.0,778664.0,0.0,552655.0,0.0,552655.0,0.0,470310.6308929318,0.0,0.0,0.0,0.0,654459.5241749901,0.0,17.037223885187903,0.0,2240.0,0.0,0.0,0.0,49576.89999955906,0.0,1404.9000000001215,0.0,27632.74999973814,0.0,0.0,0.0,0.0,0.0,0.0,0.0,5526.550000000006,0.0,276327.5,0.0,142.0,0.0,281854.05000000016,0.0,0.0,0.0,654459.5241749901
789,2022-02-28,2022,True,32.15890410958904,976,976,1142,471139.28527897224,1501.2830401237852,57850,20,0.0,0.8402239104358257,0.154306149520868,0.15425154766574647,0.10911831866815555,0.38344379639448567,0.9602407786885246,0.10359372765089875,673466.9972151143,0,False,False,True,"{""0"":null,""1"":null,""2"":null,""3"":null}",976.0,779640.0,976.0,553631.0,976.0,553631.0,828.6543860404636,471139.28527897224,828.6543860404636,0.0,0.0,1501.2830401237588,655960.8072151139,0.0,17.037223885187903,4.0,2244.0,0.0,0.0,87.6999999987238,49664.59999955778,6.30000000000382,1411.2000000001253,48.79999999928987,27681.549999737428,0.0,0.0,0.0,0.0,0.0,0.0,9.760000000000218,5536.310000000006,488.0,276815.5,0.0,142.0,497.7600000000093,282351.8100000002,0.0,0.0,1501.2830401237588,655960.8072151139
790,2022-03-01,2022,True,32.16164383561644,976,976,1142,471967.9396650127,1447.1040138436044,57910,38,0.05147703763133666,0.8134546181527389,0.17484675694939414,0.15424150985770152,0.10928901578384113,0.38344379639448567,0.9603739754098362,0.13004735285459207,674416.3412289579,0,False,False,True,"{""0"":null,""1"":null,""2"":null,""3"":null}",976.0,780616.0,976.0,554607.0,976.0,554607.0,828.6543860404636,471967.9396650127,828.6543860404636,0.0,0.0,1447.1040138435783,657407.9112289575,0.051477037631336486,17.08870092281924,4.0,2248.0,0.0,0.0,87.6999999987238,49752.299999556504,0.0,1411.2000000001253,48.79999999928987,27730.349999736718,0.0,0.0,0.0,0.0,0.0,0.0,9.760000000000218,5546.070000000006,488.0,277303.5,0.0,142.0,497.7600000000093,282849.5700000002,0.0,0.0,1447.1040138435783,657407.9112289575
791,2022-03-02,2022,True,32.16438356164384,976,976,1142,472796.59405105317,1373.6950083041218,58005,57,0.0,0.8308668199386912,0.17350251445315593,0.15425980188406715,0.10935412965171708,0.38344379639448567,0.960235655737705,0.15454089157970397,675292.276237262,0,False,False,True,"{""0"":null,""1"":null,""2"":null,""3"":null}",976.0,781592.0,976.0,555583.0,976.0,555583.0,828.6543860404636,472796.59405105317,828.6543860404636,0.0,0.0,1373.6950083040865,658781.6062372616,0.0,17.08870092281924,4.0,2252.0,0.0,0.0,87.6999999987238,49839.99999955523,0.0,1411.2000000001253,48.79999999928987,27779.149999736008,0.0,0.0,0.0,0.0,0.0,0.0,9.760000000000218,5555.830000000006,488.0,277791.5,0.0,142.0,497.7600000000093,283347.3300000002,0.0,0.0,1373.6950083040865,658781.6062372616
792,2022-03-03,2022,True,32.16712328767123,975,975,1142,473624.51793477056,1293.3176537128468,58122,60,0.004698713902305542,0.8263079705356351,0.16621928160561342,0.1539560713184755,0.10930627275787347,0.38351173330150357,0.960225641025641,0.17726045189350972,676088.3438909748,0,False,False,True,"{""0"":null,""1"":null,""2"":null,""3"":null}",975.0,782567.0,975.0,556558.0,975.0,556558.0,827.9238837173907,473624.51793477056,827.9238837173907,0.0,0.0,1293.3176537128165,660074.9238909744,0.004698713902303808,17.093399636721543,4.0,2256.0,0.0,0.0,87.59999999872525,49927.59999955395,3.000000000001819,1414.2000000001271,48.749999999290594,27827.8999997353,0.0,0.0,0.0,0.0,0.0,0.0,9.75,5565.580000000006,487.5,278279.0,0.0,142.0,497.25,283844.5800000002,0.0,0.0,1293.3176537128165,660074.9238909744
793,2022-03-04,2022,True,32.16986301369863,976,976,1143,474453.4124872664,1232.1278290556352,58229,60,0.0,0.8195186861355421,0.1817483542507243,0.15413624725398986,0.10896633136989697,0.3837638647217573,0.9601946721311475,0.1978736307593408,676821.7117200304,0,False,False,True,"{""0"":null,""1"":null,""2"":null,""3"":null}",976.0,783543.0,976.0,557534.0,976.0,557534.0,828.8945524958544,474453.4124872664,828.8945524958544,0.0,0.0,1232.127829055651,661307.05172003,0.0,17.093399636721543,4.0,2260.0,0.0,0.0,87.6999999987238,50015.29999955268,2.700000000001637,1416.9000000001288,48.79999999928987,27876.69999973459,0.0,0.0,0.0,0.0,0.0,0.0,9.760000000000218,5575.3400000000065,488.0,278767.0,1.0,143.0,497.7600000000093,284342.3400000002,0.0,0.0,1232.127829055651,661307.05172003
794,2022-03-05,2022,False,32.17260273972603,975,0,1143,474453.4124872664,0.0,57381,60,0.0,,,0.15415773077133899,0.10892203560511567,0.3837529731047655,0.9612256410256411,0.12322317615055091,676821.7117200304,0,False,False,True,"{""0"":null,""1"":null,""2"":null,""3"":null}",975.0,784518.0,0.0,557534.0,0.0,557534.0,0.0,474453.4124872664,0.0,0.0,0.0,0.0,661307.05172003,0.0,17.093399636721543,0.0,2260.0,0.0,0.0,0.0,50015.29999955268,0.0,1416.9000000001288,0.0,27876.69999973459,0.0,0.0,0.0,0.0,0.0,0.0,0.0,5575.3400000000065,0.0,278767.0,0.0,143.0,0.0,284342.3400000002,0.0,0.0,0.0,661307.05172003
795,2022-03-06,2022,False,32.175342465753424,975,0,1143,474453.4124872664,0.0,57381,60,0.0,,,0.15415773077133899,0.1089220356051157,0.3837529731047655,0.9612256410256411,0.07531673644184322,676821.7117200304,0,False,False,True,"{""0"":null,""1"":null,""2"":null,""3"":null}",975.0,785493.0,0.0,557534.0,0.0,557534.0,0.0,474453.4124872664,0.0,0.0,0.0,0.0,661307.05172003,0.0,17.093399636721543,0.0,2260.0,0.0,0.0,0.0,50015.29999955268,0.0,1416.9000000001288,0.0,27876.69999973459,0.0,0.0,0.0,0.0,0.0,0.0,0.0,5575.3400000000065,0.0,278767.0,0.0,143.0,0.0,284342.3400000002,0.0,0.0,0.0,661307.05172003
796,2022-03-07,2022,True,32.178082191780824,975,975,1143,475281.47709037707,1511.4612067398489,58367,20,0.0,0.8462160473945676,0.1491638098570066,0.15415773077133899,0.1089220356051157,0.3837529731047655,0.9605282051282051,0.10380394948167812,677835.9229267703,0,False,False,True,"{""0"":null,""1"":null,""2"":null,""3"":null}",975.0,786468.0,975.0,558509.0,975.0,558509.0,828.0646031106589,475281.47709037707,828.0646031106589,0.0,0.0,1511.4612067398848,662818.5129267699,0.0,17.093399636721543,4.0,2264.0,0.0,0.0,87.59999999872525,50102.8999995514,9.000000000005457,1425.9000000001342,48.749999999290594,27925.44999973388,0.0,0.0,0.0,0.0,0.0,0.0,9.75,5585.0900000000065,487.5,279254.5,0.0,143.0,497.25,284839.5900000002,0.0,0.0,1511.4612067398848,662818.5129267699
797,2022-03-08,2022,True,32.18082191780822,976,976,1144,476110.28215535916,1402.030697476443,58405,38,0.0,0.8491632146276206,0.16095933964842435,0.15411950098449373,0.1083085497896787,0.3837638647217573,0.9607120901639344,0.13021080639957938,678739.1936242467,0,False,False,True,"{""0"":null,""1"":null,""2"":null,""3"":null}",976.0,787444.0,976.0,559485.0,976.0,559485.0,828.8050649820943,476110.28215535916,828.8050649820943,0.0,0.0,1402.030697476468,664220.5436242464,0.0,17.093399636721543,4.0,2268.0,0.0,0.0,87.6999999987238,50190.599999550126,0.0,1425.9000000001342,48.79999999928987,27974.24999973317,0.0,0.0,0.0,0.0,0.0,0.0,9.760000000000218,5594.850000000007,488.0,279742.5,1.0,144.0,497.7600000000093,285337.3500000002,0.0,0.0,1402.030697476468,664220.5436242464
798,2022-03-09,2022,True,32.18356164383562,977,977,1145,476939.8399433232,1371.6313351284678,58500,56,0.0,0.8394504621382728,0.13403498363825703,0.1540965423354102,0.10773312955469018,0.3837744629165039,0.9599897645854657,0.15451846254800355,679611.5549593752,0,False,False,True,"{""0"":null,""1"":null,""2"":null,""3"":null}",977.0,788421.0,977.0,560462.0,977.0,560462.0,829.5577879640623,476939.8399433232,829.5577879640623,0.0,0.0,1371.631335128448,665592.1749593748,0.0,17.093399636721543,4.0,2272.0,0.0,0.0,87.79999999872234,50278.39999954885,0.0,1425.9000000001342,48.84999999928914,28023.099999732458,0.0,0.0,0.0,0.0,0.0,0.0,9.770000000000437,5604.620000000007,488.5,280231.0,1.0,145.0,498.2700000000186,285835.6200000002,0.0,0.0,1371.631335128448,665592.1749593748
799,2022-03-10,2022,True,32.18630136986302,977,977,1145,477769.3977312873,1289.2409452906536,58628,45,0.0,0.8383240327981505,0.15148847609969857,0.15410314088835295,0.10788531187910227,0.3837744629165039,0.9600051177072672,0.17706123538448207,680402.5259046658,0,False,False,True,"{""0"":null,""1"":null,""2"":null,""3"":null}",977.0,789398.0,977.0,561439.0,977.0,561439.0,829.5577879640623,477769.3977312873,829.5577879640623,0.0,0.0,1289.2409452906577,666881.4159046655,0.0,17.093399636721543,4.0,2276.0,0.0,0.0,87.79999999872234,50366.19999954757,3.000000000001819,1428.900000000136,48.84999999928914,28071.949999731747,0.0,0.0,0.0,0.0,0.0,0.0,9.770000000000437,5614.390000000008,488.5,280719.5,0.0,145.0,498.2700000000186,286333.89000000025,0.0,0.0,1289.2409452906577,666881.4159046655
800,2022-03-11,2022,True,32.18904109589041,976,976,1145,478598.16041224665,1231.8562234224974,58719,46,0.0,0.8206803519448396,0.17189465395418296,0.1539382299157025,0.10894888072243802,0.3837638647217573,0.9600665983606557,0.19780112065649988,681136.6221280883,0,False,False,True,"{""0"":null,""1"":null,""2"":null,""3"":null}",976.0,790374.0,976.0,562415.0,976.0,562415.0,828.7626809593639,478598.16041224665,828.7626809593639,0.0,0.0,1231.8562234224519,668113.2721280879,0.0,17.093399636721543,4.0,2280.0,0.0,0.0,87.6999999987238,50453.899999546295,2.700000000001637,1431.6000000001377,48.79999999928987,28120.749999731037,0.0,0.0,0.0,0.0,0.0,0.0,9.760000000000218,5624.150000000008,488.0,281207.5,0.0,145.0,497.7600000000093,286831.65000000026,0.0,0.0,1231.8562234224519,668113.2721280879
801,2022-03-12,2022,False,32.19178082191781,976,0,1146,478598.16041224665,0.0,57876,46,0.0,,,0.15413297029092538,0.10817322179904572,0.3838928277044169,0.9606608606557377,0.12222273352970812,681135.6221280883,0,False,False,True,"{""0"":null,""1"":null,""2"":null,""3"":null}",976.0,791350.0,0.0,562415.0,0.0,562415.0,0.0,478598.16041224665,0.0,0.0,0.0,0.0,668113.2721280879,0.0,17.093399636721543,0.0,2280.0,0.0,0.0,0.0,50453.899999546295,0.0,1431.6000000001377,0.0,28120.749999731037,0.0,0.0,0.0,0.0,0.0,0.0,0.0,5624.150000000008,0.0,281207.5,1.0,146.0,0.0,286831.65000000026,0.0,0.0,0.0,668113.2721280879
802,2022-03-13,2022,False,32.1945205479452,976,0,1146,478598.16041224665,0.0,57876,46,0.0,,,0.15413297029092538,0.1081732217990457,0.3838928277044169,0.9606608606557377,0.07438591371226387,681135.6221280883,0,False,False,True,"{""0"":null,""1"":null,""2"":null,""3"":null}",976.0,792326.0,0.0,562415.0,0.0,562415.0,0.0,478598.16041224665,0.0,0.0,0.0,0.0,668113.2721280879,0.0,17.093399636721543,0.0,2280.0,0.0,0.0,0.0,50453.899999546295,0.0,1431.6000000001377,0.0,28120.749999731037,0.0,0.0,0.0,0.0,0.0,0.0,0.0,5624.150000000008,0.0,281207.5,0.0,146.0,0.0,286831.65000000026,0.0,0.0,0.0,668113.2721280879
803,2022-03-14,2022,True,32.1972602739726,977,977,1147,479427.6650778717,1528.03610147622,58847,22,0.0,0.8565533855242502,0.1417438305226387,0.15409052947228913,0.10745291056562269,0.38390342589916354,0.9595240532241556,0.10281651285349812,682164.3882295644,0,False,False,True,"{""0"":null,""1"":null,""2"":null,""3"":null}",977.0,793303.0,977.0,563392.0,977.0,563392.0,829.5046656250488,479427.6650778717,829.5046656250488,0.0,0.0,1528.036101476173,669641.3082295641,0.0,17.093399636721543,4.0,2284.0,0.0,0.0,87.79999999872234,50541.69999954502,6.900000000004184,1438.5000000001419,48.84999999928914,28169.599999730326,0.0,0.0,0.0,0.0,0.0,0.0,9.770000000000437,5633.920000000008,488.5,281696.0,1.0,147.0,498.2700000000186,287329.9200000003,0.0,0.0,1528.036101476173,669641.3082295641
804,2022-03-15,2022,True,32.2,977,977,1147,480257.16974349675,1430.8342601032416,58899,34,0.0,0.818642330413947,0.1703237114009689,0.15412264438086212,0.10765375783703153,0.38390342589916354,0.9599488229273285,0.12924386101689317,683096.9524896677,0,False,False,True,"{""0"":null,""1"":null,""2"":null,""3"":null}",977.0,794280.0,977.0,564369.0,977.0,564369.0,829.5046656250488,480257.16974349675,829.5046656250488,0.0,0.0,1430.8342601032928,671072.1424896674,0.0,17.093399636721543,4.0,2288.0,0.0,0.0,87.79999999872234,50629.49999954374,0.0,1438.5000000001419,48.84999999928914,28218.449999729615,0.0,0.0,0.0,0.0,0.0,0.0,9.770000000000437,5643.690000000009,488.5,282184.5,0.0,147.0,498.2700000000186,287828.1900000003,0.0,0.0,1430.8342601032928,671072.1424896674
805,2022-03-16,2022,True,32.202739726027396,977,977,1147,481086.6744091218,1384.823541965269,58998,50,0.0,0.8270724889145942,0.15488495149565165,0.15415600158820908,0.107812208628046,0.38390342589916354,0.9597799385875129,0.15378619914702474,683983.5060316329,0,False,False,True,"{""0"":null,""1"":null,""2"":null,""3"":null}",977.0,795257.0,977.0,565346.0,977.0,565346.0,829.5046656250488,481086.6744091218,829.5046656250488,0.0,0.0,1384.8235419652192,672456.9660316326,0.0,17.093399636721543,4.0,2292.0,0.0,0.0,87.79999999872234,50717.29999954246,0.0,1438.5000000001419,48.84999999928914,28267.299999728904,0.0,0.0,0.0,0.0,0.0,0.0,9.770000000000437,5653.460000000009,488.5,282673.0,0.0,147.0,498.2700000000186,288326.4600000003,0.0,0.0,1384.8235419652192,672456.9660316326
806,2022-03-17,2022,True,32.205479452054796,977,977,1147,481916.17907474685,1283.3867885619843,59129,39,0.0,0.840119357459583,0.15667967553606332,0.15412384042543706,0.10793386250352148,0.38390342589916354,0.9598362333674514,0.17639131810647568,684768.6228201948,0,False,False,True,"{""0"":null,""1"":null,""2"":null,""3"":null}",977.0,796234.0,977.0,566323.0,977.0,566323.0,829.5046656250488,481916.17907474685,829.5046656250488,0.0,0.0,1283.3867885619402,673740.3528201946,0.0,17.093399636721543,4.0,2296.0,0.0,0.0,87.79999999872234,50805.099999541184,3.300000000002001,1441.8000000001439,48.84999999928914,28316.149999728194,0.0,0.0,0.0,0.0,0.0,0.0,9.770000000000437,5663.23000000001,488.5,283161.5,0.0,147.0,498.2700000000186,288824.73000000033,0.0,0.0,1283.3867885619402,673740.3528201946
807,2022-03-18,2022,True,32.20821917808219,977,977,1147,482745.6837403719,1237.3776683926717,59216,40,0.0380816357433246,0.8096085853369688,0.18441366152311126,0.15412114774692767,0.10806449513548719,0.38390342589916354,0.9601330603889457,0.19713533885487824,685507.7304885875,0,False,False,True,"{""0"":null,""1"":null,""2"":null,""3"":null}",977.0,797211.0,977.0,567300.0,977.0,567300.0,829.5046656250488,482745.6837403719,829.5046656250488,0.0,0.0,1237.377668392728,674977.7304885873,0.03808163574332468,17.131481272464868,4.0,2300.0,0.0,0.0,87.79999999872234,50892.899999539906,1.8000000000010914,1443.600000000145,48.84999999928914,28364.999999727483,0.0,0.0,0.0,0.0,0.0,0.0,9.770000000000437,5673.00000000001,488.5,283650.0,0.0,147.0,498.2700000000186,289323.00000000035,0.0,0.0,1237.377668392728,674977.7304885873
808,2022-03-19,2022,False,32.21095890410959,978,0,1148,482745.6837403719,0.0,58371,40,0.0,,,0.154257386860823,0.10765793986859265,0.3841597301745729,0.9606952965235174,0.12225968854483685,685506.7304885875,0,False,False,True,"{""0"":null,""1"":null,""2"":null,""3"":null}",978.0,798189.0,0.0,567300.0,0.0,567300.0,0.0,482745.6837403719,0.0,0.0,0.0,0.0,674977.7304885873,0.0,17.131481272464868,0.0,2300.0,0.0,0.0,0.0,50892.899999539906,0.0,1443.600000000145,0.0,28364.999999727483,0.0,0.0,0.0,0.0,0.0,0.0,0.0,5673.00000000001,0.0,283650.0,1.0,148.0,0.0,289323.00000000035,0.0,0.0,0.0,674977.7304885873
809,2022-03-20,2022,False,32.21369863013699,978,0,1148,482745.6837403719,0.0,58371,40,0.0,,,0.154257386860823,0.10765793986859266,0.3841597301745729,0.9606952965235174,0.07441141100803715,685506.7304885875,0,False,False,True,"{""0"":null,""1"":null,""2"":null,""3"":null}",978.0,799167.0,0.0,567300.0,0.0,567300.0,0.0,482745.6837403719,0.0,0.0,0.0,0.0,674977.7304885873,0.0,17.131481272464868,0.0,2300.0,0.0,0.0,0.0,50892.899999539906,0.0,1443.600000000145,0.0,28364.999999727483,0.0,0.0,0.0,0.0,0.0,0.0,0.0,5673.00000000001,0.0,283650.0,0.0,148.0,0.0,289323.00000000035,0.0,0.0,0.0,674977.7304885873
810,2022-03-21,2022,True,32.21643835616438,977,977,1148,483575.3393828196,1543.821174179979,59347,13,0.0,0.8433742322840068,0.1359925077963754,0.15408945777361407,0.1073264957555532,0.38390342589916354,0.9599948822927328,0.10292280134784156,686552.2816627675,0,False,False,True,"{""0"":null,""1"":null,""2"":null,""3"":null}",977.0,800144.0,977.0,568277.0,977.0,568277.0,829.6556424477021,483575.3393828196,829.6556424477021,0.0,0.0,1543.8211741800187,676521.5516627673,0.0,17.131481272464868,4.0,2304.0,0.0,0.0,87.79999999872234,50980.69999953863,6.000000000003638,1449.6000000001486,48.84999999928914,28413.84999972677,0.0,0.0,0.0,0.0,0.0,0.0,9.770000000000437,5682.77000000001,488.5,284138.5,0.0,148.0,498.2700000000186,289821.27000000037,0.0,0.0,1543.8211741800187,676521.5516627673
811,2022-03-22,2022,True,32.21917808219178,976,976,1148,484404.1504631937,1418.4543337723574,59394,30,0.0,0.8318504230960677,0.16249572811847351,0.1539647054790839,0.10733279683641923,0.3838928277044169,0.9601178278688525,0.12954652335300873,687472.9759965398,0,False,False,True,"{""0"":null,""1"":null,""2"":null,""3"":null}",976.0,801120.0,976.0,569253.0,976.0,569253.0,828.8110803741147,484404.1504631937,828.8110803741147,0.0,0.0,1418.4543337723007,677940.0059965396,0.0,17.131481272464868,4.0,2308.0,0.0,0.0,87.6999999987238,51068.39999953735,0.0,1449.6000000001486,48.79999999928987,28462.64999972606,0.0,0.0,0.0,0.0,0.0,0.0,9.760000000000218,5692.530000000011,488.0,284626.5,0.0,148.0,497.7600000000093,290319.0300000004,0.0,0.0,1418.4543337723007,677940.0059965396
812,2022-03-23,2022,True,32.221917808219175,976,976,1148,485232.9615435678,1369.0031300761832,59498,47,0.0,0.8104674796747967,0.17930473809674496,0.15397252961592217,0.10748357584890665,0.3838928277044169,0.9599795081967214,0.15408846923790884,688344.219126616,0,False,False,True,"{""0"":null,""1"":null,""2"":null,""3"":null}",976.0,802096.0,976.0,570229.0,976.0,570229.0,828.8110803741147,485232.9615435678,828.8110803741147,0.0,0.0,1369.0031300762203,679309.0091266158,0.0,17.131481272464868,4.0,2312.0,0.0,0.0,87.6999999987238,51156.099999536076,0.0,1449.6000000001486,48.79999999928987,28511.44999972535,0.0,0.0,0.0,0.0,0.0,0.0,9.760000000000218,5702.290000000011,488.0,285114.5,0.0,148.0,497.7600000000093,290816.7900000004,0.0,0.0,1369.0031300762203,679309.0091266158
813,2022-03-24,2022,True,32.224657534246575,976,976,1148,486061.77262394194,1330.8968566178207,59593,50,0.0,0.8104114816658371,0.1924832289095627,0.1539622624599546,0.10757027016801261,0.3838928277044169,0.9597233606557377,0.17676573968187798,689177.3559832338,0,False,False,True,"{""0"":null,""1"":null,""2"":null,""3"":null}",976.0,803072.0,976.0,571205.0,976.0,571205.0,828.8110803741147,486061.77262394194,828.8110803741147,0.0,0.0,1330.8968566177646,680639.9059832336,0.0,17.131481272464868,4.0,2316.0,0.0,0.0,87.6999999987238,51243.7999995348,1.9500000000011823,1451.5500000001498,48.79999999928987,28560.24999972464,0.0,0.0,0.0,0.0,0.0,0.0,9.760000000000218,5712.050000000011,488.0,285602.5,0.0,148.0,497.7600000000093,291314.5500000004,0.0,0.0,1330.8968566177646,680639.9059832336
814,2022-03-25,2022,True,32.227397260273975,975,975,1149,486889.56894480286,1213.2697436068777,59694,51,0.23761619701966288,0.8215330194452831,0.16901045724781202,0.153809573814567,0.10689835332866705,0.3836406962841632,0.9591076923076923,0.197384225358115,689892.3757268407,0,False,False,True,"{""0"":null,""1"":null,""2"":null,""3"":null}",975.0,804047.0,975.0,572180.0,975.0,572180.0,827.7963208609144,486889.56894480286,827.7963208609144,0.0,0.0,1213.2697436069138,681853.1757268405,0.23761619701966197,17.36909746948453,4.0,2320.0,0.0,0.0,87.59999999872525,51331.399999533525,2.550000000001546,1454.1000000001513,48.749999999290594,28608.999999723932,0.0,0.0,0.0,0.0,0.0,0.0,9.75,5721.800000000011,487.5,286090.0,1.0,149.0,497.25,291811.8000000004,0.0,0.0,1213.2697436069138,681853.1757268405
815,2022-03-26,2022,False,32.23013698630137,975,0,1149,486889.56894480286,0.0,58866,51,0.0,,,0.15384367864047732,0.10706801274571526,0.3836406962841632,0.9602102564102565,0.12254154447940427,689892.3757268407,0,False,False,True,"{""0"":null,""1"":null,""2"":null,""3"":null}",975.0,805022.0,0.0,572180.0,0.0,572180.0,0.0,486889.56894480286,0.0,0.0,0.0,0.0,681853.1757268405,0.0,17.36909746948453,0.0,2320.0,0.0,0.0,0.0,51331.399999533525,0.0,1454.1000000001513,0.0,28608.999999723932,0.0,0.0,0.0,0.0,0.0,0.0,0.0,5721.800000000011,0.0,286090.0,0.0,149.0,0.0,291811.8000000004,0.0,0.0,0.0,681853.1757268405
816,2022-03-27,2022,False,32.23287671232877,975,0,1149,486889.56894480286,0.0,58866,51,0.0,,,0.15384367864047732,0.10706801274571526,0.3836406962841632,0.9602102564102565,0.07462944632006656,689892.3757268407,0,False,False,True,"{""0"":null,""1"":null,""2"":null,""3"":null}",975.0,805997.0,0.0,572180.0,0.0,572180.0,0.0,486889.56894480286,0.0,0.0,0.0,0.0,681853.1757268405,0.0,17.36909746948453,0.0,2320.0,0.0,0.0,0.0,51331.399999533525,0.0,1454.1000000001513,0.0,28608.999999723932,0.0,0.0,0.0,0.0,0.0,0.0,0.0,5721.800000000011,0.0,286090.0,0.0,149.0,0.0,291811.8000000004,0.0,0.0,0.0,681853.1757268405
817,2022-03-28,2022,True,32.23561643835617,975,975,1149,487717.3652656638,1491.9917665138244,59847,11,0.15263294288571722,0.8584129273460683,0.12442172073220793,0.15384367864047732,0.10706801274571529,0.3836406962841632,0.9595641025641026,0.10308157022109625,690887.1174933545,0,False,False,True,"{""0"":null,""1"":null,""2"":null,""3"":null}",975.0,806972.0,975.0,573155.0,975.0,573155.0,827.7963208609144,487717.3652656638,827.7963208609144,0.0,0.0,1491.991766513791,683345.1674933543,0.15263294288571672,17.521730412370246,4.0,2324.0,0.0,0.0,87.59999999872525,51418.99999953225,7.650000000004638,1461.750000000156,48.749999999290594,28657.749999723223,0.0,0.0,0.0,0.0,0.0,0.0,9.75,5731.550000000011,487.5,286577.5,0.0,149.0,497.25,292309.0500000004,0.0,0.0,1491.991766513791,683345.1674933543
818,2022-03-29,2022,True,32.23835616438356,976,976,1150,488546.1356840107,1440.6989636487579,59902,22,0.06161075707095747,0.8587330968972955,0.1407432019070523,0.15392520417226474,0.10668179609270804,0.3838928277044169,0.9598360655737704,0.12956080292014482,691829.0564570032,0,False,False,True,"{""0"":null,""1"":null,""2"":null,""3"":null}",976.0,807948.0,976.0,574131.0,976.0,574131.0,828.7704183469177,488546.1356840107,828.7704183469177,0.0,0.0,1440.698963648756,684785.866457003,0.061610757070958755,17.583341169441205,4.0,2328.0,0.0,0.0,87.6999999987238,51506.699999530974,0.0,1461.750000000156,48.79999999928987,28706.549999722512,0.0,0.0,0.0,0.0,0.0,0.0,9.760000000000218,5741.310000000011,488.0,287065.5,1.0,150.0,497.7600000000093,292806.8100000004,0.0,0.0,1440.698963648756,684785.866457003
819,2022-03-30,2022,True,32.24109589041096,977,977,1151,489375.6816947917,1373.4819161830999,59982,40,0.0,0.7951942011622463,0.18922104658248792,0.15389036526269126,0.10613149749230164,0.38390342589916354,0.9592937563971341,0.1540347821253337,692703.2683731864,0,False,False,True,"{""0"":null,""1"":null,""2"":null,""3"":null}",977.0,808925.0,977.0,575108.0,977.0,575108.0,829.5460107810213,489375.6816947917,829.5460107810213,0.0,0.0,1373.4819161831401,686159.3483731862,0.0,17.583341169441205,4.0,2332.0,0.0,0.0,87.79999999872234,51594.4999995297,0.0,1461.750000000156,48.84999999928914,28755.3999997218,0.0,0.0,0.0,0.0,0.0,0.0,9.770000000000437,5751.080000000012,488.5,287554.0,1.0,151.0,498.2700000000186,293305.0800000004,0.0,0.0,1373.4819161831401,686159.3483731862
820,2022-03-31,2022,True,32.24383561643835,978,978,1152,490206.1098679691,1325.1806205608311,60099,41,0.0,0.8126382883020327,0.17151496387595452,0.1540551134605254,0.1057071987870795,0.3841597301745729,0.9591871165644172,0.17654606539490386,693528.6689937472,0,False,False,True,"{""0"":null,""1"":null,""2"":null,""3"":null}",978.0,809903.0,978.0,576086.0,978.0,576086.0,830.4281731774099,490206.1098679691,830.4281731774099,0.0,0.0,1325.1806205608882,687484.5289937471,0.0,17.583341169441205,4.0,2336.0,0.0,0.0,87.79999999872234,51682.29999952842,1.6500000000010004,1463.400000000157,48.89999999928841,28804.29999972109,0.0,0.0,0.0,0.0,0.0,0.0,9.779999999999745,5760.8600000000115,489.0,288043.0,1.0,152.0,498.78000000002794,293803.86000000045,0.0,0.0,1325.1806205608882,687484.5289937471
821,2022-04-01,2022,True,32.24657534246575,979,979,1153,491037.4806027472,1127.3310943543406,60201,49,0.0,0.8100022670425951,0.17953500234901748,0.15371819678899734,0.10485413521650856,0.38395954966824564,0.9587436159346272,0.19725367200315957,694155.7100881016,0,False,False,True,"{""0"":null,""1"":null,""2"":null,""3"":null}",979.0,810882.0,979.0,577065.0,979.0,577065.0,831.3707347780582,491037.4806027472,831.3707347780582,0.0,0.0,1127.331094354391,688611.8600881015,0.0,17.583341169441205,4.0,2340.0,0.0,0.0,87.89999999872089,51770.19999952714,1.6500000000010004,1465.050000000158,48.949999999287684,28853.249999720378,0.0,0.0,0.0,0.0,0.0,0.0,9.789999999999964,5770.6500000000115,489.5,288532.5,1.0,153.0,499.28999999997905,294303.15000000043,0.0,0.0,1127.331094354391,688611.8600881015
822,2022-04-02,2022,False,32.24931506849315,977,0,1153,491037.4806027472,0.0,59363,49,0.0,,,0.15325495475251674,0.10431187323452012,0.3836968200532453,0.9594472876151484,0.12217885398504359,694155.7100881016,0,False,False,True,"{""0"":null,""1"":null,""2"":null,""3"":null}",977.0,811859.0,0.0,577065.0,0.0,577065.0,0.0,491037.4806027472,0.0,0.0,0.0,0.0,688611.8600881015,0.0,17.583341169441205,0.0,2340.0,0.0,0.0,0.0,51770.19999952714,0.0,1465.050000000158,0.0,28853.249999720378,0.0,0.0,0.0,0.0,0.0,0.0,0.0,5770.6500000000115,0.0,288532.5,0.0,153.0,0.0,294303.15000000043,0.0,0.0,0.0,688611.8600881015
823,2022-04-03,2022,False,32.25205479452055,976,0,1153,491037.4806027472,0.0,59363,49,0.0,,,0.15331862889710815,0.10447243524221829,0.3837636868097482,0.959405737704918,0.07443908680425292,694155.7100881016,0,False,False,True,"{""0"":null,""1"":null,""2"":null,""3"":null}",976.0,812835.0,0.0,577065.0,0.0,577065.0,0.0,491037.4806027472,0.0,0.0,0.0,0.0,688611.8600881015,0.0,17.583341169441205,0.0,2340.0,0.0,0.0,0.0,51770.19999952714,0.0,1465.050000000158,0.0,28853.249999720378,0.0,0.0,0.0,0.0,0.0,0.0,0.0,5770.6500000000115,0.0,288532.5,0.0,153.0,0.0,294303.15000000043,0.0,0.0,0.0,688611.8600881015
824,2022-04-04,2022,True,32.25479452054795,976,976,1153,491866.3319385814,1360.7416154730834,60330,15,0.0,0.8667592723368249,0.12414158017550025,0.15331862889710815,0.10447243524221828,0.3837636868097482,0.9584579918032787,0.10288463493263157,695018.6917035746,0,False,False,True,"{""0"":null,""1"":null,""2"":null,""3"":null}",976.0,813811.0,976.0,578041.0,976.0,578041.0,828.8513358342461,491866.3319385814,828.8513358342461,0.0,0.0,1360.74161547306,689972.6017035745,0.0,17.583341169441205,4.0,2344.0,0.0,0.0,87.59999999872525,51857.799999525865,7.3500000000044565,1472.4000000001624,48.79999999928987,28902.049999719668,0.0,0.0,0.0,0.0,0.0,0.0,9.760000000000218,5780.410000000012,488.0,289020.5,0.0,153.0,497.7600000000093,294800.91000000044,0.0,0.0,1360.74161547306,689972.6017035745
825,2022-04-05,2022,True,32.25753424657534,976,976,1153,492695.18327441567,1292.7194657668524,60382,29,0.0,0.8237036784796613,0.16563494795223555,0.15334828860312072,0.1045441036486317,0.3837636868097482,0.9587909836065573,0.12935821062083247,695813.6511693414,0,False,False,True,"{""0"":null,""1"":null,""2"":null,""3"":null}",976.0,814787.0,976.0,579017.0,976.0,579017.0,828.8513358342461,492695.18327441567,828.8513358342461,0.0,0.0,1292.7194657668006,691265.3211693413,0.0,17.583341169441205,4.0,2348.0,0.0,0.0,87.59999999872525,51945.39999952459,0.0,1472.4000000001624,48.79999999928987,28950.849999718957,0.0,0.0,0.0,0.0,0.0,0.0,9.760000000000218,5790.170000000012,488.0,289508.5,0.0,153.0,497.7600000000093,295298.67000000045,0.0,0.0,1292.7194657668006,691265.3211693413
826,2022-04-06,2022,True,32.26027397260274,975,975,1153,493523.04596630385,1224.7418498965787,60504,42,0.0,0.8471467058407895,0.14265454387524176,0.1536382312204837,0.10505500901151466,0.38396058669942573,0.9591794871794872,0.15357272837834363,696541.143019238,0,False,False,True,"{""0"":null,""1"":null,""2"":null,""3"":null}",975.0,815762.0,975.0,579992.0,975.0,579992.0,827.8626918881782,493523.04596630385,827.8626918881782,0.0,0.0,1224.7418498966144,692490.063019238,0.0,17.583341169441205,4.0,2352.0,0.0,0.0,87.49999999872671,52032.89999952332,0.0,1472.4000000001624,48.749999999290594,28999.599999718248,0.0,0.0,0.0,0.0,0.0,0.0,9.75,5799.920000000012,487.5,289996.0,0.0,153.0,497.25,295795.92000000045,0.0,0.0,1224.7418498966144,692490.063019238
827,2022-04-07,2022,True,32.26301369863014,974,974,1153,494350.0824468765,1163.9530756407814,60598,45,0.0,0.8346122129757665,0.15652906569339453,0.15332979009126516,0.10475846466635007,0.383708455279172,0.9592248459958932,0.17626435106322572,697208.3560948789,0,False,False,True,"{""0"":null,""1"":null,""2"":null,""3"":null}",974.0,816736.0,974.0,580966.0,974.0,580966.0,827.0364805726567,494350.0824468765,827.0364805726567,0.0,0.0,1163.9530756408349,693654.0160948788,0.0,17.583341169441205,4.0,2356.0,0.0,0.0,87.39999999872816,52120.299999522045,2.2500000000013642,1474.6500000001638,48.69999999929132,29048.29999971754,0.0,0.0,0.0,0.0,0.0,0.0,9.739999999999782,5809.660000000012,487.0,290483.0,0.0,153.0,496.7399999999907,296292.66000000044,0.0,0.0,1163.9530756408349,693654.0160948788
828,2022-04-08,2022,True,32.26575342465753,974,974,1153,495177.11892744916,1108.523646402879,60700,49,0.0,0.791578874947692,0.2009532306084316,0.15337433752609408,0.10494335331639801,0.383708455279172,0.9589989733059548,0.1971070520623758,697820.1397412817,0,False,False,True,"{""0"":null,""1"":null,""2"":null,""3"":null}",974.0,817710.0,974.0,581940.0,974.0,581940.0,827.0364805726567,495177.11892744916,827.0364805726567,0.0,0.0,1108.5236464028712,694762.5397412817,0.0,17.583341169441205,4.0,2360.0,0.0,0.0,87.39999999872816,52207.69999952077,2.1000000000012733,1476.750000000165,48.69999999929132,29096.99999971683,0.0,0.0,0.0,0.0,0.0,0.0,9.739999999999782,5819.4000000000115,487.0,290970.0,0.0,153.0,496.7399999999907,296789.40000000043,0.0,0.0,1108.5236464028712,694762.5397412817
829,2022-04-09,2022,False,32.26849315068493,973,0,1153,495177.11892744916,0.0,59863,49,0.0,,,0.15332197715778112,0.10500257208021682,0.38345632385891837,0.9597379239465571,0.12240604626930314,697820.1397412817,0,False,False,True,"{""0"":null,""1"":null,""2"":null,""3"":null}",973.0,818683.0,0.0,581940.0,0.0,581940.0,0.0,495177.11892744916,0.0,0.0,0.0,0.0,694762.5397412817,0.0,17.583341169441205,0.0,2360.0,0.0,0.0,0.0,52207.69999952077,0.0,1476.750000000165,0.0,29096.99999971683,0.0,0.0,0.0,0.0,0.0,0.0,0.0,5819.4000000000115,0.0,290970.0,0.0,153.0,0.0,296789.40000000043,0.0,0.0,0.0,694762.5397412817
830,2022-04-10,2022,False,32.27123287671233,971,0,1153,495177.11892744916,0.0,59863,49,0.0,,,0.15306060886187228,0.10475897896695435,0.3835900573719242,0.9596549948506694,0.0747494576456212,697820.1397412817,0,False,False,True,"{""0"":null,""1"":null,""2"":null,""3"":null}",971.0,819654.0,0.0,581940.0,0.0,581940.0,0.0,495177.11892744916,0.0,0.0,0.0,0.0,694762.5397412817,0.0,17.583341169441205,0.0,2360.0,0.0,0.0,0.0,52207.69999952077,0.0,1476.750000000165,0.0,29096.99999971683,0.0,0.0,0.0,0.0,0.0,0.0,0.0,5819.4000000000115,0.0,290970.0,0.0,153.0,0.0,296789.40000000043,0.0,0.0,0.0,694762.5397412817
831,2022-04-11,2022,True,32.273972602739725,971,971,1153,496001.6834252481,1369.4398497047043,60829,10,0.0,0.8578631432166786,0.12769892853009435,0.15306060886187228,0.10475897896695435,0.3835900573719242,0.9587641606591144,0.10316152579724634,698694.3695909865,0,False,False,True,"{""0"":null,""1"":null,""2"":null,""3"":null}",971.0,820625.0,971.0,582911.0,971.0,582911.0,824.5644977989141,496001.6834252481,824.5644977989141,0.0,0.0,1369.4398497047368,696131.9795909864,0.0,17.583341169441205,4.0,2364.0,0.0,0.0,87.09999999873253,52294.799999519506,7.3500000000044565,1484.1000000001695,48.549999999293505,29145.549999716124,0.0,0.0,0.0,0.0,0.0,0.0,9.710000000000036,5829.1100000000115,485.5,291455.5,0.0,153.0,495.21000000002095,297284.61000000045,0.0,0.0,1369.4398497047368,696131.9795909864
832,2022-04-12,2022,True,32.276712328767125,971,971,1154,496826.1174270314,1304.4781632833824,60883,25,0.0,0.819810053395912,0.15222121376403297,0.15305777517738825,0.10412229102072075,0.3835900573719242,0.9587435633367661,0.1295195060136556,699502.63775427,0,False,False,True,"{""0"":null,""1"":null,""2"":null,""3"":null}",971.0,821596.0,971.0,583882.0,971.0,583882.0,824.4340017833165,496826.1174270314,824.4340017833165,0.0,0.0,1304.4781632834347,697436.4577542698,0.0,17.583341169441205,4.0,2368.0,0.0,0.0,87.09999999873253,52381.89999951824,0.0,1484.1000000001695,48.549999999293505,29194.099999715418,0.0,0.0,0.0,0.0,0.0,0.0,9.710000000000036,5838.8200000000115,485.5,291941.0,1.0,154.0,495.21000000002095,297779.8200000005,0.0,0.0,1304.4781632834347,697436.4577542698
833,2022-04-13,2022,True,32.27945205479452,971,971,1154,497650.5514288147,1222.9279249435551,60989,40,0.0,0.8372700064619256,0.16631082982572626,0.15302159330380183,0.10425268943053954,0.3835900573719242,0.9588825952626159,0.1540432036595111,700230.3556792135,0,False,False,True,"{""0"":null,""1"":null,""2"":null,""3"":null}",971.0,822567.0,971.0,584853.0,971.0,584853.0,824.4340017833165,497650.5514288147,824.4340017833165,0.0,0.0,1222.9279249435058,698659.3856792133,0.0,17.583341169441205,4.0,2372.0,0.0,0.0,87.09999999873253,52468.99999951697,0.0,1484.1000000001695,48.549999999293505,29242.64999971471,0.0,0.0,0.0,0.0,0.0,0.0,9.710000000000036,5848.530000000012,485.5,292426.5,0.0,154.0,495.21000000002095,298275.0300000005,0.0,0.0,1222.9279249435058,698659.3856792133
834,2022-04-14,2022,True,32.28219178082192,973,973,1156,498476.8290089018,1167.643060944254,61091,52,0.0,0.8190493716106992,0.18411160453476877,0.15326547835914728,0.10309254807029189,0.38377532203567494,0.9581603288797533,0.17651658093963926,700899.7687401578,0,False,False,True,"{""0"":null,""1"":null,""2"":null,""3"":null}",973.0,823540.0,973.0,585826.0,973.0,585826.0,826.2775800870731,498476.8290089018,826.2775800870731,0.0,0.0,1167.643060944276,699827.0287401576,0.0,17.583341169441205,4.0,2376.0,0.0,0.0,87.29999999872962,52556.2999995157,1.5000000000009095,1485.6000000001704,48.64999999929205,29291.299999714003,0.0,0.0,0.0,0.0,0.0,0.0,9.729999999999563,5858.260000000011,486.5,292913.0,2.0,156.0,496.2299999999814,298771.2600000005,0.0,0.0,1167.643060944276,699827.0287401576
835,2022-04-15,2022,True,32.28493150684932,973,973,1156,499303.10658898886,1161.3219685383824,61203,51,0.0,0.783128856072579,0.20387017568088817,0.15321006421956812,0.10311749859199944,0.38377532203567494,0.9581654676258993,0.19730377560657866,701564.8607086962,0,False,False,True,"{""0"":null,""1"":null,""2"":null,""3"":null}",973.0,824513.0,973.0,586799.0,973.0,586799.0,826.2775800870731,499303.10658898886,826.2775800870731,0.0,0.0,1161.3219685383374,700988.350708696,0.0,17.583341169441205,4.0,2380.0,0.0,0.0,87.29999999872962,52643.59999951443,2.2500000000013642,1487.8500000001718,48.64999999929205,29339.949999713295,0.0,0.0,0.0,0.0,0.0,0.0,9.729999999999563,5867.990000000011,486.5,293399.5,0.0,156.0,496.2299999999814,299267.49000000046,0.0,0.0,1161.3219685383374,700988.350708696
836,2022-04-16,2022,False,32.28767123287671,973,0,1156,499303.10658898886,0.0,60363,51,0.0,,,0.1532181550381352,0.10325723139773292,0.38377532203567494,0.9592034943473792,0.12243110063342437,701564.8607086962,0,False,False,True,"{""0"":null,""1"":null,""2"":null,""3"":null}",973.0,825486.0,0.0,586799.0,0.0,586799.0,0.0,499303.10658898886,0.0,0.0,0.0,0.0,700988.350708696,0.0,17.583341169441205,0.0,2380.0,0.0,0.0,0.0,52643.59999951443,0.0,1487.8500000001718,0.0,29339.949999713295,0.0,0.0,0.0,0.0,0.0,0.0,0.0,5867.990000000011,0.0,293399.5,0.0,156.0,0.0,299267.49000000046,0.0,0.0,0.0,700988.350708696
837,2022-04-17,2022,False,32.29041095890411,976,0,1159,499303.10658898886,0.0,60363,51,0.0,,,0.15321017656871375,0.10093196336292007,0.38365233151008993,0.9584067622950819,0.07441648872110652,701561.8607086962,0,False,False,True,"{""0"":null,""1"":null,""2"":null,""3"":null}",976.0,826462.0,0.0,586799.0,0.0,586799.0,0.0,499303.10658898886,0.0,0.0,0.0,0.0,700988.350708696,0.0,17.583341169441205,0.0,2380.0,0.0,0.0,0.0,52643.59999951443,0.0,1487.8500000001718,0.0,29339.949999713295,0.0,0.0,0.0,0.0,0.0,0.0,0.0,5867.990000000011,0.0,293399.5,3.0,159.0,0.0,299267.49000000046,0.0,0.0,0.0,700988.350708696
838,2022-04-18,2022,True,32.293150684931504,976,976,1159,500131.8537923696,1389.620200189746,61331,16,0.0,0.8401919693196039,0.15242608791257187,0.15321017656871377,0.10093196336292007,0.38365233151008993,0.957484631147541,0.10277043197508876,702453.7209088859,0,False,False,True,"{""0"":null,""1"":null,""2"":null,""3"":null}",976.0,827438.0,976.0,587775.0,976.0,587775.0,828.7472033807426,500131.8537923696,828.7472033807426,0.0,0.0,1389.6202001897618,702377.9709088857,0.0,17.583341169441205,4.0,2384.0,0.0,0.0,87.59999999872525,52731.199999513155,7.650000000004638,1495.5000000001764,48.79999999928987,29388.749999712585,0.0,0.0,0.0,0.0,0.0,0.0,9.760000000000218,5877.750000000011,488.0,293887.5,0.0,159.0,497.7600000000093,299765.25000000047,0.0,0.0,1389.6202001897618,702377.9709088857
839,2022-04-19,2022,True,32.295890410958904,976,976,1159,500960.60099575034,1306.635733464316,61393,32,0.0,0.8371056872455519,0.1593161982369266,0.1532238788995196,0.10108052218200521,0.38365233151008993,0.9575973360655737,0.12923373100146052,703262.5966423502,0,False,False,True,"{""0"":null,""1"":null,""2"":null,""3"":null}",976.0,828414.0,976.0,588751.0,976.0,588751.0,828.7472033807426,500960.60099575034,828.7472033807426,0.0,0.0,1306.635733464267,703684.60664235,0.0,17.583341169441205,4.0,2388.0,0.0,0.0,87.59999999872525,52818.79999951188,0.0,1495.5000000001764,48.79999999928987,29437.549999711875,0.0,0.0,0.0,0.0,0.0,0.0,9.760000000000218,5887.510000000011,488.0,294375.5,0.0,159.0,497.7600000000093,300263.0100000005,0.0,0.0,1306.635733464267,703684.60664235
840,2022-04-20,2022,True,32.298630136986304,976,976,1159,501789.3481991311,1231.8803111157533,61500,47,0.0,0.8401416820522988,0.15164003619186278,0.15324240584008395,0.10120574205362935,0.38365233151008993,0.9576024590163934,0.153710666277512,703996.716953466,0,False,False,True,"{""0"":null,""1"":null,""2"":null,""3"":null}",976.0,829390.0,976.0,589727.0,976.0,589727.0,828.7472033807426,501789.3481991311,828.7472033807426,0.0,0.0,1231.8803111157613,704916.4869534657,0.0,17.583341169441205,4.0,2392.0,0.0,0.0,87.59999999872525,52906.399999510606,0.0,1495.5000000001764,48.79999999928987,29486.349999711165,0.0,0.0,0.0,0.0,0.0,0.0,9.760000000000218,5897.270000000011,488.0,294863.5,0.0,159.0,497.7600000000093,300760.7700000005,0.0,0.0,1231.8803111157613,704916.4869534657
841,2022-04-21,2022,True,32.3013698630137,976,976,1159,502618.0954025118,1155.7730809496054,61609,48,0.0,0.8175965164450723,0.1737497691046818,0.15317449738886038,0.10131659827887117,0.38365233151008993,0.9577254098360656,0.17631745715654493,704654.7300344155,0,False,False,True,"{""0"":null,""1"":null,""2"":null,""3"":null}",976.0,830366.0,976.0,590703.0,976.0,590703.0,828.7472033807426,502618.0954025118,828.7472033807426,0.0,0.0,1155.7730809495552,706072.2600344153,0.0,17.583341169441205,4.0,2396.0,0.0,0.0,87.59999999872525,52993.99999950933,2.400000000001455,1497.900000000178,48.79999999928987,29535.149999710455,0.0,0.0,0.0,0.0,0.0,0.0,9.760000000000218,5907.030000000012,488.0,295351.5,0.0,159.0,497.7600000000093,301258.5300000005,0.0,0.0,1155.7730809495552,706072.2600344153
842,2022-04-22,2022,True,32.3041095890411,975,975,1159,503446.0774498899,1115.7254209835055,61695,52,0.0,0.7979331930577407,0.209247705093375,0.15298264652988486,0.10121917078633441,0.3836415885226691,0.9575333333333333,0.1973149485170363,705273.205455399,0,False,False,True,"{""0"":null,""1"":null,""2"":null,""3"":null}",975.0,831341.0,975.0,591678.0,975.0,591678.0,827.9820473780856,503446.0774498899,827.9820473780856,0.0,0.0,1115.7254209835082,707187.9854553988,0.0,17.583341169441205,4.0,2400.0,0.0,0.0,87.49999999872671,53081.49999950806,2.400000000001455,1500.3000000001794,48.749999999290594,29583.899999709745,0.0,0.0,0.0,0.0,0.0,0.0,9.75,5916.780000000012,487.5,295839.0,0.0,159.0,497.25,301755.7800000005,0.0,0.0,1115.7254209835082,707187.9854553988
843,2022-04-23,2022,False,32.30684931506849,976,0,1160,503446.0774498899,0.0,60863,52,0.0,,,0.1529291381228884,0.10061085078606274,0.38365233151008993,0.9578586065573771,0.12261791094947765,705272.205455399,0,False,False,True,"{""0"":null,""1"":null,""2"":null,""3"":null}",976.0,832317.0,0.0,591678.0,0.0,591678.0,0.0,503446.0774498899,0.0,0.0,0.0,0.0,707187.9854553988,0.0,17.583341169441205,0.0,2400.0,0.0,0.0,0.0,53081.49999950806,0.0,1500.3000000001794,0.0,29583.899999709745,0.0,0.0,0.0,0.0,0.0,0.0,0.0,5916.780000000012,0.0,295839.0,1.0,160.0,0.0,301755.7800000005,0.0,0.0,0.0,707187.9854553988
844,2022-04-24,2022,False,32.30958904109589,977,0,1161,503446.0774498899,0.0,60863,52,0.0,,,0.15305411724332174,0.1001468884539655,0.38390446293034364,0.9575946775844422,0.07475206525792277,705271.205455399,0,False,False,True,"{""0"":null,""1"":null,""2"":null,""3"":null}",977.0,833294.0,0.0,591678.0,0.0,591678.0,0.0,503446.0774498899,0.0,0.0,0.0,0.0,707187.9854553988,0.0,17.583341169441205,0.0,2400.0,0.0,0.0,0.0,53081.49999950806,0.0,1500.3000000001794,0.0,29583.899999709745,0.0,0.0,0.0,0.0,0.0,0.0,0.0,5916.780000000012,0.0,295839.0,1.0,161.0,0.0,301755.7800000005,0.0,0.0,0.0,707187.9854553988
845,2022-04-25,2022,True,32.31232876712329,977,977,1161,504275.8138342271,1364.8620663642696,61833,12,0.0,0.8444282671579054,0.14450866048513103,0.15305411724332174,0.10014688845396548,0.38390446293034364,0.9565404298874104,0.103175686897066,706137.7975217632,0,False,False,True,"{""0"":null,""1"":null,""2"":null,""3"":null}",977.0,834271.0,977.0,592655.0,977.0,592655.0,829.7363843371859,504275.8138342271,829.7363843371859,0.0,0.0,1364.862066364265,708552.8475217631,0.0,17.583341169441205,4.0,2404.0,0.0,0.0,87.6999999987238,53169.19999950678,7.800000000004729,1508.100000000184,48.84999999928914,29632.749999709034,0.0,0.0,0.0,0.0,0.0,0.0,9.770000000000437,5926.550000000012,488.5,296327.5,0.0,161.0,498.2700000000186,302254.0500000005,0.0,0.0,1364.862066364265,708552.8475217631
846,2022-04-26,2022,True,32.31506849315068,977,977,1161,505105.5502185643,1321.624643158201,61881,30,0.0,0.837260283591275,0.14775602012267994,0.15311909944185448,0.10029012797680197,0.38390446293034364,0.9566786079836233,0.12957522132513097,706961.1521649214,0,False,False,True,"{""0"":null,""1"":null,""2"":null,""3"":null}",977.0,835248.0,977.0,593632.0,977.0,593632.0,829.7363843371859,505105.5502185643,829.7363843371859,0.0,0.0,1321.6246431581676,709874.4721649212,0.0,17.583341169441205,4.0,2408.0,0.0,0.0,87.6999999987238,53256.899999505506,0.0,1508.100000000184,48.84999999928914,29681.599999708324,0.0,0.0,0.0,0.0,0.0,0.0,9.770000000000437,5936.320000000012,488.5,296816.0,0.0,161.0,498.2700000000186,302752.32000000053,0.0,0.0,1321.6246431581676,709874.4721649212
847,2022-04-27,2022,True,32.31780821917808,977,977,1161,505935.28660290147,1237.0701904583298,61989,46,0.0,0.8352444560094834,0.17549673110635672,0.1530875770902242,0.10044389959772253,0.38390446293034364,0.9565762538382805,0.1540238082985654,707699.9523553797,0,False,False,True,"{""0"":null,""1"":null,""2"":null,""3"":null}",977.0,836225.0,977.0,594609.0,977.0,594609.0,829.7363843371859,505935.28660290147,829.7363843371859,0.0,0.0,1237.0701904583257,711111.5423553796,0.0,17.583341169441205,4.0,2412.0,0.0,0.0,87.6999999987238,53344.59999950423,0.0,1508.100000000184,48.84999999928914,29730.449999707613,0.0,0.0,0.0,0.0,0.0,0.0,9.770000000000437,5946.090000000013,488.5,297304.5,0.0,161.0,498.2700000000186,303250.59000000055,0.0,0.0,1237.0701904583257,711111.5423553796
848,2022-04-28,2022,True,32.320547945205476,977,977,1161,506765.02298723866,1174.2934896515499,62105,52,0.0,0.8055145444131913,0.20191419782645192,0.1530297141175733,0.10045950508355386,0.38390446293034364,0.9568730808597748,0.17656851488741854,708375.9758450312,0,False,False,True,"{""0"":null,""1"":null,""2"":null,""3"":null}",977.0,837202.0,977.0,595586.0,977.0,595586.0,829.7363843371859,506765.02298723866,829.7363843371859,0.0,0.0,1174.2934896515217,712285.8358450311,0.0,17.583341169441205,4.0,2416.0,0.0,0.0,87.6999999987238,53432.29999950295,1.8000000000010914,1509.9000000001852,48.84999999928914,29779.299999706902,0.0,0.0,0.0,0.0,0.0,0.0,9.770000000000437,5955.860000000013,488.5,297793.0,0.0,161.0,498.2700000000186,303748.86000000057,0.0,0.0,1174.2934896515217,712285.8358450311
849,2022-04-29,2022,True,32.323287671232876,977,977,1161,507594.75937157584,1110.8538783442175,62214,55,0.0,0.8075258113769693,0.18200608975631427,0.15305002919945357,0.10062906480584712,0.38390446293034364,0.9571136131013306,0.19729063411013742,708988.5597233754,0,False,False,True,"{""0"":null,""1"":null,""2"":null,""3"":null}",977.0,838179.0,977.0,596563.0,977.0,596563.0,829.7363843371859,507594.75937157584,829.7363843371859,0.0,0.0,1110.8538783441763,713396.6897233753,0.0,17.583341169441205,4.0,2420.0,0.0,0.0,87.6999999987238,53519.99999950168,2.700000000001637,1512.6000000001868,48.84999999928914,29828.14999970619,0.0,0.0,0.0,0.0,0.0,0.0,9.770000000000437,5965.630000000014,488.5,298281.5,0.0,161.0,498.2700000000186,304247.1300000006,0.0,0.0,1110.8538783441763,713396.6897233753
850,2022-04-30,2022,False,32.326027397260276,978,0,1162,507594.75937157584,0.0,61363,55,0.0,,,0.15278162169241932,0.0997958393796195,0.3837075630406661,0.9578783231083844,0.1226354971811271,708987.5597233754,0,False,False,True,"{""0"":null,""1"":null,""2"":null,""3"":null}",978.0,839157.0,0.0,596563.0,0.0,596563.0,0.0,507594.75937157584,0.0,0.0,0.0,0.0,713396.6897233753,0.0,17.583341169441205,0.0,2420.0,0.0,0.0,0.0,53519.99999950168,0.0,1512.6000000001868,0.0,29828.14999970619,0.0,0.0,0.0,0.0,0.0,0.0,0.0,5965.630000000014,0.0,298281.5,1.0,162.0,0.0,304247.1300000006,0.0,0.0,0.0,713396.6897233753
851,2022-05-01,2022,False,32.32876712328767,977,0,1162,507594.75937157584,0.0,61363,55,0.0,,,0.15303018389279072,0.09990353822046548,0.38390446293034364,0.9578454452405323,0.07493562142806397,708987.5597233754,0,False,False,True,"{""0"":null,""1"":null,""2"":null,""3"":null}",977.0,840134.0,0.0,596563.0,0.0,596563.0,0.0,507594.75937157584,0.0,0.0,0.0,0.0,713396.6897233753,0.0,17.583341169441205,0.0,2420.0,0.0,0.0,0.0,53519.99999950168,0.0,1512.6000000001868,0.0,29828.14999970619,0.0,0.0,0.0,0.0,0.0,0.0,0.0,5965.630000000014,0.0,298281.5,0.0,162.0,0.0,304247.1300000006,0.0,0.0,0.0,713396.6897233753
852,2022-05-02,2022,True,32.33150684931507,977,977,1162,508424.6449679767,1381.2370604637451,62347,10,0.0,0.8505213388735376,0.13410642716011403,0.15303018389279072,0.09990353822046548,0.38390446293034364,0.9571136131013306,0.10331248815332489,709870.5267838391,0,False,False,True,"{""0"":null,""1"":null,""2"":null,""3"":null}",977.0,841111.0,977.0,597540.0,977.0,597540.0,829.8855964008835,508424.6449679767,829.8855964008835,0.0,0.0,1381.2370604637545,714777.926783839,0.0,17.583341169441205,4.0,2424.0,0.0,0.0,87.6999999987238,53607.6999995004,8.250000000005002,1520.8500000001918,48.84999999928914,29876.99999970548,0.0,0.0,0.0,0.0,0.0,0.0,9.770000000000437,5975.400000000014,488.5,298770.0,0.0,162.0,498.2700000000186,304745.4000000006,0.0,0.0,1381.2370604637545,714777.926783839
853,2022-05-03,2022,True,32.33424657534247,977,977,1163,509254.3528697242,1321.3245393757768,62392,25,0.0,0.8495555032375225,0.14008639654893948,0.15280089892476392,0.0990889349270866,0.38390446293034364,0.9571136131013306,0.1296762418333929,710692.5813232148,0,False,False,True,"{""0"":null,""1"":null,""2"":null,""3"":null}",977.0,842088.0,977.0,598517.0,977.0,598517.0,829.7079017474898,509254.3528697242,829.7079017474898,0.0,0.0,1321.3245393757243,716099.2513232147,0.0,17.583341169441205,4.0,2428.0,0.0,0.0,87.6999999987238,53695.399999499125,0.0,1520.8500000001918,48.84999999928914,29925.84999970477,0.0,0.0,0.0,0.0,0.0,0.0,9.770000000000437,5985.170000000015,488.5,299258.5,1.0,163.0,498.2700000000186,305243.6700000006,0.0,0.0,1321.3245393757243,716099.2513232147
854,2022-05-04,2022,True,32.33698630136986,977,977,1163,510084.0607714717,1224.369660110496,62495,39,0.05413603512223671,0.8300167830742902,0.16483256100312843,0.15280619520113864,0.09930164684644516,0.38390446293034364,0.9570061412487206,0.15410164967871795,711418.6809833252,0,False,False,True,"{""0"":null,""1"":null,""2"":null,""3"":null}",977.0,843065.0,977.0,599494.0,977.0,599494.0,829.7079017474898,510084.0607714717,829.7079017474898,0.0,0.0,1224.3696601104457,717323.6209833252,0.0541360351222373,17.637477204563442,4.0,2432.0,0.0,0.0,87.6999999987238,53783.09999949785,0.0,1520.8500000001918,48.84999999928914,29974.69999970406,0.0,0.0,0.0,0.0,0.0,0.0,9.770000000000437,5994.940000000015,488.5,299747.0,0.0,163.0,498.2700000000186,305741.94000000064,0.0,0.0,1224.3696601104457,717323.6209833252
855,2022-05-05,2022,True,32.33972602739726,977,977,1163,510913.7686732192,1198.660618248021,62597,43,0.0,0.822940837942139,0.17513803797556773,0.1528097158021152,0.09940072521035254,0.38390446293034364,0.9567297850562948,0.17668781834097866,712119.0716015733,0,False,False,True,"{""0"":null,""1"":null,""2"":null,""3"":null}",977.0,844042.0,977.0,600471.0,977.0,600471.0,829.7079017474898,510913.7686732192,829.7079017474898,0.0,0.0,1198.6606182480464,718522.2816015732,0.0,17.637477204563442,4.0,2436.0,0.0,0.0,87.6999999987238,53870.79999949657,1.5000000000009095,1522.3500000001927,48.84999999928914,30023.549999703348,0.0,0.0,0.0,0.0,0.0,0.0,9.770000000000437,6004.7100000000155,488.5,300235.5,0.0,163.0,498.2700000000186,306240.21000000066,0.0,0.0,1198.6606182480464,718522.2816015732
856,2022-05-06,2022,True,32.342465753424655,977,977,1163,511743.4765749667,1118.8967749999533,62711,51,0.14422103601086195,0.8249607786850826,0.173563226340238,0.15281190896726995,0.09951709488285292,0.38390446293034364,0.9566939611054247,0.1974444273816653,712739.6983765732,0,False,False,True,"{""0"":null,""1"":null,""2"":null,""3"":null}",977.0,845019.0,977.0,601448.0,977.0,601448.0,829.7079017474898,511743.4765749667,829.7079017474898,0.0,0.0,1118.8967749999138,719641.1783765731,0.14422103601086178,17.781698240574304,4.0,2440.0,0.0,0.0,87.6999999987238,53958.499999495296,2.2500000000013642,1524.600000000194,48.84999999928914,30072.399999702637,0.0,0.0,0.0,0.0,0.0,0.0,9.770000000000437,6014.480000000016,488.5,300724.0,0.0,163.0,498.2700000000186,306738.4800000007,0.0,0.0,1118.8967749999138,719641.1783765731
857,2022-05-07,2022,False,32.345205479452055,977,0,1163,511743.4765749667,0.0,61863,51,0.0,,,0.1528124856202075,0.09968248675741002,0.38390446293034364,0.9577021494370521,0.12303188649785979,712739.6983765732,0,False,False,True,"{""0"":null,""1"":null,""2"":null,""3"":null}",977.0,845996.0,0.0,601448.0,0.0,601448.0,0.0,511743.4765749667,0.0,0.0,0.0,0.0,719641.1783765731,0.0,17.781698240574304,0.0,2440.0,0.0,0.0,0.0,53958.499999495296,0.0,1524.600000000194,0.0,30072.399999702637,0.0,0.0,0.0,0.0,0.0,0.0,0.0,6014.480000000016,0.0,300724.0,0.0,163.0,0.0,306738.4800000007,0.0,0.0,0.0,719641.1783765731
858,2022-05-08,2022,False,32.347945205479455,978,0,1164,511743.4765749667,0.0,61863,51,0.0,,,0.15293218917521123,0.09921315266066283,0.38415659435059735,0.9574386503067485,0.07516724529553614,712738.6983765732,0,False,False,True,"{""0"":null,""1"":null,""2"":null,""3"":null}",978.0,846974.0,0.0,601448.0,0.0,601448.0,0.0,511743.4765749667,0.0,0.0,0.0,0.0,719641.1783765731,0.0,17.781698240574304,0.0,2440.0,0.0,0.0,0.0,53958.499999495296,0.0,1524.600000000194,0.0,30072.399999702637,0.0,0.0,0.0,0.0,0.0,0.0,0.0,6014.480000000016,0.0,300724.0,1.0,164.0,0.0,306738.4800000007,0.0,0.0,0.0,719641.1783765731
859,2022-05-09,2022,True,32.35068493150685,978,978,1165,512573.92553527205,1403.7428317333552,62855,10,0.0,0.8670478948758114,0.11867476690789981,0.1523962889329743,0.09784273005305305,0.3837075630406661,0.9565746421267893,0.1032499739132196,713642.6612083064,0,False,False,True,"{""0"":null,""1"":null,""2"":null,""3"":null}",978.0,847952.0,978.0,602426.0,978.0,602426.0,830.4489603053662,512573.92553527205,830.4489603053662,0.0,0.0,1403.7428317333106,721044.9212083064,0.0,17.781698240574304,4.0,2444.0,0.0,0.0,87.79999999872234,54046.29999949402,7.650000000004638,1532.2500000001987,48.89999999928841,30121.299999701925,0.0,0.0,0.0,0.0,0.0,0.0,9.779999999999745,6024.260000000016,489.0,301213.0,1.0,165.0,498.78000000002794,307237.2600000007,0.0,0.0,1403.7428317333106,721044.9212083064
860,2022-05-10,2022,True,32.35342465753425,978,978,1165,513404.3744955774,1314.5882893679805,62903,18,0.12840439504400236,0.847659594514424,0.1432050935834626,0.15238022737040394,0.09793914238429528,0.3837075630406661,0.9571728016359918,0.12961388203727003,714458.4694976744,0,False,False,True,"{""0"":null,""1"":null,""2"":null,""3"":null}",978.0,848930.0,978.0,603404.0,978.0,603404.0,830.4489603053662,513404.3744955774,830.4489603053662,0.0,0.0,1314.5882893679664,722359.5094976744,0.1284043950440008,17.910102635618305,4.0,2448.0,0.0,0.0,87.79999999872234,54134.09999949274,0.0,1532.2500000001987,48.89999999928841,30170.199999701214,0.0,0.0,0.0,0.0,0.0,0.0,9.779999999999745,6034.040000000015,489.0,301702.0,0.0,165.0,498.78000000002794,307736.04000000074,0.0,0.0,1314.5882893679664,722359.5094976744
861,2022-05-11,2022,True,32.35616438356164,978,978,1165,514234.8234558828,1237.882570511931,62981,37,0.0,0.8333107380210761,0.15946080418862565,0.1524410697383952,0.09804791265308246,0.3837075630406661,0.9568149284253579,0.1540358954947341,715197.5720681862,0,False,False,True,"{""0"":null,""1"":null,""2"":null,""3"":null}",978.0,849908.0,978.0,604382.0,978.0,604382.0,830.4489603053662,514234.8234558828,830.4489603053662,0.0,0.0,1237.8825705118943,723597.3920681863,0.0,17.910102635618305,4.0,2452.0,0.0,0.0,87.79999999872234,54221.89999949146,0.0,1532.2500000001987,48.89999999928841,30219.099999700502,0.0,0.0,0.0,0.0,0.0,0.0,9.779999999999745,6043.820000000015,489.0,302191.0,0.0,165.0,498.78000000002794,308234.82000000076,0.0,0.0,1237.8825705118943,723597.3920681863
862,2022-05-12,2022,True,32.35890410958904,978,978,1165,515065.27241618815,1178.6750545559435,63100,44,0.21665925072293962,0.810844757587013,0.18210667391982496,0.15239767765827206,0.09810476364983567,0.3837075630406661,0.9567433537832312,0.1765404155327635,715877.4671227422,0,False,False,True,"{""0"":null,""1"":null,""2"":null,""3"":null}",978.0,850886.0,978.0,605360.0,978.0,605360.0,830.4489603053662,515065.27241618815,830.4489603053662,0.0,0.0,1178.6750545559917,724776.0671227423,0.216659250722941,18.126761886341246,4.0,2456.0,0.0,0.0,87.79999999872234,54309.699999490185,1.5000000000009095,1533.7500000001996,48.89999999928841,30267.99999969979,0.0,0.0,0.0,0.0,0.0,0.0,9.779999999999745,6053.600000000015,489.0,302680.0,0.0,165.0,498.78000000002794,308733.6000000008,0.0,0.0,1178.6750545559917,724776.0671227423
863,2022-05-13,2022,True,32.36164383561644,976,976,1165,515894.1993062317,1139.1360277910337,63210,55,0.0,0.8083335176639413,0.16899874122745087,0.15271880830827184,0.09837322072535605,0.3838937199429228,0.9569723360655737,0.19751069356964182,716518.8431505333,0,False,False,True,"{""0"":null,""1"":null,""2"":null,""3"":null}",976.0,851862.0,976.0,606336.0,976.0,606336.0,828.9268900435418,515894.1993062317,828.9268900435418,0.0,0.0,1139.1360277910717,725915.2031505334,0.0,18.126761886341246,4.0,2460.0,0.0,0.0,87.59999999872525,54397.29999948891,1.2000000000007276,1534.9500000002004,48.79999999928987,30316.79999969908,0.0,0.0,0.0,0.0,0.0,0.0,9.760000000000218,6063.360000000015,488.0,303168.0,0.0,165.0,497.7600000000093,309231.3600000008,0.0,0.0,1139.1360277910717,725915.2031505334
864,2022-05-14,2022,False,32.364383561643834,976,0,1165,515894.1993062317,0.0,62363,55,0.0,,,0.15276278792873133,0.09853616301483752,0.3838937199429228,0.9578227459016394,0.12307310063794022,716518.8431505333,0,False,False,True,"{""0"":null,""1"":null,""2"":null,""3"":null}",976.0,852838.0,0.0,606336.0,0.0,606336.0,0.0,515894.1993062317,0.0,0.0,0.0,0.0,725915.2031505334,0.0,18.126761886341246,0.0,2460.0,0.0,0.0,0.0,54397.29999948891,0.0,1534.9500000002004,0.0,30316.79999969908,0.0,0.0,0.0,0.0,0.0,0.0,0.0,6063.360000000015,0.0,303168.0,0.0,165.0,0.0,309231.3600000008,0.0,0.0,0.0,725915.2031505334
865,2022-05-15,2022,False,32.367123287671234,976,0,1165,515894.1993062317,0.0,62363,55,0.0,,,0.15276278792873133,0.09853616301483753,0.3838937199429228,0.9578227459016394,0.07531719896992688,716518.8431505333,0,False,False,True,"{""0"":null,""1"":null,""2"":null,""3"":null}",976.0,853814.0,0.0,606336.0,0.0,606336.0,0.0,515894.1993062317,0.0,0.0,0.0,0.0,725915.2031505334,0.0,18.126761886341246,0.0,2460.0,0.0,0.0,0.0,54397.29999948891,0.0,1534.9500000002004,0.0,30316.79999969908,0.0,0.0,0.0,0.0,0.0,0.0,0.0,6063.360000000015,0.0,303168.0,0.0,165.0,0.0,309231.3600000008,0.0,0.0,0.0,725915.2031505334
866,2022-05-16,2022,True,32.369863013698634,977,977,1166,516724.10289889487,1377.417952962733,63347,13,0.0,0.8464482423206077,0.14914251806166376,0.1527399453355183,0.09779969309695606,0.38390446293034364,0.956811668372569,0.10371520786723273,717396.9911034959,0,False,False,True,"{""0"":null,""1"":null,""2"":null,""3"":null}",977.0,854791.0,977.0,607313.0,977.0,607313.0,829.9035926631768,516724.10289889487,829.9035926631768,0.0,0.0,1377.4179529626854,727292.621103496,0.0,18.126761886341246,4.0,2464.0,0.0,0.0,87.6999999987238,54484.999999487634,8.250000000005002,1543.2000000002054,48.84999999928914,30365.64999969837,0.0,0.0,0.0,0.0,0.0,0.0,9.770000000000437,6073.130000000016,488.5,303656.5,1.0,166.0,498.2700000000186,309729.6300000008,0.0,0.0,1377.4179529626854,727292.621103496
867,2022-05-17,2022,True,32.37260273972603,978,978,1167,517554.8519600981,1300.5157276762764,63394,31,0.0,0.819953459365393,0.17540102927005402,0.15247879682778928,0.09701372844503177,0.3837075630406661,0.9568200408997954,0.1301306376834095,718197.7268311721,0,False,False,True,"{""0"":null,""1"":null,""2"":null,""3"":null}",978.0,855769.0,978.0,608291.0,978.0,608291.0,830.7490612032125,517554.8519600981,830.7490612032125,0.0,0.0,1300.5157276762184,728593.1368311723,0.0,18.126761886341246,4.0,2468.0,0.0,0.0,87.79999999872234,54572.79999948636,0.0,1543.2000000002054,48.89999999928841,30414.549999697658,0.0,0.0,0.0,0.0,0.0,0.0,9.779999999999745,6082.910000000015,489.0,304145.5,1.0,167.0,498.78000000002794,310228.41000000085,0.0,0.0,1300.5157276762184,728593.1368311723
868,2022-05-18,2022,True,32.37534246575343,978,978,1167,518385.6010213013,1253.4753858526951,63474,58,0.14512779876070775,0.8149056502367559,0.17136832416838935,0.15252929896232556,0.09718298269105274,0.3837075630406661,0.9562576687116565,0.15457352525672297,718952.4222170248,0,False,False,True,"{""0"":null,""1"":null,""2"":null,""3"":null}",978.0,856747.0,978.0,609269.0,978.0,609269.0,830.7490612032125,518385.6010213013,830.7490612032125,0.0,0.0,1253.4753858527401,729846.612217025,0.1451277987607078,18.271889685101954,4.0,2472.0,0.0,0.0,87.79999999872234,54660.59999948508,0.0,1543.2000000002054,48.89999999928841,30463.449999696946,0.0,0.0,0.0,0.0,0.0,0.0,9.779999999999745,6092.690000000015,489.0,304634.5,0.0,167.0,498.78000000002794,310727.1900000009,0.0,0.0,1253.4753858527401,729846.612217025
869,2022-05-19,2022,True,32.37808219178082,979,979,1169,519217.1900549153,1200.1566930225913,63592,65,0.0,0.8416973006715681,0.1415464924403,0.1525932746491029,0.09595602968966935,0.3836406962841632,0.9553013278855975,0.1769006699295525,719651.2889100474,0,False,False,True,"{""0"":null,""1"":null,""2"":null,""3"":null}",979.0,857726.0,979.0,610248.0,979.0,610248.0,831.5890336140292,519217.1900549153,831.5890336140292,0.0,0.0,1200.1566930225817,731046.7689100476,0.0,18.271889685101954,4.0,2476.0,0.0,0.0,87.89999999872089,54748.4999994838,1.9500000000011823,1545.1500000002065,48.949999999287684,30512.399999696234,0.0,0.0,0.0,0.0,0.0,0.0,9.789999999999964,6102.480000000015,489.5,305124.0,2.0,169.0,499.28999999997905,311226.48000000085,0.0,0.0,1200.1566930225817,731046.7689100476
870,2022-05-20,2022,True,32.38082191780822,979,979,1169,520048.77908852935,1133.6378849368011,63721,57,0.0,0.8182192429150789,0.16937050570569823,0.15260606341019495,0.09610066426419689,0.3836406962841632,0.9556435137895812,0.19746048688257228,720285.6367949841,0,False,False,True,"{""0"":null,""1"":null,""2"":null,""3"":null}",979.0,858705.0,979.0,611227.0,979.0,611227.0,831.5890336140292,520048.77908852935,831.5890336140292,0.0,0.0,1133.637884936761,732180.4067949844,0.0,18.271889685101954,4.0,2480.0,0.0,0.0,87.89999999872089,54836.39999948252,2.700000000001637,1547.8500000002082,48.949999999287684,30561.34999969552,0.0,0.0,0.0,0.0,0.0,0.0,9.789999999999964,6112.270000000015,489.5,305613.5,0.0,169.0,499.28999999997905,311725.77000000083,0.0,0.0,1133.637884936761,732180.4067949844
871,2022-05-21,2022,False,32.38356164383562,979,0,1169,520048.77908852935,0.0,62863,57,0.0,,,0.1525668335602215,0.09616604121657704,0.3836406962841632,0.9567671092951991,0.12316754683502368,720285.6367949841,0,False,False,True,"{""0"":null,""1"":null,""2"":null,""3"":null}",979.0,859684.0,0.0,611227.0,0.0,611227.0,0.0,520048.77908852935,0.0,0.0,0.0,0.0,732180.4067949844,0.0,18.271889685101954,0.0,2480.0,0.0,0.0,0.0,54836.39999948252,0.0,1547.8500000002082,0.0,30561.34999969552,0.0,0.0,0.0,0.0,0.0,0.0,0.0,6112.270000000015,0.0,305613.5,0.0,169.0,0.0,311725.77000000083,0.0,0.0,0.0,732180.4067949844
872,2022-05-22,2022,False,32.38630136986301,980,0,1170,520048.77908852935,0.0,62863,57,0.0,,,0.15269061956256,0.09568262201929234,0.3838928277044169,0.9565051020408163,0.07524858485219071,720284.6367949841,0,False,False,True,"{""0"":null,""1"":null,""2"":null,""3"":null}",980.0,860664.0,0.0,611227.0,0.0,611227.0,0.0,520048.77908852935,0.0,0.0,0.0,0.0,732180.4067949844,0.0,18.271889685101954,0.0,2480.0,0.0,0.0,0.0,54836.39999948252,0.0,1547.8500000002082,0.0,30561.34999969552,0.0,0.0,0.0,0.0,0.0,0.0,0.0,6112.270000000015,0.0,305613.5,1.0,170.0,0.0,311725.77000000083,0.0,0.0,0.0,732180.4067949844
873,2022-05-23,2022,True,32.38904109589041,981,981,1171,520882.0616926237,1402.7401372442948,63858,14,0.0,0.8603368176538908,0.13605112018226695,0.15281315656098798,0.09521890448406993,0.38414495912467056,0.9556269113149848,0.10347802767770717,721186.0669322284,0,False,False,True,"{""0"":null,""1"":null,""2"":null,""3"":null}",981.0,861645.0,981.0,612208.0,981.0,612208.0,833.2826040943619,520882.0616926237,833.2826040943619,0.0,0.0,1402.740137244342,733583.1469322287,0.0,18.271889685101954,4.0,2484.0,0.0,0.0,88.09999999871798,54924.49999948124,8.550000000005184,1556.4000000002134,49.04999999928623,30610.399999694808,0.0,0.0,0.0,0.0,0.0,0.0,9.8100000000004,6122.080000000015,490.5,306104.0,1.0,171.0,500.3099999999977,312226.08000000083,0.0,0.0,1402.740137244342,733583.1469322287
874,2022-05-24,2022,True,32.391780821917806,980,980,1171,521714.4251785096,1303.7950127610877,63892,32,0.0,0.8204081632653062,0.18504366812227074,0.15287579170563986,0.09541594876451191,0.3843418590143481,0.9557448979591837,0.12949706650831072,721990.0619449895,0,False,False,True,"{""0"":null,""1"":null,""2"":null,""3"":null}",980.0,862625.0,980.0,613188.0,980.0,613188.0,832.3634858859004,521714.4251785096,832.3634858859004,0.0,0.0,1303.7950127611402,734886.9419449898,0.0,18.271889685101954,4.0,2488.0,0.0,0.0,87.99999999871943,55012.49999947996,0.0,1556.4000000002134,48.999999999286956,30659.399999694095,0.0,0.0,0.0,0.0,0.0,0.0,9.800000000000182,6131.880000000016,490.0,306594.0,0.0,171.0,499.79999999998836,312725.8800000008,0.0,0.0,1303.7950127611402,734886.9419449898
875,2022-05-25,2022,True,32.394520547945206,981,981,1172,522547.5940644733,1240.87577245752,63995,50,0.0,0.8379085780653726,0.16441641351813177,0.15257782026462002,0.09461613651834369,0.38414495912467056,0.9553873598369012,0.15381442297053372,722729.627717447,0,False,False,True,"{""0"":null,""1"":null,""2"":null,""3"":null}",981.0,863606.0,981.0,614169.0,981.0,614169.0,833.1688859636779,522547.5940644733,833.1688859636779,0.0,0.0,1240.8757724575698,736127.8177174474,0.0,18.271889685101954,4.0,2492.0,0.0,0.0,88.09999999871798,55100.599999478676,0.0,1556.4000000002134,49.04999999928623,30708.44999969338,0.0,0.0,0.0,0.0,0.0,0.0,9.8100000000004,6141.690000000016,490.5,307084.5,1.0,172.0,500.3099999999977,313226.1900000008,0.0,0.0,1240.8757724575698,736127.8177174474
876,2022-05-26,2022,True,32.397260273972606,981,981,1172,523380.76295043697,1195.075115708845,64096,60,0.0,0.822639787622366,0.1559046895766091,0.15252659432312782,0.09468212548692231,0.38414495912467056,0.9550000000000001,0.1762165043156534,723424.3928331558,0,False,False,True,"{""0"":null,""1"":null,""2"":null,""3"":null}",981.0,864587.0,981.0,615150.0,981.0,615150.0,833.1688859636779,523380.76295043697,833.1688859636779,0.0,0.0,1195.075115708867,737322.8928331563,0.0,18.271889685101954,4.0,2496.0,0.0,0.0,88.09999999871798,55188.699999477394,2.1000000000012733,1558.5000000002146,49.04999999928623,30757.499999692667,0.0,0.0,0.0,0.0,0.0,0.0,9.8100000000004,6151.500000000016,490.5,307575.0,0.0,172.0,500.3099999999977,313726.5000000008,0.0,0.0,1195.075115708867,737322.8928331563
877,2022-05-27,2022,True,32.4,981,981,1172,524213.93183640065,1148.781194698726,64210,65,0.0,0.8165007466401195,0.17968838997531802,0.15252156349252372,0.09481723732740595,0.38414495912467056,0.9550713557594291,0.19686094589483213,724072.8640278545,0,False,False,True,"{""0"":null,""1"":null,""2"":null,""3"":null}",981.0,865568.0,981.0,616131.0,981.0,616131.0,833.1688859636779,524213.93183640065,833.1688859636779,0.0,0.0,1148.781194698764,738471.674027855,0.0,18.271889685101954,4.0,2500.0,0.0,0.0,88.09999999871798,55276.79999947611,2.700000000001637,1561.2000000002163,49.04999999928623,30806.549999691953,0.0,0.0,0.0,0.0,0.0,0.0,9.8100000000004,6161.310000000017,490.5,308065.5,0.0,172.0,500.3099999999977,314226.8100000008,0.0,0.0,1148.781194698764,738471.674027855
878,2022-05-28,2022,False,32.4027397260274,981,0,1172,524213.93183640065,0.0,63363,65,0.0,,,0.15246447076869044,0.09484930230026448,0.38414495912467056,0.9561162079510703,0.1226744325110518,724072.8640278545,0,False,False,True,"{""0"":null,""1"":null,""2"":null,""3"":null}",981.0,866549.0,0.0,616131.0,0.0,616131.0,0.0,524213.93183640065,0.0,0.0,0.0,0.0,738471.674027855,0.0,18.271889685101954,0.0,2500.0,0.0,0.0,0.0,55276.79999947611,0.0,1561.2000000002163,0.0,30806.549999691953,0.0,0.0,0.0,0.0,0.0,0.0,0.0,6161.310000000017,0.0,308065.5,0.0,172.0,0.0,314226.8100000008,0.0,0.0,0.0,738471.674027855
879,2022-05-29,2022,False,32.40547945205479,981,0,1172,524213.93183640065,0.0,63363,65,0.0,,,0.15246447076869046,0.09484930230026449,0.38414495912467056,0.9561162079510703,0.0748838025801764,724072.8640278545,0,False,False,True,"{""0"":null,""1"":null,""2"":null,""3"":null}",981.0,867530.0,0.0,616131.0,0.0,616131.0,0.0,524213.93183640065,0.0,0.0,0.0,0.0,738471.674027855,0.0,18.271889685101954,0.0,2500.0,0.0,0.0,0.0,55276.79999947611,0.0,1561.2000000002163,0.0,30806.549999691953,0.0,0.0,0.0,0.0,0.0,0.0,0.0,6161.310000000017,0.0,308065.5,0.0,172.0,0.0,314226.8100000008,0.0,0.0,0.0,738471.674027855
880,2022-05-30,2022,True,32.40821917808219,981,981,1172,525047.1007223638,1381.1493442819235,64365,12,0.0,0.8430313588850175,0.13876139168407065,0.15246447076869046,0.09484930230026448,0.38414495912467056,0.9555249745158002,0.10310076256072478,724953.7033721363,0,False,False,True,"{""0"":null,""1"":null,""2"":null,""3"":null}",981.0,868511.0,981.0,617112.0,981.0,617112.0,833.168885963154,525047.1007223638,833.168885963154,0.0,0.0,1381.1493442818755,739852.8233721369,0.0,18.271889685101954,4.0,2504.0,0.0,0.0,88.09999999871798,55364.89999947483,9.750000000005912,1570.9500000002222,49.04999999928623,30855.59999969124,0.0,0.0,0.0,0.0,0.0,0.0,9.8100000000004,6171.120000000017,490.5,308556.0,0.0,172.0,500.3099999999977,314727.1200000008,0.0,0.0,1381.1493442818755,739852.8233721369
881,2022-05-31,2022,True,32.41095890410959,982,982,1174,525881.3719392755,1307.3000882322074,64404,27,0.0,0.8268500082960013,0.1729269508258971,0.15250422789212192,0.093959886130775,0.3839480592349931,0.9555040733197555,0.12951115025622773,725758.1834603685,0,False,False,True,"{""0"":null,""1"":null,""2"":null,""3"":null}",982.0,869493.0,982.0,618094.0,982.0,618094.0,834.2712169117294,525881.3719392755,834.2712169117294,0.0,0.0,1307.3000882321503,741160.1234603691,0.0,18.271889685101954,4.0,2508.0,0.0,0.0,88.19999999871652,55453.09999947355,0.0,1570.9500000002222,49.0999999992855,30904.699999690525,0.0,0.0,0.0,0.0,0.0,0.0,9.819999999999709,6180.940000000017,491.0,309047.0,2.0,174.0,500.820000000007,315227.9400000008,0.0,0.0,1307.3000882321503,741160.1234603691
882,2022-06-01,2022,True,32.413698630136984,982,982,1174,526715.6431561873,1241.188939295998,64479,49,0.13462102862630257,0.8106064376970301,0.17944987659008926,0.15252402374769533,0.09407612578127535,0.3839480592349931,0.9549439918533604,0.15390203691413226,726498.5523996645,0,False,False,True,"{""0"":null,""1"":null,""2"":null,""3"":null}",982.0,870475.0,982.0,619076.0,982.0,619076.0,834.2712169117294,526715.6431561873,834.2712169117294,0.0,0.0,1241.188939295942,742401.312399665,0.13462102862630232,18.406510713728256,4.0,2512.0,0.0,0.0,88.19999999871652,55541.29999947226,0.0,1570.9500000002222,49.0999999992855,30953.79999968981,0.0,0.0,0.0,0.0,0.0,0.0,9.819999999999709,6190.760000000017,491.0,309538.0,0.0,174.0,500.820000000007,315728.7600000008,0.0,0.0,1241.188939295942,742401.312399665
883,2022-06-02,2022,True,32.416438356164385,982,982,1174,527549.914373099,1158.5983043796782,64610,48,0.0,0.8360627177700348,0.16147712170115816,0.15254978243793132,0.09416569811548751,0.3839480592349931,0.954847250509165,0.17638871280453777,727156.3307040443,0,False,False,True,"{""0"":null,""1"":null,""2"":null,""3"":null}",982.0,871457.0,982.0,620058.0,982.0,620058.0,834.2712169117294,527549.914373099,834.2712169117294,0.0,0.0,1158.5983043797314,743559.9107040447,0.0,18.406510713728256,4.0,2516.0,0.0,0.0,88.19999999871652,55629.49999947098,1.8000000000010914,1572.7500000002233,49.0999999992855,31002.899999689096,0.0,0.0,0.0,0.0,0.0,0.0,9.819999999999709,6200.580000000016,491.0,310029.0,0.0,174.0,500.820000000007,316229.58000000083,0.0,0.0,1158.5983043797314,743559.9107040447
884,2022-06-03,2022,True,32.41917808219178,981,981,1174,528383.4057140949,1149.9660705180381,64703,49,0.0,0.8104280736684918,0.18616978355800268,0.15271089408451516,0.09432803154647694,0.38414495912467056,0.9548369011213048,0.19720210407933017,727805.9867745623,0,False,False,True,"{""0"":null,""1"":null,""2"":null,""3"":null}",981.0,872438.0,981.0,621039.0,981.0,621039.0,833.4913409958826,528383.4057140949,833.4913409958826,0.0,0.0,1149.966070518014,744709.8767745628,0.0,18.406510713728256,4.0,2520.0,0.0,0.0,88.09999999871798,55717.5999994697,2.2500000000013642,1575.0000000002246,49.04999999928623,31051.949999688382,0.0,0.0,0.0,0.0,0.0,0.0,9.8100000000004,6210.390000000017,490.5,310519.5,0.0,174.0,500.3099999999977,316729.8900000008,0.0,0.0,1149.966070518014,744709.8767745628
885,2022-06-04,2022,False,32.42191780821918,981,0,1174,528383.4057140949,0.0,63863,49,0.0,,,0.1526906619413661,0.09443292926567268,0.38414495912467056,0.9557594291539246,0.12307322354737536,727805.9867745623,0,False,False,True,"{""0"":null,""1"":null,""2"":null,""3"":null}",981.0,873419.0,0.0,621039.0,0.0,621039.0,0.0,528383.4057140949,0.0,0.0,0.0,0.0,744709.8767745628,0.0,18.406510713728256,0.0,2520.0,0.0,0.0,0.0,55717.5999994697,0.0,1575.0000000002246,0.0,31051.949999688382,0.0,0.0,0.0,0.0,0.0,0.0,0.0,6210.390000000017,0.0,310519.5,0.0,174.0,0.0,316729.8900000008,0.0,0.0,0.0,744709.8767745628
886,2022-06-05,2022,False,32.42465753424658,981,0,1174,528383.4057140949,0.0,63863,49,0.0,,,0.1526906619413661,0.09443292926567269,0.38414495912467056,0.9557594291539246,0.07513973722576749,727805.9867745623,0,False,False,True,"{""0"":null,""1"":null,""2"":null,""3"":null}",981.0,874400.0,0.0,621039.0,0.0,621039.0,0.0,528383.4057140949,0.0,0.0,0.0,0.0,744709.8767745628,0.0,18.406510713728256,0.0,2520.0,0.0,0.0,0.0,55717.5999994697,0.0,1575.0000000002246,0.0,31051.949999688382,0.0,0.0,0.0,0.0,0.0,0.0,0.0,6210.390000000017,0.0,310519.5,0.0,174.0,0.0,316729.8900000008,0.0,0.0,0.0,744709.8767745628
887,2022-06-06,2022,True,32.42739726027397,980,980,1174,529215.9151066812,1364.1655532440275,64847,17,0.0,0.8336734693877551,0.1481986899563319,0.15277390889216777,0.09442542837275772,0.3843418590143481,0.9550714285714286,0.10312069463191706,728670.3523278063,0,False,False,True,"{""0"":null,""1"":null,""2"":null,""3"":null}",980.0,875380.0,980.0,622019.0,980.0,622019.0,832.5093925863039,529215.9151066812,832.5093925863039,0.0,0.0,1364.1655532440636,746074.0423278068,0.0,18.406510713728256,4.0,2524.0,0.0,0.0,87.99999999871943,55805.59999946842,7.3500000000044565,1582.350000000229,48.999999999286956,31100.94999968767,0.0,0.0,0.0,0.0,0.0,0.0,9.800000000000182,6220.190000000017,490.0,311009.5,0.0,174.0,499.79999999998836,317229.6900000008,0.0,0.0,1364.1655532440636,746074.0423278068
888,2022-06-07,2022,True,32.43013698630137,979,979,1174,530047.7197571797,1325.874611318083,64899,32,0.0,0.8518609902977585,0.1356903381296681,0.15274387906879416,0.09490784779456633,0.38408972759409443,0.956297242083759,0.1295933315436218,729496.9369391244,0,False,False,True,"{""0"":null,""1"":null,""2"":null,""3"":null}",979.0,876359.0,979.0,622998.0,979.0,622998.0,831.8046504985541,530047.7197571797,831.8046504985541,0.0,0.0,1325.8746113181114,747399.9169391249,0.0,18.406510713728256,4.0,2528.0,0.0,0.0,87.89999999872089,55893.49999946714,0.0,1582.350000000229,48.949999999287684,31149.899999686957,0.0,0.0,0.0,0.0,0.0,0.0,9.789999999999964,6229.980000000017,489.5,311499.0,0.0,174.0,499.28999999997905,317728.9800000008,0.0,0.0,1325.8746113181114,747399.9169391249
889,2022-06-08,2022,True,32.43287671232876,979,979,1174,530879.5244076783,1232.2980532119439,64988,52,0.35662101264429,0.8202199732351957,0.16544133438327727,0.15276134738674413,0.09502135903308508,0.38408972759409443,0.9561133810010214,0.1539549156228579,730229.9449923363,0,False,False,True,"{""0"":null,""1"":null,""2"":null,""3"":null}",979.0,877338.0,979.0,623977.0,979.0,623977.0,831.8046504985541,530879.5244076783,831.8046504985541,0.0,0.0,1232.2980532119982,748632.2149923369,0.3566210126442897,18.763131726372546,4.0,2532.0,0.0,0.0,87.89999999872089,55981.39999946586,0.0,1582.350000000229,48.949999999287684,31198.849999686245,0.0,0.0,0.0,0.0,0.0,0.0,9.789999999999964,6239.770000000017,489.5,311988.5,0.0,174.0,499.28999999997905,318228.2700000008,0.0,0.0,1232.2980532119982,748632.2149923369
890,2022-06-09,2022,True,32.43561643835616,979,979,1174,531711.3290581768,1198.0595856753685,65111,57,0.014262205171039013,0.7997867179658749,0.18264162311785626,0.1527499929388075,0.09515098422624824,0.38408972759409443,0.9560367722165475,0.17640513203317695,730928.7145780117,0,False,False,True,"{""0"":null,""1"":null,""2"":null,""3"":null}",979.0,878317.0,979.0,624956.0,979.0,624956.0,831.8046504985541,531711.3290581768,831.8046504985541,0.0,0.0,1198.0595856753644,749830.2745780123,0.01426220517103971,18.777393931543585,4.0,2536.0,0.0,0.0,87.89999999872089,56069.29999946458,2.550000000001546,1584.9000000002306,48.949999999287684,31247.799999685532,0.0,0.0,0.0,0.0,0.0,0.0,9.789999999999964,6249.560000000017,489.5,312478.0,0.0,174.0,499.28999999997905,318727.56000000075,0.0,0.0,1198.0595856753644,749830.2745780123
891,2022-06-10,2022,True,32.43835616438356,979,979,1174,532543.1337086754,1152.7618295557547,65203,64,0.0,0.8273377383740381,0.18838469706731573,0.15274742450469075,0.09520205023772607,0.38408972759409443,0.9560316649642493,0.19715769372209013,731582.1864075674,0,False,False,True,"{""0"":null,""1"":null,""2"":null,""3"":null}",979.0,879296.0,979.0,625935.0,979.0,625935.0,831.8046504985541,532543.1337086754,831.8046504985541,0.0,0.0,1152.7618295557331,750983.036407568,0.0,18.777393931543585,4.0,2540.0,0.0,0.0,87.89999999872089,56157.1999994633,2.2500000000013642,1587.150000000232,48.949999999287684,31296.74999968482,0.0,0.0,0.0,0.0,0.0,0.0,9.789999999999964,6259.350000000017,489.5,312967.5,0.0,174.0,499.28999999997905,319226.85000000073,0.0,0.0,1152.7618295557331,750983.036407568
892,2022-06-11,2022,False,32.441095890410956,979,0,1174,532543.1337086754,0.0,64363,64,0.0,,,0.152728574411681,0.09534516041039762,0.38408972759409443,0.9569305413687437,0.12298143699598427,731582.1864075674,0,False,False,True,"{""0"":null,""1"":null,""2"":null,""3"":null}",979.0,880275.0,0.0,625935.0,0.0,625935.0,0.0,532543.1337086754,0.0,0.0,0.0,0.0,750983.036407568,0.0,18.777393931543585,0.0,2540.0,0.0,0.0,0.0,56157.1999994633,0.0,1587.150000000232,0.0,31296.74999968482,0.0,0.0,0.0,0.0,0.0,0.0,0.0,6259.350000000017,0.0,312967.5,0.0,174.0,0.0,319226.85000000073,0.0,0.0,0.0,750983.036407568
893,2022-06-12,2022,False,32.443835616438356,979,0,1174,532543.1337086754,0.0,64363,64,0.0,,,0.152728574411681,0.0953451604103976,0.38408972759409443,0.9569305413687437,0.07497734124563797,731582.1864075674,0,False,False,True,"{""0"":null,""1"":null,""2"":null,""3"":null}",979.0,881254.0,0.0,625935.0,0.0,625935.0,0.0,532543.1337086754,0.0,0.0,0.0,0.0,750983.036407568,0.0,18.777393931543585,0.0,2540.0,0.0,0.0,0.0,56157.1999994633,0.0,1587.150000000232,0.0,31296.74999968482,0.0,0.0,0.0,0.0,0.0,0.0,0.0,6259.350000000017,0.0,312967.5,0.0,174.0,0.0,319226.85000000073,0.0,0.0,0.0,750983.036407568
894,2022-06-13,2022,True,32.446575342465756,979,979,1174,533374.938359174,1403.7395431113766,65342,20,0.01600291980921539,0.8498285379725661,0.13322684754336986,0.152728574411681,0.0953451604103976,0.38408972759409443,0.9558171603677221,0.10321151902374678,732486.6359506787,0,False,False,True,"{""0"":null,""1"":null,""2"":null,""3"":null}",979.0,882233.0,979.0,626914.0,979.0,626914.0,831.8046504985541,533374.938359174,831.8046504985541,0.0,0.0,1403.7395431114128,752386.7759506794,0.016002919809213978,18.7933968513528,4.0,2544.0,0.0,0.0,87.89999999872089,56245.09999946202,9.60000000000582,1596.7500000002378,48.949999999287684,31345.699999684108,0.0,0.0,0.0,0.0,0.0,0.0,9.789999999999964,6269.140000000017,489.5,313457.0,0.0,174.0,499.28999999997905,319726.1400000007,0.0,0.0,1403.7395431114128,752386.7759506794
895,2022-06-14,2022,True,32.44931506849315,979,979,1174,534206.7430096725,1354.2855681170354,65394,37,0.01019133117674465,0.841677818668451,0.14960328823346936,0.15271231468255766,0.09550132985502742,0.38408972759409443,0.9564198161389172,0.129508534515506,733341.6315187957,0,False,False,True,"{""0"":null,""1"":null,""2"":null,""3"":null}",979.0,883212.0,979.0,627893.0,979.0,627893.0,831.8046504985541,534206.7430096725,831.8046504985541,0.0,0.0,1354.2855681170477,753741.0615187965,0.010191331176745422,18.803588182529545,4.0,2548.0,0.0,0.0,87.89999999872089,56332.99999946074,0.0,1596.7500000002378,48.949999999287684,31394.649999683395,0.0,0.0,0.0,0.0,0.0,0.0,9.789999999999964,6278.930000000017,489.5,313946.5,0.0,174.0,499.28999999997905,320225.4300000007,0.0,0.0,1354.2855681170477,753741.0615187965
896,2022-06-15,2022,True,32.45205479452055,979,979,1174,535038.547660171,1253.2999508676023,65488,58,0.0,0.8191577450652392,0.17500477247237933,0.15274168125039472,0.09563645915364838,0.38408972759409443,0.9561491317671094,0.15383076935661003,734095.6414696634,0,False,False,True,"{""0"":null,""1"":null,""2"":null,""3"":null}",979.0,884191.0,979.0,628872.0,979.0,628872.0,831.8046504985541,535038.547660171,831.8046504985541,0.0,0.0,1253.2999508676585,754994.3614696641,0.0,18.803588182529545,4.0,2552.0,0.0,0.0,87.89999999872089,56420.89999945946,0.0,1596.7500000002378,48.949999999287684,31443.599999682683,0.0,0.0,0.0,0.0,0.0,0.0,9.789999999999964,6288.720000000017,489.5,314436.0,0.0,174.0,499.28999999997905,320724.72000000067,0.0,0.0,1253.2999508676585,754994.3614696641
897,2022-06-16,2022,True,32.45479452054794,979,979,1174,535870.3523106696,1188.122645307567,65613,53,0.21514255799023874,0.8171587487453998,0.1597048225833393,0.1527664052506586,0.09574443201980289,0.38408972759409443,0.956144024514811,0.17631293024513336,734784.4741149709,0,False,False,True,"{""0"":null,""1"":null,""2"":null,""3"":null}",979.0,885170.0,979.0,629851.0,979.0,629851.0,831.8046504985541,535870.3523106696,831.8046504985541,0.0,0.0,1188.122645307565,756182.4841149717,0.2151425579902373,19.018730740519782,4.0,2556.0,0.0,0.0,87.89999999872089,56508.799999458184,3.000000000001819,1599.7500000002397,48.949999999287684,31492.54999968197,0.0,0.0,0.0,0.0,0.0,0.0,9.789999999999964,6298.510000000017,489.5,314925.5,0.0,174.0,499.28999999997905,321224.01000000065,0.0,0.0,1188.122645307565,756182.4841149717
898,2022-06-17,2022,True,32.45753424657534,979,979,1174,536702.1569611682,1144.6498681774563,65707,48,0.0,0.8283957845433255,0.16625265468776101,0.15272044858097591,0.09583417832750034,0.38408972759409443,0.9564759959141982,0.19704790730613148,735429.8339831483,0,False,False,True,"{""0"":null,""1"":null,""2"":null,""3"":null}",979.0,886149.0,979.0,630830.0,979.0,630830.0,831.8046504985541,536702.1569611682,831.8046504985541,0.0,0.0,1144.6498681774829,757327.1339831492,0.0,19.018730740519782,4.0,2560.0,0.0,0.0,87.89999999872089,56596.699999456905,2.550000000001546,1602.3000000002412,48.949999999287684,31541.49999968126,0.0,0.0,0.0,0.0,0.0,0.0,9.789999999999964,6308.300000000017,489.5,315415.0,0.0,174.0,499.28999999997905,321723.3000000006,0.0,0.0,1144.6498681774829,757327.1339831492
899,2022-06-18,2022,False,32.46027397260274,979,0,1174,536702.1569611682,0.0,64863,48,0.0,,,0.15275852895743858,0.09592989887408869,0.38408972759409443,0.9572574055158325,0.12286154993925943,735429.8339831483,0,False,False,True,"{""0"":null,""1"":null,""2"":null,""3"":null}",979.0,887128.0,0.0,630830.0,0.0,630830.0,0.0,536702.1569611682,0.0,0.0,0.0,0.0,757327.1339831492,0.0,19.018730740519782,0.0,2560.0,0.0,0.0,0.0,56596.699999456905,0.0,1602.3000000002412,0.0,31541.49999968126,0.0,0.0,0.0,0.0,0.0,0.0,0.0,6308.300000000017,0.0,315415.0,0.0,174.0,0.0,321723.3000000006,0.0,0.0,0.0,757327.1339831492
900,2022-06-19,2022,False,32.463013698630135,979,0,1174,536702.1569611682,0.0,64863,48,0.0,,,0.15275852895743863,0.09592989887408866,0.38408972759409443,0.9572574055158325,0.07479894782592805,735429.8339831483,0,False,False,True,"{""0"":null,""1"":null,""2"":null,""3"":null}",979.0,888107.0,0.0,630830.0,0.0,630830.0,0.0,536702.1569611682,0.0,0.0,0.0,0.0,757327.1339831492,0.0,19.018730740519782,0.0,2560.0,0.0,0.0,0.0,56596.699999456905,0.0,1602.3000000002412,0.0,31541.49999968126,0.0,0.0,0.0,0.0,0.0,0.0,0.0,6308.300000000017,0.0,315415.0,0.0,174.0,0.0,321723.3000000006,0.0,0.0,0.0,757327.1339831492
901,2022-06-20,2022,True,32.465753424657535,978,978,1174,537533.0247193212,1374.250026543391,65834,23,0.0,0.8230930076948813,0.16576079175316774,0.1525692838009574,0.09558051177635765,0.3838375961738407,0.9562218813905929,0.10311070722308868,736305.3040096917,0,False,False,True,"{""0"":null,""1"":null,""2"":null,""3"":null}",978.0,889085.0,978.0,631808.0,978.0,631808.0,830.8677581530064,537533.0247193212,830.8677581530064,0.0,0.0,1374.2500265433919,758701.3840096926,0.0,19.018730740519782,4.0,2564.0,0.0,0.0,87.79999999872234,56684.49999945563,7.200000000004366,1609.5000000002456,48.89999999928841,31590.399999680547,0.0,0.0,0.0,0.0,0.0,0.0,9.779999999999745,6318.080000000016,489.0,315904.0,0.0,174.0,498.78000000002794,322222.08000000066,0.0,0.0,1374.2500265433919,758701.3840096926
902,2022-06-21,2022,True,32.468493150684935,978,978,1174,538363.8924774742,1318.172598338952,65878,44,0.0,0.8179491468718635,0.16851301691841458,0.1525252671237204,0.09568896000000966,0.3838375961738407,0.9561298568507157,0.1293957072358754,737124.6966080306,0,False,False,True,"{""0"":null,""1"":null,""2"":null,""3"":null}",978.0,890063.0,978.0,632786.0,978.0,632786.0,830.8677581530064,538363.8924774742,830.8677581530064,0.0,0.0,1318.1725983389188,760019.5566080315,0.0,19.018730740519782,4.0,2568.0,0.0,0.0,87.79999999872234,56772.29999945435,0.0,1609.5000000002456,48.89999999928841,31639.299999679835,0.0,0.0,0.0,0.0,0.0,0.0,9.779999999999745,6327.860000000016,489.0,316393.0,0.0,174.0,498.78000000002794,322720.8600000007,0.0,0.0,1318.1725983389188,760019.5566080315
903,2022-06-22,2022,True,32.47123287671233,977,977,1174,539193.9428649807,1240.2911107519533,65986,70,0.0,0.8260021656912108,0.1622414870234661,0.15229315777459607,0.09562190016907338,0.38390446293034364,0.9559416581371546,0.15376742754694686,737866.7177187825,0,False,False,True,"{""0"":null,""1"":null,""2"":null,""3"":null}",977.0,891040.0,977.0,633763.0,977.0,633763.0,830.0503875064896,539193.9428649807,830.0503875064896,0.0,0.0,1240.2911107519176,761259.8477187834,0.0,19.018730740519782,4.0,2572.0,0.0,0.0,87.6999999987238,56859.99999945307,0.0,1609.5000000002456,48.84999999928914,31688.149999679124,0.0,0.0,0.0,0.0,0.0,0.0,9.770000000000437,6337.6300000000165,488.5,316881.5,0.0,174.0,498.2700000000186,323219.1300000007,0.0,0.0,1240.2911107519176,761259.8477187834
904,2022-06-23,2022,True,32.47397260273973,978,978,1175,540024.785314266,1206.7314936217006,66107,66,0.0,0.8261918701906992,0.15674380175149735,0.15242173163881212,0.09500595448237051,0.3838375961738407,0.9556288343558282,0.1761199236763339,738573.6692124042,0,False,False,True,"{""0"":null,""1"":null,""2"":null,""3"":null}",978.0,892018.0,978.0,634741.0,978.0,634741.0,830.8424492853228,540024.785314266,830.8424492853228,0.0,0.0,1206.7314936217153,762466.5792124051,0.0,19.018730740519782,4.0,2576.0,0.0,0.0,87.79999999872234,56947.799999451796,3.450000000002092,1612.9500000002477,48.89999999928841,31737.049999678413,0.0,0.0,0.0,0.0,0.0,0.0,9.779999999999745,6347.410000000016,489.0,317370.5,1.0,175.0,498.78000000002794,323717.91000000073,0.0,0.0,1206.7314936217153,762466.5792124051
905,2022-06-24,2022,True,32.47671232876712,978,978,1175,540855.6277635513,1126.0357070529753,66220,64,0.0,0.8098067915690866,0.17722188417209536,0.1523503979466891,0.09508413372573032,0.3838375961738407,0.9558895705521473,0.19675828524336672,739200.9249194572,0,False,False,True,"{""0"":null,""1"":null,""2"":null,""3"":null}",978.0,892996.0,978.0,635719.0,978.0,635719.0,830.8424492853228,540855.6277635513,830.8424492853228,0.0,0.0,1126.03570705303,763592.6149194582,0.0,19.018730740519782,4.0,2580.0,0.0,0.0,87.79999999872234,57035.59999945052,3.15000000000191,1616.1000000002496,48.89999999928841,31785.9499996777,0.0,0.0,0.0,0.0,0.0,0.0,9.779999999999745,6357.190000000016,489.0,317859.5,0.0,175.0,498.78000000002794,324216.69000000076,0.0,0.0,1126.03570705303,763592.6149194582
906,2022-06-25,2022,False,32.47945205479452,978,0,1175,540855.6277635513,0.0,65363,64,0.0,,,0.15236299054944583,0.09517572658450936,0.3838375961738407,0.9569580777096114,0.12270606945131177,739200.9249194572,0,False,False,True,"{""0"":null,""1"":null,""2"":null,""3"":null}",978.0,893974.0,0.0,635719.0,0.0,635719.0,0.0,540855.6277635513,0.0,0.0,0.0,0.0,763592.6149194582,0.0,19.018730740519782,0.0,2580.0,0.0,0.0,0.0,57035.59999945052,0.0,1616.1000000002496,0.0,31785.9499996777,0.0,0.0,0.0,0.0,0.0,0.0,0.0,6357.190000000016,0.0,317859.5,0.0,175.0,0.0,324216.69000000076,0.0,0.0,0.0,763592.6149194582
907,2022-06-26,2022,False,32.48219178082192,978,0,1175,540855.6277635513,0.0,65363,64,0.0,,,0.15236299054944583,0.09517572658450939,0.3838375961738407,0.9569580777096114,0.0747524380542567,739200.9249194572,0,False,False,True,"{""0"":null,""1"":null,""2"":null,""3"":null}",978.0,894952.0,0.0,635719.0,0.0,635719.0,0.0,540855.6277635513,0.0,0.0,0.0,0.0,763592.6149194582,0.0,19.018730740519782,0.0,2580.0,0.0,0.0,0.0,57035.59999945052,0.0,1616.1000000002496,0.0,31785.9499996777,0.0,0.0,0.0,0.0,0.0,0.0,0.0,6357.190000000016,0.0,317859.5,0.0,175.0,0.0,324216.69000000076,0.0,0.0,0.0,763592.6149194582
908,2022-06-27,2022,True,32.484931506849314,977,977,1175,541685.5160562913,1400.772104584781,66347,18,0.0,0.8260120441619271,0.16224526928675403,0.15201665052564445,0.09470528383461345,0.383585464753587,0.9559007164790173,0.10283435092583357,740103.4270240419,0,False,False,True,"{""0"":null,""1"":null,""2"":null,""3"":null}",977.0,895929.0,977.0,636696.0,977.0,636696.0,829.8882927399827,541685.5160562913,829.8882927399827,0.0,0.0,1400.7721045847284,764993.3870240429,0.0,19.018730740519782,4.0,2584.0,0.0,0.0,87.6999999987238,57123.29999944924,9.60000000000582,1625.7000000002554,48.84999999928914,31834.79999967699,0.0,0.0,0.0,0.0,0.0,0.0,9.770000000000437,6366.960000000016,488.5,318348.0,0.0,175.0,498.2700000000186,324714.9600000008,0.0,0.0,1400.7721045847284,764993.3870240429
909,2022-06-28,2022,True,32.487671232876714,977,977,1176,542515.4539987182,1330.2975192436602,66377,34,0.0,0.8321163539287401,0.13796344186182832,0.15189856029238402,0.0942522749400584,0.38390446293034364,0.9555936540429888,0.12911566204073185,740934.4545432855,0,False,False,True,"{""0"":null,""1"":null,""2"":null,""3"":null}",977.0,896906.0,977.0,637673.0,977.0,637673.0,829.9379424268845,542515.4539987182,829.9379424268845,0.0,0.0,1330.2975192436716,766323.6845432866,0.0,19.018730740519782,4.0,2588.0,0.0,0.0,87.6999999987238,57210.999999447966,0.0,1625.7000000002554,48.84999999928914,31883.64999967628,0.0,0.0,0.0,0.0,0.0,0.0,9.770000000000437,6376.730000000017,488.5,318836.5,1.0,176.0,498.2700000000186,325213.2300000008,0.0,0.0,1330.2975192436716,766323.6845432866
910,2022-06-29,2022,True,32.49041095890411,977,977,1176,543345.3919411451,1251.2870306536327,66500,49,0.0,0.8443653650490757,0.13772939668556267,0.15191250507262807,0.09436987312525753,0.38390446293034364,0.9555783009211873,0.15336102987849923,741687.4715739392,0,False,False,True,"{""0"":null,""1"":null,""2"":null,""3"":null}",977.0,897883.0,977.0,638650.0,977.0,638650.0,829.9379424268845,543345.3919411451,829.9379424268845,0.0,0.0,1251.2870306536788,767574.9715739402,0.0,19.018730740519782,4.0,2592.0,0.0,0.0,87.6999999987238,57298.69999944669,0.0,1625.7000000002554,48.84999999928914,31932.49999967557,0.0,0.0,0.0,0.0,0.0,0.0,9.770000000000437,6386.500000000017,488.5,319325.0,0.0,176.0,498.2700000000186,325711.5000000008,0.0,0.0,1251.2870306536788,767574.9715739402
911,2022-06-30,2022,True,32.49315068493151,977,977,1176,544175.329883572,1194.3207769579824,66605,53,0.0,0.8106414707149809,0.17599465894831073,0.15192403310483787,0.09445808054005929,0.38390446293034364,0.9557727737973387,0.1757814021558516,742383.5223508972,0,False,False,True,"{""0"":null,""1"":null,""2"":null,""3"":null}",977.0,898860.0,977.0,639627.0,977.0,639627.0,829.9379424268845,544175.329883572,829.9379424268845,0.0,0.0,1194.3207769580185,768769.2923508983,0.0,19.018730740519782,4.0,2596.0,0.0,0.0,87.6999999987238,57386.39999944541,2.700000000001637,1628.400000000257,48.84999999928914,31981.349999674858,0.0,0.0,0.0,0.0,0.0,0.0,9.770000000000437,6396.270000000018,488.5,319813.5,0.0,176.0,498.2700000000186,326209.77000000083,0.0,0.0,1194.3207769580185,768769.2923508983
912,2022-07-01,2022,True,32.49589041095891,977,977,1176,545005.2678259988,1380.025311472008,66701,56,0.0,0.8177802491164448,0.17606979710599274,0.15193733197310846,0.09460664027013391,0.38390446293034364,0.9558751279426817,0.19645711437116883,743265.2776623692,0,False,False,True,"{""0"":null,""1"":null,""2"":null,""3"":null}",977.0,899837.0,977.0,640604.0,977.0,640604.0,829.9379424268845,545005.2678259988,829.9379424268845,0.0,0.0,1380.0253114720108,770149.3176623703,0.0,19.018730740519782,4.0,2600.0,0.0,0.0,87.6999999987238,57474.09999944414,2.400000000001455,1630.8000000002585,48.84999999928914,32030.199999674147,0.0,0.0,0.0,0.0,0.0,0.0,9.770000000000437,6406.040000000018,488.5,320302.0,0.0,176.0,498.2700000000186,326708.04000000085,0.0,0.0,1380.0253114720108,770149.3176623703
913,2022-07-02,2022,False,32.4986301369863,976,0,1176,545005.2678259988,0.0,65863,56,0.0,,,0.15179224506151043,0.09448138559706767,0.3838937199429228,0.9566854508196722,0.12235532200388796,743265.2776623692,0,False,False,True,"{""0"":null,""1"":null,""2"":null,""3"":null}",976.0,900813.0,0.0,640604.0,0.0,640604.0,0.0,545005.2678259988,0.0,0.0,0.0,0.0,770149.3176623703,0.0,19.018730740519782,0.0,2600.0,0.0,0.0,0.0,57474.09999944414,0.0,1630.8000000002585,0.0,32030.199999674147,0.0,0.0,0.0,0.0,0.0,0.0,0.0,6406.040000000018,0.0,320302.0,0.0,176.0,0.0,326708.04000000085,0.0,0.0,0.0,770149.3176623703
914,2022-07-03,2022,False,32.5013698630137,975,0,1176,545005.2678259988,0.0,65863,56,0.0,,,0.1515629481377189,0.0940886138372707,0.3836415885226691,0.9566410256410257,0.07454421882411463,743265.2776623692,0,False,False,True,"{""0"":null,""1"":null,""2"":null,""3"":null}",975.0,901788.0,0.0,640604.0,0.0,640604.0,0.0,545005.2678259988,0.0,0.0,0.0,0.0,770149.3176623703,0.0,19.018730740519782,0.0,2600.0,0.0,0.0,0.0,57474.09999944414,0.0,1630.8000000002585,0.0,32030.199999674147,0.0,0.0,0.0,0.0,0.0,0.0,0.0,6406.040000000018,0.0,320302.0,0.0,176.0,0.0,326708.04000000085,0.0,0.0,0.0,770149.3176623703
915,2022-07-04,2022,True,32.50410958904109,975,975,1176,545833.5081523508,1700.0128089228315,66844,15,0.0,0.8185562973326439,0.1716314782522257,0.1515629481377189,0.0940886138372707,0.3836415885226691,0.9558461538461539,0.1027763530945635,744468.040471292,0,False,False,True,"{""0"":null,""1"":null,""2"":null,""3"":null}",975.0,902763.0,975.0,641579.0,975.0,641579.0,828.2403263519518,545833.5081523508,828.2403263519518,0.0,0.0,1700.0128089227946,771849.3304712931,0.0,19.018730740519782,4.0,2604.0,0.0,0.0,87.49999999872671,57561.599999442864,8.400000000005093,1639.2000000002636,48.749999999290594,32078.949999673438,0.0,0.0,0.0,0.0,0.0,0.0,9.75,6415.790000000018,487.5,320789.5,0.0,176.0,497.25,327205.29000000085,0.0,0.0,1700.0128089227946,771849.3304712931
916,2022-07-05,2022,True,32.50684931506849,976,976,1177,546662.5200233059,1611.2316226337584,66877,37,0.0,0.8370394960585508,0.14736749039276262,0.15161700975627057,0.09377648008400573,0.3838937199429228,0.9555276639344262,0.12906016033750042,745580.5120939257,0,False,False,True,"{""0"":null,""1"":null,""2"":null,""3"":null}",976.0,903739.0,976.0,642555.0,976.0,642555.0,829.011870955117,546662.5200233059,829.011870955117,0.0,0.0,1611.231622633757,773460.5620939268,0.0,19.018730740519782,4.0,2608.0,0.0,0.0,87.59999999872525,57649.19999944159,0.0,1639.2000000002636,48.79999999928987,32127.749999672727,0.0,0.0,0.0,0.0,0.0,0.0,9.760000000000218,6425.550000000018,488.0,321277.5,1.0,177.0,497.7600000000093,327703.05000000086,0.0,0.0,1611.231622633757,773460.5620939268
917,2022-07-06,2022,True,32.50958904109589,976,976,1177,547491.531894261,1523.7784687410344,66977,60,0.14152089605043622,0.8338942168115044,0.164766077332246,0.15170098483540084,0.09388793901178785,0.3838937199429228,0.9553176229508197,0.15336502709451383,746606.5305626667,0,False,False,True,"{""0"":null,""1"":null,""2"":null,""3"":null}",976.0,904715.0,976.0,643531.0,976.0,643531.0,829.011870955117,547491.531894261,829.011870955117,0.0,0.0,1523.7784687409876,774984.3405626678,0.14152089605043727,19.16025163657022,4.0,2612.0,0.0,0.0,87.59999999872525,57736.799999440314,0.0,1639.2000000002636,48.79999999928987,32176.549999672017,0.0,0.0,0.0,0.0,0.0,0.0,9.760000000000218,6435.310000000019,488.0,321765.5,0.0,177.0,497.7600000000093,328200.81000000087,0.0,0.0,1523.7784687409876,774984.3405626678
918,2022-07-07,2022,True,32.512328767123286,976,976,1178,548320.5366142443,1459.376554436564,67109,58,0.0,0.8156042663979172,0.18588050004092382,0.15182917807049093,0.09367593301750468,0.38397132968684655,0.9551229508196721,0.17575873413529003,747567.1471171032,0,False,False,True,"{""0"":null,""1"":null,""2"":null,""3"":null}",976.0,905691.0,976.0,644507.0,976.0,644507.0,829.0047199833207,548320.5366142443,829.0047199833207,0.0,0.0,1459.376554436516,776443.7171171043,0.0,19.16025163657022,4.0,2616.0,0.0,0.0,87.59999999872525,57824.39999943904,2.2500000000013642,1641.450000000265,48.79999999928987,32225.349999671307,0.0,0.0,0.0,0.0,0.0,0.0,9.760000000000218,6445.070000000019,488.0,322253.5,1.0,178.0,497.7600000000093,328698.5700000009,0.0,0.0,1459.376554436516,776443.7171171043
919,2022-07-08,2022,True,32.515068493150686,976,976,1178,549149.5413342277,1405.559523403104,67204,53,0.0,0.7765936004031242,0.23926411751395021,0.15185933211927066,0.09380532677995246,0.38397132968684655,0.9554200819672132,0.19647634512525083,748474.9466405063,0,False,False,True,"{""0"":null,""1"":null,""2"":null,""3"":null}",976.0,906667.0,976.0,645483.0,976.0,645483.0,829.0047199833207,549149.5413342277,829.0047199833207,0.0,0.0,1405.5595234030625,777849.2766405074,0.0,19.16025163657022,4.0,2620.0,0.0,0.0,87.59999999872525,57911.999999437765,3.300000000002001,1644.750000000267,48.79999999928987,32274.149999670597,0.0,0.0,0.0,0.0,0.0,0.0,9.760000000000218,6454.830000000019,488.0,322741.5,0.0,178.0,497.7600000000093,329196.3300000009,0.0,0.0,1405.5595234030625,777849.2766405074
920,2022-07-09,2022,False,32.51780821917808,976,0,1178,549149.5413342277,0.0,66363,53,0.0,,,0.15184739820640938,0.09390807045471002,0.38397132968684655,0.9564959016393442,0.122669196556281,748474.9466405063,0,False,False,True,"{""0"":null,""1"":null,""2"":null,""3"":null}",976.0,907643.0,0.0,645483.0,0.0,645483.0,0.0,549149.5413342277,0.0,0.0,0.0,0.0,777849.2766405074,0.0,19.16025163657022,0.0,2620.0,0.0,0.0,0.0,57911.999999437765,0.0,1644.750000000267,0.0,32274.149999670597,0.0,0.0,0.0,0.0,0.0,0.0,0.0,6454.830000000019,0.0,322741.5,0.0,178.0,0.0,329196.3300000009,0.0,0.0,0.0,777849.2766405074
921,2022-07-10,2022,False,32.52054794520548,975,0,1178,549149.5413342277,0.0,66363,53,0.0,,,0.1516001906188843,0.09350166264305236,0.38371919826659284,0.956451282051282,0.07488832013861868,748474.9466405063,0,False,False,True,"{""0"":null,""1"":null,""2"":null,""3"":null}",975.0,908618.0,0.0,645483.0,0.0,645483.0,0.0,549149.5413342277,0.0,0.0,0.0,0.0,777849.2766405074,0.0,19.16025163657022,0.0,2620.0,0.0,0.0,0.0,57911.999999437765,0.0,1644.750000000267,0.0,32274.149999670597,0.0,0.0,0.0,0.0,0.0,0.0,0.0,6454.830000000019,0.0,322741.5,0.0,178.0,0.0,329196.3300000009,0.0,0.0,0.0,777849.2766405074
922,2022-07-11,2022,True,32.52328767123288,975,975,1178,549977.7325048306,1691.8697487957297,67338,17,0.1643083624695305,0.8605237207208324,0.12114564712239251,0.1516001906188843,0.09350166264305237,0.38371919826659284,0.9556205128205129,0.10318103802469823,749669.566389302,0,False,False,True,"{""0"":null,""1"":null,""2"":null,""3"":null}",975.0,909593.0,975.0,646458.0,975.0,646458.0,828.1911706029205,549977.7325048306,828.1911706029205,0.0,0.0,1691.8697487957543,779541.1463893031,0.16430836246953007,19.32455999903975,4.0,2624.0,0.0,0.0,87.49999999872671,57999.49999943649,7.95000000000482,1652.7000000002718,48.749999999290594,32322.899999669888,0.0,0.0,0.0,0.0,0.0,0.0,9.75,6464.580000000019,487.5,323229.0,0.0,178.0,497.25,329693.5800000009,0.0,0.0,1691.8697487957543,779541.1463893031
923,2022-07-12,2022,True,32.52602739726027,977,977,1180,550807.7147082103,1577.491579918849,67378,33,0.0,0.8351313698926242,0.14704311331577938,0.15176792646388582,0.09239981231331894,0.38390446293034364,0.9549692937563972,0.12946234224486317,750746.7879692209,0,False,False,True,"{""0"":null,""1"":null,""2"":null,""3"":null}",977.0,910570.0,977.0,647435.0,977.0,647435.0,829.9822033797391,550807.7147082103,829.9822033797391,0.0,0.0,1577.4915799188893,781118.637969222,0.0,19.32455999903975,4.0,2628.0,0.0,0.0,87.6999999987238,58087.199999435215,0.0,1652.7000000002718,48.84999999928914,32371.749999669177,0.0,0.0,0.0,0.0,0.0,0.0,9.770000000000437,6474.3500000000195,488.5,323717.5,2.0,180.0,498.2700000000186,330191.8500000009,0.0,0.0,1577.4915799188893,781118.637969222
924,2022-07-13,2022,True,32.52876712328767,976,976,1180,551636.9949713085,1532.8991427322894,67485,45,0.020641625317294243,0.811456995265218,0.16921772449148373,0.15164131920120455,0.0922639273854571,0.38365233151008993,0.9548053278688524,0.15392475786322576,751781.9271119531,0,False,False,True,"{""0"":null,""1"":null,""2"":null,""3"":null}",976.0,911546.0,976.0,648411.0,976.0,648411.0,829.2802630981896,551636.9949713085,829.2802630981896,0.0,0.0,1532.8991427322617,782651.5371119543,0.020641625317292522,19.345201624357042,4.0,2632.0,0.0,0.0,87.59999999872525,58174.79999943394,0.0,1652.7000000002718,48.79999999928987,32420.549999668467,0.0,0.0,0.0,0.0,0.0,0.0,9.760000000000218,6484.11000000002,488.0,324205.5,0.0,180.0,497.7600000000093,330689.6100000009,0.0,0.0,1532.8991427322617,782651.5371119543
925,2022-07-14,2022,True,32.531506849315065,976,976,1180,552466.2752344067,1472.7175781582896,67597,47,0.0,0.8196707543571973,0.16695621156617363,0.15169502139919522,0.0924499437562024,0.38365233151008993,0.9548053278688524,0.17635975516158442,752756.8846901114,0,False,False,True,"{""0"":null,""1"":null,""2"":null,""3"":null}",976.0,912522.0,976.0,649387.0,976.0,649387.0,829.2802630981896,552466.2752344067,829.2802630981896,0.0,0.0,1472.7175781582482,784124.2546901125,0.0,19.345201624357042,4.0,2636.0,0.0,0.0,87.59999999872525,58262.399999432666,2.550000000001546,1655.2500000002733,48.79999999928987,32469.349999667756,0.0,0.0,0.0,0.0,0.0,0.0,9.760000000000218,6493.87000000002,488.0,324693.5,0.0,180.0,497.7600000000093,331187.3700000009,0.0,0.0,1472.7175781582482,784124.2546901125
926,2022-07-15,2022,True,32.534246575342465,976,976,1180,553295.5554975049,1437.807900636204,67691,58,0.0,0.798162518397361,0.1994721264724123,0.1516687662920159,0.0925500742201052,0.38365233151008993,0.9548463114754098,0.19709610481412257,753696.9325907476,0,False,False,True,"{""0"":null,""1"":null,""2"":null,""3"":null}",976.0,913498.0,976.0,650363.0,976.0,650363.0,829.2802630981896,553295.5554975049,829.2802630981896,0.0,0.0,1437.807900636224,785562.0625907488,0.0,19.345201624357042,4.0,2640.0,0.0,0.0,87.59999999872525,58349.99999943139,2.400000000001455,1657.6500000002748,48.79999999928987,32518.149999667046,0.0,0.0,0.0,0.0,0.0,0.0,9.760000000000218,6503.63000000002,488.0,325181.5,0.0,180.0,497.7600000000093,331685.13000000094,0.0,0.0,1437.807900636224,785562.0625907488
927,2022-07-16,2022,False,32.536986301369865,976,0,1181,553295.5554975049,0.0,66863,58,0.0,,,0.15163597658232708,0.09191444958426485,0.38333333333333336,0.9553842213114755,0.1231465509209969,753695.9325907476,0,False,False,True,"{""0"":null,""1"":null,""2"":null,""3"":null}",976.0,914474.0,0.0,650363.0,0.0,650363.0,0.0,553295.5554975049,0.0,0.0,0.0,0.0,785562.0625907488,0.0,19.345201624357042,0.0,2640.0,0.0,0.0,0.0,58349.99999943139,0.0,1657.6500000002748,0.0,32518.149999667046,0.0,0.0,0.0,0.0,0.0,0.0,0.0,6503.63000000002,0.0,325181.5,1.0,181.0,0.0,331685.13000000094,0.0,0.0,0.0,785562.0625907488
928,2022-07-17,2022,False,32.53972602739726,975,0,1181,553295.5554975049,0.0,66863,58,0.0,,,0.1518410073682465,0.09242509122939217,0.3834002000898363,0.9553384615384616,0.07537513351304921,753695.9325907476,0,False,False,True,"{""0"":null,""1"":null,""2"":null,""3"":null}",975.0,915449.0,0.0,650363.0,0.0,650363.0,0.0,553295.5554975049,0.0,0.0,0.0,0.0,785562.0625907488,0.0,19.345201624357042,0.0,2640.0,0.0,0.0,0.0,58349.99999943139,0.0,1657.6500000002748,0.0,32518.149999667046,0.0,0.0,0.0,0.0,0.0,0.0,0.0,6503.63000000002,0.0,325181.5,0.0,181.0,0.0,331685.13000000094,0.0,0.0,0.0,785562.0625907488
929,2022-07-18,2022,True,32.54246575342466,975,975,1181,554123.9236865449,1731.6608910146147,67838,14,0.0,0.8317563920933684,0.15206830902332194,0.1518410073682465,0.09242509122939217,0.3834002000898363,0.9543794871794872,0.1036171215493154,754930.3434817622,0,False,False,True,"{""0"":null,""1"":null,""2"":null,""3"":null}",975.0,916424.0,975.0,651338.0,975.0,651338.0,828.3681890399894,554123.9236865449,828.3681890399894,0.0,0.0,1731.660891014617,787293.7234817634,0.0,19.345201624357042,4.0,2644.0,0.0,0.0,87.49999999872671,58437.49999943012,8.700000000005275,1666.35000000028,48.749999999290594,32566.899999666337,0.0,0.0,0.0,0.0,0.0,0.0,9.75,6513.38000000002,487.5,325669.0,0.0,181.0,497.25,332182.38000000094,0.0,0.0,1731.660891014617,787293.7234817634
930,2022-07-19,2022,True,32.54520547945206,975,975,1181,554952.2918755849,1618.397372665256,67888,31,0.025870164996043197,0.8307613168724279,0.15249908122013967,0.15181278719603752,0.09251334712232986,0.3834002000898363,0.9549897435897436,0.12995108229602986,756051.4908544275,0,False,False,True,"{""0"":null,""1"":null,""2"":null,""3"":null}",975.0,917399.0,975.0,652313.0,975.0,652313.0,828.3681890399894,554952.2918755849,828.3681890399894,0.0,0.0,1618.397372665233,788912.1208544286,0.025870164996042888,19.371071789353085,4.0,2648.0,0.0,0.0,87.49999999872671,58524.999999428845,0.0,1666.35000000028,48.749999999290594,32615.649999665628,0.0,0.0,0.0,0.0,0.0,0.0,9.75,6523.13000000002,487.5,326156.5,0.0,181.0,497.25,332679.63000000094,0.0,0.0,1618.397372665233,788912.1208544286
931,2022-07-20,2022,True,32.54794520547945,975,975,1181,555780.6600646249,1544.0976503149814,67967,47,0.0,0.8184620184847872,0.16182966725107087,0.15176127678588608,0.09256833756869876,0.3834002000898363,0.9547641025641025,0.1543323433657966,757098.3385047425,0,False,False,True,"{""0"":null,""1"":null,""2"":null,""3"":null}",975.0,918374.0,975.0,653288.0,975.0,653288.0,828.3681890399894,555780.6600646249,828.3681890399894,0.0,0.0,1544.0976503150305,790456.2185047437,0.0,19.371071789353085,4.0,2652.0,0.0,0.0,87.49999999872671,58612.49999942757,0.0,1666.35000000028,48.749999999290594,32664.399999664918,0.0,0.0,0.0,0.0,0.0,0.0,9.75,6532.88000000002,487.5,326644.0,0.0,181.0,497.25,333176.88000000094,0.0,0.0,1544.0976503150305,790456.2185047437
932,2022-07-21,2022,True,32.55068493150685,974,974,1181,556608.192270813,1456.9525505878769,68091,56,0.0,0.8049214198618073,0.1966971590737554,0.1520046698800743,0.09279663299380543,0.38338945710241545,0.9547843942505134,0.17688407608993384,758058.5510553303,0,False,False,True,"{""0"":null,""1"":null,""2"":null,""3"":null}",974.0,919348.0,974.0,654262.0,974.0,654262.0,827.5322061881889,556608.192270813,827.5322061881889,0.0,0.0,1456.9525505878264,791913.1710553315,0.0,19.371071789353085,4.0,2656.0,0.0,0.0,87.39999999872816,58699.8999994263,2.1000000000012733,1668.4500000002813,48.69999999929132,32713.09999966421,0.0,0.0,0.0,0.0,0.0,0.0,9.739999999999782,6542.62000000002,487.0,327131.0,0.0,181.0,496.7399999999907,333673.6200000009,0.0,0.0,1456.9525505878264,791913.1710553315
933,2022-07-22,2022,True,32.553424657534244,975,975,1182,557436.597277296,1406.029510603605,68203,55,0.0,0.8072517274082103,0.1901950939247613,0.15207269402183782,0.0924525764545855,0.3836415885226691,0.9547589743589744,0.19751315380477066,758966.330565934,0,False,False,True,"{""0"":null,""1"":null,""2"":null,""3"":null}",975.0,920323.0,975.0,655237.0,975.0,655237.0,828.4050064829644,557436.597277296,828.4050064829644,0.0,0.0,1406.0295106036356,793319.2005659351,0.0,19.371071789353085,4.0,2660.0,0.0,0.0,87.49999999872671,58787.399999425026,2.550000000001546,1671.0000000002829,48.749999999290594,32761.8499996635,0.0,0.0,0.0,0.0,0.0,0.0,9.75,6552.37000000002,487.5,327618.5,1.0,182.0,497.25,334170.8700000009,0.0,0.0,1406.0295106036356,793319.2005659351
934,2022-07-23,2022,False,32.556164383561644,975,0,1182,557436.597277296,0.0,67363,55,0.0,,,0.15210110954891115,0.09259793038269826,0.3836415885226691,0.9559230769230769,0.12366933077651276,758966.330565934,0,False,False,True,"{""0"":null,""1"":null,""2"":null,""3"":null}",975.0,921298.0,0.0,655237.0,0.0,655237.0,0.0,557436.597277296,0.0,0.0,0.0,0.0,793319.2005659351,0.0,19.371071789353085,0.0,2660.0,0.0,0.0,0.0,58787.399999425026,0.0,1671.0000000002829,0.0,32761.8499996635,0.0,0.0,0.0,0.0,0.0,0.0,0.0,6552.37000000002,0.0,327618.5,0.0,182.0,0.0,334170.8700000009,0.0,0.0,0.0,793319.2005659351
935,2022-07-24,2022,False,32.558904109589044,974,0,1182,557436.597277296,0.0,67363,55,0.0,,,0.15229415245301137,0.09265179463453742,0.3838417690289964,0.9558778234086243,0.07587377634837973,758966.330565934,0,False,False,True,"{""0"":null,""1"":null,""2"":null,""3"":null}",974.0,922272.0,0.0,655237.0,0.0,655237.0,0.0,557436.597277296,0.0,0.0,0.0,0.0,793319.2005659351,0.0,19.371071789353085,0.0,2660.0,0.0,0.0,0.0,58787.399999425026,0.0,1671.0000000002829,0.0,32761.8499996635,0.0,0.0,0.0,0.0,0.0,0.0,0.0,6552.37000000002,0.0,327618.5,0.0,182.0,0.0,334170.8700000009,0.0,0.0,0.0,793319.2005659351
936,2022-07-25,2022,True,32.56164383561644,974,974,1182,558264.1630381343,1717.5867656131534,68332,17,0.06492636942280673,0.8572650027972553,0.13408737469975732,0.1522941524530114,0.09265179463453739,0.3838417690289964,0.9549075975359343,0.10409297724901719,760187.1773315471,0,False,False,True,"{""0"":null,""1"":null,""2"":null,""3"":null}",974.0,923246.0,974.0,656211.0,974.0,656211.0,827.5657608383335,558264.1630381343,827.5657608383335,0.0,0.0,1717.586765613174,795036.7873315483,0.06492636942280683,19.43599815877589,4.0,2664.0,0.0,0.0,87.39999999872816,58874.799999423754,8.250000000005002,1679.2500000002879,48.700000002383604,32810.549999665884,0.0,0.0,0.0,0.0,0.0,0.0,9.739999999999782,6562.11000000002,487.0,328105.5,0.0,182.0,496.7399999999907,334667.6100000009,0.0,0.0,1717.586765613174,795036.7873315483
937,2022-07-26,2022,True,32.56438356164384,974,974,1182,559091.7287989727,1626.3372297413569,68377,36,0.0,0.8418447169358185,0.1464971327293163,0.1523175578042582,0.09274105962937079,0.3838417690289964,0.955041067761807,0.13040070770465645,761316.7745612885,0,False,False,True,"{""0"":null,""1"":null,""2"":null,""3"":null}",974.0,924220.0,974.0,657185.0,974.0,657185.0,827.5657608383335,559091.7287989727,827.5657608383335,0.0,0.0,1626.337229741388,796663.1245612897,0.0,19.43599815877589,4.0,2668.0,0.0,0.0,87.39999999872816,58962.19999942248,0.0,1679.2500000002879,48.70000000283471,32859.24999966872,0.0,0.0,0.0,0.0,0.0,0.0,9.739999999999782,6571.8500000000195,487.0,328592.5,0.0,182.0,496.7399999999907,335164.3500000009,0.0,0.0,1626.337229741388,796663.1245612897
938,2022-07-27,2022,True,32.56712328767124,974,974,1182,559919.294559811,1541.567239546735,68483,51,0.0,0.8171012939561241,0.16774304259203832,0.1522846552647872,0.09285056145290675,0.3838417690289964,0.9549332648870636,0.15471781299944273,762361.6018008352,0,False,False,True,"{""0"":null,""1"":null,""2"":null,""3"":null}",974.0,925194.0,974.0,658159.0,974.0,658159.0,827.5657608383335,559919.294559811,827.5657608383335,0.0,0.0,1541.5672395466827,798204.6918008364,0.0,19.43599815877589,4.0,2672.0,0.0,0.0,87.39999999872816,59049.59999942121,0.0,1679.2500000002879,48.70000000283471,32907.94999967155,0.0,0.0,0.0,0.0,0.0,0.0,9.739999999999782,6581.590000000019,487.0,329079.5,0.0,182.0,496.7399999999907,335661.0900000009,0.0,0.0,1541.5672395466827,798204.6918008364
939,2022-07-28,2022,True,32.56986301369863,974,974,1182,560746.8603206493,1455.1492624111274,68591,52,0.0,0.8110898675503124,0.18703179715339768,0.15227905293829802,0.0929428326561225,0.3838417690289964,0.9547792607802875,0.17716879736133104,763320.0110632464,0,False,False,True,"{""0"":null,""1"":null,""2"":null,""3"":null}",974.0,926168.0,974.0,659133.0,974.0,659133.0,827.5657608383335,560746.8603206493,827.5657608383335,0.0,0.0,1455.1492624111706,799659.8410632475,0.0,19.43599815877589,4.0,2676.0,0.0,0.0,87.39999999872816,59136.99999941994,2.550000000001546,1681.8000000002894,48.70000000283471,32956.64999967439,0.0,0.0,0.0,0.0,0.0,0.0,9.739999999999782,6591.330000000019,487.0,329566.5,0.0,182.0,496.7399999999907,336157.8300000009,0.0,0.0,1455.1492624111706,799659.8410632475
940,2022-07-29,2022,True,32.57260273972603,973,973,1182,561573.4554661984,1403.9998395920052,68690,52,0.0,0.7851081559077614,0.218634122377686,0.15212757652015113,0.09354680465187927,0.3835896376087427,0.955005138746146,0.19793333676055055,764227.7809028385,0,False,False,True,"{""0"":null,""1"":null,""2"":null,""3"":null}",973.0,927141.0,973.0,660106.0,973.0,660106.0,826.5951455490431,561573.4554661984,826.5951455490431,0.0,0.0,1403.9998395920265,801063.8409028396,0.0,19.43599815877589,4.0,2680.0,0.0,0.0,87.29999999872962,59224.29999941867,2.850000000001728,1684.6500000002911,48.6500000028318,33005.29999967722,0.0,0.0,0.0,0.0,0.0,0.0,9.729999999999563,6601.060000000019,486.5,330053.0,0.0,182.0,496.2299999999814,336654.06000000087,0.0,0.0,1403.9998395920265,801063.8409028396
941,2022-07-30,2022,False,32.57534246575342,973,0,1182,561573.4554661984,0.0,67863,52,0.0,,,0.1521546044503002,0.0937137460839446,0.3835896376087427,0.956382322713258,0.12414763292742435,764227.7809028385,0,False,False,True,"{""0"":null,""1"":null,""2"":null,""3"":null}",973.0,928114.0,0.0,660106.0,0.0,660106.0,0.0,561573.4554661984,0.0,0.0,0.0,0.0,801063.8409028396,0.0,19.43599815877589,0.0,2680.0,0.0,0.0,0.0,59224.29999941867,0.0,1684.6500000002911,0.0,33005.29999967722,0.0,0.0,0.0,0.0,0.0,0.0,0.0,6601.060000000019,0.0,330053.0,0.0,182.0,0.0,336654.06000000087,0.0,0.0,0.0,801063.8409028396
942,2022-07-31,2022,False,32.57808219178082,973,0,1182,561573.4554661984,0.0,67863,52,0.0,,,0.15215460445030024,0.09371374608394459,0.3835896376087427,0.956382322713258,0.07614202610737017,764227.7809028385,0,False,False,True,"{""0"":null,""1"":null,""2"":null,""3"":null}",973.0,929087.0,0.0,660106.0,0.0,660106.0,0.0,561573.4554661984,0.0,0.0,0.0,0.0,801063.8409028396,0.0,19.43599815877589,0.0,2680.0,0.0,0.0,0.0,59224.29999941867,0.0,1684.6500000002911,0.0,33005.29999967722,0.0,0.0,0.0,0.0,0.0,0.0,0.0,6601.060000000019,0.0,330053.0,0.0,182.0,0.0,336654.06000000087,0.0,0.0,0.0,801063.8409028396
943,2022-08-01,2022,True,32.58082191780822,973,973,1182,562400.0506117474,1659.8591654916906,68842,16,0.0,0.8355426501598531,0.15739524390022014,0.1521546044503002,0.09371374608394459,0.3835896376087427,0.9556577595066804,0.10441930652421884,765391.4100683301,0,False,False,True,"{""0"":null,""1"":null,""2"":null,""3"":null}",973.0,930060.0,973.0,661079.0,973.0,661079.0,826.5951455490431,562400.0506117474,826.5951455490431,0.0,0.0,1659.8591654916527,802723.7000683312,0.0,19.43599815877589,4.0,2684.0,0.0,0.0,87.29999999872962,59311.5999994174,7.800000000004729,1692.4500000002959,48.6500000028318,33053.94999968005,0.0,0.0,0.0,0.0,0.0,0.0,9.729999999999563,6610.790000000018,486.5,330539.5,0.0,182.0,496.2299999999814,337150.29000000085,0.0,0.0,1659.8591654916527,802723.7000683312
944,2022-08-02,2022,True,32.583561643835615,973,973,1182,563226.6457572965,1649.7818528723383,68876,32,0.0,0.834632848105571,0.1501598102897206,0.15215472277134962,0.09384821074640604,0.3835896376087427,0.9560739979445015,0.13075996772138154,766544.9619212025,0,False,False,True,"{""0"":null,""1"":null,""2"":null,""3"":null}",973.0,931033.0,973.0,662052.0,973.0,662052.0,826.5951455490431,563226.6457572965,826.5951455490431,0.0,0.0,1649.7818528723437,804373.4819212036,0.0,19.43599815877589,4.0,2688.0,0.0,0.0,87.29999999872962,59398.89999941613,0.0,1692.4500000002959,48.6500000028318,33102.59999968288,0.0,0.0,0.0,0.0,0.0,0.0,9.729999999999563,6620.520000000018,486.5,331026.0,0.0,182.0,496.2299999999814,337646.52000000083,0.0,0.0,1649.7818528723437,804373.4819212036
945,2022-08-03,2022,True,32.586301369863016,973,973,1182,564053.2409028455,1555.399660510634,68986,45,0.08108060455314256,0.8355554043942589,0.15417599146061148,0.15219594427107366,0.09392129687379981,0.3835896376087427,0.9560020554984583,0.15515454428453015,767604.1315817131,0,False,False,True,"{""0"":null,""1"":null,""2"":null,""3"":null}",973.0,932006.0,973.0,663025.0,973.0,663025.0,826.5951455490431,564053.2409028455,826.5951455490431,0.0,0.0,1555.399660510593,805928.8815817141,0.08108060455314359,19.517078763329035,4.0,2692.0,0.0,0.0,87.29999999872962,59486.19999941486,0.0,1692.4500000002959,48.6500000028318,33151.249999685715,0.0,0.0,0.0,0.0,0.0,0.0,9.729999999999563,6630.250000000017,486.5,331512.5,0.0,182.0,496.2299999999814,338142.7500000008,0.0,0.0,1555.399660510593,805928.8815817141
946,2022-08-04,2022,True,32.58904109589041,975,975,1184,564881.552043175,1449.8775051793978,69076,56,0.26684799104093243,0.8134248788256666,0.18228844533020833,0.15201760613991414,0.09264013547682341,0.3836415885226691,0.9549846153846154,0.17748793664631402,768554.7590868925,0,False,False,True,"{""0"":null,""1"":null,""2"":null,""3"":null}",975.0,932981.0,975.0,664000.0,975.0,664000.0,828.3111403294606,564881.552043175,828.3111403294606,0.0,0.0,1449.8775051793782,807378.7590868935,0.26684799104093315,19.78392675436997,4.0,2696.0,0.0,0.0,87.49999999872671,59573.699999413584,2.400000000001455,1694.8500000002973,48.75000000283762,33199.99999968855,0.0,0.0,0.0,0.0,0.0,0.0,9.75,6640.000000000017,487.5,332000.0,2.0,184.0,497.25,338640.0000000008,0.0,0.0,1449.8775051793782,807378.7590868935
947,2022-08-05,2022,True,32.59178082191781,975,975,1184,565709.8631835044,1399.1372823925753,69193,53,0.0,0.8175103824214959,0.17797940210149624,0.15193601016983976,0.0927579374957556,0.3836415885226691,0.9552,0.19813748277165652,769456.6463692851,0,False,False,True,"{""0"":null,""1"":null,""2"":null,""3"":null}",975.0,933956.0,975.0,664975.0,975.0,664975.0,828.3111403294606,565709.8631835044,828.3111403294606,0.0,0.0,1399.1372823925922,808777.8963692861,0.0,19.78392675436997,4.0,2700.0,0.0,0.0,87.49999999872671,59661.19999941231,2.400000000001455,1697.2500000002988,48.75000000283762,33248.74999969139,0.0,0.0,0.0,0.0,0.0,0.0,9.75,6649.750000000017,487.5,332487.5,0.0,184.0,497.25,339137.2500000008,0.0,0.0,1399.1372823925922,808777.8963692861
948,2022-08-06,2022,False,32.59452054794521,975,0,1184,565709.8631835044,0.0,68363,53,0.0,,,0.15195342198770279,0.09290551722514377,0.3836415885226691,0.9563076923076923,0.12431681733286608,769456.6463692851,0,False,False,True,"{""0"":null,""1"":null,""2"":null,""3"":null}",975.0,934931.0,0.0,664975.0,0.0,664975.0,0.0,565709.8631835044,0.0,0.0,0.0,0.0,808777.8963692861,0.0,19.78392675436997,0.0,2700.0,0.0,0.0,0.0,59661.19999941231,0.0,1697.2500000002988,0.0,33248.74999969139,0.0,0.0,0.0,0.0,0.0,0.0,0.0,6649.750000000017,0.0,332487.5,0.0,184.0,0.0,339137.2500000008,0.0,0.0,0.0,808777.8963692861
949,2022-08-07,2022,False,32.5972602739726,975,0,1184,565709.8631835044,0.0,68363,53,0.0,,,0.1519534219877028,0.09290551722514376,0.3836415885226691,0.9563076923076923,0.07635072300597302,769456.6463692851,0,False,False,True,"{""0"":null,""1"":null,""2"":null,""3"":null}",975.0,935906.0,0.0,664975.0,0.0,664975.0,0.0,565709.8631835044,0.0,0.0,0.0,0.0,808777.8963692861,0.0,19.78392675436997,0.0,2700.0,0.0,0.0,0.0,59661.19999941231,0.0,1697.2500000002988,0.0,33248.74999969139,0.0,0.0,0.0,0.0,0.0,0.0,0.0,6649.750000000017,0.0,332487.5,0.0,184.0,0.0,339137.2500000008,0.0,0.0,0.0,808777.8963692861
950,2022-08-08,2022,True,32.6,975,975,1184,566538.1743238339,1738.151083229184,69334,16,0.0,0.8471728984236968,0.14526274108401305,0.1519534219877028,0.09290551722514376,0.3836415885226691,0.9554717948717949,0.10458650014996415,770697.5474525143,0,False,False,True,"{""0"":null,""1"":null,""2"":null,""3"":null}",975.0,936881.0,975.0,665950.0,975.0,665950.0,828.3111403294606,566538.1743238339,828.3111403294606,0.0,0.0,1738.151083229226,810516.0474525153,0.0,19.78392675436997,4.0,2704.0,0.0,0.0,87.49999999872671,59748.69999941104,7.95000000000482,1705.2000000003036,48.75000000283762,33297.49999969423,0.0,0.0,0.0,0.0,0.0,0.0,9.75,6659.500000000017,487.5,332975.0,0.0,184.0,497.25,339634.5000000008,0.0,0.0,1738.151083229226,810516.0474525153
951,2022-08-09,2022,True,32.602739726027394,974,974,1184,567365.5263531699,1641.4944856373472,69393,29,0.0,0.8213910716705053,0.15366512695106116,0.15166388072239598,0.09256983242201547,0.38338945710241545,0.9562320328542094,0.13067419074193998,771842.3019381516,0,False,False,True,"{""0"":null,""1"":null,""2"":null,""3"":null}",974.0,937855.0,974.0,666924.0,974.0,666924.0,827.3520293360343,567365.5263531699,827.3520293360343,0.0,0.0,1641.4944856372895,812157.5419381526,0.0,19.78392675436997,4.0,2708.0,0.0,0.0,87.39999999872816,59836.099999409766,0.0,1705.2000000003036,48.70000000283471,33346.19999969706,0.0,0.0,0.0,0.0,0.0,0.0,9.739999999999782,6669.240000000017,487.0,333462.0,0.0,184.0,496.7399999999907,340131.2400000008,0.0,0.0,1641.4944856372895,812157.5419381526
952,2022-08-10,2022,True,32.605479452054794,975,975,1185,568193.7307762208,1559.6232186201648,69482,48,0.3275626398568713,0.8389893452300308,0.1587717613864006,0.1517675178491889,0.09215658207834576,0.3836415885226691,0.9559538461538462,0.15495481497164795,772903.6751567718,0,False,False,True,"{""0"":null,""1"":null,""2"":null,""3"":null}",975.0,938830.0,975.0,667899.0,975.0,667899.0,828.2044230508618,568193.7307762208,828.2044230508618,0.0,0.0,1559.623218620196,813717.1651567728,0.32756263985687184,20.11148939422684,4.0,2712.0,0.0,0.0,87.49999999872671,59923.59999940849,0.0,1705.2000000003036,48.75000000283762,33394.9499996999,0.0,0.0,0.0,0.0,0.0,0.0,9.75,6678.990000000017,487.5,333949.5,1.0,185.0,497.25,340628.4900000008,0.0,0.0,1559.623218620196,813717.1651567728
953,2022-08-11,2022,True,32.608219178082194,974,974,1185,569021.0057676379,1473.1828717329686,69608,46,0.0,0.8408150539951571,0.14913236509486263,0.15167281927551782,0.09218687526427267,0.383708455279172,0.9561601642710472,0.17720781373565847,773880.1180285048,0,False,False,True,"{""0"":null,""1"":null,""2"":null,""3"":null}",974.0,939804.0,974.0,668873.0,974.0,668873.0,827.2749914170709,569021.0057676379,827.2749914170709,0.0,0.0,1473.1828717329772,815190.3480285058,0.0,20.11148939422684,4.0,2716.0,0.0,0.0,87.39999999872816,60010.99999940722,2.400000000001455,1707.600000000305,48.70000000283471,33443.649999702735,0.0,0.0,0.0,0.0,0.0,0.0,9.739999999999782,6688.730000000017,487.0,334436.5,0.0,185.0,496.7399999999907,341125.2300000008,0.0,0.0,1473.1828717329772,815190.3480285058
954,2022-08-12,2022,True,32.61095890410959,974,974,1185,569848.2807590549,1425.933676139618,69689,45,0.0,0.8121766785665728,0.1849243794241046,0.15164583736503678,0.09231114071332858,0.383708455279172,0.9562371663244353,0.1978356902103783,774809.3117046444,0,False,False,True,"{""0"":null,""1"":null,""2"":null,""3"":null}",974.0,940778.0,974.0,669847.0,974.0,669847.0,827.2749914170709,569848.2807590549,827.2749914170709,0.0,0.0,1425.933676139568,816616.2817046454,0.0,20.11148939422684,4.0,2720.0,0.0,0.0,87.39999999872816,60098.39999940595,1.9500000000011823,1709.5500000003062,48.70000000283471,33492.34999970557,0.0,0.0,0.0,0.0,0.0,0.0,9.739999999999782,6698.470000000017,487.0,334923.5,0.0,185.0,496.7399999999907,341621.9700000008,0.0,0.0,1425.933676139568,816616.2817046454
955,2022-08-13,2022,False,32.61369863013699,975,0,1186,569848.2807590549,0.0,68863,45,0.0,,,0.15156364216261767,0.09163231406733635,0.3836415885226691,0.9569538461538462,0.12405659351649007,774808.3117046444,0,False,False,True,"{""0"":null,""1"":null,""2"":null,""3"":null}",975.0,941753.0,0.0,669847.0,0.0,669847.0,0.0,569848.2807590549,0.0,0.0,0.0,0.0,816616.2817046454,0.0,20.11148939422684,0.0,2720.0,0.0,0.0,0.0,60098.39999940595,0.0,1709.5500000003062,0.0,33492.34999970557,0.0,0.0,0.0,0.0,0.0,0.0,0.0,6698.470000000017,0.0,334923.5,1.0,186.0,0.0,341621.9700000008,0.0,0.0,0.0,816616.2817046454
956,2022-08-14,2022,False,32.61643835616438,975,0,1186,569848.2807590549,0.0,68863,45,0.0,,,0.15156364216261767,0.09163231406733638,0.3836415885226691,0.9569538461538462,0.07618695408158146,774808.3117046444,0,False,False,True,"{""0"":null,""1"":null,""2"":null,""3"":null}",975.0,942728.0,0.0,669847.0,0.0,669847.0,0.0,569848.2807590549,0.0,0.0,0.0,0.0,816616.2817046454,0.0,20.11148939422684,0.0,2720.0,0.0,0.0,0.0,60098.39999940595,0.0,1709.5500000003062,0.0,33492.34999970557,0.0,0.0,0.0,0.0,0.0,0.0,0.0,6698.470000000017,0.0,334923.5,0.0,186.0,0.0,341621.9700000008,0.0,0.0,0.0,816616.2817046454
957,2022-08-15,2022,True,32.61917808219178,975,975,1186,570676.3878839836,1720.058664274695,69820,16,0.0,0.8400349490832778,0.15418617678424218,0.15156364216261767,0.09163231406733638,0.3836415885226691,0.9558974358974359,0.1044324661034559,776031.1203689191,0,False,False,True,"{""0"":null,""1"":null,""2"":null,""3"":null}",975.0,943703.0,975.0,670822.0,975.0,670822.0,828.1071249286178,570676.3878839836,828.1071249286178,0.0,0.0,1720.0586642747512,818336.3403689201,0.0,20.11148939422684,4.0,2724.0,0.0,0.0,87.49999999872671,60185.899999404675,6.750000000004093,1716.3000000003103,48.75000000283762,33541.09999970841,0.0,0.0,0.0,0.0,0.0,0.0,9.75,6708.220000000017,487.5,335411.0,0.0,186.0,497.25,342119.2200000008,0.0,0.0,1720.0586642747512,818336.3403689201
958,2022-08-16,2022,True,32.62191780821918,974,974,1187,571503.8863031915,1621.1795345905932,69877,36,0.0,0.8387797269101505,0.1541398996382429,0.15188676370683718,0.09178604313148542,0.3838417690289964,0.9566067761806981,0.13088582243547642,777154.5599035097,0,False,False,True,"{""0"":null,""1"":null,""2"":null,""3"":null}",974.0,944677.0,974.0,671796.0,974.0,671796.0,827.4984192079864,571503.8863031915,827.4984192079864,0.0,0.0,1621.1795345905703,819957.5199035107,0.0,20.11148939422684,4.0,2728.0,0.0,0.0,87.39999999872816,60273.2999994034,0.0,1716.3000000003103,48.70000000283471,33589.79999971124,0.0,0.0,0.0,0.0,0.0,0.0,9.739999999999782,6717.960000000016,487.0,335898.0,1.0,187.0,496.7399999999907,342615.9600000008,0.0,0.0,1621.1795345905703,819957.5199035107
959,2022-08-17,2022,True,32.62465753424657,976,976,1190,572333.1943236889,1567.4643208099674,69999,46,0.0,0.8453581530350822,0.15237147199666384,0.15106263317013346,0.08928470745603256,0.38352229837691537,0.9562397540983606,0.15497969155756988,778221.2642243196,0,False,False,True,"{""0"":null,""1"":null,""2"":null,""3"":null}",976.0,945653.0,976.0,672772.0,976.0,672772.0,829.308020497323,572333.1943236889,829.308020497323,0.0,0.0,1567.4643208099296,821524.9842243206,0.0,20.11148939422684,4.0,2732.0,0.0,0.0,87.59999999872525,60360.89999940213,0.0,1716.3000000003103,48.800000002840534,33638.59999971408,0.0,0.0,0.0,0.0,0.0,0.0,9.760000000000218,6727.720000000017,488.0,336386.0,3.0,190.0,497.7600000000093,343113.7200000008,0.0,0.0,1567.4643208099296,821524.9842243206
960,2022-08-18,2022,True,32.62739726027397,975,975,1190,573161.6579414528,1487.7609698044091,70098,41,0.0,0.8317636716017263,0.17088458648099997,0.15103607125906696,0.08920738076911332,0.38351155538949455,0.9563179487179487,0.17755711376480254,779211.775194124,0,False,False,True,"{""0"":null,""1"":null,""2"":null,""3"":null}",975.0,946628.0,975.0,673747.0,975.0,673747.0,828.4636177639477,573161.6579414528,828.4636177639477,0.0,0.0,1487.760969804367,823012.745194125,0.0,20.11148939422684,4.0,2736.0,0.0,0.0,87.49999999872671,60448.399999400855,2.400000000001455,1718.7000000003118,48.75000000283762,33687.34999971692,0.0,0.0,0.0,0.0,0.0,0.0,9.75,6737.470000000017,487.5,336873.5,0.0,190.0,497.25,343610.9700000008,0.0,0.0,1487.760969804367,823012.745194125
961,2022-08-19,2022,True,32.630136986301366,975,975,1190,573990.1215592168,1387.5300213505966,70204,40,0.0,0.8164654333484781,0.1717480858909089,0.15097906163145516,0.08933074140685146,0.38351155538949455,0.9564153846153846,0.19830409989854408,780102.0552154746,0,False,False,True,"{""0"":null,""1"":null,""2"":null,""3"":null}",975.0,947603.0,975.0,674722.0,975.0,674722.0,828.4636177639477,573990.1215592168,828.4636177639477,0.0,0.0,1387.530021350598,824400.2752154756,0.0,20.11148939422684,4.0,2740.0,0.0,0.0,87.49999999872671,60535.89999939958,3.000000000001819,1721.7000000003136,48.75000000283762,33736.09999971976,0.0,0.0,0.0,0.0,0.0,0.0,9.75,6747.220000000017,487.5,337361.0,0.0,190.0,497.25,344108.2200000008,0.0,0.0,1387.530021350598,824400.2752154756
962,2022-08-20,2022,False,32.632876712328766,975,0,1190,573990.1215592168,0.0,69363,40,0.0,,,0.15096462785353845,0.08948326382692048,0.38351155538949455,0.9572923076923077,0.12453528481612107,780102.0552154746,0,False,False,True,"{""0"":null,""1"":null,""2"":null,""3"":null}",975.0,948578.0,0.0,674722.0,0.0,674722.0,0.0,573990.1215592168,0.0,0.0,0.0,0.0,824400.2752154756,0.0,20.11148939422684,0.0,2740.0,0.0,0.0,0.0,60535.89999939958,0.0,1721.7000000003136,0.0,33736.09999971976,0.0,0.0,0.0,0.0,0.0,0.0,0.0,6747.220000000017,0.0,337361.0,0.0,190.0,0.0,344108.2200000008,0.0,0.0,0.0,824400.2752154756
963,2022-08-21,2022,False,32.635616438356166,975,0,1190,573990.1215592168,0.0,69363,40,0.0,,,0.15096462785353842,0.08948326382692048,0.38351155538949455,0.9572923076923077,0.07649619979285376,780102.0552154746,0,False,False,True,"{""0"":null,""1"":null,""2"":null,""3"":null}",975.0,949553.0,0.0,674722.0,0.0,674722.0,0.0,573990.1215592168,0.0,0.0,0.0,0.0,824400.2752154756,0.0,20.11148939422684,0.0,2740.0,0.0,0.0,0.0,60535.89999939958,0.0,1721.7000000003136,0.0,33736.09999971976,0.0,0.0,0.0,0.0,0.0,0.0,0.0,6747.220000000017,0.0,337361.0,0.0,190.0,0.0,344108.2200000008,0.0,0.0,0.0,824400.2752154756
964,2022-08-22,2022,True,32.63835616438356,975,975,1190,574818.5851769807,1728.551393979268,70326,14,0.0,0.8472462696722487,0.15186313857689515,0.15096462785353845,0.08948326382692051,0.38351155538949455,0.9564717948717948,0.1047468297429469,781333.3566094538,0,False,False,True,"{""0"":null,""1"":null,""2"":null,""3"":null}",975.0,950528.0,975.0,675697.0,975.0,675697.0,828.4636177639477,574818.5851769807,828.4636177639477,0.0,0.0,1728.551393979229,826128.8266094548,0.0,20.11148939422684,4.0,2744.0,0.0,0.0,87.49999999872671,60623.39999939831,6.000000000003638,1727.7000000003172,48.75000000283762,33784.849999722595,0.0,0.0,0.0,0.0,0.0,0.0,9.75,6756.970000000017,487.5,337848.5,0.0,190.0,497.25,344605.4700000008,0.0,0.0,1728.551393979229,826128.8266094548
965,2022-08-23,2022,True,32.64109589041096,975,975,1190,575647.0487947447,1610.642568790838,70393,25,0.0,0.840212527375541,0.16920645791229025,0.15097657657894908,0.08960221180419399,0.38351155538949455,0.9568923076923077,0.13112220068126013,782446.7491782446,0,False,False,True,"{""0"":null,""1"":null,""2"":null,""3"":null}",975.0,951503.0,975.0,676672.0,975.0,676672.0,828.4636177639477,575647.0487947447,828.4636177639477,0.0,0.0,1610.6425687908195,827739.4691782456,0.0,20.11148939422684,4.0,2748.0,0.0,0.0,87.49999999872671,60710.899999397036,0.0,1727.7000000003172,48.75000000283762,33833.59999972543,0.0,0.0,0.0,0.0,0.0,0.0,9.75,6766.720000000017,487.5,338336.0,0.0,190.0,497.25,345102.7200000008,0.0,0.0,1610.6425687908195,827739.4691782456
966,2022-08-24,2022,True,32.64383561643836,975,975,1190,576475.5124125086,1569.4861438693279,70489,38,0.022569010675520137,0.8400906591415741,0.15374192092916905,0.15095699446801203,0.0897076424424151,0.38351155538949455,0.9569897435897435,0.15550370106593916,783518.985322114,0,False,False,True,"{""0"":null,""1"":null,""2"":null,""3"":null}",975.0,952478.0,975.0,677647.0,975.0,677647.0,828.4636177639477,576475.5124125086,828.4636177639477,0.0,0.0,1569.4861438693479,829308.955322115,0.02256901067552164,20.134058404902362,4.0,2752.0,0.0,0.0,87.49999999872671,60798.39999939576,0.0,1727.7000000003172,48.75000000283762,33882.34999972827,0.0,0.0,0.0,0.0,0.0,0.0,9.75,6776.470000000017,487.5,338823.5,0.0,190.0,497.25,345599.9700000008,0.0,0.0,1569.4861438693479,829308.955322115
967,2022-08-25,2022,True,32.64657534246575,975,975,1190,577303.9760302725,1505.8927614991023,70603,35,0.14066879161473128,0.8112753631669802,0.17173056881303944,0.1509625832685711,0.08981947807314516,0.38351155538949455,0.9573948717948718,0.1779992949278736,784527.6280836131,0,False,False,True,"{""0"":null,""1"":null,""2"":null,""3"":null}",975.0,953453.0,975.0,678622.0,975.0,678622.0,828.4636177639477,577303.9760302725,828.4636177639477,0.0,0.0,1505.8927614991553,830814.8480836141,0.14066879161473267,20.274727196517095,4.0,2756.0,0.0,0.0,87.49999999872671,60885.89999939449,2.1000000000012733,1729.8000000003185,48.75000000283762,33931.09999973111,0.0,0.0,0.0,0.0,0.0,0.0,9.75,6786.220000000017,487.5,339311.0,0.0,190.0,497.25,346097.2200000008,0.0,0.0,1505.8927614991553,830814.8480836141
968,2022-08-26,2022,True,32.64931506849315,974,974,1190,578131.7300209566,1397.194098865462,70691,42,0.0,0.8018672696210771,0.19171043469072452,0.1509946812765163,0.08999391576843215,0.3835008124020737,0.9571457905544147,0.1989265950536292,785428.0821824786,0,False,False,True,"{""0"":null,""1"":null,""2"":null,""3"":null}",974.0,954427.0,974.0,679596.0,974.0,679596.0,827.7539906840539,578131.7300209566,827.7539906840539,0.0,0.0,1397.194098865497,832212.0421824796,0.0,20.274727196517095,4.0,2760.0,0.0,0.0,87.39999999872816,60973.29999939322,1.6500000000010004,1731.4500000003195,48.70000000283471,33979.79999973394,0.0,0.0,0.0,0.0,0.0,0.0,9.739999999999782,6795.960000000016,487.0,339798.0,0.0,190.0,496.7399999999907,346593.9600000008,0.0,0.0,1397.194098865497,832212.0421824796
969,2022-08-27,2022,False,32.652054794520545,974,0,1190,578131.7300209566,0.0,69863,42,0.0,,,0.15095140703131354,0.09005284674069722,0.3835008124020737,0.9580646817248459,0.1250706862163472,785428.0821824786,0,False,False,True,"{""0"":null,""1"":null,""2"":null,""3"":null}",974.0,955401.0,0.0,679596.0,0.0,679596.0,0.0,578131.7300209566,0.0,0.0,0.0,0.0,832212.0421824796,0.0,20.274727196517095,0.0,2760.0,0.0,0.0,0.0,60973.29999939322,0.0,1731.4500000003195,0.0,33979.79999973394,0.0,0.0,0.0,0.0,0.0,0.0,0.0,6795.960000000016,0.0,339798.0,0.0,190.0,0.0,346593.9600000008,0.0,0.0,0.0,832212.0421824796
970,2022-08-28,2022,False,32.654794520547945,974,0,1190,578131.7300209566,0.0,69863,42,0.0,,,0.15095140703131354,0.09005284674069722,0.3835008124020737,0.9580646817248459,0.07689072231171028,785428.0821824786,0,False,False,True,"{""0"":null,""1"":null,""2"":null,""3"":null}",974.0,956375.0,0.0,679596.0,0.0,679596.0,0.0,578131.7300209566,0.0,0.0,0.0,0.0,832212.0421824796,0.0,20.274727196517095,0.0,2760.0,0.0,0.0,0.0,60973.29999939322,0.0,1731.4500000003195,0.0,33979.79999973394,0.0,0.0,0.0,0.0,0.0,0.0,0.0,6795.960000000016,0.0,339798.0,0.0,190.0,0.0,346593.9600000008,0.0,0.0,0.0,832212.0421824796
971,2022-08-29,2022,True,32.657534246575345,975,975,1191,578960.3272179824,1746.4136038096494,70821,17,0.0,0.8422246208818449,0.14703045738286455,0.15092505393385097,0.0893481509251051,0.38351155538949455,0.9569641025641026,0.10522519033597377,786676.2457862883,0,False,False,True,"{""0"":null,""1"":null,""2"":null,""3"":null}",975.0,957350.0,975.0,680571.0,975.0,680571.0,828.5971970257815,578960.3272179824,828.5971970257815,0.0,0.0,1746.4136038096622,833958.4557862893,0.0,20.274727196517095,4.0,2764.0,0.0,0.0,87.49999999872671,61060.799999391944,6.30000000000382,1737.7500000003233,48.75000000283762,34028.54999973678,0.0,0.0,0.0,0.0,0.0,0.0,9.75,6805.710000000016,487.5,340285.5,1.0,191.0,497.25,347091.2100000008,0.0,0.0,1746.4136038096622,833958.4557862893
972,2022-08-30,2022,True,32.66027397260274,975,975,1191,579788.9244150082,1587.4729127064904,70876,32,0.0,0.8349268164379998,0.15263446060667935,0.15093956176967982,0.08952076061198928,0.38351155538949455,0.9568615384615384,0.13156863614224482,787766.4686989947,0,False,False,True,"{""0"":null,""1"":null,""2"":null,""3"":null}",975.0,958325.0,975.0,681546.0,975.0,681546.0,828.5971970257815,579788.9244150082,828.5971970257815,0.0,0.0,1587.4729127064347,835545.9286989957,0.0,20.274727196517095,4.0,2768.0,0.0,0.0,87.49999999872671,61148.29999939067,0.0,1737.7500000003233,48.75000000283762,34077.29999973962,0.0,0.0,0.0,0.0,0.0,0.0,9.75,6815.460000000016,487.5,340773.0,0.0,191.0,497.25,347588.4600000008,0.0,0.0,1587.4729127064347,835545.9286989957
973,2022-08-31,2022,True,32.66301369863014,975,975,1191,580617.521612034,1566.0229672147539,70987,54,0.10162962771004976,0.8215552715416912,0.16882742976995058,0.15092226486613292,0.08962039223429806,0.38351155538949455,0.9568410256410256,0.1558999972047033,788835.2416662094,0,False,False,True,"{""0"":null,""1"":null,""2"":null,""3"":null}",975.0,959300.0,975.0,682521.0,975.0,682521.0,828.5971970257815,580617.521612034,828.5971970257815,0.0,0.0,1566.022967214696,837111.9516662104,0.10162962771005013,20.376356824227145,4.0,2772.0,0.0,0.0,87.49999999872671,61235.7999993894,0.0,1737.7500000003233,48.75000000283762,34126.049999742456,0.0,0.0,0.0,0.0,0.0,0.0,9.75,6825.210000000016,487.5,341260.5,0.0,191.0,497.25,348085.7100000008,0.0,0.0,1566.022967214696,837111.9516662104
974,2022-09-01,2022,True,32.66575342465754,975,975,1191,581446.1188090597,1483.3284747304388,71096,56,0.0,0.8123500361784342,0.18621035614852915,0.15094936615061963,0.0897854117624125,0.38351155538949455,0.9568974358974359,0.17840092821528042,789821.3201409399,0,False,False,True,"{""0"":null,""1"":null,""2"":null,""3"":null}",975.0,960275.0,975.0,683496.0,975.0,683496.0,828.5971970257815,581446.1188090597,828.5971970257815,0.0,0.0,1483.328474730486,838595.2801409409,0.0,20.376356824227145,4.0,2776.0,0.0,0.0,87.49999999872671,61323.299999388124,2.550000000001546,1740.3000000003249,48.75000000283762,34174.79999974529,0.0,0.0,0.0,0.0,0.0,0.0,9.75,6834.960000000016,487.5,341748.0,0.0,191.0,497.25,348582.9600000008,0.0,0.0,1483.328474730486,838595.2801409409
975,2022-09-02,2022,True,32.66849315068493,975,975,1191,582274.7160060855,1408.7988195712157,71196,61,0.0,0.7959559382722441,0.2039736085021253,0.15093917433492485,0.08987124576104195,0.38351155538949455,0.9569282051282051,0.19916826408143443,790732.8689605112,0,False,False,True,"{""0"":null,""1"":null,""2"":null,""3"":null}",975.0,961250.0,975.0,684471.0,975.0,684471.0,828.5971970257815,582274.7160060855,828.5971970257815,0.0,0.0,1408.7988195712678,840004.0789605122,0.0,20.376356824227145,4.0,2780.0,0.0,0.0,87.49999999872671,61410.79999938685,2.2500000000013642,1742.5500000003262,48.75000000283762,34223.54999974813,0.0,0.0,0.0,0.0,0.0,0.0,9.75,6844.710000000016,487.5,342235.5,0.0,191.0,497.25,349080.2100000008,0.0,0.0,1408.7988195712678,840004.0789605122
976,2022-09-03,2022,False,32.67123287671233,975,0,1191,582274.7160060855,0.0,70363,61,0.0,,,0.15095314257544523,0.08999864299628078,0.38351155538949455,0.9578,0.1252470531928123,790732.8689605112,0,False,False,True,"{""0"":null,""1"":null,""2"":null,""3"":null}",975.0,962225.0,0.0,684471.0,0.0,684471.0,0.0,582274.7160060855,0.0,0.0,0.0,0.0,840004.0789605122,0.0,20.376356824227145,0.0,2780.0,0.0,0.0,0.0,61410.79999938685,0.0,1742.5500000003262,0.0,34223.54999974813,0.0,0.0,0.0,0.0,0.0,0.0,0.0,6844.710000000016,0.0,342235.5,0.0,191.0,0.0,349080.2100000008,0.0,0.0,0.0,840004.0789605122
977,2022-09-04,2022,False,32.673972602739724,977,0,1193,582274.7160060855,0.0,70363,61,0.0,,,0.15102859300283938,0.08875988671175228,0.3836968200532453,0.9572722620266121,0.0769727179945597,790730.8689605112,0,False,False,True,"{""0"":null,""1"":null,""2"":null,""3"":null}",977.0,963202.0,0.0,684471.0,0.0,684471.0,0.0,582274.7160060855,0.0,0.0,0.0,0.0,840004.0789605122,0.0,20.376356824227145,0.0,2780.0,0.0,0.0,0.0,61410.79999938685,0.0,1742.5500000003262,0.0,34223.54999974813,0.0,0.0,0.0,0.0,0.0,0.0,0.0,6844.710000000016,0.0,342235.5,2.0,193.0,0.0,349080.2100000008,0.0,0.0,0.0,840004.0789605122
978,2022-09-05,2022,True,32.676712328767124,976,976,1193,583103.8788471816,1730.792486797996,71334,17,0.0,0.8411127647102737,0.1496656649088939,0.1511699316233745,0.08876645969145448,0.3838937199429228,0.9562141393442622,0.10496458426974345,791963.9014473092,0,False,False,True,"{""0"":null,""1"":null,""2"":null,""3"":null}",976.0,964178.0,976.0,685447.0,976.0,685447.0,829.1628410960548,583103.8788471816,829.1628410960548,0.0,0.0,1730.7924867980182,841734.8714473102,0.0,20.376356824227145,4.0,2784.0,0.0,0.0,87.59999999872525,61498.399999385576,9.150000000005548,1751.7000000003318,48.800000002840534,34272.34999975097,0.0,0.0,0.0,0.0,0.0,0.0,9.760000000000218,6854.470000000017,488.0,342723.5,0.0,193.0,497.7600000000093,349577.9700000008,0.0,0.0,1730.7924867980182,841734.8714473102
979,2022-09-06,2022,True,32.679452054794524,976,976,1193,583933.0416882776,1638.0691803528464,71376,34,0.09611624274083856,0.8186684855489412,0.15859737168608154,0.1511489710736164,0.08889772450119354,0.3838937199429228,0.9564651639344263,0.13128272041332556,793104.210627662,0,False,False,True,"{""0"":null,""1"":null,""2"":null,""3"":null}",976.0,965154.0,976.0,686423.0,976.0,686423.0,829.1628410960548,583933.0416882776,829.1628410960548,0.0,0.0,1638.0691803528462,843372.940627663,0.09611624274083752,20.472473066967982,4.0,2788.0,0.0,0.0,87.59999999872525,61585.9999993843,0.0,1751.7000000003318,48.800000002840534,34321.14999975381,0.0,0.0,0.0,0.0,0.0,0.0,9.760000000000218,6864.230000000017,488.0,343211.5,0.0,193.0,497.7600000000093,350075.7300000008,0.0,0.0,1638.0691803528462,843372.940627663
980,2022-09-07,2022,True,32.68219178082192,976,976,1193,584762.2045293737,1558.8700873406017,71487,52,0.0,0.8156028716865421,0.1694872670568756,0.15111324892225492,0.08902126196698355,0.3838937199429228,0.956577868852459,0.15563803903334947,794165.3207150026,0,False,False,True,"{""0"":null,""1"":null,""2"":null,""3"":null}",976.0,966130.0,976.0,687399.0,976.0,687399.0,829.1628410960548,584762.2045293737,829.1628410960548,0.0,0.0,1558.8700873405905,844931.8107150036,0.0,20.472473066967982,4.0,2792.0,0.0,0.0,87.59999999872525,61673.59999938303,0.0,1751.7000000003318,48.800000002840534,34369.94999975665,0.0,0.0,0.0,0.0,0.0,0.0,9.760000000000218,6873.990000000017,488.0,343699.5,0.0,193.0,497.7600000000093,350573.4900000008,0.0,0.0,1558.8700873405905,844931.8107150036
981,2022-09-08,2022,True,32.68493150684932,977,977,1194,585592.3387581939,1514.5942734490818,71611,50,0.0,0.8312152133580705,0.15434811455041136,0.15122069965844528,0.0887108108254556,0.38414585136317647,0.9565916069600819,0.17805109166754068,795180.6449884516,0,False,False,True,"{""0"":null,""1"":null,""2"":null,""3"":null}",977.0,967107.0,977.0,688376.0,977.0,688376.0,830.134228820214,585592.3387581939,830.134228820214,0.0,0.0,1514.5942734490382,846446.4049884527,0.0,20.472473066967982,4.0,2796.0,0.0,0.0,87.6999999987238,61761.29999938175,2.550000000001546,1754.2500000003333,48.850000002843444,34418.799999759496,0.0,0.0,0.0,0.0,0.0,0.0,9.770000000000437,6883.7600000000175,488.5,344188.0,1.0,194.0,498.2700000000186,351071.7600000008,0.0,0.0,1514.5942734490382,846446.4049884527
982,2022-09-09,2022,True,32.68767123287671,978,978,1195,586423.2112084543,1430.8403677977005,71707,45,0.0,0.8160069974371527,0.1739254998547193,0.15096355055549282,0.08789586132157633,0.38394895147349895,0.9566820040899795,0.19866142096601722,796111.7053562492,0,False,False,True,"{""0"":null,""1"":null,""2"":null,""3"":null}",978.0,968085.0,978.0,689354.0,978.0,689354.0,830.8724502604455,586423.2112084543,830.8724502604455,0.0,0.0,1430.8403677976457,847877.2453562503,0.0,20.472473066967982,4.0,2800.0,0.0,0.0,87.79999999872234,61849.09999938047,2.550000000001546,1756.8000000003349,48.900000002846355,34467.69999976234,0.0,0.0,0.0,0.0,0.0,0.0,9.779999999999745,6893.540000000017,489.0,344677.0,1.0,195.0,498.78000000002794,351570.54000000085,0.0,0.0,1430.8403677976457,847877.2453562503
983,2022-09-10,2022,False,32.69041095890411,978,0,1195,586423.2112084543,0.0,70863,45,0.0,,,0.1509258429499649,0.0880618966705448,0.38394895147349895,0.9575511247443763,0.12487329781117001,796111.7053562492,0,False,False,True,"{""0"":null,""1"":null,""2"":null,""3"":null}",978.0,969063.0,0.0,689354.0,0.0,689354.0,0.0,586423.2112084543,0.0,0.0,0.0,0.0,847877.2453562503,0.0,20.472473066967982,0.0,2800.0,0.0,0.0,0.0,61849.09999938047,0.0,1756.8000000003349,0.0,34467.69999976234,0.0,0.0,0.0,0.0,0.0,0.0,0.0,6893.540000000017,0.0,344677.0,0.0,195.0,0.0,351570.54000000085,0.0,0.0,0.0,847877.2453562503
984,2022-09-11,2022,False,32.69315068493151,979,0,1196,586423.2112084543,0.0,70863,45,0.0,,,0.15088838109709557,0.08732562631245579,0.3839596944609198,0.9572880490296221,0.07684911150805113,796110.7053562492,0,False,False,True,"{""0"":null,""1"":null,""2"":null,""3"":null}",979.0,970042.0,0.0,689354.0,0.0,689354.0,0.0,586423.2112084543,0.0,0.0,0.0,0.0,847877.2453562503,0.0,20.472473066967982,0.0,2800.0,0.0,0.0,0.0,61849.09999938047,0.0,1756.8000000003349,0.0,34467.69999976234,0.0,0.0,0.0,0.0,0.0,0.0,0.0,6893.540000000017,0.0,344677.0,1.0,196.0,0.0,351570.54000000085,0.0,0.0,0.0,847877.2453562503
985,2022-09-12,2022,True,32.6958904109589,980,980,1197,587255.6830007114,1711.5495821507714,71835,15,0.0,0.8398028883684622,0.1494727974261849,0.15094556942301005,0.08651786927065214,0.3838928277044169,0.9561938775510205,0.10510840961055737,797321.4549384,0,False,False,True,"{""0"":null,""1"":null,""2"":null,""3"":null}",980.0,971022.0,980.0,690334.0,980.0,690334.0,832.4717922570417,587255.6830007114,832.4717922570417,0.0,0.0,1711.5495821507648,849588.7949384011,0.0,20.472473066967982,4.0,2804.0,0.0,0.0,87.99999999871943,61937.09999937919,6.750000000004093,1763.550000000339,49.000000002852175,34516.699999765195,0.0,0.0,0.0,0.0,0.0,0.0,9.800000000000182,6903.340000000017,490.0,345167.0,1.0,197.0,499.79999999998836,352070.34000000084,0.0,0.0,1711.5495821507648,849588.7949384011
986,2022-09-13,2022,True,32.6986301369863,979,979,1197,588087.3775213045,1620.5532139742866,71880,34,0.0,0.833559093369455,0.14213271545378434,0.15080128346146376,0.08639865544235306,0.3836406962841632,0.9562104187946885,0.13147016180654744,798442.7181523743,0,False,False,True,"{""0"":null,""1"":null,""2"":null,""3"":null}",979.0,972001.0,979.0,691313.0,979.0,691313.0,831.6945205931552,588087.3775213045,831.6945205931552,0.0,0.0,1620.5532139743445,851209.3481523754,0.0,20.472473066967982,4.0,2808.0,0.0,0.0,87.89999999872089,62024.99999937791,0.0,1763.550000000339,48.950000002849265,34565.649999768044,0.0,0.0,0.0,0.0,0.0,0.0,9.789999999999964,6913.130000000017,489.5,345656.5,0.0,197.0,499.28999999997905,352569.6300000008,0.0,0.0,1620.5532139743445,851209.3481523754
987,2022-09-14,2022,True,32.701369863013696,979,979,1197,588919.0720418977,1576.7127712481044,71990,48,0.0,0.819256481081037,0.1598542671090541,0.15079700923833905,0.08655103890357863,0.3836406962841632,0.9560367722165475,0.1557652704999954,799520.1409236223,0,False,False,True,"{""0"":null,""1"":null,""2"":null,""3"":null}",979.0,972980.0,979.0,692292.0,979.0,692292.0,831.6945205931552,588919.0720418977,831.6945205931552,0.0,0.0,1576.7127712480724,852786.0609236235,0.0,20.472473066967982,4.0,2812.0,0.0,0.0,87.89999999872089,62112.899999376634,0.0,1763.550000000339,48.950000002849265,34614.59999977089,0.0,0.0,0.0,0.0,0.0,0.0,9.789999999999964,6922.920000000017,489.5,346146.0,0.0,197.0,499.28999999997905,353068.9200000008,0.0,0.0,1576.7127712480724,852786.0609236235
988,2022-09-15,2022,True,32.704109589041096,978,978,1197,589749.9505755537,1505.3262378416136,72099,48,0.0,0.8149102087560038,0.16137886029596232,0.1507403892413785,0.08662038092646843,0.3837075630406661,0.9560071574642127,0.17818014721867925,800526.6871614639,0,False,False,True,"{""0"":null,""1"":null,""2"":null,""3"":null}",978.0,973958.0,978.0,693270.0,978.0,693270.0,830.8785336560104,589749.9505755537,830.8785336560104,0.0,0.0,1505.3262378416257,854291.3871614651,0.0,20.472473066967982,4.0,2816.0,0.0,0.0,87.79999999872234,62200.699999375356,2.2500000000013642,1765.8000000003403,48.900000002846355,34663.49999977374,0.0,0.0,0.0,0.0,0.0,0.0,9.779999999999745,6932.700000000017,489.0,346635.0,0.0,197.0,498.78000000002794,353567.7000000008,0.0,0.0,1505.3262378416257,854291.3871614651
989,2022-09-16,2022,True,32.706849315068496,978,978,1197,590580.8291092097,1408.363112770266,72207,43,0.0,0.7996659642181592,0.18774139831486977,0.15079173215270977,0.08676168127771822,0.3837075630406661,0.956319018404908,0.19882433047861306,801436.2702742341,0,False,False,True,"{""0"":null,""1"":null,""2"":null,""3"":null}",978.0,974936.0,978.0,694248.0,978.0,694248.0,830.8785336560104,590580.8291092097,830.8785336560104,0.0,0.0,1408.3631127702538,855699.7502742354,0.0,20.472473066967982,4.0,2820.0,0.0,0.0,87.79999999872234,62288.49999937408,2.850000000001728,1768.650000000342,48.900000002846355,34712.399999776586,0.0,0.0,0.0,0.0,0.0,0.0,9.779999999999745,6942.480000000017,489.0,347124.0,0.0,197.0,498.78000000002794,354066.48000000085,0.0,0.0,1408.3631127702538,855699.7502742354
990,2022-09-17,2022,False,32.70958904109589,978,0,1197,590580.8291092097,0.0,71363,43,0.0,,,0.15081142014279345,0.08685734578908577,0.3837075630406661,0.9572648261758692,0.12515742622326692,801436.2702742341,0,False,False,True,"{""0"":null,""1"":null,""2"":null,""3"":null}",978.0,975914.0,0.0,694248.0,0.0,694248.0,0.0,590580.8291092097,0.0,0.0,0.0,0.0,855699.7502742354,0.0,20.472473066967982,0.0,2820.0,0.0,0.0,0.0,62288.49999937408,0.0,1768.650000000342,0.0,34712.399999776586,0.0,0.0,0.0,0.0,0.0,0.0,0.0,6942.480000000017,0.0,347124.0,0.0,197.0,0.0,354066.48000000085,0.0,0.0,0.0,855699.7502742354
991,2022-09-18,2022,False,32.71232876712329,976,0,1197,590580.8291092097,0.0,71363,43,0.0,,,0.15115416126153997,0.0869325961706824,0.3838937199429228,0.9571772540983607,0.07661522405273286,801436.2702742341,0,False,False,True,"{""0"":null,""1"":null,""2"":null,""3"":null}",976.0,976890.0,0.0,694248.0,0.0,694248.0,0.0,590580.8291092097,0.0,0.0,0.0,0.0,855699.7502742354,0.0,20.472473066967982,0.0,2820.0,0.0,0.0,0.0,62288.49999937408,0.0,1768.650000000342,0.0,34712.399999776586,0.0,0.0,0.0,0.0,0.0,0.0,0.0,6942.480000000017,0.0,347124.0,0.0,197.0,0.0,354066.48000000085,0.0,0.0,0.0,855699.7502742354
992,2022-09-19,2022,True,32.71506849315068,976,976,1197,591409.8978547751,1772.750059422732,72332,12,0.0,0.8441738855141027,0.14132637092894593,0.15115416126153994,0.0869325961706824,0.3838937199429228,0.9564805327868853,0.10486995549936748,802711.2603336568,0,False,False,True,"{""0"":null,""1"":null,""2"":null,""3"":null}",976.0,977866.0,976.0,695224.0,976.0,695224.0,829.0687455653679,591409.8978547751,829.0687455653679,0.0,0.0,1772.7500594226876,857472.5003336581,0.0,20.472473066967982,4.0,2824.0,0.0,0.0,87.59999999872525,62376.099999372804,6.450000000003911,1775.100000000346,48.800000002840534,34761.19999977943,0.0,0.0,0.0,0.0,0.0,0.0,9.760000000000218,6952.240000000017,488.0,347612.0,0.0,197.0,497.7600000000093,354564.24000000086,0.0,0.0,1772.7500594226876,857472.5003336581
993,2022-09-20,2022,True,32.71780821917808,976,976,1197,592238.9666003404,1636.2784331092912,72383,27,0.0,0.8370645880625655,0.14327692125961106,0.15113888658219202,0.08708826362929585,0.3838937199429228,0.9564959016393442,0.13114399641490676,803849.7787667661,0,False,False,True,"{""0"":null,""1"":null,""2"":null,""3"":null}",976.0,978842.0,976.0,696200.0,976.0,696200.0,829.0687455653679,592238.9666003404,829.0687455653679,0.0,0.0,1636.2784331092844,859108.7787667674,0.0,20.472473066967982,4.0,2828.0,0.0,0.0,87.59999999872525,62463.69999937153,0.0,1775.100000000346,48.800000002840534,34809.99999978227,0.0,0.0,0.0,0.0,0.0,0.0,9.760000000000218,6962.000000000017,488.0,348100.0,0.0,197.0,497.7600000000093,355062.0000000009,0.0,0.0,1636.2784331092844,859108.7787667674
994,2022-09-21,2022,True,32.72054794520548,977,977,1198,593068.741038648,1543.0206348973338,72481,48,0.056815819687575216,0.8290546304669227,0.159149900577409,0.15075243521180542,0.08622158340735878,0.3836968200532453,0.9560644831115661,0.15535441340842962,804893.5294016633,0,False,False,True,"{""0"":null,""1"":null,""2"":null,""3"":null}",977.0,979819.0,977.0,697177.0,977.0,697177.0,829.7744383075042,593068.741038648,829.7744383075042,0.0,0.0,1543.020634897286,860651.7994016646,0.05681581968757499,20.529288886655557,4.0,2832.0,0.0,0.0,87.6999999987238,62551.39999937025,0.0,1775.100000000346,48.850000002843444,34858.84999978511,0.0,0.0,0.0,0.0,0.0,0.0,9.770000000000437,6971.770000000018,488.5,348588.5,1.0,198.0,498.2700000000186,355560.2700000009,0.0,0.0,1543.020634897286,860651.7994016646
995,2022-09-22,2022,True,32.723287671232875,976,976,1198,593897.5711427968,1471.351080125309,72603,49,0.0,0.8063527008948119,0.17853171499238418,0.1507848816916694,0.0866013115135302,0.3837636868097482,0.9562295081967213,0.17773813356908275,805867.1204817886,0,False,False,True,"{""0"":null,""1"":null,""2"":null,""3"":null}",976.0,980795.0,976.0,698153.0,976.0,698153.0,828.8301041488303,593897.5711427968,828.8301041488303,0.0,0.0,1471.3510801253142,862123.15048179,0.0,20.529288886655557,4.0,2836.0,0.0,0.0,87.59999999872525,62638.99999936898,1.8000000000010914,1776.900000000347,48.800000002840534,34907.64999978795,0.0,0.0,0.0,0.0,0.0,0.0,9.760000000000218,6981.530000000018,488.0,349076.5,0.0,198.0,497.7600000000093,356058.0300000009,0.0,0.0,1471.3510801253142,862123.15048179
996,2022-09-23,2022,True,32.726027397260275,976,976,1198,594726.4012469456,1433.762323225027,72699,56,0.09604535350018234,0.8126389719885655,0.18514161642035365,0.15076563099801182,0.08676197071902561,0.3837636868097482,0.9564549180327869,0.19840337863562085,806803.1228050137,0,False,False,True,"{""0"":null,""1"":null,""2"":null,""3"":null}",976.0,981771.0,976.0,699129.0,976.0,699129.0,828.8301041488303,594726.4012469456,828.8301041488303,0.0,0.0,1433.7623232250335,863556.912805015,0.09604535350018395,20.62533424015574,4.0,2840.0,0.0,0.0,87.59999999872525,62726.5999993677,2.2500000000013642,1779.1500000003484,48.800000002840534,34956.44999979079,0.0,0.0,0.0,0.0,0.0,0.0,9.760000000000218,6991.290000000018,488.0,349564.5,0.0,198.0,497.7600000000093,356555.7900000009,0.0,0.0,1433.7623232250335,863556.912805015
997,2022-09-24,2022,False,32.72876712328767,976,0,1198,594726.4012469456,0.0,71863,56,0.0,,,0.15080511176218822,0.0868566602627631,0.3837636868097482,0.9574129098360655,0.124858789924392,806803.1228050137,0,False,False,True,"{""0"":null,""1"":null,""2"":null,""3"":null}",976.0,982747.0,0.0,699129.0,0.0,699129.0,0.0,594726.4012469456,0.0,0.0,0.0,0.0,863556.912805015,0.0,20.62533424015574,0.0,2840.0,0.0,0.0,0.0,62726.5999993677,0.0,1779.1500000003484,0.0,34956.44999979079,0.0,0.0,0.0,0.0,0.0,0.0,0.0,6991.290000000018,0.0,349564.5,0.0,198.0,0.0,356555.7900000009,0.0,0.0,0.0,863556.912805015
998,2022-09-25,2022,False,32.73150684931507,976,0,1198,594726.4012469456,0.0,71863,56,0.0,,,0.15080511176218822,0.08685666026276312,0.3837636868097482,0.9574129098360655,0.0769344880822244,806803.1228050137,0,False,False,True,"{""0"":null,""1"":null,""2"":null,""3"":null}",976.0,983723.0,0.0,699129.0,0.0,699129.0,0.0,594726.4012469456,0.0,0.0,0.0,0.0,863556.912805015,0.0,20.62533424015574,0.0,2840.0,0.0,0.0,0.0,62726.5999993677,0.0,1779.1500000003484,0.0,34956.44999979079,0.0,0.0,0.0,0.0,0.0,0.0,0.0,6991.290000000018,0.0,349564.5,0.0,198.0,0.0,356555.7900000009,0.0,0.0,0.0,863556.912805015
999,2022-09-26,2022,True,32.73424657534247,977,977,1199,595556.0766165672,1760.2521104794023,72842,21,0.0,0.8547305643124459,0.1336664049879751,0.15077130472423297,0.08614930351705131,0.383774429797169,0.9562231320368475,0.10515737609052088,808064.104915493,0,False,False,True,"{""0"":null,""1"":null,""2"":null,""3"":null}",977.0,984700.0,977.0,700106.0,977.0,700106.0,829.6753696216037,595556.0766165672,829.6753696216037,0.0,0.0,1760.2521104793996,865317.1649154944,0.0,20.62533424015574,4.0,2844.0,0.0,0.0,87.6999999987238,62814.29999936643,8.400000000005093,1787.5500000003535,48.850000002843444,35005.299999793635,0.0,0.0,0.0,0.0,0.0,0.0,9.770000000000437,7001.060000000019,488.5,350053.0,1.0,199.0,498.2700000000186,357054.0600000009,0.0,0.0,1760.2521104793996,865317.1649154944
1000,2022-09-27,2022,True,32.73698630136986,979,979,1201,596387.4766351515,1658.558803268669,72882,39,0.04472348797235484,0.8222105190845472,0.1579122466348296,0.15044704622460842,0.08461185140069481,0.3835106631509886,0.956123595505618,0.13134754405026275,809221.3737187617,0,False,False,True,"{""0"":null,""1"":null,""2"":null,""3"":null}",979.0,985679.0,979.0,701085.0,979.0,701085.0,831.4000185843324,596387.4766351515,831.4000185843324,0.0,0.0,1658.5588032687083,866975.7237187631,0.04472348797235526,20.670057728128096,4.0,2848.0,0.0,0.0,87.89999999872089,62902.19999936515,0.0,1787.5500000003535,48.950000002849265,35054.249999796484,0.0,0.0,0.0,0.0,0.0,0.0,9.789999999999964,7010.850000000019,489.5,350542.5,2.0,201.0,499.28999999997905,357553.3500000009,0.0,0.0,1658.5588032687083,866975.7237187631
1001,2022-09-28,2022,True,32.73972602739726,979,979,1201,597218.8766537359,1565.286980888539,72992,55,0.15738094102088648,0.8274420684401137,0.1562222450552879,0.15041643433204993,0.08471421187843849,0.3835106631509886,0.9560929519918284,0.15558068387299334,810287.3706996503,0,False,False,True,"{""0"":null,""1"":null,""2"":null,""3"":null}",979.0,986658.0,979.0,702064.0,979.0,702064.0,831.4000185843324,597218.8766537359,831.4000185843324,0.0,0.0,1565.2869808885735,868541.0106996517,0.15738094102088596,20.827438669148982,4.0,2852.0,0.0,0.0,87.89999999872089,62990.09999936387,0.0,1787.5500000003535,48.950000002849265,35103.19999979933,0.0,0.0,0.0,0.0,0.0,0.0,9.789999999999964,7020.6400000000185,489.5,351032.0,0.0,201.0,499.28999999997905,358052.6400000009,0.0,0.0,1565.2869808885735,868541.0106996517
1002,2022-09-29,2022,True,32.74246575342466,979,979,1201,598050.2766723202,1491.3119688593017,73102,47,0.494420590461192,0.8089823741285379,0.18354569557856673,0.15045221165451123,0.08483583388859502,0.3835106631509886,0.9560520939734423,0.1779643527423103,811279.3926685095,0,False,False,True,"{""0"":null,""1"":null,""2"":null,""3"":null}",979.0,987637.0,979.0,703043.0,979.0,703043.0,831.4000185843324,598050.2766723202,831.4000185843324,0.0,0.0,1491.3119688592851,870032.322668511,0.4944205904611927,21.321859259610175,4.0,2856.0,0.0,0.0,87.89999999872089,63077.99999936259,3.15000000000191,1790.7000000003554,48.950000002849265,35152.14999980218,0.0,0.0,0.0,0.0,0.0,0.0,9.789999999999964,7030.4300000000185,489.5,351521.5,0.0,201.0,499.28999999997905,358551.93000000087,0.0,0.0,1491.3119688592851,870032.322668511
1003,2022-09-30,2022,True,32.74520547945205,979,979,1201,598881.6766909045,1446.5843266524544,73211,46,0.0,0.8059420264815884,0.19251902653603883,0.15046512520739277,0.08495396630352257,0.3835106631509886,0.9562563840653728,0.19859496439364704,812226.6869951619,0,False,False,True,"{""0"":null,""1"":null,""2"":null,""3"":null}",979.0,988616.0,979.0,704022.0,979.0,704022.0,831.4000185843324,598881.6766909045,831.4000185843324,0.0,0.0,1446.5843266524607,871478.9069951634,0.0,21.321859259610175,4.0,2860.0,0.0,0.0,87.89999999872089,63165.89999936131,2.700000000001637,1793.400000000357,48.950000002849265,35201.09999980503,0.0,0.0,0.0,0.0,0.0,0.0,9.789999999999964,7040.220000000018,489.5,352011.0,0.0,201.0,499.28999999997905,359051.22000000085,0.0,0.0,1446.5843266524607,871478.9069951634
1004,2022-10-01,2022,False,32.74794520547945,978,0,1201,598881.6766909045,0.0,72363,46,0.0,,,0.1505399898637728,0.08501865651727931,0.3837075630406661,0.9573312883435583,0.12479832224929528,812226.6869951619,0,False,False,True,"{""0"":null,""1"":null,""2"":null,""3"":null}",978.0,989594.0,0.0,704022.0,0.0,704022.0,0.0,598881.6766909045,0.0,0.0,0.0,0.0,871478.9069951634,0.0,21.321859259610175,0.0,2860.0,0.0,0.0,0.0,63165.89999936131,0.0,1793.400000000357,0.0,35201.09999980503,0.0,0.0,0.0,0.0,0.0,0.0,0.0,7040.220000000018,0.0,352011.0,0.0,201.0,0.0,359051.22000000085,0.0,0.0,0.0,871478.9069951634
1005,2022-10-02,2022,False,32.75068493150685,978,0,1201,598881.6766909045,0.0,72363,46,0.0,,,0.15053998986377276,0.0850186565172793,0.3837075630406661,0.9573312883435583,0.0769032748601477,812226.6869951619,0,False,False,True,"{""0"":null,""1"":null,""2"":null,""3"":null}",978.0,990572.0,0.0,704022.0,0.0,704022.0,0.0,598881.6766909045,0.0,0.0,0.0,0.0,871478.9069951634,0.0,21.321859259610175,0.0,2860.0,0.0,0.0,0.0,63165.89999936131,0.0,1793.400000000357,0.0,35201.09999980503,0.0,0.0,0.0,0.0,0.0,0.0,0.0,7040.220000000018,0.0,352011.0,0.0,201.0,0.0,359051.22000000085,0.0,0.0,0.0,871478.9069951634
1006,2022-10-03,2022,True,32.75342465753425,980,980,1203,599713.9330513921,1572.8355763247707,73331,23,0.0,0.8265167402426784,0.14970980644512022,0.15073805374671373,0.08375714950441547,0.3838928277044169,0.9558061224489796,0.10514029049290909,813297.7225714866,0,False,False,True,"{""0"":null,""1"":null,""2"":null,""3"":null}",980.0,991552.0,980.0,705002.0,980.0,705002.0,832.2563604875468,599713.9330513921,832.2563604875468,0.0,0.0,1572.8355763247237,873051.7425714881,0.0,21.321859259610175,4.0,2864.0,0.0,0.0,87.99999999871943,63253.89999936003,6.900000000004184,1800.3000000003613,49.000000002852175,35250.099999807884,0.0,0.0,0.0,0.0,0.0,0.0,9.800000000000182,7050.020000000019,490.0,352501.0,2.0,203.0,499.79999999998836,359551.02000000083,0.0,0.0,1572.8355763247237,873051.7425714881
1007,2022-10-04,2022,True,32.75616438356165,979,979,1203,600545.2769483684,1486.9357336860523,73401,38,0.1617574099026564,0.8488236338117814,0.1440396683235446,0.1504481482284624,0.0834971243472559,0.3836406962841632,0.9562359550561798,0.1312552805460599,814285.3683051727,0,False,False,True,"{""0"":null,""1"":null,""2"":null,""3"":null}",979.0,992531.0,979.0,705981.0,979.0,705981.0,831.3438969763229,600545.2769483684,831.3438969763229,0.0,0.0,1486.9357336860849,874538.6783051742,0.16175740990265552,21.48361666951283,4.0,2868.0,0.0,0.0,87.89999999872089,63341.79999935875,0.0,1800.3000000003613,48.950000002849265,35299.04999981073,0.0,0.0,0.0,0.0,0.0,0.0,9.789999999999964,7059.810000000019,489.5,352990.5,0.0,203.0,499.28999999997905,360050.3100000008,0.0,0.0,1486.9357336860849,874538.6783051742
1008,2022-10-05,2022,True,32.75890410958904,979,979,1203,601376.6208453447,1453.0486485178499,73473,55,0.0,0.8089896354383417,0.1740334122347517,0.15043026672250892,0.08361281263920022,0.3836406962841632,0.9559856996935648,0.15549417686593053,815239.1269536904,0,False,False,True,"{""0"":null,""1"":null,""2"":null,""3"":null}",979.0,993510.0,979.0,706960.0,979.0,706960.0,831.3438969763229,601376.6208453447,831.3438969763229,0.0,0.0,1453.0486485178117,875991.726953692,0.0,21.48361666951283,4.0,2872.0,0.0,0.0,87.89999999872089,63429.69999935747,0.0,1800.3000000003613,48.950000002849265,35347.99999981358,0.0,0.0,0.0,0.0,0.0,0.0,9.789999999999964,7069.600000000019,489.5,353480.0,0.0,203.0,499.28999999997905,360549.6000000008,0.0,0.0,1453.0486485178117,875991.726953692
1009,2022-10-06,2022,True,32.76164383561644,979,979,1203,602207.964742321,1318.9689876054506,73620,48,0.0,0.8233006457281034,0.15933961172824715,0.15038068248999636,0.08375481938560835,0.3836406962841632,0.9561593462717058,0.1778597997262063,816058.8059412958,0,False,False,True,"{""0"":null,""1"":null,""2"":null,""3"":null}",979.0,994489.0,979.0,707939.0,979.0,707939.0,831.3438969763229,602207.964742321,831.3438969763229,0.0,0.0,1318.968987605418,877310.6959412975,0.0,21.48361666951283,4.0,2876.0,0.0,0.0,87.89999999872089,63517.59999935619,3.450000000002092,1803.7500000003633,48.950000002849265,35396.94999981643,0.0,0.0,0.0,0.0,0.0,0.0,9.789999999999964,7079.3900000000185,489.5,353969.5,0.0,203.0,499.28999999997905,361048.89000000077,0.0,0.0,1318.968987605418,877310.6959412975
1010,2022-10-07,2022,True,32.76438356164383,980,980,1204,603040.2308026459,1307.4795807643347,73702,54,0.0,0.8244482976040353,0.17343733104503115,0.15038080726475356,0.08319066906348717,0.38365129447890983,0.9558112244897959,0.19841563534477002,816865.4855220601,0,False,False,True,"{""0"":null,""1"":null,""2"":null,""3"":null}",980.0,995469.0,980.0,708919.0,980.0,708919.0,832.2660603248514,603040.2308026459,832.2660603248514,0.0,0.0,1307.4795807643095,878618.1755220618,0.0,21.48361666951283,4.0,2880.0,0.0,0.0,87.99999999871943,63605.59999935491,2.2500000000013642,1806.0000000003647,49.000000002852175,35445.949999819284,0.0,0.0,0.0,0.0,0.0,0.0,9.800000000000182,7089.190000000019,490.0,354459.5,1.0,204.0,499.79999999998836,361548.69000000076,0.0,0.0,1307.4795807643095,878618.1755220618
1011,2022-10-08,2022,False,32.76712328767123,980,0,1204,603040.2308026459,0.0,72863,54,0.0,,,0.15037589065063217,0.08335289011593276,0.38365129447890983,0.9568673469387755,0.1248095590013463,816865.4855220601,0,False,False,True,"{""0"":null,""1"":null,""2"":null,""3"":null}",980.0,996449.0,0.0,708919.0,0.0,708919.0,0.0,603040.2308026459,0.0,0.0,0.0,0.0,878618.1755220618,0.0,21.48361666951283,0.0,2880.0,0.0,0.0,0.0,63605.59999935491,0.0,1806.0000000003647,0.0,35445.949999819284,0.0,0.0,0.0,0.0,0.0,0.0,0.0,7089.190000000019,0.0,354459.5,0.0,204.0,0.0,361548.69000000076,0.0,0.0,0.0,878618.1755220618
1012,2022-10-09,2022,False,32.76986301369863,979,0,1204,603040.2308026459,0.0,72863,54,0.0,,,0.15019600276413705,0.08312515349091226,0.3836406962841632,0.9568232890704801,0.0769753550370124,816865.4855220601,0,False,False,True,"{""0"":null,""1"":null,""2"":null,""3"":null}",979.0,997428.0,0.0,708919.0,0.0,708919.0,0.0,603040.2308026459,0.0,0.0,0.0,0.0,878618.1755220618,0.0,21.48361666951283,0.0,2880.0,0.0,0.0,0.0,63605.59999935491,0.0,1806.0000000003647,0.0,35445.949999819284,0.0,0.0,0.0,0.0,0.0,0.0,0.0,7089.190000000019,0.0,354459.5,0.0,204.0,0.0,361548.69000000076,0.0,0.0,0.0,878618.1755220618
1013,2022-10-10,2022,True,32.772602739726025,980,980,1205,603872.7909952566,1611.240633108381,73841,19,0.40044576831842665,0.8419063667050186,0.15298009126834677,0.15031561285314365,0.0826730782163204,0.3838928277044169,0.955673469387755,0.10518082820172103,817975.9261551684,0,False,False,True,"{""0"":null,""1"":null,""2"":null,""3"":null}",980.0,998408.0,980.0,709899.0,980.0,709899.0,832.5601926107192,603872.7909952566,832.5601926107192,0.0,0.0,1611.2406331084203,880229.4161551702,0.40044576831842704,21.884062437831258,4.0,2884.0,0.0,0.0,87.99999999871943,63693.59999935363,8.100000000004911,1814.1000000003696,49.000000002852175,35494.949999822136,0.0,0.0,0.0,0.0,0.0,0.0,9.800000000000182,7098.990000000019,490.0,354949.5,1.0,205.0,499.79999999998836,362048.49000000075,0.0,0.0,1611.2406331084203,880229.4161551702
1014,2022-10-11,2022,True,32.775342465753425,980,980,1205,604705.3511878673,1522.6927426555526,73897,31,0.0,0.8489700718352114,0.13447996521282635,0.1503114985284606,0.08271116173775298,0.3838928277044169,0.9561377551020408,0.1314251712250813,818998.8188978239,0,False,False,True,"{""0"":null,""1"":null,""2"":null,""3"":null}",980.0,999388.0,980.0,710879.0,980.0,710879.0,832.5601926107192,604705.3511878673,832.5601926107192,0.0,0.0,1522.6927426555194,881752.1088978257,0.0,21.884062437831258,4.0,2888.0,0.0,0.0,87.99999999871943,63781.59999935235,0.0,1814.1000000003696,49.000000002852175,35543.94999982499,0.0,0.0,0.0,0.0,0.0,0.0,9.800000000000182,7108.790000000019,490.0,355439.5,0.0,205.0,499.79999999998836,362548.29000000074,0.0,0.0,1522.6927426555194,881752.1088978257
1015,2022-10-12,2022,True,32.778082191780825,981,981,1206,605538.6659210356,1424.1687189193408,73999,45,0.0,0.8185788949726232,0.16382902980824002,0.15038860941948598,0.08237097834010187,0.38414495912467056,0.9559072375127421,0.15567011524082489,819921.6776167433,0,False,False,True,"{""0"":null,""1"":null,""2"":null,""3"":null}",981.0,1000369.0,981.0,711860.0,981.0,711860.0,833.3147331682267,605538.6659210356,833.3147331682267,0.0,0.0,1424.1687189193908,883176.2776167451,0.0,21.884062437831258,4.0,2892.0,0.0,0.0,88.09999999871798,63869.69999935107,0.0,1814.1000000003696,49.050000002855086,35592.99999982784,0.0,0.0,0.0,0.0,0.0,0.0,9.8100000000004,7118.6000000000195,490.5,355930.0,1.0,206.0,500.3099999999977,363048.60000000073,0.0,0.0,1424.1687189193908,883176.2776167451
1016,2022-10-13,2022,True,32.78082191780822,981,981,1206,606371.9806542038,1343.5558137092992,74099,44,0.0,0.8205989712958354,0.16250237326751474,0.1503531736616097,0.08247058778811214,0.38414495912467056,0.9556625891946993,0.17809784867336972,820764.9234304525,0,False,False,True,"{""0"":null,""1"":null,""2"":null,""3"":null}",981.0,1001350.0,981.0,712841.0,981.0,712841.0,833.3147331682267,606371.9806542038,833.3147331682267,0.0,0.0,1343.555813709274,884519.8334304544,0.0,21.884062437831258,4.0,2896.0,0.0,0.0,88.09999999871798,63957.79999934979,2.850000000001728,1816.9500000003713,49.050000002855086,35642.0499998307,0.0,0.0,0.0,0.0,0.0,0.0,9.8100000000004,7128.41000000002,490.5,356420.5,0.0,206.0,500.3099999999977,363548.91000000073,0.0,0.0,1343.555813709274,884519.8334304544
1017,2022-10-14,2022,True,32.78356164383562,982,982,1207,607206.1109356779,1315.4400906106846,74199,55,0.0,0.8106254647608031,0.17408519546457768,0.15032983413903533,0.081903723993406,0.3841555573194172,0.9553309572301426,0.19864651459105806,821578.5435210632,0,False,False,True,"{""0"":null,""1"":null,""2"":null,""3"":null}",982.0,1002332.0,982.0,713823.0,982.0,713823.0,834.130281474092,607206.1109356779,834.130281474092,0.0,0.0,1315.4400906106457,885835.273521065,0.0,21.884062437831258,4.0,2900.0,0.0,0.0,88.19999999871652,64045.9999993485,1.8000000000010914,1818.7500000003724,49.100000002857996,35691.14999983356,0.0,0.0,0.0,0.0,0.0,0.0,9.819999999999709,7138.23000000002,491.0,356911.5,1.0,207.0,500.820000000007,364049.73000000074,0.0,0.0,1315.4400906106457,885835.273521065
1018,2022-10-15,2022,False,32.78630136986301,982,0,1207,607206.1109356779,0.0,73363,55,0.0,,,0.15034001750713655,0.08202571221907484,0.3841555573194172,0.9563340122199593,0.12500011666961522,821578.5435210632,0,False,False,True,"{""0"":null,""1"":null,""2"":null,""3"":null}",982.0,1003314.0,0.0,713823.0,0.0,713823.0,0.0,607206.1109356779,0.0,0.0,0.0,0.0,885835.273521065,0.0,21.884062437831258,0.0,2900.0,0.0,0.0,0.0,64045.9999993485,0.0,1818.7500000003724,0.0,35691.14999983356,0.0,0.0,0.0,0.0,0.0,0.0,0.0,7138.23000000002,0.0,356911.5,0.0,207.0,0.0,364049.73000000074,0.0,0.0,0.0,885835.273521065
1019,2022-10-16,2022,False,32.78904109589041,982,0,1207,607206.1109356779,0.0,73363,55,0.0,,,0.15034001750713655,0.08202571221907484,0.3841555573194172,0.9563340122199593,0.07708546546906053,821578.5435210632,0,False,False,True,"{""0"":null,""1"":null,""2"":null,""3"":null}",982.0,1004296.0,0.0,713823.0,0.0,713823.0,0.0,607206.1109356779,0.0,0.0,0.0,0.0,885835.273521065,0.0,21.884062437831258,0.0,2900.0,0.0,0.0,0.0,64045.9999993485,0.0,1818.7500000003724,0.0,35691.14999983356,0.0,0.0,0.0,0.0,0.0,0.0,0.0,7138.23000000002,0.0,356911.5,0.0,207.0,0.0,364049.73000000074,0.0,0.0,0.0,885835.273521065
1020,2022-10-17,2022,True,32.79178082191781,982,982,1207,608040.241217152,1556.024648994471,74346,24,0.0,0.8217755928282244,0.15860479875721095,0.15034001750713655,0.08202571221907484,0.3841555573194172,0.9555804480651731,0.10528748513569637,822633.7481700577,0,False,False,True,"{""0"":null,""1"":null,""2"":null,""3"":null}",982.0,1005278.0,982.0,714805.0,982.0,714805.0,834.130281474092,608040.241217152,834.130281474092,0.0,0.0,1556.0246489944402,887391.2981700595,0.0,21.884062437831258,4.0,2904.0,0.0,0.0,88.19999999871652,64134.19999934722,8.250000000005002,1827.0000000003774,49.100000002857996,35740.249999836415,0.0,0.0,0.0,0.0,0.0,0.0,9.819999999999709,7148.050000000019,491.0,357402.5,0.0,207.0,500.820000000007,364550.55000000075,0.0,0.0,1556.0246489944402,887391.2981700595
1021,2022-10-18,2022,True,32.794520547945204,981,981,1207,608873.6603709349,1483.58281919552,74409,39,0.0010448776536168933,0.829858689012208,0.15722357563051373,0.15017576505971697,0.08265976232027254,0.38390342589916354,0.9572935779816514,0.13159599307514686,823617.0209892531,0,False,False,True,"{""0"":null,""1"":null,""2"":null,""3"":null}",981.0,1006259.0,981.0,715786.0,981.0,715786.0,833.4191537828883,608873.6603709349,833.4191537828883,0.0,0.0,1483.5828191954643,888874.8809892549,0.0010448776536158277,21.885107315484873,4.0,2908.0,0.0,0.0,88.09999999871798,64222.29999934594,0.0,1827.0000000003774,49.050000002855086,35789.29999983927,0.0,0.0,0.0,0.0,0.0,0.0,9.8100000000004,7157.86000000002,490.5,357893.0,0.0,207.0,500.3099999999977,365050.86000000074,0.0,0.0,1483.5828191954643,888874.8809892549
1022,2022-10-19,2022,True,32.797260273972604,981,981,1207,609707.0795247178,1407.872568022618,74498,59,0.0,0.831887060923792,0.16188047795845018,0.15019556024925806,0.0827892643749019,0.38390342589916354,0.9574006116207952,0.1559256179830363,824524.5835572756,0,False,False,True,"{""0"":null,""1"":null,""2"":null,""3"":null}",981.0,1007240.0,981.0,716767.0,981.0,716767.0,833.4191537828883,609707.0795247178,833.4191537828883,0.0,0.0,1407.8725680225762,890282.7535572775,0.0,21.885107315484873,4.0,2912.0,0.0,0.0,88.09999999871798,64310.399999344656,0.0,1827.0000000003774,49.050000002855086,35838.349999842125,0.0,0.0,0.0,0.0,0.0,0.0,9.8100000000004,7167.67000000002,490.5,358383.5,0.0,207.0,500.3099999999977,365551.17000000074,0.0,0.0,1407.8725680225762,890282.7535572775
1023,2022-10-20,2022,True,32.8,981,981,1207,610540.4986785006,1358.8220270059046,74619,57,0.0,0.8094250273946441,0.19183642071404158,0.15015515610461266,0.08293876595482119,0.38390342589916354,0.9573547400611621,0.1782765375582361,825383.0955842815,0,False,False,True,"{""0"":null,""1"":null,""2"":null,""3"":null}",981.0,1008221.0,981.0,717748.0,981.0,717748.0,833.4191537828883,610540.4986785006,833.4191537828883,0.0,0.0,1358.8220270059537,891641.5755842834,0.0,21.885107315484873,4.0,2916.0,0.0,0.0,88.09999999871798,64398.499999343374,3.600000000002183,1830.6000000003796,49.050000002855086,35887.39999984498,0.0,0.0,0.0,0.0,0.0,0.0,9.8100000000004,7177.4800000000205,490.5,358874.0,0.0,207.0,500.3099999999977,366051.48000000074,0.0,0.0,1358.8220270059537,891641.5755842834
1024,2022-10-21,2022,True,32.8027397260274,980,980,1207,611373.1920103447,1295.4348040121824,74711,60,0.0,0.8040144328123497,0.1941315994765188,0.1501004611379944,0.08302525534985787,0.38365129447890983,0.9574081632653061,0.19904221250429402,826178.7303882936,0,False,False,True,"{""0"":null,""1"":null,""2"":null,""3"":null}",980.0,1009201.0,980.0,718728.0,980.0,718728.0,832.693331844057,611373.1920103447,832.693331844057,0.0,0.0,1295.434804012184,892937.0103882956,0.0,21.885107315484873,4.0,2920.0,0.0,0.0,87.99999999871943,64486.49999934209,2.2500000000013642,1832.850000000381,49.000000002852175,35936.39999984783,0.0,0.0,0.0,0.0,0.0,0.0,9.800000000000182,7187.280000000021,490.0,359364.0,0.0,207.0,499.79999999998836,366551.2800000007,0.0,0.0,1295.434804012184,892937.0103882956
1025,2022-10-22,2022,False,32.8054794520548,980,0,1207,611373.1920103447,0.0,73863,60,0.0,,,0.15003911743992962,0.08312231236439097,0.38365129447890983,0.9582091836734693,0.12522703180834593,826178.7303882936,0,False,False,True,"{""0"":null,""1"":null,""2"":null,""3"":null}",980.0,1010181.0,0.0,718728.0,0.0,718728.0,0.0,611373.1920103447,0.0,0.0,0.0,0.0,892937.0103882956,0.0,21.885107315484873,0.0,2920.0,0.0,0.0,0.0,64486.49999934209,0.0,1832.850000000381,0.0,35936.39999984783,0.0,0.0,0.0,0.0,0.0,0.0,0.0,7187.280000000021,0.0,359364.0,0.0,207.0,0.0,366551.2800000007,0.0,0.0,0.0,892937.0103882956
1026,2022-10-23,2022,False,32.80821917808219,981,0,1208,611373.1920103447,0.0,73863,60,0.0,,,0.14976508857490256,0.08220862656266437,0.38345439458923236,0.9579459734964322,0.0770875251846343,826177.7303882936,0,False,False,True,"{""0"":null,""1"":null,""2"":null,""3"":null}",981.0,1011162.0,0.0,718728.0,0.0,718728.0,0.0,611373.1920103447,0.0,0.0,0.0,0.0,892937.0103882956,0.0,21.885107315484873,0.0,2920.0,0.0,0.0,0.0,64486.49999934209,0.0,1832.850000000381,0.0,35936.39999984783,0.0,0.0,0.0,0.0,0.0,0.0,0.0,7187.280000000021,0.0,359364.0,1.0,208.0,0.0,366551.2800000007,0.0,0.0,0.0,892937.0103882956
1027,2022-10-24,2022,True,32.81095890410959,984,984,1211,612209.0852046235,1603.4182211576938,74865,15,0.0,0.8587842226848279,0.13426575376005884,0.14975618804697652,0.08034881061047038,0.3837617575400622,0.9565447154471545,0.10526584713708234,827276.3086094514,0,False,False,True,"{""0"":null,""1"":null,""2"":null,""3"":null}",984.0,1012146.0,984.0,719712.0,984.0,719712.0,835.8931942788186,612209.0852046235,835.8931942788186,0.0,0.0,1603.4182211577427,894540.4286094534,0.0,21.885107315484873,4.0,2924.0,0.0,0.0,88.39999999871361,64574.89999934081,9.000000000005457,1841.8500000003864,49.20000000286382,35985.599999850696,0.0,0.0,0.0,0.0,0.0,0.0,9.840000000000146,7197.120000000021,492.0,359856.0,3.0,211.0,501.8400000000256,367053.12000000075,0.0,0.0,1603.4182211577427,894540.4286094534
1028,2022-10-25,2022,True,32.81369863013698,984,984,1211,613044.9783989023,1521.7819475427068,74905,29,0.0,0.8262841336791455,0.1473265192927601,0.1497217905492791,0.08044033773208081,0.3837617575400622,0.9568699186991869,0.13142547276632302,828296.2505569941,0,False,False,True,"{""0"":null,""1"":null,""2"":null,""3"":null}",984.0,1013130.0,984.0,720696.0,984.0,720696.0,835.8931942788186,613044.9783989023,835.8931942788186,0.0,0.0,1521.7819475426804,896062.210556996,0.0,21.885107315484873,4.0,2928.0,0.0,0.0,88.39999999871361,64663.29999933952,0.0,1841.8500000003864,49.20000000286382,36034.79999985356,0.0,0.0,0.0,0.0,0.0,0.0,9.840000000000146,7206.960000000021,492.0,360348.0,0.0,211.0,501.8400000000256,367554.9600000008,0.0,0.0,1521.7819475426804,896062.210556996
1029,2022-10-26,2022,True,32.81643835616438,984,984,1211,613880.8715931812,1452.1831066558364,75007,45,0.0,0.822140717647778,0.1710027482540782,0.14977335867440694,0.08066474770500985,0.3837617575400622,0.9568445121951219,0.15567576596818383,829246.59366365,0,False,False,True,"{""0"":null,""1"":null,""2"":null,""3"":null}",984.0,1014114.0,984.0,721680.0,984.0,721680.0,835.8931942788186,613880.8715931812,835.8931942788186,0.0,0.0,1452.183106655837,897514.3936636519,0.0,21.885107315484873,4.0,2932.0,0.0,0.0,88.39999999871361,64751.699999338234,0.0,1841.8500000003864,49.20000000286382,36083.99999985642,0.0,0.0,0.0,0.0,0.0,0.0,9.840000000000146,7216.800000000021,492.0,360840.0,0.0,211.0,501.8400000000256,368056.8000000008,0.0,0.0,1452.183106655837,897514.3936636519
1030,2022-10-27,2022,True,32.81917808219178,984,984,1211,614716.76478746,1355.9878086488122,75118,43,0.0,0.8455270782155067,0.14708029664917277,0.14973864411164278,0.08079797139421861,0.3837617575400622,0.9569156504065041,0.1780360351368711,830100.7414722989,0,False,False,True,"{""0"":null,""1"":null,""2"":null,""3"":null}",984.0,1015098.0,984.0,722664.0,984.0,722664.0,835.8931942788186,614716.76478746,835.8931942788186,0.0,0.0,1355.987808648846,898870.3814723007,0.0,21.885107315484873,4.0,2936.0,0.0,0.0,88.39999999871361,64840.09999933695,2.2500000000013642,1844.1000000003878,49.20000000286382,36133.19999985929,0.0,0.0,0.0,0.0,0.0,0.0,9.840000000000146,7226.640000000021,492.0,361332.0,0.0,211.0,501.8400000000256,368558.6400000008,0.0,0.0,1355.987808648846,898870.3814723007
1031,2022-10-28,2022,True,32.821917808219176,984,984,1211,615552.6579817388,1304.6509121043905,75221,43,0.032286753048855844,0.8170758073151251,0.16502928025231386,0.14970654098600217,0.08089527124458971,0.3837617575400622,0.9570121951219512,0.19864173162095994,830903.5523844033,0,False,False,True,"{""0"":null,""1"":null,""2"":null,""3"":null}",984.0,1016082.0,984.0,723648.0,984.0,723648.0,835.8931942788186,615552.6579817388,835.8931942788186,0.0,0.0,1304.6509121044073,900175.0323844051,0.03228675304885442,21.917394068533728,4.0,2940.0,0.0,0.0,88.39999999871361,64928.49999933566,2.1000000000012733,1846.200000000389,49.20000000286382,36182.39999986215,0.0,0.0,0.0,0.0,0.0,0.0,9.840000000000146,7236.480000000021,492.0,361824.0,0.0,211.0,501.8400000000256,369060.48000000085,0.0,0.0,1304.6509121044073,900175.0323844051
1032,2022-10-29,2022,False,32.824657534246576,984,0,1211,615552.6579817388,0.0,74363,43,0.0,,,0.14962318297248234,0.08104031560792939,0.3837617575400622,0.9579065040650407,0.12486212011560884,830903.5523844033,0,False,False,True,"{""0"":null,""1"":null,""2"":null,""3"":null}",984.0,1017066.0,0.0,723648.0,0.0,723648.0,0.0,615552.6579817388,0.0,0.0,0.0,0.0,900175.0323844051,0.0,21.917394068533728,0.0,2940.0,0.0,0.0,0.0,64928.49999933566,0.0,1846.200000000389,0.0,36182.39999986215,0.0,0.0,0.0,0.0,0.0,0.0,0.0,7236.480000000021,0.0,361824.0,0.0,211.0,0.0,369060.48000000085,0.0,0.0,0.0,900175.0323844051
1033,2022-10-30,2022,False,32.82739726027397,983,0,1211,615552.6579817388,0.0,74363,43,0.0,,,0.14952038498665177,0.08080969862030542,0.38375115934531556,0.9578636826042727,0.07686885900508715,830903.5523844033,0,False,False,True,"{""0"":null,""1"":null,""2"":null,""3"":null}",983.0,1018049.0,0.0,723648.0,0.0,723648.0,0.0,615552.6579817388,0.0,0.0,0.0,0.0,900175.0323844051,0.0,21.917394068533728,0.0,2940.0,0.0,0.0,0.0,64928.49999933566,0.0,1846.200000000389,0.0,36182.39999986215,0.0,0.0,0.0,0.0,0.0,0.0,0.0,7236.480000000021,0.0,361824.0,0.0,211.0,0.0,369060.48000000085,0.0,0.0,0.0,900175.0323844051
1034,2022-10-31,2022,True,32.83013698630137,983,983,1211,616387.6542798226,1593.6135885046915,75355,10,0.0,0.840235606437697,0.15999857603949116,0.14952038498665177,0.0808096986203054,0.38375115934531556,0.9574618514750762,0.1050719061689569,831995.8359729081,0,False,False,True,"{""0"":null,""1"":null,""2"":null,""3"":null}",983.0,1019032.0,983.0,724631.0,983.0,724631.0,834.9962980838027,616387.6542798226,834.9962980838027,0.0,0.0,1593.613588504726,901768.6459729099,0.0,21.917394068533728,4.0,2944.0,0.0,0.0,88.29999999871507,65016.79999933438,6.450000000003911,1852.650000000393,49.15000000286091,36231.54999986501,0.0,0.0,0.0,0.0,0.0,0.0,9.829999999999927,7246.310000000021,491.5,362315.5,0.0,211.0,501.3300000000163,369561.81000000087,0.0,0.0,1593.613588504726,901768.6459729099
1035,2022-11-01,2022,True,32.83287671232877,983,983,1212,617222.582859944,1525.8978850920353,75403,26,0.0,0.8423220507715281,0.13765188912094173,0.14952991749765743,0.08005995349881435,0.38375115934531556,0.9571871820956256,0.13135278756338967,833019.4038580002,0,False,False,True,"{""0"":null,""1"":null,""2"":null,""3"":null}",983.0,1020015.0,983.0,725614.0,983.0,725614.0,834.92858012137,617222.582859944,834.92858012137,0.0,0.0,1525.8978850920685,903294.5438580019,0.0,21.917394068533728,4.0,2948.0,0.0,0.0,88.29999999871507,65105.09999933309,0.0,1852.650000000393,49.15000000286091,36280.69999986787,0.0,0.0,0.0,0.0,0.0,0.0,9.829999999999927,7256.140000000021,491.5,362807.0,1.0,212.0,501.3300000000163,370063.1400000009,0.0,0.0,1525.8978850920685,903294.5438580019
1036,2022-11-02,2022,True,32.83561643835616,983,983,1212,618057.5114400653,1475.1667611351586,75503,40,0.19759273416525175,0.8219761075161772,0.15395742358078604,0.149444740199334,0.08017894658274197,0.38375115934531556,0.9571414038657172,0.15561636276700394,833993.2406191353,0,False,False,True,"{""0"":null,""1"":null,""2"":null,""3"":null}",983.0,1020998.0,983.0,726597.0,983.0,726597.0,834.92858012137,618057.5114400653,834.92858012137,0.0,0.0,1475.1667611352168,904769.7106191372,0.19759273416525147,22.11498680269898,4.0,2952.0,0.0,0.0,88.29999999871507,65193.39999933181,0.0,1852.650000000393,49.15000000286091,36329.849999870734,0.0,0.0,0.0,0.0,0.0,0.0,9.829999999999927,7265.970000000021,491.5,363298.5,0.0,212.0,501.3300000000163,370564.4700000009,0.0,0.0,1475.1667611352168,904769.7106191372
1037,2022-11-03,2022,True,32.83835616438356,982,982,1212,618891.6742349067,1360.8793699040496,75605,50,0.0,0.8237846358055417,0.1819750332257452,0.14973327706014405,0.08113706727892404,0.3839480592349931,0.9570264765784113,0.17810444002342485,834853.2999890394,0,False,False,True,"{""0"":null,""1"":null,""2"":null,""3"":null}",982.0,1021980.0,982.0,727579.0,982.0,727579.0,834.162794841337,618891.6742349067,834.162794841337,0.0,0.0,1360.8793699040543,906130.5899890412,0.0,22.11498680269898,4.0,2956.0,0.0,0.0,88.19999999871652,65281.59999933052,1.5000000000009095,1854.150000000394,49.100000002857996,36378.94999987359,0.0,0.0,0.0,0.0,0.0,0.0,9.819999999999709,7275.790000000021,491.0,363789.5,0.0,212.0,500.820000000007,371065.2900000009,0.0,0.0,1360.8793699040543,906130.5899890412
1038,2022-11-04,2022,True,32.84109589041096,982,982,1212,619725.837029748,1325.1148449179714,75721,43,0.0,0.8289115646258504,0.16880221188532374,0.14976885006289883,0.08121541268372139,0.3839480592349931,0.9572250509164969,0.19870926954647172,835677.5948339575,0,False,False,True,"{""0"":null,""1"":null,""2"":null,""3"":null}",982.0,1022962.0,982.0,728561.0,982.0,728561.0,834.162794841337,619725.837029748,834.162794841337,0.0,0.0,1325.1148449180182,907455.7048339592,0.0,22.11498680269898,4.0,2960.0,0.0,0.0,88.19999999871652,65369.79999932924,2.400000000001455,1856.5500000003954,49.100000002857996,36428.04999987645,0.0,0.0,0.0,0.0,0.0,0.0,9.819999999999709,7285.610000000021,491.0,364280.5,0.0,212.0,500.820000000007,371566.1100000009,0.0,0.0,1325.1148449180182,907455.7048339592
1039,2022-11-05,2022,False,32.843835616438355,982,0,1213,619725.837029748,0.0,74863,43,0.0,,,0.14946039313445125,0.08029272906548694,0.3839480592349931,0.9575763747454176,0.12438229743354792,835676.5948339575,0,False,False,True,"{""0"":null,""1"":null,""2"":null,""3"":null}",982.0,1023944.0,0.0,728561.0,0.0,728561.0,0.0,619725.837029748,0.0,0.0,0.0,0.0,907455.7048339592,0.0,22.11498680269898,0.0,2960.0,0.0,0.0,0.0,65369.79999932924,0.0,1856.5500000003954,0.0,36428.04999987645,0.0,0.0,0.0,0.0,0.0,0.0,0.0,7285.610000000021,0.0,364280.5,1.0,213.0,0.0,371566.1100000009,0.0,0.0,0.0,907455.7048339592
1040,2022-11-06,2022,False,32.846575342465755,982,0,1213,619725.837029748,0.0,74863,43,0.0,,,0.14946039313445125,0.08029272906548694,0.3839480592349931,0.9575763747454176,0.07656097382696447,835676.5948339575,0,False,False,True,"{""0"":null,""1"":null,""2"":null,""3"":null}",982.0,1024926.0,0.0,728561.0,0.0,728561.0,0.0,619725.837029748,0.0,0.0,0.0,0.0,907455.7048339592,0.0,22.11498680269898,0.0,2960.0,0.0,0.0,0.0,65369.79999932924,0.0,1856.5500000003954,0.0,36428.04999987645,0.0,0.0,0.0,0.0,0.0,0.0,0.0,7285.610000000021,0.0,364280.5,0.0,213.0,0.0,371566.1100000009,0.0,0.0,0.0,907455.7048339592
1041,2022-11-07,2022,True,32.84931506849315,982,982,1214,620560.1675771702,1590.6447137374357,75840,16,0.0,0.84721143518136,0.1499262330797867,0.14970026613038057,0.0798345518282801,0.3841555573194172,0.9564765784114053,0.10480733331744412,836765.419547695,0,False,False,True,"{""0"":null,""1"":null,""2"":null,""3"":null}",982.0,1025908.0,982.0,729543.0,982.0,729543.0,834.3305474221706,620560.1675771702,834.3305474221706,0.0,0.0,1590.6447137374198,909046.3495476966,0.0,22.11498680269898,4.0,2964.0,0.0,0.0,88.19999999871652,65457.999999327956,6.450000000003911,1863.0000000003993,49.100000002857996,36477.14999987931,0.0,0.0,0.0,0.0,0.0,0.0,9.819999999999709,7295.43000000002,491.0,364771.5,1.0,214.0,500.820000000007,372066.9300000009,0.0,0.0,1590.6447137374198,909046.3495476966
1042,2022-11-08,2022,True,32.85205479452055,981,981,1214,621393.5386093141,1512.144557840246,75888,35,0.22466721742054532,0.8501742160278746,0.12592557433073856,0.14948467971211074,0.07976738642473527,0.38414495912467056,0.9565341488277268,0.13080241005611945,837777.2541055351,0,False,False,True,"{""0"":null,""1"":null,""2"":null,""3"":null}",981.0,1026889.0,981.0,730524.0,981.0,730524.0,833.371032143943,621393.5386093141,833.371032143943,0.0,0.0,1512.1445578401908,910558.4941055368,0.22466721742054574,22.339654020119525,4.0,2968.0,0.0,0.0,88.09999999944557,65546.0999993274,0.0,1863.0000000003993,49.050000002855086,36526.19999988216,0.0,0.0,0.0,0.0,0.0,0.0,9.8100000000004,7305.240000000021,490.5,365262.0,0.0,214.0,500.3099999999977,372567.2400000009,0.0,0.0,1512.1445578401908,910558.4941055368
1043,2022-11-09,2022,True,32.85479452054795,981,981,1214,622226.9096414581,1404.4910924991482,75993,61,0.0,0.8379251700680272,0.14042742547940004,0.14954116722492242,0.07991150991454962,0.38414495912467056,0.9562334352701325,0.1550979171572379,838681.4351980342,0,False,False,True,"{""0"":null,""1"":null,""2"":null,""3"":null}",981.0,1027870.0,981.0,731505.0,981.0,731505.0,833.371032143943,622226.9096414581,833.371032143943,0.0,0.0,1404.4910924991127,911962.985198036,0.0,22.339654020119525,4.0,2972.0,0.0,0.0,88.1000000051281,65634.19999933253,0.0,1863.0000000003993,49.050000002855086,36575.24999988502,0.0,0.0,0.0,0.0,0.0,0.0,9.8100000000004,7315.050000000021,490.5,365752.5,0.0,214.0,500.3099999999977,373067.5500000009,0.0,0.0,1404.4910924991127,911962.985198036
1044,2022-11-10,2022,True,32.85753424657534,983,983,1216,623061.901109077,1373.527327034928,76119,60,0.037287758631324726,0.8088290110158807,0.18311688121142283,0.1492580763223668,0.07854805254767862,0.38395865742973967,0.9558087487283824,0.17723784961159997,839551.6325250692,0,False,False,True,"{""0"":null,""1"":null,""2"":null,""3"":null}",983.0,1028853.0,983.0,732488.0,983.0,732488.0,834.9914676189655,623061.901109077,834.9914676189655,0.0,0.0,1373.5273270349717,913336.5125250709,0.03728775863132583,22.37694177875085,4.0,2976.0,0.0,0.0,88.30000000513974,65722.49999933767,2.400000000001455,1865.4000000004007,49.15000000286091,36624.39999988788,0.0,0.0,0.0,0.0,0.0,0.0,9.829999999999927,7324.880000000021,491.5,366244.0,2.0,216.0,501.3300000000163,373568.88000000094,0.0,0.0,1373.5273270349717,913336.5125250709
1045,2022-11-11,2022,True,32.86027397260274,981,981,1216,623895.1956014674,1338.6749323928666,76218,58,0.22691063049683258,0.8360018448210239,0.152277138998051,0.14922913578775177,0.07832870777465947,0.38390342589916354,0.9559582059123343,0.19779445236652957,840389.997457462,0,False,False,True,"{""0"":null,""1"":null,""2"":null,""3"":null}",981.0,1029834.0,981.0,733469.0,981.0,733469.0,833.294492390356,623895.1956014674,833.294492390356,0.0,0.0,1338.6749323928962,914675.1874574638,0.2269106304968318,22.603852409247683,4.0,2980.0,0.0,0.0,88.1000000051281,65810.5999993428,2.850000000001728,1868.2500000004025,49.050000002855086,36673.449999890734,0.0,0.0,0.0,0.0,0.0,0.0,9.8100000000004,7334.690000000021,490.5,366734.5,0.0,216.0,500.3099999999977,374069.19000000093,0.0,0.0,1338.6749323928962,914675.1874574638
1046,2022-11-12,2022,False,32.863013698630134,980,0,1216,623895.1956014674,0.0,75363,58,0.0,,,0.14911693043386876,0.07827808985723159,0.38397029265566646,0.95675,0.12381884704807211,840389.997457462,0,False,False,True,"{""0"":null,""1"":null,""2"":null,""3"":null}",980.0,1030814.0,0.0,733469.0,0.0,733469.0,0.0,623895.1956014674,0.0,0.0,0.0,0.0,914675.1874574638,0.0,22.603852409247683,0.0,2980.0,0.0,0.0,0.0,65810.5999993428,0.0,1868.2500000004025,0.0,36673.449999890734,0.0,0.0,0.0,0.0,0.0,0.0,0.0,7334.690000000021,0.0,366734.5,0.0,216.0,0.0,374069.19000000093,0.0,0.0,0.0,914675.1874574638
1047,2022-11-13,2022,False,32.865753424657534,980,0,1216,623895.1956014674,0.0,75363,58,0.0,,,0.14911693043386876,0.07827808985723157,0.38397029265566646,0.95675,0.07613219316108877,840389.997457462,0,False,False,True,"{""0"":null,""1"":null,""2"":null,""3"":null}",980.0,1031794.0,0.0,733469.0,0.0,733469.0,0.0,623895.1956014674,0.0,0.0,0.0,0.0,914675.1874574638,0.0,22.603852409247683,0.0,2980.0,0.0,0.0,0.0,65810.5999993428,0.0,1868.2500000004025,0.0,36673.449999890734,0.0,0.0,0.0,0.0,0.0,0.0,0.0,7334.690000000021,0.0,366734.5,0.0,216.0,0.0,374069.19000000093,0.0,0.0,0.0,914675.1874574638
1048,2022-11-14,2022,True,32.868493150684934,980,980,1216,624727.4937840396,1580.4642266564897,76355,15,0.0,0.8255455318529671,0.17414861446005786,0.14911693043386876,0.07827808985723157,0.38397029265566646,0.9562193877551021,0.10428094810458131,841470.6616841184,0,False,False,True,"{""0"":null,""1"":null,""2"":null,""3"":null}",980.0,1032774.0,980.0,734449.0,980.0,734449.0,832.2981825722381,624727.4937840396,832.2981825722381,0.0,0.0,1580.464226656477,916255.6516841203,0.0,22.603852409247683,4.0,2984.0,0.0,0.0,88.00000000512227,65898.59999934792,8.700000000005275,1876.9500000004077,49.000000002852175,36722.449999893586,0.0,0.0,0.0,0.0,0.0,0.0,9.800000000000182,7344.490000000022,490.0,367224.5,0.0,216.0,499.79999999998836,374568.9900000009,0.0,0.0,1580.464226656477,916255.6516841203
1049,2022-11-15,2022,True,32.87123287671233,980,980,1216,625559.7919666119,1527.7425088071982,76396,29,0.0,0.8265747464577874,0.17369209612490752,0.1490789535939235,0.07841369162519331,0.38397029265566646,0.9564897959183674,0.13050308593435467,842498.6041929256,0,False,False,True,"{""0"":null,""1"":null,""2"":null,""3"":null}",980.0,1033754.0,980.0,735429.0,980.0,735429.0,832.2981825722381,625559.7919666119,832.2981825722381,0.0,0.0,1527.7425088072196,917783.3941929275,0.0,22.603852409247683,4.0,2988.0,0.0,0.0,88.00000000512227,65986.59999935304,0.0,1876.9500000004077,49.000000002852175,36771.44999989644,0.0,0.0,0.0,0.0,0.0,0.0,9.800000000000182,7354.290000000022,490.0,367714.5,0.0,216.0,499.79999999998836,375068.7900000009,0.0,0.0,1527.7425088072196,917783.3941929275
1050,2022-11-16,2022,True,32.87397260273973,980,980,1216,626392.0901491841,1449.2301846805806,76506,45,0.0,0.8215309505618612,0.1627590807510762,0.14905271156017064,0.0785178873166147,0.38397029265566646,0.956423469387755,0.1548014593524904,843448.0343776061,0,False,False,True,"{""0"":null,""1"":null,""2"":null,""3"":null}",980.0,1034734.0,980.0,736409.0,980.0,736409.0,832.2981825722381,626392.0901491841,832.2981825722381,0.0,0.0,1449.2301846805494,919232.6243776081,0.0,22.603852409247683,4.0,2992.0,0.0,0.0,88.00000000512227,66074.59999935816,0.0,1876.9500000004077,49.000000002852175,36820.44999989929,0.0,0.0,0.0,0.0,0.0,0.0,9.800000000000182,7364.090000000022,490.0,368204.5,0.0,216.0,499.79999999998836,375568.5900000009,0.0,0.0,1449.2301846805494,919232.6243776081
1051,2022-11-17,2022,True,32.87671232876713,980,980,1216,627224.3883317563,1337.7100031042633,76613,48,0.0,0.8285074713646142,0.1615535813312942,0.1490347779083774,0.07873050050887317,0.38397029265566646,0.9563469387755102,0.17716811740428556,844285.9443807104,0,False,False,True,"{""0"":null,""1"":null,""2"":null,""3"":null}",980.0,1035714.0,980.0,737389.0,980.0,737389.0,832.2981825722381,627224.3883317563,832.2981825722381,0.0,0.0,1337.7100031042937,920570.3343807124,0.0,22.603852409247683,4.0,2996.0,0.0,0.0,88.00000000512227,66162.59999936329,2.2500000000013642,1879.200000000409,49.000000002852175,36869.44999990214,0.0,0.0,0.0,0.0,0.0,0.0,9.800000000000182,7373.890000000022,490.0,368694.5,0.0,216.0,499.79999999998836,376068.3900000009,0.0,0.0,1337.7100031042937,920570.3343807124
1052,2022-11-18,2022,True,32.87945205479452,980,980,1216,628056.6865143286,1315.207973895641,76709,55,0.0,0.7989391978113782,0.1956949973871314,0.14905525800112102,0.078793516520414,0.38397029265566646,0.9562448979591837,0.19774306816910892,845101.3523546059,0,False,False,True,"{""0"":null,""1"":null,""2"":null,""3"":null}",980.0,1036694.0,980.0,738369.0,980.0,738369.0,832.2981825722381,628056.6865143286,832.2981825722381,0.0,0.0,1315.2079738955945,921885.542354608,0.0,22.603852409247683,4.0,3000.0,0.0,0.0,88.00000000512227,66250.59999936841,2.1000000000012733,1881.3000000004104,49.000000002852175,36918.449999904995,0.0,0.0,0.0,0.0,0.0,0.0,9.800000000000182,7383.690000000022,490.0,369184.5,0.0,216.0,499.79999999998836,376568.1900000009,0.0,0.0,1315.2079738955945,921885.542354608
1053,2022-11-19,2022,False,32.88219178082192,982,0,1218,628056.6865143286,0.0,75863,55,0.0,,,0.14873312346736545,0.07730651123551813,0.383706526009486,0.9566038696537678,0.12385695950503757,845099.3523546059,0,False,False,True,"{""0"":null,""1"":null,""2"":null,""3"":null}",982.0,1037676.0,0.0,738369.0,0.0,738369.0,0.0,628056.6865143286,0.0,0.0,0.0,0.0,921885.542354608,0.0,22.603852409247683,0.0,3000.0,0.0,0.0,0.0,66250.59999936841,0.0,1881.3000000004104,0.0,36918.449999904995,0.0,0.0,0.0,0.0,0.0,0.0,0.0,7383.690000000022,0.0,369184.5,2.0,218.0,0.0,376568.1900000009,0.0,0.0,0.0,921885.542354608
1054,2022-11-20,2022,False,32.88493150684931,982,0,1218,628056.6865143286,0.0,75863,55,0.0,,,0.14873312346736545,0.07730651123551814,0.383706526009486,0.9566038696537678,0.07623016490765307,845099.3523546059,0,False,False,True,"{""0"":null,""1"":null,""2"":null,""3"":null}",982.0,1038658.0,0.0,738369.0,0.0,738369.0,0.0,628056.6865143286,0.0,0.0,0.0,0.0,921885.542354608,0.0,22.603852409247683,0.0,3000.0,0.0,0.0,0.0,66250.59999936841,0.0,1881.3000000004104,0.0,36918.449999904995,0.0,0.0,0.0,0.0,0.0,0.0,0.0,7383.690000000022,0.0,369184.5,0.0,218.0,0.0,376568.1900000009,0.0,0.0,0.0,921885.542354608
1055,2022-11-21,2022,True,32.88767123287671,982,982,1218,628890.6347948293,1600.0292346025647,76857,18,0.0,0.8543612627382879,0.12717147566401085,0.14873312346736545,0.07730651123551813,0.383706526009486,0.9558452138492871,0.10443589891845215,846198.5615892085,0,False,False,True,"{""0"":null,""1"":null,""2"":null,""3"":null}",982.0,1039640.0,982.0,739351.0,982.0,739351.0,833.9482805007137,628890.6347948293,833.9482805007137,0.0,0.0,1600.0292346025817,923485.5715892105,0.0,22.603852409247683,4.0,3004.0,0.0,0.0,88.20000000513392,66338.79999937354,8.250000000005002,1889.5500000004154,49.100000002857996,36967.54999990785,0.0,0.0,0.0,0.0,0.0,0.0,9.819999999999709,7393.510000000022,491.0,369675.5,0.0,218.0,500.820000000007,377069.0100000009,0.0,0.0,1600.0292346025817,923485.5715892105
1056,2022-11-22,2022,True,32.89041095890411,983,983,1219,629725.3461976404,1524.849364475461,76893,39,0.0,0.8209305408630566,0.1750316803911481,0.14873361321899595,0.07676716344797763,0.38371712420423265,0.9557222787385554,0.13063008134163695,847221.080953684,0,False,False,True,"{""0"":null,""1"":null,""2"":null,""3"":null}",983.0,1040623.0,983.0,740334.0,983.0,740334.0,834.71140281111,629725.3461976404,834.71140281111,0.0,0.0,1524.8493644754635,925010.420953686,0.0,22.603852409247683,4.0,3008.0,0.0,0.0,88.30000000513974,66427.09999937868,0.0,1889.5500000004154,49.15000000286091,37016.699999910714,0.0,0.0,0.0,0.0,0.0,0.0,9.829999999999927,7403.340000000022,491.5,370167.0,1.0,219.0,501.3300000000163,377570.3400000009,0.0,0.0,1524.8493644754635,925010.420953686
1057,2022-11-23,2022,True,32.893150684931506,983,983,1220,630560.0383387696,1442.831039573976,76998,58,0.0,0.845378270131491,0.14159150545599686,0.149021956443474,0.0763662969907264,0.3836406962841632,0.9553001017293997,0.15498767709125608,848161.5819932581,0,False,False,True,"{""0"":null,""1"":null,""2"":null,""3"":null}",983.0,1041606.0,983.0,741317.0,983.0,741317.0,834.6921411291696,630560.0383387696,834.6921411291696,0.0,0.0,1442.8310395739973,926453.25199326,0.0,22.603852409247683,4.0,3012.0,0.0,0.0,88.30000000513974,66515.39999938382,0.0,1889.5500000004154,49.15000000286091,37065.849999913575,0.0,0.0,0.0,0.0,0.0,0.0,9.829999999999927,7413.170000000022,491.5,370658.5,1.0,220.0,501.3300000000163,378071.6700000009,0.0,0.0,1442.8310395739973,926453.25199326
1058,2022-11-24,2022,True,32.895890410958906,984,984,1221,631395.4657227898,1361.0302554782727,77115,71,0.0,0.8313200257531397,0.15607204990841436,0.14873686867777663,0.07554185490809846,0.38344379639448567,0.9549898373983741,0.17726660999970678,849019.7722487363,0,False,False,True,"{""0"":null,""1"":null,""2"":null,""3"":null}",984.0,1042590.0,984.0,742301.0,984.0,742301.0,835.4273840201786,631395.4657227898,835.4273840201786,0.0,0.0,1361.0302554782247,927814.2822487382,0.0,22.603852409247683,4.0,3016.0,0.0,0.0,88.40000000514556,66603.79999938897,2.700000000001637,1892.250000000417,49.20000000286382,37115.04999991644,0.0,0.0,0.0,0.0,0.0,0.0,9.840000000000146,7423.010000000022,492.0,371150.5,1.0,221.0,501.8400000000256,378573.51000000094,0.0,0.0,1361.0302554782247,927814.2822487382
1059,2022-11-25,2022,True,32.8986301369863,983,983,1221,632230.1665234742,1295.9362158931626,77214,71,0.0,0.8046889550082973,0.18128101751453857,0.14889631965132483,0.07578609551680655,0.3836406962841632,0.9550661241098678,0.19804869454990068,849814.3784646295,0,False,False,True,"{""0"":null,""1"":null,""2"":null,""3"":null}",983.0,1043573.0,983.0,743284.0,983.0,743284.0,834.7008006843971,632230.1665234742,834.7008006843971,0.0,0.0,1295.9362158931326,929110.2184646314,0.0,22.603852409247683,4.0,3020.0,0.0,0.0,88.30000000513974,66692.09999939411,3.15000000000191,1895.400000000419,49.15000000286091,37164.1999999193,0.0,0.0,0.0,0.0,0.0,0.0,9.829999999999927,7432.840000000022,491.5,371642.0,0.0,221.0,501.3300000000163,379074.84000000096,0.0,0.0,1295.9362158931326,929110.2184646314
1060,2022-11-26,2022,False,32.9013698630137,983,0,1221,632230.1665234742,0.0,76363,71,0.0,,,0.14889407548744404,0.07584722028806937,0.3836406962841632,0.9558697863682605,0.12449632124837447,849814.3784646295,0,False,False,True,"{""0"":null,""1"":null,""2"":null,""3"":null}",983.0,1044556.0,0.0,743284.0,0.0,743284.0,0.0,632230.1665234742,0.0,0.0,0.0,0.0,929110.2184646314,0.0,22.603852409247683,0.0,3020.0,0.0,0.0,0.0,66692.09999939411,0.0,1895.400000000419,0.0,37164.1999999193,0.0,0.0,0.0,0.0,0.0,0.0,0.0,7432.840000000022,0.0,371642.0,0.0,221.0,0.0,379074.84000000096,0.0,0.0,0.0,929110.2184646314
1061,2022-11-27,2022,False,32.9041095890411,983,0,1221,632230.1665234742,0.0,76363,71,0.0,,,0.14889407548744402,0.07584722028806935,0.3836406962841632,0.9558697863682605,0.07687587270975374,849814.3784646295,0,False,False,True,"{""0"":null,""1"":null,""2"":null,""3"":null}",983.0,1045539.0,0.0,743284.0,0.0,743284.0,0.0,632230.1665234742,0.0,0.0,0.0,0.0,929110.2184646314,0.0,22.603852409247683,0.0,3020.0,0.0,0.0,0.0,66692.09999939411,0.0,1895.400000000419,0.0,37164.1999999193,0.0,0.0,0.0,0.0,0.0,0.0,0.0,7432.840000000022,0.0,371642.0,0.0,221.0,0.0,379074.84000000096,0.0,0.0,0.0,929110.2184646314
1062,2022-11-28,2022,True,32.90684931506849,984,984,1222,633065.6593498974,1623.096526919121,77382,19,0.0,0.8556995870732242,0.13523485651173567,0.14901547525359288,0.0754034518882902,0.3838928277044169,0.9550711382113821,0.10503278230863868,850934.6349915487,0,False,False,True,"{""0"":null,""1"":null,""2"":null,""3"":null}",984.0,1046523.0,984.0,744268.0,984.0,744268.0,835.4928264232585,633065.6593498974,835.4928264232585,0.0,0.0,1623.0965269191656,930733.3149915505,0.0,22.603852409247683,4.0,3024.0,0.0,0.0,88.40000000514556,66780.49999939925,10.200000000006185,1905.600000000425,49.20000000286382,37213.39999992216,0.0,0.0,0.0,0.0,0.0,0.0,9.840000000000146,7442.680000000022,492.0,372134.0,1.0,222.0,501.8400000000256,379576.680000001,0.0,0.0,1623.0965269191656,930733.3149915505
1063,2022-11-29,2022,True,32.90958904109589,984,984,1222,633901.1521763207,1511.5782535042642,77403,34,0.0,0.8404470875683082,0.1464187010417879,0.14898755663061106,0.07560331209143262,0.3838928277044169,0.9554776422764227,0.13128151494912083,851944.373245053,0,False,False,True,"{""0"":null,""1"":null,""2"":null,""3"":null}",984.0,1047507.0,984.0,745252.0,984.0,745252.0,835.4928264232585,633901.1521763207,835.4928264232585,0.0,0.0,1511.578253504238,932244.8932450548,0.0,22.603852409247683,4.0,3028.0,0.0,0.0,88.40000000514556,66868.8999994044,0.45000000000027285,1906.0500000004254,49.20000000286382,37262.59999992503,0.0,0.0,0.0,0.0,0.0,0.0,9.840000000000146,7452.520000000022,492.0,372626.0,0.0,222.0,501.8400000000256,380078.520000001,0.0,0.0,1511.578253504238,932244.8932450548
1064,2022-11-30,2022,True,32.912328767123284,984,984,1222,634736.6450027439,1422.420663679694,77499,47,0.0,0.8353742834663369,0.16956409455506086,0.14897713043624977,0.07577913534480321,0.3838928277044169,0.9552947154471545,0.15559027392311545,852864.9539087327,0,False,False,True,"{""0"":null,""1"":null,""2"":null,""3"":null}",984.0,1048491.0,984.0,746236.0,984.0,746236.0,835.4928264232585,634736.6450027439,835.4928264232585,0.0,0.0,1422.420663679717,933667.3139087345,0.0,22.603852409247683,4.0,3032.0,0.0,0.0,88.40000000514556,66957.29999940954,0.0,1906.0500000004254,49.20000000286382,37311.79999992789,0.0,0.0,0.0,0.0,0.0,0.0,9.840000000000146,7462.360000000022,492.0,373118.0,0.0,222.0,501.8400000000256,380580.36000000103,0.0,0.0,1422.420663679717,933667.3139087345
1065,2022-12-01,2022,True,32.915068493150685,984,984,1222,635572.1378291672,1341.993735091758,77623,44,0.0,0.8100491337368936,0.17933666152203515,0.14902570986392663,0.07590905662507963,0.3838928277044169,0.9553099593495935,0.17802380932673098,853705.1076438245,0,False,False,True,"{""0"":null,""1"":null,""2"":null,""3"":null}",984.0,1049475.0,984.0,747220.0,984.0,747220.0,835.4928264232585,635572.1378291672,835.4928264232585,0.0,0.0,1341.9937350917608,935009.3076438262,0.0,22.603852409247683,4.0,3036.0,0.0,0.0,88.40000000514556,67045.69999941469,2.400000000001455,1908.4500000004268,49.20000000286382,37360.999999930755,0.0,0.0,0.0,0.0,0.0,0.0,9.840000000000146,7472.200000000023,492.0,373610.0,0.0,222.0,501.8400000000256,381082.20000000106,0.0,0.0,1341.9937350917608,935009.3076438262
1066,2022-12-02,2022,True,32.917808219178085,985,985,1223,636408.3894321556,1303.3395665012595,77724,44,0.1088969283339966,0.8070883644567189,0.18205337657273632,0.148708468475708,0.07514091214777921,0.3836959278147394,0.9551116751269035,0.1985495188040556,854505.0972103258,0,False,False,True,"{""0"":null,""1"":null,""2"":null,""3"":null}",985.0,1050460.0,985.0,748205.0,985.0,748205.0,836.2516029884573,636408.3894321556,836.2516029884573,0.0,0.0,1303.3395665012067,936312.6472103274,0.10889692833399778,22.71274933758168,4.0,3040.0,0.0,0.0,88.50000000515138,67134.19999941984,2.700000000001637,1911.1500000004285,49.25000000286673,37410.24999993362,0.0,0.0,0.0,0.0,0.0,0.0,9.850000000000364,7482.050000000023,492.5,374102.5,1.0,223.0,502.3499999999767,381584.55000000104,0.0,0.0,1303.3395665012067,936312.6472103274
1067,2022-12-03,2022,False,32.92054794520548,985,0,1223,636408.3894321556,0.0,76863,44,0.0,,,0.14866307467315903,0.07530530035774131,0.3836959278147394,0.9558274111675127,0.12501348958950423,854505.0972103258,0,False,False,True,"{""0"":null,""1"":null,""2"":null,""3"":null}",985.0,1051445.0,0.0,748205.0,0.0,748205.0,0.0,636408.3894321556,0.0,0.0,0.0,0.0,936312.6472103274,0.0,22.71274933758168,0.0,3040.0,0.0,0.0,0.0,67134.19999941984,0.0,1911.1500000004285,0.0,37410.24999993362,0.0,0.0,0.0,0.0,0.0,0.0,0.0,7482.050000000023,0.0,374102.5,0.0,223.0,0.0,381584.55000000104,0.0,0.0,0.0,936312.6472103274
1068,2022-12-04,2022,False,32.92328767123288,986,0,1224,636408.3894321556,0.0,76863,44,0.0,,,0.14878838795636706,0.074870443138542,0.3839440200763745,0.9555679513184584,0.0773949446580611,854504.0972103258,0,False,False,True,"{""0"":null,""1"":null,""2"":null,""3"":null}",986.0,1052431.0,0.0,748205.0,0.0,748205.0,0.0,636408.3894321556,0.0,0.0,0.0,0.0,936312.6472103274,0.0,22.71274933758168,0.0,3040.0,0.0,0.0,0.0,67134.19999941984,0.0,1911.1500000004285,0.0,37410.24999993362,0.0,0.0,0.0,0.0,0.0,0.0,0.0,7482.050000000023,0.0,374102.5,1.0,224.0,0.0,381584.55000000104,0.0,0.0,0.0,936312.6472103274
1069,2022-12-05,2022,True,32.92602739726027,987,987,1225,637246.2372472788,1619.6746703233737,77847,19,0.0,0.8287768526339535,0.14833490195357618,0.1487547889749467,0.07415960877468429,0.38395461827112115,0.954594731509625,0.1054767866504697,855619.4018806492,0,False,False,True,"{""0"":null,""1"":null,""2"":null,""3"":null}",987.0,1053418.0,987.0,749192.0,987.0,749192.0,837.8478151231539,637246.2372472788,837.8478151231539,0.0,0.0,1619.6746703233803,937932.3218806508,0.0,22.71274933758168,4.0,3044.0,0.0,0.0,88.70000000516302,67222.899999425,6.600000000004002,1917.7500000004325,49.35000000287255,37459.599999936494,0.0,0.0,0.0,0.0,0.0,0.0,9.86999999999989,7491.920000000023,493.5,374596.0,1.0,225.0,503.36999999999534,382087.92000000103,0.0,0.0,1619.6746703233803,937932.3218806508
1070,2022-12-06,2022,True,32.92876712328767,987,987,1225,638084.085062402,1514.9078074552938,77900,36,0.0,0.8459800459174629,0.13857833457303292,0.1487147444842301,0.07431917432601882,0.38395461827112115,0.9547973657548126,0.1316191981739055,856630.9396881044,0,False,False,True,"{""0"":null,""1"":null,""2"":null,""3"":null}",987.0,1054405.0,987.0,750179.0,987.0,750179.0,837.8478151231539,638084.085062402,837.8478151231539,0.0,0.0,1514.9078074552817,939447.2296881061,0.0,22.71274933758168,4.0,3048.0,0.0,0.0,88.70000000516302,67311.59999943017,0.0,1917.7500000004325,49.35000000287255,37508.94999993937,0.0,0.0,0.0,0.0,0.0,0.0,9.86999999999989,7501.790000000023,493.5,375089.5,0.0,225.0,503.36999999999534,382591.290000001,0.0,0.0,1514.9078074552817,939447.2296881061
1071,2022-12-07,2022,True,32.93150684931507,988,988,1226,638922.7054209177,1471.0767248982088,77996,59,0.0,0.8319851682295585,0.1558446049684367,0.1487424299397986,0.07366950947760612,0.38388878854579833,0.9543168016194332,0.15583995384774812,857597.1364130026,0,False,False,True,"{""0"":null,""1"":null,""2"":null,""3"":null}",988.0,1055393.0,988.0,751167.0,988.0,751167.0,838.6203585157637,638922.7054209177,838.6203585157637,0.0,0.0,1471.0767248981865,940918.3064130043,0.0,22.71274933758168,4.0,3052.0,0.0,0.0,88.80000000516884,67400.39999943534,0.0,1917.7500000004325,49.40000000287546,37558.34999994224,0.0,0.0,0.0,0.0,0.0,0.0,9.88000000000011,7511.670000000023,494.0,375583.5,1.0,226.0,503.88000000000466,383095.17000000103,0.0,0.0,1471.0767248981865,940918.3064130043
1072,2022-12-08,2022,True,32.93424657534246,988,988,1226,639761.3257794335,1370.5000216800438,78128,55,0.0,0.8156588367148969,0.18108081406421458,0.1486691064470149,0.0737585341245094,0.38388878854579833,0.9543775303643725,0.17816056177272407,858463.7564346826,0,False,False,True,"{""0"":null,""1"":null,""2"":null,""3"":null}",988.0,1056381.0,988.0,752155.0,988.0,752155.0,838.6203585157637,639761.3257794335,838.6203585157637,0.0,0.0,1370.5000216800254,942288.8064346843,0.0,22.71274933758168,4.0,3056.0,0.0,0.0,88.80000000516884,67489.1999994405,2.850000000001728,1920.6000000004342,49.40000000287546,37607.74999994512,0.0,0.0,0.0,0.0,0.0,0.0,9.88000000000011,7521.550000000023,494.0,376077.5,0.0,226.0,503.88000000000466,383599.05000000104,0.0,0.0,1370.5000216800254,942288.8064346843
1073,2022-12-09,2022,True,32.93698630136986,988,988,1226,640599.9461379492,1304.370015741026,78230,57,0.0,0.8217244098828236,0.17706810724462563,0.14866585749410202,0.07393034401315052,0.38388878854579833,0.9547216599190284,0.19872745554778976,859264.2464504236,0,False,False,True,"{""0"":null,""1"":null,""2"":null,""3"":null}",988.0,1057369.0,988.0,753143.0,988.0,753143.0,838.6203585157637,640599.9461379492,838.6203585157637,0.0,0.0,1304.3700157409767,943593.1764504253,0.0,22.71274933758168,4.0,3060.0,0.0,0.0,88.80000000516884,67577.99999944567,2.550000000001546,1923.1500000004357,49.40000000287546,37657.14999994799,0.0,0.0,0.0,0.0,0.0,0.0,9.88000000000011,7531.430000000023,494.0,376571.5,0.0,226.0,503.88000000000466,384102.93000000104,0.0,0.0,1304.3700157409767,943593.1764504253
1074,2022-12-10,2022,False,32.93972602739726,988,0,1226,640599.9461379492,0.0,77363,57,0.0,,,0.1486348502837269,0.07410874625759924,0.38388878854579833,0.9557793522267206,0.1253243279146766,859264.2464504236,0,False,False,True,"{""0"":null,""1"":null,""2"":null,""3"":null}",988.0,1058357.0,0.0,753143.0,0.0,753143.0,0.0,640599.9461379492,0.0,0.0,0.0,0.0,943593.1764504253,0.0,22.71274933758168,0.0,3060.0,0.0,0.0,0.0,67577.99999944567,0.0,1923.1500000004357,0.0,37657.14999994799,0.0,0.0,0.0,0.0,0.0,0.0,0.0,7531.430000000023,0.0,376571.5,0.0,226.0,0.0,384102.93000000104,0.0,0.0,0.0,943593.1764504253
1075,2022-12-11,2022,False,32.942465753424656,987,0,1226,640599.9461379492,0.0,77363,57,0.0,,,0.14912316076924664,0.07437609914113778,0.38408568843547586,0.9557345491388044,0.07789190507975241,859264.2464504236,0,False,False,True,"{""0"":null,""1"":null,""2"":null,""3"":null}",987.0,1059344.0,0.0,753143.0,0.0,753143.0,0.0,640599.9461379492,0.0,0.0,0.0,0.0,943593.1764504253,0.0,22.71274933758168,0.0,3060.0,0.0,0.0,0.0,67577.99999944567,0.0,1923.1500000004357,0.0,37657.14999994799,0.0,0.0,0.0,0.0,0.0,0.0,0.0,7531.430000000023,0.0,376571.5,0.0,226.0,0.0,384102.93000000104,0.0,0.0,0.0,943593.1764504253
1076,2022-12-12,2022,True,32.945205479452056,987,987,1226,641437.7869504748,1635.2342180614396,78355,22,0.14413206002596118,0.8418755006860887,0.14470990667157502,0.14912316076924667,0.07437609914113776,0.38408568843547586,0.9547821681864235,0.10604758277712521,860396.110668485,0,False,False,True,"{""0"":null,""1"":null,""2"":null,""3"":null}",987.0,1060331.0,987.0,754130.0,987.0,754130.0,837.8408125255955,641437.7869504748,837.8408125255955,0.0,0.0,1635.234218061436,945228.4106684867,0.14413206002596013,22.85688139760764,4.0,3064.0,0.0,0.0,88.70000000516302,67666.69999945084,8.550000000005184,1931.700000000441,49.35000000287255,37706.499999950865,0.0,0.0,0.0,0.0,0.0,0.0,9.86999999999989,7541.300000000023,493.5,377065.0,0.0,226.0,503.36999999999534,384606.30000000104,0.0,0.0,1635.234218061436,945228.4106684867
1077,2022-12-13,2022,True,32.94794520547945,986,986,1226,642274.8250487227,1538.4074634606884,78399,42,0.08076277565077974,0.8346979921000659,0.16333755928064989,0.14878344102005286,0.07411161182407976,0.3838375961738407,0.954974645030426,0.13232811091469343,861431.6581319458,0,False,False,True,"{""0"":null,""1"":null,""2"":null,""3"":null}",986.0,1061317.0,986.0,755116.0,986.0,755116.0,837.0380982478382,642274.8250487227,837.0380982478382,0.0,0.0,1538.407463460695,946766.8181319474,0.08076277565077916,22.93764417325842,4.0,3068.0,0.0,0.0,88.6000000051572,67755.299999456,0.0,1931.700000000441,49.30000000286964,37755.799999953735,0.0,0.0,0.0,0.0,0.0,0.0,9.859999999999673,7551.160000000023,493.0,377558.0,0.0,226.0,502.85999999998603,385109.160000001,0.0,0.0,1538.407463460695,946766.8181319474
1078,2022-12-14,2022,True,32.95068493150685,986,986,1226,643111.8631469705,1441.696162024957,78519,51,0.19005336493147768,0.8336528966425281,0.13931833122035966,0.14877704462420993,0.07423740183153577,0.3838375961738407,0.9551622718052738,0.15658627462705435,862370.4942939708,0,False,False,True,"{""0"":null,""1"":null,""2"":null,""3"":null}",986.0,1062303.0,986.0,756102.0,986.0,756102.0,837.0380982478382,643111.8631469705,837.0380982478382,0.0,0.0,1441.6961620249785,948208.5142939724,0.19005336493147595,23.127697538189896,4.0,3072.0,0.0,0.0,88.6000000051572,67843.89999946115,0.0,1931.700000000441,49.30000000286964,37805.099999956605,0.0,0.0,0.0,0.0,0.0,0.0,9.859999999999673,7561.020000000022,493.0,378051.0,0.0,226.0,502.85999999998603,385612.020000001,0.0,0.0,1441.6961620249785,948208.5142939724
1079,2022-12-15,2022,True,32.95342465753425,986,986,1226,643948.9012452184,1380.7465584539648,78623,43,0.15765387749776313,0.8113890717577353,0.18765025590458753,0.14874974295909765,0.0743945388943618,0.3838375961738407,0.9552180527383367,0.1790080154890018,863248.3808524248,0,False,False,True,"{""0"":null,""1"":null,""2"":null,""3"":null}",986.0,1063289.0,986.0,757088.0,986.0,757088.0,837.0380982478382,643948.9012452184,837.0380982478382,0.0,0.0,1380.7465584540041,949589.2608524264,0.15765387749776139,23.285351415687657,4.0,3076.0,0.0,0.0,88.6000000051572,67932.49999946631,3.300000000002001,1935.000000000443,49.30000000286964,37854.399999959474,0.0,0.0,0.0,0.0,0.0,0.0,9.859999999999673,7570.880000000022,493.0,378544.0,0.0,226.0,502.85999999998603,386114.880000001,0.0,0.0,1380.7465584540041,949589.2608524264
1080,2022-12-16,2022,True,32.95616438356164,986,986,1226,644785.9393434662,1306.0090651411267,78725,41,0.0,0.8204493087557604,0.18177736300887454,0.1487181818979954,0.07454228057510374,0.3838375961738407,0.9552738336713996,0.19954834229074536,864051.5299175659,0,False,False,True,"{""0"":null,""1"":null,""2"":null,""3"":null}",986.0,1064275.0,986.0,758074.0,986.0,758074.0,837.0380982478382,644785.9393434662,837.0380982478382,0.0,0.0,1306.0090651410865,950895.2699175675,0.0,23.285351415687657,4.0,3080.0,0.0,0.0,88.6000000051572,68021.09999947147,3.000000000001819,1938.0000000004447,49.30000000286964,37903.699999962344,0.0,0.0,0.0,0.0,0.0,0.0,9.859999999999673,7580.740000000022,493.0,379037.0,0.0,226.0,502.85999999998603,386617.740000001,0.0,0.0,1306.0090651410865,950895.2699175675
1081,2022-12-17,2022,False,32.95890410958904,985,0,1226,644785.9393434662,0.0,77863,41,0.0,,,0.14886412547296085,0.07485729556996903,0.38390342589916354,0.9559644670050761,0.12608989387608824,864051.5299175659,0,False,False,True,"{""0"":null,""1"":null,""2"":null,""3"":null}",985.0,1065260.0,0.0,758074.0,0.0,758074.0,0.0,644785.9393434662,0.0,0.0,0.0,0.0,950895.2699175675,0.0,23.285351415687657,0.0,3080.0,0.0,0.0,0.0,68021.09999947147,0.0,1938.0000000004447,0.0,37903.699999962344,0.0,0.0,0.0,0.0,0.0,0.0,0.0,7580.740000000022,0.0,379037.0,0.0,226.0,0.0,386617.740000001,0.0,0.0,0.0,950895.2699175675
1082,2022-12-18,2022,False,32.961643835616435,985,0,1226,644785.9393434662,0.0,77863,41,0.0,,,0.14886412547296085,0.07485729556996902,0.38390342589916354,0.9559644670050761,0.07853014656043397,864051.5299175659,0,False,False,True,"{""0"":null,""1"":null,""2"":null,""3"":null}",985.0,1066245.0,0.0,758074.0,0.0,758074.0,0.0,644785.9393434662,0.0,0.0,0.0,0.0,950895.2699175675,0.0,23.285351415687657,0.0,3080.0,0.0,0.0,0.0,68021.09999947147,0.0,1938.0000000004447,0.0,37903.699999962344,0.0,0.0,0.0,0.0,0.0,0.0,0.0,7580.740000000022,0.0,379037.0,0.0,226.0,0.0,386617.740000001,0.0,0.0,0.0,950895.2699175675
1083,2022-12-19,2022,True,32.964383561643835,985,985,1226,645622.1599427417,1586.6050821624444,78830,28,0.0,0.834473324395711,0.15777024164086945,0.14886412547296085,0.07485729556996905,0.38390342589916354,0.9550456852791879,0.10668988829763189,865135.7849997283,0,False,False,True,"{""0"":null,""1"":null,""2"":null,""3"":null}",985.0,1067230.0,985.0,759059.0,985.0,759059.0,836.220599275548,645622.1599427417,836.220599275548,0.0,0.0,1586.605082162423,952481.8749997299,0.0,23.285351415687657,4.0,3084.0,0.0,0.0,88.50000000515138,68109.59999947662,6.150000000003729,1944.1500000004485,49.25000000286673,37952.94999996521,0.0,0.0,0.0,0.0,0.0,0.0,9.850000000000364,7590.590000000022,492.5,379529.5,0.0,226.0,502.3499999999767,387120.09000000096,0.0,0.0,1586.605082162423,952481.8749997299
1084,2022-12-20,2022,True,32.967123287671235,985,985,1226,646458.3805420173,1505.3929596800397,78902,49,0.049012062817565316,0.8447101558397945,0.13673905829515567,0.14875902068585914,0.07499818857286165,0.38390342589916354,0.9553299492385787,0.13296349184667777,866138.8279594084,0,False,False,True,"{""0"":null,""1"":null,""2"":null,""3"":null}",985.0,1068215.0,985.0,760044.0,985.0,760044.0,836.220599275548,646458.3805420173,836.220599275548,0.0,0.0,1505.392959680059,953987.26795941,0.04901206281756387,23.33436347850522,4.0,3088.0,0.0,0.0,88.50000000515138,68198.09999948177,0.0,1944.1500000004485,49.25000000286673,38002.19999996808,0.0,0.0,0.0,0.0,0.0,0.0,9.850000000000364,7600.440000000022,492.5,380022.0,0.0,226.0,502.3499999999767,387622.44000000093,0.0,0.0,1505.392959680059,953987.26795941
1085,2022-12-21,2022,True,32.96986301369863,986,986,1227,647295.5030565225,1436.4991191909678,79006,68,0.0,0.8296689688530818,0.17449161701443172,0.14848830377781425,0.0742174536683599,0.383706526009486,0.9551774847870182,0.15718707415684952,867071.4670785994,0,False,False,True,"{""0"":null,""1"":null,""2"":null,""3"":null}",986.0,1069201.0,986.0,761030.0,986.0,761030.0,837.1225145051721,647295.5030565225,837.1225145051721,0.0,0.0,1436.4991191909648,955423.7670786009,0.0,23.33436347850522,4.0,3092.0,0.0,0.0,88.6000000051572,68286.69999948693,0.0,1944.1500000004485,49.30000000286964,38051.49999997095,0.0,0.0,0.0,0.0,0.0,0.0,9.859999999999673,7610.300000000022,493.0,380515.0,1.0,227.0,502.85999999998603,388125.3000000009,0.0,0.0,1436.4991191909648,955423.7670786009
1086,2022-12-22,2022,True,32.97260273972603,986,986,1227,648132.6255710276,1350.2803884531263,79122,65,0.08386600097580624,0.8174117280593518,0.17951188686016817,0.14846328100003023,0.07439721606740426,0.383706526009486,0.955106490872211,0.17951116744335185,867918.8874670526,0,False,False,True,"{""0"":null,""1"":null,""2"":null,""3"":null}",986.0,1070187.0,986.0,762016.0,986.0,762016.0,837.1225145051721,648132.6255710276,837.1225145051721,0.0,0.0,1350.2803884531604,956774.0474670541,0.08386600097580654,23.418229479481028,4.0,3096.0,0.0,0.0,88.6000000051572,68375.29999949208,4.200000000002547,1948.350000000451,49.30000000286964,38100.79999997382,0.0,0.0,0.0,0.0,0.0,0.0,9.859999999999673,7620.160000000022,493.0,381008.0,0.0,227.0,502.85999999998603,388628.1600000009,0.0,0.0,1350.2803884531604,956774.0474670541
1087,2022-12-23,2022,True,32.97534246575343,986,986,1228,648969.9646007721,1317.3205286967057,79220,65,0.0,0.8154656804382022,0.19839339066879286,0.14855775344762057,0.07419421705111522,0.383706526009486,0.9549442190669372,0.20008331480261113,868732.3479957493,0,False,False,True,"{""0"":null,""1"":null,""2"":null,""3"":null}",986.0,1071173.0,986.0,763002.0,986.0,763002.0,837.3390297445003,648969.9646007721,837.3390297445003,0.0,0.0,1317.3205286967568,958091.3679957509,0.0,23.418229479481028,4.0,3100.0,0.0,0.0,88.6000000051572,68463.89999949724,3.15000000000191,1951.500000000453,49.30000000286964,38150.09999997669,0.0,0.0,0.0,0.0,0.0,0.0,9.859999999999673,7630.020000000021,493.0,381501.0,1.0,228.0,502.85999999998603,389131.0200000009,0.0,0.0,1317.3205286967568,958091.3679957509
1088,2022-12-24,2022,False,32.97808219178082,985,0,1228,648969.9646007721,0.0,78363,65,0.0,,,0.1484757853060998,0.07410617145869311,0.3836959278147394,0.9557055837563452,0.12629424269917122,868732.3479957493,0,False,False,True,"{""0"":null,""1"":null,""2"":null,""3"":null}",985.0,1072158.0,0.0,763002.0,0.0,763002.0,0.0,648969.9646007721,0.0,0.0,0.0,0.0,958091.3679957509,0.0,23.418229479481028,0.0,3100.0,0.0,0.0,0.0,68463.89999949724,0.0,1951.500000000453,0.0,38150.09999997669,0.0,0.0,0.0,0.0,0.0,0.0,0.0,7630.020000000021,0.0,381501.0,0.0,228.0,0.0,389131.0200000009,0.0,0.0,0.0,958091.3679957509
1089,2022-12-25,2022,False,32.98082191780822,984,0,1228,648969.9646007721,0.0,78363,65,0.0,,,0.14835335587370335,0.07401310683893941,0.3837617575400622,0.9556605691056911,0.07882615787737565,868732.3479957493,0,False,False,True,"{""0"":null,""1"":null,""2"":null,""3"":null}",984.0,1073142.0,0.0,763002.0,0.0,763002.0,0.0,648969.9646007721,0.0,0.0,0.0,0.0,958091.3679957509,0.0,23.418229479481028,0.0,3100.0,0.0,0.0,0.0,68463.89999949724,0.0,1951.500000000453,0.0,38150.09999997669,0.0,0.0,0.0,0.0,0.0,0.0,0.0,7630.020000000021,0.0,381501.0,0.0,228.0,0.0,389131.0200000009,0.0,0.0,0.0,958091.3679957509
1090,2022-12-26,2022,True,32.983561643835614,983,983,1228,649804.643016799,1593.8606264323305,79353,19,0.0,0.8524888003982081,0.13275702487184354,0.14824569834921883,0.07379729864790359,0.38375115934531556,0.9547405900305188,0.10682548328846474,869824.8786221817,0,False,False,True,"{""0"":null,""1"":null,""2"":null,""3"":null}",983.0,1074125.0,983.0,763985.0,983.0,763985.0,834.6784160268726,649804.643016799,834.6784160268726,0.0,0.0,1593.8606264323462,959685.2286221832,0.0,23.418229479481028,4.0,3104.0,0.0,0.0,88.30000000513974,68552.19999950238,9.750000000005912,1961.2500000004588,49.15000000286091,38199.24999997955,0.0,0.0,0.0,0.0,0.0,0.0,9.829999999999927,7639.850000000021,491.5,381992.5,0.0,228.0,501.3300000000163,389632.3500000009,0.0,0.0,1593.8606264323462,959685.2286221832
1091,2022-12-27,2022,True,32.986301369863014,983,983,1228,650639.3214328259,1506.7319374050678,79405,42,0.0,0.8362244897959183,0.1643238560850579,0.14818921924983255,0.07391261290226282,0.38375115934531556,0.9550762970498474,0.13305720211523422,870830.2805595868,0,False,False,True,"{""0"":null,""1"":null,""2"":null,""3"":null}",983.0,1075108.0,983.0,764968.0,983.0,764968.0,834.6784160268726,650639.3214328259,834.6784160268726,0.0,0.0,1506.7319374050712,961191.9605595883,0.0,23.418229479481028,4.0,3108.0,0.0,0.0,88.30000000513974,68640.49999950752,0.0,1961.2500000004588,49.15000000286091,38248.39999998241,0.0,0.0,0.0,0.0,0.0,0.0,9.829999999999927,7649.680000000021,491.5,382484.0,0.0,228.0,501.3300000000163,390133.6800000009,0.0,0.0,1506.7319374050712,961191.9605595883
1092,2022-12-28,2022,True,32.989041095890414,983,983,1228,651473.9998488527,1434.3180447438056,79496,55,0.0,0.8158495105359217,0.1785100626542624,0.14815332822251742,0.07405543592040274,0.38375115934531556,0.9552034587995931,0.1573359128718694,871763.2686043307,0,False,False,True,"{""0"":null,""1"":null,""2"":null,""3"":null}",983.0,1076091.0,983.0,765951.0,983.0,765951.0,834.6784160268726,651473.9998488527,834.6784160268726,0.0,0.0,1434.31804474385,962626.2786043321,0.0,23.418229479481028,4.0,3112.0,0.0,0.0,88.30000000513974,68728.79999951266,0.0,1961.2500000004588,49.15000000286091,38297.54999998527,0.0,0.0,0.0,0.0,0.0,0.0,9.829999999999927,7659.510000000021,491.5,382975.5,0.0,228.0,501.3300000000163,390635.01000000094,0.0,0.0,1434.31804474385,962626.2786043321
1093,2022-12-29,2022,True,32.99178082191781,983,983,1228,652308.6782648796,1359.6540254084018,79617,53,0.019343473414921836,0.8209391073502572,0.17738394721853046,0.14815071358398724,0.0742128026672571,0.38375115934531556,0.9552492370295015,0.1796592479464312,872621.5926297392,0,False,False,True,"{""0"":null,""1"":null,""2"":null,""3"":null}",983.0,1077074.0,983.0,766934.0,983.0,766934.0,834.6784160268726,652308.6782648796,834.6784160268726,0.0,0.0,1359.6540254084393,963985.9326297406,0.01934347341492071,23.437572952895948,4.0,3116.0,0.0,0.0,88.30000000513974,68817.0999995178,2.850000000001728,1964.1000000004606,49.15000000286091,38346.69999998813,0.0,0.0,0.0,0.0,0.0,0.0,9.829999999999927,7669.340000000021,491.5,383467.0,0.0,228.0,501.3300000000163,391136.34000000096,0.0,0.0,1359.6540254084393,963985.9326297406
1094,2022-12-30,2022,True,32.99452054794521,983,983,1228,653143.3566809065,1302.733962916051,79731,42,0.0,0.8179235108677617,0.16780781279665843,0.14813600837008697,0.07435243812395229,0.38375115934531556,0.9555798575788403,0.20014550430528827,873422.9965926553,0,False,False,True,"{""0"":null,""1"":null,""2"":null,""3"":null}",983.0,1078057.0,983.0,767917.0,983.0,767917.0,834.6784160268726,653143.3566809065,834.6784160268726,0.0,0.0,1302.7339629160706,965288.6665926566,0.0,23.437572952895948,4.0,3120.0,0.0,0.0,88.30000000513974,68905.39999952294,3.450000000002092,1967.5500000004627,49.15000000286091,38395.84999999099,0.0,0.0,0.0,0.0,0.0,0.0,9.829999999999927,7679.170000000021,491.5,383958.5,0.0,228.0,501.3300000000163,391637.670000001,0.0,0.0,1302.7339629160706,965288.6665926566
1095,2022-12-31,2022,False,32.9972602739726,983,0,1229,653143.3566809065,0.0,78863,42,0.0,,,0.14836934245318412,0.07450299323931467,0.38395865742973967,0.9570651068158698,0.12652906461510782,873421.9965926553,0,False,False,True,"{""0"":null,""1"":null,""2"":null,""3"":null}",983.0,1079040.0,0.0,767917.0,0.0,767917.0,0.0,653143.3566809065,0.0,0.0,0.0,0.0,965288.6665926566,0.0,23.437572952895948,0.0,3120.0,0.0,0.0,0.0,68905.39999952294,0.0,1967.5500000004627,0.0,38395.84999999099,0.0,0.0,0.0,0.0,0.0,0.0,0.0,7679.170000000021,0.0,383958.5,1.0,229.0,0.0,391637.670000001,0.0,0.0,0.0,965288.6665926566
