day,calendar_date,fiscal_year,is_workday,organization_age_years,active_members,present_members,ever_people,available_member_work_hours_cumulative,output_work_units,review_backlog_records,appeal_backlog_records,decision_regret_units,participation_fraction,formal_effective_weight_tv,authority_contribution_tv,signed_gini_gap,gini_authority,mean_trust,mean_fatigue,cash_resource_units,adopted_guilds,closed,suspended,work_creation_enabled,adoption_days,active_member_calendar_days_daily,active_member_calendar_days_cumulative,active_member_workdays_daily,active_member_workdays_cumulative,present_member_workdays_daily,present_member_workdays_cumulative,present_member_work_hours_daily,present_member_work_hours_cumulative,available_member_work_hours_daily,post_adoption_available_member_work_hours_daily,post_adoption_available_member_work_hours_cumulative,produced_work_units_daily,produced_work_units_cumulative,decision_regret_units_daily,decision_regret_units_cumulative,decisions_completed_daily,decisions_completed_cumulative,decisions_unresolved_daily,decisions_unresolved_cumulative,review_hours_daily,review_hours_cumulative,appeal_hours_daily,appeal_hours_cumulative,governance_hours_daily,governance_hours_cumulative,training_hours_daily,training_hours_cumulative,migration_resource_units_daily,migration_resource_units_cumulative,dual_run_resource_units_daily,dual_run_resource_units_cumulative,maintenance_resource_units_daily,maintenance_resource_units_cumulative,payroll_resource_units_daily,payroll_resource_units_cumulative,recruitment_resource_units_daily,recruitment_resource_units_cumulative,operating_resource_units_daily,operating_resource_units_cumulative,operating_unfunded_resource_units_daily,operating_unfunded_resource_units_cumulative,revenue_resource_units_daily,revenue_resource_units_cumulative
0,2020-01-01,2020,False,4.0,998,0,1000,0.0,0.0,0,0,0.0,,,0.0,0.0,0.0,0.7,0.0,100000.0,0,False,False,True,"{""0"":null,""1"":null,""2"":null,""3"":null}",998.0,998.0,0.0,0.0,0.0,0.0,0.0,0.0,0.0,0.0,0.0,0.0,0.0,0.0,0.0,0.0,0.0,0.0,0.0,0.0,0.0,0.0,0.0,0.0,0.0,0.0,0.0,0.0,0.0,0.0,0.0,0.0,0.0,0.0,0.0,0.0,0.0,0.0,0.0,0.0,0.0,0.0,0.0
1,2020-01-02,2020,True,4.002732240437158,997,997,1000,845.5430555450879,878.4256833394802,997,0,0.0,0.6819879518072289,0.31801204819277107,0.0,0.0,0.0,0.7,0.0205419164337372,100369.95568333947,0,False,False,True,"{""0"":null,""1"":null,""2"":null,""3"":null}",997.0,1995.0,997.0,997.0,997.0,997.0,845.5430555450879,845.5430555450879,845.5430555450879,0.0,0.0,878.4256833394802,878.4256833394802,0.0,0.0,4.0,4.0,0.0,0.0,0.0,0.0,0.0,0.0,49.849999999999305,49.849999999999305,0.0,0.0,0.0,0.0,0.0,0.0,9.97,9.97,498.5,498.5,0.0,0.0,508.47,508.47,0.0,0.0,878.4256833394802,878.4256833394802
2,2020-01-03,2020,True,4.005464480874317,997,997,1000,1691.086111090176,860.5788435810778,1909,15,0.0,0.6921004016064257,0.3078995983935743,0.0,0.0,0.0,0.6978686058174524,0.03902964122410067,100722.06452692056,0,False,False,True,"{""0"":null,""1"":null,""2"":null,""3"":null}",997.0,2992.0,997.0,1994.0,997.0,1994.0,845.5430555450881,1691.086111090176,845.5430555450881,0.0,0.0,860.5788435810778,1739.004526920558,0.0,0.0,4.0,8.0,0.0,0.0,89.69999999999918,89.69999999999918,0.0,0.0,49.84999999999717,99.69999999999648,0.0,0.0,0.0,0.0,0.0,0.0,9.97,19.94,498.5,997.0,0.0,0.0,508.47,1016.94,0.0,0.0,860.5788435810778,1739.004526920558
3,2020-01-04,2020,False,4.008196721311475,996,0,1000,1691.086111090176,0.0,1097,15,0.0,,,0.24158964234541386,0.2979697487605079,0.38432570237987396,0.7100803212851405,0.00015632447270027058,100722.06452692056,0,False,False,True,"{""0"":null,""1"":null,""2"":null,""3"":null}",996.0,3988.0,0.0,1994.0,0.0,1994.0,0.0,1691.086111090176,0.0,0.0,0.0,0.0,1739.004526920558,0.0,0.0,0.0,8.0,0.0,0.0,0.0,89.69999999999918,0.0,0.0,0.0,99.69999999999648,0.0,0.0,0.0,0.0,0.0,0.0,0.0,19.94,0.0,997.0,0.0,0.0,0.0,1016.94,0.0,0.0,0.0,1739.004526920558
4,2020-01-05,2020,False,4.0109289617486334,996,0,1000,1691.086111090176,0.0,1097,15,0.0,,,0.24158964234541386,0.2979697487605079,0.38432570237987396,0.7100803212851405,0.0,100722.06452692056,0,False,False,True,"{""0"":null,""1"":null,""2"":null,""3"":null}",996.0,4984.0,0.0,1994.0,0.0,1994.0,0.0,1691.086111090176,0.0,0.0,0.0,0.0,1739.004526920558,0.0,0.0,0.0,8.0,0.0,0.0,0.0,89.69999999999918,0.0,0.0,0.0,99.69999999999648,0.0,0.0,0.0,0.0,0.0,0.0,0.0,19.94,0.0,997.0,0.0,0.0,0.0,1016.94,0.0,0.0,0.0,1739.004526920558
5,2020-01-06,2020,True,4.0136612021857925,996,996,1000,2535.657292028861,866.6691752984207,2002,22,0.0,0.6957831325301205,0.28544575725026855,0.24158964234541386,0.2979697487605079,0.38432570237987396,0.7074196787148593,0.02100261974276944,101080.77370221897,0,False,False,True,"{""0"":null,""1"":null,""2"":null,""3"":null}",996.0,5980.0,996.0,2990.0,996.0,2990.0,844.5711809386848,2535.657292028861,844.5711809386848,0.0,0.0,866.6691752984207,2605.6737022189786,0.0,0.0,4.0,12.0,0.0,0.0,89.59999999999492,179.2999999999941,2.2499999999999996,2.2499999999999996,49.800000000003266,149.49999999999974,0.0,0.0,0.0,0.0,0.0,0.0,9.96,29.900000000000002,498.0,1495.0,0.0,0.0,507.96000000000004,1524.9,0.0,0.0,866.6691752984207,2605.6737022189786
6,2020-01-07,2020,True,4.016393442622951,994,994,1000,3378.3860356924406,845.7288280933647,2088,36,0.0,0.6901557844280347,0.2917740780522735,0.22375982217453066,0.2702970865536895,0.3838295178566037,0.7169315895372234,0.04088538554969171,101419.56253031234,0,False,False,True,"{""0"":null,""1"":null,""2"":null,""3"":null}",994.0,6974.0,994.0,3984.0,994.0,3984.0,842.7287436635797,3378.3860356924406,842.7287436635797,0.0,0.0,845.7288280933649,3451.4025303123435,0.0,0.0,4.0,16.0,0.0,0.0,89.3999999999985,268.6999999999926,0.0,2.2499999999999996,49.7000000000113,199.20000000001104,0.0,0.0,0.0,0.0,0.0,0.0,9.940000000000001,39.84,497.0,1992.0,0.0,0.0,506.94000000000005,2031.8400000000001,0.0,0.0,845.7288280933649,3451.4025303123435
7,2020-01-08,2020,True,4.01912568306011,993,993,1000,4220.315780976397,816.5681004419849,2194,58,0.0,0.7150092304702682,0.28620976404144005,0.20808678759254706,0.2455019469861298,0.3835814255949685,0.7264048338368579,0.059812601958439,101729.70063075433,0,False,False,True,"{""0"":null,""1"":null,""2"":null,""3"":null}",993.0,7967.0,993.0,4977.0,993.0,4977.0,841.9297452839564,4220.315780976397,841.9297452839564,0.0,0.0,816.5681004419848,4267.970630754328,0.0,0.0,4.0,20.0,0.0,0.0,89.3000000000203,358.0000000000129,0.0,2.2499999999999996,49.65000000001129,248.85000000002233,0.0,0.0,0.0,0.0,0.0,0.0,9.93,49.77,496.5,2488.5,0.0,0.0,506.42999999999984,2538.27,0.0,0.0,816.5681004419848,4267.970630754328
8,2020-01-09,2020,True,4.021857923497268,994,994,1001,5063.085807100993,795.868071448266,2310,45,0.0,0.7122279440342013,0.2856152477969116,0.19953342382837927,0.23120814651566407,0.3838295178566037,0.7358249496981891,0.07804585271472968,102017.6287022026,0,False,False,True,"{""0"":null,""1"":null,""2"":null,""3"":null}",994.0,8961.0,994.0,5971.0,994.0,5971.0,842.7700261245964,5063.085807100993,842.7700261245964,0.0,0.0,795.8680714482662,5063.8387022025945,0.0,0.0,4.0,24.0,0.0,0.0,89.40000000002033,447.40000000003323,3.300000000000003,5.5500000000000025,49.70000000001127,298.5500000000336,0.0,0.0,0.0,0.0,0.0,0.0,9.939999999999998,59.71,497.0,2985.5,1.0,1.0,506.94000000000005,3045.21,0.0,0.0,795.8680714482662,5063.8387022025945
9,2020-01-10,2020,True,4.024590163934426,994,994,1001,5905.855833225589,772.9768292452679,2399,46,0.03609730747717063,0.7243652027464698,0.28237038448656204,0.19255162010905974,0.21649181135892476,0.3838295178566037,0.7454275653923542,0.095460710665218,102283.66553144786,0,False,False,True,"{""0"":null,""1"":null,""2"":null,""3"":null}",994.0,9955.0,994.0,6965.0,994.0,6965.0,842.7700261245955,5905.855833225589,842.7700261245955,0.0,0.0,772.9768292452682,5836.815531447863,0.03609730747717063,0.03609730747717063,4.0,28.0,0.0,0.0,89.40000000002027,536.8000000000535,2.100000000000005,7.6500000000000075,49.7000000000113,348.2500000000449,0.0,0.0,0.0,0.0,0.0,0.0,9.940000000000005,69.65,497.0,3482.5,0.0,1.0,506.94000000000005,3552.15,0.0,0.0,772.9768292452682,5836.815531447863
10,2020-01-11,2020,False,4.027322404371585,993,0,1001,5905.855833225589,0.0,1597,46,0.0,,,0.1864492853351324,0.20655249047638757,0.38389534758192645,0.7576334340382679,0.03978295468327065,102283.66553144786,0,False,False,True,"{""0"":null,""1"":null,""2"":null,""3"":null}",993.0,10948.0,0.0,6965.0,0.0,6965.0,0.0,5905.855833225589,0.0,0.0,0.0,0.0,5836.815531447863,0.0,0.03609730747717063,0.0,28.0,0.0,0.0,0.0,536.8000000000535,0.0,7.6500000000000075,0.0,348.2500000000449,0.0,0.0,0.0,0.0,0.0,0.0,0.0,69.65,0.0,3482.5,0.0,1.0,0.0,3552.15,0.0,0.0,0.0,5836.815531447863
11,2020-01-12,2020,False,4.030054644808743,992,0,1001,5905.855833225589,0.0,1597,46,0.0,,,0.1861653678069721,0.20621721436978935,0.3836472553202913,0.7576411290322581,0.01099157511199336,102283.66553144786,0,False,False,True,"{""0"":null,""1"":null,""2"":null,""3"":null}",992.0,11940.0,0.0,6965.0,0.0,6965.0,0.0,5905.855833225589,0.0,0.0,0.0,0.0,5836.815531447863,0.0,0.03609730747717063,0.0,28.0,0.0,0.0,0.0,536.8000000000535,0.0,7.6500000000000075,0.0,348.2500000000449,0.0,0.0,0.0,0.0,0.0,0.0,0.0,69.65,0.0,3482.5,0.0,1.0,0.0,3552.15,0.0,0.0,0.0,5836.815531447863
12,2020-01-13,2020,True,4.032786885245901,992,992,1001,6746.8299189066165,915.3637107668092,2530,11,0.0,0.7630786139202231,0.23059753041750491,0.1861653678069721,0.20621721436978935,0.3836472553202913,0.7549949596774194,0.03402437721378297,102693.10924221466,0,False,False,True,"{""0"":null,""1"":null,""2"":null,""3"":null}",992.0,12932.0,992.0,7957.0,992.0,7957.0,840.9740856810276,6746.8299189066165,840.9740856810276,0.0,0.0,915.3637107668092,6752.179242214672,0.0,0.03609730747717063,4.0,32.0,0.0,0.0,89.20000000002028,626.0000000000738,6.900000000000016,14.550000000000024,49.60000000001128,397.8500000000562,0.0,0.0,0.0,0.0,0.0,0.0,9.920000000000002,79.57000000000001,496.0,3978.5,0.0,1.0,505.9200000000001,4058.07,0.0,0.0,915.3637107668092,6752.179242214672
13,2020-01-14,2020,True,4.03551912568306,991,991,1001,7586.918906134149,865.9693569311659,2558,26,0.0,0.7476324455967063,0.25015630264802463,0.18180616560628723,0.19822102665578578,0.3836366571255447,0.7644298688193745,0.05606819720959902,103053.66859914582,0,False,False,True,"{""0"":null,""1"":null,""2"":null,""3"":null}",991.0,13923.0,991.0,8948.0,991.0,8948.0,840.0889872275329,7586.918906134149,840.0889872275329,0.0,0.0,865.9693569311657,7618.148599145838,0.0,0.03609730747717063,4.0,36.0,0.0,0.0,89.10000000002026,715.100000000094,0.0,14.550000000000024,49.550000000011266,447.40000000006745,0.0,0.0,0.0,0.0,0.0,0.0,9.909999999999997,89.48,495.5,4474.0,0.0,1.0,505.4100000000003,4563.4800000000005,0.0,0.0,865.9693569311657,7618.148599145838
14,2020-01-15,2020,True,4.038251366120218,991,991,1001,8427.007893361699,807.8851934068236,2695,38,0.0,0.7446162502093345,0.24991782514290134,0.17836873972344708,0.19188944937483704,0.3836366571255447,0.7735721493440969,0.07685913041443876,103356.14379255264,0,False,False,True,"{""0"":null,""1"":null,""2"":null,""3"":null}",991.0,14914.0,991.0,9939.0,991.0,9939.0,840.0889872275493,8427.007893361699,840.0889872275493,0.0,0.0,807.8851934068243,8426.033792552662,0.0,0.03609730747717063,4.0,40.0,0.0,0.0,89.10000000002026,804.2000000001143,0.0,14.550000000000024,49.550000000011266,496.9500000000787,0.0,0.0,0.0,0.0,0.0,0.0,9.909999999999997,99.39,495.5,4969.5,0.0,1.0,505.40999999999985,5068.89,0.0,0.0,807.8851934068243,8426.033792552662
15,2020-01-16,2020,True,4.040983606557377,991,991,1001,9267.096880589252,798.5422486537014,2793,49,0.0,0.7153701351432481,0.2822714815238858,0.17325983457107863,0.18315868670227547,0.3836366571255447,0.7829616548940465,0.0967311415579484,103649.27604120634,0,False,False,True,"{""0"":null,""1"":null,""2"":null,""3"":null}",991.0,15905.0,991.0,10930.0,991.0,10930.0,840.0889872275529,9267.096880589252,840.0889872275529,0.0,0.0,798.5422486537009,9224.576041206363,0.0,0.03609730747717063,4.0,44.0,0.0,0.0,89.10000000002026,893.3000000001346,1.6500000000000004,16.200000000000024,49.54999999997199,546.5000000000507,0.0,0.0,0.0,0.0,0.0,0.0,9.909999999999997,109.3,495.5,5465.0,0.0,1.0,505.40999999999985,5574.3,0.0,0.0,798.5422486537009,9224.576041206363
16,2020-01-17,2020,True,4.043715846994536,990,990,1001,10106.34534999252,785.4787557698672,2908,43,0.09785550779942236,0.7706920396845539,0.22765093944906944,0.1703938517734282,0.1773768273712498,0.3837024868508675,0.7926363636363637,0.11576479436769546,103929.85479697621,0,False,False,True,"{""0"":null,""1"":null,""2"":null,""3"":null}",990.0,16895.0,990.0,11920.0,990.0,11920.0,839.2484694032682,10106.34534999252,839.2484694032682,0.0,0.0,785.4787557698673,10010.05479697623,0.09785550779942234,0.13395281527659297,4.0,48.0,0.0,0.0,89.00000000002024,982.3000000001548,2.2499999999999787,18.450000000000003,49.49999999995498,596.0000000000057,0.0,0.0,0.0,0.0,0.0,0.0,9.900000000000006,119.2,495.0,5960.0,0.0,1.0,504.89999999999964,6079.2,0.0,0.0,785.4787557698673,10010.05479697623
17,2020-01-18,2020,False,4.046448087431694,988,0,1001,10106.34534999252,0.0,2097,43,0.0,,,0.16728813252621394,0.1725002243159793,0.38365129447890983,0.8049240890688261,0.056955107177356676,103929.85479697621,0,False,False,True,"{""0"":null,""1"":null,""2"":null,""3"":null}",988.0,17883.0,0.0,11920.0,0.0,11920.0,0.0,10106.34534999252,0.0,0.0,0.0,0.0,10010.05479697623,0.0,0.13395281527659297,0.0,48.0,0.0,0.0,0.0,982.3000000001548,0.0,18.450000000000003,0.0,596.0000000000057,0.0,0.0,0.0,0.0,0.0,0.0,0.0,119.2,0.0,5960.0,0.0,1.0,0.0,6079.2,0.0,0.0,0.0,10010.05479697623
18,2020-01-19,2020,False,4.049180327868853,988,0,1002,10106.34534999252,0.0,2097,43,0.0,,,0.16726598742304793,0.17182011950813023,0.3836472553202913,0.8048937246963563,0.023560006136639874,103928.85479697621,0,False,False,True,"{""0"":null,""1"":null,""2"":null,""3"":null}",988.0,18871.0,0.0,11920.0,0.0,11920.0,0.0,10106.34534999252,0.0,0.0,0.0,0.0,10010.05479697623,0.0,0.13395281527659297,0.0,48.0,0.0,0.0,0.0,982.3000000001548,0.0,18.450000000000003,0.0,596.0000000000057,0.0,0.0,0.0,0.0,0.0,0.0,0.0,119.2,0.0,5960.0,1.0,2.0,0.0,6079.2,0.0,0.0,0.0,10010.05479697623
19,2020-01-20,2020,True,4.051912568306011,986,986,1002,10942.315574774886,899.6717340260034,3032,13,0.0,0.747523056774071,0.2344195884195025,0.16762792008354574,0.17239670577675092,0.3837024868508675,0.8026166328600406,0.048237828994871244,104325.66653100222,0,False,False,True,"{""0"":null,""1"":null,""2"":null,""3"":null}",986.0,19857.0,986.0,12906.0,986.0,12906.0,835.9702247823661,10942.315574774886,835.9702247823661,0.0,0.0,899.6717340260038,10909.726531002234,0.0,0.13395281527659297,4.0,52.0,0.0,0.0,88.59999999996671,1070.9000000001215,6.449999999999939,24.89999999999994,49.29999999995516,645.2999999999608,0.0,0.0,0.0,0.0,0.0,0.0,9.86,129.06,493.0,6453.0,0.0,2.0,502.8599999999997,6582.0599999999995,0.0,0.0,899.6717340260038,10909.726531002234
20,2020-01-21,2020,True,4.054644808743169,986,986,1002,11778.285799557252,847.1553104266073,3075,29,0.26446622941686593,0.753624325435265,0.24377721417365095,0.16575758938005955,0.16982520604313278,0.3837024868508675,0.8125608519269778,0.07182884665135121,104669.96184142883,0,False,False,True,"{""0"":null,""1"":null,""2"":null,""3"":null}",986.0,20843.0,986.0,13892.0,986.0,13892.0,835.9702247823661,11778.285799557252,835.9702247823661,0.0,0.0,847.1553104266077,11756.881841428842,0.26446622941686593,0.3984190446934589,4.0,56.0,0.0,0.0,88.59999999991942,1159.500000000041,0.0,24.89999999999994,49.29999999995516,694.599999999916,0.0,0.0,0.0,0.0,0.0,0.0,9.860000000000014,138.92000000000002,493.0,6946.0,0.0,2.0,502.8599999999997,7084.919999999999,0.0,0.0,847.1553104266077,11756.881841428842
21,2020-01-22,2020,True,4.057377049180328,986,986,1002,12614.256024339618,828.2102237056754,3183,53,0.0,0.7516250280045047,0.23589192323875402,0.16383292434319488,0.16738772223243886,0.3837024868508675,0.8218154158215011,0.09427774563464,104995.31206513451,0,False,False,True,"{""0"":null,""1"":null,""2"":null,""3"":null}",986.0,21829.0,986.0,14878.0,986.0,14878.0,835.9702247823661,12614.256024339618,835.9702247823661,0.0,0.0,828.2102237056752,12585.092065134517,0.0,0.3984190446934589,4.0,60.0,0.0,0.0,88.59999999991942,1248.0999999999603,0.0,24.89999999999994,49.29999999995516,743.8999999998712,0.0,0.0,0.0,0.0,0.0,0.0,9.860000000000014,148.78000000000003,493.0,7439.0,0.0,2.0,502.8599999999997,7587.779999999999,0.0,0.0,828.2102237056752,12585.092065134517
22,2020-01-23,2020,True,4.060109289617486,986,986,1002,13450.226249121984,793.3661175183977,3307,57,0.0,0.7414661401588983,0.26078652578998684,0.16248337817479463,0.16434879686552495,0.3837024868508675,0.8314705882352942,0.11569244491543246,105285.8181826529,0,False,False,True,"{""0"":null,""1"":null,""2"":null,""3"":null}",986.0,22815.0,986.0,15864.0,986.0,15864.0,835.9702247823661,13450.226249121984,835.9702247823661,0.0,0.0,793.366117518397,13378.458182652914,0.0,0.3984190446934589,4.0,64.0,0.0,0.0,88.59999999991942,1336.6999999998798,1.9499999999999815,26.849999999999923,49.29999999995516,793.1999999998263,0.0,0.0,0.0,0.0,0.0,0.0,9.860000000000014,158.64000000000004,493.0,7932.0,0.0,2.0,502.8599999999997,8090.6399999999985,0.0,0.0,793.366117518397,13378.458182652914
23,2020-01-24,2020,True,4.062841530054645,986,986,1002,14286.19647390435,757.4044997282396,3411,51,0.0,0.7533241430839335,0.25342331447871314,0.16135757033178227,0.16229441024325153,0.3837024868508675,0.8415618661257608,0.13602091998509633,105540.36268238114,0,False,False,True,"{""0"":null,""1"":null,""2"":null,""3"":null}",986.0,23801.0,986.0,16850.0,986.0,16850.0,835.9702247823661,14286.19647390435,835.9702247823661,0.0,0.0,757.4044997282399,14135.862682381154,0.0,0.3984190446934589,4.0,68.0,0.0,0.0,88.59999999991942,1425.2999999997992,2.3999999999999773,29.2499999999999,49.29999999995516,842.4999999997815,0.0,0.0,0.0,0.0,0.0,0.0,9.860000000000014,168.50000000000006,493.0,8425.0,0.0,2.0,502.8599999999997,8593.499999999998,0.0,0.0,757.4044997282399,14135.862682381154
24,2020-01-25,2020,False,4.065573770491803,986,0,1002,14286.19647390435,0.0,2597,51,0.0,,,0.1589508112974615,0.15947880017139027,0.3837024868508675,0.8539452332657202,0.07289071585202987,105540.36268238114,0,False,False,True,"{""0"":null,""1"":null,""2"":null,""3"":null}",986.0,24787.0,0.0,16850.0,0.0,16850.0,0.0,14286.19647390435,0.0,0.0,0.0,0.0,14135.862682381154,0.0,0.3984190446934589,0.0,68.0,0.0,0.0,0.0,1425.2999999997992,0.0,29.2499999999999,0.0,842.4999999997815,0.0,0.0,0.0,0.0,0.0,0.0,0.0,168.50000000000006,0.0,8425.0,0.0,2.0,0.0,8593.499999999998,0.0,0.0,0.0,14135.862682381154
25,2020-01-26,2020,False,4.0683060109289615,987,0,1003,14286.19647390435,0.0,2597,51,0.0,,,0.15905192805599827,0.15893281226410605,0.38395461827112115,0.8537892603850051,0.03579198030519052,105539.36268238114,0,False,False,True,"{""0"":null,""1"":null,""2"":null,""3"":null}",987.0,25774.0,0.0,16850.0,0.0,16850.0,0.0,14286.19647390435,0.0,0.0,0.0,0.0,14135.862682381154,0.0,0.3984190446934589,0.0,68.0,0.0,0.0,0.0,1425.2999999997992,0.0,29.2499999999999,0.0,842.4999999997815,0.0,0.0,0.0,0.0,0.0,0.0,0.0,168.50000000000006,0.0,8425.0,1.0,3.0,0.0,8593.499999999998,0.0,0.0,0.0,14135.862682381154
26,2020-01-27,2020,True,4.0710382513661205,986,986,1003,15122.010236395261,773.654660917481,3538,18,0.0,0.7921001077480654,0.19523082206111989,0.15900210265805242,0.15879478271994069,0.3839440200763745,0.8512981744421908,0.062041956663258374,105810.15734329862,0,False,False,True,"{""0"":null,""1"":null,""2"":null,""3"":null}",986.0,26760.0,986.0,17836.0,986.0,17836.0,835.8137624909104,15122.010236395261,835.8137624909104,0.0,0.0,773.6546609174802,14909.517343298634,0.0,0.3984190446934589,4.0,72.0,0.0,0.0,88.59999999991942,1513.8999999997186,7.6499999999999275,36.89999999999983,49.29999999995516,891.7999999997367,0.0,0.0,0.0,0.0,0.0,0.0,9.860000000000014,178.36000000000007,493.0,8918.0,0.0,3.0,502.8600000000006,9096.359999999999,0.0,0.0,773.6546609174802,14909.517343298634
27,2020-01-28,2020,True,4.073770491803279,985,985,1003,15956.866585523794,736.6537094604695,3572,34,0.0,0.810256834834642,0.17494589970826674,0.15914807728486743,0.15910038331402654,0.3836959278147394,0.8612081218274112,0.08684343281626446,106044.46105275908,0,False,False,True,"{""0"":null,""1"":null,""2"":null,""3"":null}",985.0,27745.0,985.0,18821.0,985.0,18821.0,834.8563491285331,15956.866585523794,834.8563491285331,0.0,0.0,736.65370946047,15646.171052759104,0.0,0.3984190446934589,4.0,76.0,0.0,0.0,88.49999999991951,1602.399999999638,0.0,36.89999999999983,49.24999999995521,941.0499999996919,0.0,0.0,0.0,0.0,0.0,0.0,9.849999999999994,188.21000000000006,492.5,9410.5,0.0,3.0,502.35000000000036,9598.71,0.0,0.0,736.65370946047,15646.171052759104
28,2020-01-29,2020,True,4.076502732240437,985,985,1003,16791.722934652287,698.7116867158543,3659,49,0.08088278513667985,0.774641900426575,0.22998125884233542,0.15876879745485903,0.15768190437032753,0.3836959278147394,0.8698578680203046,0.11079199255186742,106240.82273947493,0,False,False,True,"{""0"":null,""1"":null,""2"":null,""3"":null}",985.0,28730.0,985.0,19806.0,985.0,19806.0,834.8563491284931,16791.722934652287,834.8563491284931,0.0,0.0,698.7116867158547,16344.882739474959,0.08088278513667985,0.47930182983013875,4.0,80.0,0.0,0.0,88.49999999991951,1690.8999999995576,0.0,36.89999999999983,49.24999999995521,990.2999999996471,0.0,0.0,0.0,0.0,0.0,0.0,9.849999999999994,198.06000000000006,492.5,9903.0,0.0,3.0,502.35000000000036,10101.06,0.0,0.0,698.7116867158547,16344.882739474959
29,2020-01-30,2020,True,4.079234972677596,985,985,1003,17626.579283780753,666.9817401381489,3793,38,0.15842516715458918,0.776571724283734,0.20952531332234994,0.15810541644655565,0.15733856239746238,0.3836959278147394,0.8787309644670052,0.13330064363795088,106405.45447961306,0,False,False,True,"{""0"":null,""1"":null,""2"":null,""3"":null}",985.0,29715.0,985.0,20791.0,985.0,20791.0,834.8563491284658,17626.579283780753,834.8563491284658,0.0,0.0,666.9817401381497,17011.86447961311,0.15842516715458915,0.6377269969847279,4.0,84.0,0.0,0.0,88.49999999991951,1779.3999999994771,2.6999999999999744,39.5999999999998,49.24999999995521,1039.5499999996023,0.0,0.0,0.0,0.0,0.0,0.0,9.849999999999994,207.91000000000005,492.5,10395.5,0.0,3.0,502.35000000000036,10603.41,0.0,0.0,666.9817401381497,17011.86447961311
30,2020-01-31,2020,True,4.081967213114754,985,985,1003,18461.43563290922,772.6554859056519,3878,40,0.1432072080253824,0.7694735919544844,0.2260971768834557,0.15829298222531257,0.1561919148146787,0.3836959278147394,0.8878172588832488,0.1547429001458039,106675.75996551871,0,False,False,True,"{""0"":null,""1"":null,""2"":null,""3"":null}",985.0,30700.0,985.0,21776.0,985.0,21776.0,834.8563491284658,18461.43563290922,834.8563491284658,0.0,0.0,772.6554859056523,17784.51996551876,0.14320720802538234,0.7809342050101102,4.0,88.0,0.0,0.0,88.49999999991951,1867.8999999993966,2.3999999999999773,41.99999999999978,49.24999999995521,1088.7999999995575,0.0,0.0,0.0,0.0,0.0,0.0,9.849999999999994,217.76000000000005,492.5,10888.0,0.0,3.0,502.35000000000036,11105.76,0.0,0.0,772.6554859056523,17784.51996551876
31,2020-02-01,2020,False,4.084699453551913,985,0,1003,18461.43563290922,0.0,3097,40,0.0,,,0.15773592166420658,0.15417418749173573,0.3836959278147394,0.8997106598984773,0.08879150259921188,106675.75996551871,0,False,False,True,"{""0"":null,""1"":null,""2"":null,""3"":null}",985.0,31685.0,0.0,21776.0,0.0,21776.0,0.0,18461.43563290922,0.0,0.0,0.0,0.0,17784.51996551876,0.0,0.7809342050101102,0.0,88.0,0.0,0.0,0.0,1867.8999999993966,0.0,41.99999999999978,0.0,1088.7999999995575,0.0,0.0,0.0,0.0,0.0,0.0,0.0,217.76000000000005,0.0,10888.0,0.0,3.0,0.0,11105.76,0.0,0.0,0.0,17784.51996551876
32,2020-02-02,2020,False,4.087431693989071,985,0,1003,18461.43563290922,0.0,3097,40,0.0,,,0.15773592166420658,0.15417418749173573,0.3836959278147394,0.8997106598984773,0.048053300617676355,106675.75996551871,0,False,False,True,"{""0"":null,""1"":null,""2"":null,""3"":null}",985.0,32670.0,0.0,21776.0,0.0,21776.0,0.0,18461.43563290922,0.0,0.0,0.0,0.0,17784.51996551876,0.0,0.7809342050101102,0.0,88.0,0.0,0.0,0.0,1867.8999999993966,0.0,41.99999999999978,0.0,1088.7999999995575,0.0,0.0,0.0,0.0,0.0,0.0,0.0,217.76000000000005,0.0,10888.0,0.0,3.0,0.0,11105.76,0.0,0.0,0.0,17784.51996551876
33,2020-02-03,2020,True,4.090163934426229,986,986,1005,19297.320304488447,907.4088689781812,3991,11,0.09537493775094605,0.8306809486982949,0.15430551183926638,0.15754351701892932,0.15251369821761013,0.383706526009486,0.8959634888438135,0.07540295127146651,107078.30883449689,0,False,False,True,"{""0"":null,""1"":null,""2"":null,""3"":null}",986.0,33656.0,986.0,22762.0,986.0,22762.0,835.8846715792279,19297.320304488447,835.8846715792279,0.0,0.0,907.408868978182,18691.928834496943,0.09537493775094608,0.8763091427610563,4.0,92.0,0.0,0.0,88.59999999991942,1956.499999999316,5.999999999999943,47.99999999999972,49.29999999995516,1138.0999999995126,0.0,0.0,0.0,0.0,0.0,0.0,9.860000000000014,227.62000000000006,493.0,11381.0,2.0,5.0,502.8600000000006,11608.62,0.0,0.0,907.408868978182,18691.928834496943
34,2020-02-04,2020,True,4.092896174863388,985,985,1005,20132.407476401728,870.3154483843689,4035,24,0.0,0.8070885651664285,0.18427905491894142,0.1565557117627627,0.15162528506669676,0.3836959278147394,0.9042030456852793,0.10151278195572301,107446.27428288125,0,False,False,True,"{""0"":null,""1"":null,""2"":null,""3"":null}",985.0,34641.0,985.0,23747.0,985.0,23747.0,835.087171913281,20132.407476401728,835.087171913281,0.0,0.0,870.3154483843682,19562.24428288131,0.0,0.8763091427610563,4.0,96.0,0.0,0.0,88.49999999991951,2044.9999999992356,0.0,47.99999999999972,49.24999999995521,1187.3499999994679,0.0,0.0,0.0,0.0,0.0,0.0,9.849999999999994,237.47000000000006,492.5,11873.5,0.0,5.0,502.35000000000036,12110.970000000001,0.0,0.0,870.3154483843682,19562.24428288131
35,2020-02-05,2020,True,4.095628415300546,985,985,1005,20967.49464831501,826.7871407010076,4153,39,0.0,0.8092323790255678,0.1849282073817296,0.15709944506784104,0.15195143964588956,0.3836959278147394,0.9093350253807108,0.12604997119780423,107770.71142358225,0,False,False,True,"{""0"":null,""1"":null,""2"":null,""3"":null}",985.0,35626.0,985.0,24732.0,985.0,24732.0,835.087171913281,20967.49464831501,835.087171913281,0.0,0.0,826.7871407010061,20389.031423582317,0.0,0.8763091427610563,4.0,100.0,0.0,0.0,88.49999999991951,2133.499999999155,0.0,47.99999999999972,49.24999999995521,1236.599999999423,0.0,0.0,0.0,0.0,0.0,0.0,9.849999999999994,247.32000000000005,492.5,12366.0,0.0,5.0,502.35000000000036,12613.320000000002,0.0,0.0,826.7871407010061,20389.031423582317
36,2020-02-06,2020,True,4.098360655737705,986,986,1006,21803.524156840318,790.3220319622034,4294,48,0.0,0.8033441849570364,0.18846060245950247,0.15697712983398535,0.15100376843584554,0.383706526009486,0.9141024340770791,0.14893452434255278,108057.17345554446,0,False,False,True,"{""0"":null,""1"":null,""2"":null,""3"":null}",986.0,36612.0,986.0,25718.0,986.0,25718.0,836.0295085253092,21803.524156840318,836.0295085253092,0.0,0.0,790.3220319622051,21179.353455544522,0.0,0.8763091427610563,4.0,104.0,0.0,0.0,88.59999999991942,2222.0999999990745,1.6499999999999844,49.64999999999971,49.29999999995516,1285.8999999993782,0.0,0.0,0.0,0.0,0.0,0.0,9.860000000000014,257.18000000000006,493.0,12859.0,1.0,6.0,502.8600000000006,13116.180000000002,0.0,0.0,790.3220319622051,21179.353455544522
37,2020-02-07,2020,True,4.101092896174864,986,986,1007,22639.61055611036,743.3736062836595,4408,45,0.36367038239008137,0.7779043953129466,0.21203855955724707,0.15555793215406338,0.14877388117186247,0.383706526009486,0.918635902636917,0.17031008179803478,108296.68706182811,0,False,False,True,"{""0"":null,""1"":null,""2"":null,""3"":null}",986.0,37598.0,986.0,26704.0,986.0,26704.0,836.0863992700433,22639.61055611036,836.0863992700433,0.0,0.0,743.3736062836579,21922.72706182818,0.3636703823900813,1.2399795251511376,4.0,108.0,0.0,0.0,88.59999999991942,2310.699999998994,1.9499999999999815,51.59999999999969,49.29999999995516,1335.1999999993334,0.0,0.0,0.0,0.0,0.0,0.0,9.860000000000014,267.0400000000001,493.0,13352.0,1.0,7.0,502.8600000000006,13619.040000000003,0.0,0.0,743.3736062836579,21922.72706182818
38,2020-02-08,2020,False,4.103825136612022,984,0,1007,22639.61055611036,0.0,3597,45,0.0,,,0.15514046949891652,0.14761259417121975,0.38396925562448636,0.9250457317073171,0.10218801163571213,108296.68706182811,0,False,False,True,"{""0"":null,""1"":null,""2"":null,""3"":null}",984.0,38582.0,0.0,26704.0,0.0,26704.0,0.0,22639.61055611036,0.0,0.0,0.0,0.0,21922.72706182818,0.0,1.2399795251511376,0.0,108.0,0.0,0.0,0.0,2310.699999998994,0.0,51.59999999999969,0.0,1335.1999999993334,0.0,0.0,0.0,0.0,0.0,0.0,0.0,267.0400000000001,0.0,13352.0,0.0,7.0,0.0,13619.040000000003,0.0,0.0,0.0,21922.72706182818
39,2020-02-09,2020,False,4.10655737704918,984,0,1007,22639.61055611036,0.0,3597,45,0.0,,,0.1551404694989165,0.14761259417121975,0.38396925562448636,0.9250457317073171,0.0592434301784783,108296.68706182811,0,False,False,True,"{""0"":null,""1"":null,""2"":null,""3"":null}",984.0,39566.0,0.0,26704.0,0.0,26704.0,0.0,22639.61055611036,0.0,0.0,0.0,0.0,21922.72706182818,0.0,1.2399795251511376,0.0,108.0,0.0,0.0,0.0,2310.699999998994,0.0,51.59999999999969,0.0,1335.1999999993334,0.0,0.0,0.0,0.0,0.0,0.0,0.0,267.0400000000001,0.0,13352.0,0.0,7.0,0.0,13619.040000000003,0.0,0.0,0.0,21922.72706182818
40,2020-02-10,2020,True,4.109289617486339,983,983,1007,23473.054681452417,904.9798823088471,4523,22,0.0,0.8341697516372008,0.1627913507629669,0.15510647440350916,0.14753691738782274,0.38395865742973967,0.9223753814852493,0.08649545714373749,108700.33694413696,0,False,False,True,"{""0"":null,""1"":null,""2"":null,""3"":null}",983.0,40549.0,983.0,27687.0,983.0,27687.0,833.4441253420555,23473.054681452417,833.4441253420555,0.0,0.0,904.9798823088458,22827.706944137026,0.0,1.2399795251511376,4.0,112.0,0.0,0.0,88.29999999991969,2398.9999999989136,6.749999999999936,58.349999999999625,49.1499999999553,1384.3499999992887,0.0,0.0,0.0,0.0,0.0,0.0,9.829999999999984,276.87000000000006,491.5,13843.5,0.0,7.0,501.3299999999999,14120.370000000003,0.0,0.0,904.9798823088458,22827.706944137026
41,2020-02-11,2020,True,4.112021857923497,983,983,1007,24306.498806794472,854.7674889164721,4567,34,0.0,0.8138817124558918,0.17031651615036858,0.15520609678253403,0.14683815715572393,0.38395865742973967,0.9256917599186165,0.11243297651257445,109053.77443305343,0,False,False,True,"{""0"":null,""1"":null,""2"":null,""3"":null}",983.0,41532.0,983.0,28670.0,983.0,28670.0,833.4441253420555,24306.498806794472,833.4441253420555,0.0,0.0,854.7674889164737,23682.4744330535,0.0,1.2399795251511376,4.0,116.0,0.0,0.0,88.29999999991969,2487.2999999988333,0.0,58.349999999999625,49.1499999999553,1433.499999999244,0.0,0.0,0.0,0.0,0.0,0.0,9.829999999999984,286.70000000000005,491.5,14335.0,0.0,7.0,501.3299999999999,14621.700000000003,0.0,0.0,854.7674889164737,23682.4744330535
42,2020-02-12,2020,True,4.114754098360656,983,983,1007,25139.942932136528,820.1824797577752,4677,52,0.0,0.8138609724525734,0.16246270726707898,0.15485074826471368,0.14662330135724977,0.38395865742973967,0.9280366225839267,0.13677352519084152,109372.6269128112,0,False,False,True,"{""0"":null,""1"":null,""2"":null,""3"":null}",983.0,42515.0,983.0,29653.0,983.0,29653.0,833.4441253420555,25139.942932136528,833.4441253420555,0.0,0.0,820.1824797577756,24502.656912811275,0.0,1.2399795251511376,4.0,120.0,0.0,0.0,88.29999999991969,2575.599999998753,0.0,58.349999999999625,49.1499999999553,1482.6499999991993,0.0,0.0,0.0,0.0,0.0,0.0,9.829999999999984,296.53000000000003,491.5,14826.5,0.0,7.0,501.3299999999999,15123.030000000002,0.0,0.0,820.1824797577756,24502.656912811275
43,2020-02-13,2020,True,4.117486338797814,982,982,1007,25972.512503413334,787.6405343336858,4789,38,0.0,0.8229106527264332,0.1736197587088962,0.1544056808940581,0.14626817491211935,0.383706526009486,0.929826883910387,0.15961437736518755,109659.44744714488,0,False,False,True,"{""0"":null,""1"":null,""2"":null,""3"":null}",982.0,43497.0,982.0,30635.0,982.0,30635.0,832.5695712768065,25972.512503413334,832.5695712768065,0.0,0.0,787.6405343336846,25290.29744714496,0.0,1.2399795251511376,4.0,124.0,0.0,0.0,88.19999999991978,2663.799999998673,3.2999999999999687,61.649999999999594,49.099999999955344,1531.7499999991546,0.0,0.0,0.0,0.0,0.0,0.0,9.819999999999993,306.35,491.0,15317.5,0.0,7.0,500.8199999999997,15623.850000000002,0.0,0.0,787.6405343336846,25290.29744714496
44,2020-02-14,2020,True,4.120218579234972,982,982,1008,26805.068128123217,743.5393726436419,4907,39,0.0,0.8156307042579978,0.17615224630300552,0.15469201746449954,0.1459487651619776,0.383706526009486,0.9322199592668025,0.180787835803268,109901.16681978852,0,False,False,True,"{""0"":null,""1"":null,""2"":null,""3"":null}",982.0,44479.0,982.0,31617.0,982.0,31617.0,832.555624709883,26805.068128123217,832.555624709883,0.0,0.0,743.5393726436414,26033.8368197886,0.0,1.2399795251511376,4.0,128.0,0.0,0.0,88.19999999991978,2751.9999999985926,1.799999999999983,63.44999999999958,49.099999999955344,1580.84999999911,0.0,0.0,0.0,0.0,0.0,0.0,9.819999999999993,316.17,491.0,15808.5,1.0,8.0,500.8199999999997,16124.670000000002,0.0,0.0,743.5393726436414,26033.8368197886
45,2020-02-15,2020,False,4.122950819672131,983,0,1009,26805.068128123217,0.0,4097,39,0.0,,,0.15459107540061667,0.145214722581687,0.38371712420423265,0.9367446592065107,0.1109399288728753,109900.16681978852,0,False,False,True,"{""0"":null,""1"":null,""2"":null,""3"":null}",983.0,45462.0,0.0,31617.0,0.0,31617.0,0.0,26805.068128123217,0.0,0.0,0.0,0.0,26033.8368197886,0.0,1.2399795251511376,0.0,128.0,0.0,0.0,0.0,2751.9999999985926,0.0,63.44999999999958,0.0,1580.84999999911,0.0,0.0,0.0,0.0,0.0,0.0,0.0,316.17,0.0,15808.5,1.0,9.0,0.0,16124.670000000002,0.0,0.0,0.0,26033.8368197886
46,2020-02-16,2020,False,4.1256830601092895,982,0,1009,26805.068128123217,0.0,4097,39,0.0,,,0.15454356634799563,0.14520625328828807,0.38378399096073557,0.9367209775967413,0.06678718575845397,109900.16681978852,0,False,False,True,"{""0"":null,""1"":null,""2"":null,""3"":null}",982.0,46444.0,0.0,31617.0,0.0,31617.0,0.0,26805.068128123217,0.0,0.0,0.0,0.0,26033.8368197886,0.0,1.2399795251511376,0.0,128.0,0.0,0.0,0.0,2751.9999999985926,0.0,63.44999999999958,0.0,1580.84999999911,0.0,0.0,0.0,0.0,0.0,0.0,0.0,316.17,0.0,15808.5,0.0,9.0,0.0,16124.670000000002,0.0,0.0,0.0,26033.8368197886
47,2020-02-17,2020,True,4.128415300546448,982,982,1009,27637.551923204985,890.2055068376312,5031,16,0.0,0.8299495346696684,0.1565253340267702,0.15454356634799565,0.14520625328828807,0.38378399096073557,0.9345315682281059,0.09397867213845414,110289.55232662614,0,False,False,True,"{""0"":null,""1"":null,""2"":null,""3"":null}",982.0,47426.0,982.0,32599.0,982.0,32599.0,832.4837950817673,27637.551923204985,832.4837950817673,0.0,0.0,890.2055068376321,26924.042326626233,0.0,1.2399795251511376,4.0,132.0,0.0,0.0,88.19999999991978,2840.1999999985123,5.850000000000193,69.29999999999977,49.099999999955344,1629.9499999990653,0.0,0.0,0.0,0.0,0.0,0.0,9.819999999999993,325.99,491.0,16299.5,0.0,9.0,500.8199999999997,16625.49,0.0,0.0,890.2055068376321,26924.042326626233
48,2020-02-18,2020,True,4.131147540983607,981,981,1009,28469.231461872023,845.5306517995757,5083,28,0.0,0.8135519982409934,0.16602436224450412,0.15502825108819346,0.1462015878402958,0.38377324797331475,0.9369418960244649,0.11982992820300511,110634.77297842572,0,False,False,True,"{""0"":null,""1"":null,""2"":null,""3"":null}",981.0,48407.0,981.0,33580.0,981.0,33580.0,831.6795386670383,28469.231461872023,831.6795386670383,0.0,0.0,845.5306517995741,27769.572978425807,0.0,1.2399795251511376,4.0,136.0,0.0,0.0,88.09999999991987,2928.299999998432,0.0,69.29999999999977,49.04999999995539,1678.9999999990207,0.0,0.0,0.0,0.0,0.0,0.0,9.810000000000002,335.8,490.5,16790.0,0.0,9.0,500.3100000000013,17125.800000000003,0.0,0.0,845.5306517995741,27769.572978425807
49,2020-02-19,2020,True,4.133879781420765,981,981,1009,29300.91100053906,828.9499086839144,5180,44,0.1344101637353966,0.8349242691689718,0.15004747752366823,0.1545791194525891,0.1454519665823881,0.38377324797331475,0.9379306829765546,0.1440043834087578,110963.41288710965,0,False,False,True,"{""0"":null,""1"":null,""2"":null,""3"":null}",981.0,49388.0,981.0,34561.0,981.0,34561.0,831.6795386670383,29300.91100053906,831.6795386670383,0.0,0.0,828.9499086839132,28598.52288710972,0.13441016373539671,1.3743896888865343,4.0,140.0,0.0,0.0,88.09999999991987,3016.399999998352,0.0,69.29999999999977,49.04999999995539,1728.049999998976,0.0,0.0,0.0,0.0,0.0,0.0,9.810000000000002,345.61,490.5,17280.5,0.0,9.0,500.3100000000013,17626.110000000004,0.0,0.0,828.9499086839132,28598.52288710972
50,2020-02-20,2020,True,4.136612021857924,980,980,1009,30131.70810351384,780.9066707058525,5283,45,0.19041532666051478,0.8246162691394027,0.17626599822373695,0.15571354945725221,0.1459479691009216,0.383973428479642,0.938765306122449,0.16646366839590546,111244.5195578155,0,False,False,True,"{""0"":null,""1"":null,""2"":null,""3"":null}",980.0,50368.0,980.0,35541.0,980.0,35541.0,830.7971029747787,30131.70810351384,830.7971029747787,0.0,0.0,780.9066707058519,29379.429557815572,0.19041532666051486,1.5648050155470492,4.0,144.0,0.0,0.0,87.99999999991996,3104.399999998272,2.400000000000091,71.69999999999986,48.999999999955435,1777.0499999989315,0.0,0.0,0.0,0.0,0.0,0.0,9.800000000000011,355.41,490.0,17770.5,0.0,9.0,499.7999999999993,18125.910000000003,0.0,0.0,780.9066707058519,29379.429557815572
51,2020-02-21,2020,True,4.139344262295082,980,980,1009,30962.50520648862,745.7920183954285,5398,48,0.21688474208850692,0.8021218634109784,0.202926383346295,0.15540219935939886,0.14584180967688934,0.383973428479642,0.9402448979591838,0.1873106713740738,111490.51157621092,0,False,False,True,"{""0"":null,""1"":null,""2"":null,""3"":null}",980.0,51348.0,980.0,36521.0,980.0,36521.0,830.7971029747787,30962.50520648862,830.7971029747787,0.0,0.0,745.7920183954302,30125.221576211003,0.21688474208850694,1.7816897576355561,4.0,148.0,0.0,0.0,87.99999999991996,3192.399999998192,1.8000000000000682,73.49999999999993,48.999999999955435,1826.049999998887,0.0,0.0,0.0,0.0,0.0,0.0,9.800000000000011,365.21000000000004,490.0,18260.5,0.0,9.0,499.7999999999993,18625.710000000003,0.0,0.0,745.7920183954302,30125.221576211003
52,2020-02-22,2020,False,4.14207650273224,979,0,1009,30962.50520648862,0.0,4597,48,0.0,,,0.15569524190384065,0.14633989293246225,0.38372129705938834,0.9441164453524004,0.11633207427013609,111490.51157621092,0,False,False,True,"{""0"":null,""1"":null,""2"":null,""3"":null}",979.0,52327.0,0.0,36521.0,0.0,36521.0,0.0,30962.50520648862,0.0,0.0,0.0,0.0,30125.221576211003,0.0,1.7816897576355561,0.0,148.0,0.0,0.0,0.0,3192.399999998192,0.0,73.49999999999993,0.0,1826.049999998887,0.0,0.0,0.0,0.0,0.0,0.0,0.0,365.21000000000004,0.0,18260.5,0.0,9.0,0.0,18625.710000000003,0.0,0.0,0.0,30125.221576211003
53,2020-02-23,2020,False,4.144808743169399,979,0,1009,30962.50520648862,0.0,4597,48,0.0,,,0.15569524190384065,0.14633989293246225,0.38372129705938834,0.9441164453524004,0.07132628102823552,111490.51157621092,0,False,False,True,"{""0"":null,""1"":null,""2"":null,""3"":null}",979.0,53306.0,0.0,36521.0,0.0,36521.0,0.0,30962.50520648862,0.0,0.0,0.0,0.0,30125.221576211003,0.0,1.7816897576355561,0.0,148.0,0.0,0.0,0.0,3192.399999998192,0.0,73.49999999999993,0.0,1826.049999998887,0.0,0.0,0.0,0.0,0.0,0.0,0.0,365.21000000000004,0.0,18260.5,0.0,9.0,0.0,18625.710000000003,0.0,0.0,0.0,30125.221576211003
54,2020-02-24,2020,True,4.147540983606557,979,979,1009,31792.480505419735,872.0851010179487,5534,16,0.0,0.8325661457660624,0.1596620833338431,0.15569524190384065,0.14633989293246225,0.38372129705938834,0.9418181818181818,0.09855071408279498,111863.30667722887,0,False,False,True,"{""0"":null,""1"":null,""2"":null,""3"":null}",979.0,54285.0,979.0,37500.0,979.0,37500.0,829.9752989311164,31792.480505419735,829.9752989311164,0.0,0.0,872.0851010179504,30997.306677228953,0.0,1.7816897576355561,4.0,152.0,0.0,0.0,87.89999999992006,3280.299999998112,7.200000000000273,80.7000000000002,48.94999999995548,1874.9999999988424,0.0,0.0,0.0,0.0,0.0,0.0,9.79000000000002,375.00000000000006,489.5,18750.0,0.0,9.0,499.2900000000009,19125.000000000004,0.0,0.0,872.0851010179504,30997.306677228953
55,2020-02-25,2020,True,4.1502732240437155,979,979,1009,32622.45580435085,849.1271905196829,5573,29,0.011785002094475187,0.812172038890191,0.17444822045180447,0.1557360966025544,0.14656702481223308,0.38372129705938834,0.9431256384065373,0.1242567973858974,112213.14386774856,0,False,False,True,"{""0"":null,""1"":null,""2"":null,""3"":null}",979.0,55264.0,979.0,38479.0,979.0,38479.0,829.9752989311164,32622.45580435085,829.9752989311164,0.0,0.0,849.1271905196845,31846.433867748638,0.011785002094475194,1.7934747597300313,4.0,156.0,0.0,0.0,87.89999999992006,3368.199999998032,0.0,80.7000000000002,48.94999999995548,1923.949999998798,0.0,0.0,0.0,0.0,0.0,0.0,9.79000000000002,384.7900000000001,489.5,19239.5,0.0,9.0,499.2900000000009,19624.290000000005,0.0,0.0,849.1271905196845,31846.433867748638
56,2020-02-26,2020,True,4.1530054644808745,977,977,1009,33450.7695604324,802.6301646112171,5675,45,0.0,0.8250262827095994,0.17010465622658913,0.15587940895833172,0.14662778655640152,0.3837001006698951,0.9440225179119754,0.14844239324270894,112517.50403235976,0,False,False,True,"{""0"":null,""1"":null,""2"":null,""3"":null}",977.0,56241.0,977.0,39456.0,977.0,39456.0,828.3137560815521,33450.7695604324,828.3137560815521,0.0,0.0,802.6301646112188,32649.064032359856,0.0,1.7934747597300313,4.0,160.0,0.0,0.0,87.69999999992024,3455.8999999979524,0.0,80.7000000000002,48.84999999995557,1972.7999999987535,0.0,0.0,0.0,0.0,0.0,0.0,9.769999999999982,394.56000000000006,488.5,19728.0,0.0,9.0,498.27000000000044,20122.560000000005,0.0,0.0,802.6301646112188,32649.064032359856
57,2020-02-27,2020,True,4.155737704918033,975,975,1009,34277.14936214807,772.4540711799929,5783,44,0.0,0.8184761743450768,0.1721057835194861,0.15562204920281142,0.14657096987989737,0.3835106631509886,0.9445384615384614,0.1699393840699862,112792.70810353976,0,False,False,True,"{""0"":null,""1"":null,""2"":null,""3"":null}",975.0,57216.0,975.0,40431.0,975.0,40431.0,826.379801715666,34277.14936214807,826.379801715666,0.0,0.0,772.4540711799928,33421.51810353985,0.0,1.7934747597300313,4.0,164.0,0.0,0.0,87.59999999992033,3543.4999999978727,2.400000000000091,83.10000000000029,48.74999999995566,2021.5499999987092,0.0,0.0,0.0,0.0,0.0,0.0,9.75,404.31000000000006,487.5,20215.5,0.0,9.0,497.25,20619.810000000005,0.0,0.0,772.4540711799928,33421.51810353985
58,2020-02-28,2020,True,4.158469945355192,975,975,1009,35103.529163863735,730.5676886113699,5853,44,0.0,0.8063080272006424,0.20771036729889375,0.1555403820342241,0.14659502515883102,0.3835106631509886,0.9443897435897436,0.1905953239453615,113026.02579215112,0,False,False,True,"{""0"":null,""1"":null,""2"":null,""3"":null}",975.0,58191.0,975.0,41406.0,975.0,41406.0,826.379801715666,35103.529163863735,826.379801715666,0.0,0.0,730.5676886113724,34152.08579215122,0.0,1.7934747597300313,4.0,168.0,0.0,0.0,87.59999999992033,3631.099999997793,1.950000000000074,85.05000000000037,48.75000000005684,2070.299999998766,0.0,0.0,0.0,0.0,0.0,0.0,9.75,414.06000000000006,487.5,20703.0,0.0,9.0,497.25,21117.060000000005,0.0,0.0,730.5676886113724,34152.08579215122
59,2020-02-29,2020,False,4.16120218579235,975,0,1009,35103.529163863735,0.0,5095,44,0.0,,,0.1557469589679704,0.14644517016309258,0.3835106631509886,0.9473641025641025,0.11860700250500837,113026.02579215112,0,False,False,True,"{""0"":null,""1"":null,""2"":null,""3"":null}",975.0,59166.0,0.0,41406.0,0.0,41406.0,0.0,35103.529163863735,0.0,0.0,0.0,0.0,34152.08579215122,0.0,1.7934747597300313,0.0,168.0,0.0,0.0,0.0,3631.099999997793,0.0,85.05000000000037,0.0,2070.299999998766,0.0,0.0,0.0,0.0,0.0,0.0,0.0,414.06000000000006,0.0,20703.0,0.0,9.0,0.0,21117.060000000005,0.0,0.0,0.0,34152.08579215122
60,2020-03-01,2020,False,4.163934426229508,974,0,1009,35103.529163863735,0.0,5095,44,0.0,,,0.15596138534534065,0.14660097127589825,0.3837075630406661,0.9473100616016427,0.07316003000659912,113026.02579215112,0,False,False,True,"{""0"":null,""1"":null,""2"":null,""3"":null}",974.0,60140.0,0.0,41406.0,0.0,41406.0,0.0,35103.529163863735,0.0,0.0,0.0,0.0,34152.08579215122,0.0,1.7934747597300313,0.0,168.0,0.0,0.0,0.0,3631.099999997793,0.0,85.05000000000037,0.0,2070.299999998766,0.0,0.0,0.0,0.0,0.0,0.0,0.0,414.06000000000006,0.0,20703.0,0.0,9.0,0.0,21117.060000000005,0.0,0.0,0.0,34152.08579215122
61,2020-03-02,2020,True,4.166666666666667,974,974,1009,35929.06133737666,880.1067939296289,6017,15,0.0,0.8573220021221376,0.13142243764036815,0.15596138534534065,0.14660097127589825,0.3837075630406661,0.9449486652977412,0.10030607126043069,113409.39258608075,0,False,False,True,"{""0"":null,""1"":null,""2"":null,""3"":null}",974.0,61114.0,974.0,42380.0,974.0,42380.0,825.5321735129255,35929.06133737666,825.5321735129255,0.0,0.0,880.1067939296263,35032.19258608085,0.0,1.7934747597300313,4.0,172.0,0.0,0.0,87.49999999992042,3718.5999999977134,6.60000000000025,91.65000000000062,48.70000000017717,2118.999999998943,0.0,0.0,0.0,0.0,0.0,0.0,9.740000000000009,423.80000000000007,487.0,21190.0,0.0,9.0,496.7400000000016,21613.800000000007,0.0,0.0,880.1067939296263,35032.19258608085
62,2020-03-03,2020,True,4.169398907103825,975,975,1010,36755.31093837605,854.9430502200898,6079,34,0.0,0.8329011792782248,0.14205976933201556,0.15620821174711505,0.14687526364350229,0.38396386731607546,0.9459641025641026,0.12582834549333466,113766.08563630084,0,False,False,True,"{""0"":null,""1"":null,""2"":null,""3"":null}",975.0,62089.0,975.0,43355.0,975.0,43355.0,826.249600999392,36755.31093837605,826.249600999392,0.0,0.0,854.9430502200921,35887.13563630094,0.0,1.7934747597300313,4.0,176.0,0.0,0.0,87.49999999992042,3806.099999997634,0.0,91.65000000000062,48.75000000017735,2167.7499999991205,0.0,0.0,0.0,0.0,0.0,0.0,9.75,433.55000000000007,487.5,21677.5,1.0,10.0,497.25,22111.050000000007,0.0,0.0,854.9430502200921,35887.13563630094
63,2020-03-04,2020,True,4.172131147540983,976,976,1011,37582.44855753117,813.8336090792353,6179,52,0.0,0.8340930476326246,0.161886963961072,0.15623436433625143,0.14568822295415151,0.3837636868097482,0.9467264344262295,0.1494525196620807,114081.15924538007,0,False,False,True,"{""0"":null,""1"":null,""2"":null,""3"":null}",976.0,63065.0,976.0,44331.0,976.0,44331.0,827.1376191551171,37582.44855753117,827.1376191551171,0.0,0.0,813.8336090792363,36700.969245380176,0.0,1.7934747597300313,4.0,180.0,0.0,0.0,87.59999999992033,3893.699999997554,0.0,91.65000000000062,48.80000000017753,2216.549999999298,0.0,0.0,0.0,0.0,0.0,0.0,9.759999999999991,443.31000000000006,488.0,22165.5,1.0,11.0,497.7599999999984,22608.810000000005,0.0,0.0,813.8336090792363,36700.969245380176
64,2020-03-05,2020,True,4.174863387978142,975,975,1011,38408.63252431372,763.3316881823256,6292,48,0.11282536768493111,0.8184575952613471,0.17897214308850423,0.15604584623614803,0.14563094000474086,0.38396058669942573,0.9468974358974359,0.17106916368473474,114347.2409335624,0,False,False,True,"{""0"":null,""1"":null,""2"":null,""3"":null}",975.0,64040.0,975.0,45306.0,975.0,45306.0,826.1839667825479,38408.63252431372,826.1839667825479,0.0,0.0,763.3316881823266,37464.3009335625,0.11282536768493112,1.9063001274149625,4.0,184.0,0.0,0.0,87.49999999992042,3981.1999999974746,2.2500000000000853,93.9000000000007,48.75000000017735,2265.2999999994754,0.0,0.0,0.0,0.0,0.0,0.0,9.75,453.06000000000006,487.5,22653.0,0.0,11.0,497.25,23106.060000000005,0.0,0.0,763.3316881823266,37464.3009335625
65,2020-03-06,2020,True,4.1775956284153,975,975,1012,39234.72605760513,748.1497572277032,6387,48,0.00823120967200499,0.802066820454148,0.2071161417460077,0.15595819510686937,0.14504040997474563,0.38371919826659284,0.9469692307692307,0.19103260009855025,114597.1406907901,0,False,False,True,"{""0"":null,""1"":null,""2"":null,""3"":null}",975.0,65015.0,975.0,46281.0,975.0,46281.0,826.0935332914087,39234.72605760513,826.0935332914087,0.0,0.0,748.1497572277003,38212.4506907902,0.008231209672004969,1.9145313370869674,4.0,188.0,0.0,0.0,87.49999999992042,4068.699999997395,2.850000000000108,96.75000000000081,48.75000000017735,2314.0499999996528,0.0,0.0,0.0,0.0,0.0,0.0,9.75,462.81000000000006,487.5,23140.5,1.0,12.0,497.25,23603.310000000005,0.0,0.0,748.1497572277003,38212.4506907902
66,2020-03-07,2020,False,4.180327868852459,975,0,1013,39234.72605760513,0.0,5594,48,0.0,,,0.15581131709126345,0.1437818033080138,0.3835891651334183,0.9492871794871794,0.11847084643209367,114596.1406907901,0,False,False,True,"{""0"":null,""1"":null,""2"":null,""3"":null}",975.0,65990.0,0.0,46281.0,0.0,46281.0,0.0,39234.72605760513,0.0,0.0,0.0,0.0,38212.4506907902,0.0,1.9145313370869674,0.0,188.0,0.0,0.0,0.0,4068.699999997395,0.0,96.75000000000081,0.0,2314.0499999996528,0.0,0.0,0.0,0.0,0.0,0.0,0.0,462.81000000000006,0.0,23140.5,1.0,13.0,0.0,23603.310000000005,0.0,0.0,0.0,38212.4506907902
67,2020-03-08,2020,False,4.183060109289618,975,0,1013,39234.72605760513,0.0,5594,48,0.0,,,0.15581131709126345,0.1437818033080138,0.3835891651334183,0.9492871794871794,0.07260674809155275,114596.1406907901,0,False,False,True,"{""0"":null,""1"":null,""2"":null,""3"":null}",975.0,66965.0,0.0,46281.0,0.0,46281.0,0.0,39234.72605760513,0.0,0.0,0.0,0.0,38212.4506907902,0.0,1.9145313370869674,0.0,188.0,0.0,0.0,0.0,4068.699999997395,0.0,96.75000000000081,0.0,2314.0499999996528,0.0,0.0,0.0,0.0,0.0,0.0,0.0,462.81000000000006,0.0,23140.5,0.0,13.0,0.0,23603.310000000005,0.0,0.0,0.0,38212.4506907902
68,2020-03-09,2020,True,4.185792349726776,974,974,1013,40059.86184251505,889.4340633125707,6503,22,0.17204969690768426,0.846082053183556,0.1433123541219029,0.15576441336786398,0.1436164816427331,0.38357842214599747,0.9463963039014374,0.09978666716724567,114988.83475410266,0,False,False,True,"{""0"":null,""1"":null,""2"":null,""3"":null}",974.0,67939.0,974.0,47255.0,974.0,47255.0,825.1357849099222,40059.86184251505,825.1357849099222,0.0,0.0,889.4340633125685,39101.88475410277,0.17204969690768435,2.086581033994652,4.0,192.0,0.0,0.0,87.40000000019336,4156.099999997588,7.200000000000273,103.95000000000108,48.70000000017717,2362.74999999983,0.0,0.0,0.0,0.0,0.0,0.0,9.740000000000009,472.55000000000007,487.0,23627.5,0.0,13.0,496.7400000000016,24100.050000000007,0.0,0.0,889.4340633125685,39101.88475410277
69,2020-03-10,2020,True,4.188524590163935,973,973,1013,40884.273263161595,852.9969140993201,6567,49,0.0,0.8489724740877346,0.14497450914597182,0.15610255955085725,0.14472725392333752,0.3837786026523247,0.9471274409044192,0.12520651669411295,115345.60166820198,0,False,False,True,"{""0"":null,""1"":null,""2"":null,""3"":null}",973.0,68912.0,973.0,48228.0,973.0,48228.0,824.4114206465456,40884.273263161595,824.4114206465456,0.0,0.0,852.9969140993198,39954.88166820209,0.0,2.086581033994652,4.0,196.0,0.0,0.0,87.3000000003176,4243.399999997906,0.0,103.95000000000108,48.65000000017699,2411.400000000007,0.0,0.0,0.0,0.0,0.0,0.0,9.730000000000018,482.2800000000001,486.5,24114.0,0.0,13.0,496.22999999999956,24596.280000000006,0.0,0.0,852.9969140993198,39954.88166820209
70,2020-03-11,2020,True,4.191256830601093,975,975,1015,41710.3648076635,826.5788131264533,6671,65,0.24103047216344828,0.8286898974337831,0.1589362813807398,0.15636912366077882,0.14373707381741802,0.38396386731607546,0.9467641025641026,0.14880720743755643,115672.93048132844,0,False,False,True,"{""0"":null,""1"":null,""2"":null,""3"":null}",975.0,69887.0,975.0,49203.0,975.0,49203.0,826.0915445019054,41710.3648076635,826.0915445019054,0.0,0.0,826.5788131264562,40781.46048132855,0.2410304721634482,2.3276115061581,4.0,200.0,0.0,0.0,87.50000000031832,4330.899999998224,0.0,103.95000000000108,48.75000000017735,2460.1500000001843,0.0,0.0,0.0,0.0,0.0,0.0,9.75,492.0300000000001,487.5,24601.5,2.0,15.0,497.25,25093.530000000006,0.0,0.0,826.5788131264562,40781.46048132855
71,2020-03-12,2020,True,4.193989071038251,975,975,1015,42536.456352165405,777.704091359646,6803,60,0.0,0.8123448118441315,0.18424694782156595,0.1563056717107634,0.14368745722895299,0.38396386731607546,0.9472410256410256,0.17075240496793953,115953.38457268808,0,False,False,True,"{""0"":null,""1"":null,""2"":null,""3"":null}",975.0,70862.0,975.0,50178.0,975.0,50178.0,826.0915445019054,42536.456352165405,826.0915445019054,0.0,0.0,777.7040913596429,41559.16457268819,0.0,2.3276115061581,4.0,204.0,0.0,0.0,87.50000000031832,4418.399999998543,3.300000000000125,107.25000000000121,48.75000000017735,2508.9000000003616,0.0,0.0,0.0,0.0,0.0,0.0,9.75,501.7800000000001,487.5,25089.0,0.0,15.0,497.25,25590.780000000006,0.0,0.0,777.7040913596429,41559.16457268819
72,2020-03-13,2020,True,4.19672131147541,974,974,1015,43361.777640675486,733.8970419862575,6884,52,0.2167154217772062,0.8029354148919808,0.18492160442445685,0.15655451506202359,0.1437904252154927,0.3837117358958218,0.9470995893223819,0.1912650556776451,116190.54161467434,0,False,False,True,"{""0"":null,""1"":null,""2"":null,""3"":null}",974.0,71836.0,974.0,51152.0,974.0,51152.0,825.3212885100802,43361.777640675486,825.3212885100802,0.0,0.0,733.8970419862599,42293.06161467445,0.21671542177720626,2.5443269279353062,4.0,208.0,0.0,0.0,87.40000000031796,4505.799999998861,4.0500000000001535,111.30000000000136,48.70000000017717,2557.600000000539,0.0,0.0,0.0,0.0,0.0,0.0,9.740000000000009,511.5200000000001,487.0,25576.0,0.0,15.0,496.7400000000016,26087.520000000008,0.0,0.0,733.8970419862599,42293.06161467445
73,2020-03-14,2020,False,4.199453551912568,972,0,1015,43361.777640675486,0.0,6094,52,0.0,,,0.15608978482607508,0.1431843205267003,0.38352229837691537,0.9492592592592592,0.11840896439692675,116190.54161467434,0,False,False,True,"{""0"":null,""1"":null,""2"":null,""3"":null}",972.0,72808.0,0.0,51152.0,0.0,51152.0,0.0,43361.777640675486,0.0,0.0,0.0,0.0,42293.06161467445,0.0,2.5443269279353062,0.0,208.0,0.0,0.0,0.0,4505.799999998861,0.0,111.30000000000136,0.0,2557.600000000539,0.0,0.0,0.0,0.0,0.0,0.0,0.0,511.5200000000001,0.0,25576.0,0.0,15.0,0.0,26087.520000000008,0.0,0.0,0.0,42293.06161467445
74,2020-03-15,2020,False,4.202185792349727,973,0,1016,43361.777640675486,0.0,6094,52,0.0,,,0.15606077626594822,0.142328241696065,0.38345543162041246,0.9490030832476876,0.0721584721788593,116189.54161467434,0,False,False,True,"{""0"":null,""1"":null,""2"":null,""3"":null}",973.0,73781.0,0.0,51152.0,0.0,51152.0,0.0,43361.777640675486,0.0,0.0,0.0,0.0,42293.06161467445,0.0,2.5443269279353062,0.0,208.0,0.0,0.0,0.0,4505.799999998861,0.0,111.30000000000136,0.0,2557.600000000539,0.0,0.0,0.0,0.0,0.0,0.0,0.0,511.5200000000001,0.0,25576.0,1.0,16.0,0.0,26087.520000000008,0.0,0.0,0.0,42293.06161467445
75,2020-03-16,2020,True,4.204918032786885,973,973,1016,44186.288108993445,901.213054040395,7013,15,0.0,0.8519501818614118,0.12632526321984294,0.15606077626594822,0.14232824169606498,0.38345543162041246,0.9463823227132581,0.0992277660278462,116594.52466871473,0,False,False,True,"{""0"":null,""1"":null,""2"":null,""3"":null}",973.0,74754.0,973.0,52125.0,973.0,52125.0,824.5104683179597,44186.288108993445,824.5104683179597,0.0,0.0,901.213054040396,43194.27466871485,0.0,2.5443269279353062,4.0,212.0,0.0,0.0,87.40000000031796,4593.1999999991785,7.800000000000296,119.10000000000166,48.65000000017699,2606.2500000007158,0.0,0.0,0.0,0.0,0.0,0.0,9.730000000000018,521.2500000000001,486.5,26062.5,0.0,16.0,496.22999999999956,26583.750000000007,0.0,0.0,901.213054040396,43194.27466871485
76,2020-03-17,2020,True,4.2076502732240435,974,974,1017,45011.60597792969,858.1382283902997,7074,36,0.0,0.8368825176110793,0.14365867612526723,0.15637302906020661,0.14234785824352109,0.3837075630406661,0.946894250513347,0.12441207556061397,116954.92289710502,0,False,False,True,"{""0"":null,""1"":null,""2"":null,""3"":null}",974.0,75728.0,974.0,53099.0,974.0,53099.0,825.3178689362467,45011.60597792969,825.3178689362467,0.0,0.0,858.1382283903004,44052.41289710515,0.0,2.5443269279353062,4.0,216.0,0.0,0.0,87.50000000031832,4680.699999999497,0.0,119.10000000000166,48.70000000017717,2654.950000000893,0.0,0.0,0.0,0.0,0.0,0.0,9.740000000000009,530.9900000000001,487.0,26549.5,1.0,17.0,496.7400000000016,27080.49000000001,0.0,0.0,858.1382283903004,44052.41289710515
77,2020-03-18,2020,True,4.2103825136612025,974,974,1017,45836.92384686594,803.4136278244808,7180,56,0.0,0.8295948837228357,0.15552980076228784,0.1565505198551515,0.14215422705975192,0.3837075630406661,0.9472895277207392,0.14797274039895844,117261.5965249295,0,False,False,True,"{""0"":null,""1"":null,""2"":null,""3"":null}",974.0,76702.0,974.0,54073.0,974.0,54073.0,825.3178689362467,45836.92384686594,825.3178689362467,0.0,0.0,803.4136278244841,44855.82652492963,0.0,2.5443269279353062,4.0,220.0,0.0,0.0,87.50000000031832,4768.199999999815,0.0,119.10000000000166,48.70000000017717,2703.65000000107,0.0,0.0,0.0,0.0,0.0,0.0,9.740000000000009,540.7300000000001,487.0,27036.5,0.0,17.0,496.7400000000016,27577.23000000001,0.0,0.0,803.4136278244841,44855.82652492963
78,2020-03-19,2020,True,4.213114754098361,976,976,1019,46663.682563747985,795.7340446706509,7281,59,0.055626595143504154,0.7992884878019568,0.18787032129541906,0.15641136565179067,0.14131930691947378,0.38397446551082215,0.9469313524590164,0.1696779369749279,117557.57056960015,0,False,False,True,"{""0"":null,""1"":null,""2"":null,""3"":null}",976.0,77678.0,976.0,55049.0,976.0,55049.0,826.7587168820464,46663.682563747985,826.7587168820464,0.0,0.0,795.7340446706512,45651.56056960028,0.05562659514350399,2.5999535230788102,4.0,224.0,0.0,0.0,87.60000000031869,4855.800000000134,2.2500000000000853,121.35000000000174,48.80000000017753,2752.4500000012476,0.0,0.0,0.0,0.0,0.0,0.0,9.759999999999991,550.4900000000001,488.0,27524.5,2.0,19.0,497.7599999999984,28074.99000000001,0.0,0.0,795.7340446706512,45651.56056960028
79,2020-03-20,2020,True,4.215846994535519,976,976,1019,47490.44128063003,755.6428802421125,7397,47,0.0,0.8135589080926144,0.17752754063392073,0.15644843359499513,0.14109496523353357,0.38397446551082215,0.947264344262295,0.18997206548827647,117815.45344984227,0,False,False,True,"{""0"":null,""1"":null,""2"":null,""3"":null}",976.0,78654.0,976.0,56025.0,976.0,56025.0,826.7587168820464,47490.44128063003,826.7587168820464,0.0,0.0,755.6428802421142,46407.2034498424,0.0,2.5999535230788102,4.0,228.0,0.0,0.0,87.60000000031869,4943.400000000453,3.1500000000001194,124.50000000000186,48.80000000017753,2801.250000001425,0.0,0.0,0.0,0.0,0.0,0.0,9.759999999999991,560.2500000000001,488.0,28012.5,0.0,19.0,497.7599999999984,28572.750000000007,0.0,0.0,755.6428802421142,46407.2034498424
80,2020-03-21,2020,False,4.218579234972678,975,0,1019,47490.44128063003,0.0,6591,47,0.0,,,0.15628570630321154,0.14059386795070328,0.38372233409056844,0.9498,0.11703975384139038,117815.45344984227,0,False,False,True,"{""0"":null,""1"":null,""2"":null,""3"":null}",975.0,79629.0,0.0,56025.0,0.0,56025.0,0.0,47490.44128063003,0.0,0.0,0.0,0.0,46407.2034498424,0.0,2.5999535230788102,0.0,228.0,0.0,0.0,0.0,4943.400000000453,0.0,124.50000000000186,0.0,2801.250000001425,0.0,0.0,0.0,0.0,0.0,0.0,0.0,560.2500000000001,0.0,28012.5,0.0,19.0,0.0,28572.750000000007,0.0,0.0,0.0,46407.2034498424
81,2020-03-22,2020,False,4.221311475409836,975,0,1019,47490.44128063003,0.0,6591,47,0.0,,,0.15628570630321154,0.14059386795070328,0.38372233409056844,0.9498,0.0706197312862013,117815.45344984227,0,False,False,True,"{""0"":null,""1"":null,""2"":null,""3"":null}",975.0,80604.0,0.0,56025.0,0.0,56025.0,0.0,47490.44128063003,0.0,0.0,0.0,0.0,46407.2034498424,0.0,2.5999535230788102,0.0,228.0,0.0,0.0,0.0,4943.400000000453,0.0,124.50000000000186,0.0,2801.250000001425,0.0,0.0,0.0,0.0,0.0,0.0,0.0,560.2500000000001,0.0,28012.5,0.0,19.0,0.0,28572.750000000007,0.0,0.0,0.0,46407.2034498424
82,2020-03-23,2020,True,4.224043715846994,975,975,1019,48316.434554778185,923.3943235045712,7501,22,0.0,0.8421330646023659,0.15222587905676166,0.15628570630321154,0.14059386795070328,0.38372233409056844,0.9471179487179486,0.09773357247589107,118241.59777334685,0,False,False,True,"{""0"":null,""1"":null,""2"":null,""3"":null}",975.0,81579.0,975.0,57000.0,975.0,57000.0,825.9932741481534,48316.434554778185,825.9932741481534,0.0,0.0,923.3943235045735,47330.59777334697,0.0,2.5999535230788102,4.0,232.0,0.0,0.0,87.50000000031832,5030.900000000771,7.050000000000253,131.55000000000211,48.75000000017735,2850.0000000016025,0.0,0.0,0.0,0.0,0.0,0.0,9.75,570.0000000000001,487.5,28500.0,0.0,19.0,497.25,29070.000000000007,0.0,0.0,923.3943235045735,47330.59777334697
83,2020-03-24,2020,True,4.226775956284153,975,975,1019,49142.42782892634,871.3902447999386,7557,36,0.0,0.8205449869125631,0.1662785190705242,0.15626180199245232,0.14093650202474833,0.38372233409056844,0.9468051282051282,0.12318926378837013,118615.73801814679,0,False,False,True,"{""0"":null,""1"":null,""2"":null,""3"":null}",975.0,82554.0,975.0,57975.0,975.0,57975.0,825.9932741481534,49142.42782892634,825.9932741481534,0.0,0.0,871.3902447999353,48201.988018146905,0.0,2.5999535230788102,4.0,236.0,0.0,0.0,87.50000000031832,5118.400000001089,0.0,131.55000000000211,48.75000000017735,2898.75000000178,0.0,0.0,0.0,0.0,0.0,0.0,9.75,579.7500000000001,487.5,28987.5,0.0,19.0,497.25,29567.250000000007,0.0,0.0,871.3902447999353,48201.988018146905
84,2020-03-25,2020,True,4.229508196721311,975,975,1019,49968.42110307449,831.4957351193549,7698,47,0.0,0.825796078536424,0.16170432690308628,0.15681582118559398,0.14154278626464634,0.38372233409056844,0.9475333333333333,0.14681539634294272,118949.98375326615,0,False,False,True,"{""0"":null,""1"":null,""2"":null,""3"":null}",975.0,83529.0,975.0,58950.0,975.0,58950.0,825.9932741481534,49968.42110307449,825.9932741481534,0.0,0.0,831.4957351193516,49033.48375326626,0.0,2.5999535230788102,4.0,240.0,0.0,0.0,87.50000000031832,5205.9000000014075,0.0,131.55000000000211,48.75000000017735,2947.5000000019572,0.0,0.0,0.0,0.0,0.0,0.0,9.75,589.5000000000001,487.5,29475.0,0.0,19.0,497.25,30064.500000000007,0.0,0.0,831.4957351193516,49033.48375326626
85,2020-03-26,2020,True,4.23224043715847,975,975,1019,50794.414377222645,799.8816879383681,7801,37,0.001445317917190549,0.8215629819736097,0.17174416608681825,0.15660895923222354,0.1415693158766044,0.38372233409056844,0.9482051282051283,0.16894534347026374,119252.61544120451,0,False,False,True,"{""0"":null,""1"":null,""2"":null,""3"":null}",975.0,84504.0,975.0,59925.0,975.0,59925.0,825.9932741481534,50794.414377222645,825.9932741481534,0.0,0.0,799.8816879383667,49833.36544120462,0.0014453179171907138,2.601398840996001,4.0,244.0,0.0,0.0,87.50000000031832,5293.400000001726,3.300000000000125,134.85000000000224,48.75000000017735,2996.2500000021346,0.0,0.0,0.0,0.0,0.0,0.0,9.75,599.2500000000001,487.5,29962.5,0.0,19.0,497.25,30561.750000000007,0.0,0.0,799.8816879383667,49833.36544120462
86,2020-03-27,2020,True,4.2349726775956285,972,972,1019,51617.9105665568,747.07832582704,7895,38,0.0,0.8407165058477789,0.14589721549295193,0.1563385428755205,0.1415173898952438,0.3836008334786799,0.9484979423868312,0.1894583209839603,119503.97376703155,0,False,False,True,"{""0"":null,""1"":null,""2"":null,""3"":null}",972.0,85476.0,972.0,60897.0,972.0,60897.0,823.4961893341533,51617.9105665568,823.4961893341533,0.0,0.0,747.0783258270385,50580.44376703166,0.0,2.601398840996001,4.0,248.0,0.0,0.0,87.3000000003176,5380.700000002043,2.1000000000000796,136.95000000000232,48.600000000176806,3044.8500000023114,0.0,0.0,0.0,0.0,0.0,0.0,9.720000000000027,608.9700000000001,486.0,30448.5,0.0,19.0,495.72000000000116,31057.47000000001,0.0,0.0,747.0783258270385,50580.44376703166
87,2020-03-28,2020,False,4.237704918032787,972,0,1020,51617.9105665568,0.0,7090,38,0.0,,,0.1560207035768434,0.1404278594846847,0.38352215358424113,0.9505761316872429,0.1158171141772728,119502.97376703155,0,False,False,True,"{""0"":null,""1"":null,""2"":null,""3"":null}",972.0,86448.0,0.0,60897.0,0.0,60897.0,0.0,51617.9105665568,0.0,0.0,0.0,0.0,50580.44376703166,0.0,2.601398840996001,0.0,248.0,0.0,0.0,0.0,5380.700000002043,0.0,136.95000000000232,0.0,3044.8500000023114,0.0,0.0,0.0,0.0,0.0,0.0,0.0,608.9700000000001,0.0,30448.5,1.0,20.0,0.0,31057.47000000001,0.0,0.0,0.0,50580.44376703166
88,2020-03-29,2020,False,4.240437158469946,971,0,1020,51617.9105665568,0.0,7090,38,0.0,,,0.1559202928221312,0.14027275067680467,0.38351155538949455,0.9505252317198765,0.06939052694971824,119502.97376703155,0,False,False,True,"{""0"":null,""1"":null,""2"":null,""3"":null}",971.0,87419.0,0.0,60897.0,0.0,60897.0,0.0,51617.9105665568,0.0,0.0,0.0,0.0,50580.44376703166,0.0,2.601398840996001,0.0,248.0,0.0,0.0,0.0,5380.700000002043,0.0,136.95000000000232,0.0,3044.8500000023114,0.0,0.0,0.0,0.0,0.0,0.0,0.0,608.9700000000001,0.0,30448.5,0.0,20.0,0.0,31057.47000000001,0.0,0.0,0.0,50580.44376703166
89,2020-03-30,2020,True,4.243169398907104,971,971,1020,52440.66482393121,908.1460054731691,7988,26,0.700447791389597,0.8454917388552521,0.1313313094427911,0.1559202928221312,0.14027275067680464,0.38351155538949455,0.9477857878475797,0.09675210028635628,119915.90977250472,0,False,False,True,"{""0"":null,""1"":null,""2"":null,""3"":null}",971.0,88390.0,971.0,61868.0,971.0,61868.0,822.754257374414,52440.66482393121,822.754257374414,0.0,0.0,908.1460054731724,51488.589772504834,0.700447791389597,3.301846632385598,4.0,252.0,0.0,0.0,87.20000000031723,5467.900000002361,5.700000000000216,142.65000000000254,48.550000000176624,3093.400000002488,0.0,0.0,0.0,0.0,0.0,0.0,9.710000000000036,618.6800000000002,485.5,30934.0,0.0,20.0,495.2099999999991,31552.680000000008,0.0,0.0,908.1460054731724,51488.589772504834
90,2020-03-31,2020,True,4.245901639344262,971,971,1021,53263.50343808736,870.6857353426713,8070,41,0.0,0.8425720810151086,0.13987629211980296,0.1567153009661528,0.14040892129487786,0.38396804017123115,0.9479660144181257,0.12250737900729454,120290.38550784739,0,False,False,True,"{""0"":null,""1"":null,""2"":null,""3"":null}",971.0,89361.0,971.0,62839.0,971.0,62839.0,822.8386141561496,53263.50343808736,822.8386141561496,0.0,0.0,870.6857353426676,52359.2755078475,0.0,3.301846632385598,4.0,256.0,0.0,0.0,87.10000000031687,5555.000000002678,0.0,142.65000000000254,48.550000000176624,3141.9500000026646,0.0,0.0,0.0,0.0,0.0,0.0,9.710000000000036,628.3900000000002,485.5,31419.5,1.0,21.0,495.2099999999991,32047.890000000007,0.0,0.0,870.6857353426676,52359.2755078475
91,2020-04-01,2020,True,4.248633879781421,970,970,1022,54085.46314732072,758.7378121848425,8146,55,0.11830854822608962,0.8246537724541882,0.15555652459180727,0.1565194062093633,0.14000277587325377,0.38395729718381033,0.9476030927835051,0.146443961371612,120553.42332003223,0,False,False,True,"{""0"":null,""1"":null,""2"":null,""3"":null}",970.0,90331.0,970.0,63809.0,970.0,63809.0,821.959709233357,54085.46314732072,821.959709233357,0.0,0.0,758.7378121848451,53118.01332003235,0.11830854822608972,3.4201551806116877,4.0,260.0,0.0,0.0,87.0000000003165,5642.000000002994,0.0,142.65000000000254,48.50000000017644,3190.450000002841,0.0,0.0,0.0,0.0,0.0,0.0,9.700000000000045,638.0900000000003,485.0,31904.5,1.0,22.0,494.7000000000007,32542.590000000007,0.0,0.0,758.7378121848451,53118.01332003235
92,2020-04-02,2020,True,4.251366120218579,969,969,1022,54906.71526756211,697.23151128233,8293,54,0.13600233009506582,0.8173599163377526,0.17362863726294453,0.15672088733055117,0.14125555183341545,0.38415747769013764,0.9476522187822497,0.1687809401507271,120756.46483131456,0,False,False,True,"{""0"":null,""1"":null,""2"":null,""3"":null}",969.0,91300.0,969.0,64778.0,969.0,64778.0,821.2521202413918,54906.71526756211,821.2521202413918,0.0,0.0,697.2315112823271,53815.244831314674,0.1360023300950659,3.5561575107067536,4.0,264.0,0.0,0.0,86.90000000031614,5728.90000000331,3.900000000000148,146.55000000000268,48.45000000017626,3238.9000000030173,0.0,0.0,0.0,0.0,0.0,0.0,9.690000000000055,647.7800000000003,484.5,32389.0,0.0,22.0,494.1899999999987,33036.780000000006,0.0,0.0,697.2315112823271,53815.244831314674
93,2020-04-03,2020,True,4.254098360655738,968,968,1022,55727.10774961599,688.3840900250243,8398,54,0.0,0.8057503036129946,0.1900121242098152,0.15655515753529659,0.140915172264016,0.38390117341472824,0.9484865702479339,0.18939970715985324,120951.16892133959,0,False,False,True,"{""0"":null,""1"":null,""2"":null,""3"":null}",968.0,92268.0,968.0,65746.0,968.0,65746.0,820.3924820538814,55727.10774961599,820.3924820538814,0.0,0.0,688.3840900250216,54503.628921339696,0.0,3.5561575107067536,4.0,268.0,0.0,0.0,86.90000000031614,5815.800000003626,2.2500000000000853,148.80000000000277,48.40000000017608,3287.3000000031934,0.0,0.0,0.0,0.0,0.0,0.0,9.67999999999995,657.4600000000003,484.0,32873.0,0.0,22.0,493.6800000000003,33530.46000000001,0.0,0.0,688.3840900250216,54503.628921339696
94,2020-04-04,2020,False,4.256830601092896,967,0,1023,55727.10774961599,0.0,7588,54,0.0,,,0.1556392687171818,0.13958354554639127,0.38351262554000953,0.9503722854188211,0.11577534139836809,120950.16892133959,0,False,False,True,"{""0"":null,""1"":null,""2"":null,""3"":null}",967.0,93235.0,0.0,65746.0,0.0,65746.0,0.0,55727.10774961599,0.0,0.0,0.0,0.0,54503.628921339696,0.0,3.5561575107067536,0.0,268.0,0.0,0.0,0.0,5815.800000003626,0.0,148.80000000000277,0.0,3287.3000000031934,0.0,0.0,0.0,0.0,0.0,0.0,0.0,657.4600000000003,0.0,32873.0,1.0,23.0,0.0,33530.46000000001,0.0,0.0,0.0,54503.628921339696
95,2020-04-05,2020,False,4.259562841530054,968,0,1024,55727.10774961599,0.0,7588,54,0.0,,,0.15557973367992822,0.13882869596342284,0.3835232237347561,0.9501136363636364,0.06888373021769223,120949.16892133959,0,False,False,True,"{""0"":null,""1"":null,""2"":null,""3"":null}",968.0,94203.0,0.0,65746.0,0.0,65746.0,0.0,55727.10774961599,0.0,0.0,0.0,0.0,54503.628921339696,0.0,3.5561575107067536,0.0,268.0,0.0,0.0,0.0,5815.800000003626,0.0,148.80000000000277,0.0,3287.3000000031934,0.0,0.0,0.0,0.0,0.0,0.0,0.0,657.4600000000003,0.0,32873.0,1.0,24.0,0.0,33530.46000000001,0.0,0.0,0.0,54503.628921339696
96,2020-04-06,2020,True,4.262295081967213,967,967,1024,56546.60489310396,831.3118522363147,8518,24,0.0,0.8508912128775624,0.1250715355909977,0.1556640548905301,0.13958164497629505,0.38351233211776437,0.9483712512926578,0.0964336882317197,121287.31077357591,0,False,False,True,"{""0"":null,""1"":null,""2"":null,""3"":null}",967.0,95170.0,967.0,66713.0,967.0,66713.0,819.4971434879699,56546.60489310396,819.4971434879699,0.0,0.0,831.3118522363147,55334.94077357601,0.0,3.5561575107067536,4.0,272.0,0.0,0.0,86.90000000031614,5902.7000000039425,8.100000000000307,156.90000000000308,48.350000000175896,3335.6500000033693,0.0,0.0,0.0,0.0,0.0,0.0,9.669999999999959,667.1300000000002,483.5,33356.5,0.0,24.0,493.16999999999825,34023.630000000005,0.0,0.0,831.3118522363147,55334.94077357601
97,2020-04-07,2020,True,4.2650273224043715,966,966,1024,57365.118249516534,792.4656682318,8561,46,0.0,0.8372956437602734,0.15184129715393418,0.1561767532087468,0.14032587249505005,0.3837159044044829,0.9487267080745342,0.121759487647776,121587.11644180771,0,False,False,True,"{""0"":null,""1"":null,""2"":null,""3"":null}",966.0,96136.0,966.0,67679.0,966.0,67679.0,818.5133564125717,57365.118249516534,818.5133564125717,0.0,0.0,792.4656682318018,56127.40644180781,0.0,3.5561575107067536,4.0,276.0,0.0,0.0,86.80000000031578,5989.500000004258,0.0,156.90000000000308,48.300000000175714,3383.950000003545,0.0,0.0,0.0,0.0,0.0,0.0,9.659999999999968,676.7900000000002,483.0,33839.5,0.0,24.0,492.6600000000035,34516.29000000001,0.0,0.0,792.4656682318018,56127.40644180781
98,2020-04-08,2020,True,4.26775956284153,965,965,1024,58182.76567851146,762.4218851033617,8648,65,0.0,0.828388400033644,0.16073300058362877,0.15618237670320612,0.1405040223785666,0.3837838413115008,0.9484248704663213,0.14567408299956408,121857.38832691108,0,False,False,True,"{""0"":null,""1"":null,""2"":null,""3"":null}",965.0,97101.0,965.0,68644.0,965.0,68644.0,817.6474289949256,58182.76567851146,817.6474289949256,0.0,0.0,762.4218851033584,56889.82832691117,0.0,3.5561575107067536,4.0,280.0,0.0,0.0,86.70000000031541,6076.200000004574,0.0,156.90000000000308,48.25000000017553,3432.2000000037206,0.0,0.0,0.0,0.0,0.0,0.0,9.649999999999977,686.4400000000002,482.5,34322.0,0.0,24.0,492.15000000000146,35008.44000000001,0.0,0.0,762.4218851033584,56889.82832691117
99,2020-04-09,2020,True,4.270491803278689,966,966,1025,59001.37025762499,724.9416703277559,8796,56,0.0,0.8239249683830191,0.16399627004709016,0.1562025956963069,0.13975673404022682,0.3837159044044829,0.948592132505176,0.16778504951446355,122088.66999723883,0,False,False,True,"{""0"":null,""1"":null,""2"":null,""3"":null}",966.0,98067.0,966.0,69610.0,966.0,69610.0,818.604579113533,59001.37025762499,818.604579113533,0.0,0.0,724.941670327753,57614.769997238924,0.0,3.5561575107067536,4.0,284.0,0.0,0.0,86.80000000031578,6163.000000004889,3.6000000000001364,160.5000000000032,48.300000000175714,3480.5000000038963,0.0,0.0,0.0,0.0,0.0,0.0,9.659999999999968,696.1000000000001,483.0,34805.0,1.0,25.0,492.6600000000035,35501.10000000001,0.0,0.0,724.941670327753,57614.769997238924
100,2020-04-10,2020,True,4.273224043715847,967,967,1027,59820.778057648095,703.7357989422846,8885,45,0.0,0.7909919737224903,0.21155863404142863,0.15598780557286407,0.13833502938888934,0.3835114105968203,0.9487383660806618,0.1883958404146044,122297.23579618112,0,False,False,True,"{""0"":null,""1"":null,""2"":null,""3"":null}",967.0,99034.0,967.0,70577.0,967.0,70577.0,819.407800023102,59820.778057648095,819.407800023102,0.0,0.0,703.7357989422817,58318.505796181205,0.0,3.5561575107067536,4.0,288.0,0.0,0.0,86.80000000031578,6249.800000005205,3.300000000000125,163.80000000000334,48.350000000175896,3528.850000004072,0.0,0.0,0.0,0.0,0.0,0.0,9.669999999999959,705.7700000000001,483.5,35288.5,2.0,27.0,493.16999999999825,35994.27000000001,0.0,0.0,703.7357989422817,58318.505796181205
101,2020-04-11,2020,False,4.275956284153006,967,0,1027,59820.778057648095,0.0,8079,45,0.0,,,0.1563915427016314,0.13860828820620347,0.3835114105968203,0.9510754912099275,0.1147072967982844,122297.23579618112,0,False,False,True,"{""0"":null,""1"":null,""2"":null,""3"":null}",967.0,100001.0,0.0,70577.0,0.0,70577.0,0.0,59820.778057648095,0.0,0.0,0.0,0.0,58318.505796181205,0.0,3.5561575107067536,0.0,288.0,0.0,0.0,0.0,6249.800000005205,0.0,163.80000000000334,0.0,3528.850000004072,0.0,0.0,0.0,0.0,0.0,0.0,0.0,705.7700000000001,0.0,35288.5,0.0,27.0,0.0,35994.27000000001,0.0,0.0,0.0,58318.505796181205
102,2020-04-12,2020,False,4.278688524590164,967,0,1027,59820.778057648095,0.0,8079,45,0.0,,,0.15639154270163136,0.13860828820620347,0.3835114105968203,0.9510754912099275,0.06797502560435273,122297.23579618112,0,False,False,True,"{""0"":null,""1"":null,""2"":null,""3"":null}",967.0,100968.0,0.0,70577.0,0.0,70577.0,0.0,59820.778057648095,0.0,0.0,0.0,0.0,58318.505796181205,0.0,3.5561575107067536,0.0,288.0,0.0,0.0,0.0,6249.800000005205,0.0,163.80000000000334,0.0,3528.850000004072,0.0,0.0,0.0,0.0,0.0,0.0,0.0,705.7700000000001,0.0,35288.5,0.0,27.0,0.0,35994.27000000001,0.0,0.0,0.0,58318.505796181205
103,2020-04-13,2020,True,4.281420765027322,967,967,1027,60640.1858576712,838.1255922942187,8994,16,0.0,0.8262788778409977,0.14105327273095364,0.1563915427016314,0.13860828820620347,0.3835114105968203,0.9487849017580146,0.09552475448216075,122642.19138847534,0,False,False,True,"{""0"":null,""1"":null,""2"":null,""3"":null}",967.0,101935.0,967.0,71544.0,967.0,71544.0,819.407800023102,60640.1858576712,819.407800023102,0.0,0.0,838.1255922942219,59156.63138847543,0.0,3.5561575107067536,4.0,292.0,0.0,0.0,86.80000000031578,6336.600000005521,6.750000000000256,170.5500000000036,48.350000000175896,3577.200000004248,0.0,0.0,0.0,0.0,0.0,0.0,9.669999999999959,715.44,483.5,35772.0,0.0,27.0,493.16999999999825,36487.44000000001,0.0,0.0,838.1255922942219,59156.63138847543
104,2020-04-14,2020,True,4.284153005464481,966,966,1027,61458.72128767419,795.3214999919977,9037,31,0.0,0.8313477074334237,0.17337280865563987,0.15615897960981076,0.13914965092360113,0.3837115911031476,0.9486490683229813,0.12114750623110974,122944.85288846734,0,False,False,True,"{""0"":null,""1"":null,""2"":null,""3"":null}",966.0,102901.0,966.0,72510.0,966.0,72510.0,818.535430002994,61458.72128767419,818.535430002994,0.0,0.0,795.3214999919946,59951.95288846742,0.0,3.5561575107067536,4.0,296.0,0.0,0.0,86.70000000031541,6423.300000005836,0.0,170.5500000000036,48.300000000175714,3625.500000004424,0.0,0.0,0.0,0.0,0.0,0.0,9.659999999999968,725.1,483.0,36255.0,0.0,27.0,492.6600000000035,36980.10000000001,0.0,0.0,795.3214999919946,59951.95288846742
105,2020-04-15,2020,True,4.286885245901639,968,968,1029,62279.042909552336,759.2093732143052,9130,44,0.0,0.8265098312812009,0.17463951618266907,0.1564977446430198,0.13804484125365146,0.3839829516673131,0.9476291322314049,0.14508080716422836,123208.38226168166,0,False,False,True,"{""0"":null,""1"":null,""2"":null,""3"":null}",968.0,103869.0,968.0,73478.0,968.0,73478.0,820.3216218781454,62279.042909552336,820.3216218781454,0.0,0.0,759.2093732143039,60711.162261681726,0.0,3.5561575107067536,4.0,300.0,0.0,0.0,86.90000000031614,6510.200000006153,0.0,170.5500000000036,48.40000000017608,3673.9000000046,0.0,0.0,0.0,0.0,0.0,0.0,9.67999999999995,734.78,484.0,36739.0,2.0,29.0,493.6800000000003,37473.78000000001,0.0,0.0,759.2093732143039,60711.162261681726
106,2020-04-16,2020,True,4.2896174863387975,968,968,1029,63099.36453143048,737.1226791865009,9235,39,0.0,0.7988777655869888,0.20226112113606182,0.15630797660285073,0.13828091848972254,0.3839829516673131,0.946849173553719,0.16734259274846305,123451.82494086817,0,False,False,True,"{""0"":null,""1"":null,""2"":null,""3"":null}",968.0,104837.0,968.0,74446.0,968.0,74446.0,820.3216218781454,63099.36453143048,820.3216218781454,0.0,0.0,737.1226791864974,61448.28494086822,0.0,3.5561575107067536,4.0,304.0,0.0,0.0,86.90000000031614,6597.100000006469,2.400000000000091,172.95000000000368,48.40000000017608,3722.300000004776,0.0,0.0,0.0,0.0,0.0,0.0,9.67999999999995,744.4599999999999,484.0,37223.0,0.0,29.0,493.6800000000003,37967.460000000014,0.0,0.0,737.1226791864974,61448.28494086822
107,2020-04-17,2020,True,4.2923497267759565,966,966,1029,63918.12179363383,702.9400284775166,9366,39,0.0,0.7952269505189965,0.20462435467011933,0.15644150304391258,0.1381537133920716,0.38417238918621954,0.9471428571428571,0.18813357793937902,123662.10496934569,0,False,False,True,"{""0"":null,""1"":null,""2"":null,""3"":null}",966.0,105803.0,966.0,75412.0,966.0,75412.0,818.7572622033476,63918.12179363383,818.7572622033476,0.0,0.0,702.9400284775184,62151.22496934574,0.0,3.5561575107067536,4.0,308.0,0.0,0.0,86.70000000031541,6683.800000006784,2.2500000000000853,175.20000000000377,48.300000000175714,3770.6000000049517,0.0,0.0,0.0,0.0,0.0,0.0,9.659999999999968,754.1199999999999,483.0,37706.0,0.0,29.0,492.6600000000035,38460.12000000002,0.0,0.0,702.9400284775184,62151.22496934574
108,2020-04-18,2020,False,4.295081967213115,966,0,1030,63918.12179363383,0.0,8574,39,0.0,,,0.15563512709121657,0.13680582055633356,0.3837159044044829,0.9494616977225673,0.11409035883397163,123661.10496934569,0,False,False,True,"{""0"":null,""1"":null,""2"":null,""3"":null}",966.0,106769.0,0.0,75412.0,0.0,75412.0,0.0,63918.12179363383,0.0,0.0,0.0,0.0,62151.22496934574,0.0,3.5561575107067536,0.0,308.0,0.0,0.0,0.0,6683.800000006784,0.0,175.20000000000377,0.0,3770.6000000049517,0.0,0.0,0.0,0.0,0.0,0.0,0.0,754.1199999999999,0.0,37706.0,1.0,30.0,0.0,38460.12000000002,0.0,0.0,0.0,62151.22496934574
109,2020-04-19,2020,False,4.297814207650273,966,0,1031,63918.12179363383,0.0,8574,39,0.0,,,0.1553786467582006,0.1357264748304829,0.3834660298151591,0.9491718426501035,0.06740077307381002,123660.10496934569,0,False,False,True,"{""0"":null,""1"":null,""2"":null,""3"":null}",966.0,107735.0,0.0,75412.0,0.0,75412.0,0.0,63918.12179363383,0.0,0.0,0.0,0.0,62151.22496934574,0.0,3.5561575107067536,0.0,308.0,0.0,0.0,0.0,6683.800000006784,0.0,175.20000000000377,0.0,3770.6000000049517,0.0,0.0,0.0,0.0,0.0,0.0,0.0,754.1199999999999,0.0,37706.0,1.0,31.0,0.0,38460.12000000002,0.0,0.0,0.0,62151.22496934574
110,2020-04-20,2020,True,4.300546448087432,966,966,1031,64736.93500504746,843.1716215935169,9483,24,0.0,0.8664916370019081,0.12626935679671691,0.1553786467582006,0.1357264748304829,0.3834660298151591,0.9469513457556936,0.09497421922633385,124010.6165909392,0,False,False,True,"{""0"":null,""1"":null,""2"":null,""3"":null}",966.0,108701.0,966.0,76378.0,966.0,76378.0,818.8132114136315,64736.93500504746,818.8132114136315,0.0,0.0,843.1716215935157,62994.39659093926,0.0,3.5561575107067536,4.0,312.0,0.0,0.0,86.80000000031578,6770.6000000071,5.850000000000222,181.050000000004,48.300000000175714,3818.9000000051274,0.0,0.0,0.0,0.0,0.0,0.0,9.659999999999968,763.7799999999999,483.0,38189.0,0.0,31.0,492.6600000000035,38952.78000000002,0.0,0.0,843.1716215935157,62994.39659093926
111,2020-04-21,2020,True,4.30327868852459,966,966,1031,65555.74821646111,796.2548475411035,9533,39,0.0,0.8230500327710161,0.16724292768760543,0.15543663414736567,0.13600192081486773,0.3834660298151591,0.947184265010352,0.12085751595642308,124314.2114384803,0,False,False,True,"{""0"":null,""1"":null,""2"":null,""3"":null}",966.0,109667.0,966.0,77344.0,966.0,77344.0,818.8132114136533,65555.74821646111,818.8132114136533,0.0,0.0,796.2548475411022,63790.65143848036,0.0,3.5561575107067536,4.0,316.0,0.0,0.0,86.80000000031578,6857.400000007416,0.0,181.050000000004,48.300000000175714,3867.200000005303,0.0,0.0,0.0,0.0,0.0,0.0,9.659999999999968,773.4399999999998,483.0,38672.0,0.0,31.0,492.6600000000035,39445.440000000024,0.0,0.0,796.2548475411022,63790.65143848036
112,2020-04-22,2020,True,4.306010928961749,966,966,1031,66374.56142787509,772.1798917454707,9619,53,0.0,0.8066615605795033,0.18131862995725123,0.1553503540916637,0.13593980539554548,0.3834660298151591,0.9464233954451345,0.1449709950975284,124593.73133022577,0,False,False,True,"{""0"":null,""1"":null,""2"":null,""3"":null}",966.0,110633.0,966.0,78310.0,966.0,78310.0,818.8132114139735,66374.56142787509,818.8132114139735,0.0,0.0,772.1798917454726,64562.83133022583,0.0,3.5561575107067536,4.0,320.0,0.0,0.0,86.80000000031578,6944.200000007731,0.0,181.050000000004,48.300000000175714,3915.500000005479,0.0,0.0,0.0,0.0,0.0,0.0,9.659999999999968,783.0999999999998,483.0,39155.0,0.0,31.0,492.6600000000035,39938.10000000003,0.0,0.0,772.1798917454726,64562.83133022583
113,2020-04-23,2020,True,4.308743169398907,966,966,1032,67193.39003497019,739.9694965553238,9733,50,0.0,0.8077926344937861,0.17214402348622693,0.1553577629179934,0.1354625827907421,0.38379458429892166,0.9455020703933747,0.1673032281455122,124840.04082678109,0,False,False,True,"{""0"":null,""1"":null,""2"":null,""3"":null}",966.0,111599.0,966.0,79276.0,966.0,79276.0,818.8286070950999,67193.39003497019,818.8286070950999,0.0,0.0,739.9694965553208,65302.80082678115,0.0,3.5561575107067536,4.0,324.0,0.0,0.0,86.80000000031578,7031.000000008047,3.6000000000001364,184.65000000000413,48.300000000175714,3963.8000000056545,0.0,0.0,0.0,0.0,0.0,0.0,9.659999999999968,792.7599999999998,483.0,39638.0,1.0,32.0,492.6600000000035,40430.76000000003,0.0,0.0,739.9694965553208,65302.80082678115
114,2020-04-24,2020,True,4.311475409836065,967,967,1033,68013.05960356758,715.7465942949058,9846,49,0.0,0.7975729512603078,0.20044114643881,0.15572729068193655,0.13495657618231904,0.38372664739190376,0.945511892450879,0.18785029189469507,125061.617421076,0,False,False,True,"{""0"":null,""1"":null,""2"":null,""3"":null}",967.0,112566.0,967.0,80243.0,967.0,80243.0,819.6695685973973,68013.05960356758,819.6695685973973,0.0,0.0,715.7465942949057,66018.54742107606,0.0,3.5561575107067536,4.0,328.0,0.0,0.0,86.90000000031614,7117.900000008363,2.2500000000000853,186.9000000000042,48.350000000175896,4012.1500000058304,0.0,0.0,0.0,0.0,0.0,0.0,9.669999999999959,802.4299999999997,483.5,40121.5,1.0,33.0,493.16999999999825,40923.93000000003,0.0,0.0,715.7465942949057,66018.54742107606
115,2020-04-25,2020,False,4.314207650273224,967,0,1033,68013.05960356758,0.0,9064,49,0.0,,,0.15562813275584753,0.13495891537397312,0.38372664739190376,0.9479782833505687,0.1138476364466883,125061.617421076,0,False,False,True,"{""0"":null,""1"":null,""2"":null,""3"":null}",967.0,113533.0,0.0,80243.0,0.0,80243.0,0.0,68013.05960356758,0.0,0.0,0.0,0.0,66018.54742107606,0.0,3.5561575107067536,0.0,328.0,0.0,0.0,0.0,7117.900000008363,0.0,186.9000000000042,0.0,4012.1500000058304,0.0,0.0,0.0,0.0,0.0,0.0,0.0,802.4299999999997,0.0,40121.5,0.0,33.0,0.0,40923.93000000003,0.0,0.0,0.0,66018.54742107606
116,2020-04-26,2020,False,4.316939890710382,968,0,1035,68013.05960356758,0.0,9064,49,0.0,,,0.1551484705428498,0.13303074361765085,0.3835230751051852,0.9474121900826447,0.06674953115045773,125059.617421076,0,False,False,True,"{""0"":null,""1"":null,""2"":null,""3"":null}",968.0,114501.0,0.0,80243.0,0.0,80243.0,0.0,68013.05960356758,0.0,0.0,0.0,0.0,66018.54742107606,0.0,3.5561575107067536,0.0,328.0,0.0,0.0,0.0,7117.900000008363,0.0,186.9000000000042,0.0,4012.1500000058304,0.0,0.0,0.0,0.0,0.0,0.0,0.0,802.4299999999997,0.0,40121.5,2.0,35.0,0.0,40923.93000000003,0.0,0.0,0.0,66018.54742107606
117,2020-04-27,2020,True,4.3196721311475414,968,968,1035,68833.67993945463,850.0065834908721,9985,17,0.0,0.8244540951283298,0.1696585795989855,0.1551484705428498,0.13303074361765085,0.3835230751051852,0.9451601239669422,0.0943167727131898,125415.94400456687,0,False,False,True,"{""0"":null,""1"":null,""2"":null,""3"":null}",968.0,115469.0,968.0,81211.0,968.0,81211.0,820.6203358870407,68833.67993945463,820.6203358870407,0.0,0.0,850.0065834908746,66868.55400456693,0.0,3.5561575107067536,4.0,332.0,0.0,0.0,87.0000000003165,7204.90000000868,7.3500000000002785,194.2500000000045,48.40000000017608,4060.5500000060065,0.0,0.0,0.0,0.0,0.0,0.0,9.67999999999995,812.1099999999997,484.0,40605.5,0.0,35.0,493.6800000000003,41417.61000000003,0.0,0.0,850.0065834908746,66868.55400456693
118,2020-04-28,2020,True,4.3224043715847,967,967,1035,69653.35725846453,802.0884029634044,10030,31,0.0,0.835361304994912,0.15924834116824443,0.15494633987413794,0.13297035103053395,0.3835910120122031,0.9453826266804549,0.11991395823150483,125724.86240753028,0,False,False,True,"{""0"":null,""1"":null,""2"":null,""3"":null}",967.0,116436.0,967.0,82178.0,967.0,82178.0,819.6773190099047,69653.35725846453,819.6773190099047,0.0,0.0,802.0884029634035,67670.64240753034,0.0,3.5561575107067536,4.0,336.0,0.0,0.0,86.90000000031614,7291.800000008996,0.0,194.2500000000045,48.350000000175896,4108.900000006182,0.0,0.0,0.0,0.0,0.0,0.0,9.669999999999959,821.7799999999996,483.5,41089.0,0.0,35.0,493.16999999999825,41910.78000000003,0.0,0.0,802.0884029634035,67670.64240753034
119,2020-04-29,2020,True,4.325136612021858,966,966,1035,70472.27745017895,781.3504315824152,10125,45,0.0,0.8252010674698144,0.1522396351035941,0.1548691417658497,0.13310661646898153,0.38358026902478226,0.9454710144927537,0.14400195479739297,126013.55283911269,0,False,False,True,"{""0"":null,""1"":null,""2"":null,""3"":null}",966.0,117402.0,966.0,83144.0,966.0,83144.0,818.9201917144237,70472.27745017895,818.9201917144237,0.0,0.0,781.3504315824102,68451.99283911275,0.0,3.5561575107067536,4.0,340.0,0.0,0.0,86.80000000031578,7378.600000009312,0.0,194.2500000000045,48.300000000175714,4157.200000006358,0.0,0.0,0.0,0.0,0.0,0.0,9.659999999999968,831.4399999999996,483.0,41572.0,0.0,35.0,492.6600000000035,42403.44000000003,0.0,0.0,781.3504315824102,68451.99283911275
120,2020-04-30,2020,True,4.327868852459017,966,966,1035,71291.19764189338,743.8381107916045,10224,49,0.016384868051563035,0.8272101458747902,0.16496343630866228,0.1551374659634561,0.13324678535390277,0.38358026902478226,0.944927536231884,0.1663227737048123,126264.73094990429,0,False,False,True,"{""0"":null,""1"":null,""2"":null,""3"":null}",966.0,118368.0,966.0,84110.0,966.0,84110.0,818.9201917144237,71291.19764189338,818.9201917144237,0.0,0.0,743.8381107916066,69195.83094990435,0.01638486805156303,3.5725423787583166,4.0,344.0,0.0,0.0,86.80000000031578,7465.400000009628,2.5500000000000966,196.8000000000046,48.300000000175714,4205.500000006534,0.0,0.0,0.0,0.0,0.0,0.0,9.659999999999968,841.0999999999996,483.0,42055.0,0.0,35.0,492.6600000000035,42896.100000000035,0.0,0.0,743.8381107916066,69195.83094990435
121,2020-05-01,2020,True,4.330601092896175,966,966,1035,72110.1178336078,715.3044302298074,10340,45,0.07037913601742259,0.7875201112204258,0.19991019949079217,0.15471882149495647,0.13358781621678092,0.38358026902478226,0.9448188405797101,0.18693319779795817,126487.3753801341,0,False,False,True,"{""0"":null,""1"":null,""2"":null,""3"":null}",966.0,119334.0,966.0,85076.0,966.0,85076.0,818.9201917144237,72110.1178336078,818.9201917144237,0.0,0.0,715.3044302298076,69911.13538013416,0.07037913601742263,3.6429215147757392,4.0,348.0,0.0,0.0,86.80000000031578,7552.200000009943,2.1000000000000796,198.90000000000467,48.300000000175714,4253.8000000067095,0.0,0.0,0.0,0.0,0.0,0.0,9.659999999999968,850.7599999999995,483.0,42538.0,0.0,35.0,492.6600000000035,43388.76000000004,0.0,0.0,715.3044302298076,69911.13538013416
122,2020-05-02,2020,False,4.333333333333333,964,0,1035,72110.1178336078,0.0,9554,45,0.0,,,0.15566490498098373,0.1346204184372593,0.38376955791411776,0.9472665975103735,0.11333599669997907,126487.3753801341,0,False,False,True,"{""0"":null,""1"":null,""2"":null,""3"":null}",964.0,120298.0,0.0,85076.0,0.0,85076.0,0.0,72110.1178336078,0.0,0.0,0.0,0.0,69911.13538013416,0.0,3.6429215147757392,0.0,348.0,0.0,0.0,0.0,7552.200000009943,0.0,198.90000000000467,0.0,4253.8000000067095,0.0,0.0,0.0,0.0,0.0,0.0,0.0,850.7599999999995,0.0,42538.0,0.0,35.0,0.0,43388.76000000004,0.0,0.0,0.0,69911.13538013416
123,2020-05-03,2020,False,4.336065573770492,963,0,1035,72110.1178336078,0.0,9554,45,0.0,,,0.15583583056992428,0.1346525805297766,0.38397313020083634,0.9472118380062305,0.0660398771180472,126487.3753801341,0,False,False,True,"{""0"":null,""1"":null,""2"":null,""3"":null}",963.0,121261.0,0.0,85076.0,0.0,85076.0,0.0,72110.1178336078,0.0,0.0,0.0,0.0,69911.13538013416,0.0,3.6429215147757392,0.0,348.0,0.0,0.0,0.0,7552.200000009943,0.0,198.90000000000467,0.0,4253.8000000067095,0.0,0.0,0.0,0.0,0.0,0.0,0.0,850.7599999999995,0.0,42538.0,0.0,35.0,0.0,43388.76000000004,0.0,0.0,0.0,69911.13538013416
124,2020-05-04,2020,True,4.33879781420765,963,963,1035,72926.65896358725,847.4326851569851,10480,18,0.15222902295630195,0.8397205862855848,0.14510883543136796,0.15583583056992428,0.13465258052977663,0.38397313020083634,0.9454569055036345,0.09368974359650181,126843.67806529107,0,False,False,True,"{""0"":null,""1"":null,""2"":null,""3"":null}",963.0,122224.0,963.0,86039.0,963.0,86039.0,816.5411299794505,72926.65896358725,816.5411299794505,0.0,0.0,847.4326851569786,70758.56806529114,0.15222902295630192,3.795150537732041,4.0,352.0,0.0,0.0,86.50000000031469,7638.700000010258,6.750000000000256,205.65000000000492,48.15000000017517,4301.950000006885,0.0,0.0,0.0,0.0,0.0,0.0,9.629999999999995,860.3899999999995,481.5,43019.5,0.0,35.0,491.1299999999974,43879.890000000036,0.0,0.0,847.4326851569786,70758.56806529114
125,2020-05-05,2020,True,4.341530054644808,962,962,1036,73742.13351328432,824.3420960757425,10517,31,0.10513559726200752,0.8504844984296183,0.14384003246176094,0.1551588657586313,0.13354997435933652,0.38371682592542694,0.9457796257796258,0.11941750652198911,127176.40016136681,0,False,False,True,"{""0"":null,""1"":null,""2"":null,""3"":null}",962.0,123186.0,962.0,87001.0,962.0,87001.0,815.4745496970718,73742.13351328432,815.4745496970718,0.0,0.0,824.3420960757358,71582.91016136688,0.10513559726200761,3.9002861349940487,4.0,356.0,0.0,0.0,86.50000000031469,7725.200000010573,0.0,205.65000000000492,48.10000000017499,4350.05000000706,0.0,0.0,0.0,0.0,0.0,0.0,9.620000000000005,870.0099999999995,481.0,43500.5,1.0,36.0,490.6200000000026,44370.51000000004,0.0,0.0,824.3420960757358,71582.91016136688
126,2020-05-06,2020,True,4.344262295081967,962,962,1036,74557.6080629814,776.8373232510578,10619,46,0.0,0.8263030367171724,0.16825536990258433,0.15506556615770808,0.13363791570045574,0.38371682592542694,0.9456496881496882,0.14341923255067363,127462.61748461788,0,False,False,True,"{""0"":null,""1"":null,""2"":null,""3"":null}",962.0,124148.0,962.0,87963.0,962.0,87963.0,815.4745496970718,74557.6080629814,815.4745496970718,0.0,0.0,776.8373232510639,72359.74748461794,0.0,3.9002861349940487,4.0,360.0,0.0,0.0,86.50000000031469,7811.700000010887,0.0,205.65000000000492,48.10000000017499,4398.150000007235,0.0,0.0,0.0,0.0,0.0,0.0,9.620000000000005,879.6299999999995,481.0,43981.5,0.0,36.0,490.6200000000026,44861.13000000004,0.0,0.0,776.8373232510639,72359.74748461794
127,2020-05-07,2020,True,4.3469945355191255,963,963,1037,75373.98940094956,726.3647856574167,10726,46,0.15155721146706916,0.8122566614048251,0.1714992649906291,0.1551846639291788,0.1334775626516455,0.38397313020083634,0.9450467289719626,0.16566981512953,127696.85227027528,0,False,False,True,"{""0"":null,""1"":null,""2"":null,""3"":null}",963.0,125111.0,963.0,88926.0,963.0,88926.0,816.3813379681669,75373.98940094956,816.3813379681669,0.0,0.0,726.3647856574098,73086.11227027535,0.15155721146706957,4.051843346461118,4.0,364.0,0.0,0.0,86.50000000031469,7898.200000011202,2.7000000000001023,208.35000000000502,48.15000000017517,4446.30000000741,0.0,0.0,0.0,0.0,0.0,0.0,9.629999999999995,889.2599999999995,481.5,44463.0,1.0,37.0,491.1299999999974,45352.26000000004,0.0,0.0,726.3647856574098,73086.11227027535
128,2020-05-08,2020,True,4.3497267759562845,964,964,1038,76191.13342799993,718.5245749665731,10822,48,0.0,0.8029857717273413,0.17805517301600562,0.15506583355223408,0.13292500042239075,0.38376955791411776,0.9450311203319502,0.18623277995498122,127922.73684524186,0,False,False,True,"{""0"":null,""1"":null,""2"":null,""3"":null}",964.0,126075.0,964.0,89890.0,964.0,89890.0,817.1440270503663,76191.13342799993,817.1440270503663,0.0,0.0,718.5245749665773,73804.63684524193,0.0,4.051843346461118,4.0,368.0,0.0,0.0,86.60000000031505,7984.800000011517,1.950000000000074,210.3000000000051,48.20000000017535,4494.500000007585,0.0,0.0,0.0,0.0,0.0,0.0,9.639999999999986,898.8999999999995,482.0,44945.0,1.0,38.0,491.6399999999994,45843.90000000004,0.0,0.0,718.5245749665773,73804.63684524193
129,2020-05-09,2020,False,4.352459016393443,963,0,1038,76191.13342799993,0.0,10042,48,0.0,,,0.15497183146632043,0.13311741608884092,0.3835132536387084,0.9473883696780894,0.11245517609041378,127922.73684524186,0,False,False,True,"{""0"":null,""1"":null,""2"":null,""3"":null}",963.0,127038.0,0.0,89890.0,0.0,89890.0,0.0,76191.13342799993,0.0,0.0,0.0,0.0,73804.63684524193,0.0,4.051843346461118,0.0,368.0,0.0,0.0,0.0,7984.800000011517,0.0,210.3000000000051,0.0,4494.500000007585,0.0,0.0,0.0,0.0,0.0,0.0,0.0,898.8999999999995,0.0,44945.0,0.0,38.0,0.0,45843.90000000004,0.0,0.0,0.0,73804.63684524193
130,2020-05-10,2020,False,4.355191256830601,963,0,1038,76191.13342799993,0.0,10042,48,0.0,,,0.15497183146632046,0.13311741608884092,0.3835132536387084,0.9473883696780894,0.06539043983923193,127922.73684524186,0,False,False,True,"{""0"":null,""1"":null,""2"":null,""3"":null}",963.0,128001.0,0.0,89890.0,0.0,89890.0,0.0,76191.13342799993,0.0,0.0,0.0,0.0,73804.63684524193,0.0,4.051843346461118,0.0,368.0,0.0,0.0,0.0,7984.800000011517,0.0,210.3000000000051,0.0,4494.500000007585,0.0,0.0,0.0,0.0,0.0,0.0,0.0,898.8999999999995,0.0,44945.0,0.0,38.0,0.0,45843.90000000004,0.0,0.0,0.0,73804.63684524193
131,2020-05-11,2020,True,4.35792349726776,965,965,1040,77009.28319998027,866.9056183942945,10937,23,0.0035846899047160133,0.8381822880403668,0.14653980106407216,0.1550655961173086,0.13177623987630988,0.38370372818879495,0.9442435233160621,0.09299367887462338,128295.49246363615,0,False,False,True,"{""0"":null,""1"":null,""2"":null,""3"":null}",965.0,128966.0,965.0,90855.0,965.0,90855.0,818.1497719803447,77009.28319998027,818.1497719803447,0.0,0.0,866.9056183942885,74671.54246363621,0.00358468990471561,4.055428036365834,4.0,372.0,0.0,0.0,86.70000000031541,8071.5000000118325,7.200000000000273,217.50000000000537,48.25000000017553,4542.750000007761,0.0,0.0,0.0,0.0,0.0,0.0,9.649999999999977,908.5499999999995,482.5,45427.5,2.0,40.0,492.15000000000146,46336.05000000004,0.0,0.0,866.9056183942885,74671.54246363621
132,2020-05-12,2020,True,4.360655737704918,966,966,1041,77828.29973006778,809.6661322855588,11027,37,0.0,0.8302878032450838,0.1464809604878632,0.15494173843010994,0.13081261776950256,0.38371461980578675,0.9447308488612837,0.1188110020644904,128611.49859592172,0,False,False,True,"{""0"":null,""1"":null,""2"":null,""3"":null}",966.0,129932.0,966.0,91821.0,966.0,91821.0,819.0165300875087,77828.29973006778,819.0165300875087,0.0,0.0,809.6661322855653,75481.20859592178,0.0,4.055428036365834,4.0,376.0,0.0,0.0,86.80000000031578,8158.300000012148,0.0,217.50000000000537,48.300000000175714,4591.050000007936,0.0,0.0,0.0,0.0,0.0,0.0,9.659999999999968,918.2099999999995,483.0,45910.5,1.0,41.0,492.6600000000035,46828.71000000004,0.0,0.0,809.6661322855653,75481.20859592178
133,2020-05-13,2020,True,4.363387978142076,966,966,1042,78647.16324193659,785.2709190067209,11111,48,0.0,0.822876287611819,0.1594063871773187,0.15506247531785,0.1311811278622224,0.38339037862335945,0.9452018633540372,0.1429249374670518,128903.10951492844,0,False,False,True,"{""0"":null,""1"":null,""2"":null,""3"":null}",966.0,130898.0,966.0,92787.0,966.0,92787.0,818.8635118688107,78647.16324193659,818.8635118688107,0.0,0.0,785.2709190067253,76266.4795149285,0.0,4.055428036365834,4.0,380.0,0.0,0.0,86.90000000031614,8245.200000012464,0.0,217.50000000000537,48.300000000175714,4639.350000008112,0.0,0.0,0.0,0.0,0.0,0.0,9.659999999999968,927.8699999999994,483.0,46393.5,1.0,42.0,492.6600000000035,47321.370000000046,0.0,0.0,785.2709190067253,76266.4795149285
134,2020-05-14,2020,True,4.366120218579235,967,967,1043,79466.73550905524,751.8830556723559,11215,44,0.0,0.8162732078509358,0.17683259332532983,0.15502014341265552,0.13039909020345142,0.38364668289876885,0.9447001034126163,0.16517857459986449,129160.8225706008,0,False,False,True,"{""0"":null,""1"":null,""2"":null,""3"":null}",967.0,131865.0,967.0,93754.0,967.0,93754.0,819.5722671186522,79466.73550905524,819.5722671186522,0.0,0.0,751.8830556723551,77018.36257060086,0.0,4.055428036365834,4.0,384.0,0.0,0.0,86.90000000031614,8332.10000001278,3.4500000000001307,220.9500000000055,48.350000000175896,4687.700000008288,0.0,0.0,0.0,0.0,0.0,0.0,9.669999999999959,937.5399999999994,483.5,46877.0,1.0,43.0,493.16999999999825,47814.540000000045,0.0,0.0,751.8830556723551,77018.36257060086
135,2020-05-15,2020,True,4.368852459016393,967,967,1043,80286.3077761739,721.4531047763568,11304,49,0.0,0.7972085797576961,0.17433349375183566,0.1546290972150215,0.13055401273837813,0.38364668289876885,0.9442450879007239,0.1858985743793389,129389.10567537716,0,False,False,True,"{""0"":null,""1"":null,""2"":null,""3"":null}",967.0,132832.0,967.0,94721.0,967.0,94721.0,819.5722671186522,80286.3077761739,819.5722671186522,0.0,0.0,721.4531047763594,77739.81567537722,0.0,4.055428036365834,4.0,388.0,0.0,0.0,86.90000000031614,8419.000000013097,2.1000000000000796,223.05000000000558,48.350000000175896,4736.050000008464,0.0,0.0,0.0,0.0,0.0,0.0,9.669999999999959,947.2099999999994,483.5,47360.5,0.0,43.0,493.16999999999825,48307.71000000004,0.0,0.0,721.4531047763594,77739.81567537722
136,2020-05-16,2020,False,4.371584699453552,966,0,1043,80286.3077761739,0.0,10531,49,0.0,,,0.15508040360810066,0.13093843146516465,0.3838502551854874,0.9464596273291925,0.11225617292272612,129389.10567537716,0,False,False,True,"{""0"":null,""1"":null,""2"":null,""3"":null}",966.0,133798.0,0.0,94721.0,0.0,94721.0,0.0,80286.3077761739,0.0,0.0,0.0,0.0,77739.81567537722,0.0,4.055428036365834,0.0,388.0,0.0,0.0,0.0,8419.000000013097,0.0,223.05000000000558,0.0,4736.050000008464,0.0,0.0,0.0,0.0,0.0,0.0,0.0,947.2099999999994,0.0,47360.5,0.0,43.0,0.0,48307.71000000004,0.0,0.0,0.0,77739.81567537722
137,2020-05-17,2020,False,4.3743169398907105,967,0,1045,80286.3077761739,0.0,10531,49,0.0,,,0.1544803721704855,0.12891028831473214,0.38340127024035126,0.9459462254395037,0.0648487539622125,129387.10567537716,0,False,False,True,"{""0"":null,""1"":null,""2"":null,""3"":null}",967.0,134765.0,0.0,94721.0,0.0,94721.0,0.0,80286.3077761739,0.0,0.0,0.0,0.0,77739.81567537722,0.0,4.055428036365834,0.0,388.0,0.0,0.0,0.0,8419.000000013097,0.0,223.05000000000558,0.0,4736.050000008464,0.0,0.0,0.0,0.0,0.0,0.0,0.0,947.2099999999994,0.0,47360.5,2.0,45.0,0.0,48307.71000000004,0.0,0.0,0.0,77739.81567537722
138,2020-05-18,2020,True,4.377049180327869,967,967,1045,81105.95719520014,875.7282356256906,11406,19,0.0,0.8470615692626086,0.1443148576755549,0.1544803721704855,0.12891028831473217,0.38340127024035126,0.942699069286453,0.09258049711076624,129769.66391100285,0,False,False,True,"{""0"":null,""1"":null,""2"":null,""3"":null}",967.0,135732.0,967.0,95688.0,967.0,95688.0,819.6494190262456,81105.95719520014,819.6494190262456,0.0,0.0,875.728235625691,78615.54391100291,0.0,4.055428036365834,4.0,392.0,0.0,0.0,87.0000000003165,8506.000000013413,7.3500000000002785,230.40000000000586,48.350000000175896,4784.40000000864,0.0,0.0,0.0,0.0,0.0,0.0,9.669999999999959,956.8799999999993,483.5,47844.0,0.0,45.0,493.16999999999825,48800.88000000004,0.0,0.0,875.728235625691,78615.54391100291
139,2020-05-19,2020,True,4.379781420765028,967,967,1045,81925.60661422639,838.788837438622,11520,36,0.0,0.831423493948801,0.15978675442403203,0.15466191641738458,0.12921095488145046,0.38340127024035126,0.9435418821096173,0.11836656805931252,130115.28274844147,0,False,False,True,"{""0"":null,""1"":null,""2"":null,""3"":null}",967.0,136699.0,967.0,96655.0,967.0,96655.0,819.6494190262456,81925.60661422639,819.6494190262456,0.0,0.0,838.7888374386239,79454.33274844153,0.0,4.055428036365834,4.0,396.0,0.0,0.0,87.0000000003165,8593.00000001373,0.0,230.40000000000586,48.350000000175896,4832.750000008816,0.0,0.0,0.0,0.0,0.0,0.0,9.669999999999959,966.5499999999993,483.5,48327.5,0.0,45.0,493.16999999999825,49294.05000000004,0.0,0.0,838.7888374386239,79454.33274844153
140,2020-05-20,2020,True,4.382513661202186,967,967,1046,82745.10943542997,806.9976417388925,11595,54,0.0,0.8332934044180501,0.146887948631403,0.15450698945035163,0.12826871277761343,0.38340127024035126,0.9436556359875905,0.14248056691428793,130428.11039018037,0,False,False,True,"{""0"":null,""1"":null,""2"":null,""3"":null}",967.0,137666.0,967.0,97622.0,967.0,97622.0,819.5028212035832,82745.10943542997,819.5028212035832,0.0,0.0,806.9976417388971,80261.33039018043,0.0,4.055428036365834,4.0,400.0,0.0,0.0,87.0000000003165,8680.000000014046,0.0,230.40000000000586,48.350000000175896,4881.100000008992,0.0,0.0,0.0,0.0,0.0,0.0,9.669999999999959,976.2199999999992,483.5,48811.0,1.0,46.0,493.16999999999825,49787.22000000004,0.0,0.0,806.9976417388971,80261.33039018043
141,2020-05-21,2020,True,4.385245901639344,967,967,1046,83564.61225663355,774.0411642248115,11715,40,0.0,0.8222121462635533,0.15892903065078676,0.15448186372160022,0.12850788869634674,0.38340127024035126,0.944089968976215,0.16482993005257196,130708.98155440518,0,False,False,True,"{""0"":null,""1"":null,""2"":null,""3"":null}",967.0,138633.0,967.0,98589.0,967.0,98589.0,819.5028212035832,83564.61225663355,819.5028212035832,0.0,0.0,774.0411642248073,81035.37155440524,0.0,4.055428036365834,4.0,404.0,0.0,0.0,87.0000000003165,8767.000000014363,2.850000000000108,233.25000000000597,48.350000000175896,4929.4500000091675,0.0,0.0,0.0,0.0,0.0,0.0,9.669999999999959,985.8899999999992,483.5,49294.5,0.0,46.0,493.16999999999825,50280.390000000036,0.0,0.0,774.0411642248073,81035.37155440524
142,2020-05-22,2020,True,4.387978142076503,966,966,1046,84383.32008709005,739.8222040361518,11780,39,0.0,0.7993476402573447,0.18769729334426283,0.15439607773108208,0.12857623469495466,0.38346920714736915,0.9432919254658385,0.185692018395089,130956.14375844134,0,False,False,True,"{""0"":null,""1"":null,""2"":null,""3"":null}",966.0,139599.0,966.0,99555.0,966.0,99555.0,818.707830456493,84383.32008709005,818.707830456493,0.0,0.0,739.8222040361579,81775.1937584414,0.0,4.055428036365834,4.0,408.0,0.0,0.0,86.90000000031614,8853.900000014679,2.5500000000000966,235.80000000000607,48.300000000175714,4977.750000009343,0.0,0.0,0.0,0.0,0.0,0.0,9.659999999999968,995.5499999999992,483.0,49777.5,0.0,46.0,492.6600000000035,50773.05000000004,0.0,0.0,739.8222040361579,81775.1937584414
143,2020-05-23,2020,False,4.390710382513661,966,0,1046,84383.32008709005,0.0,11016,39,0.0,,,0.15436370656801715,0.12905779430809433,0.38346920714736915,0.9452846790890269,0.11218452693016213,130956.14375844134,0,False,False,True,"{""0"":null,""1"":null,""2"":null,""3"":null}",966.0,140565.0,0.0,99555.0,0.0,99555.0,0.0,84383.32008709005,0.0,0.0,0.0,0.0,81775.1937584414,0.0,4.055428036365834,0.0,408.0,0.0,0.0,0.0,8853.900000014679,0.0,235.80000000000607,0.0,4977.750000009343,0.0,0.0,0.0,0.0,0.0,0.0,0.0,995.5499999999992,0.0,49777.5,0.0,46.0,0.0,50773.05000000004,0.0,0.0,0.0,81775.1937584414
144,2020-05-24,2020,False,4.39344262295082,965,0,1046,84383.32008709005,0.0,11016,39,0.0,,,0.15431091860950297,0.12905280904663421,0.38353503687269197,0.9452279792746113,0.06491118670230864,130956.14375844134,0,False,False,True,"{""0"":null,""1"":null,""2"":null,""3"":null}",965.0,141530.0,0.0,99555.0,0.0,99555.0,0.0,84383.32008709005,0.0,0.0,0.0,0.0,81775.1937584414,0.0,4.055428036365834,0.0,408.0,0.0,0.0,0.0,8853.900000014679,0.0,235.80000000000607,0.0,4977.750000009343,0.0,0.0,0.0,0.0,0.0,0.0,0.0,995.5499999999992,0.0,49777.5,0.0,46.0,0.0,50773.05000000004,0.0,0.0,0.0,81775.1937584414
145,2020-05-25,2020,True,4.396174863387978,964,964,1047,85200.46311989005,890.5446249929194,11897,22,0.014712723634984253,0.8494952716263564,0.11975634193366698,0.1542891210299281,0.12864385460945102,0.38352443867794533,0.9433195020746888,0.09280230673132327,131354.04838343424,0,False,False,True,"{""0"":null,""1"":null,""2"":null,""3"":null}",964.0,142494.0,964.0,100519.0,964.0,100519.0,817.1430327999988,85200.46311989005,817.1430327999988,0.0,0.0,890.5446249929228,82665.73838343432,0.014712723634984215,4.070140760000818,4.0,412.0,0.0,0.0,86.70000000031541,8940.600000014994,5.850000000000222,241.6500000000063,48.20000000017535,5025.950000009519,0.0,0.0,0.0,0.0,0.0,0.0,9.639999999999986,1005.1899999999991,482.0,50259.5,1.0,47.0,491.6399999999994,51264.69000000004,0.0,0.0,890.5446249929228,82665.73838343432
146,2020-05-26,2020,True,4.398907103825136,962,962,1047,86015.72988359332,830.6237168795635,11978,38,0.341117248268294,0.8398088697669087,0.15921836012889914,0.15418786280390717,0.12875641261297333,0.3835814839679714,0.9438877338877338,0.11850790020229252,131694.05210031383,0,False,False,True,"{""0"":null,""1"":null,""2"":null,""3"":null}",962.0,143456.0,962.0,101481.0,962.0,101481.0,815.2667637032719,86015.72988359332,815.2667637032719,0.0,0.0,830.6237168795633,83496.36210031388,0.3411172482682936,4.411258008269112,4.0,416.0,0.0,0.0,86.50000000031469,9027.100000015309,0.0,241.6500000000063,48.10000000017499,5074.050000009694,0.0,0.0,0.0,0.0,0.0,0.0,9.620000000000005,1014.8099999999991,481.0,50740.5,0.0,47.0,490.6200000000026,51755.31000000004,0.0,0.0,830.6237168795633,83496.36210031388
147,2020-05-27,2020,True,4.401639344262295,963,963,1048,86831.91563274266,797.7989571889777,12093,46,0.0,0.8247172196514079,0.1589215371991873,0.1541655677002012,0.12803123780026313,0.38351354706095353,0.9445015576323987,0.14269241064073307,131999.72105750281,0,False,False,True,"{""0"":null,""1"":null,""2"":null,""3"":null}",963.0,144419.0,963.0,102444.0,963.0,102444.0,816.1857491493429,86831.91563274266,816.1857491493429,0.0,0.0,797.7989571889775,84294.16105750286,0.0,4.411258008269112,4.0,420.0,0.0,0.0,86.60000000031505,9113.700000015624,0.0,241.6500000000063,48.15000000017517,5122.200000009869,0.0,0.0,0.0,0.0,0.0,0.0,9.629999999999995,1024.4399999999991,481.5,51222.0,1.0,48.0,491.1299999999974,52246.44000000004,0.0,0.0,797.7989571889775,84294.16105750286
148,2020-05-28,2020,True,4.404371584699454,963,963,1048,87648.101381892,760.0408222563761,12201,34,0.4561923108543092,0.8350041667345579,0.1524359754902784,0.15421043280417193,0.12813469687697998,0.38351354706095353,0.9449532710280374,0.1652306333072584,132268.6318797592,0,False,False,True,"{""0"":null,""1"":null,""2"":null,""3"":null}",963.0,145382.0,963.0,103407.0,963.0,103407.0,816.1857491493429,87648.101381892,816.1857491493429,0.0,0.0,760.040822256371,85054.20187975923,0.4561923108543091,4.867450319123421,4.0,424.0,0.0,0.0,86.60000000031505,9200.300000015939,3.300000000000125,244.9500000000064,48.15000000017517,5170.350000010044,0.0,0.0,0.0,0.0,0.0,0.0,9.63000000000011,1034.0699999999993,481.5,51703.5,0.0,48.0,491.1299999999974,52737.570000000036,0.0,0.0,760.040822256371,85054.20187975923
149,2020-05-29,2020,True,4.407103825136612,961,961,1048,88462.4639914574,725.096194730716,12264,40,0.0,0.8189898134986212,0.17164523121530365,0.15433826181299778,0.128543022196306,0.38377838385764895,0.9443756503642039,0.18603313562200038,132503.61807448993,0,False,False,True,"{""0"":null,""1"":null,""2"":null,""3"":null}",961.0,146343.0,961.0,104368.0,961.0,104368.0,814.3626095654035,88462.4639914574,814.3626095654035,0.0,0.0,725.0961947307223,85779.29807448995,0.0,4.867450319123421,4.0,428.0,0.0,0.0,86.40000000031432,9286.700000016253,2.400000000000091,247.3500000000065,48.050000000174805,5218.400000010219,0.0,0.0,0.0,0.0,0.0,0.0,9.6099999999999,1043.6799999999992,480.5,52184.0,0.0,48.0,490.1100000000006,53227.68000000004,0.0,0.0,725.0961947307223,85779.29807448995
150,2020-05-30,2020,False,4.409836065573771,961,0,1048,88462.4639914574,0.0,11501,40,0.0,,,0.15450309452434668,0.1288160809623391,0.38377838385764895,0.9461862643080124,0.11236064879924278,132503.61807448993,0,False,False,True,"{""0"":null,""1"":null,""2"":null,""3"":null}",961.0,147304.0,0.0,104368.0,0.0,104368.0,0.0,88462.4639914574,0.0,0.0,0.0,0.0,85779.29807448995,0.0,4.867450319123421,0.0,428.0,0.0,0.0,0.0,9286.700000016253,0.0,247.3500000000065,0.0,5218.400000010219,0.0,0.0,0.0,0.0,0.0,0.0,0.0,1043.6799999999992,0.0,52184.0,0.0,48.0,0.0,53227.68000000004,0.0,0.0,0.0,85779.29807448995
151,2020-05-31,2020,False,4.412568306010929,963,0,1050,88462.4639914574,0.0,11501,40,0.0,,,0.15443515516234113,0.12721247451325038,0.3837213385676228,0.94567497403946,0.06488063958942794,132501.61807448993,0,False,False,True,"{""0"":null,""1"":null,""2"":null,""3"":null}",963.0,148267.0,0.0,104368.0,0.0,104368.0,0.0,88462.4639914574,0.0,0.0,0.0,0.0,85779.29807448995,0.0,4.867450319123421,0.0,428.0,0.0,0.0,0.0,9286.700000016253,0.0,247.3500000000065,0.0,5218.400000010219,0.0,0.0,0.0,0.0,0.0,0.0,0.0,1043.6799999999992,0.0,52184.0,2.0,50.0,0.0,53227.68000000004,0.0,0.0,0.0,85779.29807448995
152,2020-06-01,2020,True,4.415300546448087,962,962,1050,89277.66673104177,884.9188684644345,12395,16,0.0,0.8576680044402698,0.11827721424794879,0.15428854277686474,0.12710437542272826,0.3837892754746407,0.9432900207900208,0.09267343316075856,132895.91694295438,0,False,False,True,"{""0"":null,""1"":null,""2"":null,""3"":null}",962.0,149229.0,962.0,105330.0,962.0,105330.0,815.2027395843616,89277.66673104177,815.2027395843616,0.0,0.0,884.9188684644323,86664.21694295439,0.0,4.867450319123421,4.0,432.0,0.0,0.0,86.50000000031469,9373.200000016568,6.000000000000227,253.35000000000673,48.10000000017499,5266.500000010394,0.0,0.0,0.0,0.0,0.0,0.0,9.61999999999989,1053.299999999999,481.0,52665.0,0.0,50.0,490.6200000000026,53718.30000000004,0.0,0.0,884.9188684644323,86664.21694295439
153,2020-06-02,2020,True,4.418032786885246,962,962,1051,90093.14854542413,843.8441078335283,12441,28,0.01251050653191003,0.8493928062856941,0.13271308228716297,0.15413178192318164,0.12653808407999306,0.38371044695063106,0.9429313929313929,0.11874115304180172,133248.1410507879,0,False,False,True,"{""0"":null,""1"":null,""2"":null,""3"":null}",962.0,150191.0,962.0,106292.0,962.0,106292.0,815.481814382365,90093.14854542413,815.481814382365,0.0,0.0,843.8441078335309,87508.06105078792,0.012510506531910437,4.879960825655331,4.0,436.0,0.0,0.0,86.50000000031469,9459.700000016883,0.0,253.35000000000673,48.10000000017499,5314.600000010569,0.0,0.0,0.0,0.0,0.0,0.0,9.61999999999989,1062.919999999999,481.0,53146.0,1.0,51.0,490.6200000000026,54208.92000000004,0.0,0.0,843.8441078335309,87508.06105078792
154,2020-06-03,2020,True,4.420765027322404,962,962,1051,90908.6303598065,798.1663873522007,12574,41,0.0,0.8118079187742042,0.19029952248480594,0.15414230199269377,0.12658413876005387,0.38371044695063106,0.9433835758835758,0.14275782825025776,133555.6874381401,0,False,False,True,"{""0"":null,""1"":null,""2"":null,""3"":null}",962.0,151153.0,962.0,107254.0,962.0,107254.0,815.481814382365,90908.6303598065,815.481814382365,0.0,0.0,798.1663873522048,88306.22743814012,0.0,4.879960825655331,4.0,440.0,0.0,0.0,86.50000000031469,9546.200000017197,0.0,253.35000000000673,48.10000000017499,5362.700000010744,0.0,0.0,0.0,0.0,0.0,0.0,9.61999999999989,1072.5399999999988,481.0,53627.0,0.0,51.0,490.6200000000026,54699.540000000045,0.0,0.0,798.1663873522048,88306.22743814012
155,2020-06-04,2020,True,4.423497267759563,961,961,1051,91723.11366664806,752.804065371004,12687,34,0.0,0.8209815502440774,0.15328173849621737,0.15407401898294154,0.12661986244464823,0.38345831553037735,0.9441155046826222,0.1648754352645234,133818.3815035111,0,False,False,True,"{""0"":null,""1"":null,""2"":null,""3"":null}",961.0,152114.0,961.0,108215.0,961.0,108215.0,814.483306841561,91723.11366664806,814.483306841561,0.0,0.0,752.804065371005,89059.03150351113,0.0,4.879960825655331,4.0,444.0,0.0,0.0,86.40000000031432,9632.600000017512,2.400000000000091,255.75000000000682,48.050000000174805,5410.7500000109185,0.0,0.0,0.0,0.0,0.0,0.0,9.6099999999999,1082.1499999999987,480.5,54107.5,0.0,51.0,490.1100000000006,55189.650000000045,0.0,0.0,752.804065371005,89059.03150351113
156,2020-06-05,2020,True,4.426229508196721,961,961,1053,92537.81000148594,733.285622025679,12773,34,0.0,0.777242335606178,0.21675522386091897,0.15365781212387247,0.12663297295145193,0.38353607390387207,0.943907388137357,0.18564651443774594,134059.55712553678,0,False,False,True,"{""0"":null,""1"":null,""2"":null,""3"":null}",961.0,153075.0,961.0,109176.0,961.0,109176.0,814.6963348378777,92537.81000148594,814.6963348378777,0.0,0.0,733.2856220256799,89792.3171255368,0.0,4.879960825655331,4.0,448.0,0.0,0.0,86.40000000031432,9719.000000017826,1.799999999999784,257.5500000000066,48.050000000174805,5458.800000011093,0.0,0.0,0.0,0.0,0.0,0.0,9.6099999999999,1091.7599999999986,480.5,54588.0,2.0,53.0,490.1100000000006,55679.760000000046,0.0,0.0,733.2856220256799,89792.3171255368
157,2020-06-06,2020,False,4.4289617486338795,959,0,1053,92537.81000148594,0.0,11986,34,0.0,,,0.15354793724568855,0.12641212562762622,0.3835142906698885,0.9457559958289885,0.11211946677054475,134059.55712553678,0,False,False,True,"{""0"":null,""1"":null,""2"":null,""3"":null}",959.0,154034.0,0.0,109176.0,0.0,109176.0,0.0,92537.81000148594,0.0,0.0,0.0,0.0,89792.3171255368,0.0,4.879960825655331,0.0,448.0,0.0,0.0,0.0,9719.000000017826,0.0,257.5500000000066,0.0,5458.800000011093,0.0,0.0,0.0,0.0,0.0,0.0,0.0,1091.7599999999986,0.0,54588.0,0.0,53.0,0.0,55679.760000000046,0.0,0.0,0.0,89792.3171255368
158,2020-06-07,2020,False,4.4316939890710385,960,0,1054,92537.81000148594,0.0,11986,34,0.0,,,0.1536669408219618,0.12590592592866454,0.38377059494529786,0.9454999999999999,0.06461984425143243,134058.55712553678,0,False,False,True,"{""0"":null,""1"":null,""2"":null,""3"":null}",960.0,154994.0,0.0,109176.0,0.0,109176.0,0.0,92537.81000148594,0.0,0.0,0.0,0.0,89792.3171255368,0.0,4.879960825655331,0.0,448.0,0.0,0.0,0.0,9719.000000017826,0.0,257.5500000000066,0.0,5458.800000011093,0.0,0.0,0.0,0.0,0.0,0.0,0.0,1091.7599999999986,0.0,54588.0,1.0,54.0,0.0,55679.760000000046,0.0,0.0,0.0,89792.3171255368
159,2020-06-08,2020,True,4.434426229508197,961,961,1055,93352.6994223926,891.405298354402,12879,10,0.0,0.8522303575036789,0.14825323117464034,0.15337324545070655,0.12494954313370481,0.3835704144389706,0.9430697190426639,0.09236159363756295,134458.8524238912,0,False,False,True,"{""0"":null,""1"":null,""2"":null,""3"":null}",961.0,155955.0,961.0,110137.0,961.0,110137.0,814.8894209066639,93352.6994223926,814.8894209066639,0.0,0.0,891.4052983543952,90683.7224238912,0.0,4.879960825655331,4.0,452.0,0.0,0.0,86.30000000031396,9805.30000001814,5.099999999999227,262.65000000000583,48.050000000174805,5506.850000011268,0.0,0.0,0.0,0.0,0.0,0.0,9.6099999999999,1101.3699999999985,480.5,55068.5,1.0,55.0,490.1100000000006,56169.870000000046,0.0,0.0,891.4052983543952,90683.7224238912
160,2020-06-09,2020,True,4.437158469945355,962,962,1056,94168.49730126468,845.3937149164369,12944,23,0.02528637329957604,0.845238733055182,0.134503515113587,0.15334043590265203,0.12450422753529691,0.38358130605596236,0.9426923076923077,0.11824589375389788,134812.62613880762,0,False,False,True,"{""0"":null,""1"":null,""2"":null,""3"":null}",962.0,156917.0,962.0,111099.0,962.0,111099.0,815.7978788720793,94168.49730126468,815.7978788720793,0.0,0.0,845.3937149164412,91529.11613880764,0.025286373299575615,4.905247198954907,4.0,456.0,0.0,0.0,86.40000000031432,9891.700000018454,0.0,262.65000000000583,48.10000000017499,5554.950000011443,0.0,0.0,0.0,0.0,0.0,0.0,9.61999999999989,1110.9899999999984,481.0,55549.5,1.0,56.0,490.6200000000026,56660.49000000005,0.0,0.0,845.3937149164412,91529.11613880764
161,2020-06-10,2020,True,4.439890710382514,963,963,1057,94985.28588414214,824.5307578703091,13051,36,0.0,0.8319201973684439,0.14472268654804704,0.15321483568818134,0.12388726522970749,0.38351443929945944,0.9423052959501557,0.14230603165632214,135145.02689667794,0,False,False,True,"{""0"":null,""1"":null,""2"":null,""3"":null}",963.0,157880.0,963.0,112062.0,963.0,112062.0,816.7885828774597,94985.28588414214,816.7885828774597,0.0,0.0,824.5307578703068,92353.64689667795,0.0,4.905247198954907,4.0,460.0,0.0,0.0,86.50000000031469,9978.200000018769,0.0,262.65000000000583,48.15000000017517,5603.100000011618,0.0,0.0,0.0,0.0,0.0,0.0,9.63000000000011,1120.6199999999985,481.5,56031.0,1.0,57.0,491.1299999999974,57151.620000000046,0.0,0.0,824.5307578703068,92353.64689667795
162,2020-06-11,2020,True,4.442622950819672,963,963,1058,95802.05887369326,760.4369633084467,13177,40,0.0,0.7974891946371447,0.18601868828692733,0.1531691814524125,0.12317130852083466,0.38351336914894446,0.9424195223260643,0.1645154377672088,135413.3338599864,0,False,False,True,"{""0"":null,""1"":null,""2"":null,""3"":null}",963.0,158843.0,963.0,113025.0,963.0,113025.0,816.7729895511147,95802.05887369326,816.7729895511147,0.0,0.0,760.4369633084425,93114.0838599864,0.0,4.905247198954907,4.0,464.0,0.0,0.0,86.50000000031469,10064.700000019084,1.4999999999997726,264.1500000000056,48.15000000017517,5651.250000011793,0.0,0.0,0.0,0.0,0.0,0.0,9.63000000000011,1130.2499999999986,481.5,56512.5,1.0,58.0,491.1299999999974,57642.750000000044,0.0,0.0,760.4369633084425,93114.0838599864
163,2020-06-12,2020,True,4.445355191256831,964,964,1059,96619.53728315361,735.244474314039,13262,43,0.0,0.7934860429742958,0.17632579639321871,0.15306210082564511,0.12256884555501205,0.38344650239244155,0.9424014522821577,0.18510205044780234,135655.93833430042,0,False,False,True,"{""0"":null,""1"":null,""2"":null,""3"":null}",964.0,159807.0,964.0,113989.0,964.0,113989.0,817.4784094603529,96619.53728315361,817.4784094603529,0.0,0.0,735.2444743140368,93849.32833430043,0.0,4.905247198954907,4.0,468.0,0.0,0.0,86.60000000031505,10151.300000019399,1.9499999999997044,266.1000000000053,48.20000000017535,5699.450000011969,0.0,0.0,0.0,0.0,0.0,0.0,9.6400000000001,1139.8899999999987,482.0,56994.5,1.0,59.0,491.6399999999994,58134.39000000004,0.0,0.0,735.2444743140368,93849.32833430043
164,2020-06-13,2020,False,4.448087431693989,962,0,1059,96619.53728315361,0.0,12476,43,0.0,,,0.1532207332401876,0.12294828230289684,0.383718011586178,0.9440072765072764,0.11154999210318622,135655.93833430042,0,False,False,True,"{""0"":null,""1"":null,""2"":null,""3"":null}",962.0,160769.0,0.0,113989.0,0.0,113989.0,0.0,96619.53728315361,0.0,0.0,0.0,0.0,93849.32833430043,0.0,4.905247198954907,0.0,468.0,0.0,0.0,0.0,10151.300000019399,0.0,266.1000000000053,0.0,5699.450000011969,0.0,0.0,0.0,0.0,0.0,0.0,0.0,1139.8899999999987,0.0,56994.5,0.0,59.0,0.0,58134.39000000004,0.0,0.0,0.0,93849.32833430043
165,2020-06-14,2020,False,4.450819672131147,960,0,1060,96619.53728315361,0.0,12476,43,0.0,,,0.15345843086081304,0.12259174543682809,0.3839850588490082,0.9440000000000001,0.06435758661393513,135654.93833430042,0,False,False,True,"{""0"":null,""1"":null,""2"":null,""3"":null}",960.0,161729.0,0.0,113989.0,0.0,113989.0,0.0,96619.53728315361,0.0,0.0,0.0,0.0,93849.32833430043,0.0,4.905247198954907,0.0,468.0,0.0,0.0,0.0,10151.300000019399,0.0,266.1000000000053,0.0,5699.450000011969,0.0,0.0,0.0,0.0,0.0,0.0,0.0,1139.8899999999987,0.0,56994.5,1.0,60.0,0.0,58134.39000000004,0.0,0.0,0.0,93849.32833430043
166,2020-06-15,2020,True,4.453551912568306,961,961,1062,97434.71458401902,887.5490628343034,13384,13,0.0,0.8564573413160336,0.1199783733262636,0.15295098370058494,0.1206655068805463,0.38378148656228966,0.9413683662851197,0.09198804657290745,136050.37739713473,0,False,False,True,"{""0"":null,""1"":null,""2"":null,""3"":null}",961.0,162690.0,961.0,114950.0,961.0,114950.0,815.1773008654127,97434.71458401902,815.1773008654127,0.0,0.0,887.5490628343105,94736.87739713474,0.0,4.905247198954907,4.0,472.0,0.0,0.0,86.30000000031396,10237.600000019713,6.449999999999022,272.55000000000433,48.050000000174805,5747.500000012144,0.0,0.0,0.0,0.0,0.0,0.0,9.6099999999999,1149.4999999999986,480.5,57475.0,2.0,62.0,490.1100000000006,58624.500000000044,0.0,0.0,887.5490628343105,94736.87739713474
167,2020-06-16,2020,True,4.456284153005464,959,959,1062,98248.2774465316,842.7070164091272,13433,29,0.28597198187761563,0.8467275166992402,0.14662712579684212,0.1526911432196998,0.12034694019564443,0.38372875457359884,0.9411783107403545,0.11813621958694408,136403.99441354384,0,False,False,True,"{""0"":null,""1"":null,""2"":null,""3"":null}",959.0,163649.0,959.0,115909.0,959.0,115909.0,813.5628625125828,98248.2774465316,813.5628625125828,0.0,0.0,842.7070164091274,95579.58441354387,0.28597198187761563,5.1912191808325225,4.0,476.0,0.0,0.0,86.2000000003136,10323.800000020026,0.0,272.55000000000433,47.95000000017444,5795.450000012318,0.0,0.0,0.0,0.0,0.0,0.0,9.589999999999918,1159.0899999999986,479.5,57954.5,0.0,62.0,489.0899999999965,59113.59000000004,0.0,0.0,842.7070164091274,95579.58441354387
168,2020-06-17,2020,True,4.459016393442623,960,960,1064,99062.72420289076,813.1865825332969,13527,46,0.0,0.8250895644173617,0.15519276698192666,0.15287614403638355,0.11966739864561882,0.38390637895456947,0.940203125,0.14245104673329761,136725.58099607713,0,False,False,True,"{""0"":null,""1"":null,""2"":null,""3"":null}",960.0,164609.0,960.0,116869.0,960.0,116869.0,814.4467563591606,99062.72420289076,814.4467563591606,0.0,0.0,813.1865825332934,96392.77099607716,0.0,5.1912191808325225,4.0,480.0,0.0,0.0,86.2000000003136,10410.00000002034,0.0,272.55000000000433,48.00000000017462,5843.450000012493,0.0,0.0,0.0,0.0,0.0,0.0,9.599999999999909,1168.6899999999985,480.0,58434.5,2.0,64.0,489.59999999999854,59603.19000000004,0.0,0.0,813.1865825332934,96392.77099607716
169,2020-06-18,2020,True,4.461748633879782,960,960,1065,99876.96072017709,770.2199918307299,13660,48,0.0,0.8175587334506113,0.16337030458185645,0.15234577792377896,0.11878073349235244,0.38377413535526006,0.9403802083333334,0.1645910116895249,137005.20098790785,0,False,False,True,"{""0"":null,""1"":null,""2"":null,""3"":null}",960.0,165569.0,960.0,117829.0,960.0,117829.0,814.236517286321,99876.96072017709,814.236517286321,0.0,0.0,770.2199918307306,97162.99098790789,0.0,5.1912191808325225,4.0,484.0,0.0,0.0,86.2000000003136,10496.200000020654,1.9499999999997044,274.50000000000404,48.00000000017462,5891.450000012667,0.0,0.0,0.0,0.0,0.0,0.0,9.599999999999909,1178.2899999999984,480.0,58914.5,1.0,65.0,489.59999999999854,60092.79000000004,0.0,0.0,770.2199918307306,97162.99098790789
170,2020-06-19,2020,True,4.46448087431694,961,961,1066,100692.12261588151,746.6828278146965,13773,47,0.0,0.8095518621194686,0.17158932968612078,0.15230917518207077,0.11827378707510607,0.38370619844824216,0.9407075962539022,0.18531646270392324,137260.77381572255,0,False,False,True,"{""0"":null,""1"":null,""2"":null,""3"":null}",961.0,166530.0,961.0,118790.0,961.0,118790.0,815.1618957044266,100692.12261588151,815.1618957044266,0.0,0.0,746.6828278147004,97909.67381572259,0.0,5.1912191808325225,4.0,488.0,0.0,0.0,86.30000000031396,10582.500000020967,2.399999999999636,276.9000000000037,48.050000000174805,5939.500000012842,0.0,0.0,0.0,0.0,0.0,0.0,9.6099999999999,1187.8999999999983,480.5,59395.0,1.0,66.0,490.1100000000006,60582.90000000004,0.0,0.0,746.6828278147004,97909.67381572259
171,2020-06-20,2020,False,4.467213114754099,961,0,1066,100692.12261588151,0.0,12965,47,0.0,,,0.15236438362194715,0.11844347919712739,0.38370619844824216,0.9427991675338189,0.11140500326150272,137260.77381572255,0,False,False,True,"{""0"":null,""1"":null,""2"":null,""3"":null}",961.0,167491.0,0.0,118790.0,0.0,118790.0,0.0,100692.12261588151,0.0,0.0,0.0,0.0,97909.67381572259,0.0,5.1912191808325225,0.0,488.0,0.0,0.0,0.0,10582.500000020967,0.0,276.9000000000037,0.0,5939.500000012842,0.0,0.0,0.0,0.0,0.0,0.0,0.0,1187.8999999999983,0.0,59395.0,0.0,66.0,0.0,60582.90000000004,0.0,0.0,0.0,97909.67381572259
172,2020-06-21,2020,False,4.469945355191257,962,0,1067,100692.12261588151,0.0,12965,47,0.0,,,0.1524732133173473,0.11794755504624382,0.38396250272365157,0.9425467775467775,0.06404719690167689,137259.77381572255,0,False,False,True,"{""0"":null,""1"":null,""2"":null,""3"":null}",962.0,168453.0,0.0,118790.0,0.0,118790.0,0.0,100692.12261588151,0.0,0.0,0.0,0.0,97909.67381572259,0.0,5.1912191808325225,0.0,488.0,0.0,0.0,0.0,10582.500000020967,0.0,276.9000000000037,0.0,5939.500000012842,0.0,0.0,0.0,0.0,0.0,0.0,0.0,1187.8999999999983,0.0,59395.0,1.0,67.0,0.0,60582.90000000004,0.0,0.0,0.0,97909.67381572259
173,2020-06-22,2020,True,4.472677595628415,962,962,1068,101508.00416170398,895.9096458607742,13892,10,0.0,0.8491322798773057,0.13691322989615748,0.15246134707855932,0.11720837039036762,0.38396250272365157,0.940545738045738,0.09192692058669057,137664.06346158334,0,False,False,True,"{""0"":null,""1"":null,""2"":null,""3"":null}",962.0,169415.0,962.0,119752.0,962.0,119752.0,815.8815458224708,101508.00416170398,815.8815458224708,0.0,0.0,895.9096458607673,98805.58346158336,0.0,5.1912191808325225,4.0,492.0,0.0,0.0,86.30000000031396,10668.800000021281,7.049999999998931,283.9500000000026,48.10000000017499,5987.600000013017,0.0,0.0,0.0,0.0,0.0,0.0,9.61999999999989,1197.5199999999982,481.0,59876.0,1.0,68.0,490.6200000000026,61073.52000000004,0.0,0.0,895.9096458607673,98805.58346158336
174,2020-06-23,2020,True,4.475409836065574,964,964,1070,102325.80659805248,867.8032333231542,13928,29,0.28671264058902657,0.8257615579569294,0.1616146068211854,0.15232229787190693,0.11596461189600271,0.3837730652047451,0.9403163900414938,0.11799836983142806,138038.22669490648,0,False,False,True,"{""0"":null,""1"":null,""2"":null,""3"":null}",964.0,170379.0,964.0,120716.0,964.0,120716.0,817.8024363485019,102325.80659805248,817.8024363485019,0.0,0.0,867.8032333231531,99673.38669490651,0.2867126405890268,5.477931821421549,4.0,496.0,0.0,0.0,86.50000000031469,10755.300000021596,0.0,283.9500000000026,48.20000000017535,6035.800000013192,0.0,0.0,0.0,0.0,0.0,0.0,9.6400000000001,1207.1599999999983,482.0,60358.0,2.0,70.0,491.6399999999994,61565.16000000004,0.0,0.0,867.8032333231531,99673.38669490651
175,2020-06-24,2020,True,4.478142076502732,964,964,1071,103143.53932385244,815.129616403906,14023,47,0.0,0.8227261802014795,0.1700294476146677,0.15283188602506037,0.11597119874995811,0.3839839886984932,0.9396317427385892,0.14216460435310038,138360.71631131036,0,False,False,True,"{""0"":null,""1"":null,""2"":null,""3"":null}",964.0,171343.0,964.0,121680.0,964.0,121680.0,817.7327257999568,103143.53932385244,817.7327257999568,0.0,0.0,815.1296164039086,100488.51631131042,0.0,5.477931821421549,4.0,500.0,0.0,0.0,86.50000000031469,10841.80000002191,0.0,283.9500000000026,48.20000000017535,6084.000000013368,0.0,0.0,0.0,0.0,0.0,0.0,9.6400000000001,1216.7999999999984,482.0,60840.0,1.0,71.0,491.6399999999994,62056.80000000004,0.0,0.0,815.1296164039086,100488.51631131042
176,2020-06-25,2020,True,4.48087431693989,964,964,1071,103961.2720496524,769.2105575454764,14122,55,0.0,0.8144158611401289,0.1563471122629959,0.15295141032929158,0.11626555068427709,0.3839839886984932,0.9388796680497926,0.16448746137454023,138638.28686885582,0,False,False,True,"{""0"":null,""1"":null,""2"":null,""3"":null}",964.0,172307.0,964.0,122644.0,964.0,122644.0,817.7327257999568,103961.2720496524,817.7327257999568,0.0,0.0,769.2105575454771,101257.7268688559,0.0,5.477931821421549,4.0,504.0,0.0,0.0,86.50000000031469,10928.300000022226,1.4999999999997726,285.4500000000024,48.20000000017535,6132.200000013543,0.0,0.0,0.0,0.0,0.0,0.0,9.6400000000001,1226.4399999999985,482.0,61322.0,0.0,71.0,491.6399999999994,62548.44000000004,0.0,0.0,769.2105575454771,101257.7268688559
177,2020-06-26,2020,True,4.483606557377049,966,966,1073,104780.82028280217,745.3171463582918,14264,47,0.0,0.7938502336155968,0.17880646908441147,0.15256303992991674,0.11474542829016209,0.38371354965527177,0.9386904761904762,0.18494468644070872,138888.9440152141,0,False,False,True,"{""0"":null,""1"":null,""2"":null,""3"":null}",966.0,173273.0,966.0,123610.0,966.0,123610.0,819.5482331497769,104780.82028280217,819.5482331497769,0.0,0.0,745.3171463582985,102003.0440152142,0.0,5.477931821421549,4.0,508.0,0.0,0.0,86.70000000031541,11015.000000022541,2.849999999999568,288.30000000000194,48.300000000175714,6180.500000013719,0.0,0.0,0.0,0.0,0.0,0.0,9.660000000000082,1236.0999999999985,483.0,61805.0,2.0,73.0,492.6600000000035,63041.10000000004,0.0,0.0,745.3171463582985,102003.0440152142
178,2020-06-27,2020,False,4.4863387978142075,965,0,1073,104780.82028280217,0.0,13460,47,0.0,,,0.1526366888754698,0.11589429619153666,0.38370280666785095,0.940880829015544,0.11100348739183728,138888.9440152141,0,False,False,True,"{""0"":null,""1"":null,""2"":null,""3"":null}",965.0,174238.0,0.0,123610.0,0.0,123610.0,0.0,104780.82028280217,0.0,0.0,0.0,0.0,102003.0440152142,0.0,5.477931821421549,0.0,508.0,0.0,0.0,0.0,11015.000000022541,0.0,288.30000000000194,0.0,6180.500000013719,0.0,0.0,0.0,0.0,0.0,0.0,0.0,1236.0999999999985,0.0,61805.0,0.0,73.0,0.0,63041.10000000004,0.0,0.0,0.0,102003.0440152142
179,2020-06-28,2020,False,4.489071038251366,964,0,1073,104780.82028280217,0.0,13460,47,0.0,,,0.152667630226957,0.11610910891285427,0.38376967342435386,0.9408195020746889,0.06400656698364021,138888.9440152141,0,False,False,True,"{""0"":null,""1"":null,""2"":null,""3"":null}",964.0,175202.0,0.0,123610.0,0.0,123610.0,0.0,104780.82028280217,0.0,0.0,0.0,0.0,102003.0440152142,0.0,5.477931821421549,0.0,508.0,0.0,0.0,0.0,11015.000000022541,0.0,288.30000000000194,0.0,6180.500000013719,0.0,0.0,0.0,0.0,0.0,0.0,0.0,1236.0999999999985,0.0,61805.0,0.0,73.0,0.0,63041.10000000004,0.0,0.0,0.0,102003.0440152142
180,2020-06-29,2020,True,4.491803278688525,964,964,1073,105598.60431016036,898.8060854610308,14387,15,0.0,0.8475271875832276,0.13037991446324906,0.15266763022695698,0.11610910891285427,0.38376967342435386,0.9390197095435685,0.09183556419835531,139296.1101006751,0,False,False,True,"{""0"":null,""1"":null,""2"":null,""3"":null}",964.0,176166.0,964.0,124574.0,964.0,124574.0,817.7840273581824,105598.60431016036,817.7840273581824,0.0,0.0,898.8060854610376,102901.85010067523,0.0,5.477931821421549,4.0,512.0,0.0,0.0,86.50000000031469,11101.500000022856,7.049999999998931,295.3500000000009,48.20000000017535,6228.700000013894,0.0,0.0,0.0,0.0,0.0,0.0,9.6400000000001,1245.7399999999986,482.0,62287.0,0.0,73.0,491.6399999999994,63532.74000000004,0.0,0.0,898.8060854610376,102901.85010067523
181,2020-06-30,2020,True,4.494535519125683,964,964,1073,106416.38833751854,863.6699856097653,14427,32,0.0,0.8340544244781269,0.14425099623413445,0.15269201410883926,0.1161930789485884,0.38376967342435386,0.9389989626556016,0.11775017715498962,139668.14008628487,0,False,False,True,"{""0"":null,""1"":null,""2"":null,""3"":null}",964.0,177130.0,964.0,125538.0,964.0,125538.0,817.7840273581824,106416.38833751854,817.7840273581824,0.0,0.0,863.6699856097694,103765.520086285,0.0,5.477931821421549,4.0,516.0,0.0,0.0,86.50000000031469,11188.00000002317,0.0,295.3500000000009,48.20000000017535,6276.9000000140695,0.0,0.0,0.0,0.0,0.0,0.0,9.6400000000001,1255.3799999999987,482.0,62769.0,0.0,73.0,491.6399999999994,64024.38000000004,0.0,0.0,863.6699856097694,103765.520086285
182,2020-07-01,2020,True,4.497267759562842,965,965,1074,107235.14808979727,999.0515637307658,14514,51,0.0,0.8487095338328946,0.12523182678975275,0.1525482463724105,0.1155911398161439,0.3837805650413456,0.9382072538860103,0.14185990648858987,140174.04165001563,0,False,False,True,"{""0"":null,""1"":null,""2"":null,""3"":null}",965.0,178095.0,965.0,126503.0,965.0,126503.0,818.7597522787255,107235.14808979727,818.7597522787255,0.0,0.0,999.051563730769,104764.57165001577,0.0,5.477931821421549,4.0,520.0,0.0,0.0,86.60000000031505,11274.600000023485,0.0,295.3500000000009,48.25000000017553,6325.150000014245,0.0,0.0,0.0,0.0,0.0,0.0,9.650000000000091,1265.0299999999988,482.5,63251.5,1.0,74.0,492.15000000000146,64516.53000000004,0.0,0.0,999.051563730769,104764.57165001577
183,2020-07-02,2020,True,4.5,965,965,1074,108053.90784207599,967.2790678714405,14617,56,0.0,0.8145410417601064,0.16865385775482125,0.15253418234872032,0.11610597310552231,0.3837805650413456,0.9378652849740933,0.16421881940663985,140649.1707178871,0,False,False,True,"{""0"":null,""1"":null,""2"":null,""3"":null}",965.0,179060.0,965.0,127468.0,965.0,127468.0,818.7597522787255,108053.90784207599,818.7597522787255,0.0,0.0,967.2790678714373,105731.85071788721,0.0,5.477931821421549,4.0,524.0,0.0,0.0,86.60000000031505,11361.2000000238,2.249999999999659,297.60000000000053,48.25000000017553,6373.400000014421,0.0,0.0,0.0,0.0,0.0,0.0,9.650000000000091,1274.679999999999,482.5,63734.0,0.0,74.0,492.15000000000146,65008.680000000044,0.0,0.0,967.2790678714373,105731.85071788721
184,2020-07-03,2020,True,4.502732240437158,966,966,1075,108873.44033793012,911.1340971753141,14758,49,0.0,0.8084009712539565,0.17752426289226853,0.15230304404757297,0.11556781059391895,0.3837126281343277,0.9381211180124224,0.1848745882744043,141066.6448150624,0,False,False,True,"{""0"":null,""1"":null,""2"":null,""3"":null}",966.0,180026.0,966.0,128434.0,966.0,128434.0,819.5324958541314,108873.44033793012,819.5324958541314,0.0,0.0,911.1340971753089,106642.98481506252,0.0,5.477931821421549,4.0,528.0,0.0,0.0,86.70000000031541,11447.900000024116,2.5499999999996135,300.15000000000015,48.300000000175714,6421.700000014596,0.0,0.0,0.0,0.0,0.0,0.0,9.660000000000082,1284.339999999999,483.0,64217.0,1.0,75.0,492.6600000000035,65501.34000000005,0.0,0.0,911.1340971753089,106642.98481506252
185,2020-07-04,2020,False,4.505464480874317,965,0,1075,108873.44033793012,0.0,13955,49,0.0,,,0.15261796687606044,0.11595563875558194,0.383912808640655,0.9405854922279793,0.11096926270896273,141066.6448150624,0,False,False,True,"{""0"":null,""1"":null,""2"":null,""3"":null}",965.0,180991.0,0.0,128434.0,0.0,128434.0,0.0,108873.44033793012,0.0,0.0,0.0,0.0,106642.98481506252,0.0,5.477931821421549,0.0,528.0,0.0,0.0,0.0,11447.900000024116,0.0,300.15000000000015,0.0,6421.700000014596,0.0,0.0,0.0,0.0,0.0,0.0,0.0,1284.339999999999,0.0,64217.0,0.0,75.0,0.0,65501.34000000005,0.0,0.0,0.0,106642.98481506252
186,2020-07-05,2020,False,4.508196721311475,965,0,1076,108873.44033793012,0.0,13955,49,0.0,,,0.15245750489573975,0.11485801320881696,0.3835896376087427,0.9402746113989637,0.0638394311995726,141065.6448150624,0,False,False,True,"{""0"":null,""1"":null,""2"":null,""3"":null}",965.0,181956.0,0.0,128434.0,0.0,128434.0,0.0,108873.44033793012,0.0,0.0,0.0,0.0,106642.98481506252,0.0,5.477931821421549,0.0,528.0,0.0,0.0,0.0,11447.900000024116,0.0,300.15000000000015,0.0,6421.700000014596,0.0,0.0,0.0,0.0,0.0,0.0,0.0,1284.339999999999,0.0,64217.0,1.0,76.0,0.0,65501.34000000005,0.0,0.0,0.0,106642.98481506252
187,2020-07-06,2020,True,4.510928961748634,967,967,1078,109693.93460513797,1124.9528839649681,14894,16,0.010583767649774001,0.8376470988368139,0.14456038524286915,0.15269119585640073,0.11385837698874443,0.38410224615956146,0.9382006204756981,0.09167221405963123,141695.42769902735,0,False,False,True,"{""0"":null,""1"":null,""2"":null,""3"":null}",967.0,182923.0,967.0,129401.0,967.0,129401.0,820.4942672078469,109693.93460513797,820.4942672078469,0.0,0.0,1124.952883964972,107767.93769902749,0.010583767649774423,5.488515589071324,4.0,532.0,0.0,0.0,86.70000000031541,11534.600000024431,7.349999999998886,307.49999999999903,48.350000000175896,6470.050000014772,0.0,0.0,0.0,0.0,0.0,0.0,9.670000000000073,1294.009999999999,483.5,64700.5,2.0,78.0,493.17000000000553,65994.51000000005,0.0,0.0,1124.952883964972,107767.93769902749
188,2020-07-07,2020,True,4.5136612021857925,967,967,1078,110514.42887234582,1073.5957007886434,14940,25,0.0,0.809791850894497,0.18287816209069463,0.15251393428153365,0.11417213622411351,0.38410224615956146,0.9389451913133403,0.11758678131226505,142275.85339981597,0,False,False,True,"{""0"":null,""1"":null,""2"":null,""3"":null}",967.0,183890.0,967.0,130368.0,967.0,130368.0,820.4942672078469,110514.42887234582,820.4942672078469,0.0,0.0,1073.5957007886464,108841.53339981614,0.0,5.488515589071324,4.0,536.0,0.0,0.0,86.70000000031541,11621.300000024747,0.0,307.49999999999903,48.350000000175896,6518.400000014948,0.0,0.0,0.0,0.0,0.0,0.0,9.670000000000073,1303.6799999999992,483.5,65184.0,0.0,78.0,493.16999999999825,66487.68000000005,0.0,0.0,1073.5957007886464,108841.53339981614
189,2020-07-08,2020,True,4.516393442622951,967,967,1078,111334.92313955366,1009.0052425586465,15029,44,0.0,0.8200632610026529,0.1630362135574923,0.1526816164235472,0.11454114013026044,0.38410224615956146,0.9388366080661841,0.14172097724489904,142791.6886423746,0,False,False,True,"{""0"":null,""1"":null,""2"":null,""3"":null}",967.0,184857.0,967.0,131335.0,967.0,131335.0,820.4942672078469,111334.92313955366,820.4942672078469,0.0,0.0,1009.0052425586473,109850.53864237478,0.0,5.488515589071324,4.0,540.0,0.0,0.0,86.70000000031541,11708.000000025062,0.0,307.49999999999903,48.350000000175896,6566.750000015124,0.0,0.0,0.0,0.0,0.0,0.0,9.670000000000073,1313.3499999999992,483.5,65667.5,0.0,78.0,493.16999999999825,66980.85000000005,0.0,0.0,1009.0052425586473,109850.53864237478
190,2020-07-09,2020,True,4.51912568306011,967,967,1078,112155.41740676151,965.407882881449,15144,41,0.0,0.7982662744031018,0.17648211155789256,0.15264334527033202,0.11509253420451951,0.38410224615956146,0.9386659772492243,0.16419126857521668,143263.926525256,0,False,False,True,"{""0"":null,""1"":null,""2"":null,""3"":null}",967.0,185824.0,967.0,132302.0,967.0,132302.0,820.4942672078469,112155.41740676151,820.4942672078469,0.0,0.0,965.4078828814527,110815.94652525624,0.0,5.488515589071324,4.0,544.0,0.0,0.0,86.70000000031541,11794.700000025377,2.399999999999636,309.89999999999867,48.350000000175896,6615.1000000153,0.0,0.0,0.0,0.0,0.0,0.0,9.670000000000073,1323.0199999999993,483.5,66151.0,0.0,78.0,493.16999999999825,67474.02000000005,0.0,0.0,965.4078828814527,110815.94652525624
191,2020-07-10,2020,True,4.521857923497268,967,967,1078,112975.91167396936,951.6982546249192,15218,53,0.0,0.802479423168492,0.17225638786290884,0.15263368730960095,0.11537749955326015,0.38410224615956146,0.938210961737332,0.18497888834476145,143722.4547798809,0,False,False,True,"{""0"":null,""1"":null,""2"":null,""3"":null}",967.0,186791.0,967.0,133269.0,967.0,133269.0,820.4942672078469,112975.91167396936,820.4942672078469,0.0,0.0,951.6982546249201,111767.64477988116,0.0,5.488515589071324,4.0,548.0,0.0,0.0,86.70000000031541,11881.400000025693,1.3499999999997954,311.24999999999847,48.350000000175896,6663.450000015476,0.0,0.0,0.0,0.0,0.0,0.0,9.670000000000073,1332.6899999999994,483.5,66634.5,0.0,78.0,493.16999999999825,67967.19000000005,0.0,0.0,951.6982546249201,111767.64477988116
192,2020-07-11,2020,False,4.524590163934426,968,0,1079,112975.91167396936,0.0,14455,53,0.0,,,0.1522426093967106,0.1147440200260745,0.38390206565323415,0.9398450413223141,0.11119816321140585,143721.4547798809,0,False,False,True,"{""0"":null,""1"":null,""2"":null,""3"":null}",968.0,187759.0,0.0,133269.0,0.0,133269.0,0.0,112975.91167396936,0.0,0.0,0.0,0.0,111767.64477988116,0.0,5.488515589071324,0.0,548.0,0.0,0.0,0.0,11881.400000025693,0.0,311.24999999999847,0.0,6663.450000015476,0.0,0.0,0.0,0.0,0.0,0.0,0.0,1332.6899999999994,0.0,66634.5,1.0,79.0,0.0,67967.19000000005,0.0,0.0,0.0,111767.64477988116
193,2020-07-12,2020,False,4.527322404371585,968,0,1080,112975.91167396936,0.0,14455,53,0.0,,,0.15209261209732075,0.11397379159494764,0.38397967539715794,0.9395351239669422,0.06371273020972777,143720.4547798809,0,False,False,True,"{""0"":null,""1"":null,""2"":null,""3"":null}",968.0,188727.0,0.0,133269.0,0.0,133269.0,0.0,112975.91167396936,0.0,0.0,0.0,0.0,111767.64477988116,0.0,5.488515589071324,0.0,548.0,0.0,0.0,0.0,11881.400000025693,0.0,311.24999999999847,0.0,6663.450000015476,0.0,0.0,0.0,0.0,0.0,0.0,0.0,1332.6899999999994,0.0,66634.5,1.0,80.0,0.0,67967.19000000005,0.0,0.0,0.0,111767.64477988116
194,2020-07-13,2020,True,4.530054644808743,968,968,1080,113797.13335742515,1100.188853251831,15392,22,0.0,0.8461187097655516,0.1379469950697926,0.15209261209732075,0.11397379159494764,0.38397967539715794,0.9377737603305785,0.09138085439881041,144326.96363313275,0,False,False,True,"{""0"":null,""1"":null,""2"":null,""3"":null}",968.0,189695.0,968.0,134237.0,968.0,134237.0,821.2216834557912,113797.13335742515,821.2216834557912,0.0,0.0,1100.188853251835,112867.83363313299,0.0,5.488515589071324,4.0,552.0,0.0,0.0,86.80000000031578,11968.200000026009,7.949999999998795,319.19999999999726,48.40000000017608,6711.850000015652,0.0,0.0,0.0,0.0,0.0,0.0,9.680000000000064,1342.3699999999994,484.0,67118.5,0.0,80.0,493.679999999993,68460.87000000004,0.0,0.0,1100.188853251835,112867.83363313299
195,2020-07-14,2020,True,4.532786885245901,966,966,1080,114616.72928358414,1036.1244471289297,15441,31,0.0,0.8178286631490873,0.17362644960212037,0.15235907913777702,0.11448418275698903,0.38416911291606437,0.9386387163561077,0.11756581643416131,144870.42808026168,0,False,False,True,"{""0"":null,""1"":null,""2"":null,""3"":null}",966.0,190661.0,966.0,135203.0,966.0,135203.0,819.5959261589887,114616.72928358414,819.5959261589887,0.0,0.0,1036.1244471289247,113903.95808026192,0.0,5.488515589071324,4.0,556.0,0.0,0.0,86.60000000031505,12054.800000026324,0.0,319.19999999999726,48.300000000175714,6760.150000015828,0.0,0.0,0.0,0.0,0.0,0.0,9.660000000000082,1352.0299999999995,483.0,67601.5,0.0,80.0,492.6600000000035,68953.53000000004,0.0,0.0,1036.1244471289247,113903.95808026192
196,2020-07-15,2020,True,4.53551912568306,968,968,1082,115438.03615940038,1018.6617673437199,15524,57,0.0,0.8346140054300497,0.13001601797341433,0.1522462452319165,0.11324284982709736,0.38397967539715794,0.9380630165289255,0.14174739548598153,145393.40984760542,0,False,False,True,"{""0"":null,""1"":null,""2"":null,""3"":null}",968.0,191629.0,968.0,136171.0,968.0,136171.0,821.3068758162408,115438.03615940038,821.3068758162408,0.0,0.0,1018.661767343714,114922.61984760563,0.0,5.488515589071324,4.0,560.0,0.0,0.0,86.80000000031578,12141.60000002664,0.0,319.19999999999726,48.40000000017608,6808.550000016004,0.0,0.0,0.0,0.0,0.0,0.0,9.680000000000064,1361.7099999999996,484.0,68085.5,2.0,82.0,493.679999999993,69447.21000000004,0.0,0.0,1018.661767343714,114922.61984760563
197,2020-07-16,2020,True,4.538251366120218,967,967,1082,116258.41240849753,985.0790867617104,15632,49,0.0,0.8210909724541897,0.1525090277342513,0.15224003338278436,0.11357728937827889,0.38396893240973706,0.9375853154084798,0.16413252796816166,145885.31893436713,0,False,False,True,"{""0"":null,""1"":null,""2"":null,""3"":null}",967.0,192596.0,967.0,137138.0,967.0,137138.0,820.3762490971567,116258.41240849753,820.3762490971567,0.0,0.0,985.0790867617034,115907.69893436733,0.0,5.488515589071324,4.0,564.0,0.0,0.0,86.70000000031541,12228.300000026955,3.2999999999994998,322.49999999999676,48.350000000175896,6856.90000001618,0.0,0.0,0.0,0.0,0.0,0.0,9.670000000000073,1371.3799999999997,483.5,68569.0,0.0,82.0,493.16999999999825,69940.38000000003,0.0,0.0,985.0790867617034,115907.69893436733
198,2020-07-17,2020,True,4.540983606557377,967,967,1083,117078.80626242359,938.0207412325086,15736,53,0.10707348560412042,0.8148809295118078,0.17204668666160067,0.15182271319988222,0.11271824228082601,0.38372337112174854,0.9371975180972079,0.18495495311815352,146329.1696755996,0,False,False,True,"{""0"":null,""1"":null,""2"":null,""3"":null}",967.0,193563.0,967.0,138105.0,967.0,138105.0,820.3938539260562,117078.80626242359,820.3938539260562,0.0,0.0,938.0207412325108,116845.71967559984,0.10707348560412022,5.595589074675444,4.0,568.0,0.0,0.0,86.80000000031578,12315.10000002727,1.3499999999997954,323.84999999999656,48.350000000175896,6905.250000016355,0.0,0.0,0.0,0.0,0.0,0.0,9.670000000000073,1381.0499999999997,483.5,69052.5,1.0,83.0,493.16999999999825,70433.55000000003,0.0,0.0,938.0207412325108,116845.71967559984
199,2020-07-18,2020,False,4.543715846994536,968,0,1084,117078.80626242359,0.0,14954,53,0.0,,,0.1516597119221227,0.1119499415717091,0.3836565043652456,0.9392665289256199,0.11104690479911991,146328.1696755996,0,False,False,True,"{""0"":null,""1"":null,""2"":null,""3"":null}",968.0,194531.0,0.0,138105.0,0.0,138105.0,0.0,117078.80626242359,0.0,0.0,0.0,0.0,116845.71967559984,0.0,5.595589074675444,0.0,568.0,0.0,0.0,0.0,12315.10000002727,0.0,323.84999999999656,0.0,6905.250000016355,0.0,0.0,0.0,0.0,0.0,0.0,0.0,1381.0499999999997,0.0,69052.5,1.0,84.0,0.0,70433.55000000003,0.0,0.0,0.0,116845.71967559984
200,2020-07-19,2020,False,4.546448087431694,968,0,1084,117078.80626242359,0.0,14954,53,0.0,,,0.1516597119221227,0.1119499415717091,0.3836565043652456,0.9392665289256199,0.0638218182124926,146328.1696755996,0,False,False,True,"{""0"":null,""1"":null,""2"":null,""3"":null}",968.0,195499.0,0.0,138105.0,0.0,138105.0,0.0,117078.80626242359,0.0,0.0,0.0,0.0,116845.71967559984,0.0,5.595589074675444,0.0,568.0,0.0,0.0,0.0,12315.10000002727,0.0,323.84999999999656,0.0,6905.250000016355,0.0,0.0,0.0,0.0,0.0,0.0,0.0,1381.0499999999997,0.0,69052.5,0.0,84.0,0.0,70433.55000000003,0.0,0.0,0.0,116845.71967559984
201,2020-07-20,2020,True,4.549180327868853,967,967,1084,117899.20471669319,1127.1234965037443,15862,13,0.0,0.8118944449956835,0.18049816017762424,0.1517388304070757,0.11206223459875202,0.3836457613778248,0.9369027921406412,0.09165604849954812,146962.12317210334,0,False,False,True,"{""0"":null,""1"":null,""2"":null,""3"":null}",967.0,196466.0,967.0,139072.0,967.0,139072.0,820.398454269598,117899.20471669319,820.398454269598,0.0,0.0,1127.1234965037438,117972.84317210359,0.0,5.595589074675444,4.0,572.0,0.0,0.0,86.80000000031578,12401.900000027586,7.949999999998795,331.79999999999535,48.350000000175896,6953.600000016531,0.0,0.0,0.0,0.0,0.0,0.0,9.670000000000073,1390.7199999999998,483.5,69536.0,0.0,84.0,493.16999999999825,70926.72000000003,0.0,0.0,1127.1234965037438,117972.84317210359
202,2020-07-21,2020,True,4.551912568306011,968,968,1085,118720.42410855509,1067.8086074350865,15948,25,0.0,0.8315417272323695,0.1414176495377743,0.15196115063011567,0.1119322602525565,0.3838978927980785,0.9375206611570248,0.11761437123601537,147535.25177953843,0,False,False,True,"{""0"":null,""1"":null,""2"":null,""3"":null}",968.0,197434.0,968.0,140040.0,968.0,140040.0,821.2193918619014,118720.42410855509,821.2193918619014,0.0,0.0,1067.8086074350867,119040.65177953868,0.0,5.595589074675444,4.0,576.0,0.0,0.0,86.90000000031614,12488.800000027903,0.0,331.79999999999535,48.40000000017608,7002.000000016707,0.0,0.0,0.0,0.0,0.0,0.0,9.680000000000064,1400.3999999999999,484.0,70020.0,1.0,85.0,493.679999999993,71420.40000000002,0.0,0.0,1067.8086074350867,119040.65177953868
203,2020-07-22,2020,True,4.554644808743169,968,968,1085,119541.64350041699,1034.61772710889,16047,41,0.012717576863015724,0.8430003776827077,0.12565222415572647,0.1518433618021901,0.1125332395447986,0.3838978927980785,0.9383729338842975,0.1417954966697329,148076.18950664732,0,False,False,True,"{""0"":null,""1"":null,""2"":null,""3"":null}",968.0,198402.0,968.0,141008.0,968.0,141008.0,821.2193918619014,119541.64350041699,821.2193918619014,0.0,0.0,1034.6177271088964,120075.26950664757,0.012717576863015445,5.608306651538459,4.0,580.0,0.0,0.0,86.90000000031614,12575.700000028219,0.0,331.79999999999535,48.40000000017608,7050.4000000168835,0.0,0.0,0.0,0.0,0.0,0.0,9.680000000000064,1410.08,484.0,70504.0,0.0,85.0,493.679999999993,71914.08000000002,0.0,0.0,1034.6177271088964,120075.26950664757
204,2020-07-23,2020,True,4.557377049180328,968,968,1085,120362.86289227889,984.6291672948602,16165,41,0.0,0.812159210028444,0.16393956996202025,0.15189491709235597,0.11246355628119115,0.3838978927980785,0.9391528925619835,0.16439894438727828,148567.1386739422,0,False,False,True,"{""0"":null,""1"":null,""2"":null,""3"":null}",968.0,199370.0,968.0,141976.0,968.0,141976.0,821.2193918619014,120362.86289227889,821.2193918619014,0.0,0.0,984.6291672948573,121059.89867394243,0.0,5.608306651538459,4.0,584.0,0.0,0.0,86.90000000031614,12662.600000028535,1.9499999999997044,333.74999999999505,48.40000000017608,7098.80000001706,0.0,0.0,0.0,0.0,0.0,0.0,9.680000000000064,1419.76,484.0,70988.0,0.0,85.0,493.679999999993,72407.76000000001,0.0,0.0,984.6291672948573,121059.89867394243
205,2020-07-24,2020,True,4.560109289617486,967,967,1085,121183.38168051305,954.8599353695486,16247,43,0.12369721941132848,0.8066872124494089,0.19994527924230893,0.1517838794676492,0.11319112816469318,0.3839658297050964,0.9393071354705274,0.18555972943240595,149028.82860931172,0,False,False,True,"{""0"":null,""1"":null,""2"":null,""3"":null}",967.0,200337.0,967.0,142943.0,967.0,142943.0,820.5187882341561,121183.38168051305,820.5187882341561,0.0,0.0,954.8599353695463,122014.75860931198,0.12369721941132816,5.732003870949788,4.0,588.0,0.0,0.0,86.80000000031578,12749.40000002885,1.7999999999997272,335.5499999999948,48.350000000175896,7147.1500000172355,0.0,0.0,0.0,0.0,0.0,0.0,9.670000000000073,1429.43,483.5,71471.5,0.0,85.0,493.16999999999825,72900.93000000001,0.0,0.0,954.8599353695463,122014.75860931198
206,2020-07-25,2020,False,4.562841530054644,965,0,1085,121183.38168051305,0.0,15449,43,0.0,,,0.15152096628664447,0.11300484288198165,0.3839097059360143,0.9408549222797927,0.11140989609704242,149028.82860931172,0,False,False,True,"{""0"":null,""1"":null,""2"":null,""3"":null}",965.0,201302.0,0.0,142943.0,0.0,142943.0,0.0,121183.38168051305,0.0,0.0,0.0,0.0,122014.75860931198,0.0,5.732003870949788,0.0,588.0,0.0,0.0,0.0,12749.40000002885,0.0,335.5499999999948,0.0,7147.1500000172355,0.0,0.0,0.0,0.0,0.0,0.0,0.0,1429.43,0.0,71471.5,0.0,85.0,0.0,72900.93000000001,0.0,0.0,0.0,122014.75860931198
207,2020-07-26,2020,False,4.565573770491803,966,0,1086,121183.38168051305,0.0,15449,43,0.0,,,0.1516257880895795,0.11249023908243527,0.38416601021142366,0.9406055900621118,0.06397219971040238,149027.82860931172,0,False,False,True,"{""0"":null,""1"":null,""2"":null,""3"":null}",966.0,202268.0,0.0,142943.0,0.0,142943.0,0.0,121183.38168051305,0.0,0.0,0.0,0.0,122014.75860931198,0.0,5.732003870949788,0.0,588.0,0.0,0.0,0.0,12749.40000002885,0.0,335.5499999999948,0.0,7147.1500000172355,0.0,0.0,0.0,0.0,0.0,0.0,0.0,1429.43,0.0,71471.5,1.0,86.0,0.0,72900.93000000001,0.0,0.0,0.0,122014.75860931198
208,2020-07-27,2020,True,4.5683060109289615,966,966,1086,122003.10953827006,1135.3258371889563,16378,10,0.0,0.8063880963069441,0.18396700482730716,0.1516257880895795,0.11249023908243527,0.38416601021142366,0.9391821946169773,0.09197175117170259,149670.49444650067,0,False,False,True,"{""0"":null,""1"":null,""2"":null,""3"":null}",966.0,203234.0,966.0,143909.0,966.0,143909.0,819.7278577570105,122003.10953827006,819.7278577570105,0.0,0.0,1135.3258371889533,123150.08444650093,0.0,5.732003870949788,4.0,592.0,0.0,0.0,86.70000000031541,12836.100000029166,6.449999999999022,341.9999999999938,48.300000000175714,7195.450000017411,0.0,0.0,0.0,0.0,0.0,0.0,9.660000000000082,1439.0900000000001,483.0,71954.5,0.0,86.0,492.6600000000035,73393.59000000001,0.0,0.0,1135.3258371889533,123150.08444650093
209,2020-07-28,2020,True,4.5710382513661205,966,966,1086,122822.83739602707,1077.758043865954,16460,24,0.0,0.8290489914259425,0.1497927960388571,0.15158063351176987,0.11286079462619708,0.38416601021142366,0.9401915113871636,0.11817228174001758,150255.59249036663,0,False,False,True,"{""0"":null,""1"":null,""2"":null,""3"":null}",966.0,204200.0,966.0,144875.0,966.0,144875.0,819.7278577570105,122822.83739602707,819.7278577570105,0.0,0.0,1077.7580438659497,124227.84249036688,0.0,5.732003870949788,4.0,596.0,0.0,0.0,86.70000000031541,12922.800000029481,0.0,341.9999999999938,48.300000000175714,7243.750000017587,0.0,0.0,0.0,0.0,0.0,0.0,9.660000000000082,1448.7500000000002,483.0,72437.5,0.0,86.0,492.6600000000035,73886.25000000001,0.0,0.0,1077.7580438659497,124227.84249036688
210,2020-07-29,2020,True,4.573770491803279,965,965,1086,123641.85708120986,1063.4517725884768,16541,47,0.0,0.8176342856540522,0.16100910299090995,0.1514374482956303,0.11317681570750779,0.3839097059360143,0.9405751295336787,0.1427648718991971,150826.89426295512,0,False,False,True,"{""0"":null,""1"":null,""2"":null,""3"":null}",965.0,205165.0,965.0,145840.0,965.0,145840.0,819.0196851827932,123641.85708120986,819.0196851827932,0.0,0.0,1063.4517725884798,125291.29426295536,0.0,5.732003870949788,4.0,600.0,0.0,0.0,86.70000000031541,13009.500000029797,0.0,341.9999999999938,48.25000000017553,7292.000000017762,0.0,0.0,0.0,0.0,0.0,0.0,9.650000000000091,1458.4000000000003,482.5,72920.0,0.0,86.0,492.1499999999942,74378.40000000001,0.0,0.0,1063.4517725884798,125291.29426295536
211,2020-07-30,2020,True,4.576502732240437,965,965,1086,124460.87676639266,1000.9006092697863,16653,56,0.16447962031327748,0.810445050583125,0.17305823530399445,0.15154574719617553,0.11362119592134988,0.3839097059360143,0.9408756476683938,0.16554285338658528,151335.64487222492,0,False,False,True,"{""0"":null,""1"":null,""2"":null,""3"":null}",965.0,206130.0,965.0,146805.0,965.0,146805.0,819.0196851827932,124460.87676639266,819.0196851827932,0.0,0.0,1000.9006092697819,126292.19487222514,0.16447962031327723,5.896483491263065,4.0,604.0,0.0,0.0,86.70000000031541,13096.200000030112,1.4999999999997726,343.4999999999936,48.25000000017553,7340.250000017938,0.0,0.0,0.0,0.0,0.0,0.0,9.650000000000091,1468.0500000000004,482.5,73402.5,0.0,86.0,492.1499999999942,74870.55,0.0,0.0,1000.9006092697819,126292.19487222514
212,2020-07-31,2020,True,4.579234972677596,966,966,1087,125280.70698978691,940.3139658221342,16760,54,0.0,0.8003933068565887,0.1770800055777521,0.15158501605501584,0.11362244075292167,0.38416601021142366,0.9411697722567287,0.18655805509434226,151782.29883804705,0,False,False,True,"{""0"":null,""1"":null,""2"":null,""3"":null}",966.0,207096.0,966.0,147771.0,966.0,147771.0,819.8302233942522,125280.70698978691,819.8302233942522,0.0,0.0,940.3139658221335,127232.50883804727,0.0,5.896483491263065,4.0,608.0,0.0,0.0,86.70000000031541,13182.900000030428,2.0999999999996817,345.59999999999326,48.300000000175714,7388.550000018114,0.0,0.0,0.0,0.0,0.0,0.0,9.660000000000082,1477.7100000000005,483.0,73885.5,1.0,87.0,492.6600000000035,75363.21,0.0,0.0,940.3139658221335,127232.50883804727
213,2020-08-01,2020,False,4.581967213114754,966,0,1087,125280.70698978691,0.0,15942,54,0.0,,,0.15155464819493444,0.11397397557481004,0.38416601021142366,0.9428933747412008,0.11222731302987858,151782.29883804705,0,False,False,True,"{""0"":null,""1"":null,""2"":null,""3"":null}",966.0,208062.0,0.0,147771.0,0.0,147771.0,0.0,125280.70698978691,0.0,0.0,0.0,0.0,127232.50883804727,0.0,5.896483491263065,0.0,608.0,0.0,0.0,0.0,13182.900000030428,0.0,345.59999999999326,0.0,7388.550000018114,0.0,0.0,0.0,0.0,0.0,0.0,0.0,1477.7100000000005,0.0,73885.5,0.0,87.0,0.0,75363.21,0.0,0.0,0.0,127232.50883804727
214,2020-08-02,2020,False,4.584699453551913,964,0,1087,125280.70698978691,0.0,15942,54,0.0,,,0.15143092812441905,0.11418820211750445,0.3839807455476729,0.9437811203319502,0.06459014073359966,151782.29883804705,0,False,False,True,"{""0"":null,""1"":null,""2"":null,""3"":null}",964.0,209026.0,0.0,147771.0,0.0,147771.0,0.0,125280.70698978691,0.0,0.0,0.0,0.0,127232.50883804727,0.0,5.896483491263065,0.0,608.0,0.0,0.0,0.0,13182.900000030428,0.0,345.59999999999326,0.0,7388.550000018114,0.0,0.0,0.0,0.0,0.0,0.0,0.0,1477.7100000000005,0.0,73885.5,0.0,87.0,0.0,75363.21,0.0,0.0,0.0,127232.50883804727
215,2020-08-03,2020,True,4.587431693989071,965,965,1088,126099.76124575833,1125.1501963211583,16904,13,0.0,0.8279522693509553,0.15519445739505955,0.15132548888581954,0.1133534648686742,0.383912808640655,0.9424663212435234,0.09270048375855874,152414.29903436822,0,False,False,True,"{""0"":null,""1"":null,""2"":null,""3"":null}",965.0,209991.0,965.0,148736.0,965.0,148736.0,819.0542559714231,126099.76124575833,819.0542559714231,0.0,0.0,1125.150196321163,128357.65903436844,0.0,5.896483491263065,4.0,612.0,0.0,0.0,86.60000000031505,13269.500000030743,8.099999999998772,353.69999999999203,48.25000000017553,7436.800000018289,0.0,0.0,0.0,0.0,0.0,0.0,9.650000000000091,1487.3600000000006,482.5,74368.0,1.0,88.0,492.1499999999942,75855.36,0.0,0.0,1125.150196321163,128357.65903436844
216,2020-08-04,2020,True,4.590163934426229,964,964,1088,126917.93177942719,1091.2408654675862,16937,27,0.0,0.8163453899614782,0.17689861854606675,0.15101600197401965,0.1134894296078431,0.38390206565323415,0.942951244813278,0.11865353864840975,153013.8998998358,0,False,False,True,"{""0"":null,""1"":null,""2"":null,""3"":null}",964.0,210955.0,964.0,149700.0,964.0,149700.0,818.170533668861,126917.93177942719,818.170533668861,0.0,0.0,1091.240865467582,129448.89989983602,0.0,5.896483491263065,4.0,616.0,0.0,0.0,86.50000000031469,13356.000000031057,0.0,353.69999999999203,48.20000000017535,7485.000000018465,0.0,0.0,0.0,0.0,0.0,0.0,9.6400000000001,1497.0000000000007,482.0,74850.0,0.0,88.0,491.6399999999994,76347.0,0.0,0.0,1091.240865467582,129448.89989983602
217,2020-08-05,2020,True,4.592896174863388,963,963,1089,127735.29978445782,1025.671010011268,17033,48,0.0,0.8328146611341632,0.14516278209396966,0.15098800466069842,0.1129000716112364,0.38410224615956146,0.9426479750778816,0.14325848167115982,153547.44090984704,0,False,False,True,"{""0"":null,""1"":null,""2"":null,""3"":null}",963.0,211918.0,963.0,150663.0,963.0,150663.0,817.3680050306284,127735.29978445782,817.3680050306284,0.0,0.0,1025.6710100112687,130474.57090984729,0.0,5.896483491263065,4.0,620.0,0.0,0.0,86.40000000031432,13442.400000031372,0.0,353.69999999999203,48.15000000017517,7533.15000001864,0.0,0.0,0.0,0.0,0.0,0.0,9.63000000000011,1506.6300000000008,481.5,75331.5,1.0,89.0,491.13000000000466,76838.13,0.0,0.0,1025.6710100112687,130474.57090984729
218,2020-08-06,2020,True,4.595628415300546,963,963,1090,128552.57112032302,991.6154560821093,17155,45,0.0,0.8079054287690179,0.17318411641386114,0.15079896128195175,0.11252824948688754,0.38410224615956146,0.9428193146417445,0.1660236505399012,154046.92636592913,0,False,False,True,"{""0"":null,""1"":null,""2"":null,""3"":null}",963.0,212881.0,963.0,151626.0,963.0,151626.0,817.2713358651963,128552.57112032302,817.2713358651963,0.0,0.0,991.615456082116,131466.1863659294,0.0,5.896483491263065,4.0,624.0,0.0,0.0,86.40000000031432,13528.800000031686,1.9499999999997044,355.64999999999173,48.15000000017517,7581.300000018815,0.0,0.0,0.0,0.0,0.0,0.0,9.63000000000011,1516.260000000001,481.5,75813.0,1.0,90.0,491.13000000000466,77329.26000000001,0.0,0.0,991.615456082116,131466.1863659294
219,2020-08-07,2020,True,4.598360655737705,963,963,1090,129369.84245618821,953.6736483788694,17238,48,0.0,0.8068335062240664,0.19844586262177827,0.15073940991878262,0.11294790412231051,0.38410224615956146,0.9430789200415368,0.1871553470029839,154509.470014308,0,False,False,True,"{""0"":null,""1"":null,""2"":null,""3"":null}",963.0,213844.0,963.0,152589.0,963.0,152589.0,817.2713358651963,129369.84245618821,817.2713358651963,0.0,0.0,953.67364837887,132419.86001430827,0.0,5.896483491263065,4.0,628.0,0.0,0.0,86.40000000031432,13615.200000032,2.0999999999996817,357.7499999999914,48.15000000017517,7629.45000001899,0.0,0.0,0.0,0.0,0.0,0.0,9.63000000000011,1525.890000000001,481.5,76294.5,0.0,90.0,491.13000000000466,77820.39000000001,0.0,0.0,953.67364837887,132419.86001430827
220,2020-08-08,2020,False,4.601092896174864,961,0,1090,129369.84245618821,0.0,16437,48,0.0,,,0.15040986983135105,0.1125922851768146,0.3835896376087427,0.9443808532778355,0.1124876968950999,154509.470014308,0,False,False,True,"{""0"":null,""1"":null,""2"":null,""3"":null}",961.0,214805.0,0.0,152589.0,0.0,152589.0,0.0,129369.84245618821,0.0,0.0,0.0,0.0,132419.86001430827,0.0,5.896483491263065,0.0,628.0,0.0,0.0,0.0,13615.200000032,0.0,357.7499999999914,0.0,7629.45000001899,0.0,0.0,0.0,0.0,0.0,0.0,0.0,1525.890000000001,0.0,76294.5,0.0,90.0,0.0,77820.39000000001,0.0,0.0,0.0,132419.86001430827
221,2020-08-09,2020,False,4.603825136612022,961,0,1092,129369.84245618821,0.0,16437,48,0.0,,,0.14997748572826003,0.11100552989841783,0.3837816351918606,0.9437825182101978,0.06451123778533073,154507.470014308,0,False,False,True,"{""0"":null,""1"":null,""2"":null,""3"":null}",961.0,215766.0,0.0,152589.0,0.0,152589.0,0.0,129369.84245618821,0.0,0.0,0.0,0.0,132419.86001430827,0.0,5.896483491263065,0.0,628.0,0.0,0.0,0.0,13615.200000032,0.0,357.7499999999914,0.0,7629.45000001899,0.0,0.0,0.0,0.0,0.0,0.0,0.0,1525.890000000001,0.0,76294.5,2.0,92.0,0.0,77820.39000000001,0.0,0.0,0.0,132419.86001430827
222,2020-08-10,2020,True,4.60655737704918,961,961,1093,130185.25903923342,1159.837144001783,17368,19,0.0,0.822027437712003,0.1675194701675338,0.14980736087080987,0.11085225824849583,0.38353607390387207,0.9420187304890738,0.09272566073172529,155176.1971583098,0,False,False,True,"{""0"":null,""1"":null,""2"":null,""3"":null}",961.0,216727.0,961.0,153550.0,961.0,153550.0,815.4165830452112,130185.25903923342,815.4165830452112,0.0,0.0,1159.8371440017945,133579.69715831007,0.0,5.896483491263065,4.0,632.0,0.0,0.0,86.40000000031432,13701.600000032315,7.199999999998909,364.9499999999903,48.050000000174805,7677.500000019165,0.0,0.0,0.0,0.0,0.0,0.0,9.6099999999999,1535.500000000001,480.5,76775.0,1.0,93.0,490.1100000000006,78310.50000000001,0.0,0.0,1159.8371440017945,133579.69715831007
223,2020-08-11,2020,True,4.609289617486339,962,962,1094,131001.53046471572,1098.923768639629,17425,36,0.0,0.8379204820861056,0.15510524639172735,0.1495338197225628,0.11040321659185501,0.38346920714736915,0.9421153846153846,0.11900667905609055,155783.50092694943,0,False,False,True,"{""0"":null,""1"":null,""2"":null,""3"":null}",962.0,217689.0,962.0,154512.0,962.0,154512.0,816.2714254822931,131001.53046471572,816.2714254822931,0.0,0.0,1098.9237686396227,134678.6209269497,0.0,5.896483491263065,4.0,636.0,0.0,0.0,86.50000000031469,13788.10000003263,0.0,364.9499999999903,48.10000000017499,7725.60000001934,0.0,0.0,0.0,0.0,0.0,0.0,9.61999999999989,1545.1200000000008,481.0,77256.0,1.0,94.0,490.61999999999534,78801.12000000001,0.0,0.0,1098.9237686396227,134678.6209269497
224,2020-08-12,2020,True,4.612021857923497,961,961,1095,131817.0863800149,1031.3077101619742,17528,56,0.3191253941680376,0.8085567097209254,0.16992262978883893,0.1498064607258445,0.11079755556226671,0.38345724537986237,0.9422372528616025,0.14372543640856744,156323.69863711143,0,False,False,True,"{""0"":null,""1"":null,""2"":null,""3"":null}",961.0,218650.0,961.0,155473.0,961.0,155473.0,815.5559152991773,131817.0863800149,815.5559152991773,0.0,0.0,1031.3077101619856,135709.92863711168,0.3191253941680374,6.215608885431102,4.0,640.0,0.0,0.0,86.40000000031432,13874.500000032944,0.0,364.9499999999903,48.050000000174805,7773.650000019515,0.0,0.0,0.0,0.0,0.0,0.0,9.6099999999999,1554.7300000000007,480.5,77736.5,1.0,95.0,490.1100000000006,79291.23000000001,0.0,0.0,1031.3077101619856,135709.92863711168
225,2020-08-13,2020,True,4.614754098360656,961,961,1096,132632.57273826722,995.9439516422289,17643,57,0.060284542102190634,0.8093950743923333,0.17616227528571715,0.1498408481650243,0.110637836825064,0.38345831553037735,0.942486992715921,0.166580561168484,156828.53258875367,0,False,False,True,"{""0"":null,""1"":null,""2"":null,""3"":null}",961.0,219611.0,961.0,156434.0,961.0,156434.0,815.4863582523249,132632.57273826722,815.4863582523249,0.0,0.0,995.9439516422281,136705.8725887539,0.06028454210219092,6.275893427533293,4.0,644.0,0.0,0.0,86.40000000031432,13960.900000033258,2.849999999999568,367.7999999999899,48.050000000174805,7821.7000000196895,0.0,0.0,0.0,0.0,0.0,0.0,9.6099999999999,1564.3400000000006,480.5,78217.0,1.0,96.0,490.1100000000006,79781.34000000001,0.0,0.0,995.9439516422281,136705.8725887539
226,2020-08-14,2020,True,4.617486338797814,961,961,1097,133448.0087456896,964.839305257375,17738,51,0.23988600471604624,0.8168764887085369,0.1596892028375313,0.14975410407949608,0.1104829439264244,0.38370372818879495,0.9425390218522373,0.1875050488552059,157302.26189401106,0,False,False,True,"{""0"":null,""1"":null,""2"":null,""3"":null}",961.0,220572.0,961.0,157395.0,961.0,157395.0,815.436007422395,133448.0087456896,815.436007422395,0.0,0.0,964.8393052573665,137670.71189401127,0.23988600471604649,6.51577943224934,4.0,648.0,0.0,0.0,86.30000000031396,14047.200000033572,2.5499999999996135,370.3499999999895,48.050000000174805,7869.750000019864,0.0,0.0,0.0,0.0,0.0,0.0,9.6099999999999,1573.9500000000005,480.5,78697.5,1.0,97.0,490.1100000000006,80271.45000000001,0.0,0.0,964.8393052573665,137670.71189401127
227,2020-08-15,2020,False,4.620218579234972,961,0,1097,133448.0087456896,0.0,16923,51,0.0,,,0.14993684882848288,0.11070174843885038,0.38370372818879495,0.9440374609781478,0.11298185900180334,157302.26189401106,0,False,False,True,"{""0"":null,""1"":null,""2"":null,""3"":null}",961.0,221533.0,0.0,157395.0,0.0,157395.0,0.0,133448.0087456896,0.0,0.0,0.0,0.0,137670.71189401127,0.0,6.51577943224934,0.0,648.0,0.0,0.0,0.0,14047.200000033572,0.0,370.3499999999895,0.0,7869.750000019864,0.0,0.0,0.0,0.0,0.0,0.0,0.0,1573.9500000000005,0.0,78697.5,0.0,97.0,0.0,80271.45000000001,0.0,0.0,0.0,137670.71189401127
228,2020-08-16,2020,False,4.622950819672131,962,0,1098,133448.0087456896,0.0,16923,51,0.0,,,0.14988210589295287,0.10994960750125983,0.38371461980578675,0.9437837837837837,0.0651674519549802,157301.26189401106,0,False,False,True,"{""0"":null,""1"":null,""2"":null,""3"":null}",962.0,222495.0,0.0,157395.0,0.0,157395.0,0.0,133448.0087456896,0.0,0.0,0.0,0.0,137670.71189401127,0.0,6.51577943224934,0.0,648.0,0.0,0.0,0.0,14047.200000033572,0.0,370.3499999999895,0.0,7869.750000019864,0.0,0.0,0.0,0.0,0.0,0.0,0.0,1573.9500000000005,0.0,78697.5,1.0,98.0,0.0,80271.45000000001,0.0,0.0,0.0,137670.71189401127
229,2020-08-17,2020,True,4.6256830601092895,962,962,1099,134264.2859779012,1126.0015397699942,17866,12,0.0,0.8087309243991181,0.18103046168080925,0.1497053664537557,0.10902677421930922,0.38371461980578675,0.9422453222453222,0.09340051744930823,157935.64343378105,0,False,False,True,"{""0"":null,""1"":null,""2"":null,""3"":null}",962.0,223457.0,962.0,158357.0,962.0,158357.0,816.2772322115779,134264.2859779012,816.2772322115779,0.0,0.0,1126.00153976999,138796.71343378126,0.0,6.51577943224934,4.0,652.0,0.0,0.0,86.40000000031432,14133.600000033886,7.64999999999884,377.99999999998835,48.10000000017499,7917.850000020039,0.0,0.0,0.0,0.0,0.0,0.0,9.61999999999989,1583.5700000000004,481.0,79178.5,1.0,99.0,490.61999999999534,80762.07,0.0,0.0,1126.00153976999,138796.71343378126
230,2020-08-18,2020,True,4.628415300546449,961,961,1099,135079.6705286744,1090.5642329736716,17909,25,0.0,0.8261178474796613,0.15999473458059263,0.1494857122252861,0.10935947558452938,0.38378148656228966,0.9423881373569198,0.11968723993261499,158536.09766675474,0,False,False,True,"{""0"":null,""1"":null,""2"":null,""3"":null}",961.0,224418.0,961.0,159318.0,961.0,159318.0,815.3845507732185,135079.6705286744,815.3845507732185,0.0,0.0,1090.564232973673,139887.27766675493,0.0,6.51577943224934,4.0,656.0,0.0,0.0,86.30000000031396,14219.9000000342,0.0,377.99999999998835,48.050000000174805,7965.900000020214,0.0,0.0,0.0,0.0,0.0,0.0,9.6099999999999,1593.1800000000003,480.5,79659.0,0.0,99.0,490.1100000000006,81252.18000000001,0.0,0.0,1090.564232973673,139887.27766675493
231,2020-08-19,2020,True,4.631147540983607,961,961,1100,135894.9776333065,1028.9827906021721,18008,37,0.0,0.8251378797468218,0.1583051324491065,0.14952833759568498,0.10897774283324826,0.3837816351918606,0.9419771071800208,0.14419429223385694,159073.97045735692,0,False,False,True,"{""0"":null,""1"":null,""2"":null,""3"":null}",961.0,225379.0,961.0,160279.0,961.0,160279.0,815.3071046320838,135894.9776333065,815.3071046320838,0.0,0.0,1028.9827906021674,140916.2604573571,0.0,6.51577943224934,4.0,660.0,0.0,0.0,86.30000000031396,14306.200000034514,0.0,377.99999999998835,48.050000000174805,8013.950000020389,0.0,0.0,0.0,0.0,0.0,0.0,9.6099999999999,1602.7900000000002,480.5,80139.5,1.0,100.0,490.1100000000006,81742.29000000001,0.0,0.0,1028.9827906021674,140916.2604573571
232,2020-08-20,2020,True,4.633879781420765,960,960,1101,136709.66987197136,978.869385688297,18125,39,0.0011332322977971696,0.8062553169325857,0.17484683187091574,0.1496889932288294,0.10870452115815107,0.3839818156981879,0.9418124999999999,0.16715320842858775,159562.23984304522,0,False,False,True,"{""0"":null,""1"":null,""2"":null,""3"":null}",960.0,226339.0,960.0,161239.0,960.0,161239.0,814.6922386648657,136709.66987197136,814.6922386648657,0.0,0.0,978.8693856883037,141895.1298430454,0.0011332322977972709,6.516912664547137,4.0,664.0,0.0,0.0,86.2000000003136,14392.400000034828,1.7999999999997272,379.7999999999881,48.00000000017462,8061.9500000205635,0.0,0.0,0.0,0.0,0.0,0.0,9.599999999999909,1612.39,480.0,80619.5,1.0,101.0,489.6000000000058,82231.89000000001,0.0,0.0,978.8693856883037,141895.1298430454
233,2020-08-21,2020,True,4.636612021857924,960,960,1101,137524.36211063623,969.1965626173727,18231,46,0.0,0.8062813590513724,0.17955541426317545,0.14980964864657553,0.1091475290203509,0.3839818156981879,0.9422864583333334,0.18824203237363282,160041.8364056626,0,False,False,True,"{""0"":null,""1"":null,""2"":null,""3"":null}",960.0,227299.0,960.0,162199.0,960.0,162199.0,814.6922386648657,137524.36211063623,814.6922386648657,0.0,0.0,969.1965626173769,142864.32640566278,0.0,6.516912664547137,4.0,668.0,0.0,0.0,86.2000000003136,14478.600000035141,1.9499999999997044,381.7499999999878,48.00000000017462,8109.950000020738,0.0,0.0,0.0,0.0,0.0,0.0,9.599999999999909,1621.99,480.0,81099.5,0.0,101.0,489.6000000000058,82721.49000000002,0.0,0.0,969.1965626173769,142864.32640566278
234,2020-08-22,2020,False,4.639344262295082,960,0,1101,137524.36211063623,0.0,17413,46,0.0,,,0.149600381690962,0.10945488950597268,0.3839818156981879,0.9437083333333334,0.11363275654500625,160041.8364056626,0,False,False,True,"{""0"":null,""1"":null,""2"":null,""3"":null}",960.0,228259.0,0.0,162199.0,0.0,162199.0,0.0,137524.36211063623,0.0,0.0,0.0,0.0,142864.32640566278,0.0,6.516912664547137,0.0,668.0,0.0,0.0,0.0,14478.600000035141,0.0,381.7499999999878,0.0,8109.950000020738,0.0,0.0,0.0,0.0,0.0,0.0,0.0,1621.99,0.0,81099.5,0.0,101.0,0.0,82721.49000000002,0.0,0.0,0.0,142864.32640566278
235,2020-08-23,2020,False,4.64207650273224,959,0,1102,137524.36211063623,0.0,17413,46,0.0,,,0.14964616771175993,0.10882607295143892,0.3837255114227785,0.9442909280500522,0.0658553112432812,160040.8364056626,0,False,False,True,"{""0"":null,""1"":null,""2"":null,""3"":null}",959.0,229218.0,0.0,162199.0,0.0,162199.0,0.0,137524.36211063623,0.0,0.0,0.0,0.0,142864.32640566278,0.0,6.516912664547137,0.0,668.0,0.0,0.0,0.0,14478.600000035141,0.0,381.7499999999878,0.0,8109.950000020738,0.0,0.0,0.0,0.0,0.0,0.0,0.0,1621.99,0.0,81099.5,1.0,102.0,0.0,82721.49000000002,0.0,0.0,0.0,142864.32640566278
236,2020-08-24,2020,True,4.644808743169399,956,956,1102,138335.8451342752,1143.2712935292907,18355,14,0.20462846174390453,0.8618795269153687,0.12425227994155284,0.14941530939711403,0.10841668961228214,0.38352625243739524,0.9431276150627615,0.0942337926956325,160696.54769919187,0,False,False,True,"{""0"":null,""1"":null,""2"":null,""3"":null}",956.0,230174.0,956.0,163155.0,956.0,163155.0,811.4830236389826,138335.8451342752,811.4830236389826,0.0,0.0,1143.2712935292802,144007.59769919206,0.20462846174390492,6.721541126291042,4.0,672.0,0.0,0.0,86.00000000031287,14564.600000035454,6.899999999998954,388.64999999998673,47.800000000173895,8157.750000020912,0.0,0.0,0.0,0.0,0.0,0.0,9.559999999999945,1631.55,478.0,81577.5,0.0,102.0,487.5599999999977,83209.05000000002,0.0,0.0,1143.2712935292802,144007.59769919206
237,2020-08-25,2020,True,4.647540983606557,958,958,1105,139149.04195664325,1105.0469695854886,18409,35,0.0,0.8454455144282671,0.1472304577742788,0.14960925255309693,0.10671109006626257,0.383718011586178,0.9424530271398748,0.12050828935387323,161310.01466877738,0,False,False,True,"{""0"":null,""1"":null,""2"":null,""3"":null}",958.0,231132.0,958.0,164113.0,958.0,164113.0,813.1968223680451,139149.04195664325,813.1968223680451,0.0,0.0,1105.046969585499,145112.64466877756,0.0,6.721541126291042,4.0,676.0,0.0,0.0,86.10000000031323,14650.700000035768,0.0,388.64999999998673,47.89999999992597,8205.650000020838,0.0,0.0,0.0,0.0,0.0,0.0,9.579999999999927,1641.1299999999999,479.0,82056.5,3.0,105.0,488.58000000000175,83697.63000000002,0.0,0.0,1105.046969585499,145112.64466877756
238,2020-08-26,2020,True,4.6502732240437155,958,958,1105,139962.2387790113,1047.1689489769078,18481,51,0.0,0.819281480478794,0.17369675962523723,0.14966592560237135,0.10710062834648867,0.383718011586178,0.9418371607515658,0.14504769460088054,161868.6036177543,0,False,False,True,"{""0"":null,""1"":null,""2"":null,""3"":null}",958.0,232090.0,958.0,165071.0,958.0,165071.0,813.1968223680451,139962.2387790113,813.1968223680451,0.0,0.0,1047.168948976905,146159.81361775447,0.0,6.721541126291042,4.0,680.0,0.0,0.0,86.10000000031323,14736.80000003608,0.0,388.64999999998673,47.89999999930296,8253.550000020141,0.0,0.0,0.0,0.0,0.0,0.0,9.579999999999927,1650.7099999999998,479.0,82535.5,0.0,105.0,488.58000000000175,84186.21000000002,0.0,0.0,1047.168948976905,146159.81361775447
239,2020-08-27,2020,True,4.6530054644808745,959,959,1106,140776.23255776122,1013.1656351326886,18619,50,0.07624139149511337,0.8363475495838226,0.14939895750372484,0.14949050890282017,0.10656375321523907,0.38351443929945944,0.9418039624608967,0.16771062972405917,162391.679252887,0,False,False,True,"{""0"":null,""1"":null,""2"":null,""3"":null}",959.0,233049.0,959.0,166030.0,959.0,166030.0,813.9937787499221,140776.23255776122,813.9937787499221,0.0,0.0,1013.1656351326965,147172.97925288716,0.07624139149511322,6.797782517786155,4.0,684.0,0.0,0.0,86.2000000003136,14823.000000036394,2.0999999999996817,390.7499999999864,47.949999999302236,8301.500000019443,0.0,0.0,0.0,0.0,0.0,0.0,9.589999999999918,1660.2999999999997,479.5,83015.0,1.0,106.0,489.0899999999965,84675.30000000002,0.0,0.0,1013.1656351326965,147172.97925288716
240,2020-08-28,2020,True,4.655737704918033,958,958,1106,141589.23563250576,961.6781383063477,18719,50,0.0,0.819548232516147,0.17170063663514526,0.14979682938206634,0.10728224262240034,0.3835035476824677,0.9420093945720251,0.1885958938937068,162864.77739119335,0,False,False,True,"{""0"":null,""1"":null,""2"":null,""3"":null}",958.0,234007.0,958.0,166988.0,958.0,166988.0,813.0030747445417,141589.23563250576,813.0030747445417,0.0,0.0,961.6781383063353,148134.6573911935,0.0,6.797782517786155,4.0,688.0,0.0,0.0,86.10000000031323,14909.100000036708,3.1499999999995225,393.89999999998594,47.89999999930296,8349.400000018746,0.0,0.0,0.0,0.0,0.0,0.0,9.579999999999927,1669.8799999999997,479.0,83494.0,0.0,106.0,488.58000000000175,85163.88000000002,0.0,0.0,961.6781383063353,148134.6573911935
241,2020-08-29,2020,False,4.658469945355192,960,0,1108,141589.23563250576,0.0,17897,50,0.0,,,0.14967355934345392,0.10619708021562356,0.38352518228688026,0.94303125,0.11377010377754167,162862.77739119335,0,False,False,True,"{""0"":null,""1"":null,""2"":null,""3"":null}",960.0,234967.0,0.0,166988.0,0.0,166988.0,0.0,141589.23563250576,0.0,0.0,0.0,0.0,148134.6573911935,0.0,6.797782517786155,0.0,688.0,0.0,0.0,0.0,14909.100000036708,0.0,393.89999999998594,0.0,8349.400000018746,0.0,0.0,0.0,0.0,0.0,0.0,0.0,1669.8799999999997,0.0,83494.0,2.0,108.0,0.0,85163.88000000002,0.0,0.0,0.0,148134.6573911935
242,2020-08-30,2020,False,4.66120218579235,959,0,1108,141589.23563250576,0.0,17897,50,0.0,,,0.14955003544577847,0.1061744720055899,0.38359311919389816,0.9430083420229406,0.06605928522938617,162862.77739119335,0,False,False,True,"{""0"":null,""1"":null,""2"":null,""3"":null}",959.0,235926.0,0.0,166988.0,0.0,166988.0,0.0,141589.23563250576,0.0,0.0,0.0,0.0,148134.6573911935,0.0,6.797782517786155,0.0,688.0,0.0,0.0,0.0,14909.100000036708,0.0,393.89999999998594,0.0,8349.400000018746,0.0,0.0,0.0,0.0,0.0,0.0,0.0,1669.8799999999997,0.0,83494.0,0.0,108.0,0.0,85163.88000000002,0.0,0.0,0.0,148134.6573911935
243,2020-08-31,2020,True,4.663934426229508,959,959,1108,142403.13210021312,1127.5846484994345,18843,16,0.0,0.841525912498374,0.13537695745662698,0.14955003544577847,0.10617447200558988,0.38359311919389816,0.9419238790406673,0.09410312260739748,163501.2720396928,0,False,False,True,"{""0"":null,""1"":null,""2"":null,""3"":null}",959.0,236885.0,959.0,167947.0,959.0,167947.0,813.8964677073527,142403.13210021312,813.8964677073527,0.0,0.0,1127.58464849944,149262.24203969294,0.0,6.797782517786155,4.0,692.0,0.0,0.0,86.2000000003136,14995.300000037021,7.499999999998863,401.3999999999848,47.949999999302236,8397.350000018048,0.0,0.0,0.0,0.0,0.0,0.0,9.589999999999918,1679.4699999999996,479.5,83973.5,0.0,108.0,489.0899999999965,85652.97000000002,0.0,0.0,1127.58464849944,149262.24203969294
244,2020-09-01,2020,True,4.666666666666667,960,960,1109,143217.89954088064,1103.2951262261304,18892,38,0.0,0.836547825326215,0.1401075297568726,0.14992815350398914,0.10587457226197944,0.38352518228688026,0.94203125,0.12034506025521442,164113.9671659189,0,False,False,True,"{""0"":null,""1"":null,""2"":null,""3"":null}",960.0,237845.0,960.0,168907.0,960.0,168907.0,814.7674406675214,143217.89954088064,814.7674406675214,0.0,0.0,1103.2951262261195,150365.53716591906,0.0,6.797782517786155,4.0,696.0,0.0,0.0,86.30000000031396,15081.600000037335,0.0,401.3999999999848,47.99999999930151,8445.35000001735,0.0,0.0,0.0,0.0,0.0,0.0,9.599999999999909,1689.0699999999995,480.0,84453.5,1.0,109.0,489.6000000000058,86142.57000000002,0.0,0.0,1103.2951262261195,150365.53716591906
245,2020-09-02,2020,True,4.669398907103825,959,959,1109,144031.78857043778,1051.1894885548763,18979,59,0.0,0.8017238560282836,0.18142454398530233,0.14970137078027118,0.10605799365002123,0.38359311919389816,0.9416266944734097,0.14470599841443782,164676.06665447378,0,False,False,True,"{""0"":null,""1"":null,""2"":null,""3"":null}",959.0,238804.0,959.0,169866.0,959.0,169866.0,813.8890295571473,144031.78857043778,813.8890295571473,0.0,0.0,1051.1894885548681,151416.72665447393,0.0,6.797782517786155,4.0,700.0,0.0,0.0,86.2000000003136,15167.800000037649,0.0,401.3999999999848,47.949999999302236,8493.300000016652,0.0,0.0,0.0,0.0,0.0,0.0,9.589999999999918,1698.6599999999994,479.5,84933.0,0.0,109.0,489.0899999999965,86631.66000000002,0.0,0.0,1051.1894885548681,151416.72665447393
246,2020-09-03,2020,True,4.672131147540983,959,959,1109,144845.67759999493,1018.7881080632482,19097,61,0.26455618887907084,0.7977514963834597,0.19733720125442547,0.14966291231497328,0.10643881028875858,0.38359311919389816,0.9416996871741398,0.1673434133560194,165205.76476253703,0,False,False,True,"{""0"":null,""1"":null,""2"":null,""3"":null}",959.0,239763.0,959.0,170825.0,959.0,170825.0,813.8890295571473,144845.67759999493,813.8890295571473,0.0,0.0,1018.7881080632505,152435.51476253718,0.2645561888790713,7.062338706665226,4.0,704.0,0.0,0.0,86.2000000003136,15254.000000037962,2.399999999999636,403.79999999998444,47.949999999302236,8541.250000015954,0.0,0.0,0.0,0.0,0.0,0.0,9.589999999999918,1708.2499999999993,479.5,85412.5,0.0,109.0,489.0899999999965,87120.75000000001,0.0,0.0,1018.7881080632505,152435.51476253718
247,2020-09-04,2020,True,4.674863387978142,961,961,1111,145661.1128511598,951.1661230442814,19200,60,0.0,0.8200236641744976,0.15957264328947046,0.14945256650866706,0.10529001395704651,0.38353714405438705,0.9415556711758585,0.18812712744116009,165664.8208855813,0,False,False,True,"{""0"":null,""1"":null,""2"":null,""3"":null}",961.0,240724.0,961.0,171786.0,961.0,171786.0,815.4352511648613,145661.1128511598,815.4352511648613,0.0,0.0,951.1661230442696,153386.68088558145,0.0,7.062338706665226,4.0,708.0,0.0,0.0,86.40000000031432,15340.400000038277,3.2999999999994998,407.09999999998394,48.04999999930078,8589.300000015255,0.0,0.0,0.0,0.0,0.0,0.0,9.6099999999999,1717.8599999999992,480.5,85893.0,2.0,111.0,490.1100000000006,87610.86000000002,0.0,0.0,951.1661230442696,153386.68088558145
248,2020-09-05,2020,False,4.6775956284153,960,0,1111,145661.1128511598,0.0,18382,60,0.0,,,0.14942786300986316,0.10551540479818829,0.38360401081088996,0.9430052083333333,0.1133631555104532,165664.8208855813,0,False,False,True,"{""0"":null,""1"":null,""2"":null,""3"":null}",960.0,241684.0,0.0,171786.0,0.0,171786.0,0.0,145661.1128511598,0.0,0.0,0.0,0.0,153386.68088558145,0.0,7.062338706665226,0.0,708.0,0.0,0.0,0.0,15340.400000038277,0.0,407.09999999998394,0.0,8589.300000015255,0.0,0.0,0.0,0.0,0.0,0.0,0.0,1717.8599999999992,0.0,85893.0,0.0,111.0,0.0,87610.86000000002,0.0,0.0,0.0,153386.68088558145
249,2020-09-06,2020,False,4.6803278688524586,960,0,1111,145661.1128511598,0.0,18382,60,0.0,,,0.14942786300986316,0.1055154047981883,0.38360401081088996,0.9430052083333333,0.06582731584544085,165664.8208855813,0,False,False,True,"{""0"":null,""1"":null,""2"":null,""3"":null}",960.0,242644.0,0.0,171786.0,0.0,171786.0,0.0,145661.1128511598,0.0,0.0,0.0,0.0,153386.68088558145,0.0,7.062338706665226,0.0,708.0,0.0,0.0,0.0,15340.400000038277,0.0,407.09999999998394,0.0,8589.300000015255,0.0,0.0,0.0,0.0,0.0,0.0,0.0,1717.8599999999992,0.0,85893.0,0.0,111.0,0.0,87610.86000000002,0.0,0.0,0.0,153386.68088558145
250,2020-09-07,2020,True,4.683060109289618,961,961,1112,146476.44726750598,1142.4568891633567,19347,9,0.0,0.8522795706561977,0.12167930572653925,0.14938292750900223,0.10470594382469295,0.38353607390387207,0.9417793964620187,0.09384426501808606,166316.16777474468,0,False,False,True,"{""0"":null,""1"":null,""2"":null,""3"":null}",961.0,243605.0,961.0,172747.0,961.0,172747.0,815.3344163461879,146476.44726750598,815.3344163461879,0.0,0.0,1142.4568891633535,154529.1377747448,0.0,7.062338706665226,4.0,712.0,0.0,0.0,86.40000000031432,15426.800000038591,8.999999999998636,416.0999999999826,48.04999999930078,8637.350000014556,0.0,0.0,0.0,0.0,0.0,0.0,9.6099999999999,1727.4699999999991,480.5,86373.5,1.0,112.0,490.1100000000006,88100.97000000002,0.0,0.0,1142.4568891633535,154529.1377747448
251,2020-09-08,2020,True,4.685792349726776,960,960,1112,147290.97737205034,1123.9669968960045,19380,19,0.0,0.832326137948523,0.1446173613347758,0.14936516694109936,0.10484606904326031,0.38352533091645125,0.9425833333333333,0.12017216156169153,166950.53477164067,0,False,False,True,"{""0"":null,""1"":null,""2"":null,""3"":null}",960.0,244565.0,960.0,173707.0,960.0,173707.0,814.530104544363,147290.97737205034,814.530104544363,0.0,0.0,1123.9669968959934,155653.1047716408,0.0,7.062338706665226,4.0,716.0,0.0,0.0,86.30000000031396,15513.100000038905,0.0,416.0999999999826,47.99999999930151,8685.350000013857,0.0,0.0,0.0,0.0,0.0,0.0,9.599999999999909,1737.069999999999,480.0,86853.5,0.0,112.0,489.6000000000058,88590.57000000002,0.0,0.0,1123.9669968959934,155653.1047716408
252,2020-09-09,2020,True,4.688524590163935,960,960,1112,148105.5074765947,1057.787673612887,19469,32,0.0,0.8282027314798805,0.15925693085251347,0.14939341929571262,0.10512159442786152,0.38352533091645125,0.9424270833333334,0.14459320256316407,167518.72244525354,0,False,False,True,"{""0"":null,""1"":null,""2"":null,""3"":null}",960.0,245525.0,960.0,174667.0,960.0,174667.0,814.530104544363,148105.5074765947,814.530104544363,0.0,0.0,1057.787673612882,156710.89244525367,0.0,7.062338706665226,4.0,720.0,0.0,0.0,86.30000000031396,15599.400000039219,0.0,416.0999999999826,47.99999999930151,8733.350000013159,0.0,0.0,0.0,0.0,0.0,0.0,9.599999999999909,1746.669999999999,480.0,87333.5,0.0,112.0,489.6000000000058,89080.17000000003,0.0,0.0,1057.787673612882,156710.89244525367
253,2020-09-10,2020,True,4.691256830601093,958,958,1112,148918.33016877426,994.0230843033974,19570,41,0.0,0.8183817754080435,0.17715525148602276,0.1492322521573604,0.10503327894635384,0.38358237620647734,0.9421137787056367,0.16716822586830968,168024.16552955695,0,False,False,True,"{""0"":null,""1"":null,""2"":null,""3"":null}",958.0,246483.0,958.0,175625.0,958.0,175625.0,812.8226921795576,148918.33016877426,812.8226921795576,0.0,0.0,994.0230843033933,157704.91552955707,0.0,7.062338706665226,4.0,724.0,0.0,0.0,86.10000000031323,15685.500000039532,1.3499999999997954,417.44999999998237,47.89999999930296,8781.250000012462,0.0,0.0,0.0,0.0,0.0,0.0,9.579999999999927,1756.2499999999989,479.0,87812.5,0.0,112.0,488.58000000000175,89568.75000000003,0.0,0.0,994.0230843033933,157704.91552955707
254,2020-09-11,2020,True,4.693989071038251,957,957,1112,149730.42352104298,972.0193992608877,19666,45,0.0,0.8161046966592578,0.17921352142230604,0.14946709767122918,0.10552811062820634,0.3835714845894856,0.9420062695924765,0.18837126096458287,168508.11492881784,0,False,False,True,"{""0"":null,""1"":null,""2"":null,""3"":null}",957.0,247440.0,957.0,176582.0,957.0,176582.0,812.0933522687119,149730.42352104298,812.0933522687119,0.0,0.0,972.0193992608984,158676.93492881797,0.0,7.062338706665226,4.0,728.0,0.0,0.0,86.00000000031287,15771.500000039845,1.4999999999997726,418.94999999998214,47.84999999930369,8829.100000011766,0.0,0.0,0.0,0.0,0.0,0.0,9.569999999999936,1765.8199999999988,478.5,88291.0,0.0,112.0,488.070000000007,90056.82000000004,0.0,0.0,972.0193992608984,158676.93492881797
255,2020-09-12,2020,False,4.69672131147541,958,0,1113,149730.42352104298,0.0,18867,45,0.0,,,0.1494791476963481,0.10528412696258599,0.3835035476824677,0.9429331941544885,0.11352033492511555,168507.11492881784,0,False,False,True,"{""0"":null,""1"":null,""2"":null,""3"":null}",958.0,248398.0,0.0,176582.0,0.0,176582.0,0.0,149730.42352104298,0.0,0.0,0.0,0.0,158676.93492881797,0.0,7.062338706665226,0.0,728.0,0.0,0.0,0.0,15771.500000039845,0.0,418.94999999998214,0.0,8829.100000011766,0.0,0.0,0.0,0.0,0.0,0.0,0.0,1765.8199999999988,0.0,88291.0,1.0,113.0,0.0,90056.82000000004,0.0,0.0,0.0,158676.93492881797
256,2020-09-13,2020,False,4.699453551912568,959,0,1114,149730.42352104298,0.0,18867,45,0.0,,,0.1494454181923425,0.10456065051019318,0.3835142906698885,0.9426798748696559,0.06595678050890387,168506.11492881784,0,False,False,True,"{""0"":null,""1"":null,""2"":null,""3"":null}",959.0,249357.0,0.0,176582.0,0.0,176582.0,0.0,149730.42352104298,0.0,0.0,0.0,0.0,158676.93492881797,0.0,7.062338706665226,0.0,728.0,0.0,0.0,0.0,15771.500000039845,0.0,418.94999999998214,0.0,8829.100000011766,0.0,0.0,0.0,0.0,0.0,0.0,0.0,1765.8199999999988,0.0,88291.0,1.0,114.0,0.0,90056.82000000004,0.0,0.0,0.0,158676.93492881797
257,2020-09-14,2020,True,4.702185792349727,959,959,1114,150544.2627968967,1188.4725630261335,19816,8,0.0,0.8329575811806204,0.1652099291541582,0.14944541819234247,0.1045606505101932,0.3835142906698885,0.9417778936392075,0.09404236238790105,169205.49749184397,0,False,False,True,"{""0"":null,""1"":null,""2"":null,""3"":null}",959.0,250316.0,959.0,177541.0,959.0,177541.0,813.8392758537375,150544.2627968967,813.8392758537375,0.0,0.0,1188.4725630261237,159865.4074918441,0.0,7.062338706665226,4.0,732.0,0.0,0.0,86.2000000003136,15857.700000040159,6.749999999998977,425.6999999999811,47.949999999302236,8877.050000011068,0.0,0.0,0.0,0.0,0.0,0.0,9.589999999999918,1775.4099999999987,479.5,88770.5,0.0,114.0,489.0899999999965,90545.91000000003,0.0,0.0,1188.4725630261237,159865.4074918441
258,2020-09-15,2020,True,4.704918032786885,957,957,1114,151356.39781245886,1114.6496728708426,19846,27,0.031039727618267357,0.8160676356011596,0.1532026381895484,0.14983304267756511,0.10489046082842565,0.3837071199691862,0.9418808777429467,0.1203771707218577,169832.0771647148,0,False,False,True,"{""0"":null,""1"":null,""2"":null,""3"":null}",957.0,251273.0,957.0,178498.0,957.0,178498.0,812.1350155621476,151356.39781245886,812.1350155621476,0.0,0.0,1114.6496728708444,160980.05716471493,0.031039727618267676,7.093378434283494,4.0,736.0,0.0,0.0,86.00000000031287,15943.700000040471,0.0,425.6999999999811,47.84999999930369,8924.900000010372,0.0,0.0,0.0,0.0,0.0,0.0,9.569999999999936,1784.9799999999987,478.5,89249.0,0.0,114.0,488.070000000007,91033.98000000004,0.0,0.0,1114.6496728708444,160980.05716471493
259,2020-09-16,2020,True,4.7076502732240435,957,957,1114,152168.532828021,1078.9380524905732,19937,50,0.20243994907581783,0.8066913334273975,0.1780901004028192,0.1498591669943386,0.10529040800497122,0.3837071199691862,0.941619644723093,0.14485602333051137,170422.9452172054,0,False,False,True,"{""0"":null,""1"":null,""2"":null,""3"":null}",957.0,252230.0,957.0,179455.0,957.0,179455.0,812.1350155621476,152168.532828021,812.1350155621476,0.0,0.0,1078.9380524905864,162058.99521720552,0.20243994907581797,7.295818383359312,4.0,740.0,0.0,0.0,86.00000000031287,16029.700000040784,0.0,425.6999999999811,47.84999999930369,8972.750000009675,0.0,0.0,0.0,0.0,0.0,0.0,9.569999999999936,1794.5499999999986,478.5,89727.5,0.0,114.0,488.070000000007,91522.05000000005,0.0,0.0,1078.9380524905864,162058.99521720552
260,2020-09-17,2020,True,4.7103825136612025,957,957,1114,152980.66784358316,1014.5619201431449,20060,62,0.0,0.8079167897413175,0.18135629763302213,0.1498803753500038,0.10563856463296926,0.3837071199691862,0.9416300940438871,0.167603159621098,170949.43713734852,0,False,False,True,"{""0"":null,""1"":null,""2"":null,""3"":null}",957.0,253187.0,957.0,180412.0,957.0,180412.0,812.1350155621476,152980.66784358316,812.1350155621476,0.0,0.0,1014.56192014314,163073.55713734866,0.0,7.295818383359312,4.0,744.0,0.0,0.0,86.00000000031287,16115.700000041097,1.199999999999818,426.89999999998093,47.84999999930369,9020.600000008979,0.0,0.0,0.0,0.0,0.0,0.0,9.569999999999936,1804.1199999999985,478.5,90206.0,0.0,114.0,488.070000000007,92010.12000000005,0.0,0.0,1014.56192014314,163073.55713734866
261,2020-09-18,2020,True,4.713114754098361,957,957,1115,153793.0768356959,979.1738691642614,20157,62,0.0,0.8098031816555475,0.17487797965213248,0.1497970226945792,0.10521878356287022,0.3837071199691862,0.9413166144200628,0.18877304789174998,171439.54100651277,0,False,False,True,"{""0"":null,""1"":null,""2"":null,""3"":null}",957.0,254144.0,957.0,181369.0,957.0,181369.0,812.4089921127306,153793.0768356959,812.4089921127306,0.0,0.0,979.1738691642531,164052.7310065129,0.0,7.295818383359312,4.0,748.0,0.0,0.0,86.00000000031287,16201.70000004141,2.849999999999568,429.7499999999805,47.84999999930369,9068.450000008283,0.0,0.0,0.0,0.0,0.0,0.0,9.569999999999936,1813.6899999999985,478.5,90684.5,1.0,115.0,488.070000000007,92498.19000000006,0.0,0.0,979.1738691642531,164052.7310065129
262,2020-09-19,2020,False,4.715846994535519,957,0,1115,153793.0768356959,0.0,19352,62,0.0,,,0.1498634135141058,0.10570341062287887,0.3837071199691862,0.9427168234064786,0.1139248856806496,171439.54100651277,0,False,False,True,"{""0"":null,""1"":null,""2"":null,""3"":null}",957.0,255101.0,0.0,181369.0,0.0,181369.0,0.0,153793.0768356959,0.0,0.0,0.0,0.0,164052.7310065129,0.0,7.295818383359312,0.0,748.0,0.0,0.0,0.0,16201.70000004141,0.0,429.7499999999805,0.0,9068.450000008283,0.0,0.0,0.0,0.0,0.0,0.0,0.0,1813.6899999999985,0.0,90684.5,0.0,115.0,0.0,92498.19000000006,0.0,0.0,0.0,164052.7310065129
263,2020-09-20,2020,False,4.718579234972678,957,0,1115,153793.0768356959,0.0,19352,62,0.0,,,0.1498634135141058,0.10570341062287889,0.3837071199691862,0.9427168234064786,0.06646096968559731,171439.54100651277,0,False,False,True,"{""0"":null,""1"":null,""2"":null,""3"":null}",957.0,256058.0,0.0,181369.0,0.0,181369.0,0.0,153793.0768356959,0.0,0.0,0.0,0.0,164052.7310065129,0.0,7.295818383359312,0.0,748.0,0.0,0.0,0.0,16201.70000004141,0.0,429.7499999999805,0.0,9068.450000008283,0.0,0.0,0.0,0.0,0.0,0.0,0.0,1813.6899999999985,0.0,90684.5,0.0,115.0,0.0,92498.19000000006,0.0,0.0,0.0,164052.7310065129
264,2020-09-21,2020,True,4.721311475409836,956,956,1115,154604.5980839719,1170.2009116065126,20307,17,0.0,0.8200407904245789,0.16974037666899833,0.15001580709507195,0.10570002483629064,0.3839073004755135,0.9416108786610878,0.09458055306852564,172122.18191811928,0,False,False,True,"{""0"":null,""1"":null,""2"":null,""3"":null}",956.0,257014.0,956.0,182325.0,956.0,182325.0,811.5212482760253,154604.5980839719,811.5212482760253,0.0,0.0,1170.2009116065165,165222.93191811943,0.0,7.295818383359312,4.0,752.0,0.0,0.0,85.9000000003125,16287.600000041723,9.29999999999859,439.0499999999791,47.79999999930442,9116.250000007587,0.0,0.0,0.0,0.0,0.0,0.0,9.559999999999945,1823.2499999999984,478.0,91162.5,0.0,115.0,487.5599999999977,92985.75000000006,0.0,0.0,1170.2009116065165,165222.93191811943
265,2020-09-22,2020,True,4.724043715846994,958,958,1117,155417.9892790701,1103.9712082684694,20348,29,0.0,0.8089516629490227,0.16440587287683064,0.14970639232960561,0.10454019286283117,0.383718011586178,0.942035490605428,0.1209050843219745,172735.57312638775,0,False,False,True,"{""0"":null,""1"":null,""2"":null,""3"":null}",958.0,257972.0,958.0,183283.0,958.0,183283.0,813.3911950982001,155417.9892790701,813.3911950982001,0.0,0.0,1103.9712082684564,166326.9031263879,0.0,7.295818383359312,4.0,756.0,0.0,0.0,86.10000000031323,16373.700000042036,0.0,439.0499999999791,47.89999999930296,9164.15000000689,0.0,0.0,0.0,0.0,0.0,0.0,9.579999999999927,1832.8299999999983,479.0,91641.5,2.0,117.0,488.58000000000175,93474.33000000006,0.0,0.0,1103.9712082684564,166326.9031263879
266,2020-09-23,2020,True,4.726775956284153,957,957,1118,156230.3136078929,1065.6214209993714,20425,54,0.0,0.8286823206036124,0.1499499938733197,0.149451185040046,0.10383196510627754,0.3837859484931959,0.9414472309299896,0.1448165103808088,173312.12454738712,0,False,False,True,"{""0"":null,""1"":null,""2"":null,""3"":null}",957.0,258929.0,957.0,184240.0,957.0,184240.0,812.3243288227823,156230.3136078929,812.3243288227823,0.0,0.0,1065.6214209993777,167392.52454738726,0.0,7.295818383359312,4.0,760.0,0.0,0.0,85.99999999893589,16459.70000004097,0.0,439.0499999999791,47.84999999930369,9212.000000006194,0.0,0.0,0.0,0.0,0.0,0.0,9.569999999999936,1842.3999999999983,478.5,92120.0,1.0,118.0,488.070000000007,93962.40000000007,0.0,0.0,1065.6214209993777,167392.52454738726
267,2020-09-24,2020,True,4.729508196721311,958,958,1119,157043.5189560493,1041.1376242227616,20553,53,0.0,0.7892009876325093,0.20192331487815487,0.149085381904422,0.10296928635570182,0.38358237620647734,0.9413152400835073,0.16755402645021444,173863.6821716099,0,False,False,True,"{""0"":null,""1"":null,""2"":null,""3"":null}",958.0,259887.0,958.0,185198.0,958.0,185198.0,813.2053481563926,157043.5189560493,813.2053481563926,0.0,0.0,1041.1376242227561,168433.66217161002,0.0,7.295818383359312,4.0,764.0,0.0,0.0,86.09999999874708,16545.80000003972,2.5499999999996135,441.5999999999787,47.89999999930296,9259.900000005497,0.0,0.0,0.0,0.0,0.0,0.0,9.579999999999927,1851.9799999999982,479.0,92599.0,1.0,119.0,488.58000000000175,94450.98000000007,0.0,0.0,1041.1376242227561,168433.66217161002
268,2020-09-25,2020,True,4.73224043715847,960,960,1121,157858.61753185323,966.809121244503,20648,58,0.1004588933062588,0.8145508513322685,0.18724217311233882,0.14923420153112368,0.10176674347246213,0.38344650239244155,0.9411614583333333,0.18867596099769468,174338.8912928544,0,False,False,True,"{""0"":null,""1"":null,""2"":null,""3"":null}",960.0,260847.0,960.0,186158.0,960.0,186158.0,815.098575803946,157858.61753185323,815.098575803946,0.0,0.0,966.8091212444997,169400.47129285452,0.1004588933062589,7.396277276665571,4.0,768.0,0.0,0.0,86.29999999874417,16632.100000038463,1.7999999999997272,443.39999999997843,47.99999999930151,9307.900000004798,0.0,0.0,0.0,0.0,0.0,0.0,9.599999999999909,1861.579999999998,480.0,93079.0,2.0,121.0,489.6000000000058,94940.58000000007,0.0,0.0,966.8091212444997,169400.47129285452
269,2020-09-26,2020,False,4.7349726775956285,960,0,1121,157858.61753185323,0.0,19837,58,0.0,,,0.14921182734928945,0.10222312436792562,0.38344650239244155,0.9426458333333333,0.11370981019293176,174338.8912928544,0,False,False,True,"{""0"":null,""1"":null,""2"":null,""3"":null}",960.0,261807.0,0.0,186158.0,0.0,186158.0,0.0,157858.61753185323,0.0,0.0,0.0,0.0,169400.47129285452,0.0,7.396277276665571,0.0,768.0,0.0,0.0,0.0,16632.100000038463,0.0,443.39999999997843,0.0,9307.900000004798,0.0,0.0,0.0,0.0,0.0,0.0,0.0,1861.579999999998,0.0,93079.0,0.0,121.0,0.0,94940.58000000007,0.0,0.0,0.0,169400.47129285452
270,2020-09-27,2020,False,4.737704918032787,960,0,1121,157858.61753185323,0.0,19837,58,0.0,,,0.14921182734928945,0.10222312436792563,0.38344650239244155,0.9426458333333333,0.06644904608575322,174338.8912928544,0,False,False,True,"{""0"":null,""1"":null,""2"":null,""3"":null}",960.0,262767.0,0.0,186158.0,0.0,186158.0,0.0,157858.61753185323,0.0,0.0,0.0,0.0,169400.47129285452,0.0,7.396277276665571,0.0,768.0,0.0,0.0,0.0,16632.100000038463,0.0,443.39999999997843,0.0,9307.900000004798,0.0,0.0,0.0,0.0,0.0,0.0,0.0,1861.579999999998,0.0,93079.0,0.0,121.0,0.0,94940.58000000007,0.0,0.0,0.0,169400.47129285452
271,2020-09-28,2020,True,4.740437158469946,959,959,1121,158672.78582174494,1175.423061735014,20779,22,0.0,0.8488457648986993,0.12700046906590062,0.14935462858791257,0.1022683880399052,0.3836500746791601,0.9411418143899896,0.09400553300795915,175025.22435458942,0,False,False,True,"{""0"":null,""1"":null,""2"":null,""3"":null}",959.0,263726.0,959.0,187117.0,959.0,187117.0,814.1682898917061,158672.78582174494,814.1682898917061,0.0,0.0,1175.4230617350258,170575.89435458955,0.0,7.396277276665571,4.0,772.0,0.0,0.0,86.19999999874562,16718.30000003721,8.699999999998681,452.0999999999771,47.949999999302236,9355.8500000041,0.0,0.0,0.0,0.0,0.0,0.0,9.589999999999918,1871.169999999998,479.5,93558.5,0.0,121.0,489.0899999999965,95429.67000000007,0.0,0.0,1175.4230617350258,170575.89435458955
272,2020-09-29,2020,True,4.743169398907104,958,958,1121,159486.04217755032,1126.3738166605815,20838,36,0.22269330238903468,0.8308707967496294,0.15855577611791005,0.14914294791526717,0.10254568838030936,0.383718011586178,0.9417379958246346,0.12035822011127069,175663.01817125,0,False,False,True,"{""0"":null,""1"":null,""2"":null,""3"":null}",958.0,264684.0,958.0,188075.0,958.0,188075.0,813.2563558053807,159486.04217755032,813.2563558053807,0.0,0.0,1126.3738166605763,171702.26817125012,0.2226933023890343,7.618970579054605,4.0,776.0,0.0,0.0,86.09999999874708,16804.400000035956,0.0,452.0999999999771,47.89999999930296,9403.750000003403,0.0,0.0,0.0,0.0,0.0,0.0,9.579999999999927,1880.749999999998,479.0,94037.5,0.0,121.0,488.58000000000175,95918.25000000007,0.0,0.0,1126.3738166605763,171702.26817125012
273,2020-09-30,2020,True,4.745901639344263,957,957,1121,160298.30588651818,1070.603206250474,20914,58,0.0,0.8098429941073615,0.15772295698028962,0.14928391527137277,0.10276308650025275,0.3837071199691862,0.9417607105538139,0.14475656861352018,176245.55137750047,0,False,False,True,"{""0"":null,""1"":null,""2"":null,""3"":null}",957.0,265641.0,957.0,189032.0,957.0,189032.0,812.263708967861,160298.30588651818,812.263708967861,0.0,0.0,1070.6032062504673,172772.8713775006,0.0,7.618970579054605,4.0,780.0,0.0,0.0,85.99999999874854,16890.400000034704,0.0,452.0999999999771,47.84999999930369,9451.600000002707,0.0,0.0,0.0,0.0,0.0,0.0,9.569999999999936,1890.319999999998,478.5,94516.0,0.0,121.0,488.070000000007,96406.32000000008,0.0,0.0,1070.6032062504673,172772.8713775006
274,2020-10-01,2020,True,4.748633879781421,958,958,1122,161111.46283535895,942.8294903570142,21052,47,0.0,0.8134484546670677,0.18921758417245704,0.14920590157402386,0.10254931912177516,0.38371786295660704,0.9420929018789144,0.16770398911775794,176698.8008678575,0,False,False,True,"{""0"":null,""1"":null,""2"":null,""3"":null}",958.0,266599.0,958.0,189990.0,958.0,189990.0,813.1569488407695,161111.46283535895,813.1569488407695,0.0,0.0,942.8294903570204,173715.7008678576,0.0,7.618970579054605,4.0,784.0,0.0,0.0,86.09999999874708,16976.50000003345,3.2999999999994998,455.3999999999766,47.89999999930296,9499.50000000201,0.0,0.0,0.0,0.0,0.0,0.0,9.579999999999927,1899.8999999999978,479.0,94995.0,1.0,122.0,488.58000000000175,96894.90000000008,0.0,0.0,942.8294903570204,173715.7008678576
275,2020-10-02,2020,True,4.751366120218579,957,957,1122,161923.876770473,889.4257336682851,21116,55,0.0,0.7920552235958721,0.19965106963576126,0.14918922426330436,0.1027541489098832,0.3837071199691862,0.9418652037617555,0.18915900941503358,177100.15660152578,0,False,False,True,"{""0"":null,""1"":null,""2"":null,""3"":null}",957.0,267556.0,957.0,190947.0,957.0,190947.0,812.4139351140475,161923.876770473,812.4139351140475,0.0,0.0,889.4257336682931,174605.1266015259,0.0,7.618970579054605,4.0,788.0,0.0,0.0,85.99999999874854,17062.5000000322,2.0999999999996817,457.4999999999763,47.84999999930369,9547.350000001314,0.0,0.0,0.0,0.0,0.0,0.0,9.569999999999936,1909.4699999999978,478.5,95473.5,0.0,122.0,488.070000000007,97382.97000000009,0.0,0.0,889.4257336682931,174605.1266015259
276,2020-10-03,2020,False,4.754098360655737,957,0,1122,161923.876770473,0.0,20322,55,0.0,,,0.14905807912738178,0.10294975961826527,0.3837071199691862,0.943171368861024,0.11410805414403963,177100.15660152578,0,False,False,True,"{""0"":null,""1"":null,""2"":null,""3"":null}",957.0,268513.0,0.0,190947.0,0.0,190947.0,0.0,161923.876770473,0.0,0.0,0.0,0.0,174605.1266015259,0.0,7.618970579054605,0.0,788.0,0.0,0.0,0.0,17062.5000000322,0.0,457.4999999999763,0.0,9547.350000001314,0.0,0.0,0.0,0.0,0.0,0.0,0.0,1909.4699999999978,0.0,95473.5,0.0,122.0,0.0,97382.97000000009,0.0,0.0,0.0,174605.1266015259
277,2020-10-04,2020,False,4.756830601092896,959,0,1124,161923.876770473,0.0,20322,55,0.0,,,0.14885587722603308,0.10147602537674404,0.38375985195787704,0.9426642335766423,0.06663138777549293,177098.15660152578,0,False,False,True,"{""0"":null,""1"":null,""2"":null,""3"":null}",959.0,269472.0,0.0,190947.0,0.0,190947.0,0.0,161923.876770473,0.0,0.0,0.0,0.0,174605.1266015259,0.0,7.618970579054605,0.0,788.0,0.0,0.0,0.0,17062.5000000322,0.0,457.4999999999763,0.0,9547.350000001314,0.0,0.0,0.0,0.0,0.0,0.0,0.0,1909.4699999999978,0.0,95473.5,2.0,124.0,0.0,97382.97000000009,0.0,0.0,0.0,174605.1266015259
278,2020-10-05,2020,True,4.759562841530054,960,960,1125,162738.81055249498,1084.1005587133523,21255,21,0.0,0.8374887144940621,0.15125706127009744,0.1485695218738095,0.10053635946133876,0.3835596714515498,0.9408385416666667,0.09495131232610789,177691.65716023912,0,False,False,True,"{""0"":null,""1"":null,""2"":null,""3"":null}",960.0,270432.0,960.0,191907.0,960.0,191907.0,814.9337820219807,162738.81055249498,814.9337820219807,0.0,0.0,1084.1005587133404,175689.22716023924,0.0,7.618970579054605,4.0,792.0,0.0,0.0,86.19999999874562,17148.700000030945,8.24999999999875,465.74999999997505,47.99999999930151,9595.350000000615,0.0,0.0,0.0,0.0,0.0,0.0,9.599999999999909,1919.0699999999977,480.0,95953.5,1.0,125.0,489.6000000000058,97872.5700000001,0.0,0.0,1084.1005587133404,175689.22716023924
279,2020-10-06,2020,True,4.762295081967213,960,960,1125,163553.74433451696,1015.9421775892882,21308,40,0.0,0.8209597888742274,0.16265752064063563,0.14858519202630155,0.10085405580905643,0.3835596714515498,0.9412447916666667,0.12136042533638383,178217.9993378284,0,False,False,True,"{""0"":null,""1"":null,""2"":null,""3"":null}",960.0,271392.0,960.0,192867.0,960.0,192867.0,814.9337820219807,163553.74433451696,814.9337820219807,0.0,0.0,1015.9421775892843,176705.16933782853,0.0,7.618970579054605,4.0,796.0,0.0,0.0,86.19999999874562,17234.90000002969,0.0,465.74999999997505,47.99999999930151,9643.349999999917,0.0,0.0,0.0,0.0,0.0,0.0,9.599999999999909,1928.6699999999976,480.0,96433.5,0.0,125.0,489.6000000000058,98362.1700000001,0.0,0.0,1015.9421775892843,176705.16933782853
280,2020-10-07,2020,True,4.7650273224043715,961,961,1126,164369.55007400917,965.9960168407074,21430,54,0.0,0.814878690992773,0.16647423735339928,0.14848276539876132,0.10051677709315478,0.3835704144389706,0.9415400624349637,0.14597218992198982,178692.88535466912,0,False,False,True,"{""0"":null,""1"":null,""2"":null,""3"":null}",961.0,272353.0,961.0,193828.0,961.0,193828.0,815.8057394922071,164369.55007400917,815.8057394922071,0.0,0.0,965.9960168407124,177671.16535466924,0.0,7.618970579054605,4.0,800.0,0.0,0.0,86.29999999874417,17321.200000028435,0.0,465.74999999997505,48.04999999930078,9691.399999999217,0.0,0.0,0.0,0.0,0.0,0.0,9.6099999999999,1938.2799999999975,480.5,96914.0,1.0,126.0,490.1100000000006,98852.2800000001,0.0,0.0,965.9960168407124,177671.16535466924
281,2020-10-08,2020,True,4.76775956284153,963,963,1128,165186.97226039553,932.5477506437154,21540,47,0.06597714108180748,0.8039161787965354,0.17970142274730244,0.14861152497065971,0.09951144425377628,0.3835920490433832,0.9414849428868121,0.16878051244673853,179132.30310531284,0,False,False,True,"{""0"":null,""1"":null,""2"":null,""3"":null}",963.0,273316.0,963.0,194791.0,963.0,194791.0,817.422186386364,165186.97226039553,817.422186386364,0.0,0.0,932.5477506437164,178603.71310531296,0.06597714108180774,7.684947720136413,4.0,804.0,0.0,0.0,86.49999999874126,17407.700000027176,3.1499999999995225,468.89999999997457,48.149999999299325,9739.549999998517,0.0,0.0,0.0,0.0,0.0,0.0,9.63000000000011,1947.9099999999976,481.5,97395.5,2.0,128.0,491.13000000000466,99343.4100000001,0.0,0.0,932.5477506437164,178603.71310531296
282,2020-10-09,2020,True,4.770491803278689,963,963,1128,166004.3944467819,880.2465789001486,21632,44,0.0,0.8193830763360668,0.1710848541230157,0.1483354902254715,0.09985302628703491,0.3835920490433832,0.9420560747663552,0.18992460925193563,179521.41968421297,0,False,False,True,"{""0"":null,""1"":null,""2"":null,""3"":null}",963.0,274279.0,963.0,195754.0,963.0,195754.0,817.422186386364,166004.3944467819,817.422186386364,0.0,0.0,880.2465789001435,179483.9596842131,0.0,7.684947720136413,4.0,808.0,0.0,0.0,86.49999999874126,17494.200000025918,2.849999999999568,471.74999999997414,48.149999999299325,9787.699999997816,0.0,0.0,0.0,0.0,0.0,0.0,9.63000000000011,1957.5399999999977,481.5,97877.0,0.0,128.0,491.13000000000466,99834.54000000011,0.0,0.0,880.2465789001435,179483.9596842131
283,2020-10-10,2020,False,4.773224043715847,965,0,1130,166004.3944467819,0.0,20812,44,0.0,,,0.14830240305186138,0.09867531383080835,0.38345724537986237,0.9427305699481865,0.1145106673073732,179519.41968421297,0,False,False,True,"{""0"":null,""1"":null,""2"":null,""3"":null}",965.0,275244.0,0.0,195754.0,0.0,195754.0,0.0,166004.3944467819,0.0,0.0,0.0,0.0,179483.9596842131,0.0,7.684947720136413,0.0,808.0,0.0,0.0,0.0,17494.200000025918,0.0,471.74999999997414,0.0,9787.699999997816,0.0,0.0,0.0,0.0,0.0,0.0,0.0,1957.5399999999977,0.0,97877.0,2.0,130.0,0.0,99834.54000000011,0.0,0.0,0.0,179483.9596842131
284,2020-10-11,2020,False,4.775956284153006,964,0,1130,166004.3944467819,0.0,20812,44,0.0,,,0.1483103246050179,0.09863581554660195,0.3835241121363653,0.9426711618257262,0.0672699214116981,179519.41968421297,0,False,False,True,"{""0"":null,""1"":null,""2"":null,""3"":null}",964.0,276208.0,0.0,195754.0,0.0,195754.0,0.0,166004.3944467819,0.0,0.0,0.0,0.0,179483.9596842131,0.0,7.684947720136413,0.0,808.0,0.0,0.0,0.0,17494.200000025918,0.0,471.74999999997414,0.0,9787.699999997816,0.0,0.0,0.0,0.0,0.0,0.0,0.0,1957.5399999999977,0.0,97877.0,0.0,130.0,0.0,99834.54000000011,0.0,0.0,0.0,179483.9596842131
285,2020-10-12,2020,True,4.778688524590164,963,963,1130,166821.81090265902,1096.6487023009197,21750,22,0.0,0.8380280773037454,0.15847528101943223,0.14864478355608662,0.09901215965208074,0.38372768442308386,0.9412512980269989,0.09544659614018676,180124.93838651388,0,False,False,True,"{""0"":null,""1"":null,""2"":null,""3"":null}",963.0,277171.0,963.0,196717.0,963.0,196717.0,817.4164558771299,166821.81090265902,817.4164558771299,0.0,0.0,1096.6487023009104,180580.608386514,0.0,7.684947720136413,4.0,812.0,0.0,0.0,86.49999999874126,17580.70000002466,6.5999999999989996,478.34999999997314,48.149999999299325,9835.849999997115,0.0,0.0,0.0,0.0,0.0,0.0,9.63000000000011,1967.1699999999978,481.5,98358.5,0.0,130.0,491.13000000000466,100325.67000000011,0.0,0.0,1096.6487023009104,180580.608386514
286,2020-10-13,2020,True,4.781420765027322,963,963,1130,167639.22735853615,1023.0729887806838,21803,40,0.03466135936091043,0.8286910064072511,0.15651256813419798,0.1487088958041647,0.09946487973281531,0.38372768442308386,0.9415680166147457,0.12177794008295917,180656.88137529456,0,False,False,True,"{""0"":null,""1"":null,""2"":null,""3"":null}",963.0,278134.0,963.0,197680.0,963.0,197680.0,817.4164558771299,167639.22735853615,817.4164558771299,0.0,0.0,1023.072988780681,181603.6813752947,0.03466135936091064,7.719609079497324,4.0,816.0,0.0,0.0,86.49999999874126,17667.2000000234,0.0,478.34999999997314,48.149999999299325,9883.999999996415,0.0,0.0,0.0,0.0,0.0,0.0,9.63000000000011,1976.799999999998,481.5,98840.0,0.0,130.0,491.13000000000466,100816.80000000012,0.0,0.0,1023.072988780681,181603.6813752947
287,2020-10-14,2020,True,4.784153005464481,964,964,1131,168457.391505764,1002.8928597471111,21910,50,0.3736138510736377,0.8401982397897431,0.14479510176777377,0.14860576946401546,0.0988859208078689,0.3835241121363653,0.9414211618257261,0.14616809737044403,181167.13423504165,0,False,False,True,"{""0"":null,""1"":null,""2"":null,""3"":null}",964.0,279098.0,964.0,198644.0,964.0,198644.0,818.164147227857,168457.391505764,818.164147227857,0.0,0.0,1002.8928597471095,182606.5742350418,0.373613851073638,8.093222930570962,4.0,820.0,0.0,0.0,86.5999999987398,17753.80000002214,0.0,478.34999999997314,48.1999999992986,9932.199999995713,0.0,0.0,0.0,0.0,0.0,0.0,9.6400000000001,1986.439999999998,482.0,99322.0,1.0,131.0,491.6399999999994,101308.44000000012,0.0,0.0,1002.8928597471095,182606.5742350418
288,2020-10-15,2020,True,4.786885245901639,964,964,1131,169275.55565299187,950.4880740368956,22027,47,0.0,0.8329703331950065,0.1606353070238828,0.1485729435252759,0.09920591874791462,0.3835241121363653,0.9415041493775934,0.16882602990962406,181625.98230907854,0,False,False,True,"{""0"":null,""1"":null,""2"":null,""3"":null}",964.0,280062.0,964.0,199608.0,964.0,199608.0,818.164147227857,169275.55565299187,818.164147227857,0.0,0.0,950.4880740368972,183557.0623090787,0.0,8.093222930570962,4.0,824.0,0.0,0.0,86.5999999987398,17840.40000002088,3.2999999999994998,481.64999999997264,48.1999999992986,9980.399999995012,0.0,0.0,0.0,0.0,0.0,0.0,9.6400000000001,1996.079999999998,482.0,99804.0,0.0,131.0,491.6399999999994,101800.08000000012,0.0,0.0,950.4880740368972,183557.0623090787
289,2020-10-16,2020,True,4.7896174863387975,964,964,1131,170093.71980021973,913.4086014939165,22124,42,0.0,0.810220307258706,0.18969484464705777,0.14870799704891646,0.09966336196603834,0.3835241121363653,0.9416856846473028,0.18974633348740527,182047.75091057245,0,False,False,True,"{""0"":null,""1"":null,""2"":null,""3"":null}",964.0,281026.0,964.0,200572.0,964.0,200572.0,818.164147227857,170093.71980021973,818.164147227857,0.0,0.0,913.4086014939239,184470.47091057262,0.0,8.093222930570962,4.0,828.0,0.0,0.0,86.5999999987398,17927.00000001962,2.6999999999995907,484.3499999999722,48.1999999992986,10028.59999999431,0.0,0.0,0.0,0.0,0.0,0.0,9.6400000000001,2005.7199999999982,482.0,100286.0,0.0,131.0,491.6399999999994,102291.72000000012,0.0,0.0,913.4086014939239,184470.47091057262
290,2020-10-17,2020,False,4.7923497267759565,965,0,1132,170093.71980021973,0.0,21302,42,0.0,,,0.14880230652424753,0.0994060107021067,0.3837804164117747,0.9427720207253886,0.11451732275035771,182046.75091057245,0,False,False,True,"{""0"":null,""1"":null,""2"":null,""3"":null}",965.0,281991.0,0.0,200572.0,0.0,200572.0,0.0,170093.71980021973,0.0,0.0,0.0,0.0,184470.47091057262,0.0,8.093222930570962,0.0,828.0,0.0,0.0,0.0,17927.00000001962,0.0,484.3499999999722,0.0,10028.59999999431,0.0,0.0,0.0,0.0,0.0,0.0,0.0,2005.7199999999982,0.0,100286.0,1.0,132.0,0.0,102291.72000000012,0.0,0.0,0.0,184470.47091057262
291,2020-10-18,2020,False,4.795081967213115,965,0,1133,170093.71980021973,0.0,21302,42,0.0,,,0.14878960427221874,0.09870957450711068,0.3837804164117747,0.942461139896373,0.06732210527706528,182045.75091057245,0,False,False,True,"{""0"":null,""1"":null,""2"":null,""3"":null}",965.0,282956.0,0.0,200572.0,0.0,200572.0,0.0,170093.71980021973,0.0,0.0,0.0,0.0,184470.47091057262,0.0,8.093222930570962,0.0,828.0,0.0,0.0,0.0,17927.00000001962,0.0,484.3499999999722,0.0,10028.59999999431,0.0,0.0,0.0,0.0,0.0,0.0,0.0,2005.7199999999982,0.0,100286.0,1.0,133.0,0.0,102291.72000000012,0.0,0.0,0.0,184470.47091057262
292,2020-10-19,2020,True,4.797814207650273,966,966,1134,170913.71330136605,1092.605667424684,22246,14,0.0,0.8333627869684952,0.1588420489944366,0.14869373540795056,0.09791930041410853,0.38371354965527177,0.9409420289855073,0.09527703015141495,182644.69657799712,0,False,False,True,"{""0"":null,""1"":null,""2"":null,""3"":null}",966.0,283922.0,966.0,201538.0,966.0,201538.0,819.993501146324,170913.71330136605,819.993501146324,0.0,0.0,1092.6056674246793,185563.0765779973,0.0,8.093222930570962,4.0,832.0,0.0,0.0,86.69999999873835,18013.700000018358,6.299999999999045,490.64999999997127,48.29999999929714,10076.899999993608,0.0,0.0,0.0,0.0,0.0,0.0,9.660000000000082,2015.3799999999983,483.0,100769.0,1.0,134.0,492.6600000000035,102784.38000000012,0.0,0.0,1092.6056674246793,185563.0765779973
293,2020-10-20,2020,True,4.800546448087432,965,965,1134,171732.83230945145,1041.6334480518249,22292,26,0.0,0.8259379003893961,0.15839457864037668,0.1488868054389429,0.09848014821982201,0.3837804164117747,0.9410880829015544,0.12144119359577549,183194.18002604894,0,False,False,True,"{""0"":null,""1"":null,""2"":null,""3"":null}",965.0,284887.0,965.0,202503.0,965.0,202503.0,819.1190080853994,171732.83230945145,819.1190080853994,0.0,0.0,1041.6334480518126,186604.7100260491,0.0,8.093222930570962,4.0,836.0,0.0,0.0,86.5999999987398,18100.300000017098,0.0,490.64999999997127,48.24999999929787,10125.149999992906,0.0,0.0,0.0,0.0,0.0,0.0,9.650000000000091,2025.0299999999984,482.5,101251.5,0.0,134.0,492.1499999999942,103276.53000000012,0.0,0.0,1041.6334480518126,186604.7100260491
294,2020-10-21,2020,True,4.80327868852459,964,964,1134,172551.15048605355,1002.1560496599084,22393,41,0.0,0.8009005137887937,0.16792897054803912,0.14868322880663248,0.09848659956315019,0.38376967342435386,0.9408454356846473,0.14590323207416236,183704.69607570884,0,False,False,True,"{""0"":null,""1"":null,""2"":null,""3"":null}",964.0,285851.0,964.0,203467.0,964.0,203467.0,818.3181766021007,172551.15048605355,818.3181766021007,0.0,0.0,1002.1560496599122,187606.86607570903,0.0,8.093222930570962,4.0,840.0,0.0,0.0,86.49999999874126,18186.80000001584,0.0,490.64999999997127,48.1999999992986,10173.349999992204,0.0,0.0,0.0,0.0,0.0,0.0,9.6400000000001,2034.6699999999985,482.0,101733.5,0.0,134.0,491.6399999999994,103768.17000000011,0.0,0.0,1002.1560496599122,187606.86607570903
295,2020-10-22,2020,True,4.806010928961749,965,965,1135,173370.2924949751,950.8059479760665,22521,46,0.0,0.8342819731708621,0.1426919186772198,0.1483568490527235,0.09783607046479481,0.38356949291802656,0.9409533678756477,0.16847304711870933,184162.3520236849,0,False,False,True,"{""0"":null,""1"":null,""2"":null,""3"":null}",965.0,286816.0,965.0,204432.0,965.0,204432.0,819.142008921539,173370.2924949751,819.142008921539,0.0,0.0,950.8059479760705,188557.6720236851,0.0,8.093222930570962,4.0,844.0,0.0,0.0,86.5999999987398,18273.40000001458,2.0999999999996817,492.74999999997095,48.24999999929787,10221.599999991502,0.0,0.0,0.0,0.0,0.0,0.0,9.650000000000091,2044.3199999999986,482.5,102216.0,1.0,135.0,492.1499999999942,104260.32000000011,0.0,0.0,950.8059479760705,188557.6720236851
296,2020-10-23,2020,True,4.808743169398907,965,965,1136,174189.5710879181,916.0693924613273,22616,53,0.4284895709281058,0.8092684388485416,0.1690474981178312,0.1485741526912002,0.09743743391276835,0.3837805650413456,0.9411191709844559,0.1895722498101231,184585.27141614625,0,False,False,True,"{""0"":null,""1"":null,""2"":null,""3"":null}",965.0,287781.0,965.0,205397.0,965.0,205397.0,819.2785929430102,174189.5710879181,819.2785929430102,0.0,0.0,916.0693924613297,189473.74141614643,0.4284895709281056,8.521712501499067,4.0,848.0,0.0,0.0,86.5999999987398,18360.00000001332,1.7999999999997272,494.5499999999707,48.24999999929787,10269.8499999908,0.0,0.0,0.0,0.0,0.0,0.0,9.649999999999864,2053.9699999999984,482.5,102698.5,1.0,136.0,492.1499999999942,104752.4700000001,0.0,0.0,916.0693924613297,189473.74141614643
297,2020-10-24,2020,False,4.811475409836065,964,0,1136,174189.5710879181,0.0,21797,53,0.0,,,0.1486799604668072,0.09830307469731377,0.3837698220539248,0.9424533195020747,0.11427796795862828,184585.27141614625,0,False,False,True,"{""0"":null,""1"":null,""2"":null,""3"":null}",964.0,288745.0,0.0,205397.0,0.0,205397.0,0.0,174189.5710879181,0.0,0.0,0.0,0.0,189473.74141614643,0.0,8.521712501499067,0.0,848.0,0.0,0.0,0.0,18360.00000001332,0.0,494.5499999999707,0.0,10269.8499999908,0.0,0.0,0.0,0.0,0.0,0.0,0.0,2053.9699999999984,0.0,102698.5,0.0,136.0,0.0,104752.4700000001,0.0,0.0,0.0,189473.74141614643
298,2020-10-25,2020,False,4.814207650273224,964,0,1137,174189.5710879181,0.0,21797,53,0.0,,,0.1485247623161584,0.09735436644011772,0.38376967342435386,0.9421421161825726,0.06710432628162702,184584.27141614625,0,False,False,True,"{""0"":null,""1"":null,""2"":null,""3"":null}",964.0,289709.0,0.0,205397.0,0.0,205397.0,0.0,174189.5710879181,0.0,0.0,0.0,0.0,189473.74141614643,0.0,8.521712501499067,0.0,848.0,0.0,0.0,0.0,18360.00000001332,0.0,494.5499999999707,0.0,10269.8499999908,0.0,0.0,0.0,0.0,0.0,0.0,0.0,2053.9699999999984,0.0,102698.5,1.0,137.0,0.0,104752.4700000001,0.0,0.0,0.0,189473.74141614643
299,2020-10-26,2020,True,4.816939890710382,963,963,1137,175007.2766731413,1114.9177769469363,22743,12,0.23121678076137941,0.8338400704405764,0.14527727105211172,0.14824368368955732,0.09878209840887257,0.383758930436933,0.9409501557632398,0.09512533962530692,185208.05919309318,0,False,False,True,"{""0"":null,""1"":null,""2"":null,""3"":null}",963.0,290672.0,963.0,206360.0,963.0,206360.0,817.7055852232152,175007.2766731413,817.7055852232152,0.0,0.0,1114.9177769469388,190588.65919309336,0.23121678076137897,8.752929282260446,4.0,852.0,0.0,0.0,86.39999999874271,18446.40000001206,7.949999999998795,502.4999999999695,48.149999999299325,10317.9999999901,0.0,0.0,0.0,0.0,0.0,0.0,9.63000000000011,2063.5999999999985,481.5,103180.0,0.0,137.0,491.13000000000466,105243.60000000011,0.0,0.0,1114.9177769469388,190588.65919309336
300,2020-10-27,2020,True,4.8196721311475414,960,960,1137,175822.5682450427,1049.7467176757268,22791,31,0.0,0.8187995340360521,0.16811073144331434,0.14807754766898534,0.09868939402597071,0.38390637895456947,0.9412291666666667,0.12157269865136752,185768.2059107689,0,False,False,True,"{""0"":null,""1"":null,""2"":null,""3"":null}",960.0,291632.0,960.0,207320.0,960.0,207320.0,815.2915719013836,175822.5682450427,815.2915719013836,0.0,0.0,1049.7467176757345,191638.4059107691,0.0,8.752929282260446,4.0,856.0,0.0,0.0,86.19999999874562,18532.600000010807,0.0,502.4999999999695,47.99999999930151,10365.9999999894,0.0,0.0,0.0,0.0,0.0,0.0,9.599999999999909,2073.1999999999985,480.0,103660.0,0.0,137.0,489.6000000000058,105733.20000000011,0.0,0.0,1049.7467176757345,191638.4059107691
301,2020-10-28,2020,True,4.8224043715847,960,960,1138,176637.80973784972,994.2625806435,22885,42,0.02226487669446154,0.8198417955731869,0.15555520662234876,0.14773740374838118,0.09781177533928354,0.3836565043652456,0.9407135416666667,0.1457780501612877,186271.8684914124,0,False,False,True,"{""0"":null,""1"":null,""2"":null,""3"":null}",960.0,292592.0,960.0,208280.0,960.0,208280.0,815.2414928070211,176637.80973784972,815.2414928070211,0.0,0.0,994.2625806434953,192632.6684914126,0.022264876694460867,8.775194158954907,4.0,860.0,0.0,0.0,86.19999999874562,18618.800000009553,0.0,502.4999999999695,47.99999999930151,10413.999999988702,0.0,0.0,0.0,0.0,0.0,0.0,9.599999999999909,2082.7999999999984,480.0,104140.0,1.0,138.0,489.6000000000058,106222.80000000012,0.0,0.0,994.2625806434953,192632.6684914126
302,2020-10-29,2020,True,4.825136612021858,960,960,1140,177453.02581373652,953.1810911794073,23004,50,0.0,0.8061519470514078,0.18383808825212516,0.1471084321423372,0.09594953623467253,0.3834455808714975,0.9403281250000001,0.16803567030339298,186733.4495825918,0,False,False,True,"{""0"":null,""1"":null,""2"":null,""3"":null}",960.0,293552.0,960.0,209240.0,960.0,209240.0,815.2160758867976,177453.02581373652,815.2160758867976,0.0,0.0,953.1810911794018,193585.849582592,0.0,8.775194158954907,4.0,864.0,0.0,0.0,86.19999999874562,18705.0000000083,1.7999999999997272,504.2999999999692,47.99999999930151,10461.999999988004,0.0,0.0,0.0,0.0,0.0,0.0,9.599999999999909,2092.3999999999983,480.0,104620.0,2.0,140.0,489.6000000000058,106712.40000000013,0.0,0.0,953.1810911794018,193585.849582592
303,2020-10-30,2020,True,4.827868852459017,959,959,1140,178267.5007293109,885.4912840323311,23090,47,0.006699604757046657,0.8101863471004633,0.1881665869978699,0.1473910106952523,0.09663168330383175,0.3836457613778248,0.9403336809176225,0.18925806733275044,187129.85086662413,0,False,False,True,"{""0"":null,""1"":null,""2"":null,""3"":null}",959.0,294511.0,959.0,210199.0,959.0,210199.0,814.4749155743921,178267.5007293109,814.4749155743921,0.0,0.0,885.4912840323232,194471.34086662432,0.006699604757047339,8.781893763711954,4.0,868.0,0.0,0.0,86.09999999874708,18791.100000007045,2.849999999999568,507.14999999996877,47.949999999302236,10509.949999987306,0.0,0.0,0.0,0.0,0.0,0.0,9.590000000000146,2101.9899999999984,479.5,105099.5,0.0,140.0,489.0899999999965,107201.49000000012,0.0,0.0,885.4912840323232,194471.34086662432
304,2020-10-31,2020,False,4.830601092896175,960,0,1141,178267.5007293109,0.0,22288,47,0.0,,,0.1476586079718937,0.09658658805122494,0.38390206565323415,0.94128125,0.11392372712689203,187128.85086662413,0,False,False,True,"{""0"":null,""1"":null,""2"":null,""3"":null}",960.0,295471.0,0.0,210199.0,0.0,210199.0,0.0,178267.5007293109,0.0,0.0,0.0,0.0,194471.34086662432,0.0,8.781893763711954,0.0,868.0,0.0,0.0,0.0,18791.100000007045,0.0,507.14999999996877,0.0,10509.949999987306,0.0,0.0,0.0,0.0,0.0,0.0,0.0,2101.9899999999984,0.0,105099.5,1.0,141.0,0.0,107201.49000000012,0.0,0.0,0.0,194471.34086662432
305,2020-11-01,2020,False,4.833333333333333,960,0,1141,178267.5007293109,0.0,22288,47,0.0,,,0.14765860797189376,0.09658658805122494,0.38390206565323415,0.94128125,0.0666624120950869,187128.85086662413,0,False,False,True,"{""0"":null,""1"":null,""2"":null,""3"":null}",960.0,296431.0,0.0,210199.0,0.0,210199.0,0.0,178267.5007293109,0.0,0.0,0.0,0.0,194471.34086662432,0.0,8.781893763711954,0.0,868.0,0.0,0.0,0.0,18791.100000007045,0.0,507.14999999996877,0.0,10509.949999987306,0.0,0.0,0.0,0.0,0.0,0.0,0.0,2101.9899999999984,0.0,105099.5,0.0,141.0,0.0,107201.49000000012,0.0,0.0,0.0,194471.34086662432
306,2020-11-02,2020,True,4.836065573770492,960,960,1141,179082.9696170619,1089.1475308056076,23235,20,0.4003607295711405,0.828174486006676,0.15579478597461027,0.14765860797189373,0.09658658805122497,0.38390206565323415,0.94025,0.09483575494739367,187728.39839742973,0,False,False,True,"{""0"":null,""1"":null,""2"":null,""3"":null}",960.0,297391.0,960.0,211159.0,960.0,211159.0,815.4688877509907,179082.9696170619,815.4688877509907,0.0,0.0,1089.1475308056106,195560.48839742993,0.40036072957114044,9.182254493283095,4.0,872.0,0.0,0.0,86.09999999874708,18877.200000005792,7.049999999998988,514.1999999999678,47.99999999930151,10557.949999986608,0.0,0.0,0.0,0.0,0.0,0.0,9.599999999999909,2111.5899999999983,480.0,105579.5,0.0,141.0,489.6000000000058,107691.09000000013,0.0,0.0,1089.1475308056106,195560.48839742993
307,2020-11-03,2020,True,4.83879781420765,959,959,1142,179897.85030733672,1041.1718346977034,23287,35,0.0,0.8154033606456922,0.16563197414349132,0.14780832977186137,0.0960982021072596,0.3841065594608968,0.9403284671532847,0.12136496865155899,188279.48023212745,0,False,False,True,"{""0"":null,""1"":null,""2"":null,""3"":null}",959.0,298350.0,959.0,212118.0,959.0,212118.0,814.8806902748183,179897.85030733672,814.8806902748183,0.0,0.0,1041.171834697714,196601.66023212764,0.0,9.182254493283095,4.0,876.0,0.0,0.0,86.09999999874708,18963.30000000454,0.0,514.1999999999678,47.949999999302236,10605.89999998591,0.0,0.0,0.0,0.0,0.0,0.0,9.590000000000146,2121.1799999999985,479.5,106059.0,1.0,142.0,489.0899999999965,108180.18000000012,0.0,0.0,1041.171834697714,196601.66023212764
308,2020-11-04,2020,True,4.841530054644808,959,959,1143,180712.72224272144,986.4173448061233,23350,52,0.0,0.8102739223873803,0.17172052233020357,0.14784309720448835,0.09580773044374967,0.3841065594608968,0.9394108446298227,0.14583891638037833,188775.80757693358,0,False,False,True,"{""0"":null,""1"":null,""2"":null,""3"":null}",959.0,299309.0,959.0,213077.0,959.0,213077.0,814.8719353847264,180712.72224272144,814.8719353847264,0.0,0.0,986.4173448061338,197588.07757693378,0.0,9.182254493283095,4.0,880.0,0.0,0.0,86.09999999874708,19049.400000003287,0.0,514.1999999999678,47.949999999302236,10653.849999985212,0.0,0.0,0.0,0.0,0.0,0.0,9.590000000000146,2130.7699999999986,479.5,106538.5,1.0,143.0,489.0899999999965,108669.27000000012,0.0,0.0,986.4173448061338,197588.07757693378
309,2020-11-05,2020,True,4.844262295081967,959,959,1143,181527.59417810617,946.7374206700603,23486,50,0.0,0.80917951310468,0.17162249007387217,0.14775023672115345,0.0961428575597949,0.3841065594608968,0.9396037539103232,0.16868996399162958,189233.45499760364,0,False,False,True,"{""0"":null,""1"":null,""2"":null,""3"":null}",959.0,300268.0,959.0,214036.0,959.0,214036.0,814.8719353847264,181527.59417810617,814.8719353847264,0.0,0.0,946.7374206700479,198534.81499760383,0.0,9.182254493283095,4.0,884.0,0.0,0.0,86.09999999874708,19135.500000002034,2.9999999999995453,517.1999999999673,47.949999999302236,10701.799999984514,0.0,0.0,0.0,0.0,0.0,0.0,9.590000000000146,2140.3599999999988,479.5,107018.0,0.0,143.0,489.0899999999965,109158.36000000012,0.0,0.0,946.7374206700479,198534.81499760383
310,2020-11-06,2020,True,4.8469945355191255,959,959,1143,182342.4661134909,914.4328029097064,23575,56,0.15701222538959195,0.7955751461911515,0.21447507256519316,0.14785617243467358,0.09640397890303287,0.3841065594608968,0.9395203336809176,0.18978820945139727,189658.79780051333,0,False,False,True,"{""0"":null,""1"":null,""2"":null,""3"":null}",959.0,301227.0,959.0,214995.0,959.0,214995.0,814.8719353847264,182342.4661134909,814.8719353847264,0.0,0.0,914.4328029096941,199449.24780051352,0.15701222538959136,9.339266718672686,4.0,888.0,0.0,0.0,86.09999999874708,19221.60000000078,2.249999999999659,519.449999999967,47.949999999302236,10749.749999983816,0.0,0.0,0.0,0.0,0.0,0.0,9.590000000000146,2149.949999999999,479.5,107497.5,0.0,143.0,489.0899999999965,109647.45000000011,0.0,0.0,914.4328029096941,199449.24780051352
311,2020-11-07,2020,False,4.8497267759562845,959,0,1144,182342.4661134909,0.0,22779,56,0.0,,,0.147352149188836,0.09616333348473197,0.3836500746791601,0.9411522419186652,0.11451972124545766,189657.79780051333,0,False,False,True,"{""0"":null,""1"":null,""2"":null,""3"":null}",959.0,302186.0,0.0,214995.0,0.0,214995.0,0.0,182342.4661134909,0.0,0.0,0.0,0.0,199449.24780051352,0.0,9.339266718672686,0.0,888.0,0.0,0.0,0.0,19221.60000000078,0.0,519.449999999967,0.0,10749.749999983816,0.0,0.0,0.0,0.0,0.0,0.0,0.0,2149.949999999999,0.0,107497.5,1.0,144.0,0.0,109647.45000000011,0.0,0.0,0.0,199449.24780051352
312,2020-11-08,2020,False,4.852459016393443,958,0,1144,182342.4661134909,0.0,22779,56,0.0,,,0.14712308915655742,0.09577724974697156,0.38338945710241545,0.9410908141962421,0.06717116861165984,189657.79780051333,0,False,False,True,"{""0"":null,""1"":null,""2"":null,""3"":null}",958.0,303144.0,0.0,214995.0,0.0,214995.0,0.0,182342.4661134909,0.0,0.0,0.0,0.0,199449.24780051352,0.0,9.339266718672686,0.0,888.0,0.0,0.0,0.0,19221.60000000078,0.0,519.449999999967,0.0,10749.749999983816,0.0,0.0,0.0,0.0,0.0,0.0,0.0,2149.949999999999,0.0,107497.5,0.0,144.0,0.0,109647.45000000011,0.0,0.0,0.0,199449.24780051352
313,2020-11-09,2020,True,4.855191256830601,958,958,1144,183156.4446026202,1103.0489259560482,23720,19,0.0,0.8423477844702806,0.14046667394991208,0.14712308915655742,0.09577724974697156,0.38338945710241545,0.9397338204592902,0.09539305073543303,190272.2667264694,0,False,False,True,"{""0"":null,""1"":null,""2"":null,""3"":null}",958.0,304102.0,958.0,215953.0,958.0,215953.0,813.9784891293093,183156.4446026202,813.9784891293093,0.0,0.0,1103.0489259560418,200552.29672646956,0.0,9.339266718672686,4.0,892.0,0.0,0.0,86.09999999874708,19307.699999999528,8.399999999998727,527.8499999999657,47.89999999930296,10797.64999998312,0.0,0.0,0.0,0.0,0.0,0.0,9.579999999999927,2159.529999999999,479.0,107976.5,0.0,144.0,488.58000000000175,110136.03000000012,0.0,0.0,1103.0489259560418,200552.29672646956
314,2020-11-10,2020,True,4.85792349726776,958,958,1144,183970.42309174952,1034.617156236108,23746,40,0.4325198632913638,0.8390811037960498,0.15088150679942983,0.14713909566039113,0.09602352316227201,0.38338945710241545,0.9396764091858038,0.12174951226634698,190818.3038827055,0,False,False,True,"{""0"":null,""1"":null,""2"":null,""3"":null}",958.0,305060.0,958.0,216911.0,958.0,216911.0,813.9784891293093,183970.42309174952,813.9784891293093,0.0,0.0,1034.6171562361124,201586.91388270567,0.4325198632913647,9.77178658196405,4.0,896.0,0.0,0.0,86.09999999874708,19393.799999998275,0.0,527.8499999999657,47.89999999930296,10845.549999982422,0.0,0.0,0.0,0.0,0.0,0.0,9.579999999999927,2169.1099999999988,479.0,108455.5,0.0,144.0,488.58000000000175,110624.61000000012,0.0,0.0,1034.6171562361124,201586.91388270567
315,2020-11-11,2020,True,4.860655737704918,958,958,1145,184784.6141586216,1004.2086411043687,23861,50,0.01716848243393727,0.8143067280767803,0.1528101936315783,0.14751707856610832,0.09599870696183573,0.3837136982848427,0.9394363256784969,0.14643544614980053,191332.9325238099,0,False,False,True,"{""0"":null,""1"":null,""2"":null,""3"":null}",958.0,306018.0,958.0,217869.0,958.0,217869.0,814.1910668720957,184784.6141586216,814.1910668720957,0.0,0.0,1004.208641104371,202591.12252381005,0.01716848243393798,9.788955064397989,4.0,900.0,0.0,0.0,85.99999999874854,19479.799999997023,0.0,527.8499999999657,47.89999999930296,10893.449999981725,0.0,0.0,0.0,0.0,0.0,0.0,9.579999999999927,2178.6899999999987,479.0,108934.5,1.0,145.0,488.58000000000175,111113.19000000012,0.0,0.0,1004.208641104371,202591.12252381005
316,2020-11-12,2020,True,4.863387978142076,957,957,1145,185597.9733841221,940.2979195012855,23972,41,0.0,0.820468998696717,0.17811101097530938,0.14765112892372412,0.09627272141101435,0.38391387879117,0.9393573667711599,0.1693772672338165,191785.16044331118,0,False,False,True,"{""0"":null,""1"":null,""2"":null,""3"":null}",957.0,306975.0,957.0,218826.0,957.0,218826.0,813.3592255004914,185597.9733841221,813.3592255004914,0.0,0.0,940.2979195012886,203531.42044331133,0.0,9.788955064397989,4.0,904.0,0.0,0.0,85.89999999874999,19565.699999995773,2.849999999999568,530.6999999999653,47.84999999930369,10941.299999981029,0.0,0.0,0.0,0.0,0.0,0.0,9.570000000000164,2188.259999999999,478.5,109413.0,0.0,145.0,488.070000000007,111601.26000000013,0.0,0.0,940.2979195012886,203531.42044331133
317,2020-11-13,2020,True,4.866120218579235,957,957,1145,186411.3326096226,897.6628092012198,24073,36,0.0,0.8025096473544002,0.16714639481167293,0.14765275510021486,0.09658784413116596,0.38391387879117,0.9394566353187043,0.1903858391912494,192194.7532525124,0,False,False,True,"{""0"":null,""1"":null,""2"":null,""3"":null}",957.0,307932.0,957.0,219783.0,957.0,219783.0,813.3592255004914,186411.3326096226,813.3592255004914,0.0,0.0,897.6628092012252,204429.08325251256,0.0,9.788955064397989,4.0,908.0,0.0,0.0,85.89999999874999,19651.599999994523,3.1499999999995225,533.8499999999648,47.84999999930369,10989.149999980333,0.0,0.0,0.0,0.0,0.0,0.0,9.570000000000164,2197.829999999999,478.5,109891.5,0.0,145.0,488.070000000007,112089.33000000013,0.0,0.0,897.6628092012252,204429.08325251256
318,2020-11-14,2020,False,4.868852459016393,957,0,1145,186411.3326096226,0.0,23267,36,0.0,,,0.14773436822627967,0.09687080427778128,0.38391387879117,0.941123301985371,0.11530118205201616,192194.7532525124,0,False,False,True,"{""0"":null,""1"":null,""2"":null,""3"":null}",957.0,308889.0,0.0,219783.0,0.0,219783.0,0.0,186411.3326096226,0.0,0.0,0.0,0.0,204429.08325251256,0.0,9.788955064397989,0.0,908.0,0.0,0.0,0.0,19651.599999994523,0.0,533.8499999999648,0.0,10989.149999980333,0.0,0.0,0.0,0.0,0.0,0.0,0.0,2197.829999999999,0.0,109891.5,0.0,145.0,0.0,112089.33000000013,0.0,0.0,0.0,204429.08325251256
319,2020-11-15,2020,False,4.871584699453551,957,0,1146,186411.3326096226,0.0,23267,36,0.0,,,0.1473898201743831,0.09582063778682165,0.38370280666785095,0.9408098223615465,0.06762654914066167,192193.7532525124,0,False,False,True,"{""0"":null,""1"":null,""2"":null,""3"":null}",957.0,309846.0,0.0,219783.0,0.0,219783.0,0.0,186411.3326096226,0.0,0.0,0.0,0.0,204429.08325251256,0.0,9.788955064397989,0.0,908.0,0.0,0.0,0.0,19651.599999994523,0.0,533.8499999999648,0.0,10989.149999980333,0.0,0.0,0.0,0.0,0.0,0.0,0.0,2197.829999999999,0.0,109891.5,1.0,146.0,0.0,112089.33000000013,0.0,0.0,0.0,204429.08325251256
320,2020-11-16,2020,True,4.8743169398907105,957,957,1146,187224.48612759868,1113.6842311600592,24195,14,0.0,0.8350002224901716,0.1458940909828314,0.1473898201743831,0.09582063778682165,0.38370280666785095,0.939723092998955,0.09581180455512113,192819.36748367245,0,False,False,True,"{""0"":null,""1"":null,""2"":null,""3"":null}",957.0,310803.0,957.0,220740.0,957.0,220740.0,813.1535179760831,187224.48612759868,813.1535179760831,0.0,0.0,1113.684231160063,205542.76748367262,0.0,9.788955064397989,4.0,912.0,0.0,0.0,85.89999999874999,19737.499999993273,5.3999999999991815,539.249999999964,47.84999999930369,11036.999999979636,0.0,0.0,0.0,0.0,0.0,0.0,9.570000000000164,2207.399999999999,478.5,110370.0,0.0,146.0,488.070000000007,112577.40000000014,0.0,0.0,1113.684231160063,205542.76748367262
321,2020-11-17,2020,True,4.877049180327869,956,956,1146,188036.77427547585,1034.4117142871746,24239,28,0.0,0.8369585614303172,0.14926991234507792,0.14733458237658192,0.09618428589232048,0.3837718484527883,0.9399947698744769,0.12221266395425914,193366.21919795964,0,False,False,True,"{""0"":null,""1"":null,""2"":null,""3"":null}",956.0,311759.0,956.0,221696.0,956.0,221696.0,812.2881478771742,188036.77427547585,812.2881478771742,0.0,0.0,1034.4117142871837,206577.1791979598,0.0,9.788955064397989,4.0,916.0,0.0,0.0,85.79999999875145,19823.299999992025,0.0,539.249999999964,47.79999999930442,11084.79999997894,0.0,0.0,0.0,0.0,0.0,0.0,9.559999999999945,2216.959999999999,478.0,110848.0,0.0,146.0,487.5599999999977,113064.96000000014,0.0,0.0,1034.4117142871837,206577.1791979598
322,2020-11-18,2020,True,4.879781420765028,957,957,1148,188849.97197299355,982.7375543565024,24342,46,0.0,0.8257130427829867,0.1610025119831912,0.14750103451727528,0.09532698935288841,0.3837827400697801,0.9395715778474398,0.1467647412746623,193858.88675231615,0,False,False,True,"{""0"":null,""1"":null,""2"":null,""3"":null}",957.0,312716.0,957.0,222653.0,957.0,222653.0,813.1976975176949,188849.97197299355,813.1976975176949,0.0,0.0,982.737554356514,207559.91675231632,0.0,9.788955064397989,4.0,920.0,0.0,0.0,85.89999999874999,19909.199999990775,0.0,539.249999999964,47.84999999930369,11132.649999978245,0.0,0.0,0.0,0.0,0.0,0.0,9.570000000000164,2226.5299999999993,478.5,111326.5,2.0,148.0,488.070000000007,113553.03000000014,0.0,0.0,982.737554356514,207559.91675231632
323,2020-11-19,2020,True,4.882513661202186,957,957,1148,189663.16967051124,933.29742955512,24450,48,0.10087077517528241,0.8078091680090878,0.17663188257806484,0.14750016746989272,0.0955497110825867,0.3837827400697801,0.9390229885057471,0.16945647541797354,194304.11418187126,0,False,False,True,"{""0"":null,""1"":null,""2"":null,""3"":null}",957.0,313673.0,957.0,223610.0,957.0,223610.0,813.1976975176949,189663.16967051124,813.1976975176949,0.0,0.0,933.2974295551248,208493.21418187144,0.10087077517528265,9.889825839573271,4.0,924.0,0.0,0.0,85.89999999874999,19995.099999989525,2.0999999999996817,541.3499999999636,47.84999999930369,11180.499999977548,0.0,0.0,0.0,0.0,0.0,0.0,9.570000000000164,2236.0999999999995,478.5,111805.0,0.0,148.0,488.070000000007,114041.10000000015,0.0,0.0,933.2974295551248,208493.21418187144
324,2020-11-20,2020,True,4.885245901639344,956,956,1148,190475.38889690617,906.899903643083,24553,50,0.171985309450174,0.8057767049217249,0.19591333523194804,0.14737715440764554,0.09564834506062198,0.3837718484527883,0.939189330543933,0.1904170662016437,194723.45408551436,0,False,False,True,"{""0"":null,""1"":null,""2"":null,""3"":null}",956.0,314629.0,956.0,224566.0,956.0,224566.0,812.2192263949255,190475.38889690617,812.2192263949255,0.0,0.0,906.8999036430905,209400.11408551453,0.17198530945017332,10.061811149023445,4.0,928.0,0.0,0.0,85.79999999875145,20080.899999988276,2.0999999999996817,543.4499999999633,47.79999999930442,11228.299999976853,0.0,0.0,0.0,0.0,0.0,0.0,9.559999999999945,2245.6599999999994,478.0,112283.0,0.0,148.0,487.5599999999977,114528.66000000015,0.0,0.0,906.8999036430905,209400.11408551453
325,2020-11-21,2020,False,4.887978142076503,956,0,1148,190475.38889690617,0.0,23757,50,0.0,,,0.1474191851647422,0.09596597168593365,0.3837718484527883,0.9405020920502092,0.11541450102304893,194723.45408551436,0,False,False,True,"{""0"":null,""1"":null,""2"":null,""3"":null}",956.0,315585.0,0.0,224566.0,0.0,224566.0,0.0,190475.38889690617,0.0,0.0,0.0,0.0,209400.11408551453,0.0,10.061811149023445,0.0,928.0,0.0,0.0,0.0,20080.899999988276,0.0,543.4499999999633,0.0,11228.299999976853,0.0,0.0,0.0,0.0,0.0,0.0,0.0,2245.6599999999994,0.0,112283.0,0.0,148.0,0.0,114528.66000000015,0.0,0.0,0.0,209400.11408551453
326,2020-11-22,2020,False,4.890710382513661,955,0,1148,190475.38889690617,0.0,23757,50,0.0,,,0.14773027225987995,0.09621956173832216,0.38397542073950686,0.9404397905759162,0.0679405164442601,194723.45408551436,0,False,False,True,"{""0"":null,""1"":null,""2"":null,""3"":null}",955.0,316540.0,0.0,224566.0,0.0,224566.0,0.0,190475.38889690617,0.0,0.0,0.0,0.0,209400.11408551453,0.0,10.061811149023445,0.0,928.0,0.0,0.0,0.0,20080.899999988276,0.0,543.4499999999633,0.0,11228.299999976853,0.0,0.0,0.0,0.0,0.0,0.0,0.0,2245.6599999999994,0.0,112283.0,0.0,148.0,0.0,114528.66000000015,0.0,0.0,0.0,209400.11408551453
327,2020-11-23,2020,True,4.89344262295082,953,953,1148,191285.06248720162,1090.89351538824,24696,18,0.13687016024535542,0.8468864517509536,0.1407330163436385,0.14788892077973817,0.09654007415239103,0.38391498366908944,0.9391133263378804,0.0962075579722142,195328.3176009026,0,False,False,True,"{""0"":null,""1"":null,""2"":null,""3"":null}",953.0,317493.0,953.0,225519.0,953.0,225519.0,809.6735902954533,191285.06248720162,809.6735902954533,0.0,0.0,1090.8935153882485,210491.00760090278,0.1368701602453548,10.1986813092688,4.0,932.0,0.0,0.0,85.49999999875581,20166.399999987032,7.499999999998863,550.9499999999622,47.6499999993066,11275.94999997616,0.0,0.0,0.0,0.0,0.0,0.0,9.5300000000002,2255.1899999999996,476.5,112759.5,0.0,148.0,486.02999999999884,115014.69000000015,0.0,0.0,1090.8935153882485,210491.00760090278
328,2020-11-24,2020,True,4.896174863387978,953,953,1148,192094.73607749707,1048.1060397934136,24748,32,0.0,0.8395506536803468,0.1330233813236538,0.14783687037291862,0.09694553264803422,0.38391498366908944,0.9401259181532003,0.1225209361191859,195890.393640696,0,False,False,True,"{""0"":null,""1"":null,""2"":null,""3"":null}",953.0,318446.0,953.0,226472.0,953.0,226472.0,809.6735902954533,192094.73607749707,809.6735902954533,0.0,0.0,1048.1060397934052,211539.1136406962,0.0,10.1986813092688,4.0,936.0,0.0,0.0,85.49999999875581,20251.899999985788,0.0,550.9499999999622,47.6499999993066,11323.599999975466,0.0,0.0,0.0,0.0,0.0,0.0,9.5300000000002,2264.72,476.5,113236.0,0.0,148.0,486.02999999999884,115500.72000000015,0.0,0.0,1048.1060397934052,211539.1136406962
329,2020-11-25,2020,True,4.898907103825136,952,952,1148,192903.5429007625,983.1778307386533,24828,54,0.05574430338356974,0.8244857420323122,0.13450593980842265,0.14796421516716696,0.09815962652559154,0.38398402545402677,0.9401365546218488,0.14710094596552117,196388.05147143468,0,False,False,True,"{""0"":null,""1"":null,""2"":null,""3"":null}",952.0,319398.0,952.0,227424.0,952.0,227424.0,808.8068232654186,192903.5429007625,808.8068232654186,0.0,0.0,983.1778307386558,212522.29147143484,0.055744303383569616,10.25442561265237,4.0,940.0,0.0,0.0,85.39999999875727,20337.299999984545,0.0,550.9499999999622,47.59999999930733,11371.199999974773,0.0,0.0,0.0,0.0,0.0,0.0,9.519999999999982,2274.24,476.0,113712.0,0.0,148.0,485.5200000000041,115986.24000000015,0.0,0.0,983.1778307386558,212522.29147143484
330,2020-11-26,2020,True,4.901639344262295,952,952,1148,193712.3497240279,955.1866734524625,24943,53,0.0,0.8045113445749095,0.18129893682048454,0.14796263955309458,0.09826067411537347,0.38398402545402677,0.9400420168067226,0.169826003224274,196857.71814488716,0,False,False,True,"{""0"":null,""1"":null,""2"":null,""3"":null}",952.0,320350.0,952.0,228376.0,952.0,228376.0,808.8068232654186,193712.3497240279,808.8068232654186,0.0,0.0,955.1866734524665,213477.4781448873,0.0,10.25442561265237,4.0,944.0,0.0,0.0,85.39999999875727,20422.699999983302,2.6999999999995907,553.6499999999618,47.59999999930733,11418.79999997408,0.0,0.0,0.0,0.0,0.0,0.0,9.519999999999982,2283.7599999999998,476.0,114188.0,0.0,148.0,485.5200000000041,116471.76000000015,0.0,0.0,955.1866734524665,213477.4781448873
331,2020-11-27,2020,True,4.904371584699454,954,954,1150,194522.9066371725,917.0447292193628,25025,56,0.0,0.8154840437638456,0.1639171988699586,0.14828816101635983,0.09742433658573665,0.3841756012458341,0.9392872117400419,0.19074406684903697,197286.22287410652,0,False,False,True,"{""0"":null,""1"":null,""2"":null,""3"":null}",954.0,321304.0,954.0,229330.0,954.0,229330.0,810.5569131445955,194522.9066371725,810.5569131445955,0.0,0.0,917.0447292193712,214394.52287410668,0.0,10.25442561265237,4.0,948.0,0.0,0.0,85.59999999875436,20508.299999982057,2.0999999999996817,555.7499999999615,47.699999999305874,11466.499999973386,0.0,0.0,0.0,0.0,0.0,0.0,9.539999999999964,2293.2999999999997,477.0,114665.0,2.0,150.0,486.5399999999936,116958.30000000015,0.0,0.0,917.0447292193712,214394.52287410668
332,2020-11-28,2020,False,4.907103825136612,954,0,1150,194522.9066371725,0.0,24247,56,0.0,,,0.14836633984185166,0.09756566687212362,0.3841756012458341,0.9407651991614255,0.11577275248458224,197286.22287410652,0,False,False,True,"{""0"":null,""1"":null,""2"":null,""3"":null}",954.0,322258.0,0.0,229330.0,0.0,229330.0,0.0,194522.9066371725,0.0,0.0,0.0,0.0,214394.52287410668,0.0,10.25442561265237,0.0,948.0,0.0,0.0,0.0,20508.299999982057,0.0,555.7499999999615,0.0,11466.499999973386,0.0,0.0,0.0,0.0,0.0,0.0,0.0,2293.2999999999997,0.0,114665.0,0.0,150.0,0.0,116958.30000000015,0.0,0.0,0.0,214394.52287410668
333,2020-11-29,2020,False,4.909836065573771,953,0,1150,194522.9066371725,0.0,24247,56,0.0,,,0.14851836078580818,0.09746806897139021,0.38391498366908944,0.9407030430220357,0.06833625385109872,197286.22287410652,0,False,False,True,"{""0"":null,""1"":null,""2"":null,""3"":null}",953.0,323211.0,0.0,229330.0,0.0,229330.0,0.0,194522.9066371725,0.0,0.0,0.0,0.0,214394.52287410668,0.0,10.25442561265237,0.0,948.0,0.0,0.0,0.0,20508.299999982057,0.0,555.7499999999615,0.0,11466.499999973386,0.0,0.0,0.0,0.0,0.0,0.0,0.0,2293.2999999999997,0.0,114665.0,0.0,150.0,0.0,116958.30000000015,0.0,0.0,0.0,214394.52287410668
334,2020-11-30,2020,True,4.912568306010929,954,954,1151,195333.5014553995,1112.104347750665,25188,13,0.0,0.8220901176146905,0.16530147649011015,0.1482459237599716,0.09654790715240141,0.3837148031627622,0.9391876310272537,0.09653302308830548,197910.78722185717,0,False,False,True,"{""0"":null,""1"":null,""2"":null,""3"":null}",954.0,324165.0,954.0,230284.0,954.0,230284.0,810.5948182269931,195333.5014553995,810.5948182269931,0.0,0.0,1112.104347750661,215506.62722185734,0.0,10.25442561265237,4.0,952.0,0.0,0.0,85.59999999875436,20593.89999998081,8.399999999998727,564.1499999999602,47.699999999305874,11514.199999972692,0.0,0.0,0.0,0.0,0.0,0.0,9.539999999999964,2302.8399999999997,477.0,115142.0,1.0,151.0,486.5399999999936,117444.84000000014,0.0,0.0,1112.104347750661,215506.62722185734
335,2020-12-01,2020,True,4.915300546448087,954,954,1151,196144.0962736265,1041.5556861623475,25238,25,0.05290148188849834,0.8278963714918283,0.15997712850821277,0.14818899902616167,0.09699098452649577,0.3837148031627622,0.939853249475891,0.12287257680772963,198465.8029080195,0,False,False,True,"{""0"":null,""1"":null,""2"":null,""3"":null}",954.0,325119.0,954.0,231238.0,954.0,231238.0,810.5948182269931,196144.0962736265,810.5948182269931,0.0,0.0,1041.5556861623481,216548.1829080197,0.05290148188849919,10.307327094540868,4.0,956.0,0.0,0.0,85.59999999875436,20679.499999979565,0.0,564.1499999999602,47.699999999305874,11561.899999971998,0.0,0.0,0.0,0.0,0.0,0.0,9.539999999999964,2312.3799999999997,477.0,115619.0,0.0,151.0,486.5399999999936,117931.38000000014,0.0,0.0,1041.5556861623481,216548.1829080197
336,2020-12-02,2020,True,4.918032786885246,952,952,1151,196953.13662786683,984.4783445917577,25327,34,0.0,0.8131647273970449,0.173955676291975,0.14870172226491074,0.09770555598821161,0.38391083991383407,0.9400525210084033,0.14755716018218948,198964.7612526113,0,False,False,True,"{""0"":null,""1"":null,""2"":null,""3"":null}",952.0,326071.0,952.0,232190.0,952.0,232190.0,809.0403542403365,196953.13662786683,809.0403542403365,0.0,0.0,984.478344591771,217532.66125261146,0.0,10.307327094540868,4.0,960.0,0.0,0.0,85.39999999875727,20764.899999978323,0.0,564.1499999999602,47.59999999930733,11609.499999971305,0.0,0.0,0.0,0.0,0.0,0.0,9.519999999999982,2321.8999999999996,476.0,116095.0,0.0,151.0,485.5200000000041,118416.90000000014,0.0,0.0,984.478344591771,217532.66125261146
337,2020-12-03,2020,True,4.920765027322404,953,953,1152,197762.94143052277,941.6031449587823,25441,31,0.15105939065744148,0.8006618106440526,0.19712127431102372,0.14841581446233648,0.09703512934833654,0.38370375893582237,0.9402780692549843,0.17031847366002234,199419.33439757008,0,False,False,True,"{""0"":null,""1"":null,""2"":null,""3"":null}",953.0,327024.0,953.0,233143.0,953.0,233143.0,809.8048026559409,197762.94143052277,809.8048026559409,0.0,0.0,941.6031449587899,218474.26439757025,0.15105939065744067,10.458386485198309,4.0,964.0,0.0,0.0,85.49999999875581,20850.39999997708,1.9499999999997044,566.0999999999599,47.6499999993066,11657.149999970612,0.0,0.0,0.0,0.0,0.0,0.0,9.5300000000002,2331.43,476.5,116571.5,1.0,152.0,486.02999999999884,118902.93000000014,0.0,0.0,941.6031449587899,218474.26439757025
338,2020-12-04,2020,True,4.923497267759563,953,953,1152,198572.7462331787,922.4712401554418,25519,40,0.0,0.8101144256956103,0.16156817128348194,0.14838291846439286,0.09730694651120504,0.38370375893582237,0.9400104931794334,0.1913890890765944,199855.7756377255,0,False,False,True,"{""0"":null,""1"":null,""2"":null,""3"":null}",953.0,327977.0,953.0,234096.0,953.0,234096.0,809.8048026559409,198572.7462331787,809.8048026559409,0.0,0.0,922.471240155428,219396.73563772568,0.0,10.458386485198309,4.0,968.0,0.0,0.0,85.49999999875581,20935.899999975834,1.7999999999997272,567.8999999999596,47.6499999993066,11704.799999969919,0.0,0.0,0.0,0.0,0.0,0.0,9.5300000000002,2340.96,476.5,117048.0,0.0,152.0,486.02999999999884,119388.96000000014,0.0,0.0,922.471240155428,219396.73563772568
339,2020-12-05,2020,False,4.926229508196721,953,0,1153,198572.7462331787,0.0,24737,40,0.0,,,0.1489961473436526,0.0977200972219904,0.3841645570188943,0.9421091290661071,0.1164818174360689,199854.7756377255,0,False,False,True,"{""0"":null,""1"":null,""2"":null,""3"":null}",953.0,328930.0,0.0,234096.0,0.0,234096.0,0.0,198572.7462331787,0.0,0.0,0.0,0.0,219396.73563772568,0.0,10.458386485198309,0.0,968.0,0.0,0.0,0.0,20935.899999975834,0.0,567.8999999999596,0.0,11704.799999969919,0.0,0.0,0.0,0.0,0.0,0.0,0.0,2340.96,0.0,117048.0,1.0,153.0,0.0,119388.96000000014,0.0,0.0,0.0,219396.73563772568
340,2020-12-06,2020,False,4.9289617486338795,953,0,1155,198572.7462331787,0.0,24737,40,0.0,,,0.14872603336096443,0.09592749722818694,0.3839181920925053,0.9414900314795384,0.068866723857803,199852.7756377255,0,False,False,True,"{""0"":null,""1"":null,""2"":null,""3"":null}",953.0,329883.0,0.0,234096.0,0.0,234096.0,0.0,198572.7462331787,0.0,0.0,0.0,0.0,219396.73563772568,0.0,10.458386485198309,0.0,968.0,0.0,0.0,0.0,20935.899999975834,0.0,567.8999999999596,0.0,11704.799999969919,0.0,0.0,0.0,0.0,0.0,0.0,0.0,2340.96,0.0,117048.0,2.0,155.0,0.0,119388.96000000014,0.0,0.0,0.0,219396.73563772568
341,2020-12-07,2020,True,4.9316939890710385,952,952,1155,199382.0101532814,1103.9225729968944,25653,15,0.0,0.8288006878570722,0.16163969484010693,0.14856769908154996,0.09565595408386836,0.3836618878170959,0.9400367647058823,0.09719964033686766,200471.17821072243,0,False,False,True,"{""0"":null,""1"":null,""2"":null,""3"":null}",952.0,330835.0,952.0,235048.0,952.0,235048.0,809.2639201026759,199382.0101532814,809.2639201026759,0.0,0.0,1103.922572996904,220500.65821072258,0.0,10.458386485198309,4.0,972.0,0.0,0.0,85.59999999875436,21021.49999997459,5.9999999999990905,573.8999999999587,47.59999999930733,11752.399999969226,0.0,0.0,0.0,0.0,0.0,0.0,9.519999999999982,2350.48,476.0,117524.0,0.0,155.0,485.5200000000041,119874.48000000014,0.0,0.0,1103.922572996904,220500.65821072258
342,2020-12-08,2020,True,4.934426229508197,951,951,1155,200190.43233679,1088.910328019255,25712,31,0.0,0.8370238550349501,0.14730305774434804,0.14842800061880165,0.09585532825335055,0.38373092960203325,0.9403207150368034,0.12369516328218358,201075.07853874168,0,False,False,True,"{""0"":null,""1"":null,""2"":null,""3"":null}",951.0,331786.0,951.0,235999.0,951.0,235999.0,808.4221835086064,200190.43233679,808.4221835086064,0.0,0.0,1088.9103280192649,221589.56853874185,0.0,10.458386485198309,4.0,976.0,0.0,0.0,85.49999999875581,21106.999999973345,0.0,573.8999999999587,47.549999999308056,11799.949999968534,0.0,0.0,0.0,0.0,0.0,0.0,9.510000000000218,2359.9900000000002,475.5,117999.5,0.0,155.0,485.00999999999476,120359.49000000014,0.0,0.0,1088.9103280192649,221589.56853874185
343,2020-12-09,2020,True,4.937158469945356,951,951,1155,200998.8545202986,1007.9792266223741,25817,41,0.0,0.8056170005702006,0.1714815021368291,0.14846719923436197,0.09628535839290163,0.38373092960203325,0.9405520504731861,0.14824463225457277,201598.04776536406,0,False,False,True,"{""0"":null,""1"":null,""2"":null,""3"":null}",951.0,332737.0,951.0,236950.0,951.0,236950.0,808.4221835086064,200998.8545202986,808.4221835086064,0.0,0.0,1007.9792266223812,222597.54776536423,0.0,10.458386485198309,4.0,980.0,0.0,0.0,85.49999999875581,21192.4999999721,0.0,573.8999999999587,47.549999999308056,11847.499999967842,0.0,0.0,0.0,0.0,0.0,0.0,9.510000000000218,2369.5000000000005,475.5,118475.0,0.0,155.0,485.00999999999476,120844.50000000013,0.0,0.0,1007.9792266223812,222597.54776536423
344,2020-12-10,2020,True,4.939890710382514,953,953,1157,201808.90748435387,952.7904795721136,25920,41,0.05256352352635982,0.8205928627619252,0.16405675436694683,0.1483577367388523,0.09497894875027861,0.38359395091007803,0.9401101783840503,0.17089484470564703,202062.80824493617,0,False,False,True,"{""0"":null,""1"":null,""2"":null,""3"":null}",953.0,333690.0,953.0,237903.0,953.0,237903.0,810.0529640552704,201808.90748435387,810.0529640552704,0.0,0.0,952.7904795721115,223550.33824493634,0.05256352352635929,10.510950008724668,4.0,984.0,0.0,0.0,85.6999999987529,21278.199999970853,2.249999999999659,576.1499999999584,47.6499999993066,11895.149999967149,0.0,0.0,0.0,0.0,0.0,0.0,9.5300000000002,2379.0300000000007,476.5,118951.5,2.0,157.0,486.02999999999884,121330.53000000013,0.0,0.0,952.7904795721115,223550.33824493634
345,2020-12-11,2020,True,4.942622950819672,952,952,1157,202618.25283985966,899.8911445043046,26014,40,0.0,0.8099752824858757,0.1846939736346516,0.1482703787779117,0.09475694062215764,0.38333333333333336,0.9401155462184874,0.19209181714243057,202477.17938944048,0,False,False,True,"{""0"":null,""1"":null,""2"":null,""3"":null}",952.0,334642.0,952.0,238855.0,952.0,238855.0,809.3453555057931,202618.25283985966,809.3453555057931,0.0,0.0,899.891144504305,224450.22938944065,0.0,10.510950008724668,4.0,988.0,0.0,0.0,85.59999999875436,21363.799999969608,2.399999999999636,578.549999999958,47.59999999930733,11942.749999966456,0.0,0.0,0.0,0.0,0.0,0.0,9.519999999999982,2388.5500000000006,476.0,119427.5,0.0,157.0,485.5200000000041,121816.05000000013,0.0,0.0,899.891144504305,224450.22938944065
346,2020-12-12,2020,False,4.945355191256831,953,0,1158,202618.25283985966,0.0,25217,40,0.0,,,0.1485169595020673,0.09460107109546262,0.3835896376087427,0.9411699895068205,0.11706020297126542,202476.17938944048,0,False,False,True,"{""0"":null,""1"":null,""2"":null,""3"":null}",953.0,335595.0,0.0,238855.0,0.0,238855.0,0.0,202618.25283985966,0.0,0.0,0.0,0.0,224450.22938944065,0.0,10.510950008724668,0.0,988.0,0.0,0.0,0.0,21363.799999969608,0.0,578.549999999958,0.0,11942.749999966456,0.0,0.0,0.0,0.0,0.0,0.0,0.0,2388.5500000000006,0.0,119427.5,1.0,158.0,0.0,121816.05000000013,0.0,0.0,0.0,224450.22938944065
347,2020-12-13,2020,False,4.948087431693989,952,0,1158,202618.25283985966,0.0,25217,40,0.0,,,0.14850449747997718,0.09457427822811192,0.3836575745157606,0.9411081932773109,0.06927425009460506,202476.17938944048,0,False,False,True,"{""0"":null,""1"":null,""2"":null,""3"":null}",952.0,336547.0,0.0,238855.0,0.0,238855.0,0.0,202618.25283985966,0.0,0.0,0.0,0.0,224450.22938944065,0.0,10.510950008724668,0.0,988.0,0.0,0.0,0.0,21363.799999969608,0.0,578.549999999958,0.0,11942.749999966456,0.0,0.0,0.0,0.0,0.0,0.0,0.0,2388.5500000000006,0.0,119427.5,0.0,158.0,0.0,121816.05000000013,0.0,0.0,0.0,224450.22938944065
348,2020-12-14,2020,True,4.950819672131147,952,952,1158,203427.5427144054,1110.631002655041,26134,11,0.008634604310289009,0.8318483563009127,0.15473554447355398,0.14850449747997715,0.09457427822811193,0.3836575745157606,0.9396271008403361,0.09743036938454946,203101.29039209554,0,False,False,True,"{""0"":null,""1"":null,""2"":null,""3"":null}",952.0,337499.0,952.0,239807.0,952.0,239807.0,809.2898745457351,203427.5427144054,809.2898745457351,0.0,0.0,1110.631002655049,225560.8603920957,0.008634604310289618,10.519584613034958,4.0,992.0,0.0,0.0,85.49999999875581,21449.299999968363,5.9999999999990905,584.5499999999571,47.59999999930733,11990.349999965763,0.0,0.0,0.0,0.0,0.0,0.0,9.519999999999982,2398.0700000000006,476.0,119903.5,0.0,158.0,485.5200000000041,122301.57000000014,0.0,0.0,1110.631002655049,225560.8603920957
349,2020-12-15,2020,True,4.953551912568306,952,952,1158,204236.83258895113,1037.8523354944132,26201,28,0.0,0.8213134916419511,0.17926023449801765,0.1484497292800902,0.09484922109566746,0.3836575745157606,0.9400105042016806,0.1237892633480107,203653.62272758997,0,False,False,True,"{""0"":null,""1"":null,""2"":null,""3"":null}",952.0,338451.0,952.0,240759.0,952.0,240759.0,809.2898745457351,204236.83258895113,809.2898745457351,0.0,0.0,1037.852335494419,226598.71272759011,0.0,10.519584613034958,4.0,996.0,0.0,0.0,85.49999999875581,21534.79999996712,0.0,584.5499999999571,47.59999999930733,12037.94999996507,0.0,0.0,0.0,0.0,0.0,0.0,9.519999999999982,2407.5900000000006,476.0,120379.5,0.0,158.0,485.5200000000041,122787.09000000014,0.0,0.0,1037.852335494419,226598.71272759011
350,2020-12-16,2020,True,4.956284153005464,953,953,1159,205046.86462891768,999.9561088160721,26298,45,0.0,0.8299988688452433,0.14601057024732192,0.14822545271137158,0.09420226770053113,0.38345739400943335,0.939900314795383,0.14822014369455813,204166.54883640606,0,False,False,True,"{""0"":null,""1"":null,""2"":null,""3"":null}",953.0,339404.0,953.0,241712.0,953.0,241712.0,810.0320399665507,205046.86462891768,810.0320399665507,0.0,0.0,999.9561088160845,227598.6688364062,0.0,10.519584613034958,4.0,1000.0,0.0,0.0,85.59999999875436,21620.399999965874,0.0,584.5499999999571,47.6499999993066,12085.599999964377,0.0,0.0,0.0,0.0,0.0,0.0,9.5300000000002,2417.120000000001,476.5,120856.0,1.0,159.0,486.02999999999884,123273.12000000014,0.0,0.0,999.9561088160845,227598.6688364062
351,2020-12-17,2020,True,4.959016393442623,953,953,1159,205856.89666888423,953.2580318489734,26405,47,0.0,0.8069308210952744,0.17195067929444247,0.1483042896776147,0.09461778697887178,0.38345739400943335,0.9401259181532003,0.17092393648975204,204633.77686825502,0,False,False,True,"{""0"":null,""1"":null,""2"":null,""3"":null}",953.0,340357.0,953.0,242665.0,953.0,242665.0,810.0320399665507,205856.89666888423,810.0320399665507,0.0,0.0,953.2580318489636,228551.92686825516,0.0,10.519584613034958,4.0,1004.0,0.0,0.0,85.59999999875436,21705.999999964628,1.6499999999997499,586.1999999999568,47.6499999993066,12133.249999963684,0.0,0.0,0.0,0.0,0.0,0.0,9.5300000000002,2426.650000000001,476.5,121332.5,0.0,159.0,486.02999999999884,123759.15000000014,0.0,0.0,953.2580318489636,228551.92686825516
352,2020-12-18,2020,True,4.961748633879782,953,953,1159,206666.92870885078,917.5361100144577,26510,39,0.0,0.814240029574129,0.18707282435905453,0.14827361408003503,0.09489850602490874,0.38345739400943335,0.9404354669464848,0.192008459258772,205065.28297826948,0,False,False,True,"{""0"":null,""1"":null,""2"":null,""3"":null}",953.0,341310.0,953.0,243618.0,953.0,243618.0,810.0320399665507,206666.92870885078,810.0320399665507,0.0,0.0,917.536110014451,229469.4629782696,0.0,10.519584613034958,4.0,1008.0,0.0,0.0,85.59999999875436,21791.599999963382,2.5499999999996135,588.7499999999565,47.6499999993066,12180.89999996299,0.0,0.0,0.0,0.0,0.0,0.0,9.5300000000002,2436.180000000001,476.5,121809.0,0.0,159.0,486.02999999999884,124245.18000000014,0.0,0.0,917.536110014451,229469.4629782696
353,2020-12-19,2020,False,4.96448087431694,951,0,1159,206666.92870885078,0.0,25702,39,0.0,,,0.14827309873038405,0.09579408260660348,0.38351554417737893,0.9421240799158781,0.11722200962054694,205065.28297826948,0,False,False,True,"{""0"":null,""1"":null,""2"":null,""3"":null}",951.0,342261.0,0.0,243618.0,0.0,243618.0,0.0,206666.92870885078,0.0,0.0,0.0,0.0,229469.4629782696,0.0,10.519584613034958,0.0,1008.0,0.0,0.0,0.0,21791.599999963382,0.0,588.7499999999565,0.0,12180.89999996299,0.0,0.0,0.0,0.0,0.0,0.0,0.0,2436.180000000001,0.0,121809.0,0.0,159.0,0.0,124245.18000000014,0.0,0.0,0.0,229469.4629782696
354,2020-12-20,2020,False,4.967213114754099,951,0,1159,206666.92870885078,0.0,25702,39,0.0,,,0.14827309873038408,0.09579408260660345,0.38351554417737893,0.9421240799158781,0.0695454725959686,205065.28297826948,0,False,False,True,"{""0"":null,""1"":null,""2"":null,""3"":null}",951.0,343212.0,0.0,243618.0,0.0,243618.0,0.0,206666.92870885078,0.0,0.0,0.0,0.0,229469.4629782696,0.0,10.519584613034958,0.0,1008.0,0.0,0.0,0.0,21791.599999963382,0.0,588.7499999999565,0.0,12180.89999996299,0.0,0.0,0.0,0.0,0.0,0.0,0.0,2436.180000000001,0.0,121809.0,0.0,159.0,0.0,124245.18000000014,0.0,0.0,0.0,229469.4629782696
355,2020-12-21,2020,True,4.969945355191257,953,953,1161,207476.97005714697,1116.6649543390006,26618,18,0.0,0.8491657024048306,0.13775577247620627,0.1481780178533766,0.09427865397704556,0.3834584988873528,0.9401311647429171,0.09779802120546378,205693.91793260848,0,False,False,True,"{""0"":null,""1"":null,""2"":null,""3"":null}",953.0,344165.0,953.0,244571.0,953.0,244571.0,810.0413482961885,207476.97005714697,810.0413482961885,0.0,0.0,1116.6649543390085,230586.12793260862,0.0,10.519584613034958,4.0,1012.0,0.0,0.0,85.59999999875436,21877.199999962137,5.849999999999113,594.5999999999556,47.6499999993066,12228.549999962297,0.0,0.0,0.0,0.0,0.0,0.0,9.5300000000002,2445.7100000000014,476.5,122285.5,2.0,161.0,486.02999999999884,124731.21000000014,0.0,0.0,1116.6649543390085,230586.12793260862
356,2020-12-22,2020,True,4.972677595628415,954,954,1162,208287.81501875288,1077.0207476214844,26663,39,0.32222262767416837,0.840691280669418,0.14676371290705315,0.14818156106009756,0.09387506173692607,0.3834692418747736,0.9396383647798742,0.1240696496495169,206283.39868022996,0,False,False,True,"{""0"":null,""1"":null,""2"":null,""3"":null}",954.0,345119.0,954.0,245525.0,954.0,245525.0,810.8449616059079,208287.81501875288,810.8449616059079,0.0,0.0,1077.0207476214855,231663.1486802301,0.32222262767416865,10.841807240709127,4.0,1016.0,0.0,0.0,85.6999999987529,21962.89999996089,0.0,594.5999999999556,47.699999999305874,12276.249999961603,0.0,0.0,0.0,0.0,0.0,0.0,9.539999999999964,2455.2500000000014,477.0,122762.5,1.0,162.0,486.5399999999936,125217.75000000013,0.0,0.0,1077.0207476214855,231663.1486802301
357,2020-12-23,2020,True,4.975409836065574,954,954,1162,209098.6599803588,1002.9540101081112,26769,57,0.0,0.8300426177469692,0.1492943219862751,0.1480875202788417,0.09413270131697751,0.3834692418747736,0.9394916142557652,0.1485031782560945,206799.81269033806,0,False,False,True,"{""0"":null,""1"":null,""2"":null,""3"":null}",954.0,346073.0,954.0,246479.0,954.0,246479.0,810.8449616059079,209098.6599803588,810.8449616059079,0.0,0.0,1002.9540101081075,232666.10269033822,0.0,10.841807240709127,4.0,1020.0,0.0,0.0,85.6999999987529,22048.599999959642,0.0,594.5999999999556,47.699999999305874,12323.949999960909,0.0,0.0,0.0,0.0,0.0,0.0,9.539999999999964,2464.7900000000013,477.0,123239.5,0.0,162.0,486.5399999999936,125704.29000000012,0.0,0.0,1002.9540101081075,232666.10269033822
358,2020-12-24,2020,True,4.978142076502732,953,953,1162,209908.52477397042,960.6697997805499,26893,59,0.0,0.8143748932047419,0.1715945310384241,0.14806880719740376,0.09428301092285248,0.3834584988873528,0.9398373557187828,0.17087076074474147,207274.45249011862,0,False,False,True,"{""0"":null,""1"":null,""2"":null,""3"":null}",953.0,347026.0,953.0,247432.0,953.0,247432.0,809.8647936116322,209908.52477397042,809.8647936116322,0.0,0.0,960.6697997805604,233626.77249011878,0.0,10.841807240709127,4.0,1024.0,0.0,0.0,85.59999999875436,22134.199999958397,2.6999999999995907,597.2999999999552,47.6499999993066,12371.599999960215,0.0,0.0,0.0,0.0,0.0,0.0,9.5300000000002,2474.3200000000015,476.5,123716.0,0.0,162.0,486.02999999999884,126190.32000000012,0.0,0.0,960.6697997805604,233626.77249011878
359,2020-12-25,2020,False,4.98087431693989,953,0,1162,209908.52477397042,0.0,26090,59,0.0,,,0.14821834466994477,0.09468309433347469,0.3834584988873528,0.9413536201469045,0.0990256121601061,207274.45249011862,0,False,False,True,"{""0"":null,""1"":null,""2"":null,""3"":null}",953.0,347979.0,0.0,247432.0,0.0,247432.0,0.0,209908.52477397042,0.0,0.0,0.0,0.0,233626.77249011878,0.0,10.841807240709127,0.0,1024.0,0.0,0.0,0.0,22134.199999958397,0.0,597.2999999999552,0.0,12371.599999960215,0.0,0.0,0.0,0.0,0.0,0.0,0.0,2474.3200000000015,0.0,123716.0,0.0,162.0,0.0,126190.32000000012,0.0,0.0,0.0,233626.77249011878
360,2020-12-26,2020,False,4.983606557377049,953,0,1162,209908.52477397042,0.0,26090,59,0.0,,,0.1482183446699448,0.09468309433347469,0.3834584988873528,0.9413536201469045,0.05861674211931709,207274.45249011862,0,False,False,True,"{""0"":null,""1"":null,""2"":null,""3"":null}",953.0,348932.0,0.0,247432.0,0.0,247432.0,0.0,209908.52477397042,0.0,0.0,0.0,0.0,233626.77249011878,0.0,10.841807240709127,0.0,1024.0,0.0,0.0,0.0,22134.199999958397,0.0,597.2999999999552,0.0,12371.599999960215,0.0,0.0,0.0,0.0,0.0,0.0,0.0,2474.3200000000015,0.0,123716.0,0.0,162.0,0.0,126190.32000000012,0.0,0.0,0.0,233626.77249011878
361,2020-12-27,2020,False,4.9863387978142075,954,0,1163,209908.52477397042,0.0,26090,59,0.0,,,0.148334495165733,0.09420069126667001,0.38371911646409745,0.9411006289308176,0.032278218527808364,207273.45249011862,0,False,False,True,"{""0"":null,""1"":null,""2"":null,""3"":null}",954.0,349886.0,0.0,247432.0,0.0,247432.0,0.0,209908.52477397042,0.0,0.0,0.0,0.0,233626.77249011878,0.0,10.841807240709127,0.0,1024.0,0.0,0.0,0.0,22134.199999958397,0.0,597.2999999999552,0.0,12371.599999960215,0.0,0.0,0.0,0.0,0.0,0.0,0.0,2474.3200000000015,0.0,123716.0,1.0,163.0,0.0,126190.32000000012,0.0,0.0,0.0,233626.77249011878
362,2020-12-28,2020,True,4.989071038251366,954,954,1163,210719.11549572163,1222.9084744680965,27024,19,0.09218592394200212,0.8499920264701715,0.13192968979933123,0.148334495165733,0.09420069126667001,0.38371911646409745,0.9398794549266247,0.0627278297086227,208009.82096458672,0,False,False,True,"{""0"":null,""1"":null,""2"":null,""3"":null}",954.0,350840.0,954.0,248386.0,954.0,248386.0,810.590721751214,210719.11549572163,810.590721751214,0.0,0.0,1222.9084744681022,234849.68096458688,0.09218592394200265,10.93399316465113,4.0,1028.0,0.0,0.0,85.6999999987529,22219.89999995715,8.849999999998658,606.1499999999538,47.699999999305874,12419.299999959521,0.0,0.0,0.0,0.0,0.0,0.0,9.539999999999964,2483.8600000000015,477.0,124193.0,0.0,163.0,486.5399999999936,126676.86000000012,0.0,0.0,1222.9084744681022,234849.68096458688
363,2020-12-29,2020,True,4.991803278688525,954,954,1163,211529.70621747285,1149.125334937123,27063,33,0.0,0.8440629314841236,0.14961044139324908,0.1482291731522854,0.09447312333398994,0.38371911646409745,0.9403301886792453,0.09167724078437355,208672.40629952383,0,False,False,True,"{""0"":null,""1"":null,""2"":null,""3"":null}",954.0,351794.0,954.0,249340.0,954.0,249340.0,810.590721751214,211529.70621747285,810.590721751214,0.0,0.0,1149.1253349371254,235998.806299524,0.0,10.93399316465113,4.0,1032.0,0.0,0.0,85.6999999987529,22305.599999955903,0.0,606.1499999999538,47.699999999305874,12466.999999958827,0.0,0.0,0.0,0.0,0.0,0.0,9.539999999999964,2493.4000000000015,477.0,124670.0,0.0,163.0,486.5399999999936,127163.40000000011,0.0,0.0,1149.1253349371254,235998.806299524
364,2020-12-30,2020,True,4.994535519125683,955,955,1164,212341.2432643367,1098.3071014644117,27149,55,0.0,0.822924288846891,0.1574821060970699,0.14806970015630708,0.09397329524586022,0.38351554417737893,0.9396178010471204,0.11888229131067204,209282.66340098827,0,False,False,True,"{""0"":null,""1"":null,""2"":null,""3"":null}",955.0,352749.0,955.0,250295.0,955.0,250295.0,811.537046863843,212341.2432643367,811.537046863843,0.0,0.0,1098.3071014644229,237097.11340098843,0.0,10.93399316465113,4.0,1036.0,0.0,0.0,85.79999999875145,22391.399999954654,0.0,606.1499999999538,47.749999999305146,12514.749999958132,0.0,0.0,0.0,0.0,0.0,0.0,9.550000000000182,2502.9500000000016,477.5,125147.5,1.0,164.0,487.0500000000029,127650.45000000011,0.0,0.0,1098.3071014644229,237097.11340098843
365,2020-12-31,2020,True,4.997267759562842,955,955,1164,213152.78031120053,1043.4482858649546,27280,51,0.0,0.8126470594392144,0.17176607592988022,0.14808717717657505,0.09417707148062363,0.38351554417737893,0.939759162303665,0.14422591526335088,209839.06168685324,0,False,False,True,"{""0"":null,""1"":null,""2"":null,""3"":null}",955.0,353704.0,955.0,251250.0,955.0,251250.0,811.537046863843,213152.78031120053,811.537046863843,0.0,0.0,1043.4482858649571,238140.56168685338,0.0,10.93399316465113,4.0,1040.0,0.0,0.0,85.79999999875145,22477.199999953405,2.849999999999568,608.9999999999534,47.749999999305146,12562.499999957437,0.0,0.0,0.0,0.0,0.0,0.0,9.550000000000182,2512.500000000002,477.5,125625.0,0.0,164.0,487.0500000000029,128137.50000000012,0.0,0.0,1043.4482858649571,238140.56168685338
