day,calendar_date,fiscal_year,is_workday,organization_age_years,active_members,present_members,ever_people,available_member_work_hours_cumulative,output_work_units,review_backlog_records,appeal_backlog_records,decision_regret_units,participation_fraction,formal_effective_weight_tv,authority_contribution_tv,signed_gini_gap,gini_authority,mean_trust,mean_fatigue,cash_resource_units,adopted_guilds,closed,suspended,work_creation_enabled,adoption_days,active_member_calendar_days_daily,active_member_calendar_days_cumulative,active_member_workdays_daily,active_member_workdays_cumulative,present_member_workdays_daily,present_member_workdays_cumulative,present_member_work_hours_daily,present_member_work_hours_cumulative,available_member_work_hours_daily,post_adoption_available_member_work_hours_daily,post_adoption_available_member_work_hours_cumulative,produced_work_units_daily,produced_work_units_cumulative,decision_regret_units_daily,decision_regret_units_cumulative,decisions_completed_daily,decisions_completed_cumulative,decisions_unresolved_daily,decisions_unresolved_cumulative,review_hours_daily,review_hours_cumulative,appeal_hours_daily,appeal_hours_cumulative,governance_hours_daily,governance_hours_cumulative,training_hours_daily,training_hours_cumulative,migration_resource_units_daily,migration_resource_units_cumulative,dual_run_resource_units_daily,dual_run_resource_units_cumulative,maintenance_resource_units_daily,maintenance_resource_units_cumulative,payroll_resource_units_daily,payroll_resource_units_cumulative,recruitment_resource_units_daily,recruitment_resource_units_cumulative,operating_resource_units_daily,operating_resource_units_cumulative,operating_unfunded_resource_units_daily,operating_unfunded_resource_units_cumulative,revenue_resource_units_daily,revenue_resource_units_cumulative
0,2020-01-01,2020,False,20.0,1000,0,1000,0.0,0.0,0,0,0.0,,,0.0,0.0,0.0,0.7,0.0,250000.0,0,False,False,True,"{""0"":null,""1"":null,""2"":null,""3"":null}",1000.0,1000.0,0.0,0.0,0.0,0.0,0.0,0.0,0.0,0.0,0.0,0.0,0.0,0.0,0.0,0.0,0.0,0.0,0.0,0.0,0.0,0.0,0.0,0.0,0.0,0.0,0.0,0.0,0.0,0.0,0.0,0.0,0.0,0.0,0.0,0.0,0.0,0.0,0.0,0.0,0.0,0.0,0.0
1,2020-01-02,2020,True,20.002732240437158,1000,1000,1000,849.275611414967,971.6355315505846,1000,0,0.1308975770811522,0.716,0.28400000000000003,0.0,0.0,0.0,0.7,0.02097320316383686,250461.6355315506,0,False,False,True,"{""0"":null,""1"":null,""2"":null,""3"":null}",1000.0,2000.0,1000.0,1000.0,1000.0,1000.0,849.275611414967,849.275611414967,849.275611414967,0.0,0.0,971.6355315505846,971.6355315505846,0.1308975770811522,0.1308975770811522,4.0,4.0,0.0,0.0,0.0,0.0,0.0,0.0,49.9999999999993,49.9999999999993,0.0,0.0,0.0,0.0,0.0,0.0,10.0,10.0,500.0,500.0,0.0,0.0,510.0,510.0,0.0,0.0,971.6355315505846,971.6355315505846
2,2020-01-03,2020,True,20.005464480874316,999,999,1000,1697.6138143354133,974.5144275756255,1930,13,0.0,0.7056827309236948,0.2943172690763052,0.0,0.0,0.0,0.6982732732732732,0.03981175373012264,250926.65995912623,0,False,False,True,"{""0"":null,""1"":null,""2"":null,""3"":null}",999.0,2999.0,999.0,1999.0,999.0,1999.0,848.3382029204463,1697.6138143354133,848.3382029204463,0.0,0.0,974.5144275756254,1946.14995912621,0.0,0.1308975770811522,4.0,8.0,0.0,0.0,89.89999999999917,89.89999999999917,0.0,0.0,49.94999999999717,99.94999999999646,0.0,0.0,0.0,0.0,0.0,0.0,9.990000000000002,19.990000000000002,499.5,999.5,0.0,0.0,509.49,1019.49,0.0,0.0,974.5144275756254,1946.14995912621
3,2020-01-04,2020,False,20.008196721311474,998,0,1000,1697.6138143354133,0.0,1100,13,0.0,,,0.2649725468301493,0.33280914023838026,0.38393825225945566,0.7107164328657314,0.00011027743341326712,250926.65995912623,0,False,False,True,"{""0"":null,""1"":null,""2"":null,""3"":null}",998.0,3997.0,0.0,1999.0,0.0,1999.0,0.0,1697.6138143354133,0.0,0.0,0.0,0.0,1946.14995912621,0.0,0.1308975770811522,0.0,8.0,0.0,0.0,0.0,89.89999999999917,0.0,0.0,0.0,99.94999999999646,0.0,0.0,0.0,0.0,0.0,0.0,0.0,19.990000000000002,0.0,999.5,0.0,0.0,0.0,1019.49,0.0,0.0,0.0,1946.14995912621
4,2020-01-05,2020,False,20.010928961748633,998,0,1000,1697.6138143354133,0.0,1100,13,0.0,,,0.2649725468301493,0.3328091402383802,0.38393825225945566,0.7107164328657314,0.0,250926.65995912623,0,False,False,True,"{""0"":null,""1"":null,""2"":null,""3"":null}",998.0,4995.0,0.0,1999.0,0.0,1999.0,0.0,1697.6138143354133,0.0,0.0,0.0,0.0,1946.14995912621,0.0,0.1308975770811522,0.0,8.0,0.0,0.0,0.0,89.89999999999917,0.0,0.0,0.0,99.94999999999646,0.0,0.0,0.0,0.0,0.0,0.0,0.0,19.990000000000002,0.0,999.5,0.0,0.0,0.0,1019.49,0.0,0.0,0.0,1946.14995912621
5,2020-01-06,2020,True,20.01366120218579,998,998,1000,2545.145548809786,960.0546130119632,2046,22,0.13553254618136207,0.7104176706827309,0.2894122242198315,0.2649725468301493,0.3328091402383802,0.38393825225945566,0.7091132264529058,0.021245510242288615,251377.7345721382,0,False,False,True,"{""0"":null,""1"":null,""2"":null,""3"":null}",998.0,5993.0,998.0,2997.0,998.0,2997.0,847.5317344743726,2545.145548809786,847.5317344743726,0.0,0.0,960.0546130119633,2906.2045721381733,0.13553254618136204,0.26643012326251425,4.0,12.0,0.0,0.0,89.79999999999491,179.69999999999408,1.9499999999999995,1.9499999999999995,49.90000000000336,149.84999999999982,0.0,0.0,0.0,0.0,0.0,0.0,9.98,29.970000000000002,499.0,1498.5,0.0,0.0,508.98,1528.47,0.0,0.0,960.0546130119633,2906.2045721381733
6,2020-01-07,2020,True,20.016393442622952,998,998,1000,3392.677283284163,943.5761803071816,2126,36,0.0,0.7114497991967872,0.28373521657466816,0.24968022635363826,0.3114871903310234,0.38393825225945566,0.7200100200400801,0.0412321098324048,251812.33075244538,0,False,False,True,"{""0"":null,""1"":null,""2"":null,""3"":null}",998.0,6991.0,998.0,3995.0,998.0,3995.0,847.5317344743771,3392.677283284163,847.5317344743771,0.0,0.0,943.5761803071814,3849.7807524453547,0.0,0.26643012326251425,4.0,16.0,0.0,0.0,89.7999999999987,269.4999999999928,0.0,1.9499999999999995,49.900000000011346,199.75000000001117,0.0,0.0,0.0,0.0,0.0,0.0,9.98,39.95,499.0,1997.5,0.0,0.0,508.98,2037.45,0.0,0.0,943.5761803071814,3849.7807524453547
7,2020-01-08,2020,True,20.01912568306011,997,997,1000,4239.210433803572,934.9557714586757,2213,55,0.08921277645367272,0.7071544565358207,0.290825927531068,0.23800099609369815,0.293962216856953,0.3836901599978205,0.730320962888666,0.06036543330039151,252238.81652390407,0,False,False,True,"{""0"":null,""1"":null,""2"":null,""3"":null}",997.0,7988.0,997.0,4992.0,997.0,4992.0,846.5331505194094,4239.210433803572,846.5331505194094,0.0,0.0,934.9557714586754,4784.73652390403,0.0892127764536727,0.35564289971618696,4.0,20.0,0.0,0.0,89.7000000000204,359.2000000000132,0.0,1.9499999999999995,49.850000000011335,249.6000000000225,0.0,0.0,0.0,0.0,0.0,0.0,9.969999999999999,49.92,498.5,2496.0,0.0,0.0,508.47,2545.92,0.0,0.0,934.9557714586754,4784.73652390403
8,2020-01-09,2020,True,20.02185792349727,996,996,1000,5084.83370021232,890.3895900338665,2328,47,0.0,0.7029112903225807,0.2857023747915588,0.2272213646748224,0.27734993039810435,0.3834420677361854,0.7402761044176707,0.07890125515387528,252621.24611393793,0,False,False,True,"{""0"":null,""1"":null,""2"":null,""3"":null}",996.0,8984.0,996.0,5988.0,996.0,5988.0,845.6232664087474,5084.83370021232,845.6232664087474,0.0,0.0,890.3895900338666,5675.126113937897,0.0,0.35564289971618696,4.0,24.0,0.0,0.0,89.60000000002037,448.80000000003355,3.3000000000000025,5.250000000000002,49.800000000011295,299.4000000000338,0.0,0.0,0.0,0.0,0.0,0.0,9.96,59.88,498.0,2994.0,0.0,0.0,507.96000000000004,3053.88,0.0,0.0,890.3895900338666,5675.126113937897
9,2020-01-10,2020,True,20.024590163934427,995,995,1000,5929.748275814933,865.0487049595572,2431,48,0.0,0.7045730377432415,0.30621992189093244,0.22072631604367504,0.26769611442906555,0.3835078974615082,0.7507336683417085,0.0968352025868453,252978.8448188975,0,False,False,True,"{""0"":null,""1"":null,""2"":null,""3"":null}",995.0,9979.0,995.0,6983.0,995.0,6983.0,844.9145756026128,5929.748275814933,844.9145756026128,0.0,0.0,865.0487049595577,6540.174818897454,0.0,0.35564289971618696,4.0,28.0,0.0,0.0,89.5000000000203,538.3000000000538,2.100000000000005,7.350000000000007,49.75000000001131,349.1500000000451,0.0,0.0,0.0,0.0,0.0,0.0,9.949999999999996,69.83,497.5,3491.5,0.0,0.0,507.4499999999998,3561.33,0.0,0.0,865.0487049595577,6540.174818897454
10,2020-01-11,2020,False,20.027322404371585,996,0,1001,5929.748275814933,0.0,1600,48,0.0,,,0.2134063760775784,0.25513798294230444,0.38375598972314334,0.7631827309236948,0.03923123297614302,252977.8448188975,0,False,False,True,"{""0"":null,""1"":null,""2"":null,""3"":null}",996.0,10975.0,0.0,6983.0,0.0,6983.0,0.0,5929.748275814933,0.0,0.0,0.0,0.0,6540.174818897454,0.0,0.35564289971618696,0.0,28.0,0.0,0.0,0.0,538.3000000000538,0.0,7.350000000000007,0.0,349.1500000000451,0.0,0.0,0.0,0.0,0.0,0.0,0.0,69.83,0.0,3491.5,1.0,1.0,0.0,3561.33,0.0,0.0,0.0,6540.174818897454
11,2020-01-12,2020,False,20.030054644808743,995,0,1001,5929.748275814933,0.0,1600,48,0.0,,,0.21362370562919628,0.2552595311409624,0.3839497147833525,0.7631557788944724,0.009586772346869478,252977.8448188975,0,False,False,True,"{""0"":null,""1"":null,""2"":null,""3"":null}",995.0,11970.0,0.0,6983.0,0.0,6983.0,0.0,5929.748275814933,0.0,0.0,0.0,0.0,6540.174818897454,0.0,0.35564289971618696,0.0,28.0,0.0,0.0,0.0,538.3000000000538,0.0,7.350000000000007,0.0,349.1500000000451,0.0,0.0,0.0,0.0,0.0,0.0,0.0,69.83,0.0,3491.5,0.0,1.0,0.0,3561.33,0.0,0.0,0.0,6540.174818897454
12,2020-01-13,2020,True,20.0327868852459,995,995,1001,6774.706009100905,1001.2159095162629,2540,16,0.0,0.7477856039542787,0.2543711479339995,0.21362370562919628,0.2552595311409624,0.3839497147833525,0.7605678391959799,0.03310916965572116,253471.61072841374,0,False,False,True,"{""0"":null,""1"":null,""2"":null,""3"":null}",995.0,12965.0,995.0,7978.0,995.0,7978.0,844.9577332859726,6774.706009100905,844.9577332859726,0.0,0.0,1001.2159095162624,7541.390728413717,0.0,0.35564289971618696,4.0,32.0,0.0,0.0,89.50000000002035,627.8000000000742,7.200000000000017,14.550000000000024,49.75000000001131,398.9000000000564,0.0,0.0,0.0,0.0,0.0,0.0,9.950000000000003,79.78,497.5,3989.0,0.0,1.0,507.4499999999998,4068.7799999999997,0.0,0.0,1001.2159095162624,7541.390728413717
13,2020-01-14,2020,True,20.03551912568306,994,994,1001,7618.917572947637,976.1855509716029,2604,33,0.0,0.7253119611789196,0.26504548395297267,0.20696772249841855,0.24269511476164543,0.38370162252171736,0.7709758551307847,0.055401467909978304,253940.85627938533,0,False,False,True,"{""0"":null,""1"":null,""2"":null,""3"":null}",994.0,13959.0,994.0,8972.0,994.0,8972.0,844.2115638467321,7618.917572947637,844.2115638467321,0.0,0.0,976.1855509716024,8517.57627938532,0.0,0.35564289971618696,4.0,36.0,0.0,0.0,89.40000000002033,717.2000000000945,0.0,14.550000000000024,49.7000000000113,448.6000000000677,0.0,0.0,0.0,0.0,0.0,0.0,9.939999999999998,89.72,497.0,4486.0,0.0,1.0,506.9399999999996,4575.719999999999,0.0,0.0,976.1855509716024,8517.57627938532
14,2020-01-15,2020,True,20.038251366120218,994,994,1001,8463.129136794349,946.7188406973395,2707,52,0.0,0.7384861144984798,0.2745739862708922,0.20087356974384793,0.23428842036743175,0.38370162252171736,0.7808903420523139,0.07678270518838246,254380.63512008268,0,False,False,True,"{""0"":null,""1"":null,""2"":null,""3"":null}",994.0,14953.0,994.0,9966.0,994.0,9966.0,844.2115638467112,8463.129136794349,844.2115638467112,0.0,0.0,946.71884069734,9464.29512008266,0.0,0.35564289971618696,4.0,40.0,0.0,0.0,89.40000000002033,806.6000000001148,0.0,14.550000000000024,49.7000000000113,498.300000000079,0.0,0.0,0.0,0.0,0.0,0.0,9.939999999999998,99.66,497.0,4983.0,0.0,1.0,506.9399999999996,5082.659999999999,0.0,0.0,946.71884069734,9464.29512008266
15,2020-01-16,2020,True,20.040983606557376,994,994,1001,9307.340700641049,900.3376781686349,2838,55,0.0,0.7253360243901031,0.2936957509509829,0.1959982710322693,0.22632088462232777,0.38370162252171736,0.7912424547283702,0.09736680224206029,254774.0327982513,0,False,False,True,"{""0"":null,""1"":null,""2"":null,""3"":null}",994.0,15947.0,994.0,10960.0,994.0,10960.0,844.2115638467003,9307.340700641049,844.2115638467003,0.0,0.0,900.3376781686347,10364.632798251294,0.0,0.35564289971618696,4.0,44.0,0.0,0.0,89.40000000002033,896.0000000001352,2.3999999999999932,16.950000000000017,49.699999999970316,548.0000000000493,0.0,0.0,0.0,0.0,0.0,0.0,9.939999999999998,109.6,497.0,5480.0,0.0,1.0,506.9399999999996,5589.5999999999985,0.0,0.0,900.3376781686347,10364.632798251294
16,2020-01-17,2020,True,20.043715846994534,994,994,1001,10151.55226448775,894.4042269257512,2943,54,0.017567485694851993,0.7677085581453409,0.24175793142242274,0.19194319797960308,0.2198614075629619,0.38370162252171736,0.8021780684104628,0.11701040894900155,255161.49702517706,0,False,False,True,"{""0"":null,""1"":null,""2"":null,""3"":null}",994.0,16941.0,994.0,11954.0,994.0,11954.0,844.2115638467003,10151.55226448775,844.2115638467003,0.0,0.0,894.4042269257516,11259.037025177046,0.017567485694852003,0.37321038541103896,4.0,48.0,0.0,0.0,89.40000000002033,985.4000000001555,2.549999999999976,19.499999999999993,49.6999999999548,597.7000000000041,0.0,0.0,0.0,0.0,0.0,0.0,9.939999999999998,119.53999999999999,497.0,5977.0,0.0,1.0,506.9399999999996,6096.539999999998,0.0,0.0,894.4042269257516,11259.037025177046
17,2020-01-18,2020,False,20.046448087431695,995,0,1002,10151.55226448775,0.0,2100,54,0.0,,,0.18954560245704918,0.21474828106933128,0.3839497147833525,0.81478391959799,0.0552697569870165,255160.49702517706,0,False,False,True,"{""0"":null,""1"":null,""2"":null,""3"":null}",995.0,17936.0,0.0,11954.0,0.0,11954.0,0.0,10151.55226448775,0.0,0.0,0.0,0.0,11259.037025177046,0.0,0.37321038541103896,0.0,48.0,0.0,0.0,0.0,985.4000000001555,0.0,19.499999999999993,0.0,597.7000000000041,0.0,0.0,0.0,0.0,0.0,0.0,0.0,119.53999999999999,0.0,5977.0,1.0,2.0,0.0,6096.539999999998,0.0,0.0,0.0,11259.037025177046
18,2020-01-19,2020,False,20.049180327868854,995,0,1002,10151.55226448775,0.0,2100,54,0.0,,,0.18954560245704916,0.21474828106933128,0.3839497147833525,0.81478391959799,0.02104204009856724,255160.49702517706,0,False,False,True,"{""0"":null,""1"":null,""2"":null,""3"":null}",995.0,18931.0,0.0,11954.0,0.0,11954.0,0.0,10151.55226448775,0.0,0.0,0.0,0.0,11259.037025177046,0.0,0.37321038541103896,0.0,48.0,0.0,0.0,0.0,985.4000000001555,0.0,19.499999999999993,0.0,597.7000000000041,0.0,0.0,0.0,0.0,0.0,0.0,0.0,119.53999999999999,0.0,5977.0,0.0,2.0,0.0,6096.539999999998,0.0,0.0,0.0,11259.037025177046
19,2020-01-20,2020,True,20.05191256830601,995,995,1002,10996.468761138734,998.1668017553776,3066,17,0.21299977519056662,0.7688335040567127,0.22517205856903993,0.18954560245704918,0.21474828106933128,0.3839497147833525,0.8127236180904523,0.04685254457042992,255651.21382693242,0,False,False,True,"{""0"":null,""1"":null,""2"":null,""3"":null}",995.0,19926.0,995.0,12949.0,995.0,12949.0,844.9164966509852,10996.468761138734,844.9164966509852,0.0,0.0,998.1668017553784,12257.203826932424,0.21299977519056662,0.5862101606016056,4.0,52.0,0.0,0.0,89.49999999996237,1074.9000000001179,8.099999999999923,27.599999999999916,49.74999999995475,647.4499999999589,0.0,0.0,0.0,0.0,0.0,0.0,9.949999999999989,129.48999999999998,497.5,6474.5,0.0,2.0,507.4499999999998,6603.989999999998,0.0,0.0,998.1668017553784,12257.203826932424
20,2020-01-21,2020,True,20.05464480874317,994,994,1002,11840.503100875188,963.3401675322623,3106,31,0.0,0.7565301604747316,0.26261338280510693,0.18571440347794965,0.20831551767778725,0.38370162252171736,0.8235915492957747,0.07143022388590797,256107.6139944647,0,False,False,True,"{""0"":null,""1"":null,""2"":null,""3"":null}",994.0,20920.0,994.0,13943.0,994.0,13943.0,844.0343397364541,11840.503100875188,844.0343397364541,0.0,0.0,963.3401675322621,13220.543994464686,0.0,0.5862101606016056,4.0,56.0,0.0,0.0,89.39999999991869,1164.3000000000366,0.0,27.599999999999916,49.6999999999548,697.1499999999137,0.0,0.0,0.0,0.0,0.0,0.0,9.939999999999998,139.42999999999998,497.0,6971.5,0.0,2.0,506.9399999999996,7110.929999999998,0.0,0.0,963.3401675322621,13220.543994464686
21,2020-01-22,2020,True,20.057377049180328,993,993,1002,12683.699424032902,941.4709557969469,3209,49,0.0,0.7522165519856624,0.2406803098141908,0.1836057173030858,0.20439511120546247,0.38389534758192645,0.8335800604229608,0.09477288229973269,256542.65495026164,0,False,False,True,"{""0"":null,""1"":null,""2"":null,""3"":null}",993.0,21913.0,993.0,14936.0,993.0,14936.0,843.1963231577138,12683.699424032902,843.1963231577138,0.0,0.0,941.4709557969472,14162.014950261633,0.0,0.5862101606016056,4.0,60.0,0.0,0.0,89.29999999991878,1253.5999999999553,0.0,27.599999999999916,49.649999999954844,746.7999999998685,0.0,0.0,0.0,0.0,0.0,0.0,9.930000000000007,149.35999999999999,496.5,7468.0,0.0,2.0,506.4300000000003,7617.359999999998,0.0,0.0,941.4709557969472,14162.014950261633
22,2020-01-23,2020,True,20.060109289617486,993,993,1002,13526.895747190616,889.1975076388983,3338,48,0.0,0.7814628305569149,0.2116942320313915,0.18055895117999693,0.19877505426571468,0.38389534758192645,0.8439425981873112,0.11682977391610311,256925.42245790054,0,False,False,True,"{""0"":null,""1"":null,""2"":null,""3"":null}",993.0,22906.0,993.0,15929.0,993.0,15929.0,843.1963231577138,13526.895747190616,843.1963231577138,0.0,0.0,889.197507638899,15051.212457900532,0.0,0.5862101606016056,4.0,64.0,0.0,0.0,89.29999999991878,1342.8999999998741,2.549999999999976,30.149999999999892,49.649999999954844,796.4499999998234,0.0,0.0,0.0,0.0,0.0,0.0,9.930000000000007,159.29,496.5,7964.5,0.0,2.0,506.4300000000003,8123.789999999998,0.0,0.0,889.197507638899,15051.212457900532
23,2020-01-24,2020,True,20.062841530054644,993,993,1002,14370.09207034833,872.4732230637248,3433,50,0.0,0.7693498297748917,0.21295821548533309,0.1782316926435723,0.19587646766669678,0.38389534758192645,0.8547381671701915,0.13795642596571217,257291.46568096426,0,False,False,True,"{""0"":null,""1"":null,""2"":null,""3"":null}",993.0,23899.0,993.0,16922.0,993.0,16922.0,843.1963231577138,14370.09207034833,843.1963231577138,0.0,0.0,872.4732230637255,15923.685680964258,0.0,0.5862101606016056,4.0,68.0,0.0,0.0,89.29999999991878,1432.199999999793,2.09999999999998,32.24999999999987,49.649999999954844,846.0999999997782,0.0,0.0,0.0,0.0,0.0,0.0,9.930000000000007,169.22,496.5,8461.0,0.0,2.0,506.4299999999994,8630.219999999998,0.0,0.0,872.4732230637255,15923.685680964258
24,2020-01-25,2020,False,20.065573770491802,992,0,1002,14370.09207034833,0.0,2600,50,0.0,,,0.175870598504814,0.19228819679912326,0.3838847493871798,0.867303427419355,0.07206541679373252,257291.46568096426,0,False,False,True,"{""0"":null,""1"":null,""2"":null,""3"":null}",992.0,24891.0,0.0,16922.0,0.0,16922.0,0.0,14370.09207034833,0.0,0.0,0.0,0.0,15923.685680964258,0.0,0.5862101606016056,0.0,68.0,0.0,0.0,0.0,1432.199999999793,0.0,32.24999999999987,0.0,846.0999999997782,0.0,0.0,0.0,0.0,0.0,0.0,0.0,169.22,0.0,8461.0,0.0,2.0,0.0,8630.219999999998,0.0,0.0,0.0,15923.685680964258
25,2020-01-26,2020,False,20.06830601092896,992,0,1002,14370.09207034833,0.0,2600,50,0.0,,,0.175870598504814,0.19228819679912326,0.3838847493871798,0.867303427419355,0.03336965641757887,257291.46568096426,0,False,False,True,"{""0"":null,""1"":null,""2"":null,""3"":null}",992.0,25883.0,0.0,16922.0,0.0,16922.0,0.0,14370.09207034833,0.0,0.0,0.0,0.0,15923.685680964258,0.0,0.5862101606016056,0.0,68.0,0.0,0.0,0.0,1432.199999999793,0.0,32.24999999999987,0.0,846.0999999997782,0.0,0.0,0.0,0.0,0.0,0.0,0.0,169.22,0.0,8461.0,0.0,2.0,0.0,8630.219999999998,0.0,0.0,0.0,15923.685680964258
26,2020-01-27,2020,True,20.07103825136612,992,992,1002,15212.408631896831,870.5633376882557,3569,11,0.0,0.8205156384783825,0.1629447761609996,0.175870598504814,0.1922881967991233,0.3838847493871798,0.8654637096774195,0.060794561421292116,257656.1090186525,0,False,False,True,"{""0"":null,""1"":null,""2"":null,""3"":null}",992.0,26875.0,992.0,17914.0,992.0,17914.0,842.3165615485013,15212.408631896831,842.3165615485013,0.0,0.0,870.5633376882561,16794.249018652514,0.0,0.5862101606016056,4.0,72.0,0.0,0.0,89.19999999991887,1521.3999999997118,7.499999999999929,39.7499999999998,49.59999999995489,895.6999999997331,0.0,0.0,0.0,0.0,0.0,0.0,9.919999999999987,179.14,496.0,8957.0,0.0,2.0,505.9200000000001,9136.139999999998,0.0,0.0,870.5633376882561,16794.249018652514
27,2020-01-28,2020,True,20.07377049180328,992,992,1002,16054.725193445332,817.459417532752,3616,23,0.14077868885044556,0.783399530458577,0.19252092676592306,0.17388407052014776,0.18973647441642671,0.3838847493871798,0.8766985887096774,0.0869852904052711,257967.64843618523,0,False,False,True,"{""0"":null,""1"":null,""2"":null,""3"":null}",992.0,27867.0,992.0,18906.0,992.0,18906.0,842.3165615485013,16054.725193445332,842.3165615485013,0.0,0.0,817.4594175327511,17611.708436185265,0.14077868885044553,0.7269888494520511,4.0,76.0,0.0,0.0,89.19999999991887,1610.5999999996307,0.0,39.7499999999998,49.59999999995489,945.299999999688,0.0,0.0,0.0,0.0,0.0,0.0,9.919999999999987,189.05999999999997,496.0,9453.0,0.0,2.0,505.9200000000001,9642.059999999998,0.0,0.0,817.4594175327511,17611.708436185265
28,2020-01-29,2020,True,20.07650273224044,991,991,1002,16896.088017411566,790.2991041845816,3703,45,0.0,0.8153728273417558,0.18597233883302994,0.1738411895560234,0.18882355907101736,0.38395057911250263,0.8867658930373361,0.11149211220140855,258252.5375403698,0,False,False,True,"{""0"":null,""1"":null,""2"":null,""3"":null}",991.0,28858.0,991.0,19897.0,991.0,19897.0,841.3628239662339,16896.088017411566,841.3628239662339,0.0,0.0,790.2991041845817,18402.007540369847,0.0,0.7269888494520511,4.0,80.0,0.0,0.0,89.09999999991896,1699.6999999995496,0.0,39.7499999999998,49.549999999954935,994.8499999996429,0.0,0.0,0.0,0.0,0.0,0.0,9.909999999999997,198.96999999999997,495.5,9948.5,0.0,2.0,505.40999999999985,10147.469999999998,0.0,0.0,790.2991041845817,18402.007540369847
29,2020-01-30,2020,True,20.079234972677597,990,990,1002,17736.689384901998,765.446368838037,3790,53,0.0,0.7919845263060415,0.19494027914694995,0.17335142966038725,0.18780639727793455,0.3837024868508675,0.8962171717171719,0.13510276838260138,258513.08390920787,0,False,False,True,"{""0"":null,""1"":null,""2"":null,""3"":null}",990.0,29848.0,990.0,20887.0,990.0,20887.0,840.6013674904316,17736.689384901998,840.6013674904316,0.0,0.0,765.4463688380383,19167.453909207885,0.0,0.7269888494520511,4.0,84.0,0.0,0.0,88.99999999991905,1788.6999999994687,1.6499999999999844,41.399999999999785,49.49999999995498,1044.349999999598,0.0,0.0,0.0,0.0,0.0,0.0,9.900000000000006,208.86999999999998,495.0,10443.5,0.0,2.0,504.89999999999964,10652.369999999997,0.0,0.0,765.4463688380383,19167.453909207885
30,2020-01-31,2020,True,20.081967213114755,990,990,1002,18577.29075239243,870.2202895832115,3892,47,0.0,0.7919395663830846,0.20571116093877562,0.1716460028271087,0.18527569901520152,0.3837024868508675,0.9053939393939395,0.1574936054158926,258878.40419879108,0,False,False,True,"{""0"":null,""1"":null,""2"":null,""3"":null}",990.0,30838.0,990.0,21877.0,990.0,21877.0,840.6013674904316,18577.29075239243,840.6013674904316,0.0,0.0,870.2202895832124,20037.674198791097,0.0,0.7269888494520511,4.0,88.0,0.0,0.0,88.99999999991905,1877.6999999993877,1.799999999999983,43.19999999999977,49.49999999995498,1093.849999999553,0.0,0.0,0.0,0.0,0.0,0.0,9.900000000000006,218.76999999999998,495.0,10938.5,0.0,2.0,504.89999999999964,11157.269999999997,0.0,0.0,870.2202895832124,20037.674198791097
31,2020-02-01,2020,False,20.084699453551913,989,0,1002,18577.29075239243,0.0,3100,47,0.0,,,0.17070803095624473,0.18382331378857664,0.383899386740545,0.9172800808897879,0.088176279064667,258878.40419879108,0,False,False,True,"{""0"":null,""1"":null,""2"":null,""3"":null}",989.0,31827.0,0.0,21877.0,0.0,21877.0,0.0,18577.29075239243,0.0,0.0,0.0,0.0,20037.674198791097,0.0,0.7269888494520511,0.0,88.0,0.0,0.0,0.0,1877.6999999993877,0.0,43.19999999999977,0.0,1093.849999999553,0.0,0.0,0.0,0.0,0.0,0.0,0.0,218.76999999999998,0.0,10938.5,0.0,2.0,0.0,11157.269999999997,0.0,0.0,0.0,20037.674198791097
32,2020-02-02,2020,False,20.08743169398907,988,0,1002,18577.29075239243,0.0,3100,47,0.0,,,0.17061739241903895,0.18379536569510585,0.3839652164658678,0.9172115384615386,0.04585042852790322,258878.40419879108,0,False,False,True,"{""0"":null,""1"":null,""2"":null,""3"":null}",988.0,32815.0,0.0,21877.0,0.0,21877.0,0.0,18577.29075239243,0.0,0.0,0.0,0.0,20037.674198791097,0.0,0.7269888494520511,0.0,88.0,0.0,0.0,0.0,1877.6999999993877,0.0,43.19999999999977,0.0,1093.849999999553,0.0,0.0,0.0,0.0,0.0,0.0,0.0,218.76999999999998,0.0,10938.5,0.0,2.0,0.0,11157.269999999997,0.0,0.0,0.0,20037.674198791097
33,2020-02-03,2020,True,20.09016393442623,989,989,1003,19416.95957181025,1024.071600492525,4040,11,0.0,0.8250301988045001,0.16221976852709646,0.17033414104596273,0.18277621761867668,0.38376831657619026,0.9145904954499496,0.07456733945629984,259397.08579928358,0,False,False,True,"{""0"":null,""1"":null,""2"":null,""3"":null}",989.0,33804.0,989.0,22866.0,989.0,22866.0,839.6688194178205,19416.95957181025,839.6688194178205,0.0,0.0,1024.0716004925234,21061.74579928362,0.0,0.7269888494520511,4.0,92.0,0.0,0.0,88.89999999991915,1966.5999999993069,7.049999999999933,50.2499999999997,49.449999999955025,1143.299999999508,0.0,0.0,0.0,0.0,0.0,0.0,9.889999999999986,228.65999999999997,494.5,11433.0,1.0,3.0,504.3899999999994,11661.659999999996,0.0,0.0,1024.0716004925234,21061.74579928362
34,2020-02-04,2020,True,20.092896174863387,989,989,1003,20256.62839122807,977.15416319404,4069,25,0.0,0.8261118930149353,0.16205956127468535,0.1702255527746746,0.18143026961628564,0.38376831657619026,0.9242669362992924,0.10197414474735482,259869.8499624776,0,False,False,True,"{""0"":null,""1"":null,""2"":null,""3"":null}",989.0,34793.0,989.0,23855.0,989.0,23855.0,839.6688194178205,20256.62839122807,839.6688194178205,0.0,0.0,977.1541631940418,22038.899962477662,0.0,0.7269888494520511,4.0,96.0,0.0,0.0,88.89999999991915,2055.499999999226,0.0,50.2499999999997,49.449999999955025,1192.749999999463,0.0,0.0,0.0,0.0,0.0,0.0,9.889999999999986,238.54999999999995,494.5,11927.5,0.0,3.0,504.3899999999994,12166.049999999996,0.0,0.0,977.1541631940418,22038.899962477662
35,2020-02-05,2020,True,20.095628415300546,988,988,1003,21095.36840837051,940.6055983447243,4189,47,0.06139177419511872,0.8046378864761614,0.19437931063332653,0.16906351959704813,0.1798444508268237,0.3835202243145551,0.9298481781376519,0.1277151894472997,260306.57556082233,0,False,False,True,"{""0"":null,""1"":null,""2"":null,""3"":null}",988.0,35781.0,988.0,24843.0,988.0,24843.0,838.7400171424379,21095.36840837051,838.7400171424379,0.0,0.0,940.6055983447259,22979.50556082239,0.061391774195118765,0.7883806236471699,4.0,100.0,0.0,0.0,88.79999999991924,2144.2999999991453,0.0,50.2499999999997,49.39999999995507,1242.149999999418,0.0,0.0,0.0,0.0,0.0,0.0,9.879999999999995,248.42999999999995,494.0,12421.5,0.0,3.0,503.8799999999992,12669.929999999995,0.0,0.0,940.6055983447259,22979.50556082239
36,2020-02-06,2020,True,20.098360655737704,988,988,1003,21934.108425512946,893.334349726768,4332,51,0.07049435279587812,0.8127762629657118,0.18004006271302808,0.16855879444910213,0.1784833798101898,0.3835202243145551,0.9352935222672065,0.15203096944522568,260696.02991054908,0,False,False,True,"{""0"":null,""1"":null,""2"":null,""3"":null}",988.0,36769.0,988.0,25831.0,988.0,25831.0,838.7400171424379,21934.108425512946,838.7400171424379,0.0,0.0,893.334349726767,23872.839910549155,0.07049435279587812,0.858874976443048,4.0,104.0,0.0,0.0,88.79999999991924,2233.0999999990645,1.6499999999999844,51.899999999999686,49.39999999995507,1291.549999999373,0.0,0.0,0.0,0.0,0.0,0.0,9.879999999999995,258.30999999999995,494.0,12915.5,0.0,3.0,503.8799999999992,13173.809999999994,0.0,0.0,893.334349726767,23872.839910549155
37,2020-02-07,2020,True,20.101092896174862,988,988,1003,22772.848442655384,849.3433421826321,4431,49,0.08095900394983156,0.8036050359360848,0.20518020741745843,0.16756471839734527,0.17699979432963958,0.3835202243145551,0.9401113360323887,0.17452731269668204,261041.4932527317,0,False,False,True,"{""0"":null,""1"":null,""2"":null,""3"":null}",988.0,37757.0,988.0,26819.0,988.0,26819.0,838.7400171424379,22772.848442655384,838.7400171424379,0.0,0.0,849.3433421826339,24722.18325273179,0.08095900394983158,0.9398339803928796,4.0,108.0,0.0,0.0,88.79999999991924,2321.8999999989837,2.09999999999998,53.999999999999666,49.39999999995507,1340.9499999993282,0.0,0.0,0.0,0.0,0.0,0.0,9.879999999999995,268.18999999999994,494.0,13409.5,0.0,3.0,503.8799999999992,13677.689999999993,0.0,0.0,849.3433421826339,24722.18325273179
38,2020-02-08,2020,False,20.103825136612024,988,0,1003,22772.848442655384,0.0,3600,49,0.0,,,0.16743403707248788,0.17591120650914932,0.3835202243145551,0.9461133603238866,0.10344473650776556,261041.4932527317,0,False,False,True,"{""0"":null,""1"":null,""2"":null,""3"":null}",988.0,38745.0,0.0,26819.0,0.0,26819.0,0.0,22772.848442655384,0.0,0.0,0.0,0.0,24722.18325273179,0.0,0.9398339803928796,0.0,108.0,0.0,0.0,0.0,2321.8999999989837,0.0,53.999999999999666,0.0,1340.9499999993282,0.0,0.0,0.0,0.0,0.0,0.0,0.0,268.18999999999994,0.0,13409.5,0.0,3.0,0.0,13677.689999999993,0.0,0.0,0.0,24722.18325273179
39,2020-02-09,2020,False,20.10655737704918,988,0,1003,22772.848442655384,0.0,3600,49,0.0,,,0.16743403707248788,0.17591120650914932,0.3835202243145551,0.9461133603238866,0.058409539605044546,261041.4932527317,0,False,False,True,"{""0"":null,""1"":null,""2"":null,""3"":null}",988.0,39733.0,0.0,26819.0,0.0,26819.0,0.0,22772.848442655384,0.0,0.0,0.0,0.0,24722.18325273179,0.0,0.9398339803928796,0.0,108.0,0.0,0.0,0.0,2321.8999999989837,0.0,53.999999999999666,0.0,1340.9499999993282,0.0,0.0,0.0,0.0,0.0,0.0,0.0,268.18999999999994,0.0,13409.5,0.0,3.0,0.0,13677.689999999993,0.0,0.0,0.0,24722.18325273179
40,2020-02-10,2020,True,20.10928961748634,988,988,1003,23611.588459797822,1024.7366520748537,4568,12,0.0,0.830982510025897,0.14805800929742952,0.16743403707248788,0.17591120650914932,0.3835202243145551,0.9443674089068826,0.08725603485975562,261562.34990480656,0,False,False,True,"{""0"":null,""1"":null,""2"":null,""3"":null}",988.0,40721.0,988.0,27807.0,988.0,27807.0,838.7400171424379,23611.588459797822,838.7400171424379,0.0,0.0,1024.7366520748546,25746.919904806644,0.0,0.9398339803928796,4.0,112.0,0.0,0.0,88.79999999991924,2410.699999998903,7.34999999999993,61.349999999999596,49.39999999995507,1390.3499999992832,0.0,0.0,0.0,0.0,0.0,0.0,9.879999999999995,278.06999999999994,494.0,13903.5,0.0,3.0,503.8799999999992,14181.569999999992,0.0,0.0,1024.7366520748546,25746.919904806644
41,2020-02-11,2020,True,20.112021857923498,988,988,1003,24450.32847694026,961.1581360345027,4614,29,0.0,0.8421531429872873,0.15368968916283585,0.1663137797884355,0.1743623695237371,0.3835202243145551,0.9475607287449394,0.11451432478235493,262019.62804084105,0,False,False,True,"{""0"":null,""1"":null,""2"":null,""3"":null}",988.0,41709.0,988.0,28795.0,988.0,28795.0,838.7400171424379,24450.32847694026,838.7400171424379,0.0,0.0,961.1581360345044,26708.07804084115,0.0,0.9398339803928796,4.0,116.0,0.0,0.0,88.79999999991924,2499.499999998822,0.0,61.349999999999596,49.39999999995507,1439.7499999992383,0.0,0.0,0.0,0.0,0.0,0.0,9.879999999999995,287.94999999999993,494.0,14397.5,0.0,3.0,503.8799999999992,14685.449999999992,0.0,0.0,961.1581360345044,26708.07804084115
42,2020-02-12,2020,True,20.114754098360656,987,987,1003,25288.168597389144,918.188130825952,4717,45,0.0,0.8186583638287495,0.16040316902251261,0.16631447172613675,0.17363233994616503,0.38371712420423265,0.9498277608915907,0.14000110028954216,262434.446171667,0,False,False,True,"{""0"":null,""1"":null,""2"":null,""3"":null}",987.0,42696.0,987.0,29782.0,987.0,29782.0,837.8401204488837,25288.168597389144,837.8401204488837,0.0,0.0,918.1881308259508,27626.2661716671,0.0,0.9398339803928796,4.0,120.0,0.0,0.0,88.69999999991933,2588.1999999987415,0.0,61.349999999999596,49.349999999955116,1489.0999999991934,0.0,0.0,0.0,0.0,0.0,0.0,9.870000000000005,297.81999999999994,493.5,14891.0,0.0,3.0,503.3700000000008,15188.819999999992,0.0,0.0,918.1881308259508,27626.2661716671
43,2020-02-13,2020,True,20.117486338797814,988,988,1004,26126.959837428996,867.2943325821938,4812,48,0.0,0.8280214116468058,0.15754999634851263,0.16610486328044435,0.1726045148252856,0.38365129447890983,0.951174089068826,0.16380816571491627,262796.8605042492,0,False,False,True,"{""0"":null,""1"":null,""2"":null,""3"":null}",988.0,43684.0,988.0,30770.0,988.0,30770.0,838.7912400398527,26126.959837428996,838.7912400398527,0.0,0.0,867.2943325821943,28493.560504249293,0.0,0.9398339803928796,4.0,124.0,0.0,0.0,88.79999999991924,2676.9999999986608,1.799999999999983,63.14999999999958,49.39999999995507,1538.4999999991485,0.0,0.0,0.0,0.0,0.0,0.0,9.879999999999995,307.69999999999993,494.0,15385.0,1.0,4.0,503.8799999999992,15692.699999999992,0.0,0.0,867.2943325821943,28493.560504249293
44,2020-02-14,2020,True,20.120218579234972,987,987,1004,26964.979589683204,838.5707769949265,4935,47,0.0,0.8175419617099398,0.19088725244012733,0.16608768236322258,0.17234224035351184,0.3836406962841632,0.952998986828774,0.18597996664628327,263132.06128124415,0,False,False,True,"{""0"":null,""1"":null,""2"":null,""3"":null}",987.0,44671.0,987.0,31757.0,987.0,31757.0,838.0197522542076,26964.979589683204,838.0197522542076,0.0,0.0,838.5707769949258,29332.13128124422,0.0,0.9398339803928796,4.0,128.0,0.0,0.0,88.69999999991933,2765.69999999858,2.550000000000054,65.69999999999963,49.349999999955116,1587.8499999991036,0.0,0.0,0.0,0.0,0.0,0.0,9.870000000000005,317.56999999999994,493.5,15878.5,0.0,4.0,503.3700000000008,16196.069999999992,0.0,0.0,838.5707769949258,29332.13128124422
45,2020-02-15,2020,False,20.12295081967213,986,0,1004,26964.979589683204,0.0,4100,47,0.0,,,0.165152962321971,0.17138849997609312,0.383706526009486,0.9565821501014199,0.11327031425108439,263132.06128124415,0,False,False,True,"{""0"":null,""1"":null,""2"":null,""3"":null}",986.0,45657.0,0.0,31757.0,0.0,31757.0,0.0,26964.979589683204,0.0,0.0,0.0,0.0,29332.13128124422,0.0,0.9398339803928796,0.0,128.0,0.0,0.0,0.0,2765.69999999858,0.0,65.69999999999963,0.0,1587.8499999991036,0.0,0.0,0.0,0.0,0.0,0.0,0.0,317.56999999999994,0.0,15878.5,0.0,4.0,0.0,16196.069999999992,0.0,0.0,0.0,29332.13128124422
46,2020-02-16,2020,False,20.12568306010929,985,0,1004,26964.979589683204,0.0,4100,47,0.0,,,0.16536912049274008,0.17153212905036652,0.38390342589916354,0.9565380710659899,0.06692724302574074,263132.06128124415,0,False,False,True,"{""0"":null,""1"":null,""2"":null,""3"":null}",985.0,46642.0,0.0,31757.0,0.0,31757.0,0.0,26964.979589683204,0.0,0.0,0.0,0.0,29332.13128124422,0.0,0.9398339803928796,0.0,128.0,0.0,0.0,0.0,2765.69999999858,0.0,65.69999999999963,0.0,1587.8499999991036,0.0,0.0,0.0,0.0,0.0,0.0,0.0,317.56999999999994,0.0,15878.5,0.0,4.0,0.0,16196.069999999992,0.0,0.0,0.0,29332.13128124422
47,2020-02-17,2020,True,20.128415300546447,985,985,1004,27801.299739406906,1003.6564413505984,5068,16,0.0065487328311494755,0.8313870128174033,0.16703026594133968,0.16536912049274008,0.17153212905036652,0.38390342589916354,0.9549644670050761,0.09556918222138062,263633.36772259476,0,False,False,True,"{""0"":null,""1"":null,""2"":null,""3"":null}",985.0,47627.0,985.0,32742.0,985.0,32742.0,836.3201497237023,27801.299739406906,836.3201497237023,0.0,0.0,1003.6564413505985,30335.787722594818,0.006548732831149429,0.946382713224029,4.0,132.0,0.0,0.0,88.49999999991951,2854.1999999984996,7.050000000000267,72.7499999999999,49.24999999995521,1637.0999999990588,0.0,0.0,0.0,0.0,0.0,0.0,9.850000000000023,327.41999999999996,492.5,16371.0,0.0,4.0,502.34999999999854,16698.41999999999,0.0,0.0,1003.6564413505985,30335.787722594818
48,2020-02-18,2020,True,20.131147540983605,985,985,1004,28637.61988913061,953.8542244008895,5103,31,0.0,0.825322200840634,0.18422269077035383,0.16537499896293983,0.1713278410091515,0.38390342589916354,0.9563197969543148,0.12257195515963479,264084.87194699567,0,False,False,True,"{""0"":null,""1"":null,""2"":null,""3"":null}",985.0,48612.0,985.0,33727.0,985.0,33727.0,836.3201497237023,28637.61988913061,836.3201497237023,0.0,0.0,953.8542244008895,31289.641946995707,0.0,0.946382713224029,4.0,136.0,0.0,0.0,88.49999999991951,2942.699999998419,0.0,72.7499999999999,49.24999999995521,1686.349999999014,0.0,0.0,0.0,0.0,0.0,0.0,9.850000000000023,337.27,492.5,16863.5,0.0,4.0,502.34999999999854,17200.76999999999,0.0,0.0,953.8542244008895,31289.641946995707
49,2020-02-19,2020,True,20.133879781420767,985,985,1004,29473.94003885431,913.081869755754,5200,51,0.0,0.8131390211171317,0.1867053431496722,0.16429602051126146,0.170016715512129,0.38390342589916354,0.9570609137055838,0.14776622879031856,264495.60381675145,0,False,False,True,"{""0"":null,""1"":null,""2"":null,""3"":null}",985.0,49597.0,985.0,34712.0,985.0,34712.0,836.3201497237023,29473.94003885431,836.3201497237023,0.0,0.0,913.0818697557552,32202.723816751462,0.0,0.946382713224029,4.0,140.0,0.0,0.0,88.49999999991951,3031.1999999983386,0.0,72.7499999999999,49.24999999995521,1735.5999999989692,0.0,0.0,0.0,0.0,0.0,0.0,9.850000000000023,347.12,492.5,17356.0,0.0,4.0,502.34999999999854,17703.119999999988,0.0,0.0,913.0818697557552,32202.723816751462
50,2020-02-20,2020,True,20.136612021857925,983,983,1004,30308.62173553219,857.2564537941354,5319,61,0.0,0.8076004623008894,0.1903021432559514,0.16497080069415324,0.1702000072296303,0.38371816123541275,0.958204476093591,0.1712161166319836,264851.53027054557,0,False,False,True,"{""0"":null,""1"":null,""2"":null,""3"":null}",983.0,50580.0,983.0,35695.0,983.0,35695.0,834.6816966778788,30308.62173553219,834.6816966778788,0.0,0.0,857.2564537941325,33059.980270545595,0.0,0.946382713224029,4.0,144.0,0.0,0.0,88.29999999991969,3119.4999999982583,2.400000000000091,75.14999999999999,49.1499999999553,1784.7499999989245,0.0,0.0,0.0,0.0,0.0,0.0,9.829999999999984,356.95,491.5,17847.5,0.0,4.0,501.33000000000175,18204.44999999999,0.0,0.0,857.2564537941325,33059.980270545595
51,2020-02-21,2020,True,20.139344262295083,983,983,1004,31143.30343221007,824.3001892822415,5416,60,0.0,0.8392519440803794,0.15553440851707329,0.165294168057012,0.17027093384186814,0.38371816123541275,0.9590437436419125,0.19275617809417597,265174.5004598278,0,False,False,True,"{""0"":null,""1"":null,""2"":null,""3"":null}",983.0,51563.0,983.0,36678.0,983.0,36678.0,834.6816966778788,31143.30343221007,834.6816966778788,0.0,0.0,824.3001892822431,33884.28045982784,0.0,0.946382713224029,4.0,148.0,0.0,0.0,88.29999999991969,3207.799999998178,2.2500000000000853,77.40000000000008,49.1499999999553,1833.8999999988798,0.0,0.0,0.0,0.0,0.0,0.0,9.829999999999984,366.78,491.5,18339.0,0.0,4.0,501.33000000000175,18705.77999999999,0.0,0.0,824.3001892822431,33884.28045982784
52,2020-02-22,2020,False,20.14207650273224,983,0,1004,31143.30343221007,0.0,4600,60,0.0,,,0.16456155309122195,0.16980860287608918,0.38371816123541275,0.9616734486266532,0.11905609783744828,265174.5004598278,0,False,False,True,"{""0"":null,""1"":null,""2"":null,""3"":null}",983.0,52546.0,0.0,36678.0,0.0,36678.0,0.0,31143.30343221007,0.0,0.0,0.0,0.0,33884.28045982784,0.0,0.946382713224029,0.0,148.0,0.0,0.0,0.0,3207.799999998178,0.0,77.40000000000008,0.0,1833.8999999988798,0.0,0.0,0.0,0.0,0.0,0.0,0.0,366.78,0.0,18339.0,0.0,4.0,0.0,18705.77999999999,0.0,0.0,0.0,33884.28045982784
53,2020-02-23,2020,False,20.1448087431694,983,0,1004,31143.30343221007,0.0,4600,60,0.0,,,0.16456155309122195,0.16980860287608918,0.38371816123541275,0.9616734486266532,0.07140430069325517,265174.5004598278,0,False,False,True,"{""0"":null,""1"":null,""2"":null,""3"":null}",983.0,53529.0,0.0,36678.0,0.0,36678.0,0.0,31143.30343221007,0.0,0.0,0.0,0.0,33884.28045982784,0.0,0.946382713224029,0.0,148.0,0.0,0.0,0.0,3207.799999998178,0.0,77.40000000000008,0.0,1833.8999999988798,0.0,0.0,0.0,0.0,0.0,0.0,0.0,366.78,0.0,18339.0,0.0,4.0,0.0,18705.77999999999,0.0,0.0,0.0,33884.28045982784
54,2020-02-24,2020,True,20.147540983606557,983,983,1004,31977.985128887947,994.0481295036567,5573,13,0.04319353354466501,0.8636766926808226,0.11517756302743247,0.16456155309122195,0.16980860287608918,0.38371816123541275,0.9599186164801627,0.09979179228830848,265667.21858933143,0,False,False,True,"{""0"":null,""1"":null,""2"":null,""3"":null}",983.0,54512.0,983.0,37661.0,983.0,37661.0,834.6816966778788,31977.985128887947,834.6816966778788,0.0,0.0,994.0481295036589,34878.3285893315,0.04319353354466504,0.989576246768694,4.0,152.0,0.0,0.0,88.29999999991969,3296.0999999980977,9.000000000000341,86.40000000000042,49.1499999999553,1883.0499999988351,0.0,0.0,0.0,0.0,0.0,0.0,9.829999999999984,376.60999999999996,491.5,18830.5,0.0,4.0,501.33000000000175,19207.109999999993,0.0,0.0,994.0481295036589,34878.3285893315
55,2020-02-25,2020,True,20.150273224043715,983,983,1004,32812.66682556582,938.1512345838078,5626,23,0.0,0.8412513844452225,0.1556693741597242,0.16508415448148686,0.1700579349774559,0.38371816123541275,0.9617243133265514,0.12666216628267063,266104.0398239152,0,False,False,True,"{""0"":null,""1"":null,""2"":null,""3"":null}",983.0,55495.0,983.0,38644.0,983.0,38644.0,834.6816966778752,32812.66682556582,834.6816966778752,0.0,0.0,938.1512345838055,35816.4798239153,0.0,0.989576246768694,4.0,156.0,0.0,0.0,88.29999999991969,3384.3999999980174,0.0,86.40000000000042,49.1499999999553,1932.1999999987904,0.0,0.0,0.0,0.0,0.0,0.0,9.829999999999984,386.43999999999994,491.5,19322.0,0.0,4.0,501.33000000000175,19708.439999999995,0.0,0.0,938.1512345838055,35816.4798239153
56,2020-02-26,2020,True,20.153005464480874,983,983,1004,33647.34852224367,911.3560992886358,5705,33,0.0,0.8453455606425396,0.15060761135792602,0.16435858104582732,0.16916541336920893,0.38371816123541275,0.9617446592065106,0.15150147977301973,266514.06592320383,0,False,False,True,"{""0"":null,""1"":null,""2"":null,""3"":null}",983.0,56478.0,983.0,39627.0,983.0,39627.0,834.6816966778497,33647.34852224367,834.6816966778497,0.0,0.0,911.3560992886341,36727.83592320394,0.0,0.989576246768694,4.0,160.0,0.0,0.0,88.29999999991969,3472.699999997937,0.0,86.40000000000042,49.1499999999553,1981.3499999987457,0.0,0.0,0.0,0.0,0.0,0.0,9.829999999999984,396.2699999999999,491.5,19813.5,0.0,4.0,501.33000000000175,20209.769999999997,0.0,0.0,911.3560992886341,36727.83592320394
57,2020-02-27,2020,True,20.15573770491803,984,984,1005,34482.75467671726,839.9069670907055,5811,38,0.0,0.8271720625999899,0.17319978582598622,0.16454965034791497,0.16854759900506475,0.38396625349704794,0.9613262195121952,0.17433861205425594,266851.13289029454,0,False,False,True,"{""0"":null,""1"":null,""2"":null,""3"":null}",984.0,57462.0,984.0,40611.0,984.0,40611.0,835.4061544735887,34482.75467671726,835.4061544735887,0.0,0.0,839.9069670907047,37567.74289029464,0.0,0.989576246768694,4.0,164.0,0.0,0.0,88.3999999999196,3561.0999999978567,1.950000000000074,88.35000000000049,49.19999999995525,2030.549999998701,0.0,0.0,0.0,0.0,0.0,0.0,9.839999999999975,406.1099999999999,492.0,20305.5,1.0,5.0,501.84000000000015,20711.609999999997,0.0,0.0,839.9069670907047,37567.74289029464
58,2020-02-28,2020,True,20.15846994535519,984,984,1005,35318.16083119085,831.7863490610241,5902,44,0.0,0.812013990128453,0.18112319116634376,0.164301977949058,0.16865008920500246,0.38396625349704794,0.961234756097561,0.19551896727275503,267181.0792393555,0,False,False,True,"{""0"":null,""1"":null,""2"":null,""3"":null}",984.0,58446.0,984.0,41595.0,984.0,41595.0,835.4061544735887,35318.16083119085,835.4061544735887,0.0,0.0,831.7863490610252,38399.52923935567,0.0,0.989576246768694,4.0,168.0,0.0,0.0,88.3999999999196,3649.4999999977763,1.5000000000000568,89.85000000000055,49.20000000009941,2079.7499999988004,0.0,0.0,0.0,0.0,0.0,0.0,9.839999999999975,415.9499999999999,492.0,20797.5,0.0,5.0,501.84000000000015,21213.449999999997,0.0,0.0,831.7863490610252,38399.52923935567
59,2020-02-29,2020,False,20.161202185792348,984,0,1005,35318.16083119085,0.0,5100,44,0.0,,,0.16429777950920565,0.16872916325320925,0.38396625349704794,0.9635772357723577,0.1212870397723667,267181.0792393555,0,False,False,True,"{""0"":null,""1"":null,""2"":null,""3"":null}",984.0,59430.0,0.0,41595.0,0.0,41595.0,0.0,35318.16083119085,0.0,0.0,0.0,0.0,38399.52923935567,0.0,0.989576246768694,0.0,168.0,0.0,0.0,0.0,3649.4999999977763,0.0,89.85000000000055,0.0,2079.7499999988004,0.0,0.0,0.0,0.0,0.0,0.0,0.0,415.9499999999999,0.0,20797.5,0.0,5.0,0.0,21213.449999999997,0.0,0.0,0.0,38399.52923935567
60,2020-03-01,2020,False,20.16393442622951,984,0,1005,35318.16083119085,0.0,5100,44,0.0,,,0.16429777950920565,0.16872916325320927,0.38396625349704794,0.9635772357723577,0.07311822599399755,267181.0792393555,0,False,False,True,"{""0"":null,""1"":null,""2"":null,""3"":null}",984.0,60414.0,0.0,41595.0,0.0,41595.0,0.0,35318.16083119085,0.0,0.0,0.0,0.0,38399.52923935567,0.0,0.989576246768694,0.0,168.0,0.0,0.0,0.0,3649.4999999977763,0.0,89.85000000000055,0.0,2079.7499999988004,0.0,0.0,0.0,0.0,0.0,0.0,0.0,415.9499999999999,0.0,20797.5,0.0,5.0,0.0,21213.449999999997,0.0,0.0,0.0,38399.52923935567
61,2020-03-02,2020,True,20.166666666666668,984,984,1006,36153.66097081146,1003.967942210356,6056,21,0.0,0.8456393811055566,0.1437283858121535,0.16414197799820945,0.16782097585534697,0.38396625349704794,0.9614684959349594,0.10148090316775621,267682.2071815659,0,False,False,True,"{""0"":null,""1"":null,""2"":null,""3"":null}",984.0,61398.0,984.0,42579.0,984.0,42579.0,835.5001396206135,36153.66097081146,835.5001396206135,0.0,0.0,1003.9679422103582,39403.497181566025,0.0,0.989576246768694,4.0,172.0,0.0,0.0,88.3999999999196,3737.899999997696,6.60000000000025,96.4500000000008,49.20000000017899,2128.9499999989794,0.0,0.0,0.0,0.0,0.0,0.0,9.839999999999975,425.78999999999985,492.0,21289.5,1.0,6.0,501.84000000000015,21715.289999999997,0.0,0.0,1003.9679422103582,39403.497181566025
62,2020-03-03,2020,True,20.169398907103826,984,984,1006,36989.16111043208,955.7488329386491,6118,39,0.0,0.8535139502256088,0.1568336471409007,0.16410727952620208,0.16774534984169653,0.38396625349704794,0.962505081300813,0.12792691834603556,268136.1160145045,0,False,False,True,"{""0"":null,""1"":null,""2"":null,""3"":null}",984.0,62382.0,984.0,43563.0,984.0,43563.0,835.5001396206135,36989.16111043208,835.5001396206135,0.0,0.0,955.748832938647,40359.24601450467,0.0,0.989576246768694,4.0,176.0,0.0,0.0,88.3999999999196,3826.2999999976155,0.0,96.4500000000008,49.20000000017899,2178.1499999991584,0.0,0.0,0.0,0.0,0.0,0.0,9.839999999999975,435.6299999999998,492.0,21781.5,0.0,6.0,501.84000000000015,22217.129999999997,0.0,0.0,955.748832938647,40359.24601450467
63,2020-03-04,2020,True,20.172131147540984,984,984,1006,37824.66125005269,918.3099347673659,6208,62,0.0,0.824300213268115,0.15784512841220555,0.16426332265071464,0.16747811022015166,0.38396625349704794,0.9627845528455284,0.15245637686459193,268552.58594927186,0,False,False,True,"{""0"":null,""1"":null,""2"":null,""3"":null}",984.0,63366.0,984.0,44547.0,984.0,44547.0,835.5001396206135,37824.66125005269,835.5001396206135,0.0,0.0,918.3099347673633,41277.555949272035,0.0,0.989576246768694,4.0,180.0,0.0,0.0,88.3999999999196,3914.699999997535,0.0,96.4500000000008,49.20000000017899,2227.3499999993373,0.0,0.0,0.0,0.0,0.0,0.0,9.839999999999975,445.4699999999998,492.0,22273.5,0.0,6.0,501.84000000000015,22718.969999999998,0.0,0.0,918.3099347673633,41277.555949272035
64,2020-03-05,2020,True,20.174863387978142,984,984,1006,38660.1613896733,866.2923914977007,6326,55,0.0,0.8464783848479029,0.1552647136066827,0.16380727716446591,0.16680200089240238,0.38396625349704794,0.9629878048780488,0.17514139171424783,268917.03834076953,0,False,False,True,"{""0"":null,""1"":null,""2"":null,""3"":null}",984.0,64350.0,984.0,45531.0,984.0,45531.0,835.5001396206135,38660.1613896733,835.5001396206135,0.0,0.0,866.2923914977,42143.848340769735,0.0,0.989576246768694,4.0,184.0,0.0,0.0,88.3999999999196,4003.0999999974547,3.1500000000001194,99.60000000000092,49.20000000017899,2276.5499999995163,0.0,0.0,0.0,0.0,0.0,0.0,9.839999999999975,455.3099999999998,492.0,22765.5,0.0,6.0,501.84000000000015,23220.809999999998,0.0,0.0,866.2923914977,42143.848340769735
65,2020-03-06,2020,True,20.1775956284153,985,985,1007,39496.56006697559,823.8943053788919,6418,54,0.05981702282094422,0.7959673836477427,0.2184183693126226,0.1635814957265851,0.16568062744779724,0.383899386740545,0.9629187817258883,0.1961050463160977,269237.58264614845,0,False,False,True,"{""0"":null,""1"":null,""2"":null,""3"":null}",985.0,65335.0,985.0,46516.0,985.0,46516.0,836.3986773022843,39496.56006697559,836.3986773022843,0.0,0.0,823.8943053788898,42967.742646148625,0.05981702282094414,1.0493932695896382,4.0,188.0,0.0,0.0,88.49999999991951,4091.599999997374,2.7000000000001023,102.30000000000102,49.25000000017917,2325.7999999996955,0.0,0.0,0.0,0.0,0.0,0.0,9.850000000000023,465.1599999999998,492.5,23258.0,1.0,7.0,502.34999999999854,23723.159999999996,0.0,0.0,823.8943053788898,42967.742646148625
66,2020-03-07,2020,False,20.18032786885246,985,0,1007,39496.56006697559,0.0,5600,54,0.0,,,0.16354140529262198,0.16613537341359164,0.383899386740545,0.9652131979695432,0.12128224003201148,269237.58264614845,0,False,False,True,"{""0"":null,""1"":null,""2"":null,""3"":null}",985.0,66320.0,0.0,46516.0,0.0,46516.0,0.0,39496.56006697559,0.0,0.0,0.0,0.0,42967.742646148625,0.0,1.0493932695896382,0.0,188.0,0.0,0.0,0.0,4091.599999997374,0.0,102.30000000000102,0.0,2325.7999999996955,0.0,0.0,0.0,0.0,0.0,0.0,0.0,465.1599999999998,0.0,23258.0,0.0,7.0,0.0,23723.159999999996,0.0,0.0,0.0,42967.742646148625
67,2020-03-08,2020,False,20.183060109289617,984,0,1007,39496.56006697559,0.0,5600,54,0.0,,,0.16331096746898188,0.16573932196887622,0.3836472553202913,0.9651778455284553,0.07250155074580669,269237.58264614845,0,False,False,True,"{""0"":null,""1"":null,""2"":null,""3"":null}",984.0,67304.0,0.0,46516.0,0.0,46516.0,0.0,39496.56006697559,0.0,0.0,0.0,0.0,42967.742646148625,0.0,1.0493932695896382,0.0,188.0,0.0,0.0,0.0,4091.599999997374,0.0,102.30000000000102,0.0,2325.7999999996955,0.0,0.0,0.0,0.0,0.0,0.0,0.0,465.1599999999998,0.0,23258.0,0.0,7.0,0.0,23723.159999999996,0.0,0.0,0.0,42967.742646148625
68,2020-03-09,2020,True,20.185792349726775,984,984,1007,40332.032772395876,996.4344574922069,6558,14,0.0,0.8494670258654582,0.14722219792522862,0.16331096746898188,0.1657393219688762,0.3836472553202913,0.9631961382113821,0.10076686647203797,269732.1771036406,0,False,False,True,"{""0"":null,""1"":null,""2"":null,""3"":null}",984.0,68288.0,984.0,47500.0,984.0,47500.0,835.4727054202885,40332.032772395876,835.4727054202885,0.0,0.0,996.434457492207,43964.17710364083,0.0,1.0493932695896382,4.0,192.0,0.0,0.0,88.40000000030113,4179.999999997675,7.950000000000301,110.25000000000132,49.20000000017899,2374.9999999998745,0.0,0.0,0.0,0.0,0.0,0.0,9.839999999999975,474.9999999999998,492.0,23750.0,0.0,7.0,501.84000000000015,24224.999999999996,0.0,0.0,996.434457492207,43964.17710364083
69,2020-03-10,2020,True,20.188524590163933,984,984,1007,41167.505477816165,966.5625063389874,6612,41,0.030839755373260887,0.8333176570355225,0.16369527028440456,0.16293184676071126,0.1655246121431823,0.3836472553202913,0.9639684959349593,0.12723960167928572,270196.8996099796,0,False,False,True,"{""0"":null,""1"":null,""2"":null,""3"":null}",984.0,69272.0,984.0,48484.0,984.0,48484.0,835.4727054202885,41167.505477816165,835.4727054202885,0.0,0.0,966.5625063389889,44930.73960997982,0.03083975537326089,1.080233024962899,4.0,196.0,0.0,0.0,88.4000000003216,4268.399999997997,0.15000000000000568,110.40000000000133,49.20000000017899,2424.2000000000535,0.0,0.0,0.0,0.0,0.0,0.0,9.839999999999975,484.83999999999975,492.0,24242.0,0.0,7.0,501.84000000000015,24726.839999999997,0.0,0.0,966.5625063389889,44930.73960997982
70,2020-03-11,2020,True,20.19125683060109,984,984,1007,42002.97818323645,896.2908477843172,6711,61,0.0,0.8659676537170118,0.11481095364409896,0.16296018780167665,0.1655342601404426,0.3836472553202913,0.964349593495935,0.15179874750422598,270591.3504577639,0,False,False,True,"{""0"":null,""1"":null,""2"":null,""3"":null}",984.0,70256.0,984.0,49468.0,984.0,49468.0,835.4727054202885,42002.97818323645,835.4727054202885,0.0,0.0,896.2908477843157,45827.03045776414,0.0,1.080233024962899,4.0,200.0,0.0,0.0,88.4000000003216,4356.7999999983185,0.0,110.40000000000133,49.20000000017899,2473.4000000002325,0.0,0.0,0.0,0.0,0.0,0.0,9.839999999999975,494.6799999999997,492.0,24734.0,0.0,7.0,501.84000000000015,25228.679999999997,0.0,0.0,896.2908477843157,45827.03045776414
71,2020-03-12,2020,True,20.193989071038253,984,984,1007,42838.45088865674,887.8929014059244,6814,67,0.0,0.8253673251444752,0.1556809164778472,0.16282184208489264,0.16575292005344783,0.3836472553202913,0.964369918699187,0.17465152226142175,270977.4033591698,0,False,False,True,"{""0"":null,""1"":null,""2"":null,""3"":null}",984.0,71240.0,984.0,50452.0,984.0,50452.0,835.4727054202885,42838.45088865674,835.4727054202885,0.0,0.0,887.8929014059249,46714.92335917006,0.0,1.080233024962899,4.0,204.0,0.0,0.0,88.4000000003216,4445.19999999864,1.950000000000074,112.3500000000014,49.20000000017899,2522.6000000004115,0.0,0.0,0.0,0.0,0.0,0.0,9.839999999999975,504.5199999999997,492.0,25226.0,0.0,7.0,501.84000000000015,25730.519999999997,0.0,0.0,887.8929014059249,46714.92335917006
72,2020-03-13,2020,True,20.19672131147541,984,984,1007,43673.92359407703,845.007729151405,6933,58,0.0,0.8281985211703654,0.18982869766429164,0.1629005359396737,0.16555398098942747,0.3836472553202913,0.9643902439024391,0.1957945378335601,271320.57108832116,0,False,False,True,"{""0"":null,""1"":null,""2"":null,""3"":null}",984.0,72224.0,984.0,51436.0,984.0,51436.0,835.4727054202885,43673.92359407703,835.4727054202885,0.0,0.0,845.0077291514026,47559.931088321464,0.0,1.080233024962899,4.0,208.0,0.0,0.0,88.4000000003216,4533.599999998962,4.200000000000159,116.55000000000156,49.20000000017899,2571.8000000005904,0.0,0.0,0.0,0.0,0.0,0.0,9.839999999999975,514.3599999999997,492.0,25718.0,0.0,7.0,501.84000000000015,26232.359999999997,0.0,0.0,845.0077291514026,47559.931088321464
73,2020-03-14,2020,False,20.19945355191257,984,0,1007,43673.92359407703,0.0,6100,58,0.0,,,0.16313863005769608,0.1657977616234737,0.3836472553202913,0.9665548780487805,0.12069037061236214,271320.57108832116,0,False,False,True,"{""0"":null,""1"":null,""2"":null,""3"":null}",984.0,73208.0,0.0,51436.0,0.0,51436.0,0.0,43673.92359407703,0.0,0.0,0.0,0.0,47559.931088321464,0.0,1.080233024962899,0.0,208.0,0.0,0.0,0.0,4533.599999998962,0.0,116.55000000000156,0.0,2571.8000000005904,0.0,0.0,0.0,0.0,0.0,0.0,0.0,514.3599999999997,0.0,25718.0,0.0,7.0,0.0,26232.359999999997,0.0,0.0,0.0,47559.931088321464
74,2020-03-15,2020,False,20.202185792349727,984,0,1007,43673.92359407703,0.0,6100,58,0.0,,,0.16313863005769608,0.1657977616234737,0.3836472553202913,0.9665548780487805,0.07160905886051598,271320.57108832116,0,False,False,True,"{""0"":null,""1"":null,""2"":null,""3"":null}",984.0,74192.0,0.0,51436.0,0.0,51436.0,0.0,43673.92359407703,0.0,0.0,0.0,0.0,47559.931088321464,0.0,1.080233024962899,0.0,208.0,0.0,0.0,0.0,4533.599999998962,0.0,116.55000000000156,0.0,2571.8000000005904,0.0,0.0,0.0,0.0,0.0,0.0,0.0,514.3599999999997,0.0,25718.0,0.0,7.0,0.0,26232.359999999997,0.0,0.0,0.0,47559.931088321464
75,2020-03-16,2020,True,20.204918032786885,984,984,1007,44509.39629949732,1014.1708613756692,7041,21,0.0,0.8789977891255738,0.11353676550416308,0.16313863005769608,0.1657977616234737,0.3836472553202913,0.9640650406504064,0.10003254672133659,271832.9019496968,0,False,False,True,"{""0"":null,""1"":null,""2"":null,""3"":null}",984.0,75176.0,984.0,52420.0,984.0,52420.0,835.4727054202885,44509.39629949732,835.4727054202885,0.0,0.0,1014.1708613756709,48574.101949697135,0.0,1.080233024962899,4.0,212.0,0.0,0.0,88.4000000003216,4621.999999999283,8.70000000000033,125.25000000000189,49.20000000017899,2621.0000000007694,0.0,0.0,0.0,0.0,0.0,0.0,9.840000000000032,524.1999999999997,492.0,26210.0,0.0,7.0,501.84000000000015,26734.199999999997,0.0,0.0,1014.1708613756709,48574.101949697135
76,2020-03-17,2020,True,20.207650273224044,984,984,1007,45344.86900491761,970.1838986279085,7121,36,0.0,0.8587447453582832,0.13443873206208662,0.16319163020715965,0.16557676198049662,0.3836472553202913,0.965005081300813,0.1266190980903025,272301.24584832473,0,False,False,True,"{""0"":null,""1"":null,""2"":null,""3"":null}",984.0,76160.0,984.0,53404.0,984.0,53404.0,835.4727054202885,45344.86900491761,835.4727054202885,0.0,0.0,970.1838986279108,49544.285848325046,0.0,1.080233024962899,4.0,216.0,0.0,0.0,88.4000000003216,4710.399999999605,0.0,125.25000000000189,49.20000000017899,2670.2000000009484,0.0,0.0,0.0,0.0,0.0,0.0,9.840000000000032,534.0399999999997,492.0,26702.0,0.0,7.0,501.84000000000015,27236.039999999997,0.0,0.0,970.1838986279108,49544.285848325046
77,2020-03-18,2020,True,20.2103825136612,986,986,1009,46182.09548702266,924.030056087261,7221,50,0.019445421049649098,0.8346479876921429,0.16389812259054148,0.16275867345421613,0.16374046254330024,0.3838335570152222,0.9651774847870183,0.1512736038236246,272720.415904412,0,False,False,True,"{""0"":null,""1"":null,""2"":null,""3"":null}",986.0,77146.0,986.0,54390.0,986.0,54390.0,837.2264821050558,46182.09548702266,837.2264821050558,0.0,0.0,924.0300560872638,50468.31590441231,0.01944542104964908,1.0996784460125482,4.0,220.0,0.0,0.0,88.60000000032232,4798.999999999927,0.0,125.25000000000189,49.30000000017935,2719.500000001128,0.0,0.0,0.0,0.0,0.0,0.0,9.860000000000014,543.8999999999997,493.0,27195.0,2.0,9.0,502.8600000000006,27738.899999999998,0.0,0.0,924.0300560872638,50468.31590441231
78,2020-03-19,2020,True,20.21311475409836,986,986,1009,47019.32196912772,891.838575592065,7337,43,0.0,0.8296113857864031,0.15653463874665652,0.1629542661996256,0.16381954608890056,0.3838335570152222,0.9655121703853955,0.1742166116682759,273109.3944800041,0,False,False,True,"{""0"":null,""1"":null,""2"":null,""3"":null}",986.0,78132.0,986.0,55376.0,986.0,55376.0,837.2264821050558,47019.32196912772,837.2264821050558,0.0,0.0,891.8385755920681,51360.15448000438,0.0,1.0996784460125482,4.0,224.0,0.0,0.0,88.60000000032232,4887.60000000025,3.150000000000105,128.400000000002,49.30000000017935,2768.800000001307,0.0,0.0,0.0,0.0,0.0,0.0,9.860000000000014,553.7599999999998,493.0,27688.0,0.0,9.0,502.8600000000006,28241.76,0.0,0.0,891.8385755920681,51360.15448000438
79,2020-03-20,2020,True,20.215846994535518,986,986,1009,47856.548451232775,846.1266496458737,7424,50,0.043330691558828856,0.824566015169583,0.18253307016532266,0.16294067103778984,0.16361849876925932,0.3838335570152222,0.9654259634888438,0.19548188657765372,273452.66112964996,0,False,False,True,"{""0"":null,""1"":null,""2"":null,""3"":null}",986.0,79118.0,986.0,56362.0,986.0,56362.0,837.2264821050558,47856.548451232775,837.2264821050558,0.0,0.0,846.1266496458702,52206.28112965025,0.04333069155882896,1.1430091375713771,4.0,228.0,0.0,0.0,88.60000000032232,4976.200000000572,2.2500000000000853,130.65000000000208,49.30000000017935,2818.1000000014865,0.0,0.0,0.0,0.0,0.0,0.0,9.860000000000014,563.6199999999998,493.0,28181.0,0.0,9.0,502.8600000000006,28744.62,0.0,0.0,846.1266496458702,52206.28112965025
80,2020-03-21,2020,False,20.218579234972676,986,0,1009,47856.548451232775,0.0,6600,50,0.0,,,0.16282591973882635,0.1638842870298565,0.3838335570152222,0.96723630831643,0.11994325160993025,273452.66112964996,0,False,False,True,"{""0"":null,""1"":null,""2"":null,""3"":null}",986.0,80104.0,0.0,56362.0,0.0,56362.0,0.0,47856.548451232775,0.0,0.0,0.0,0.0,52206.28112965025,0.0,1.1430091375713771,0.0,228.0,0.0,0.0,0.0,4976.200000000572,0.0,130.65000000000208,0.0,2818.1000000014865,0.0,0.0,0.0,0.0,0.0,0.0,0.0,563.6199999999998,0.0,28181.0,0.0,9.0,0.0,28744.62,0.0,0.0,0.0,52206.28112965025
81,2020-03-22,2020,False,20.221311475409838,986,0,1009,47856.548451232775,0.0,6600,50,0.0,,,0.16282591973882635,0.1638842870298565,0.3838335570152222,0.96723630831643,0.07065131445659331,273452.66112964996,0,False,False,True,"{""0"":null,""1"":null,""2"":null,""3"":null}",986.0,81090.0,0.0,56362.0,0.0,56362.0,0.0,47856.548451232775,0.0,0.0,0.0,0.0,52206.28112965025,0.0,1.1430091375713771,0.0,228.0,0.0,0.0,0.0,4976.200000000572,0.0,130.65000000000208,0.0,2818.1000000014865,0.0,0.0,0.0,0.0,0.0,0.0,0.0,563.6199999999998,0.0,28181.0,0.0,9.0,0.0,28744.62,0.0,0.0,0.0,52206.28112965025
82,2020-03-23,2020,True,20.224043715846996,986,986,1009,48693.77493333783,1026.3367959894365,7549,20,0.0,0.852052470829367,0.14041237069843607,0.16282591973882637,0.1638842870298565,0.3838335570152222,0.9650557809330629,0.09927951871523844,273976.1379256394,0,False,False,True,"{""0"":null,""1"":null,""2"":null,""3"":null}",986.0,82076.0,986.0,57348.0,986.0,57348.0,837.2264821050558,48693.77493333783,837.2264821050558,0.0,0.0,1026.3367959894385,53232.617925639686,0.0,1.1430091375713771,4.0,232.0,0.0,0.0,88.60000000032232,5064.800000000894,7.500000000000284,138.15000000000236,49.30000000017935,2867.400000001666,0.0,0.0,0.0,0.0,0.0,0.0,9.860000000000014,573.4799999999998,493.0,28674.0,0.0,9.0,502.8600000000006,29247.48,0.0,0.0,1026.3367959894385,53232.617925639686
83,2020-03-24,2020,True,20.226775956284154,986,986,1009,49531.001415442886,961.7558115414727,7610,34,0.0,0.8610559688218116,0.13381159115192354,0.162905615255843,0.1638336065850648,0.3838335570152222,0.965552738336714,0.12594340423757186,274435.0337371809,0,False,False,True,"{""0"":null,""1"":null,""2"":null,""3"":null}",986.0,83062.0,986.0,58334.0,986.0,58334.0,837.2264821050558,49531.001415442886,837.2264821050558,0.0,0.0,961.7558115414722,54194.37373718116,0.0,1.1430091375713771,4.0,236.0,0.0,0.0,88.60000000032232,5153.4000000012165,0.0,138.15000000000236,49.30000000017935,2916.700000001845,0.0,0.0,0.0,0.0,0.0,0.0,9.860000000000014,583.3399999999998,493.0,29167.0,0.0,9.0,502.8600000000006,29750.34,0.0,0.0,961.7558115414722,54194.37373718116
84,2020-03-25,2020,True,20.229508196721312,986,986,1009,50368.22789754794,931.2566904930782,7731,47,0.0,0.8285535460353377,0.1728294539599316,0.1626376935560954,0.1634708794506156,0.3838335570152222,0.9657707910750507,0.1507302402374591,274863.430427674,0,False,False,True,"{""0"":null,""1"":null,""2"":null,""3"":null}",986.0,84048.0,986.0,59320.0,986.0,59320.0,837.2264821050558,50368.22789754794,837.2264821050558,0.0,0.0,931.2566904930791,55125.63042767424,0.0,1.1430091375713771,4.0,240.0,0.0,0.0,88.60000000032232,5242.000000001539,0.0,138.15000000000236,49.30000000017935,2966.0000000020245,0.0,0.0,0.0,0.0,0.0,0.0,9.860000000000014,593.1999999999998,493.0,29660.0,0.0,9.0,502.8600000000006,30253.2,0.0,0.0,931.2566904930791,55125.63042767424
85,2020-03-26,2020,True,20.23224043715847,985,985,1009,51204.57737417694,891.047028846249,7849,36,0.0,0.8050968942825535,0.19209150229184194,0.16280752528737494,0.16335239474399063,0.383899386740545,0.9662791878172589,0.17380412462825132,275252.1274565202,0,False,False,True,"{""0"":null,""1"":null,""2"":null,""3"":null}",985.0,85033.0,985.0,60305.0,985.0,60305.0,836.349476628995,51204.57737417694,836.349476628995,0.0,0.0,891.0470288462457,56016.67745652048,0.0,1.1430091375713771,4.0,244.0,0.0,0.0,88.50000000032196,5330.500000001861,3.0000000000001137,141.15000000000248,49.25000000017917,3015.2500000022037,0.0,0.0,0.0,0.0,0.0,0.0,9.850000000000023,603.0499999999998,492.5,30152.5,0.0,9.0,502.34999999999854,30755.55,0.0,0.0,891.0470288462457,56016.67745652048
86,2020-03-27,2020,True,20.23497267759563,985,985,1009,52040.92685080593,846.2488702303176,7926,33,0.0,0.8314144173999471,0.16395267598865143,0.16296345871290288,0.16362193266376515,0.383899386740545,0.9663096446700506,0.19522633847586013,275596.0263267506,0,False,False,True,"{""0"":null,""1"":null,""2"":null,""3"":null}",985.0,86018.0,985.0,61290.0,985.0,61290.0,836.349476628995,52040.92685080593,836.349476628995,0.0,0.0,846.2488702303162,56862.9263267508,0.0,1.1430091375713771,4.0,248.0,0.0,0.0,88.50000000032196,5419.000000002183,2.1000000000000796,143.25000000000256,49.25000000017917,3064.500000002383,0.0,0.0,0.0,0.0,0.0,0.0,9.850000000000023,612.8999999999999,492.5,30645.0,0.0,9.0,502.34999999999854,31257.899999999998,0.0,0.0,846.2488702303162,56862.9263267508
87,2020-03-28,2020,False,20.237704918032787,985,0,1009,52040.92685080593,0.0,7100,33,0.0,,,0.16295126418891326,0.16354387369308138,0.383899386740545,0.968020304568528,0.11954877382375159,275596.0263267506,0,False,False,True,"{""0"":null,""1"":null,""2"":null,""3"":null}",985.0,87003.0,0.0,61290.0,0.0,61290.0,0.0,52040.92685080593,0.0,0.0,0.0,0.0,56862.9263267508,0.0,1.1430091375713771,0.0,248.0,0.0,0.0,0.0,5419.000000002183,0.0,143.25000000000256,0.0,3064.500000002383,0.0,0.0,0.0,0.0,0.0,0.0,0.0,612.8999999999999,0.0,30645.0,0.0,9.0,0.0,31257.899999999998,0.0,0.0,0.0,56862.9263267508
88,2020-03-29,2020,False,20.240437158469945,985,0,1009,52040.92685080593,0.0,7100,33,0.0,,,0.16295126418891326,0.16354387369308138,0.383899386740545,0.968020304568528,0.07011271271003901,275596.0263267506,0,False,False,True,"{""0"":null,""1"":null,""2"":null,""3"":null}",985.0,87988.0,0.0,61290.0,0.0,61290.0,0.0,52040.92685080593,0.0,0.0,0.0,0.0,56862.9263267508,0.0,1.1430091375713771,0.0,248.0,0.0,0.0,0.0,5419.000000002183,0.0,143.25000000000256,0.0,3064.500000002383,0.0,0.0,0.0,0.0,0.0,0.0,0.0,612.8999999999999,0.0,30645.0,0.0,9.0,0.0,31257.899999999998,0.0,0.0,0.0,56862.9263267508
89,2020-03-30,2020,True,20.243169398907103,985,985,1009,52877.27632743493,1060.901357213856,8039,16,0.0,0.8434826844950082,0.14877635231264913,0.16295126418891326,0.16354387369308138,0.383899386740545,0.9660913705583757,0.09899317379755089,276154.57768396445,0,False,False,True,"{""0"":null,""1"":null,""2"":null,""3"":null}",985.0,88973.0,985.0,62275.0,985.0,62275.0,836.349476628995,52877.27632743493,836.349476628995,0.0,0.0,1060.9013572138574,57923.82768396466,0.0,1.1430091375713771,4.0,252.0,0.0,0.0,88.50000000032196,5507.500000002505,4.950000000000188,148.20000000000275,49.25000000017917,3113.750000002562,0.0,0.0,0.0,0.0,0.0,0.0,9.850000000000023,622.7499999999999,492.5,31137.5,0.0,9.0,502.34999999999854,31760.249999999996,0.0,0.0,1060.9013572138574,57923.82768396466
90,2020-03-31,2020,True,20.24590163934426,988,988,1012,53716.21654560792,969.8876695362435,8103,31,0.034293548125832865,0.8368349447369646,0.15618124101874686,0.16284995134310928,0.1610894472474033,0.3838847493871798,0.9648633603238866,0.12578521123103523,276617.5853535007,0,False,False,True,"{""0"":null,""1"":null,""2"":null,""3"":null}",988.0,89961.0,988.0,63263.0,988.0,63263.0,838.9402181729893,53716.21654560792,838.9402181729893,0.0,0.0,969.8876695362414,58893.7153535009,0.03429354812583285,1.17730268569721,4.0,256.0,0.0,0.0,88.80000000032305,5596.300000002828,0.0,148.20000000000275,49.400000000179716,3163.1500000027418,0.0,0.0,0.0,0.0,0.0,0.0,9.879999999999995,632.6299999999999,494.0,31631.5,3.0,12.0,503.880000000001,32264.129999999997,0.0,0.0,969.8876695362414,58893.7153535009
91,2020-04-01,2020,True,20.24863387978142,989,989,1013,54556.12408963377,855.2409720572446,8216,49,0.0,0.8279508277010481,0.18239600780205958,0.16270860935109477,0.16043446990688104,0.3841368808074335,0.9643731041456016,0.1507084718418067,276967.4363255579,0,False,False,True,"{""0"":null,""1"":null,""2"":null,""3"":null}",989.0,90950.0,989.0,64252.0,989.0,64252.0,839.907544025853,54556.12408963377,839.907544025853,0.0,0.0,855.2409720572468,59748.956325558145,0.0,1.17730268569721,4.0,260.0,0.0,0.0,88.90000000032342,5685.200000003151,0.0,148.20000000000275,49.4500000001799,3212.6000000029217,0.0,0.0,0.0,0.0,0.0,0.0,9.889999999999986,642.5199999999999,494.5,32126.0,1.0,13.0,504.3899999999994,32768.52,0.0,0.0,855.2409720572468,59748.956325558145
92,2020-04-02,2020,True,20.25136612021858,987,987,1013,55394.1983970577,813.0437445468751,8339,49,0.0,0.8269545983912433,0.1648812023275488,0.16242812312537241,0.1597740226732411,0.3836366571255447,0.9647619047619048,0.17353674549743306,277277.11007010477,0,False,False,True,"{""0"":null,""1"":null,""2"":null,""3"":null}",987.0,91937.0,987.0,65239.0,987.0,65239.0,838.074307423929,55394.1983970577,838.074307423929,0.0,0.0,813.0437445468779,60562.00007010502,0.0,1.17730268569721,4.0,264.0,0.0,0.0,88.70000000032269,5773.900000003474,2.400000000000091,150.60000000000284,49.350000000179534,3261.950000003101,0.0,0.0,0.0,0.0,0.0,0.0,9.870000000000005,652.3899999999999,493.5,32619.5,0.0,13.0,503.3700000000026,33271.89,0.0,0.0,813.0437445468779,60562.00007010502
93,2020-04-03,2020,True,20.25409836065574,986,986,1013,56231.51677323238,782.5679909977849,8435,56,0.0,0.8265634733473042,0.17313192506047545,0.1625940979335522,0.16006175546823925,0.3837035238820476,0.965025354969574,0.19513833062616315,277556.8180611026,0,False,False,True,"{""0"":null,""1"":null,""2"":null,""3"":null}",986.0,92923.0,986.0,66225.0,986.0,66225.0,837.3183761746841,56231.51677323238,837.3183761746841,0.0,0.0,782.5679909977844,61344.56806110281,0.0,1.17730268569721,4.0,268.0,0.0,0.0,88.60000000032232,5862.500000003796,2.2500000000000853,152.85000000000292,49.30000000017935,3311.2500000032805,0.0,0.0,0.0,0.0,0.0,0.0,9.860000000000014,662.2499999999999,493.0,33112.5,0.0,13.0,502.8600000000006,33774.75,0.0,0.0,782.5679909977844,61344.56806110281
94,2020-04-04,2020,False,20.256830601092897,986,0,1013,56231.51677323238,0.0,7600,56,0.0,,,0.1618853796022462,0.15961562616325875,0.3837035238820476,0.9669016227180528,0.11913613087558077,277556.8180611026,0,False,False,True,"{""0"":null,""1"":null,""2"":null,""3"":null}",986.0,93909.0,0.0,66225.0,0.0,66225.0,0.0,56231.51677323238,0.0,0.0,0.0,0.0,61344.56806110281,0.0,1.17730268569721,0.0,268.0,0.0,0.0,0.0,5862.500000003796,0.0,152.85000000000292,0.0,3311.2500000032805,0.0,0.0,0.0,0.0,0.0,0.0,0.0,662.2499999999999,0.0,33112.5,0.0,13.0,0.0,33774.75,0.0,0.0,0.0,61344.56806110281
95,2020-04-05,2020,False,20.259562841530055,986,0,1013,56231.51677323238,0.0,7600,56,0.0,,,0.1618853796022462,0.15961562616325875,0.3837035238820476,0.9669016227180528,0.06972640314618064,277556.8180611026,0,False,False,True,"{""0"":null,""1"":null,""2"":null,""3"":null}",986.0,94895.0,0.0,66225.0,0.0,66225.0,0.0,56231.51677323238,0.0,0.0,0.0,0.0,61344.56806110281,0.0,1.17730268569721,0.0,268.0,0.0,0.0,0.0,5862.500000003796,0.0,152.85000000000292,0.0,3311.2500000032805,0.0,0.0,0.0,0.0,0.0,0.0,0.0,662.2499999999999,0.0,33112.5,0.0,13.0,0.0,33774.75,0.0,0.0,0.0,61344.56806110281
96,2020-04-06,2020,True,20.262295081967213,986,986,1013,57068.83514940707,930.5865760655774,8574,10,0.0,0.8530377373936109,0.13762426806857123,0.1618853796022462,0.15961562616325875,0.3837035238820476,0.9651774847870183,0.09864057854115713,277984.5446371682,0,False,False,True,"{""0"":null,""1"":null,""2"":null,""3"":null}",986.0,95881.0,986.0,67211.0,986.0,67211.0,837.3183761746841,57068.83514940707,837.3183761746841,0.0,0.0,930.5865760655797,62275.15463716839,0.0,1.17730268569721,4.0,272.0,0.0,0.0,88.60000000032232,5951.100000004119,8.400000000000318,161.25000000000324,49.30000000017935,3360.55000000346,0.0,0.0,0.0,0.0,0.0,0.0,9.860000000000014,672.1099999999999,493.0,33605.5,0.0,13.0,502.8600000000006,34277.61,0.0,0.0,930.5865760655797,62275.15463716839
97,2020-04-07,2020,True,20.26502732240437,986,986,1013,57906.15352558175,898.4694952741033,8612,19,0.0,0.8466395547903457,0.16202485190723856,0.16204317943131197,0.15974335892171532,0.3837035238820476,0.965289046653144,0.1255279047817505,278380.1541324423,0,False,False,True,"{""0"":null,""1"":null,""2"":null,""3"":null}",986.0,96867.0,986.0,68197.0,986.0,68197.0,837.3183761746841,57906.15352558175,837.3183761746841,0.0,0.0,898.4694952741047,63173.62413244249,0.0,1.17730268569721,4.0,276.0,0.0,0.0,88.60000000032232,6039.700000004441,0.0,161.25000000000324,49.30000000017935,3409.8500000036393,0.0,0.0,0.0,0.0,0.0,0.0,9.860000000000014,681.9699999999999,493.0,34098.5,0.0,13.0,502.8600000000006,34780.47,0.0,0.0,898.4694952741047,63173.62413244249
98,2020-04-08,2020,True,20.26775956284153,986,986,1013,58743.471901756435,860.6376640623274,8714,32,0.0,0.8316070361523021,0.1705786098688017,0.1621619635530534,0.15950399666599,0.3837035238820476,0.964842799188641,0.15053035719635668,278737.93179650465,0,False,False,True,"{""0"":null,""1"":null,""2"":null,""3"":null}",986.0,97853.0,986.0,69183.0,986.0,69183.0,837.3183761746841,58743.471901756435,837.3183761746841,0.0,0.0,860.6376640623275,64034.26179650482,0.0,1.17730268569721,4.0,280.0,0.0,0.0,88.60000000032232,6128.300000004763,0.0,161.25000000000324,49.30000000017935,3459.1500000038186,0.0,0.0,0.0,0.0,0.0,0.0,9.860000000000014,691.8299999999999,493.0,34591.5,0.0,13.0,502.8600000000006,35283.33,0.0,0.0,860.6376640623275,64034.26179650482
99,2020-04-09,2020,True,20.270491803278688,986,986,1013,59580.79027793112,822.1465220800295,8831,45,0.10203265604816945,0.8298195818699418,0.15676051182927933,0.16208575798006178,0.15971830363416772,0.3837035238820476,0.9647363083164301,0.173642656348821,279057.21831858467,0,False,False,True,"{""0"":null,""1"":null,""2"":null,""3"":null}",986.0,98839.0,986.0,70169.0,986.0,70169.0,837.3183761746841,59580.79027793112,837.3183761746841,0.0,0.0,822.146522080031,64856.40831858485,0.10203265604816947,1.2793353417453794,4.0,284.0,0.0,0.0,88.60000000032232,6216.9000000050855,1.5000000000000568,162.7500000000033,49.30000000017935,3508.450000003998,0.0,0.0,0.0,0.0,0.0,0.0,9.860000000000014,701.6899999999999,493.0,35084.5,0.0,13.0,502.8600000000006,35786.19,0.0,0.0,822.146522080031,64856.40831858485
100,2020-04-10,2020,True,20.273224043715846,986,986,1013,60418.1086541058,781.8176292103667,8943,50,0.0,0.8102267241787229,0.19229824925481184,0.1620471272037643,0.15978222353879895,0.3837035238820476,0.9652231237322516,0.19505771279698292,279336.17594779504,0,False,False,True,"{""0"":null,""1"":null,""2"":null,""3"":null}",986.0,99825.0,986.0,71155.0,986.0,71155.0,837.3183761746841,60418.1086541058,837.3183761746841,0.0,0.0,781.8176292103672,65638.22594779522,0.0,1.2793353417453794,4.0,288.0,0.0,0.0,88.60000000032232,6305.500000005408,1.3500000000000512,164.10000000000335,49.30000000017935,3557.7500000041773,0.0,0.0,0.0,0.0,0.0,0.0,9.860000000000014,711.55,493.0,35577.5,0.0,13.0,502.8600000000006,36289.05,0.0,0.0,781.8176292103672,65638.22594779522
101,2020-04-11,2020,False,20.275956284153004,986,0,1013,60418.1086541058,0.0,8100,50,0.0,,,0.16209291711189033,0.16003121252668956,0.3837035238820476,0.9670638945233265,0.11887887873300543,279336.17594779504,0,False,False,True,"{""0"":null,""1"":null,""2"":null,""3"":null}",986.0,100811.0,0.0,71155.0,0.0,71155.0,0.0,60418.1086541058,0.0,0.0,0.0,0.0,65638.22594779522,0.0,1.2793353417453794,0.0,288.0,0.0,0.0,0.0,6305.500000005408,0.0,164.10000000000335,0.0,3557.7500000041773,0.0,0.0,0.0,0.0,0.0,0.0,0.0,711.55,0.0,35577.5,0.0,13.0,0.0,36289.05,0.0,0.0,0.0,65638.22594779522
102,2020-04-12,2020,False,20.278688524590162,986,0,1013,60418.1086541058,0.0,8100,50,0.0,,,0.16209291711189033,0.1600312125266896,0.3837035238820476,0.9670638945233265,0.06919427540821436,279336.17594779504,0,False,False,True,"{""0"":null,""1"":null,""2"":null,""3"":null}",986.0,101797.0,0.0,71155.0,0.0,71155.0,0.0,60418.1086541058,0.0,0.0,0.0,0.0,65638.22594779522,0.0,1.2793353417453794,0.0,288.0,0.0,0.0,0.0,6305.500000005408,0.0,164.10000000000335,0.0,3557.7500000041773,0.0,0.0,0.0,0.0,0.0,0.0,0.0,711.55,0.0,35577.5,0.0,13.0,0.0,36289.05,0.0,0.0,0.0,65638.22594779522
103,2020-04-13,2020,True,20.281420765027324,986,986,1013,61255.42703028049,966.0279270204973,9052,17,0.052991005490938284,0.8457823630682652,0.14616631888570075,0.16209291711189033,0.1600312125266896,0.3837035238820476,0.9650304259634889,0.09820175862441831,279799.34387481556,0,False,False,True,"{""0"":null,""1"":null,""2"":null,""3"":null}",986.0,102783.0,986.0,72141.0,986.0,72141.0,837.3183761746841,61255.42703028049,837.3183761746841,0.0,0.0,966.0279270204919,66604.25387481571,0.05299100549093838,1.3323263472363178,4.0,292.0,0.0,0.0,88.60000000032232,6394.10000000573,7.500000000000284,171.60000000000363,49.30000000017935,3607.0500000043567,0.0,0.0,0.0,0.0,0.0,0.0,9.860000000000014,721.41,493.0,36070.5,0.0,13.0,502.8600000000006,36791.91,0.0,0.0,966.0279270204919,66604.25387481571
104,2020-04-14,2020,True,20.284153005464482,985,985,1013,62092.0323736912,926.5504797510443,9097,31,0.0,0.8415886891346281,0.1508256758378811,0.16194188129039536,0.15995390456285882,0.3837693536073704,0.9646700507614213,0.1254727540157224,280223.5443545666,0,False,False,True,"{""0"":null,""1"":null,""2"":null,""3"":null}",985.0,103768.0,985.0,73126.0,985.0,73126.0,836.6053434107162,62092.0323736912,836.6053434107162,0.0,0.0,926.5504797510512,67530.80435456676,0.0,1.3323263472363178,4.0,296.0,0.0,0.0,88.50000000032196,6482.600000006052,0.0,171.60000000000363,49.25000000017917,3656.300000004536,0.0,0.0,0.0,0.0,0.0,0.0,9.850000000000023,731.26,492.5,36563.0,0.0,13.0,502.34999999999854,37294.26,0.0,0.0,926.5504797510512,67530.80435456676
105,2020-04-15,2020,True,20.28688524590164,984,984,1013,62927.905791582016,846.657584317431,9173,55,0.06287921203861632,0.8577599249983021,0.13438760630549737,0.162489025948712,0.1606526724546073,0.38396625349704794,0.9640243902439024,0.15081690554022206,280568.361938884,0,False,False,True,"{""0"":null,""1"":null,""2"":null,""3"":null}",984.0,104752.0,984.0,74110.0,984.0,74110.0,835.8734178908126,62927.905791582016,835.8734178908126,0.0,0.0,846.657584317436,68377.4619388842,0.06287921203861635,1.3952055592749342,4.0,300.0,0.0,0.0,88.4000000003216,6571.000000006374,0.0,171.60000000000363,49.20000000017899,3705.500000004715,0.0,0.0,0.0,0.0,0.0,0.0,9.840000000000032,741.1,492.0,37055.0,0.0,13.0,501.8399999999965,37796.1,0.0,0.0,846.657584317436,68377.4619388842
106,2020-04-16,2020,True,20.2896174863388,984,984,1013,63763.77920947283,809.1571357481696,9299,60,0.0,0.8108354982075427,0.19632807452769346,0.16250046162318854,0.16061316245118512,0.38396625349704794,0.9634908536585366,0.17404378605820675,280875.6790746322,0,False,False,True,"{""0"":null,""1"":null,""2"":null,""3"":null}",984.0,105736.0,984.0,75094.0,984.0,75094.0,835.8734178908126,63763.77920947283,835.8734178908126,0.0,0.0,809.1571357481735,69186.61907463237,0.0,1.3952055592749342,4.0,304.0,0.0,0.0,88.4000000003216,6659.400000006695,2.5500000000000966,174.15000000000373,49.20000000017899,3754.700000004894,0.0,0.0,0.0,0.0,0.0,0.0,9.840000000000032,750.94,492.0,37547.0,0.0,13.0,501.8399999999965,38297.939999999995,0.0,0.0,809.1571357481735,69186.61907463237
107,2020-04-17,2020,True,20.292349726775956,984,984,1013,64599.65262736364,771.7122269930229,9419,64,0.0,0.8037419468139844,0.1975472832046523,0.16243410273584485,0.16071447845280873,0.38396625349704794,0.963826219512195,0.19555754002616763,281145.55130162515,0,False,False,True,"{""0"":null,""1"":null,""2"":null,""3"":null}",984.0,106720.0,984.0,76078.0,984.0,76078.0,835.8734178908126,64599.65262736364,835.8734178908126,0.0,0.0,771.712226993026,69958.3313016254,0.0,1.3952055592749342,4.0,308.0,0.0,0.0,88.4000000003216,6747.800000007017,2.1000000000000796,176.2500000000038,49.20000000017899,3803.900000005073,0.0,0.0,0.0,0.0,0.0,0.0,9.840000000000032,760.7800000000001,492.0,38039.0,0.0,13.0,501.8399999999965,38799.77999999999,0.0,0.0,771.712226993026,69958.3313016254
108,2020-04-18,2020,False,20.295081967213115,984,0,1013,64599.65262736364,0.0,8600,64,0.0,,,0.1623816129700154,0.16084279319679892,0.38396625349704794,0.9660569105691057,0.1191416253217355,281145.55130162515,0,False,False,True,"{""0"":null,""1"":null,""2"":null,""3"":null}",984.0,107704.0,0.0,76078.0,0.0,76078.0,0.0,64599.65262736364,0.0,0.0,0.0,0.0,69958.3313016254,0.0,1.3952055592749342,0.0,308.0,0.0,0.0,0.0,6747.800000007017,0.0,176.2500000000038,0.0,3803.900000005073,0.0,0.0,0.0,0.0,0.0,0.0,0.0,760.7800000000001,0.0,38039.0,0.0,13.0,0.0,38799.77999999999,0.0,0.0,0.0,69958.3313016254
109,2020-04-19,2020,False,20.297814207650273,984,0,1013,64599.65262736364,0.0,8600,64,0.0,,,0.1623816129700154,0.16084279319679892,0.38396625349704794,0.9660569105691057,0.06934117475671256,281145.55130162515,0,False,False,True,"{""0"":null,""1"":null,""2"":null,""3"":null}",984.0,108688.0,0.0,76078.0,0.0,76078.0,0.0,64599.65262736364,0.0,0.0,0.0,0.0,69958.3313016254,0.0,1.3952055592749342,0.0,308.0,0.0,0.0,0.0,6747.800000007017,0.0,176.2500000000038,0.0,3803.900000005073,0.0,0.0,0.0,0.0,0.0,0.0,0.0,760.7800000000001,0.0,38039.0,0.0,13.0,0.0,38799.77999999999,0.0,0.0,0.0,69958.3313016254
110,2020-04-20,2020,True,20.30054644808743,984,984,1013,65435.52604525445,944.0421774315479,9560,24,0.37201002975683345,0.8484953528702459,0.144487387673275,0.1623816129700154,0.1608427931967989,0.38396625349704794,0.9639430894308942,0.09854844732882519,281587.7534790567,0,False,False,True,"{""0"":null,""1"":null,""2"":null,""3"":null}",984.0,109672.0,984.0,77062.0,984.0,77062.0,835.8734178908126,65435.52604525445,835.8734178908126,0.0,0.0,944.0421774315473,70902.37347905694,0.3720100297568334,1.7672155890317676,4.0,312.0,0.0,0.0,88.4000000003216,6836.2000000073385,9.600000000000364,185.85000000000417,49.20000000017899,3853.100000005252,0.0,0.0,0.0,0.0,0.0,0.0,9.840000000000032,770.6200000000001,492.0,38531.0,0.0,13.0,501.8399999999965,39301.61999999999,0.0,0.0,944.0421774315473,70902.37347905694
111,2020-04-21,2020,True,20.30327868852459,984,984,1013,66271.39946314508,907.5339349071559,9610,38,0.0,0.8526674870008103,0.14513227052090544,0.162408559548875,0.16093718645403476,0.38396625349704794,0.9644969512195122,0.12584617053699315,281993.44741396385,0,False,False,True,"{""0"":null,""1"":null,""2"":null,""3"":null}",984.0,110656.0,984.0,78046.0,984.0,78046.0,835.8734178906234,66271.39946314508,835.8734178906234,0.0,0.0,907.5339349071583,71809.9074139641,0.0,1.7672155890317676,4.0,316.0,0.0,0.0,88.4000000003216,6924.60000000766,0.0,185.85000000000417,49.20000000017899,3902.300000005431,0.0,0.0,0.0,0.0,0.0,0.0,9.840000000000032,780.4600000000002,492.0,39023.0,0.0,13.0,501.8399999999965,39803.459999999985,0.0,0.0,907.5339349071583,71809.9074139641
112,2020-04-22,2020,True,20.306010928961747,984,984,1013,67107.27288103572,871.8118657244813,9686,59,0.2702154007438202,0.8354683392981951,0.1734343511996299,0.16282475618983533,0.1609525604091324,0.38396625349704794,0.9639532520325202,0.15113982335199533,282363.4192796883,0,False,False,True,"{""0"":null,""1"":null,""2"":null,""3"":null}",984.0,111640.0,984.0,79030.0,984.0,79030.0,835.8734178906452,67107.27288103572,835.8734178906452,0.0,0.0,871.8118657244777,72681.71927968858,0.2702154007438202,2.037430989775588,4.0,320.0,0.0,0.0,88.4000000003216,7013.000000007982,0.0,185.85000000000417,49.20000000017899,3951.5000000056098,0.0,0.0,0.0,0.0,0.0,0.0,9.840000000000032,790.3000000000002,492.0,39515.0,0.0,13.0,501.8399999999965,40305.29999999998,0.0,0.0,871.8118657244777,72681.71927968858
113,2020-04-23,2020,True,20.30874316939891,984,984,1013,67943.14629892637,817.1120707220996,9800,51,0.0,0.830150640006102,0.16384333592350694,0.16281649828310102,0.1611224471729085,0.38396625349704794,0.9630589430894309,0.17445114375497905,282678.6913504104,0,False,False,True,"{""0"":null,""1"":null,""2"":null,""3"":null}",984.0,112624.0,984.0,80014.0,984.0,80014.0,835.8734178906452,67943.14629892637,835.8734178906452,0.0,0.0,817.112070722098,73498.83135041068,0.0,2.037430989775588,4.0,324.0,0.0,0.0,88.4000000003216,7101.400000008303,3.6000000000001364,189.4500000000043,49.20000000017899,4000.7000000057888,0.0,0.0,0.0,0.0,0.0,0.0,9.840000000000032,800.1400000000002,492.0,40007.0,0.0,13.0,501.8399999999965,40807.13999999998,0.0,0.0,817.112070722098,73498.83135041068
114,2020-04-24,2020,True,20.311475409836067,984,984,1013,68779.01971681701,793.4519478626603,9918,52,0.0,0.8138885962898806,0.1922866935811865,0.16282069503639834,0.1608086561882309,0.38396625349704794,0.9630741869918699,0.19593012067994453,282970.303298273,0,False,False,True,"{""0"":null,""1"":null,""2"":null,""3"":null}",984.0,113608.0,984.0,80998.0,984.0,80998.0,835.8734178906452,68779.01971681701,835.8734178906452,0.0,0.0,793.4519478626607,74292.28329827334,0.0,2.037430989775588,4.0,328.0,0.0,0.0,88.4000000003216,7189.800000008625,2.1000000000000796,191.5500000000044,49.20000000017899,4049.9000000059677,0.0,0.0,0.0,0.0,0.0,0.0,9.840000000000032,809.9800000000002,492.0,40499.0,0.0,13.0,501.8399999999965,41308.979999999974,0.0,0.0,793.4519478626607,74292.28329827334
115,2020-04-25,2020,False,20.314207650273225,984,0,1013,68779.01971681701,0.0,9100,52,0.0,,,0.16279421344205203,0.16111559652108481,0.38396625349704794,0.9656707317073171,0.11943349051143831,282970.303298273,0,False,False,True,"{""0"":null,""1"":null,""2"":null,""3"":null}",984.0,114592.0,0.0,80998.0,0.0,80998.0,0.0,68779.01971681701,0.0,0.0,0.0,0.0,74292.28329827334,0.0,2.037430989775588,0.0,328.0,0.0,0.0,0.0,7189.800000008625,0.0,191.5500000000044,0.0,4049.9000000059677,0.0,0.0,0.0,0.0,0.0,0.0,0.0,809.9800000000002,0.0,40499.0,0.0,13.0,0.0,41308.979999999974,0.0,0.0,0.0,74292.28329827334
116,2020-04-26,2020,False,20.316939890710383,984,0,1014,68779.01971681701,0.0,9100,52,0.0,,,0.16268225352546115,0.16018433488627215,0.38396625349704794,0.9653658536585366,0.06941550063602218,282969.303298273,0,False,False,True,"{""0"":null,""1"":null,""2"":null,""3"":null}",984.0,115576.0,0.0,80998.0,0.0,80998.0,0.0,68779.01971681701,0.0,0.0,0.0,0.0,74292.28329827334,0.0,2.037430989775588,0.0,328.0,0.0,0.0,0.0,7189.800000008625,0.0,191.5500000000044,0.0,4049.9000000059677,0.0,0.0,0.0,0.0,0.0,0.0,0.0,809.9800000000002,0.0,40499.0,1.0,14.0,0.0,41308.979999999974,0.0,0.0,0.0,74292.28329827334
117,2020-04-27,2020,True,20.31967213114754,983,983,1014,69614.09758131563,952.5877439225163,10065,17,0.0,0.8808860339193052,0.1086774115940972,0.1626166180896016,0.16002357799386221,0.38395565530230125,0.9636368260427264,0.09876467162940829,283420.56104219554,0,False,False,True,"{""0"":null,""1"":null,""2"":null,""3"":null}",983.0,116559.0,983.0,81981.0,983.0,81981.0,835.077864498613,69614.09758131563,835.077864498613,0.0,0.0,952.5877439225151,75244.87104219585,0.0,2.037430989775588,4.0,332.0,0.0,0.0,88.30000000032123,7278.100000008946,7.800000000000296,199.35000000000468,49.15000000017881,4099.050000006147,0.0,0.0,0.0,0.0,0.0,0.0,9.830000000000041,819.8100000000003,491.5,40990.5,0.0,14.0,501.33000000000175,41810.309999999976,0.0,0.0,952.5877439225151,75244.87104219585
118,2020-04-28,2020,True,20.3224043715847,982,982,1014,70448.22824075301,936.7485961858748,10100,31,0.0,0.8513532484610439,0.1426486914151074,0.16233445778697547,0.1593830429486358,0.3837075630406661,0.9637678207739308,0.1259206820789097,283856.4896383814,0,False,False,True,"{""0"":null,""1"":null,""2"":null,""3"":null}",982.0,117541.0,982.0,82963.0,982.0,82963.0,834.1306594373891,70448.22824075301,834.1306594373891,0.0,0.0,936.7485961858765,76181.61963838173,0.0,2.037430989775588,4.0,336.0,0.0,0.0,88.20000000032087,7366.300000009267,0.0,199.35000000000468,49.100000000178625,4148.150000006325,0.0,0.0,0.0,0.0,0.0,0.0,9.82000000000005,829.6300000000003,491.0,41481.5,0.0,14.0,500.8199999999997,42311.129999999976,0.0,0.0,936.7485961858765,76181.61963838173
119,2020-04-29,2020,True,20.325136612021858,983,983,1015,71283.14781599525,877.7990741207147,10187,51,0.028248897126170406,0.8310261488996677,0.16170877528485822,0.16239570280811677,0.15863742219912158,0.3836406962841632,0.9629755849440489,0.15113237942991697,284231.9587125021,0,False,False,True,"{""0"":null,""1"":null,""2"":null,""3"":null}",983.0,118524.0,983.0,83946.0,983.0,83946.0,834.9195752422384,71283.14781599525,834.9195752422384,0.0,0.0,877.7990741207177,77059.41871250245,0.02824889712617029,2.065679886901758,4.0,340.0,0.0,0.0,88.30000000032123,7454.600000009588,0.0,199.35000000000468,49.15000000017881,4197.300000006504,0.0,0.0,0.0,0.0,0.0,0.0,9.830000000000041,839.4600000000004,491.5,41973.0,1.0,15.0,501.33000000000175,42812.45999999998,0.0,0.0,877.7990741207177,77059.41871250245
120,2020-04-30,2020,True,20.327868852459016,982,982,1015,72117.23571629751,839.6775588478085,10295,47,0.0,0.8135091969153544,0.1868824828884742,0.162441721685121,0.15888565527714804,0.3837075630406661,0.9622046843177189,0.17462005277208653,284570.8162713499,0,False,False,True,"{""0"":null,""1"":null,""2"":null,""3"":null}",982.0,119506.0,982.0,84928.0,982.0,84928.0,834.0879003022565,72117.23571629751,834.0879003022565,0.0,0.0,839.6775588478049,77899.09627135025,0.0,2.065679886901758,4.0,344.0,0.0,0.0,88.20000000032087,7542.800000009909,2.5500000000000966,201.90000000000478,49.100000000178625,4246.400000006683,0.0,0.0,0.0,0.0,0.0,0.0,9.82000000000005,849.2800000000004,491.0,42464.0,0.0,15.0,500.8199999999997,43313.27999999998,0.0,0.0,839.6775588478049,77899.09627135025
121,2020-05-01,2020,True,20.330601092896174,983,983,1016,72952.2447933784,796.9647123756164,10420,47,0.0,0.8320919520056801,0.16952769294869885,0.1622720564056464,0.15783479401087785,0.3836406962841632,0.9620193285859613,0.19602697606108502,284865.4509837255,0,False,False,True,"{""0"":null,""1"":null,""2"":null,""3"":null}",983.0,120489.0,983.0,85911.0,983.0,85911.0,835.0090770808893,72952.2447933784,835.0090770808893,0.0,0.0,796.9647123756149,78696.06098372587,0.0,2.065679886901758,4.0,348.0,0.0,0.0,88.30000000032123,7631.10000001023,2.1000000000000796,204.00000000000486,49.15000000017881,4295.550000006861,0.0,0.0,0.0,0.0,0.0,0.0,9.830000000000041,859.1100000000005,491.5,42955.5,1.0,16.0,501.33000000000175,43814.60999999998,0.0,0.0,796.9647123756149,78696.06098372587
122,2020-05-02,2020,False,20.333333333333332,983,0,1016,72952.2447933784,0.0,9600,47,0.0,,,0.16258653483238916,0.15803786124927766,0.3836406962841632,0.9641759918616479,0.11960772184797876,284865.4509837255,0,False,False,True,"{""0"":null,""1"":null,""2"":null,""3"":null}",983.0,121472.0,0.0,85911.0,0.0,85911.0,0.0,72952.2447933784,0.0,0.0,0.0,0.0,78696.06098372587,0.0,2.065679886901758,0.0,348.0,0.0,0.0,0.0,7631.10000001023,0.0,204.00000000000486,0.0,4295.550000006861,0.0,0.0,0.0,0.0,0.0,0.0,0.0,859.1100000000005,0.0,42955.5,0.0,16.0,0.0,43814.60999999998,0.0,0.0,0.0,78696.06098372587
123,2020-05-03,2020,False,20.33606557377049,983,0,1016,72952.2447933784,0.0,9600,47,0.0,,,0.16258653483238916,0.15803786124927766,0.3836406962841632,0.9641759918616479,0.06976328145652344,284865.4509837255,0,False,False,True,"{""0"":null,""1"":null,""2"":null,""3"":null}",983.0,122455.0,0.0,85911.0,0.0,85911.0,0.0,72952.2447933784,0.0,0.0,0.0,0.0,78696.06098372587,0.0,2.065679886901758,0.0,348.0,0.0,0.0,0.0,7631.10000001023,0.0,204.00000000000486,0.0,4295.550000006861,0.0,0.0,0.0,0.0,0.0,0.0,0.0,859.1100000000005,0.0,42955.5,0.0,16.0,0.0,43814.60999999998,0.0,0.0,0.0,78696.06098372587
124,2020-05-04,2020,True,20.338797814207652,982,982,1016,73786.30285987993,974.8116563350038,10560,22,0.0,0.8401084629355727,0.15381966279032577,0.16249170901576787,0.15796449650268654,0.383706526009486,0.9626069246435844,0.09870714754217194,285339.4426400605,0,False,False,True,"{""0"":null,""1"":null,""2"":null,""3"":null}",982.0,123437.0,982.0,86893.0,982.0,86893.0,834.0580665015295,73786.30285987993,834.0580665015295,0.0,0.0,974.811656335005,79670.87264006087,0.0,2.065679886901758,4.0,352.0,0.0,0.0,88.20000000032087,7719.300000010551,7.050000000000267,211.05000000000513,49.100000000178625,4344.65000000704,0.0,0.0,0.0,0.0,0.0,0.0,9.82000000000005,868.9300000000005,491.0,43446.5,0.0,16.0,500.8199999999997,44315.42999999998,0.0,0.0,974.811656335005,79670.87264006087
125,2020-05-05,2020,True,20.34153005464481,982,982,1016,74620.36092638146,930.9466280768494,10607,33,0.17604069522149235,0.8421991572700838,0.1592061695346748,0.16244823538779546,0.15783402206723832,0.383706526009486,0.9631924643584522,0.12584107973427255,285769.56926813733,0,False,False,True,"{""0"":null,""1"":null,""2"":null,""3"":null}",982.0,124419.0,982.0,87875.0,982.0,87875.0,834.0580665015295,74620.36092638146,834.0580665015295,0.0,0.0,930.9466280768538,80601.81926813773,0.17604069522149235,2.2417205821232504,4.0,356.0,0.0,0.0,88.20000000032087,7807.500000010872,0.0,211.05000000000513,49.100000000178625,4393.750000007219,0.0,0.0,0.0,0.0,0.0,0.0,9.82000000000005,878.7500000000006,491.0,43937.5,0.0,16.0,500.8199999999997,44816.24999999998,0.0,0.0,930.9466280768538,80601.81926813773
126,2020-05-06,2020,True,20.34426229508197,982,982,1016,75454.41899288299,872.86707607862,10705,49,0.0,0.8339445314716109,0.16310592970274668,0.16240429531537576,0.15794526921493154,0.383706526009486,0.9629226069246436,0.1510736326290888,286141.61634421593,0,False,False,True,"{""0"":null,""1"":null,""2"":null,""3"":null}",982.0,125401.0,982.0,88857.0,982.0,88857.0,834.0580665015295,75454.41899288299,834.0580665015295,0.0,0.0,872.867076078619,81474.68634421634,0.0,2.2417205821232504,4.0,360.0,0.0,0.0,88.20000000032087,7895.700000011193,0.0,211.05000000000513,49.100000000178625,4442.850000007397,0.0,0.0,0.0,0.0,0.0,0.0,9.82000000000005,888.5700000000006,491.0,44428.5,0.0,16.0,500.8199999999997,45317.06999999998,0.0,0.0,872.867076078619,81474.68634421634
127,2020-05-07,2020,True,20.346994535519126,982,982,1016,76288.47705938452,847.9669475956534,10823,37,0.0,0.8298839435830504,0.1432314773237537,0.16239353747124735,0.15790175345973706,0.383706526009486,0.962571283095723,0.17416067781314093,286488.76329181157,0,False,False,True,"{""0"":null,""1"":null,""2"":null,""3"":null}",982.0,126383.0,982.0,89839.0,982.0,89839.0,834.0580665015295,76288.47705938452,834.0580665015295,0.0,0.0,847.9669475956471,82322.65329181199,0.0,2.2417205821232504,4.0,364.0,0.0,0.0,88.20000000032087,7983.900000011514,3.300000000000125,214.35000000000525,49.100000000178625,4491.950000007576,0.0,0.0,0.0,0.0,0.0,0.0,9.82000000000005,898.3900000000007,491.0,44919.5,0.0,16.0,500.8199999999997,45817.88999999998,0.0,0.0,847.9669475956471,82322.65329181199
128,2020-05-08,2020,True,20.349726775956285,981,981,1016,77121.66169791606,778.1640778493244,10895,44,0.0,0.8226532034463749,0.18118254062411826,0.16272715589741,0.15816816288669944,0.38390342589916354,0.9621712538226299,0.1955893213278787,286766.6173696609,0,False,False,True,"{""0"":null,""1"":null,""2"":null,""3"":null}",981.0,127364.0,981.0,90820.0,981.0,90820.0,833.1846385315439,77121.66169791606,833.1846385315439,0.0,0.0,778.1640778493311,83100.81736966132,0.0,2.2417205821232504,4.0,368.0,0.0,0.0,88.1000000003205,8072.000000011834,1.6500000000000625,216.00000000000531,49.05000000017844,4541.000000007754,0.0,0.0,0.0,0.0,0.0,0.0,9.809999999999945,908.2000000000006,490.5,45410.0,0.0,16.0,500.3099999999977,46318.199999999975,0.0,0.0,778.1640778493311,83100.81736966132
129,2020-05-09,2020,False,20.352459016393443,982,0,1017,77121.66169791606,0.0,10100,44,0.0,,,0.16226660363988332,0.1572786839642882,0.383706526009486,0.9636354378818737,0.11904575903387098,286765.6173696609,0,False,False,True,"{""0"":null,""1"":null,""2"":null,""3"":null}",982.0,128346.0,0.0,90820.0,0.0,90820.0,0.0,77121.66169791606,0.0,0.0,0.0,0.0,83100.81736966132,0.0,2.2417205821232504,0.0,368.0,0.0,0.0,0.0,8072.000000011834,0.0,216.00000000000531,0.0,4541.000000007754,0.0,0.0,0.0,0.0,0.0,0.0,0.0,908.2000000000006,0.0,45410.0,1.0,17.0,0.0,46318.199999999975,0.0,0.0,0.0,83100.81736966132
130,2020-05-10,2020,False,20.3551912568306,982,0,1018,77121.66169791606,0.0,10100,44,0.0,,,0.16238699695062844,0.15655541997023004,0.3838375961738407,0.9633299389002037,0.06938032336692147,286764.6173696609,0,False,False,True,"{""0"":null,""1"":null,""2"":null,""3"":null}",982.0,129328.0,0.0,90820.0,0.0,90820.0,0.0,77121.66169791606,0.0,0.0,0.0,0.0,83100.81736966132,0.0,2.2417205821232504,0.0,368.0,0.0,0.0,0.0,8072.000000011834,0.0,216.00000000000531,0.0,4541.000000007754,0.0,0.0,0.0,0.0,0.0,0.0,0.0,908.2000000000006,0.0,45410.0,1.0,18.0,0.0,46318.199999999975,0.0,0.0,0.0,83100.81736966132
131,2020-05-11,2020,True,20.35792349726776,983,983,1019,77956.38728463606,957.1208038309985,11073,11,0.0,0.8433783640373125,0.14930729328827397,0.1620585753266624,0.15556180656963708,0.3836406962841632,0.9618463886063072,0.09840109701270869,287219.4081734918,0,False,False,True,"{""0"":null,""1"":null,""2"":null,""3"":null}",983.0,130311.0,983.0,91803.0,983.0,91803.0,834.7255867200001,77956.38728463606,834.7255867200001,0.0,0.0,957.1208038309996,84057.93817349232,0.0,2.2417205821232504,4.0,372.0,0.0,0.0,88.30000000032123,8160.300000012156,6.60000000000025,222.60000000000556,49.15000000017881,4590.150000007933,0.0,0.0,0.0,0.0,0.0,0.0,9.830000000000041,918.0300000000007,491.5,45901.5,1.0,19.0,501.33000000000175,46819.52999999998,0.0,0.0,957.1208038309996,84057.93817349232
132,2020-05-12,2020,True,20.360655737704917,983,983,1019,78791.11287135606,931.659485524291,11117,25,0.12403818741367877,0.8483697847391656,0.13561285761790512,0.16210399876934636,0.1555507552880044,0.3836406962841632,0.9625686673448627,0.12547564780851397,287649.7376590161,0,False,False,True,"{""0"":null,""1"":null,""2"":null,""3"":null}",983.0,131294.0,983.0,92786.0,983.0,92786.0,834.7255867200001,78791.11287135606,834.7255867200001,0.0,0.0,931.6594855242874,84989.59765901661,0.12403818741367889,2.3657587695369293,4.0,376.0,0.0,0.0,88.30000000032123,8248.600000012477,0.0,222.60000000000556,49.15000000017881,4639.300000008112,0.0,0.0,0.0,0.0,0.0,0.0,9.830000000000041,927.8600000000007,491.5,46393.0,0.0,19.0,501.33000000000175,47320.85999999998,0.0,0.0,931.6594855242874,84989.59765901661
133,2020-05-13,2020,True,20.363387978142075,982,982,1019,79625.03184434044,875.9161047663987,11213,40,0.0,0.8278554169729957,0.15681920079093187,0.16171028388870654,0.15512732485826164,0.38338856486390954,0.9627698574338085,0.1507093967060153,288024.8337637825,0,False,False,True,"{""0"":null,""1"":null,""2"":null,""3"":null}",982.0,132276.0,982.0,93768.0,982.0,93768.0,833.9189729843783,79625.03184434044,833.9189729843783,0.0,0.0,875.9161047663947,85865.513763783,0.0,2.3657587695369293,4.0,380.0,0.0,0.0,88.20000000032087,8336.800000012798,0.0,222.60000000000556,49.100000000178625,4688.400000008291,0.0,0.0,0.0,0.0,0.0,0.0,9.82000000000005,937.6800000000007,491.0,46884.0,0.0,19.0,500.8199999999997,47821.67999999998,0.0,0.0,875.9161047663947,85865.513763783
134,2020-05-14,2020,True,20.366120218579233,982,982,1019,80458.95081732482,829.4025166394503,11307,49,0.2360144489884824,0.8277392000189172,0.15791559369707003,0.16166225667467832,0.15504378824213982,0.38338856486390954,0.9622606924643584,0.17400580361097268,288353.41628042195,0,False,False,True,"{""0"":null,""1"":null,""2"":null,""3"":null}",982.0,133258.0,982.0,94750.0,982.0,94750.0,833.9189729843783,80458.95081732482,833.9189729843783,0.0,0.0,829.4025166394567,86694.91628042246,0.23601444898848234,2.6017732185254117,4.0,384.0,0.0,0.0,88.20000000032087,8425.000000013119,1.6500000000000625,224.25000000000563,49.100000000178625,4737.500000008469,0.0,0.0,0.0,0.0,0.0,0.0,9.82000000000005,947.5000000000008,491.0,47375.0,0.0,19.0,500.8199999999997,48322.49999999998,0.0,0.0,829.4025166394567,86694.91628042246
135,2020-05-15,2020,True,20.368852459016395,981,981,1019,81291.8997607142,787.6697336051648,11399,53,0.0,0.8328728562556085,0.15924621034669537,0.16187405108729966,0.15523172847026945,0.38345439458923236,0.9615800203873598,0.19548473287599943,288640.7760140271,0,False,False,True,"{""0"":null,""1"":null,""2"":null,""3"":null}",981.0,134239.0,981.0,95731.0,981.0,95731.0,832.9489433893759,81291.8997607142,832.9489433893759,0.0,0.0,787.6697336051584,87482.58601402762,0.0,2.6017732185254117,4.0,388.0,0.0,0.0,88.1000000003205,8513.100000013439,2.1000000000000796,226.3500000000057,49.05000000017844,4786.550000008648,0.0,0.0,0.0,0.0,0.0,0.0,9.809999999999945,957.3100000000007,490.5,47865.5,0.0,19.0,500.3099999999977,48822.809999999976,0.0,0.0,787.6697336051584,87482.58601402762
136,2020-05-16,2020,False,20.371584699453553,981,0,1020,81291.8997607142,0.0,10600,53,0.0,,,0.16200023839769517,0.15500314264178947,0.38377339276598893,0.9631396534148828,0.11911948723812676,288639.7760140271,0,False,False,True,"{""0"":null,""1"":null,""2"":null,""3"":null}",981.0,135220.0,0.0,95731.0,0.0,95731.0,0.0,81291.8997607142,0.0,0.0,0.0,0.0,87482.58601402762,0.0,2.6017732185254117,0.0,388.0,0.0,0.0,0.0,8513.100000013439,0.0,226.3500000000057,0.0,4786.550000008648,0.0,0.0,0.0,0.0,0.0,0.0,0.0,957.3100000000007,0.0,47865.5,1.0,20.0,0.0,48822.809999999976,0.0,0.0,0.0,87482.58601402762
137,2020-05-17,2020,False,20.37431693989071,980,0,1020,81291.8997607142,0.0,10600,53,0.0,,,0.16184853607813884,0.15473864257579426,0.3835212613457353,0.9631020408163266,0.06941169240756255,288639.7760140271,0,False,False,True,"{""0"":null,""1"":null,""2"":null,""3"":null}",980.0,136200.0,0.0,95731.0,0.0,95731.0,0.0,81291.8997607142,0.0,0.0,0.0,0.0,87482.58601402762,0.0,2.6017732185254117,0.0,388.0,0.0,0.0,0.0,8513.100000013439,0.0,226.3500000000057,0.0,4786.550000008648,0.0,0.0,0.0,0.0,0.0,0.0,0.0,957.3100000000007,0.0,47865.5,0.0,20.0,0.0,48822.809999999976,0.0,0.0,0.0,87482.58601402762
138,2020-05-18,2020,True,20.37704918032787,980,980,1020,82124.38332573784,991.0091226198,11537,15,0.0,0.8509766154849934,0.13159220164596913,0.16184853607813884,0.15473864257579426,0.3835212613457353,0.9609795918367346,0.098507229243846,289130.98513664695,0,False,False,True,"{""0"":null,""1"":null,""2"":null,""3"":null}",980.0,137180.0,980.0,96711.0,980.0,96711.0,832.4835650236491,82124.38332573784,832.4835650236491,0.0,0.0,991.0091226197983,88473.59513664742,0.0,2.6017732185254117,4.0,392.0,0.0,0.0,88.00000000032014,8601.10000001376,7.950000000000301,234.300000000006,49.00000000017826,4835.550000008826,0.0,0.0,0.0,0.0,0.0,0.0,9.799999999999955,967.1100000000007,490.0,48355.5,0.0,20.0,499.8000000000029,49322.60999999998,0.0,0.0,991.0091226197983,88473.59513664742
139,2020-05-19,2020,True,20.379781420765028,979,979,1020,82956.14761769855,920.9841072548126,11596,33,0.0,0.8273626763286455,0.16080731673583382,0.16172577922717862,0.15459650787149337,0.3835106631509886,0.9610214504596527,0.12576455807398998,289552.6792439018,0,False,False,True,"{""0"":null,""1"":null,""2"":null,""3"":null}",979.0,138159.0,979.0,97690.0,979.0,97690.0,831.7642919607024,82956.14761769855,831.7642919607024,0.0,0.0,920.9841072548152,89394.57924390223,0.0,2.6017732185254117,4.0,396.0,0.0,0.0,87.90000000031978,8689.000000014079,0.0,234.300000000006,48.95000000017808,4884.500000009004,0.0,0.0,0.0,0.0,0.0,0.0,9.789999999999964,976.9000000000007,489.5,48845.0,0.0,20.0,499.2900000000009,49821.89999999998,0.0,0.0,920.9841072548152,89394.57924390223
140,2020-05-20,2020,True,20.382513661202186,979,979,1020,83787.91190965925,875.8598561520907,11716,45,0.0,0.8456887821003286,0.14423845952247547,0.16166657210128269,0.15472201906158028,0.3835106631509886,0.9614044943820225,0.15093733762096434,289929.2491000539,0,False,False,True,"{""0"":null,""1"":null,""2"":null,""3"":null}",979.0,139138.0,979.0,98669.0,979.0,98669.0,831.7642919607024,83787.91190965925,831.7642919607024,0.0,0.0,875.8598561520921,90270.43910005433,0.0,2.6017732185254117,4.0,400.0,0.0,0.0,87.90000000031978,8776.900000014399,0.0,234.300000000006,48.95000000017808,4933.450000009182,0.0,0.0,0.0,0.0,0.0,0.0,9.789999999999964,986.6900000000006,489.5,49334.5,0.0,20.0,499.2900000000009,50321.18999999998,0.0,0.0,875.8598561520921,90270.43910005433
141,2020-05-21,2020,True,20.385245901639344,979,979,1020,84619.67620161995,837.702960645382,11820,38,0.0,0.8661099346269723,0.11911601557066642,0.1618630114158831,0.15486990329459824,0.3835106631509886,0.9616751787538305,0.17420360606078508,290267.6620606993,0,False,False,True,"{""0"":null,""1"":null,""2"":null,""3"":null}",979.0,140117.0,979.0,99648.0,979.0,99648.0,831.7642919607024,84619.67620161995,831.7642919607024,0.0,0.0,837.7029606453871,91108.14206069971,0.0,2.6017732185254117,4.0,404.0,0.0,0.0,87.90000000031978,8864.800000014719,2.2500000000000853,236.5500000000061,48.95000000017808,4982.40000000936,0.0,0.0,0.0,0.0,0.0,0.0,9.789999999999964,996.4800000000006,489.5,49824.0,0.0,20.0,499.2900000000009,50820.47999999998,0.0,0.0,837.7029606453871,91108.14206069971
142,2020-05-22,2020,True,20.387978142076502,979,979,1020,85451.44049358065,818.3109183429686,11908,37,0.19118960051355066,0.8150129865749174,0.1778847919471139,0.16165548790552037,0.15504032596728723,0.3835106631509886,0.9613687436159346,0.19565399005702752,290586.6829790423,0,False,False,True,"{""0"":null,""1"":null,""2"":null,""3"":null}",979.0,141096.0,979.0,100627.0,979.0,100627.0,831.7642919607024,85451.44049358065,831.7642919607024,0.0,0.0,818.3109183429624,91926.45297904267,0.1911896005135505,2.792962819038962,4.0,408.0,0.0,0.0,87.90000000031978,8952.700000015038,2.7000000000001023,239.2500000000062,48.95000000017808,5031.350000009538,0.0,0.0,0.0,0.0,0.0,0.0,9.789999999999964,1006.2700000000006,489.5,50313.5,0.0,20.0,499.2900000000009,51319.76999999998,0.0,0.0,818.3109183429624,91926.45297904267
143,2020-05-23,2020,False,20.39071038251366,979,0,1020,85451.44049358065,0.0,11100,37,0.0,,,0.1616722340719016,0.15492588745381058,0.3835106631509886,0.9629877425944842,0.11901202603858779,290586.6829790423,0,False,False,True,"{""0"":null,""1"":null,""2"":null,""3"":null}",979.0,142075.0,0.0,100627.0,0.0,100627.0,0.0,85451.44049358065,0.0,0.0,0.0,0.0,91926.45297904267,0.0,2.792962819038962,0.0,408.0,0.0,0.0,0.0,8952.700000015038,0.0,239.2500000000062,0.0,5031.350000009538,0.0,0.0,0.0,0.0,0.0,0.0,0.0,1006.2700000000006,0.0,50313.5,0.0,20.0,0.0,51319.76999999998,0.0,0.0,0.0,91926.45297904267
144,2020-05-24,2020,False,20.39344262295082,980,0,1021,85451.44049358065,0.0,11100,37,0.0,,,0.1615835546720164,0.15415071256769347,0.3835212613457353,0.962719387755102,0.06898306464243176,290585.6829790423,0,False,False,True,"{""0"":null,""1"":null,""2"":null,""3"":null}",980.0,143055.0,0.0,100627.0,0.0,100627.0,0.0,85451.44049358065,0.0,0.0,0.0,0.0,91926.45297904267,0.0,2.792962819038962,0.0,408.0,0.0,0.0,0.0,8952.700000015038,0.0,239.2500000000062,0.0,5031.350000009538,0.0,0.0,0.0,0.0,0.0,0.0,0.0,1006.2700000000006,0.0,50313.5,1.0,21.0,0.0,51319.76999999998,0.0,0.0,0.0,91926.45297904267
145,2020-05-25,2020,True,20.396174863387976,980,980,1021,86284.01615501779,992.6467228852879,12028,9,0.0,0.8368069780301671,0.15854319239520204,0.1615835546720164,0.15415071256769347,0.3835212613457353,0.9607397959183673,0.09807015399644606,291078.5297019276,0,False,False,True,"{""0"":null,""1"":null,""2"":null,""3"":null}",980.0,144035.0,980.0,101607.0,980.0,101607.0,832.5756614371348,86284.01615501779,832.5756614371348,0.0,0.0,992.6467228852853,92919.09970192796,0.0,2.792962819038962,4.0,412.0,0.0,0.0,88.00000000032014,9040.700000015358,5.55000000000021,244.8000000000064,49.00000000017826,5080.3500000097165,0.0,0.0,0.0,0.0,0.0,0.0,9.799999999999955,1016.0700000000005,490.0,50803.5,0.0,21.0,499.8000000000029,51819.569999999985,0.0,0.0,992.6467228852853,92919.09970192796
146,2020-05-26,2020,True,20.398907103825138,980,980,1021,87116.59181645492,936.1797606096386,12101,24,0.0,0.8428342879539009,0.13448714345818225,0.16173755755245514,0.15415937383848616,0.3835212613457353,0.9608979591836734,0.12506986150073884,291514.90946253727,0,False,False,True,"{""0"":null,""1"":null,""2"":null,""3"":null}",980.0,145015.0,980.0,102587.0,980.0,102587.0,832.5756614371348,87116.59181645492,832.5756614371348,0.0,0.0,936.179760609637,93855.2794625376,0.0,2.792962819038962,4.0,416.0,0.0,0.0,88.00000000032014,9128.700000015679,0.0,244.8000000000064,49.00000000017826,5129.350000009895,0.0,0.0,0.0,0.0,0.0,0.0,9.800000000000068,1025.8700000000006,490.0,51293.5,0.0,21.0,499.8000000000029,52319.36999999999,0.0,0.0,936.179760609637,93855.2794625376
147,2020-05-27,2020,True,20.401639344262296,979,979,1021,87948.17903012772,881.4397785784096,12203,44,0.0,0.8182205512856586,0.18177266164304298,0.16141313230256116,0.15412682131571392,0.3835106631509886,0.9611031664964249,0.15003715722325822,291897.0592411157,0,False,False,True,"{""0"":null,""1"":null,""2"":null,""3"":null}",979.0,145994.0,979.0,103566.0,979.0,103566.0,831.5872136727994,87948.17903012772,831.5872136727994,0.0,0.0,881.4397785784095,94736.719241116,0.0,2.792962819038962,4.0,420.0,0.0,0.0,87.90000000031978,9216.600000015998,0.0,244.8000000000064,48.95000000017808,5178.300000010073,0.0,0.0,0.0,0.0,0.0,0.0,9.789999999999964,1035.6600000000005,489.5,51783.0,0.0,21.0,499.2900000000009,52818.65999999999,0.0,0.0,881.4397785784095,94736.719241116
148,2020-05-28,2020,True,20.404371584699454,979,979,1021,88779.76624380052,855.5859300614871,12320,50,0.0013075662337932855,0.8345641167401352,0.15364808812585412,0.1614760794729665,0.1540074842066186,0.3835106631509886,0.9615474974463739,0.17333445196958455,292253.3551711772,0,False,False,True,"{""0"":null,""1"":null,""2"":null,""3"":null}",979.0,146973.0,979.0,104545.0,979.0,104545.0,831.5872136727994,88779.76624380052,831.5872136727994,0.0,0.0,855.5859300614829,95592.30517117749,0.0013075662337933558,2.7942703852727555,4.0,424.0,0.0,0.0,87.90000000031978,9304.500000016318,1.3500000000000512,246.15000000000646,48.95000000017808,5227.250000010251,0.0,0.0,0.0,0.0,0.0,0.0,9.789999999999964,1045.4500000000005,489.5,52272.5,0.0,21.0,499.2900000000009,53317.94999999999,0.0,0.0,855.5859300614829,95592.30517117749
149,2020-05-29,2020,True,20.407103825136613,979,979,1021,89611.35345747332,807.4297212326463,12412,55,0.0,0.8252883003177329,0.17586277881989112,0.16156101216870808,0.15428405870016831,0.3835106631509886,0.9614759959141981,0.1947503494335957,292561.4948924098,0,False,False,True,"{""0"":null,""1"":null,""2"":null,""3"":null}",979.0,147952.0,979.0,105524.0,979.0,105524.0,831.5872136727994,89611.35345747332,831.5872136727994,0.0,0.0,807.4297212326492,96399.73489241014,0.0,2.7942703852727555,4.0,428.0,0.0,0.0,87.90000000031978,9392.400000016638,2.2500000000000853,248.40000000000654,48.95000000017808,5276.200000010429,0.0,0.0,0.0,0.0,0.0,0.0,9.789999999999964,1055.2400000000005,489.5,52762.0,0.0,21.0,499.2900000000009,53817.23999999999,0.0,0.0,807.4297212326492,96399.73489241014
150,2020-05-30,2020,False,20.40983606557377,979,0,1021,89611.35345747332,0.0,11600,55,0.0,,,0.16146337910771932,0.15420752695216633,0.3835106631509886,0.9630183861082737,0.11811130494815607,292561.4948924098,0,False,False,True,"{""0"":null,""1"":null,""2"":null,""3"":null}",979.0,148931.0,0.0,105524.0,0.0,105524.0,0.0,89611.35345747332,0.0,0.0,0.0,0.0,96399.73489241014,0.0,2.7942703852727555,0.0,428.0,0.0,0.0,0.0,9392.400000016638,0.0,248.40000000000654,0.0,5276.200000010429,0.0,0.0,0.0,0.0,0.0,0.0,0.0,1055.2400000000005,0.0,52762.0,0.0,21.0,0.0,53817.23999999999,0.0,0.0,0.0,96399.73489241014
151,2020-05-31,2020,False,20.41256830601093,980,0,1022,89611.35345747332,0.0,11600,55,0.0,,,0.16138229836114157,0.15343536508388492,0.3835212613457353,0.96275,0.06820872290645148,292560.4948924098,0,False,False,True,"{""0"":null,""1"":null,""2"":null,""3"":null}",980.0,149911.0,0.0,105524.0,0.0,105524.0,0.0,89611.35345747332,0.0,0.0,0.0,0.0,96399.73489241014,0.0,2.7942703852727555,0.0,428.0,0.0,0.0,0.0,9392.400000016638,0.0,248.40000000000654,0.0,5276.200000010429,0.0,0.0,0.0,0.0,0.0,0.0,0.0,1055.2400000000005,0.0,52762.0,1.0,22.0,0.0,53817.23999999999,0.0,0.0,0.0,96399.73489241014
152,2020-06-01,2020,True,20.415300546448087,980,980,1023,90444.09493410321,1004.5490610278418,12552,11,0.0,0.8447897526972247,0.14856530091357453,0.16158847207124044,0.15364234159328333,0.3837627945712423,0.9608367346938775,0.09754190713477671,293064.24395343766,0,False,False,True,"{""0"":null,""1"":null,""2"":null,""3"":null}",980.0,150891.0,980.0,106504.0,980.0,106504.0,832.7414766298898,90444.09493410321,832.7414766298898,0.0,0.0,1004.5490610278357,97404.28395343797,0.0,2.7942703852727555,4.0,432.0,0.0,0.0,88.00000000032014,9480.400000016958,8.250000000000199,256.65000000000674,49.00000000017826,5325.200000010607,0.0,0.0,0.0,0.0,0.0,0.0,9.799999999999955,1065.0400000000004,490.0,53252.0,1.0,23.0,499.8000000000029,54317.03999999999,0.0,0.0,1004.5490610278357,97404.28395343797
153,2020-06-02,2020,True,20.418032786885245,980,980,1023,91276.8364107331,951.6737545539168,12594,32,0.0,0.8469560332413604,0.1506739778831354,0.16162470907479118,0.15383546605004847,0.3837627945712423,0.9606785714285715,0.12475238990971747,293516.11770799157,0,False,False,True,"{""0"":null,""1"":null,""2"":null,""3"":null}",980.0,151871.0,980.0,107484.0,980.0,107484.0,832.7414766298898,91276.8364107331,832.7414766298898,0.0,0.0,951.6737545539218,98355.9577079919,0.0,2.7942703852727555,4.0,436.0,0.0,0.0,88.00000000032014,9568.400000017278,0.0,256.65000000000674,49.00000000017826,5374.2000000107855,0.0,0.0,0.0,0.0,0.0,0.0,9.799999999999955,1074.8400000000004,490.0,53742.0,0.0,23.0,499.8000000000029,54816.84,0.0,0.0,951.6737545539218,98355.9577079919
154,2020-06-03,2020,True,20.420765027322403,981,981,1024,92110.55368305068,886.4618810539149,12710,46,0.0,0.8297058371945794,0.15201003857166498,0.1616585940179266,0.15315048796703873,0.38377339276598893,0.9604128440366972,0.14988223493065556,293901.2695890455,0,False,False,True,"{""0"":null,""1"":null,""2"":null,""3"":null}",981.0,152852.0,981.0,108465.0,981.0,108465.0,833.7172723175754,92110.55368305068,833.7172723175754,0.0,0.0,886.4618810539105,99242.4195890458,0.0,2.7942703852727555,4.0,440.0,0.0,0.0,88.1000000003205,9656.500000017599,0.0,256.65000000000674,49.05000000017844,5423.250000010964,0.0,0.0,0.0,0.0,0.0,0.0,9.809999999999945,1084.6500000000003,490.5,54232.5,1.0,24.0,500.3099999999977,55317.149999999994,0.0,0.0,886.4618810539105,99242.4195890458
155,2020-06-04,2020,True,20.42349726775956,981,981,1024,92944.27095536825,851.1821188717162,12820,49,0.0,0.8328173833782367,0.15272147954849172,0.16164106831622005,0.15329421658422254,0.38377339276598893,0.960565749235474,0.17310542420287317,294252.1417079172,0,False,False,True,"{""0"":null,""1"":null,""2"":null,""3"":null}",981.0,153833.0,981.0,109446.0,981.0,109446.0,833.7172723175754,92944.27095536825,833.7172723175754,0.0,0.0,851.1821188717149,100093.60170791752,0.0,2.7942703852727555,4.0,444.0,0.0,0.0,88.1000000003205,9744.60000001792,1.6499999999997499,258.3000000000065,49.05000000017844,5472.300000011142,0.0,0.0,0.0,0.0,0.0,0.0,9.809999999999945,1094.4600000000003,490.5,54723.0,0.0,24.0,500.3099999999977,55817.45999999999,0.0,0.0,851.1821188717149,100093.60170791752
156,2020-06-05,2020,True,20.42622950819672,982,982,1025,93778.90667362532,841.843930721577,12922,45,0.0,0.8188286141380843,0.17556991607220454,0.16150940791716945,0.15234886995076685,0.383706526009486,0.9603615071283096,0.19453840708487974,294592.1656386388,0,False,False,True,"{""0"":null,""1"":null,""2"":null,""3"":null}",982.0,154815.0,982.0,110428.0,982.0,110428.0,834.6357182570646,93778.90667362532,834.6357182570646,0.0,0.0,841.843930721574,100935.4456386391,0.0,2.7942703852727555,4.0,448.0,0.0,0.0,88.20000000032087,9832.80000001824,3.1499999999995225,261.450000000006,49.100000000178625,5521.400000011321,0.0,0.0,0.0,0.0,0.0,0.0,9.819999999999936,1104.2800000000002,491.0,55214.0,1.0,25.0,500.8199999999997,56318.27999999999,0.0,0.0,841.843930721574,100935.4456386391
157,2020-06-06,2020,False,20.42896174863388,982,0,1025,93778.90667362532,0.0,12100,45,0.0,,,0.161404409139381,0.15247138814477465,0.383706526009486,0.962031568228106,0.11764998474268308,294592.1656386388,0,False,False,True,"{""0"":null,""1"":null,""2"":null,""3"":null}",982.0,155797.0,0.0,110428.0,0.0,110428.0,0.0,93778.90667362532,0.0,0.0,0.0,0.0,100935.4456386391,0.0,2.7942703852727555,0.0,448.0,0.0,0.0,0.0,9832.80000001824,0.0,261.450000000006,0.0,5521.400000011321,0.0,0.0,0.0,0.0,0.0,0.0,0.0,1104.2800000000002,0.0,55214.0,0.0,25.0,0.0,56318.27999999999,0.0,0.0,0.0,100935.4456386391
158,2020-06-07,2020,False,20.43169398907104,982,0,1025,93778.90667362532,0.0,12100,45,0.0,,,0.161404409139381,0.15247138814477462,0.383706526009486,0.962031568228106,0.06790156897923248,294592.1656386388,0,False,False,True,"{""0"":null,""1"":null,""2"":null,""3"":null}",982.0,156779.0,0.0,110428.0,0.0,110428.0,0.0,93778.90667362532,0.0,0.0,0.0,0.0,100935.4456386391,0.0,2.7942703852727555,0.0,448.0,0.0,0.0,0.0,9832.80000001824,0.0,261.450000000006,0.0,5521.400000011321,0.0,0.0,0.0,0.0,0.0,0.0,0.0,1104.2800000000002,0.0,55214.0,0.0,25.0,0.0,56318.27999999999,0.0,0.0,0.0,100935.4456386391
159,2020-06-08,2020,True,20.434426229508198,982,982,1025,94613.54239188238,1001.1922782759207,13052,18,0.0,0.8552613084045624,0.13870826004962988,0.161404409139381,0.15247138814477462,0.383706526009486,0.9603767820773931,0.09722532698730589,295092.5379169147,0,False,False,True,"{""0"":null,""1"":null,""2"":null,""3"":null}",982.0,157761.0,982.0,111410.0,982.0,111410.0,834.6357182570646,94613.54239188238,834.6357182570646,0.0,0.0,1001.1922782759211,101936.63791691502,0.0,2.7942703852727555,4.0,452.0,0.0,0.0,88.20000000032087,9921.000000018561,6.749999999998977,268.200000000005,49.100000000178625,5570.5000000115,0.0,0.0,0.0,0.0,0.0,0.0,9.819999999999936,1114.1000000000001,491.0,55705.0,0.0,25.0,500.8199999999997,56819.09999999999,0.0,0.0,1001.1922782759211,101936.63791691502
160,2020-06-09,2020,True,20.437158469945356,982,982,1025,95448.17811013944,936.2296740845568,13088,34,0.0,0.8249142373951848,0.15950188403170734,0.16147037927783497,0.1523522707089376,0.383706526009486,0.9598828920570265,0.124489127204612,295527.94759099925,0,False,False,True,"{""0"":null,""1"":null,""2"":null,""3"":null}",982.0,158743.0,982.0,112392.0,982.0,112392.0,834.6357182570646,95448.17811013944,834.6357182570646,0.0,0.0,936.2296740845632,102872.86759099958,0.0,2.7942703852727555,4.0,456.0,0.0,0.0,88.20000000032087,10009.200000018882,0.0,268.200000000005,49.100000000178625,5619.600000011678,0.0,0.0,0.0,0.0,0.0,0.0,9.819999999999936,1123.92,491.0,56196.0,0.0,25.0,500.8199999999997,57319.91999999999,0.0,0.0,936.2296740845632,102872.86759099958
161,2020-06-10,2020,True,20.439890710382514,981,981,1025,96282.05587503542,911.3277250079274,13201,49,0.0,0.8399105663856906,0.17651380748883916,0.16097262503313697,0.15201260864710392,0.3836959278147394,0.959729867482161,0.14984198279533728,295938.9653160072,0,False,False,True,"{""0"":null,""1"":null,""2"":null,""3"":null}",981.0,159724.0,981.0,113373.0,981.0,113373.0,833.8777648959804,96282.05587503542,833.8777648959804,0.0,0.0,911.3277250079263,103784.1953160075,0.0,2.7942703852727555,4.0,460.0,0.0,0.0,88.1000000003205,10097.300000019202,0.0,268.200000000005,49.05000000017844,5668.650000011857,0.0,0.0,0.0,0.0,0.0,0.0,9.809999999999945,1133.73,490.5,56686.5,0.0,25.0,500.3099999999977,57820.22999999999,0.0,0.0,911.3277250079263,103784.1953160075
162,2020-06-11,2020,True,20.442622950819672,981,981,1025,97115.9336399314,843.5630050065355,13323,51,0.0,0.8103932236629158,0.183291541778327,0.16092483854981016,0.1519466661369355,0.3836959278147394,0.9599949031600408,0.17308962119841945,296282.21832101373,0,False,False,True,"{""0"":null,""1"":null,""2"":null,""3"":null}",981.0,160705.0,981.0,114354.0,981.0,114354.0,833.8777648959804,97115.9336399314,833.8777648959804,0.0,0.0,843.5630050065374,104627.75832101404,0.0,2.7942703852727555,4.0,464.0,0.0,0.0,88.1000000003205,10185.400000019523,2.6999999999995907,270.9000000000046,49.05000000017844,5717.700000012035,0.0,0.0,0.0,0.0,0.0,0.0,9.809999999999945,1143.54,490.5,57177.0,0.0,25.0,500.3099999999977,58320.539999999986,0.0,0.0,843.5630050065374,104627.75832101404
163,2020-06-12,2020,True,20.44535519125683,981,981,1025,97949.81140482739,815.5121805274296,13422,53,0.0,0.8134545841527334,0.1653502099887847,0.1610854194090087,0.15215250367884303,0.3836959278147394,0.9603312945973497,0.1946156081297358,296597.4205015412,0,False,False,True,"{""0"":null,""1"":null,""2"":null,""3"":null}",981.0,161686.0,981.0,115335.0,981.0,115335.0,833.8777648959804,97949.81140482739,833.8777648959804,0.0,0.0,815.5121805274248,105443.27050154147,0.0,2.7942703852727555,4.0,468.0,0.0,0.0,88.1000000003205,10273.500000019843,2.399999999999636,273.3000000000042,49.05000000017844,5766.750000012214,0.0,0.0,0.0,0.0,0.0,0.0,9.809999999999945,1153.35,490.5,57667.5,0.0,25.0,500.3099999999977,58820.849999999984,0.0,0.0,815.5121805274248,105443.27050154147
164,2020-06-13,2020,False,20.44808743169399,982,0,1026,97949.81140482739,0.0,12600,53,0.0,,,0.16098275580101773,0.15140739214764604,0.383706526009486,0.9616649694501018,0.11762089412800518,296596.4205015412,0,False,False,True,"{""0"":null,""1"":null,""2"":null,""3"":null}",982.0,162668.0,0.0,115335.0,0.0,115335.0,0.0,97949.81140482739,0.0,0.0,0.0,0.0,105443.27050154147,0.0,2.7942703852727555,0.0,468.0,0.0,0.0,0.0,10273.500000019843,0.0,273.3000000000042,0.0,5766.750000012214,0.0,0.0,0.0,0.0,0.0,0.0,0.0,1153.35,0.0,57667.5,1.0,26.0,0.0,58820.849999999984,0.0,0.0,0.0,105443.27050154147
165,2020-06-14,2020,False,20.450819672131146,982,0,1026,97949.81140482739,0.0,12600,53,0.0,,,0.16098275580101773,0.15140739214764604,0.383706526009486,0.9616649694501018,0.06787914699620132,296596.4205015412,0,False,False,True,"{""0"":null,""1"":null,""2"":null,""3"":null}",982.0,163650.0,0.0,115335.0,0.0,115335.0,0.0,97949.81140482739,0.0,0.0,0.0,0.0,105443.27050154147,0.0,2.7942703852727555,0.0,468.0,0.0,0.0,0.0,10273.500000019843,0.0,273.3000000000042,0.0,5766.750000012214,0.0,0.0,0.0,0.0,0.0,0.0,0.0,1153.35,0.0,57667.5,0.0,26.0,0.0,58820.849999999984,0.0,0.0,0.0,105443.27050154147
166,2020-06-15,2020,True,20.453551912568305,981,981,1026,98783.72927737876,996.1549566002504,13554,16,0.06349943874627088,0.8461055186562352,0.13206276615701606,0.16073375616902247,0.15102270973028242,0.38345439458923236,0.959887869520897,0.09730387024310626,297092.26545814145,0,False,False,True,"{""0"":null,""1"":null,""2"":null,""3"":null}",981.0,164631.0,981.0,116316.0,981.0,116316.0,833.9178725513775,98783.72927737876,833.9178725513775,0.0,0.0,996.1549566002504,106439.42545814172,0.06349943874627106,2.8577698240190266,4.0,472.0,0.0,0.0,88.1000000003205,10361.600000020164,7.949999999998795,281.250000000003,49.05000000017844,5815.800000012392,0.0,0.0,0.0,0.0,0.0,0.0,9.809999999999945,1163.1599999999999,490.5,58158.0,0.0,26.0,500.3099999999977,59321.15999999998,0.0,0.0,996.1549566002504,106439.42545814172
167,2020-06-16,2020,True,20.456284153005466,981,981,1026,99617.64714993014,955.5738830304994,13603,24,0.0,0.8103240485182446,0.18076805706086896,0.1606488786868043,0.1511441795916752,0.38345439458923236,0.9599643221202855,0.12461176909155058,297547.52934117196,0,False,False,True,"{""0"":null,""1"":null,""2"":null,""3"":null}",981.0,165612.0,981.0,117297.0,981.0,117297.0,833.9178725513775,99617.64714993014,833.9178725513775,0.0,0.0,955.5738830305054,107394.99934117222,0.0,2.8577698240190266,4.0,476.0,0.0,0.0,88.1000000003205,10449.700000020484,0.0,281.250000000003,49.05000000017844,5864.8500000125705,0.0,0.0,0.0,0.0,0.0,0.0,9.809999999999945,1172.9699999999998,490.5,58648.5,0.0,26.0,500.3099999999977,59821.46999999998,0.0,0.0,955.5738830305054,107394.99934117222
168,2020-06-17,2020,True,20.459016393442624,980,980,1026,100450.65025046749,906.7396133723141,13669,42,0.0,0.8265344048285007,0.16842902955708094,0.16089537782375807,0.15120891855211208,0.38365129447890983,0.9586479591836735,0.1497652720120682,297954.4689545443,0,False,False,True,"{""0"":null,""1"":null,""2"":null,""3"":null}",980.0,166592.0,980.0,118277.0,980.0,118277.0,833.0031005373457,100450.65025046749,833.0031005373457,0.0,0.0,906.7396133723087,108301.73895454453,0.0,2.8577698240190266,4.0,480.0,0.0,0.0,88.00000000032014,10537.700000020805,0.0,281.250000000003,49.00000000017826,5913.850000012749,0.0,0.0,0.0,0.0,0.0,0.0,9.799999999999955,1182.7699999999998,490.0,59138.5,0.0,26.0,499.8000000000029,60321.26999999998,0.0,0.0,906.7396133723087,108301.73895454453
169,2020-06-18,2020,True,20.461748633879782,980,980,1026,101283.65335100483,874.1554480963008,13835,40,0.0,0.8020274745592137,0.1763854184508441,0.16100520611420388,0.15131776563402838,0.38365129447890983,0.9587244897959183,0.1730054106117086,298328.8244026406,0,False,False,True,"{""0"":null,""1"":null,""2"":null,""3"":null}",980.0,167572.0,980.0,119257.0,980.0,119257.0,833.0031005373457,101283.65335100483,833.0031005373457,0.0,0.0,874.155448096295,109175.89440264083,0.0,2.8577698240190266,4.0,484.0,0.0,0.0,88.00000000032014,10625.700000021125,2.399999999999636,283.65000000000265,49.00000000017826,5962.850000012927,0.0,0.0,0.0,0.0,0.0,0.0,9.799999999999955,1192.5699999999997,490.0,59628.5,0.0,26.0,499.8000000000029,60821.069999999985,0.0,0.0,874.155448096295,109175.89440264083
170,2020-06-19,2020,True,20.46448087431694,980,980,1026,102116.65645154218,828.7336538418052,13908,44,0.0,0.8031102063842727,0.1880779900147662,0.16095483243805747,0.15140665609431203,0.38365129447890983,0.959015306122449,0.19445787277822105,298657.7580564824,0,False,False,True,"{""0"":null,""1"":null,""2"":null,""3"":null}",980.0,168552.0,980.0,120237.0,980.0,120237.0,833.0031005373457,102116.65645154218,833.0031005373457,0.0,0.0,828.7336538418022,110004.62805648263,0.0,2.8577698240190266,4.0,488.0,0.0,0.0,88.00000000032014,10713.700000021445,1.199999999999818,284.85000000000247,49.00000000017826,6011.850000013105,0.0,0.0,0.0,0.0,0.0,0.0,9.799999999999955,1202.3699999999997,490.0,60118.5,0.0,26.0,499.8000000000029,61320.86999999999,0.0,0.0,828.7336538418022,110004.62805648263
171,2020-06-20,2020,False,20.4672131147541,980,0,1026,102116.65645154218,0.0,13100,44,0.0,,,0.16104648443354877,0.1516545701648629,0.38365129447890983,0.9608979591836734,0.11757150932624577,298657.7580564824,0,False,False,True,"{""0"":null,""1"":null,""2"":null,""3"":null}",980.0,169532.0,0.0,120237.0,0.0,120237.0,0.0,102116.65645154218,0.0,0.0,0.0,0.0,110004.62805648263,0.0,2.8577698240190266,0.0,488.0,0.0,0.0,0.0,10713.700000021445,0.0,284.85000000000247,0.0,6011.850000013105,0.0,0.0,0.0,0.0,0.0,0.0,0.0,1202.3699999999997,0.0,60118.5,0.0,26.0,0.0,61320.86999999999,0.0,0.0,0.0,110004.62805648263
172,2020-06-21,2020,False,20.469945355191257,981,0,1027,102116.65645154218,0.0,13100,44,0.0,,,0.16073627370878307,0.15066642966004665,0.38345439458923236,0.960632008154944,0.06779591124206505,298656.7580564824,0,False,False,True,"{""0"":null,""1"":null,""2"":null,""3"":null}",981.0,170513.0,0.0,120237.0,0.0,120237.0,0.0,102116.65645154218,0.0,0.0,0.0,0.0,110004.62805648263,0.0,2.8577698240190266,0.0,488.0,0.0,0.0,0.0,10713.700000021445,0.0,284.85000000000247,0.0,6011.850000013105,0.0,0.0,0.0,0.0,0.0,0.0,0.0,1202.3699999999997,0.0,60118.5,1.0,27.0,0.0,61320.86999999999,0.0,0.0,0.0,110004.62805648263
173,2020-06-22,2020,True,20.472677595628415,980,980,1027,102949.76851045329,1023.7699177994966,14052,19,0.0,0.8550582124658341,0.14005035029564805,0.1607933553687175,0.15127863491679175,0.3835212613457353,0.9600765306122448,0.09717835171997508,299180.72797428194,0,False,False,True,"{""0"":null,""1"":null,""2"":null,""3"":null}",980.0,171493.0,980.0,121217.0,980.0,121217.0,833.1120589111088,102949.76851045329,833.1120589111088,0.0,0.0,1023.7699177994946,111028.39797428212,0.0,2.8577698240190266,4.0,492.0,0.0,0.0,88.00000000032014,10801.700000021765,6.5999999999989996,291.45000000000147,49.00000000017826,6060.8500000132835,0.0,0.0,0.0,0.0,0.0,0.0,9.799999999999955,1212.1699999999996,490.0,60608.5,0.0,27.0,499.8000000000029,61820.66999999999,0.0,0.0,1023.7699177994946,111028.39797428212
174,2020-06-23,2020,True,20.475409836065573,980,980,1027,103782.8805693644,960.2215694162193,14097,30,0.026432886082672524,0.8346161860142233,0.1489633738551244,0.16086394266656717,0.15141056185305773,0.3835212613457353,0.9601887755102041,0.12445242596075858,299641.1495436982,0,False,False,True,"{""0"":null,""1"":null,""2"":null,""3"":null}",980.0,172473.0,980.0,122197.0,980.0,122197.0,833.1120589111088,103782.8805693644,833.1120589111088,0.0,0.0,960.2215694162151,111988.61954369834,0.026432886082672358,2.884202710101699,4.0,496.0,0.0,0.0,88.00000000032014,10889.700000022085,0.0,291.45000000000147,49.00000000017826,6109.850000013462,0.0,0.0,0.0,0.0,0.0,0.0,9.799999999999955,1221.9699999999996,490.0,61098.5,0.0,27.0,499.8000000000029,62320.469999999994,0.0,0.0,960.2215694162151,111988.61954369834
175,2020-06-24,2020,True,20.47814207650273,980,980,1027,104615.9926282755,924.2617932572463,14184,47,0.0,0.813249225059647,0.16354450348647567,0.16083711374340162,0.151277043158585,0.3835212613457353,0.959734693877551,0.14970112996612045,300065.61133695545,0,False,False,True,"{""0"":null,""1"":null,""2"":null,""3"":null}",980.0,173453.0,980.0,123177.0,980.0,123177.0,833.1120589111088,104615.9926282755,833.1120589111088,0.0,0.0,924.2617932572466,112912.88133695559,0.0,2.884202710101699,4.0,500.0,0.0,0.0,88.00000000032014,10977.700000022405,0.0,291.45000000000147,49.00000000017826,6158.85000001364,0.0,0.0,0.0,0.0,0.0,0.0,9.799999999999955,1231.7699999999995,490.0,61588.5,0.0,27.0,499.8000000000029,62820.27,0.0,0.0,924.2617932572466,112912.88133695559
176,2020-06-25,2020,True,20.48087431693989,980,980,1027,105449.10468718661,846.0492034796844,14315,43,0.0,0.8377524829357839,0.14550151703150427,0.16085397176660235,0.15129841020019613,0.3835212613457353,0.9595765306122449,0.17301964340622386,300411.8605404351,0,False,False,True,"{""0"":null,""1"":null,""2"":null,""3"":null}",980.0,174433.0,980.0,124157.0,980.0,124157.0,833.1120589111088,105449.10468718661,833.1120589111088,0.0,0.0,846.0492034796916,113758.93054043528,0.0,2.884202710101699,4.0,504.0,0.0,0.0,88.00000000032014,11065.700000022725,2.849999999999568,294.30000000000103,49.00000000017826,6207.850000013818,0.0,0.0,0.0,0.0,0.0,0.0,9.799999999999955,1241.5699999999995,490.0,62078.5,0.0,27.0,499.8000000000029,63320.07,0.0,0.0,846.0492034796916,113758.93054043528
177,2020-06-26,2020,True,20.483606557377048,980,980,1027,106282.21674609772,845.8309130726576,14426,47,0.0001349369092521972,0.8000251945172515,0.19545668513481476,0.16074516319631735,0.15134849096456032,0.3835212613457353,0.9601224489795918,0.19446415608608403,300757.8914535078,0,False,False,True,"{""0"":null,""1"":null,""2"":null,""3"":null}",980.0,175413.0,980.0,125137.0,980.0,125137.0,833.1120589111088,106282.21674609772,833.1120589111088,0.0,0.0,845.8309130726557,114604.76145350793,0.00013493690925203694,2.884337647010951,4.0,508.0,0.0,0.0,88.00000000032014,11153.700000023046,1.6499999999997499,295.9500000000008,49.00000000017826,6256.850000013997,0.0,0.0,0.0,0.0,0.0,0.0,9.799999999999955,1251.3699999999994,490.0,62568.5,0.0,27.0,499.8000000000029,63819.87,0.0,0.0,845.8309130726557,114604.76145350793
178,2020-06-27,2020,False,20.48633879781421,980,0,1027,106282.21674609772,0.0,13600,47,0.0,,,0.16060111602232255,0.15127340183645954,0.3835212613457353,0.961984693877551,0.11749275433939735,300757.8914535078,0,False,False,True,"{""0"":null,""1"":null,""2"":null,""3"":null}",980.0,176393.0,0.0,125137.0,0.0,125137.0,0.0,106282.21674609772,0.0,0.0,0.0,0.0,114604.76145350793,0.0,2.884337647010951,0.0,508.0,0.0,0.0,0.0,11153.700000023046,0.0,295.9500000000008,0.0,6256.850000013997,0.0,0.0,0.0,0.0,0.0,0.0,0.0,1251.3699999999994,0.0,62568.5,0.0,27.0,0.0,63819.87,0.0,0.0,0.0,114604.76145350793
179,2020-06-28,2020,False,20.489071038251367,980,0,1027,106282.21674609772,0.0,13600,47,0.0,,,0.16060111602232255,0.15127340183645957,0.3835212613457353,0.961984693877551,0.06769118797982263,300757.8914535078,0,False,False,True,"{""0"":null,""1"":null,""2"":null,""3"":null}",980.0,177373.0,0.0,125137.0,0.0,125137.0,0.0,106282.21674609772,0.0,0.0,0.0,0.0,114604.76145350793,0.0,2.884337647010951,0.0,508.0,0.0,0.0,0.0,11153.700000023046,0.0,295.9500000000008,0.0,6256.850000013997,0.0,0.0,0.0,0.0,0.0,0.0,0.0,1251.3699999999994,0.0,62568.5,0.0,27.0,0.0,63819.87,0.0,0.0,0.0,114604.76145350793
180,2020-06-29,2020,True,20.491803278688526,980,980,1027,107115.32880500883,1011.0536892885673,14562,20,0.0,0.8479156949372664,0.13566939131645875,0.16060111602232255,0.15127340183645954,0.3835212613457353,0.9606020408163265,0.09703145528854665,301269.1451427964,0,False,False,True,"{""0"":null,""1"":null,""2"":null,""3"":null}",980.0,178353.0,980.0,126117.0,980.0,126117.0,833.1120589111088,107115.32880500883,833.1120589111088,0.0,0.0,1011.0536892885721,115615.8151427965,0.0,2.884337647010951,4.0,512.0,0.0,0.0,88.00000000032014,11241.700000023366,7.049999999998931,302.9999999999997,49.00000000017826,6305.850000014175,0.0,0.0,0.0,0.0,0.0,0.0,9.799999999999955,1261.1699999999994,490.0,63058.5,0.0,27.0,499.8000000000029,64319.670000000006,0.0,0.0,1011.0536892885721,115615.8151427965
181,2020-06-30,2020,True,20.494535519125684,980,980,1027,107948.44086391994,955.1559499528531,14601,36,0.11881393316072637,0.8469785241965259,0.13835322918538745,0.1605838203292269,0.15152099677884223,0.3835212613457353,0.9608061224489797,0.12435193639399703,301724.50109274924,0,False,False,True,"{""0"":null,""1"":null,""2"":null,""3"":null}",980.0,179333.0,980.0,127097.0,980.0,127097.0,833.1120589111088,107948.44086391994,833.1120589111088,0.0,0.0,955.1559499528521,116570.97109274936,0.1188139331607263,3.0031515801716773,4.0,516.0,0.0,0.0,88.00000000032014,11329.700000023686,0.0,302.9999999999997,49.00000000017826,6354.850000014353,0.0,0.0,0.0,0.0,0.0,0.0,9.799999999999955,1270.9699999999993,490.0,63548.5,0.0,27.0,499.8000000000029,64819.47000000001,0.0,0.0,955.1559499528521,116570.97109274936
182,2020-07-01,2020,True,20.497267759562842,980,980,1027,108781.55292283105,1117.055888678188,14692,50,0.021109298620413615,0.8479277321576659,0.15178760569407515,0.1606827733766274,0.1515564172444805,0.3835212613457353,0.9602142857142857,0.1496944766071715,302341.75698142743,0,False,False,True,"{""0"":null,""1"":null,""2"":null,""3"":null}",980.0,180313.0,980.0,128077.0,980.0,128077.0,833.1120589111088,108781.55292283105,833.1120589111088,0.0,0.0,1117.0558886781946,117688.02698142755,0.021109298620413774,3.024260878792091,4.0,520.0,0.0,0.0,88.00000000032014,11417.700000024006,0.0,302.9999999999997,49.00000000017826,6403.850000014531,0.0,0.0,0.0,0.0,0.0,0.0,9.799999999999955,1280.7699999999993,490.0,64038.5,0.0,27.0,499.8000000000029,65319.27000000001,0.0,0.0,1117.0558886781946,117688.02698142755
183,2020-07-02,2020,True,20.5,980,980,1027,109614.66498174216,1067.2541979056439,14798,50,0.0,0.8163733844194117,0.17022027955864333,0.1606621372479082,0.15148113679206504,0.3835212613457353,0.959484693877551,0.17301838292769858,302909.2111793331,0,False,False,True,"{""0"":null,""1"":null,""2"":null,""3"":null}",980.0,181293.0,980.0,129057.0,980.0,129057.0,833.1120589111088,109614.66498174216,833.1120589111088,0.0,0.0,1067.2541979056405,118755.2811793332,0.0,3.024260878792091,4.0,524.0,0.0,0.0,88.00000000032014,11505.700000024326,2.9999999999995453,305.99999999999926,49.00000000017826,6452.85000001471,0.0,0.0,0.0,0.0,0.0,0.0,9.799999999999955,1290.5699999999993,490.0,64528.5,0.0,27.0,499.79999999999563,65819.07,0.0,0.0,1067.2541979056405,118755.2811793332
184,2020-07-03,2020,True,20.502732240437158,979,979,1027,110446.98691999579,1021.5157374292745,14923,53,0.14063570879684814,0.8293160401989385,0.1661336629987914,0.1606598913416714,0.1516574959880494,0.3835881281022382,0.9597037793667007,0.19472981353064564,303431.4369167624,0,False,False,True,"{""0"":null,""1"":null,""2"":null,""3"":null}",979.0,182272.0,979.0,130036.0,979.0,130036.0,832.3219382536336,110446.98691999579,832.3219382536336,0.0,0.0,1021.5157374292758,119776.79691676247,0.14063570879684795,3.164896587588939,4.0,528.0,0.0,0.0,87.90000000031978,11593.600000024646,2.399999999999636,308.3999999999989,48.95000000017808,6501.800000014888,0.0,0.0,0.0,0.0,0.0,0.0,9.789999999999964,1300.3599999999992,489.5,65018.0,0.0,27.0,499.2899999999936,66318.36,0.0,0.0,1021.5157374292758,119776.79691676247
185,2020-07-04,2020,False,20.505464480874316,979,0,1027,110446.98691999579,0.0,14100,53,0.0,,,0.16075367920911646,0.15184989305046026,0.3835881281022382,0.9615066394279876,0.1175813199586477,303431.4369167624,0,False,False,True,"{""0"":null,""1"":null,""2"":null,""3"":null}",979.0,183251.0,0.0,130036.0,0.0,130036.0,0.0,110446.98691999579,0.0,0.0,0.0,0.0,119776.79691676247,0.0,3.164896587588939,0.0,528.0,0.0,0.0,0.0,11593.600000024646,0.0,308.3999999999989,0.0,6501.800000014888,0.0,0.0,0.0,0.0,0.0,0.0,0.0,1300.3599999999992,0.0,65018.0,0.0,27.0,0.0,66318.36,0.0,0.0,0.0,119776.79691676247
186,2020-07-05,2020,False,20.508196721311474,978,0,1027,110446.98691999579,0.0,14100,53,0.0,,,0.16082073846128925,0.15194601392601828,0.3835775299074915,0.9614672801635992,0.06765284324558093,303431.4369167624,0,False,False,True,"{""0"":null,""1"":null,""2"":null,""3"":null}",978.0,184229.0,0.0,130036.0,0.0,130036.0,0.0,110446.98691999579,0.0,0.0,0.0,0.0,119776.79691676247,0.0,3.164896587588939,0.0,528.0,0.0,0.0,0.0,11593.600000024646,0.0,308.3999999999989,0.0,6501.800000014888,0.0,0.0,0.0,0.0,0.0,0.0,0.0,1300.3599999999992,0.0,65018.0,0.0,27.0,0.0,66318.36,0.0,0.0,0.0,119776.79691676247
187,2020-07-06,2020,True,20.510928961748633,978,978,1027,111278.39317483685,1258.7048721581743,15059,24,0.0,0.8567198634949312,0.1367000623172427,0.16082073846128928,0.1519460139260183,0.3835775299074915,0.9600664621676891,0.09700877525298818,304191.36178892053,0,False,False,True,"{""0"":null,""1"":null,""2"":null,""3"":null}",978.0,185207.0,978.0,131014.0,978.0,131014.0,831.4062548410584,111278.39317483685,831.4062548410584,0.0,0.0,1258.7048721581814,121035.50178892065,0.0,3.164896587588939,4.0,532.0,0.0,0.0,87.80000000031941,11681.400000024965,7.949999999998795,316.3499999999977,48.9000000001779,6550.700000015066,0.0,0.0,0.0,0.0,0.0,0.0,9.779999999999973,1310.1399999999992,489.0,65507.0,0.0,27.0,498.77999999999884,66817.14,0.0,0.0,1258.7048721581814,121035.50178892065
188,2020-07-07,2020,True,20.51366120218579,979,979,1028,112110.73850184295,1171.1236608202487,15106,40,0.0,0.8447266155266289,0.1417427099434901,0.1607418878337524,0.15118603237460912,0.3835106631509886,0.9604800817160367,0.12433588657331865,304862.1954497408,0,False,False,True,"{""0"":null,""1"":null,""2"":null,""3"":null}",979.0,186186.0,979.0,131993.0,979.0,131993.0,832.3453270061,112110.73850184295,832.3453270061,0.0,0.0,1171.1236608202453,122206.6254497409,0.0,3.164896587588939,4.0,536.0,0.0,0.0,87.90000000031978,11769.300000025285,0.0,316.3499999999977,48.95000000017808,6599.650000015244,0.0,0.0,0.0,0.0,0.0,0.0,9.789999999999964,1319.9299999999992,489.5,65996.5,1.0,28.0,499.2899999999936,67316.43,0.0,0.0,1171.1236608202453,122206.6254497409
189,2020-07-08,2020,True,20.516393442622952,978,978,1028,112942.16215870452,1122.8816650774684,15197,53,0.06366397233182208,0.8292085026239777,0.16236228935121413,0.16108469370721876,0.15148808828592886,0.3837075630406661,0.9601482617586912,0.14969676245169272,305486.29711481824,0,False,False,True,"{""0"":null,""1"":null,""2"":null,""3"":null}",978.0,187164.0,978.0,132971.0,978.0,132971.0,831.4236568615743,112942.16215870452,831.4236568615743,0.0,0.0,1122.881665077468,123329.50711481836,0.0636639723318222,3.228560559920761,4.0,540.0,0.0,0.0,87.80000000031941,11857.100000025604,0.0,316.3499999999977,48.9000000001779,6648.550000015422,0.0,0.0,0.0,0.0,0.0,0.0,9.779999999999973,1329.7099999999991,489.0,66485.5,0.0,28.0,498.77999999999884,67815.20999999999,0.0,0.0,1122.881665077468,123329.50711481836
190,2020-07-09,2020,True,20.51912568306011,977,977,1028,113772.86187735453,1061.8474673219816,15306,45,0.0,0.8146028571018893,0.16172702912540876,0.1613041008884091,0.15214741642798443,0.383774429797169,0.9603224155578302,0.1732284742372201,306049.8745821402,0,False,False,True,"{""0"":null,""1"":null,""2"":null,""3"":null}",977.0,188141.0,977.0,133948.0,977.0,133948.0,830.6997186500084,113772.86187735453,830.6997186500084,0.0,0.0,1061.8474673219753,124391.35458214034,0.0,3.228560559920761,4.0,544.0,0.0,0.0,87.70000000031905,11944.800000025924,3.5999999999994543,319.94999999999715,48.850000000177715,6697.400000015599,0.0,0.0,0.0,0.0,0.0,0.0,9.769999999999982,1339.479999999999,488.5,66974.0,0.0,28.0,498.2700000000041,68313.48,0.0,0.0,1061.8474673219753,124391.35458214034
191,2020-07-10,2020,True,20.52185792349727,977,977,1028,114603.56159600454,1018.7023852465463,15399,45,0.0,0.818822910073394,0.17256159845925487,0.1611669146687184,0.152007271889684,0.383774429797169,0.9599437052200614,0.1947776561131391,306570.3069673867,0,False,False,True,"{""0"":null,""1"":null,""2"":null,""3"":null}",977.0,189118.0,977.0,134925.0,977.0,134925.0,830.6997186500084,114603.56159600454,830.6997186500084,0.0,0.0,1018.70238524655,125410.05696738689,0.0,3.228560559920761,4.0,548.0,0.0,0.0,87.70000000031905,12032.500000026243,2.399999999999636,322.3499999999968,48.850000000177715,6746.250000015777,0.0,0.0,0.0,0.0,0.0,0.0,9.769999999999982,1349.249999999999,488.5,67462.5,0.0,28.0,498.2700000000041,68811.75,0.0,0.0,1018.70238524655,125410.05696738689
192,2020-07-11,2020,False,20.524590163934427,978,0,1029,114603.56159600454,0.0,14600,45,0.0,,,0.1611615944337823,0.1511539177796742,0.3837075630406661,0.9615593047034765,0.1175088082217352,306569.3069673867,0,False,False,True,"{""0"":null,""1"":null,""2"":null,""3"":null}",978.0,190096.0,0.0,134925.0,0.0,134925.0,0.0,114603.56159600454,0.0,0.0,0.0,0.0,125410.05696738689,0.0,3.228560559920761,0.0,548.0,0.0,0.0,0.0,12032.500000026243,0.0,322.3499999999968,0.0,6746.250000015777,0.0,0.0,0.0,0.0,0.0,0.0,0.0,1349.249999999999,0.0,67462.5,1.0,29.0,0.0,68811.75,0.0,0.0,0.0,125410.05696738689
193,2020-07-12,2020,False,20.527322404371585,978,0,1029,114603.56159600454,0.0,14600,45,0.0,,,0.16116159443378228,0.1511539177796742,0.3837075630406661,0.9615593047034765,0.06748386650267726,306569.3069673867,0,False,False,True,"{""0"":null,""1"":null,""2"":null,""3"":null}",978.0,191074.0,0.0,134925.0,0.0,134925.0,0.0,114603.56159600454,0.0,0.0,0.0,0.0,125410.05696738689,0.0,3.228560559920761,0.0,548.0,0.0,0.0,0.0,12032.500000026243,0.0,322.3499999999968,0.0,6746.250000015777,0.0,0.0,0.0,0.0,0.0,0.0,0.0,1349.249999999999,0.0,67462.5,0.0,29.0,0.0,68811.75,0.0,0.0,0.0,125410.05696738689
194,2020-07-13,2020,True,20.530054644808743,979,979,1030,115435.88866784777,1265.7784714506536,15558,20,0.23193891588000393,0.8743883059021289,0.11453003856365183,0.161184684297832,0.15029896253955802,0.3836406962841632,0.959979570990807,0.09685360040652656,307334.7954388374,0,False,False,True,"{""0"":null,""1"":null,""2"":null,""3"":null}",979.0,192053.0,979.0,135904.0,979.0,135904.0,832.3270718432323,115435.88866784777,832.3270718432323,0.0,0.0,1265.778471450656,126675.83543883754,0.23193891588000382,3.460499475800765,4.0,552.0,0.0,0.0,87.90000000031978,12120.400000026562,6.749999999998977,329.09999999999576,48.95000000017808,6795.200000015955,0.0,0.0,0.0,0.0,0.0,0.0,9.789999999999964,1359.039999999999,489.5,67952.0,1.0,30.0,499.2899999999936,69311.04,0.0,0.0,1265.778471450656,126675.83543883754
195,2020-07-14,2020,True,20.5327868852459,979,979,1030,116268.215739691,1191.0209443078368,15593,43,0.0,0.8457539773206364,0.14566920826758217,0.16105410569090917,0.15028603216466171,0.3836406962841632,0.9604239019407559,0.1242362352364087,308026.52638314525,0,False,False,True,"{""0"":null,""1"":null,""2"":null,""3"":null}",979.0,193032.0,979.0,136883.0,979.0,136883.0,832.3270718432323,116268.215739691,832.3270718432323,0.0,0.0,1191.0209443078347,127866.85638314538,0.0,3.460499475800765,4.0,556.0,0.0,0.0,87.90000000031978,12208.300000026882,0.0,329.09999999999576,48.95000000017808,6844.150000016133,0.0,0.0,0.0,0.0,0.0,0.0,9.789999999999964,1368.829999999999,489.5,68441.5,0.0,30.0,499.2899999999936,69810.32999999999,0.0,0.0,1191.0209443078347,127866.85638314538
196,2020-07-15,2020,True,20.53551912568306,979,979,1030,117100.54281153424,1132.6925844989973,15697,66,0.0,0.8293440786950526,0.16890658378127135,0.16096801105499886,0.1502353133526605,0.3836406962841632,0.960311542390194,0.1496576409103857,308659.9289676443,0,False,False,True,"{""0"":null,""1"":null,""2"":null,""3"":null}",979.0,194011.0,979.0,137862.0,979.0,137862.0,832.3270718432323,117100.54281153424,832.3270718432323,0.0,0.0,1132.6925844990037,128999.54896764438,0.0,3.460499475800765,4.0,560.0,0.0,0.0,87.90000000031978,12296.200000027202,0.0,329.09999999999576,48.95000000017808,6893.100000016311,0.0,0.0,0.0,0.0,0.0,0.0,9.789999999999964,1378.619999999999,489.5,68931.0,0.0,30.0,499.2899999999936,70309.61999999998,0.0,0.0,1132.6925844990037,128999.54896764438
197,2020-07-16,2020,True,20.538251366120218,979,979,1030,117932.86988337747,1080.312314934354,15828,60,0.0,0.8028796984607518,0.20152596562159897,0.16108257293333808,0.15026691728090402,0.3836406962841632,0.9604341164453524,0.173093283297673,309240.95128257864,0,False,False,True,"{""0"":null,""1"":null,""2"":null,""3"":null}",979.0,194990.0,979.0,138841.0,979.0,138841.0,832.3270718432323,117932.86988337747,832.3270718432323,0.0,0.0,1080.3123149343592,130079.86128257874,0.0,3.460499475800765,4.0,564.0,0.0,0.0,87.90000000031978,12384.100000027522,2.9999999999995453,332.0999999999953,48.95000000017808,6942.050000016489,0.0,0.0,0.0,0.0,0.0,0.0,9.789999999999964,1388.409999999999,489.5,69420.5,0.0,30.0,499.2899999999936,70808.90999999997,0.0,0.0,1080.3123149343592,130079.86128257874
198,2020-07-17,2020,True,20.540983606557376,979,979,1030,118765.1969552207,1045.5308701538127,15911,44,0.0,0.8110512597682016,0.18710601165520757,0.16107664401941232,0.15027685894875567,0.3836406962841632,0.9600102145045966,0.19477631014798738,309787.19215273246,0,False,False,True,"{""0"":null,""1"":null,""2"":null,""3"":null}",979.0,195969.0,979.0,139820.0,979.0,139820.0,832.3270718432323,118765.1969552207,832.3270718432323,0.0,0.0,1045.530870153816,131125.39215273256,0.0,3.460499475800765,4.0,568.0,0.0,0.0,87.90000000031978,12472.000000027841,3.449999999999477,335.5499999999948,48.95000000017808,6991.000000016667,0.0,0.0,0.0,0.0,0.0,0.0,9.789999999999964,1398.199999999999,489.5,69910.0,0.0,30.0,499.2899999999936,71308.19999999997,0.0,0.0,1045.530870153816,131125.39215273256
199,2020-07-18,2020,False,20.543715846994537,978,0,1030,118765.1969552207,0.0,15100,44,0.0,,,0.16129257791005652,0.15031347141425064,0.3838375961738407,0.9618149284253579,0.11753274201373366,309787.19215273246,0,False,False,True,"{""0"":null,""1"":null,""2"":null,""3"":null}",978.0,196947.0,0.0,139820.0,0.0,139820.0,0.0,118765.1969552207,0.0,0.0,0.0,0.0,131125.39215273256,0.0,3.460499475800765,0.0,568.0,0.0,0.0,0.0,12472.000000027841,0.0,335.5499999999948,0.0,6991.000000016667,0.0,0.0,0.0,0.0,0.0,0.0,0.0,1398.199999999999,0.0,69910.0,0.0,30.0,0.0,71308.19999999997,0.0,0.0,0.0,131125.39215273256
200,2020-07-19,2020,False,20.546448087431695,978,0,1030,118765.1969552207,0.0,15100,44,0.0,,,0.1612925779100565,0.15031347141425064,0.3838375961738407,0.9618149284253579,0.06764194376631924,309787.19215273246,0,False,False,True,"{""0"":null,""1"":null,""2"":null,""3"":null}",978.0,197925.0,0.0,139820.0,0.0,139820.0,0.0,118765.1969552207,0.0,0.0,0.0,0.0,131125.39215273256,0.0,3.460499475800765,0.0,568.0,0.0,0.0,0.0,12472.000000027841,0.0,335.5499999999948,0.0,6991.000000016667,0.0,0.0,0.0,0.0,0.0,0.0,0.0,1398.199999999999,0.0,69910.0,0.0,30.0,0.0,71308.19999999997,0.0,0.0,0.0,131125.39215273256
201,2020-07-20,2020,True,20.549180327868854,978,978,1030,119596.6322309228,1228.4722941478203,16046,18,0.0,0.8323268651722984,0.1561934760302575,0.1612925779100565,0.15031347141425064,0.3838375961738407,0.960178936605317,0.09711579206091084,310516.88444688026,0,False,False,True,"{""0"":null,""1"":null,""2"":null,""3"":null}",978.0,198903.0,978.0,140798.0,978.0,140798.0,831.435275702097,119596.6322309228,831.435275702097,0.0,0.0,1228.4722941478249,132353.86444688038,0.0,3.460499475800765,4.0,572.0,0.0,0.0,87.80000000031941,12559.80000002816,6.5999999999989996,342.1499999999938,48.9000000001779,7039.900000016845,0.0,0.0,0.0,0.0,0.0,0.0,9.779999999999973,1407.9799999999989,489.0,70399.0,0.0,30.0,498.77999999999884,71806.97999999997,0.0,0.0,1228.4722941478249,132353.86444688038
202,2020-07-21,2020,True,20.55191256830601,977,977,1030,120427.35571143082,1189.097094243465,16118,29,0.0,0.8639051522248243,0.11143693177750734,0.1613154305452031,0.15078370881252326,0.383585464753587,0.9616171954964176,0.12462028563256315,311207.7115411237,0,False,False,True,"{""0"":null,""1"":null,""2"":null,""3"":null}",977.0,199880.0,977.0,141775.0,977.0,141775.0,830.7234805080225,120427.35571143082,830.7234805080225,0.0,0.0,1189.0970942434797,133542.96154112386,0.0,3.460499475800765,4.0,576.0,0.0,0.0,87.70000000031905,12647.50000002848,0.0,342.1499999999938,48.850000000177715,7088.750000017023,0.0,0.0,0.0,0.0,0.0,0.0,9.769999999999982,1417.7499999999989,488.5,70887.5,0.0,30.0,498.2700000000041,72305.24999999997,0.0,0.0,1189.0970942434797,133542.96154112386
203,2020-07-22,2020,True,20.55464480874317,977,977,1030,121258.07919193884,1149.2936666311648,16213,40,0.0,0.8372574439611911,0.16443434271124155,0.16133444184254772,0.15093612893257283,0.383585464753587,0.9621033776867963,0.1500089672802688,311858.7352077548,0,False,False,True,"{""0"":null,""1"":null,""2"":null,""3"":null}",977.0,200857.0,977.0,142752.0,977.0,142752.0,830.7234805080225,121258.07919193884,830.7234805080225,0.0,0.0,1149.293666631158,134692.25520775502,0.0,3.460499475800765,4.0,580.0,0.0,0.0,87.70000000031905,12735.200000028799,0.0,342.1499999999938,48.850000000177715,7137.600000017201,0.0,0.0,0.0,0.0,0.0,0.0,9.769999999999982,1427.5199999999988,488.5,71376.0,0.0,30.0,498.2700000000041,72803.51999999997,0.0,0.0,1149.293666631158,134692.25520775502
204,2020-07-23,2020,True,20.557377049180328,976,976,1030,122088.02609899061,1106.6869772621776,16346,35,0.0,0.8206533868354061,0.16292167812441521,0.1612797304343204,0.15097502196680643,0.38365233151008993,0.962423155737705,0.1736021830268469,312467.662185017,0,False,False,True,"{""0"":null,""1"":null,""2"":null,""3"":null}",976.0,201833.0,976.0,143728.0,976.0,143728.0,829.9469070517662,122088.02609899061,829.9469070517662,0.0,0.0,1106.6869772621721,135798.9421850172,0.0,3.460499475800765,4.0,584.0,0.0,0.0,87.60000000031869,12822.800000029118,2.6999999999995907,344.8499999999934,48.80000000017753,7186.400000017378,0.0,0.0,0.0,0.0,0.0,0.0,9.759999999999991,1437.2799999999988,488.0,71864.0,0.0,30.0,497.75999999999476,73301.27999999997,0.0,0.0,1106.6869772621721,135798.9421850172
205,2020-07-24,2020,True,20.560109289617486,976,976,1030,122917.97300604238,1041.724844038962,16434,40,0.0,0.8350104704905642,0.1609946503320775,0.16127266119923447,0.1512277716311233,0.38365233151008993,0.9628739754098361,0.19530626147997326,313011.62702905596,0,False,False,True,"{""0"":null,""1"":null,""2"":null,""3"":null}",976.0,202809.0,976.0,144704.0,976.0,144704.0,829.9469070517662,122917.97300604238,829.9469070517662,0.0,0.0,1041.7248440389521,136840.66702905615,0.0,3.460499475800765,4.0,588.0,0.0,0.0,87.60000000031869,12910.400000029436,1.6499999999997499,346.4999999999931,48.80000000017753,7235.200000017556,0.0,0.0,0.0,0.0,0.0,0.0,9.759999999999991,1447.0399999999988,488.0,72352.0,0.0,30.0,497.75999999999476,73799.03999999996,0.0,0.0,1041.7248440389521,136840.66702905615
206,2020-07-25,2020,False,20.562841530054644,976,0,1030,122917.97300604238,0.0,15600,40,0.0,,,0.1611831034983986,0.15132647976786764,0.38365233151008993,0.9641444672131148,0.11808441271180696,313011.62702905596,0,False,False,True,"{""0"":null,""1"":null,""2"":null,""3"":null}",976.0,203785.0,0.0,144704.0,0.0,144704.0,0.0,122917.97300604238,0.0,0.0,0.0,0.0,136840.66702905615,0.0,3.460499475800765,0.0,588.0,0.0,0.0,0.0,12910.400000029436,0.0,346.4999999999931,0.0,7235.200000017556,0.0,0.0,0.0,0.0,0.0,0.0,0.0,1447.0399999999988,0.0,72352.0,0.0,30.0,0.0,73799.03999999996,0.0,0.0,0.0,136840.66702905615
207,2020-07-26,2020,False,20.565573770491802,977,0,1031,122917.97300604238,0.0,15600,40,0.0,,,0.1608612910831381,0.15033967507050547,0.38345543162041246,0.9638741044012283,0.06795473066883169,313010.62702905596,0,False,False,True,"{""0"":null,""1"":null,""2"":null,""3"":null}",977.0,204762.0,0.0,144704.0,0.0,144704.0,0.0,122917.97300604238,0.0,0.0,0.0,0.0,136840.66702905615,0.0,3.460499475800765,0.0,588.0,0.0,0.0,0.0,12910.400000029436,0.0,346.4999999999931,0.0,7235.200000017556,0.0,0.0,0.0,0.0,0.0,0.0,0.0,1447.0399999999988,0.0,72352.0,1.0,31.0,0.0,73799.03999999996,0.0,0.0,0.0,136840.66702905615
208,2020-07-27,2020,True,20.56830601092896,977,977,1031,123748.77980658069,1261.2218783582118,16552,17,0.0,0.8413365106632245,0.14965705379321834,0.16086129108313812,0.15033967507050544,0.38345543162041246,0.9625690890481065,0.09753310066535413,313773.57890741416,0,False,False,True,"{""0"":null,""1"":null,""2"":null,""3"":null}",977.0,205739.0,977.0,145681.0,977.0,145681.0,830.8068005383102,123748.77980658069,830.8068005383102,0.0,0.0,1261.2218783582211,138101.88890741437,0.0,3.460499475800765,4.0,592.0,0.0,0.0,87.70000000031905,12998.100000029755,5.9999999999990905,352.4999999999922,48.850000000177715,7284.0500000177335,0.0,0.0,0.0,0.0,0.0,0.0,9.769999999999982,1456.8099999999988,488.5,72840.5,0.0,31.0,498.2700000000041,74297.30999999997,0.0,0.0,1261.2218783582211,138101.88890741437
209,2020-07-28,2020,True,20.57103825136612,977,977,1031,124579.586607119,1222.2092304978096,16625,27,0.0,0.8453847884714427,0.14800122977669264,0.16094757121269987,0.1503080800801252,0.38345543162041246,0.962942681678608,0.12505742265850842,314497.518137912,0,False,False,True,"{""0"":null,""1"":null,""2"":null,""3"":null}",977.0,206716.0,977.0,146658.0,977.0,146658.0,830.8068005383102,124579.586607119,830.8068005383102,0.0,0.0,1222.2092304977996,139324.09813791217,0.0,3.460499475800765,4.0,596.0,0.0,0.0,87.70000000031905,13085.800000030074,0.0,352.4999999999922,48.850000000177715,7332.900000017911,0.0,0.0,0.0,0.0,0.0,0.0,9.769999999999982,1466.5799999999988,488.5,73329.0,0.0,31.0,498.2700000000041,74795.57999999997,0.0,0.0,1222.2092304977996,139324.09813791217
210,2020-07-29,2020,True,20.57377049180328,977,977,1031,125410.3934076573,1169.3796771512648,16739,39,0.0,0.8485170746516209,0.14468059859130028,0.1610078145236113,0.15046754733989212,0.38345543162041246,0.9634083930399181,0.15058208633196035,315168.6278150632,0,False,False,True,"{""0"":null,""1"":null,""2"":null,""3"":null}",977.0,207693.0,977.0,147635.0,977.0,147635.0,830.8068005383102,125410.3934076573,830.8068005383102,0.0,0.0,1169.3796771512716,140493.47781506344,0.0,3.460499475800765,4.0,600.0,0.0,0.0,87.70000000031905,13173.500000030393,0.0,352.4999999999922,48.850000000177715,7381.750000018089,0.0,0.0,0.0,0.0,0.0,0.0,9.769999999999982,1476.3499999999988,488.5,73817.5,0.0,31.0,498.2700000000041,75293.84999999998,0.0,0.0,1169.3796771512716,140493.47781506344
211,2020-07-30,2020,True,20.57650273224044,977,977,1031,126241.20020819562,1108.3259015412937,16847,39,0.15143755624709898,0.835172103997907,0.15922006558896346,0.16110848237567368,0.15042167753063193,0.38345543162041246,0.9635926305015352,0.1741717399294797,315778.6837166045,0,False,False,True,"{""0"":null,""1"":null,""2"":null,""3"":null}",977.0,208670.0,977.0,148612.0,977.0,148612.0,830.8068005383102,126241.20020819562,830.8068005383102,0.0,0.0,1108.325901541306,141601.80371660474,0.1514375562470991,3.611937032047864,4.0,604.0,0.0,0.0,87.70000000031905,13261.200000030713,2.5499999999996135,355.0499999999918,48.850000000177715,7430.600000018267,0.0,0.0,0.0,0.0,0.0,0.0,9.769999999999982,1486.1199999999988,488.5,74306.0,0.0,31.0,498.2700000000041,75792.11999999998,0.0,0.0,1108.325901541306,141601.80371660474
212,2020-07-31,2020,True,20.579234972677597,978,978,1032,127072.82920821014,1044.352105747129,16933,42,0.0557182952129313,0.8333000133280022,0.15880405084343074,0.16093612218544878,0.14962311762445965,0.38338856486390954,0.963364008179959,0.19585974467482045,316323.2558223516,0,False,False,True,"{""0"":null,""1"":null,""2"":null,""3"":null}",978.0,209648.0,978.0,149590.0,978.0,149590.0,831.6290000145236,127072.82920821014,831.6290000145236,0.0,0.0,1044.3521057471226,142646.15582235187,0.055718295212931146,3.6676553272607952,4.0,608.0,0.0,0.0,87.80000000031941,13349.000000031032,1.4999999999997726,356.5499999999916,48.9000000001779,7479.500000018445,0.0,0.0,0.0,0.0,0.0,0.0,9.779999999999973,1495.8999999999987,489.0,74795.0,1.0,32.0,498.77999999999884,76290.89999999998,0.0,0.0,1044.3521057471226,142646.15582235187
213,2020-08-01,2020,False,20.581967213114755,978,0,1032,127072.82920821014,0.0,16100,42,0.0,,,0.1611150071569826,0.15000358066419786,0.38338856486390954,0.9646676891615542,0.11855085947134476,316323.2558223516,0,False,False,True,"{""0"":null,""1"":null,""2"":null,""3"":null}",978.0,210626.0,0.0,149590.0,0.0,149590.0,0.0,127072.82920821014,0.0,0.0,0.0,0.0,142646.15582235187,0.0,3.6676553272607952,0.0,608.0,0.0,0.0,0.0,13349.000000031032,0.0,356.5499999999916,0.0,7479.500000018445,0.0,0.0,0.0,0.0,0.0,0.0,0.0,1495.8999999999987,0.0,74795.0,0.0,32.0,0.0,76290.89999999998,0.0,0.0,0.0,142646.15582235187
214,2020-08-02,2020,False,20.584699453551913,978,0,1032,127072.82920821014,0.0,16100,42,0.0,,,0.1611150071569826,0.15000358066419783,0.38338856486390954,0.9646676891615542,0.06836010442346543,316323.2558223516,0,False,False,True,"{""0"":null,""1"":null,""2"":null,""3"":null}",978.0,211604.0,0.0,149590.0,0.0,149590.0,0.0,127072.82920821014,0.0,0.0,0.0,0.0,142646.15582235187,0.0,3.6676553272607952,0.0,608.0,0.0,0.0,0.0,13349.000000031032,0.0,356.5499999999916,0.0,7479.500000018445,0.0,0.0,0.0,0.0,0.0,0.0,0.0,1495.8999999999987,0.0,74795.0,0.0,32.0,0.0,76290.89999999998,0.0,0.0,0.0,142646.15582235187
215,2020-08-03,2020,True,20.58743169398907,977,977,1032,127903.53962213006,1267.8967995969133,17069,15,0.0,0.8341502174640347,0.16007230295654667,0.1613698742307874,0.15023064846877318,0.383585464753587,0.9636949846468782,0.09787822304459379,317092.8826219485,0,False,False,True,"{""0"":null,""1"":null,""2"":null,""3"":null}",977.0,212581.0,977.0,150567.0,977.0,150567.0,830.7104139199218,127903.53962213006,830.7104139199218,0.0,0.0,1267.8967995968997,143914.05262194877,0.0,3.6676553272607952,4.0,612.0,0.0,0.0,87.70000000031905,13436.700000031351,6.299999999999045,362.84999999999064,48.850000000177715,7528.350000018622,0.0,0.0,0.0,0.0,0.0,0.0,9.769999999999982,1505.6699999999987,488.5,75283.5,0.0,32.0,498.2700000000041,76789.16999999998,0.0,0.0,1267.8967995968997,143914.05262194877
216,2020-08-04,2020,True,20.59016393442623,977,977,1032,128734.25003604998,1192.8020791483316,17120,34,0.0,0.8454165272666444,0.14314315030901759,0.1615141098385598,0.15022118635783455,0.383585464753587,0.963792221084954,0.12537367688448536,317787.41470109683,0,False,False,True,"{""0"":null,""1"":null,""2"":null,""3"":null}",977.0,213558.0,977.0,151544.0,977.0,151544.0,830.7104139199218,128734.25003604998,830.7104139199218,0.0,0.0,1192.8020791483286,145106.8547010971,0.0,3.6676553272607952,4.0,616.0,0.0,0.0,87.70000000031905,13524.40000003167,0.0,362.84999999999064,48.850000000177715,7577.2000000188,0.0,0.0,0.0,0.0,0.0,0.0,9.769999999999982,1515.4399999999987,488.5,75772.0,0.0,32.0,498.2700000000041,77287.43999999999,0.0,0.0,1192.8020791483286,145106.8547010971
217,2020-08-05,2020,True,20.592896174863387,978,978,1033,129565.7975899873,1158.5106289133857,17225,53,0.0,0.83944881231181,0.14719229484334362,0.16182883880685803,0.14994377617470345,0.3838375961738407,0.9634815950920245,0.15076313026385266,318446.1453300102,0,False,False,True,"{""0"":null,""1"":null,""2"":null,""3"":null}",978.0,214536.0,978.0,152522.0,978.0,152522.0,831.5475539373147,129565.7975899873,831.5475539373147,0.0,0.0,1158.5106289133837,146265.36533001048,0.0,3.6676553272607952,4.0,620.0,0.0,0.0,87.80000000031941,13612.20000003199,0.0,362.84999999999064,48.9000000001779,7626.100000018978,0.0,0.0,0.0,0.0,0.0,0.0,9.779999999999973,1525.2199999999987,489.0,76261.0,1.0,33.0,498.77999999999884,77786.21999999999,0.0,0.0,1158.5106289133837,146265.36533001048
218,2020-08-06,2020,True,20.595628415300546,978,978,1033,130397.34514392461,1106.891980783349,17339,51,0.10303838194034465,0.8190364670458348,0.17394796811988453,0.16178679622700187,0.14995300427209265,0.3838375961738407,0.9634304703476483,0.1742111424422188,319054.25731079356,0,False,False,True,"{""0"":null,""1"":null,""2"":null,""3"":null}",978.0,215514.0,978.0,153500.0,978.0,153500.0,831.5475539373147,130397.34514392461,831.5475539373147,0.0,0.0,1106.8919807833445,147372.25731079382,0.10303838194034487,3.77069370920114,4.0,624.0,0.0,0.0,87.80000000031941,13700.000000032309,2.249999999999659,365.0999999999903,48.9000000001779,7675.000000019156,0.0,0.0,0.0,0.0,0.0,0.0,9.779999999999973,1534.9999999999986,489.0,76750.0,0.0,33.0,498.77999999999884,78284.99999999999,0.0,0.0,1106.8919807833445,147372.25731079382
219,2020-08-07,2020,True,20.598360655737704,978,978,1033,131228.89269786177,1053.5275801685038,17440,51,0.0,0.8159417865506858,0.19088010356265062,0.16171520347696589,0.15004091148954252,0.3838375961738407,0.9633895705521472,0.19591439419559917,319609.00489096204,0,False,False,True,"{""0"":null,""1"":null,""2"":null,""3"":null}",978.0,216492.0,978.0,154478.0,978.0,154478.0,831.5475539371546,131228.89269786177,831.5475539371546,0.0,0.0,1053.5275801685057,148425.78489096233,0.0,3.77069370920114,4.0,628.0,0.0,0.0,87.80000000031941,13787.800000032628,2.849999999999568,367.94999999998987,48.9000000001779,7723.900000019334,0.0,0.0,0.0,0.0,0.0,0.0,9.779999999999973,1544.7799999999986,489.0,77239.0,0.0,33.0,498.77999999999884,78783.77999999998,0.0,0.0,1053.5275801685057,148425.78489096233
220,2020-08-08,2020,False,20.601092896174862,978,0,1034,131228.89269786177,0.0,16600,51,0.0,,,0.16167001870459277,0.14929639400297526,0.3838375961738407,0.964038854805726,0.11860811874209048,319608.00489096204,0,False,False,True,"{""0"":null,""1"":null,""2"":null,""3"":null}",978.0,217470.0,0.0,154478.0,0.0,154478.0,0.0,131228.89269786177,0.0,0.0,0.0,0.0,148425.78489096233,0.0,3.77069370920114,0.0,628.0,0.0,0.0,0.0,13787.800000032628,0.0,367.94999999998987,0.0,7723.900000019334,0.0,0.0,0.0,0.0,0.0,0.0,0.0,1544.7799999999986,0.0,77239.0,1.0,34.0,0.0,78783.77999999998,0.0,0.0,0.0,148425.78489096233
221,2020-08-09,2020,False,20.603825136612024,979,0,1035,131228.89269786177,0.0,16600,51,0.0,,,0.1617874296874895,0.14876704570268967,0.38408972759409443,0.9637691521961185,0.06841272908640869,319607.00489096204,0,False,False,True,"{""0"":null,""1"":null,""2"":null,""3"":null}",979.0,218449.0,0.0,154478.0,0.0,154478.0,0.0,131228.89269786177,0.0,0.0,0.0,0.0,148425.78489096233,0.0,3.77069370920114,0.0,628.0,0.0,0.0,0.0,13787.800000032628,0.0,367.94999999998987,0.0,7723.900000019334,0.0,0.0,0.0,0.0,0.0,0.0,0.0,1544.7799999999986,0.0,77239.0,1.0,35.0,0.0,78783.77999999998,0.0,0.0,0.0,148425.78489096233
222,2020-08-10,2020,True,20.60655737704918,979,979,1035,132061.49559121128,1288.283681576687,17573,13,0.17418682163103036,0.8446972231515557,0.14524244159686928,0.1617874296874895,0.14876704570268967,0.38408972759409443,0.9627425944841675,0.0978969077312841,320395.9985725387,0,False,False,True,"{""0"":null,""1"":null,""2"":null,""3"":null}",979.0,219428.0,979.0,155457.0,979.0,155457.0,832.6028933495109,132061.49559121128,832.6028933495109,0.0,0.0,1288.2836815766932,149714.06857253902,0.1741868216310305,3.9448805308321706,4.0,632.0,0.0,0.0,87.90000000031978,13875.700000032948,7.64999999999884,375.5999999999887,48.95000000017808,7772.850000019512,0.0,0.0,0.0,0.0,0.0,0.0,9.789999999999964,1554.5699999999986,489.5,77728.5,0.0,35.0,499.2899999999936,79283.06999999998,0.0,0.0,1288.2836815766932,149714.06857253902
223,2020-08-11,2020,True,20.60928961748634,979,979,1035,132894.0984845608,1216.8694389600107,17625,30,0.0,0.8417112746738039,0.14713890280860004,0.16182777485564487,0.14878335335181103,0.38408972759409443,0.9627374872318692,0.1253166771849415,321113.5780114987,0,False,False,True,"{""0"":null,""1"":null,""2"":null,""3"":null}",979.0,220407.0,979.0,156436.0,979.0,156436.0,832.6028933495109,132894.0984845608,832.6028933495109,0.0,0.0,1216.8694389600132,150930.93801149903,0.0,3.9448805308321706,4.0,636.0,0.0,0.0,87.90000000031978,13963.600000033268,0.0,375.5999999999887,48.95000000017808,7821.80000001969,0.0,0.0,0.0,0.0,0.0,0.0,9.789999999999964,1564.3599999999985,489.5,78218.0,0.0,35.0,499.2899999999936,79782.35999999997,0.0,0.0,1216.8694389600132,150930.93801149903
224,2020-08-12,2020,True,20.612021857923498,978,978,1035,133725.8462297239,1178.6370332752062,17722,48,0.0,0.8261375041820007,0.16330774095019926,0.16165706645057143,0.14850139541868373,0.3838375961738407,0.962418200408998,0.15067362433125214,321793.4350447739,0,False,False,True,"{""0"":null,""1"":null,""2"":null,""3"":null}",978.0,221385.0,978.0,157414.0,978.0,157414.0,831.7477451630984,133725.8462297239,831.7477451630984,0.0,0.0,1178.6370332752122,152109.57504477425,0.0,3.9448805308321706,4.0,640.0,0.0,0.0,87.80000000031941,14051.400000033587,0.0,375.5999999999887,48.9000000001779,7870.700000019868,0.0,0.0,0.0,0.0,0.0,0.0,9.779999999999973,1574.1399999999985,489.0,78707.0,0.0,35.0,498.77999999999884,80281.13999999997,0.0,0.0,1178.6370332752122,152109.57504477425
225,2020-08-13,2020,True,20.614754098360656,979,979,1036,134558.55834923082,1113.4156927251113,17849,53,0.10789862882860643,0.79374168699867,0.1984863221979103,0.16140004561842108,0.14777581667274736,0.3836406962841632,0.96244126659857,0.174010996251997,322406.56073749904,0,False,False,True,"{""0"":null,""1"":null,""2"":null,""3"":null}",979.0,222364.0,979.0,158393.0,979.0,158393.0,832.712119506934,134558.55834923082,832.712119506934,0.0,0.0,1113.4156927251024,153222.99073749935,0.10789862882860657,4.052779159660777,4.0,644.0,0.0,0.0,87.90000000031978,14139.300000033907,1.9499999999997044,377.5499999999884,48.95000000017808,7919.650000020046,0.0,0.0,0.0,0.0,0.0,0.0,9.789999999999964,1583.9299999999985,489.5,79196.5,1.0,36.0,499.2899999999936,80780.42999999996,0.0,0.0,1113.4156927251024,153222.99073749935
226,2020-08-14,2020,True,20.617486338797814,980,980,1037,135391.99097349512,1058.5071127955953,17939,55,0.0,0.8163207506113201,0.19114473585921624,0.1615726579270446,0.1473326688444126,0.3838928277044169,0.9620663265306123,0.19546395356120294,322964.26785029465,0,False,False,True,"{""0"":null,""1"":null,""2"":null,""3"":null}",980.0,223344.0,980.0,159373.0,980.0,159373.0,833.4326242643001,135391.99097349512,833.4326242643001,0.0,0.0,1058.5071127956035,154281.49785029495,0.0,4.052779159660777,4.0,648.0,0.0,0.0,88.00000000032014,14227.300000034227,2.5499999999996135,380.09999999998803,49.00000000017826,7968.650000020224,0.0,0.0,0.0,0.0,0.0,0.0,9.799999999999955,1593.7299999999984,490.0,79686.5,1.0,37.0,499.8000000000029,81280.22999999997,0.0,0.0,1058.5071127956035,154281.49785029495
227,2020-08-15,2020,False,20.620218579234972,979,0,1037,135391.99097349512,0.0,17100,55,0.0,,,0.1613507686899761,0.14697102898183617,0.3836406962841632,0.9629877425944842,0.11827193715654395,322964.26785029465,0,False,False,True,"{""0"":null,""1"":null,""2"":null,""3"":null}",979.0,224323.0,0.0,159373.0,0.0,159373.0,0.0,135391.99097349512,0.0,0.0,0.0,0.0,154281.49785029495,0.0,4.052779159660777,0.0,648.0,0.0,0.0,0.0,14227.300000034227,0.0,380.09999999998803,0.0,7968.650000020224,0.0,0.0,0.0,0.0,0.0,0.0,0.0,1593.7299999999984,0.0,79686.5,0.0,37.0,0.0,81280.22999999997,0.0,0.0,0.0,154281.49785029495
228,2020-08-16,2020,False,20.62295081967213,979,0,1037,135391.99097349512,0.0,17100,55,0.0,,,0.1613507686899761,0.14697102898183617,0.3836406962841632,0.9629877425944842,0.06810219129611195,322964.26785029465,0,False,False,True,"{""0"":null,""1"":null,""2"":null,""3"":null}",979.0,225302.0,0.0,159373.0,0.0,159373.0,0.0,135391.99097349512,0.0,0.0,0.0,0.0,154281.49785029495,0.0,4.052779159660777,0.0,648.0,0.0,0.0,0.0,14227.300000034227,0.0,380.09999999998803,0.0,7968.650000020224,0.0,0.0,0.0,0.0,0.0,0.0,0.0,1593.7299999999984,0.0,79686.5,0.0,37.0,0.0,81280.22999999997,0.0,0.0,0.0,154281.49785029495
229,2020-08-17,2020,True,20.62568306010929,979,979,1037,136224.69851326244,1293.3431427293683,18077,20,0.0,0.8294272087083534,0.15465651297230615,0.1613507686899761,0.14697102898183617,0.3836406962841632,0.9618335035750766,0.09749003658600952,323758.32099302404,0,False,False,True,"{""0"":null,""1"":null,""2"":null,""3"":null}",979.0,226281.0,979.0,160352.0,979.0,160352.0,832.7075397673179,136224.69851326244,832.7075397673179,0.0,0.0,1293.343142729369,155574.84099302432,0.0,4.052779159660777,4.0,652.0,0.0,0.0,87.90000000031978,14315.200000034547,8.24999999999875,388.3499999999868,48.95000000017808,8017.600000020402,0.0,0.0,0.0,0.0,0.0,0.0,9.789999999999964,1603.5199999999984,489.5,80176.0,0.0,37.0,499.2899999999936,81779.51999999996,0.0,0.0,1293.343142729369,155574.84099302432
230,2020-08-18,2020,True,20.628415300546447,979,979,1037,137057.40605302976,1229.9497032890315,18120,39,0.0,0.842738618838179,0.14071614708967373,0.16129208017305693,0.14710846534154096,0.3836406962841632,0.9618641470888661,0.12487526930430552,324488.9806963131,0,False,False,True,"{""0"":null,""1"":null,""2"":null,""3"":null}",979.0,227260.0,979.0,161331.0,979.0,161331.0,832.7075397673179,137057.40605302976,832.7075397673179,0.0,0.0,1229.9497032890213,156804.79069631334,0.0,4.052779159660777,4.0,656.0,0.0,0.0,87.90000000031978,14403.100000034867,0.0,388.3499999999868,48.95000000017808,8066.55000002058,0.0,0.0,0.0,0.0,0.0,0.0,9.789999999999964,1613.3099999999984,489.5,80665.5,0.0,37.0,499.2899999999936,82278.80999999995,0.0,0.0,1229.9497032890213,156804.79069631334
231,2020-08-19,2020,True,20.631147540983605,979,979,1037,137890.11359279708,1166.6294054160228,18219,56,0.0075250516342207285,0.8345751155320185,0.15052223557131167,0.16118663573849168,0.14704342599351714,0.3836406962841632,0.9617109295199183,0.15023074905190473,325156.3201017291,0,False,False,True,"{""0"":null,""1"":null,""2"":null,""3"":null}",979.0,228239.0,979.0,162310.0,979.0,162310.0,832.7075397673179,137890.11359279708,832.7075397673179,0.0,0.0,1166.6294054160244,157971.42010172937,0.007525051634220681,4.060304211294998,4.0,660.0,0.0,0.0,87.90000000031978,14491.000000035187,0.0,388.3499999999868,48.95000000017808,8115.500000020758,0.0,0.0,0.0,0.0,0.0,0.0,9.789999999999964,1623.0999999999983,489.5,81155.0,0.0,37.0,499.2899999999936,82778.09999999995,0.0,0.0,1166.6294054160244,157971.42010172937
232,2020-08-20,2020,True,20.633879781420767,979,979,1037,138722.8211325644,1109.8637382895583,18342,60,0.0,0.8131170660987306,0.1685633094398466,0.16106648821723257,0.1471038371449901,0.3836406962841632,0.9615985699693564,0.17370493273768892,325766.8938400187,0,False,False,True,"{""0"":null,""1"":null,""2"":null,""3"":null}",979.0,229218.0,979.0,163289.0,979.0,163289.0,832.7075397673179,138722.8211325644,832.7075397673179,0.0,0.0,1109.8637382895686,159081.28384001894,0.0,4.060304211294998,4.0,664.0,0.0,0.0,87.90000000031978,14578.900000035506,2.9999999999995453,391.3499999999863,48.95000000017808,8164.450000020936,0.0,0.0,0.0,0.0,0.0,0.0,9.789999999999964,1632.8899999999983,489.5,81644.5,0.0,37.0,499.2899999999936,83277.38999999994,0.0,0.0,1109.8637382895686,159081.28384001894
233,2020-08-21,2020,True,20.636612021857925,980,980,1038,139556.31105132887,1039.961864644663,18448,61,0.0,0.8224960015993603,0.18084610358755046,0.1609162712830139,0.14618621453581973,0.38344379639448567,0.9616428571428571,0.19523088895481752,326306.0557046634,0,False,False,True,"{""0"":null,""1"":null,""2"":null,""3"":null}",980.0,230198.0,980.0,164269.0,980.0,164269.0,833.4899187644769,139556.31105132887,833.4899187644769,0.0,0.0,1039.9618646446615,160121.2457046636,0.0,4.060304211294998,4.0,668.0,0.0,0.0,88.00000000032014,14666.900000035826,2.849999999999568,394.1999999999859,48.99999999978809,8213.450000020724,0.0,0.0,0.0,0.0,0.0,0.0,9.799999999999955,1642.6899999999982,490.0,82134.5,1.0,38.0,499.8000000000029,83777.18999999994,0.0,0.0,1039.9618646446615,160121.2457046636
234,2020-08-22,2020,False,20.639344262295083,980,0,1038,139556.31105132887,0.0,17600,61,0.0,,,0.16098045799674404,0.14629007009251188,0.38344379639448567,0.9628520408163266,0.117851022605528,326306.0557046634,0,False,False,True,"{""0"":null,""1"":null,""2"":null,""3"":null}",980.0,231178.0,0.0,164269.0,0.0,164269.0,0.0,139556.31105132887,0.0,0.0,0.0,0.0,160121.2457046636,0.0,4.060304211294998,0.0,668.0,0.0,0.0,0.0,14666.900000035826,0.0,394.1999999999859,0.0,8213.450000020724,0.0,0.0,0.0,0.0,0.0,0.0,0.0,1642.6899999999982,0.0,82134.5,0.0,38.0,0.0,83777.18999999994,0.0,0.0,0.0,160121.2457046636
235,2020-08-23,2020,False,20.64207650273224,980,0,1038,139556.31105132887,0.0,17600,61,0.0,,,0.16098045799674404,0.14629007009251188,0.38344379639448567,0.9628520408163266,0.06772600885039151,326306.0557046634,0,False,False,True,"{""0"":null,""1"":null,""2"":null,""3"":null}",980.0,232158.0,0.0,164269.0,0.0,164269.0,0.0,139556.31105132887,0.0,0.0,0.0,0.0,160121.2457046636,0.0,4.060304211294998,0.0,668.0,0.0,0.0,0.0,14666.900000035826,0.0,394.1999999999859,0.0,8213.450000020724,0.0,0.0,0.0,0.0,0.0,0.0,0.0,1642.6899999999982,0.0,82134.5,0.0,38.0,0.0,83777.18999999994,0.0,0.0,0.0,160121.2457046636
236,2020-08-24,2020,True,20.6448087431694,980,980,1038,140389.80097009335,1315.5160374173124,18586,15,0.0,0.8336748633879781,0.15774085293418863,0.16098045799674404,0.14629007009251188,0.38344379639448567,0.9618061224489797,0.09716649946284686,327121.7717420807,0,False,False,True,"{""0"":null,""1"":null,""2"":null,""3"":null}",980.0,233138.0,980.0,165249.0,980.0,165249.0,833.4899187644769,140389.80097009335,833.4899187644769,0.0,0.0,1315.5160374173138,161436.7617420809,0.0,4.060304211294998,4.0,672.0,0.0,0.0,88.00000000032014,14754.900000036147,9.149999999998613,403.3499999999845,48.999999999286956,8262.450000020011,0.0,0.0,0.0,0.0,0.0,0.0,9.799999999999955,1652.4899999999982,490.0,82624.5,0.0,38.0,499.8000000000029,84276.98999999995,0.0,0.0,1315.5160374173138,161436.7617420809
237,2020-08-25,2020,True,20.647540983606557,981,981,1039,141224.22971878087,1258.202534094022,18638,30,0.0,0.8369368579098972,0.13890541530365896,0.16109432361087672,0.1458884214709999,0.3836959278147394,0.962059123343527,0.12464419268605799,327878.66427617474,0,False,False,True,"{""0"":null,""1"":null,""2"":null,""3"":null}",981.0,234119.0,981.0,166230.0,981.0,166230.0,834.4287486875255,141224.22971878087,834.4287486875255,0.0,0.0,1258.2025340940163,162694.96427617493,0.0,4.060304211294998,4.0,676.0,0.0,0.0,88.1000000003205,14843.000000036467,0.0,403.3499999999845,49.04999999928623,8311.500000019298,0.0,0.0,0.0,0.0,0.0,0.0,9.809999999999945,1662.2999999999981,490.5,83115.0,1.0,39.0,500.3099999999977,84777.29999999994,0.0,0.0,1258.2025340940163,162694.96427617493
238,2020-08-26,2020,True,20.650273224043715,981,981,1039,142058.6584674684,1179.0450933514378,18729,43,0.0,0.8409766705562673,0.14791354121600522,0.16097276852332632,0.14590183238998028,0.3836959278147394,0.9619877675840979,0.1500615442808796,328557.3993695262,0,False,False,True,"{""0"":null,""1"":null,""2"":null,""3"":null}",981.0,235100.0,981.0,167211.0,981.0,167211.0,834.4287486875255,142058.6584674684,834.4287486875255,0.0,0.0,1179.0450933514512,163874.00936952638,0.0,4.060304211294998,4.0,680.0,0.0,0.0,88.1000000003205,14931.100000036788,0.0,403.3499999999845,49.04999999928623,8360.550000018584,0.0,0.0,0.0,0.0,0.0,0.0,9.809999999999945,1672.109999999998,490.5,83605.5,0.0,39.0,500.3099999999977,85277.60999999994,0.0,0.0,1179.0450933514512,163874.00936952638
239,2020-08-27,2020,True,20.653005464480874,982,982,1040,142894.05556779148,1125.2505104366207,18846,44,0.0,0.8330277590415265,0.15323047952909458,0.16094365641001307,0.14522268387992435,0.383706526009486,0.9616649694501018,0.1734273292841056,329180.8298799628,0,False,False,True,"{""0"":null,""1"":null,""2"":null,""3"":null}",982.0,236082.0,982.0,168193.0,982.0,168193.0,835.3971003230836,142894.05556779148,835.3971003230836,0.0,0.0,1125.2505104366282,164999.259879963,0.0,4.060304211294998,4.0,684.0,0.0,0.0,88.20000000032087,15019.300000037108,2.249999999999659,405.59999999998416,49.0999999992855,8409.65000001787,0.0,0.0,0.0,0.0,0.0,0.0,9.819999999999936,1681.929999999998,491.0,84096.5,1.0,40.0,500.820000000007,85778.42999999995,0.0,0.0,1125.2505104366282,164999.259879963
240,2020-08-28,2020,True,20.65573770491803,981,981,1040,143728.5737033343,1075.9935897590774,18941,50,0.0,0.8155671267255581,0.18020126147409565,0.16099976684740236,0.14519109500093702,0.38345439458923236,0.9616004077471968,0.19493328803161886,329756.5134697219,0,False,False,True,"{""0"":null,""1"":null,""2"":null,""3"":null}",981.0,237063.0,981.0,169174.0,981.0,169174.0,834.5181355428067,143728.5737033343,834.5181355428067,0.0,0.0,1075.9935897590767,166075.25346972208,0.0,4.060304211294998,4.0,688.0,0.0,0.0,88.1000000003205,15107.400000037429,2.249999999999659,407.8499999999838,49.04999999928623,8458.700000017156,0.0,0.0,0.0,0.0,0.0,0.0,9.809999999999945,1691.739999999998,490.5,84587.0,0.0,40.0,500.3099999999977,86278.73999999995,0.0,0.0,1075.9935897590767,166075.25346972208
241,2020-08-29,2020,False,20.65846994535519,982,0,1041,143728.5737033343,0.0,18100,50,0.0,,,0.16092483100034688,0.14453193852897173,0.383706526009486,0.9622810590631365,0.11743564923746506,329755.5134697219,0,False,False,True,"{""0"":null,""1"":null,""2"":null,""3"":null}",982.0,238045.0,0.0,169174.0,0.0,169174.0,0.0,143728.5737033343,0.0,0.0,0.0,0.0,166075.25346972208,0.0,4.060304211294998,0.0,688.0,0.0,0.0,0.0,15107.400000037429,0.0,407.8499999999838,0.0,8458.700000017156,0.0,0.0,0.0,0.0,0.0,0.0,0.0,1691.739999999998,0.0,84587.0,1.0,41.0,0.0,86278.73999999995,0.0,0.0,0.0,166075.25346972208
242,2020-08-30,2020,False,20.661202185792348,984,0,1043,143728.5737033343,0.0,18100,50,0.0,,,0.16057013478648519,0.14281803208953772,0.3835202243145551,0.9617479674796748,0.06721191227226787,329753.5134697219,0,False,False,True,"{""0"":null,""1"":null,""2"":null,""3"":null}",984.0,239029.0,0.0,169174.0,0.0,169174.0,0.0,143728.5737033343,0.0,0.0,0.0,0.0,166075.25346972208,0.0,4.060304211294998,0.0,688.0,0.0,0.0,0.0,15107.400000037429,0.0,407.8499999999838,0.0,8458.700000017156,0.0,0.0,0.0,0.0,0.0,0.0,0.0,1691.739999999998,0.0,84587.0,2.0,43.0,0.0,86278.73999999995,0.0,0.0,0.0,166075.25346972208
243,2020-08-31,2020,True,20.66393442622951,984,984,1043,144565.66150125006,1306.8289137074817,19086,16,0.0,0.8405014175166641,0.15595712420806773,0.16057013478648519,0.14281803208953772,0.3835202243145551,0.9608536585365853,0.09668843194129581,330558.5023834293,0,False,False,True,"{""0"":null,""1"":null,""2"":null,""3"":null}",984.0,240013.0,984.0,170158.0,984.0,170158.0,837.0877979157667,144565.66150125006,837.0877979157667,0.0,0.0,1306.8289137074898,167382.08238342957,0.0,4.060304211294998,4.0,692.0,0.0,0.0,88.4000000003216,15195.80000003775,7.499999999998863,415.3499999999827,49.199999999284046,8507.90000001644,0.0,0.0,0.0,0.0,0.0,0.0,9.839999999999918,1701.5799999999979,492.0,85079.0,0.0,43.0,501.8399999999965,86780.57999999994,0.0,0.0,1306.8289137074898,167382.08238342957
244,2020-09-01,2020,True,20.666666666666668,984,984,1043,145402.74929916582,1254.5913815108822,19143,27,0.0,0.8251742150643117,0.15770461911748868,0.16083667072471125,0.14313102875489558,0.3835202243145551,0.9615447154471545,0.12413670941496162,331311.2537649402,0,False,False,True,"{""0"":null,""1"":null,""2"":null,""3"":null}",984.0,240997.0,984.0,171142.0,984.0,171142.0,837.0877979157667,145402.74929916582,837.0877979157667,0.0,0.0,1254.5913815108943,168636.67376494047,0.0,4.060304211294998,4.0,696.0,0.0,0.0,88.4000000003216,15284.200000038072,0.0,415.3499999999827,49.199999999284046,8557.100000015724,0.0,0.0,0.0,0.0,0.0,0.0,9.839999999999918,1711.4199999999978,492.0,85571.0,0.0,43.0,501.8399999999965,87282.41999999994,0.0,0.0,1254.5913815108943,168636.67376494047
245,2020-09-02,2020,True,20.669398907103826,984,984,1043,146239.8370970816,1162.0510476710742,19230,38,0.0,0.8343290888772696,0.1557596887209466,0.1606037578594654,0.14314717995234633,0.3835202243145551,0.9614532520325204,0.1494599417334155,331971.46481261123,0,False,False,True,"{""0"":null,""1"":null,""2"":null,""3"":null}",984.0,241981.0,984.0,172126.0,984.0,172126.0,837.0877979157667,146239.8370970816,837.0877979157667,0.0,0.0,1162.0510476710624,169798.72481261153,0.0,4.060304211294998,4.0,700.0,0.0,0.0,88.4000000003216,15372.600000038394,0.0,415.3499999999827,49.199999999284046,8606.300000015008,0.0,0.0,0.0,0.0,0.0,0.0,9.839999999999918,1721.2599999999977,492.0,86063.0,0.0,43.0,501.8399999999965,87784.25999999994,0.0,0.0,1162.0510476710624,169798.72481261153
246,2020-09-03,2020,True,20.672131147540984,984,984,1043,147076.92489499736,1133.1170233818825,19337,48,0.0,0.8191135826371205,0.1757780398010873,0.16076787388942992,0.1431949328478823,0.3835202243145551,0.9608841463414634,0.17284496974404945,332602.7418359931,0,False,False,True,"{""0"":null,""1"":null,""2"":null,""3"":null}",984.0,242965.0,984.0,173110.0,984.0,173110.0,837.0877979157667,147076.92489499736,837.0877979157667,0.0,0.0,1133.1170233818702,170931.8418359934,0.0,4.060304211294998,4.0,704.0,0.0,0.0,88.4000000003216,15461.000000038715,2.399999999999636,417.7499999999823,49.199999999284046,8655.500000014292,0.0,0.0,0.0,0.0,0.0,0.0,9.839999999999918,1731.0999999999976,492.0,86555.0,0.0,43.0,501.8399999999965,88286.09999999993,0.0,0.0,1133.1170233818702,170931.8418359934
247,2020-09-04,2020,True,20.674863387978142,984,984,1043,147914.01269291312,1063.031638023936,19439,57,0.0,0.8079345185002922,0.18916064519836379,0.16088313731543857,0.14328772343713472,0.3835202243145551,0.9607317073170731,0.19441915128871465,333163.93347401696,0,False,False,True,"{""0"":null,""1"":null,""2"":null,""3"":null}",984.0,243949.0,984.0,174094.0,984.0,174094.0,837.0877979157667,147914.01269291312,837.0877979157667,0.0,0.0,1063.0316380239383,171994.87347401734,0.0,4.060304211294998,4.0,708.0,0.0,0.0,88.4000000003216,15549.400000039037,1.6499999999997499,419.3999999999821,49.199999999284046,8704.700000013576,0.0,0.0,0.0,0.0,0.0,0.0,9.839999999999918,1740.9399999999976,492.0,87047.0,0.0,43.0,501.8399999999965,88787.93999999993,0.0,0.0,1063.0316380239383,171994.87347401734
248,2020-09-05,2020,False,20.6775956284153,984,0,1043,147914.01269291312,0.0,18600,57,0.0,,,0.16088828144300932,0.14333477648724377,0.3835202243145551,0.9616260162601626,0.1170395456996635,333163.93347401696,0,False,False,True,"{""0"":null,""1"":null,""2"":null,""3"":null}",984.0,244933.0,0.0,174094.0,0.0,174094.0,0.0,147914.01269291312,0.0,0.0,0.0,0.0,171994.87347401734,0.0,4.060304211294998,0.0,708.0,0.0,0.0,0.0,15549.400000039037,0.0,419.3999999999821,0.0,8704.700000013576,0.0,0.0,0.0,0.0,0.0,0.0,0.0,1740.9399999999976,0.0,87047.0,0.0,43.0,0.0,88787.93999999993,0.0,0.0,0.0,171994.87347401734
249,2020-09-06,2020,False,20.68032786885246,984,0,1043,147914.01269291312,0.0,18600,57,0.0,,,0.16088828144300935,0.14333477648724377,0.3835202243145551,0.9616260162601626,0.0669665206741992,333163.93347401696,0,False,False,True,"{""0"":null,""1"":null,""2"":null,""3"":null}",984.0,245917.0,0.0,174094.0,0.0,174094.0,0.0,147914.01269291312,0.0,0.0,0.0,0.0,171994.87347401734,0.0,4.060304211294998,0.0,708.0,0.0,0.0,0.0,15549.400000039037,0.0,419.3999999999821,0.0,8704.700000013576,0.0,0.0,0.0,0.0,0.0,0.0,0.0,1740.9399999999976,0.0,87047.0,0.0,43.0,0.0,88787.93999999993,0.0,0.0,0.0,171994.87347401734
250,2020-09-07,2020,True,20.683060109289617,984,984,1043,148751.1004908289,1307.311321772582,19588,18,0.0,0.8505604505835992,0.13864809243079465,0.16088828144300932,0.1433347764872438,0.3835202243145551,0.9607825203252032,0.09635511111735245,333969.4047957895,0,False,False,True,"{""0"":null,""1"":null,""2"":null,""3"":null}",984.0,246901.0,984.0,175078.0,984.0,175078.0,837.0877979157667,148751.1004908289,837.0877979157667,0.0,0.0,1307.3113217725768,173302.18479578992,0.0,4.060304211294998,4.0,712.0,0.0,0.0,88.4000000003216,15637.800000039359,8.549999999998704,427.9499999999808,49.199999999284046,8753.90000001286,0.0,0.0,0.0,0.0,0.0,0.0,9.839999999999918,1750.7799999999975,492.0,87539.0,0.0,43.0,501.8399999999965,89289.77999999993,0.0,0.0,1307.3113217725768,173302.18479578992
251,2020-09-08,2020,True,20.685792349726775,984,984,1043,149588.18828874466,1263.4572111604598,19617,44,0.18748952163493668,0.8210801711703982,0.1500709859411889,0.16099963615993518,0.14363530103394492,0.3835202243145551,0.9608333333333333,0.12375833454035241,334731.02200694993,0,False,False,True,"{""0"":null,""1"":null,""2"":null,""3"":null}",984.0,247885.0,984.0,176062.0,984.0,176062.0,837.0877979157667,149588.18828874466,837.0877979157667,0.0,0.0,1263.4572111604502,174565.64200695037,0.18748952163493637,4.247793732929934,4.0,716.0,0.0,0.0,88.4000000003216,15726.20000003968,0.0,427.9499999999808,49.199999999284046,8803.100000012144,0.0,0.0,0.0,0.0,0.0,0.0,9.839999999999918,1760.6199999999974,492.0,88031.0,0.0,43.0,501.8399999999965,89791.61999999992,0.0,0.0,1263.4572111604502,174565.64200695037
252,2020-09-09,2020,True,20.688524590163933,984,984,1043,150425.27608666042,1199.5767280947748,19725,64,0.45458510148734593,0.8293386086860802,0.154105108797438,0.16102475914317366,0.14382204063886878,0.3835202243145551,0.9603302845528455,0.14909234668163712,335428.7587350447,0,False,False,True,"{""0"":null,""1"":null,""2"":null,""3"":null}",984.0,248869.0,984.0,177046.0,984.0,177046.0,837.0877979157667,150425.27608666042,837.0877979157667,0.0,0.0,1199.5767280947766,175765.21873504514,0.4545851014873463,4.7023788344172806,4.0,720.0,0.0,0.0,88.4000000003216,15814.600000040002,0.0,427.9499999999808,49.199999999284046,8852.300000011428,0.0,0.0,0.0,0.0,0.0,0.0,9.839999999999918,1770.4599999999973,492.0,88523.0,0.0,43.0,501.8399999999965,90293.45999999992,0.0,0.0,1199.5767280947766,175765.21873504514
253,2020-09-10,2020,True,20.69125683060109,984,984,1043,151262.3638845762,1127.6049714422854,19850,66,0.0,0.8507222279779046,0.14455056474376515,0.1607508694804648,0.1436436602514249,0.3835202243145551,0.9603252032520325,0.17248803509139723,336054.523706487,0,False,False,True,"{""0"":null,""1"":null,""2"":null,""3"":null}",984.0,249853.0,984.0,178030.0,984.0,178030.0,837.0877979157667,151262.3638845762,837.0877979157667,0.0,0.0,1127.6049714422843,176892.82370648743,0.0,4.7023788344172806,4.0,724.0,0.0,0.0,88.4000000003216,15903.000000040323,2.6999999999995907,430.64999999998037,49.199999999284046,8901.500000010712,0.0,0.0,0.0,0.0,0.0,0.0,9.839999999999918,1780.2999999999972,492.0,89015.0,0.0,43.0,501.8399999999965,90795.29999999992,0.0,0.0,1127.6049714422843,176892.82370648743
254,2020-09-11,2020,True,20.693989071038253,983,983,1043,152098.6485183518,1080.212764965209,19955,57,0.0,0.8004968792454926,0.19869875201917767,0.1612254838267676,0.14402030241097785,0.38371712420423265,0.9605951169888097,0.19423543086096606,336633.40647145215,0,False,False,True,"{""0"":null,""1"":null,""2"":null,""3"":null}",983.0,250836.0,983.0,179013.0,983.0,179013.0,836.28463377562,152098.6485183518,836.28463377562,0.0,0.0,1080.2127649651957,177973.03647145262,0.0,4.7023788344172806,4.0,728.0,0.0,0.0,88.30000000032123,15991.300000040645,3.899999999999409,434.5499999999798,49.14999999928477,8950.650000009997,0.0,0.0,0.0,0.0,0.0,0.0,9.829999999999927,1790.1299999999972,491.5,89506.5,0.0,43.0,501.33000000000175,91296.62999999992,0.0,0.0,1080.2127649651957,177973.03647145262
255,2020-09-12,2020,False,20.69672131147541,983,0,1043,152098.6485183518,0.0,19100,57,0.0,,,0.16120609031168234,0.14404269017452603,0.38371712420423265,0.9617446592065106,0.11681601710248658,336633.40647145215,0,False,False,True,"{""0"":null,""1"":null,""2"":null,""3"":null}",983.0,251819.0,0.0,179013.0,0.0,179013.0,0.0,152098.6485183518,0.0,0.0,0.0,0.0,177973.03647145262,0.0,4.7023788344172806,0.0,728.0,0.0,0.0,0.0,15991.300000040645,0.0,434.5499999999798,0.0,8950.650000009997,0.0,0.0,0.0,0.0,0.0,0.0,0.0,1790.1299999999972,0.0,89506.5,0.0,43.0,0.0,91296.62999999992,0.0,0.0,0.0,177973.03647145262
256,2020-09-13,2020,False,20.69945355191257,983,0,1043,152098.6485183518,0.0,19100,57,0.0,,,0.16120609031168234,0.14404269017452603,0.38371712420423265,0.9617446592065106,0.06666154481613554,336633.40647145215,0,False,False,True,"{""0"":null,""1"":null,""2"":null,""3"":null}",983.0,252802.0,0.0,179013.0,0.0,179013.0,0.0,152098.6485183518,0.0,0.0,0.0,0.0,177973.03647145262,0.0,4.7023788344172806,0.0,728.0,0.0,0.0,0.0,15991.300000040645,0.0,434.5499999999798,0.0,8950.650000009997,0.0,0.0,0.0,0.0,0.0,0.0,0.0,1790.1299999999972,0.0,89506.5,0.0,43.0,0.0,91296.62999999992,0.0,0.0,0.0,177973.03647145262
257,2020-09-14,2020,True,20.702185792349727,982,982,1043,152934.191434392,1325.4585776413799,20083,16,0.0,0.8483440631844428,0.15155103540651707,0.1610407929619789,0.14377785334620172,0.38346499278397894,0.9607128309572301,0.09622076442794705,337458.04504909355,0,False,False,True,"{""0"":null,""1"":null,""2"":null,""3"":null}",982.0,253784.0,982.0,179995.0,982.0,179995.0,835.5429160401982,152934.191434392,835.5429160401982,0.0,0.0,1325.4585776413733,179298.495049094,0.0,4.7023788344172806,4.0,732.0,0.0,0.0,88.20000000032087,16079.500000040965,8.549999999998704,443.0999999999785,49.0999999992855,8999.750000009282,0.0,0.0,0.0,0.0,0.0,0.0,9.819999999999936,1799.949999999997,491.0,89997.5,0.0,43.0,500.820000000007,91797.44999999992,0.0,0.0,1325.4585776413733,179298.495049094
258,2020-09-15,2020,True,20.704918032786885,981,981,1043,153768.87788054504,1279.4247175861817,20128,40,0.0,0.8409822643142473,0.1465182262314666,0.16095667660450727,0.14378348971063165,0.38345439458923236,0.9609174311926605,0.12371542410646581,338237.15976667975,0,False,False,True,"{""0"":null,""1"":null,""2"":null,""3"":null}",981.0,254765.0,981.0,180976.0,981.0,180976.0,834.6864461530349,153768.87788054504,834.6864461530349,0.0,0.0,1279.4247175861674,180577.91976668016,0.0,4.7023788344172806,4.0,736.0,0.0,0.0,88.1000000003205,16167.600000041286,0.0,443.0999999999785,49.04999999928623,9048.800000008569,0.0,0.0,0.0,0.0,0.0,0.0,9.809999999999945,1809.759999999997,490.5,90488.0,0.0,43.0,500.3099999999977,92297.75999999992,0.0,0.0,1279.4247175861674,180577.91976668016
259,2020-09-16,2020,True,20.707650273224044,983,983,1045,154605.52550044373,1194.2198383451516,20212,62,0.1281444089663008,0.8535245578432815,0.14153680963655751,0.16124351335906562,0.14290099830987002,0.38395865742973967,0.9600356052899288,0.14919483654275398,338928.04960502486,0,False,False,True,"{""0"":null,""1"":null,""2"":null,""3"":null}",983.0,255748.0,983.0,181959.0,983.0,181959.0,836.6476198986929,154605.52550044373,836.6476198986929,0.0,0.0,1194.2198383451614,181772.13960502532,0.12814440896630064,4.830523243383581,4.0,740.0,0.0,0.0,88.30000000032123,16255.900000041607,0.0,443.0999999999785,49.14999999928477,9097.950000007853,0.0,0.0,0.0,0.0,0.0,0.0,9.829999999999927,1819.589999999997,491.5,90979.5,2.0,45.0,501.33000000000175,92799.08999999992,0.0,0.0,1194.2198383451614,181772.13960502532
260,2020-09-17,2020,True,20.7103825136612,982,982,1045,155441.471880498,1139.0085523176044,20337,64,0.08451475239654845,0.8125671321160043,0.17659303393988765,0.16136256587699566,0.14298200175760029,0.3841555573194172,0.9599949083503055,0.17284390145630213,339566.2381573425,0,False,False,True,"{""0"":null,""1"":null,""2"":null,""3"":null}",982.0,256730.0,982.0,182941.0,982.0,182941.0,835.946380054258,155441.471880498,835.946380054258,0.0,0.0,1139.0085523175949,182911.14815734292,0.08451475239654815,4.915037995780129,4.0,744.0,0.0,0.0,88.20000000032087,16344.100000041928,2.399999999999636,445.4999999999781,49.0999999992855,9147.050000007139,0.0,0.0,0.0,0.0,0.0,0.0,9.819999999999936,1829.409999999997,491.0,91470.5,0.0,45.0,500.820000000007,93299.90999999993,0.0,0.0,1139.0085523175949,182911.14815734292
261,2020-09-18,2020,True,20.71311475409836,981,981,1045,156276.52534827188,1091.8785197032382,20439,58,0.0,0.808392276403493,0.18009788757535472,0.1612645046374368,0.14269507706153794,0.38390342589916354,0.9598623853211009,0.19428891366287582,340157.8066770457,0,False,False,True,"{""0"":null,""1"":null,""2"":null,""3"":null}",981.0,257711.0,981.0,183922.0,981.0,183922.0,835.0534677738906,156276.52534827188,835.0534677738906,0.0,0.0,1091.8785197032266,184003.02667704615,0.0,4.915037995780129,4.0,748.0,0.0,0.0,88.09999999944375,16432.200000041372,3.5999999999994543,449.09999999997757,49.04999999928623,9196.100000006425,0.0,0.0,0.0,0.0,0.0,0.0,9.809999999999945,1839.2199999999968,490.5,91961.0,0.0,45.0,500.3099999999977,93800.21999999993,0.0,0.0,1091.8785197032266,184003.02667704615
262,2020-09-19,2020,False,20.715846994535518,981,0,1045,156276.52534827188,0.0,19600,58,0.0,,,0.16126087206066983,0.14281908793263276,0.38390342589916354,0.9609123343527013,0.11666639651875578,340157.8066770457,0,False,False,True,"{""0"":null,""1"":null,""2"":null,""3"":null}",981.0,258692.0,0.0,183922.0,0.0,183922.0,0.0,156276.52534827188,0.0,0.0,0.0,0.0,184003.02667704615,0.0,4.915037995780129,0.0,748.0,0.0,0.0,0.0,16432.200000041372,0.0,449.09999999997757,0.0,9196.100000006425,0.0,0.0,0.0,0.0,0.0,0.0,0.0,1839.2199999999968,0.0,91961.0,0.0,45.0,0.0,93800.21999999993,0.0,0.0,0.0,184003.02667704615
263,2020-09-20,2020,False,20.718579234972676,981,0,1045,156276.52534827188,0.0,19600,58,0.0,,,0.1612608720606698,0.14281908793263276,0.38390342589916354,0.9609123343527013,0.06647033069755151,340157.8066770457,0,False,False,True,"{""0"":null,""1"":null,""2"":null,""3"":null}",981.0,259673.0,0.0,183922.0,0.0,183922.0,0.0,156276.52534827188,0.0,0.0,0.0,0.0,184003.02667704615,0.0,4.915037995780129,0.0,748.0,0.0,0.0,0.0,16432.200000041372,0.0,449.09999999997757,0.0,9196.100000006425,0.0,0.0,0.0,0.0,0.0,0.0,0.0,1839.2199999999968,0.0,91961.0,0.0,45.0,0.0,93800.21999999993,0.0,0.0,0.0,184003.02667704615
264,2020-09-21,2020,True,20.721311475409838,981,981,1045,157111.57881604577,1346.465031216904,20583,24,0.0,0.8653994640266673,0.1218657357032748,0.1612608720606698,0.14281908793263276,0.38390342589916354,0.9598318042813456,0.09602934200165669,341003.9617082626,0,False,False,True,"{""0"":null,""1"":null,""2"":null,""3"":null}",981.0,260654.0,981.0,184903.0,981.0,184903.0,835.0534677738906,157111.57881604577,835.0534677738906,0.0,0.0,1346.4650312169106,185349.49170826306,0.0,4.915037995780129,4.0,752.0,0.0,0.0,88.09999999871798,16520.30000004009,8.699999999998681,457.79999999997625,49.04999999928623,9245.150000005711,0.0,0.0,0.0,0.0,0.0,0.0,9.809999999999945,1849.0299999999968,490.5,92451.5,0.0,45.0,500.3099999999977,94300.52999999993,0.0,0.0,1346.4650312169106,185349.49170826306
265,2020-09-22,2020,True,20.724043715846996,982,982,1046,157947.4013224456,1260.9598122404675,20631,38,0.03854383431966961,0.8502235346809268,0.128369028732593,0.16130664911053388,0.14214672897382236,0.3838375961738407,0.960040733197556,0.12353337379907312,341763.10152050306,0,False,False,True,"{""0"":null,""1"":null,""2"":null,""3"":null}",982.0,261636.0,982.0,185885.0,982.0,185885.0,835.8225063998252,157947.4013224456,835.8225063998252,0.0,0.0,1260.9598122404714,186610.45152050353,0.03854383431967001,4.953581830099799,4.0,756.0,0.0,0.0,88.19999999871652,16608.500000038806,0.0,457.79999999997625,49.0999999992855,9294.250000004997,0.0,0.0,0.0,0.0,0.0,0.0,9.819999999999936,1858.8499999999967,491.0,92942.5,1.0,46.0,500.820000000007,94801.34999999993,0.0,0.0,1260.9598122404714,186610.45152050353
266,2020-09-23,2020,True,20.726775956284154,981,981,1046,158782.36923756992,1198.6361323817237,20737,53,0.0,0.8265901930560503,0.1671375452161995,0.16153113838218228,0.1427054372710958,0.38390342589916354,0.960183486238532,0.14911773392834288,342461.4276528848,0,False,False,True,"{""0"":null,""1"":null,""2"":null,""3"":null}",981.0,262617.0,981.0,186866.0,981.0,186866.0,834.9679151243181,158782.36923756992,834.9679151243181,0.0,0.0,1198.636132381711,187809.08765288524,0.0,4.953581830099799,4.0,760.0,0.0,0.0,88.09999999871798,16696.600000037524,0.0,457.79999999997625,49.04999999928623,9343.300000004283,0.0,0.0,0.0,0.0,0.0,0.0,9.809999999999945,1868.6599999999967,490.5,93433.0,0.0,46.0,500.3099999999977,95301.65999999993,0.0,0.0,1198.636132381711,187809.08765288524
267,2020-09-24,2020,True,20.729508196721312,980,980,1046,159616.516236599,1133.1002269511584,20864,41,0.0,0.8123937399344154,0.1855288944992183,0.16142263900943954,0.14271187139184568,0.38365129447890983,0.9605561224489796,0.17285210880328927,343094.727879836,0,False,False,True,"{""0"":null,""1"":null,""2"":null,""3"":null}",980.0,263597.0,980.0,187846.0,980.0,187846.0,834.1469990290934,159616.516236599,834.1469990290934,0.0,0.0,1133.1002269511519,188942.1878798364,0.0,4.953581830099799,4.0,764.0,0.0,0.0,87.99999999871943,16784.600000036244,3.5999999999994543,461.3999999999757,48.999999999286956,9392.30000000357,0.0,0.0,0.0,0.0,0.0,0.0,9.799999999999955,1878.4599999999966,490.0,93923.0,0.0,46.0,499.8000000000029,95801.45999999993,0.0,0.0,1133.1002269511519,188942.1878798364
268,2020-09-25,2020,True,20.73224043715847,981,981,1047,160451.59274442913,1109.6917946237636,20927,40,0.0,0.8286316628713887,0.16823747399194994,0.16141478241520316,0.14196498011927092,0.383585464753587,0.9599796126401631,0.19465990190189217,343703.10967445973,0,False,False,True,"{""0"":null,""1"":null,""2"":null,""3"":null}",981.0,264578.0,981.0,188827.0,981.0,188827.0,835.0765078301192,160451.59274442913,835.0765078301192,0.0,0.0,1109.6917946237663,190051.87967446016,0.0,4.953581830099799,4.0,768.0,0.0,0.0,88.09999999871798,16872.70000003496,2.0999999999996817,463.4999999999754,49.04999999928623,9441.350000002856,0.0,0.0,0.0,0.0,0.0,0.0,9.809999999999945,1888.2699999999966,490.5,94413.5,1.0,47.0,500.3099999999977,96301.76999999993,0.0,0.0,1109.6917946237663,190051.87967446016
269,2020-09-26,2020,False,20.73497267759563,981,0,1047,160451.59274442913,0.0,20100,40,0.0,,,0.16135183426019234,0.1417563387889855,0.383585464753587,0.960993883792049,0.11684795341730088,343703.10967445973,0,False,False,True,"{""0"":null,""1"":null,""2"":null,""3"":null}",981.0,265559.0,0.0,188827.0,0.0,188827.0,0.0,160451.59274442913,0.0,0.0,0.0,0.0,190051.87967446016,0.0,4.953581830099799,0.0,768.0,0.0,0.0,0.0,16872.70000003496,0.0,463.4999999999754,0.0,9441.350000002856,0.0,0.0,0.0,0.0,0.0,0.0,0.0,1888.2699999999966,0.0,94413.5,0.0,47.0,0.0,96301.76999999993,0.0,0.0,0.0,190051.87967446016
270,2020-09-27,2020,False,20.737704918032787,981,0,1047,160451.59274442913,0.0,20100,40,0.0,,,0.1613518342601923,0.1417563387889855,0.383585464753587,0.960993883792049,0.06655697091610323,343703.10967445973,0,False,False,True,"{""0"":null,""1"":null,""2"":null,""3"":null}",981.0,266540.0,0.0,188827.0,0.0,188827.0,0.0,160451.59274442913,0.0,0.0,0.0,0.0,190051.87967446016,0.0,4.953581830099799,0.0,768.0,0.0,0.0,0.0,16872.70000003496,0.0,463.4999999999754,0.0,9441.350000002856,0.0,0.0,0.0,0.0,0.0,0.0,0.0,1888.2699999999966,0.0,94413.5,0.0,47.0,0.0,96301.76999999993,0.0,0.0,0.0,190051.87967446016
271,2020-09-28,2020,True,20.740437158469945,982,982,1048,161287.56692773403,1308.165318917753,21073,18,0.0,0.8503346776198135,0.13804515597001052,0.16146007247846725,0.14123469541537773,0.3838335570152222,0.9598828920570265,0.09615770833512888,344509.4549933775,0,False,False,True,"{""0"":null,""1"":null,""2"":null,""3"":null}",982.0,267522.0,982.0,189809.0,982.0,189809.0,835.9741833049047,161287.56692773403,835.9741833049047,0.0,0.0,1308.165318917745,191360.0449933779,0.0,4.953581830099799,4.0,772.0,0.0,0.0,88.19999999871652,16960.90000003368,5.9999999999990905,469.4999999999745,49.0999999992855,9490.450000002142,0.0,0.0,0.0,0.0,0.0,0.0,9.819999999999936,1898.0899999999965,491.0,94904.5,1.0,48.0,500.820000000007,96802.58999999994,0.0,0.0,1308.165318917745,191360.0449933779
272,2020-09-29,2020,True,20.743169398907103,982,982,1048,162123.54111103894,1277.2239661547123,21130,37,0.0,0.8410467900373659,0.14441406008809288,0.16150241543779553,0.14145451795975011,0.3838335570152222,0.9600254582484725,0.12372932070882967,345285.8589595322,0,False,False,True,"{""0"":null,""1"":null,""2"":null,""3"":null}",982.0,268504.0,982.0,190791.0,982.0,190791.0,835.9741833049047,162123.54111103894,835.9741833049047,0.0,0.0,1277.2239661547064,192637.2689595326,0.0,4.953581830099799,4.0,776.0,0.0,0.0,88.19999999871652,17049.100000032395,0.0,469.4999999999745,49.0999999992855,9539.550000001427,0.0,0.0,0.0,0.0,0.0,0.0,9.819999999999936,1907.9099999999964,491.0,95395.5,0.0,48.0,500.820000000007,97303.40999999995,0.0,0.0,1277.2239661547064,192637.2689595326
273,2020-09-30,2020,True,20.74590163934426,983,983,1049,162960.28920450527,1229.46995227667,21233,56,0.034046042849580745,0.8341367813173067,0.1641853526773788,0.1617173968969458,0.14123713157393952,0.38408568843547586,0.9599237029501526,0.14931325915640095,346012.9989118089,0,False,False,True,"{""0"":null,""1"":null,""2"":null,""3"":null}",983.0,269487.0,983.0,191774.0,983.0,191774.0,836.7480934663326,162960.28920450527,836.7480934663326,0.0,0.0,1229.469952276675,193866.73891180928,0.03404604284958079,4.98762787294938,4.0,780.0,0.0,0.0,88.29999999871507,17137.40000003111,0.0,469.4999999999745,49.14999999928477,9588.700000000712,0.0,0.0,0.0,0.0,0.0,0.0,9.829999999999927,1917.7399999999964,491.5,95887.0,1.0,49.0,501.33000000000175,97804.73999999995,0.0,0.0,1229.469952276675,193866.73891180928
274,2020-10-01,2020,True,20.74863387978142,983,983,1049,163797.0372979716,1059.2679962016978,21356,46,0.0,0.8292192355907404,0.15735989922906632,0.16169381464857888,0.14142993542086077,0.38408568843547586,0.9600406917599187,0.17296454799023678,346570.93690801057,0,False,False,True,"{""0"":null,""1"":null,""2"":null,""3"":null}",983.0,270470.0,983.0,192757.0,983.0,192757.0,836.7480934663326,163797.0372979716,836.7480934663326,0.0,0.0,1059.2679962016991,194926.00690801098,0.0,4.98762787294938,4.0,784.0,0.0,0.0,88.29999999871507,17225.700000029825,2.6999999999995907,472.19999999997407,49.14999999928477,9637.849999999997,0.0,0.0,0.0,0.0,0.0,0.0,9.829999999999927,1927.5699999999963,491.5,96378.5,0.0,49.0,501.33000000000175,98306.06999999995,0.0,0.0,1059.2679962016991,194926.00690801098
275,2020-10-02,2020,True,20.75136612021858,983,983,1049,164633.78539143794,999.4069202707025,21435,49,0.0,0.8036630295017474,0.1839683736431678,0.16161583812831629,0.14163089222147274,0.38408568843547586,0.9598423194303153,0.19480251905349658,347069.01382828125,0,False,False,True,"{""0"":null,""1"":null,""2"":null,""3"":null}",983.0,271453.0,983.0,193740.0,983.0,193740.0,836.7480934663326,164633.78539143794,836.7480934663326,0.0,0.0,999.4069202707033,195925.4138282817,0.0,4.98762787294938,4.0,788.0,0.0,0.0,88.29999999871507,17314.00000002854,2.849999999999568,475.04999999997364,49.14999999928477,9686.999999999281,0.0,0.0,0.0,0.0,0.0,0.0,9.829999999999927,1937.3999999999962,491.5,96870.0,0.0,49.0,501.33000000000175,98807.39999999995,0.0,0.0,999.4069202707033,195925.4138282817
276,2020-10-03,2020,False,20.75409836065574,983,0,1049,164633.78539143794,0.0,20600,49,0.0,,,0.16172024311632455,0.14173576347866237,0.38408568843547586,0.9608952187182095,0.11697208904086769,347069.01382828125,0,False,False,True,"{""0"":null,""1"":null,""2"":null,""3"":null}",983.0,272436.0,0.0,193740.0,0.0,193740.0,0.0,164633.78539143794,0.0,0.0,0.0,0.0,195925.4138282817,0.0,4.98762787294938,0.0,788.0,0.0,0.0,0.0,17314.00000002854,0.0,475.04999999997364,0.0,9686.999999999281,0.0,0.0,0.0,0.0,0.0,0.0,0.0,1937.3999999999962,0.0,96870.0,0.0,49.0,0.0,98807.39999999995,0.0,0.0,0.0,195925.4138282817
277,2020-10-04,2020,False,20.756830601092897,983,0,1049,164633.78539143794,0.0,20600,49,0.0,,,0.16172024311632452,0.14173576347866237,0.38408568843547586,0.9608952187182095,0.06664259349788386,347069.01382828125,0,False,False,True,"{""0"":null,""1"":null,""2"":null,""3"":null}",983.0,273419.0,0.0,193740.0,0.0,193740.0,0.0,164633.78539143794,0.0,0.0,0.0,0.0,195925.4138282817,0.0,4.98762787294938,0.0,788.0,0.0,0.0,0.0,17314.00000002854,0.0,475.04999999997364,0.0,9686.999999999281,0.0,0.0,0.0,0.0,0.0,0.0,0.0,1937.3999999999962,0.0,96870.0,0.0,49.0,0.0,98807.39999999995,0.0,0.0,0.0,195925.4138282817
278,2020-10-05,2020,True,20.759562841530055,983,983,1049,165470.53348490427,1234.9893135829411,21581,11,0.34424146808625145,0.8523816913690224,0.1403832762443626,0.16172024311632452,0.14173576347866235,0.38408568843547586,0.959913530010173,0.09629110478828774,347802.6731418642,0,False,False,True,"{""0"":null,""1"":null,""2"":null,""3"":null}",983.0,274402.0,983.0,194723.0,983.0,194723.0,836.7480934663326,165470.53348490427,836.7480934663326,0.0,0.0,1234.989313582948,197160.40314186463,0.3442414680862518,5.331869341035632,4.0,792.0,0.0,0.0,88.29999999871507,17402.300000027255,7.349999999998886,482.3999999999725,49.14999999928477,9736.149999998566,0.0,0.0,0.0,0.0,0.0,0.0,9.829999999999927,1947.2299999999962,491.5,97361.5,0.0,49.0,501.33000000000175,99308.72999999995,0.0,0.0,1234.989313582948,197160.40314186463
279,2020-10-06,2020,True,20.762295081967213,983,983,1049,166307.2815783706,1148.758938670599,21640,29,0.0,0.8625944729066819,0.13627791066541722,0.16167520470163313,0.14190469252673946,0.38408568843547586,0.9605391658189217,0.1239236989270942,348450.1020805348,0,False,False,True,"{""0"":null,""1"":null,""2"":null,""3"":null}",983.0,275385.0,983.0,195706.0,983.0,195706.0,836.7480934663326,166307.2815783706,836.7480934663326,0.0,0.0,1148.758938670595,198309.16208053523,0.0,5.331869341035632,4.0,796.0,0.0,0.0,88.29999999871507,17490.60000002597,0.0,482.3999999999725,49.14999999928477,9785.299999997851,0.0,0.0,0.0,0.0,0.0,0.0,9.829999999999927,1957.059999999996,491.5,97853.0,0.0,49.0,501.33000000000175,99810.05999999995,0.0,0.0,1148.758938670595,198309.16208053523
280,2020-10-07,2020,True,20.76502732240437,983,983,1049,167144.02967183694,1140.0388979287438,21747,41,0.0,0.8442833226515967,0.1500713250098032,0.16166985066764863,0.14212216402353356,0.38408568843547586,0.9609053916581892,0.14955277489779367,349088.8109784635,0,False,False,True,"{""0"":null,""1"":null,""2"":null,""3"":null}",983.0,276368.0,983.0,196689.0,983.0,196689.0,836.7480934663326,167144.02967183694,836.7480934663326,0.0,0.0,1140.0388979287527,199449.20097846398,0.0,5.331869341035632,4.0,800.0,0.0,0.0,88.29999999871507,17578.900000024685,0.0,482.3999999999725,49.14999999928477,9834.449999997136,0.0,0.0,0.0,0.0,0.0,0.0,9.829999999999927,1966.889999999996,491.5,98344.5,0.0,49.0,501.33000000000175,100311.38999999996,0.0,0.0,1140.0388979287527,199449.20097846398
281,2020-10-08,2020,True,20.76775956284153,983,983,1049,167980.77776530327,1040.2355418880613,21836,50,0.0,0.8259773621081852,0.1689336855607618,0.16155796549391024,0.14220472634121303,0.38408568843547586,0.9608748728382502,0.17337040741059165,349627.71652035153,0,False,False,True,"{""0"":null,""1"":null,""2"":null,""3"":null}",983.0,277351.0,983.0,197672.0,983.0,197672.0,836.7480934663326,167980.77776530327,836.7480934663326,0.0,0.0,1040.235541888047,200489.43652035203,0.0,5.331869341035632,4.0,804.0,0.0,0.0,88.29999999871507,17667.2000000234,1.6499999999997499,484.0499999999723,49.14999999928477,9883.59999999642,0.0,0.0,0.0,0.0,0.0,0.0,9.829999999999927,1976.719999999996,491.5,98836.0,0.0,49.0,501.33000000000175,100812.71999999996,0.0,0.0,1040.235541888047,200489.43652035203
282,2020-10-09,2020,True,20.770491803278688,984,984,1050,168818.24072037137,1019.1292777549855,21948,45,0.0,0.8200540511604554,0.1689809175236615,0.1612389854681941,0.14132318325982965,0.38388878854579833,0.9605589430894308,0.1952551454210643,350144.0057981065,0,False,False,True,"{""0"":null,""1"":null,""2"":null,""3"":null}",984.0,278335.0,984.0,198656.0,984.0,198656.0,837.4629550680984,168818.24072037137,837.4629550680984,0.0,0.0,1019.1292777549825,201508.565798107,0.0,5.331869341035632,4.0,808.0,0.0,0.0,88.39999999871361,17755.600000022114,2.6999999999995907,486.74999999997186,49.199999999284046,9932.799999995705,0.0,0.0,0.0,0.0,0.0,0.0,9.839999999999918,1986.5599999999959,492.0,99328.0,1.0,50.0,501.8399999999965,101314.55999999995,0.0,0.0,1019.1292777549825,201508.565798107
283,2020-10-10,2020,False,20.773224043715846,984,0,1050,168818.24072037137,0.0,21100,45,0.0,,,0.16123447666802704,0.1413894516430801,0.38388878854579833,0.9616615853658537,0.11744056181859842,350144.0057981065,0,False,False,True,"{""0"":null,""1"":null,""2"":null,""3"":null}",984.0,279319.0,0.0,198656.0,0.0,198656.0,0.0,168818.24072037137,0.0,0.0,0.0,0.0,201508.565798107,0.0,5.331869341035632,0.0,808.0,0.0,0.0,0.0,17755.600000022114,0.0,486.74999999997186,0.0,9932.799999995705,0.0,0.0,0.0,0.0,0.0,0.0,0.0,1986.5599999999959,0.0,99328.0,0.0,50.0,0.0,101314.55999999995,0.0,0.0,0.0,201508.565798107
284,2020-10-11,2020,False,20.775956284153004,984,0,1050,168818.24072037137,0.0,21100,45,0.0,,,0.16123447666802704,0.1413894516430801,0.38388878854579833,0.9616615853658537,0.06708789664568386,350144.0057981065,0,False,False,True,"{""0"":null,""1"":null,""2"":null,""3"":null}",984.0,280303.0,0.0,198656.0,0.0,198656.0,0.0,168818.24072037137,0.0,0.0,0.0,0.0,201508.565798107,0.0,5.331869341035632,0.0,808.0,0.0,0.0,0.0,17755.600000022114,0.0,486.74999999997186,0.0,9932.799999995705,0.0,0.0,0.0,0.0,0.0,0.0,0.0,1986.5599999999959,0.0,99328.0,0.0,50.0,0.0,101314.55999999995,0.0,0.0,0.0,201508.565798107
285,2020-10-12,2020,True,20.778688524590162,984,984,1050,169655.70367543946,1221.7830292416813,22083,16,0.0,0.8619043096637258,0.114260073244279,0.16123447666802704,0.1413894516430801,0.38388878854579833,0.9607418699186991,0.09687029353844756,350863.9488273481,0,False,False,True,"{""0"":null,""1"":null,""2"":null,""3"":null}",984.0,281287.0,984.0,199640.0,984.0,199640.0,837.4629550680984,169655.70367543946,837.4629550680984,0.0,0.0,1221.783029241691,202730.3488273487,0.0,5.331869341035632,4.0,812.0,0.0,0.0,88.39999999871361,17844.000000020827,6.749999999998977,493.49999999997084,49.199999999284046,9981.999999994989,0.0,0.0,0.0,0.0,0.0,0.0,9.839999999999918,1996.3999999999958,492.0,99820.0,0.0,50.0,501.8399999999965,101816.39999999995,0.0,0.0,1221.783029241691,202730.3488273487
286,2020-10-13,2020,True,20.781420765027324,984,984,1050,170493.16663050756,1199.9707860243138,22132,29,0.15646814877366147,0.8534697349647962,0.14767610859083463,0.16141616324474797,0.1416791989290823,0.38388878854579833,0.9609349593495934,0.12459138869592681,351562.0796133724,0,False,False,True,"{""0"":null,""1"":null,""2"":null,""3"":null}",984.0,282271.0,984.0,200624.0,984.0,200624.0,837.4629550680984,170493.16663050756,837.4629550680984,0.0,0.0,1199.9707860243216,203930.31961337302,0.15646814877366122,5.488337489809293,4.0,816.0,0.0,0.0,88.39999999871361,17932.40000001954,0.0,493.49999999997084,49.199999999284046,10031.199999994273,0.0,0.0,0.0,0.0,0.0,0.0,9.839999999999918,2006.2399999999957,492.0,100312.0,0.0,50.0,501.8399999999965,102318.23999999995,0.0,0.0,1199.9707860243216,203930.31961337302
287,2020-10-14,2020,True,20.784153005464482,984,984,1050,171330.62958557566,1129.394685164578,22234,45,0.13799460775020247,0.8251893820784939,0.17333051939971633,0.16133640081975625,0.1417669544470761,0.38388878854579833,0.9610162601626017,0.15036055722780373,352189.6342985369,0,False,False,True,"{""0"":null,""1"":null,""2"":null,""3"":null}",984.0,283255.0,984.0,201608.0,984.0,201608.0,837.4629550680984,171330.62958557566,837.4629550680984,0.0,0.0,1129.3946851645887,205059.7142985376,0.13799460775020211,5.626332097559495,4.0,820.0,0.0,0.0,88.39999999871361,18020.800000018255,0.0,493.49999999997084,49.199999999284046,10080.399999993557,0.0,0.0,0.0,0.0,0.0,0.0,9.839999999999918,2016.0799999999956,492.0,100804.0,0.0,50.0,501.8399999999965,102820.07999999994,0.0,0.0,1129.3946851645887,205059.7142985376
288,2020-10-15,2020,True,20.78688524590164,985,985,1051,172169.01317644125,1071.8639730779994,22352,45,0.01186084264729816,0.8103201490488142,0.16850911389052,0.16114874456547507,0.14095864740622524,0.38369188865612086,0.9607005076142131,0.17406990664542638,352758.148271615,0,False,False,True,"{""0"":null,""1"":null,""2"":null,""3"":null}",985.0,284240.0,985.0,202593.0,985.0,202593.0,838.3835908655892,172169.01317644125,838.3835908655892,0.0,0.0,1071.8639730779978,206131.5782716156,0.011860842647298142,5.638192940206793,4.0,824.0,0.0,0.0,88.49999999871216,18109.300000016967,2.399999999999636,495.8999999999705,49.24999999928332,10129.64999999284,0.0,0.0,0.0,0.0,0.0,0.0,9.849999999999909,2025.9299999999955,492.5,101296.5,1.0,51.0,502.3500000000058,103322.42999999995,0.0,0.0,1071.8639730779978,206131.5782716156
289,2020-10-16,2020,True,20.7896174863388,985,985,1051,173007.39676730684,1016.2472959799275,22439,50,0.0,0.8344645073697429,0.16663471471418595,0.16129799746846238,0.14117765918195962,0.38369188865612086,0.9605989847715736,0.1960135376043117,353272.04556759493,0,False,False,True,"{""0"":null,""1"":null,""2"":null,""3"":null}",985.0,285225.0,985.0,203578.0,985.0,203578.0,838.3835908655892,173007.39676730684,838.3835908655892,0.0,0.0,1016.2472959799343,207147.82556759554,0.0,5.638192940206793,4.0,828.0,0.0,0.0,88.49999999871216,18197.80000001568,1.9499999999997044,497.8499999999702,49.24999999928332,10178.899999992123,0.0,0.0,0.0,0.0,0.0,0.0,9.849999999999909,2035.7799999999954,492.5,101789.0,0.0,51.0,502.3500000000058,103824.77999999996,0.0,0.0,1016.2472959799343,207147.82556759554
290,2020-10-17,2020,False,20.792349726775956,985,0,1051,173007.39676730684,0.0,21600,50,0.0,,,0.16124890858556856,0.1411669267247858,0.38369188865612086,0.9616598984771574,0.11822187987698082,353272.04556759493,0,False,False,True,"{""0"":null,""1"":null,""2"":null,""3"":null}",985.0,286210.0,0.0,203578.0,0.0,203578.0,0.0,173007.39676730684,0.0,0.0,0.0,0.0,207147.82556759554,0.0,5.638192940206793,0.0,828.0,0.0,0.0,0.0,18197.80000001568,0.0,497.8499999999702,0.0,10178.899999992123,0.0,0.0,0.0,0.0,0.0,0.0,0.0,2035.7799999999954,0.0,101789.0,0.0,51.0,0.0,103824.77999999996,0.0,0.0,0.0,207147.82556759554
291,2020-10-18,2020,False,20.795081967213115,984,0,1051,173007.39676730684,0.0,21600,50,0.0,,,0.16162158128484846,0.14142338145323965,0.38388878854579833,0.9616209349593496,0.06774649963135569,353272.04556759493,0,False,False,True,"{""0"":null,""1"":null,""2"":null,""3"":null}",984.0,287194.0,0.0,203578.0,0.0,203578.0,0.0,173007.39676730684,0.0,0.0,0.0,0.0,207147.82556759554,0.0,5.638192940206793,0.0,828.0,0.0,0.0,0.0,18197.80000001568,0.0,497.8499999999702,0.0,10178.899999992123,0.0,0.0,0.0,0.0,0.0,0.0,0.0,2035.7799999999954,0.0,101789.0,0.0,51.0,0.0,103824.77999999996,0.0,0.0,0.0,207147.82556759554
292,2020-10-19,2020,True,20.797814207650273,985,985,1052,173846.01149756333,1247.6209296590832,22574,22,0.0,0.8558412845008706,0.14087579714767404,0.16172687395671714,0.1409177760712729,0.38414091996605204,0.9600862944162436,0.09760328694376208,354016.31649725407,0,False,False,True,"{""0"":null,""1"":null,""2"":null,""3"":null}",985.0,288179.0,985.0,204563.0,985.0,204563.0,838.6147302564932,173846.01149756333,838.6147302564932,0.0,0.0,1247.6209296590823,208395.44649725463,0.0,5.638192940206793,4.0,832.0,0.0,0.0,88.49999999871216,18286.30000001439,7.499999999998863,505.34999999996904,49.24999999928332,10228.149999991407,0.0,0.0,0.0,0.0,0.0,0.0,9.849999999999909,2045.6299999999953,492.5,102281.5,1.0,52.0,502.3500000000058,104327.12999999996,0.0,0.0,1247.6209296590823,208395.44649725463
293,2020-10-20,2020,True,20.80054644808743,985,985,1052,174684.62622781983,1176.0607335985655,22623,45,0.0,0.8384663092389468,0.13856157199122193,0.16170869462826337,0.14105824386990565,0.38414091996605204,0.9601370558375635,0.12540930527824323,354690.02723085263,0,False,False,True,"{""0"":null,""1"":null,""2"":null,""3"":null}",985.0,289164.0,985.0,205548.0,985.0,205548.0,838.6147302564932,174684.62622781983,838.6147302564932,0.0,0.0,1176.0607335985696,209571.5072308532,0.0,5.638192940206793,4.0,836.0,0.0,0.0,88.49999999871216,18374.800000013103,0.0,505.34999999996904,49.24999999928332,10277.39999999069,0.0,0.0,0.0,0.0,0.0,0.0,9.850000000000136,2055.4799999999955,492.5,102774.0,0.0,52.0,502.3500000000058,104829.47999999997,0.0,0.0,1176.0607335985696,209571.5072308532
294,2020-10-21,2020,True,20.80327868852459,983,983,1052,175521.46693178784,1105.8819915311135,22733,65,0.0,0.8280165845308463,0.16028602779221754,0.16116714188331946,0.1403129293933176,0.3836366571255447,0.9601576805696846,0.15095731827798942,355294.57922238373,0,False,False,True,"{""0"":null,""1"":null,""2"":null,""3"":null}",983.0,290147.0,983.0,206531.0,983.0,206531.0,836.8407039680169,175521.46693178784,836.8407039680169,0.0,0.0,1105.8819915311178,210677.3892223843,0.0,5.638192940206793,4.0,840.0,0.0,0.0,88.29999999871507,18463.10000001182,0.0,505.34999999996904,49.14999999928477,10326.549999989975,0.0,0.0,0.0,0.0,0.0,0.0,9.829999999999927,2065.3099999999954,491.5,103265.5,0.0,52.0,501.33000000000175,105330.80999999997,0.0,0.0,1105.8819915311178,210677.3892223843
295,2020-10-22,2020,True,20.806010928961747,983,983,1052,176358.30763575586,1038.7225816091404,22860,56,0.0,0.8383786043815405,0.15938247799776398,0.161160931463551,0.14043981048116855,0.3836366571255447,0.9605137334689725,0.1747574969487712,355831.97180399287,0,False,False,True,"{""0"":null,""1"":null,""2"":null,""3"":null}",983.0,291130.0,983.0,207514.0,983.0,207514.0,836.8407039680169,176358.30763575586,836.8407039680169,0.0,0.0,1038.7225816091523,211716.11180399347,0.0,5.638192940206793,4.0,844.0,0.0,0.0,88.29999999871507,18551.400000010533,3.2999999999994998,508.64999999996854,49.14999999928477,10375.69999998926,0.0,0.0,0.0,0.0,0.0,0.0,9.829999999999927,2075.1399999999953,491.5,103757.0,0.0,52.0,501.33000000000175,105832.13999999997,0.0,0.0,1038.7225816091523,211716.11180399347
296,2020-10-23,2020,True,20.80874316939891,982,982,1052,177194.35401765959,1024.674251588303,22947,50,0.0,0.7993733958029691,0.20810580629833156,0.1608811880501772,0.14017407973697826,0.38338856486390954,0.9605957230142566,0.19686743634065637,356355.82605558116,0,False,False,True,"{""0"":null,""1"":null,""2"":null,""3"":null}",982.0,292112.0,982.0,208496.0,982.0,208496.0,836.046381903725,177194.35401765959,836.046381903725,0.0,0.0,1024.6742515882943,212740.78605558176,0.0,5.638192940206793,4.0,848.0,0.0,0.0,88.19999999871652,18639.60000000925,3.449999999999534,512.0999999999681,49.0999999992855,10424.799999988545,0.0,0.0,0.0,0.0,0.0,0.0,9.820000000000164,2084.9599999999955,491.0,104248.0,0.0,52.0,500.820000000007,106332.95999999998,0.0,0.0,1024.6742515882943,212740.78605558176
297,2020-10-24,2020,False,20.811475409836067,982,0,1052,177194.35401765959,0.0,22100,50,0.0,,,0.16106974201898402,0.14046458407147633,0.38338856486390954,0.9616955193482688,0.11906277598378918,356355.82605558116,0,False,False,True,"{""0"":null,""1"":null,""2"":null,""3"":null}",982.0,293094.0,0.0,208496.0,0.0,208496.0,0.0,177194.35401765959,0.0,0.0,0.0,0.0,212740.78605558176,0.0,5.638192940206793,0.0,848.0,0.0,0.0,0.0,18639.60000000925,0.0,512.0999999999681,0.0,10424.799999988545,0.0,0.0,0.0,0.0,0.0,0.0,0.0,2084.9599999999955,0.0,104248.0,0.0,52.0,0.0,106332.95999999998,0.0,0.0,0.0,212740.78605558176
298,2020-10-25,2020,False,20.814207650273225,982,0,1052,177194.35401765959,0.0,22100,50,0.0,,,0.16106974201898402,0.14046458407147633,0.38338856486390954,0.9616955193482688,0.06841298028787125,356355.82605558116,0,False,False,True,"{""0"":null,""1"":null,""2"":null,""3"":null}",982.0,294076.0,0.0,208496.0,0.0,208496.0,0.0,177194.35401765959,0.0,0.0,0.0,0.0,212740.78605558176,0.0,5.638192940206793,0.0,848.0,0.0,0.0,0.0,18639.60000000925,0.0,512.0999999999681,0.0,10424.799999988545,0.0,0.0,0.0,0.0,0.0,0.0,0.0,2084.9599999999955,0.0,104248.0,0.0,52.0,0.0,106332.95999999998,0.0,0.0,0.0,212740.78605558176
299,2020-10-26,2020,True,20.816939890710383,981,981,1052,178029.49251975268,1231.76843325655,23089,11,0.0,0.8420021560604485,0.14592727890676888,0.16096918040539326,0.1403797226989432,0.38345543162041246,0.9608613659531091,0.09828328105791444,357087.2844888377,0,False,False,True,"{""0"":null,""1"":null,""2"":null,""3"":null}",981.0,295057.0,981.0,209477.0,981.0,209477.0,835.1385020930902,178029.49251975268,835.1385020930902,0.0,0.0,1231.7684332565404,213972.5544888383,0.0,5.638192940206793,4.0,852.0,0.0,0.0,88.09999999871798,18727.700000007968,7.499999999998863,519.5999999999669,49.04999999928623,10473.849999987831,0.0,0.0,0.0,0.0,0.0,0.0,9.809999999999945,2094.7699999999954,490.5,104738.5,0.0,52.0,500.3099999999977,106833.26999999997,0.0,0.0,1231.7684332565404,213972.5544888383
300,2020-10-27,2020,True,20.81967213114754,981,981,1053,178864.58250649343,1177.9281606239847,23132,22,0.02614299175543337,0.8470863882328001,0.12849059776270907,0.16107482425651481,0.13995880795003277,0.3834552868277382,0.960881753312946,0.1260948760341757,357763.9026494617,0,False,False,True,"{""0"":null,""1"":null,""2"":null,""3"":null}",981.0,296038.0,981.0,210458.0,981.0,210458.0,835.089986740757,178864.58250649343,835.089986740757,0.0,0.0,1177.9281606239965,215150.4826494623,0.026142991755433442,5.664335931962227,4.0,856.0,0.0,0.0,88.09999999871798,18815.800000006686,0.0,519.5999999999669,49.04999999928623,10522.899999987118,0.0,0.0,0.0,0.0,0.0,0.0,9.809999999999945,2104.5799999999954,490.5,105229.0,1.0,53.0,500.3099999999977,107333.57999999997,0.0,0.0,1177.9281606239965,215150.4826494623
301,2020-10-28,2020,True,20.8224043715847,981,981,1053,179699.6724932342,1105.8926766673837,23233,31,0.03382573731934186,0.8266732281714324,0.15356568493833833,0.16106490803090007,0.14009204681611856,0.3834552868277382,0.960993883792049,0.15182676867873318,358369.48532612907,0,False,False,True,"{""0"":null,""1"":null,""2"":null,""3"":null}",981.0,297019.0,981.0,211439.0,981.0,211439.0,835.089986740757,179699.6724932342,835.089986740757,0.0,0.0,1105.8926766673976,216256.3753261297,0.0338257373193418,5.698161669281569,4.0,860.0,0.0,0.0,88.09999999871798,18903.900000005404,0.0,519.5999999999669,49.04999999928623,10571.949999986404,0.0,0.0,0.0,0.0,0.0,0.0,9.809999999999945,2114.3899999999953,490.5,105719.5,0.0,53.0,500.3099999999977,107833.88999999997,0.0,0.0,1105.8926766673976,216256.3753261297
302,2020-10-29,2020,True,20.825136612021858,981,981,1053,180534.76247997495,1081.9550135989505,23341,42,0.0,0.8267759490591009,0.17258179127437787,0.16103376366218744,0.14010437592865918,0.3834552868277382,0.9608919469928644,0.17561820504746675,358951.130339728,0,False,False,True,"{""0"":null,""1"":null,""2"":null,""3"":null}",981.0,298000.0,981.0,212420.0,981.0,212420.0,835.089986740757,180534.76247997495,835.089986740757,0.0,0.0,1081.9550135989557,217338.33033972865,0.0,5.698161669281569,4.0,864.0,0.0,0.0,88.09999999871798,18992.000000004122,1.6499999999997499,521.2499999999667,49.04999999928623,10620.99999998569,0.0,0.0,0.0,0.0,0.0,0.0,9.809999999999945,2124.1999999999953,490.5,106210.0,0.0,53.0,500.3099999999977,108334.19999999997,0.0,0.0,1081.9550135989557,217338.33033972865
303,2020-10-30,2020,True,20.827868852459016,980,980,1053,181368.92754812242,1013.8866275437402,23437,52,0.0,0.8174901622675199,0.18405873682760004,0.161109676780045,0.1405114627010302,0.38352215358424113,0.9610357142857142,0.197576429326183,359465.21696727176,0,False,False,True,"{""0"":null,""1"":null,""2"":null,""3"":null}",980.0,298980.0,980.0,213400.0,980.0,213400.0,834.1650681474712,181368.92754812242,834.1650681474712,0.0,0.0,1013.8866275437467,218352.2169672724,0.0,5.698161669281569,4.0,868.0,0.0,0.0,87.99999999871943,19080.00000000284,1.6499999999997499,522.8999999999664,48.999999999286956,10669.999999984977,0.0,0.0,0.0,0.0,0.0,0.0,9.800000000000182,2133.9999999999955,490.0,106700.0,0.0,53.0,499.8000000000029,108833.99999999997,0.0,0.0,1013.8866275437467,218352.2169672724
304,2020-10-31,2020,False,20.830601092896174,979,0,1053,181368.92754812242,0.0,22600,52,0.0,,,0.1613219572286904,0.1406499236621813,0.38372233409056844,0.9618998978549541,0.11973611779703032,359465.21696727176,0,False,False,True,"{""0"":null,""1"":null,""2"":null,""3"":null}",979.0,299959.0,0.0,213400.0,0.0,213400.0,0.0,181368.92754812242,0.0,0.0,0.0,0.0,218352.2169672724,0.0,5.698161669281569,0.0,868.0,0.0,0.0,0.0,19080.00000000284,0.0,522.8999999999664,0.0,10669.999999984977,0.0,0.0,0.0,0.0,0.0,0.0,0.0,2133.9999999999955,0.0,106700.0,0.0,53.0,0.0,108833.99999999997,0.0,0.0,0.0,218352.2169672724
305,2020-11-01,2020,False,20.833333333333332,979,0,1053,181368.92754812242,0.0,22600,52,0.0,,,0.1613219572286904,0.1406499236621813,0.38372233409056844,0.9618998978549541,0.0691142783801435,359465.21696727176,0,False,False,True,"{""0"":null,""1"":null,""2"":null,""3"":null}",979.0,300938.0,0.0,213400.0,0.0,213400.0,0.0,181368.92754812242,0.0,0.0,0.0,0.0,218352.2169672724,0.0,5.698161669281569,0.0,868.0,0.0,0.0,0.0,19080.00000000284,0.0,522.8999999999664,0.0,10669.999999984977,0.0,0.0,0.0,0.0,0.0,0.0,0.0,2133.9999999999955,0.0,106700.0,0.0,53.0,0.0,108833.99999999997,0.0,0.0,0.0,218352.2169672724
306,2020-11-02,2020,True,20.83606557377049,979,979,1053,182202.1749685201,1229.832754563451,23582,19,0.008536001779182857,0.8508329671171999,0.15268625717463452,0.1613219572286904,0.1406499236621813,0.38372233409056844,0.9609959141981613,0.09891314787707743,360195.7597218352,0,False,False,True,"{""0"":null,""1"":null,""2"":null,""3"":null}",979.0,301917.0,979.0,214379.0,979.0,214379.0,833.2474203976744,182202.1749685201,833.2474203976744,0.0,0.0,1229.832754563453,219582.04972183585,0.008536001779182456,5.706697671060751,4.0,872.0,0.0,0.0,87.89999999872089,19167.900000001562,7.799999999998818,530.6999999999653,48.949999999287684,10718.949999984265,0.0,0.0,0.0,0.0,0.0,0.0,9.789999999999964,2143.7899999999954,489.5,107189.5,0.0,53.0,499.2899999999936,109333.28999999996,0.0,0.0,1229.832754563453,219582.04972183585
307,2020-11-03,2020,True,20.838797814207652,979,979,1053,183035.42238891777,1183.5139790507728,23620,35,0.0,0.8335087374920049,0.15794976788373125,0.16119220535263096,0.14066368306648014,0.38372233409056844,0.9611644535240041,0.12655081236305935,360879.983700886,0,False,False,True,"{""0"":null,""1"":null,""2"":null,""3"":null}",979.0,302896.0,979.0,215358.0,979.0,215358.0,833.2474203976744,183035.42238891777,833.2474203976744,0.0,0.0,1183.5139790507674,220765.56370088662,0.0,5.706697671060751,4.0,876.0,0.0,0.0,87.89999999872089,19255.800000000283,0.0,530.6999999999653,48.949999999287684,10767.899999983552,0.0,0.0,0.0,0.0,0.0,0.0,9.789999999999964,2153.5799999999954,489.5,107679.0,0.0,53.0,499.2899999999936,109832.57999999996,0.0,0.0,1183.5139790507674,220765.56370088662
308,2020-11-04,2020,True,20.84153005464481,981,981,1055,183870.2336897496,1137.7290808632388,23721,51,0.0,0.850263213280668,0.14193497515450765,0.16129824186795225,0.1394888335908062,0.38390355959570066,0.9604587155963303,0.15204709967526694,361515.40278174926,0,False,False,True,"{""0"":null,""1"":null,""2"":null,""3"":null}",981.0,303877.0,981.0,216339.0,981.0,216339.0,834.8113008318469,183870.2336897496,834.8113008318469,0.0,0.0,1137.7290808632388,221903.29278174986,0.0,5.706697671060751,4.0,880.0,0.0,0.0,88.09999999871798,19343.899999999,0.0,530.6999999999653,49.04999999928623,10816.949999982839,0.0,0.0,0.0,0.0,0.0,0.0,9.809999999999945,2163.3899999999953,490.5,108169.5,2.0,55.0,500.3099999999977,110332.88999999996,0.0,0.0,1137.7290808632388,221903.29278174986
309,2020-11-05,2020,True,20.84426229508197,981,981,1055,184705.04499058146,1106.5739496331396,23836,50,0.0,0.8207811082657196,0.1681667805159924,0.16122924092704846,0.13961905119079834,0.38390355959570066,0.9603720693170235,0.17565060552479209,362121.66673138243,0,False,False,True,"{""0"":null,""1"":null,""2"":null,""3"":null}",981.0,304858.0,981.0,217320.0,981.0,217320.0,834.8113008318469,184705.04499058146,834.8113008318469,0.0,0.0,1106.573949633137,223009.866731383,0.0,5.706697671060751,4.0,884.0,0.0,0.0,88.09999999871798,19431.99999999772,2.849999999999568,533.5499999999648,49.04999999928623,10865.999999982125,0.0,0.0,0.0,0.0,0.0,0.0,9.809999999999945,2173.1999999999953,490.5,108660.0,0.0,55.0,500.3099999999977,110833.19999999995,0.0,0.0,1106.573949633137,223009.866731383
310,2020-11-06,2020,True,20.846994535519126,981,981,1055,185539.8562914133,1026.4087810181175,23944,50,0.0,0.799035018740574,0.18903785253180022,0.1613601680016935,0.13969584411794878,0.38390355959570066,0.960565749235474,0.19741978409293506,362647.76551240054,0,False,False,True,"{""0"":null,""1"":null,""2"":null,""3"":null}",981.0,305839.0,981.0,218301.0,981.0,218301.0,834.8113008318469,185539.8562914133,834.8113008318469,0.0,0.0,1026.4087810181081,224036.2755124011,0.0,5.706697671060751,4.0,888.0,0.0,0.0,88.09999999871798,19520.099999996437,2.399999999999636,535.9499999999645,49.04999999928623,10915.049999981411,0.0,0.0,0.0,0.0,0.0,0.0,9.809999999999945,2183.009999999995,490.5,109150.5,0.0,55.0,500.3099999999977,111333.50999999995,0.0,0.0,1026.4087810181081,224036.2755124011
311,2020-11-07,2020,False,20.849726775956285,981,0,1055,185539.8562914133,0.0,23100,50,0.0,,,0.16134692804615725,0.13988928300848105,0.38390355959570066,0.9615596330275229,0.11974798503894407,362647.76551240054,0,False,False,True,"{""0"":null,""1"":null,""2"":null,""3"":null}",981.0,306820.0,0.0,218301.0,0.0,218301.0,0.0,185539.8562914133,0.0,0.0,0.0,0.0,224036.2755124011,0.0,5.706697671060751,0.0,888.0,0.0,0.0,0.0,19520.099999996437,0.0,535.9499999999645,0.0,10915.049999981411,0.0,0.0,0.0,0.0,0.0,0.0,0.0,2183.009999999995,0.0,109150.5,0.0,55.0,0.0,111333.50999999995,0.0,0.0,0.0,224036.2755124011
312,2020-11-08,2020,False,20.852459016393443,981,0,1055,185539.8562914133,0.0,23100,50,0.0,,,0.16134692804615725,0.13988928300848102,0.38390355959570066,0.9615596330275229,0.06918699719686647,362647.76551240054,0,False,False,True,"{""0"":null,""1"":null,""2"":null,""3"":null}",981.0,307801.0,0.0,218301.0,0.0,218301.0,0.0,185539.8562914133,0.0,0.0,0.0,0.0,224036.2755124011,0.0,5.706697671060751,0.0,888.0,0.0,0.0,0.0,19520.099999996437,0.0,535.9499999999645,0.0,10915.049999981411,0.0,0.0,0.0,0.0,0.0,0.0,0.0,2183.009999999995,0.0,109150.5,0.0,55.0,0.0,111333.50999999995,0.0,0.0,0.0,224036.2755124011
313,2020-11-09,2020,True,20.8551912568306,981,981,1055,186374.66759224515,1266.656010169714,24081,15,0.0,0.8673425015539056,0.11374699046855927,0.16134692804615725,0.13988928300848102,0.38390355959570066,0.9607186544342508,0.09887868612686537,363414.11152257025,0,False,False,True,"{""0"":null,""1"":null,""2"":null,""3"":null}",981.0,308782.0,981.0,219282.0,981.0,219282.0,834.8113008318469,186374.66759224515,834.8113008318469,0.0,0.0,1266.6560101697105,225302.9315225708,0.0,5.706697671060751,4.0,892.0,0.0,0.0,88.09999999871798,19608.199999995155,7.499999999998863,543.4499999999633,49.04999999928623,10964.099999980697,0.0,0.0,0.0,0.0,0.0,0.0,9.809999999999945,2192.819999999995,490.5,109641.0,0.0,55.0,500.3099999999977,111833.81999999995,0.0,0.0,1266.6560101697105,225302.9315225708
314,2020-11-10,2020,True,20.85792349726776,982,982,1056,187210.39816995856,1175.3902683125361,24125,32,0.0,0.8289423111866072,0.16495773597751762,0.16097014488219677,0.13880756429818894,0.3837033790893734,0.9606262729124236,0.12652304411210732,364087.6817908828,0,False,False,True,"{""0"":null,""1"":null,""2"":null,""3"":null}",982.0,309764.0,982.0,220264.0,982.0,220264.0,835.7305777134025,187210.39816995856,835.7305777134025,0.0,0.0,1175.3902683125343,226478.32179088335,0.0,5.706697671060751,4.0,896.0,0.0,0.0,88.19999999871652,19696.39999999387,0.0,543.4499999999633,49.0999999992855,11013.199999979983,0.0,0.0,0.0,0.0,0.0,0.0,9.820000000000164,2202.6399999999953,491.0,110132.0,1.0,56.0,500.820000000007,112334.63999999996,0.0,0.0,1175.3902683125343,226478.32179088335
315,2020-11-11,2020,True,20.860655737704917,982,982,1056,188046.12874767196,1126.1813761966578,24216,57,0.0,0.8431296105933002,0.1399406335048784,0.16101284362686144,0.1389387949294117,0.3837033790893734,0.9599592668024439,0.15219111103727698,364713.04316707945,0,False,False,True,"{""0"":null,""1"":null,""2"":null,""3"":null}",982.0,310746.0,982.0,221246.0,982.0,221246.0,835.7305777134025,188046.12874767196,835.7305777134025,0.0,0.0,1126.1813761966478,227604.50316708,0.0,5.706697671060751,4.0,900.0,0.0,0.0,88.19999999871652,19784.599999992588,0.0,543.4499999999633,49.0999999992855,11062.299999979268,0.0,0.0,0.0,0.0,0.0,0.0,9.820000000000164,2212.4599999999955,491.0,110623.0,0.0,56.0,500.820000000007,112835.45999999996,0.0,0.0,1126.1813761966478,227604.50316708
316,2020-11-12,2020,True,20.863387978142075,981,981,1056,188881.112105197,1075.503874845328,24335,61,0.0,0.8174670041529777,0.17607292858325085,0.16080051394092904,0.1387908233703324,0.3834552868277382,0.9598572884811417,0.17604315057179867,365288.2370419248,0,False,False,True,"{""0"":null,""1"":null,""2"":null,""3"":null}",981.0,311727.0,981.0,222227.0,981.0,222227.0,834.9833575250523,188881.112105197,834.9833575250523,0.0,0.0,1075.5038748453371,228680.00704192533,0.0,5.706697671060751,4.0,904.0,0.0,0.0,88.09999999871798,19872.699999991306,2.249999999999659,545.699999999963,49.04999999928623,11111.349999978554,0.0,0.0,0.0,0.0,0.0,0.0,9.809999999999945,2222.2699999999954,490.5,111113.5,0.0,56.0,500.3099999999977,113335.76999999996,0.0,0.0,1075.5038748453371,228680.00704192533
317,2020-11-13,2020,True,20.866120218579233,981,981,1056,189716.09546272206,1029.7885252906515,24442,62,0.0,0.7981229015020564,0.1880800222928476,0.16077551588183822,0.13891448835893264,0.3834552868277382,0.9600305810397554,0.19787616475268546,365817.71556721546,0,False,False,True,"{""0"":null,""1"":null,""2"":null,""3"":null}",981.0,312708.0,981.0,223208.0,981.0,223208.0,834.9833575250523,189716.09546272206,834.9833575250523,0.0,0.0,1029.7885252906417,229709.79556721597,0.0,5.706697671060751,4.0,908.0,0.0,0.0,88.09999999871798,19960.799999990024,2.5499999999996135,548.2499999999626,49.04999999928623,11160.39999997784,0.0,0.0,0.0,0.0,0.0,0.0,9.809999999999945,2232.0799999999954,490.5,111604.0,0.0,56.0,500.3099999999977,113836.07999999996,0.0,0.0,1029.7885252906417,229709.79556721597
318,2020-11-14,2020,False,20.868852459016395,981,0,1056,189716.09546272206,0.0,23600,62,0.0,,,0.1609462427374258,0.13915691042587489,0.3834552868277382,0.9614067278287461,0.12022625516704745,365817.71556721546,0,False,False,True,"{""0"":null,""1"":null,""2"":null,""3"":null}",981.0,313689.0,0.0,223208.0,0.0,223208.0,0.0,189716.09546272206,0.0,0.0,0.0,0.0,229709.79556721597,0.0,5.706697671060751,0.0,908.0,0.0,0.0,0.0,19960.799999990024,0.0,548.2499999999626,0.0,11160.39999997784,0.0,0.0,0.0,0.0,0.0,0.0,0.0,2232.0799999999954,0.0,111604.0,0.0,56.0,0.0,113836.07999999996,0.0,0.0,0.0,229709.79556721597
319,2020-11-15,2020,False,20.871584699453553,981,0,1056,189716.09546272206,0.0,23600,62,0.0,,,0.1609462427374258,0.13915691042587486,0.3834552868277382,0.9614067278287461,0.06964755716145357,365817.71556721546,0,False,False,True,"{""0"":null,""1"":null,""2"":null,""3"":null}",981.0,314670.0,0.0,223208.0,0.0,223208.0,0.0,189716.09546272206,0.0,0.0,0.0,0.0,229709.79556721597,0.0,5.706697671060751,0.0,908.0,0.0,0.0,0.0,19960.799999990024,0.0,548.2499999999626,0.0,11160.39999997784,0.0,0.0,0.0,0.0,0.0,0.0,0.0,2232.0799999999954,0.0,111604.0,0.0,56.0,0.0,113836.07999999996,0.0,0.0,0.0,229709.79556721597
320,2020-11-16,2020,True,20.87431693989071,981,981,1056,190551.07882024712,1276.1716257417597,24593,17,0.0,0.832636528668349,0.16335802767889987,0.16094624273742578,0.13915691042587486,0.3834552868277382,0.9604638124362895,0.09942748254759042,366593.5771929572,0,False,False,True,"{""0"":null,""1"":null,""2"":null,""3"":null}",981.0,315651.0,981.0,224189.0,981.0,224189.0,834.9833575250523,190551.07882024712,834.9833575250523,0.0,0.0,1276.1716257417575,230985.96719295773,0.0,5.706697671060751,4.0,912.0,0.0,0.0,88.09999999871798,20048.899999988742,9.29999999999859,557.5499999999612,49.04999999928623,11209.449999977127,0.0,0.0,0.0,0.0,0.0,0.0,9.809999999999945,2241.8899999999953,490.5,112094.5,0.0,56.0,500.3099999999977,114336.38999999996,0.0,0.0,1276.1716257417575,230985.96719295773
321,2020-11-17,2020,True,20.87704918032787,981,981,1056,191386.06217777217,1202.749170082064,24626,31,0.0,0.8390298172649856,0.15485873937810476,0.16096745269562268,0.1391490793652348,0.3834552868277382,0.9609633027522936,0.12723207299800482,367296.01636303926,0,False,False,True,"{""0"":null,""1"":null,""2"":null,""3"":null}",981.0,316632.0,981.0,225170.0,981.0,225170.0,834.9833575250523,191386.06217777217,834.9833575250523,0.0,0.0,1202.7491700820683,232188.7163630398,0.0,5.706697671060751,4.0,916.0,0.0,0.0,88.09999999871798,20136.99999998746,0.0,557.5499999999612,49.04999999928623,11258.499999976413,0.0,0.0,0.0,0.0,0.0,0.0,9.809999999999945,2251.6999999999953,490.5,112585.0,0.0,56.0,500.3099999999977,114836.69999999995,0.0,0.0,1202.7491700820683,232188.7163630398
322,2020-11-18,2020,True,20.879781420765028,982,982,1057,192221.80287802863,1144.0106612927862,24724,50,0.0,0.833090287729005,0.1628542683272996,0.16104027239526603,0.1388479455669999,0.3837033790893734,0.9606568228105906,0.15289627638783274,367938.207024332,0,False,False,True,"{""0"":null,""1"":null,""2"":null,""3"":null}",982.0,317614.0,982.0,226152.0,982.0,226152.0,835.7407002564578,192221.80287802863,835.7407002564578,0.0,0.0,1144.010661292792,233332.7270243326,0.0,5.706697671060751,4.0,920.0,0.0,0.0,88.19999999871652,20225.199999986176,0.0,557.5499999999612,49.0999999992855,11307.599999975699,0.0,0.0,0.0,0.0,0.0,0.0,9.820000000000164,2261.5199999999954,491.0,113076.0,1.0,57.0,500.820000000007,115337.51999999996,0.0,0.0,1144.010661292792,233332.7270243326
323,2020-11-19,2020,True,20.882513661202186,982,982,1057,193057.54357828508,1100.1057805025202,24836,50,0.1544968096570607,0.8288794131067255,0.15253143503471753,0.16093807162876378,0.13881849933473173,0.3837033790893734,0.9604327902240326,0.17661508946099705,368537.49280483456,0,False,False,True,"{""0"":null,""1"":null,""2"":null,""3"":null}",982.0,318596.0,982.0,227134.0,982.0,227134.0,835.7407002564578,193057.54357828508,835.7407002564578,0.0,0.0,1100.1057805025193,234432.8328048351,0.15449680965706047,5.861194480717812,4.0,924.0,0.0,0.0,88.19999999871652,20313.399999984893,2.5499999999996135,560.0999999999608,49.0999999992855,11356.699999974984,0.0,0.0,0.0,0.0,0.0,0.0,9.820000000000164,2271.3399999999956,491.0,113567.0,0.0,57.0,500.820000000007,115838.33999999997,0.0,0.0,1100.1057805025193,234432.8328048351
324,2020-11-20,2020,True,20.885245901639344,984,984,1059,193895.0887017602,1028.948041710337,24947,54,0.0,0.8293396611732342,0.16620870713132888,0.16055761292812254,0.13729884235074888,0.3835203970165851,0.959994918699187,0.1982671859327201,369062.6008465449,0,False,False,True,"{""0"":null,""1"":null,""2"":null,""3"":null}",984.0,319580.0,984.0,228118.0,984.0,228118.0,837.545123475109,193895.0887017602,837.545123475109,0.0,0.0,1028.9480417103332,235461.78084654544,0.0,5.861194480717812,4.0,928.0,0.0,0.0,88.39999999871361,20401.799999983607,2.0999999999996817,562.1999999999605,49.199999999284046,11405.899999974268,0.0,0.0,0.0,0.0,0.0,0.0,9.840000000000146,2281.1799999999957,492.0,114059.0,2.0,59.0,501.8399999999965,116340.17999999996,0.0,0.0,1028.9480417103332,235461.78084654544
325,2020-11-21,2020,False,20.887978142076502,985,0,1060,193895.0887017602,0.0,24100,54,0.0,,,0.16057706046385736,0.1368681578322069,0.3837725284368388,0.9609441624365482,0.12046616337450296,369061.6008465449,0,False,False,True,"{""0"":null,""1"":null,""2"":null,""3"":null}",985.0,320565.0,0.0,228118.0,0.0,228118.0,0.0,193895.0887017602,0.0,0.0,0.0,0.0,235461.78084654544,0.0,5.861194480717812,0.0,928.0,0.0,0.0,0.0,20401.799999983607,0.0,562.1999999999605,0.0,11405.899999974268,0.0,0.0,0.0,0.0,0.0,0.0,0.0,2281.1799999999957,0.0,114059.0,1.0,60.0,0.0,116340.17999999996,0.0,0.0,0.0,235461.78084654544
326,2020-11-22,2020,False,20.89071038251366,985,0,1060,193895.0887017602,0.0,24100,54,0.0,,,0.1605770604638574,0.1368681578322069,0.3837725284368388,0.9609441624365482,0.07001002441838713,369061.6008465449,0,False,False,True,"{""0"":null,""1"":null,""2"":null,""3"":null}",985.0,321550.0,0.0,228118.0,0.0,228118.0,0.0,193895.0887017602,0.0,0.0,0.0,0.0,235461.78084654544,0.0,5.861194480717812,0.0,928.0,0.0,0.0,0.0,20401.799999983607,0.0,562.1999999999605,0.0,11405.899999974268,0.0,0.0,0.0,0.0,0.0,0.0,0.0,2281.1799999999957,0.0,114059.0,0.0,60.0,0.0,116340.17999999996,0.0,0.0,0.0,235461.78084654544
327,2020-11-23,2020,True,20.89344262295082,985,985,1060,194733.6260484649,1240.5951248092065,25082,18,0.0,0.8508732865265864,0.12197831018517713,0.16057706046385736,0.13686815783220693,0.3837725284368388,0.9598984771573604,0.09978252554757032,369799.8459713541,0,False,False,True,"{""0"":null,""1"":null,""2"":null,""3"":null}",985.0,322535.0,985.0,229103.0,985.0,229103.0,838.5373467047175,194733.6260484649,838.5373467047175,0.0,0.0,1240.595124809217,236702.37597135466,0.0,5.861194480717812,4.0,932.0,0.0,0.0,88.49999999871216,20490.29999998232,8.099999999998772,570.2999999999593,49.24999999928332,11455.149999973552,0.0,0.0,0.0,0.0,0.0,0.0,9.849999999999909,2291.0299999999957,492.5,114551.5,0.0,60.0,502.3500000000058,116842.52999999997,0.0,0.0,1240.595124809217,236702.37597135466
328,2020-11-24,2020,True,20.896174863387976,985,985,1061,195572.07015606464,1207.0575478220876,25129,32,0.0,0.847472589102011,0.14336785692032034,0.16027932374032058,0.13584691460373358,0.38345353026008216,0.9598984771573604,0.12744902417005025,370503.5535191762,0,False,False,True,"{""0"":null,""1"":null,""2"":null,""3"":null}",985.0,323520.0,985.0,230088.0,985.0,230088.0,838.4441075997311,195572.07015606464,838.4441075997311,0.0,0.0,1207.0575478220999,237909.43351917676,0.0,5.861194480717812,4.0,936.0,0.0,0.0,88.49999999871216,20578.79999998103,0.0,570.2999999999593,49.24999999928332,11504.399999972835,0.0,0.0,0.0,0.0,0.0,0.0,9.849999999999909,2300.8799999999956,492.5,115044.0,1.0,61.0,502.3500000000058,117344.87999999998,0.0,0.0,1207.0575478220999,237909.43351917676
329,2020-11-25,2020,True,20.898907103825138,985,985,1061,196410.51426366437,1144.8931960332304,25237,44,0.11297619224492245,0.8233644720249552,0.15977657919706673,0.16020139130868907,0.13583121571632856,0.38345353026008216,0.9599086294416244,0.1530056135462122,371146.0967152095,0,False,False,True,"{""0"":null,""1"":null,""2"":null,""3"":null}",985.0,324505.0,985.0,231073.0,985.0,231073.0,838.4441075997311,196410.51426366437,838.4441075997311,0.0,0.0,1144.8931960332266,239054.32671521,0.11297619224492284,5.974170672962734,4.0,940.0,0.0,0.0,88.49999999871216,20667.299999979743,0.0,570.2999999999593,49.24999999928332,11553.649999972118,0.0,0.0,0.0,0.0,0.0,0.0,9.849999999999909,2310.7299999999955,492.5,115536.5,0.0,61.0,502.3500000000058,117847.22999999998,0.0,0.0,1144.8931960332266,239054.32671521
330,2020-11-26,2020,True,20.901639344262296,984,984,1061,197248.23409046128,1089.173151296086,25330,48,0.0,0.8110643076102892,0.16657638870360558,0.160215698916242,0.13591240578611102,0.38344293206533553,0.9594817073170732,0.1768305373459988,371733.42986650555,0,False,False,True,"{""0"":null,""1"":null,""2"":null,""3"":null}",984.0,325489.0,984.0,232057.0,984.0,232057.0,837.719826796907,197248.23409046128,837.719826796907,0.0,0.0,1089.1731512960978,240143.49986650608,0.0,5.974170672962734,4.0,944.0,0.0,0.0,88.39999999871361,20755.699999978457,2.6999999999995907,572.9999999999588,49.199999999284046,11602.849999971402,0.0,0.0,0.0,0.0,0.0,0.0,9.840000000000146,2320.5699999999956,492.0,116028.5,0.0,61.0,501.8399999999965,118349.06999999998,0.0,0.0,1089.1731512960978,240143.49986650608
331,2020-11-27,2020,True,20.904371584699454,983,983,1061,198085.05611259313,1034.855080318214,25418,58,0.0,0.8076691201070592,0.17449976450273327,0.16041915540833268,0.13619536069952004,0.38363983195501306,0.9591353001017294,0.19867509042910458,372266.95494682377,0,False,False,True,"{""0"":null,""1"":null,""2"":null,""3"":null}",983.0,326472.0,983.0,233040.0,983.0,233040.0,836.8220221318479,198085.05611259313,836.8220221318479,0.0,0.0,1034.8550803182006,241178.35494682429,0.0,5.974170672962734,4.0,948.0,0.0,0.0,88.29999999871507,20843.99999997717,2.0999999999996817,575.0999999999585,49.14999999928477,11651.999999970687,0.0,0.0,0.0,0.0,0.0,0.0,9.829999999999927,2330.3999999999955,491.5,116520.0,0.0,61.0,501.33000000000175,118850.39999999998,0.0,0.0,1034.8550803182006,241178.35494682429
332,2020-11-28,2020,False,20.907103825136613,982,0,1061,198085.05611259313,0.0,24600,58,0.0,,,0.1604426581568142,0.13628253112604816,0.3838335570152222,0.9601578411405295,0.12111817721447506,372266.95494682377,0,False,False,True,"{""0"":null,""1"":null,""2"":null,""3"":null}",982.0,327454.0,0.0,233040.0,0.0,233040.0,0.0,198085.05611259313,0.0,0.0,0.0,0.0,241178.35494682429,0.0,5.974170672962734,0.0,948.0,0.0,0.0,0.0,20843.99999997717,0.0,575.0999999999585,0.0,11651.999999970687,0.0,0.0,0.0,0.0,0.0,0.0,0.0,2330.3999999999955,0.0,116520.0,0.0,61.0,0.0,118850.39999999998,0.0,0.0,0.0,241178.35494682429
333,2020-11-29,2020,False,20.90983606557377,982,0,1061,198085.05611259313,0.0,24600,58,0.0,,,0.16044265815681416,0.13628253112604816,0.3838335570152222,0.9601578411405295,0.07052494370468011,372266.95494682377,0,False,False,True,"{""0"":null,""1"":null,""2"":null,""3"":null}",982.0,328436.0,0.0,233040.0,0.0,233040.0,0.0,198085.05611259313,0.0,0.0,0.0,0.0,241178.35494682429,0.0,5.974170672962734,0.0,948.0,0.0,0.0,0.0,20843.99999997717,0.0,575.0999999999585,0.0,11651.999999970687,0.0,0.0,0.0,0.0,0.0,0.0,0.0,2330.3999999999955,0.0,116520.0,0.0,61.0,0.0,118850.39999999998,0.0,0.0,0.0,241178.35494682429
334,2020-11-30,2020,True,20.91256830601093,982,982,1061,198920.94934178772,1236.5471777160965,25584,20,0.0,0.8522185933429267,0.13797168629518944,0.1604426581568142,0.13628253112604816,0.3838335570152222,0.9591242362525458,0.10013468591602544,373002.68212453986,0,False,False,True,"{""0"":null,""1"":null,""2"":null,""3"":null}",982.0,329418.0,982.0,234022.0,982.0,234022.0,835.8932291945966,198920.94934178772,835.8932291945966,0.0,0.0,1236.5471777161001,242414.9021245404,0.0,5.974170672962734,4.0,952.0,0.0,0.0,88.19999999871652,20932.19999997589,8.699999999998681,583.7999999999572,49.0999999992855,11701.099999969972,0.0,0.0,0.0,0.0,0.0,0.0,9.820000000000164,2340.2199999999957,491.0,117011.0,0.0,61.0,500.820000000007,119351.21999999999,0.0,0.0,1236.5471777161001,242414.9021245404
335,2020-12-01,2020,True,20.915300546448087,983,983,1062,199757.54584127167,1172.6435478439769,25625,35,0.0,0.8383167665644176,0.1491748108190155,0.16059921589051687,0.1359413045333652,0.38408568843547586,0.9596032553407935,0.12766788457422765,373672.9956723838,0,False,False,True,"{""0"":null,""1"":null,""2"":null,""3"":null}",983.0,330401.0,983.0,235005.0,983.0,235005.0,836.5964994839451,199757.54584127167,836.5964994839451,0.0,0.0,1172.643547843967,243587.54567238435,0.0,5.974170672962734,4.0,956.0,0.0,0.0,88.29999999871507,21020.499999974603,0.0,583.7999999999572,49.14999999928477,11750.249999969257,0.0,0.0,0.0,0.0,0.0,0.0,9.829999999999927,2350.0499999999956,491.5,117502.5,1.0,62.0,501.33000000000175,119852.54999999999,0.0,0.0,1172.643547843967,243587.54567238435
336,2020-12-02,2020,True,20.918032786885245,983,983,1062,200594.1423407556,1141.8989631602785,25725,54,0.0,0.8320171787853992,0.1588529538848707,0.16060988727707126,0.13602537937469106,0.38408568843547586,0.9595676500508646,0.15322912106886738,374313.5646355441,0,False,False,True,"{""0"":null,""1"":null,""2"":null,""3"":null}",983.0,331384.0,983.0,235988.0,983.0,235988.0,836.5964994839451,200594.1423407556,836.5964994839451,0.0,0.0,1141.898963160289,244729.44463554464,0.0,5.974170672962734,4.0,960.0,0.0,0.0,88.29999999871507,21108.79999997332,0.0,583.7999999999572,49.14999999928477,11799.399999968542,0.0,0.0,0.0,0.0,0.0,0.0,9.829999999999927,2359.8799999999956,491.5,117994.0,0.0,62.0,501.33000000000175,120353.87999999999,0.0,0.0,1141.898963160289,244729.44463554464
337,2020-12-03,2020,True,20.920765027322403,983,983,1062,201430.73884023956,1082.9595821536084,25832,53,0.0,0.8045658545859584,0.1898757742996826,0.16066953462153777,0.13611532001510535,0.38408568843547586,0.9592522889114955,0.17681686172374317,374895.19421769766,0,False,False,True,"{""0"":null,""1"":null,""2"":null,""3"":null}",983.0,332367.0,983.0,236971.0,983.0,236971.0,836.5964994839451,201430.73884023956,836.5964994839451,0.0,0.0,1082.9595821536204,245812.40421769826,0.0,5.974170672962734,4.0,964.0,0.0,0.0,88.29999999871507,21197.099999972033,2.9999999999995453,586.7999999999568,49.14999999928477,11848.549999967827,0.0,0.0,0.0,0.0,0.0,0.0,9.829999999999927,2369.7099999999955,491.5,118485.5,0.0,62.0,501.33000000000175,120855.20999999999,0.0,0.0,1082.9595821536204,245812.40421769826
338,2020-12-04,2020,True,20.92349726775956,983,983,1063,202267.28082947986,1031.1560345203495,25935,47,0.0014796540154427237,0.8157842284772838,0.1799286616398445,0.16008112364696223,0.1348857045847428,0.3836366571255447,0.958646998982706,0.19835187634207194,375424.020252218,0,False,False,True,"{""0"":null,""1"":null,""2"":null,""3"":null}",983.0,333350.0,983.0,237954.0,983.0,237954.0,836.5419892403006,202267.28082947986,836.5419892403006,0.0,0.0,1031.1560345203616,246843.56025221862,0.0014796540154424775,5.975650326978177,4.0,968.0,0.0,0.0,88.29999999871507,21285.39999997075,2.249999999999659,589.0499999999564,49.14999999928477,11897.699999967112,0.0,0.0,0.0,0.0,0.0,0.0,9.829999999999927,2379.5399999999954,491.5,118977.0,1.0,63.0,501.33000000000175,121356.54,0.0,0.0,1031.1560345203616,246843.56025221862
339,2020-12-05,2020,False,20.92622950819672,983,0,1063,202267.28082947986,0.0,25100,47,0.0,,,0.16008125275326837,0.13500028288960314,0.3836366571255447,0.9596693794506612,0.12089640085719697,375424.020252218,0,False,False,True,"{""0"":null,""1"":null,""2"":null,""3"":null}",983.0,334333.0,0.0,237954.0,0.0,237954.0,0.0,202267.28082947986,0.0,0.0,0.0,0.0,246843.56025221862,0.0,5.975650326978177,0.0,968.0,0.0,0.0,0.0,21285.39999997075,0.0,589.0499999999564,0.0,11897.699999967112,0.0,0.0,0.0,0.0,0.0,0.0,0.0,2379.5399999999954,0.0,118977.0,0.0,63.0,0.0,121356.54,0.0,0.0,0.0,246843.56025221862
340,2020-12-06,2020,False,20.92896174863388,983,0,1063,202267.28082947986,0.0,25100,47,0.0,,,0.16008125275326837,0.13500028288960317,0.3836366571255447,0.9596693794506612,0.07044597551875449,375424.020252218,0,False,False,True,"{""0"":null,""1"":null,""2"":null,""3"":null}",983.0,335316.0,0.0,237954.0,0.0,237954.0,0.0,202267.28082947986,0.0,0.0,0.0,0.0,246843.56025221862,0.0,5.975650326978177,0.0,968.0,0.0,0.0,0.0,21285.39999997075,0.0,589.0499999999564,0.0,11897.699999967112,0.0,0.0,0.0,0.0,0.0,0.0,0.0,2379.5399999999954,0.0,118977.0,0.0,63.0,0.0,121356.54,0.0,0.0,0.0,246843.56025221862
341,2020-12-07,2020,True,20.93169398907104,983,983,1063,203103.82281872016,1249.747497080996,26075,10,0.0,0.8567006932166892,0.1367003064120948,0.16008125275326837,0.13500028288960317,0.3836366571255447,0.9587639877924721,0.10007334813116743,376172.437749299,0,False,False,True,"{""0"":null,""1"":null,""2"":null,""3"":null}",983.0,336299.0,983.0,238937.0,983.0,238937.0,836.5419892403006,203103.82281872016,836.5419892403006,0.0,0.0,1249.747497081,248093.30774929962,0.0,5.975650326978177,4.0,972.0,0.0,0.0,88.29999999871507,21373.699999969464,7.049999999998931,596.0999999999553,49.14999999928477,11946.849999966396,0.0,0.0,0.0,0.0,0.0,0.0,9.829999999999927,2389.3699999999953,491.5,119468.5,0.0,63.0,501.33000000000175,121857.87,0.0,0.0,1249.747497081,248093.30774929962
342,2020-12-08,2020,True,20.934426229508198,983,983,1063,203940.36480796046,1193.2666950881887,26133,26,0.21094086304703583,0.8371590118972492,0.1512988509355049,0.16008685428431368,0.13513087311860253,0.3836366571255447,0.9592166836215666,0.12763754036890854,376864.37444438715,0,False,False,True,"{""0"":null,""1"":null,""2"":null,""3"":null}",983.0,337282.0,983.0,239920.0,983.0,239920.0,836.5419892403006,203940.36480796046,836.5419892403006,0.0,0.0,1193.266695088183,249286.5744443878,0.21094086304703552,6.186591190025212,4.0,976.0,0.0,0.0,88.29999999871507,21461.99999996818,0.0,596.0999999999553,49.14999999928477,11995.999999965681,0.0,0.0,0.0,0.0,0.0,0.0,9.829999999999927,2399.1999999999953,491.5,119960.0,0.0,63.0,501.33000000000175,122359.2,0.0,0.0,1193.266695088183,249286.5744443878
343,2020-12-09,2020,True,20.937158469945356,984,984,1065,204777.57897354182,1130.9156038371455,26222,48,0.0,0.8332209067852245,0.15873670906950318,0.16017951509518355,0.13403723350720692,0.38388878854579833,0.9585823170731708,0.15301480910759183,377491.4500482243,0,False,False,True,"{""0"":null,""1"":null,""2"":null,""3"":null}",984.0,338266.0,984.0,240904.0,984.0,240904.0,837.2141655813612,204777.57897354182,837.2141655813612,0.0,0.0,1130.9156038371439,250417.49004822495,0.0,6.186591190025212,4.0,980.0,0.0,0.0,88.39999999871361,21550.399999966892,0.0,596.0999999999553,49.199999999284046,12045.199999964965,0.0,0.0,0.0,0.0,0.0,0.0,9.840000000000146,2409.0399999999954,492.0,120452.0,2.0,65.0,501.8399999999965,122861.04,0.0,0.0,1130.9156038371439,250417.49004822495
344,2020-12-10,2020,True,20.939890710382514,983,983,1065,205613.93675157128,1106.7228987098829,26331,59,0.2038285230971771,0.8087288680095222,0.17274811300759435,0.15993381358857958,0.13368447169416467,0.3836406962841632,0.9583926754832147,0.17652062162629037,378096.84294693416,0,False,False,True,"{""0"":null,""1"":null,""2"":null,""3"":null}",983.0,339249.0,983.0,241887.0,983.0,241887.0,836.3577780294581,205613.93675157128,836.3577780294581,0.0,0.0,1106.7228987098788,251524.21294693483,0.2038285230971768,6.390419713122389,4.0,984.0,0.0,0.0,88.29999999871507,21638.699999965607,1.4999999999997726,597.5999999999551,49.14999999928477,12094.34999996425,0.0,0.0,0.0,0.0,0.0,0.0,9.829999999999927,2418.8699999999953,491.5,120943.5,0.0,65.0,501.33000000000175,123362.37,0.0,0.0,1106.7228987098788,251524.21294693483
345,2020-12-11,2020,True,20.942622950819672,984,984,1066,206451.24946690298,1028.1698141467573,26433,65,0.0,0.8161636881345772,0.16928506974854593,0.15999385990360182,0.133183022657335,0.3838928277044169,0.9578709349593496,0.1980892077987656,378622.1727610809,0,False,False,True,"{""0"":null,""1"":null,""2"":null,""3"":null}",984.0,340233.0,984.0,242871.0,984.0,242871.0,837.3127153317037,206451.24946690298,837.3127153317037,0.0,0.0,1028.169814146764,252552.3827610816,0.0,6.390419713122389,4.0,988.0,0.0,0.0,88.39999999871361,21727.09999996432,2.399999999999636,599.9999999999548,49.199999999284046,12143.549999963534,0.0,0.0,0.0,0.0,0.0,0.0,9.840000000000146,2428.7099999999955,492.0,121435.5,1.0,66.0,501.8399999999965,123864.20999999999,0.0,0.0,1028.169814146764,252552.3827610816
346,2020-12-12,2020,False,20.94535519125683,984,0,1066,206451.24946690298,0.0,25600,65,0.0,,,0.15991003182519425,0.13326744587249584,0.3838928277044169,0.9588363821138212,0.12076101174979413,378622.1727610809,0,False,False,True,"{""0"":null,""1"":null,""2"":null,""3"":null}",984.0,341217.0,0.0,242871.0,0.0,242871.0,0.0,206451.24946690298,0.0,0.0,0.0,0.0,252552.3827610816,0.0,6.390419713122389,0.0,988.0,0.0,0.0,0.0,21727.09999996432,0.0,599.9999999999548,0.0,12143.549999963534,0.0,0.0,0.0,0.0,0.0,0.0,0.0,2428.7099999999955,0.0,121435.5,0.0,66.0,0.0,123864.20999999999,0.0,0.0,0.0,252552.3827610816
347,2020-12-13,2020,False,20.94808743169399,983,0,1066,206451.24946690298,0.0,25600,65,0.0,,,0.1596834075512653,0.13290749926810602,0.3836406962841632,0.958794506612411,0.07045900396844663,378622.1727610809,0,False,False,True,"{""0"":null,""1"":null,""2"":null,""3"":null}",983.0,342200.0,0.0,242871.0,0.0,242871.0,0.0,206451.24946690298,0.0,0.0,0.0,0.0,252552.3827610816,0.0,6.390419713122389,0.0,988.0,0.0,0.0,0.0,21727.09999996432,0.0,599.9999999999548,0.0,12143.549999963534,0.0,0.0,0.0,0.0,0.0,0.0,0.0,2428.7099999999955,0.0,121435.5,0.0,66.0,0.0,123864.20999999999,0.0,0.0,0.0,252552.3827610816
348,2020-12-14,2020,True,20.950819672131146,982,982,1066,207286.9931564633,1270.2276776017916,26581,14,0.0692343307505482,0.8522974023030683,0.11830857998163369,0.15988950579904063,0.1330178226100452,0.3838375961738407,0.957489816700611,0.10008925924390485,379391.5804386827,0,False,False,True,"{""0"":null,""1"":null,""2"":null,""3"":null}",982.0,343182.0,982.0,243853.0,982.0,243853.0,835.7436895603023,207286.9931564633,835.7436895603023,0.0,0.0,1270.227677601797,253822.6104386834,0.06923433075054852,6.459654043872938,4.0,992.0,0.0,0.0,88.19999999871652,21815.299999963037,9.749999999998522,609.7499999999533,49.0999999992855,12192.64999996282,0.0,0.0,0.0,0.0,0.0,0.0,9.820000000000164,2438.5299999999957,491.0,121926.5,0.0,66.0,500.820000000007,124365.03,0.0,0.0,1270.227677601797,253822.6104386834
349,2020-12-15,2020,True,20.953551912568305,983,983,1067,208123.45572639816,1212.1237585578076,26625,36,0.0,0.8360599078341013,0.144789759121003,0.1601332467014329,0.1327849100389356,0.38408972759409443,0.9577212614445574,0.12755525458960557,380101.3741972405,0,False,False,True,"{""0"":null,""1"":null,""2"":null,""3"":null}",983.0,344165.0,983.0,244836.0,983.0,244836.0,836.462569934869,208123.45572639816,836.462569934869,0.0,0.0,1212.1237585578056,255034.7341972412,0.0,6.459654043872938,4.0,996.0,0.0,0.0,88.29999999871507,21903.599999961752,0.0,609.7499999999533,49.14999999928477,12241.799999962104,0.0,0.0,0.0,0.0,0.0,0.0,9.829999999999927,2448.3599999999956,491.5,122418.0,1.0,67.0,501.33000000000175,124866.36,0.0,0.0,1212.1237585578056,255034.7341972412
350,2020-12-16,2020,True,20.956284153005463,984,984,1068,208960.87640373383,1147.2442446113355,26735,51,0.0,0.8140365666329474,0.16623263942053484,0.15994356129730616,0.13196134792274983,0.3838928277044169,0.9577591463414633,0.15297741894562983,380745.77844185184,0,False,False,True,"{""0"":null,""1"":null,""2"":null,""3"":null}",984.0,345149.0,984.0,245820.0,984.0,245820.0,837.4206773356709,208960.87640373383,837.4206773356709,0.0,0.0,1147.2442446113273,256181.97844185252,0.0,6.459654043872938,4.0,1000.0,0.0,0.0,88.39999999871361,21991.999999960466,0.0,609.7499999999533,49.199999999284046,12290.999999961388,0.0,0.0,0.0,0.0,0.0,0.0,9.840000000000146,2458.1999999999957,492.0,122910.0,1.0,68.0,501.8399999999965,125368.2,0.0,0.0,1147.2442446113273,256181.97844185252
351,2020-12-17,2020,True,20.959016393442624,983,983,1068,209797.35857928472,1088.4058234056035,26833,57,0.0,0.815029525824079,0.1897260697073474,0.1595218668863849,0.13154799991214908,0.3836406962841632,0.9575127161749746,0.17592360601489263,381332.8542652574,0,False,False,True,"{""0"":null,""1"":null,""2"":null,""3"":null}",983.0,346132.0,983.0,246803.0,983.0,246803.0,836.4821755508892,209797.35857928472,836.4821755508892,0.0,0.0,1088.4058234055992,257270.38426525812,0.0,6.459654043872938,4.0,1004.0,0.0,0.0,88.29999999871507,22080.29999995918,2.0999999999996817,611.849999999953,49.14999999928477,12340.149999960673,0.0,0.0,0.0,0.0,0.0,0.0,9.829999999999927,2468.0299999999957,491.5,123401.5,0.0,68.0,501.33000000000175,125869.53,0.0,0.0,1088.4058234055992,257270.38426525812
352,2020-12-18,2020,True,20.961748633879782,983,983,1068,210633.8407548356,1048.9520679539758,26936,56,0.0,0.8097747745317059,0.19908555258319105,0.15947782216882683,0.13169216871291933,0.3836406962841632,0.957177009155646,0.19761967229589766,381880.4763332114,0,False,False,True,"{""0"":null,""1"":null,""2"":null,""3"":null}",983.0,347115.0,983.0,247786.0,983.0,247786.0,836.4821755508892,210633.8407548356,836.4821755508892,0.0,0.0,1048.952067953971,258319.3363332121,0.0,6.459654043872938,4.0,1008.0,0.0,0.0,88.29999999871507,22168.599999957896,3.2999999999994998,615.1499999999525,49.14999999928477,12389.299999959958,0.0,0.0,0.0,0.0,0.0,0.0,9.829999999999927,2477.8599999999956,491.5,123893.0,0.0,68.0,501.33000000000175,126370.86,0.0,0.0,1048.952067953971,258319.3363332121
353,2020-12-19,2020,False,20.96448087431694,983,0,1068,210633.8407548356,0.0,26100,56,0.0,,,0.15931233174360548,0.1316945799372014,0.3836406962841632,0.9581434384537132,0.12023870973718913,381880.4763332114,0,False,False,True,"{""0"":null,""1"":null,""2"":null,""3"":null}",983.0,348098.0,0.0,247786.0,0.0,247786.0,0.0,210633.8407548356,0.0,0.0,0.0,0.0,258319.3363332121,0.0,6.459654043872938,0.0,1008.0,0.0,0.0,0.0,22168.599999957896,0.0,615.1499999999525,0.0,12389.299999959958,0.0,0.0,0.0,0.0,0.0,0.0,0.0,2477.8599999999956,0.0,123893.0,0.0,68.0,0.0,126370.86,0.0,0.0,0.0,258319.3363332121
354,2020-12-20,2020,False,20.9672131147541,983,0,1068,210633.8407548356,0.0,26100,56,0.0,,,0.15931233174360548,0.1316945799372014,0.3836406962841632,0.9581434384537132,0.06995995611563624,381880.4763332114,0,False,False,True,"{""0"":null,""1"":null,""2"":null,""3"":null}",983.0,349081.0,0.0,247786.0,0.0,247786.0,0.0,210633.8407548356,0.0,0.0,0.0,0.0,258319.3363332121,0.0,6.459654043872938,0.0,1008.0,0.0,0.0,0.0,22168.599999957896,0.0,615.1499999999525,0.0,12389.299999959958,0.0,0.0,0.0,0.0,0.0,0.0,0.0,2477.8599999999956,0.0,123893.0,0.0,68.0,0.0,126370.86,0.0,0.0,0.0,258319.3363332121
355,2020-12-21,2020,True,20.969945355191257,983,983,1068,211470.3229303865,1259.1249324128178,27073,15,0.008658822834442708,0.837260398122954,0.16520043999116324,0.15931233174360548,0.1316945799372014,0.3836406962841632,0.9570193285859614,0.09950215054814583,382638.2712656242,0,False,False,True,"{""0"":null,""1"":null,""2"":null,""3"":null}",983.0,350064.0,983.0,248769.0,983.0,248769.0,836.4821755508892,211470.3229303865,836.4821755508892,0.0,0.0,1259.1249324128148,259578.4612656249,0.008658822834442859,6.468312866707381,4.0,1012.0,0.0,0.0,88.29999999871507,22256.89999995661,8.399999999998727,623.5499999999512,49.14999999928477,12438.449999959243,0.0,0.0,0.0,0.0,0.0,0.0,9.829999999999927,2487.6899999999955,491.5,124384.5,0.0,68.0,501.33000000000175,126872.19,0.0,0.0,1259.1249324128148,259578.4612656249
356,2020-12-22,2020,True,20.972677595628415,983,983,1068,212306.80510593738,1239.903175733504,27119,27,0.0,0.8576193584449038,0.12463416832188796,0.15946962962821823,0.13185498715884245,0.3836406962841632,0.9575635808748728,0.12703337138141527,383376.8444413577,0,False,False,True,"{""0"":null,""1"":null,""2"":null,""3"":null}",983.0,351047.0,983.0,249752.0,983.0,249752.0,836.4821755508892,212306.80510593738,836.4821755508892,0.0,0.0,1239.9031757335179,260818.36444135843,0.0,6.468312866707381,4.0,1016.0,0.0,0.0,88.29999999871507,22345.199999955326,0.0,623.5499999999512,49.14999999928477,12487.599999958527,0.0,0.0,0.0,0.0,0.0,0.0,9.829999999999927,2497.5199999999954,491.5,124876.0,0.0,68.0,501.33000000000175,127373.52,0.0,0.0,1239.9031757335179,260818.36444135843
357,2020-12-23,2020,True,20.975409836065573,983,983,1068,213143.28728148827,1151.0805853053491,27235,43,0.0,0.8321254096561945,0.16510089704408254,0.15933914870805063,0.13192939769047796,0.3836406962841632,0.9577161749745676,0.15247743639605363,384026.59502666304,0,False,False,True,"{""0"":null,""1"":null,""2"":null,""3"":null}",983.0,352030.0,983.0,250735.0,983.0,250735.0,836.4821755508892,213143.28728148827,836.4821755508892,0.0,0.0,1151.0805853053462,261969.44502666377,0.0,6.468312866707381,4.0,1020.0,0.0,0.0,88.29999999871507,22433.49999995404,0.0,623.5499999999512,49.14999999928477,12536.749999957812,0.0,0.0,0.0,0.0,0.0,0.0,9.829999999999927,2507.3499999999954,491.5,125367.5,0.0,68.0,501.33000000000175,127874.85,0.0,0.0,1151.0805853053462,261969.44502666377
358,2020-12-24,2020,True,20.97814207650273,983,983,1068,213979.76945703916,1095.8008581122253,27343,45,0.0,0.8330878412295385,0.1641979388274129,0.15949523133736057,0.13210743876178246,0.3836406962841632,0.9579196337741607,0.17601523846688932,384621.06588477525,0,False,False,True,"{""0"":null,""1"":null,""2"":null,""3"":null}",983.0,353013.0,983.0,251718.0,983.0,251718.0,836.4821755508892,213979.76945703916,836.4821755508892,0.0,0.0,1095.8008581122267,263065.245884776,0.0,6.468312866707381,4.0,1024.0,0.0,0.0,88.29999999871507,22521.799999952756,2.249999999999659,625.7999999999508,49.14999999928477,12585.899999957097,0.0,0.0,0.0,0.0,0.0,0.0,9.829999999999927,2517.1799999999953,491.5,125859.0,0.0,68.0,501.33000000000175,128376.18000000001,0.0,0.0,1095.8008581122267,263065.245884776
359,2020-12-25,2020,False,20.98087431693989,983,0,1068,213979.76945703916,0.0,26500,45,0.0,,,0.1594555217361473,0.1322162882458846,0.3836406962841632,0.9589623601220753,0.10154996623087684,384621.06588477525,0,False,False,True,"{""0"":null,""1"":null,""2"":null,""3"":null}",983.0,353996.0,0.0,251718.0,0.0,251718.0,0.0,213979.76945703916,0.0,0.0,0.0,0.0,263065.245884776,0.0,6.468312866707381,0.0,1024.0,0.0,0.0,0.0,22521.799999952756,0.0,625.7999999999508,0.0,12585.899999957097,0.0,0.0,0.0,0.0,0.0,0.0,0.0,2517.1799999999953,0.0,125859.0,0.0,68.0,0.0,128376.18000000001,0.0,0.0,0.0,263065.245884776
360,2020-12-26,2020,False,20.983606557377048,982,0,1068,213979.76945703916,0.0,26500,45,0.0,,,0.15931528709413054,0.13211926761652443,0.383706526009486,0.9589205702647657,0.05881987156567326,384621.06588477525,0,False,False,True,"{""0"":null,""1"":null,""2"":null,""3"":null}",982.0,354978.0,0.0,251718.0,0.0,251718.0,0.0,213979.76945703916,0.0,0.0,0.0,0.0,263065.245884776,0.0,6.468312866707381,0.0,1024.0,0.0,0.0,0.0,22521.799999952756,0.0,625.7999999999508,0.0,12585.899999957097,0.0,0.0,0.0,0.0,0.0,0.0,0.0,2517.1799999999953,0.0,125859.0,0.0,68.0,0.0,128376.18000000001,0.0,0.0,0.0,263065.245884776
361,2020-12-27,2020,False,20.98633879781421,982,0,1068,213979.76945703916,0.0,26500,45,0.0,,,0.1593152870941305,0.13211926761652443,0.383706526009486,0.9589205702647657,0.03129119518854451,384621.06588477525,0,False,False,True,"{""0"":null,""1"":null,""2"":null,""3"":null}",982.0,355960.0,0.0,251718.0,0.0,251718.0,0.0,213979.76945703916,0.0,0.0,0.0,0.0,263065.245884776,0.0,6.468312866707381,0.0,1024.0,0.0,0.0,0.0,22521.799999952756,0.0,625.7999999999508,0.0,12585.899999957097,0.0,0.0,0.0,0.0,0.0,0.0,0.0,2517.1799999999953,0.0,125859.0,0.0,68.0,0.0,128376.18000000001,0.0,0.0,0.0,263065.245884776
362,2020-12-28,2020,True,20.989071038251367,982,982,1068,214815.32656666625,1355.9489706543216,27477,14,0.0,0.8748114827714567,0.12273982536502721,0.15931528709413054,0.13211926761652443,0.383706526009486,0.9580855397148677,0.0633715748036495,385476.1948554296,0,False,False,True,"{""0"":null,""1"":null,""2"":null,""3"":null}",982.0,356942.0,982.0,252700.0,982.0,252700.0,835.5571096270869,214815.32656666625,835.5571096270869,0.0,0.0,1355.948970654339,264421.19485543034,0.0,6.468312866707381,4.0,1028.0,0.0,0.0,88.19999999871652,22609.999999951473,6.749999999998977,632.5499999999498,49.0999999992855,12634.999999956382,0.0,0.0,0.0,0.0,0.0,0.0,9.820000000000164,2526.9999999999955,491.0,126350.0,0.0,68.0,500.820000000007,128877.00000000001,0.0,0.0,1355.948970654339,264421.19485543034
363,2020-12-29,2020,True,20.991803278688526,982,982,1068,215650.88367629334,1301.7760867174113,27518,36,0.0,0.8431490473572889,0.1492193668437007,0.15921261750602447,0.13216837439816614,0.383706526009486,0.9580957230142566,0.09378591847551832,386277.150942147,0,False,False,True,"{""0"":null,""1"":null,""2"":null,""3"":null}",982.0,357924.0,982.0,253682.0,982.0,253682.0,835.5571096270869,215650.88367629334,835.5571096270869,0.0,0.0,1301.7760867174366,265722.9709421478,0.0,6.468312866707381,4.0,1032.0,0.0,0.0,88.19999999871652,22698.19999995019,0.0,632.5499999999498,49.0999999992855,12684.099999955668,0.0,0.0,0.0,0.0,0.0,0.0,9.820000000000164,2536.8199999999956,491.0,126841.0,0.0,68.0,500.820000000007,129377.82000000002,0.0,0.0,1301.7760867174366,265722.9709421478
364,2020-12-30,2020,True,20.994535519125684,982,982,1068,216486.44078592042,1246.121468353905,27617,46,0.0,0.8227779469886011,0.16907661444682573,0.1592734954787899,0.1322142229840947,0.383706526009486,0.9578105906313646,0.12211839645585425,387022.4524105009,0,False,False,True,"{""0"":null,""1"":null,""2"":null,""3"":null}",982.0,358906.0,982.0,254664.0,982.0,254664.0,835.5571096270869,216486.44078592042,835.5571096270869,0.0,0.0,1246.1214683539001,266969.0924105017,0.0,6.468312866707381,4.0,1036.0,0.0,0.0,88.19999999871652,22786.399999948906,0.0,632.5499999999498,49.0999999992855,12733.199999954953,0.0,0.0,0.0,0.0,0.0,0.0,9.820000000000164,2546.639999999996,491.0,127332.0,0.0,68.0,500.820000000007,129878.64000000003,0.0,0.0,1246.1214683539001,266969.0924105017
365,2020-12-31,2020,True,20.997267759562842,982,982,1068,217321.9978955475,1168.392153666877,27756,45,0.0,0.8321112565467079,0.1510221745020745,0.15933272345286312,0.13247707900231295,0.383706526009486,0.9580957230142566,0.1483453557710583,387690.0245641678,0,False,False,True,"{""0"":null,""1"":null,""2"":null,""3"":null}",982.0,359888.0,982.0,255646.0,982.0,255646.0,835.5571096270869,217321.9978955475,835.5571096270869,0.0,0.0,1168.3921536668786,268137.48456416855,0.0,6.468312866707381,4.0,1040.0,0.0,0.0,88.19999999871652,22874.599999947623,2.0999999999996817,634.6499999999495,49.0999999992855,12782.299999954239,0.0,0.0,0.0,0.0,0.0,0.0,9.820000000000164,2556.459999999996,491.0,127823.0,0.0,68.0,500.820000000007,130379.46000000004,0.0,0.0,1168.3921536668786,268137.48456416855
366,2021-01-01,2021,False,21.0,985,0,1071,217321.9978955475,0.0,26900,45,0.0,,,0.15913283324506866,0.13033420334689183,0.38377235573480883,0.9584873096446701,0.07362049639748108,387687.0245641678,0,False,False,True,"{""0"":null,""1"":null,""2"":null,""3"":null}",985.0,360873.0,0.0,255646.0,0.0,255646.0,0.0,217321.9978955475,0.0,0.0,0.0,0.0,268137.48456416855,0.0,6.468312866707381,0.0,1040.0,0.0,0.0,0.0,22874.599999947623,0.0,634.6499999999495,0.0,12782.299999954239,0.0,0.0,0.0,0.0,0.0,0.0,0.0,2556.459999999996,0.0,127823.0,3.0,71.0,0.0,130379.46000000004,0.0,0.0,0.0,268137.48456416855
367,2021-01-02,2021,False,21.002739726027396,986,0,1072,217321.9978955475,0.0,26900,45,0.0,,,0.15908549619494664,0.12961048914211487,0.38378295392955547,0.9582251521298174,0.03262445561726094,387686.0245641678,0,False,False,True,"{""0"":null,""1"":null,""2"":null,""3"":null}",986.0,361859.0,0.0,255646.0,0.0,255646.0,0.0,217321.9978955475,0.0,0.0,0.0,0.0,268137.48456416855,0.0,6.468312866707381,0.0,1040.0,0.0,0.0,0.0,22874.599999947623,0.0,634.6499999999495,0.0,12782.299999954239,0.0,0.0,0.0,0.0,0.0,0.0,0.0,2556.459999999996,0.0,127823.0,1.0,72.0,0.0,130379.46000000004,0.0,0.0,0.0,268137.48456416855
368,2021-01-03,2021,False,21.005479452054793,987,0,1073,217321.9978955475,0.0,26900,45,0.0,,,0.15875256646469418,0.1286515035378277,0.38358605403987794,0.9579635258358663,0.014905216059068421,387685.0245641678,0,False,False,True,"{""0"":null,""1"":null,""2"":null,""3"":null}",987.0,362846.0,0.0,255646.0,0.0,255646.0,0.0,217321.9978955475,0.0,0.0,0.0,0.0,268137.48456416855,0.0,6.468312866707381,0.0,1040.0,0.0,0.0,0.0,22874.599999947623,0.0,634.6499999999495,0.0,12782.299999954239,0.0,0.0,0.0,0.0,0.0,0.0,0.0,2556.459999999996,0.0,127823.0,1.0,73.0,0.0,130379.46000000004,0.0,0.0,0.0,268137.48456416855
369,2021-01-04,2021,True,21.008219178082193,990,990,1077,218164.34990045946,1411.8260260538552,27884,15,0.0,0.8606490740289091,0.1163060269204154,0.15869647429017894,0.12570814084265133,0.38377891477093695,0.9560151515151516,0.047617416434217325,388587.9505902216,0,False,False,True,"{""0"":null,""1"":null,""2"":null,""3"":null}",990.0,363836.0,990.0,256636.0,990.0,256636.0,842.3520049119543,218164.34990045946,842.3520049119543,0.0,0.0,1411.8260260538664,269549.3105902224,0.0,6.468312866707381,4.0,1044.0,0.0,0.0,88.99999999870488,22963.599999946327,6.749999999998977,641.3999999999485,49.49999999927968,12831.799999953519,0.0,0.0,0.0,0.0,0.0,0.0,9.900000000000091,2566.359999999996,495.0,128318.0,4.0,77.0,504.8999999999942,130884.36000000003,0.0,0.0,1411.8260260538664,269549.3105902224
370,2021-01-05,2021,True,21.01095890410959,993,993,1081,219009.3042829782,1374.5037376203552,27935,31,0.0,0.8428695918949252,0.14150931764638758,0.15815133812223073,0.12267689850115122,0.38352981708690953,0.9553071500503525,0.07872553883043806,389452.024327842,0,False,False,True,"{""0"":null,""1"":null,""2"":null,""3"":null}",993.0,364829.0,993.0,257629.0,993.0,257629.0,844.9543825187429,219009.3042829782,844.9543825187429,0.0,0.0,1374.503737620369,270923.8143278428,0.0,6.468312866707381,4.0,1048.0,0.0,0.0,89.19999999870197,23052.79999994503,0.0,641.3999999999485,49.6499999992775,12881.449999952796,0.0,0.0,0.0,0.0,0.0,0.0,9.929999999999836,2576.289999999996,496.5,128814.5,4.0,81.0,506.43000000000757,131390.79000000004,0.0,0.0,1374.503737620369,270923.8143278428
371,2021-01-06,2021,True,21.013698630136986,994,994,1082,219855.09176147066,1289.6488450961594,28034,48,0.48221482218711725,0.8158970109309668,0.1541054439487019,0.1582362189176827,0.1220019979396526,0.38346499278397894,0.9547635814889336,0.10787048678919614,390233.73317293817,0,False,False,True,"{""0"":null,""1"":null,""2"":null,""3"":null}",994.0,365823.0,994.0,258623.0,994.0,258623.0,845.7874784924497,219855.09176147066,845.7874784924497,0.0,0.0,1289.648845096177,272213.46317293897,0.4822148221871174,6.950527688894498,4.0,1052.0,0.0,0.0,89.29999999870051,23142.09999994373,0.0,641.3999999999485,49.69999999927677,12931.149999952073,0.0,0.0,0.0,0.0,0.0,0.0,9.940000000000055,2586.229999999996,497.0,129311.5,1.0,82.0,506.9400000000023,131897.73000000004,0.0,0.0,1289.648845096177,272213.46317293897
372,2021-01-07,2021,True,21.016438356164382,995,995,1083,220701.7392728278,1271.4550487978108,28144,52,0.5156194004110396,0.8402451138659128,0.15104089243872,0.15837915877972464,0.12154494502478222,0.38371308504561413,0.9542110552763818,0.13492279821253583,390996.738221736,0,False,False,True,"{""0"":null,""1"":null,""2"":null,""3"":null}",995.0,366818.0,995.0,259618.0,995.0,259618.0,846.6475113571505,220701.7392728278,846.6475113571505,0.0,0.0,1271.4550487978267,273484.9182217368,0.5156194004110395,7.4661470893055375,4.0,1056.0,0.0,0.0,89.39999999869906,23231.49999994243,2.249999999999659,643.6499999999481,49.74999999927604,12980.899999951349,0.0,0.0,0.0,0.0,0.0,0.0,9.949999999999818,2596.1799999999957,497.5,129809.0,1.0,83.0,507.45000000001164,132405.18000000005,0.0,0.0,1271.4550487978267,273484.9182217368
373,2021-01-08,2021,True,21.019178082191782,997,997,1085,221550.08054663296,1191.1775845734032,28243,55,0.0,0.8406946760333488,0.1461654559968016,0.15825453360058747,0.1203089501613073,0.3837635404609946,0.9535155466399198,0.15986431206636462,391677.4458063094,0,False,False,True,"{""0"":null,""1"":null,""2"":null,""3"":null}",997.0,367815.0,997.0,260615.0,997.0,260615.0,848.3412738051557,221550.08054663296,848.3412738051557,0.0,0.0,1191.1775845733937,274676.0958063102,0.0,7.4661470893055375,4.0,1060.0,0.0,0.0,89.59999999869615,23321.099999941125,2.399999999999636,646.0499999999478,49.84999999927459,13030.749999950624,0.0,0.0,0.0,0.0,0.0,0.0,9.9699999999998,2606.1499999999955,498.5,130307.5,2.0,85.0,508.47000000000116,132913.65000000005,0.0,0.0,1191.1775845733937,274676.0958063102
374,2021-01-09,2021,False,21.02191780821918,999,0,1088,221550.08054663296,0.0,27404,55,0.0,,,0.15787815501422137,0.1176422055757664,0.38339815763626395,0.9538938938938938,0.08240369903934361,391674.4458063094,0,False,False,True,"{""0"":null,""1"":null,""2"":null,""3"":null}",999.0,368814.0,0.0,260615.0,0.0,260615.0,0.0,221550.08054663296,0.0,0.0,0.0,0.0,274676.0958063102,0.0,7.4661470893055375,0.0,1060.0,0.0,0.0,0.0,23321.099999941125,0.0,646.0499999999478,0.0,13030.749999950624,0.0,0.0,0.0,0.0,0.0,0.0,0.0,2606.1499999999955,0.0,130307.5,3.0,88.0,0.0,132913.65000000005,0.0,0.0,0.0,274676.0958063102
375,2021-01-10,2021,False,21.024657534246575,999,0,1089,221550.08054663296,0.0,27404,55,0.0,,,0.15801711689400766,0.11702399083044253,0.38339815763626395,0.9535935935935935,0.03284332143611858,391673.4458063094,0,False,False,True,"{""0"":null,""1"":null,""2"":null,""3"":null}",999.0,369813.0,0.0,260615.0,0.0,260615.0,0.0,221550.08054663296,0.0,0.0,0.0,0.0,274676.0958063102,0.0,7.4661470893055375,0.0,1060.0,0.0,0.0,0.0,23321.099999941125,0.0,646.0499999999478,0.0,13030.749999950624,0.0,0.0,0.0,0.0,0.0,0.0,0.0,2606.1499999999955,0.0,130307.5,1.0,89.0,0.0,132913.65000000005,0.0,0.0,0.0,274676.0958063102
376,2021-01-11,2021,True,21.027397260273972,1000,1000,1090,222400.73351516863,1401.176794094641,28416,15,0.0,0.8621263907964463,0.11963030334326295,0.1581329017478473,0.11652621452742884,0.3836462498978991,0.9527100000000001,0.06436053351725596,392563.622600404,0,False,False,True,"{""0"":null,""1"":null,""2"":null,""3"":null}",1000.0,370813.0,1000.0,261615.0,1000.0,261615.0,850.6529685356654,222400.73351516863,850.6529685356654,0.0,0.0,1401.1767940946156,276077.2726004048,0.0,7.4661470893055375,4.0,1064.0,0.0,0.0,89.79999999869324,23410.89999993982,8.24999999999875,654.2999999999465,49.999999999272404,13080.749999949896,0.0,0.0,0.0,0.0,0.0,0.0,10.0,2616.1499999999955,500.0,130807.5,1.0,90.0,510.0,133423.65000000005,0.0,0.0,1401.1767940946156,276077.2726004048
377,2021-01-12,2021,True,21.03013698630137,1001,1001,1092,223252.18237691373,1349.153391462756,28449,32,0.47708594913894803,0.8433136697156929,0.15194771626817113,0.15797151927858208,0.11523269269769171,0.38368932228941843,0.9528021978021978,0.09406130536491862,393400.26599186676,0,False,False,True,"{""0"":null,""1"":null,""2"":null,""3"":null}",1001.0,371814.0,1001.0,262616.0,1001.0,262616.0,851.4488617450988,223252.18237691373,851.4488617450988,0.0,0.0,1349.1533914627507,277426.42599186755,0.47708594913894764,7.943233038444485,4.0,1068.0,0.0,0.0,89.99999999869033,23500.89999993851,0.0,654.2999999999465,50.04999999927168,13130.799999949168,0.0,0.0,0.0,0.0,0.0,0.0,10.010000000000218,2626.1599999999958,500.5,131308.0,2.0,92.0,510.5100000000093,133934.16000000006,0.0,0.0,1349.1533914627507,277426.42599186755
378,2021-01-13,2021,True,21.03287671232877,1002,1002,1093,224104.60268392408,1276.5670202634738,28551,44,0.0,0.8322677800355601,0.14552201834584738,0.1577242370720719,0.11447840014274939,0.3834955972292093,0.9524650698602795,0.12181426349628299,394164.8130121302,0,False,False,True,"{""0"":null,""1"":null,""2"":null,""3"":null}",1002.0,372816.0,1002.0,263618.0,1002.0,263618.0,852.420307010354,224104.60268392408,852.420307010354,0.0,0.0,1276.5670202634647,278702.993012131,0.0,7.943233038444485,4.0,1072.0,0.0,0.0,90.09999999868887,23590.999999937198,0.0,654.2999999999465,50.09999999927095,13180.899999948439,0.0,0.0,0.0,0.0,0.0,0.0,10.019999999999982,2636.1799999999957,501.0,131809.0,1.0,93.0,511.0199999999895,134445.18000000005,0.0,0.0,1276.5670202634647,278702.993012131
379,2021-01-14,2021,True,21.035616438356165,1002,1002,1095,224957.15466670028,1199.0626724223878,28666,42,0.0,0.800295215844415,0.17609872668078969,0.15778753471118978,0.11312345786402099,0.38369771073567177,0.95187624750499,0.14758755450439276,394850.8556845526,0,False,False,True,"{""0"":null,""1"":null,""2"":null,""3"":null}",1002.0,373818.0,1002.0,264620.0,1002.0,264620.0,852.5519827762037,224957.15466670028,852.5519827762037,0.0,0.0,1199.062672422384,279902.0556845534,0.0,7.943233038444485,4.0,1076.0,0.0,0.0,89.99999999869033,23680.999999935888,2.249999999999659,656.5499999999462,50.09999999927095,13230.99999994771,0.0,0.0,0.0,0.0,0.0,0.0,10.019999999999982,2646.1999999999957,501.0,132310.0,2.0,95.0,511.0199999999895,134956.20000000004,0.0,0.0,1199.062672422384,279902.0556845534
380,2021-01-15,2021,True,21.03835616438356,1003,1003,1096,225810.4924634401,1131.0484572442738,28767,41,0.0,0.8125431033435941,0.16910943156806094,0.15772591974519543,0.1124042800135773,0.38363188101034895,0.9514406779661017,0.17126771167977056,395469.37414179684,0,False,False,True,"{""0"":null,""1"":null,""2"":null,""3"":null}",1003.0,374821.0,1003.0,265623.0,1003.0,265623.0,853.3377967398264,225810.4924634401,853.3377967398264,0.0,0.0,1131.0484572442947,281033.1041417977,0.0,7.943233038444485,4.0,1080.0,0.0,0.0,90.09999999868887,23771.099999934577,2.5499999999996135,659.0999999999458,50.14999999927022,13281.14999994698,0.0,0.0,0.0,0.0,0.0,0.0,10.0300000000002,2656.229999999996,501.5,132811.5,1.0,96.0,511.52999999999884,135467.73000000004,0.0,0.0,1131.0484572442947,281033.1041417977
381,2021-01-16,2021,False,21.041095890410958,1004,0,1097,225810.4924634401,0.0,27912,41,0.0,,,0.15754069724745143,0.11174962789800306,0.3834412300277833,0.9521513944223108,0.09468619348366861,395468.37414179684,0,False,False,True,"{""0"":null,""1"":null,""2"":null,""3"":null}",1004.0,375825.0,0.0,265623.0,0.0,265623.0,0.0,225810.4924634401,0.0,0.0,0.0,0.0,281033.1041417977,0.0,7.943233038444485,0.0,1080.0,0.0,0.0,0.0,23771.099999934577,0.0,659.0999999999458,0.0,13281.14999994698,0.0,0.0,0.0,0.0,0.0,0.0,0.0,2656.229999999996,0.0,132811.5,1.0,97.0,0.0,135467.73000000004,0.0,0.0,0.0,281033.1041417977
382,2021-01-17,2021,False,21.043835616438358,1005,0,1098,225810.4924634401,0.0,27912,41,0.0,,,0.1576394464245416,0.11125585730271742,0.38368932228941843,0.9519004975124378,0.04508456488028973,395467.37414179684,0,False,False,True,"{""0"":null,""1"":null,""2"":null,""3"":null}",1005.0,376830.0,0.0,265623.0,0.0,265623.0,0.0,225810.4924634401,0.0,0.0,0.0,0.0,281033.1041417977,0.0,7.943233038444485,0.0,1080.0,0.0,0.0,0.0,23771.099999934577,0.0,659.0999999999458,0.0,13281.14999994698,0.0,0.0,0.0,0.0,0.0,0.0,0.0,2656.229999999996,0.0,132811.5,1.0,98.0,0.0,135467.73000000004,0.0,0.0,0.0,281033.1041417977
383,2021-01-18,2021,True,21.046575342465754,1005,1005,1098,226665.2641932244,1383.4614801231928,28898,24,0.0,0.8516714205904985,0.12618226663339446,0.15763944642454164,0.11125585730271742,0.38368932228941843,0.9509651741293532,0.07567718354849055,396338.28562192,0,False,False,True,"{""0"":null,""1"":null,""2"":null,""3"":null}",1005.0,377835.0,1005.0,266628.0,1005.0,266628.0,854.7717297842901,226665.2641932244,854.7717297842901,0.0,0.0,1383.4614801231655,282416.56562192086,0.0,7.943233038444485,4.0,1084.0,0.0,0.0,90.29999999868596,23861.399999933263,6.149999999999068,665.2499999999449,50.249999999268766,13331.399999946248,0.0,0.0,0.0,0.0,0.0,0.0,10.050000000000182,2666.279999999996,502.5,133314.0,0.0,98.0,512.5499999999884,135980.28000000003,0.0,0.0,1383.4614801231655,282416.56562192086
384,2021-01-19,2021,True,21.04931506849315,1005,1005,1098,227520.0359230087,1345.4624277767832,28962,41,0.0,0.8269679038614149,0.15101923810459858,0.1577340392780654,0.11136807440513162,0.38368932228941843,0.9514477611940299,0.10445712479252521,397171.1980496968,0,False,False,True,"{""0"":null,""1"":null,""2"":null,""3"":null}",1005.0,378840.0,1005.0,267633.0,1005.0,267633.0,854.7717297842901,227520.0359230087,854.7717297842901,0.0,0.0,1345.4624277767725,283762.02804969763,0.0,7.943233038444485,4.0,1088.0,0.0,0.0,90.29999999868596,23951.69999993195,0.0,665.2499999999449,50.249999999268766,13381.649999945517,0.0,0.0,0.0,0.0,0.0,0.0,10.050000000000182,2676.3299999999963,502.5,133816.5,0.0,98.0,512.5499999999884,136492.83000000002,0.0,0.0,1345.4624277767725,283762.02804969763
385,2021-01-20,2021,True,21.052054794520547,1006,1006,1100,228375.75623026674,1263.2668396117663,29075,57,0.0,0.8250315588041535,0.14286900963936555,0.15741886166246905,0.11011746283636478,0.3835708786336444,0.9511928429423459,0.1312346800220409,397919.40488930856,0,False,False,True,"{""0"":null,""1"":null,""2"":null,""3"":null}",1006.0,379846.0,1006.0,268639.0,1006.0,268639.0,855.7203072580451,228375.75623026674,855.7203072580451,0.0,0.0,1263.2668396117515,285025.2948893094,0.0,7.943233038444485,4.0,1092.0,0.0,0.0,90.29999999868596,24041.999999930635,0.0,665.2499999999449,50.29999999926804,13431.949999944785,0.0,0.0,0.0,0.0,0.0,0.0,10.059999999999945,2686.3899999999962,503.0,134319.5,2.0,100.0,513.0599999999977,137005.89,0.0,0.0,1263.2668396117515,285025.2948893094
386,2021-01-21,2021,True,21.054794520547944,1006,1006,1100,229231.47653752478,1201.4927729049314,29192,44,0.0,0.8212679675000785,0.17467705977572126,0.15735234356322378,0.11027803516032578,0.3835708786336444,0.951317097415507,0.15609078718682823,398607.8376622135,0,False,False,True,"{""0"":null,""1"":null,""2"":null,""3"":null}",1006.0,380852.0,1006.0,269645.0,1006.0,269645.0,855.7203072580451,229231.47653752478,855.7203072580451,0.0,0.0,1201.4927729049232,286226.7876622143,0.0,7.943233038444485,4.0,1096.0,0.0,0.0,90.29999999868596,24132.29999992932,3.5999999999994543,668.8499999999443,50.29999999926804,13482.249999944053,0.0,0.0,0.0,0.0,0.0,0.0,10.059999999999945,2696.449999999996,503.0,134822.5,0.0,100.0,513.0599999999977,137518.95,0.0,0.0,1201.4927729049232,286226.7876622143
387,2021-01-22,2021,True,21.057534246575344,1009,1009,1103,230089.5712689612,1134.2457578068631,29279,44,0.13724365767758556,0.8106271996413323,0.17788773563558877,0.15753155771852334,0.1084713100294916,0.38376055438231893,0.9502775024777007,0.17879518594483731,399224.4934200203,0,False,False,True,"{""0"":null,""1"":null,""2"":null,""3"":null}",1009.0,381861.0,1009.0,270654.0,1009.0,270654.0,858.0947314364312,230089.5712689612,858.0947314364312,0.0,0.0,1134.2457578068716,287361.0334200212,0.13724365767758595,8.080476696122071,4.0,1100.0,0.0,0.0,90.5999999986816,24222.899999928002,2.5499999999996135,671.3999999999439,50.449999999265856,13532.69999994332,0.0,0.0,0.0,0.0,0.0,0.0,10.090000000000146,2706.5399999999963,504.5,135327.0,3.0,103.0,514.5899999999965,138033.54,0.0,0.0,1134.2457578068716,287361.0334200212
388,2021-01-23,2021,False,21.06027397260274,1010,0,1104,230089.5712689612,0.0,28425,44,0.0,,,0.1575270215679199,0.10778599961625193,0.38369573007938834,0.951049504950495,0.10260069591649444,399223.4934200203,0,False,False,True,"{""0"":null,""1"":null,""2"":null,""3"":null}",1010.0,382871.0,0.0,270654.0,0.0,270654.0,0.0,230089.5712689612,0.0,0.0,0.0,0.0,287361.0334200212,0.0,8.080476696122071,0.0,1100.0,0.0,0.0,0.0,24222.899999928002,0.0,671.3999999999439,0.0,13532.69999994332,0.0,0.0,0.0,0.0,0.0,0.0,0.0,2706.5399999999963,0.0,135327.0,1.0,104.0,0.0,138033.54,0.0,0.0,0.0,287361.0334200212
389,2021-01-24,2021,False,21.063013698630137,1011,0,1105,230089.5712689612,0.0,28425,44,0.0,,,0.1576372042362421,0.10730040631379134,0.38393991055497795,0.9508011869436201,0.05320890154556749,399222.4934200203,0,False,False,True,"{""0"":null,""1"":null,""2"":null,""3"":null}",1011.0,383882.0,0.0,270654.0,0.0,270654.0,0.0,230089.5712689612,0.0,0.0,0.0,0.0,287361.0334200212,0.0,8.080476696122071,0.0,1100.0,0.0,0.0,0.0,24222.899999928002,0.0,671.3999999999439,0.0,13532.69999994332,0.0,0.0,0.0,0.0,0.0,0.0,0.0,2706.5399999999963,0.0,135327.0,1.0,105.0,0.0,138033.54,0.0,0.0,0.0,287361.0334200212
390,2021-01-25,2021,True,21.065753424657533,1012,1012,1106,230949.91259045363,1376.466928115188,29416,11,0.004637785635487781,0.8479509178418496,0.13474221167269623,0.1573734992712029,0.10639189462527114,0.38374925957241224,0.9493774703557312,0.08318513818375829,400081.8403481355,0,False,False,True,"{""0"":null,""1"":null,""2"":null,""3"":null}",1012.0,384894.0,1012.0,271666.0,1012.0,271666.0,860.3413214924221,230949.91259045363,860.3413214924221,0.0,0.0,1376.4669281151728,288737.50034813635,0.004637785635488001,8.085114481757559,4.0,1104.0,0.0,0.0,90.89999999867723,24313.79999992668,6.5999999999989996,677.9999999999429,50.59999999926367,13583.299999942583,0.0,0.0,0.0,0.0,0.0,0.0,10.11999999999989,2716.659999999996,506.0,135833.0,1.0,106.0,516.1199999999953,138549.66,0.0,0.0,1376.4669281151728,288737.50034813635
391,2021-01-26,2021,True,21.068493150684933,1014,1014,1108,231812.05049435815,1310.9159718833014,29468,40,0.0,0.8403116357325098,0.13968800368268136,0.15729131596966106,0.10510587450771583,0.3837700362499323,0.9488067061143984,0.11124490128894449,400873.6163200188,0,False,False,True,"{""0"":null,""1"":null,""2"":null,""3"":null}",1014.0,385908.0,1014.0,272680.0,1014.0,272680.0,862.1379039045132,231812.05049435815,862.1379039045132,0.0,0.0,1310.9159718832816,290048.41632001963,0.0,8.085114481757559,4.0,1108.0,0.0,0.0,90.99999999867578,24404.799999925355,0.0,677.9999999999429,50.69999999926222,13633.999999941845,0.0,0.0,0.0,0.0,0.0,0.0,10.139999999999873,2726.799999999996,507.0,136340.0,2.0,108.0,517.140000000014,139066.80000000002,0.0,0.0,1310.9159718832816,290048.41632001963
392,2021-01-27,2021,True,21.07123287671233,1014,1014,1108,232674.18839826266,1237.3043328738047,29595,52,0.0,0.829534825126372,0.16527483148331185,0.15733971344453665,0.1053373730686209,0.3837700362499323,0.9490976331360946,0.1372462276199731,401593.78065289254,0,False,False,True,"{""0"":null,""1"":null,""2"":null,""3"":null}",1014.0,386922.0,1014.0,273694.0,1014.0,273694.0,862.1379039045132,232674.18839826266,862.1379039045132,0.0,0.0,1237.304332873784,291285.7206528934,0.0,8.085114481757559,4.0,1112.0,0.0,0.0,90.99999999867578,24495.79999992403,0.0,677.9999999999429,50.69999999926222,13684.699999941107,0.0,0.0,0.0,0.0,0.0,0.0,10.139999999999873,2736.939999999996,507.0,136847.0,0.0,108.0,517.140000000014,139583.94000000003,0.0,0.0,1237.304332873784,291285.7206528934
393,2021-01-28,2021,True,21.073972602739726,1015,1015,1109,233537.1157320767,1178.6055952206348,29693,70,0.0,0.8464414116570994,0.13185985878954504,0.15729678753394477,0.10463609431075084,0.3837061871808929,0.9487339901477833,0.16138142045042192,402253.73624811316,0,False,False,True,"{""0"":null,""1"":null,""2"":null,""3"":null}",1015.0,387937.0,1015.0,274709.0,1015.0,274709.0,862.9273338140338,233537.1157320767,862.9273338140338,0.0,0.0,1178.605595220637,292464.32624811406,0.0,8.085114481757559,4.0,1116.0,0.0,0.0,91.09999999867432,24586.899999922705,1.6499999999997499,679.6499999999427,50.74999999926149,13735.449999940369,0.0,0.0,0.0,0.0,0.0,0.0,10.150000000000091,2747.089999999996,507.5,137354.5,1.0,109.0,517.6499999999942,140101.59000000003,0.0,0.0,1178.605595220637,292464.32624811406
394,2021-01-29,2021,True,21.076712328767123,1016,1016,1110,234400.932261917,1113.0469353605076,29819,61,0.0,0.817066857339055,0.16729809667716436,0.157042420744318,0.10390022568380625,0.38351553619832723,0.9483661417322834,0.18359713649967693,402847.6231834737,0,False,False,True,"{""0"":null,""1"":null,""2"":null,""3"":null}",1016.0,388953.0,1016.0,275725.0,1016.0,275725.0,863.8165298403183,234400.932261917,863.8165298403183,0.0,0.0,1113.0469353605295,293577.3731834746,0.0,8.085114481757559,4.0,1120.0,0.0,0.0,91.19999999867287,24678.09999992138,4.349999999999341,683.999999999942,50.79999999926076,13786.24999993963,0.0,0.0,0.0,0.0,0.0,0.0,10.159999999999854,2757.249999999996,508.0,137862.5,1.0,110.0,518.1600000000035,140619.75000000003,0.0,0.0,1113.0469353605295,293577.3731834746
395,2021-01-30,2021,False,21.07945205479452,1019,0,1113,234400.932261917,0.0,28944,61,0.0,,,0.1567565307989852,0.10190347235656196,0.3835785729691854,0.9488616290480864,0.10763344872579853,402844.6231834737,0,False,False,True,"{""0"":null,""1"":null,""2"":null,""3"":null}",1019.0,389972.0,0.0,275725.0,0.0,275725.0,0.0,234400.932261917,0.0,0.0,0.0,0.0,293577.3731834746,0.0,8.085114481757559,0.0,1120.0,0.0,0.0,0.0,24678.09999992138,0.0,683.999999999942,0.0,13786.24999993963,0.0,0.0,0.0,0.0,0.0,0.0,0.0,2757.249999999996,0.0,137862.5,3.0,113.0,0.0,140619.75000000003,0.0,0.0,0.0,293577.3731834746
396,2021-01-31,2021,False,21.08219178082192,1019,0,1113,234400.932261917,0.0,28944,61,0.0,,,0.1567565307989852,0.10190347235656198,0.3835785729691854,0.9488616290480864,0.05844402751853407,402844.6231834737,0,False,False,True,"{""0"":null,""1"":null,""2"":null,""3"":null}",1019.0,390991.0,0.0,275725.0,0.0,275725.0,0.0,234400.932261917,0.0,0.0,0.0,0.0,293577.3731834746,0.0,8.085114481757559,0.0,1120.0,0.0,0.0,0.0,24678.09999992138,0.0,683.999999999942,0.0,13786.24999993963,0.0,0.0,0.0,0.0,0.0,0.0,0.0,2757.249999999996,0.0,137862.5,0.0,113.0,0.0,140619.75000000003,0.0,0.0,0.0,293577.3731834746
397,2021-02-01,2021,True,21.084931506849315,1022,1022,1117,235269.91543075355,1368.817109437414,29951,19,0.14284051752225418,0.8327057233988557,0.155404025995833,0.1565625274114669,0.09959261628054869,0.3833860505281761,0.94676614481409,0.0881220105997858,403688.22029291117,0,False,False,True,"{""0"":null,""1"":null,""2"":null,""3"":null}",1022.0,392013.0,1022.0,276747.0,1022.0,276747.0,868.9831688365375,235269.91543075355,868.9831688365375,0.0,0.0,1368.8171094374266,294946.190292912,0.14284051752225402,8.227954999279813,4.0,1124.0,0.0,0.0,91.79999999866413,24769.899999920042,9.149999999998613,693.1499999999406,51.0999999992564,13837.349999938886,0.0,0.0,0.0,0.0,0.0,0.0,10.2199999999998,2767.4699999999957,511.0,138373.5,4.0,117.0,521.2200000000012,141140.97000000003,0.0,0.0,1368.8171094374266,294946.190292912
398,2021-02-02,2021,True,21.087671232876712,1022,1022,1118,236138.71844325098,1271.9486048981069,30029,32,0.0,0.8513000645994833,0.13986422523096748,0.15642406094437789,0.0988956325775275,0.3833860505281761,0.9473874755381605,0.11538954837034801,404437.9488978093,0,False,False,True,"{""0"":null,""1"":null,""2"":null,""3"":null}",1022.0,393035.0,1022.0,277769.0,1022.0,277769.0,868.8030124974321,236138.71844325098,868.8030124974321,0.0,0.0,1271.9486048981198,296218.13889781013,0.0,8.227954999279813,4.0,1128.0,0.0,0.0,91.79999999866413,24861.699999918706,0.0,693.1499999999406,51.0999999992564,13888.449999938142,0.0,0.0,0.0,0.0,0.0,0.0,10.2199999999998,2777.6899999999955,511.0,138884.5,1.0,118.0,521.2200000000012,141662.19000000003,0.0,0.0,1271.9486048981198,296218.13889781013
399,2021-02-03,2021,True,21.09041095890411,1022,1022,1118,237007.5214557484,1217.8185706074764,30107,51,0.10893940859790259,0.8463159549187892,0.13303222321599914,0.15651728137980508,0.09907237353055968,0.3833860505281761,0.9473238747553816,0.14096810792504003,405134.5474684168,0,False,False,True,"{""0"":null,""1"":null,""2"":null,""3"":null}",1022.0,394057.0,1022.0,278791.0,1022.0,278791.0,868.8030124974321,237007.5214557484,868.8030124974321,0.0,0.0,1217.8185706074582,297435.9574684176,0.10893940859790341,8.336894407877717,4.0,1132.0,0.0,0.0,91.79999999866413,24953.49999991737,0.0,693.1499999999406,51.0999999992564,13939.549999937399,0.0,0.0,0.0,0.0,0.0,0.0,10.2199999999998,2787.9099999999953,511.0,139395.5,0.0,118.0,521.2200000000012,142183.41000000003,0.0,0.0,1217.8185706074582,297435.9574684176
400,2021-02-04,2021,True,21.09315068493151,1022,1022,1118,237876.32446824585,1185.9689937959452,30235,55,0.0,0.8170800024224807,0.16548115936069305,0.1564629971348755,0.09926495442677483,0.3833860505281761,0.947353228962818,0.1646501425435777,405799.29646221275,0,False,False,True,"{""0"":null,""1"":null,""2"":null,""3"":null}",1022.0,395079.0,1022.0,279813.0,1022.0,279813.0,868.8030124974321,237876.32446824585,868.8030124974321,0.0,0.0,1185.9689937959192,298621.9264622135,0.0,8.336894407877717,4.0,1136.0,0.0,0.0,91.79999999866413,25045.299999916035,2.849999999999568,695.9999999999402,51.0999999992564,13990.649999936655,0.0,0.0,0.0,0.0,0.0,0.0,10.2199999999998,2798.129999999995,511.0,139906.5,0.0,118.0,521.2200000000012,142704.63000000003,0.0,0.0,1185.9689937959192,298621.9264622135
401,2021-02-05,2021,True,21.095890410958905,1023,1023,1119,238745.90471758836,1119.21358681946,30321,62,0.3847127794439634,0.8152274802776772,0.15727134381048544,0.15659627344842073,0.09897994962807193,0.383626440658971,0.9468670576735093,0.18644496341743394,406395.78004903224,0,False,False,True,"{""0"":null,""1"":null,""2"":null,""3"":null}",1023.0,396102.0,1023.0,280836.0,1023.0,280836.0,869.5802493425144,238745.90471758836,869.5802493425144,0.0,0.0,1119.2135868194746,299741.140049033,0.384712779443964,8.72160718732168,4.0,1140.0,0.0,0.0,91.89999999866268,25137.199999914697,1.9499999999997044,697.9499999999399,51.14999999925567,14041.79999993591,0.0,0.0,0.0,0.0,0.0,0.0,10.230000000000018,2808.359999999995,511.5,140418.0,1.0,119.0,521.7300000000105,143226.36000000004,0.0,0.0,1119.2135868194746,299741.140049033
402,2021-02-06,2021,False,21.0986301369863,1025,0,1121,238745.90471758836,0.0,29464,62,0.0,,,0.15674000869100435,0.09807180546645117,0.3841110112653555,0.9475560975609756,0.11086635398913428,406393.78004903224,0,False,False,True,"{""0"":null,""1"":null,""2"":null,""3"":null}",1025.0,397127.0,0.0,280836.0,0.0,280836.0,0.0,238745.90471758836,0.0,0.0,0.0,0.0,299741.140049033,0.0,8.72160718732168,0.0,1140.0,0.0,0.0,0.0,25137.199999914697,0.0,697.9499999999399,0.0,14041.79999993591,0.0,0.0,0.0,0.0,0.0,0.0,0.0,2808.359999999995,0.0,140418.0,2.0,121.0,0.0,143226.36000000004,0.0,0.0,0.0,299741.140049033
403,2021-02-07,2021,False,21.101369863013698,1025,0,1121,238745.90471758836,0.0,29464,62,0.0,,,0.15674000869100435,0.09807180546645115,0.3841110112653555,0.9475560975609756,0.061860274329232405,406393.78004903224,0,False,False,True,"{""0"":null,""1"":null,""2"":null,""3"":null}",1025.0,398152.0,0.0,280836.0,0.0,280836.0,0.0,238745.90471758836,0.0,0.0,0.0,0.0,299741.140049033,0.0,8.72160718732168,0.0,1140.0,0.0,0.0,0.0,25137.199999914697,0.0,697.9499999999399,0.0,14041.79999993591,0.0,0.0,0.0,0.0,0.0,0.0,0.0,2808.359999999995,0.0,140418.0,0.0,121.0,0.0,143226.36000000004,0.0,0.0,0.0,299741.140049033
404,2021-02-08,2021,True,21.104109589041094,1029,1029,1126,239620.20795189665,1370.3695692343817,30504,8,0.17938265819467716,0.8474417502047421,0.12793479192328922,0.15586323927907067,0.09404235616720451,0.3837531924150082,0.9455636540330418,0.09097235032639717,407234.35961826664,0,False,False,True,"{""0"":null,""1"":null,""2"":null,""3"":null}",1029.0,399181.0,1029.0,281865.0,1029.0,281865.0,874.3032343082887,239620.20795189665,874.3032343082887,0.0,0.0,1370.3695692343754,301111.50961826736,0.1793826581946778,8.900989845516358,4.0,1144.0,0.0,0.0,92.49999999865395,25229.69999991335,9.29999999999859,707.2499999999385,51.449999999251304,14093.249999935162,0.0,0.0,0.0,0.0,0.0,0.0,10.289999999999964,2818.649999999995,514.5,140932.5,5.0,126.0,524.7900000000081,143751.15000000005,0.0,0.0,1370.3695692343754,301111.50961826736
405,2021-02-09,2021,True,21.106849315068494,1029,1029,1126,240494.51118620494,1331.104004685105,30541,24,0.0,0.8122584503992628,0.18174155649722135,0.15594965298627939,0.09415068891645176,0.3837531924150082,0.9462633624878524,0.1180796298055995,408040.6736229518,0,False,False,True,"{""0"":null,""1"":null,""2"":null,""3"":null}",1029.0,400210.0,1029.0,282894.0,1029.0,282894.0,874.3032343082887,240494.51118620494,874.3032343082887,0.0,0.0,1331.1040046851267,302442.6136229525,0.0,8.900989845516358,4.0,1148.0,0.0,0.0,92.49999999865395,25322.199999912005,0.0,707.2499999999385,51.449999999251304,14144.699999934413,0.0,0.0,0.0,0.0,0.0,0.0,10.289999999999964,2828.939999999995,514.5,141447.0,0.0,126.0,524.7900000000081,144275.94000000006,0.0,0.0,1331.1040046851267,302442.6136229525
406,2021-02-10,2021,True,21.10958904109589,1029,1029,1127,241368.69871013722,1212.44647682686,30646,44,0.31147430292298667,0.8211491943881757,0.16568778535228362,0.1555360886327184,0.09310822875311113,0.3834498995972155,0.9460252672497571,0.1432630573427689,408727.33009977866,0,False,False,True,"{""0"":null,""1"":null,""2"":null,""3"":null}",1029.0,401239.0,1029.0,283923.0,1029.0,283923.0,874.1875239322835,241368.69871013722,874.1875239322835,0.0,0.0,1212.4464768268517,303655.06009977934,0.3114743029229867,9.212464148439345,4.0,1152.0,0.0,0.0,92.49999999865395,25414.69999991066,0.0,707.2499999999385,51.449999999251304,14196.149999933665,0.0,0.0,0.0,0.0,0.0,0.0,10.289999999999964,2839.229999999995,514.5,141961.5,1.0,127.0,524.7900000000081,144800.73000000007,0.0,0.0,1212.4464768268517,303655.06009977934
407,2021-02-11,2021,True,21.112328767123287,1029,1029,1127,242242.8862340695,1183.375969883312,30751,56,0.0,0.8240641455877968,0.15579517623111422,0.1555352374780178,0.09323101067373167,0.3834498995972155,0.9459086491739553,0.16657144824349973,409385.91606966197,0,False,False,True,"{""0"":null,""1"":null,""2"":null,""3"":null}",1029.0,402268.0,1029.0,284952.0,1029.0,284952.0,874.1875239322835,242242.8862340695,874.1875239322835,0.0,0.0,1183.3759698832873,304838.4360696626,0.0,9.212464148439345,4.0,1156.0,0.0,0.0,92.49999999865395,25507.199999909313,1.199999999999818,708.4499999999383,51.449999999251304,14247.599999932916,0.0,0.0,0.0,0.0,0.0,0.0,10.289999999999964,2849.519999999995,514.5,142476.0,0.0,127.0,524.7900000000081,145325.52000000008,0.0,0.0,1183.3759698832873,304838.4360696626
408,2021-02-12,2021,True,21.115068493150684,1029,1029,1127,243117.0737580018,1120.5528324332665,30872,61,0.0,0.8094035751319759,0.18210516580087596,0.15551578045858705,0.09331017123374447,0.3834498995972155,0.9460301263362488,0.1881634927068955,409981.67890209524,0,False,False,True,"{""0"":null,""1"":null,""2"":null,""3"":null}",1029.0,403297.0,1029.0,285981.0,1029.0,285981.0,874.1875239322835,243117.0737580018,874.1875239322835,0.0,0.0,1120.5528324332554,305958.9889020959,0.0,9.212464148439345,4.0,1160.0,0.0,0.0,92.49999999865395,25599.699999907967,2.399999999999636,710.849999999938,51.449999999251304,14299.049999932167,0.0,0.0,0.0,0.0,0.0,0.0,10.289999999999964,2859.809999999995,514.5,142990.5,0.0,127.0,524.7900000000081,145850.31000000008,0.0,0.0,1120.5528324332554,305958.9889020959
409,2021-02-13,2021,False,21.117808219178084,1030,0,1128,243117.0737580018,0.0,29984,61,0.0,,,0.1555823118931784,0.09304578255857646,0.38368661525577963,0.9468689320388349,0.11305960571823621,409980.67890209524,0,False,False,True,"{""0"":null,""1"":null,""2"":null,""3"":null}",1030.0,404327.0,0.0,285981.0,0.0,285981.0,0.0,243117.0737580018,0.0,0.0,0.0,0.0,305958.9889020959,0.0,9.212464148439345,0.0,1160.0,0.0,0.0,0.0,25599.699999907967,0.0,710.849999999938,0.0,14299.049999932167,0.0,0.0,0.0,0.0,0.0,0.0,0.0,2859.809999999995,0.0,142990.5,1.0,128.0,0.0,145850.31000000008,0.0,0.0,0.0,305958.9889020959
410,2021-02-14,2021,False,21.12054794520548,1031,0,1129,243117.0737580018,0.0,29984,61,0.0,,,0.15569341577802057,0.09261376543526573,0.38392700538657454,0.9466294859359845,0.06440851660498245,409979.67890209524,0,False,False,True,"{""0"":null,""1"":null,""2"":null,""3"":null}",1031.0,405358.0,0.0,285981.0,0.0,285981.0,0.0,243117.0737580018,0.0,0.0,0.0,0.0,305958.9889020959,0.0,9.212464148439345,0.0,1160.0,0.0,0.0,0.0,25599.699999907967,0.0,710.849999999938,0.0,14299.049999932167,0.0,0.0,0.0,0.0,0.0,0.0,0.0,2859.809999999995,0.0,142990.5,1.0,129.0,0.0,145850.31000000008,0.0,0.0,0.0,305958.9889020959
411,2021-02-15,2021,True,21.123287671232877,1031,1031,1129,243992.7890632203,1351.9077306932572,31025,13,0.0,0.849622014428688,0.14276600682606544,0.15569341577802057,0.09261376543526571,0.38392700538657454,0.9458729388942775,0.09343471334642797,410805.7766327885,0,False,False,True,"{""0"":null,""1"":null,""2"":null,""3"":null}",1031.0,406389.0,1031.0,287012.0,1031.0,287012.0,875.7153052185022,243992.7890632203,875.7153052185022,0.0,0.0,1351.9077306932304,307310.8966327891,0.0,9.212464148439345,4.0,1164.0,0.0,0.0,92.59999999865249,25692.29999990662,9.149999999998613,719.9999999999366,51.54999999924985,14350.599999931417,0.0,0.0,0.0,0.0,0.0,0.0,10.309999999999945,2870.119999999995,515.5,143506.0,0.0,129.0,525.8099999999977,146376.12000000008,0.0,0.0,1351.9077306932304,307310.8966327891
412,2021-02-16,2021,True,21.126027397260273,1033,1033,1131,244870.18772211563,1300.3792032184979,31065,32,0.0,0.8345518182419426,0.14860086521655294,0.1550749580782746,0.09111018239062087,0.38355454596067223,0.9460309777347532,0.1204706438035365,411577.32583600696,0,False,False,True,"{""0"":null,""1"":null,""2"":null,""3"":null}",1033.0,407422.0,1033.0,288045.0,1033.0,288045.0,877.3986588953412,244870.18772211563,877.3986588953412,0.0,0.0,1300.379203218501,308611.2758360076,0.0,9.212464148439345,4.0,1168.0,0.0,0.0,92.79999999864958,25785.09999990527,0.0,719.9999999999366,51.649999999248394,14402.249999930666,0.0,0.0,0.0,0.0,0.0,0.0,10.329999999999927,2880.449999999995,516.5,144022.5,2.0,131.0,526.8299999999872,146902.95000000007,0.0,0.0,1300.379203218501,308611.2758360076
413,2021-02-17,2021,True,21.12876712328767,1033,1033,1131,245747.58638101097,1253.6323563767048,31175,48,0.07221614108816567,0.8344436496416425,0.16027841188288788,0.15501309640570485,0.09123345517485124,0.38355454596067223,0.9460019361084221,0.14559789638117013,412304.1281923836,0,False,False,True,"{""0"":null,""1"":null,""2"":null,""3"":null}",1033.0,408455.0,1033.0,289078.0,1033.0,289078.0,877.3986588953412,245747.58638101097,877.3986588953412,0.0,0.0,1253.6323563766782,309864.9081923843,0.0722161410881661,9.284680289527511,4.0,1172.0,0.0,0.0,92.79999999864958,25877.89999990392,0.0,719.9999999999366,51.649999999248394,14453.899999929914,0.0,0.0,0.0,0.0,0.0,0.0,10.329999999999927,2890.7799999999947,516.5,144539.0,0.0,131.0,526.8299999999872,147429.78000000006,0.0,0.0,1253.6323563766782,309864.9081923843
414,2021-02-18,2021,True,21.13150684931507,1033,1033,1131,246624.9850399063,1186.2010568315773,31293,45,0.3942247923215593,0.8170359889029285,0.16605805534649093,0.15508255098910784,0.09140149176573527,0.38355454596067223,0.9461229428848016,0.16880440216883769,412963.4992492152,0,False,False,True,"{""0"":null,""1"":null,""2"":null,""3"":null}",1033.0,409488.0,1033.0,290111.0,1033.0,290111.0,877.3986588953412,246624.9850399063,877.3986588953412,0.0,0.0,1186.2010568315745,311051.10924921586,0.39422479232155894,9.67890508184907,4.0,1176.0,0.0,0.0,92.79999999864958,25970.69999990257,1.9499999999997044,721.9499999999363,51.649999999248394,14505.549999929162,0.0,0.0,0.0,0.0,0.0,0.0,10.329999999999927,2901.1099999999947,516.5,145055.5,0.0,131.0,526.8299999999872,147956.61000000004,0.0,0.0,1186.2010568315745,311051.10924921586
415,2021-02-19,2021,True,21.134246575342466,1034,1034,1132,247503.28139147905,1135.016876784556,31404,40,0.0,0.8007413408373341,0.18761108207410315,0.15495361255347556,0.09083632855339664,0.3835646006897967,0.9461218568665377,0.19021893826408423,413570.1761259997,0,False,False,True,"{""0"":null,""1"":null,""2"":null,""3"":null}",1034.0,410522.0,1034.0,291145.0,1034.0,291145.0,878.2963515727315,247503.28139147905,878.2963515727315,0.0,0.0,1135.0168767845607,312186.1261260004,0.0,9.67890508184907,4.0,1180.0,0.0,0.0,92.89999999864813,26063.599999901217,2.849999999999568,724.7999999999358,51.699999999247666,14557.24999992841,0.0,0.0,0.0,0.0,0.0,0.0,10.340000000000146,2911.449999999995,517.0,145572.5,1.0,132.0,527.3399999999965,148483.95000000004,0.0,0.0,1135.0168767845607,312186.1261260004
416,2021-02-20,2021,False,21.136986301369863,1034,0,1132,247503.28139147905,0.0,30509,40,0.0,,,0.15478775693839855,0.09091059869955519,0.3835646006897967,0.947330754352031,0.11536280384395735,413570.1761259997,0,False,False,True,"{""0"":null,""1"":null,""2"":null,""3"":null}",1034.0,411556.0,0.0,291145.0,0.0,291145.0,0.0,247503.28139147905,0.0,0.0,0.0,0.0,312186.1261260004,0.0,9.67890508184907,0.0,1180.0,0.0,0.0,0.0,26063.599999901217,0.0,724.7999999999358,0.0,14557.24999992841,0.0,0.0,0.0,0.0,0.0,0.0,0.0,2911.449999999995,0.0,145572.5,0.0,132.0,0.0,148483.95000000004,0.0,0.0,0.0,312186.1261260004
417,2021-02-21,2021,False,21.13972602739726,1037,0,1135,247503.28139147905,0.0,30509,40,0.0,,,0.1547013405781324,0.08900819224817887,0.3837513272437073,0.9466152362584378,0.06658290780475552,413567.1761259997,0,False,False,True,"{""0"":null,""1"":null,""2"":null,""3"":null}",1037.0,412593.0,0.0,291145.0,0.0,291145.0,0.0,247503.28139147905,0.0,0.0,0.0,0.0,312186.1261260004,0.0,9.67890508184907,0.0,1180.0,0.0,0.0,0.0,26063.599999901217,0.0,724.7999999999358,0.0,14557.24999992841,0.0,0.0,0.0,0.0,0.0,0.0,0.0,2911.449999999995,0.0,145572.5,3.0,135.0,0.0,148483.95000000004,0.0,0.0,0.0,312186.1261260004
418,2021-02-22,2021,True,21.14246575342466,1037,1037,1136,248384.2463459734,1360.0754792737164,31535,11,0.0,0.8332599327630101,0.1394748401942834,0.1548231614711052,0.0882670246506016,0.38387609749266166,0.9454725168756027,0.09550846371910353,414397.38160527346,0,False,False,True,"{""0"":null,""1"":null,""2"":null,""3"":null}",1037.0,413630.0,1037.0,292182.0,1037.0,292182.0,880.9649544943532,248384.2463459734,880.9649544943532,0.0,0.0,1360.0754792737425,313546.20160527417,0.0,9.67890508184907,4.0,1184.0,0.0,0.0,93.19999999864376,26156.79999989986,5.9999999999990905,730.7999999999349,51.84999999924548,14609.099999927656,0.0,0.0,0.0,0.0,0.0,0.0,10.36999999999989,2921.8199999999947,518.5,146091.0,1.0,136.0,528.8699999999953,149012.82000000004,0.0,0.0,1360.0754792737425,313546.20160527417
419,2021-02-23,2021,True,21.145205479452056,1036,1036,1136,249264.41022153635,1292.9227854732233,31588,26,0.0,0.8224664829094412,0.16517113413738085,0.1548530208373075,0.08841220348726635,0.3839390001796595,0.9456515444015444,0.1225186876214443,415161.9443907467,0,False,False,True,"{""0"":null,""1"":null,""2"":null,""3"":null}",1036.0,414666.0,1036.0,293218.0,1036.0,293218.0,880.1638755629538,249264.41022153635,880.1638755629538,0.0,0.0,1292.9227854732308,314839.1243907474,0.0,9.67890508184907,4.0,1188.0,0.0,0.0,93.09999999864522,26249.899999898505,0.0,730.7999999999349,51.79999999924621,14660.899999926902,0.0,0.0,0.0,0.0,0.0,0.0,10.360000000000127,2932.179999999995,518.0,146609.0,0.0,136.0,528.359999999986,149541.18000000002,0.0,0.0,1292.9227854732308,314839.1243907474
420,2021-02-24,2021,True,21.147945205479452,1036,1036,1136,250144.5740970993,1233.486024088046,31696,43,0.0,0.8154509301888391,0.1678636778572045,0.15472710992256938,0.08849852571578523,0.3839390001796595,0.9456418918918919,0.1475204441588017,415867.0704148348,0,False,False,True,"{""0"":null,""1"":null,""2"":null,""3"":null}",1036.0,415702.0,1036.0,294254.0,1036.0,294254.0,880.1638755629538,250144.5740970993,880.1638755629538,0.0,0.0,1233.4860240880516,316072.61041483545,0.0,9.67890508184907,4.0,1192.0,0.0,0.0,93.09999999864522,26342.99999989715,0.0,730.7999999999349,51.79999999924621,14712.699999926148,0.0,0.0,0.0,0.0,0.0,0.0,10.360000000000127,2942.539999999995,518.0,147127.0,0.0,136.0,528.359999999986,150069.54,0.0,0.0,1233.4860240880516,316072.61041483545
421,2021-02-25,2021,True,21.15068493150685,1037,1037,1137,251025.56504169936,1155.4729047275157,31811,55,0.0,0.8003321732638506,0.1919498134162191,0.15471213432390438,0.08794180868117585,0.38387609749266166,0.9454725168756027,0.17055672952768958,416492.6733195623,0,False,False,True,"{""0"":null,""1"":null,""2"":null,""3"":null}",1037.0,416739.0,1037.0,295291.0,1037.0,295291.0,880.9909446000529,251025.56504169936,880.9909446000529,0.0,0.0,1155.4729047275032,317228.08331956295,0.0,9.67890508184907,4.0,1196.0,0.0,0.0,93.19999999864376,26436.199999895794,1.6499999999997499,732.4499999999347,51.84999999924548,14764.549999925393,0.0,0.0,0.0,0.0,0.0,0.0,10.36999999999989,2952.909999999995,518.5,147645.5,1.0,137.0,528.8699999999953,150598.41,0.0,0.0,1155.4729047275032,317228.08331956295
422,2021-02-26,2021,True,21.153424657534245,1039,1039,1140,251908.2657449241,1125.2652907563001,31916,56,0.0,0.831525740781466,0.14772680868483168,0.15417936451799466,0.08582995241232819,0.38350088238378793,0.9446823869104909,0.19168825873137574,417085.04861031857,0,False,False,True,"{""0"":null,""1"":null,""2"":null,""3"":null}",1039.0,417778.0,1039.0,296330.0,1039.0,296330.0,882.7007032247493,251908.2657449241,882.7007032247493,0.0,0.0,1125.2652907563024,318353.34861031926,0.0,9.67890508184907,4.0,1200.0,0.0,0.0,93.39999999864085,26529.599999894435,2.249999999999659,734.6999999999343,51.94999999924403,14816.499999924637,0.0,0.0,0.0,0.0,0.0,0.0,10.389999999999873,2963.2999999999947,519.5,148165.0,3.0,140.0,529.890000000014,151128.30000000002,0.0,0.0,1125.2652907563024,318353.34861031926
423,2021-02-27,2021,False,21.156164383561645,1039,0,1140,251908.2657449241,0.0,31034,56,0.0,,,0.1541143513665026,0.08605030688545737,0.38350088238378793,0.946106833493744,0.11707280969977696,417085.04861031857,0,False,False,True,"{""0"":null,""1"":null,""2"":null,""3"":null}",1039.0,418817.0,0.0,296330.0,0.0,296330.0,0.0,251908.2657449241,0.0,0.0,0.0,0.0,318353.34861031926,0.0,9.67890508184907,0.0,1200.0,0.0,0.0,0.0,26529.599999894435,0.0,734.6999999999343,0.0,14816.499999924637,0.0,0.0,0.0,0.0,0.0,0.0,0.0,2963.2999999999947,0.0,148165.0,0.0,140.0,0.0,151128.30000000002,0.0,0.0,0.0,318353.34861031926
424,2021-02-28,2021,False,21.15890410958904,1040,0,1141,251908.2657449241,0.0,31034,56,0.0,,,0.15408014956234362,0.08538373916553939,0.3835109371129124,0.9458701923076923,0.0686702533029588,417084.04861031857,0,False,False,True,"{""0"":null,""1"":null,""2"":null,""3"":null}",1040.0,419857.0,0.0,296330.0,0.0,296330.0,0.0,251908.2657449241,0.0,0.0,0.0,0.0,318353.34861031926,0.0,9.67890508184907,0.0,1200.0,0.0,0.0,0.0,26529.599999894435,0.0,734.6999999999343,0.0,14816.499999924637,0.0,0.0,0.0,0.0,0.0,0.0,0.0,2963.2999999999947,0.0,148165.0,1.0,141.0,0.0,151128.30000000002,0.0,0.0,0.0,318353.34861031926
425,2021-03-01,2021,True,21.161643835616438,1041,1041,1142,252792.87624184712,1353.9233438489803,32080,19,0.0,0.8483619106717966,0.14077139066666172,0.15402058331061794,0.08470490479522466,0.3835211226050675,0.9447022094140249,0.09744445293307193,417906.06195416756,0,False,False,True,"{""0"":null,""1"":null,""2"":null,""3"":null}",1041.0,420898.0,1041.0,297371.0,1041.0,297371.0,884.6104969230073,252792.87624184712,884.6104969230073,0.0,0.0,1353.923343848961,319707.2719541682,0.0,9.67890508184907,4.0,1204.0,0.0,0.0,93.59999999863794,26623.199999893073,8.399999999998727,743.0999999999331,52.04999999924257,14868.54999992388,0.0,0.0,0.0,0.0,0.0,0.0,10.409999999999854,2973.7099999999946,520.5,148685.5,1.0,142.0,530.9100000000035,151659.21000000002,0.0,0.0,1353.923343848961,319707.2719541682
426,2021-03-02,2021,True,21.164383561643834,1042,1042,1143,253678.2830456693,1271.8029773774883,32125,37,0.0,0.8435339760434817,0.13851993399824367,0.15390057490007344,0.08425714427163267,0.38345821991806966,0.9452159309021113,0.12423935508724235,418645.44493154506,0,False,False,True,"{""0"":null,""1"":null,""2"":null,""3"":null}",1042.0,421940.0,1042.0,298413.0,1042.0,298413.0,885.406803822174,253678.2830456693,885.406803822174,0.0,0.0,1271.8029773774906,320979.0749315457,0.0,9.67890508184907,4.0,1208.0,0.0,0.0,93.69999999863649,26716.89999989171,0.0,743.0999999999331,52.099999999241845,14920.649999923122,0.0,0.0,0.0,0.0,0.0,0.0,10.420000000000073,2984.1299999999947,521.0,149206.5,1.0,143.0,531.4200000000128,152190.63000000003,0.0,0.0,1271.8029773774906,320979.0749315457
427,2021-03-03,2021,True,21.167123287671235,1042,1042,1143,254563.68984949146,1238.6804535534336,32218,61,0.0,0.7851129871567134,0.1994471823666827,0.15372639213842426,0.08428537522606298,0.38345821991806966,0.94531669865643,0.14915982208793777,419352.7053850985,0,False,False,True,"{""0"":null,""1"":null,""2"":null,""3"":null}",1042.0,422982.0,1042.0,299455.0,1042.0,299455.0,885.406803822174,254563.68984949146,885.406803822174,0.0,0.0,1238.6804535534466,322217.75538509915,0.0,9.67890508184907,4.0,1212.0,0.0,0.0,93.69999999863649,26810.599999890346,0.0,743.0999999999331,52.099999999241845,14972.749999922364,0.0,0.0,0.0,0.0,0.0,0.0,10.420000000000073,2994.5499999999947,521.0,149727.5,0.0,143.0,531.4200000000128,152722.05000000005,0.0,0.0,1238.6804535534466,322217.75538509915
428,2021-03-04,2021,True,21.16986301369863,1042,1042,1144,255449.08950991742,1171.4041487470815,32359,56,0.0,0.7925220612720613,0.19567082808034203,0.15357771434862533,0.08370401008766468,0.383459138707329,0.9454846449136277,0.1720254660075811,419991.68953384564,0,False,False,True,"{""0"":null,""1"":null,""2"":null,""3"":null}",1042.0,424024.0,1042.0,300497.0,1042.0,300497.0,885.3996604259592,255449.08950991742,885.3996604259592,0.0,0.0,1171.4041487470968,323389.15953384625,0.0,9.67890508184907,4.0,1216.0,0.0,0.0,93.69999999863649,26904.299999888983,2.849999999999568,745.9499999999326,52.099999999241845,15024.849999921606,0.0,0.0,0.0,0.0,0.0,0.0,10.420000000000073,3004.969999999995,521.0,150248.5,1.0,144.0,531.4200000000128,153253.47000000006,0.0,0.0,1171.4041487470968,323389.15953384625
429,2021-03-05,2021,True,21.172602739726027,1043,1043,1145,256335.25242347794,1127.7914632987035,32458,53,0.0,0.8138563947526212,0.1828455401238891,0.15363890042498088,0.08350212343650211,0.38369229053287845,0.9456567593480346,0.1931927281870881,420586.55099714437,0,False,False,True,"{""0"":null,""1"":null,""2"":null,""3"":null}",1043.0,425067.0,1043.0,301540.0,1043.0,301540.0,886.1629135605181,256335.25242347794,886.1629135605181,0.0,0.0,1127.791463298723,324516.950997145,0.0,9.67890508184907,4.0,1220.0,0.0,0.0,93.79999999863503,26998.099999887618,2.6999999999995907,748.6499999999322,52.14999999924112,15076.999999920847,0.0,0.0,0.0,0.0,0.0,0.0,10.429999999999836,3015.3999999999946,521.5,150770.0,1.0,145.0,531.929999999993,153785.40000000005,0.0,0.0,1127.791463298723,324516.950997145
430,2021-03-06,2021,False,21.175342465753424,1043,0,1145,256335.25242347794,0.0,31559,53,0.0,,,0.15354100067459764,0.08368082916972294,0.38369229053287845,0.9470757430488974,0.11873704560929056,420586.55099714437,0,False,False,True,"{""0"":null,""1"":null,""2"":null,""3"":null}",1043.0,426110.0,0.0,301540.0,0.0,301540.0,0.0,256335.25242347794,0.0,0.0,0.0,0.0,324516.950997145,0.0,9.67890508184907,0.0,1220.0,0.0,0.0,0.0,26998.099999887618,0.0,748.6499999999322,0.0,15076.999999920847,0.0,0.0,0.0,0.0,0.0,0.0,0.0,3015.3999999999946,0.0,150770.0,0.0,145.0,0.0,153785.40000000005,0.0,0.0,0.0,324516.950997145
431,2021-03-07,2021,False,21.17808219178082,1043,0,1145,256335.25242347794,0.0,31559,53,0.0,,,0.15354100067459764,0.08368082916972294,0.38369229053287845,0.9470757430488974,0.0704958191948906,420586.55099714437,0,False,False,True,"{""0"":null,""1"":null,""2"":null,""3"":null}",1043.0,427153.0,0.0,301540.0,0.0,301540.0,0.0,256335.25242347794,0.0,0.0,0.0,0.0,324516.950997145,0.0,9.67890508184907,0.0,1220.0,0.0,0.0,0.0,26998.099999887618,0.0,748.6499999999322,0.0,15076.999999920847,0.0,0.0,0.0,0.0,0.0,0.0,0.0,3015.3999999999946,0.0,150770.0,0.0,145.0,0.0,153785.40000000005,0.0,0.0,0.0,324516.950997145
432,2021-03-08,2021,True,21.18082191780822,1045,1045,1147,257223.063310597,1377.10839041775,32599,10,0.0,0.8267960812772134,0.17116975859660016,0.15344140237965723,0.08222179163947714,0.3835664851588828,0.9457033492822966,0.09922169435174098,421428.7093875621,0,False,False,True,"{""0"":null,""1"":null,""2"":null,""3"":null}",1045.0,428198.0,1045.0,302585.0,1045.0,302585.0,887.8108871190634,257223.063310597,887.8108871190634,0.0,0.0,1377.108390417765,325894.05938756274,0.0,9.67890508184907,4.0,1224.0,0.0,0.0,93.99999999863212,27092.09999988625,7.949999999998795,756.599999999931,52.24999999923966,15129.249999920086,0.0,0.0,0.0,0.0,0.0,0.0,10.449999999999818,3025.8499999999945,522.5,151292.5,2.0,147.0,532.9500000000116,154318.35000000006,0.0,0.0,1377.108390417765,325894.05938756274
433,2021-03-09,2021,True,21.183561643835617,1045,1045,1147,258110.87419771607,1281.924072577063,32653,31,0.021917575970777557,0.8161465892597968,0.16937488680172838,0.1535248174966206,0.08250126345455865,0.3835664851588828,0.9460813397129186,0.1259165338524256,422177.68346013915,0,False,False,True,"{""0"":null,""1"":null,""2"":null,""3"":null}",1045.0,429243.0,1045.0,303630.0,1045.0,303630.0,887.8108871190634,258110.87419771607,887.8108871190634,0.0,0.0,1281.924072577036,327175.9834601398,0.021917575970777037,9.700822657819847,4.0,1228.0,0.0,0.0,93.99999999863212,27186.099999884882,0.0,756.599999999931,52.24999999923966,15181.499999919326,0.0,0.0,0.0,0.0,0.0,0.0,10.449999999999818,3036.2999999999943,522.5,151815.0,0.0,147.0,532.9500000000116,154851.30000000008,0.0,0.0,1281.924072577036,327175.9834601398
434,2021-03-10,2021,True,21.186301369863013,1045,1045,1147,258998.68508483513,1222.8102970538846,32739,55,0.27686419736335455,0.8325290275761974,0.15325001940541796,0.153438540744179,0.08267419824910036,0.3835664851588828,0.9459665071770335,0.15075804248863747,422867.543757193,0,False,False,True,"{""0"":null,""1"":null,""2"":null,""3"":null}",1045.0,430288.0,1045.0,304675.0,1045.0,304675.0,887.8108871190634,258998.68508483513,887.8108871190634,0.0,0.0,1222.8102970538894,328398.79375719366,0.2768641973633539,9.977686855183201,4.0,1232.0,0.0,0.0,93.99999999863212,27280.099999883514,0.0,756.599999999931,52.24999999923966,15233.749999918566,0.0,0.0,0.0,0.0,0.0,0.0,10.449999999999818,3046.749999999994,522.5,152337.5,0.0,147.0,532.9500000000116,155384.2500000001,0.0,0.0,1222.8102970538894,328398.79375719366
435,2021-03-11,2021,True,21.18904109589041,1047,1047,1150,259887.97925414538,1172.9174918624717,32876,61,0.0,0.8013480318834221,0.19464898314607926,0.15304535427808685,0.08071646288873222,0.38362121333491583,0.945458452722063,0.17334997709599476,423503.49124905554,0,False,False,True,"{""0"":null,""1"":null,""2"":null,""3"":null}",1047.0,431335.0,1047.0,305722.0,1047.0,305722.0,889.2941693102475,259887.97925414538,889.2941693102475,0.0,0.0,1172.9174918624922,329571.71124905616,0.0,9.977686855183201,4.0,1236.0,0.0,0.0,94.09999999863066,27374.199999882145,1.4999999999997726,758.0999999999308,52.34999999923821,15286.099999917804,0.0,0.0,0.0,0.0,0.0,0.0,10.4699999999998,3057.219999999994,523.5,152861.0,3.0,150.0,533.9700000000012,155918.2200000001,0.0,0.0,1172.9174918624922,329571.71124905616
436,2021-03-12,2021,True,21.19178082191781,1046,1046,1150,260776.32806763347,1113.5848605184879,32987,56,0.008362189278757766,0.7992260703223618,0.21241221566821017,0.1531358181696255,0.08079992852226829,0.38380320081744695,0.9455879541108987,0.19421858963806177,424083.61610957404,0,False,False,True,"{""0"":null,""1"":null,""2"":null,""3"":null}",1046.0,432381.0,1046.0,306768.0,1046.0,306768.0,888.34881348809,260776.32806763347,888.34881348809,0.0,0.0,1113.5848605185165,330685.2961095747,0.008362189278757981,9.986049044461959,4.0,1240.0,0.0,0.0,93.99999999863212,27468.199999880777,3.1499999999995225,761.2499999999303,52.299999999238935,15338.399999917043,0.0,0.0,0.0,0.0,0.0,0.0,10.460000000000036,3067.679999999994,523.0,153384.0,0.0,150.0,533.4599999999919,156451.68000000008,0.0,0.0,1113.5848605185165,330685.2961095747
437,2021-03-13,2021,False,21.194520547945206,1047,0,1151,260776.32806763347,0.0,32086,56,0.0,,,0.15321241366409777,0.08071104180527376,0.3840399164760111,0.9468242597898758,0.1195795139185045,424082.61610957404,0,False,False,True,"{""0"":null,""1"":null,""2"":null,""3"":null}",1047.0,433428.0,0.0,306768.0,0.0,306768.0,0.0,260776.32806763347,0.0,0.0,0.0,0.0,330685.2961095747,0.0,9.986049044461959,0.0,1240.0,0.0,0.0,0.0,27468.199999880777,0.0,761.2499999999303,0.0,15338.399999917043,0.0,0.0,0.0,0.0,0.0,0.0,0.0,3067.679999999994,0.0,153384.0,1.0,151.0,0.0,156451.68000000008,0.0,0.0,0.0,330685.2961095747
438,2021-03-14,2021,False,21.197260273972603,1047,0,1151,260776.32806763347,0.0,32086,56,0.0,,,0.15321241366409777,0.08071104180527376,0.3840399164760111,0.9468242597898758,0.07151455411509733,424082.61610957404,0,False,False,True,"{""0"":null,""1"":null,""2"":null,""3"":null}",1047.0,434475.0,0.0,306768.0,0.0,306768.0,0.0,260776.32806763347,0.0,0.0,0.0,0.0,330685.2961095747,0.0,9.986049044461959,0.0,1240.0,0.0,0.0,0.0,27468.199999880777,0.0,761.2499999999303,0.0,15338.399999917043,0.0,0.0,0.0,0.0,0.0,0.0,0.0,3067.679999999994,0.0,153384.0,0.0,151.0,0.0,156451.68000000008,0.0,0.0,0.0,330685.2961095747
439,2021-03-15,2021,True,21.2,1046,1046,1152,261664.5893645493,1354.449363892132,33130,11,0.0,0.8527781126919058,0.13606695899728688,0.15304363034593785,0.07982528949943886,0.3838067646504617,0.9455975143403442,0.10002789780878399,424902.60547346616,0,False,False,True,"{""0"":null,""1"":null,""2"":null,""3"":null}",1046.0,435521.0,1046.0,307814.0,1046.0,307814.0,888.2612969158217,261664.5893645493,888.2612969158217,0.0,0.0,1354.4493638921413,332039.7454734668,0.0,9.986049044461959,4.0,1244.0,0.0,0.0,93.89999999863358,27562.09999987941,8.399999999998727,769.649999999929,52.299999999238935,15390.699999916282,0.0,0.0,0.0,0.0,0.0,0.0,10.460000000000036,3078.139999999994,523.0,153907.0,1.0,152.0,533.4599999999919,156985.14000000007,0.0,0.0,1354.4493638921413,332039.7454734668
440,2021-03-16,2021,True,21.202739726027396,1047,1047,1153,262553.82183909457,1297.5148512475114,33181,32,0.0,0.8347483455242076,0.15565956698128827,0.15310009097691607,0.07960415102401695,0.38404348030902585,0.9460267430754536,0.1266707021711373,425665.1503247137,0,False,False,True,"{""0"":null,""1"":null,""2"":null,""3"":null}",1047.0,436568.0,1047.0,308861.0,1047.0,308861.0,889.2324745452788,262553.82183909457,889.2324745452788,0.0,0.0,1297.5148512474843,333337.2603247143,0.0,9.986049044461959,4.0,1248.0,0.0,0.0,93.89999999863358,27655.999999878044,0.0,769.649999999929,52.34999999923821,15443.04999991552,0.0,0.0,0.0,0.0,0.0,0.0,10.4699999999998,3088.6099999999938,523.5,154430.5,1.0,153.0,533.9700000000012,157519.11000000007,0.0,0.0,1297.5148512474843,333337.2603247143
441,2021-03-17,2021,True,21.205479452054796,1048,1048,1154,263443.88318412536,1258.4553329131827,33286,45,0.0,0.8264226231783484,0.14325052549584164,0.1526978549875058,0.07893472242843591,0.38385869381907567,0.9460353053435115,0.1512945942679691,426388.1256576269,0,False,False,True,"{""0"":null,""1"":null,""2"":null,""3"":null}",1048.0,437616.0,1048.0,309909.0,1048.0,309909.0,890.0613450307865,263443.88318412536,890.0613450307865,0.0,0.0,1258.4553329132032,334595.7156576275,0.0,9.986049044461959,4.0,1252.0,0.0,0.0,93.99999999863212,27749.999999876676,0.0,769.649999999929,52.39999999923748,15495.449999914757,0.0,0.0,0.0,0.0,0.0,0.0,10.480000000000018,3099.089999999994,524.0,154954.5,1.0,154.0,534.4800000000105,158053.59000000008,0.0,0.0,1258.4553329132032,334595.7156576275
442,2021-03-18,2021,True,21.208219178082192,1048,1048,1154,264333.94452915614,1189.5353076489773,33397,58,0.0,0.8282694508921806,0.149914733653024,0.15268110729548617,0.0792535241528262,0.38385869381907567,0.9461402671755724,0.1740447291476133,427043.1809652759,0,False,False,True,"{""0"":null,""1"":null,""2"":null,""3"":null}",1048.0,438664.0,1048.0,310957.0,1048.0,310957.0,890.0613450307865,264333.94452915614,890.0613450307865,0.0,0.0,1189.5353076489992,335785.2509652765,0.0,9.986049044461959,4.0,1256.0,0.0,0.0,93.99999999863212,27843.99999987531,1.6499999999997499,771.2999999999288,52.39999999923748,15547.849999913995,0.0,0.0,0.0,0.0,0.0,0.0,10.480000000000018,3109.569999999994,524.0,155478.5,0.0,154.0,534.4800000000105,158588.0700000001,0.0,0.0,1189.5353076489992,335785.2509652765
443,2021-03-19,2021,True,21.21095890410959,1049,1049,1155,265224.8657689664,1138.9931129619956,33533,51,0.27789747344649757,0.8007426517038749,0.19829862892218908,0.15258817095349625,0.07880497256797465,0.3838687485482002,0.9462726406101049,0.1949894889768537,427646.1840782379,0,False,False,True,"{""0"":null,""1"":null,""2"":null,""3"":null}",1049.0,439713.0,1049.0,312006.0,1049.0,312006.0,890.9212398102391,265224.8657689664,890.9212398102391,0.0,0.0,1138.9931129619945,336924.2440782385,0.2778974734464974,10.263946517908456,4.0,1260.0,0.0,0.0,94.09999999863066,27938.09999987394,3.1499999999995225,774.4499999999283,52.44999999923675,15600.299999913232,0.0,0.0,0.0,0.0,0.0,0.0,10.489999999999782,3120.0599999999936,524.5,156003.0,1.0,155.0,534.9899999999907,159123.06000000008,0.0,0.0,1138.9931129619945,336924.2440782385
444,2021-03-20,2021,False,21.213698630136985,1050,0,1156,265224.8657689664,0.0,32625,51,0.0,,,0.15218981906356108,0.07821251836555822,0.38368396205825,0.9474857142857143,0.12038534558419853,427645.1840782379,0,False,False,True,"{""0"":null,""1"":null,""2"":null,""3"":null}",1050.0,440763.0,0.0,312006.0,0.0,312006.0,0.0,265224.8657689664,0.0,0.0,0.0,0.0,336924.2440782385,0.0,10.263946517908456,0.0,1260.0,0.0,0.0,0.0,27938.09999987394,0.0,774.4499999999283,0.0,15600.299999913232,0.0,0.0,0.0,0.0,0.0,0.0,0.0,3120.0599999999936,0.0,156003.0,1.0,156.0,0.0,159123.06000000008,0.0,0.0,0.0,336924.2440782385
445,2021-03-21,2021,False,21.21643835616438,1051,0,1157,265224.8657689664,0.0,32625,51,0.0,,,0.15216384125899732,0.0775832980770235,0.3836940167873745,0.9472502378686964,0.0723530792291369,427644.1840782379,0,False,False,True,"{""0"":null,""1"":null,""2"":null,""3"":null}",1051.0,441814.0,0.0,312006.0,0.0,312006.0,0.0,265224.8657689664,0.0,0.0,0.0,0.0,336924.2440782385,0.0,10.263946517908456,0.0,1260.0,0.0,0.0,0.0,27938.09999987394,0.0,774.4499999999283,0.0,15600.299999913232,0.0,0.0,0.0,0.0,0.0,0.0,0.0,3120.0599999999936,0.0,156003.0,1.0,157.0,0.0,159123.06000000008,0.0,0.0,0.0,336924.2440782385
446,2021-03-22,2021,True,21.21917808219178,1051,1051,1157,266117.6973468024,1388.2100909191838,33665,16,0.33156371425834946,0.860129790430859,0.13028819441282713,0.1521638412589973,0.07758329807702345,0.3836940167873745,0.9462178877259753,0.10085442525579397,428496.38416915707,0,False,False,True,"{""0"":null,""1"":null,""2"":null,""3"":null}",1051.0,442865.0,1051.0,313057.0,1051.0,313057.0,892.831577836012,266117.6973468024,892.831577836012,0.0,0.0,1388.210090919165,338312.45416915766,0.3315637142583494,10.595510232166806,4.0,1264.0,0.0,0.0,94.29999999862775,28032.399999872567,7.64999999999884,782.0999999999271,52.5499999992353,15652.849999912467,0.0,0.0,0.0,0.0,0.0,0.0,10.510000000000218,3130.569999999994,525.5,156528.5,0.0,157.0,536.0100000000093,159659.0700000001,0.0,0.0,1388.210090919165,338312.45416915766
447,2021-03-23,2021,True,21.221917808219178,1051,1051,1157,267010.5289246384,1288.6652997504832,33718,32,0.0,0.8401750973084722,0.1478136943961332,0.15203191405000574,0.07782097701009077,0.3836940167873745,0.9467269267364414,0.1274117447725733,429249.0394689075,0,False,False,True,"{""0"":null,""1"":null,""2"":null,""3"":null}",1051.0,443916.0,1051.0,314108.0,1051.0,314108.0,892.831577836012,267010.5289246384,892.831577836012,0.0,0.0,1288.665299750457,339601.1194689081,0.0,10.595510232166806,4.0,1268.0,0.0,0.0,94.29999999862775,28126.699999871194,0.0,782.0999999999271,52.5499999992353,15705.399999911702,0.0,0.0,0.0,0.0,0.0,0.0,10.510000000000218,3141.079999999994,525.5,157054.0,0.0,157.0,536.0100000000093,160195.0800000001,0.0,0.0,1288.665299750457,339601.1194689081
448,2021-03-24,2021,True,21.224657534246575,1051,1051,1157,267903.3605024744,1257.2311410077798,33829,55,0.0,0.8297002409038596,0.1633067269553739,0.15208864042601164,0.07809586628491316,0.3836940167873745,0.9469029495718364,0.15208919948595825,429970.2606099153,0,False,False,True,"{""0"":null,""1"":null,""2"":null,""3"":null}",1051.0,444967.0,1051.0,315159.0,1051.0,315159.0,892.831577836012,267903.3605024744,892.831577836012,0.0,0.0,1257.2311410077964,340858.3506099159,0.0,10.595510232166806,4.0,1272.0,0.0,0.0,94.29999999862775,28220.999999869822,0.0,782.0999999999271,52.5499999992353,15757.949999910938,0.0,0.0,0.0,0.0,0.0,0.0,10.510000000000218,3151.5899999999942,525.5,157579.5,0.0,157.0,536.0100000000093,160731.0900000001,0.0,0.0,1257.2311410077964,340858.3506099159
449,2021-03-25,2021,True,21.22739726027397,1051,1051,1157,268796.19208031043,1203.4424673853323,33965,60,0.0,0.8059939237663113,0.19070074239945445,0.15201218460002847,0.07825996721408254,0.3836940167873745,0.9473644148430066,0.17493043268884867,430637.6930773006,0,False,False,True,"{""0"":null,""1"":null,""2"":null,""3"":null}",1051.0,446018.0,1051.0,316210.0,1051.0,316210.0,892.831577836012,268796.19208031043,892.831577836012,0.0,0.0,1203.442467385321,342061.79307730123,0.0,10.595510232166806,4.0,1276.0,0.0,0.0,94.29999999862775,28315.29999986845,2.399999999999636,784.4999999999268,52.5499999992353,15810.499999910173,0.0,0.0,0.0,0.0,0.0,0.0,10.510000000000218,3162.0999999999945,525.5,158105.0,0.0,157.0,536.0100000000093,161267.10000000012,0.0,0.0,1203.442467385321,342061.79307730123
450,2021-03-26,2021,True,21.23013698630137,1051,1051,1157,269689.02365814644,1146.2122862782696,34057,63,0.0,0.8220775921665853,0.16636426618021558,0.15194141887001572,0.0786412873249218,0.3836940167873745,0.9478258801141769,0.19603712792884712,431247.89536357886,0,False,False,True,"{""0"":null,""1"":null,""2"":null,""3"":null}",1051.0,447069.0,1051.0,317261.0,1051.0,317261.0,892.831577836012,269689.02365814644,892.831577836012,0.0,0.0,1146.2122862782562,343208.0053635795,0.0,10.595510232166806,4.0,1280.0,0.0,0.0,94.29999999862775,28409.599999867078,2.399999999999636,786.8999999999264,52.5499999992353,15863.049999909408,0.0,0.0,0.0,0.0,0.0,0.0,10.510000000000218,3172.6099999999947,525.5,158630.5,0.0,157.0,536.0100000000093,161803.11000000013,0.0,0.0,1146.2122862782562,343208.0053635795
451,2021-03-27,2021,False,21.232876712328768,1052,0,1158,269689.02365814644,0.0,33165,63,0.0,,,0.15175438880196254,0.0781446543455005,0.383632032889636,0.9489923954372624,0.12129454018928144,431246.89536357886,0,False,False,True,"{""0"":null,""1"":null,""2"":null,""3"":null}",1052.0,448121.0,0.0,317261.0,0.0,317261.0,0.0,269689.02365814644,0.0,0.0,0.0,0.0,343208.0053635795,0.0,10.595510232166806,0.0,1280.0,0.0,0.0,0.0,28409.599999867078,0.0,786.8999999999264,0.0,15863.049999909408,0.0,0.0,0.0,0.0,0.0,0.0,0.0,3172.6099999999947,0.0,158630.5,1.0,158.0,0.0,161803.11000000013,0.0,0.0,0.0,343208.0053635795
452,2021-03-28,2021,False,21.235616438356164,1051,0,1158,269689.02365814644,0.0,33165,63,0.0,,,0.15145207534387495,0.07773360284261988,0.38339531723107184,0.9489438629876309,0.07318607586851253,431246.89536357886,0,False,False,True,"{""0"":null,""1"":null,""2"":null,""3"":null}",1051.0,449172.0,0.0,317261.0,0.0,317261.0,0.0,269689.02365814644,0.0,0.0,0.0,0.0,343208.0053635795,0.0,10.595510232166806,0.0,1280.0,0.0,0.0,0.0,28409.599999867078,0.0,786.8999999999264,0.0,15863.049999909408,0.0,0.0,0.0,0.0,0.0,0.0,0.0,3172.6099999999947,0.0,158630.5,0.0,158.0,0.0,161803.11000000013,0.0,0.0,0.0,343208.0053635795
453,2021-03-29,2021,True,21.23835616438356,1051,1051,1158,270582.0127948645,1362.8138075321847,34209,23,0.0,0.8648947060544019,0.11947740763423045,0.15145207534387495,0.07773360284261988,0.38339531723107184,0.947745004757374,0.10177998556932245,432073.69917111105,0,False,False,True,"{""0"":null,""1"":null,""2"":null,""3"":null}",1051.0,450223.0,1051.0,318312.0,1051.0,318312.0,892.9891367180389,270582.0127948645,892.9891367180389,0.0,0.0,1362.8138075321913,344570.8191711117,0.0,10.595510232166806,4.0,1284.0,0.0,0.0,94.3999999986263,28503.999999865704,9.449999999998568,796.349999999925,52.5499999992353,15915.599999908643,0.0,0.0,0.0,0.0,0.0,0.0,10.510000000000218,3183.119999999995,525.5,159156.0,0.0,158.0,536.0100000000093,162339.12000000014,0.0,0.0,1362.8138075321913,344570.8191711117
454,2021-03-30,2021,True,21.24109589041096,1051,1051,1158,271475.0019315825,1305.5070471970782,34238,51,0.10139745879401083,0.8326613975378234,0.1426416443931719,0.15134634191656685,0.07797666017344866,0.38339531723107184,0.947802093244529,0.1284605863931927,432843.1962183081,0,False,False,True,"{""0"":null,""1"":null,""2"":null,""3"":null}",1051.0,451274.0,1051.0,319363.0,1051.0,319363.0,892.9891367180389,271475.0019315825,892.9891367180389,0.0,0.0,1305.507047197083,345876.32621830876,0.10139745879401119,10.696907690960817,4.0,1288.0,0.0,0.0,94.3999999986263,28598.39999986433,0.0,796.349999999925,52.5499999992353,15968.149999907879,0.0,0.0,0.0,0.0,0.0,0.0,10.510000000000218,3193.629999999995,525.5,159681.5,0.0,158.0,536.0100000000093,162875.13000000015,0.0,0.0,1305.507047197083,345876.32621830876
455,2021-03-31,2021,True,21.243835616438357,1052,1052,1159,272368.7172740084,1241.2227913004947,34377,69,0.0,0.7919580419580419,0.20547008547008547,0.15126957072213287,0.07753395992477859,0.38333333333333336,0.9478802281368821,0.15316013956412847,433546.8990096086,0,False,False,True,"{""0"":null,""1"":null,""2"":null,""3"":null}",1052.0,452326.0,1052.0,320415.0,1052.0,320415.0,893.7153424258577,272368.7172740084,893.7153424258577,0.0,0.0,1241.2227913005045,347117.54900960927,0.0,10.696907690960817,4.0,1292.0,0.0,0.0,94.49999999862484,28692.899999862955,0.0,796.349999999925,52.59999999923457,16020.749999907113,0.0,0.0,0.0,0.0,0.0,0.0,10.519999999999982,3204.149999999995,526.0,160207.5,1.0,159.0,536.5199999999895,163411.65000000014,0.0,0.0,1241.2227913005045,347117.54900960927
456,2021-04-01,2021,True,21.246575342465754,1052,1052,1160,273262.2830819503,1061.0818924624787,34497,63,0.14166296767634212,0.8402642857048259,0.15902266315284666,0.15124648542517666,0.07713808603389494,0.383632032889636,0.9479515209125475,0.17568189655302494,434070.4609020711,0,False,False,True,"{""0"":null,""1"":null,""2"":null,""3"":null}",1052.0,453378.0,1052.0,321467.0,1052.0,321467.0,893.5658079419518,273262.2830819503,893.5658079419518,0.0,0.0,1061.0818924625055,348178.6309020718,0.1416629676763428,10.83857065863716,4.0,1296.0,0.0,0.0,94.3999999986263,28787.29999986158,3.449999999999477,799.7999999999245,52.59999999923457,16073.349999906348,0.0,0.0,0.0,0.0,0.0,0.0,10.519999999999982,3214.669999999995,526.0,160733.5,1.0,160.0,536.5199999999895,163948.17000000013,0.0,0.0,1061.0818924625055,348178.6309020718
457,2021-04-02,2021,True,21.24931506849315,1053,1053,1161,274156.65590874973,1022.1198279168999,34615,56,0.0,0.7968097361772017,0.1873399633515217,0.15118850294067054,0.0769558459813977,0.38386518471518544,0.9481766381766381,0.196645713051008,434554.55072998797,0,False,False,True,"{""0"":null,""1"":null,""2"":null,""3"":null}",1053.0,454431.0,1053.0,322520.0,1053.0,322520.0,894.3728267994011,274156.65590874973,894.3728267994011,0.0,0.0,1022.1198279169039,349200.7507299887,0.0,10.83857065863716,4.0,1300.0,0.0,0.0,94.49999999862484,28881.799999860206,4.199999999999363,803.9999999999238,52.64999999923384,16125.999999905582,0.0,0.0,0.0,0.0,0.0,0.0,10.5300000000002,3225.1999999999953,526.5,161260.0,1.0,161.0,537.0299999999988,164485.20000000013,0.0,0.0,1022.1198279169039,349200.7507299887
458,2021-04-03,2021,False,21.252054794520546,1054,0,1162,274156.65590874973,0.0,33702,56,0.0,,,0.15091340117672986,0.0763347086139916,0.3836803982252353,0.9492362428842505,0.12184515831675657,434553.55072998797,0,False,False,True,"{""0"":null,""1"":null,""2"":null,""3"":null}",1054.0,455485.0,0.0,322520.0,0.0,322520.0,0.0,274156.65590874973,0.0,0.0,0.0,0.0,349200.7507299887,0.0,10.83857065863716,0.0,1300.0,0.0,0.0,0.0,28881.799999860206,0.0,803.9999999999238,0.0,16125.999999905582,0.0,0.0,0.0,0.0,0.0,0.0,0.0,3225.1999999999953,0.0,161260.0,1.0,162.0,0.0,164485.20000000013,0.0,0.0,0.0,349200.7507299887
459,2021-04-04,2021,False,21.254794520547946,1054,0,1162,274156.65590874973,0.0,33702,56,0.0,,,0.15091340117672983,0.0763347086139916,0.3836803982252353,0.9492362428842505,0.07369348037038537,434553.55072998797,0,False,False,True,"{""0"":null,""1"":null,""2"":null,""3"":null}",1054.0,456539.0,0.0,322520.0,0.0,322520.0,0.0,274156.65590874973,0.0,0.0,0.0,0.0,349200.7507299887,0.0,10.83857065863716,0.0,1300.0,0.0,0.0,0.0,28881.799999860206,0.0,803.9999999999238,0.0,16125.999999905582,0.0,0.0,0.0,0.0,0.0,0.0,0.0,3225.1999999999953,0.0,161260.0,0.0,162.0,0.0,164485.20000000013,0.0,0.0,0.0,349200.7507299887
460,2021-04-05,2021,True,21.257534246575343,1056,1056,1164,275053.5312405351,1272.7134914707788,34748,21,0.0,0.8305630512384046,0.15798682723706511,0.15086719766602155,0.07494541500637975,0.3836284690566213,0.9475284090909091,0.10229391740096506,435285.70422145876,0,False,False,True,"{""0"":null,""1"":null,""2"":null,""3"":null}",1056.0,457595.0,1056.0,323576.0,1056.0,323576.0,896.8753317853552,275053.5312405351,896.8753317853552,0.0,0.0,1272.7134914707858,350473.46422145946,0.0,10.83857065863716,4.0,1304.0,0.0,0.0,94.79999999862048,28976.599999858827,8.399999999998727,812.3999999999226,52.79999999923166,16178.799999904813,0.0,0.0,0.0,0.0,0.0,0.0,10.559999999999945,3235.759999999995,528.0,161788.0,2.0,164.0,538.5599999999977,165023.76000000013,0.0,0.0,1272.7134914707858,350473.46422145946
461,2021-04-06,2021,True,21.26027397260274,1055,1055,1164,275949.60190633044,1209.7067115312311,34798,36,0.0,0.8341170511340539,0.15335213790953947,0.15077118376719212,0.07582445563476639,0.3836904529543598,0.9478909952606634,0.1289760697815965,435957.36093299,0,False,False,True,"{""0"":null,""1"":null,""2"":null,""3"":null}",1055.0,458650.0,1055.0,324631.0,1055.0,324631.0,896.070665795356,275949.60190633044,896.070665795356,0.0,0.0,1209.7067115312093,351683.1709329907,0.0,10.83857065863716,4.0,1308.0,0.0,0.0,94.69999999862193,29071.29999985745,0.0,812.3999999999226,52.74999999923239,16231.549999904046,0.0,0.0,0.0,0.0,0.0,0.0,10.550000000000182,3246.3099999999954,527.5,162315.5,0.0,164.0,538.0499999999884,165561.8100000001,0.0,0.0,1209.7067115312093,351683.1709329907
462,2021-04-07,2021,True,21.263013698630136,1055,1055,1164,276845.6725721258,1111.026266998315,34891,54,0.0,0.8076052828666898,0.18401470690596244,0.1507155364308974,0.07605913037626834,0.3836904529543598,0.9477535545023696,0.15359495870824236,436530.3371999883,0,False,False,True,"{""0"":null,""1"":null,""2"":null,""3"":null}",1055.0,459705.0,1055.0,325686.0,1055.0,325686.0,896.070665795356,276845.6725721258,896.070665795356,0.0,0.0,1111.0262669983204,352794.197199989,0.0,10.83857065863716,4.0,1312.0,0.0,0.0,94.69999999862193,29165.99999985607,0.0,812.3999999999226,52.74999999923239,16284.299999903278,0.0,0.0,0.0,0.0,0.0,0.0,10.550000000000182,3256.8599999999956,527.5,162843.0,0.0,164.0,538.0499999999884,166099.8600000001,0.0,0.0,1111.0262669983204,352794.197199989
463,2021-04-08,2021,True,21.265753424657532,1054,1054,1164,277741.03622912394,1088.7944402573678,35032,57,0.0,0.8216321320448203,0.16641259022869542,0.15059825291732398,0.07610692152721127,0.3836803982252353,0.9477229601518027,0.17644961546197005,437081.5916402457,0,False,False,True,"{""0"":null,""1"":null,""2"":null,""3"":null}",1054.0,460759.0,1054.0,326740.0,1054.0,326740.0,895.3636569981463,277741.03622912394,895.3636569981463,0.0,0.0,1088.794440257363,353882.99164024636,0.0,10.83857065863716,4.0,1316.0,0.0,0.0,94.59999999862339,29260.599999854694,3.1499999999995225,815.5499999999221,52.699999999233114,16336.999999902511,0.0,0.0,0.0,0.0,0.0,0.0,10.539999999999964,3267.3999999999955,527.0,163370.0,0.0,164.0,537.5400000000081,166637.4000000001,0.0,0.0,1088.794440257363,353882.99164024636
464,2021-04-09,2021,True,21.268493150684932,1055,1055,1165,278637.2860199474,1025.4657846123162,35139,60,0.0,0.809469096844871,0.16202242050231094,0.15049045328287655,0.0757036003454125,0.38361841432749677,0.9480805687203792,0.19739188982104033,437568.00742485805,0,False,False,True,"{""0"":null,""1"":null,""2"":null,""3"":null}",1055.0,461814.0,1055.0,327795.0,1055.0,327795.0,896.2497908234363,278637.2860199474,896.2497908234363,0.0,0.0,1025.4657846123446,354908.4574248587,0.0,10.83857065863716,4.0,1320.0,0.0,0.0,94.69999999862193,29355.299999853316,2.249999999999659,817.7999999999217,52.749999999234205,16389.749999901745,0.0,0.0,0.0,0.0,0.0,0.0,10.550000000000182,3277.9499999999957,527.5,163897.5,1.0,165.0,538.0499999999884,167175.4500000001,0.0,0.0,1025.4657846123446,354908.4574248587
465,2021-04-10,2021,False,21.27123287671233,1055,0,1165,278637.2860199474,0.0,34242,60,0.0,,,0.15043429345524345,0.0759101490713245,0.38361841432749677,0.9495118483412323,0.12256603732930854,437568.00742485805,0,False,False,True,"{""0"":null,""1"":null,""2"":null,""3"":null}",1055.0,462869.0,0.0,327795.0,0.0,327795.0,0.0,278637.2860199474,0.0,0.0,0.0,0.0,354908.4574248587,0.0,10.83857065863716,0.0,1320.0,0.0,0.0,0.0,29355.299999853316,0.0,817.7999999999217,0.0,16389.749999901745,0.0,0.0,0.0,0.0,0.0,0.0,0.0,3277.9499999999957,0.0,163897.5,0.0,165.0,0.0,167175.4500000001,0.0,0.0,0.0,354908.4574248587
466,2021-04-11,2021,False,21.273972602739725,1056,0,1166,278637.2860199474,0.0,34242,60,0.0,,,0.15054972629015154,0.07547957082905905,0.3838515661530462,0.9492755681818181,0.07431871049335088,437567.00742485805,0,False,False,True,"{""0"":null,""1"":null,""2"":null,""3"":null}",1056.0,463925.0,0.0,327795.0,0.0,327795.0,0.0,278637.2860199474,0.0,0.0,0.0,0.0,354908.4574248587,0.0,10.83857065863716,0.0,1320.0,0.0,0.0,0.0,29355.299999853316,0.0,817.7999999999217,0.0,16389.749999901745,0.0,0.0,0.0,0.0,0.0,0.0,0.0,3277.9499999999957,0.0,163897.5,1.0,166.0,0.0,167175.4500000001,0.0,0.0,0.0,354908.4574248587
467,2021-04-12,2021,True,21.276712328767122,1056,1056,1166,279534.51041346125,1280.8534538707113,35297,19,0.19004489323026272,0.8561045242865062,0.12440207850868079,0.15054972629015156,0.07547957082905907,0.3838515661530462,0.948219696969697,0.10281649943886466,438309.30087872874,0,False,False,True,"{""0"":null,""1"":null,""2"":null,""3"":null}",1056.0,464981.0,1056.0,328851.0,1056.0,328851.0,897.2243935138686,279534.51041346125,897.2243935138686,0.0,0.0,1280.853453870688,356189.3108787294,0.1900448932302634,11.028615551867423,4.0,1324.0,0.0,0.0,94.79999999862048,29450.099999851936,8.999999999998636,826.7999999999204,52.79999999923166,16442.549999900977,0.0,0.0,0.0,0.0,0.0,0.0,10.559999999999945,3288.5099999999957,528.0,164425.5,0.0,166.0,538.5599999999977,167714.0100000001,0.0,0.0,1280.853453870688,356189.3108787294
468,2021-04-13,2021,True,21.279452054794522,1056,1056,1167,280431.63908254803,1208.5968876822785,35351,31,0.0,0.835314834916464,0.14716103835449568,0.15017967128623533,0.07483194229867957,0.38373156256825364,0.9487121212121212,0.12939203636589455,438978.337766411,0,False,False,True,"{""0"":null,""1"":null,""2"":null,""3"":null}",1056.0,466037.0,1056.0,329907.0,1056.0,329907.0,897.1286690867855,280431.63908254803,897.1286690867855,0.0,0.0,1208.5968876822735,357397.90776641166,0.0,11.028615551867423,4.0,1328.0,0.0,0.0,94.79999999862048,29544.899999850557,0.0,826.7999999999204,52.79999999923166,16495.34999990021,0.0,0.0,0.0,0.0,0.0,0.0,10.559999999999945,3299.0699999999956,528.0,164953.5,1.0,167.0,538.5599999999977,168252.5700000001,0.0,0.0,1208.5968876822735,357397.90776641166
469,2021-04-14,2021,True,21.28219178082192,1056,1056,1167,281328.7677516348,1135.5926405666216,35450,44,0.0,0.8182186674610474,0.18668559993023018,0.15011353342620926,0.07508990323617247,0.38373156256825364,0.948778409090909,0.1540248067492093,439575.37040697766,0,False,False,True,"{""0"":null,""1"":null,""2"":null,""3"":null}",1056.0,467093.0,1056.0,330963.0,1056.0,330963.0,897.1286690867855,281328.7677516348,897.1286690867855,0.0,0.0,1135.5926405666396,358533.5004069783,0.0,11.028615551867423,4.0,1332.0,0.0,0.0,94.79999999862048,29639.699999849177,0.0,826.7999999999204,52.79999999923166,16548.14999989944,0.0,0.0,0.0,0.0,0.0,0.0,10.559999999999945,3309.6299999999956,528.0,165481.5,0.0,167.0,538.5599999999977,168791.1300000001,0.0,0.0,1135.5926405666396,358533.5004069783
470,2021-04-15,2021,True,21.284931506849315,1056,1056,1167,282225.8964207216,1096.8463297127305,35581,42,0.0,0.7974099423337877,0.19633562068114377,0.15006722571159908,0.07540768067932961,0.38373156256825364,0.9489630681818182,0.1767293919235218,440133.6567366904,0,False,False,True,"{""0"":null,""1"":null,""2"":null,""3"":null}",1056.0,468149.0,1056.0,332019.0,1056.0,332019.0,897.1286690867855,282225.8964207216,897.1286690867855,0.0,0.0,1096.8463297127164,359630.346736691,0.0,11.028615551867423,4.0,1336.0,0.0,0.0,94.79999999862048,29734.499999847798,2.849999999999568,829.6499999999199,52.79999999923166,16600.949999898672,0.0,0.0,0.0,0.0,0.0,0.0,10.559999999999945,3320.1899999999955,528.0,166009.5,0.0,167.0,538.5599999999977,169329.6900000001,0.0,0.0,1096.8463297127164,359630.346736691
471,2021-04-16,2021,True,21.28767123287671,1057,1057,1168,283123.96744407987,1023.6426215306778,35690,51,0.02018407116406351,0.8108692916397288,0.18394051212823792,0.15000501941267258,0.07497146961047378,0.38366957867051515,0.9492052980132449,0.1976697470016522,440617.22935822106,0,False,False,True,"{""0"":null,""1"":null,""2"":null,""3"":null}",1057.0,469206.0,1057.0,333076.0,1057.0,333076.0,898.0710233582649,283123.96744407987,898.0710233582649,0.0,0.0,1023.6426215306856,360653.9893582217,0.02018407116406351,11.048799623031487,4.0,1340.0,0.0,0.0,94.89999999861902,29829.399999846417,1.7999999999997272,831.4499999999197,52.84999999923093,16653.799999897903,0.0,0.0,0.0,0.0,0.0,0.0,10.570000000000164,3330.7599999999957,528.5,166538.0,1.0,168.0,539.070000000007,169868.7600000001,0.0,0.0,1023.6426215306856,360653.9893582217
472,2021-04-17,2021,False,21.29041095890411,1057,0,1168,283123.96744407987,0.0,34782,51,0.0,,,0.14989641806509996,0.07524288388722425,0.38366957867051515,0.9506054872280038,0.12273241308736889,440617.22935822106,0,False,False,True,"{""0"":null,""1"":null,""2"":null,""3"":null}",1057.0,470263.0,0.0,333076.0,0.0,333076.0,0.0,283123.96744407987,0.0,0.0,0.0,0.0,360653.9893582217,0.0,11.048799623031487,0.0,1340.0,0.0,0.0,0.0,29829.399999846417,0.0,831.4499999999197,0.0,16653.799999897903,0.0,0.0,0.0,0.0,0.0,0.0,0.0,3330.7599999999957,0.0,166538.0,0.0,168.0,0.0,169868.7600000001,0.0,0.0,0.0,360653.9893582217
473,2021-04-18,2021,False,21.293150684931508,1057,0,1168,283123.96744407987,0.0,34782,51,0.0,,,0.14989641806509996,0.07524288388722425,0.38366957867051515,0.9506054872280038,0.07459809539448647,440617.22935822106,0,False,False,True,"{""0"":null,""1"":null,""2"":null,""3"":null}",1057.0,471320.0,0.0,333076.0,0.0,333076.0,0.0,283123.96744407987,0.0,0.0,0.0,0.0,360653.9893582217,0.0,11.048799623031487,0.0,1340.0,0.0,0.0,0.0,29829.399999846417,0.0,831.4499999999197,0.0,16653.799999897903,0.0,0.0,0.0,0.0,0.0,0.0,0.0,3330.7599999999957,0.0,166538.0,0.0,168.0,0.0,169868.7600000001,0.0,0.0,0.0,360653.9893582217
474,2021-04-19,2021,True,21.295890410958904,1058,1058,1170,284022.925036374,1245.4263330715905,35836,16,0.0,0.8413269057708365,0.14498764570810144,0.14982633668007161,0.0739912345820399,0.3839027304960646,0.9491682419659736,0.10271552736822952,441321.07569129264,0,False,False,True,"{""0"":null,""1"":null,""2"":null,""3"":null}",1058.0,472378.0,1058.0,334134.0,1058.0,334134.0,898.957592294144,284022.925036374,898.957592294144,0.0,0.0,1245.4263330716058,361899.4156912933,0.0,11.048799623031487,4.0,1344.0,0.0,0.0,94.99999999861757,29924.399999845034,7.64999999999884,839.0999999999185,52.899999999230204,16706.699999897133,0.0,0.0,0.0,0.0,0.0,0.0,10.579999999999927,3341.3399999999956,529.0,167067.0,2.0,170.0,539.5799999999872,170408.34000000008,0.0,0.0,1245.4263330716058,361899.4156912933
475,2021-04-20,2021,True,21.2986301369863,1056,1056,1171,284919.9752888948,1213.6128291675482,35877,37,0.011578982817075995,0.8351975012179016,0.15642747118733596,0.14983300561462565,0.07422339051971201,0.3838543651604653,0.9493655303030303,0.12924233893136147,441995.1285204602,0,False,False,True,"{""0"":null,""1"":null,""2"":null,""3"":null}",1056.0,473434.0,1056.0,335190.0,1056.0,335190.0,897.0502525207703,284919.9752888948,897.0502525207703,0.0,0.0,1213.6128291675705,363113.0285204609,0.011578982817075811,11.060378605848562,4.0,1348.0,0.0,0.0,94.79999999862048,30019.199999843655,0.0,839.0999999999185,52.79999999923166,16759.499999896365,0.0,0.0,0.0,0.0,0.0,0.0,10.559999999999945,3351.8999999999955,528.0,167595.0,1.0,171.0,538.5599999999977,170946.90000000008,0.0,0.0,1213.6128291675705,363113.0285204609
476,2021-04-21,2021,True,21.301369863013697,1056,1056,1171,285817.02554141555,1162.2802552158141,35975,55,0.0,0.8087709817168263,0.19393037595219614,0.14979816301972756,0.07447750425757417,0.3838543651604653,0.9491382575757575,0.1537944358436427,442618.84877567604,0,False,False,True,"{""0"":null,""1"":null,""2"":null,""3"":null}",1056.0,474490.0,1056.0,336246.0,1056.0,336246.0,897.0502525207703,285817.02554141555,897.0502525207703,0.0,0.0,1162.2802552158246,364275.3087756767,0.0,11.060378605848562,4.0,1352.0,0.0,0.0,94.79999999862048,30113.999999842275,0.0,839.0999999999185,52.79999999923166,16812.299999895597,0.0,0.0,0.0,0.0,0.0,0.0,10.559999999999945,3362.4599999999955,528.0,168123.0,0.0,171.0,538.5599999999977,171485.46000000008,0.0,0.0,1162.2802552158246,364275.3087756767
477,2021-04-22,2021,True,21.304109589041097,1055,1055,1171,286713.2760816507,1084.0541724194397,36118,52,0.15778025880655783,0.7905959550129241,0.20471324997233228,0.14947898891835767,0.07433742514726033,0.38362121333491583,0.9494691943127963,0.17661591000726165,443164.8529480955,0,False,False,True,"{""0"":null,""1"":null,""2"":null,""3"":null}",1055.0,475545.0,1055.0,337301.0,1055.0,337301.0,896.250540235138,286713.2760816507,896.250540235138,0.0,0.0,1084.054172419419,365359.3629480961,0.15778025880655733,11.21815886465512,4.0,1356.0,0.0,0.0,94.69999999862193,30208.699999840897,2.399999999999636,841.4999999999181,52.74999999923239,16865.04999989483,0.0,0.0,0.0,0.0,0.0,0.0,10.550000000000182,3373.0099999999957,527.5,168650.5,0.0,171.0,538.0499999999884,172023.51000000007,0.0,0.0,1084.054172419419,365359.3629480961
478,2021-04-23,2021,True,21.306849315068494,1055,1055,1171,287609.52662188583,1037.3183169689498,36226,53,0.0,0.796226705085598,0.19822799884918882,0.14955166558364225,0.07472483029512184,0.38362121333491583,0.9497914691943128,0.19756021814320487,443664.12126506446,0,False,False,True,"{""0"":null,""1"":null,""2"":null,""3"":null}",1055.0,476600.0,1055.0,338356.0,1055.0,338356.0,896.250540235138,287609.52662188583,896.250540235138,0.0,0.0,1037.3183169689728,366396.6812650651,0.0,11.21815886465512,4.0,1360.0,0.0,0.0,94.69999999862193,30303.39999983952,3.1499999999995225,844.6499999999177,52.74999999923239,16917.79999989406,0.0,0.0,0.0,0.0,0.0,0.0,10.550000000000182,3383.559999999996,527.5,169178.0,0.0,171.0,538.0499999999884,172561.56000000006,0.0,0.0,1037.3183169689728,366396.6812650651
479,2021-04-24,2021,False,21.30958904109589,1055,0,1171,287609.52662188583,0.0,35322,53,0.0,,,0.1494807019614955,0.07497372412656456,0.38362121333491583,0.9512037914691943,0.12244391758671976,443664.12126506446,0,False,False,True,"{""0"":null,""1"":null,""2"":null,""3"":null}",1055.0,477655.0,0.0,338356.0,0.0,338356.0,0.0,287609.52662188583,0.0,0.0,0.0,0.0,366396.6812650651,0.0,11.21815886465512,0.0,1360.0,0.0,0.0,0.0,30303.39999983952,0.0,844.6499999999177,0.0,16917.79999989406,0.0,0.0,0.0,0.0,0.0,0.0,0.0,3383.559999999996,0.0,169178.0,0.0,171.0,0.0,172561.56000000006,0.0,0.0,0.0,366396.6812650651
480,2021-04-25,2021,False,21.312328767123287,1056,0,1172,287609.52662188583,0.0,35322,53,0.0,,,0.1495983543079071,0.07454717839742665,0.3838543651604653,0.9509659090909092,0.07422511554862214,443663.12126506446,0,False,False,True,"{""0"":null,""1"":null,""2"":null,""3"":null}",1056.0,478711.0,0.0,338356.0,0.0,338356.0,0.0,287609.52662188583,0.0,0.0,0.0,0.0,366396.6812650651,0.0,11.21815886465512,0.0,1360.0,0.0,0.0,0.0,30303.39999983952,0.0,844.6499999999177,0.0,16917.79999989406,0.0,0.0,0.0,0.0,0.0,0.0,0.0,3383.559999999996,0.0,169178.0,1.0,172.0,0.0,172561.56000000006,0.0,0.0,0.0,366396.6812650651
481,2021-04-26,2021,True,21.315068493150683,1056,1056,1172,288506.5962464454,1283.1071470504048,36368,19,0.0,0.8437062900716036,0.14905139398711906,0.14959835430790713,0.07454717839742667,0.3838543651604653,0.9498390151515151,0.10278107243055007,444407.66841211484,0,False,False,True,"{""0"":null,""1"":null,""2"":null,""3"":null}",1056.0,479767.0,1056.0,339412.0,1056.0,339412.0,897.0696245595464,288506.5962464454,897.0696245595464,0.0,0.0,1283.1071470503812,367679.7884121155,0.0,11.21815886465512,4.0,1364.0,0.0,0.0,94.79999999862048,30398.19999983814,7.949999999998795,852.5999999999165,52.79999999923166,16970.599999893293,0.0,0.0,0.0,0.0,0.0,0.0,10.559999999999945,3394.119999999996,528.0,169706.0,0.0,172.0,538.5599999999977,173100.12000000005,0.0,0.0,1283.1071470503812,367679.7884121155
482,2021-04-27,2021,True,21.317808219178083,1056,1056,1173,289403.68290109496,1203.1490717257248,36425,37,0.0,0.8173440954050637,0.16961304927026388,0.14926277785343467,0.07435172064055386,0.3834364268449657,0.9512594696969696,0.12947002849628605,445071.25748384057,0,False,False,True,"{""0"":null,""1"":null,""2"":null,""3"":null}",1056.0,480823.0,1056.0,340468.0,1056.0,340468.0,897.0866546495818,289403.68290109496,897.0866546495818,0.0,0.0,1203.1490717257257,368882.9374838412,0.0,11.21815886465512,4.0,1368.0,0.0,0.0,94.79999999862048,30492.99999983676,0.0,852.5999999999165,52.79999999923166,17023.399999892525,0.0,0.0,0.0,0.0,0.0,0.0,10.559999999999945,3404.6799999999957,528.0,170234.0,1.0,173.0,538.5599999999977,173638.68000000005,0.0,0.0,1203.1490717257257,368882.9374838412
483,2021-04-28,2021,True,21.32054794520548,1057,1057,1174,290301.742306011,1145.7418877143723,36527,53,0.0,0.8145987159395204,0.15440188248117917,0.1491952169281597,0.07395143421253578,0.3834464815740902,0.9509602649006622,0.15413300116848638,445676.9293715549,0,False,False,True,"{""0"":null,""1"":null,""2"":null,""3"":null}",1057.0,481880.0,1057.0,341525.0,1057.0,341525.0,898.0594049160136,290301.742306011,898.0594049160136,0.0,0.0,1145.7418877143646,370028.67937155557,0.0,11.21815886465512,4.0,1372.0,0.0,0.0,94.89999999861902,30587.89999983538,0.0,852.5999999999165,52.84999999923093,17076.249999891756,0.0,0.0,0.0,0.0,0.0,0.0,10.570000000000164,3415.249999999996,528.5,170762.5,1.0,174.0,539.070000000007,174177.75000000006,0.0,0.0,1145.7418877143646,370028.67937155557
484,2021-04-29,2021,True,21.323287671232876,1057,1057,1175,291199.77638662054,1089.0642720190256,36656,48,0.0,0.800415124615895,0.18930462295223985,0.14914859937646352,0.07409145781938838,0.3834464815740902,0.9508940397350993,0.17687032282088017,446225.92364357394,0,False,False,True,"{""0"":null,""1"":null,""2"":null,""3"":null}",1057.0,482937.0,1057.0,342582.0,1057.0,342582.0,898.0340806095628,291199.77638662054,898.0340806095628,0.0,0.0,1089.0642720190226,371117.7436435746,0.0,11.21815886465512,4.0,1376.0,0.0,0.0,94.89999999861902,30682.799999834,2.849999999999568,855.449999999916,52.84999999923093,17129.099999890987,0.0,0.0,0.0,0.0,0.0,0.0,10.570000000000164,3425.819999999996,528.5,171291.0,1.0,175.0,539.070000000007,174716.82000000007,0.0,0.0,1089.0642720190226,371117.7436435746
485,2021-04-30,2021,True,21.326027397260273,1057,1057,1175,292097.8104672301,1045.8900406068549,36774,48,0.0,0.8051180545989931,0.1854376466876339,0.14904819843087821,0.0743799785830394,0.3834464815740902,0.9513245033112583,0.19776497063856338,446732.7436841808,0,False,False,True,"{""0"":null,""1"":null,""2"":null,""3"":null}",1057.0,483994.0,1057.0,343639.0,1057.0,343639.0,898.0340806095628,292097.8104672301,898.0340806095628,0.0,0.0,1045.8900406068424,372163.63368418143,0.0,11.21815886465512,4.0,1380.0,0.0,0.0,94.89999999861902,30777.699999832617,2.6999999999995907,858.1499999999156,52.84999999923093,17181.949999890217,0.0,0.0,0.0,0.0,0.0,0.0,10.570000000000164,3436.3899999999962,528.5,171819.5,0.0,175.0,539.070000000007,175255.89000000007,0.0,0.0,1045.8900406068424,372163.63368418143
486,2021-05-01,2021,False,21.328767123287673,1058,0,1176,292097.8104672301,0.0,35862,48,0.0,,,0.14906065872615434,0.07409050280105563,0.3836796333996396,0.952476370510397,0.12250402499605295,446731.7436841808,0,False,False,True,"{""0"":null,""1"":null,""2"":null,""3"":null}",1058.0,485052.0,0.0,343639.0,0.0,343639.0,0.0,292097.8104672301,0.0,0.0,0.0,0.0,372163.63368418143,0.0,11.21815886465512,0.0,1380.0,0.0,0.0,0.0,30777.699999832617,0.0,858.1499999999156,0.0,17181.949999890217,0.0,0.0,0.0,0.0,0.0,0.0,0.0,3436.3899999999962,0.0,171819.5,1.0,176.0,0.0,175255.89000000007,0.0,0.0,0.0,372163.63368418143
487,2021-05-02,2021,False,21.33150684931507,1058,0,1176,292097.8104672301,0.0,35862,48,0.0,,,0.14906065872615432,0.07409050280105561,0.3836796333996396,0.952476370510397,0.07427469503139568,446731.7436841808,0,False,False,True,"{""0"":null,""1"":null,""2"":null,""3"":null}",1058.0,486110.0,0.0,343639.0,0.0,343639.0,0.0,292097.8104672301,0.0,0.0,0.0,0.0,372163.63368418143,0.0,11.21815886465512,0.0,1380.0,0.0,0.0,0.0,30777.699999832617,0.0,858.1499999999156,0.0,17181.949999890217,0.0,0.0,0.0,0.0,0.0,0.0,0.0,3436.3899999999962,0.0,171819.5,0.0,176.0,0.0,175255.89000000007,0.0,0.0,0.0,372163.63368418143
488,2021-05-03,2021,True,21.334246575342465,1058,1058,1176,292996.62962686556,1270.8462309915512,36901,18,0.33493088808349336,0.8431258925861111,0.14100102228966938,0.14906065872615432,0.07409050280105563,0.3836796333996396,0.951280718336484,0.10279753227197197,447463.0099151723,0,False,False,True,"{""0"":null,""1"":null,""2"":null,""3"":null}",1058.0,487168.0,1058.0,344697.0,1058.0,344697.0,898.8191596354591,292996.62962686556,898.8191596354591,0.0,0.0,1270.846230991534,373434.47991517297,0.3349308880834929,11.553089752738613,4.0,1384.0,0.0,0.0,94.99999999861757,30872.699999831235,7.199999999998909,865.3499999999145,52.899999999230204,17234.849999889448,0.0,0.0,0.0,0.0,0.0,0.0,10.579999999999927,3446.969999999996,529.0,172348.5,0.0,176.0,539.5799999999872,175795.47000000006,0.0,0.0,1270.846230991534,373434.47991517297
489,2021-05-04,2021,True,21.336986301369862,1058,1058,1176,293895.448786501,1209.6366147060437,36964,36,0.0,0.8053427786885314,0.17133167065775856,0.14898904499245147,0.07442822737576822,0.3836796333996396,0.9516824196597353,0.12939588412644848,448133.0665298783,0,False,False,True,"{""0"":null,""1"":null,""2"":null,""3"":null}",1058.0,488226.0,1058.0,345755.0,1058.0,345755.0,898.8191596354591,293895.448786501,898.8191596354591,0.0,0.0,1209.636614706018,374644.116529879,0.0,11.553089752738613,4.0,1388.0,0.0,0.0,94.99999999861757,30967.699999829852,0.0,865.3499999999145,52.899999999230204,17287.749999888678,0.0,0.0,0.0,0.0,0.0,0.0,10.579999999999927,3457.549999999996,529.0,172877.5,0.0,176.0,539.5799999999872,176335.05000000005,0.0,0.0,1209.636614706018,374644.116529879
490,2021-05-05,2021,True,21.339726027397262,1058,1058,1176,294794.2679461365,1133.8288352458667,37070,51,0.0,0.8327090640972838,0.15313332088161702,0.14886888889911987,0.07475741093890481,0.3836796333996396,0.9518620037807184,0.1539971287451859,448727.31536512414,0,False,False,True,"{""0"":null,""1"":null,""2"":null,""3"":null}",1058.0,489284.0,1058.0,346813.0,1058.0,346813.0,898.8191596354591,294794.2679461365,898.8191596354591,0.0,0.0,1133.8288352458621,375777.94536512485,0.0,11.553089752738613,4.0,1392.0,0.0,0.0,94.99999999861757,31062.69999982847,0.0,865.3499999999145,52.899999999230204,17340.649999887908,0.0,0.0,0.0,0.0,0.0,0.0,10.579999999999927,3468.129999999996,529.0,173406.5,0.0,176.0,539.5799999999872,176874.63000000003,0.0,0.0,1133.8288352458621,375777.94536512485
491,2021-05-06,2021,True,21.34246575342466,1058,1058,1176,295693.08710577193,1099.3066569084656,37185,51,0.10382008764833,0.8119538885178694,0.17078507686253364,0.14882507017282412,0.07499817265772511,0.3836796333996396,0.9519328922495274,0.17675662201549178,449287.0420220326,0,False,False,True,"{""0"":null,""1"":null,""2"":null,""3"":null}",1058.0,490342.0,1058.0,347871.0,1058.0,347871.0,898.8191596354591,295693.08710577193,898.8191596354591,0.0,0.0,1099.3066569084767,376877.2520220333,0.10382008764833017,11.656909840386943,4.0,1396.0,0.0,0.0,94.99999999861757,31157.699999827088,2.6999999999995907,868.0499999999141,52.899999999230204,17393.54999988714,0.0,0.0,0.0,0.0,0.0,0.0,10.579999999999927,3478.709999999996,529.0,173935.5,0.0,176.0,539.5799999999872,177414.21000000002,0.0,0.0,1099.3066569084767,376877.2520220333
492,2021-05-07,2021,True,21.345205479452055,1059,1059,1177,296592.64940566703,1049.596634248466,37299,61,0.051770515250094865,0.8129866734056607,0.17987000702749847,0.14885106799228356,0.07491596288913305,0.38391278522518907,0.9518224740321057,0.1976962018966832,449795.548656281,0,False,False,True,"{""0"":null,""1"":null,""2"":null,""3"":null}",1059.0,491401.0,1059.0,348930.0,1059.0,348930.0,899.5622998951003,296592.64940566703,899.5622998951003,0.0,0.0,1049.5966342484462,377926.84865628177,0.05177051525009446,11.708680355637037,4.0,1400.0,0.0,0.0,95.09999999861611,31252.799999825704,2.6999999999995907,870.7499999999137,52.949999999229476,17446.499999886368,0.0,0.0,0.0,0.0,0.0,0.0,10.590000000000146,3489.299999999996,529.5,174465.0,1.0,177.0,540.0899999999965,177954.30000000002,0.0,0.0,1049.5966342484462,377926.84865628177
493,2021-05-08,2021,False,21.34794520547945,1058,0,1177,296592.64940566703,0.0,36402,61,0.0,,,0.14897814263111986,0.07517994179653305,0.3840947727077202,0.9533412098298677,0.12257996952252409,449795.548656281,0,False,False,True,"{""0"":null,""1"":null,""2"":null,""3"":null}",1058.0,492459.0,0.0,348930.0,0.0,348930.0,0.0,296592.64940566703,0.0,0.0,0.0,0.0,377926.84865628177,0.0,11.708680355637037,0.0,1400.0,0.0,0.0,0.0,31252.799999825704,0.0,870.7499999999137,0.0,17446.499999886368,0.0,0.0,0.0,0.0,0.0,0.0,0.0,3489.299999999996,0.0,174465.0,0.0,177.0,0.0,177954.30000000002,0.0,0.0,0.0,377926.84865628177
494,2021-05-09,2021,False,21.350684931506848,1059,0,1178,296592.64940566703,0.0,36402,61,0.0,,,0.1487408126575514,0.07434126973330314,0.38391278522518907,0.9531019830028329,0.07415456325315921,449794.548656281,0,False,False,True,"{""0"":null,""1"":null,""2"":null,""3"":null}",1059.0,493518.0,0.0,348930.0,0.0,348930.0,0.0,296592.64940566703,0.0,0.0,0.0,0.0,377926.84865628177,0.0,11.708680355637037,0.0,1400.0,0.0,0.0,0.0,31252.799999825704,0.0,870.7499999999137,0.0,17446.499999886368,0.0,0.0,0.0,0.0,0.0,0.0,0.0,3489.299999999996,0.0,174465.0,1.0,178.0,0.0,177954.30000000002,0.0,0.0,0.0,377926.84865628177
495,2021-05-10,2021,True,21.353424657534248,1059,1059,1178,297492.3713320432,1278.4056252374419,37448,26,0.27341202826305483,0.8356715511786856,0.16118134937616557,0.1487408126575514,0.07434126973330316,0.38391278522518907,0.9519357884796978,0.10272315777702055,450532.86428151844,0,False,False,True,"{""0"":null,""1"":null,""2"":null,""3"":null}",1059.0,494577.0,1059.0,349989.0,1059.0,349989.0,899.7219263761654,297492.3713320432,899.7219263761654,0.0,0.0,1278.405625237443,379205.2542815192,0.27341202826305455,11.982092383900092,4.0,1404.0,0.0,0.0,95.09999999861611,31347.89999982432,9.149999999998613,879.8999999999123,52.949999999229476,17499.449999885597,0.0,0.0,0.0,0.0,0.0,0.0,10.590000000000146,3499.8899999999962,529.5,174994.5,0.0,178.0,540.0899999999965,178494.39,0.0,0.0,1278.405625237443,379205.2542815192
496,2021-05-11,2021,True,21.356164383561644,1059,1059,1178,298392.09325841937,1221.8146776705214,37514,43,0.16164916022820144,0.8168747205196434,0.15346862797219102,0.14859947115964073,0.0746029146019062,0.38391278522518907,0.9528706326723324,0.12930679316233587,451214.58895918896,0,False,False,True,"{""0"":null,""1"":null,""2"":null,""3"":null}",1059.0,495636.0,1059.0,351048.0,1059.0,351048.0,899.7219263761654,298392.09325841937,899.7219263761654,0.0,0.0,1221.8146776705398,380427.06895918975,0.16164916022820108,12.143741544128293,4.0,1408.0,0.0,0.0,95.09999999861611,31442.999999822936,0.0,879.8999999999123,52.949999999229476,17552.399999884827,0.0,0.0,0.0,0.0,0.0,0.0,10.590000000000146,3510.4799999999964,529.5,175524.0,0.0,178.0,540.0899999999965,179034.48,0.0,0.0,1221.8146776705398,380427.06895918975
497,2021-05-12,2021,True,21.35890410958904,1059,1059,1178,299291.81518479553,1144.3003232166054,37613,56,0.0,0.8271202074344337,0.1695545430164297,0.1485728693074414,0.07492933187279123,0.38391278522518907,0.9529886685552408,0.15404255759744437,451818.7992824055,0,False,False,True,"{""0"":null,""1"":null,""2"":null,""3"":null}",1059.0,496695.0,1059.0,352107.0,1059.0,352107.0,899.7219263761654,299291.81518479553,899.7219263761654,0.0,0.0,1144.3003232165938,381571.36928240635,0.0,12.143741544128293,4.0,1412.0,0.0,0.0,95.09999999861611,31538.099999821552,0.0,879.8999999999123,52.949999999229476,17605.349999884056,0.0,0.0,0.0,0.0,0.0,0.0,10.590000000000146,3521.0699999999965,529.5,176053.5,0.0,178.0,540.0899999999965,179574.57,0.0,0.0,1144.3003232165938,381571.36928240635
498,2021-05-13,2021,True,21.361643835616437,1059,1059,1178,300191.5371111717,1093.3000823781592,37739,45,0.08790170871735156,0.7979496457982607,0.1874708933327518,0.14846980071437252,0.07520866828391037,0.38391278522518907,0.9532625118035883,0.17686384370593777,452372.00936478365,0,False,False,True,"{""0"":null,""1"":null,""2"":null,""3"":null}",1059.0,497754.0,1059.0,353166.0,1059.0,353166.0,899.7219263761654,300191.5371111717,899.7219263761654,0.0,0.0,1093.3000823781476,382664.6693647845,0.08790170871735192,12.231643252845645,4.0,1416.0,0.0,0.0,95.09999999861611,31633.199999820168,3.899999999999409,883.7999999999117,52.949999999229476,17658.299999883286,0.0,0.0,0.0,0.0,0.0,0.0,10.590000000000146,3531.6599999999967,529.5,176583.0,0.0,178.0,540.0899999999965,180114.66,0.0,0.0,1093.3000823781476,382664.6693647845
499,2021-05-14,2021,True,21.364383561643834,1057,1057,1178,301089.59722677124,1053.754461523003,37838,48,0.10160232903200137,0.8174816361803255,0.17095672274964477,0.148625498634596,0.07547392267892364,0.38408471797859567,0.9530889309366131,0.19792226366803675,452886.69382630667,0,False,False,True,"{""0"":null,""1"":null,""2"":null,""3"":null}",1057.0,498811.0,1057.0,354223.0,1057.0,354223.0,898.0601155995391,301089.59722677124,898.0601155995391,0.0,0.0,1053.754461523029,383718.4238263075,0.10160232903200139,12.333245581877646,4.0,1420.0,0.0,0.0,94.89999999861902,31728.099999818787,2.5499999999996135,886.3499999999113,52.84999999923093,17711.149999882517,0.0,0.0,0.0,0.0,0.0,0.0,10.570000000000164,3542.229999999997,528.5,177111.5,0.0,178.0,539.070000000007,180653.73,0.0,0.0,1053.754461523029,383718.4238263075
500,2021-05-15,2021,False,21.367123287671234,1057,0,1178,301089.59722677124,0.0,36942,48,0.0,,,0.1485824402613125,0.07576314944749879,0.38408471797859567,0.9545742667928099,0.12250763012370103,452886.69382630667,0,False,False,True,"{""0"":null,""1"":null,""2"":null,""3"":null}",1057.0,499868.0,0.0,354223.0,0.0,354223.0,0.0,301089.59722677124,0.0,0.0,0.0,0.0,383718.4238263075,0.0,12.333245581877646,0.0,1420.0,0.0,0.0,0.0,31728.099999818787,0.0,886.3499999999113,0.0,17711.149999882517,0.0,0.0,0.0,0.0,0.0,0.0,0.0,3542.229999999997,0.0,177111.5,0.0,178.0,0.0,180653.73,0.0,0.0,0.0,383718.4238263075
501,2021-05-16,2021,False,21.36986301369863,1057,0,1179,301089.59722677124,0.0,36942,48,0.0,,,0.14831268745675905,0.07517305891190187,0.38366957867051515,0.9552223273415326,0.074044641137824,452885.69382630667,0,False,False,True,"{""0"":null,""1"":null,""2"":null,""3"":null}",1057.0,500925.0,0.0,354223.0,0.0,354223.0,0.0,301089.59722677124,0.0,0.0,0.0,0.0,383718.4238263075,0.0,12.333245581877646,0.0,1420.0,0.0,0.0,0.0,31728.099999818787,0.0,886.3499999999113,0.0,17711.149999882517,0.0,0.0,0.0,0.0,0.0,0.0,0.0,3542.229999999997,0.0,177111.5,1.0,179.0,0.0,180653.73,0.0,0.0,0.0,383718.4238263075
502,2021-05-17,2021,True,21.372602739726027,1057,1057,1180,301987.39697841887,1275.2934973098625,37991,20,0.0,0.8372592043232484,0.15623180089779337,0.14827803585140445,0.07448392914230459,0.38366957867051515,0.9540917691579943,0.1027287088304988,453620.9173236165,0,False,False,True,"{""0"":null,""1"":null,""2"":null,""3"":null}",1057.0,501982.0,1057.0,355280.0,1057.0,355280.0,897.7997516476316,301987.39697841887,897.7997516476316,0.0,0.0,1275.2934973098454,384993.71732361737,0.0,12.333245581877646,4.0,1424.0,0.0,0.0,94.89999999861902,31822.999999817406,7.199999999998909,893.5499999999103,52.84999999923093,17763.999999881747,0.0,0.0,0.0,0.0,0.0,0.0,10.570000000000164,3552.799999999997,528.5,177640.0,1.0,180.0,539.070000000007,181192.80000000002,0.0,0.0,1275.2934973098454,384993.71732361737
503,2021-05-18,2021,True,21.375342465753423,1058,1058,1181,302886.09803651884,1210.2708876672611,38041,34,0.0,0.8439501195615389,0.14594096632065806,0.14820374555745397,0.07422338701933374,0.3836795058417399,0.954437618147448,0.12941666819877148,454290.60821128375,0,False,False,True,"{""0"":null,""1"":null,""2"":null,""3"":null}",1058.0,503040.0,1058.0,356338.0,1058.0,356338.0,898.7010580999777,302886.09803651884,898.7010580999777,0.0,0.0,1210.270887667255,386203.9882112846,0.0,12.333245581877646,4.0,1428.0,0.0,0.0,94.99999999861757,31917.999999816024,0.0,893.5499999999103,52.899999999230204,17816.899999880978,0.0,0.0,0.0,0.0,0.0,0.0,10.579999999999927,3563.379999999997,529.0,178169.0,1.0,181.0,539.5799999999872,181732.38,0.0,0.0,1210.270887667255,386203.9882112846
504,2021-05-19,2021,True,21.378082191780823,1058,1058,1181,303784.7990946188,1166.844048309783,38150,46,0.0,0.8251705696970875,0.15914588325983714,0.14822442435807887,0.07458357779435566,0.3836795058417399,0.9544754253308129,0.15419972328218892,454917.8722595935,0,False,False,True,"{""0"":null,""1"":null,""2"":null,""3"":null}",1058.0,504098.0,1058.0,357396.0,1058.0,357396.0,898.7010580999777,303784.7990946188,898.7010580999777,0.0,0.0,1166.8440483097802,387370.8322595944,0.0,12.333245581877646,4.0,1432.0,0.0,0.0,94.99999999861757,32012.99999981464,0.0,893.5499999999103,52.899999999230204,17869.799999880208,0.0,0.0,0.0,0.0,0.0,0.0,10.579999999999927,3573.959999999997,529.0,178698.0,0.0,181.0,539.5799999999872,182271.96,0.0,0.0,1166.8440483097802,387370.8322595944
505,2021-05-20,2021,True,21.38082191780822,1058,1058,1181,304683.5001527188,1089.6618604430757,38264,48,0.0,0.8139287648030995,0.18684425264070137,0.14817256037176105,0.07484859223227794,0.3836795058417399,0.9541729678638942,0.1770713120004498,455467.95412003656,0,False,False,True,"{""0"":null,""1"":null,""2"":null,""3"":null}",1058.0,505156.0,1058.0,358454.0,1058.0,358454.0,898.7010580999777,304683.5001527188,898.7010580999777,0.0,0.0,1089.6618604430696,388460.4941200375,0.0,12.333245581877646,4.0,1436.0,0.0,0.0,94.99999999861757,32107.99999981326,2.9999999999995453,896.5499999999098,52.899999999230204,17922.699999879438,0.0,0.0,0.0,0.0,0.0,0.0,10.579999999999927,3584.539999999997,529.0,179227.0,0.0,181.0,539.5799999999872,182811.53999999998,0.0,0.0,1089.6618604430696,388460.4941200375
506,2021-05-21,2021,True,21.383561643835616,1058,1058,1181,305582.2012108188,1047.4096973094033,38368,49,0.0,0.8024148667458071,0.2109914403211911,0.14809749684322904,0.07514839765687614,0.3836795058417399,0.9541635160680529,0.1981325958296835,455975.783817346,0,False,False,True,"{""0"":null,""1"":null,""2"":null,""3"":null}",1058.0,506214.0,1058.0,359512.0,1058.0,359512.0,898.7010580999777,305582.2012108188,898.7010580999777,0.0,0.0,1047.4096973094274,389507.9038173469,0.0,12.333245581877646,4.0,1440.0,0.0,0.0,94.99999999861757,32202.999999811876,2.0999999999996817,898.6499999999095,52.899999999230204,17975.59999987867,0.0,0.0,0.0,0.0,0.0,0.0,10.579999999999927,3595.1199999999967,529.0,179756.0,0.0,181.0,539.5799999999872,183351.11999999997,0.0,0.0,1047.4096973094274,389507.9038173469
507,2021-05-22,2021,False,21.386301369863013,1057,0,1181,305582.2012108188,0.0,37482,49,0.0,,,0.1478927770218963,0.07513355479401464,0.3834463540161904,0.9556149479659414,0.12245685835164012,455975.783817346,0,False,False,True,"{""0"":null,""1"":null,""2"":null,""3"":null}",1057.0,507271.0,0.0,359512.0,0.0,359512.0,0.0,305582.2012108188,0.0,0.0,0.0,0.0,389507.9038173469,0.0,12.333245581877646,0.0,1440.0,0.0,0.0,0.0,32202.999999811876,0.0,898.6499999999095,0.0,17975.59999987867,0.0,0.0,0.0,0.0,0.0,0.0,0.0,3595.1199999999967,0.0,179756.0,0.0,181.0,0.0,183351.11999999997,0.0,0.0,0.0,389507.9038173469
508,2021-05-23,2021,False,21.389041095890413,1059,0,1183,305582.2012108188,0.0,37482,49,0.0,,,0.14797864620515966,0.0740536785124145,0.3836895605708644,0.9551322001888575,0.07376348305876712,455973.783817346,0,False,False,True,"{""0"":null,""1"":null,""2"":null,""3"":null}",1059.0,508330.0,0.0,359512.0,0.0,359512.0,0.0,305582.2012108188,0.0,0.0,0.0,0.0,389507.9038173469,0.0,12.333245581877646,0.0,1440.0,0.0,0.0,0.0,32202.999999811876,0.0,898.6499999999095,0.0,17975.59999987867,0.0,0.0,0.0,0.0,0.0,0.0,0.0,3595.1199999999967,0.0,179756.0,2.0,183.0,0.0,183351.11999999997,0.0,0.0,0.0,389507.9038173469
509,2021-05-24,2021,True,21.39178082191781,1056,1056,1183,306478.8975686246,1302.0807918829578,38516,17,0.0,0.8446793184135589,0.14284743266208638,0.1477215038733019,0.07352123361838347,0.3835084654718287,0.9537357954545455,0.10265588520209694,456737.3046092289,0,False,False,True,"{""0"":null,""1"":null,""2"":null,""3"":null}",1056.0,509386.0,1056.0,360568.0,1056.0,360568.0,896.6963578058057,306478.8975686246,896.6963578058057,0.0,0.0,1302.0807918829378,390809.98460922984,0.0,12.333245581877646,4.0,1444.0,0.0,0.0,94.79999999862048,32297.799999810497,7.349999999998886,905.9999999999084,52.79999999923166,18028.3999998779,0.0,0.0,0.0,0.0,0.0,0.0,10.559999999999945,3605.6799999999967,528.0,180284.0,0.0,183.0,538.5599999999977,183889.67999999996,0.0,0.0,1302.0807918829378,390809.98460922984
510,2021-05-25,2021,True,21.394520547945206,1056,1056,1183,307375.5939264304,1200.502506314093,38580,36,0.0,0.826786412756745,0.15548613430666264,0.14765713933301616,0.07373198846688962,0.3835084654718287,0.9543655303030303,0.12941528128537658,457399.247115543,0,False,False,True,"{""0"":null,""1"":null,""2"":null,""3"":null}",1056.0,510442.0,1056.0,361624.0,1056.0,361624.0,896.6963578058057,307375.5939264304,896.6963578058057,0.0,0.0,1200.5025063140783,392010.4871155439,0.0,12.333245581877646,4.0,1448.0,0.0,0.0,94.79999999862048,32392.599999809117,0.0,905.9999999999084,52.79999999923166,18081.19999987713,0.0,0.0,0.0,0.0,0.0,0.0,10.559999999999945,3616.2399999999966,528.0,180812.0,0.0,183.0,538.5599999999977,184428.23999999996,0.0,0.0,1200.5025063140783,392010.4871155439
511,2021-05-26,2021,True,21.397260273972602,1057,1057,1184,308273.14481644926,1167.009676153579,38681,60,0.0,0.8155172053448518,0.16854469998576477,0.14761910730300737,0.07329383038117092,0.3834464815740902,0.9540113528855251,0.15412069717864377,458026.1867916966,0,False,False,True,"{""0"":null,""1"":null,""2"":null,""3"":null}",1057.0,511499.0,1057.0,362681.0,1057.0,362681.0,897.5508900188725,308273.14481644926,897.5508900188725,0.0,0.0,1167.009676153597,393177.4967916975,0.0,12.333245581877646,4.0,1452.0,0.0,0.0,94.89999999861902,32487.499999807736,0.0,905.9999999999084,52.84999999923093,18134.049999876363,0.0,0.0,0.0,0.0,0.0,0.0,10.570000000000164,3626.8099999999968,528.5,181340.5,1.0,184.0,539.070000000007,184967.30999999997,0.0,0.0,1167.009676153597,393177.4967916975
512,2021-05-27,2021,True,21.4,1056,1056,1184,309169.7787534033,1119.544613748438,38802,60,0.19189269692352362,0.8106262513940612,0.17578606562105714,0.14762953678876828,0.07354211032111022,0.3836284690566213,0.9540530303030303,0.17684560862300808,458607.171405445,0,False,False,True,"{""0"":null,""1"":null,""2"":null,""3"":null}",1056.0,512555.0,1056.0,363737.0,1056.0,363737.0,896.6339369540219,309169.7787534033,896.6339369540219,0.0,0.0,1119.5446137484396,394297.04140544595,0.1918926969235244,12.52513827880117,4.0,1456.0,0.0,0.0,94.79999999862048,32582.299999806357,2.5499999999996135,908.549999999908,52.79999999923166,18186.849999875594,0.0,0.0,0.0,0.0,0.0,0.0,10.559999999999945,3637.3699999999967,528.0,181868.5,0.0,184.0,538.5599999999977,185505.86999999997,0.0,0.0,1119.5446137484396,394297.04140544595
513,2021-05-28,2021,True,21.4027397260274,1056,1056,1184,310066.4126903573,1077.5519333525115,38916,58,0.0,0.8219863414618239,0.17304473365267972,0.1475462377983883,0.0738121901764522,0.3836284690566213,0.9541287878787879,0.19791223866321356,459146.1633387975,0,False,False,True,"{""0"":null,""1"":null,""2"":null,""3"":null}",1056.0,513611.0,1056.0,364793.0,1056.0,364793.0,896.6339369540219,310066.4126903573,896.6339369540219,0.0,0.0,1077.5519333524862,395374.59333879844,0.0,12.52513827880117,4.0,1460.0,0.0,0.0,94.79999999862048,32677.099999804977,2.849999999999568,911.3999999999075,52.79999999923166,18239.649999874826,0.0,0.0,0.0,0.0,0.0,0.0,10.559999999999945,3647.9299999999967,528.0,182396.5,0.0,184.0,538.5599999999977,186044.42999999996,0.0,0.0,1077.5519333524862,395374.59333879844
514,2021-05-29,2021,False,21.405479452054795,1057,0,1185,310066.4126903573,0.0,38022,58,0.0,,,0.14755626885438797,0.07355240643905353,0.38386162088217074,0.9553358561967833,0.12239570414652012,459145.1633387975,0,False,False,True,"{""0"":null,""1"":null,""2"":null,""3"":null}",1057.0,514668.0,0.0,364793.0,0.0,364793.0,0.0,310066.4126903573,0.0,0.0,0.0,0.0,395374.59333879844,0.0,12.52513827880117,0.0,1460.0,0.0,0.0,0.0,32677.099999804977,0.0,911.3999999999075,0.0,18239.649999874826,0.0,0.0,0.0,0.0,0.0,0.0,0.0,3647.9299999999967,0.0,182396.5,1.0,185.0,0.0,186044.42999999996,0.0,0.0,0.0,395374.59333879844
515,2021-05-30,2021,False,21.40821917808219,1057,0,1186,310066.4126903573,0.0,38022,58,0.0,,,0.14749813311968626,0.07340839866291962,0.38386162088217074,0.9550520340586566,0.07397095994162346,459144.1633387975,0,False,False,True,"{""0"":null,""1"":null,""2"":null,""3"":null}",1057.0,515725.0,0.0,364793.0,0.0,364793.0,0.0,310066.4126903573,0.0,0.0,0.0,0.0,395374.59333879844,0.0,12.52513827880117,0.0,1460.0,0.0,0.0,0.0,32677.099999804977,0.0,911.3999999999075,0.0,18239.649999874826,0.0,0.0,0.0,0.0,0.0,0.0,0.0,3647.9299999999967,0.0,182396.5,1.0,186.0,0.0,186044.42999999996,0.0,0.0,0.0,395374.59333879844
516,2021-05-31,2021,True,21.410958904109588,1057,1057,1186,310964.1357134184,1291.765416544932,39052,18,0.0,0.8363732154386971,0.15199575759693196,0.14749813311968626,0.07340839866291964,0.38386162088217074,0.9535714285714285,0.10270570475434507,459896.85875534243,0,False,False,True,"{""0"":null,""1"":null,""2"":null,""3"":null}",1057.0,516782.0,1057.0,365850.0,1057.0,365850.0,897.7230230611167,310964.1357134184,897.7230230611167,0.0,0.0,1291.7654165449203,396666.35875534336,0.0,12.52513827880117,4.0,1464.0,0.0,0.0,94.89999999862266,32771.9999998036,8.699999999998681,920.0999999999062,52.84999999923093,18292.499999874057,0.0,0.0,0.0,0.0,0.0,0.0,10.570000000000164,3658.499999999997,528.5,182925.0,0.0,186.0,539.070000000007,186583.49999999997,0.0,0.0,1291.7654165449203,396666.35875534336
517,2021-06-01,2021,True,21.413698630136984,1058,1058,1187,311862.6011178052,1208.512861459472,39122,36,0.0,0.8156814769046024,0.16422280966435582,0.1471898310752354,0.072885345526822,0.3836796333996396,0.9538468809073724,0.1294046260745035,460564.7916168019,0,False,False,True,"{""0"":null,""1"":null,""2"":null,""3"":null}",1058.0,517840.0,1058.0,366908.0,1058.0,366908.0,898.4654043868068,311862.6011178052,898.4654043868068,0.0,0.0,1208.5128614594578,397874.8716168028,0.0,12.52513827880117,4.0,1468.0,0.0,0.0,94.99999999861757,32866.99999980222,0.0,920.0999999999062,52.899999999230204,18345.399999873287,0.0,0.0,0.0,0.0,0.0,0.0,10.579999999999927,3669.0799999999967,529.0,183454.0,1.0,187.0,539.5799999999872,187123.07999999996,0.0,0.0,1208.5128614594578,397874.8716168028
518,2021-06-02,2021,True,21.416438356164385,1057,1057,1187,312760.21255623153,1178.3622144180006,39226,52,0.0,0.8202363196893877,0.1787345045218034,0.1470870724415314,0.07308327108545287,0.3837416172973781,0.9541059602649007,0.15417359568820377,461204.0838312199,0,False,False,True,"{""0"":null,""1"":null,""2"":null,""3"":null}",1057.0,518897.0,1057.0,367965.0,1057.0,367965.0,897.6114384263055,312760.21255623153,897.6114384263055,0.0,0.0,1178.3622144180117,399053.23383122083,0.0,12.52513827880117,4.0,1472.0,0.0,0.0,94.89999999861902,32961.89999980084,0.0,920.0999999999062,52.84999999923093,18398.249999872518,0.0,0.0,0.0,0.0,0.0,0.0,10.570000000000164,3679.649999999997,528.5,183982.5,0.0,187.0,539.070000000007,187662.14999999997,0.0,0.0,1178.3622144180117,399053.23383122083
519,2021-06-03,2021,True,21.41917808219178,1056,1056,1187,313657.04905840167,1115.6718871778614,39354,50,0.0,0.8372193127197073,0.14460593405825548,0.14730531515275858,0.07339494531184713,0.3839236047799092,0.9542755681818182,0.17718631151874772,461781.19571839774,0,False,False,True,"{""0"":null,""1"":null,""2"":null,""3"":null}",1056.0,519953.0,1056.0,369021.0,1056.0,369021.0,896.836502170132,313657.04905840167,896.836502170132,0.0,0.0,1115.6718871778576,400168.9057183987,0.0,12.52513827880117,4.0,1476.0,0.0,0.0,94.79999999862048,33056.69999979946,2.6999999999995907,922.7999999999058,52.79999999923166,18451.04999987175,0.0,0.0,0.0,0.0,0.0,0.0,10.559999999999945,3690.209999999997,528.0,184510.5,0.0,187.0,538.5599999999977,188200.70999999996,0.0,0.0,1115.6718871778576,400168.9057183987
520,2021-06-04,2021,True,21.421917808219177,1056,1056,1187,314553.8855605718,1050.3620287768279,39448,54,0.06750140001196445,0.8135124470908961,0.18589479449464735,0.14727931108723136,0.07365744710461562,0.3839236047799092,0.9543229166666667,0.198276779517721,462292.9977471746,0,False,False,True,"{""0"":null,""1"":null,""2"":null,""3"":null}",1056.0,521009.0,1056.0,370077.0,1056.0,370077.0,896.836502170132,314553.8855605718,896.836502170132,0.0,0.0,1050.3620287768426,401219.26774717553,0.06750140001196492,12.592639678813136,4.0,1480.0,0.0,0.0,94.79999999862048,33151.49999979808,2.6999999999995907,925.4999999999054,52.79999999923166,18503.84999987098,0.0,0.0,0.0,0.0,0.0,0.0,10.559999999999945,3700.769999999997,528.0,185038.5,0.0,187.0,538.5599999999977,188739.26999999996,0.0,0.0,1050.3620287768426,401219.26774717553
521,2021-06-05,2021,False,21.424657534246574,1056,0,1187,314553.8855605718,0.0,38562,54,0.0,,,0.1471815887593217,0.07388392875481774,0.3839236047799092,0.9558238636363636,0.12271262986585237,462292.9977471746,0,False,False,True,"{""0"":null,""1"":null,""2"":null,""3"":null}",1056.0,522065.0,0.0,370077.0,0.0,370077.0,0.0,314553.8855605718,0.0,0.0,0.0,0.0,401219.26774717553,0.0,12.592639678813136,0.0,1480.0,0.0,0.0,0.0,33151.49999979808,0.0,925.4999999999054,0.0,18503.84999987098,0.0,0.0,0.0,0.0,0.0,0.0,0.0,3700.769999999997,0.0,185038.5,0.0,187.0,0.0,188739.26999999996,0.0,0.0,0.0,401219.26774717553
522,2021-06-06,2021,False,21.427397260273974,1056,0,1187,314553.8855605718,0.0,38562,54,0.0,,,0.14718158875932166,0.07388392875481771,0.3839236047799092,0.9558238636363636,0.07427609269938906,462292.9977471746,0,False,False,True,"{""0"":null,""1"":null,""2"":null,""3"":null}",1056.0,523121.0,0.0,370077.0,0.0,370077.0,0.0,314553.8855605718,0.0,0.0,0.0,0.0,401219.26774717553,0.0,12.592639678813136,0.0,1480.0,0.0,0.0,0.0,33151.49999979808,0.0,925.4999999999054,0.0,18503.84999987098,0.0,0.0,0.0,0.0,0.0,0.0,0.0,3700.769999999997,0.0,185038.5,0.0,187.0,0.0,188739.26999999996,0.0,0.0,0.0,401219.26774717553
523,2021-06-07,2021,True,21.43013698630137,1057,1057,1189,315451.535189553,1272.2638929190061,39588,17,0.0,0.8401217588757943,0.14877357095590032,0.1468626398911842,0.0723415150070756,0.38386162088217074,0.9538410596026491,0.10294148654065684,463024.1916400936,0,False,False,True,"{""0"":null,""1"":null,""2"":null,""3"":null}",1057.0,524178.0,1057.0,371134.0,1057.0,371134.0,897.6496289811912,315451.535189553,897.6496289811912,0.0,0.0,1272.2638929189998,402491.53164009453,0.0,12.592639678813136,4.0,1484.0,0.0,0.0,94.89999999861902,33246.3999997967,8.099999999998772,933.5999999999042,52.84999999923093,18556.699999870212,0.0,0.0,0.0,0.0,0.0,0.0,10.570000000000164,3711.339999999997,528.5,185567.0,2.0,189.0,539.070000000007,189278.33999999997,0.0,0.0,1272.2638929189998,402491.53164009453
524,2021-06-08,2021,True,21.432876712328767,1060,1060,1192,316351.88693404954,1215.6438840863593,39646,35,0.0,0.838679245283019,0.15035317860746722,0.14701080100067365,0.07095698901842422,0.3842659406355311,0.953377358490566,0.12958450292380022,463696.23552417994,0,False,False,True,"{""0"":null,""1"":null,""2"":null,""3"":null}",1060.0,525238.0,1060.0,372194.0,1060.0,372194.0,900.3517444965546,316351.88693404954,900.3517444965546,0.0,0.0,1215.6438840863411,403707.1755241809,0.0,12.592639678813136,4.0,1488.0,0.0,0.0,95.19999999861466,33341.59999979531,0.0,933.5999999999042,52.99999999922875,18609.69999986944,0.0,0.0,0.0,0.0,0.0,0.0,10.599999999999909,3721.939999999997,530.0,186097.0,3.0,192.0,540.6000000000058,189818.93999999997,0.0,0.0,1215.6438840863411,403707.1755241809
525,2021-06-09,2021,True,21.435616438356163,1060,1060,1192,317252.2386785461,1152.7499292642945,39783,53,0.0,0.8283018867924529,0.16397578203834512,0.1469734438277269,0.0712938796928113,0.3842659406355311,0.9537877358490566,0.15423368135315207,464308.38545344427,0,False,False,True,"{""0"":null,""1"":null,""2"":null,""3"":null}",1060.0,526298.0,1060.0,373254.0,1060.0,373254.0,900.3517444965546,317252.2386785461,900.3517444965546,0.0,0.0,1152.7499292643042,404859.9254534452,0.0,12.592639678813136,4.0,1492.0,0.0,0.0,95.19999999861466,33436.799999793926,0.0,933.5999999999042,52.99999999922875,18662.69999986867,0.0,0.0,0.0,0.0,0.0,0.0,10.599999999999909,3732.539999999997,530.0,186627.0,0.0,192.0,540.6000000000058,190359.53999999998,0.0,0.0,1152.7499292643042,404859.9254534452
526,2021-06-10,2021,True,21.438356164383563,1059,1059,1193,318151.95080987253,1115.4458590582626,39886,48,0.0,0.8309524346887802,0.17376884703819578,0.14657904365312846,0.07033791707028486,0.38361764950190114,0.9537677053824363,0.17725043812905844,464882.7413125025,0,False,False,True,"{""0"":null,""1"":null,""2"":null,""3"":null}",1059.0,527357.0,1059.0,374313.0,1059.0,374313.0,899.7121313264361,318151.95080987253,899.7121313264361,0.0,0.0,1115.4458590582362,405975.3713125034,0.0,12.592639678813136,4.0,1496.0,0.0,0.0,95.09999999861611,33531.89999979254,2.5499999999996135,936.1499999999038,52.949999999229476,18715.6499998679,0.0,0.0,0.0,0.0,0.0,0.0,10.590000000000146,3743.129999999997,529.5,187156.5,1.0,193.0,540.0899999999965,190899.62999999998,0.0,0.0,1115.4458590582362,405975.3713125034
527,2021-06-11,2021,True,21.44109589041096,1059,1059,1193,319051.66294119897,1059.8221387481028,40008,44,0.0,0.8253345359539501,0.17220632102812933,0.14661092262464684,0.07056569152638686,0.38361764950190114,0.9540840415486308,0.19825822409230145,465402.4734512506,0,False,False,True,"{""0"":null,""1"":null,""2"":null,""3"":null}",1059.0,528416.0,1059.0,375372.0,1059.0,375372.0,899.7121313264361,319051.66294119897,899.7121313264361,0.0,0.0,1059.8221387481317,407035.19345125154,0.0,12.592639678813136,4.0,1500.0,0.0,0.0,95.09999999861611,33626.99999979116,2.6999999999995907,938.8499999999034,52.949999999229476,18768.59999986713,0.0,0.0,0.0,0.0,0.0,0.0,10.590000000000146,3753.719999999997,529.5,187686.0,0.0,193.0,540.0899999999965,191439.71999999997,0.0,0.0,1059.8221387481317,407035.19345125154
528,2021-06-12,2021,False,21.443835616438356,1059,0,1193,319051.66294119897,0.0,39102,44,0.0,,,0.1464788065162096,0.07081494717257868,0.38361764950190114,0.9553210576015108,0.12268410393388836,465402.4734512506,0,False,False,True,"{""0"":null,""1"":null,""2"":null,""3"":null}",1059.0,529475.0,0.0,375372.0,0.0,375372.0,0.0,319051.66294119897,0.0,0.0,0.0,0.0,407035.19345125154,0.0,12.592639678813136,0.0,1500.0,0.0,0.0,0.0,33626.99999979116,0.0,938.8499999999034,0.0,18768.59999986713,0.0,0.0,0.0,0.0,0.0,0.0,0.0,3753.719999999997,0.0,187686.0,0.0,193.0,0.0,191439.71999999997,0.0,0.0,0.0,407035.19345125154
529,2021-06-13,2021,False,21.446575342465753,1058,0,1193,319051.66294119897,0.0,39102,44,0.0,,,0.14631633762246357,0.07067190492825351,0.3836796333996396,0.9552788279773157,0.07424631360413475,465402.4734512506,0,False,False,True,"{""0"":null,""1"":null,""2"":null,""3"":null}",1058.0,530533.0,0.0,375372.0,0.0,375372.0,0.0,319051.66294119897,0.0,0.0,0.0,0.0,407035.19345125154,0.0,12.592639678813136,0.0,1500.0,0.0,0.0,0.0,33626.99999979116,0.0,938.8499999999034,0.0,18768.59999986713,0.0,0.0,0.0,0.0,0.0,0.0,0.0,3753.719999999997,0.0,187686.0,0.0,193.0,0.0,191439.71999999997,0.0,0.0,0.0,407035.19345125154
530,2021-06-14,2021,True,21.44931506849315,1060,1060,1195,319952.2444308288,1295.3688622095835,40135,20,0.0,0.8367698835424754,0.15075426183501878,0.1464077884733711,0.06953382406457599,0.3838508013274506,0.9535518867924528,0.10296606554517079,466155.2423134602,0,False,False,True,"{""0"":null,""1"":null,""2"":null,""3"":null}",1060.0,531593.0,1060.0,376432.0,1060.0,376432.0,900.5814896298107,319952.2444308288,900.5814896298107,0.0,0.0,1295.3688622096088,408330.56231346115,0.0,12.592639678813136,4.0,1504.0,0.0,0.0,95.19999999861466,33722.19999978977,6.5999999999989996,945.4499999999024,52.99999999922875,18821.599999866357,0.0,0.0,0.0,0.0,0.0,0.0,10.599999999999909,3764.319999999997,530.0,188216.0,2.0,195.0,540.6000000000058,191980.31999999998,0.0,0.0,1295.3688622096088,408330.56231346115
531,2021-06-15,2021,True,21.45205479452055,1061,1061,1196,320853.8249528277,1229.8635646741216,40185,47,0.0,0.82943325294368,0.16151265915855767,0.14650085309066205,0.069349740710157,0.38408395315300004,0.9532893496701226,0.12968827243478806,466842.99587813433,0,False,False,True,"{""0"":null,""1"":null,""2"":null,""3"":null}",1061.0,532654.0,1061.0,377493.0,1061.0,377493.0,901.580521998927,320853.8249528277,901.580521998927,0.0,0.0,1229.8635646741022,409560.42587813525,0.0,12.592639678813136,4.0,1508.0,0.0,0.0,95.2999999986132,33817.499999788386,0.0,945.4499999999024,53.04999999922802,18874.649999865585,0.0,0.0,0.0,0.0,0.0,0.0,10.610000000000127,3774.929999999997,530.5,188746.5,1.0,196.0,541.109999999986,192521.42999999996,0.0,0.0,1229.8635646741022,409560.42587813525
532,2021-06-16,2021,True,21.454794520547946,1061,1061,1196,321755.40547482664,1168.050360558341,40300,69,0.0,0.8341147680522061,0.1499781957212906,0.14647543184292702,0.06965416539585434,0.38408395315300004,0.9529924599434496,0.1544160954568722,467469.93623869267,0,False,False,True,"{""0"":null,""1"":null,""2"":null,""3"":null}",1061.0,533715.0,1061.0,378554.0,1061.0,378554.0,901.580521998927,321755.40547482664,901.580521998927,0.0,0.0,1168.0503605583217,410728.4762386936,0.0,12.592639678813136,4.0,1512.0,0.0,0.0,95.2999999986132,33912.799999787,0.0,945.4499999999024,53.04999999922802,18927.699999864813,0.0,0.0,0.0,0.0,0.0,0.0,10.610000000000127,3785.5399999999972,530.5,189277.0,0.0,196.0,541.109999999986,193062.53999999995,0.0,0.0,1168.0503605583217,410728.4762386936
533,2021-06-17,2021,True,21.457534246575342,1061,1061,1196,322656.98599682556,1133.6968060766824,40443,63,0.0,0.8001702369130373,0.18703152493040376,0.14634895627574906,0.06988465392720297,0.38408395315300004,0.9535721017907635,0.1771444856289437,468062.52304476936,0,False,False,True,"{""0"":null,""1"":null,""2"":null,""3"":null}",1061.0,534776.0,1061.0,379615.0,1061.0,379615.0,901.580521998927,322656.98599682556,901.580521998927,0.0,0.0,1133.6968060766812,411862.17304477026,0.0,12.592639678813136,4.0,1516.0,0.0,0.0,95.2999999986132,34008.09999978561,2.9999999999995453,948.4499999999019,53.04999999922802,18980.74999986404,0.0,0.0,0.0,0.0,0.0,0.0,10.610000000000127,3796.1499999999974,530.5,189807.5,0.0,196.0,541.109999999986,193603.64999999994,0.0,0.0,1133.6968060766812,411862.17304477026
534,2021-06-18,2021,True,21.46027397260274,1060,1060,1196,323557.6925304207,1082.6473718449806,40547,60,0.33499795618515565,0.7895925222576166,0.20849738018287628,0.14612919341600644,0.06976028623121482,0.3838508013274506,0.9537924528301887,0.19813358618128227,468604.57041661436,0,False,False,True,"{""0"":null,""1"":null,""2"":null,""3"":null}",1060.0,535836.0,1060.0,380675.0,1060.0,380675.0,900.7065335951629,323557.6925304207,900.7065335951629,0.0,0.0,1082.6473718449706,412944.8204166152,0.3349979561851555,12.927637634998291,4.0,1520.0,0.0,0.0,95.19999999861466,34103.29999978423,4.049999999999386,952.4999999999013,52.99999999922875,19033.74999986327,0.0,0.0,0.0,0.0,0.0,0.0,10.599999999999909,3806.7499999999973,530.0,190337.5,0.0,196.0,540.6000000000058,194144.24999999994,0.0,0.0,1082.6473718449706,412944.8204166152
535,2021-06-19,2021,False,21.463013698630135,1061,0,1197,323557.6925304207,0.0,39642,60,0.0,,,0.14626602734445618,0.06966449284654759,0.38408395315300004,0.9551885014137607,0.122508756186451,468603.57041661436,0,False,False,True,"{""0"":null,""1"":null,""2"":null,""3"":null}",1061.0,536897.0,0.0,380675.0,0.0,380675.0,0.0,323557.6925304207,0.0,0.0,0.0,0.0,412944.8204166152,0.0,12.927637634998291,0.0,1520.0,0.0,0.0,0.0,34103.29999978423,0.0,952.4999999999013,0.0,19033.74999986327,0.0,0.0,0.0,0.0,0.0,0.0,0.0,3806.7499999999973,0.0,190337.5,1.0,197.0,0.0,194144.24999999994,0.0,0.0,0.0,412944.8204166152
536,2021-06-20,2021,False,21.465753424657535,1062,0,1198,323557.6925304207,0.0,39642,60,0.0,,,0.14604968243188166,0.06883020301996223,0.3839019656704689,0.9549482109227871,0.07394896940715222,468602.57041661436,0,False,False,True,"{""0"":null,""1"":null,""2"":null,""3"":null}",1062.0,537959.0,0.0,380675.0,0.0,380675.0,0.0,323557.6925304207,0.0,0.0,0.0,0.0,412944.8204166152,0.0,12.927637634998291,0.0,1520.0,0.0,0.0,0.0,34103.29999978423,0.0,952.4999999999013,0.0,19033.74999986327,0.0,0.0,0.0,0.0,0.0,0.0,0.0,3806.7499999999973,0.0,190337.5,1.0,198.0,0.0,194144.24999999994,0.0,0.0,0.0,412944.8204166152
537,2021-06-21,2021,True,21.46849315068493,1062,1062,1198,324460.02626084886,1311.3464651701995,40681,15,0.0,0.8417825223435949,0.1541035145454822,0.14604968243188166,0.06883020301996226,0.3839019656704689,0.9534698681732581,0.10263442800907582,469372.29688178457,0,False,False,True,"{""0"":null,""1"":null,""2"":null,""3"":null}",1062.0,539021.0,1062.0,381737.0,1062.0,381737.0,902.3337304281304,324460.02626084886,902.3337304281304,0.0,0.0,1311.3464651702088,414256.16688178544,0.0,12.927637634998291,4.0,1524.0,0.0,0.0,95.39999999861175,34198.69999978284,8.999999999998636,961.4999999999,53.09999999922729,19086.849999862497,0.0,0.0,0.0,0.0,0.0,0.0,10.61999999999989,3817.369999999997,531.0,190868.5,0.0,198.0,541.6199999999953,194685.86999999994,0.0,0.0,1311.3464651702088,414256.16688178544
538,2021-06-22,2021,True,21.471232876712328,1063,1063,1199,325363.32153468457,1220.187634296348,40743,32,0.0,0.8343878564335367,0.1567314372062127,0.14569113737148273,0.06822659986804407,0.3837199781879378,0.953593603010348,0.12933633806482098,470049.35451608093,0,False,False,True,"{""0"":null,""1"":null,""2"":null,""3"":null}",1063.0,540084.0,1063.0,382800.0,1063.0,382800.0,903.2952738357126,325363.32153468457,903.2952738357126,0.0,0.0,1220.187634296366,415476.3545160818,0.0,12.927637634998291,4.0,1528.0,0.0,0.0,95.49999999861029,34294.19999978145,0.0,961.4999999999,53.149999999226566,19139.999999861724,0.0,0.0,0.0,0.0,0.0,0.0,10.63000000000011,3827.9999999999973,531.5,191400.0,1.0,199.0,542.1300000000047,195227.99999999994,0.0,0.0,1220.187634296366,415476.3545160818
539,2021-06-23,2021,True,21.473972602739725,1064,1064,1200,326267.5837914439,1188.582201969037,40857,46,0.0,0.8205333930543977,0.17264419177241266,0.14560629891339952,0.06779210238751385,0.38372990535916257,0.9536513157894736,0.15402508802103965,470694.29671804997,0,False,False,True,"{""0"":null,""1"":null,""2"":null,""3"":null}",1064.0,541148.0,1064.0,383864.0,1064.0,383864.0,904.2622567593353,326267.5837914439,904.2622567593353,0.0,0.0,1188.5822019690531,416664.93671805086,0.0,12.927637634998291,4.0,1532.0,0.0,0.0,95.59999999860884,34389.79999978006,0.0,961.4999999999,53.19999999922584,19193.19999986095,0.0,0.0,0.0,0.0,0.0,0.0,10.639999999999873,3838.639999999997,532.0,191932.0,1.0,200.0,542.640000000014,195770.63999999996,0.0,0.0,1188.5822019690531,416664.93671805086
540,2021-06-24,2021,True,21.476712328767125,1065,1065,1201,327172.68558968656,1123.4734840265164,40981,47,0.0,0.8150361859705443,0.1883403980786581,0.14531335941762163,0.06722228524003941,0.38354791787663145,0.9536901408450704,0.17671592493597432,471273.62020207645,0,False,False,True,"{""0"":null,""1"":null,""2"":null,""3"":null}",1065.0,542213.0,1065.0,384929.0,1065.0,384929.0,905.1017982426565,327172.68558968656,905.1017982426565,0.0,0.0,1123.473484026501,417788.41020207736,0.0,12.927637634998291,4.0,1536.0,0.0,0.0,95.69999999860738,34485.499999778665,2.249999999999659,963.7499999998996,53.24999999922511,19246.449999860175,0.0,0.0,0.0,0.0,0.0,0.0,10.650000000000091,3849.2899999999972,532.5,192464.5,1.0,201.0,543.1499999999942,196313.78999999995,0.0,0.0,1123.473484026501,417788.41020207736
541,2021-06-25,2021,True,21.47945205479452,1065,1065,1201,328077.7873879292,1063.69279192052,41085,46,0.0,0.8028040607135817,0.18283594502099265,0.14520709781863592,0.06751422642373264,0.38354791787663145,0.9538638497652582,0.19765142257218685,471794.1629939969,0,False,False,True,"{""0"":null,""1"":null,""2"":null,""3"":null}",1065.0,543278.0,1065.0,385994.0,1065.0,385994.0,905.1017982426565,328077.7873879292,905.1017982426565,0.0,0.0,1063.6927919205045,418852.10299399786,0.0,12.927637634998291,4.0,1540.0,0.0,0.0,95.69999999860738,34581.19999977727,2.5499999999996135,966.2999999998992,53.24999999922511,19299.6999998594,0.0,0.0,0.0,0.0,0.0,0.0,10.650000000000091,3859.9399999999973,532.5,192997.0,0.0,201.0,543.1499999999942,196856.93999999994,0.0,0.0,1063.6927919205045,418852.10299399786
542,2021-06-26,2021,False,21.482191780821918,1064,0,1201,328077.7873879292,0.0,40182,46,0.0,,,0.1453504084884617,0.06784084870817315,0.38372990535916257,0.9550516917293232,0.1221141155036816,471794.1629939969,0,False,False,True,"{""0"":null,""1"":null,""2"":null,""3"":null}",1064.0,544342.0,0.0,385994.0,0.0,385994.0,0.0,328077.7873879292,0.0,0.0,0.0,0.0,418852.10299399786,0.0,12.927637634998291,0.0,1540.0,0.0,0.0,0.0,34581.19999977727,0.0,966.2999999998992,0.0,19299.6999998594,0.0,0.0,0.0,0.0,0.0,0.0,0.0,3859.9399999999973,0.0,192997.0,0.0,201.0,0.0,196856.93999999994,0.0,0.0,0.0,418852.10299399786
543,2021-06-27,2021,False,21.484931506849314,1063,0,1201,328077.7873879292,0.0,40182,46,0.0,,,0.14558502802123272,0.06799672892595582,0.3839118928416937,0.9550094073377233,0.07375487582257136,471794.1629939969,0,False,False,True,"{""0"":null,""1"":null,""2"":null,""3"":null}",1063.0,545405.0,0.0,385994.0,0.0,385994.0,0.0,328077.7873879292,0.0,0.0,0.0,0.0,418852.10299399786,0.0,12.927637634998291,0.0,1540.0,0.0,0.0,0.0,34581.19999977727,0.0,966.2999999998992,0.0,19299.6999998594,0.0,0.0,0.0,0.0,0.0,0.0,0.0,3859.9399999999973,0.0,192997.0,0.0,201.0,0.0,196856.93999999994,0.0,0.0,0.0,418852.10299399786
544,2021-06-28,2021,True,21.487671232876714,1064,1064,1202,328981.79817820014,1285.949544426388,41220,19,0.0,0.86375167832662,0.13526755847765295,0.14554294196406625,0.06736029850097651,0.3839218200129184,0.9535949248120301,0.10234797146102194,472536.4725384233,0,False,False,True,"{""0"":null,""1"":null,""2"":null,""3"":null}",1064.0,546469.0,1064.0,387058.0,1064.0,387058.0,904.0107902709278,328981.79817820014,904.0107902709278,0.0,0.0,1285.949544426403,420138.05253842426,0.0,12.927637634998291,4.0,1544.0,0.0,0.0,95.59999999860884,34676.79999977588,6.899999999998954,973.1999999998982,53.19999999922584,19352.899999858626,0.0,0.0,0.0,0.0,0.0,0.0,10.639999999999873,3870.579999999997,532.0,193529.0,1.0,202.0,542.640000000014,197399.57999999996,0.0,0.0,1285.949544426403,420138.05253842426
545,2021-06-29,2021,True,21.49041095890411,1064,1064,1202,329885.8089684711,1253.1313329499844,41280,43,0.0,0.8467988128047488,0.14885676201156445,0.14555102180189858,0.06768629545075275,0.3839218200129184,0.9537312030075188,0.12894128656603923,473246.9638713733,0,False,False,True,"{""0"":null,""1"":null,""2"":null,""3"":null}",1064.0,547533.0,1064.0,388122.0,1064.0,388122.0,904.0107902709278,329885.8089684711,904.0107902709278,0.0,0.0,1253.131332949968,421391.18387137423,0.0,12.927637634998291,4.0,1548.0,0.0,0.0,95.59999999860884,34772.39999977449,0.0,973.1999999998982,53.19999999922584,19406.09999985785,0.0,0.0,0.0,0.0,0.0,0.0,10.639999999999873,3881.219999999997,532.0,194061.0,0.0,202.0,542.640000000014,197942.21999999997,0.0,0.0,1253.131332949968,421391.18387137423
546,2021-06-30,2021,True,21.493150684931507,1064,1064,1202,330789.819758742,1187.8288305101821,41375,65,0.0,0.8298530139212776,0.15346594779292472,0.1454555142653,0.06798375541698891,0.3839218200129184,0.9533176691729324,0.15360776032325893,473892.15270188346,0,False,False,True,"{""0"":null,""1"":null,""2"":null,""3"":null}",1064.0,548597.0,1064.0,389186.0,1064.0,389186.0,904.0107902709278,330789.819758742,904.0107902709278,0.0,0.0,1187.8288305102033,422579.01270188444,0.0,12.927637634998291,4.0,1552.0,0.0,0.0,95.59999999860884,34867.9999997731,0.0,973.1999999998982,53.19999999922584,19459.299999857078,0.0,0.0,0.0,0.0,0.0,0.0,10.639999999999873,3891.859999999997,532.0,194593.0,0.0,202.0,542.640000000014,198484.86,0.0,0.0,1187.8288305102033,422579.01270188444
547,2021-07-01,2021,True,21.495890410958904,1064,1064,1202,331693.8305490129,1392.3147304457314,41534,59,0.0799631487518031,0.802685322592043,0.21067389858779162,0.14542190777944003,0.06824368910848491,0.3839218200129184,0.9540460526315789,0.17636755395354567,474741.8274323292,0,False,False,True,"{""0"":null,""1"":null,""2"":null,""3"":null}",1064.0,549661.0,1064.0,390250.0,1064.0,390250.0,904.0107902709278,331693.8305490129,904.0107902709278,0.0,0.0,1392.314730445738,423971.3274323302,0.0799631487518031,13.007600783750094,4.0,1556.0,0.0,0.0,95.59999999860884,34963.59999977171,2.849999999999568,976.0499999998978,53.19999999922584,19512.499999856303,0.0,0.0,0.0,0.0,0.0,0.0,10.639999999999873,3902.499999999997,532.0,195125.0,0.0,202.0,542.640000000014,199027.5,0.0,0.0,1392.314730445738,423971.3274323302
548,2021-07-02,2021,True,21.4986301369863,1064,1064,1202,332597.84133928386,1303.9143066152765,41635,55,0.06485129681336313,0.8241643700091866,0.16704452408689235,0.14539537797073931,0.06847257525696458,0.3839218200129184,0.9545817669172932,0.1973645962842501,475503.1017389445,0,False,False,True,"{""0"":null,""1"":null,""2"":null,""3"":null}",1064.0,550725.0,1064.0,391314.0,1064.0,391314.0,904.0107902709278,332597.84133928386,904.0107902709278,0.0,0.0,1303.9143066153047,425275.2417389455,0.06485129681336232,13.072452080563457,4.0,1560.0,0.0,0.0,95.59999999860884,35059.19999977032,3.5999999999994543,979.6499999998972,53.19999999922584,19565.69999985553,0.0,0.0,0.0,0.0,0.0,0.0,10.639999999999873,3913.1399999999967,532.0,195657.0,0.0,202.0,542.640000000014,199570.14,0.0,0.0,1303.9143066153047,425275.2417389455
549,2021-07-03,2021,False,21.5013698630137,1064,0,1203,332597.84133928386,0.0,40722,55,0.0,,,0.14501807650448656,0.06770893628629486,0.38372990535916257,0.9556390977443608,0.12185442212363495,475502.1017389445,0,False,False,True,"{""0"":null,""1"":null,""2"":null,""3"":null}",1064.0,551789.0,0.0,391314.0,0.0,391314.0,0.0,332597.84133928386,0.0,0.0,0.0,0.0,425275.2417389455,0.0,13.072452080563457,0.0,1560.0,0.0,0.0,0.0,35059.19999977032,0.0,979.6499999998972,0.0,19565.69999985553,0.0,0.0,0.0,0.0,0.0,0.0,0.0,3913.1399999999967,0.0,195657.0,1.0,203.0,0.0,199570.14,0.0,0.0,0.0,425275.2417389455
550,2021-07-04,2021,False,21.504109589041096,1064,0,1203,332597.84133928386,0.0,40722,55,0.0,,,0.14501807650448653,0.06770893628629486,0.38372990535916257,0.9556390977443608,0.07362060375764942,475502.1017389445,0,False,False,True,"{""0"":null,""1"":null,""2"":null,""3"":null}",1064.0,552853.0,0.0,391314.0,0.0,391314.0,0.0,332597.84133928386,0.0,0.0,0.0,0.0,425275.2417389455,0.0,13.072452080563457,0.0,1560.0,0.0,0.0,0.0,35059.19999977032,0.0,979.6499999998972,0.0,19565.69999985553,0.0,0.0,0.0,0.0,0.0,0.0,0.0,3913.1399999999967,0.0,195657.0,0.0,203.0,0.0,199570.14,0.0,0.0,0.0,425275.2417389455
551,2021-07-05,2021,True,21.506849315068493,1064,1064,1204,333501.7408916338,1614.7020726893113,41780,25,0.0,0.835486677174619,0.16265283526027544,0.14490090300482344,0.06671796085974072,0.38343566201937007,0.9543374060150376,0.10231445222946284,476573.16381163377,0,False,False,True,"{""0"":null,""1"":null,""2"":null,""3"":null}",1064.0,553917.0,1064.0,392378.0,1064.0,392378.0,903.8995523499325,333501.7408916338,903.8995523499325,0.0,0.0,1614.7020726893097,426889.9438116348,0.0,13.072452080563457,4.0,1564.0,0.0,0.0,95.59999999860884,35154.799999768926,8.24999999999875,987.899999999896,53.19999999922584,19618.899999854755,0.0,0.0,0.0,0.0,0.0,0.0,10.639999999999873,3923.7799999999966,532.0,196189.0,1.0,204.0,542.640000000014,200112.78000000003,0.0,0.0,1614.7020726893097,426889.9438116348
552,2021-07-06,2021,True,21.50958904109589,1064,1064,1204,334405.6404439837,1529.000546979478,41823,37,0.0,0.8467082308892993,0.137578590979926,0.1447873300868227,0.06704321012444166,0.38343566201937007,0.9549859022556391,0.1289655281315956,477559.52435861324,0,False,False,True,"{""0"":null,""1"":null,""2"":null,""3"":null}",1064.0,554981.0,1064.0,393442.0,1064.0,393442.0,903.8995523499325,334405.6404439837,903.8995523499325,0.0,0.0,1529.000546979485,428418.9443586143,0.0,13.072452080563457,4.0,1568.0,0.0,0.0,95.59999999860884,35250.399999767535,0.0,987.899999999896,53.19999999922584,19672.09999985398,0.0,0.0,0.0,0.0,0.0,0.0,10.639999999999873,3934.4199999999964,532.0,196721.0,0.0,204.0,542.640000000014,200655.42000000004,0.0,0.0,1529.000546979485,428418.9443586143
553,2021-07-07,2021,True,21.512328767123286,1064,1064,1204,335309.53999633365,1405.1945805798614,41925,53,0.0,0.8253530068386706,0.16368954678412415,0.14485891631245723,0.06735403025404163,0.38343566201937007,0.9546334586466165,0.15369526138804804,478422.0789391931,0,False,False,True,"{""0"":null,""1"":null,""2"":null,""3"":null}",1064.0,556045.0,1064.0,394506.0,1064.0,394506.0,903.8995523499325,335309.53999633365,903.8995523499325,0.0,0.0,1405.194580579875,429824.13893919415,0.0,13.072452080563457,4.0,1572.0,0.0,0.0,95.59999999860884,35345.99999976614,0.0,987.899999999896,53.19999999922584,19725.299999853207,0.0,0.0,0.0,0.0,0.0,0.0,10.639999999999873,3945.0599999999963,532.0,197253.0,0.0,204.0,542.640000000014,201198.06000000006,0.0,0.0,1405.194580579875,429824.13893919415
554,2021-07-08,2021,True,21.515068493150686,1064,1064,1204,336213.4395486836,1373.927522699637,42057,50,0.0,0.8072828994127108,0.17970151905312784,0.1448278167878823,0.06760200378598115,0.38343566201937007,0.9542857142857143,0.17651201494491667,479253.3664618927,0,False,False,True,"{""0"":null,""1"":null,""2"":null,""3"":null}",1064.0,557109.0,1064.0,395570.0,1064.0,395570.0,903.8995523499325,336213.4395486836,903.8995523499325,0.0,0.0,1373.9275226996397,431198.0664618938,0.0,13.072452080563457,4.0,1576.0,0.0,0.0,95.59999999860884,35441.59999976475,3.7499999999994316,991.6499999998954,53.19999999922584,19778.499999852433,0.0,0.0,0.0,0.0,0.0,0.0,10.639999999999873,3955.699999999996,532.0,197785.0,0.0,204.0,542.640000000014,201740.70000000007,0.0,0.0,1373.9275226996397,431198.0664618938
555,2021-07-09,2021,True,21.517808219178082,1063,1063,1204,337116.5120319964,1338.7833129802807,42168,53,0.009195173258726905,0.8136562220430368,0.1799270601929865,0.14514932336051195,0.06852681415861217,0.38361764950190114,0.9546095954844779,0.1976144147866979,480050.019774873,0,False,False,True,"{""0"":null,""1"":null,""2"":null,""3"":null}",1063.0,558172.0,1063.0,396633.0,1063.0,396633.0,903.0724833128043,337116.5120319964,903.0724833128043,0.0,0.0,1338.7833129802602,432536.84977487405,0.009195173258726541,13.081647253822183,4.0,1580.0,0.0,0.0,95.49999999861029,35537.09999976336,1.7999999999997272,993.4499999998951,53.149999999226566,19831.64999985166,0.0,0.0,0.0,0.0,0.0,0.0,10.63000000000011,3966.3299999999963,531.5,198316.5,0.0,204.0,542.1300000000047,202282.83000000007,0.0,0.0,1338.7833129802602,432536.84977487405
556,2021-07-10,2021,False,21.52054794520548,1062,0,1204,337116.5120319964,0.0,41262,53,0.0,,,0.14511754042411518,0.06875806843659543,0.38367874101614424,0.9560122410546139,0.12204610850315777,480050.019774873,0,False,False,True,"{""0"":null,""1"":null,""2"":null,""3"":null}",1062.0,559234.0,0.0,396633.0,0.0,396633.0,0.0,337116.5120319964,0.0,0.0,0.0,0.0,432536.84977487405,0.0,13.081647253822183,0.0,1580.0,0.0,0.0,0.0,35537.09999976336,0.0,993.4499999998951,0.0,19831.64999985166,0.0,0.0,0.0,0.0,0.0,0.0,0.0,3966.3299999999963,0.0,198316.5,0.0,204.0,0.0,202282.83000000007,0.0,0.0,0.0,432536.84977487405
557,2021-07-11,2021,False,21.523287671232875,1062,0,1204,337116.5120319964,0.0,41262,53,0.0,,,0.14511754042411518,0.06875806843659545,0.38367874101614424,0.9560122410546139,0.07386611717308465,480050.019774873,0,False,False,True,"{""0"":null,""1"":null,""2"":null,""3"":null}",1062.0,560296.0,0.0,396633.0,0.0,396633.0,0.0,337116.5120319964,0.0,0.0,0.0,0.0,432536.84977487405,0.0,13.081647253822183,0.0,1580.0,0.0,0.0,0.0,35537.09999976336,0.0,993.4499999998951,0.0,19831.64999985166,0.0,0.0,0.0,0.0,0.0,0.0,0.0,3966.3299999999963,0.0,198316.5,0.0,204.0,0.0,202282.83000000007,0.0,0.0,0.0,432536.84977487405
558,2021-07-12,2021,True,21.526027397260275,1063,1063,1205,338019.5641236914,1636.330289475821,42321,13,0.0,0.8400278818855105,0.1576586212624982,0.14486085488426947,0.06793128012915625,0.3834967535336131,0.9548024459078082,0.10254010976426572,481143.2200643488,0,False,False,True,"{""0"":null,""1"":null,""2"":null,""3"":null}",1063.0,561359.0,1063.0,397696.0,1063.0,397696.0,903.052091695019,338019.5641236914,903.052091695019,0.0,0.0,1636.3302894757944,434173.18006434984,0.0,13.081647253822183,4.0,1584.0,0.0,0.0,95.49999999861029,35632.59999976197,7.949999999998795,1001.3999999998939,53.149999999226566,19884.799999850886,0.0,0.0,0.0,0.0,0.0,0.0,10.63000000000011,3976.9599999999964,531.5,198848.0,1.0,205.0,542.1300000000047,202824.96000000008,0.0,0.0,1636.3302894757944,434173.18006434984
559,2021-07-13,2021,True,21.528767123287672,1064,1064,1206,338923.3946960896,1532.868133087668,42373,27,0.0,0.8421216286986122,0.139003512966612,0.14485252614648672,0.06751714905761143,0.38343566201937007,0.9549765037593986,0.12924578261137012,482132.4481974364,0,False,False,True,"{""0"":null,""1"":null,""2"":null,""3"":null}",1064.0,562423.0,1064.0,398760.0,1064.0,398760.0,903.8305723982048,338923.3946960896,903.8305723982048,0.0,0.0,1532.8681330876425,435706.0481974375,0.0,13.081647253822183,4.0,1588.0,0.0,0.0,95.59999999860884,35728.19999976058,0.0,1001.3999999998939,53.19999999922584,19937.99999985011,0.0,0.0,0.0,0.0,0.0,0.0,10.639999999999873,3987.5999999999963,532.0,199380.0,1.0,206.0,542.640000000014,203367.6000000001,0.0,0.0,1532.8681330876425,435706.0481974375
560,2021-07-14,2021,True,21.53150684931507,1065,1065,1207,339828.04385250097,1477.465275470003,42460,52,0.0,0.8103167221771692,0.182445924669812,0.1449666031631669,0.06733216775982953,0.38366881384491947,0.9542112676056338,0.15389615260706901,483065.7634729064,0,False,False,True,"{""0"":null,""1"":null,""2"":null,""3"":null}",1065.0,563488.0,1065.0,399825.0,1065.0,399825.0,904.649156411353,339828.04385250097,904.649156411353,0.0,0.0,1477.4652754699928,437183.5134729075,0.0,13.081647253822183,4.0,1592.0,0.0,0.0,95.69999999860738,35823.89999975919,0.0,1001.3999999998939,53.24999999922511,19991.249999849337,0.0,0.0,0.0,0.0,0.0,0.0,10.650000000000091,3998.2499999999964,532.5,199912.5,1.0,207.0,543.1499999999942,203910.7500000001,0.0,0.0,1477.4652754699928,437183.5134729075
561,2021-07-15,2021,True,21.534246575342465,1065,1065,1208,340732.6978713125,1390.3297534476364,42581,55,0.0,0.8159430003883994,0.18116799653304289,0.14484290186800458,0.06706680706535387,0.38373983253038735,0.9537793427230047,0.17679920344253156,483911.94322635396,0,False,False,True,"{""0"":null,""1"":null,""2"":null,""3"":null}",1065.0,564553.0,1065.0,400890.0,1065.0,400890.0,904.6540188115323,340732.6978713125,904.6540188115323,0.0,0.0,1390.329753447615,438573.8432263551,0.0,13.081647253822183,4.0,1596.0,0.0,0.0,95.69999999860738,35919.5999997578,1.9499999999997044,1003.3499999998936,53.24999999922511,20044.499999848562,0.0,0.0,0.0,0.0,0.0,0.0,10.650000000000091,4008.8999999999965,532.5,200445.0,1.0,208.0,543.1499999999942,204453.90000000008,0.0,0.0,1390.329753447615,438573.8432263551
562,2021-07-16,2021,True,21.536986301369865,1065,1065,1208,341637.35189012403,1319.609782906163,42713,59,0.0,0.8056187081016087,0.19420251663112187,0.14476811704450024,0.06727180105495034,0.38373983253038735,0.9540845070422536,0.19776523140161065,484688.40300926013,0,False,False,True,"{""0"":null,""1"":null,""2"":null,""3"":null}",1065.0,565618.0,1065.0,401955.0,1065.0,401955.0,904.6540188115323,341637.35189012403,904.6540188115323,0.0,0.0,1319.609782906191,439893.4530092613,0.0,13.081647253822183,4.0,1600.0,0.0,0.0,95.69999999860738,36015.299999756404,2.0999999999996817,1005.4499999998933,53.24999999922511,20097.749999847787,0.0,0.0,0.0,0.0,0.0,0.0,10.650000000000091,4019.5499999999965,532.5,200977.5,0.0,208.0,543.1499999999942,204997.05000000008,0.0,0.0,1319.609782906191,439893.4530092613
563,2021-07-17,2021,False,21.53972602739726,1065,0,1209,341637.35189012403,0.0,41802,59,0.0,,,0.14484067264338912,0.06684605087342409,0.3838607284986753,0.9552300469483569,0.12164864063275851,484687.40300926013,0,False,False,True,"{""0"":null,""1"":null,""2"":null,""3"":null}",1065.0,566683.0,0.0,401955.0,0.0,401955.0,0.0,341637.35189012403,0.0,0.0,0.0,0.0,439893.4530092613,0.0,13.081647253822183,0.0,1600.0,0.0,0.0,0.0,36015.299999756404,0.0,1005.4499999998933,0.0,20097.749999847787,0.0,0.0,0.0,0.0,0.0,0.0,0.0,4019.5499999999965,0.0,200977.5,1.0,209.0,0.0,204997.05000000008,0.0,0.0,0.0,439893.4530092613
564,2021-07-18,2021,False,21.542465753424658,1066,0,1211,341637.35189012403,0.0,41802,59,0.0,,,0.14496312275000656,0.06568675650310786,0.3840904222075497,0.9547091932457786,0.0730477404256703,484685.40300926013,0,False,False,True,"{""0"":null,""1"":null,""2"":null,""3"":null}",1066.0,567749.0,0.0,401955.0,0.0,401955.0,0.0,341637.35189012403,0.0,0.0,0.0,0.0,439893.4530092613,0.0,13.081647253822183,0.0,1600.0,0.0,0.0,0.0,36015.299999756404,0.0,1005.4499999998933,0.0,20097.749999847787,0.0,0.0,0.0,0.0,0.0,0.0,0.0,4019.5499999999965,0.0,200977.5,2.0,211.0,0.0,204997.05000000008,0.0,0.0,0.0,439893.4530092613
565,2021-07-19,2021,True,21.545205479452054,1066,1066,1211,342542.6790584731,1630.745273081488,42861,19,0.0,0.836657832055165,0.16530072334389667,0.14496312275000656,0.06568675650310787,0.3840904222075497,0.9536960600375234,0.1017251838239412,485772.4882823416,0,False,False,True,"{""0"":null,""1"":null,""2"":null,""3"":null}",1066.0,568815.0,1066.0,403021.0,1066.0,403021.0,905.3271683490602,342542.6790584731,905.3271683490602,0.0,0.0,1630.7452730814693,441524.19828234275,0.0,13.081647253822183,4.0,1604.0,0.0,0.0,95.79999999860593,36111.09999975501,8.849999999998658,1014.299999999892,53.29999999922438,20151.04999984701,0.0,0.0,0.0,0.0,0.0,0.0,10.659999999999854,4030.2099999999964,533.0,201510.5,0.0,211.0,543.6600000000035,205540.71000000008,0.0,0.0,1630.7452730814693,441524.19828234275
566,2021-07-20,2021,True,21.54794520547945,1067,1067,1212,343448.8093781275,1549.6908323733958,42909,39,0.0,0.842473681384029,0.13973546583523555,0.1447587416534631,0.06520905210271838,0.3839084347250186,0.9539034676663543,0.1284583662806212,486777.00911471504,0,False,False,True,"{""0"":null,""1"":null,""2"":null,""3"":null}",1067.0,569882.0,1067.0,404088.0,1067.0,404088.0,906.1303196544177,343448.8093781275,906.1303196544177,0.0,0.0,1549.690832373395,443073.88911471615,0.0,13.081647253822183,4.0,1608.0,0.0,0.0,95.89999999860447,36206.999999753614,0.0,1014.299999999892,53.349999999223655,20204.399999846235,0.0,0.0,0.0,0.0,0.0,0.0,10.670000000000073,4040.8799999999965,533.5,202044.0,1.0,212.0,544.1700000000128,206084.8800000001,0.0,0.0,1549.690832373395,443073.88911471615
567,2021-07-21,2021,True,21.55068493150685,1067,1067,1212,344354.9396977819,1495.7731445417087,43029,60,0.0,0.8350147805071636,0.16363537039834408,0.1447028063778926,0.06543689040684582,0.3839084347250186,0.9540768509840675,0.1531292135191027,487728.61225925677,0,False,False,True,"{""0"":null,""1"":null,""2"":null,""3"":null}",1067.0,570949.0,1067.0,405155.0,1067.0,405155.0,906.1303196544177,344354.9396977819,906.1303196544177,0.0,0.0,1495.7731445417157,444569.66225925786,0.0,13.081647253822183,4.0,1612.0,0.0,0.0,95.89999999860447,36302.89999975222,0.0,1014.299999999892,53.349999999223655,20257.74999984546,0.0,0.0,0.0,0.0,0.0,0.0,10.670000000000073,4051.5499999999965,533.5,202577.5,0.0,212.0,544.1700000000128,206629.0500000001,0.0,0.0,1495.7731445417157,444569.66225925786
568,2021-07-22,2021,True,21.553424657534247,1067,1067,1212,345261.07001743634,1390.402623100834,43149,55,0.0,0.8125561630306051,0.17819503103521384,0.1447787836873786,0.06574632076465746,0.3839084347250186,0.9543533270852859,0.1759791505674583,488574.84488235763,0,False,False,True,"{""0"":null,""1"":null,""2"":null,""3"":null}",1067.0,572016.0,1067.0,406222.0,1067.0,406222.0,906.1303196544177,345261.07001743634,906.1303196544177,0.0,0.0,1390.4026231008465,445960.0648823587,0.0,13.081647253822183,4.0,1616.0,0.0,0.0,95.89999999860447,36398.79999975082,2.849999999999568,1017.1499999998915,53.349999999223655,20311.099999844682,0.0,0.0,0.0,0.0,0.0,0.0,10.670000000000073,4062.2199999999966,533.5,203111.0,0.0,212.0,544.1700000000128,207173.22000000012,0.0,0.0,1390.4026231008465,445960.0648823587
569,2021-07-23,2021,True,21.556164383561644,1068,1068,1213,346168.1631285416,1321.8432414223398,43260,51,0.0,0.8006098874645785,0.19629583476545304,0.1444010767062478,0.06511656501260167,0.3837264472424875,0.9541104868913858,0.19698499541692077,489351.00812377996,0,False,False,True,"{""0"":null,""1"":null,""2"":null,""3"":null}",1068.0,573084.0,1068.0,407290.0,1068.0,407290.0,907.0931111052632,346168.1631285416,907.0931111052632,0.0,0.0,1321.8432414223207,447281.90812378103,0.0,13.081647253822183,4.0,1620.0,0.0,0.0,95.99999999860302,36494.799999749426,2.9999999999995453,1020.1499999998911,53.39999999922293,20364.499999843905,0.0,0.0,0.0,0.0,0.0,0.0,10.679999999999836,4072.8999999999965,534.0,203645.0,1.0,213.0,544.679999999993,207717.9000000001,0.0,0.0,1321.8432414223207,447281.90812378103
570,2021-07-24,2021,False,21.55890410958904,1069,0,1214,346168.1631285416,0.0,42342,51,0.0,,,0.1443624112880568,0.06479297283814821,0.3837363744137123,0.9550795135640786,0.1213500319695107,489350.00812377996,0,False,False,True,"{""0"":null,""1"":null,""2"":null,""3"":null}",1069.0,574153.0,0.0,407290.0,0.0,407290.0,0.0,346168.1631285416,0.0,0.0,0.0,0.0,447281.90812378103,0.0,13.081647253822183,0.0,1620.0,0.0,0.0,0.0,36494.799999749426,0.0,1020.1499999998911,0.0,20364.499999843905,0.0,0.0,0.0,0.0,0.0,0.0,0.0,4072.8999999999965,0.0,203645.0,1.0,214.0,0.0,207717.9000000001,0.0,0.0,0.0,447281.90812378103
571,2021-07-25,2021,False,21.561643835616437,1068,0,1214,346168.1631285416,0.0,42342,51,0.0,,,0.14447628857642889,0.06476234943534388,0.38391836189624334,0.9550374531835206,0.07323425067342584,489350.00812377996,0,False,False,True,"{""0"":null,""1"":null,""2"":null,""3"":null}",1068.0,575221.0,0.0,407290.0,0.0,407290.0,0.0,346168.1631285416,0.0,0.0,0.0,0.0,447281.90812378103,0.0,13.081647253822183,0.0,1620.0,0.0,0.0,0.0,36494.799999749426,0.0,1020.1499999998911,0.0,20364.499999843905,0.0,0.0,0.0,0.0,0.0,0.0,0.0,4072.8999999999965,0.0,203645.0,0.0,214.0,0.0,207717.9000000001,0.0,0.0,0.0,447281.90812378103
572,2021-07-26,2021,True,21.564383561643837,1068,1068,1214,347075.265096638,1653.6572058993922,43405,10,0.0,0.8445369237110412,0.1458991972617775,0.14447628857642889,0.06476234943534388,0.38391836189624334,0.9540964419475656,0.10191722603481679,490458.9853296794,0,False,False,True,"{""0"":null,""1"":null,""2"":null,""3"":null}",1068.0,576289.0,1068.0,408358.0,1068.0,408358.0,907.1019680963946,347075.265096638,907.1019680963946,0.0,0.0,1653.6572058994207,448935.56532968045,0.0,13.081647253822183,4.0,1624.0,0.0,0.0,95.99999999860302,36590.79999974803,7.650000000001796,1027.7999999998929,53.39999999922293,20417.899999843128,0.0,0.0,0.0,0.0,0.0,0.0,10.679999999999836,4083.5799999999963,534.0,204179.0,0.0,214.0,544.679999999993,208262.5800000001,0.0,0.0,1653.6572058994207,448935.56532968045
573,2021-07-27,2021,True,21.567123287671233,1069,1069,1215,347983.2829577599,1558.1294920964385,43452,27,0.07763499233197411,0.8185606352980459,0.17571234582080816,0.14448676898183505,0.06441541621165428,0.38385727038200024,0.9542048643592141,0.1286461236913856,491470.9248217758,0,False,False,True,"{""0"":null,""1"":null,""2"":null,""3"":null}",1069.0,577358.0,1069.0,409427.0,1069.0,409427.0,908.0178611219162,347983.2829577599,908.0178611219162,0.0,0.0,1558.1294920964283,450493.6948217769,0.07763499233197457,13.159282246154158,4.0,1628.0,0.0,0.0,96.09999999860156,36686.89999974663,0.0,1027.7999999998929,53.4499999992222,20471.34999984235,0.0,0.0,0.0,0.0,0.0,0.0,10.690000000000055,4094.2699999999963,534.5,204713.5,1.0,215.0,545.1900000000023,208807.7700000001,0.0,0.0,1558.1294920964283,450493.6948217769
574,2021-07-28,2021,True,21.56986301369863,1069,1069,1215,348891.30081888183,1495.9104076328383,43561,45,0.08553923334279802,0.8335209213038751,0.16081534670356276,0.14450739753032277,0.06468715142826678,0.38385727038200024,0.9540084190832554,0.15341341421049515,492421.64522940863,0,False,False,True,"{""0"":null,""1"":null,""2"":null,""3"":null}",1069.0,578427.0,1069.0,410496.0,1069.0,410496.0,908.0178611219162,348891.30081888183,908.0178611219162,0.0,0.0,1495.9104076328222,451989.6052294097,0.08553923334279823,13.244821479496956,4.0,1632.0,0.0,0.0,96.09999999860156,36782.99999974523,0.0,1027.7999999998929,53.4499999992222,20524.799999841573,0.0,0.0,0.0,0.0,0.0,0.0,10.690000000000055,4104.959999999996,534.5,205248.0,0.0,215.0,545.1900000000023,209352.9600000001,0.0,0.0,1495.9104076328222,451989.6052294097
575,2021-07-29,2021,True,21.572602739726026,1069,1069,1215,349799.31868000375,1426.9409754083465,43661,54,0.0,0.8119143579788847,0.16403906805124474,0.1445096082233635,0.0649424255716071,0.38385727038200024,0.9535500467726847,0.17630198823538545,493303.396204817,0,False,False,True,"{""0"":null,""1"":null,""2"":null,""3"":null}",1069.0,579496.0,1069.0,411565.0,1069.0,411565.0,908.0178611219162,349799.31868000375,908.0178611219162,0.0,0.0,1426.9409754083608,453416.54620481806,0.0,13.244821479496956,4.0,1636.0,0.0,0.0,96.09999999860156,36879.099999743834,1.5000000000009095,1029.2999999998938,53.4499999992222,20578.249999840795,0.0,0.0,0.0,0.0,0.0,0.0,10.6899999999996,4115.649999999996,534.5,205782.5,0.0,215.0,545.1900000000023,209898.1500000001,0.0,0.0,1426.9409754083608,453416.54620481806
576,2021-07-30,2021,True,21.575342465753426,1070,1070,1216,350708.2796555758,1353.8028369716912,43767,55,0.0,0.8186103716336932,0.16993157519391278,0.14420860266897162,0.06435576887666454,0.3836779983819634,0.9527803738317757,0.1972848945549748,494110.4990417887,0,False,False,True,"{""0"":null,""1"":null,""2"":null,""3"":null}",1070.0,580566.0,1070.0,412635.0,1070.0,412635.0,908.9609755720594,350708.2796555758,908.9609755720594,0.0,0.0,1353.8028369717067,454770.34904178977,0.0,13.244821479496956,4.0,1640.0,0.0,0.0,96.1999999986001,36975.299999742434,2.550000000001546,1031.8499999998953,53.49999999922147,20631.749999840016,0.0,0.0,0.0,0.0,0.0,0.0,10.699999999999818,4126.349999999996,535.0,206317.5,1.0,216.0,545.7000000000116,210443.85000000012,0.0,0.0,1353.8028369717067,454770.34904178977
577,2021-07-31,2021,False,21.578082191780823,1071,0,1217,350708.2796555758,0.0,42882,55,0.0,,,0.1438912991284515,0.06379717324829416,0.3834960108994323,0.9536181139122316,0.12145998446533073,494109.4990417887,0,False,False,True,"{""0"":null,""1"":null,""2"":null,""3"":null}",1071.0,581637.0,0.0,412635.0,0.0,412635.0,0.0,350708.2796555758,0.0,0.0,0.0,0.0,454770.34904178977,0.0,13.244821479496956,0.0,1640.0,0.0,0.0,0.0,36975.299999742434,0.0,1031.8499999998953,0.0,20631.749999840016,0.0,0.0,0.0,0.0,0.0,0.0,0.0,4126.349999999996,0.0,206317.5,1.0,217.0,0.0,210443.85000000012,0.0,0.0,0.0,454770.34904178977
578,2021-08-01,2021,False,21.58082191780822,1072,0,1218,350708.2796555758,0.0,42882,55,0.0,,,0.14386634990893366,0.06317004754740886,0.3835059380706571,0.9533815298507462,0.07351648340006059,494108.4990417887,0,False,False,True,"{""0"":null,""1"":null,""2"":null,""3"":null}",1072.0,582709.0,0.0,412635.0,0.0,412635.0,0.0,350708.2796555758,0.0,0.0,0.0,0.0,454770.34904178977,0.0,13.244821479496956,0.0,1640.0,0.0,0.0,0.0,36975.299999742434,0.0,1031.8499999998953,0.0,20631.749999840016,0.0,0.0,0.0,0.0,0.0,0.0,0.0,4126.349999999996,0.0,206317.5,1.0,218.0,0.0,210443.85000000012,0.0,0.0,0.0,454770.34904178977
579,2021-08-02,2021,True,21.583561643835615,1072,1072,1218,351618.7924139824,1633.0876631226336,43942,18,0.33956701043107,0.8460372916938403,0.1292549882542559,0.14386634990893366,0.06317004754740885,0.3835059380706571,0.9522294776119402,0.10217711877193836,495194.86670491134,0,False,False,True,"{""0"":null,""1"":null,""2"":null,""3"":null}",1072.0,583781.0,1072.0,413707.0,1072.0,413707.0,910.5127584065776,351618.7924139824,910.5127584065776,0.0,0.0,1633.0876631226274,456403.4367049124,0.33956701043106996,13.584388489928026,4.0,1644.0,0.0,0.0,96.3999999985972,37071.69999974103,8.250000000005002,1040.0999999999003,53.59999999922002,20685.349999839236,0.0,0.0,0.0,0.0,0.0,0.0,10.720000000000255,4137.069999999996,536.0,206853.5,0.0,218.0,546.7200000000012,210990.57000000012,0.0,0.0,1633.0876631226274,456403.4367049124
580,2021-08-03,2021,True,21.586301369863016,1073,1073,1219,352530.2813517245,1539.112754046712,44003,33,0.0,0.8237611878187092,0.1713903174475893,0.14375799605621248,0.06284103278724625,0.383444846556414,0.9528005591798695,0.12893070970634535,496185.74945895805,0,False,False,True,"{""0"":null,""1"":null,""2"":null,""3"":null}",1073.0,584854.0,1073.0,414780.0,1073.0,414780.0,911.488937742135,352530.2813517245,911.488937742135,0.0,0.0,1539.1127540466841,457942.5494589591,0.0,13.584388489928026,4.0,1648.0,0.0,0.0,96.49999999859574,37168.19999973963,0.0,1040.0999999999003,53.64999999921929,20738.999999838456,0.0,0.0,0.0,0.0,0.0,0.0,10.729999999999563,4147.799999999996,536.5,207390.0,1.0,219.0,547.2300000000105,211537.80000000013,0.0,0.0,1539.1127540466841,457942.5494589591
581,2021-08-04,2021,True,21.589041095890412,1073,1073,1219,353441.77028946666,1472.7311131767883,44115,45,0.0,0.8341230023416003,0.1506034901907832,0.14369619693771168,0.06305885673741524,0.383444846556414,0.9533830382106244,0.1537282349497742,497111.25057213486,0,False,False,True,"{""0"":null,""1"":null,""2"":null,""3"":null}",1073.0,585927.0,1073.0,415853.0,1073.0,415853.0,911.488937742135,353441.77028946666,911.488937742135,0.0,0.0,1472.7311131767929,459415.2805721359,0.0,13.584388489928026,4.0,1652.0,0.0,0.0,96.49999999859574,37264.69999973822,0.0,1040.0999999999003,53.64999999921929,20792.649999837675,0.0,0.0,0.0,0.0,0.0,0.0,10.729999999999563,4158.529999999995,536.5,207926.5,0.0,219.0,547.2300000000105,212085.03000000014,0.0,0.0,1472.7311131767929,459415.2805721359
582,2021-08-05,2021,True,21.59178082191781,1073,1073,1219,354353.2592272088,1419.2159193991567,44223,41,0.0,0.8126708063925069,0.18299319415317034,0.1436732659147711,0.06336308147091792,0.383444846556414,0.9537465051258155,0.17664460973216722,497983.23649153404,0,False,False,True,"{""0"":null,""1"":null,""2"":null,""3"":null}",1073.0,587000.0,1073.0,416926.0,1073.0,416926.0,911.488937742135,354353.2592272088,911.488937742135,0.0,0.0,1419.2159193991683,460834.49649153504,0.0,13.584388489928026,4.0,1656.0,0.0,0.0,96.49999999859574,37361.19999973682,2.700000000001637,1042.799999999902,53.64999999921929,20846.299999836894,0.0,0.0,0.0,0.0,0.0,0.0,10.729999999999563,4169.259999999995,536.5,208463.0,0.0,219.0,547.2300000000105,212632.26000000015,0.0,0.0,1419.2159193991683,460834.49649153504
583,2021-08-06,2021,True,21.594520547945205,1074,1074,1220,355265.47737521894,1371.3815089971934,44335,45,0.006677623762427253,0.8044430624654505,0.18364489434018028,0.14370076840093687,0.06296500606238373,0.3833837550421709,0.9532495344506517,0.19758767373592975,498805.87800053123,0,False,False,True,"{""0"":null,""1"":null,""2"":null,""3"":null}",1074.0,588074.0,1074.0,418000.0,1074.0,418000.0,912.2181480101426,355265.47737521894,912.2181480101426,0.0,0.0,1371.3815089971758,462205.8780005322,0.006677623762426421,13.591066113690452,4.0,1660.0,0.0,0.0,96.59999999859428,37457.79999973541,2.2500000000013642,1045.0499999999033,53.69999999921856,20899.999999836113,0.0,0.0,0.0,0.0,0.0,0.0,10.739999999999782,4179.9999999999945,537.0,209000.0,1.0,220.0,547.7399999999907,213180.00000000015,0.0,0.0,1371.3815089971758,462205.8780005322
584,2021-08-07,2021,False,21.5972602739726,1074,0,1220,355265.47737521894,0.0,43422,45,0.0,,,0.14366837935241833,0.06321330118783504,0.3833837550421709,0.954413407821229,0.12210490616887608,498805.87800053123,0,False,False,True,"{""0"":null,""1"":null,""2"":null,""3"":null}",1074.0,589148.0,0.0,418000.0,0.0,418000.0,0.0,355265.47737521894,0.0,0.0,0.0,0.0,462205.8780005322,0.0,13.591066113690452,0.0,1660.0,0.0,0.0,0.0,37457.79999973541,0.0,1045.0499999999033,0.0,20899.999999836113,0.0,0.0,0.0,0.0,0.0,0.0,0.0,4179.9999999999945,0.0,209000.0,0.0,220.0,0.0,213180.00000000015,0.0,0.0,0.0,462205.8780005322
585,2021-08-08,2021,False,21.6,1075,0,1221,355265.47737521894,0.0,43422,45,0.0,,,0.14377792110686677,0.06281922459999065,0.3836134487510453,0.9541767441860465,0.07404263900635036,498804.87800053123,0,False,False,True,"{""0"":null,""1"":null,""2"":null,""3"":null}",1075.0,590223.0,0.0,418000.0,0.0,418000.0,0.0,355265.47737521894,0.0,0.0,0.0,0.0,462205.8780005322,0.0,13.591066113690452,0.0,1660.0,0.0,0.0,0.0,37457.79999973541,0.0,1045.0499999999033,0.0,20899.999999836113,0.0,0.0,0.0,0.0,0.0,0.0,0.0,4179.9999999999945,0.0,209000.0,1.0,221.0,0.0,213180.00000000015,0.0,0.0,0.0,462205.8780005322
586,2021-08-09,2021,True,21.602739726027398,1075,1075,1221,356178.6896220238,1648.2662378598898,44473,12,0.0,0.845602532566412,0.14307650966277602,0.14377792110686677,0.06281922459999066,0.3836134487510453,0.9530279069767443,0.10280269061266746,499904.89423839113,0,False,False,True,"{""0"":null,""1"":null,""2"":null,""3"":null}",1075.0,591298.0,1075.0,419075.0,1075.0,419075.0,913.2122468048474,356178.6896220238,913.2122468048474,0.0,0.0,1648.2662378599052,463854.1442383921,0.0,13.591066113690452,4.0,1664.0,0.0,0.0,96.69999999859283,37554.499999734006,6.750000000004093,1051.7999999999074,53.749999999217835,20953.74999983533,0.0,0.0,0.0,0.0,0.0,0.0,10.75,4190.7499999999945,537.5,209537.5,0.0,221.0,548.25,213728.25000000015,0.0,0.0,1648.2662378599052,463854.1442383921
587,2021-08-10,2021,True,21.605479452054794,1075,1075,1221,357091.90186882863,1556.4303619027087,44544,32,0.0,0.8352998791667438,0.15578229064115873,0.14371995997930137,0.06305544992636412,0.3836134487510453,0.9534,0.1295432669016422,500913.0746002938,0,False,False,True,"{""0"":null,""1"":null,""2"":null,""3"":null}",1075.0,592373.0,1075.0,420150.0,1075.0,420150.0,913.2122468048474,357091.90186882863,913.2122468048474,0.0,0.0,1556.4303619026905,465410.5746002948,0.0,13.591066113690452,4.0,1668.0,0.0,0.0,96.69999999859283,37651.1999997326,0.0,1051.7999999999074,53.749999999217835,21007.49999983455,0.0,0.0,0.0,0.0,0.0,0.0,10.75,4201.4999999999945,537.5,210075.0,0.0,221.0,548.25,214276.50000000015,0.0,0.0,1556.4303619026905,465410.5746002948
588,2021-08-11,2021,True,21.60821917808219,1074,1074,1221,358004.1443562131,1494.335773352373,44645,54,0.0,0.8362071197161052,0.15222032871868996,0.14349401923127494,0.06322218076395161,0.38367454026528836,0.9533845437616387,0.15411488896538375,501859.6703736462,0,False,False,True,"{""0"":null,""1"":null,""2"":null,""3"":null}",1074.0,593447.0,1074.0,421224.0,1074.0,421224.0,912.242487384472,358004.1443562131,912.242487384472,0.0,0.0,1494.335773352359,466904.9103736472,0.0,13.591066113690452,4.0,1672.0,0.0,0.0,96.59999999859428,37747.79999973119,0.0,1051.7999999999074,53.69999999921856,21061.199999833767,0.0,0.0,0.0,0.0,0.0,0.0,10.739999999999782,4212.239999999994,537.0,210612.0,0.0,221.0,547.7399999999907,214824.24000000014,0.0,0.0,1494.335773352359,466904.9103736472
589,2021-08-12,2021,True,21.610958904109587,1076,1076,1223,358918.0119510768,1406.927772692898,44764,53,0.20939956154856973,0.7983278054173577,0.19829195606127775,0.1431906085577357,0.0619443269048144,0.38343417675100844,0.952792750929368,0.17686785819316173,502715.83814633905,0,False,False,True,"{""0"":null,""1"":null,""2"":null,""3"":null}",1076.0,594523.0,1076.0,422300.0,1076.0,422300.0,913.8675948636956,358918.0119510768,913.8675948636956,0.0,0.0,1406.9277726928703,468311.83814634004,0.20939956154856887,13.800465675239021,4.0,1676.0,0.0,0.0,96.79999999859137,37844.599999729784,1.8000000000010914,1053.5999999999085,53.79999999921711,21114.999999832984,0.0,0.0,0.0,0.0,0.0,0.0,10.760000000000218,4222.9999999999945,538.0,211150.0,2.0,223.0,548.7600000000093,215373.00000000015,0.0,0.0,1406.9277726928703,468311.83814634004
590,2021-08-13,2021,True,21.613698630136987,1076,1076,1223,359831.8795459405,1370.8749071660627,44887,52,0.0,0.8299129353233831,0.1645694793359933,0.14320673368659004,0.06225180423130508,0.38343417675100844,0.9527973977695168,0.19786630654948847,503537.9530535051,0,False,False,True,"{""0"":null,""1"":null,""2"":null,""3"":null}",1076.0,595599.0,1076.0,423376.0,1076.0,423376.0,913.8675948636956,359831.8795459405,913.8675948636956,0.0,0.0,1370.8749071660568,469682.7130535061,0.0,13.800465675239021,4.0,1680.0,0.0,0.0,96.79999999859137,37941.399999728375,3.000000000001819,1056.5999999999103,53.79999999921711,21168.7999998322,0.0,0.0,0.0,0.0,0.0,0.0,10.760000000000218,4233.759999999995,538.0,211688.0,0.0,223.0,548.7600000000093,215921.76000000015,0.0,0.0,1370.8749071660568,469682.7130535061
591,2021-08-14,2021,False,21.616438356164384,1075,0,1223,359831.8795459405,0.0,43962,52,0.0,,,0.1430159659206351,0.06240027576827212,0.38349526826525154,0.9542465116279071,0.1224918023298783,503537.9530535051,0,False,False,True,"{""0"":null,""1"":null,""2"":null,""3"":null}",1075.0,596674.0,0.0,423376.0,0.0,423376.0,0.0,359831.8795459405,0.0,0.0,0.0,0.0,469682.7130535061,0.0,13.800465675239021,0.0,1680.0,0.0,0.0,0.0,37941.399999728375,0.0,1056.5999999999103,0.0,21168.7999998322,0.0,0.0,0.0,0.0,0.0,0.0,0.0,4233.759999999995,0.0,211688.0,0.0,223.0,0.0,215921.76000000015,0.0,0.0,0.0,469682.7130535061
592,2021-08-15,2021,False,21.61917808219178,1075,0,1224,359831.8795459405,0.0,43962,52,0.0,,,0.14297051068412117,0.06155540939142656,0.38349526826525154,0.9539674418604652,0.07420336693085747,503536.9530535051,0,False,False,True,"{""0"":null,""1"":null,""2"":null,""3"":null}",1075.0,597749.0,0.0,423376.0,0.0,423376.0,0.0,359831.8795459405,0.0,0.0,0.0,0.0,469682.7130535061,0.0,13.800465675239021,0.0,1680.0,0.0,0.0,0.0,37941.399999728375,0.0,1056.5999999999103,0.0,21168.7999998322,0.0,0.0,0.0,0.0,0.0,0.0,0.0,4233.759999999995,0.0,211688.0,1.0,224.0,0.0,215921.76000000015,0.0,0.0,0.0,469682.7130535061
593,2021-08-16,2021,True,21.621917808219177,1076,1076,1225,360745.69199228025,1659.3232762323432,45006,14,0.0,0.8327841394993971,0.16318522489686915,0.14293919943072722,0.06093256914726333,0.3835050709728874,0.952439591078067,0.10286657615686902,504646.51632973744,0,False,False,True,"{""0"":null,""1"":null,""2"":null,""3"":null}",1076.0,598825.0,1076.0,424452.0,1076.0,424452.0,913.8124463397544,360745.69199228025,913.8124463397544,0.0,0.0,1659.323276232346,471342.03632973845,0.0,13.800465675239021,4.0,1684.0,0.0,0.0,96.69999999859283,38038.09999972697,7.800000000004729,1064.399999999915,53.79999999921711,21222.59999983142,0.0,0.0,0.0,0.0,0.0,0.0,10.760000000000218,4244.519999999995,538.0,212226.0,1.0,225.0,548.7600000000093,216470.52000000016,0.0,0.0,1659.323276232346,471342.03632973845
594,2021-08-17,2021,True,21.624657534246577,1076,1076,1225,361659.50443862,1540.9275336846495,45074,37,0.0,0.8233310126927084,0.16089301801542458,0.14285867362373098,0.0610804460161513,0.3835050709728874,0.9527230483271376,0.12953948486391745,505638.6838634221,0,False,False,True,"{""0"":null,""1"":null,""2"":null,""3"":null}",1076.0,599901.0,1076.0,425528.0,1076.0,425528.0,913.8124463397544,361659.50443862,913.8124463397544,0.0,0.0,1540.9275336846476,472882.9638634231,0.0,13.800465675239021,4.0,1688.0,0.0,0.0,96.69999999859283,38134.79999972556,0.0,1064.399999999915,53.79999999921711,21276.399999830635,0.0,0.0,0.0,0.0,0.0,0.0,10.760000000000218,4255.279999999995,538.0,212764.0,0.0,225.0,548.7600000000093,217019.28000000017,0.0,0.0,1540.9275336846476,472882.9638634231
595,2021-08-18,2021,True,21.627397260273973,1076,1076,1225,362573.31688495976,1478.656162766557,45194,58,0.0,0.8298508479732346,0.17577580401994128,0.14286878205718156,0.061414380082500025,0.3835050709728874,0.9530576208178438,0.15425592850109687,506568.58002618863,0,False,False,True,"{""0"":null,""1"":null,""2"":null,""3"":null}",1076.0,600977.0,1076.0,426604.0,1076.0,426604.0,913.8124463397544,362573.31688495976,913.8124463397544,0.0,0.0,1478.656162766565,474361.62002618966,0.0,13.800465675239021,4.0,1692.0,0.0,0.0,96.69999999859283,38231.499999724154,0.0,1064.399999999915,53.79999999921711,21330.199999829852,0.0,0.0,0.0,0.0,0.0,0.0,10.760000000000218,4266.039999999995,538.0,213302.0,0.0,225.0,548.7600000000093,217568.04000000018,0.0,0.0,1478.656162766565,474361.62002618966
596,2021-08-19,2021,True,21.63013698630137,1076,1076,1225,363487.1293312995,1402.578545353673,45318,63,0.0,0.7946235874609291,0.20568968286822806,0.14292611364931618,0.06170048562795197,0.3835050709728874,0.9534014869888475,0.17710942557396575,507422.3985715423,0,False,False,True,"{""0"":null,""1"":null,""2"":null,""3"":null}",1076.0,602053.0,1076.0,427680.0,1076.0,427680.0,913.8124463397544,363487.1293312995,913.8124463397544,0.0,0.0,1402.5785453536664,475764.1985715433,0.0,13.800465675239021,4.0,1696.0,0.0,0.0,96.69999999859283,38328.19999972275,2.1000000000012733,1066.4999999999163,53.79999999921711,21383.99999982907,0.0,0.0,0.0,0.0,0.0,0.0,10.760000000000218,4276.799999999996,538.0,213840.0,0.0,225.0,548.7600000000093,218116.8000000002,0.0,0.0,1402.5785453536664,475764.1985715433
597,2021-08-20,2021,True,21.632876712328766,1075,1075,1225,364400.04414039984,1356.9565992028756,45433,54,0.0,0.7898949729197666,0.19189029392015128,0.1427060471975834,0.061856298524883724,0.3835661624871305,0.9537534883720931,0.19811127967869574,508231.10517074517,0,False,False,True,"{""0"":null,""1"":null,""2"":null,""3"":null}",1075.0,603128.0,1075.0,428755.0,1075.0,428755.0,912.9148091003299,364400.04414039984,912.9148091003299,0.0,0.0,1356.9565992028802,477121.1551707462,0.0,13.800465675239021,4.0,1700.0,0.0,0.0,96.59999999859428,38424.79999972134,3.450000000002092,1069.9499999999184,53.749999999217835,21437.749999828287,0.0,0.0,0.0,0.0,0.0,0.0,10.75,4287.549999999996,537.5,214377.5,0.0,225.0,548.25,218665.0500000002,0.0,0.0,1356.9565992028802,477121.1551707462
598,2021-08-21,2021,False,21.635616438356166,1074,0,1225,364400.04414039984,0.0,44507,54,0.0,,,0.1426502074694401,0.062011840734453635,0.38355623531590577,0.9548975791433891,0.1228169142575156,508231.10517074517,0,False,False,True,"{""0"":null,""1"":null,""2"":null,""3"":null}",1074.0,604202.0,0.0,428755.0,0.0,428755.0,0.0,364400.04414039984,0.0,0.0,0.0,0.0,477121.1551707462,0.0,13.800465675239021,0.0,1700.0,0.0,0.0,0.0,38424.79999972134,0.0,1069.9499999999184,0.0,21437.749999828287,0.0,0.0,0.0,0.0,0.0,0.0,0.0,4287.549999999996,0.0,214377.5,0.0,225.0,0.0,218665.0500000002,0.0,0.0,0.0,477121.1551707462
599,2021-08-22,2021,False,21.638356164383563,1074,0,1225,364400.04414039984,0.0,44507,54,0.0,,,0.1426502074694401,0.06201184073445366,0.38355623531590577,0.9548975791433891,0.07478814178816842,508231.10517074517,0,False,False,True,"{""0"":null,""1"":null,""2"":null,""3"":null}",1074.0,605276.0,0.0,428755.0,0.0,428755.0,0.0,364400.04414039984,0.0,0.0,0.0,0.0,477121.1551707462,0.0,13.800465675239021,0.0,1700.0,0.0,0.0,0.0,38424.79999972134,0.0,1069.9499999999184,0.0,21437.749999828287,0.0,0.0,0.0,0.0,0.0,0.0,0.0,4287.549999999996,0.0,214377.5,0.0,225.0,0.0,218665.0500000002,0.0,0.0,0.0,477121.1551707462
600,2021-08-23,2021,True,21.64109589041096,1074,1074,1226,365312.14446339215,1660.1593800355702,45570,12,0.0,0.8472090219587622,0.14978360072681238,0.1426175048780901,0.06129473770193193,0.38367528289946917,0.9535428305400373,0.10318425077060395,509342.52455078077,0,False,False,True,"{""0"":null,""1"":null,""2"":null,""3"":null}",1074.0,606350.0,1074.0,429829.0,1074.0,429829.0,912.1003229923081,365312.14446339215,912.1003229923081,0.0,0.0,1660.1593800355913,478781.3145507818,0.0,13.800465675239021,4.0,1704.0,0.0,0.0,96.49999999859574,38521.29999971994,8.100000000004911,1078.0499999999233,53.69999999921856,21491.449999827506,0.0,0.0,0.0,0.0,0.0,0.0,10.739999999999782,4298.289999999995,537.0,214914.5,1.0,226.0,547.7399999999907,219212.79000000018,0.0,0.0,1660.1593800355913,478781.3145507818
601,2021-08-24,2021,True,21.643835616438356,1072,1072,1226,366222.6061734413,1545.506360875109,45620,27,0.3067281914688427,0.8368859706709262,0.15378409375711885,0.1428129810706283,0.061923450735932056,0.3837255801447178,0.9548554104477612,0.1301004026215877,510341.3109116559,0,False,False,True,"{""0"":null,""1"":null,""2"":null,""3"":null}",1072.0,607422.0,1072.0,430901.0,1072.0,430901.0,910.4617100491305,366222.6061734413,910.4617100491305,0.0,0.0,1545.5063608750934,480326.8209116569,0.3067281914688422,14.107193866707863,4.0,1708.0,0.0,0.0,96.29999999859865,38617.599999718535,0.0,1078.0499999999233,53.59999999922002,21545.049999826726,0.0,0.0,0.0,0.0,0.0,0.0,10.720000000000255,4309.009999999996,536.0,215450.5,0.0,226.0,546.7200000000012,219759.51000000018,0.0,0.0,1545.5063608750934,480326.8209116569
602,2021-08-25,2021,True,21.646575342465752,1072,1072,1226,367133.0678834904,1472.2187890339064,45738,47,0.0,0.8163866924956529,0.1781068223506993,0.14280835159845268,0.062249020747349434,0.3837255801447178,0.9547248134328359,0.15481804600170837,511266.8097006898,0,False,False,True,"{""0"":null,""1"":null,""2"":null,""3"":null}",1072.0,608494.0,1072.0,431973.0,1072.0,431973.0,910.4617100491305,367133.0678834904,910.4617100491305,0.0,0.0,1472.2187890338828,481799.0397006908,0.0,14.107193866707863,4.0,1712.0,0.0,0.0,96.29999999859865,38713.899999717134,0.0,1078.0499999999233,53.59999999922002,21598.649999825946,0.0,0.0,0.0,0.0,0.0,0.0,10.720000000000255,4319.729999999996,536.0,215986.5,0.0,226.0,546.7200000000012,220306.23000000019,0.0,0.0,1472.2187890338828,481799.0397006908
603,2021-08-26,2021,True,21.649315068493152,1073,1073,1227,368044.3663745709,1408.9591431952783,45851,58,0.0,0.823772145616193,0.1582395329876007,0.14251263783487356,0.061737787080756154,0.383546308144681,0.9543662628145387,0.17762198595534628,512127.5388438851,0,False,False,True,"{""0"":null,""1"":null,""2"":null,""3"":null}",1073.0,609567.0,1073.0,433046.0,1073.0,433046.0,911.2984910804662,368044.3663745709,911.2984910804662,0.0,0.0,1408.9591431953013,483207.9988438861,0.0,14.107193866707863,4.0,1716.0,0.0,0.0,96.3999999985972,38810.29999971573,1.8000000000010914,1079.8499999999244,53.64999999921929,21652.299999825165,0.0,0.0,0.0,0.0,0.0,0.0,10.729999999999563,4330.4599999999955,536.5,216523.0,1.0,227.0,547.2300000000105,220853.4600000002,0.0,0.0,1408.9591431953013,483207.9988438861
604,2021-08-27,2021,True,21.65205479452055,1072,1072,1227,368954.9559013392,1349.333529021906,45973,63,0.0,0.8116262879420775,0.18908279018856658,0.1425924818476847,0.06261787448216398,0.3835365054370451,0.9553638059701494,0.1987895076986271,512930.15237290703,0,False,False,True,"{""0"":null,""1"":null,""2"":null,""3"":null}",1072.0,610639.0,1072.0,434118.0,1072.0,434118.0,910.5895267683081,368954.9559013392,910.5895267683081,0.0,0.0,1349.333529021882,484557.33237290796,0.0,14.107193866707863,4.0,1720.0,0.0,0.0,96.3999999985972,38906.69999971433,2.2500000000013642,1082.0999999999258,53.59999999922002,21705.899999824385,0.0,0.0,0.0,0.0,0.0,0.0,10.720000000000255,4341.179999999996,536.0,217059.0,0.0,227.0,546.7200000000012,221400.1800000002,0.0,0.0,1349.333529021882,484557.33237290796
605,2021-08-28,2021,False,21.654794520547945,1072,0,1228,368954.9559013392,0.0,45051,63,0.0,,,0.14237085202694327,0.062006354901463515,0.3835365054370451,0.9564692164179105,0.1227007758604545,512929.15237290703,0,False,False,True,"{""0"":null,""1"":null,""2"":null,""3"":null}",1072.0,611711.0,0.0,434118.0,0.0,434118.0,0.0,368954.9559013392,0.0,0.0,0.0,0.0,484557.33237290796,0.0,14.107193866707863,0.0,1720.0,0.0,0.0,0.0,38906.69999971433,0.0,1082.0999999999258,0.0,21705.899999824385,0.0,0.0,0.0,0.0,0.0,0.0,0.0,4341.179999999996,0.0,217059.0,1.0,228.0,0.0,221400.1800000002,0.0,0.0,0.0,484557.33237290796
606,2021-08-29,2021,False,21.65753424657534,1071,0,1228,368954.9559013392,0.0,45051,63,0.0,,,0.14258191976244572,0.06208240693948207,0.38371577743708196,0.9564285714285715,0.07474652174702223,512929.15237290703,0,False,False,True,"{""0"":null,""1"":null,""2"":null,""3"":null}",1071.0,612782.0,0.0,434118.0,0.0,434118.0,0.0,368954.9559013392,0.0,0.0,0.0,0.0,484557.33237290796,0.0,14.107193866707863,0.0,1720.0,0.0,0.0,0.0,38906.69999971433,0.0,1082.0999999999258,0.0,21705.899999824385,0.0,0.0,0.0,0.0,0.0,0.0,0.0,4341.179999999996,0.0,217059.0,0.0,228.0,0.0,221400.1800000002,0.0,0.0,0.0,484557.33237290796
607,2021-08-30,2021,True,21.660273972602738,1070,1070,1228,369863.65641190216,1643.8366246119147,46128,17,0.0,0.8421215786030116,0.15509732526159917,0.1427074522184346,0.06209856915100667,0.383897764919613,0.9553831775700935,0.1034831080902411,514027.28899751895,0,False,False,True,"{""0"":null,""1"":null,""2"":null,""3"":null}",1070.0,613852.0,1070.0,435188.0,1070.0,435188.0,908.7005105629796,369863.65641190216,908.7005105629796,0.0,0.0,1643.8366246119258,486201.1689975199,0.0,14.107193866707863,4.0,1724.0,0.0,0.0,96.1999999986001,39002.89999971293,9.45000000000573,1091.5499999999315,53.49999999922147,21759.399999823607,0.0,0.0,0.0,0.0,0.0,0.0,10.699999999999818,4351.879999999996,535.0,217594.0,0.0,228.0,545.7000000000116,221945.8800000002,0.0,0.0,1643.8366246119258,486201.1689975199
608,2021-08-31,2021,True,21.663013698630138,1070,1070,1228,370772.35692246514,1575.9669524299975,46167,36,0.0,0.8504687340658037,0.12269816651378246,0.1427589877969914,0.062442496178161666,0.383897764919613,0.9558691588785047,0.13018055307602525,515057.55594994896,0,False,False,True,"{""0"":null,""1"":null,""2"":null,""3"":null}",1070.0,614922.0,1070.0,436258.0,1070.0,436258.0,908.7005105629796,370772.35692246514,908.7005105629796,0.0,0.0,1575.9669524300261,487777.1359499499,0.0,14.107193866707863,4.0,1728.0,0.0,0.0,96.1999999986001,39099.09999971153,0.0,1091.5499999999315,53.49999999922147,21812.89999982283,0.0,0.0,0.0,0.0,0.0,0.0,10.699999999999818,4362.579999999995,535.0,218129.0,0.0,228.0,545.7000000000116,222491.58000000022,0.0,0.0,1575.9669524300261,487777.1359499499
609,2021-09-01,2021,True,21.665753424657535,1070,1070,1228,371681.0574330281,1520.7536954352477,46284,56,0.0,0.8280648709168587,0.1726488591751028,0.14275329852841462,0.06272897874162041,0.383897764919613,0.9559672897196262,0.15489666923839737,516032.6096453842,0,False,False,True,"{""0"":null,""1"":null,""2"":null,""3"":null}",1070.0,615992.0,1070.0,437328.0,1070.0,437328.0,908.7005105629796,371681.0574330281,908.7005105629796,0.0,0.0,1520.75369543524,489297.88964538515,0.0,14.107193866707863,4.0,1732.0,0.0,0.0,96.1999999986001,39195.29999971013,0.0,1091.5499999999315,53.49999999922147,21866.39999982205,0.0,0.0,0.0,0.0,0.0,0.0,10.699999999999818,4373.279999999995,535.0,218664.0,0.0,228.0,545.7000000000116,223037.28000000023,0.0,0.0,1520.75369543524,489297.88964538515
610,2021-09-02,2021,True,21.66849315068493,1071,1071,1230,372590.8700127678,1433.6473704254022,46418,56,0.0853061532634243,0.8282699116299339,0.16436437900798812,0.14265944164394453,0.06240444571134282,0.3839102831097432,0.9568347338935574,0.1778458944101565,516918.04701580957,0,False,False,True,"{""0"":null,""1"":null,""2"":null,""3"":null}",1071.0,617063.0,1071.0,438399.0,1071.0,438399.0,909.8125797396642,372590.8700127678,909.8125797396642,0.0,0.0,1433.6473704254022,490731.53701581055,0.08530615326342428,14.192500019971288,4.0,1736.0,0.0,0.0,96.1999999986001,39291.49999970873,2.550000000001546,1094.099999999933,53.549999999220745,21919.94999982127,0.0,0.0,0.0,0.0,0.0,0.0,10.710000000000036,4383.989999999995,535.5,219199.5,2.0,230.0,546.2099999999919,223583.49000000022,0.0,0.0,1433.6473704254022,490731.53701581055
611,2021-09-03,2021,True,21.671232876712327,1071,1071,1230,373500.68259250745,1373.8741435325471,46525,53,0.0,0.8114422087617102,0.1897893045786832,0.1427136582350237,0.06272515783346916,0.3839102831097432,0.9572268907563025,0.1989472139890216,517745.7111593421,0,False,False,True,"{""0"":null,""1"":null,""2"":null,""3"":null}",1071.0,618134.0,1071.0,439470.0,1071.0,439470.0,909.8125797396642,373500.68259250745,909.8125797396642,0.0,0.0,1373.8741435325355,492105.4111593431,0.0,14.192500019971288,4.0,1740.0,0.0,0.0,96.1999999986001,39387.69999970733,2.850000000001728,1096.9499999999348,53.549999999220745,21973.49999982049,0.0,0.0,0.0,0.0,0.0,0.0,10.710000000000036,4394.699999999995,535.5,219735.0,0.0,230.0,546.2099999999919,224129.70000000022,0.0,0.0,1373.8741435325355,492105.4111593431
612,2021-09-04,2021,False,21.673972602739727,1071,0,1230,373500.68259250745,0.0,45593,53,0.0,,,0.14270901236391723,0.06301816883619783,0.3839102831097432,0.958295985060691,0.1231608271862855,517745.7111593421,0,False,False,True,"{""0"":null,""1"":null,""2"":null,""3"":null}",1071.0,619205.0,0.0,439470.0,0.0,439470.0,0.0,373500.68259250745,0.0,0.0,0.0,0.0,492105.4111593431,0.0,14.192500019971288,0.0,1740.0,0.0,0.0,0.0,39387.69999970733,0.0,1096.9499999999348,0.0,21973.49999982049,0.0,0.0,0.0,0.0,0.0,0.0,0.0,4394.699999999995,0.0,219735.0,0.0,230.0,0.0,224129.70000000022,0.0,0.0,0.0,492105.4111593431
613,2021-09-05,2021,False,21.676712328767124,1071,0,1230,373500.68259250745,0.0,45593,53,0.0,,,0.14270901236391723,0.06301816883619783,0.3839102831097432,0.958295985060691,0.07514555421790278,517745.7111593421,0,False,False,True,"{""0"":null,""1"":null,""2"":null,""3"":null}",1071.0,620276.0,0.0,439470.0,0.0,439470.0,0.0,373500.68259250745,0.0,0.0,0.0,0.0,492105.4111593431,0.0,14.192500019971288,0.0,1740.0,0.0,0.0,0.0,39387.69999970733,0.0,1096.9499999999348,0.0,21973.49999982049,0.0,0.0,0.0,0.0,0.0,0.0,0.0,4394.699999999995,0.0,219735.0,0.0,230.0,0.0,224129.70000000022,0.0,0.0,0.0,492105.4111593431
614,2021-09-06,2021,True,21.67945205479452,1071,1071,1230,374410.4951722471,1685.842927735704,46658,20,0.0,0.8561605050012764,0.13422723315853716,0.14270901236391723,0.06301816883619786,0.3839102831097432,0.9573342670401495,0.10394756167197916,518885.34408707777,0,False,False,True,"{""0"":null,""1"":null,""2"":null,""3"":null}",1071.0,621347.0,1071.0,440541.0,1071.0,440541.0,909.8125797396642,374410.4951722471,909.8125797396642,0.0,0.0,1685.8429277357063,493791.2540870788,0.0,14.192500019971288,4.0,1744.0,0.0,0.0,96.1999999986001,39483.89999970593,7.95000000000482,1104.8999999999396,53.549999999220745,22027.049999819712,0.0,0.0,0.0,0.0,0.0,0.0,10.710000000000036,4405.409999999995,535.5,220270.5,0.0,230.0,546.2099999999919,224675.9100000002,0.0,0.0,1685.8429277357063,493791.2540870788
615,2021-09-07,2021,True,21.682191780821917,1071,1071,1230,375320.3077519868,1623.5672386477959,46716,42,0.0,0.8358136647404211,0.1441817150938101,0.14267066056036717,0.06343835114330904,0.3839102831097432,0.9575163398692811,0.1307454927404451,519962.70132572553,0,False,False,True,"{""0"":null,""1"":null,""2"":null,""3"":null}",1071.0,622418.0,1071.0,441612.0,1071.0,441612.0,909.8125797396642,375320.3077519868,909.8125797396642,0.0,0.0,1623.5672386477818,495414.8213257266,0.0,14.192500019971288,4.0,1748.0,0.0,0.0,96.1999999986001,39580.09999970453,0.0,1104.8999999999396,53.549999999220745,22080.599999818933,0.0,0.0,0.0,0.0,0.0,0.0,10.710000000000036,4416.119999999995,535.5,220806.0,0.0,230.0,546.2099999999919,225222.1200000002,0.0,0.0,1623.5672386477818,495414.8213257266
616,2021-09-08,2021,True,21.684931506849317,1071,1071,1230,376230.12033172644,1486.04454366629,46817,69,0.0,0.8263762857754364,0.16404320437966666,0.14268237768228428,0.06373238585969881,0.3839102831097432,0.9574556489262371,0.15554204065132943,520902.5358693918,0,False,False,True,"{""0"":null,""1"":null,""2"":null,""3"":null}",1071.0,623489.0,1071.0,442683.0,1071.0,442683.0,909.8125797396642,376230.12033172644,909.8125797396642,0.0,0.0,1486.0445436662994,496900.8658693929,0.0,14.192500019971288,4.0,1752.0,0.0,0.0,96.1999999986001,39676.29999970313,0.0,1104.8999999999396,53.549999999220745,22134.149999818153,0.0,0.0,0.0,0.0,0.0,0.0,10.710000000000036,4426.829999999995,535.5,221341.5,0.0,230.0,546.2099999999919,225768.3300000002,0.0,0.0,1486.0445436662994,496900.8658693929
617,2021-09-09,2021,True,21.687671232876713,1071,1071,1230,377139.9329114661,1419.0899358811212,46959,69,0.0,0.8290879858484119,0.15503759661711797,0.14266317580124252,0.06402981964612267,0.3839102831097432,0.9575910364145658,0.1784178763290652,521775.41580527293,0,False,False,True,"{""0"":null,""1"":null,""2"":null,""3"":null}",1071.0,624560.0,1071.0,443754.0,1071.0,443754.0,909.8125797396642,377139.9329114661,909.8125797396642,0.0,0.0,1419.089935881144,498319.955805274,0.0,14.192500019971288,4.0,1756.0,0.0,0.0,96.1999999986001,39772.49999970173,3.000000000001819,1107.8999999999414,53.549999999220745,22187.699999817374,0.0,0.0,0.0,0.0,0.0,0.0,10.710000000000036,4437.539999999995,535.5,221877.0,0.0,230.0,546.2099999999919,226314.54000000018,0.0,0.0,1419.089935881144,498319.955805274
618,2021-09-10,2021,True,21.69041095890411,1072,1072,1231,378050.56425569404,1374.2249941992986,47076,65,0.0,0.8021577234025521,0.19067495211232566,0.14234725064674342,0.06360030028122125,0.3837282956272121,0.9576819029850746,0.19934273256118812,522601.92079947225,0,False,False,True,"{""0"":null,""1"":null,""2"":null,""3"":null}",1072.0,625632.0,1072.0,444826.0,1072.0,444826.0,910.6313442279352,378050.56425569404,910.6313442279352,0.0,0.0,1374.2249941992923,499694.1807994733,0.0,14.192500019971288,4.0,1760.0,0.0,0.0,96.29999999859865,39868.79999970033,3.300000000002001,1111.1999999999434,53.59999999922002,22241.299999816594,0.0,0.0,0.0,0.0,0.0,0.0,10.720000000000255,4448.259999999996,536.0,222413.0,1.0,231.0,546.7200000000012,226861.26000000018,0.0,0.0,1374.2249941992923,499694.1807994733
619,2021-09-11,2021,False,21.693150684931506,1072,0,1231,378050.56425569404,0.0,46138,65,0.0,,,0.14226737201035308,0.06394106909978525,0.3837282956272121,0.9587639925373135,0.12348715929451472,522601.92079947225,0,False,False,True,"{""0"":null,""1"":null,""2"":null,""3"":null}",1072.0,626704.0,0.0,444826.0,0.0,444826.0,0.0,378050.56425569404,0.0,0.0,0.0,0.0,499694.1807994733,0.0,14.192500019971288,0.0,1760.0,0.0,0.0,0.0,39868.79999970033,0.0,1111.1999999999434,0.0,22241.299999816594,0.0,0.0,0.0,0.0,0.0,0.0,0.0,4448.259999999996,0.0,222413.0,0.0,231.0,0.0,226861.26000000018,0.0,0.0,0.0,499694.1807994733
620,2021-09-12,2021,False,21.695890410958903,1072,0,1231,378050.56425569404,0.0,46138,65,0.0,,,0.14226737201035308,0.06394106909978527,0.3837282956272121,0.9587639925373135,0.07532313003724493,522601.92079947225,0,False,False,True,"{""0"":null,""1"":null,""2"":null,""3"":null}",1072.0,627776.0,0.0,444826.0,0.0,444826.0,0.0,378050.56425569404,0.0,0.0,0.0,0.0,499694.1807994733,0.0,14.192500019971288,0.0,1760.0,0.0,0.0,0.0,39868.79999970033,0.0,1111.1999999999434,0.0,22241.299999816594,0.0,0.0,0.0,0.0,0.0,0.0,0.0,4448.259999999996,0.0,222413.0,0.0,231.0,0.0,226861.26000000018,0.0,0.0,0.0,499694.1807994733
621,2021-09-13,2021,True,21.698630136986303,1072,1072,1231,378961.195599922,1657.9162667581058,47218,15,0.0,0.8501062095195596,0.13694108625764134,0.14226737201035308,0.06394106909978524,0.3837282956272121,0.9579057835820896,0.10404916584221179,523713.1170662304,0,False,False,True,"{""0"":null,""1"":null,""2"":null,""3"":null}",1072.0,628848.0,1072.0,445898.0,1072.0,445898.0,910.6313442279352,378961.195599922,910.6313442279352,0.0,0.0,1657.9162667581113,501352.0970662314,0.0,14.192500019971288,4.0,1764.0,0.0,0.0,96.29999999859865,39965.09999969893,9.750000000005912,1120.9499999999493,53.59999999922002,22294.899999815814,0.0,0.0,0.0,0.0,0.0,0.0,10.720000000000255,4458.979999999996,536.0,222949.0,0.0,231.0,546.7200000000012,227407.98000000019,0.0,0.0,1657.9162667581113,501352.0970662314
622,2021-09-14,2021,True,21.7013698630137,1070,1070,1231,379870.12185361877,1588.889167513744,47259,36,0.0,0.8355059049137996,0.14515116084472768,0.14213930311751732,0.06384839399439163,0.38348534109402677,0.9581401869158879,0.13084420360646506,524756.3062337441,0,False,False,True,"{""0"":null,""1"":null,""2"":null,""3"":null}",1070.0,629918.0,1070.0,446968.0,1070.0,446968.0,908.9262536967872,379870.12185361877,908.9262536967872,0.0,0.0,1588.8891675137565,502940.9862337452,0.0,14.192500019971288,4.0,1768.0,0.0,0.0,96.1999999986001,40061.29999969753,0.0,1120.9499999999493,53.49999999922147,22348.399999815036,0.0,0.0,0.0,0.0,0.0,0.0,10.699999999999818,4469.679999999996,535.0,223484.0,0.0,231.0,545.7000000000116,227953.6800000002,0.0,0.0,1588.8891675137565,502940.9862337452
623,2021-09-15,2021,True,21.704109589041096,1070,1070,1231,380779.04810731555,1509.7516833108966,47372,53,0.0,0.8307778600541759,0.1637071998657152,0.14206169571499294,0.06414378394813311,0.38348534109402677,0.9580747663551403,0.15564713748549308,525720.357917055,0,False,False,True,"{""0"":null,""1"":null,""2"":null,""3"":null}",1070.0,630988.0,1070.0,448038.0,1070.0,448038.0,908.9262536967872,380779.04810731555,908.9262536967872,0.0,0.0,1509.7516833108966,504450.7379170561,0.0,14.192500019971288,4.0,1772.0,0.0,0.0,96.1999999986001,40157.49999969613,0.0,1120.9499999999493,53.49999999922147,22401.899999814257,0.0,0.0,0.0,0.0,0.0,0.0,10.699999999999818,4480.379999999996,535.0,224019.0,0.0,231.0,545.7000000000116,228499.3800000002,0.0,0.0,1509.7516833108966,504450.7379170561
624,2021-09-16,2021,True,21.706849315068492,1070,1070,1231,381687.97436101234,1414.4004475620782,47508,49,0.0,0.8384863674337358,0.1719487652282816,0.14198021627550256,0.06442078433713055,0.38348534109402677,0.9584953271028036,0.1785382929249787,526589.0583646172,0,False,False,True,"{""0"":null,""1"":null,""2"":null,""3"":null}",1070.0,632058.0,1070.0,449108.0,1070.0,449108.0,908.9262536967872,381687.97436101234,908.9262536967872,0.0,0.0,1414.400447562104,505865.1383646182,0.0,14.192500019971288,4.0,1776.0,0.0,0.0,96.1999999986001,40253.69999969473,2.2500000000013642,1123.1999999999507,53.49999999922147,22455.39999981348,0.0,0.0,0.0,0.0,0.0,0.0,10.699999999999818,4491.079999999995,535.0,224554.0,0.0,231.0,545.7000000000116,229045.08000000022,0.0,0.0,1414.400447562104,505865.1383646182
625,2021-09-17,2021,True,21.70958904109589,1070,1070,1231,382596.9006147091,1354.0521245372217,47622,40,0.0,0.8055683716867927,0.21024299666147517,0.14204795670630319,0.06483241234737591,0.38348534109402677,0.9590934579439252,0.19956994733653552,527397.4104891544,0,False,False,True,"{""0"":null,""1"":null,""2"":null,""3"":null}",1070.0,633128.0,1070.0,450178.0,1070.0,450178.0,908.9262536967872,382596.9006147091,908.9262536967872,0.0,0.0,1354.0521245372365,507219.1904891554,0.0,14.192500019971288,4.0,1780.0,0.0,0.0,96.1999999986001,40349.89999969333,3.15000000000191,1126.3499999999526,53.49999999922147,22508.8999998127,0.0,0.0,0.0,0.0,0.0,0.0,10.699999999999818,4501.779999999995,535.0,225089.0,0.0,231.0,545.7000000000116,229590.78000000023,0.0,0.0,1354.0521245372365,507219.1904891554
626,2021-09-18,2021,False,21.71232876712329,1068,0,1231,382596.9006147091,0.0,46679,40,0.0,,,0.14220990321624022,0.06526635621175302,0.38372931247429637,0.9601170411985018,0.12373933323835708,527397.4104891544,0,False,False,True,"{""0"":null,""1"":null,""2"":null,""3"":null}",1068.0,634196.0,0.0,450178.0,0.0,450178.0,0.0,382596.9006147091,0.0,0.0,0.0,0.0,507219.1904891554,0.0,14.192500019971288,0.0,1780.0,0.0,0.0,0.0,40349.89999969333,0.0,1126.3499999999526,0.0,22508.8999998127,0.0,0.0,0.0,0.0,0.0,0.0,0.0,4501.779999999995,0.0,225089.0,0.0,231.0,0.0,229590.78000000023,0.0,0.0,0.0,507219.1904891554
627,2021-09-19,2021,False,21.715068493150685,1067,0,1231,382596.9006147091,0.0,46679,40,0.0,,,0.14212997525860627,0.06508390450002036,0.3837192577451719,0.9600796626054358,0.07537054633388922,527397.4104891544,0,False,False,True,"{""0"":null,""1"":null,""2"":null,""3"":null}",1067.0,635263.0,0.0,450178.0,0.0,450178.0,0.0,382596.9006147091,0.0,0.0,0.0,0.0,507219.1904891554,0.0,14.192500019971288,0.0,1780.0,0.0,0.0,0.0,40349.89999969333,0.0,1126.3499999999526,0.0,22508.8999998127,0.0,0.0,0.0,0.0,0.0,0.0,0.0,4501.779999999995,0.0,225089.0,0.0,231.0,0.0,229590.78000000023,0.0,0.0,0.0,507219.1904891554
628,2021-09-20,2021,True,21.71780821917808,1066,1066,1231,383502.136066582,1646.7256351384108,47743,16,0.0,0.830426519050535,0.16526641148691665,0.14243448759053465,0.06522056709876926,0.3838985297452087,0.9594465290806754,0.1042376665719696,528500.4761242928,0,False,False,True,"{""0"":null,""1"":null,""2"":null,""3"":null}",1066.0,636329.0,1066.0,451244.0,1066.0,451244.0,905.235451872868,383502.136066582,905.235451872868,0.0,0.0,1646.7256351383985,508865.9161242938,0.0,14.192500019971288,4.0,1784.0,0.0,0.0,95.79999999860593,40445.69999969193,6.000000000003638,1132.3499999999563,53.29999999922438,22562.199999811924,0.0,0.0,0.0,0.0,0.0,0.0,10.659999999999854,4512.439999999995,533.0,225622.0,0.0,231.0,543.6600000000035,230134.44000000024,0.0,0.0,1646.7256351383985,508865.9161242938
629,2021-09-21,2021,True,21.720547945205478,1066,1066,1231,384407.37151845486,1581.5899388927407,47797,34,0.0,0.8301069492342883,0.17044066307032693,0.14238857973405636,0.06559852619814942,0.3838985297452087,0.9595028142589118,0.13102528666466626,529538.4060631855,0,False,False,True,"{""0"":null,""1"":null,""2"":null,""3"":null}",1066.0,637395.0,1066.0,452310.0,1066.0,452310.0,905.235451872868,384407.37151845486,905.235451872868,0.0,0.0,1581.58993889275,510447.50606318656,0.0,14.192500019971288,4.0,1788.0,0.0,0.0,95.79999999860593,40541.49999969054,0.0,1132.3499999999563,53.29999999922438,22615.49999981115,0.0,0.0,0.0,0.0,0.0,0.0,10.659999999999854,4523.099999999995,533.0,226155.0,0.0,231.0,543.6600000000035,230678.10000000024,0.0,0.0,1581.58993889275,510447.50606318656
630,2021-09-22,2021,True,21.723287671232878,1066,1066,1232,385312.61588173115,1510.897759959891,47904,56,0.0,0.8266229306730283,0.1609291272401131,0.14238466986985965,0.06547721065007048,0.38390404423512203,0.9587664165103189,0.15554615473890648,530504.6438231454,0,False,False,True,"{""0"":null,""1"":null,""2"":null,""3"":null}",1066.0,638461.0,1066.0,453376.0,1066.0,453376.0,905.2443632762879,385312.61588173115,905.2443632762879,0.0,0.0,1510.8977599599166,511958.4038231465,0.0,14.192500019971288,4.0,1792.0,0.0,0.0,95.79999999860593,40637.299999689145,0.0,1132.3499999999563,53.29999999922438,22668.799999810373,0.0,0.0,0.0,0.0,0.0,0.0,10.659999999999854,4533.759999999995,533.0,226688.0,1.0,232.0,543.6600000000035,231221.76000000024,0.0,0.0,1510.8977599599166,511958.4038231465
631,2021-09-23,2021,True,21.726027397260275,1066,1066,1232,386217.86024500744,1420.2299086768621,48021,63,0.0,0.8416377503072363,0.15758643241207876,0.1424537958846436,0.06586774568731858,0.38390404423512203,0.9585412757973734,0.1783745368716224,531381.2137318222,0,False,False,True,"{""0"":null,""1"":null,""2"":null,""3"":null}",1066.0,639527.0,1066.0,454442.0,1066.0,454442.0,905.2443632762879,386217.86024500744,905.2443632762879,0.0,0.0,1420.2299086768762,513378.63373182336,0.0,14.192500019971288,4.0,1796.0,0.0,0.0,95.79999999860593,40733.09999968775,2.400000000001455,1134.7499999999577,53.29999999922438,22722.099999809598,0.0,0.0,0.0,0.0,0.0,0.0,10.659999999999854,4544.419999999995,533.0,227221.0,0.0,232.0,543.6600000000035,231765.42000000025,0.0,0.0,1420.2299086768762,513378.63373182336
632,2021-09-24,2021,True,21.72876712328767,1066,1066,1233,387122.9492743027,1381.8976767726301,48140,68,0.0,0.8134165594529509,0.16766949681425736,0.14213597616844398,0.06519980090762381,0.3836806951172085,0.9585084427767354,0.19885535998875206,532218.4514085948,0,False,False,True,"{""0"":null,""1"":null,""2"":null,""3"":null}",1066.0,640593.0,1066.0,455508.0,1066.0,455508.0,905.0890292952536,387122.9492743027,905.0890292952536,0.0,0.0,1381.8976767726126,514760.53140859597,0.0,14.192500019971288,4.0,1800.0,0.0,0.0,95.69999999860738,40828.79999968636,2.700000000001637,1137.4499999999593,53.29999999922438,22775.399999808822,0.0,0.0,0.0,0.0,0.0,0.0,10.659999999999854,4555.0799999999945,533.0,227754.0,1.0,233.0,543.6600000000035,232309.08000000025,0.0,0.0,1381.8976767726126,514760.53140859597
633,2021-09-25,2021,False,21.731506849315068,1066,0,1233,387122.9492743027,0.0,47220,68,0.0,,,0.14209712144840397,0.06538248867887031,0.3836806951172085,0.9596763602251407,0.12310124846605736,532218.4514085948,0,False,False,True,"{""0"":null,""1"":null,""2"":null,""3"":null}",1066.0,641659.0,0.0,455508.0,0.0,455508.0,0.0,387122.9492743027,0.0,0.0,0.0,0.0,514760.53140859597,0.0,14.192500019971288,0.0,1800.0,0.0,0.0,0.0,40828.79999968636,0.0,1137.4499999999593,0.0,22775.399999808822,0.0,0.0,0.0,0.0,0.0,0.0,0.0,4555.0799999999945,0.0,227754.0,0.0,233.0,0.0,232309.08000000025,0.0,0.0,0.0,514760.53140859597
634,2021-09-26,2021,False,21.734246575342468,1066,0,1233,387122.9492743027,0.0,47220,68,0.0,,,0.14209712144840397,0.06538248867887032,0.3836806951172085,0.9596763602251407,0.07497084402898842,532218.4514085948,0,False,False,True,"{""0"":null,""1"":null,""2"":null,""3"":null}",1066.0,642725.0,0.0,455508.0,0.0,455508.0,0.0,387122.9492743027,0.0,0.0,0.0,0.0,514760.53140859597,0.0,14.192500019971288,0.0,1800.0,0.0,0.0,0.0,40828.79999968636,0.0,1137.4499999999593,0.0,22775.399999808822,0.0,0.0,0.0,0.0,0.0,0.0,0.0,4555.0799999999945,0.0,227754.0,0.0,233.0,0.0,232309.08000000025,0.0,0.0,0.0,514760.53140859597
635,2021-09-27,2021,True,21.736986301369864,1066,1066,1233,388028.03830359795,1659.4160205609421,48299,19,0.040972532039882326,0.8493242162045445,0.14848664659766048,0.14209712144840395,0.06538248867887034,0.3836806951172085,0.9587711069418386,0.1035935496074757,533334.2074291557,0,False,False,True,"{""0"":null,""1"":null,""2"":null,""3"":null}",1066.0,643791.0,1066.0,456574.0,1066.0,456574.0,905.0890292952536,388028.03830359795,905.0890292952536,0.0,0.0,1659.4160205609514,516419.9474291569,0.04097253203988238,14.23347255201117,4.0,1804.0,0.0,0.0,95.69999999860738,40924.499999684966,10.200000000006185,1147.6499999999655,53.29999999922438,22828.699999808046,0.0,0.0,0.0,0.0,0.0,0.0,10.659999999999854,4565.739999999994,533.0,228287.0,0.0,233.0,543.6600000000035,232852.74000000025,0.0,0.0,1659.4160205609514,516419.9474291569
636,2021-09-28,2021,True,21.73972602739726,1067,1067,1234,388933.9319827765,1552.3123114343027,48327,47,0.0,0.8491877831107711,0.1480700243937437,0.14179292237716773,0.06498061930232472,0.3834959086272583,0.9587628865979382,0.13028417359652542,534341.34974059,0,False,False,True,"{""0"":null,""1"":null,""2"":null,""3"":null}",1067.0,644858.0,1067.0,457641.0,1067.0,457641.0,905.8936791785527,388933.9319827765,905.8936791785527,0.0,0.0,1552.3123114343034,517972.2597405912,0.0,14.23347255201117,4.0,1808.0,0.0,0.0,95.79999999860593,41020.29999968357,0.0,1147.6499999999655,53.349999999223655,22882.04999980727,0.0,0.0,0.0,0.0,0.0,0.0,10.670000000000073,4576.409999999994,533.5,228820.5,1.0,234.0,544.1700000000128,233396.91000000027,0.0,0.0,1552.3123114343034,517972.2597405912
637,2021-09-29,2021,True,21.742465753424657,1067,1067,1234,389839.82566195505,1531.800281395076,48448,69,0.5007935101452863,0.8156667428488997,0.16797777825697388,0.1418082014679806,0.06533714469225602,0.3834959086272583,0.9586316776007497,0.15493760494565423,535328.980021985,0,False,False,True,"{""0"":null,""1"":null,""2"":null,""3"":null}",1067.0,645925.0,1067.0,458708.0,1067.0,458708.0,905.8936791785527,389839.82566195505,905.8936791785527,0.0,0.0,1531.800281395088,519504.0600219863,0.5007935101452858,14.734266062156456,4.0,1812.0,0.0,0.0,95.79999999860593,41116.09999968218,0.0,1147.6499999999655,53.349999999223655,22935.399999806494,0.0,0.0,0.0,0.0,0.0,0.0,10.670000000000073,4587.0799999999945,533.5,229354.0,0.0,234.0,544.1700000000128,233941.08000000028,0.0,0.0,1531.800281395088,519504.0600219863
638,2021-09-30,2021,True,21.745205479452054,1068,1068,1235,390746.64302166953,1459.461980448707,48585,62,0.03482396402988861,0.824925514642347,0.14791633119346592,0.1419334313445949,0.06523254289827542,0.38372906045280775,0.9585440074906367,0.1776199888808309,536242.7620024337,0,False,False,True,"{""0"":null,""1"":null,""2"":null,""3"":null}",1068.0,646993.0,1068.0,459776.0,1068.0,459776.0,906.8173597144778,390746.64302166953,906.8173597144778,0.0,0.0,1459.4619804486865,520963.522002435,0.03482396402988819,14.769090026186344,4.0,1816.0,0.0,0.0,95.89999999860447,41211.99999968078,2.850000000001728,1150.4999999999673,53.39999999922293,22988.799999805717,0.0,0.0,0.0,0.0,0.0,0.0,10.680000000000291,4597.759999999995,534.0,229888.0,1.0,235.0,544.679999999993,234485.76000000027,0.0,0.0,1459.4619804486865,520963.522002435
639,2021-10-01,2021,True,21.747945205479454,1068,1068,1235,391653.460381384,1291.7895445913741,48693,49,0.0,0.8211242654339261,0.1744693512758355,0.14185847435993842,0.06552724445436625,0.38372906045280775,0.9588202247191011,0.19854685160922353,536989.8715470249,0,False,False,True,"{""0"":null,""1"":null,""2"":null,""3"":null}",1068.0,648061.0,1068.0,460844.0,1068.0,460844.0,906.8173597144778,391653.460381384,906.8173597144778,0.0,0.0,1291.7895445913891,522255.3115470264,0.0,14.769090026186344,4.0,1820.0,0.0,0.0,95.89999999860447,41307.89999967939,4.200000000002547,1154.6999999999698,53.39999999922293,23042.19999980494,0.0,0.0,0.0,0.0,0.0,0.0,10.680000000000291,4608.439999999995,534.0,230422.0,0.0,235.0,544.679999999993,235030.44000000026,0.0,0.0,1291.7895445913891,522255.3115470264
640,2021-10-02,2021,False,21.75068493150685,1068,0,1235,391653.460381384,0.0,47765,49,0.0,,,0.14181945078363123,0.06587502411009553,0.38372906045280775,0.9599765917602997,0.12282665739015436,536989.8715470249,0,False,False,True,"{""0"":null,""1"":null,""2"":null,""3"":null}",1068.0,649129.0,0.0,460844.0,0.0,460844.0,0.0,391653.460381384,0.0,0.0,0.0,0.0,522255.3115470264,0.0,14.769090026186344,0.0,1820.0,0.0,0.0,0.0,41307.89999967939,0.0,1154.6999999999698,0.0,23042.19999980494,0.0,0.0,0.0,0.0,0.0,0.0,0.0,4608.439999999995,0.0,230422.0,0.0,235.0,0.0,235030.44000000026,0.0,0.0,0.0,522255.3115470264
641,2021-10-03,2021,False,21.753424657534246,1069,0,1236,391653.460381384,0.0,47765,49,0.0,,,0.1418016923618115,0.06523181819988862,0.38373911518193227,0.959733395696913,0.07447638002270392,536988.8715470249,0,False,False,True,"{""0"":null,""1"":null,""2"":null,""3"":null}",1069.0,650198.0,0.0,460844.0,0.0,460844.0,0.0,391653.460381384,0.0,0.0,0.0,0.0,522255.3115470264,0.0,14.769090026186344,0.0,1820.0,0.0,0.0,0.0,41307.89999967939,0.0,1154.6999999999698,0.0,23042.19999980494,0.0,0.0,0.0,0.0,0.0,0.0,0.0,4608.439999999995,0.0,230422.0,1.0,236.0,0.0,235030.44000000026,0.0,0.0,0.0,522255.3115470264
642,2021-10-04,2021,True,21.756164383561643,1069,1069,1236,392561.06756827387,1512.5495465270722,48837,20,0.0,0.8571147234357772,0.13738989994833833,0.14180169236181148,0.06523181819988859,0.38373911518193227,0.95911131898971,0.1031619306058695,537956.2310935521,0,False,False,True,"{""0"":null,""1"":null,""2"":null,""3"":null}",1069.0,651267.0,1069.0,461913.0,1069.0,461913.0,907.607186889858,392561.06756827387,907.607186889858,0.0,0.0,1512.5495465270942,523767.8610935535,0.0,14.769090026186344,4.0,1824.0,0.0,0.0,95.99999999860302,41403.89999967799,7.3500000000044565,1162.0499999999743,53.4499999992222,23095.64999980416,0.0,0.0,0.0,0.0,0.0,0.0,10.6899999999996,4619.129999999995,534.5,230956.5,0.0,236.0,545.1900000000023,235575.63000000027,0.0,0.0,1512.5495465270942,523767.8610935535
643,2021-10-05,2021,True,21.75890410958904,1069,1069,1236,393468.6747551637,1475.1650734348477,48886,46,0.0,0.8232297545731753,0.18430370189721462,0.14175668119535392,0.0656737532909051,0.38373911518193227,0.9592843779232927,0.12982863732423292,538886.206166987,0,False,False,True,"{""0"":null,""1"":null,""2"":null,""3"":null}",1069.0,652336.0,1069.0,462982.0,1069.0,462982.0,907.607186889858,393468.6747551637,907.607186889858,0.0,0.0,1475.1650734348223,525243.0261669883,0.0,14.769090026186344,4.0,1828.0,0.0,0.0,95.99999999860302,41499.89999967659,0.0,1162.0499999999743,53.4499999992222,23149.099999803384,0.0,0.0,0.0,0.0,0.0,0.0,10.6899999999996,4629.819999999994,534.5,231491.0,0.0,236.0,545.1900000000023,236120.82000000027,0.0,0.0,1475.1650734348223,525243.0261669883
644,2021-10-06,2021,True,21.76164383561644,1067,1067,1236,394374.6265625804,1373.8317979794758,48996,71,0.0,0.8444903341408387,0.14844049567956452,0.1422262392091355,0.06695161540936741,0.3839085844743332,0.9591377694470478,0.1546968743777519,539715.8679649663,0,False,False,True,"{""0"":null,""1"":null,""2"":null,""3"":null}",1067.0,653403.0,1067.0,464049.0,1067.0,464049.0,905.9518074166845,394374.6265625804,905.9518074166845,0.0,0.0,1373.8317979794228,526616.8579649677,0.0,14.769090026186344,4.0,1832.0,0.0,0.0,95.89999999860447,41595.7999996752,0.0,1162.0499999999743,53.349999999223655,23202.449999802608,0.0,0.0,0.0,0.0,0.0,0.0,10.670000000000073,4640.489999999994,533.5,232024.5,0.0,236.0,544.1700000000128,236664.99000000028,0.0,0.0,1373.8317979794228,526616.8579649677
645,2021-10-07,2021,True,21.764383561643836,1068,1068,1237,395281.55484907475,1286.630953361456,49114,79,0.0,0.8157046901646046,0.18127403590816377,0.1421946032917367,0.06654605696197058,0.3838466005765947,0.9588389513108614,0.17748078866438755,540456.8189183278,0,False,False,True,"{""0"":null,""1"":null,""2"":null,""3"":null}",1068.0,654471.0,1068.0,465117.0,1068.0,465117.0,906.928286494338,395281.55484907475,906.928286494338,0.0,0.0,1286.630953361513,527903.4889183292,0.0,14.769090026186344,4.0,1836.0,0.0,0.0,95.99999999860302,41691.7999996738,3.000000000001819,1165.049999999976,53.39999999922293,23255.84999980183,0.0,0.0,0.0,0.0,0.0,0.0,10.680000000000291,4651.169999999995,534.0,232558.5,1.0,237.0,544.679999999993,237209.67000000027,0.0,0.0,1286.630953361513,527903.4889183292
646,2021-10-08,2021,True,21.767123287671232,1069,1069,1238,396189.4278089008,1244.7297302612105,49233,76,0.0,0.8176503090035178,0.1738847977677674,0.14202276778438383,0.06608236829974388,0.38366461309406363,0.9585126286248832,0.1984480789599477,541155.3586485891,0,False,False,True,"{""0"":null,""1"":null,""2"":null,""3"":null}",1069.0,655540.0,1069.0,466186.0,1069.0,466186.0,907.8729598260252,396189.4278089008,907.8729598260252,0.0,0.0,1244.729730261257,529148.2186485905,0.0,14.769090026186344,4.0,1840.0,0.0,0.0,96.09999999860156,41787.8999996724,3.9000000000023647,1168.9499999999784,53.4499999992222,23309.299999801053,0.0,0.0,0.0,0.0,0.0,0.0,10.6899999999996,4661.859999999994,534.5,233093.0,1.0,238.0,545.1900000000023,237754.86000000028,0.0,0.0,1244.729730261257,529148.2186485905
647,2021-10-09,2021,False,21.76986301369863,1070,0,1239,396189.4278089008,0.0,48307,76,0.0,,,0.1416584970048905,0.06557421858516778,0.38348534109402677,0.959429906542056,0.12246048988532428,541154.3586485891,0,False,False,True,"{""0"":null,""1"":null,""2"":null,""3"":null}",1070.0,656610.0,0.0,466186.0,0.0,466186.0,0.0,396189.4278089008,0.0,0.0,0.0,0.0,529148.2186485905,0.0,14.769090026186344,0.0,1840.0,0.0,0.0,0.0,41787.8999996724,0.0,1168.9499999999784,0.0,23309.299999801053,0.0,0.0,0.0,0.0,0.0,0.0,0.0,4661.859999999994,0.0,233093.0,1.0,239.0,0.0,237754.86000000028,0.0,0.0,0.0,529148.2186485905
648,2021-10-10,2021,False,21.77260273972603,1070,0,1239,396189.4278089008,0.0,48307,76,0.0,,,0.14165849700489053,0.06557421858516779,0.38348534109402677,0.959429906542056,0.07423313751500973,541154.3586485891,0,False,False,True,"{""0"":null,""1"":null,""2"":null,""3"":null}",1070.0,657680.0,0.0,466186.0,0.0,466186.0,0.0,396189.4278089008,0.0,0.0,0.0,0.0,529148.2186485905,0.0,14.769090026186344,0.0,1840.0,0.0,0.0,0.0,41787.8999996724,0.0,1168.9499999999784,0.0,23309.299999801053,0.0,0.0,0.0,0.0,0.0,0.0,0.0,4661.859999999994,0.0,233093.0,0.0,239.0,0.0,237754.86000000028,0.0,0.0,0.0,529148.2186485905
649,2021-10-11,2021,True,21.775342465753425,1069,1069,1239,397097.19195885136,1543.0482577408482,49398,20,0.0,0.8633792651854186,0.128607359097499,0.14182646733077867,0.06561217403300798,0.38366461309406363,0.9585734331150607,0.10294989618427194,542152.21690633,0,False,False,True,"{""0"":null,""1"":null,""2"":null,""3"":null}",1069.0,658749.0,1069.0,467255.0,1069.0,467255.0,907.7641499505844,397097.19195885136,907.7641499505844,0.0,0.0,1543.0482577407965,530691.2669063313,0.0,14.769090026186344,4.0,1844.0,0.0,0.0,96.09999999860156,41883.999999671,11.400000000006912,1180.3499999999854,53.4499999992222,23362.749999800275,0.0,0.0,0.0,0.0,0.0,0.0,10.6899999999996,4672.549999999994,534.5,233627.5,0.0,239.0,545.1900000000023,238300.05000000028,0.0,0.0,1543.0482577407965,530691.2669063313
650,2021-10-12,2021,True,21.778082191780822,1070,1070,1240,398005.7355887461,1462.6087386817164,49436,38,0.11524581708419655,0.842975327991357,0.15289379766805114,0.1417605680701942,0.06528267739051616,0.38367454026528836,0.9591775700934578,0.12964182170178432,543068.1256450118,0,False,False,True,"{""0"":null,""1"":null,""2"":null,""3"":null}",1070.0,659819.0,1070.0,468325.0,1070.0,468325.0,908.5436298947316,398005.7355887461,908.5436298947316,0.0,0.0,1462.6087386817671,532153.8756450131,0.11524581708419568,14.88433584327054,4.0,1848.0,0.0,0.0,96.1999999986001,41980.1999996696,0.0,1180.3499999999854,53.49999999922147,23416.249999799496,0.0,0.0,0.0,0.0,0.0,0.0,10.699999999999818,4683.249999999994,535.0,234162.5,1.0,240.0,545.7000000000116,238845.7500000003,0.0,0.0,1462.6087386817671,532153.8756450131
651,2021-10-13,2021,True,21.78082191780822,1071,1071,1241,398915.2285331597,1352.7143731788346,49542,54,0.0,0.8264593685848896,0.1576014947712264,0.14182367164189813,0.06506544914044775,0.38368434297292425,0.958921568627451,0.15433237296965635,543873.6300181906,0,False,False,True,"{""0"":null,""1"":null,""2"":null,""3"":null}",1071.0,660890.0,1071.0,469396.0,1071.0,469396.0,909.4929444136214,398915.2285331597,909.4929444136214,0.0,0.0,1352.71437317878,533506.5900181918,0.0,14.88433584327054,4.0,1852.0,0.0,0.0,96.1999999986001,42076.3999996682,0.0,1180.3499999999854,53.549999999220745,23469.799999798717,0.0,0.0,0.0,0.0,0.0,0.0,10.710000000000036,4693.959999999994,535.5,234698.0,1.0,241.0,546.2099999999919,239391.96000000028,0.0,0.0,1352.71437317878,533506.5900181918
652,2021-10-14,2021,True,21.78356164383562,1071,1071,1241,399824.72147757333,1314.0289500260542,49670,47,0.0,0.7974930056364615,0.2001594708785691,0.14176728316876092,0.06537734209618655,0.38368434297292425,0.9589915966386554,0.1771288137525522,544641.4489682167,0,False,False,True,"{""0"":null,""1"":null,""2"":null,""3"":null}",1071.0,661961.0,1071.0,470467.0,1071.0,470467.0,909.4929444136214,399824.72147757333,909.4929444136214,0.0,0.0,1314.028950026026,534820.6189682179,0.0,14.88433584327054,4.0,1856.0,0.0,0.0,96.1999999986001,42172.5999996668,3.000000000001819,1183.3499999999872,53.549999999220745,23523.349999797938,0.0,0.0,0.0,0.0,0.0,0.0,10.710000000000036,4704.669999999994,535.5,235233.5,0.0,241.0,546.2099999999919,239938.17000000027,0.0,0.0,1314.028950026026,534820.6189682179
653,2021-10-15,2021,True,21.786301369863015,1069,1069,1241,400732.55149061274,1282.128957924311,49765,48,0.0,0.7999275830297291,0.18823682811632003,0.1416463712754349,0.06611191154011423,0.38373652416302684,0.9587979420018709,0.19826091465556517,545378.387926141,0,False,False,True,"{""0"":null,""1"":null,""2"":null,""3"":null}",1069.0,663030.0,1069.0,471536.0,1069.0,471536.0,907.8300130394055,400732.55149061274,907.8300130394055,0.0,0.0,1282.1289579243166,536102.7479261422,0.0,14.88433584327054,4.0,1860.0,0.0,0.0,96.09999999860156,42268.699999665405,2.700000000001637,1186.0499999999888,53.4499999992222,23576.79999979716,0.0,0.0,0.0,0.0,0.0,0.0,10.6899999999996,4715.359999999993,534.5,235768.0,0.0,241.0,545.1900000000023,240483.36000000028,0.0,0.0,1282.1289579243166,536102.7479261422
654,2021-10-16,2021,False,21.78904109589041,1067,0,1241,400732.55149061274,0.0,48849,48,0.0,,,0.1416720760198082,0.06645900359823376,0.38356792196839556,0.9594798500468603,0.12247879258008143,545378.387926141,0,False,False,True,"{""0"":null,""1"":null,""2"":null,""3"":null}",1067.0,664097.0,0.0,471536.0,0.0,471536.0,0.0,400732.55149061274,0.0,0.0,0.0,0.0,536102.7479261422,0.0,14.88433584327054,0.0,1860.0,0.0,0.0,0.0,42268.699999665405,0.0,1186.0499999999888,0.0,23576.79999979716,0.0,0.0,0.0,0.0,0.0,0.0,0.0,4715.359999999993,0.0,235768.0,0.0,241.0,0.0,240483.36000000028,0.0,0.0,0.0,536102.7479261422
655,2021-10-17,2021,False,21.791780821917808,1066,0,1241,400732.55149061274,0.0,48849,48,0.0,,,0.14177640220266322,0.0664479050144903,0.38374719396843243,0.9594418386491557,0.0743275272695551,545378.387926141,0,False,False,True,"{""0"":null,""1"":null,""2"":null,""3"":null}",1066.0,665163.0,0.0,471536.0,0.0,471536.0,0.0,400732.55149061274,0.0,0.0,0.0,0.0,536102.7479261422,0.0,14.88433584327054,0.0,1860.0,0.0,0.0,0.0,42268.699999665405,0.0,1186.0499999999888,0.0,23576.79999979716,0.0,0.0,0.0,0.0,0.0,0.0,0.0,4715.359999999993,0.0,235768.0,0.0,241.0,0.0,240483.36000000028,0.0,0.0,0.0,536102.7479261422
656,2021-10-18,2021,True,21.794520547945204,1066,1066,1241,401637.7197807158,1509.717167088771,49914,16,0.0,0.8658855401234837,0.12422076360147401,0.14177640220266324,0.0664479050144903,0.38374719396843243,0.9586538461538461,0.10295717697327751,546344.4450932298,0,False,False,True,"{""0"":null,""1"":null,""2"":null,""3"":null}",1066.0,666229.0,1066.0,472602.0,1066.0,472602.0,905.1682901030872,401637.7197807158,905.1682901030872,0.0,0.0,1509.717167088762,537612.465093231,0.0,14.88433584327054,4.0,1864.0,0.0,0.0,95.79999999860593,42364.49999966401,7.200000000004366,1193.2499999999932,53.29999999922438,23630.099999796385,0.0,0.0,0.0,0.0,0.0,0.0,10.659999999999854,4726.019999999993,533.0,236301.0,0.0,241.0,543.6600000000035,241027.02000000028,0.0,0.0,1509.717167088762,537612.465093231
657,2021-10-19,2021,True,21.797260273972604,1066,1066,1241,402542.8880708189,1491.7444411714623,49982,32,0.0,0.8257831660415293,0.17095205244600117,0.141691267433812,0.06677207798965512,0.38374719396843243,0.9593949343339587,0.12961020668598064,547292.5295344011,0,False,False,True,"{""0"":null,""1"":null,""2"":null,""3"":null}",1066.0,667295.0,1066.0,473668.0,1066.0,473668.0,905.1682901030872,402542.8880708189,905.1682901030872,0.0,0.0,1491.7444411714096,539104.2095344024,0.0,14.88433584327054,4.0,1868.0,0.0,0.0,95.79999999860593,42460.29999966262,0.0,1193.2499999999932,53.29999999922438,23683.39999979561,0.0,0.0,0.0,0.0,0.0,0.0,10.659999999999854,4736.679999999993,533.0,236834.0,0.0,241.0,543.6600000000035,241570.68000000028,0.0,0.0,1491.7444411714096,539104.2095344024
658,2021-10-20,2021,True,21.8,1066,1066,1241,403448.056360922,1382.6650099263886,50082,53,0.18202764002381233,0.8284370946976802,0.16451244628842657,0.14171224545974317,0.06713404599323858,0.38374719396843243,0.9595450281425891,0.15432325356514007,548131.5345443275,0,False,False,True,"{""0"":null,""1"":null,""2"":null,""3"":null}",1066.0,668361.0,1066.0,474734.0,1066.0,474734.0,905.1682901030872,403448.056360922,905.1682901030872,0.0,0.0,1382.6650099264225,540486.8745443288,0.18202764002381322,15.066363483294353,4.0,1872.0,0.0,0.0,95.79999999860593,42556.09999966122,0.0,1193.2499999999932,53.29999999922438,23736.699999794833,0.0,0.0,0.0,0.0,0.0,0.0,10.659999999999854,4747.339999999993,533.0,237367.0,0.0,241.0,543.6600000000035,242114.3400000003,0.0,0.0,1382.6650099264225,540486.8745443288
659,2021-10-21,2021,True,21.802739726027397,1066,1066,1241,404353.2246510251,1320.8112288333418,50203,59,0.0,0.8255714605545138,0.16260667055402908,0.141664418117392,0.06753325622297614,0.38374719396843243,0.9595872420262663,0.1771103839033249,548908.6857731609,0,False,False,True,"{""0"":null,""1"":null,""2"":null,""3"":null}",1066.0,669427.0,1066.0,475800.0,1066.0,475800.0,905.1682901030872,404353.2246510251,905.1682901030872,0.0,0.0,1320.8112288333941,541807.6857731622,0.0,15.066363483294353,4.0,1876.0,0.0,0.0,95.79999999860593,42651.89999965983,2.400000000001455,1195.6499999999946,53.29999999922438,23789.999999794058,0.0,0.0,0.0,0.0,0.0,0.0,10.659999999999854,4757.999999999993,533.0,237900.0,0.0,241.0,543.6600000000035,242658.0000000003,0.0,0.0,1320.8112288333941,541807.6857731622
660,2021-10-22,2021,True,21.805479452054794,1066,1066,1242,405258.4231470951,1268.1908693846317,50310,63,0.0,0.8068845730547501,0.20120036600057645,0.1415366051031118,0.0668796588787704,0.38345640874531495,0.9595028142589118,0.19802225122594105,549632.2166425455,0,False,False,True,"{""0"":null,""1"":null,""2"":null,""3"":null}",1066.0,670493.0,1066.0,476866.0,1066.0,476866.0,905.198496069992,405258.4231470951,905.198496069992,0.0,0.0,1268.190869384678,543075.8766425468,0.0,15.066363483294353,4.0,1880.0,0.0,0.0,95.79999999860593,42747.699999658435,2.400000000001455,1198.049999999996,53.29999999922438,23843.299999793282,0.0,0.0,0.0,0.0,0.0,0.0,10.659999999999854,4768.659999999993,533.0,238433.0,1.0,242.0,543.6600000000035,243201.6600000003,0.0,0.0,1268.190869384678,543075.8766425468
661,2021-10-23,2021,False,21.80821917808219,1067,0,1243,405258.4231470951,0.0,49389,63,0.0,,,0.1416630714025853,0.06685882429451441,0.3836861024541893,0.960360824742268,0.12213535823088033,549631.2166425455,0,False,False,True,"{""0"":null,""1"":null,""2"":null,""3"":null}",1067.0,671560.0,0.0,476866.0,0.0,476866.0,0.0,405258.4231470951,0.0,0.0,0.0,0.0,543075.8766425468,0.0,15.066363483294353,0.0,1880.0,0.0,0.0,0.0,42747.699999658435,0.0,1198.049999999996,0.0,23843.299999793282,0.0,0.0,0.0,0.0,0.0,0.0,0.0,4768.659999999993,0.0,238433.0,1.0,243.0,0.0,243201.6600000003,0.0,0.0,0.0,543075.8766425468
662,2021-10-24,2021,False,21.81095890410959,1066,0,1243,405258.4231470951,0.0,49389,63,0.0,,,0.14156567923546248,0.06672701366283393,0.38374719396843243,0.9603236397748594,0.07411402625779889,549631.2166425455,0,False,False,True,"{""0"":null,""1"":null,""2"":null,""3"":null}",1066.0,672626.0,0.0,476866.0,0.0,476866.0,0.0,405258.4231470951,0.0,0.0,0.0,0.0,543075.8766425468,0.0,15.066363483294353,0.0,1880.0,0.0,0.0,0.0,42747.699999658435,0.0,1198.049999999996,0.0,23843.299999793282,0.0,0.0,0.0,0.0,0.0,0.0,0.0,4768.659999999993,0.0,238433.0,0.0,243.0,0.0,243201.6600000003,0.0,0.0,0.0,543075.8766425468
663,2021-10-25,2021,True,21.813698630136987,1066,1066,1243,406163.5756567349,1544.9328215749474,50458,15,0.0,0.8450666692289437,0.1422089131635126,0.14156567923546248,0.06672701366283391,0.38374719396843243,0.9593480300187617,0.10280810345574508,550632.4894641205,0,False,False,True,"{""0"":null,""1"":null,""2"":null,""3"":null}",1066.0,673692.0,1066.0,477932.0,1066.0,477932.0,905.1525096397963,406163.5756567349,905.1525096397963,0.0,0.0,1544.9328215749701,544620.8094641218,0.0,15.066363483294353,4.0,1884.0,0.0,0.0,95.79999999860593,42843.49999965704,9.45000000000573,1207.5000000000018,53.29999999922438,23896.599999792506,0.0,0.0,0.0,0.0,0.0,0.0,10.659999999999854,4779.319999999992,533.0,238966.0,0.0,243.0,543.6600000000035,243745.3200000003,0.0,0.0,1544.9328215749701,544620.8094641218
664,2021-10-26,2021,True,21.816438356164383,1066,1066,1243,407068.72816637467,1434.5846659293136,50515,30,0.0,0.8527050868450424,0.1468615730457966,0.14155176682231146,0.06701890575276229,0.38374719396843243,0.9596482176360225,0.12946417307783512,551523.4141300498,0,False,False,True,"{""0"":null,""1"":null,""2"":null,""3"":null}",1066.0,674758.0,1066.0,478998.0,1066.0,478998.0,905.1525096397963,407068.72816637467,905.1525096397963,0.0,0.0,1434.5846659293165,546055.3941300511,0.0,15.066363483294353,4.0,1888.0,0.0,0.0,95.79999999860593,42939.29999965565,0.0,1207.5000000000018,53.29999999922438,23949.89999979173,0.0,0.0,0.0,0.0,0.0,0.0,10.659999999999854,4789.979999999992,533.0,239499.0,0.0,243.0,543.6600000000035,244288.9800000003,0.0,0.0,1434.5846659293165,546055.3941300511
665,2021-10-27,2021,True,21.81917808219178,1066,1066,1243,407973.88067601447,1423.5777518195466,50619,53,0.0,0.8105332241295127,0.17858461597049166,0.14146804404236019,0.0672784372579158,0.38374719396843243,0.9596529080675422,0.1541052647585432,552403.3318818692,0,False,False,True,"{""0"":null,""1"":null,""2"":null,""3"":null}",1066.0,675824.0,1066.0,480064.0,1066.0,480064.0,905.1525096397963,407973.88067601447,905.1525096397963,0.0,0.0,1423.57775181951,547478.9718818706,0.0,15.066363483294353,4.0,1892.0,0.0,0.0,95.79999999860593,43035.09999965425,0.0,1207.5000000000018,53.29999999922438,24003.199999790955,0.0,0.0,0.0,0.0,0.0,0.0,10.659999999999854,4800.639999999992,533.0,240032.0,0.0,243.0,543.6600000000035,244832.6400000003,0.0,0.0,1423.57775181951,547478.9718818706
666,2021-10-28,2021,True,21.82191780821918,1065,1065,1243,408878.19778485055,1319.7605307077772,50732,57,0.0,0.8122135464909336,0.17798666722771472,0.14146933746822168,0.06758531955592337,0.3837371392393079,0.9597417840375587,0.17690469371325693,553179.942412577,0,False,False,True,"{""0"":null,""1"":null,""2"":null,""3"":null}",1065.0,676889.0,1065.0,481129.0,1065.0,481129.0,904.3171088360832,408878.19778485055,904.3171088360832,0.0,0.0,1319.7605307077756,548798.7324125784,0.0,15.066363483294353,4.0,1896.0,0.0,0.0,95.69999999860738,43130.79999965286,2.2500000000013642,1209.7500000000032,53.24999999922511,24056.44999979018,0.0,0.0,0.0,0.0,0.0,0.0,10.649999999999636,4811.289999999992,532.5,240564.5,0.0,243.0,543.1499999999942,245375.7900000003,0.0,0.0,1319.7605307077756,548798.7324125784
667,2021-10-29,2021,True,21.824657534246576,1066,1066,1244,409783.28246753506,1269.3748627770665,50844,59,0.0,0.8161732886901458,0.18276790452681455,0.14132656876848976,0.06717000837923563,0.3836760477250648,0.9595731707317073,0.19769544696954677,553904.657275354,0,False,False,True,"{""0"":null,""1"":null,""2"":null,""3"":null}",1066.0,677955.0,1066.0,482195.0,1066.0,482195.0,905.0846826845082,409783.28246753506,905.0846826845082,0.0,0.0,1269.3748627770692,550068.1072753555,0.0,15.066363483294353,4.0,1900.0,0.0,0.0,95.79999999860593,43226.599999651466,2.2500000000013642,1212.0000000000045,53.29999999922438,24109.749999789405,0.0,0.0,0.0,0.0,0.0,0.0,10.659999999999854,4821.949999999992,533.0,241097.5,1.0,244.0,543.6600000000035,245919.4500000003,0.0,0.0,1269.3748627770692,550068.1072753555
668,2021-10-30,2021,False,21.827397260273973,1066,0,1244,409783.28246753506,0.0,49929,59,0.0,,,0.14130285328610806,0.06744303784722858,0.3836760477250648,0.9604174484052532,0.12204173373401171,553904.657275354,0,False,False,True,"{""0"":null,""1"":null,""2"":null,""3"":null}",1066.0,679021.0,0.0,482195.0,0.0,482195.0,0.0,409783.28246753506,0.0,0.0,0.0,0.0,550068.1072753555,0.0,15.066363483294353,0.0,1900.0,0.0,0.0,0.0,43226.599999651466,0.0,1212.0000000000045,0.0,24109.749999789405,0.0,0.0,0.0,0.0,0.0,0.0,0.0,4821.949999999992,0.0,241097.5,0.0,244.0,0.0,245919.4500000003,0.0,0.0,0.0,550068.1072753555
669,2021-10-31,2021,False,21.83013698630137,1066,0,1244,409783.28246753506,0.0,49929,59,0.0,,,0.14130285328610806,0.0674430378472286,0.3836760477250648,0.9604174484052532,0.07392930721836997,553904.657275354,0,False,False,True,"{""0"":null,""1"":null,""2"":null,""3"":null}",1066.0,680087.0,0.0,482195.0,0.0,482195.0,0.0,409783.28246753506,0.0,0.0,0.0,0.0,550068.1072753555,0.0,15.066363483294353,0.0,1900.0,0.0,0.0,0.0,43226.599999651466,0.0,1212.0000000000045,0.0,24109.749999789405,0.0,0.0,0.0,0.0,0.0,0.0,0.0,4821.949999999992,0.0,241097.5,0.0,244.0,0.0,245919.4500000003,0.0,0.0,0.0,550068.1072753555
670,2021-11-01,2021,True,21.83287671232877,1065,1065,1244,410687.63011907577,1531.215081961472,51001,11,0.0,0.8544768374385758,0.12488150813791665,0.1414413135552575,0.06746028366478561,0.383860834215015,0.9596291079812207,0.10266229813972166,554892.7223573155,0,False,False,True,"{""0"":null,""1"":null,""2"":null,""3"":null}",1065.0,681152.0,1065.0,483260.0,1065.0,483260.0,904.3476515407092,410687.63011907577,904.3476515407092,0.0,0.0,1531.2150819614762,551599.322357317,0.0,15.066363483294353,4.0,1904.0,0.0,0.0,95.69999999860738,43322.29999965007,8.850000000005366,1220.85000000001,53.24999999922511,24162.99999978863,0.0,0.0,0.0,0.0,0.0,0.0,10.649999999999636,4832.599999999991,532.5,241630.0,0.0,244.0,543.1499999999942,246462.6000000003,0.0,0.0,1531.2150819614762,551599.322357317
671,2021-11-02,2021,True,21.835616438356166,1065,1065,1244,411591.9777706165,1477.1265170101342,51052,28,0.0,0.8319891097557606,0.1557349099576044,0.14137192856284742,0.06779098025022896,0.383860834215015,0.9601737089201878,0.12930765331572688,555826.6988743256,0,False,False,True,"{""0"":null,""1"":null,""2"":null,""3"":null}",1065.0,682217.0,1065.0,484325.0,1065.0,484325.0,904.3476515407092,411591.9777706165,904.3476515407092,0.0,0.0,1477.1265170101542,553076.4488743271,0.0,15.066363483294353,4.0,1908.0,0.0,0.0,95.69999999860738,43417.99999964868,0.0,1220.85000000001,53.24999999922511,24216.249999787855,0.0,0.0,0.0,0.0,0.0,0.0,10.649999999999636,4843.249999999991,532.5,242162.5,0.0,244.0,543.1499999999942,247005.7500000003,0.0,0.0,1477.1265170101542,553076.4488743271
672,2021-11-03,2021,True,21.838356164383562,1066,1066,1245,412497.2063531696,1408.179369545761,51161,47,0.0,0.8272825302648581,0.16761175252301103,0.14113429687122075,0.06728267538174844,0.3836815622149782,0.9600187617260788,0.15392959005835324,556690.2182438713,0,False,False,True,"{""0"":null,""1"":null,""2"":null,""3"":null}",1066.0,683283.0,1066.0,485391.0,1066.0,485391.0,905.2285825530998,412497.2063531696,905.2285825530998,0.0,0.0,1408.1793695457745,554484.6282438729,0.0,15.066363483294353,4.0,1912.0,0.0,0.0,95.79999999860593,43513.799999647286,0.0,1220.85000000001,53.29999999922438,24269.54999978708,0.0,0.0,0.0,0.0,0.0,0.0,10.659999999999854,4853.909999999991,533.0,242695.5,1.0,245.0,543.6600000000035,247549.4100000003,0.0,0.0,1408.1793695457745,554484.6282438729
673,2021-11-04,2021,True,21.84109589041096,1066,1066,1245,413402.4349357227,1317.2039933671047,51280,54,0.07033676360551187,0.826579790466069,0.15673280066417616,0.14114142119795586,0.06758930258705395,0.3836815622149782,0.9600703564727955,0.1766588632816874,557463.7622372385,0,False,False,True,"{""0"":null,""1"":null,""2"":null,""3"":null}",1066.0,684349.0,1066.0,486457.0,1066.0,486457.0,905.2285825530998,413402.4349357227,905.2285825530998,0.0,0.0,1317.2039933671476,555801.83223724,0.07033676360551233,15.136700246899865,4.0,1916.0,0.0,0.0,95.79999999860593,43609.59999964589,1.6500000000010004,1222.500000000011,53.29999999922438,24322.849999786304,0.0,0.0,0.0,0.0,0.0,0.0,10.659999999999854,4864.569999999991,533.0,243228.5,0.0,245.0,543.6600000000035,248093.0700000003,0.0,0.0,1317.2039933671476,555801.83223724
674,2021-11-05,2021,True,21.843835616438355,1066,1066,1245,414307.6635182758,1288.0335423511067,51401,57,0.0,0.8227829999556653,0.16447564312835697,0.1410772921440921,0.06786604252844465,0.3836815622149782,0.9603799249530957,0.1975918927005777,558208.1357795895,0,False,False,True,"{""0"":null,""1"":null,""2"":null,""3"":null}",1066.0,685415.0,1066.0,487523.0,1066.0,487523.0,905.2285825530998,414307.6635182758,905.2285825530998,0.0,0.0,1288.0335423510987,557089.8657795911,0.0,15.136700246899865,4.0,1920.0,0.0,0.0,95.79999999860593,43705.3999996445,2.550000000001546,1225.0500000000125,53.29999999922438,24376.149999785528,0.0,0.0,0.0,0.0,0.0,0.0,10.659999999999854,4875.2299999999905,533.0,243761.5,0.0,245.0,543.6600000000035,248636.7300000003,0.0,0.0,1288.0335423510987,557089.8657795911
675,2021-11-06,2021,False,21.846575342465755,1066,0,1245,414307.6635182758,0.0,50469,57,0.0,,,0.14104143235142613,0.06822268868792868,0.3836815622149782,0.9613039399624765,0.12183953192193785,558208.1357795895,0,False,False,True,"{""0"":null,""1"":null,""2"":null,""3"":null}",1066.0,686481.0,0.0,487523.0,0.0,487523.0,0.0,414307.6635182758,0.0,0.0,0.0,0.0,557089.8657795911,0.0,15.136700246899865,0.0,1920.0,0.0,0.0,0.0,43705.3999996445,0.0,1225.0500000000125,0.0,24376.149999785528,0.0,0.0,0.0,0.0,0.0,0.0,0.0,4875.2299999999905,0.0,243761.5,0.0,245.0,0.0,248636.7300000003,0.0,0.0,0.0,557089.8657795911
676,2021-11-07,2021,False,21.84931506849315,1067,0,1246,414307.6635182758,0.0,50469,57,0.0,,,0.1408013012573377,0.06737854794828918,0.383496775725028,0.9610590440487348,0.07352227427624607,558207.1357795895,0,False,False,True,"{""0"":null,""1"":null,""2"":null,""3"":null}",1067.0,687548.0,0.0,487523.0,0.0,487523.0,0.0,414307.6635182758,0.0,0.0,0.0,0.0,557089.8657795911,0.0,15.136700246899865,0.0,1920.0,0.0,0.0,0.0,43705.3999996445,0.0,1225.0500000000125,0.0,24376.149999785528,0.0,0.0,0.0,0.0,0.0,0.0,0.0,4875.2299999999905,0.0,243761.5,1.0,246.0,0.0,248636.7300000003,0.0,0.0,0.0,557089.8657795911
677,2021-11-08,2021,True,21.852054794520548,1070,1070,1249,415216.36116461013,1543.6178098369726,51546,21,0.023349639593447692,0.8439558322250321,0.13428715335697639,0.14080481575822354,0.06539567942493499,0.3834546492640499,0.959448598130841,0.10218576349861254,559202.0535894266,0,False,False,True,"{""0"":null,""1"":null,""2"":null,""3"":null}",1070.0,688618.0,1070.0,488593.0,1070.0,488593.0,908.6976463343599,415216.36116461013,908.6976463343599,0.0,0.0,1543.6178098369855,558633.4835894281,0.023349639593448046,15.160049886493313,4.0,1924.0,0.0,0.0,96.09999999860156,43801.4999996431,8.550000000005184,1233.6000000000176,53.49999999922147,24429.64999978475,0.0,0.0,0.0,0.0,0.0,0.0,10.699999999999818,4885.92999999999,535.0,244296.5,3.0,249.0,545.7000000000116,249182.4300000003,0.0,0.0,1543.6178098369855,558633.4835894281
678,2021-11-09,2021,True,21.854794520547944,1068,1068,1249,416123.2924982486,1482.0068926455579,51583,38,0.0,0.829307123780234,0.16737865161412938,0.14055862644559883,0.06544783914475957,0.38350683045415246,0.9594335205992509,0.12867785571836687,560139.3804820721,0,False,False,True,"{""0"":null,""1"":null,""2"":null,""3"":null}",1068.0,689686.0,1068.0,489661.0,1068.0,489661.0,906.9313336384366,416123.2924982486,906.9313336384366,0.0,0.0,1482.0068926456152,560115.4904820737,0.0,15.160049886493313,4.0,1928.0,0.0,0.0,95.99999999860302,43897.4999996417,0.0,1233.6000000000176,53.39999999922293,24483.049999783972,0.0,0.0,0.0,0.0,0.0,0.0,10.680000000000291,4896.609999999991,534.0,244830.5,0.0,249.0,544.679999999993,249727.1100000003,0.0,0.0,1482.0068926456152,560115.4904820737
679,2021-11-10,2021,True,21.85753424657534,1069,1069,1250,417031.0634723567,1422.1245959061082,51705,60,0.0,0.8250144338459784,0.16562022551302275,0.14059327296737445,0.06500416532318228,0.383444846556414,0.959087932647334,0.15330220718817963,561015.3150779783,0,False,False,True,"{""0"":null,""1"":null,""2"":null,""3"":null}",1069.0,690755.0,1069.0,490730.0,1069.0,490730.0,907.7709741081344,417031.0634723567,907.7709741081344,0.0,0.0,1422.1245959061198,561537.6150779799,0.0,15.160049886493313,4.0,1932.0,0.0,0.0,96.09999999860156,43993.599999640304,0.0,1233.6000000000176,53.4499999992222,24536.499999783195,0.0,0.0,0.0,0.0,0.0,0.0,10.6899999999996,4907.29999999999,534.5,245365.0,1.0,250.0,545.1900000000023,250272.3000000003,0.0,0.0,1422.1245959061198,561537.6150779799
680,2021-11-11,2021,True,21.86027397260274,1069,1069,1250,417938.83444646484,1358.8828510226203,51838,53,0.0,0.8119259140682921,0.18549129714989493,0.1405487494877048,0.06536331066766385,0.383444846556414,0.959331150608045,0.17604396683093304,561829.007929001,0,False,False,True,"{""0"":null,""1"":null,""2"":null,""3"":null}",1069.0,691824.0,1069.0,491799.0,1069.0,491799.0,907.7709741081344,417938.83444646484,907.7709741081344,0.0,0.0,1358.882851022645,562896.4979290025,0.0,15.160049886493313,4.0,1936.0,0.0,0.0,96.09999999860156,44089.699999638906,3.15000000000191,1236.7500000000196,53.4499999992222,24589.949999782417,0.0,0.0,0.0,0.0,0.0,0.0,10.6899999999996,4917.98999999999,534.5,245899.5,0.0,250.0,545.1900000000023,250817.4900000003,0.0,0.0,1358.882851022645,562896.4979290025
681,2021-11-12,2021,True,21.863013698630137,1068,1068,1250,418845.73376685404,1282.913326686472,51941,48,0.0,0.8063360395135349,0.20069238020274105,0.14028210296691937,0.06540438508414922,0.38350683045415246,0.9597097378277154,0.196764480974538,562567.2412556874,0,False,False,True,"{""0"":null,""1"":null,""2"":null,""3"":null}",1068.0,692892.0,1068.0,492867.0,1068.0,492867.0,906.8993203892023,418845.73376685404,906.8993203892023,0.0,0.0,1282.913326686481,564179.411255689,0.0,15.160049886493313,4.0,1940.0,0.0,0.0,95.99999999860302,44185.69999963751,2.550000000001546,1239.300000000021,53.39999999922293,24643.34999978164,0.0,0.0,0.0,0.0,0.0,0.0,10.680000000000291,4928.66999999999,534.0,246433.5,0.0,250.0,544.679999999993,251362.1700000003,0.0,0.0,1282.913326686481,564179.411255689
682,2021-11-13,2021,False,21.865753424657534,1069,0,1251,418845.73376685404,0.0,51010,48,0.0,,,0.14043079207584086,0.06513513071058487,0.383444846556414,0.9602525724976614,0.12097940277246946,562566.2412556874,0,False,False,True,"{""0"":null,""1"":null,""2"":null,""3"":null}",1069.0,693961.0,0.0,492867.0,0.0,492867.0,0.0,418845.73376685404,0.0,0.0,0.0,0.0,564179.411255689,0.0,15.160049886493313,0.0,1940.0,0.0,0.0,0.0,44185.69999963751,0.0,1239.300000000021,0.0,24643.34999978164,0.0,0.0,0.0,0.0,0.0,0.0,0.0,4928.66999999999,0.0,246433.5,1.0,251.0,0.0,251362.1700000003,0.0,0.0,0.0,564179.411255689
683,2021-11-14,2021,False,21.86849315068493,1069,0,1251,418845.73376685404,0.0,51010,48,0.0,,,0.14043079207584086,0.06513513071058485,0.383444846556414,0.9602525724976614,0.0728206481302375,562566.2412556874,0,False,False,True,"{""0"":null,""1"":null,""2"":null,""3"":null}",1069.0,695030.0,0.0,492867.0,0.0,492867.0,0.0,418845.73376685404,0.0,0.0,0.0,0.0,564179.411255689,0.0,15.160049886493313,0.0,1940.0,0.0,0.0,0.0,44185.69999963751,0.0,1239.300000000021,0.0,24643.34999978164,0.0,0.0,0.0,0.0,0.0,0.0,0.0,4928.66999999999,0.0,246433.5,0.0,251.0,0.0,251362.1700000003,0.0,0.0,0.0,564179.411255689
684,2021-11-15,2021,True,21.87123287671233,1069,1069,1251,419753.56602075644,1526.8726631574712,52070,18,0.18700903096876906,0.8595760310071479,0.11845821638856349,0.14043079207584086,0.06513513071058485,0.383444846556414,0.9594574368568757,0.1015568345446562,563547.923918845,0,False,False,True,"{""0"":null,""1"":null,""2"":null,""3"":null}",1069.0,696099.0,1069.0,493936.0,1069.0,493936.0,907.8322539023939,419753.56602075644,907.8322539023939,0.0,0.0,1526.8726631575264,565706.2839188465,0.18700903096876864,15.347058917462082,4.0,1944.0,0.0,0.0,96.09999999860156,44281.79999963611,7.200000000004366,1246.5000000000255,53.4499999992222,24696.799999780862,0.0,0.0,0.0,0.0,0.0,0.0,10.6899999999996,4939.35999999999,534.5,246968.0,0.0,251.0,545.1900000000023,251907.3600000003,0.0,0.0,1526.8726631575264,565706.2839188465
685,2021-11-16,2021,True,21.873972602739727,1068,1068,1251,420660.67714225966,1478.3295243974458,52136,38,0.0,0.8305937930793648,0.1590478516897979,0.1406830879076935,0.06571900313117945,0.38362411855645084,0.9596114232209738,0.12840597919594338,564481.5734432425,0,False,False,True,"{""0"":null,""1"":null,""2"":null,""3"":null}",1068.0,697167.0,1068.0,495004.0,1068.0,495004.0,907.1111215032288,420660.67714225966,907.1111215032288,0.0,0.0,1478.3295243975008,567184.613443244,0.0,15.347058917462082,4.0,1948.0,0.0,0.0,95.99999999860302,44377.79999963471,0.0,1246.5000000000255,53.39999999922293,24750.199999780085,0.0,0.0,0.0,0.0,0.0,0.0,10.680000000000291,4950.03999999999,534.0,247502.0,0.0,251.0,544.679999999993,252452.0400000003,0.0,0.0,1478.3295243975008,567184.613443244
686,2021-11-17,2021,True,21.876712328767123,1069,1069,1252,421568.7274574801,1428.392062857246,52240,58,0.0022980505017331948,0.8316995948924089,0.1541184494652702,0.14035819326999885,0.06510216321655607,0.383444846556414,0.9592376052385406,0.15313260473142068,565363.7755060998,0,False,False,True,"{""0"":null,""1"":null,""2"":null,""3"":null}",1069.0,698236.0,1069.0,496073.0,1069.0,496073.0,908.0503152204328,421568.7274574801,908.0503152204328,0.0,0.0,1428.3920628572814,568613.0055061013,0.002298050501734039,15.349356967963816,4.0,1952.0,0.0,0.0,96.09999999860156,44473.899999633315,0.0,1246.5000000000255,53.4499999992222,24803.649999779307,0.0,0.0,0.0,0.0,0.0,0.0,10.6899999999996,4960.72999999999,534.5,248036.5,1.0,252.0,545.1900000000023,252997.2300000003,0.0,0.0,1428.3920628572814,568613.0055061013
687,2021-11-18,2021,True,21.87945205479452,1069,1069,1252,422476.77777270053,1352.3094175167416,52369,61,0.0,0.8224057120480901,0.17976897118595525,0.1402523487743823,0.06540627685133267,0.383444846556414,0.95933582787652,0.175940452642793,566170.8949236165,0,False,False,True,"{""0"":null,""1"":null,""2"":null,""3"":null}",1069.0,699305.0,1069.0,497142.0,1069.0,497142.0,908.0503152204328,422476.77777270053,908.0503152204328,0.0,0.0,1352.3094175166916,569965.314923618,0.0,15.349356967963816,4.0,1956.0,0.0,0.0,96.09999999860156,44569.99999963192,2.700000000001637,1249.200000000027,53.4499999992222,24857.09999977853,0.0,0.0,0.0,0.0,0.0,0.0,10.6899999999996,4971.419999999989,534.5,248571.0,0.0,252.0,545.1900000000023,253542.4200000003,0.0,0.0,1352.3094175166916,569965.314923618
688,2021-11-19,2021,True,21.88219178082192,1068,1068,1252,423383.96607916726,1303.0393422964905,52484,58,0.0,0.8164879128362275,0.18523221931019584,0.14033749020859543,0.06578664087120299,0.3835059380706571,0.9596629213483147,0.19692346446170664,566929.254265913,0,False,False,True,"{""0"":null,""1"":null,""2"":null,""3"":null}",1068.0,700373.0,1068.0,498210.0,1068.0,498210.0,907.1883064667345,423383.96607916726,907.1883064667345,0.0,0.0,1303.0393422965426,571268.3542659145,0.0,15.349356967963816,4.0,1960.0,0.0,0.0,95.99999999860302,44665.99999963052,3.000000000001819,1252.200000000029,53.39999999922293,24910.499999777752,0.0,0.0,0.0,0.0,0.0,0.0,10.680000000000291,4982.099999999989,534.0,249105.0,0.0,252.0,544.679999999993,254087.1000000003,0.0,0.0,1303.0393422965426,571268.3542659145
689,2021-11-20,2021,False,21.884931506849316,1068,0,1252,423383.96607916726,0.0,51550,58,0.0,,,0.14041207475578232,0.0661566545559594,0.3835059380706571,0.9605102996254682,0.12116706234132657,566929.254265913,0,False,False,True,"{""0"":null,""1"":null,""2"":null,""3"":null}",1068.0,701441.0,0.0,498210.0,0.0,498210.0,0.0,423383.96607916726,0.0,0.0,0.0,0.0,571268.3542659145,0.0,15.349356967963816,0.0,1960.0,0.0,0.0,0.0,44665.99999963052,0.0,1252.200000000029,0.0,24910.499999777752,0.0,0.0,0.0,0.0,0.0,0.0,0.0,4982.099999999989,0.0,249105.0,0.0,252.0,0.0,254087.1000000003,0.0,0.0,0.0,571268.3542659145
690,2021-11-21,2021,False,21.887671232876713,1068,0,1252,423383.96607916726,0.0,51550,58,0.0,,,0.1404120747557823,0.0661566545559594,0.3835059380706571,0.9605102996254682,0.07302259223658511,566929.254265913,0,False,False,True,"{""0"":null,""1"":null,""2"":null,""3"":null}",1068.0,702509.0,0.0,498210.0,0.0,498210.0,0.0,423383.96607916726,0.0,0.0,0.0,0.0,571268.3542659145,0.0,15.349356967963816,0.0,1960.0,0.0,0.0,0.0,44665.99999963052,0.0,1252.200000000029,0.0,24910.499999777752,0.0,0.0,0.0,0.0,0.0,0.0,0.0,4982.099999999989,0.0,249105.0,0.0,252.0,0.0,254087.1000000003,0.0,0.0,0.0,571268.3542659145
691,2021-11-22,2021,True,21.89041095890411,1068,1068,1252,424291.154385634,1559.2877591217132,52626,19,0.0492020597510667,0.8605091173911399,0.1184249593464863,0.1404120747557823,0.06615665455595943,0.3835059380706571,0.9596441947565544,0.10177218508515201,567943.8620250347,0,False,False,True,"{""0"":null,""1"":null,""2"":null,""3"":null}",1068.0,703577.0,1068.0,499278.0,1068.0,499278.0,907.1883064667345,424291.154385634,907.1883064667345,0.0,0.0,1559.2877591217402,572827.6420250363,0.049202059751067395,15.398559027714883,4.0,1964.0,0.0,0.0,95.99999999860302,44761.99999962912,8.700000000005275,1260.9000000000342,53.39999999922293,24963.899999776975,0.0,0.0,0.0,0.0,0.0,0.0,10.680000000000291,4992.77999999999,534.0,249639.0,0.0,252.0,544.679999999993,254631.7800000003,0.0,0.0,1559.2877591217402,572827.6420250363
692,2021-11-23,2021,True,21.893150684931506,1067,1067,1252,425197.4818785432,1473.0795498126188,52684,34,0.0,0.8462830049257186,0.1490473982897251,0.1402174452629689,0.06638557358604465,0.38356792196839556,0.95985473289597,0.12859871598468703,568872.7715748473,0,False,False,True,"{""0"":null,""1"":null,""2"":null,""3"":null}",1067.0,704644.0,1067.0,500345.0,1067.0,500345.0,906.3274929092149,425197.4818785432,906.3274929092149,0.0,0.0,1473.0795498125954,574300.7215748489,0.0,15.398559027714883,4.0,1968.0,0.0,0.0,95.89999999860447,44857.89999962773,0.0,1260.9000000000342,53.349999999223655,25017.2499997762,0.0,0.0,0.0,0.0,0.0,0.0,10.670000000000073,5003.44999999999,533.5,250172.5,0.0,252.0,544.1700000000128,255175.9500000003,0.0,0.0,1473.0795498125954,574300.7215748489
693,2021-11-24,2021,True,21.895890410958906,1067,1067,1252,426103.80937145243,1423.442847000326,52775,52,0.0,0.8228221535501409,0.1643378432367134,0.14018862736310012,0.06667692799788595,0.38356792196839556,0.9596298031865041,0.1533712291763393,569752.0444218476,0,False,False,True,"{""0"":null,""1"":null,""2"":null,""3"":null}",1067.0,705711.0,1067.0,501412.0,1067.0,501412.0,906.3274929092149,426103.80937145243,906.3274929092149,0.0,0.0,1423.4428470003186,575724.1644218492,0.0,15.398559027714883,4.0,1972.0,0.0,0.0,95.89999999860447,44953.79999962633,0.0,1260.9000000000342,53.349999999223655,25070.599999775422,0.0,0.0,0.0,0.0,0.0,0.0,10.670000000000073,5014.11999999999,533.5,250706.0,0.0,252.0,544.1700000000128,255720.12000000032,0.0,0.0,1423.4428470003186,575724.1644218492
694,2021-11-25,2021,True,21.898630136986302,1066,1066,1252,427009.3512676767,1327.3031388652603,52905,48,0.06937174488087965,0.8266231301204283,0.18369077985623877,0.14050364025411666,0.0671158629038251,0.3835578672392711,0.9594606003752345,0.17615891471175849,570535.6875607128,0,False,False,True,"{""0"":null,""1"":null,""2"":null,""3"":null}",1066.0,706777.0,1066.0,502478.0,1066.0,502478.0,905.5418962242547,427009.3512676767,905.5418962242547,0.0,0.0,1327.3031388652744,577051.4675607145,0.06937174488087905,15.467930772595762,4.0,1976.0,0.0,0.0,95.79999999860593,45049.59999962494,2.850000000001728,1263.750000000036,53.29999999922438,25123.899999774647,0.0,0.0,0.0,0.0,0.0,0.0,10.659999999999854,5024.77999999999,533.0,251239.0,0.0,252.0,543.6600000000035,256263.78000000032,0.0,0.0,1327.3031388652744,577051.4675607145
695,2021-11-26,2021,True,21.9013698630137,1066,1066,1252,427914.89316390094,1313.08939670279,53013,53,0.0,0.8160677016325013,0.183167392154236,0.1404990772786926,0.06738499586799794,0.3835578672392711,0.9596106941838649,0.1970618500731475,571305.1169574156,0,False,False,True,"{""0"":null,""1"":null,""2"":null,""3"":null}",1066.0,707843.0,1066.0,503544.0,1066.0,503544.0,905.5418962242547,427914.89316390094,905.5418962242547,0.0,0.0,1313.0893967028242,578364.5569574173,0.0,15.467930772595762,4.0,1980.0,0.0,0.0,95.79999999860593,45145.39999962354,2.2500000000013642,1266.0000000000373,53.29999999922438,25177.19999977387,0.0,0.0,0.0,0.0,0.0,0.0,10.659999999999854,5035.43999999999,533.0,251772.0,0.0,252.0,543.6600000000035,256807.44000000032,0.0,0.0,1313.0893967028242,578364.5569574173
696,2021-11-27,2021,False,21.904109589041095,1066,0,1252,427914.89316390094,0.0,52090,53,0.0,,,0.14041771624873117,0.06779334066835119,0.3835578672392711,0.9604737335834896,0.12125545354320487,571305.1169574156,0,False,False,True,"{""0"":null,""1"":null,""2"":null,""3"":null}",1066.0,708909.0,0.0,503544.0,0.0,503544.0,0.0,427914.89316390094,0.0,0.0,0.0,0.0,578364.5569574173,0.0,15.467930772595762,0.0,1980.0,0.0,0.0,0.0,45145.39999962354,0.0,1266.0000000000373,0.0,25177.19999977387,0.0,0.0,0.0,0.0,0.0,0.0,0.0,5035.43999999999,0.0,251772.0,0.0,252.0,0.0,256807.44000000032,0.0,0.0,0.0,578364.5569574173
697,2021-11-28,2021,False,21.90684931506849,1066,0,1253,427914.89316390094,0.0,52090,53,0.0,,,0.14063573165238394,0.06725881187977742,0.3836760477250648,0.9602157598499063,0.07296405535573165,571304.1169574156,0,False,False,True,"{""0"":null,""1"":null,""2"":null,""3"":null}",1066.0,709975.0,0.0,503544.0,0.0,503544.0,0.0,427914.89316390094,0.0,0.0,0.0,0.0,578364.5569574173,0.0,15.467930772595762,0.0,1980.0,0.0,0.0,0.0,45145.39999962354,0.0,1266.0000000000373,0.0,25177.19999977387,0.0,0.0,0.0,0.0,0.0,0.0,0.0,5035.43999999999,0.0,251772.0,1.0,253.0,0.0,256807.44000000032,0.0,0.0,0.0,578364.5569574173
698,2021-11-29,2021,True,21.90958904109589,1067,1067,1254,428821.0902456115,1525.0171349672273,53160,21,0.020448927490959303,0.838874299585991,0.15027353711501024,0.1406383739854985,0.0666216930084328,0.3836861024541893,0.9591518275538894,0.1016758096900451,572283.9640923828,0,False,False,True,"{""0"":null,""1"":null,""2"":null,""3"":null}",1067.0,711042.0,1067.0,504611.0,1067.0,504611.0,906.1970817105612,428821.0902456115,906.1970817105612,0.0,0.0,1525.01713496726,579889.5740923845,0.020448927490958724,15.488379700086721,4.0,1984.0,0.0,0.0,95.89999999860447,45241.29999962215,7.95000000000482,1273.950000000042,53.349999999223655,25230.549999773095,0.0,0.0,0.0,0.0,0.0,0.0,10.670000000000073,5046.10999999999,533.5,252305.5,1.0,254.0,544.1700000000128,257351.61000000034,0.0,0.0,1525.01713496726,579889.5740923845
699,2021-11-30,2021,True,21.912328767123288,1066,1066,1254,429726.38623263664,1503.5450509534774,53213,40,0.0,0.8396577238236839,0.14293643361790195,0.14079945985179596,0.06691791901743317,0.3836760477250648,0.9593996247654785,0.12845818820051225,573243.8491433363,0,False,False,True,"{""0"":null,""1"":null,""2"":null,""3"":null}",1066.0,712108.0,1066.0,505677.0,1066.0,505677.0,905.2959870251361,429726.38623263664,905.2959870251361,0.0,0.0,1503.5450509535149,581393.1191433381,0.0,15.488379700086721,4.0,1988.0,0.0,0.0,95.79999999860593,45337.099999620754,0.0,1273.950000000042,53.29999999922438,25283.84999977232,0.0,0.0,0.0,0.0,0.0,0.0,10.659999999999854,5056.7699999999895,533.0,252838.5,0.0,254.0,543.6600000000035,257895.27000000034,0.0,0.0,1503.5450509535149,581393.1191433381
700,2021-12-01,2021,True,21.915068493150685,1066,1066,1254,430631.6822196618,1373.302665030177,53316,58,0.061284347105999816,0.8273786778694819,0.17150080700188672,0.1407709577606984,0.06720097568125695,0.3836760477250648,0.959329268292683,0.15322487534403328,574073.4918083665,0,False,False,True,"{""0"":null,""1"":null,""2"":null,""3"":null}",1066.0,713174.0,1066.0,506743.0,1066.0,506743.0,905.2959870251361,430631.6822196618,905.2959870251361,0.0,0.0,1373.3026650302345,582766.4218083683,0.061284347105999615,15.54966404719272,4.0,1992.0,0.0,0.0,95.79999999860593,45432.89999961936,0.0,1273.950000000042,53.29999999922438,25337.149999771544,0.0,0.0,0.0,0.0,0.0,0.0,10.659999999999854,5067.429999999989,533.0,253371.5,0.0,254.0,543.6600000000035,258438.93000000034,0.0,0.0,1373.3026650302345,582766.4218083683
701,2021-12-02,2021,True,21.91780821917808,1066,1066,1254,431536.9782066869,1323.3315180717111,53445,53,0.0,0.8190715179766732,0.17674418914677842,0.14070683365301084,0.0674526032811928,0.3836760477250648,0.9593105065666041,0.17598239918006944,574853.1633264382,0,False,False,True,"{""0"":null,""1"":null,""2"":null,""3"":null}",1066.0,714240.0,1066.0,507809.0,1066.0,507809.0,905.2959870251361,431536.9782066869,905.2959870251361,0.0,0.0,1323.3315180717036,584089.75332644,0.0,15.54966404719272,4.0,1996.0,0.0,0.0,95.79999999860593,45528.699999617966,3.15000000000191,1277.100000000044,53.29999999922438,25390.449999770768,0.0,0.0,0.0,0.0,0.0,0.0,10.659999999999854,5078.089999999989,533.0,253904.5,0.0,254.0,543.6600000000035,258982.59000000035,0.0,0.0,1323.3315180717036,584089.75332644
702,2021-12-03,2021,True,21.92054794520548,1065,1065,1254,432441.5238050623,1266.8560856324052,53557,50,0.0,0.8300280962884352,0.166851904836247,0.14059542949772502,0.06752342787389339,0.3834463540161904,0.9592535211267605,0.1971044599874293,575576.8694120706,0,False,False,True,"{""0"":null,""1"":null,""2"":null,""3"":null}",1065.0,715305.0,1065.0,508874.0,1065.0,508874.0,904.5455983753782,432441.5238050623,904.5455983753782,0.0,0.0,1266.856085632462,585356.6094120725,0.0,15.54966404719272,4.0,2000.0,0.0,0.0,95.69999999860738,45624.39999961657,2.850000000001728,1279.9500000000457,53.24999999922511,25443.699999769993,0.0,0.0,0.0,0.0,0.0,0.0,10.649999999999636,5088.739999999989,532.5,254437.0,0.0,254.0,543.1499999999942,259525.74000000034,0.0,0.0,1266.856085632462,585356.6094120725
703,2021-12-04,2021,False,21.923287671232877,1064,0,1254,432441.5238050623,0.0,52630,50,0.0,,,0.1407713092938725,0.06820949194364509,0.38350744553043353,0.9600328947368422,0.1213681520793702,575576.8694120706,0,False,False,True,"{""0"":null,""1"":null,""2"":null,""3"":null}",1064.0,716369.0,0.0,508874.0,0.0,508874.0,0.0,432441.5238050623,0.0,0.0,0.0,0.0,585356.6094120725,0.0,15.54966404719272,0.0,2000.0,0.0,0.0,0.0,45624.39999961657,0.0,1279.9500000000457,0.0,25443.699999769993,0.0,0.0,0.0,0.0,0.0,0.0,0.0,5088.739999999989,0.0,254437.0,0.0,254.0,0.0,259525.74000000034,0.0,0.0,0.0,585356.6094120725
704,2021-12-05,2021,False,21.926027397260274,1065,0,1255,432441.5238050623,0.0,52630,50,0.0,,,0.14073456005324425,0.06750587529872991,0.3834463540161904,0.9597887323943661,0.07306034488404518,575575.8694120706,0,False,False,True,"{""0"":null,""1"":null,""2"":null,""3"":null}",1065.0,717434.0,0.0,508874.0,0.0,508874.0,0.0,432441.5238050623,0.0,0.0,0.0,0.0,585356.6094120725,0.0,15.54966404719272,0.0,2000.0,0.0,0.0,0.0,45624.39999961657,0.0,1279.9500000000457,0.0,25443.699999769993,0.0,0.0,0.0,0.0,0.0,0.0,0.0,5088.739999999989,0.0,254437.0,1.0,255.0,0.0,259525.74000000034,0.0,0.0,0.0,585356.6094120725
705,2021-12-06,2021,True,21.92876712328767,1065,1065,1255,433345.95974370674,1561.828065587267,53697,18,0.0,0.8346277873860819,0.16416030760572917,0.14073456005324428,0.06750587529872991,0.3834463540161904,0.9590234741784037,0.10174623596864073,576594.5474776579,0,False,False,True,"{""0"":null,""1"":null,""2"":null,""3"":null}",1065.0,718499.0,1065.0,509939.0,1065.0,509939.0,904.4359386444557,433345.95974370674,904.4359386444557,0.0,0.0,1561.828065587324,586918.4374776598,0.0,15.54966404719272,4.0,2004.0,0.0,0.0,95.69999999860738,45720.09999961518,7.5000000000045475,1287.4500000000503,53.24999999922511,25496.94999976922,0.0,0.0,0.0,0.0,0.0,0.0,10.649999999999636,5099.3899999999885,532.5,254969.5,0.0,255.0,543.1499999999942,260068.89000000033,0.0,0.0,1561.828065587324,586918.4374776598
706,2021-12-07,2021,True,21.931506849315067,1068,1068,1258,434252.9682722226,1471.2685486798707,53763,28,0.0,0.8324275963462191,0.1598152958112588,0.14096930576015648,0.06605861901810468,0.38362411855645084,0.9587734082397004,0.1283714105790822,577518.1360263377,0,False,False,True,"{""0"":null,""1"":null,""2"":null,""3"":null}",1068.0,719567.0,1068.0,511007.0,1068.0,511007.0,907.0085285158711,434252.9682722226,907.0085285158711,0.0,0.0,1471.2685486798873,588389.7060263397,0.0,15.54966404719272,4.0,2008.0,0.0,0.0,95.99999999860302,45816.09999961378,0.0,1287.4500000000503,53.39999999922293,25550.34999976844,0.0,0.0,0.0,0.0,0.0,0.0,10.680000000000291,5110.069999999989,534.0,255503.5,3.0,258.0,544.679999999993,260613.57000000033,0.0,0.0,1471.2685486798873,588389.7060263397
707,2021-12-08,2021,True,21.934246575342467,1068,1068,1258,435159.9768007385,1439.182631034311,53860,48,0.007032907670805425,0.8117463227622874,0.1772346459270336,0.1409917080931818,0.0663727606141864,0.38362411855645084,0.958436329588015,0.1530643208200351,578412.638657372,0,False,False,True,"{""0"":null,""1"":null,""2"":null,""3"":null}",1068.0,720635.0,1068.0,512075.0,1068.0,512075.0,907.0085285158711,435159.9768007385,907.0085285158711,0.0,0.0,1439.1826310342876,589828.888657374,0.007032907670804889,15.556696954863526,4.0,2012.0,0.0,0.0,95.99999999860302,45912.09999961239,0.0,1287.4500000000503,53.39999999922293,25603.749999767664,0.0,0.0,0.0,0.0,0.0,0.0,10.680000000000291,5120.749999999989,534.0,256037.5,0.0,258.0,544.679999999993,261158.25000000032,0.0,0.0,1439.1826310342876,589828.888657374
708,2021-12-09,2021,True,21.936986301369863,1068,1068,1258,436066.98532925436,1332.1098533551287,53987,42,0.0,0.8361165120256149,0.16190378497261165,0.1408769777914988,0.06656846106587261,0.38362411855645084,0.9584222846441948,0.17580544752194172,579200.068510727,0,False,False,True,"{""0"":null,""1"":null,""2"":null,""3"":null}",1068.0,721703.0,1068.0,513143.0,1068.0,513143.0,907.0085285158711,436066.98532925436,907.0085285158711,0.0,0.0,1332.1098533550976,591160.998510729,0.0,15.556696954863526,4.0,2016.0,0.0,0.0,95.99999999860302,46008.09999961099,2.700000000001637,1290.150000000052,53.39999999922293,25657.149999766887,0.0,0.0,0.0,0.0,0.0,0.0,10.680000000000291,5131.429999999989,534.0,256571.5,0.0,258.0,544.679999999993,261702.9300000003,0.0,0.0,1332.1098533550976,591160.998510729
709,2021-12-10,2021,True,21.93972602739726,1069,1069,1259,436974.898423971,1291.8384813215514,54078,51,0.04744272560218011,0.8183887264192015,0.18095790990291805,0.1410535634151563,0.06643997245344134,0.38385727038200024,0.9579279700654818,0.19667511047581113,579945.7169920487,0,False,False,True,"{""0"":null,""1"":null,""2"":null,""3"":null}",1069.0,722772.0,1069.0,514212.0,1069.0,514212.0,907.9130947166705,436974.898423971,907.9130947166705,0.0,0.0,1291.8384813215816,592452.8369920506,0.047442725602179436,15.604139680465705,4.0,2020.0,0.0,0.0,96.09999999860156,46104.19999960959,1.5000000000009095,1291.6500000000528,53.4499999992222,25710.59999976611,0.0,0.0,0.0,0.0,0.0,0.0,10.6899999999996,5142.119999999989,534.5,257106.0,1.0,259.0,545.1899999999732,262248.1200000003,0.0,0.0,1291.8384813215816,592452.8369920506
710,2021-12-11,2021,False,21.942465753424656,1069,0,1259,436974.898423971,0.0,53170,51,0.0,,,0.1411153540762804,0.06670988526149918,0.38385727038200024,0.9588868101028999,0.12088746017874949,579945.7169920487,0,False,False,True,"{""0"":null,""1"":null,""2"":null,""3"":null}",1069.0,723841.0,0.0,514212.0,0.0,514212.0,0.0,436974.898423971,0.0,0.0,0.0,0.0,592452.8369920506,0.0,15.604139680465705,0.0,2020.0,0.0,0.0,0.0,46104.19999960959,0.0,1291.6500000000528,0.0,25710.59999976611,0.0,0.0,0.0,0.0,0.0,0.0,0.0,5142.119999999989,0.0,257106.0,0.0,259.0,0.0,262248.1200000003,0.0,0.0,0.0,592452.8369920506
711,2021-12-12,2021,False,21.945205479452056,1070,0,1260,436974.898423971,0.0,53170,51,0.0,,,0.141042610220783,0.06601409300672148,0.3837961788677572,0.9586448598130841,0.07269809858320085,579944.7169920487,0,False,False,True,"{""0"":null,""1"":null,""2"":null,""3"":null}",1070.0,724911.0,0.0,514212.0,0.0,514212.0,0.0,436974.898423971,0.0,0.0,0.0,0.0,592452.8369920506,0.0,15.604139680465705,0.0,2020.0,0.0,0.0,0.0,46104.19999960959,0.0,1291.6500000000528,0.0,25710.59999976611,0.0,0.0,0.0,0.0,0.0,0.0,0.0,5142.119999999989,0.0,257106.0,1.0,260.0,0.0,262248.1200000003,0.0,0.0,0.0,592452.8369920506
712,2021-12-13,2021,True,21.947945205479453,1070,1070,1260,437883.6215633459,1565.696751326885,54248,13,0.0,0.8336644266916802,0.15567002047137532,0.141042610220783,0.06601409300672148,0.3837961788677572,0.9579719626168224,0.10141284242396593,580964.7137433756,0,False,False,True,"{""0"":null,""1"":null,""2"":null,""3"":null}",1070.0,725981.0,1070.0,515282.0,1070.0,515282.0,908.7231393748662,437883.6215633459,908.7231393748662,0.0,0.0,1565.6967513269046,594018.5337433775,0.0,15.604139680465705,4.0,2024.0,0.0,0.0,96.1999999986001,46200.39999960819,7.650000000004638,1299.3000000000575,53.49999999922147,25764.09999976533,0.0,0.0,0.0,0.0,0.0,0.0,10.699999999999818,5152.819999999989,535.0,257641.0,0.0,260.0,545.7000000000116,262793.8200000003,0.0,0.0,1565.6967513269046,594018.5337433775
713,2021-12-14,2021,True,21.95068493150685,1070,1070,1260,438792.34470272076,1488.0530461869068,54299,29,0.0,0.8431259742530247,0.15810077059918107,0.14108017866734748,0.06638118494608279,0.3837961788677572,0.9582429906542056,0.12809792448184434,581907.0667895626,0,False,False,True,"{""0"":null,""1"":null,""2"":null,""3"":null}",1070.0,727051.0,1070.0,516352.0,1070.0,516352.0,908.7231393748662,438792.34470272076,908.7231393748662,0.0,0.0,1488.0530461869203,595506.5867895645,0.0,15.604139680465705,4.0,2028.0,0.0,0.0,96.1999999986001,46296.59999960679,0.0,1299.3000000000575,53.49999999922147,25817.599999764552,0.0,0.0,0.0,0.0,0.0,0.0,10.699999999999818,5163.519999999989,535.0,258176.0,0.0,260.0,545.7000000000116,263339.5200000003,0.0,0.0,1488.0530461869203,595506.5867895645
714,2021-12-15,2021,True,21.953424657534246,1070,1070,1260,439701.0678420956,1431.2160210212994,54392,48,0.0,0.8440733093667525,0.15830289061001254,0.14109380382214995,0.06660399402308995,0.3837961788677572,0.9579065420560748,0.1527986116614109,582792.5828105839,0,False,False,True,"{""0"":null,""1"":null,""2"":null,""3"":null}",1070.0,728121.0,1070.0,517422.0,1070.0,517422.0,908.7231393748662,439701.0678420956,908.7231393748662,0.0,0.0,1431.216021021246,596937.8028105857,0.0,15.604139680465705,4.0,2032.0,0.0,0.0,96.1999999986001,46392.79999960539,0.0,1299.3000000000575,53.49999999922147,25871.099999763774,0.0,0.0,0.0,0.0,0.0,0.0,10.699999999999818,5174.219999999988,535.0,258711.0,0.0,260.0,545.7000000000116,263885.2200000003,0.0,0.0,1431.216021021246,596937.8028105857
715,2021-12-16,2021,True,21.956164383561642,1069,1069,1260,440609.05015949026,1384.8628040238107,54507,63,0.0,0.8307438227403687,0.16321267321340058,0.1412964882764218,0.06722513528610784,0.38385727038200024,0.9573526660430308,0.17568747413260152,583632.2556146077,0,False,False,True,"{""0"":null,""1"":null,""2"":null,""3"":null}",1069.0,729190.0,1069.0,518491.0,1069.0,518491.0,907.9823173946352,440609.05015949026,907.9823173946352,0.0,0.0,1384.8628040237818,598322.6656146095,0.0,15.604139680465705,4.0,2036.0,0.0,0.0,96.09999999860156,46488.89999960399,1.9500000000011823,1301.2500000000587,53.4499999992222,25924.549999762996,0.0,0.0,0.0,0.0,0.0,0.0,10.6899999999996,5184.909999999988,534.5,259245.5,0.0,260.0,545.1900000000023,264430.4100000003,0.0,0.0,1384.8628040237818,598322.6656146095
716,2021-12-17,2021,True,21.958904109589042,1069,1069,1260,441517.0324768849,1293.6859126599438,54627,63,0.12073281910347837,0.8353691489097625,0.15478557741859006,0.14126716629563027,0.06747922583507916,0.38385727038200024,0.957287184284378,0.19663320942523133,584380.7515272677,0,False,False,True,"{""0"":null,""1"":null,""2"":null,""3"":null}",1069.0,730259.0,1069.0,519560.0,1069.0,519560.0,907.9823173946352,441517.0324768849,907.9823173946352,0.0,0.0,1293.6859126599738,599616.3515272695,0.12073281910347866,15.724872499569184,4.0,2040.0,0.0,0.0,96.09999999860156,46584.999999602594,2.400000000001455,1303.6500000000601,53.4499999992222,25977.999999762218,0.0,0.0,0.0,0.0,0.0,0.0,10.6899999999996,5195.599999999988,534.5,259780.0,0.0,260.0,545.1900000000023,264975.6000000003,0.0,0.0,1293.6859126599738,599616.3515272695
717,2021-12-18,2021,False,21.96164383561644,1070,0,1261,441517.0324768849,0.0,53710,63,0.0,,,0.14105208013423384,0.0668907200276267,0.38367528289946917,0.9581401869158879,0.12088709575769549,584379.7515272677,0,False,False,True,"{""0"":null,""1"":null,""2"":null,""3"":null}",1070.0,731329.0,0.0,519560.0,0.0,519560.0,0.0,441517.0324768849,0.0,0.0,0.0,0.0,599616.3515272695,0.0,15.724872499569184,0.0,2040.0,0.0,0.0,0.0,46584.999999602594,0.0,1303.6500000000601,0.0,25977.999999762218,0.0,0.0,0.0,0.0,0.0,0.0,0.0,5195.599999999988,0.0,259780.0,1.0,261.0,0.0,264975.6000000003,0.0,0.0,0.0,599616.3515272695
718,2021-12-19,2021,False,21.964383561643835,1069,0,1261,441517.0324768849,0.0,53710,63,0.0,,,0.14098954968417438,0.06676582432436025,0.38366535572824445,0.9581010289990646,0.07277036522976071,584379.7515272677,0,False,False,True,"{""0"":null,""1"":null,""2"":null,""3"":null}",1069.0,732398.0,0.0,519560.0,0.0,519560.0,0.0,441517.0324768849,0.0,0.0,0.0,0.0,599616.3515272695,0.0,15.724872499569184,0.0,2040.0,0.0,0.0,0.0,46584.999999602594,0.0,1303.6500000000601,0.0,25977.999999762218,0.0,0.0,0.0,0.0,0.0,0.0,0.0,5195.599999999988,0.0,259780.0,0.0,261.0,0.0,264975.6000000003,0.0,0.0,0.0,599616.3515272695
719,2021-12-20,2021,True,21.96712328767123,1069,1069,1261,442424.7643140665,1570.748476090399,54785,27,0.0,0.8503972472100186,0.1441835610999619,0.14098954968417438,0.06676582432436028,0.38366535572824445,0.9570767072029934,0.10144717547743212,585405.3100033582,0,False,False,True,"{""0"":null,""1"":null,""2"":null,""3"":null}",1069.0,733467.0,1069.0,520629.0,1069.0,520629.0,907.7318371816073,442424.7643140665,907.7318371816073,0.0,0.0,1570.7484760903753,601187.1000033598,0.0,15.724872499569184,4.0,2044.0,0.0,0.0,96.09999999860156,46681.099999601196,9.45000000000573,1313.1000000000658,53.4499999992222,26031.44999976144,0.0,0.0,0.0,0.0,0.0,0.0,10.6899999999996,5206.289999999987,534.5,260314.5,0.0,261.0,545.1900000000023,265520.7900000003,0.0,0.0,1570.7484760903753,601187.1000033598
720,2021-12-21,2021,True,21.96986301369863,1068,1068,1261,443331.7176705449,1505.4478985839905,54838,41,0.0,0.8324579731458188,0.15105409830444896,0.14134541482354587,0.06761699687902858,0.3838473432107755,0.9577996254681648,0.12822646434780463,586366.0779019421,0,False,False,True,"{""0"":null,""1"":null,""2"":null,""3"":null}",1068.0,734535.0,1068.0,521697.0,1068.0,521697.0,906.9533564784215,443331.7176705449,906.9533564784215,0.0,0.0,1505.4478985839523,602692.5479019438,0.0,15.724872499569184,4.0,2048.0,0.0,0.0,95.99999999860302,46777.0999995998,0.0,1313.1000000000658,53.39999999922293,26084.849999760663,0.0,0.0,0.0,0.0,0.0,0.0,10.680000000000291,5216.9699999999875,534.0,260848.5,0.0,261.0,544.679999999993,266065.4700000003,0.0,0.0,1505.4478985839523,602692.5479019438
721,2021-12-22,2021,True,21.972602739726028,1068,1068,1261,444238.67102702335,1423.16046555923,54941,58,0.0475174202106643,0.830522243464273,0.16110722448114084,0.1412921127273933,0.06790182221244496,0.3838473432107755,0.9578885767790262,0.15292956848329467,587244.5583675012,0,False,False,True,"{""0"":null,""1"":null,""2"":null,""3"":null}",1068.0,735603.0,1068.0,522765.0,1068.0,522765.0,906.9533564784215,444238.67102702335,906.9533564784215,0.0,0.0,1423.1604655592237,604115.708367503,0.04751742021066363,15.772389919779847,4.0,2052.0,0.0,0.0,95.99999999860302,46873.0999995984,0.0,1313.1000000000658,53.39999999922293,26138.249999759886,0.0,0.0,0.0,0.0,0.0,0.0,10.680000000000291,5227.649999999988,534.0,261382.5,0.0,261.0,544.679999999993,266610.1500000003,0.0,0.0,1423.1604655592237,604115.708367503
722,2021-12-23,2021,True,21.975342465753425,1068,1068,1261,445145.62438350177,1356.6347587759985,55073,51,0.0,0.8108759491298642,0.18556179545681847,0.14130026309146437,0.06819825450128972,0.3838473432107755,0.9579868913857678,0.17573879943562445,588056.5131262772,0,False,False,True,"{""0"":null,""1"":null,""2"":null,""3"":null}",1068.0,736671.0,1068.0,523833.0,1068.0,523833.0,906.9533564784215,445145.62438350177,906.9533564784215,0.0,0.0,1356.6347587760538,605472.3431262791,0.0,15.772389919779847,4.0,2056.0,0.0,0.0,95.99999999860302,46969.099999597005,4.050000000002456,1317.1500000000683,53.39999999922293,26191.64999975911,0.0,0.0,0.0,0.0,0.0,0.0,10.680000000000291,5238.329999999988,534.0,261916.5,0.0,261.0,544.679999999993,267154.8300000003,0.0,0.0,1356.6347587760538,605472.3431262791
723,2021-12-24,2021,True,21.97808219178082,1069,1069,1262,446053.3515957702,1278.097021144766,55168,53,0.0,0.8101445615230998,0.17943181805191255,0.1411108956181383,0.06765591452175837,0.38366535572824445,0.9578765201122544,0.19664654288571082,588788.4201474221,0,False,False,True,"{""0"":null,""1"":null,""2"":null,""3"":null}",1069.0,737740.0,1069.0,524902.0,1069.0,524902.0,907.7272122684517,446053.3515957702,907.7272122684517,0.0,0.0,1278.0970211448148,606750.4401474239,0.0,15.772389919779847,4.0,2060.0,0.0,0.0,96.09999999860156,47065.19999959561,2.1000000000012733,1319.2500000000696,53.4499999992222,26245.09999975833,0.0,0.0,0.0,0.0,0.0,0.0,10.6899999999996,5249.019999999988,534.5,262451.0,1.0,262.0,545.1900000000023,267700.0200000003,0.0,0.0,1278.0970211448148,606750.4401474239
724,2021-12-25,2021,False,21.980821917808218,1069,0,1262,446053.3515957702,0.0,54250,53,0.0,,,0.1410952077049709,0.06796199021005639,0.38366535572824445,0.9588400374181478,0.1210161317378094,588788.4201474221,0,False,False,True,"{""0"":null,""1"":null,""2"":null,""3"":null}",1069.0,738809.0,0.0,524902.0,0.0,524902.0,0.0,446053.3515957702,0.0,0.0,0.0,0.0,606750.4401474239,0.0,15.772389919779847,0.0,2060.0,0.0,0.0,0.0,47065.19999959561,0.0,1319.2500000000696,0.0,26245.09999975833,0.0,0.0,0.0,0.0,0.0,0.0,0.0,5249.019999999988,0.0,262451.0,0.0,262.0,0.0,267700.0200000003,0.0,0.0,0.0,606750.4401474239
725,2021-12-26,2021,False,21.983561643835618,1070,0,1263,446053.3515957702,0.0,54250,53,0.0,,,0.14105967396808183,0.06732036428858973,0.38367528289946917,0.9585981308411216,0.07279810235644757,588787.4201474221,0,False,False,True,"{""0"":null,""1"":null,""2"":null,""3"":null}",1070.0,739879.0,0.0,524902.0,0.0,524902.0,0.0,446053.3515957702,0.0,0.0,0.0,0.0,606750.4401474239,0.0,15.772389919779847,0.0,2060.0,0.0,0.0,0.0,47065.19999959561,0.0,1319.2500000000696,0.0,26245.09999975833,0.0,0.0,0.0,0.0,0.0,0.0,0.0,5249.019999999988,0.0,262451.0,1.0,263.0,0.0,267700.0200000003,0.0,0.0,0.0,606750.4401474239
726,2021-12-27,2021,True,21.986301369863014,1070,1070,1263,446961.8302768877,1567.6717953685138,55321,12,0.0,0.8298720737653058,0.16916128868034633,0.14105967396808183,0.06732036428858972,0.38367528289946917,0.9577616822429907,0.1015129656736985,589809.3919427907,0,False,False,True,"{""0"":null,""1"":null,""2"":null,""3"":null}",1070.0,740949.0,1070.0,525972.0,1070.0,525972.0,908.4786811174708,446961.8302768877,908.4786811174708,0.0,0.0,1567.6717953685438,608318.1119427924,0.0,15.772389919779847,4.0,2064.0,0.0,0.0,96.1999999986001,47161.39999959421,7.95000000000482,1327.2000000000744,53.49999999922147,26298.599999757553,0.0,0.0,0.0,0.0,0.0,0.0,10.699999999999818,5259.7199999999875,535.0,262986.0,0.0,263.0,545.7000000000116,268245.7200000003,0.0,0.0,1567.6717953685438,608318.1119427924
727,2021-12-28,2021,True,21.98904109589041,1070,1070,1263,447870.30895800516,1500.6130140894645,55364,35,0.0,0.8430124465427753,0.15163357262129168,0.14106110612822217,0.06753182497319532,0.38367528289946917,0.9576448598130842,0.12825846032021276,590764.3049568802,0,False,False,True,"{""0"":null,""1"":null,""2"":null,""3"":null}",1070.0,742019.0,1070.0,527042.0,1070.0,527042.0,908.4786811174708,447870.30895800516,908.4786811174708,0.0,0.0,1500.6130140894093,609818.7249568818,0.0,15.772389919779847,4.0,2068.0,0.0,0.0,96.1999999986001,47257.59999959281,0.0,1327.2000000000744,53.49999999922147,26352.099999756774,0.0,0.0,0.0,0.0,0.0,0.0,10.699999999999818,5270.419999999987,535.0,263521.0,0.0,263.0,545.7000000000116,268791.42000000033,0.0,0.0,1500.6130140894093,609818.7249568818
728,2021-12-29,2021,True,21.991780821917807,1071,1071,1264,448779.49807851115,1415.4151521726144,55491,51,0.0,0.8282617626433058,0.17119528013051222,0.1410195006792495,0.0671315404799659,0.38361419138522607,0.9575490196078432,0.15294718326487444,591632.5101090528,0,False,False,True,"{""0"":null,""1"":null,""2"":null,""3"":null}",1071.0,743090.0,1071.0,528113.0,1071.0,528113.0,909.1891205059947,448779.49807851115,909.1891205059947,0.0,0.0,1415.415152172558,611234.1401090544,0.0,15.772389919779847,4.0,2072.0,0.0,0.0,96.29999999859865,47353.899999591406,0.0,1327.2000000000744,53.549999999220745,26405.649999755995,0.0,0.0,0.0,0.0,0.0,0.0,10.710000000000036,5281.129999999987,535.5,264056.5,1.0,264.0,546.210000000021,269337.63000000035,0.0,0.0,1415.415152172558,611234.1401090544
729,2021-12-30,2021,True,21.994520547945207,1071,1071,1264,449688.68719901715,1347.5448816010512,55608,55,0.0,0.8300188376673248,0.17067190223493164,0.14096013556362713,0.06737723941816644,0.38361419138522607,0.9578991596638656,0.1757234888929201,592433.8449906538,0,False,False,True,"{""0"":null,""1"":null,""2"":null,""3"":null}",1071.0,744161.0,1071.0,529184.0,1071.0,529184.0,909.1891205059947,449688.68719901715,909.1891205059947,0.0,0.0,1347.544881601003,612581.6849906554,0.0,15.772389919779847,4.0,2076.0,0.0,0.0,96.29999999859865,47450.199999590004,1.8000000000010914,1329.0000000000755,53.549999999220745,26459.199999755216,0.0,0.0,0.0,0.0,0.0,0.0,10.710000000000036,5291.839999999987,535.5,264592.0,0.0,264.0,546.210000000021,269883.8400000004,0.0,0.0,1347.544881601003,612581.6849906554
730,2021-12-31,2021,True,21.997260273972604,1071,1071,1264,450597.87631952314,1283.2517140334219,55722,46,0.2707816760070165,0.7973937020323655,0.2027111226985446,0.14099135697773363,0.06767896269928653,0.38361419138522607,0.9580112044817927,0.1967243159664289,593170.8867046873,0,False,False,True,"{""0"":null,""1"":null,""2"":null,""3"":null}",1071.0,745232.0,1071.0,530255.0,1071.0,530255.0,909.1891205059947,450597.87631952314,909.1891205059947,0.0,0.0,1283.251714033424,613864.9367046888,0.2707816760070152,16.043171595786863,4.0,2080.0,0.0,0.0,96.29999999859865,47546.4999995886,3.450000000002092,1332.4500000000776,53.549999999220745,26512.749999754436,0.0,0.0,0.0,0.0,0.0,0.0,10.710000000000036,5302.549999999987,535.5,265127.5,0.0,264.0,546.210000000021,270430.0500000004,0.0,0.0,1283.251714033424,613864.9367046888
731,2022-01-01,2022,False,22.0,1071,0,1264,450597.87631952314,0.0,54790,46,0.0,,,0.14094100097540074,0.06794136584843759,0.38361419138522607,0.9588562091503268,0.12121494913575355,593170.8867046873,0,False,False,True,"{""0"":null,""1"":null,""2"":null,""3"":null}",1071.0,746303.0,0.0,530255.0,0.0,530255.0,0.0,450597.87631952314,0.0,0.0,0.0,0.0,613864.9367046888,0.0,16.043171595786863,0.0,2080.0,0.0,0.0,0.0,47546.4999995886,0.0,1332.4500000000776,0.0,26512.749999754436,0.0,0.0,0.0,0.0,0.0,0.0,0.0,5302.549999999987,0.0,265127.5,0.0,264.0,0.0,270430.0500000004,0.0,0.0,0.0,613864.9367046888
732,2022-01-02,2022,False,22.002739726027396,1071,0,1264,450597.87631952314,0.0,54790,46,0.0,,,0.14094100097540074,0.06794136584843757,0.38361419138522607,0.9588562091503268,0.07303885810822032,593170.8867046873,0,False,False,True,"{""0"":null,""1"":null,""2"":null,""3"":null}",1071.0,747374.0,0.0,530255.0,0.0,530255.0,0.0,450597.87631952314,0.0,0.0,0.0,0.0,613864.9367046888,0.0,16.043171595786863,0.0,2080.0,0.0,0.0,0.0,47546.4999995886,0.0,1332.4500000000776,0.0,26512.749999754436,0.0,0.0,0.0,0.0,0.0,0.0,0.0,5302.549999999987,0.0,265127.5,0.0,264.0,0.0,270430.0500000004,0.0,0.0,0.0,613864.9367046888
733,2022-01-03,2022,True,22.005479452054793,1073,1073,1266,451508.8643674512,1618.0626133404219,55851,14,0.06303725727968063,0.8490297120346224,0.1454776317221052,0.14099651864444887,0.06663232434100397,0.38356302704220774,0.9574044734389563,0.10180582533740079,594239.7193180277,0,False,False,True,"{""0"":null,""1"":null,""2"":null,""3"":null}",1073.0,748447.0,1073.0,531328.0,1073.0,531328.0,910.9880479280837,451508.8643674512,910.9880479280837,0.0,0.0,1618.062613340444,615482.9993180293,0.06303725727968157,16.106208853066544,4.0,2084.0,0.0,0.0,96.49999999859574,47642.9999995872,6.900000000004184,1339.3500000000818,53.64999999921929,26566.399999753656,0.0,0.0,0.0,0.0,0.0,0.0,10.729999999999563,5313.279999999987,536.5,265664.0,2.0,266.0,547.2299999999814,270977.2800000004,0.0,0.0,1618.062613340444,615482.9993180293
734,2022-01-04,2022,True,22.008219178082193,1072,1072,1266,452419.1079671982,1494.5058540318523,55906,37,0.0,0.83020873661017,0.14876329482002085,0.1408572399776054,0.06676484250870791,0.38362411855645084,0.9572947761194031,0.12851678757209378,595187.5051720596,0,False,False,True,"{""0"":null,""1"":null,""2"":null,""3"":null}",1072.0,749519.0,1072.0,532400.0,1072.0,532400.0,910.2435997469584,452419.1079671982,910.2435997469584,0.0,0.0,1494.505854031886,616977.5051720612,0.0,16.106208853066544,4.0,2088.0,0.0,0.0,96.3999999985972,47739.399999585796,0.0,1339.3500000000818,53.59999999922002,26619.999999752876,0.0,0.0,0.0,0.0,0.0,0.0,10.720000000000255,5323.999999999987,536.0,266200.0,0.0,266.0,546.7199999999721,271524.00000000035,0.0,0.0,1494.505854031886,616977.5051720612
735,2022-01-05,2022,True,22.01095890410959,1074,1074,1268,453331.07122582657,1453.4663234590203,56024,56,0.0,0.838898072257927,0.15933312225241758,0.14073235337724693,0.06580680745759816,0.38367454026528836,0.9568342644320299,0.15303941828784123,596091.2314955187,0,False,False,True,"{""0"":null,""1"":null,""2"":null,""3"":null}",1074.0,750593.0,1074.0,533474.0,1074.0,533474.0,911.9632586283842,453331.07122582657,911.9632586283842,0.0,0.0,1453.4663234590553,618430.9714955202,0.0,16.106208853066544,4.0,2092.0,0.0,0.0,96.59999999859428,47835.99999958439,0.0,1339.3500000000818,53.69999999921856,26673.699999752094,0.0,0.0,0.0,0.0,0.0,0.0,10.739999999999782,5334.739999999987,537.0,266737.0,2.0,268.0,547.7399999999907,272071.74000000034,0.0,0.0,1453.4663234590553,618430.9714955202
736,2022-01-06,2022,True,22.013698630136986,1074,1074,1268,454243.03448445495,1364.9790056394925,56138,64,0.0,0.8231818132857426,0.15392506739867481,0.14069595430468126,0.06610648175094287,0.38367454026528836,0.956941340782123,0.17565770115159085,596908.4705011582,0,False,False,True,"{""0"":null,""1"":null,""2"":null,""3"":null}",1074.0,751667.0,1074.0,534548.0,1074.0,534548.0,911.9632586283842,454243.03448445495,911.9632586283842,0.0,0.0,1364.9790056394413,619795.9505011596,0.0,16.106208853066544,4.0,2096.0,0.0,0.0,96.59999999859428,47932.599999582984,2.1000000000012733,1341.450000000083,53.69999999921856,26727.399999751313,0.0,0.0,0.0,0.0,0.0,0.0,10.739999999999782,5345.479999999987,537.0,267274.0,0.0,268.0,547.7399999999907,272619.48000000033,0.0,0.0,1364.9790056394413,619795.9505011596
737,2022-01-07,2022,True,22.016438356164382,1074,1074,1268,455154.99774308334,1284.8017844574517,56251,64,0.17947318614453622,0.8231540952007295,0.17220673880982942,0.1406949580155345,0.06636125136404854,0.38367454026528836,0.956880819366853,0.19641825500366486,597645.5322856156,0,False,False,True,"{""0"":null,""1"":null,""2"":null,""3"":null}",1074.0,752741.0,1074.0,535622.0,1074.0,535622.0,911.9632586283842,455154.99774308334,911.9632586283842,0.0,0.0,1284.801784457406,621080.752285617,0.17947318614453778,16.285682039211082,4.0,2100.0,0.0,0.0,96.59999999859428,48029.19999958158,3.450000000002092,1344.9000000000851,53.69999999921856,26781.09999975053,0.0,0.0,0.0,0.0,0.0,0.0,10.739999999999782,5356.219999999987,537.0,267811.0,0.0,268.0,547.7399999999907,273167.2200000003,0.0,0.0,1284.801784457406,621080.752285617
738,2022-01-08,2022,False,22.01917808219178,1074,0,1268,455154.99774308334,0.0,55330,64,0.0,,,0.14071475798014443,0.06662541455672673,0.38367454026528836,0.9578957169459963,0.12088341665843685,597645.5322856156,0,False,False,True,"{""0"":null,""1"":null,""2"":null,""3"":null}",1074.0,753815.0,0.0,535622.0,0.0,535622.0,0.0,455154.99774308334,0.0,0.0,0.0,0.0,621080.752285617,0.0,16.285682039211082,0.0,2100.0,0.0,0.0,0.0,48029.19999958158,0.0,1344.9000000000851,0.0,26781.09999975053,0.0,0.0,0.0,0.0,0.0,0.0,0.0,5356.219999999987,0.0,267811.0,0.0,268.0,0.0,273167.2200000003,0.0,0.0,0.0,621080.752285617
739,2022-01-09,2022,False,22.02191780821918,1074,0,1269,455154.99774308334,0.0,55330,64,0.0,,,0.14101959252157742,0.06605913218449543,0.3837927207510821,0.9576163873370578,0.072707729084646,597644.5322856156,0,False,False,True,"{""0"":null,""1"":null,""2"":null,""3"":null}",1074.0,754889.0,0.0,535622.0,0.0,535622.0,0.0,455154.99774308334,0.0,0.0,0.0,0.0,621080.752285617,0.0,16.285682039211082,0.0,2100.0,0.0,0.0,0.0,48029.19999958158,0.0,1344.9000000000851,0.0,26781.09999975053,0.0,0.0,0.0,0.0,0.0,0.0,0.0,5356.219999999987,0.0,267811.0,1.0,269.0,0.0,273167.2200000003,0.0,0.0,0.0,621080.752285617
740,2022-01-10,2022,True,22.024657534246575,1076,1076,1271,456068.62260685005,1596.6965200720845,56402,19,0.0,0.8541055307929579,0.14847365734169932,0.1408359346185845,0.06482646356455532,0.3838431424599197,0.956017657992565,0.10124841346355072,598690.4688056876,0,False,False,True,"{""0"":null,""1"":null,""2"":null,""3"":null}",1076.0,755965.0,1076.0,536698.0,1076.0,536698.0,913.6248637667159,456068.62260685005,913.6248637667159,0.0,0.0,1596.6965200720588,622677.4488056891,0.0,16.285682039211082,4.0,2104.0,0.0,0.0,96.79999999859137,48125.99999958017,9.60000000000582,1354.500000000091,53.79999999921711,26834.89999974975,0.0,0.0,0.0,0.0,0.0,0.0,10.760000000000218,5366.979999999987,538.0,268349.0,2.0,271.0,548.7600000000093,273715.98000000033,0.0,0.0,1596.6965200720588,622677.4488056891
741,2022-01-11,2022,True,22.027397260273972,1076,1076,1271,456982.24747061677,1515.321208279271,56459,33,0.0,0.827136416225358,0.15792317422003618,0.14073153638918712,0.06489745161988218,0.3838431424599197,0.9566496282527881,0.12774795369011915,599657.0300139668,0,False,False,True,"{""0"":null,""1"":null,""2"":null,""3"":null}",1076.0,757041.0,1076.0,537774.0,1076.0,537774.0,913.6248637667159,456982.24747061677,913.6248637667159,0.0,0.0,1515.3212082792306,624192.7700139683,0.0,16.285682039211082,4.0,2108.0,0.0,0.0,96.79999999859137,48222.79999957876,0.0,1354.500000000091,53.79999999921711,26888.699999748966,0.0,0.0,0.0,0.0,0.0,0.0,10.760000000000218,5377.739999999987,538.0,268887.0,0.0,271.0,548.7600000000093,274264.74000000034,0.0,0.0,1515.3212082792306,624192.7700139683
742,2022-01-12,2022,True,22.030136986301372,1076,1076,1271,457895.8723343835,1434.6388395175502,56568,44,0.0,0.8410597775270693,0.14627920864547217,0.14070180490965548,0.06519536071463095,0.3838431424599197,0.9567843866171004,0.15232628142391977,600542.9088534844,0,False,False,True,"{""0"":null,""1"":null,""2"":null,""3"":null}",1076.0,758117.0,1076.0,538850.0,1076.0,538850.0,913.6248637667159,457895.8723343835,913.6248637667159,0.0,0.0,1434.6388395176036,625627.408853486,0.0,16.285682039211082,4.0,2112.0,0.0,0.0,96.79999999859137,48319.59999957735,0.0,1354.500000000091,53.79999999921711,26942.499999748183,0.0,0.0,0.0,0.0,0.0,0.0,10.760000000000218,5388.499999999987,538.0,269425.0,0.0,271.0,548.7600000000093,274813.50000000035,0.0,0.0,1434.6388395176036,625627.408853486
743,2022-01-13,2022,True,22.03287671232877,1076,1076,1271,458809.4971981502,1390.901373510497,56693,45,0.0,0.8197255667141369,0.1693393527804162,0.1407360090364807,0.06548156000926887,0.3838431424599197,0.9568401486988847,0.1749479508828863,601385.0502269949,0,False,False,True,"{""0"":null,""1"":null,""2"":null,""3"":null}",1076.0,759193.0,1076.0,539926.0,1076.0,539926.0,913.6248637667159,458809.4971981502,913.6248637667159,0.0,0.0,1390.9013735104818,627018.3102269964,0.0,16.285682039211082,4.0,2116.0,0.0,0.0,96.79999999859137,48416.399999575944,2.850000000001728,1357.3500000000927,53.79999999921711,26996.2999997474,0.0,0.0,0.0,0.0,0.0,0.0,10.760000000000218,5399.2599999999875,538.0,269963.0,0.0,271.0,548.7600000000093,275362.26000000036,0.0,0.0,1390.9013735104818,627018.3102269964
744,2022-01-14,2022,True,22.035616438356165,1077,1077,1272,459723.8544499568,1309.0057637817836,56802,48,0.21250656046717425,0.8142731458362874,0.18951683965464883,0.14052331640694882,0.06500237631960835,0.3836638704598828,0.9566991643454039,0.19575211221032368,602143.7859907767,0,False,False,True,"{""0"":null,""1"":null,""2"":null,""3"":null}",1077.0,760270.0,1077.0,541003.0,1077.0,541003.0,914.3572518065921,459723.8544499568,914.3572518065921,0.0,0.0,1309.005763781839,628327.3159907783,0.21250656046717253,16.498188599678254,4.0,2120.0,0.0,0.0,96.89999999858992,48513.299999574534,2.1000000000012733,1359.450000000094,53.84999999921638,27050.149999746616,0.0,0.0,0.0,0.0,0.0,0.0,10.770000000000437,5410.029999999988,538.5,270501.5,1.0,272.0,549.2700000000186,275911.5300000004,0.0,0.0,1309.005763781839,628327.3159907783
745,2022-01-15,2022,False,22.03835616438356,1077,0,1272,459723.8544499568,0.0,55870,48,0.0,,,0.14047880079809416,0.06522922256927306,0.3836638704598828,0.9576880222841226,0.12036056491843831,602143.7859907767,0,False,False,True,"{""0"":null,""1"":null,""2"":null,""3"":null}",1077.0,761347.0,0.0,541003.0,0.0,541003.0,0.0,459723.8544499568,0.0,0.0,0.0,0.0,628327.3159907783,0.0,16.498188599678254,0.0,2120.0,0.0,0.0,0.0,48513.299999574534,0.0,1359.450000000094,0.0,27050.149999746616,0.0,0.0,0.0,0.0,0.0,0.0,0.0,5410.029999999988,0.0,270501.5,0.0,272.0,0.0,275911.5300000004,0.0,0.0,0.0,628327.3159907783
746,2022-01-16,2022,False,22.041095890410958,1076,0,1272,459723.8544499568,0.0,55870,48,0.0,,,0.14082229383317726,0.06564998389728724,0.3838431424599197,0.9576486988847585,0.07237934547083238,602143.7859907767,0,False,False,True,"{""0"":null,""1"":null,""2"":null,""3"":null}",1076.0,762423.0,0.0,541003.0,0.0,541003.0,0.0,459723.8544499568,0.0,0.0,0.0,0.0,628327.3159907783,0.0,16.498188599678254,0.0,2120.0,0.0,0.0,0.0,48513.299999574534,0.0,1359.450000000094,0.0,27050.149999746616,0.0,0.0,0.0,0.0,0.0,0.0,0.0,5410.029999999988,0.0,270501.5,0.0,272.0,0.0,275911.5300000004,0.0,0.0,0.0,628327.3159907783
747,2022-01-17,2022,True,22.043835616438358,1076,1076,1272,460637.24025649816,1583.7380300073944,56932,24,0.06677396494554139,0.8215773158166212,0.15988764962072305,0.14082229383317726,0.06564998389728724,0.3838431424599197,0.956589219330855,0.10098333726701073,603178.7640207841,0,False,False,True,"{""0"":null,""1"":null,""2"":null,""3"":null}",1076.0,763499.0,1076.0,542079.0,1076.0,542079.0,913.385806541366,460637.24025649816,913.385806541366,0.0,0.0,1583.7380300073419,629911.0540207856,0.06677396494553989,16.564962564623794,4.0,2124.0,0.0,0.0,96.79999999859137,48610.099999573125,7.200000000004366,1366.6500000000983,53.79999999921711,27103.949999745833,0.0,0.0,0.0,0.0,0.0,0.0,10.760000000000218,5420.789999999988,538.0,271039.5,0.0,272.0,548.7600000000093,276460.2900000004,0.0,0.0,1583.7380300073419,629911.0540207856
748,2022-01-18,2022,True,22.046575342465754,1076,1076,1272,461550.6260630395,1525.6370632268342,56990,45,0.0,0.8476378434140738,0.1402780303548886,0.14084889337378778,0.06591487452149648,0.3838431424599197,0.9567146840148698,0.12756873977662161,604155.6410840108,0,False,False,True,"{""0"":null,""1"":null,""2"":null,""3"":null}",1076.0,764575.0,1076.0,543155.0,1076.0,543155.0,913.385806541366,461550.6260630395,913.385806541366,0.0,0.0,1525.637063226779,631436.6910840124,0.0,16.564962564623794,4.0,2128.0,0.0,0.0,96.79999999859137,48706.89999957172,0.0,1366.6500000000983,53.79999999921711,27157.74999974505,0.0,0.0,0.0,0.0,0.0,0.0,10.760000000000218,5431.549999999988,538.0,271577.5,0.0,272.0,548.7600000000093,277009.0500000004,0.0,0.0,1525.637063226779,631436.6910840124
749,2022-01-19,2022,True,22.04931506849315,1075,1075,1272,462463.093721525,1429.4402764894348,57125,49,0.0,0.8204525554333415,0.15851408920381602,0.14086719548756954,0.06625400701787146,0.38390423397416273,0.9570000000000001,0.15215971712327084,605036.8313605003,0,False,False,True,"{""0"":null,""1"":null,""2"":null,""3"":null}",1075.0,765650.0,1075.0,544230.0,1075.0,544230.0,912.4676584854606,462463.093721525,912.4676584854606,0.0,0.0,1429.4402764894767,632866.1313605019,0.0,16.564962564623794,4.0,2132.0,0.0,0.0,96.69999999859283,48803.59999957031,0.0,1366.6500000000983,53.749999999217835,27211.49999974427,0.0,0.0,0.0,0.0,0.0,0.0,10.75,5442.299999999988,537.5,272115.0,0.0,272.0,548.25,277557.3000000004,0.0,0.0,1429.4402764894767,632866.1313605019
750,2022-01-20,2022,True,22.052054794520547,1075,1075,1272,463375.56138001045,1372.1046175723304,57236,40,0.08686354169573395,0.8112108934463891,0.18625431833559455,0.14085416350405625,0.06650515763573356,0.38390423397416273,0.9572186046511628,0.17481667676320986,605860.6859780726,0,False,False,True,"{""0"":null,""1"":null,""2"":null,""3"":null}",1075.0,766725.0,1075.0,545305.0,1075.0,545305.0,912.4676584854606,463375.56138001045,912.4676584854606,0.0,0.0,1372.1046175722731,634238.2359780741,0.08686354169573463,16.65182610631953,4.0,2136.0,0.0,0.0,96.69999999859283,48900.2999995689,3.600000000002183,1370.2500000001005,53.749999999217835,27265.249999743486,0.0,0.0,0.0,0.0,0.0,0.0,10.75,5453.049999999988,537.5,272652.5,0.0,272.0,548.25,278105.5500000004,0.0,0.0,1372.1046175722731,634238.2359780741
751,2022-01-21,2022,True,22.054794520547944,1076,1076,1273,464288.7565043101,1323.7180559198616,57361,30,0.06341045145791353,0.8215636501507333,0.17780021021597134,0.14094427573259166,0.06603142525839269,0.3838431424599197,0.9573977695167287,0.19557298966823264,606634.6440339924,0,False,False,True,"{""0"":null,""1"":null,""2"":null,""3"":null}",1076.0,767801.0,1076.0,546381.0,1076.0,546381.0,913.1951242996729,464288.7565043101,913.1951242996729,0.0,0.0,1323.7180559198605,635561.954033994,0.06341045145791213,16.71523655777744,4.0,2140.0,0.0,0.0,96.79999999859137,48997.099999567494,3.15000000000191,1373.4000000001024,53.79999999921711,27319.049999742703,0.0,0.0,0.0,0.0,0.0,0.0,10.760000000000218,5463.809999999989,538.0,273190.5,1.0,273.0,548.7600000000093,278654.3100000004,0.0,0.0,1323.7180559198605,635561.954033994
752,2022-01-22,2022,False,22.057534246575344,1075,0,1273,464288.7565043101,0.0,56410,30,0.0,,,0.14070796238450384,0.06597638133132405,0.3836134487510453,0.9581581395348837,0.12042737020515812,606634.6440339924,0,False,False,True,"{""0"":null,""1"":null,""2"":null,""3"":null}",1075.0,768876.0,0.0,546381.0,0.0,546381.0,0.0,464288.7565043101,0.0,0.0,0.0,0.0,635561.954033994,0.0,16.71523655777744,0.0,2140.0,0.0,0.0,0.0,48997.099999567494,0.0,1373.4000000001024,0.0,27319.049999742703,0.0,0.0,0.0,0.0,0.0,0.0,0.0,5463.809999999989,0.0,273190.5,0.0,273.0,0.0,278654.3100000004,0.0,0.0,0.0,635561.954033994
753,2022-01-23,2022,False,22.06027397260274,1075,0,1273,464288.7565043101,0.0,56410,30,0.0,,,0.14070796238450384,0.06597638133132405,0.3836134487510453,0.9581581395348837,0.07236143843553172,606634.6440339924,0,False,False,True,"{""0"":null,""1"":null,""2"":null,""3"":null}",1075.0,769951.0,0.0,546381.0,0.0,546381.0,0.0,464288.7565043101,0.0,0.0,0.0,0.0,635561.954033994,0.0,16.71523655777744,0.0,2140.0,0.0,0.0,0.0,48997.099999567494,0.0,1373.4000000001024,0.0,27319.049999742703,0.0,0.0,0.0,0.0,0.0,0.0,0.0,5463.809999999989,0.0,273190.5,0.0,273.0,0.0,278654.3100000004,0.0,0.0,0.0,635561.954033994
754,2022-01-24,2022,True,22.063013698630137,1074,1074,1273,465200.4154686662,1599.8999555297019,57455,13,0.4908891578935895,0.8491558761358913,0.13412180833849174,0.14097122744990978,0.06618548775725001,0.38367454026528836,0.9572439478584729,0.1009569425685396,607686.8039895222,0,False,False,True,"{""0"":null,""1"":null,""2"":null,""3"":null}",1074.0,771025.0,1074.0,547455.0,1074.0,547455.0,911.6589643560583,465200.4154686662,911.6589643560583,0.0,0.0,1599.8999555297196,637161.8539895237,0.4908891578935908,17.206125715671032,4.0,2144.0,0.0,0.0,96.59999999859428,49093.69999956609,4.5000000000027285,1377.9000000001051,53.69999999921856,27372.74999974192,0.0,0.0,0.0,0.0,0.0,0.0,10.739999999999782,5474.549999999988,537.0,273727.5,0.0,273.0,547.7399999999907,279202.0500000004,0.0,0.0,1599.8999555297196,637161.8539895237
755,2022-01-25,2022,True,22.065753424657533,1074,1074,1273,466112.07443302224,1539.8465074253083,57533,35,0.0,0.8360890058546128,0.152332593469856,0.14096166086854311,0.0663466665368303,0.38367454026528836,0.9572486033519554,0.12747268318413427,608678.9104969475,0,False,False,True,"{""0"":null,""1"":null,""2"":null,""3"":null}",1074.0,772099.0,1074.0,548529.0,1074.0,548529.0,911.6589643560583,466112.07443302224,911.6589643560583,0.0,0.0,1539.8465074253036,638701.700496949,0.0,17.206125715671032,4.0,2148.0,0.0,0.0,96.59999999859428,49190.29999956468,0.0,1377.9000000001051,53.69999999921856,27426.44999974114,0.0,0.0,0.0,0.0,0.0,0.0,10.739999999999782,5485.289999999988,537.0,274264.5,0.0,273.0,547.7399999999907,279749.7900000004,0.0,0.0,1539.8465074253036,638701.700496949
756,2022-01-26,2022,True,22.06849315068493,1075,1075,1274,467024.70064834284,1450.442301063144,57644,50,0.0,0.8445990683888015,0.14236027078144067,0.14104568844874962,0.06626529218547161,0.38390423397416273,0.9567488372093024,0.15202809946796644,609580.1027980106,0,False,False,True,"{""0"":null,""1"":null,""2"":null,""3"":null}",1075.0,773174.0,1075.0,549604.0,1075.0,549604.0,912.6262153206044,467024.70064834284,912.6262153206044,0.0,0.0,1450.4423010630999,640152.1427980121,0.0,17.206125715671032,4.0,2152.0,0.0,0.0,96.69999999859283,49286.999999563275,0.0,1377.9000000001051,53.749999999217835,27480.199999740358,0.0,0.0,0.0,0.0,0.0,0.0,10.75,5496.039999999988,537.5,274802.0,1.0,274.0,548.25,280298.0400000004,0.0,0.0,1450.4423010630999,640152.1427980121
757,2022-01-27,2022,True,22.07123287671233,1075,1075,1275,467937.3737815768,1376.6063532740623,57765,61,0.23105451794146054,0.823323902486493,0.17197513461447342,0.14104727651397267,0.06595227829639184,0.38371503480290114,0.9565534883720931,0.17470528007284492,610407.4591512847,0,False,False,True,"{""0"":null,""1"":null,""2"":null,""3"":null}",1075.0,774249.0,1075.0,550679.0,1075.0,550679.0,912.6731332339696,467937.3737815768,912.6731332339696,0.0,0.0,1376.606353274081,641528.7491512862,0.23105451794145893,17.43718023361249,4.0,2156.0,0.0,0.0,96.69999999859283,49383.69999956187,1.9500000000011823,1379.8500000001063,53.749999999217835,27533.949999739576,0.0,0.0,0.0,0.0,0.0,0.0,10.75,5506.789999999988,537.5,275339.5,1.0,275.0,548.25,280846.2900000004,0.0,0.0,1376.606353274081,641528.7491512862
758,2022-01-28,2022,True,22.073972602739726,1075,1075,1275,468850.0469148108,1311.470632442622,57885,53,0.0,0.821329371549485,0.16557729596350942,0.14100772455894756,0.06617621473001711,0.38371503480290114,0.9567255813953488,0.19559482494536168,611170.6797837273,0,False,False,True,"{""0"":null,""1"":null,""2"":null,""3"":null}",1075.0,775324.0,1075.0,551754.0,1075.0,551754.0,912.6731332339696,468850.0469148108,912.6731332339696,0.0,0.0,1311.4706324426224,642840.2197837288,0.0,17.43718023361249,4.0,2160.0,0.0,0.0,96.69999999859283,49480.39999956046,3.300000000002001,1383.1500000001083,53.749999999217835,27587.699999738794,0.0,0.0,0.0,0.0,0.0,0.0,10.75,5517.539999999988,537.5,275877.0,0.0,275.0,548.25,281394.5400000004,0.0,0.0,1311.4706324426224,642840.2197837288
759,2022-01-29,2022,False,22.076712328767123,1075,0,1275,468850.0469148108,0.0,56950,53,0.0,,,0.1410222552214207,0.06648262328107567,0.38371503480290114,0.9577488372093023,0.12028470741509777,611170.6797837273,0,False,False,True,"{""0"":null,""1"":null,""2"":null,""3"":null}",1075.0,776399.0,0.0,551754.0,0.0,551754.0,0.0,468850.0469148108,0.0,0.0,0.0,0.0,642840.2197837288,0.0,17.43718023361249,0.0,2160.0,0.0,0.0,0.0,49480.39999956046,0.0,1383.1500000001083,0.0,27587.699999738794,0.0,0.0,0.0,0.0,0.0,0.0,0.0,5517.539999999988,0.0,275877.0,0.0,275.0,0.0,281394.5400000004,0.0,0.0,0.0,642840.2197837288
760,2022-01-30,2022,False,22.079452054794523,1074,0,1275,468850.0469148108,0.0,56950,53,0.0,,,0.14083413384336435,0.06604178079306751,0.38348534109402677,0.9577094972067038,0.07204435807233983,611170.6797837273,0,False,False,True,"{""0"":null,""1"":null,""2"":null,""3"":null}",1074.0,777473.0,0.0,551754.0,0.0,551754.0,0.0,468850.0469148108,0.0,0.0,0.0,0.0,642840.2197837288,0.0,17.43718023361249,0.0,2160.0,0.0,0.0,0.0,49480.39999956046,0.0,1383.1500000001083,0.0,27587.699999738794,0.0,0.0,0.0,0.0,0.0,0.0,0.0,5517.539999999988,0.0,275877.0,0.0,275.0,0.0,281394.5400000004,0.0,0.0,0.0,642840.2197837288
761,2022-01-31,2022,True,22.08219178082192,1074,1074,1275,469761.8107560517,1598.167193281035,58012,26,0.0,0.8434928012402483,0.15765898479145146,0.14083413384336432,0.0660417807930675,0.38348534109402677,0.9566992551210427,0.10064934980512241,612221.1069770083,0,False,False,True,"{""0"":null,""1"":null,""2"":null,""3"":null}",1074.0,778547.0,1074.0,552828.0,1074.0,552828.0,911.7638412408996,469761.8107560517,911.7638412408996,0.0,0.0,1598.1671932809986,644438.3869770098,0.0,17.43718023361249,4.0,2164.0,0.0,0.0,96.59999999859428,49576.999999559055,7.95000000000482,1391.1000000001131,53.69999999921856,27641.399999738012,0.0,0.0,0.0,0.0,0.0,0.0,10.739999999999782,5528.279999999988,537.0,276414.0,0.0,275.0,547.7399999999907,281942.2800000004,0.0,0.0,1598.1671932809986,644438.3869770098
762,2022-02-01,2022,True,22.084931506849315,1074,1074,1275,470673.5745972926,1515.1234909616094,58071,55,0.019935250850833707,0.8510394456289978,0.13550755848104123,0.14093175040335704,0.06634081727583958,0.38348534109402677,0.956610800744879,0.12722176892212828,613188.4904679699,0,False,False,True,"{""0"":null,""1"":null,""2"":null,""3"":null}",1074.0,779621.0,1074.0,553902.0,1074.0,553902.0,911.7638412408996,470673.5745972926,911.7638412408996,0.0,0.0,1515.1234909616178,645953.5104679714,0.019935250850835473,17.457115484463326,4.0,2168.0,0.0,0.0,96.59999999859428,49673.59999955765,0.0,1391.1000000001131,53.69999999921856,27695.09999973723,0.0,0.0,0.0,0.0,0.0,0.0,10.739999999999782,5539.019999999988,537.0,276951.0,0.0,275.0,547.7399999999907,282490.02000000037,0.0,0.0,1515.1234909616178,645953.5104679714
763,2022-02-02,2022,True,22.087671232876712,1075,1075,1276,471586.167654443,1452.6660832835082,58183,72,0.0,0.8325529133887082,0.1534863233020774,0.14087498836974965,0.06602356183926987,0.38349514380166266,0.9563674418604652,0.15172152869080138,614091.9065512534,0,False,False,True,"{""0"":null,""1"":null,""2"":null,""3"":null}",1075.0,780696.0,1075.0,554977.0,1075.0,554977.0,912.5930571504286,471586.167654443,912.5930571504286,0.0,0.0,1452.6660832834896,647406.1765512549,0.0,17.457115484463326,4.0,2172.0,0.0,0.0,96.59999999859428,49770.199999556244,0.0,1391.1000000001131,53.749999999217835,27748.84999973645,0.0,0.0,0.0,0.0,0.0,0.0,10.75,5549.769999999988,537.5,277488.5,1.0,276.0,548.25,283038.27000000037,0.0,0.0,1452.6660832834896,647406.1765512549
764,2022-02-03,2022,True,22.09041095890411,1076,1076,1277,472499.5817369131,1371.1379894175848,58308,66,0.0,0.8336844807259653,0.16396971189101864,0.1408774848555258,0.06564354777195973,0.3835049465092985,0.9561338289962825,0.17429589552453234,614913.2845406709,0,False,False,True,"{""0"":null,""1"":null,""2"":null,""3"":null}",1076.0,781772.0,1076.0,556053.0,1076.0,556053.0,913.4140824701171,472499.5817369131,913.4140824701171,0.0,0.0,1371.1379894175334,648777.3145406725,0.0,17.457115484463326,4.0,2176.0,0.0,0.0,96.59999999859428,49866.79999955484,3.9000000000023647,1395.0000000001155,53.79999999921711,27802.649999735666,0.0,0.0,0.0,0.0,0.0,0.0,10.760000000000218,5560.529999999988,538.0,278026.5,1.0,277.0,548.7600000000093,283587.0300000004,0.0,0.0,1371.1379894175334,648777.3145406725
765,2022-02-04,2022,True,22.09315068493151,1076,1076,1277,473412.99581938324,1348.121334875616,58439,63,0.08541448765703791,0.8132749087843252,0.18979397409836432,0.14088285555581834,0.0659248289156548,0.3835049465092985,0.956468401486989,0.19514120522803005,615712.6458755465,0,False,False,True,"{""0"":null,""1"":null,""2"":null,""3"":null}",1076.0,782848.0,1076.0,557129.0,1076.0,557129.0,913.4140824701171,473412.99581938324,913.4140824701171,0.0,0.0,1348.1213348755846,650125.435875548,0.08541448765703663,17.542529972120363,4.0,2180.0,0.0,0.0,96.59999999859428,49963.39999955343,4.3500000000026375,1399.3500000001181,53.79999999921711,27856.449999734883,0.0,0.0,0.0,0.0,0.0,0.0,10.760000000000218,5571.289999999988,538.0,278564.5,0.0,277.0,548.7600000000093,284135.7900000004,0.0,0.0,1348.1213348755846,650125.435875548
766,2022-02-05,2022,False,22.095890410958905,1077,0,1278,473412.99581938324,0.0,57495,63,0.0,,,0.14081123291083977,0.06544001163462329,0.3834447220928251,0.9572469823584029,0.11970597949245289,615711.6458755465,0,False,False,True,"{""0"":null,""1"":null,""2"":null,""3"":null}",1077.0,783925.0,0.0,557129.0,0.0,557129.0,0.0,473412.99581938324,0.0,0.0,0.0,0.0,650125.435875548,0.0,17.542529972120363,0.0,2180.0,0.0,0.0,0.0,49963.39999955343,0.0,1399.3500000001181,0.0,27856.449999734883,0.0,0.0,0.0,0.0,0.0,0.0,0.0,5571.289999999988,0.0,278564.5,1.0,278.0,0.0,284135.7900000004,0.0,0.0,0.0,650125.435875548
767,2022-02-06,2022,False,22.0986301369863,1077,0,1278,473412.99581938324,0.0,57495,63,0.0,,,0.1408112329108398,0.06544001163462335,0.3834447220928251,0.9572469823584029,0.07167369235147536,615711.6458755465,0,False,False,True,"{""0"":null,""1"":null,""2"":null,""3"":null}",1077.0,785002.0,0.0,557129.0,0.0,557129.0,0.0,473412.99581938324,0.0,0.0,0.0,0.0,650125.435875548,0.0,17.542529972120363,0.0,2180.0,0.0,0.0,0.0,49963.39999955343,0.0,1399.3500000001181,0.0,27856.449999734883,0.0,0.0,0.0,0.0,0.0,0.0,0.0,5571.289999999988,0.0,278564.5,0.0,278.0,0.0,284135.7900000004,0.0,0.0,0.0,650125.435875548
768,2022-02-07,2022,True,22.101369863013698,1077,1077,1278,474327.147120386,1612.3116582525586,58580,16,0.0,0.8513542083531482,0.14061816008606448,0.1408112329108398,0.06544001163462332,0.3834447220928251,0.9565831012070567,0.10023775495653957,616774.6875337991,0,False,False,True,"{""0"":null,""1"":null,""2"":null,""3"":null}",1077.0,786079.0,1077.0,558206.0,1077.0,558206.0,914.1513010027702,474327.147120386,914.1513010027702,0.0,0.0,1612.3116582526127,651737.7475338007,0.0,17.542529972120363,4.0,2184.0,0.0,0.0,96.69999999859283,50060.099999552025,9.45000000000573,1408.8000000001239,53.84999999921638,27910.2999997341,0.0,0.0,0.0,0.0,0.0,0.0,10.770000000000437,5582.059999999989,538.5,279103.0,0.0,278.0,549.2700000000186,284685.0600000004,0.0,0.0,1612.3116582526127,651737.7475338007
769,2022-02-08,2022,True,22.104109589041094,1079,1079,1280,475243.06065718987,1558.198430293158,58624,38,0.0,0.8461968969996987,0.14588146803763097,0.14074622837774375,0.06441779373883703,0.38339355774980677,0.956468952734013,0.12681805814989808,617780.5959640922,0,False,False,True,"{""0"":null,""1"":null,""2"":null,""3"":null}",1079.0,787158.0,1079.0,559285.0,1079.0,559285.0,915.9135368038551,475243.06065718987,915.9135368038551,0.0,0.0,1558.1984302931232,653295.9459640938,0.0,17.542529972120363,4.0,2188.0,0.0,0.0,96.89999999858992,50156.999999550615,0.0,1408.8000000001239,53.949999999214924,27964.249999733314,0.0,0.0,0.0,0.0,0.0,0.0,10.789999999999964,5592.8499999999885,539.5,279642.5,2.0,280.0,550.289999999979,285235.3500000004,0.0,0.0,1558.1984302931232,653295.9459640938
770,2022-02-09,2022,True,22.106849315068494,1079,1079,1280,476158.9741939937,1459.1732865442232,58735,58,0.0,0.8212130145884426,0.16666876325186436,0.14075576241653667,0.0646610991197241,0.38339355774980677,0.9562928637627433,0.15137999751794362,618689.4792506364,0,False,False,True,"{""0"":null,""1"":null,""2"":null,""3"":null}",1079.0,788237.0,1079.0,560364.0,1079.0,560364.0,915.9135368038551,476158.9741939937,915.9135368038551,0.0,0.0,1459.1732865442755,654755.1192506381,0.0,17.542529972120363,4.0,2192.0,0.0,0.0,96.89999999858992,50253.899999549205,0.0,1408.8000000001239,53.949999999214924,28018.19999973253,0.0,0.0,0.0,0.0,0.0,0.0,10.789999999999964,5603.6399999999885,539.5,280182.0,0.0,280.0,550.289999999979,285785.64000000036,0.0,0.0,1459.1732865442755,654755.1192506381
771,2022-02-10,2022,True,22.10958904109589,1079,1079,1280,477074.8877307976,1379.7006089208705,58851,64,0.0,0.8257503385503565,0.16278292332802394,0.14076825240644136,0.06492094757597779,0.38339355774980677,0.9561631139944393,0.17404000829041752,619518.8898595573,0,False,False,True,"{""0"":null,""1"":null,""2"":null,""3"":null}",1079.0,789316.0,1079.0,561443.0,1079.0,561443.0,915.9135368038551,477074.8877307976,915.9135368038551,0.0,0.0,1379.700608920888,656134.819859559,0.0,17.542529972120363,4.0,2196.0,0.0,0.0,96.89999999858992,50350.799999547795,2.400000000001455,1411.2000000001253,53.949999999214924,28072.149999731744,0.0,0.0,0.0,0.0,0.0,0.0,10.789999999999964,5614.4299999999885,539.5,280721.5,0.0,280.0,550.289999999979,286335.93000000034,0.0,0.0,1379.700608920888,656134.819859559
772,2022-02-11,2022,True,22.112328767123287,1080,1080,1282,477991.90527691675,1341.162039118353,58985,59,0.0,0.8398091506067766,0.17309449148595019,0.14125222301593793,0.06428515901213755,0.38362325145868115,0.9559351851851853,0.1948100358433079,620307.2518986756,0,False,False,True,"{""0"":null,""1"":null,""2"":null,""3"":null}",1080.0,790396.0,1080.0,562523.0,1080.0,562523.0,917.0175461191684,477991.90527691675,917.0175461191684,0.0,0.0,1341.1620391183533,657475.9818986773,0.0,17.542529972120363,4.0,2200.0,0.0,0.0,96.99999999858846,50447.79999954638,3.300000000002001,1414.5000000001273,53.9999999992142,28126.14999973096,0.0,0.0,0.0,0.0,0.0,0.0,10.800000000000182,5625.229999999989,540.0,281261.5,2.0,282.0,550.7999999999884,286886.73000000033,0.0,0.0,1341.1620391183533,657475.9818986773
773,2022-02-12,2022,False,22.115068493150684,1079,0,1282,477991.90527691675,0.0,58045,59,0.0,,,0.14122244507500242,0.06449532190929447,0.38368347587515456,0.9570111214087118,0.1195366502302966,620307.2518986756,0,False,False,True,"{""0"":null,""1"":null,""2"":null,""3"":null}",1079.0,791475.0,0.0,562523.0,0.0,562523.0,0.0,477991.90527691675,0.0,0.0,0.0,0.0,657475.9818986773,0.0,17.542529972120363,0.0,2200.0,0.0,0.0,0.0,50447.79999954638,0.0,1414.5000000001273,0.0,28126.14999973096,0.0,0.0,0.0,0.0,0.0,0.0,0.0,5625.229999999989,0.0,281261.5,0.0,282.0,0.0,286886.73000000033,0.0,0.0,0.0,657475.9818986773
774,2022-02-13,2022,False,22.11780821917808,1080,0,1283,477991.90527691675,0.0,58045,59,0.0,,,0.14134830681995558,0.0641057636725207,0.38391316958402893,0.9567731481481482,0.07150192873837506,620306.2518986756,0,False,False,True,"{""0"":null,""1"":null,""2"":null,""3"":null}",1080.0,792555.0,0.0,562523.0,0.0,562523.0,0.0,477991.90527691675,0.0,0.0,0.0,0.0,657475.9818986773,0.0,17.542529972120363,0.0,2200.0,0.0,0.0,0.0,50447.79999954638,0.0,1414.5000000001273,0.0,28126.14999973096,0.0,0.0,0.0,0.0,0.0,0.0,0.0,5625.229999999989,0.0,281261.5,1.0,283.0,0.0,286886.73000000033,0.0,0.0,0.0,657475.9818986773
775,2022-02-14,2022,True,22.12054794520548,1080,1080,1283,478908.9745287005,1586.5207795756035,59144,13,0.026827864141611615,0.8555192800998642,0.13225292513692555,0.14134830681995558,0.06410576367252069,0.38391316958402893,0.9562175925925925,0.10012179453707055,621341.9726782511,0,False,False,True,"{""0"":null,""1"":null,""2"":null,""3"":null}",1080.0,793635.0,1080.0,563603.0,1080.0,563603.0,917.0692517837742,478908.9745287005,917.0692517837742,0.0,0.0,1586.5207795755705,659062.5026782529,0.026827864141612423,17.569357836261975,4.0,2204.0,0.0,0.0,96.99999999858846,50544.79999954497,8.850000000005366,1423.3500000001327,53.9999999992142,28180.149999730173,0.0,0.0,0.0,0.0,0.0,0.0,10.800000000000182,5636.029999999989,540.0,281801.5,0.0,283.0,550.7999999999884,287437.5300000003,0.0,0.0,1586.5207795755705,659062.5026782529
776,2022-02-15,2022,True,22.123287671232877,1080,1080,1283,479826.0437804843,1532.1829519164432,59180,33,0.0,0.8444148753755196,0.1436946502801374,0.14131283725460678,0.0643333323337408,0.38391316958402893,0.9565462962962963,0.12679229133680114,622323.3556301675,0,False,False,True,"{""0"":null,""1"":null,""2"":null,""3"":null}",1080.0,794715.0,1080.0,564683.0,1080.0,564683.0,917.0692517837742,479826.0437804843,917.0692517837742,0.0,0.0,1532.1829519164748,660594.6856301693,0.0,17.569357836261975,4.0,2208.0,0.0,0.0,96.99999999858846,50641.79999954356,0.0,1423.3500000001327,53.9999999992142,28234.149999729387,0.0,0.0,0.0,0.0,0.0,0.0,10.800000000000182,5646.829999999989,540.0,282341.5,0.0,283.0,550.7999999999884,287988.3300000003,0.0,0.0,1532.1829519164748,660594.6856301693
777,2022-02-16,2022,True,22.126027397260273,1080,1080,1283,480743.11303226807,1454.8542746547876,59289,48,0.0,0.8333653410883551,0.1627605906065583,0.14131793750649796,0.06459002498895051,0.38391316958402893,0.9565833333333332,0.15147079228219582,623227.4099048222,0,False,False,True,"{""0"":null,""1"":null,""2"":null,""3"":null}",1080.0,795795.0,1080.0,565763.0,1080.0,565763.0,917.0692517837742,480743.11303226807,917.0692517837742,0.0,0.0,1454.854274654761,662049.5399048241,0.0,17.569357836261975,4.0,2212.0,0.0,0.0,96.99999999858846,50738.79999954215,0.0,1423.3500000001327,53.9999999992142,28288.1499997286,0.0,0.0,0.0,0.0,0.0,0.0,10.800000000000182,5657.629999999989,540.0,282881.5,0.0,283.0,550.7999999999884,288539.1300000003,0.0,0.0,1454.854274654761,662049.5399048241
778,2022-02-17,2022,True,22.12876712328767,1079,1079,1283,481659.20451424626,1383.2014445839895,59404,47,0.0,0.8257046151626324,0.1663793245302575,0.14131531918914264,0.06478881385978935,0.38390336687639304,0.9562650602409638,0.1739300590349556,624060.3213494061,0,False,False,True,"{""0"":null,""1"":null,""2"":null,""3"":null}",1079.0,796874.0,1079.0,566842.0,1079.0,566842.0,916.0914819781901,481659.20451424626,916.0914819781901,0.0,0.0,1383.201444583945,663432.741349408,0.0,17.569357836261975,4.0,2216.0,0.0,0.0,96.99999999858846,50835.79999954074,1.9500000000011823,1425.3000000001339,53.949999999214924,28342.099999727816,0.0,0.0,0.0,0.0,0.0,0.0,10.789999999999964,5668.419999999989,539.5,283421.0,0.0,283.0,550.289999999979,289089.4200000003,0.0,0.0,1383.201444583945,663432.741349408
779,2022-02-18,2022,True,22.13150684931507,1079,1079,1283,482575.29599622445,1340.4319403167924,59525,46,0.0,0.8285166615606676,0.17449962592853638,0.14135111356484611,0.06507620376128805,0.38390336687639304,0.9564550509731233,0.19485393217807245,624850.4632897229,0,False,False,True,"{""0"":null,""1"":null,""2"":null,""3"":null}",1079.0,797953.0,1079.0,567921.0,1079.0,567921.0,916.0914819781901,482575.29599622445,916.0914819781901,0.0,0.0,1340.4319403168047,664773.1732897249,0.0,17.569357836261975,4.0,2220.0,0.0,0.0,96.99999999858846,50932.799999539326,3.000000000001819,1428.3000000001357,53.949999999214924,28396.04999972703,0.0,0.0,0.0,0.0,0.0,0.0,10.789999999999964,5679.209999999989,539.5,283960.5,0.0,283.0,550.289999999979,289639.71000000025,0.0,0.0,1340.4319403168047,664773.1732897249
780,2022-02-19,2022,False,22.134246575342466,1078,0,1283,482575.29599622445,0.0,58593,46,0.0,,,0.14112192864734366,0.06490426574277003,0.38367367316751866,0.9572820037105751,0.11948636714816792,624850.4632897229,0,False,False,True,"{""0"":null,""1"":null,""2"":null,""3"":null}",1078.0,799031.0,0.0,567921.0,0.0,567921.0,0.0,482575.29599622445,0.0,0.0,0.0,0.0,664773.1732897249,0.0,17.569357836261975,0.0,2220.0,0.0,0.0,0.0,50932.799999539326,0.0,1428.3000000001357,0.0,28396.04999972703,0.0,0.0,0.0,0.0,0.0,0.0,0.0,5679.209999999989,0.0,283960.5,0.0,283.0,0.0,289639.71000000025,0.0,0.0,0.0,664773.1732897249
781,2022-02-20,2022,False,22.136986301369863,1078,0,1283,482575.29599622445,0.0,58593,46,0.0,,,0.14112192864734366,0.06490426574277001,0.38367367316751866,0.9572820037105751,0.07156544066862279,624850.4632897229,0,False,False,True,"{""0"":null,""1"":null,""2"":null,""3"":null}",1078.0,800109.0,0.0,567921.0,0.0,567921.0,0.0,482575.29599622445,0.0,0.0,0.0,0.0,664773.1732897249,0.0,17.569357836261975,0.0,2220.0,0.0,0.0,0.0,50932.799999539326,0.0,1428.3000000001357,0.0,28396.04999972703,0.0,0.0,0.0,0.0,0.0,0.0,0.0,5679.209999999989,0.0,283960.5,0.0,283.0,0.0,289639.71000000025,0.0,0.0,0.0,664773.1732897249
782,2022-02-21,2022,True,22.13972602739726,1079,1079,1284,483491.30397242407,1602.652412159862,59669,24,0.0,0.8526359530523634,0.14034764075543205,0.14105452555971593,0.06420710718709467,0.3836134487510453,0.9562650602409638,0.10015195624818286,625901.8257018827,0,False,False,True,"{""0"":null,""1"":null,""2"":null,""3"":null}",1079.0,801188.0,1079.0,569000.0,1079.0,569000.0,916.0079761996167,483491.30397242407,916.0079761996167,0.0,0.0,1602.652412159834,666375.8257018847,0.0,17.569357836261975,4.0,2224.0,0.0,0.0,96.99999999858846,51029.799999537914,6.900000000004184,1435.2000000001399,53.949999999214924,28449.999999726246,0.0,0.0,0.0,0.0,0.0,0.0,10.789999999999964,5689.999999999989,539.5,284500.0,1.0,284.0,550.289999999979,290190.00000000023,0.0,0.0,1602.652412159834,666375.8257018847
783,2022-02-22,2022,True,22.14246575342466,1078,1078,1284,484406.49528141774,1550.2717586340173,59728,36,0.0,0.8339469913244879,0.16239805483032427,0.14098633771108804,0.06439000573670617,0.38367367316751866,0.9567578849721706,0.126844301356679,626902.3174605167,0,False,False,True,"{""0"":null,""1"":null,""2"":null,""3"":null}",1078.0,802266.0,1078.0,570078.0,1078.0,570078.0,915.1913089936716,484406.49528141774,915.1913089936716,0.0,0.0,1550.271758634015,667926.0974605187,0.0,17.569357836261975,4.0,2228.0,0.0,0.0,96.89999999858992,51126.699999536504,0.0,1435.2000000001399,53.89999999921565,28503.89999972546,0.0,0.0,0.0,0.0,0.0,0.0,10.779999999999745,5700.779999999989,539.0,285039.0,0.0,284.0,549.7800000000279,290739.78000000026,0.0,0.0,1550.271758634015,667926.0974605187
784,2022-02-23,2022,True,22.145205479452056,1078,1078,1284,485321.6865904114,1482.8543091948632,59839,57,0.0,0.8237928892448036,0.16458545978997513,0.1409776651542347,0.06464748489952346,0.38367367316751866,0.9567996289424862,0.15147418598603757,627835.3917697115,0,False,False,True,"{""0"":null,""1"":null,""2"":null,""3"":null}",1078.0,803344.0,1078.0,571156.0,1078.0,571156.0,915.1913089936716,485321.6865904114,915.1913089936716,0.0,0.0,1482.8543091948377,669408.9517697135,0.0,17.569357836261975,4.0,2232.0,0.0,0.0,96.89999999858992,51223.599999535094,0.0,1435.2000000001399,53.89999999921565,28557.799999724677,0.0,0.0,0.0,0.0,0.0,0.0,10.779999999999745,5711.559999999989,539.0,285578.0,0.0,284.0,549.7800000000279,291289.5600000003,0.0,0.0,1482.8543091948377,669408.9517697135
785,2022-02-24,2022,True,22.147945205479452,1079,1079,1285,486237.7688498587,1393.2456390773707,59973,51,0.0,0.7979132675488659,0.2002602587921628,0.14103840246166918,0.06431451890829656,0.38368347587515456,0.9564967562557923,0.17414454596608295,628677.3474087889,0,False,False,True,"{""0"":null,""1"":null,""2"":null,""3"":null}",1079.0,804423.0,1079.0,572235.0,1079.0,572235.0,916.0822594473138,486237.7688498587,916.0822594473138,0.0,0.0,1393.2456390773878,670802.1974087909,0.0,17.569357836261975,4.0,2236.0,0.0,0.0,96.89999999858992,51320.499999533684,3.600000000002183,1438.800000000142,53.949999999214924,28611.749999723892,0.0,0.0,0.0,0.0,0.0,0.0,10.789999999999964,5722.3499999999885,539.5,286117.5,1.0,285.0,550.289999999979,291839.85000000027,0.0,0.0,1393.2456390773878,670802.1974087909
786,2022-02-25,2022,True,22.15068493150685,1079,1079,1285,487153.85110930604,1304.1152836032843,60059,61,0.0,0.8109349001163539,0.1846424926147596,0.14102851118217258,0.0645315785111555,0.38368347587515456,0.9564087117701575,0.1950579754807652,629431.1726923921,0,False,False,True,"{""0"":null,""1"":null,""2"":null,""3"":null}",1079.0,805502.0,1079.0,573314.0,1079.0,573314.0,916.0822594473138,487153.85110930604,916.0822594473138,0.0,0.0,1304.1152836033143,672106.3126923942,0.0,17.569357836261975,4.0,2240.0,0.0,0.0,96.89999999858992,51417.399999532274,1.8000000000010914,1440.6000000001432,53.949999999214924,28665.699999723107,0.0,0.0,0.0,0.0,0.0,0.0,10.789999999999964,5733.1399999999885,539.5,286657.0,0.0,285.0,550.289999999979,292390.14000000025,0.0,0.0,1304.1152836033143,672106.3126923942
787,2022-02-26,2022,False,22.153424657534245,1078,0,1285,487153.85110930604,0.0,59140,61,0.0,,,0.1408258027476484,0.06435018183172106,0.3834537821662802,0.9573515769944342,0.11950042021912893,629431.1726923921,0,False,False,True,"{""0"":null,""1"":null,""2"":null,""3"":null}",1078.0,806580.0,0.0,573314.0,0.0,573314.0,0.0,487153.85110930604,0.0,0.0,0.0,0.0,672106.3126923942,0.0,17.569357836261975,0.0,2240.0,0.0,0.0,0.0,51417.399999532274,0.0,1440.6000000001432,0.0,28665.699999723107,0.0,0.0,0.0,0.0,0.0,0.0,0.0,5733.1399999999885,0.0,286657.0,0.0,285.0,0.0,292390.14000000025,0.0,0.0,0.0,672106.3126923942
788,2022-02-27,2022,False,22.156164383561645,1077,0,1285,487153.85110930604,0.0,59140,61,0.0,,,0.14071188312140043,0.0642331705375767,0.3835148736805233,0.9573119777158775,0.07169300723506745,629431.1726923921,0,False,False,True,"{""0"":null,""1"":null,""2"":null,""3"":null}",1077.0,807657.0,0.0,573314.0,0.0,573314.0,0.0,487153.85110930604,0.0,0.0,0.0,0.0,672106.3126923942,0.0,17.569357836261975,0.0,2240.0,0.0,0.0,0.0,51417.399999532274,0.0,1440.6000000001432,0.0,28665.699999723107,0.0,0.0,0.0,0.0,0.0,0.0,0.0,5733.1399999999885,0.0,286657.0,0.0,285.0,0.0,292390.14000000025,0.0,0.0,0.0,672106.3126923942
789,2022-02-28,2022,True,22.15890410958904,1077,1077,1285,488068.14270783676,1617.8299056223073,60222,19,0.0,0.8495323457343243,0.15484237479315024,0.14071188312140043,0.0642331705375767,0.3835148736805233,0.95627669452182,0.10030658372564939,630499.7325980144,0,False,False,True,"{""0"":null,""1"":null,""2"":null,""3"":null}",1077.0,808734.0,1077.0,574391.0,1077.0,574391.0,914.291598530719,488068.14270783676,914.291598530719,0.0,0.0,1617.8299056222895,673724.1425980165,0.0,17.569357836261975,4.0,2244.0,0.0,0.0,96.69999999859283,51514.09999953087,9.150000000005548,1449.7500000001487,53.84999999921638,28719.549999722323,0.0,0.0,0.0,0.0,0.0,0.0,10.770000000000437,5743.909999999989,538.5,287195.5,0.0,285.0,549.2700000000186,292939.41000000027,0.0,0.0,1617.8299056222895,673724.1425980165
790,2022-03-01,2022,True,22.161643835616438,1077,1077,1285,488982.4343063675,1538.3108173645012,60271,39,0.0,0.820793171771228,0.1730630577749807,0.14071443032356223,0.06455549691579016,0.3835148736805233,0.9566202414113277,0.12692226465865783,631488.7734153789,0,False,False,True,"{""0"":null,""1"":null,""2"":null,""3"":null}",1077.0,809811.0,1077.0,575468.0,1077.0,575468.0,914.291598530719,488982.4343063675,914.291598530719,0.0,0.0,1538.3108173644869,675262.453415381,0.0,17.569357836261975,4.0,2248.0,0.0,0.0,96.69999999859283,51610.79999952946,0.0,1449.7500000001487,53.84999999921638,28773.39999972154,0.0,0.0,0.0,0.0,0.0,0.0,10.770000000000437,5754.679999999989,538.5,287734.0,0.0,285.0,549.2700000000186,293488.6800000003,0.0,0.0,1538.3108173644869,675262.453415381
791,2022-03-02,2022,True,22.164383561643834,1076,1076,1285,489895.73265913577,1473.2176821412338,60382,59,0.0,0.8298402366046133,0.16075945226985305,0.14071604346983996,0.06491351795738083,0.38357596519476633,0.9566542750929367,0.1513882487277285,632413.2310975201,0,False,False,True,"{""0"":null,""1"":null,""2"":null,""3"":null}",1076.0,810887.0,1076.0,576544.0,1076.0,576544.0,913.2983527682954,489895.73265913577,913.2983527682954,0.0,0.0,1473.2176821412286,676735.6710975223,0.0,17.569357836261975,4.0,2252.0,0.0,0.0,96.59999999859428,51707.399999528054,0.0,1449.7500000001487,53.79999999921711,28827.199999720757,0.0,0.0,0.0,0.0,0.0,0.0,10.760000000000218,5765.43999999999,538.0,288272.0,0.0,285.0,548.7600000000093,294037.4400000003,0.0,0.0,1473.2176821412286,676735.6710975223
792,2022-03-03,2022,True,22.16712328767123,1076,1076,1285,490809.03101190407,1381.0631966331891,60503,66,0.0,0.8392864546622995,0.14648887373583203,0.14070714018194128,0.06519052100613008,0.38357596519476633,0.9564498141263942,0.17407810021386552,633245.5342941533,0,False,False,True,"{""0"":null,""1"":null,""2"":null,""3"":null}",1076.0,811963.0,1076.0,577620.0,1076.0,577620.0,913.2983527682954,490809.03101190407,913.2983527682954,0.0,0.0,1381.063196633244,678116.7342941555,0.0,17.569357836261975,4.0,2256.0,0.0,0.0,96.59999999859428,51803.99999952665,2.850000000001728,1452.6000000001504,53.79999999921711,28880.999999719974,0.0,0.0,0.0,0.0,0.0,0.0,10.760000000000218,5776.19999999999,538.0,288810.0,0.0,285.0,548.7600000000093,294586.2000000003,0.0,0.0,1381.063196633244,678116.7342941555
793,2022-03-04,2022,True,22.16986301369863,1077,1077,1286,491723.17663116957,1310.5717329277718,60613,65,0.0,0.7974526225764571,0.19177924574311947,0.14067283380608198,0.06475447328884927,0.383515740778293,0.9562209842154131,0.19489985264075885,634005.8360270811,0,False,False,True,"{""0"":null,""1"":null,""2"":null,""3"":null}",1077.0,813040.0,1077.0,578697.0,1077.0,578697.0,914.1456192655023,491723.17663116957,914.1456192655023,0.0,0.0,1310.5717329278123,679427.3060270833,0.0,17.569357836261975,4.0,2260.0,0.0,0.0,96.69999999859283,51900.69999952524,3.000000000001819,1455.6000000001522,53.84999999921638,28934.84999971919,0.0,0.0,0.0,0.0,0.0,0.0,10.770000000000437,5786.96999999999,538.5,289348.5,1.0,286.0,549.2700000000186,295135.4700000003,0.0,0.0,1310.5717329278123,679427.3060270833
794,2022-03-05,2022,False,22.172602739726027,1077,0,1286,491723.17663116957,0.0,59690,65,0.0,,,0.1407721009433584,0.06499659367225913,0.383515740778293,0.9572701949860725,0.11954184280042297,634005.8360270811,0,False,False,True,"{""0"":null,""1"":null,""2"":null,""3"":null}",1077.0,814117.0,0.0,578697.0,0.0,578697.0,0.0,491723.17663116957,0.0,0.0,0.0,0.0,679427.3060270833,0.0,17.569357836261975,0.0,2260.0,0.0,0.0,0.0,51900.69999952524,0.0,1455.6000000001522,0.0,28934.84999971919,0.0,0.0,0.0,0.0,0.0,0.0,0.0,5786.96999999999,0.0,289348.5,0.0,286.0,0.0,295135.4700000003,0.0,0.0,0.0,679427.3060270833
795,2022-03-06,2022,False,22.175342465753424,1077,0,1286,491723.17663116957,0.0,59690,65,0.0,,,0.1407721009433584,0.06499659367225913,0.383515740778293,0.9572701949860725,0.07170030459076922,634005.8360270811,0,False,False,True,"{""0"":null,""1"":null,""2"":null,""3"":null}",1077.0,815194.0,0.0,578697.0,0.0,578697.0,0.0,491723.17663116957,0.0,0.0,0.0,0.0,679427.3060270833,0.0,17.569357836261975,0.0,2260.0,0.0,0.0,0.0,51900.69999952524,0.0,1455.6000000001522,0.0,28934.84999971919,0.0,0.0,0.0,0.0,0.0,0.0,0.0,5786.96999999999,0.0,289348.5,0.0,286.0,0.0,295135.4700000003,0.0,0.0,0.0,679427.3060270833
796,2022-03-07,2022,True,22.17808219178082,1077,1077,1286,492637.32225043507,1646.509750501891,60771,23,0.0,0.8430500900762478,0.15406171432222732,0.1407721009433584,0.06499659367225914,0.383515740778293,0.9561606313834727,0.10030007487496859,635103.0757775829,0,False,False,True,"{""0"":null,""1"":null,""2"":null,""3"":null}",1077.0,816271.0,1077.0,579774.0,1077.0,579774.0,914.1456192655023,492637.32225043507,914.1456192655023,0.0,0.0,1646.5097505018348,681073.8157775851,0.0,17.569357836261975,4.0,2264.0,0.0,0.0,96.69999999859283,51997.399999523834,9.750000000005912,1465.3500000001582,53.84999999921638,28988.699999718407,0.0,0.0,0.0,0.0,0.0,0.0,10.770000000000437,5797.739999999991,538.5,289887.0,0.0,286.0,549.2700000000186,295684.74000000034,0.0,0.0,1646.5097505018348,681073.8157775851
797,2022-03-08,2022,True,22.18082191780822,1077,1077,1286,493551.4678697006,1540.4410348451745,60827,46,0.04123682843862346,0.8309536904027335,0.16783545533135094,0.14070203570454803,0.06524614179664942,0.383515740778293,0.9565831012070567,0.12692775465691883,636094.2468124281,0,False,False,True,"{""0"":null,""1"":null,""2"":null,""3"":null}",1077.0,817348.0,1077.0,580851.0,1077.0,580851.0,914.1456192655023,493551.4678697006,914.1456192655023,0.0,0.0,1540.441034845193,682614.2568124303,0.041236828438623974,17.6105946647006,4.0,2268.0,0.0,0.0,96.69999999859283,52094.09999952243,0.0,1465.3500000001582,53.84999999921638,29042.549999717623,0.0,0.0,0.0,0.0,0.0,0.0,10.770000000000437,5808.509999999991,538.5,290425.5,0.0,286.0,549.2700000000186,296234.01000000036,0.0,0.0,1540.441034845193,682614.2568124303
798,2022-03-09,2022,True,22.183561643835617,1077,1077,1287,494465.52806192194,1487.9864564391498,60925,61,0.0,0.8273043524387657,0.17490797685624493,0.14099587767047464,0.06511220919070615,0.383515740778293,0.9563370473537603,0.1515851672182968,637031.9632688672,0,False,False,True,"{""0"":null,""1"":null,""2"":null,""3"":null}",1077.0,818425.0,1077.0,581928.0,1077.0,581928.0,914.0601922213682,494465.52806192194,914.0601922213682,0.0,0.0,1487.9864564391319,684102.2432688695,0.0,17.6105946647006,4.0,2272.0,0.0,0.0,96.69999999859283,52190.79999952102,0.0,1465.3500000001582,53.84999999921638,29096.39999971684,0.0,0.0,0.0,0.0,0.0,0.0,10.770000000000437,5819.279999999992,538.5,290964.0,1.0,287.0,549.2700000000186,296783.2800000004,0.0,0.0,1487.9864564391319,684102.2432688695
799,2022-03-10,2022,True,22.186301369863013,1077,1077,1287,495379.5882541433,1423.5037085997617,61057,60,0.0,0.8272873945485985,0.16445598711969434,0.14094746435530564,0.06532645775316716,0.383515740778293,0.9561931290622098,0.17429957612153685,637906.1969774669,0,False,False,True,"{""0"":null,""1"":null,""2"":null,""3"":null}",1077.0,819502.0,1077.0,583005.0,1077.0,583005.0,914.0601922213682,495379.5882541433,914.0601922213682,0.0,0.0,1423.5037085997174,685525.7469774692,0.0,17.6105946647006,4.0,2276.0,0.0,0.0,96.69999999859283,52287.49999951961,3.450000000002092,1468.8000000001603,53.84999999921638,29150.249999716056,0.0,0.0,0.0,0.0,0.0,0.0,10.770000000000437,5830.049999999992,538.5,291502.5,0.0,287.0,549.2700000000186,297332.5500000004,0.0,0.0,1423.5037085997174,685525.7469774692
800,2022-03-11,2022,True,22.18904109589041,1077,1077,1287,496293.6484463647,1331.8634682573288,61169,62,0.218065738223075,0.8122409190053566,0.19760936980514512,0.14097423577394907,0.06549276950446938,0.383515740778293,0.9559424326833798,0.19518882638347315,638688.7904457243,0,False,False,True,"{""0"":null,""1"":null,""2"":null,""3"":null}",1077.0,820579.0,1077.0,584082.0,1077.0,584082.0,914.0601922213682,496293.6484463647,914.0601922213682,0.0,0.0,1331.863468257361,686857.6104457265,0.21806573822307485,17.828660402923674,4.0,2280.0,0.0,0.0,96.69999999859283,52384.199999518205,3.450000000002092,1472.2500000001623,53.84999999921638,29204.099999715272,0.0,0.0,0.0,0.0,0.0,0.0,10.770000000000437,5840.819999999992,538.5,292041.0,0.0,287.0,549.2700000000186,297881.8200000004,0.0,0.0,1331.863468257361,686857.6104457265
801,2022-03-12,2022,False,22.19178082191781,1077,0,1287,496293.6484463647,0.0,60240,62,0.0,,,0.14097011802522194,0.06572076134742635,0.383515740778293,0.9570937790157845,0.1199073027708828,638688.7904457243,0,False,False,True,"{""0"":null,""1"":null,""2"":null,""3"":null}",1077.0,821656.0,0.0,584082.0,0.0,584082.0,0.0,496293.6484463647,0.0,0.0,0.0,0.0,686857.6104457265,0.0,17.828660402923674,0.0,2280.0,0.0,0.0,0.0,52384.199999518205,0.0,1472.2500000001623,0.0,29204.099999715272,0.0,0.0,0.0,0.0,0.0,0.0,0.0,5840.819999999992,0.0,292041.0,0.0,287.0,0.0,297881.8200000004,0.0,0.0,0.0,686857.6104457265
802,2022-03-13,2022,False,22.194520547945206,1078,0,1289,496293.6484463647,0.0,60240,62,0.0,,,0.14135432432545467,0.0649608661396404,0.38367454026528836,0.9565769944341374,0.07196672140851766,638686.7904457243,0,False,False,True,"{""0"":null,""1"":null,""2"":null,""3"":null}",1078.0,822734.0,0.0,584082.0,0.0,584082.0,0.0,496293.6484463647,0.0,0.0,0.0,0.0,686857.6104457265,0.0,17.828660402923674,0.0,2280.0,0.0,0.0,0.0,52384.199999518205,0.0,1472.2500000001623,0.0,29204.099999715272,0.0,0.0,0.0,0.0,0.0,0.0,0.0,5840.819999999992,0.0,292041.0,2.0,289.0,0.0,297881.8200000004,0.0,0.0,0.0,686857.6104457265
803,2022-03-14,2022,True,22.197260273972603,1078,1078,1289,497208.5090420752,1611.1770196993302,61324,11,0.0,0.8413504381663929,0.15192893323946471,0.14135432432545467,0.0649608661396404,0.38367454026528836,0.955760667903525,0.10057897693116251,639748.1874654236,0,False,False,True,"{""0"":null,""1"":null,""2"":null,""3"":null}",1078.0,823812.0,1078.0,585160.0,1078.0,585160.0,914.8605957105174,497208.5090420752,914.8605957105174,0.0,0.0,1611.1770196993602,688468.7874654259,0.0,17.828660402923674,4.0,2284.0,0.0,0.0,96.89999999858992,52481.099999516795,9.300000000005639,1481.550000000168,53.89999999921565,29257.999999714488,0.0,0.0,0.0,0.0,0.0,0.0,10.779999999999745,5851.599999999992,539.0,292580.0,0.0,289.0,549.7800000000279,298431.60000000044,0.0,0.0,1611.1770196993602,688468.7874654259
804,2022-03-15,2022,True,22.2,1080,1080,1291,498125.1299853729,1531.4961372452244,61387,26,0.0,0.8359855456618016,0.15780680518946777,0.14115261955248543,0.06374487766019311,0.3835050709728874,0.9560324074074075,0.12718209983888273,640726.8836026688,0,False,False,True,"{""0"":null,""1"":null,""2"":null,""3"":null}",1080.0,824892.0,1080.0,586240.0,1080.0,586240.0,916.6209432976902,498125.1299853729,916.6209432976902,0.0,0.0,1531.496137245209,690000.2836026711,0.0,17.828660402923674,4.0,2288.0,0.0,0.0,96.99999999858846,52578.09999951538,0.0,1481.550000000168,53.9999999992142,29311.999999713702,0.0,0.0,0.0,0.0,0.0,0.0,10.800000000000182,5862.399999999992,540.0,293120.0,2.0,291.0,550.7999999999884,298982.40000000043,0.0,0.0,1531.496137245209,690000.2836026711
805,2022-03-16,2022,True,22.202739726027396,1080,1080,1291,499041.7509286706,1478.3004007037237,61473,53,0.0,0.8609803957700295,0.13357280731561882,0.14106467032817632,0.06403187739655555,0.3835050709728874,0.9558564814814815,0.1517686209121386,641654.3840033724,0,False,False,True,"{""0"":null,""1"":null,""2"":null,""3"":null}",1080.0,825972.0,1080.0,587320.0,1080.0,587320.0,916.6209432976902,499041.7509286706,916.6209432976902,0.0,0.0,1478.3004007036798,691478.5840033748,0.0,17.828660402923674,4.0,2292.0,0.0,0.0,96.99999999858846,52675.09999951397,0.0,1481.550000000168,53.9999999992142,29365.999999712916,0.0,0.0,0.0,0.0,0.0,0.0,10.800000000000182,5873.1999999999925,540.0,293660.0,0.0,291.0,550.7999999999884,299533.2000000004,0.0,0.0,1478.3004007036798,691478.5840033748
806,2022-03-17,2022,True,22.205479452054796,1081,1081,1292,499959.3055372008,1409.0856784562998,61610,57,0.0,0.8038244542732705,0.18732613530765624,0.14124216564782588,0.06390083781288057,0.38373140764633473,0.9555087881591119,0.1743650749710568,642511.1596818287,0,False,False,True,"{""0"":null,""1"":null,""2"":null,""3"":null}",1081.0,827053.0,1081.0,588401.0,1081.0,588401.0,917.5546085302485,499959.3055372008,917.5546085302485,0.0,0.0,1409.0856784563512,692887.6696818311,0.0,17.828660402923674,4.0,2296.0,0.0,0.0,97.09999999858701,52772.19999951256,1.6500000000010004,1483.200000000169,54.04999999921347,29420.04999971213,0.0,0.0,0.0,0.0,0.0,0.0,10.8100000000004,5884.009999999993,540.5,294200.5,1.0,292.0,551.3099999999977,300084.5100000004,0.0,0.0,1409.0856784563512,692887.6696818311
807,2022-03-18,2022,True,22.208219178082192,1081,1081,1292,500876.8601457311,1319.2169377804423,61727,57,0.0,0.8029362656161031,0.20125198837134023,0.14134106133259566,0.06413286159550578,0.38373140764633473,0.9558325624421833,0.19522480861344846,643279.0666196091,0,False,False,True,"{""0"":null,""1"":null,""2"":null,""3"":null}",1081.0,828134.0,1081.0,589482.0,1081.0,589482.0,917.5546085302485,500876.8601457311,917.5546085302485,0.0,0.0,1319.2169377804967,694206.8866196116,0.0,17.828660402923674,4.0,2300.0,0.0,0.0,97.09999999858701,52869.299999511146,2.2500000000013642,1485.4500000001703,54.04999999921347,29474.099999711343,0.0,0.0,0.0,0.0,0.0,0.0,10.8100000000004,5894.819999999993,540.5,294741.0,0.0,292.0,551.3099999999977,300635.8200000004,0.0,0.0,1319.2169377804967,694206.8866196116
808,2022-03-19,2022,False,22.21095890410959,1080,0,1292,500876.8601457311,0.0,60789,57,0.0,,,0.1411720848878608,0.0641084880154701,0.3837216049386989,0.956824074074074,0.11996012994145107,643279.0666196091,0,False,False,True,"{""0"":null,""1"":null,""2"":null,""3"":null}",1080.0,829214.0,0.0,589482.0,0.0,589482.0,0.0,500876.8601457311,0.0,0.0,0.0,0.0,694206.8866196116,0.0,17.828660402923674,0.0,2300.0,0.0,0.0,0.0,52869.299999511146,0.0,1485.4500000001703,0.0,29474.099999711343,0.0,0.0,0.0,0.0,0.0,0.0,0.0,5894.819999999993,0.0,294741.0,0.0,292.0,0.0,300635.8200000004,0.0,0.0,0.0,694206.8866196116
809,2022-03-20,2022,False,22.213698630136985,1080,0,1292,500876.8601457311,0.0,60789,57,0.0,,,0.1411720848878608,0.06410848801547009,0.3837216049386989,0.956824074074074,0.07215563005778666,643279.0666196091,0,False,False,True,"{""0"":null,""1"":null,""2"":null,""3"":null}",1080.0,830294.0,0.0,589482.0,0.0,589482.0,0.0,500876.8601457311,0.0,0.0,0.0,0.0,694206.8866196116,0.0,17.828660402923674,0.0,2300.0,0.0,0.0,0.0,52869.299999511146,0.0,1485.4500000001703,0.0,29474.099999711343,0.0,0.0,0.0,0.0,0.0,0.0,0.0,5894.819999999993,0.0,294741.0,0.0,292.0,0.0,300635.8200000004,0.0,0.0,0.0,694206.8866196116
810,2022-03-21,2022,True,22.21643835616438,1080,1080,1292,501793.69020131795,1651.3024193060858,61862,16,0.0328666795801537,0.8573675076484065,0.12162032202638695,0.1411720848878608,0.06410848801547007,0.3837216049386989,0.9557777777777778,0.10070682248379637,644379.5690389152,0,False,False,True,"{""0"":null,""1"":null,""2"":null,""3"":null}",1080.0,831374.0,1080.0,590562.0,1080.0,590562.0,916.8300555868773,501793.69020131795,916.8300555868773,0.0,0.0,1651.3024193061283,695858.1890389178,0.032866679580152436,17.861527082503827,4.0,2304.0,0.0,0.0,97.09999999858701,52966.39999950973,8.550000000005184,1494.0000000001755,53.9999999992142,29528.099999710557,0.0,0.0,0.0,0.0,0.0,0.0,10.800000000000182,5905.6199999999935,540.0,295281.0,0.0,292.0,550.7999999999884,301186.6200000004,0.0,0.0,1651.3024193061283,695858.1890389178
811,2022-03-22,2022,True,22.21917808219178,1080,1080,1292,502710.5202569048,1554.3042483506945,61923,39,0.1028624951538319,0.8425205672396684,0.14876901313223911,0.14126554707219136,0.06437497590532867,0.3837216049386989,0.9559074074074075,0.12729774645940767,645383.0732872658,0,False,False,True,"{""0"":null,""1"":null,""2"":null,""3"":null}",1080.0,832454.0,1080.0,591642.0,1080.0,591642.0,916.8300555868773,502710.5202569048,916.8300555868773,0.0,0.0,1554.3042483506724,697412.4932872684,0.10286249515383261,17.96438957765766,4.0,2308.0,0.0,0.0,97.09999999858701,53063.49999950832,0.0,1494.0000000001755,53.9999999992142,29582.09999970977,0.0,0.0,0.0,0.0,0.0,0.0,10.800000000000182,5916.419999999994,540.0,295821.0,0.0,292.0,550.7999999999884,301737.4200000004,0.0,0.0,1554.3042483506724,697412.4932872684
812,2022-03-23,2022,True,22.221917808219178,1080,1080,1292,503627.3503124917,1439.3554479439463,62031,53,0.3352033687967295,0.8331584146190888,0.1452036618675763,0.14125066882788,0.06463312113167718,0.3837216049386989,0.9558055555555556,0.15185484326829174,646271.6287352097,0,False,False,True,"{""0"":null,""1"":null,""2"":null,""3"":null}",1080.0,833534.0,1080.0,592722.0,1080.0,592722.0,916.8300555868773,503627.3503124917,916.8300555868773,0.0,0.0,1439.3554479439044,698851.8487352123,0.33520336879672996,18.29959294645439,4.0,2312.0,0.0,0.0,97.09999999858701,53160.59999950691,0.0,1494.0000000001755,53.9999999992142,29636.099999708986,0.0,0.0,0.0,0.0,0.0,0.0,10.800000000000182,5927.219999999994,540.0,296361.0,0.0,292.0,550.7999999999884,302288.2200000004,0.0,0.0,1439.3554479439044,698851.8487352123
813,2022-03-24,2022,True,22.224657534246575,1080,1080,1292,504544.1803680786,1397.465496739608,62163,56,0.1809609699918,0.8250618503427491,0.16377175863856733,0.1412414433668437,0.06487454442886194,0.3837216049386989,0.9559305555555555,0.1744809115991646,647118.2942319493,0,False,False,True,"{""0"":null,""1"":null,""2"":null,""3"":null}",1080.0,834614.0,1080.0,593802.0,1080.0,593802.0,916.8300555868773,504544.1803680786,916.8300555868773,0.0,0.0,1397.4654967396054,700249.314231952,0.18096096999180133,18.48055391644619,4.0,2316.0,0.0,0.0,97.09999999858701,53257.699999505494,2.400000000001455,1496.400000000177,53.9999999992142,29690.0999997082,0.0,0.0,0.0,0.0,0.0,0.0,10.800000000000182,5938.019999999994,540.0,296901.0,0.0,292.0,550.7999999999884,302839.02000000037,0.0,0.0,1397.4654967396054,700249.314231952
814,2022-03-25,2022,True,22.22739726027397,1080,1080,1292,505461.01042366546,1347.8288630607801,62253,60,0.08616117765042655,0.8129920017560467,0.17855209717164602,0.14131727763353538,0.06511072915551486,0.3837216049386989,0.9555925925925925,0.19530272649110042,647915.32309501,0,False,False,True,"{""0"":null,""1"":null,""2"":null,""3"":null}",1080.0,835694.0,1080.0,594882.0,1080.0,594882.0,916.8300555868773,505461.01042366546,916.8300555868773,0.0,0.0,1347.8288630608004,701597.1430950128,0.0861611776504283,18.56671509409662,4.0,2320.0,0.0,0.0,97.09999999858701,53354.79999950408,3.450000000002092,1499.850000000179,53.9999999992142,29744.099999707414,0.0,0.0,0.0,0.0,0.0,0.0,10.800000000000182,5948.819999999994,540.0,297441.0,0.0,292.0,550.7999999999884,303389.82000000036,0.0,0.0,1347.8288630608004,701597.1430950128
815,2022-03-26,2022,False,22.23013698630137,1081,0,1293,505461.01042366546,0.0,61334,60,0.0,,,0.1412888670930753,0.06472492852947041,0.3836605134244558,0.9564107308048104,0.11990958786807984,647914.32309501,0,False,False,True,"{""0"":null,""1"":null,""2"":null,""3"":null}",1081.0,836775.0,0.0,594882.0,0.0,594882.0,0.0,505461.01042366546,0.0,0.0,0.0,0.0,701597.1430950128,0.0,18.56671509409662,0.0,2320.0,0.0,0.0,0.0,53354.79999950408,0.0,1499.850000000179,0.0,29744.099999707414,0.0,0.0,0.0,0.0,0.0,0.0,0.0,5948.819999999994,0.0,297441.0,1.0,293.0,0.0,303389.82000000036,0.0,0.0,0.0,701597.1430950128
816,2022-03-27,2022,False,22.232876712328768,1081,0,1293,505461.01042366546,0.0,61334,60,0.0,,,0.1412888670930753,0.06472492852947043,0.3836605134244558,0.9564107308048104,0.07210273530028923,647914.32309501,0,False,False,True,"{""0"":null,""1"":null,""2"":null,""3"":null}",1081.0,837856.0,0.0,594882.0,0.0,594882.0,0.0,505461.01042366546,0.0,0.0,0.0,0.0,701597.1430950128,0.0,18.56671509409662,0.0,2320.0,0.0,0.0,0.0,53354.79999950408,0.0,1499.850000000179,0.0,29744.099999707414,0.0,0.0,0.0,0.0,0.0,0.0,0.0,5948.819999999994,0.0,297441.0,0.0,293.0,0.0,303389.82000000036,0.0,0.0,0.0,701597.1430950128
817,2022-03-28,2022,True,22.235616438356164,1078,1078,1293,506376.005016189,1623.2275044073974,62402,23,0.11849898488960899,0.8514940192849803,0.1443712243325953,0.14113602483778154,0.06425994376780912,0.3836711832298613,0.9551205936920222,0.10028966449393867,648987.7705994174,0,False,False,True,"{""0"":null,""1"":null,""2"":null,""3"":null}",1078.0,838934.0,1078.0,595960.0,1078.0,595960.0,914.9945925235515,506376.005016189,914.9945925235515,0.0,0.0,1623.227504407405,703220.3705994202,0.11849898488960875,18.685214078986228,4.0,2324.0,0.0,0.0,96.89999999858992,53451.69999950267,9.000000000005457,1508.8500000001845,53.89999999921565,29797.99999970663,0.0,0.0,0.0,0.0,0.0,0.0,10.779999999999745,5959.599999999994,539.0,297980.0,0.0,293.0,549.7800000000279,303939.6000000004,0.0,0.0,1623.227504407405,703220.3705994202
818,2022-03-29,2022,True,22.23835616438356,1078,1078,1293,507290.99960871256,1539.9781199644199,62463,41,0.053861029404171465,0.8367738936643012,0.15441917723546356,0.14109895246933543,0.06445000913498873,0.3836711832298613,0.9557838589981448,0.12682170085270086,649977.9687193817,0,False,False,True,"{""0"":null,""1"":null,""2"":null,""3"":null}",1078.0,840012.0,1078.0,597038.0,1078.0,597038.0,914.9945925235515,507290.99960871256,914.9945925235515,0.0,0.0,1539.9781199643621,704760.3487193845,0.053861029404171035,18.7390751083904,4.0,2328.0,0.0,0.0,96.89999999858992,53548.59999950126,0.0,1508.8500000001845,53.89999999921565,29851.899999705845,0.0,0.0,0.0,0.0,0.0,0.0,10.779999999999745,5970.379999999994,539.0,298519.0,0.0,293.0,549.7800000000279,304489.3800000004,0.0,0.0,1539.9781199643621,704760.3487193845
819,2022-03-30,2022,True,22.24109589041096,1078,1078,1293,508205.9942012361,1459.7967077561582,62576,63,0.16147592544645714,0.8236761403980086,0.16478116893639558,0.1411639371219049,0.06476136691892663,0.3836711832298613,0.9559322820037105,0.1513254620010032,650887.9854271378,0,False,False,True,"{""0"":null,""1"":null,""2"":null,""3"":null}",1078.0,841090.0,1078.0,598116.0,1078.0,598116.0,914.9945925235515,508205.9942012361,914.9945925235515,0.0,0.0,1459.7967077561188,706220.1454271406,0.16147592544645661,18.900551033836855,4.0,2332.0,0.0,0.0,96.89999999858992,53645.49999949985,0.0,1508.8500000001845,53.89999999921565,29905.79999970506,0.0,0.0,0.0,0.0,0.0,0.0,10.779999999999745,5981.1599999999935,539.0,299058.0,0.0,293.0,549.7800000000279,305039.16000000044,0.0,0.0,1459.7967077561188,706220.1454271406
820,2022-03-31,2022,True,22.243835616438357,1078,1078,1293,509120.98879375966,1405.2885152541971,62708,56,0.0,0.8208063302248276,0.16504402285019093,0.14113764901830358,0.06498550207853306,0.3836711832298613,0.9561595547309834,0.173885137618278,651743.493942392,0,False,False,True,"{""0"":null,""1"":null,""2"":null,""3"":null}",1078.0,842168.0,1078.0,599194.0,1078.0,599194.0,914.9945925235515,509120.98879375966,914.9945925235515,0.0,0.0,1405.2885152541567,707625.4339423948,0.0,18.900551033836855,4.0,2336.0,0.0,0.0,96.89999999858992,53742.39999949844,3.450000000002092,1512.3000000001866,53.89999999921565,29959.699999704277,0.0,0.0,0.0,0.0,0.0,0.0,10.779999999999745,5991.939999999993,539.0,299597.0,0.0,293.0,549.7800000000279,305588.94000000047,0.0,0.0,1405.2885152541567,707625.4339423948
821,2022-04-01,2022,True,22.246575342465754,1080,1080,1295,510037.5688241644,1245.771573076526,62819,45,0.0,0.7990298699116235,0.20338501847993312,0.14114452260186722,0.06397686187331457,0.3836198944232541,0.9560138888888888,0.19452227485338697,652436.4655154684,0,False,False,True,"{""0"":null,""1"":null,""2"":null,""3"":null}",1080.0,843248.0,1080.0,600274.0,1080.0,600274.0,916.5800304047298,510037.5688241644,916.5800304047298,0.0,0.0,1245.7715730764903,708871.2055154713,0.0,18.900551033836855,4.0,2340.0,0.0,0.0,96.99999999858846,53839.39999949703,2.700000000001637,1515.0000000001883,53.9999999992142,30013.69999970349,0.0,0.0,0.0,0.0,0.0,0.0,10.800000000000182,6002.739999999993,540.0,300137.0,2.0,295.0,550.7999999999884,306139.74000000046,0.0,0.0,1245.7715730764903,708871.2055154713
822,2022-04-02,2022,False,22.24931506849315,1080,0,1295,510037.5688241644,0.0,61880,45,0.0,,,0.14113202627624033,0.06419626026526001,0.3836198944232541,0.9569675925925927,0.11926466996217637,652436.4655154684,0,False,False,True,"{""0"":null,""1"":null,""2"":null,""3"":null}",1080.0,844328.0,0.0,600274.0,0.0,600274.0,0.0,510037.5688241644,0.0,0.0,0.0,0.0,708871.2055154713,0.0,18.900551033836855,0.0,2340.0,0.0,0.0,0.0,53839.39999949703,0.0,1515.0000000001883,0.0,30013.69999970349,0.0,0.0,0.0,0.0,0.0,0.0,0.0,6002.739999999993,0.0,300137.0,0.0,295.0,0.0,306139.74000000046,0.0,0.0,0.0,708871.2055154713
823,2022-04-03,2022,False,22.252054794520546,1080,0,1295,510037.5688241644,0.0,61880,45,0.0,,,0.14113202627624033,0.06419626026526001,0.3836198944232541,0.9569675925925927,0.0715408485599631,652436.4655154684,0,False,False,True,"{""0"":null,""1"":null,""2"":null,""3"":null}",1080.0,845408.0,0.0,600274.0,0.0,600274.0,0.0,510037.5688241644,0.0,0.0,0.0,0.0,708871.2055154713,0.0,18.900551033836855,0.0,2340.0,0.0,0.0,0.0,53839.39999949703,0.0,1515.0000000001883,0.0,30013.69999970349,0.0,0.0,0.0,0.0,0.0,0.0,0.0,6002.739999999993,0.0,300137.0,0.0,295.0,0.0,306139.74000000046,0.0,0.0,0.0,708871.2055154713
824,2022-04-04,2022,True,22.254794520547946,1080,1080,1295,510954.1488545691,1463.7871391286515,62946,19,0.0,0.8602207879139641,0.13666445999322085,0.14113202627624033,0.06419626026526004,0.3836198944232541,0.9559305555555555,0.1000614649770977,653349.452654597,0,False,False,True,"{""0"":null,""1"":null,""2"":null,""3"":null}",1080.0,846488.0,1080.0,601354.0,1080.0,601354.0,916.5800304047298,510954.1488545691,916.5800304047298,0.0,0.0,1463.7871391286608,710334.9926546,0.0,18.900551033836855,4.0,2344.0,0.0,0.0,96.99999999858846,53936.39999949562,6.750000000004093,1521.7500000001924,53.9999999992142,30067.699999702705,0.0,0.0,0.0,0.0,0.0,0.0,10.800000000000182,6013.539999999994,540.0,300677.0,0.0,295.0,550.7999999999884,306690.54000000044,0.0,0.0,1463.7871391286608,710334.9926546
825,2022-04-05,2022,True,22.257534246575343,1081,1081,1296,511871.70926879096,1394.4657286496372,63016,31,0.0,0.8223023638272761,0.16549715987671254,0.14126142553472792,0.06387543363497707,0.3835596700067807,0.9559481961147087,0.12658528863119803,654191.6083832466,0,False,False,True,"{""0"":null,""1"":null,""2"":null,""3"":null}",1081.0,847569.0,1081.0,602435.0,1081.0,602435.0,917.5604142218363,511871.70926879096,917.5604142218363,0.0,0.0,1394.4657286496367,711729.4583832496,0.0,18.900551033836855,4.0,2348.0,0.0,0.0,97.09999999858701,54033.499999494205,0.0,1521.7500000001924,54.04999999921347,30121.74999970192,0.0,0.0,0.0,0.0,0.0,0.0,10.8100000000004,6024.349999999994,540.5,301217.5,1.0,296.0,551.3099999999977,307241.85000000044,0.0,0.0,1394.4657286496367,711729.4583832496
826,2022-04-06,2022,True,22.26027397260274,1081,1081,1297,512789.25604374293,1386.2456555669019,63129,47,0.0,0.834241044293722,0.14772747141747047,0.14124381975769973,0.06349967782041603,0.3835596700067807,0.9557493061979648,0.15104895533997134,655025.5440388134,0,False,False,True,"{""0"":null,""1"":null,""2"":null,""3"":null}",1081.0,848650.0,1081.0,603516.0,1081.0,603516.0,917.5467749519739,512789.25604374293,917.5467749519739,0.0,0.0,1386.2456555669196,713115.7040388165,0.0,18.900551033836855,4.0,2352.0,0.0,0.0,97.09999999858701,54130.59999949279,0.0,1521.7500000001924,54.04999999921347,30175.799999701132,0.0,0.0,0.0,0.0,0.0,0.0,10.8100000000004,6035.159999999994,540.5,301758.0,1.0,297.0,551.3099999999977,307793.16000000044,0.0,0.0,1386.2456555669196,713115.7040388165
827,2022-04-07,2022,True,22.263013698630136,1081,1081,1297,513706.8028186949,1262.9160406007338,63255,48,0.15779883838560643,0.8186670477605509,0.17510510548599406,0.14130223267055242,0.06377321840109931,0.3835596700067807,0.9557446808510639,0.17369728376443408,655737.1500794141,0,False,False,True,"{""0"":null,""1"":null,""2"":null,""3"":null}",1081.0,849731.0,1081.0,604597.0,1081.0,604597.0,917.5467749519739,513706.8028186949,917.5467749519739,0.0,0.0,1262.9160406007431,714378.6200794172,0.15779883838560593,19.05834987222246,4.0,2356.0,0.0,0.0,97.09999999858701,54227.69999949138,2.850000000001728,1524.600000000194,54.04999999921347,30229.849999700346,0.0,0.0,0.0,0.0,0.0,0.0,10.8100000000004,6045.969999999995,540.5,302298.5,0.0,297.0,551.3099999999977,308344.47000000044,0.0,0.0,1262.9160406007431,714378.6200794172
828,2022-04-08,2022,True,22.265753424657532,1081,1081,1297,514624.3495936469,1229.0494328042425,63357,57,0.0,0.8028940120824449,0.1917913672405387,0.14125367956545778,0.0640849492228097,0.3835596700067807,0.956059204440333,0.19454113577496443,656414.8895122183,0,False,False,True,"{""0"":null,""1"":null,""2"":null,""3"":null}",1081.0,850812.0,1081.0,605678.0,1081.0,605678.0,917.5467749519739,514624.3495936469,917.5467749519739,0.0,0.0,1229.049432804226,715607.6695122215,0.0,19.05834987222246,4.0,2360.0,0.0,0.0,97.09999999858701,54324.799999489966,1.8000000000010914,1526.4000000001952,54.04999999921347,30283.89999969956,0.0,0.0,0.0,0.0,0.0,0.0,10.8100000000004,6056.779999999995,540.5,302839.0,0.0,297.0,551.3099999999977,308895.78000000044,0.0,0.0,1229.049432804226,715607.6695122215
829,2022-04-09,2022,False,22.268493150684932,1081,0,1297,514624.3495936469,0.0,62430,57,0.0,,,0.14130668138650873,0.06435265460410332,0.3835596700067807,0.9572016651248842,0.1192598789396136,656414.8895122183,0,False,False,True,"{""0"":null,""1"":null,""2"":null,""3"":null}",1081.0,851893.0,0.0,605678.0,0.0,605678.0,0.0,514624.3495936469,0.0,0.0,0.0,0.0,715607.6695122215,0.0,19.05834987222246,0.0,2360.0,0.0,0.0,0.0,54324.799999489966,0.0,1526.4000000001952,0.0,30283.89999969956,0.0,0.0,0.0,0.0,0.0,0.0,0.0,6056.779999999995,0.0,302839.0,0.0,297.0,0.0,308895.78000000044,0.0,0.0,0.0,715607.6695122215
830,2022-04-10,2022,False,22.27123287671233,1081,0,1297,514624.3495936469,0.0,62430,57,0.0,,,0.14130668138650873,0.0643526546041033,0.3835596700067807,0.9572016651248842,0.07151637505608538,656414.8895122183,0,False,False,True,"{""0"":null,""1"":null,""2"":null,""3"":null}",1081.0,852974.0,0.0,605678.0,0.0,605678.0,0.0,514624.3495936469,0.0,0.0,0.0,0.0,715607.6695122215,0.0,19.05834987222246,0.0,2360.0,0.0,0.0,0.0,54324.799999489966,0.0,1526.4000000001952,0.0,30283.89999969956,0.0,0.0,0.0,0.0,0.0,0.0,0.0,6056.779999999995,0.0,302839.0,0.0,297.0,0.0,308895.78000000044,0.0,0.0,0.0,715607.6695122215
831,2022-04-11,2022,True,22.273972602739725,1081,1081,1297,515541.89636859886,1486.683449418339,63525,11,0.0,0.8371933159027101,0.1629666597587622,0.14130668138650873,0.06435265460410332,0.3835596700067807,0.9565124884366327,0.10007773840872866,657350.2629616365,0,False,False,True,"{""0"":null,""1"":null,""2"":null,""3"":null}",1081.0,854055.0,1081.0,606759.0,1081.0,606759.0,917.5467749519739,515541.89636859886,917.5467749519739,0.0,0.0,1486.683449418284,717094.3529616398,0.0,19.05834987222246,4.0,2364.0,0.0,0.0,97.09999999858701,54421.89999948855,8.550000000005184,1534.9500000002004,54.04999999921347,30337.949999698772,0.0,0.0,0.0,0.0,0.0,0.0,10.8100000000004,6067.589999999996,540.5,303379.5,0.0,297.0,551.3099999999977,309447.09000000043,0.0,0.0,1486.683449418284,717094.3529616398
832,2022-04-12,2022,True,22.276712328767122,1081,1081,1297,516459.44314355083,1397.0124920655264,63574,28,0.0,0.8296832438486301,0.15929145753057608,0.14134137830962426,0.06463971456656867,0.3835596700067807,0.9570767807585568,0.12668405858768333,658195.965453702,0,False,False,True,"{""0"":null,""1"":null,""2"":null,""3"":null}",1081.0,855136.0,1081.0,607840.0,1081.0,607840.0,917.5467749519739,516459.44314355083,917.5467749519739,0.0,0.0,1397.0124920655508,718491.3654537053,0.0,19.05834987222246,4.0,2368.0,0.0,0.0,97.09999999858701,54518.99999948714,0.0,1534.9500000002004,54.04999999921347,30391.999999697986,0.0,0.0,0.0,0.0,0.0,0.0,10.8100000000004,6078.399999999996,540.5,303920.0,0.0,297.0,551.3099999999977,309998.40000000043,0.0,0.0,1397.0124920655508,718491.3654537053
833,2022-04-13,2022,True,22.279452054794522,1080,1080,1297,517376.1668668833,1333.1309812186398,63669,44,0.0,0.8250109745390694,0.15820895522388062,0.14130318825763044,0.06505769016879241,0.38333333333333336,0.9568009259259259,0.1513868505279325,658978.2964349206,0,False,False,True,"{""0"":null,""1"":null,""2"":null,""3"":null}",1080.0,856216.0,1080.0,608920.0,1080.0,608920.0,916.7237233324558,517376.1668668833,916.7237233324558,0.0,0.0,1333.1309812186519,719824.496434924,0.0,19.05834987222246,4.0,2372.0,0.0,0.0,96.99999999858846,54615.99999948573,0.0,1534.9500000002004,53.9999999992142,30445.9999996972,0.0,0.0,0.0,0.0,0.0,0.0,10.800000000000182,6089.199999999996,540.0,304460.0,0.0,297.0,550.7999999999884,310549.2000000004,0.0,0.0,1333.1309812186519,719824.496434924
834,2022-04-14,2022,True,22.28219178082192,1081,1081,1298,518293.6180359641,1285.9231290313057,63801,60,0.0,0.8167787443169022,0.17884967048746447,0.14139979887783058,0.06487088047943716,0.38356302704220774,0.9565402405180389,0.17401714019206743,659711.9095639519,0,False,False,True,"{""0"":null,""1"":null,""2"":null,""3"":null}",1081.0,857297.0,1081.0,610001.0,1081.0,610001.0,917.4511690807994,518293.6180359641,917.4511690807994,0.0,0.0,1285.9231290313182,721110.4195639553,0.0,19.05834987222246,4.0,2376.0,0.0,0.0,97.09999999858701,54713.099999484315,1.6500000000010004,1536.6000000002014,54.04999999921347,30500.049999696414,0.0,0.0,0.0,0.0,0.0,0.0,10.8100000000004,6100.009999999997,540.5,305000.5,1.0,298.0,551.3099999999977,311100.5100000004,0.0,0.0,1285.9231290313182,721110.4195639553
835,2022-04-15,2022,True,22.284931506849315,1081,1081,1298,519211.0692050449,1225.8935831928761,63905,59,0.0,0.8111885119830543,0.19875792799538738,0.1413630975516638,0.06509534090393512,0.38356302704220774,0.9565032377428307,0.19488538441431574,660386.4931471447,0,False,False,True,"{""0"":null,""1"":null,""2"":null,""3"":null}",1081.0,858378.0,1081.0,611082.0,1081.0,611082.0,917.4511690807994,519211.0692050449,917.4511690807994,0.0,0.0,1225.8935831928393,722336.3131471481,0.0,19.05834987222246,4.0,2380.0,0.0,0.0,97.09999999858701,54810.1999994829,2.550000000001546,1539.150000000203,54.04999999921347,30554.099999695627,0.0,0.0,0.0,0.0,0.0,0.0,10.8100000000004,6110.819999999997,540.5,305541.0,0.0,298.0,551.3099999999977,311651.8200000004,0.0,0.0,1225.8935831928393,722336.3131471481
836,2022-04-16,2022,False,22.28767123287671,1081,0,1298,519211.0692050449,0.0,62980,59,0.0,,,0.14147732713501499,0.06533219505036478,0.38356302704220774,0.9574560592044403,0.11955342849426553,660386.4931471447,0,False,False,True,"{""0"":null,""1"":null,""2"":null,""3"":null}",1081.0,859459.0,0.0,611082.0,0.0,611082.0,0.0,519211.0692050449,0.0,0.0,0.0,0.0,722336.3131471481,0.0,19.05834987222246,0.0,2380.0,0.0,0.0,0.0,54810.1999994829,0.0,1539.150000000203,0.0,30554.099999695627,0.0,0.0,0.0,0.0,0.0,0.0,0.0,6110.819999999997,0.0,305541.0,0.0,298.0,0.0,311651.8200000004,0.0,0.0,0.0,722336.3131471481
837,2022-04-17,2022,False,22.29041095890411,1081,0,1298,519211.0692050449,0.0,62980,59,0.0,,,0.141477327135015,0.06533219505036476,0.38356302704220774,0.9574560592044403,0.07183145419947418,660386.4931471447,0,False,False,True,"{""0"":null,""1"":null,""2"":null,""3"":null}",1081.0,860540.0,0.0,611082.0,0.0,611082.0,0.0,519211.0692050449,0.0,0.0,0.0,0.0,722336.3131471481,0.0,19.05834987222246,0.0,2380.0,0.0,0.0,0.0,54810.1999994829,0.0,1539.150000000203,0.0,30554.099999695627,0.0,0.0,0.0,0.0,0.0,0.0,0.0,6110.819999999997,0.0,305541.0,0.0,298.0,0.0,311651.8200000004,0.0,0.0,0.0,722336.3131471481
838,2022-04-18,2022,True,22.293150684931508,1081,1081,1298,520128.5203741257,1453.678500227781,64063,25,0.0,0.8242855942243734,0.1681032767399117,0.14147732713501499,0.06533219505036476,0.38356302704220774,0.9565402405180389,0.1003930141268589,661288.8616473724,0,False,False,True,"{""0"":null,""1"":null,""2"":null,""3"":null}",1081.0,861621.0,1081.0,612163.0,1081.0,612163.0,917.4511690807994,520128.5203741257,917.4511690807994,0.0,0.0,1453.6785002277466,723789.9916473759,0.0,19.05834987222246,4.0,2384.0,0.0,0.0,97.09999999858701,54907.29999948149,8.850000000005366,1548.0000000002083,54.04999999921347,30608.14999969484,0.0,0.0,0.0,0.0,0.0,0.0,10.8100000000004,6121.629999999997,540.5,306081.5,0.0,298.0,551.3099999999977,312203.1300000004,0.0,0.0,1453.6785002277466,723789.9916473759
839,2022-04-19,2022,True,22.295890410958904,1081,1081,1298,521045.9715432065,1428.4803194608412,64122,38,0.0,0.8407852425495527,0.1450001919998883,0.14150729988115757,0.06568008807156524,0.38356302704220774,0.9571739130434782,0.12704605875030942,662166.0319668332,0,False,False,True,"{""0"":null,""1"":null,""2"":null,""3"":null}",1081.0,862702.0,1081.0,613244.0,1081.0,613244.0,917.4511690807994,521045.9715432065,917.4511690807994,0.0,0.0,1428.480319460854,725218.4719668367,0.0,19.05834987222246,4.0,2388.0,0.0,0.0,97.09999999858701,55004.399999480076,0.0,1548.0000000002083,54.04999999921347,30662.199999694054,0.0,0.0,0.0,0.0,0.0,0.0,10.8100000000004,6132.439999999998,540.5,306622.0,0.0,298.0,551.3099999999977,312754.4400000004,0.0,0.0,1428.480319460854,725218.4719668367
840,2022-04-20,2022,True,22.2986301369863,1081,1081,1298,521963.4227122873,1317.4571181966573,64221,56,0.0,0.8593727561351345,0.14070198359157318,0.14153386919518904,0.06591435532200302,0.38356302704220774,0.9570397779833487,0.15172633044886957,662932.1790850298,0,False,False,True,"{""0"":null,""1"":null,""2"":null,""3"":null}",1081.0,863783.0,1081.0,614325.0,1081.0,614325.0,917.4511690807994,521963.4227122873,917.4511690807994,0.0,0.0,1317.4571181966458,726535.9290850334,0.0,19.05834987222246,4.0,2392.0,0.0,0.0,97.09999999858701,55101.49999947866,0.0,1548.0000000002083,54.04999999921347,30716.249999693267,0.0,0.0,0.0,0.0,0.0,0.0,10.8100000000004,6143.249999999998,540.5,307162.5,0.0,298.0,551.3099999999977,313305.7500000004,0.0,0.0,1317.4571181966458,726535.9290850334
841,2022-04-21,2022,True,22.301369863013697,1081,1081,1298,522880.8738813681,1292.4401843196538,64356,49,0.0,0.8352222935725919,0.16832904388128356,0.14156057361136254,0.06621568849167334,0.38356302704220774,0.957109158186864,0.17445532187790042,663673.3092693493,0,False,False,True,"{""0"":null,""1"":null,""2"":null,""3"":null}",1081.0,864864.0,1081.0,615406.0,1081.0,615406.0,917.4511690807994,522880.8738813681,917.4511690807994,0.0,0.0,1292.4401843196247,727828.369269353,0.0,19.05834987222246,4.0,2396.0,0.0,0.0,97.09999999858701,55198.59999947725,3.7500000000022737,1551.7500000002105,54.04999999921347,30770.29999969248,0.0,0.0,0.0,0.0,0.0,0.0,10.8100000000004,6154.059999999999,540.5,307703.0,0.0,298.0,551.3099999999977,313857.0600000004,0.0,0.0,1292.4401843196247,727828.369269353
842,2022-04-22,2022,True,22.304109589041097,1081,1081,1298,523798.3250504489,1223.5416821463155,64461,51,0.09387829996702803,0.8066101097127527,0.18710227659503909,0.14153474093872184,0.06637402462638987,0.38356302704220774,0.9572016651248842,0.19538028021985357,664345.5409514956,0,False,False,True,"{""0"":null,""1"":null,""2"":null,""3"":null}",1081.0,865945.0,1081.0,616487.0,1081.0,616487.0,917.4511690807994,523798.3250504489,917.4511690807994,0.0,0.0,1223.5416821463732,729051.9109514994,0.09387829996702735,19.15222817218949,4.0,2400.0,0.0,0.0,97.09999999858701,55295.69999947584,1.9500000000011823,1553.7000000002117,54.04999999921347,30824.349999691694,0.0,0.0,0.0,0.0,0.0,0.0,10.8100000000004,6164.869999999999,540.5,308243.5,0.0,298.0,551.3099999999977,314408.3700000004,0.0,0.0,1223.5416821463732,729051.9109514994
843,2022-04-23,2022,False,22.306849315068494,1080,0,1298,523798.3250504489,0.0,63530,51,0.0,,,0.14151122384460524,0.06734643381182932,0.38362325145868115,0.9585277777777778,0.12005561835849327,664345.5409514956,0,False,False,True,"{""0"":null,""1"":null,""2"":null,""3"":null}",1080.0,867025.0,0.0,616487.0,0.0,616487.0,0.0,523798.3250504489,0.0,0.0,0.0,0.0,729051.9109514994,0.0,19.15222817218949,0.0,2400.0,0.0,0.0,0.0,55295.69999947584,0.0,1553.7000000002117,0.0,30824.349999691694,0.0,0.0,0.0,0.0,0.0,0.0,0.0,6164.869999999999,0.0,308243.5,0.0,298.0,0.0,314408.3700000004,0.0,0.0,0.0,729051.9109514994
844,2022-04-24,2022,False,22.30958904109589,1080,0,1298,523798.3250504489,0.0,63530,51,0.0,,,0.14151122384460527,0.06734643381182931,0.38362325145868115,0.9585277777777778,0.07239618693520637,664345.5409514956,0,False,False,True,"{""0"":null,""1"":null,""2"":null,""3"":null}",1080.0,868105.0,0.0,616487.0,0.0,616487.0,0.0,523798.3250504489,0.0,0.0,0.0,0.0,729051.9109514994,0.0,19.15222817218949,0.0,2400.0,0.0,0.0,0.0,55295.69999947584,0.0,1553.7000000002117,0.0,30824.349999691694,0.0,0.0,0.0,0.0,0.0,0.0,0.0,6164.869999999999,0.0,308243.5,0.0,298.0,0.0,314408.3700000004,0.0,0.0,0.0,729051.9109514994
845,2022-04-25,2022,True,22.312328767123287,1080,1080,1299,524714.7884884229,1450.0374791910824,64607,19,0.0,0.8258528683777899,0.15758990457274893,0.1413340323595607,0.06650802522354056,0.3836198944232541,0.9574907407407407,0.1009955983071832,665243.7784306867,0,False,False,True,"{""0"":null,""1"":null,""2"":null,""3"":null}",1080.0,869185.0,1080.0,617567.0,1080.0,617567.0,916.4634379739873,524714.7884884229,916.4634379739873,0.0,0.0,1450.0374791910872,730501.9484306904,0.0,19.15222817218949,4.0,2404.0,0.0,0.0,96.99999999858846,55392.699999474426,7.650000000004638,1561.3500000002164,53.9999999992142,30878.34999969091,0.0,0.0,0.0,0.0,0.0,0.0,10.800000000000182,6175.669999999999,540.0,308783.5,1.0,299.0,550.7999999999884,314959.1700000004,0.0,0.0,1450.0374791910872,730501.9484306904
846,2022-04-26,2022,True,22.315068493150683,1080,1080,1299,525631.2519263949,1418.5690312014196,64666,36,0.0,0.8480084977165993,0.1403123865040663,0.14137300215422316,0.06682511822907589,0.3836198944232541,0.9578981481481481,0.12763383636354095,666111.547461888,0,False,False,True,"{""0"":null,""1"":null,""2"":null,""3"":null}",1080.0,870265.0,1080.0,618647.0,1080.0,618647.0,916.4634379720083,525631.2519263949,916.4634379720083,0.0,0.0,1418.5690312014194,731920.5174618919,0.0,19.15222817218949,4.0,2408.0,0.0,0.0,96.99999999858846,55489.699999473014,0.0,1561.3500000002164,53.9999999992142,30932.349999690123,0.0,0.0,0.0,0.0,0.0,0.0,10.800000000000182,6186.469999999999,540.0,309323.5,0.0,299.0,550.7999999999884,315509.9700000004,0.0,0.0,1418.5690312014194,731920.5174618919
847,2022-04-27,2022,True,22.317808219178083,1080,1080,1300,526547.5907455911,1328.919104459804,64775,56,0.0,0.8138499218557873,0.1772893860225455,0.14147045782837958,0.06648906242412206,0.3836198944232541,0.9574999999999999,0.1521358267494868,666888.6665663478,0,False,False,True,"{""0"":null,""1"":null,""2"":null,""3"":null}",1080.0,871345.0,1080.0,619727.0,1080.0,619727.0,916.3388191962149,526547.5907455911,916.3388191962149,0.0,0.0,1328.919104459812,733249.4365663517,0.0,19.15222817218949,4.0,2412.0,0.0,0.0,96.99999999858846,55586.6999994716,0.0,1561.3500000002164,53.9999999992142,30986.349999689337,0.0,0.0,0.0,0.0,0.0,0.0,10.800000000000182,6197.2699999999995,540.0,309863.5,1.0,300.0,550.7999999999884,316060.77000000037,0.0,0.0,1328.919104459812,733249.4365663517
848,2022-04-28,2022,True,22.32054794520548,1080,1080,1300,527463.9295647873,1287.2205567316043,64899,57,0.12643258145374814,0.8118849308060081,0.1883929809747375,0.14150047074027644,0.06672837132658835,0.3836198944232541,0.9572870370370369,0.17477526171167454,667625.0871230793,0,False,False,True,"{""0"":null,""1"":null,""2"":null,""3"":null}",1080.0,872425.0,1080.0,620807.0,1080.0,620807.0,916.3388191962149,527463.9295647873,916.3388191962149,0.0,0.0,1287.2205567315686,734536.6571230832,0.12643258145374858,19.278660753643237,4.0,2416.0,0.0,0.0,96.99999999858846,55683.69999947019,2.850000000001728,1564.200000000218,53.9999999992142,31040.34999968855,0.0,0.0,0.0,0.0,0.0,0.0,10.800000000000182,6208.07,540.0,310403.5,0.0,300.0,550.7999999999884,316611.57000000036,0.0,0.0,1287.2205567315686,734536.6571230832
849,2022-04-29,2022,True,22.323287671232876,1080,1080,1300,528380.2683839835,1230.280962486113,65005,58,0.0,0.8111642504197717,0.19061799048102257,0.14157030374756488,0.06699550373502795,0.3836198944232541,0.9573657407407407,0.19562405364538915,668304.5680855655,0,False,False,True,"{""0"":null,""1"":null,""2"":null,""3"":null}",1080.0,873505.0,1080.0,621887.0,1080.0,621887.0,916.3388191962149,528380.2683839835,916.3388191962149,0.0,0.0,1230.2809624861693,735766.9380855694,0.0,19.278660753643237,4.0,2420.0,0.0,0.0,96.99999999858846,55780.69999946878,2.550000000001546,1566.7500000002196,53.9999999992142,31094.349999687765,0.0,0.0,0.0,0.0,0.0,0.0,10.800000000000182,6218.87,540.0,310943.5,0.0,300.0,550.7999999999884,317162.37000000034,0.0,0.0,1230.2809624861693,735766.9380855694
850,2022-04-30,2022,False,22.326027397260273,1081,0,1302,528380.2683839835,0.0,64080,58,0.0,,,0.14151396287896145,0.06567531670381893,0.3835596700067807,0.9578492136910268,0.11993710160300003,668302.5680855655,0,False,False,True,"{""0"":null,""1"":null,""2"":null,""3"":null}",1081.0,874586.0,0.0,621887.0,0.0,621887.0,0.0,528380.2683839835,0.0,0.0,0.0,0.0,735766.9380855694,0.0,19.278660753643237,0.0,2420.0,0.0,0.0,0.0,55780.69999946878,0.0,1566.7500000002196,0.0,31094.349999687765,0.0,0.0,0.0,0.0,0.0,0.0,0.0,6218.87,0.0,310943.5,2.0,302.0,0.0,317162.37000000034,0.0,0.0,0.0,735766.9380855694
851,2022-05-01,2022,False,22.328767123287673,1081,0,1302,528380.2683839835,0.0,64080,58,0.0,,,0.14151396287896145,0.06567531670381892,0.3835596700067807,0.9578492136910268,0.07247712444029525,668302.5680855655,0,False,False,True,"{""0"":null,""1"":null,""2"":null,""3"":null}",1081.0,875667.0,0.0,621887.0,0.0,621887.0,0.0,528380.2683839835,0.0,0.0,0.0,0.0,735766.9380855694,0.0,19.278660753643237,0.0,2420.0,0.0,0.0,0.0,55780.69999946878,0.0,1566.7500000002196,0.0,31094.349999687765,0.0,0.0,0.0,0.0,0.0,0.0,0.0,6218.87,0.0,310943.5,0.0,302.0,0.0,317162.37000000034,0.0,0.0,0.0,735766.9380855694
852,2022-05-02,2022,True,22.33150684931507,1080,1080,1302,529296.3788069638,1465.2593909129068,65163,23,0.0,0.8693474167876364,0.12465615143164187,0.14147285594146525,0.06563783492492696,0.3836207615210238,0.9569675925925927,0.10085405831700753,669217.0274764784,0,False,False,True,"{""0"":null,""1"":null,""2"":null,""3"":null}",1080.0,876747.0,1080.0,622967.0,1080.0,622967.0,916.1104229802731,529296.3788069638,916.1104229802731,0.0,0.0,1465.25939091295,737232.1974764824,0.0,19.278660753643237,4.0,2424.0,0.0,0.0,96.99999999858846,55877.69999946737,8.700000000005275,1575.450000000225,53.9999999992142,31148.34999968698,0.0,0.0,0.0,0.0,0.0,0.0,10.800000000000182,6229.67,540.0,311483.5,0.0,302.0,550.7999999999884,317713.17000000033,0.0,0.0,1465.25939091295,737232.1974764824
853,2022-05-03,2022,True,22.334246575342465,1082,1082,1304,530214.2983097705,1408.4665580208034,65220,38,0.0,0.8446492315587174,0.14290075681877853,0.14176032627338267,0.06519943603426373,0.38407679190334554,0.9570332717190388,0.1273791692940088,670071.6740344992,0,False,False,True,"{""0"":null,""1"":null,""2"":null,""3"":null}",1082.0,877829.0,1082.0,624049.0,1082.0,624049.0,917.9195028067334,530214.2983097705,917.9195028067334,0.0,0.0,1408.4665580207948,738640.6640345032,0.0,19.278660753643237,4.0,2428.0,0.0,0.0,97.19999999858555,55974.89999946595,0.0,1575.450000000225,54.09999999921274,31202.449999686192,0.0,0.0,0.0,0.0,0.0,0.0,10.819999999999709,6240.49,541.0,312024.5,2.0,304.0,551.820000000007,318264.99000000034,0.0,0.0,1408.4665580207948,738640.6640345032
854,2022-05-04,2022,True,22.336986301369862,1082,1082,1304,531132.2178125773,1360.7647541273243,65322,58,0.012629169024071192,0.8189467759034611,0.18433895818067192,0.14171689695950246,0.06541930485413604,0.38407679190334554,0.9568438077634012,0.15185997507650734,670880.6187886266,0,False,False,True,"{""0"":null,""1"":null,""2"":null,""3"":null}",1082.0,878911.0,1082.0,625131.0,1082.0,625131.0,917.9195028067334,531132.2178125773,917.9195028067334,0.0,0.0,1360.7647541273618,740001.4287886305,0.012629169024069853,19.291289922667307,4.0,2432.0,0.0,0.0,97.19999999858555,56072.09999946454,0.0,1575.450000000225,54.09999999921274,31256.549999685405,0.0,0.0,0.0,0.0,0.0,0.0,10.819999999999709,6251.3099999999995,541.0,312565.5,0.0,304.0,551.820000000007,318816.81000000035,0.0,0.0,1360.7647541273618,740001.4287886305
855,2022-05-05,2022,True,22.339726027397262,1082,1082,1304,532050.137315384,1269.0819623478492,65464,50,0.0,0.8234165935703048,0.1768289455945212,0.14173843270215208,0.06570342147176876,0.38407679190334554,0.9570841035120148,0.1744710606391937,671597.8807509745,0,False,False,True,"{""0"":null,""1"":null,""2"":null,""3"":null}",1082.0,879993.0,1082.0,626213.0,1082.0,626213.0,917.9195028067334,532050.137315384,917.9195028067334,0.0,0.0,1269.0819623478455,741270.5107509784,0.0,19.291289922667307,4.0,2436.0,0.0,0.0,97.19999999858555,56169.299999463125,3.450000000002092,1578.900000000227,54.09999999921274,31310.649999684618,0.0,0.0,0.0,0.0,0.0,0.0,10.819999999999709,6262.129999999999,541.0,313106.5,0.0,304.0,551.820000000007,319368.63000000035,0.0,0.0,1269.0819623478455,741270.5107509784
856,2022-05-06,2022,True,22.34246575342466,1081,1081,1304,532967.153330816,1210.426254297949,65558,50,0.0,0.8046177528614592,0.19706282364089037,0.1414283520604204,0.065537562694382,0.3838504552298982,0.9572294172062905,0.19519791672963324,672256.9970052724,0,False,False,True,"{""0"":null,""1"":null,""2"":null,""3"":null}",1081.0,881074.0,1081.0,627294.0,1081.0,627294.0,917.0160154319601,532967.153330816,917.0160154319601,0.0,0.0,1210.426254297956,742480.9370052763,0.0,19.291289922667307,4.0,2440.0,0.0,0.0,97.09999999858701,56266.39999946171,2.2500000000013642,1581.1500000002284,54.04999999921347,31364.69999968383,0.0,0.0,0.0,0.0,0.0,0.0,10.8100000000004,6272.94,540.5,313647.0,0.0,304.0,551.3099999999977,319919.94000000035,0.0,0.0,1210.426254297956,742480.9370052763
857,2022-05-07,2022,False,22.345205479452055,1082,0,1305,532967.153330816,0.0,64630,50,0.0,,,0.14143715389442063,0.06509080269214282,0.3837893637156551,0.9579297597042514,0.11992106494977572,672255.9970052724,0,False,False,True,"{""0"":null,""1"":null,""2"":null,""3"":null}",1082.0,882156.0,0.0,627294.0,0.0,627294.0,0.0,532967.153330816,0.0,0.0,0.0,0.0,742480.9370052763,0.0,19.291289922667307,0.0,2440.0,0.0,0.0,0.0,56266.39999946171,0.0,1581.1500000002284,0.0,31364.69999968383,0.0,0.0,0.0,0.0,0.0,0.0,0.0,6272.94,0.0,313647.0,1.0,305.0,0.0,319919.94000000035,0.0,0.0,0.0,742480.9370052763
858,2022-05-08,2022,False,22.34794520547945,1083,0,1306,532967.153330816,0.0,64630,50,0.0,,,0.14155065201020356,0.06468170238242574,0.38401905742452946,0.9576915974145892,0.07252754980854698,672254.9970052724,0,False,False,True,"{""0"":null,""1"":null,""2"":null,""3"":null}",1083.0,883239.0,0.0,627294.0,0.0,627294.0,0.0,532967.153330816,0.0,0.0,0.0,0.0,742480.9370052763,0.0,19.291289922667307,0.0,2440.0,0.0,0.0,0.0,56266.39999946171,0.0,1581.1500000002284,0.0,31364.69999968383,0.0,0.0,0.0,0.0,0.0,0.0,0.0,6272.94,0.0,313647.0,1.0,306.0,0.0,319919.94000000035,0.0,0.0,0.0,742480.9370052763
859,2022-05-09,2022,True,22.350684931506848,1082,1082,1306,533885.135782454,1491.2540550780045,65714,17,0.06664208702194263,0.8594058254952137,0.13066124305646634,0.14124001429383365,0.06425517087780883,0.3837893637156551,0.956931608133087,0.10106409418014146,673194.4310603505,0,False,False,True,"{""0"":null,""1"":null,""2"":null,""3"":null}",1082.0,884321.0,1082.0,628376.0,1082.0,628376.0,917.9824516380904,533885.135782454,917.9824516380904,0.0,0.0,1491.254055078025,743972.1910603544,0.0666420870219433,19.35793200968925,4.0,2444.0,0.0,0.0,97.19999999858555,56363.5999994603,7.5000000000045475,1588.650000000233,54.09999999921274,31418.799999683044,0.0,0.0,0.0,0.0,0.0,0.0,10.819999999999709,6283.759999999999,541.0,314188.0,0.0,306.0,551.820000000007,320471.76000000036,0.0,0.0,1491.254055078025,743972.1910603544
860,2022-05-10,2022,True,22.353424657534248,1082,1082,1306,534803.1182340921,1414.7656505165728,65752,40,0.08065953213006952,0.8382033582717207,0.16504135570775225,0.1412586878027321,0.06452017261761112,0.3837893637156551,0.9570979667282808,0.12758039110545094,674057.3767108672,0,False,False,True,"{""0"":null,""1"":null,""2"":null,""3"":null}",1082.0,885403.0,1082.0,629458.0,1082.0,629458.0,917.9824516380904,534803.1182340921,917.9824516380904,0.0,0.0,1414.7656505166087,745386.956710871,0.08065953213007049,19.43859154181932,4.0,2448.0,0.0,0.0,97.19999999858555,56460.79999945888,0.0,1588.650000000233,54.09999999921274,31472.899999682257,0.0,0.0,0.0,0.0,0.0,0.0,10.819999999999709,6294.579999999999,541.0,314729.0,0.0,306.0,551.820000000007,321023.58000000037,0.0,0.0,1414.7656505166087,745386.956710871
861,2022-05-11,2022,True,22.356164383561644,1082,1082,1306,535721.1006857302,1329.1511582953376,65874,69,0.0,0.81689235277165,0.1732801891014097,0.14129310286386104,0.06480252484680632,0.3837893637156551,0.9568207024029575,0.1521227218338945,674834.7078691626,0,False,False,True,"{""0"":null,""1"":null,""2"":null,""3"":null}",1082.0,886485.0,1082.0,630540.0,1082.0,630540.0,917.9824516380904,535721.1006857302,917.9824516380904,0.0,0.0,1329.151158295339,746716.1078691663,0.0,19.43859154181932,4.0,2452.0,0.0,0.0,97.19999999858555,56557.99999945747,0.0,1588.650000000233,54.09999999921274,31526.99999968147,0.0,0.0,0.0,0.0,0.0,0.0,10.819999999999709,6305.399999999999,541.0,315270.0,0.0,306.0,551.820000000007,321575.4000000004,0.0,0.0,1329.151158295339,746716.1078691663
862,2022-05-12,2022,True,22.35890410958904,1084,1084,1308,536640.7829500696,1281.7825082746879,65997,78,0.0,0.8201421569220829,0.17441385961226158,0.14089222527581924,0.06350327293646117,0.38343345535669227,0.9563099630996311,0.17465560394694793,675561.6503774372,0,False,False,True,"{""0"":null,""1"":null,""2"":null,""3"":null}",1084.0,887569.0,1084.0,631624.0,1084.0,631624.0,919.6822643394116,536640.7829500696,919.6822643394116,0.0,0.0,1281.7825082746567,747997.890377441,0.0,19.43859154181932,4.0,2456.0,0.0,0.0,97.39999999858264,56655.39999945605,2.550000000001546,1591.2000000002345,54.199999999211286,31581.19999968068,0.0,0.0,0.0,0.0,0.0,0.0,10.840000000000146,6316.239999999999,542.0,315812.0,2.0,308.0,552.8400000000256,322128.2400000004,0.0,0.0,1281.7825082746567,747997.890377441
863,2022-05-13,2022,True,22.361643835616437,1085,1085,1309,537561.2483075553,1223.2679189005376,66106,80,0.0,0.8146281854313495,0.1948608837526051,0.14102555335271708,0.06331822043839998,0.38366314906556664,0.9559677419354838,0.1954132343913418,676230.5682963378,0,False,False,True,"{""0"":null,""1"":null,""2"":null,""3"":null}",1085.0,888654.0,1085.0,632709.0,1085.0,632709.0,920.465357485693,537561.2483075553,920.465357485693,0.0,0.0,1223.2679189005867,749221.1582963415,0.0,19.43859154181932,4.0,2460.0,0.0,0.0,97.49999999858119,56752.89999945463,3.450000000002092,1594.6500000002366,54.24999999921056,31635.44999967989,0.0,0.0,0.0,0.0,0.0,0.0,10.850000000000364,6327.089999999999,542.5,316354.5,1.0,309.0,553.3499999999767,322681.5900000004,0.0,0.0,1223.2679189005867,749221.1582963415
864,2022-05-14,2022,False,22.364383561643834,1085,0,1309,537561.2483075553,0.0,65180,80,0.0,,,0.14104627755859583,0.06342763186898594,0.38366314906556664,0.9570276497695852,0.1202167458238857,676230.5682963378,0,False,False,True,"{""0"":null,""1"":null,""2"":null,""3"":null}",1085.0,889739.0,0.0,632709.0,0.0,632709.0,0.0,537561.2483075553,0.0,0.0,0.0,0.0,749221.1582963415,0.0,19.43859154181932,0.0,2460.0,0.0,0.0,0.0,56752.89999945463,0.0,1594.6500000002366,0.0,31635.44999967989,0.0,0.0,0.0,0.0,0.0,0.0,0.0,6327.089999999999,0.0,316354.5,0.0,309.0,0.0,322681.5900000004,0.0,0.0,0.0,749221.1582963415
865,2022-05-15,2022,False,22.367123287671234,1085,0,1309,537561.2483075553,0.0,65180,80,0.0,,,0.14104627755859583,0.06342763186898592,0.38366314906556664,0.9570276497695852,0.07290018785530182,676230.5682963378,0,False,False,True,"{""0"":null,""1"":null,""2"":null,""3"":null}",1085.0,890824.0,0.0,632709.0,0.0,632709.0,0.0,537561.2483075553,0.0,0.0,0.0,0.0,749221.1582963415,0.0,19.43859154181932,0.0,2460.0,0.0,0.0,0.0,56752.89999945463,0.0,1594.6500000002366,0.0,31635.44999967989,0.0,0.0,0.0,0.0,0.0,0.0,0.0,6327.089999999999,0.0,316354.5,0.0,309.0,0.0,322681.5900000004,0.0,0.0,0.0,749221.1582963415
866,2022-05-16,2022,True,22.36986301369863,1085,1085,1309,538481.713665041,1497.303110270086,66299,13,0.0,0.846001459191901,0.1480730954886522,0.14104627755859583,0.06342763186898594,0.38366314906556664,0.9562764976958524,0.10130928119272413,677174.5214066079,0,False,False,True,"{""0"":null,""1"":null,""2"":null,""3"":null}",1085.0,891909.0,1085.0,633794.0,1085.0,633794.0,920.465357485693,538481.713665041,920.465357485693,0.0,0.0,1497.3031102700625,750718.4614066116,0.0,19.43859154181932,4.0,2464.0,0.0,0.0,97.49999999858119,56850.39999945321,12.000000000007276,1606.6500000002438,54.24999999921056,31689.699999679102,0.0,0.0,0.0,0.0,0.0,0.0,10.850000000000364,6337.94,542.5,316897.0,0.0,309.0,553.3499999999767,323234.94000000035,0.0,0.0,1497.3031102700625,750718.4614066116
867,2022-05-17,2022,True,22.372602739726027,1085,1085,1309,539402.1790225267,1405.8064267195084,66308,45,0.0,0.8321831192060998,0.16627693576409164,0.1410890826889657,0.06377597920216974,0.38366314906556664,0.956778801843318,0.12781166201941985,678026.9778333275,0,False,False,True,"{""0"":null,""1"":null,""2"":null,""3"":null}",1085.0,892994.0,1085.0,634879.0,1085.0,634879.0,920.465357485693,539402.1790225267,920.465357485693,0.0,0.0,1405.8064267195296,752124.2678333311,0.0,19.43859154181932,4.0,2468.0,0.0,0.0,97.49999999858119,56947.899999451794,0.0,1606.6500000002438,54.24999999921056,31743.949999678312,0.0,0.0,0.0,0.0,0.0,0.0,10.850000000000364,6348.79,542.5,317439.5,0.0,309.0,553.3499999999767,323788.2900000003,0.0,0.0,1405.8064267195296,752124.2678333311
868,2022-05-18,2022,True,22.375342465753423,1085,1085,1309,540322.6443800124,1343.9826786408487,66429,58,0.0,0.8247421673590187,0.16950510934986696,0.14110297144409562,0.06397998029969917,0.38366314906556664,0.9568847926267281,0.15232835729071847,678817.6105119684,0,False,False,True,"{""0"":null,""1"":null,""2"":null,""3"":null}",1085.0,894079.0,1085.0,635964.0,1085.0,635964.0,920.465357485693,540322.6443800124,920.465357485693,0.0,0.0,1343.9826786408667,753468.250511972,0.0,19.43859154181932,4.0,2472.0,0.0,0.0,97.49999999858119,57045.399999450376,0.0,1606.6500000002438,54.24999999921056,31798.199999677523,0.0,0.0,0.0,0.0,0.0,0.0,10.850000000000364,6359.64,542.5,317982.0,0.0,309.0,553.3499999999767,324341.6400000003,0.0,0.0,1343.9826786408667,753468.250511972
869,2022-05-19,2022,True,22.378082191780823,1086,1086,1310,541243.970667325,1289.8867481591044,66555,64,0.0778773144098177,0.8100667597215133,0.18980217170953673,0.14109533525197293,0.0636312873758921,0.38367295177320254,0.9569198895027624,0.1749431444009226,679552.6372601275,0,False,False,True,"{""0"":null,""1"":null,""2"":null,""3"":null}",1086.0,895165.0,1086.0,637050.0,1086.0,637050.0,921.3262873125495,541243.970667325,921.3262873125495,0.0,0.0,1289.8867481590714,754758.1372601311,0.07787731440981815,19.51646885622914,4.0,2476.0,0.0,0.0,97.49999999858119,57142.89999944896,1.9500000000011823,1608.600000000245,54.29999999920983,31852.499999676733,0.0,0.0,0.0,0.0,0.0,0.0,10.859999999999673,6370.5,543.0,318525.0,1.0,310.0,553.859999999986,324895.5000000003,0.0,0.0,1289.8867481590714,754758.1372601311
870,2022-05-20,2022,True,22.38082191780822,1085,1085,1310,542164.4542609632,1208.918561296376,66681,53,0.007587594944892186,0.8100032261413976,0.17824078473341962,0.14135348913980808,0.06407790022555289,0.38373317618967595,0.9570645161290322,0.19568279828674007,680208.2058214239,0,False,False,True,"{""0"":null,""1"":null,""2"":null,""3"":null}",1085.0,896250.0,1085.0,638135.0,1085.0,638135.0,920.4835936382879,542164.4542609632,920.4835936382879,0.0,0.0,1208.918561296421,755967.0558214275,0.0075875949448906965,19.52405645117403,4.0,2480.0,0.0,0.0,97.39999999858264,57240.29999944754,4.80000000000291,1613.400000000248,54.24999999921056,31906.749999675943,0.0,0.0,0.0,0.0,0.0,0.0,10.850000000000364,6381.35,542.5,319067.5,0.0,310.0,553.3499999999767,325448.85000000027,0.0,0.0,1208.918561296421,755967.0558214275
871,2022-05-21,2022,False,22.383561643835616,1085,0,1310,542164.4542609632,0.0,65732,53,0.0,,,0.141377864192747,0.06435326585976853,0.38373317618967595,0.9580921658986175,0.12059837930591044,680208.2058214239,0,False,False,True,"{""0"":null,""1"":null,""2"":null,""3"":null}",1085.0,897335.0,0.0,638135.0,0.0,638135.0,0.0,542164.4542609632,0.0,0.0,0.0,0.0,755967.0558214275,0.0,19.52405645117403,0.0,2480.0,0.0,0.0,0.0,57240.29999944754,0.0,1613.400000000248,0.0,31906.749999675943,0.0,0.0,0.0,0.0,0.0,0.0,0.0,6381.35,0.0,319067.5,0.0,310.0,0.0,325448.85000000027,0.0,0.0,0.0,755967.0558214275
872,2022-05-22,2022,False,22.386301369863013,1085,0,1310,542164.4542609632,0.0,65732,53,0.0,,,0.141377864192747,0.06435326585976851,0.38373317618967595,0.9580921658986175,0.07322491488431616,680208.2058214239,0,False,False,True,"{""0"":null,""1"":null,""2"":null,""3"":null}",1085.0,898420.0,0.0,638135.0,0.0,638135.0,0.0,542164.4542609632,0.0,0.0,0.0,0.0,755967.0558214275,0.0,19.52405645117403,0.0,2480.0,0.0,0.0,0.0,57240.29999944754,0.0,1613.400000000248,0.0,31906.749999675943,0.0,0.0,0.0,0.0,0.0,0.0,0.0,6381.35,0.0,319067.5,0.0,310.0,0.0,325448.85000000027,0.0,0.0,0.0,755967.0558214275
873,2022-05-23,2022,True,22.389041095890413,1086,1086,1311,543085.6679690264,1503.0539035964532,66810,19,0.0,0.8516055959012525,0.1393686012832335,0.14133974160955912,0.06366629996118459,0.38367295177320254,0.9568232044198894,0.10167038354622274,681156.3997250204,0,False,False,True,"{""0"":null,""1"":null,""2"":null,""3"":null}",1086.0,899506.0,1086.0,639221.0,1086.0,639221.0,921.2137080631219,543085.6679690264,921.2137080631219,0.0,0.0,1503.0539035964757,757470.109725024,0.0,19.52405645117403,4.0,2484.0,0.0,0.0,97.49999999858119,57337.79999944612,7.95000000000482,1621.3500000002527,54.29999999920983,31961.049999675153,0.0,0.0,0.0,0.0,0.0,0.0,10.859999999999673,6392.21,543.0,319610.5,1.0,311.0,553.859999999986,326002.71000000025,0.0,0.0,1503.0539035964757,757470.109725024
874,2022-05-24,2022,True,22.39178082191781,1086,1086,1311,544006.8816770895,1415.707760701164,66878,38,0.0,0.8305330559272762,0.16166018934885742,0.1413951189279392,0.06391916359036974,0.38367295177320254,0.9571500920810312,0.12806523445302537,682018.2474857216,0,False,False,True,"{""0"":null,""1"":null,""2"":null,""3"":null}",1086.0,900592.0,1086.0,640307.0,1086.0,640307.0,921.2137080631219,544006.8816770895,921.2137080631219,0.0,0.0,1415.7077607011888,758885.8174857252,0.0,19.52405645117403,4.0,2488.0,0.0,0.0,97.49999999858119,57435.2999994447,0.0,1621.3500000002527,54.29999999920983,32015.349999674363,0.0,0.0,0.0,0.0,0.0,0.0,10.859999999999673,6403.07,543.0,320153.5,0.0,311.0,553.859999999986,326556.57000000024,0.0,0.0,1415.7077607011888,758885.8174857252
875,2022-05-25,2022,True,22.394520547945206,1086,1086,1311,544928.0953851526,1365.2721431303978,66989,57,0.09585477654070633,0.8414507573776869,0.14334986088369384,0.14134876166213578,0.06407747061887986,0.38367295177320254,0.9572882136279927,0.15255682297133794,682829.659628852,0,False,False,True,"{""0"":null,""1"":null,""2"":null,""3"":null}",1086.0,901678.0,1086.0,641393.0,1086.0,641393.0,921.2137080631219,544928.0953851526,921.2137080631219,0.0,0.0,1365.2721431304235,760251.0896288556,0.09585477654070473,19.619911227714734,4.0,2492.0,0.0,0.0,97.49999999858119,57532.79999944328,0.0,1621.3500000002527,54.29999999920983,32069.649999673573,0.0,0.0,0.0,0.0,0.0,0.0,10.859999999999673,6413.929999999999,543.0,320696.5,0.0,311.0,553.859999999986,327110.4300000002,0.0,0.0,1365.2721431304235,760251.0896288556
876,2022-05-26,2022,True,22.397260273972602,1086,1086,1311,545849.3090932157,1279.238978259989,67130,47,0.0,0.8185162396829104,0.18165676863335556,0.1414023928186947,0.06435681207402366,0.38367295177320254,0.9577854511970534,0.17510123539730577,683555.038607112,0,False,False,True,"{""0"":null,""1"":null,""2"":null,""3"":null}",1086.0,902764.0,1086.0,642479.0,1086.0,642479.0,921.2137080631219,545849.3090932157,921.2137080631219,0.0,0.0,1279.238978259964,761530.3286071155,0.0,19.619911227714734,4.0,2496.0,0.0,0.0,97.49999999858119,57630.299999441864,2.850000000001728,1624.2000000002545,54.29999999920983,32123.949999672783,0.0,0.0,0.0,0.0,0.0,0.0,10.859999999999673,6424.789999999999,543.0,321239.5,0.0,311.0,553.859999999986,327664.2900000002,0.0,0.0,1279.238978259964,761530.3286071155
877,2022-05-27,2022,True,22.4,1085,1085,1311,546769.7558713135,1211.1616472634455,67219,43,0.0,0.8137730965683575,0.18326631902934354,0.14170427318252093,0.06483450174933697,0.3838495881321285,0.9576221198156681,0.19602109074906254,684212.8502543755,0,False,False,True,"{""0"":null,""1"":null,""2"":null,""3"":null}",1085.0,903849.0,1085.0,643564.0,1085.0,643564.0,920.446778097772,546769.7558713135,920.446778097772,0.0,0.0,1211.1616472634487,762741.490254379,0.0,19.619911227714734,4.0,2500.0,0.0,0.0,97.39999999858264,57727.69999944045,2.850000000001728,1627.0500000002562,54.24999999921056,32178.199999671993,0.0,0.0,0.0,0.0,0.0,0.0,10.850000000000364,6435.639999999999,542.5,321782.0,0.0,311.0,553.3499999999767,328217.6400000002,0.0,0.0,1211.1616472634487,762741.490254379
878,2022-05-28,2022,False,22.4027397260274,1085,0,1311,546769.7558713135,0.0,66287,43,0.0,,,0.1417418459734621,0.0650495522151003,0.3838495881321285,0.9583963133640552,0.12092497875456153,684212.8502543755,0,False,False,True,"{""0"":null,""1"":null,""2"":null,""3"":null}",1085.0,904934.0,0.0,643564.0,0.0,643564.0,0.0,546769.7558713135,0.0,0.0,0.0,0.0,762741.490254379,0.0,19.619911227714734,0.0,2500.0,0.0,0.0,0.0,57727.69999944045,0.0,1627.0500000002562,0.0,32178.199999671993,0.0,0.0,0.0,0.0,0.0,0.0,0.0,6435.639999999999,0.0,321782.0,0.0,311.0,0.0,328217.6400000002,0.0,0.0,0.0,762741.490254379
879,2022-05-29,2022,False,22.405479452054795,1084,0,1311,546769.7558713135,0.0,66287,43,0.0,,,0.14184461338652232,0.06520825935180623,0.3838397854244926,0.9583579335793357,0.07356959483885778,684212.8502543755,0,False,False,True,"{""0"":null,""1"":null,""2"":null,""3"":null}",1084.0,906018.0,0.0,643564.0,0.0,643564.0,0.0,546769.7558713135,0.0,0.0,0.0,0.0,762741.490254379,0.0,19.619911227714734,0.0,2500.0,0.0,0.0,0.0,57727.69999944045,0.0,1627.0500000002562,0.0,32178.199999671993,0.0,0.0,0.0,0.0,0.0,0.0,0.0,6435.639999999999,0.0,321782.0,0.0,311.0,0.0,328217.6400000002,0.0,0.0,0.0,762741.490254379
880,2022-05-30,2022,True,22.40821917808219,1085,1085,1312,547690.4109557609,1476.7129527359039,67360,20,0.3985671865960847,0.844172587380883,0.13775819185089985,0.14180702050052238,0.06457495373921356,0.3838495881321285,0.9572718894009218,0.10191365833018039,685135.2132071115,0,False,False,True,"{""0"":null,""1"":null,""2"":null,""3"":null}",1085.0,907103.0,1085.0,644649.0,1085.0,644649.0,920.6550844473531,547690.4109557609,920.6550844473531,0.0,0.0,1476.7129527359502,764218.203207115,0.39856718659608603,20.01847841431082,4.0,2504.0,0.0,0.0,97.39999999858264,57825.09999943903,6.450000000003911,1633.5000000002601,54.24999999921056,32232.449999671204,0.0,0.0,0.0,0.0,0.0,0.0,10.850000000000364,6446.49,542.5,322324.5,1.0,312.0,553.3499999999767,328770.99000000017,0.0,0.0,1476.7129527359502,764218.203207115
881,2022-05-31,2022,True,22.410958904109588,1085,1085,1312,548611.0660402082,1438.6723187209857,67430,39,0.0,0.82757742102784,0.16306698772405925,0.14176122239244196,0.06480877010706994,0.3838495881321285,0.9574516129032259,0.12834095682173188,686020.5355258324,0,False,False,True,"{""0"":null,""1"":null,""2"":null,""3"":null}",1085.0,908188.0,1085.0,645734.0,1085.0,645734.0,920.6550844473531,548611.0660402082,920.6550844473531,0.0,0.0,1438.6723187209573,765656.8755258359,0.0,20.01847841431082,4.0,2508.0,0.0,0.0,97.39999999858264,57922.49999943761,0.0,1633.5000000002601,54.24999999921056,32286.699999670414,0.0,0.0,0.0,0.0,0.0,0.0,10.850000000000364,6457.34,542.5,322867.0,0.0,312.0,553.3499999999767,329324.34000000014,0.0,0.0,1438.6723187209573,765656.8755258359
882,2022-06-01,2022,True,22.413698630136984,1083,1083,1312,549530.0900350556,1369.361284386709,67544,55,0.0,0.830106761663093,0.1489767109297474,0.14217791212338998,0.0658164364725454,0.38390000984096606,0.9574238227146815,0.15299396102497337,686837.5668102192,0,False,False,True,"{""0"":null,""1"":null,""2"":null,""3"":null}",1083.0,909271.0,1083.0,646817.0,1083.0,646817.0,919.0239948474336,549530.0900350556,919.0239948474336,0.0,0.0,1369.3612843867159,767026.2368102226,0.0,20.01847841431082,4.0,2512.0,0.0,0.0,97.2999999985841,58019.799999436196,0.0,1633.5000000002601,54.149999999212014,32340.849999669626,0.0,0.0,0.0,0.0,0.0,0.0,10.829999999999927,6468.17,541.5,323408.5,0.0,312.0,552.3300000000163,329876.67000000016,0.0,0.0,1369.3612843867159,767026.2368102226
883,2022-06-02,2022,True,22.416438356164385,1084,1084,1313,550449.8983617506,1286.3505254584372,67679,54,0.0,0.8117603218156724,0.1843349070566896,0.14195798825279812,0.06522105238152809,0.3837207378409292,0.9574723247232473,0.17550612934377707,687570.0773356777,0,False,False,True,"{""0"":null,""1"":null,""2"":null,""3"":null}",1084.0,910355.0,1084.0,647901.0,1084.0,647901.0,919.808326694998,550449.8983617506,919.808326694998,0.0,0.0,1286.3505254584597,768312.5873356811,0.0,20.01847841431082,4.0,2516.0,0.0,0.0,97.39999999858264,58117.19999943478,3.000000000001819,1636.500000000262,54.199999999211286,32395.049999668838,0.0,0.0,0.0,0.0,0.0,0.0,10.840000000000146,6479.01,542.0,323950.5,1.0,313.0,552.8400000000256,330429.5100000002,0.0,0.0,1286.3505254584597,768312.5873356811
884,2022-06-03,2022,True,22.41917808219178,1083,1083,1313,551368.9493457143,1231.071678642302,67766,60,0.0,0.7950239269549558,0.19419300945439816,0.14191200636252377,0.06525559324358406,0.38349440116748185,0.957382271468144,0.19642178483499034,688248.81901432,0,False,False,True,"{""0"":null,""1"":null,""2"":null,""3"":null}",1083.0,911438.0,1083.0,648984.0,1083.0,648984.0,919.0509839636507,551368.9493457143,919.0509839636507,0.0,0.0,1231.0716786423,769543.6590143234,0.0,20.01847841431082,4.0,2520.0,0.0,0.0,97.2999999985841,58214.49999943336,2.850000000001728,1639.3500000002637,54.149999999212014,32449.19999966805,0.0,0.0,0.0,0.0,0.0,0.0,10.829999999999927,6489.84,541.5,324492.0,0.0,313.0,552.3300000000163,330981.8400000002,0.0,0.0,1231.0716786423,769543.6590143234
885,2022-06-04,2022,False,22.421917808219177,1083,0,1313,551368.9493457143,0.0,66839,60,0.0,,,0.14196164263027533,0.06552361613549454,0.38349440116748185,0.9582825484764542,0.12124507279794133,688248.81901432,0,False,False,True,"{""0"":null,""1"":null,""2"":null,""3"":null}",1083.0,912521.0,0.0,648984.0,0.0,648984.0,0.0,551368.9493457143,0.0,0.0,0.0,0.0,769543.6590143234,0.0,20.01847841431082,0.0,2520.0,0.0,0.0,0.0,58214.49999943336,0.0,1639.3500000002637,0.0,32449.19999966805,0.0,0.0,0.0,0.0,0.0,0.0,0.0,6489.84,0.0,324492.0,0.0,313.0,0.0,330981.8400000002,0.0,0.0,0.0,769543.6590143234
886,2022-06-05,2022,False,22.424657534246574,1083,0,1313,551368.9493457143,0.0,66839,60,0.0,,,0.14196164263027533,0.06552361613549453,0.38349440116748185,0.9582825484764542,0.07359241899575329,688248.81901432,0,False,False,True,"{""0"":null,""1"":null,""2"":null,""3"":null}",1083.0,913604.0,0.0,648984.0,0.0,648984.0,0.0,551368.9493457143,0.0,0.0,0.0,0.0,769543.6590143234,0.0,20.01847841431082,0.0,2520.0,0.0,0.0,0.0,58214.49999943336,0.0,1639.3500000002637,0.0,32449.19999966805,0.0,0.0,0.0,0.0,0.0,0.0,0.0,6489.84,0.0,324492.0,0.0,313.0,0.0,330981.8400000002,0.0,0.0,0.0,769543.6590143234
887,2022-06-06,2022,True,22.427397260273974,1082,1082,1313,552287.2330512019,1515.401329474294,67932,13,0.0,0.8631626523345742,0.12749151012099783,0.14208974795871196,0.06550570454403488,0.38367367316751866,0.9574537892791127,0.10216489402560847,689212.4003437944,0,False,False,True,"{""0"":null,""1"":null,""2"":null,""3"":null}",1082.0,914686.0,1082.0,650066.0,1082.0,650066.0,918.2837054876145,552287.2330512019,918.2837054876145,0.0,0.0,1515.4013294742908,771059.0603437977,0.0,20.01847841431082,4.0,2524.0,0.0,0.0,97.19999999858555,58311.69999943195,9.000000000005457,1648.3500000002691,54.09999999921274,32503.299999667262,0.0,0.0,0.0,0.0,0.0,0.0,10.819999999999709,6500.66,541.0,325033.0,0.0,313.0,551.820000000007,331533.6600000002,0.0,0.0,1515.4013294742908,771059.0603437977
888,2022-06-07,2022,True,22.43013698630137,1082,1082,1313,553205.5167566895,1388.85582168007,67968,36,0.0,0.8326270906054968,0.14736147475038444,0.14202813327141828,0.06575471207675623,0.38367367316751866,0.9575554528650647,0.12870366563758157,690049.4361654745,0,False,False,True,"{""0"":null,""1"":null,""2"":null,""3"":null}",1082.0,915768.0,1082.0,651148.0,1082.0,651148.0,918.2837054876145,553205.5167566895,918.2837054876145,0.0,0.0,1388.8558216800448,772447.9161654777,0.0,20.01847841431082,4.0,2528.0,0.0,0.0,97.19999999858555,58408.899999430534,0.0,1648.3500000002691,54.09999999921274,32557.399999666475,0.0,0.0,0.0,0.0,0.0,0.0,10.819999999999709,6511.48,541.0,325574.0,0.0,313.0,551.820000000007,332085.4800000002,0.0,0.0,1388.8558216800448,772447.9161654777
889,2022-06-08,2022,True,22.432876712328767,1082,1082,1313,554123.8004621771,1359.6047816535072,68089,53,0.0,0.8298528554227338,0.15227627225460189,0.14209593526434594,0.06598808539348744,0.38367367316751866,0.957384473197782,0.15323445587400622,690857.220947128,0,False,False,True,"{""0"":null,""1"":null,""2"":null,""3"":null}",1082.0,916850.0,1082.0,652230.0,1082.0,652230.0,918.2837054876145,554123.8004621771,918.2837054876145,0.0,0.0,1359.6047816534992,773807.5209471312,0.0,20.01847841431082,4.0,2532.0,0.0,0.0,97.19999999858555,58506.09999942912,0.0,1648.3500000002691,54.09999999921274,32611.499999665688,0.0,0.0,0.0,0.0,0.0,0.0,10.819999999999709,6522.299999999999,541.0,326115.0,0.0,313.0,551.820000000007,332637.3000000002,0.0,0.0,1359.6047816534992,773807.5209471312
890,2022-06-09,2022,True,22.435616438356163,1082,1082,1313,555042.0841676648,1301.7831855020634,68209,58,0.0,0.8262277634826243,0.16820372273050221,0.1421811006419422,0.06628794727020522,0.38367367316751866,0.9574399260628467,0.17594189302918817,691607.1841326301,0,False,False,True,"{""0"":null,""1"":null,""2"":null,""3"":null}",1082.0,917932.0,1082.0,653312.0,1082.0,653312.0,918.2837054876145,555042.0841676648,918.2837054876145,0.0,0.0,1301.7831855020486,775109.3041326333,0.0,20.01847841431082,4.0,2536.0,0.0,0.0,97.19999999858555,58603.299999427705,1.9500000000011823,1650.3000000002703,54.09999999921274,32665.5999996649,0.0,0.0,0.0,0.0,0.0,0.0,10.819999999999709,6533.119999999999,541.0,326656.0,0.0,313.0,551.820000000007,333189.1200000002,0.0,0.0,1301.7831855020486,775109.3041326333
891,2022-06-10,2022,True,22.438356164383563,1082,1082,1313,555960.3678731524,1242.1914894397025,68334,52,0.1866560499014938,0.8224792878669,0.19094696557232566,0.1421772700278876,0.0664869612774055,0.38367367316751866,0.9577726432532347,0.19679906283689552,692297.5556220699,0,False,False,True,"{""0"":null,""1"":null,""2"":null,""3"":null}",1082.0,919014.0,1082.0,654394.0,1082.0,654394.0,918.2837054876145,555960.3678731524,918.2837054876145,0.0,0.0,1242.1914894396905,776351.495622073,0.18665604990149376,20.205134464212314,4.0,2540.0,0.0,0.0,97.19999999858555,58700.49999942629,3.450000000002092,1653.7500000002724,54.09999999921274,32719.699999664113,0.0,0.0,0.0,0.0,0.0,0.0,10.819999999999709,6543.939999999999,541.0,327197.0,0.0,313.0,551.820000000007,333740.94000000024,0.0,0.0,1242.1914894396905,776351.495622073
892,2022-06-11,2022,False,22.44109589041096,1082,0,1313,555960.3678731524,0.0,67389,52,0.0,,,0.1421509015553056,0.06680628483735529,0.38367367316751866,0.9586968576709796,0.12157385602559324,692297.5556220699,0,False,False,True,"{""0"":null,""1"":null,""2"":null,""3"":null}",1082.0,920096.0,0.0,654394.0,0.0,654394.0,0.0,555960.3678731524,0.0,0.0,0.0,0.0,776351.495622073,0.0,20.205134464212314,0.0,2540.0,0.0,0.0,0.0,58700.49999942629,0.0,1653.7500000002724,0.0,32719.699999664113,0.0,0.0,0.0,0.0,0.0,0.0,0.0,6543.939999999999,0.0,327197.0,0.0,313.0,0.0,333740.94000000024,0.0,0.0,0.0,776351.495622073
893,2022-06-12,2022,False,22.443835616438356,1081,0,1313,555960.3678731524,0.0,67389,52,0.0,,,0.1425062614992458,0.06702207735828222,0.3838529451675555,0.9586586493987048,0.07364927098692425,692297.5556220699,0,False,False,True,"{""0"":null,""1"":null,""2"":null,""3"":null}",1081.0,921177.0,0.0,654394.0,0.0,654394.0,0.0,555960.3678731524,0.0,0.0,0.0,0.0,776351.495622073,0.0,20.205134464212314,0.0,2540.0,0.0,0.0,0.0,58700.49999942629,0.0,1653.7500000002724,0.0,32719.699999664113,0.0,0.0,0.0,0.0,0.0,0.0,0.0,6543.939999999999,0.0,327197.0,0.0,313.0,0.0,333740.94000000024,0.0,0.0,0.0,776351.495622073
894,2022-06-13,2022,True,22.446575342465753,1081,1081,1313,556877.7712606981,1530.5280057968994,68472,16,0.0,0.8612277598216065,0.13223857660053784,0.1425062614992458,0.06702207735828221,0.3838529451675555,0.9579278445883441,0.10215076633051447,693276.7736278668,0,False,False,True,"{""0"":null,""1"":null,""2"":null,""3"":null}",1081.0,922258.0,1081.0,655475.0,1081.0,655475.0,917.4033875457244,556877.7712606981,917.4033875457244,0.0,0.0,1530.5280057969503,777882.0236278699,0.0,20.205134464212314,4.0,2544.0,0.0,0.0,97.09999999858701,58797.59999942488,7.800000000004729,1661.5500000002771,54.0499999996282,32773.74999966374,0.0,0.0,0.0,0.0,0.0,0.0,10.8100000000004,6554.749999999999,540.5,327737.5,0.0,313.0,551.3099999999977,334292.25000000023,0.0,0.0,1530.5280057969503,777882.0236278699
895,2022-06-14,2022,True,22.44931506849315,1081,1081,1313,557795.1746482438,1419.218349092421,68506,48,0.0,0.8306785304486546,0.15954258946052435,0.14247850612939403,0.06723196191619436,0.3838529451675555,0.9575346901017576,0.12863237837687946,694144.6819769591,0,False,False,True,"{""0"":null,""1"":null,""2"":null,""3"":null}",1081.0,923339.0,1081.0,656556.0,1081.0,656556.0,917.4033875457244,557795.1746482438,917.4033875457244,0.0,0.0,1419.2183490924072,779301.2419769623,0.0,20.205134464212314,4.0,2548.0,0.0,0.0,97.09999999858701,58894.699999423465,0.0,1661.5500000002771,54.050000003146124,32827.79999966689,0.0,0.0,0.0,0.0,0.0,0.0,10.8100000000004,6565.5599999999995,540.5,328278.0,0.0,313.0,551.3099999999977,334843.56000000023,0.0,0.0,1419.2183490924072,779301.2419769623
896,2022-06-15,2022,True,22.45205479452055,1081,1081,1313,558712.5780357895,1359.919895814801,68632,62,0.0,0.8298311654803625,0.17402198257405888,0.14248961835313373,0.06741631378552311,0.3838529451675555,0.957358926919519,0.15312183825361467,694953.2918727739,0,False,False,True,"{""0"":null,""1"":null,""2"":null,""3"":null}",1081.0,924420.0,1081.0,657637.0,1081.0,657637.0,917.4033875457244,558712.5780357895,917.4033875457244,0.0,0.0,1359.9198958148481,780661.1618727772,0.0,20.205134464212314,4.0,2552.0,0.0,0.0,97.09999999858701,58991.79999942205,0.0,1661.5500000002771,54.050000003146124,32881.849999670034,0.0,0.0,0.0,0.0,0.0,0.0,10.8100000000004,6576.37,540.5,328818.5,0.0,313.0,551.3099999999977,335394.8700000002,0.0,0.0,1359.9198958148481,780661.1618727772
897,2022-06-16,2022,True,22.454794520547946,1081,1081,1313,559629.9814233353,1309.4270377374266,68765,68,0.0,0.8168404381807868,0.1621024145755553,0.1425344454506246,0.06761038751438918,0.3838529451675555,0.9575393154486586,0.17577670904091952,695711.4089105113,0,False,False,True,"{""0"":null,""1"":null,""2"":null,""3"":null}",1081.0,925501.0,1081.0,658718.0,1081.0,658718.0,917.4033875457244,559629.9814233353,917.4033875457244,0.0,0.0,1309.4270377374487,781970.5889105146,0.0,20.205134464212314,4.0,2556.0,0.0,0.0,97.09999999858701,59088.89999942064,2.400000000001455,1663.9500000002786,54.050000003146124,32935.89999967318,0.0,0.0,0.0,0.0,0.0,0.0,10.8100000000004,6587.18,540.5,329359.0,0.0,313.0,551.3099999999977,335946.1800000002,0.0,0.0,1309.4270377374487,781970.5889105146
898,2022-06-17,2022,True,22.457534246575342,1081,1081,1313,560547.384810881,1237.5472472360882,68884,56,0.0,0.8157918353798124,0.1793917980915561,0.14253212594062556,0.06790591467392104,0.3838529451675555,0.957631822386679,0.19658611319442573,696397.6461577474,0,False,False,True,"{""0"":null,""1"":null,""2"":null,""3"":null}",1081.0,926582.0,1081.0,659799.0,1081.0,659799.0,917.4033875457244,560547.384810881,917.4033875457244,0.0,0.0,1237.547247236129,783208.1361577507,0.0,20.205134464212314,4.0,2560.0,0.0,0.0,97.09999999858701,59185.999999419226,4.80000000000291,1668.7500000002815,54.050000003146124,32989.949999676326,0.0,0.0,0.0,0.0,0.0,0.0,10.8100000000004,6597.990000000001,540.5,329899.5,0.0,313.0,551.3099999999977,336497.4900000002,0.0,0.0,1237.547247236129,783208.1361577507
899,2022-06-18,2022,False,22.46027397260274,1082,0,1314,560547.384810881,0.0,67939,56,0.0,,,0.1426970083914377,0.06772231878836998,0.3840792818410029,0.9584935304990757,0.12125029606254413,696396.6461577474,0,False,False,True,"{""0"":null,""1"":null,""2"":null,""3"":null}",1082.0,927664.0,0.0,659799.0,0.0,659799.0,0.0,560547.384810881,0.0,0.0,0.0,0.0,783208.1361577507,0.0,20.205134464212314,0.0,2560.0,0.0,0.0,0.0,59185.999999419226,0.0,1668.7500000002815,0.0,32989.949999676326,0.0,0.0,0.0,0.0,0.0,0.0,0.0,6597.990000000001,0.0,329899.5,1.0,314.0,0.0,336497.4900000002,0.0,0.0,0.0,783208.1361577507
900,2022-06-19,2022,False,22.463013698630135,1082,0,1314,560547.384810881,0.0,67939,56,0.0,,,0.14269700839143767,0.06772231878836998,0.3840792818410029,0.9584935304990757,0.07360686577253447,696396.6461577474,0,False,False,True,"{""0"":null,""1"":null,""2"":null,""3"":null}",1082.0,928746.0,0.0,659799.0,0.0,659799.0,0.0,560547.384810881,0.0,0.0,0.0,0.0,783208.1361577507,0.0,20.205134464212314,0.0,2560.0,0.0,0.0,0.0,59185.999999419226,0.0,1668.7500000002815,0.0,32989.949999676326,0.0,0.0,0.0,0.0,0.0,0.0,0.0,6597.990000000001,0.0,329899.5,0.0,314.0,0.0,336497.4900000002,0.0,0.0,0.0,783208.1361577507
901,2022-06-20,2022,True,22.465753424657535,1081,1081,1314,561464.9864769608,1510.7277916611908,69030,16,0.0,0.8343718832784763,0.15852112582198818,0.1425121869215507,0.06733252155311505,0.3838529451675555,0.9577798334875115,0.10211549440980583,697356.0639494085,0,False,False,True,"{""0"":null,""1"":null,""2"":null,""3"":null}",1081.0,929827.0,1081.0,660880.0,1081.0,660880.0,917.6016660798341,561464.9864769608,917.6016660798341,0.0,0.0,1510.7277916611638,784718.8639494119,0.0,20.205134464212314,4.0,2564.0,0.0,0.0,97.09999999858701,59283.09999941781,8.400000000005093,1677.1500000002866,54.050000003146124,33043.99999967947,0.0,0.0,0.0,0.0,0.0,0.0,10.8100000000004,6608.800000000001,540.5,330440.0,0.0,314.0,551.3099999999977,337048.8000000002,0.0,0.0,1510.7277916611638,784718.8639494119
902,2022-06-21,2022,True,22.46849315068493,1081,1081,1314,562382.5881430407,1454.7807484541174,69067,33,0.0,0.8593588490280267,0.13580273185347347,0.14249862486876227,0.06755755713901583,0.3838529451675555,0.9579232192414432,0.12865209542457473,698259.5346978626,0,False,False,True,"{""0"":null,""1"":null,""2"":null,""3"":null}",1081.0,930908.0,1081.0,661961.0,1081.0,661961.0,917.6016660798341,562382.5881430407,917.6016660798341,0.0,0.0,1454.7807484541554,786173.644697866,0.0,20.205134464212314,4.0,2568.0,0.0,0.0,97.09999999858701,59380.1999994164,0.0,1677.1500000002866,54.050000003146124,33098.04999968262,0.0,0.0,0.0,0.0,0.0,0.0,10.8100000000004,6619.6100000000015,540.5,330980.5,0.0,314.0,551.3099999999977,337600.1100000002,0.0,0.0,1454.7807484541554,786173.644697866
903,2022-06-22,2022,True,22.471232876712328,1082,1082,1315,563301.149853406,1353.0046700854161,69186,52,0.0,0.8383138803848678,0.1429891240790551,0.14257294252915564,0.06714925216623346,0.3837927207510821,0.9576201478743068,0.15316591573082494,699059.719367948,0,False,False,True,"{""0"":null,""1"":null,""2"":null,""3"":null}",1082.0,931990.0,1082.0,663043.0,1082.0,663043.0,918.5617103653494,563301.149853406,918.5617103653494,0.0,0.0,1353.0046700853854,787526.6493679514,0.0,20.205134464212314,4.0,2572.0,0.0,0.0,97.19999999858555,59477.399999414985,0.0,1677.1500000002866,54.100000003149034,33152.14999968577,0.0,0.0,0.0,0.0,0.0,0.0,10.819999999999709,6630.430000000001,541.0,331521.5,1.0,315.0,551.820000000007,338151.9300000002,0.0,0.0,1353.0046700853854,787526.6493679514
904,2022-06-23,2022,True,22.473972602739725,1082,1082,1315,564219.7115637714,1265.3537350781,69320,50,0.0,0.8133439481740652,0.17878074689120182,0.1426076187582646,0.0673536893178137,0.3837927207510821,0.9576201478743068,0.17583904178640866,699773.2531030262,0,False,False,True,"{""0"":null,""1"":null,""2"":null,""3"":null}",1082.0,933072.0,1082.0,664125.0,1082.0,664125.0,918.5617103653494,564219.7115637714,918.5617103653494,0.0,0.0,1265.3537350781262,788792.0031030296,0.0,20.205134464212314,4.0,2576.0,0.0,0.0,97.19999999858555,59574.59999941357,2.400000000001455,1679.550000000288,54.100000003149034,33206.24999968892,0.0,0.0,0.0,0.0,0.0,0.0,10.819999999999709,6641.250000000001,541.0,332062.5,0.0,315.0,551.820000000007,338703.75000000023,0.0,0.0,1265.3537350781262,788792.0031030296
905,2022-06-24,2022,True,22.476712328767125,1083,1083,1316,565139.1857100325,1253.0360707094517,69426,48,0.2142954408462233,0.8338390439103865,0.16979760640321617,0.1427348491536653,0.06728865242643303,0.38401905742452946,0.9574976915974146,0.19670756882453802,700472.9591737357,0,False,False,True,"{""0"":null,""1"":null,""2"":null,""3"":null}",1083.0,934155.0,1083.0,665208.0,1083.0,665208.0,919.4741462611128,565139.1857100325,919.4741462611128,0.0,0.0,1253.036070709466,790045.039173739,0.21429544084622165,20.419429905058536,4.0,2580.0,0.0,0.0,97.2999999985841,59671.899999412155,2.550000000001546,1682.1000000002896,54.150000003151945,33260.39999969207,0.0,0.0,0.0,0.0,0.0,0.0,10.829999999999927,6652.080000000001,541.5,332604.0,1.0,316.0,552.3300000000163,339256.08000000025,0.0,0.0,1253.036070709466,790045.039173739
906,2022-06-25,2022,False,22.47945205479452,1083,0,1316,565139.1857100325,0.0,68489,48,0.0,,,0.14270074880158498,0.06748040668988269,0.38401905742452946,0.9585641735918744,0.12133279293047011,700472.9591737357,0,False,False,True,"{""0"":null,""1"":null,""2"":null,""3"":null}",1083.0,935238.0,0.0,665208.0,0.0,665208.0,0.0,565139.1857100325,0.0,0.0,0.0,0.0,790045.039173739,0.0,20.419429905058536,0.0,2580.0,0.0,0.0,0.0,59671.899999412155,0.0,1682.1000000002896,0.0,33260.39999969207,0.0,0.0,0.0,0.0,0.0,0.0,0.0,6652.080000000001,0.0,332604.0,0.0,316.0,0.0,339256.08000000025,0.0,0.0,0.0,790045.039173739
907,2022-06-26,2022,False,22.482191780821918,1083,0,1316,565139.1857100325,0.0,68489,48,0.0,,,0.14270074880158498,0.06748040668988267,0.38401905742452946,0.9585641735918744,0.07358316447406543,700472.9591737357,0,False,False,True,"{""0"":null,""1"":null,""2"":null,""3"":null}",1083.0,936321.0,0.0,665208.0,0.0,665208.0,0.0,565139.1857100325,0.0,0.0,0.0,0.0,790045.039173739,0.0,20.419429905058536,0.0,2580.0,0.0,0.0,0.0,59671.899999412155,0.0,1682.1000000002896,0.0,33260.39999969207,0.0,0.0,0.0,0.0,0.0,0.0,0.0,6652.080000000001,0.0,332604.0,0.0,316.0,0.0,339256.08000000025,0.0,0.0,0.0,790045.039173739
908,2022-06-27,2022,True,22.484931506849314,1083,1083,1316,566058.6598562936,1539.6711689685985,69557,21,0.0,0.8595474041775704,0.1224298774387151,0.14270074880158498,0.06748040668988266,0.38401905742452946,0.9575023084025853,0.10215083215938238,701460.3003427043,0,False,False,True,"{""0"":null,""1"":null,""2"":null,""3"":null}",1083.0,937404.0,1083.0,666291.0,1083.0,666291.0,919.4741462611128,566058.6598562936,919.4741462611128,0.0,0.0,1539.6711689685471,791584.7103427076,0.0,20.419429905058536,4.0,2584.0,0.0,0.0,97.2999999985841,59769.19999941074,7.200000000004366,1689.300000000294,54.150000003151945,33314.54999969522,0.0,0.0,0.0,0.0,0.0,0.0,10.829999999999927,6662.910000000001,541.5,333145.5,0.0,316.0,552.3300000000163,339808.41000000027,0.0,0.0,1539.6711689685471,791584.7103427076
909,2022-06-28,2022,True,22.487671232876714,1085,1085,1318,566979.9128085272,1430.0164840167092,69640,35,0.0,0.8295612941145729,0.1744800269508141,0.14226566745307045,0.06612176522113575,0.38366314906556664,0.9573778801843319,0.12875014015340058,702334.966826721,0,False,False,True,"{""0"":null,""1"":null,""2"":null,""3"":null}",1085.0,938489.0,1085.0,667376.0,1085.0,667376.0,921.2529522336554,566979.9128085272,921.2529522336554,0.0,0.0,1430.016484016669,793014.7268267242,0.0,20.419429905058536,4.0,2588.0,0.0,0.0,97.49999999858119,59866.69999940932,0.0,1689.300000000294,54.250000003157766,33368.79999969838,0.0,0.0,0.0,0.0,0.0,0.0,10.850000000000364,6673.760000000001,542.5,333688.0,2.0,318.0,553.3499999999767,340361.76000000024,0.0,0.0,1430.016484016669,793014.7268267242
910,2022-06-29,2022,True,22.49041095890411,1085,1085,1318,567901.1657607609,1375.6073458998048,69730,53,0.0,0.8431899381925848,0.1493726379641852,0.14229812661587102,0.06639382141098346,0.38366314906556664,0.9571566820276498,0.15341210421911533,703157.2241726208,0,False,False,True,"{""0"":null,""1"":null,""2"":null,""3"":null}",1085.0,939574.0,1085.0,668461.0,1085.0,668461.0,921.2529522336554,567901.1657607609,921.2529522336554,0.0,0.0,1375.6073458997998,794390.334172624,0.0,20.419429905058536,4.0,2592.0,0.0,0.0,97.49999999858119,59964.1999994079,0.0,1689.300000000294,54.250000003157766,33423.049999701536,0.0,0.0,0.0,0.0,0.0,0.0,10.850000000000364,6684.6100000000015,542.5,334230.5,0.0,318.0,553.3499999999767,340915.1100000002,0.0,0.0,1375.6073458997998,794390.334172624
911,2022-06-30,2022,True,22.493150684931507,1085,1085,1318,568822.4187129945,1301.6382686266638,69856,49,0.0,0.8221443320610111,0.17255451403120126,0.1423969307728662,0.0665601480364195,0.38366314906556664,0.9568755760368663,0.17610350197993752,703905.5124412475,0,False,False,True,"{""0"":null,""1"":null,""2"":null,""3"":null}",1085.0,940659.0,1085.0,669546.0,1085.0,669546.0,921.2529522336554,568822.4187129945,921.2529522336554,0.0,0.0,1301.6382686266443,795691.9724412507,0.0,20.419429905058536,4.0,2596.0,0.0,0.0,97.49999999858119,60061.69999940648,3.15000000000191,1692.4500000002959,54.250000003157766,33477.29999970469,0.0,0.0,0.0,0.0,0.0,0.0,10.850000000000364,6695.460000000002,542.5,334773.0,0.0,318.0,553.3499999999767,341468.4600000002,0.0,0.0,1301.6382686266443,795691.9724412507
912,2022-07-01,2022,True,22.495890410958904,1085,1085,1318,569743.6716652282,1519.6059367312548,69960,54,0.0,0.8073215811204109,0.19071437891583598,0.14234051315926108,0.06670431087126649,0.38366314906556664,0.9566543778801844,0.197023268656288,704871.7683779787,0,False,False,True,"{""0"":null,""1"":null,""2"":null,""3"":null}",1085.0,941744.0,1085.0,670631.0,1085.0,670631.0,921.2529522336554,569743.6716652282,921.2529522336554,0.0,0.0,1519.6059367312118,797211.5783779819,0.0,20.419429905058536,4.0,2600.0,0.0,0.0,97.49999999858119,60159.199999405064,2.1000000000012733,1694.5500000002971,54.250000003157766,33531.54999970785,0.0,0.0,0.0,0.0,0.0,0.0,10.850000000000364,6706.310000000002,542.5,335315.5,0.0,318.0,553.3499999999767,342021.8100000002,0.0,0.0,1519.6059367312118,797211.5783779819
913,2022-07-02,2022,False,22.4986301369863,1085,0,1318,569743.6716652282,0.0,69039,54,0.0,,,0.14235715806002588,0.06694081618570735,0.38366314906556664,0.9577603686635945,0.12155670679686115,704871.7683779787,0,False,False,True,"{""0"":null,""1"":null,""2"":null,""3"":null}",1085.0,942829.0,0.0,670631.0,0.0,670631.0,0.0,569743.6716652282,0.0,0.0,0.0,0.0,797211.5783779819,0.0,20.419429905058536,0.0,2600.0,0.0,0.0,0.0,60159.199999405064,0.0,1694.5500000002971,0.0,33531.54999970785,0.0,0.0,0.0,0.0,0.0,0.0,0.0,6706.310000000002,0.0,335315.5,0.0,318.0,0.0,342021.8100000002,0.0,0.0,0.0,797211.5783779819
914,2022-07-03,2022,False,22.5013698630137,1086,0,1319,569743.6716652282,0.0,69039,54,0.0,,,0.14232144796727747,0.066324495025193,0.38367295177320254,0.9575230202578268,0.07371922255264339,704870.7683779787,0,False,False,True,"{""0"":null,""1"":null,""2"":null,""3"":null}",1086.0,943915.0,0.0,670631.0,0.0,670631.0,0.0,569743.6716652282,0.0,0.0,0.0,0.0,797211.5783779819,0.0,20.419429905058536,0.0,2600.0,0.0,0.0,0.0,60159.199999405064,0.0,1694.5500000002971,0.0,33531.54999970785,0.0,0.0,0.0,0.0,0.0,0.0,0.0,6706.310000000002,0.0,335315.5,1.0,319.0,0.0,342021.8100000002,0.0,0.0,0.0,797211.5783779819
915,2022-07-04,2022,True,22.504109589041096,1086,1086,1319,570665.798415758,1851.2266689398848,70116,24,0.17119405222757558,0.8406773400933897,0.15304192462605842,0.14232144796727747,0.06632449502519303,0.38367295177320254,0.9564594843462246,0.10227344457477797,706168.1350469186,0,False,False,True,"{""0"":null,""1"":null,""2"":null,""3"":null}",1086.0,945001.0,1086.0,671717.0,1086.0,671717.0,922.1267505297437,570665.798415758,922.1267505297437,0.0,0.0,1851.2266689399257,799062.8050469218,0.17119405222757678,20.590623957286112,4.0,2604.0,0.0,0.0,97.49999999858119,60256.699999403645,8.100000000004911,1702.650000000302,54.300000003160676,33585.84999971101,0.0,0.0,0.0,0.0,0.0,0.0,10.859999999999673,6717.170000000002,543.0,335858.5,0.0,319.0,553.859999999986,342575.67000000016,0.0,0.0,1851.2266689399257,799062.8050469218
916,2022-07-05,2022,True,22.506849315068493,1086,1086,1319,571587.9251662877,1747.1442540216487,70168,51,0.0,0.8389136507696695,0.14822782538150367,0.14234376464067866,0.06655710916063744,0.38367295177320254,0.9565837937384898,0.12883073273768766,707361.4193009404,0,False,False,True,"{""0"":null,""1"":null,""2"":null,""3"":null}",1086.0,946087.0,1086.0,672803.0,1086.0,672803.0,922.1267505297437,571587.9251662877,922.1267505297437,0.0,0.0,1747.1442540216958,800809.9493009435,0.0,20.590623957286112,4.0,2608.0,0.0,0.0,97.49999999858119,60354.199999402226,0.0,1702.650000000302,54.300000003160676,33640.14999971417,0.0,0.0,0.0,0.0,0.0,0.0,10.859999999999673,6728.030000000002,543.0,336401.5,0.0,319.0,553.859999999986,343129.53000000014,0.0,0.0,1747.1442540216958,800809.9493009435
917,2022-07-06,2022,True,22.50958904109589,1086,1086,1319,572510.0519168174,1662.3456341822111,70298,60,0.0,0.8352043124376409,0.15233823997941154,0.14235704520919143,0.06673505306160887,0.38367295177320254,0.9567173112338857,0.15342024791966086,708469.9049351226,0,False,False,True,"{""0"":null,""1"":null,""2"":null,""3"":null}",1086.0,947173.0,1086.0,673889.0,1086.0,673889.0,922.1267505297437,572510.0519168174,922.1267505297437,0.0,0.0,1662.3456341822166,802472.2949351257,0.0,20.590623957286112,4.0,2612.0,0.0,0.0,97.49999999858119,60451.69999940081,0.0,1702.650000000302,54.300000003160676,33694.44999971733,0.0,0.0,0.0,0.0,0.0,0.0,10.859999999999673,6738.890000000001,543.0,336944.5,0.0,319.0,553.859999999986,343683.39000000013,0.0,0.0,1662.3456341822166,802472.2949351257
918,2022-07-07,2022,True,22.512328767123286,1088,1088,1321,573433.9317846674,1579.3827080033702,70405,55,0.0,0.805214893463338,0.18575375677052106,0.14218906437010578,0.0657179009414897,0.383720016446613,0.9561305147058823,0.1759878003608224,709492.407643126,0,False,False,True,"{""0"":null,""1"":null,""2"":null,""3"":null}",1088.0,948261.0,1088.0,674977.0,1088.0,674977.0,923.8798678499879,573433.9317846674,923.8798678499879,0.0,0.0,1579.3827080033952,804051.6776431291,0.0,20.590623957286112,4.0,2616.0,0.0,0.0,97.69999999857828,60549.399999399386,3.600000000002183,1706.2500000003042,54.4000000031665,33748.8499997205,0.0,0.0,0.0,0.0,0.0,0.0,10.88000000000011,6749.770000000001,544.0,337488.5,2.0,321.0,554.8800000000047,344238.27000000014,0.0,0.0,1579.3827080033952,804051.6776431291
919,2022-07-08,2022,True,22.515068493150686,1087,1087,1322,574356.7118757719,1526.9885880661172,70545,40,0.0,0.8041404302901437,0.18496796943753413,0.1422583165241315,0.06511070463262277,0.3838992884466499,0.9563937442502299,0.19636801494191655,710464.026231192,0,False,False,True,"{""0"":null,""1"":null,""2"":null,""3"":null}",1087.0,949348.0,1087.0,676064.0,1087.0,676064.0,922.7800911044469,574356.7118757719,922.7800911044469,0.0,0.0,1526.9885880660731,805578.6662311952,0.0,20.590623957286112,4.0,2620.0,0.0,0.0,97.59999999857973,60646.999999397965,4.050000000002456,1710.3000000003067,54.350000003163586,33803.19999972366,0.0,0.0,0.0,0.0,0.0,0.0,10.86999999999989,6760.640000000001,543.5,338032.0,1.0,322.0,554.3699999999953,344792.64000000013,0.0,0.0,1526.9885880660731,805578.6662311952
920,2022-07-09,2022,False,22.517808219178082,1087,0,1322,574356.7118757719,0.0,69594,40,0.0,,,0.1423152499853919,0.06535603341236351,0.3838992884466499,0.957442502299908,0.12096342007862362,710464.026231192,0,False,False,True,"{""0"":null,""1"":null,""2"":null,""3"":null}",1087.0,950435.0,0.0,676064.0,0.0,676064.0,0.0,574356.7118757719,0.0,0.0,0.0,0.0,805578.6662311952,0.0,20.590623957286112,0.0,2620.0,0.0,0.0,0.0,60646.999999397965,0.0,1710.3000000003067,0.0,33803.19999972366,0.0,0.0,0.0,0.0,0.0,0.0,0.0,6760.640000000001,0.0,338032.0,0.0,322.0,0.0,344792.64000000013,0.0,0.0,0.0,805578.6662311952
921,2022-07-10,2022,False,22.52054794520548,1087,0,1322,574356.7118757719,0.0,69594,40,0.0,,,0.14231524998539188,0.06535603341236351,0.3838992884466499,0.957442502299908,0.0734656371487947,710464.026231192,0,False,False,True,"{""0"":null,""1"":null,""2"":null,""3"":null}",1087.0,951522.0,0.0,676064.0,0.0,676064.0,0.0,574356.7118757719,0.0,0.0,0.0,0.0,805578.6662311952,0.0,20.590623957286112,0.0,2620.0,0.0,0.0,0.0,60646.999999397965,0.0,1710.3000000003067,0.0,33803.19999972366,0.0,0.0,0.0,0.0,0.0,0.0,0.0,6760.640000000001,0.0,338032.0,0.0,322.0,0.0,344792.64000000013,0.0,0.0,0.0,805578.6662311952
922,2022-07-11,2022,True,22.523287671232875,1087,1087,1322,575279.4919668763,1830.849755551043,70664,22,0.0,0.8454587238803287,0.13916814344941925,0.14231524998539188,0.06535603341236348,0.3838992884466499,0.9565087396504139,0.10193880556480032,711740.5059867431,0,False,False,True,"{""0"":null,""1"":null,""2"":null,""3"":null}",1087.0,952609.0,1087.0,677151.0,1087.0,677151.0,922.7800911044469,575279.4919668763,922.7800911044469,0.0,0.0,1830.849755551084,807409.5159867463,0.0,20.590623957286112,4.0,2624.0,0.0,0.0,97.59999999857973,60744.599999396545,6.000000000003638,1716.3000000003103,54.350000003163586,33857.54999972683,0.0,0.0,0.0,0.0,0.0,0.0,10.86999999999989,6771.510000000001,543.5,338575.5,0.0,322.0,554.3699999999953,345347.0100000001,0.0,0.0,1830.849755551084,807409.5159867463
923,2022-07-12,2022,True,22.526027397260275,1088,1088,1323,576203.2100271515,1758.28273470281,70740,35,0.0,0.8180939560313856,0.16173983395611968,0.1422666350960069,0.06494194073202106,0.3838390640301765,0.9568198529411764,0.12848482014949986,712942.908721446,0,False,False,True,"{""0"":null,""1"":null,""2"":null,""3"":null}",1088.0,953697.0,1088.0,678239.0,1088.0,678239.0,923.7180602751905,576203.2100271515,923.7180602751905,0.0,0.0,1758.282734702807,809167.7987214491,0.0,20.590623957286112,4.0,2628.0,0.0,0.0,97.69999999857828,60842.29999939512,0.0,1716.3000000003103,54.4000000031665,33911.94999972999,0.0,0.0,0.0,0.0,0.0,0.0,10.88000000000011,6782.390000000001,544.0,339119.5,1.0,323.0,554.8800000000047,345901.89000000013,0.0,0.0,1758.282734702807,809167.7987214491
924,2022-07-13,2022,True,22.528767123287672,1088,1088,1323,577126.9280874267,1714.0587932895185,70849,55,0.0,0.8399771524457778,0.1566513519222571,0.1422400484911734,0.06515800416421558,0.3838390640301765,0.9569990808823529,0.15306651612999442,714102.0875147354,0,False,False,True,"{""0"":null,""1"":null,""2"":null,""3"":null}",1088.0,954785.0,1088.0,679327.0,1088.0,679327.0,923.7180602751905,577126.9280874267,923.7180602751905,0.0,0.0,1714.0587932894705,810881.8575147386,0.0,20.590623957286112,4.0,2632.0,0.0,0.0,97.69999999857828,60939.9999993937,0.0,1716.3000000003103,54.4000000031665,33966.34999973316,0.0,0.0,0.0,0.0,0.0,0.0,10.88000000000011,6793.270000000001,544.0,339663.5,0.0,323.0,554.8800000000047,346456.77000000014,0.0,0.0,1714.0587932894705,810881.8575147386
925,2022-07-14,2022,True,22.53150684931507,1088,1088,1323,578050.6461477019,1613.0725242100334,70963,50,0.0,0.8050843245959405,0.1974085978095811,0.14234234226270145,0.06534802368816613,0.3838390640301765,0.9566452205882352,0.1757705345604585,715160.2800389455,0,False,False,True,"{""0"":null,""1"":null,""2"":null,""3"":null}",1088.0,955873.0,1088.0,680415.0,1088.0,680415.0,923.7180602751905,578050.6461477019,923.7180602751905,0.0,0.0,1613.072524210089,812494.9300389487,0.0,20.590623957286112,4.0,2636.0,0.0,0.0,97.69999999857828,61037.69999939228,3.300000000002001,1719.6000000003123,54.4000000031665,34020.74999973633,0.0,0.0,0.0,0.0,0.0,0.0,10.88000000000011,6804.1500000000015,544.0,340207.5,0.0,323.0,554.8800000000047,347011.65000000014,0.0,0.0,1613.072524210089,812494.9300389487
926,2022-07-15,2022,True,22.534246575342465,1088,1088,1323,578974.3642079771,1551.5136793470074,71065,58,0.0,0.8152968986275966,0.1644271722579935,0.14235515447204605,0.06550758330984152,0.3838390640301765,0.9562775735294118,0.19669289793470096,716156.9137182925,0,False,False,True,"{""0"":null,""1"":null,""2"":null,""3"":null}",1088.0,956961.0,1088.0,681503.0,1088.0,681503.0,923.7180602751905,578974.3642079771,923.7180602751905,0.0,0.0,1551.513679347001,814046.4437182957,0.0,20.590623957286112,4.0,2640.0,0.0,0.0,97.69999999857828,61135.39999939086,1.9500000000011823,1721.5500000003135,54.4000000031665,34075.14999973949,0.0,0.0,0.0,0.0,0.0,0.0,10.88000000000011,6815.030000000002,544.0,340751.5,0.0,323.0,554.8800000000047,347566.53000000014,0.0,0.0,1551.513679347001,814046.4437182957
927,2022-07-16,2022,False,22.536986301369865,1088,0,1323,578974.3642079771,0.0,70149,58,0.0,,,0.14234856108223862,0.06568905122142624,0.3838390640301765,0.9573483455882353,0.12123477220053841,716156.9137182925,0,False,False,True,"{""0"":null,""1"":null,""2"":null,""3"":null}",1088.0,958049.0,0.0,681503.0,0.0,681503.0,0.0,578974.3642079771,0.0,0.0,0.0,0.0,814046.4437182957,0.0,20.590623957286112,0.0,2640.0,0.0,0.0,0.0,61135.39999939086,0.0,1721.5500000003135,0.0,34075.14999973949,0.0,0.0,0.0,0.0,0.0,0.0,0.0,6815.030000000002,0.0,340751.5,0.0,323.0,0.0,347566.53000000014,0.0,0.0,0.0,814046.4437182957
928,2022-07-17,2022,False,22.53972602739726,1088,0,1324,578974.3642079771,0.0,70149,58,0.0,,,0.14213118328313895,0.06485769086633056,0.3838390640301765,0.9570726102941177,0.0732357416068871,716155.9137182925,0,False,False,True,"{""0"":null,""1"":null,""2"":null,""3"":null}",1088.0,959137.0,0.0,681503.0,0.0,681503.0,0.0,578974.3642079771,0.0,0.0,0.0,0.0,814046.4437182957,0.0,20.590623957286112,0.0,2640.0,0.0,0.0,0.0,61135.39999939086,0.0,1721.5500000003135,0.0,34075.14999973949,0.0,0.0,0.0,0.0,0.0,0.0,0.0,6815.030000000002,0.0,340751.5,1.0,324.0,0.0,347566.53000000014,0.0,0.0,0.0,814046.4437182957
929,2022-07-18,2022,True,22.542465753424658,1088,1088,1324,579897.9715542939,1874.9024746194034,71238,18,0.0,0.834554476094753,0.15755273416014468,0.14213118328313895,0.06485769086633054,0.3838390640301765,0.9561902573529412,0.10172331763619635,717475.9361929119,0,False,False,True,"{""0"":null,""1"":null,""2"":null,""3"":null}",1088.0,960225.0,1088.0,682591.0,1088.0,682591.0,923.6073463167995,579897.9715542939,923.6073463167995,0.0,0.0,1874.9024746194482,815921.3461929151,0.0,20.590623957286112,4.0,2644.0,0.0,0.0,97.69999999857828,61233.09999938944,8.700000000005275,1730.2500000003188,54.4000000031665,34129.54999974266,0.0,0.0,0.0,0.0,0.0,0.0,10.88000000000011,6825.910000000002,544.0,341295.5,0.0,324.0,554.8800000000047,348121.41000000015,0.0,0.0,1874.9024746194482,815921.3461929151
930,2022-07-19,2022,True,22.545205479452054,1088,1088,1324,580821.5789006107,1749.1691247024228,71289,38,0.0,0.8457273659016403,0.1391575702873616,0.14214233213300254,0.06511772252557707,0.3838390640301765,0.9566038602941177,0.12832976865610973,718670.2253176144,0,False,False,True,"{""0"":null,""1"":null,""2"":null,""3"":null}",1088.0,961313.0,1088.0,683679.0,1088.0,683679.0,923.6073463167995,580821.5789006107,923.6073463167995,0.0,0.0,1749.1691247024573,817670.5153176176,0.0,20.590623957286112,4.0,2648.0,0.0,0.0,97.69999999857828,61330.799999388015,0.0,1730.2500000003188,54.4000000031665,34183.949999745826,0.0,0.0,0.0,0.0,0.0,0.0,10.88000000000011,6836.790000000002,544.0,341839.5,0.0,324.0,554.8800000000047,348676.29000000015,0.0,0.0,1749.1691247024573,817670.5153176176
931,2022-07-20,2022,True,22.54794520547945,1088,1088,1324,581745.1862469275,1685.5327793420063,71399,58,0.0,0.8243289075381472,0.1631916013389612,0.14211467172076733,0.06530580173258772,0.3838390640301765,0.9565441176470588,0.15301570321009114,719800.8780969564,0,False,False,True,"{""0"":null,""1"":null,""2"":null,""3"":null}",1088.0,962401.0,1088.0,684767.0,1088.0,684767.0,923.6073463167995,581745.1862469275,923.6073463167995,0.0,0.0,1685.5327793420292,819356.0480969596,0.0,20.590623957286112,4.0,2652.0,0.0,0.0,97.69999999857828,61428.49999938659,0.0,1730.2500000003188,54.4000000031665,34238.34999974899,0.0,0.0,0.0,0.0,0.0,0.0,10.88000000000011,6847.670000000002,544.0,342383.5,0.0,324.0,554.8800000000047,349231.17000000016,0.0,0.0,1685.5327793420292,819356.0480969596
932,2022-07-21,2022,True,22.55068493150685,1087,1087,1324,582668.0035056344,1592.770543301933,71525,61,0.0,0.8114296738932558,0.1876475657917614,0.14214554439681315,0.06542993198774172,0.3838992884466499,0.9565915363385465,0.17588107844259157,720839.2786402584,0,False,False,True,"{""0"":null,""1"":null,""2"":null,""3"":null}",1087.0,963488.0,1087.0,685854.0,1087.0,685854.0,922.8172587068984,582668.0035056344,922.8172587068984,0.0,0.0,1592.7705433019437,820948.8186402615,0.0,20.590623957286112,4.0,2656.0,0.0,0.0,97.59999999857973,61526.09999938517,2.700000000001637,1732.9500000003204,54.350000003163586,34292.699999752156,0.0,0.0,0.0,0.0,0.0,0.0,10.86999999999989,6858.540000000002,543.5,342927.0,0.0,324.0,554.3699999999953,349785.54000000015,0.0,0.0,1592.7705433019437,820948.8186402615
933,2022-07-22,2022,True,22.553424657534247,1087,1087,1324,583590.8207643413,1500.4002335349003,71640,59,0.2277701768033734,0.8012651131466254,0.19590654374491062,0.14218587994236842,0.06568066013984158,0.3838992884466499,0.9567617295308187,0.19687559583744252,721785.3088737932,0,False,False,True,"{""0"":null,""1"":null,""2"":null,""3"":null}",1087.0,964575.0,1087.0,686941.0,1087.0,686941.0,922.8172587068984,583590.8207643413,922.8172587068984,0.0,0.0,1500.4002335348632,822449.2188737964,0.22777017680337508,20.818394134089488,4.0,2660.0,0.0,0.0,97.59999999857973,61623.69999938375,3.000000000001819,1735.9500000003222,54.350000003163586,34347.04999975532,0.0,0.0,0.0,0.0,0.0,0.0,10.86999999999989,6869.410000000002,543.5,343470.5,0.0,324.0,554.3699999999953,350339.91000000015,0.0,0.0,1500.4002335348632,822449.2188737964
934,2022-07-23,2022,False,22.556164383561644,1087,0,1324,583590.8207643413,0.0,70704,59,0.0,,,0.14219506764794249,0.06586446617559295,0.3838992884466499,0.9578518859245629,0.12145656203901059,721785.3088737932,0,False,False,True,"{""0"":null,""1"":null,""2"":null,""3"":null}",1087.0,965662.0,0.0,686941.0,0.0,686941.0,0.0,583590.8207643413,0.0,0.0,0.0,0.0,822449.2188737964,0.0,20.818394134089488,0.0,2660.0,0.0,0.0,0.0,61623.69999938375,0.0,1735.9500000003222,0.0,34347.04999975532,0.0,0.0,0.0,0.0,0.0,0.0,0.0,6869.410000000002,0.0,343470.5,0.0,324.0,0.0,350339.91000000015,0.0,0.0,0.0,822449.2188737964
935,2022-07-24,2022,False,22.55890410958904,1087,0,1324,583590.8207643413,0.0,70704,59,0.0,,,0.1421950676479425,0.06586446617559297,0.3838992884466499,0.9578518859245629,0.07376508506121923,721785.3088737932,0,False,False,True,"{""0"":null,""1"":null,""2"":null,""3"":null}",1087.0,966749.0,0.0,686941.0,0.0,686941.0,0.0,583590.8207643413,0.0,0.0,0.0,0.0,822449.2188737964,0.0,20.818394134089488,0.0,2660.0,0.0,0.0,0.0,61623.69999938375,0.0,1735.9500000003222,0.0,34347.04999975532,0.0,0.0,0.0,0.0,0.0,0.0,0.0,6869.410000000002,0.0,343470.5,0.0,324.0,0.0,350339.91000000015,0.0,0.0,0.0,822449.2188737964
936,2022-07-25,2022,True,22.561643835616437,1087,1087,1324,584513.6380230482,1881.5054698374322,71779,19,0.0,0.8306672489302356,0.17400013135426587,0.14219506764794249,0.06586446617559297,0.3838992884466499,0.9567295308187672,0.10238539786344708,723112.4443436307,0,False,False,True,"{""0"":null,""1"":null,""2"":null,""3"":null}",1087.0,967836.0,1087.0,688028.0,1087.0,688028.0,922.8172587068984,584513.6380230482,922.8172587068984,0.0,0.0,1881.5054698374588,824330.7243436339,0.0,20.818394134089488,4.0,2664.0,0.0,0.0,97.59999999857973,61721.29999938233,8.850000000005366,1744.8000000003276,54.350000003163586,34401.39999975848,0.0,0.0,0.0,0.0,0.0,0.0,10.86999999999989,6880.280000000002,543.5,344014.0,0.0,324.0,554.3699999999953,350894.28000000014,0.0,0.0,1881.5054698374588,824330.7243436339
937,2022-07-26,2022,True,22.564383561643837,1086,1086,1324,585435.4884268339,1754.677543503072,71842,39,0.008304255228271015,0.8332883869176708,0.17410374659949338,0.14207822654042693,0.06588622232684625,0.383889485739014,0.957048802946593,0.12836752637706764,724313.2618871338,0,False,False,True,"{""0"":null,""1"":null,""2"":null,""3"":null}",1086.0,968922.0,1086.0,689114.0,1086.0,689114.0,921.8504037857056,585435.4884268339,921.8504037857056,0.0,0.0,1754.6775435031159,826085.401887137,0.008304255228271273,20.82669838931776,4.0,2668.0,0.0,0.0,97.59999999857973,61818.89999938091,0.0,1744.8000000003276,54.300000003160676,34455.699999761644,0.0,0.0,0.0,0.0,0.0,0.0,10.859999999999673,6891.140000000001,543.0,344557.0,0.0,324.0,553.859999999986,351448.14000000013,0.0,0.0,1754.6775435031159,826085.401887137
938,2022-07-27,2022,True,22.567123287671233,1085,1085,1324,586356.6239214379,1690.2368322659913,71947,64,0.0,0.8283908218636947,0.1809125560919706,0.14183845173546453,0.06576802938826799,0.3836597920301396,0.9567880184331797,0.1531858399054925,725450.1487193998,0,False,False,True,"{""0"":null,""1"":null,""2"":null,""3"":null}",1085.0,970007.0,1085.0,690199.0,1085.0,690199.0,921.1354946040083,586356.6239214379,921.1354946040083,0.0,0.0,1690.236832265975,827775.638719403,0.0,20.82669838931776,4.0,2672.0,0.0,0.0,97.49999999858119,61916.39999937949,0.0,1744.8000000003276,54.250000003157766,34509.9499997648,0.0,0.0,0.0,0.0,0.0,0.0,10.850000000000364,6901.990000000002,542.5,345099.5,0.0,324.0,553.3499999999767,352001.4900000001,0.0,0.0,1690.236832265975,827775.638719403
939,2022-07-28,2022,True,22.56986301369863,1085,1085,1324,587277.7594160419,1603.7128555444958,72062,65,0.0,0.8109046994069873,0.18303692457350398,0.14192011089431528,0.0659825645356169,0.3836597920301396,0.956479262672811,0.1759017552860108,726500.5115749444,0,False,False,True,"{""0"":null,""1"":null,""2"":null,""3"":null}",1085.0,971092.0,1085.0,691284.0,1085.0,691284.0,921.1354946040083,587277.7594160419,921.1354946040083,0.0,0.0,1603.7128555445233,829379.3515749475,0.0,20.82669838931776,4.0,2676.0,0.0,0.0,97.49999999858119,62013.899999378074,2.850000000001728,1747.6500000003293,54.250000003157766,34564.19999976796,0.0,0.0,0.0,0.0,0.0,0.0,10.850000000000364,6912.840000000002,542.5,345642.0,0.0,324.0,553.3499999999767,352554.8400000001,0.0,0.0,1603.7128555445233,829379.3515749475
940,2022-07-29,2022,True,22.572602739726026,1085,1085,1324,588198.8949106459,1547.799824246429,72185,62,0.0,0.8074396672555513,0.19412982042679497,0.14190402589567067,0.0661482863309806,0.3836597920301396,0.9565622119815668,0.19688112703808808,727494.9613991908,0,False,False,True,"{""0"":null,""1"":null,""2"":null,""3"":null}",1085.0,972177.0,1085.0,692369.0,1085.0,692369.0,921.1354946040083,588198.8949106459,921.1354946040083,0.0,0.0,1547.7998242464382,830927.1513991939,0.0,20.82669838931776,4.0,2680.0,0.0,0.0,97.49999999858119,62111.399999376656,3.000000000001819,1750.6500000003311,54.250000003157766,34618.44999977112,0.0,0.0,0.0,0.0,0.0,0.0,10.850000000000364,6923.690000000002,542.5,346184.5,0.0,324.0,553.3499999999767,353108.19000000006,0.0,0.0,1547.7998242464382,830927.1513991939
941,2022-07-30,2022,False,22.575342465753426,1083,0,1324,588198.8949106459,0.0,71255,62,0.0,,,0.14231269652739456,0.06649004937965754,0.38401570038910243,0.9575023084025853,0.12125159260276373,727494.9613991908,0,False,False,True,"{""0"":null,""1"":null,""2"":null,""3"":null}",1083.0,973260.0,0.0,692369.0,0.0,692369.0,0.0,588198.8949106459,0.0,0.0,0.0,0.0,830927.1513991939,0.0,20.82669838931776,0.0,2680.0,0.0,0.0,0.0,62111.399999376656,0.0,1750.6500000003311,0.0,34618.44999977112,0.0,0.0,0.0,0.0,0.0,0.0,0.0,6923.690000000002,0.0,346184.5,0.0,324.0,0.0,353108.19000000006,0.0,0.0,0.0,830927.1513991939
942,2022-07-31,2022,False,22.578082191780823,1084,0,1325,588198.8949106459,0.0,71255,62,0.0,,,0.14241754010275828,0.06606782886993717,0.3842453940979768,0.9572647601476014,0.07348043990007294,727493.9613991908,0,False,False,True,"{""0"":null,""1"":null,""2"":null,""3"":null}",1084.0,974344.0,0.0,692369.0,0.0,692369.0,0.0,588198.8949106459,0.0,0.0,0.0,0.0,830927.1513991939,0.0,20.82669838931776,0.0,2680.0,0.0,0.0,0.0,62111.399999376656,0.0,1750.6500000003311,0.0,34618.44999977112,0.0,0.0,0.0,0.0,0.0,0.0,0.0,6923.690000000002,0.0,346184.5,1.0,325.0,0.0,353108.19000000006,0.0,0.0,0.0,830927.1513991939
943,2022-08-01,2022,True,22.58082191780822,1085,1085,1326,589119.8623244201,1897.6390345803622,72339,16,0.0,0.874710039957781,0.12360735351394656,0.14218426916885685,0.06526797585088172,0.38406875773905086,0.9561520737327188,0.10206121709067628,728837.2504337712,0,False,False,True,"{""0"":null,""1"":null,""2"":null,""3"":null}",1085.0,975429.0,1085.0,693454.0,1085.0,693454.0,920.9674137742259,589119.8623244201,920.9674137742259,0.0,0.0,1897.639034580323,832824.7904337742,0.0,20.82669838931776,4.0,2684.0,0.0,0.0,97.49999999858119,62208.89999937524,9.300000000005639,1759.9500000003368,54.250000003157766,34672.699999774275,0.0,0.0,0.0,0.0,0.0,0.0,10.850000000000364,6934.540000000003,542.5,346727.0,1.0,326.0,553.3499999999767,353661.54000000004,0.0,0.0,1897.639034580323,832824.7904337742
944,2022-08-02,2022,True,22.583561643835615,1085,1085,1326,590040.8297381944,1785.8677471927138,72387,38,0.034826246149356664,0.8386412123048218,0.15326337714379262,0.14224470730386124,0.06549053000637849,0.38406875773905086,0.9562903225806452,0.1285999127890845,730069.7681809639,0,False,False,True,"{""0"":null,""1"":null,""2"":null,""3"":null}",1085.0,976514.0,1085.0,694539.0,1085.0,694539.0,920.9674137742259,590040.8297381944,920.9674137742259,0.0,0.0,1785.8677471927367,834610.658180967,0.03482624614935759,20.861524635467116,4.0,2688.0,0.0,0.0,97.49999999858119,62306.39999937382,0.0,1759.9500000003368,54.250000003157766,34726.94999977743,0.0,0.0,0.0,0.0,0.0,0.0,10.850000000000364,6945.390000000003,542.5,347269.5,0.0,326.0,553.3499999999767,354214.89,0.0,0.0,1785.8677471927367,834610.658180967
945,2022-08-03,2022,True,22.586301369863016,1086,1086,1327,590962.7105444281,1698.8097556769171,72504,52,0.005540974975424945,0.8286518703194414,0.15665565407176898,0.14203015053373974,0.06488473349413668,0.383889485739014,0.9562384898710865,0.15321094240091954,731213.7179366408,0,False,False,True,"{""0"":null,""1"":null,""2"":null,""3"":null}",1086.0,977600.0,1086.0,695625.0,1086.0,695625.0,921.8808062337339,590962.7105444281,921.8808062337339,0.0,0.0,1698.8097556768917,836309.4679366439,0.005540974975424717,20.86706561044254,4.0,2692.0,0.0,0.0,97.59999999857973,62403.9999993724,0.0,1759.9500000003368,54.300000003160676,34781.24999978059,0.0,0.0,0.0,0.0,0.0,0.0,10.859999999999673,6956.250000000003,543.0,347812.5,1.0,327.0,553.859999999986,354768.75,0.0,0.0,1698.8097556768917,836309.4679366439
946,2022-08-04,2022,True,22.589041095890412,1086,1086,1327,591884.5913506618,1614.845431806467,72636,46,0.12711053538625566,0.832514589169407,0.16563011990312718,0.14205038460916203,0.06506168970745994,0.383889485739014,0.9564272559852671,0.17593632151271665,732274.7033684474,0,False,False,True,"{""0"":null,""1"":null,""2"":null,""3"":null}",1086.0,978686.0,1086.0,696711.0,1086.0,696711.0,921.8808062337339,591884.5913506618,921.8808062337339,0.0,0.0,1614.8454318065196,837924.3133684504,0.1271105353862545,20.994176145828796,4.0,2696.0,0.0,0.0,97.59999999857973,62501.59999937098,2.400000000001455,1762.3500000003382,54.300000003160676,34835.549999783754,0.0,0.0,0.0,0.0,0.0,0.0,10.859999999999673,6967.110000000002,543.0,348355.5,0.0,327.0,553.859999999986,355322.61,0.0,0.0,1614.8454318065196,837924.3133684504
947,2022-08-05,2022,True,22.59178082191781,1086,1086,1327,592806.4721568956,1541.538365153405,72744,44,0.4330153681108699,0.8407397393361901,0.15213574382084344,0.14211203018802598,0.06530579026948795,0.383889485739014,0.956620626151013,0.19690579342150297,733262.3817336007,0,False,False,True,"{""0"":null,""1"":null,""2"":null,""3"":null}",1086.0,979772.0,1086.0,697797.0,1086.0,697797.0,921.8808062337339,592806.4721568956,921.8808062337339,0.0,0.0,1541.538365153363,839465.8517336037,0.43301536811086905,21.427191513939665,4.0,2700.0,0.0,0.0,97.59999999857973,62599.19999936956,3.300000000002001,1765.6500000003402,54.300000003160676,34889.849999786915,0.0,0.0,0.0,0.0,0.0,0.0,10.859999999999673,6977.970000000002,543.0,348898.5,0.0,327.0,553.859999999986,355876.47,0.0,0.0,1541.538365153363,839465.8517336037
948,2022-08-06,2022,False,22.594520547945205,1086,0,1327,592806.4721568956,0.0,71805,44,0.0,,,0.1421637770510939,0.06553399912565523,0.383889485739014,0.9575644567219153,0.12147837456578131,733262.3817336007,0,False,False,True,"{""0"":null,""1"":null,""2"":null,""3"":null}",1086.0,980858.0,0.0,697797.0,0.0,697797.0,0.0,592806.4721568956,0.0,0.0,0.0,0.0,839465.8517336037,0.0,21.427191513939665,0.0,2700.0,0.0,0.0,0.0,62599.19999936956,0.0,1765.6500000003402,0.0,34889.849999786915,0.0,0.0,0.0,0.0,0.0,0.0,0.0,6977.970000000002,0.0,348898.5,0.0,327.0,0.0,355876.47,0.0,0.0,0.0,839465.8517336037
949,2022-08-07,2022,False,22.5972602739726,1086,0,1327,592806.4721568956,0.0,71805,44,0.0,,,0.1421637770510939,0.06553399912565525,0.383889485739014,0.9575644567219153,0.0738018364845831,733262.3817336007,0,False,False,True,"{""0"":null,""1"":null,""2"":null,""3"":null}",1086.0,981944.0,0.0,697797.0,0.0,697797.0,0.0,592806.4721568956,0.0,0.0,0.0,0.0,839465.8517336037,0.0,21.427191513939665,0.0,2700.0,0.0,0.0,0.0,62599.19999936956,0.0,1765.6500000003402,0.0,34889.849999786915,0.0,0.0,0.0,0.0,0.0,0.0,0.0,6977.970000000002,0.0,348898.5,0.0,327.0,0.0,355876.47,0.0,0.0,0.0,839465.8517336037
950,2022-08-08,2022,True,22.6,1086,1086,1327,593728.3529631293,1880.2209296620024,72864,24,0.0,0.821424427761768,0.1719025237420361,0.1421637770510939,0.06553399912565525,0.383889485739014,0.9564548802946593,0.1023773781809667,734588.7426632628,0,False,False,True,"{""0"":null,""1"":null,""2"":null,""3"":null}",1086.0,983030.0,1086.0,698883.0,1086.0,698883.0,921.8808062337339,593728.3529631293,921.8808062337339,0.0,0.0,1880.2209296619985,841346.0726632657,0.0,21.427191513939665,4.0,2704.0,0.0,0.0,97.59999999857973,62696.79999936814,6.600000000004002,1772.2500000003442,54.300000003160676,34944.149999790076,0.0,0.0,0.0,0.0,0.0,0.0,10.859999999999673,6988.830000000002,543.0,349441.5,0.0,327.0,553.859999999986,356430.32999999996,0.0,0.0,1880.2209296619985,841346.0726632657
951,2022-08-09,2022,True,22.602739726027398,1086,1086,1327,594650.233769363,1794.085787973632,72938,47,0.0,0.8277930304915896,0.16674061888871158,0.1421049937250674,0.06572666690256723,0.383889485739014,0.9563766114180479,0.12893082845884102,735828.9684512364,0,False,False,True,"{""0"":null,""1"":null,""2"":null,""3"":null}",1086.0,984116.0,1086.0,699969.0,1086.0,699969.0,921.8808062337339,594650.233769363,921.8808062337339,0.0,0.0,1794.0857879735995,843140.1584512393,0.0,21.427191513939665,4.0,2708.0,0.0,0.0,97.59999999857973,62794.39999936672,0.0,1772.2500000003442,54.300000003160676,34998.449999793236,0.0,0.0,0.0,0.0,0.0,0.0,10.859999999999673,6999.690000000001,543.0,349984.5,0.0,327.0,553.859999999986,356984.18999999994,0.0,0.0,1794.0857879735995,843140.1584512393
952,2022-08-10,2022,True,22.605479452054794,1086,1086,1327,595572.1145755968,1679.4417713563093,73064,60,0.0,0.8314664090591424,0.17085502081077547,0.14209820811900864,0.06591033067439149,0.383889485739014,0.9566252302025783,0.1535174050696651,736954.5502225927,0,False,False,True,"{""0"":null,""1"":null,""2"":null,""3"":null}",1086.0,985202.0,1086.0,701055.0,1086.0,701055.0,921.8808062337339,595572.1145755968,921.8808062337339,0.0,0.0,1679.4417713562725,844819.6002225956,0.0,21.427191513939665,4.0,2712.0,0.0,0.0,97.59999999857973,62891.9999993653,0.0,1772.2500000003442,54.300000003160676,35052.7499997964,0.0,0.0,0.0,0.0,0.0,0.0,10.859999999999673,7010.550000000001,543.0,350527.5,0.0,327.0,553.859999999986,357538.04999999993,0.0,0.0,1679.4417713562725,844819.6002225956
953,2022-08-11,2022,True,22.60821917808219,1086,1086,1327,596493.9953818305,1624.599721201924,73187,56,0.0,0.8221664983522905,0.1692432412312611,0.14218263278684073,0.06616546968686796,0.383889485739014,0.9567863720073664,0.17623552627909034,738025.2899437946,0,False,False,True,"{""0"":null,""1"":null,""2"":null,""3"":null}",1086.0,986288.0,1086.0,702141.0,1086.0,702141.0,921.8808062337339,596493.9953818305,921.8808062337339,0.0,0.0,1624.5997212019283,846444.1999437975,0.0,21.427191513939665,4.0,2716.0,0.0,0.0,97.59999999857973,62989.599999363876,3.600000000002183,1775.8500000003464,54.300000003160676,35107.04999979956,0.0,0.0,0.0,0.0,0.0,0.0,10.859999999999673,7021.410000000001,543.0,351070.5,0.0,327.0,553.859999999986,358091.9099999999,0.0,0.0,1624.5997212019283,846444.1999437975
954,2022-08-12,2022,True,22.610958904109587,1087,1087,1328,597416.6506143848,1556.4190355485014,73293,52,0.0,0.8095384407428203,0.17986484856411872,0.14193916335507728,0.06554417000423321,0.3837102137389772,0.9566099356025759,0.19704285558897397,739026.3389793431,0,False,False,True,"{""0"":null,""1"":null,""2"":null,""3"":null}",1087.0,987375.0,1087.0,703228.0,1087.0,703228.0,922.6552325543016,597416.6506143848,922.6552325543016,0.0,0.0,1556.4190355484607,848000.618979346,0.0,21.427191513939665,4.0,2720.0,0.0,0.0,97.69999999857828,63087.299999362454,3.450000000002092,1779.3000000003485,54.350000003163586,35161.39999980272,0.0,0.0,0.0,0.0,0.0,0.0,10.86999999999989,7032.280000000001,543.5,351614.0,1.0,328.0,554.3699999999953,358646.2799999999,0.0,0.0,1556.4190355484607,848000.618979346
955,2022-08-13,2022,False,22.613698630136987,1087,0,1328,597416.6506143848,0.0,72355,52,0.0,,,0.1419491645877736,0.06577408093100306,0.3837102137389772,0.9575298988040478,0.1216755533097203,739026.3389793431,0,False,False,True,"{""0"":null,""1"":null,""2"":null,""3"":null}",1087.0,988462.0,0.0,703228.0,0.0,703228.0,0.0,597416.6506143848,0.0,0.0,0.0,0.0,848000.618979346,0.0,21.427191513939665,0.0,2720.0,0.0,0.0,0.0,63087.299999362454,0.0,1779.3000000003485,0.0,35161.39999980272,0.0,0.0,0.0,0.0,0.0,0.0,0.0,7032.280000000001,0.0,351614.0,0.0,328.0,0.0,358646.2799999999,0.0,0.0,0.0,848000.618979346
956,2022-08-14,2022,False,22.616438356164384,1088,0,1329,597416.6506143848,0.0,72355,52,0.0,,,0.1419172066541395,0.06516348873376888,0.383720016446613,0.9572931985294119,0.07400806162990618,739025.3389793431,0,False,False,True,"{""0"":null,""1"":null,""2"":null,""3"":null}",1088.0,989550.0,0.0,703228.0,0.0,703228.0,0.0,597416.6506143848,0.0,0.0,0.0,0.0,848000.618979346,0.0,21.427191513939665,0.0,2720.0,0.0,0.0,0.0,63087.299999362454,0.0,1779.3000000003485,0.0,35161.39999980272,0.0,0.0,0.0,0.0,0.0,0.0,0.0,7032.280000000001,0.0,351614.0,1.0,329.0,0.0,358646.2799999999,0.0,0.0,0.0,848000.618979346
957,2022-08-15,2022,True,22.61917808219178,1087,1087,1329,598339.2371914737,1846.1373191428097,73424,17,0.0,0.8399176789687739,0.14846227413166774,0.14188790459513073,0.06506690149529366,0.3837102137389772,0.956200551977921,0.10256067080005518,740317.1062984859,0,False,False,True,"{""0"":null,""1"":null,""2"":null,""3"":null}",1087.0,990637.0,1087.0,704315.0,1087.0,704315.0,922.5865770889213,598339.2371914737,922.5865770889213,0.0,0.0,1846.1373191428138,849846.7562984888,0.0,21.427191513939665,4.0,2724.0,0.0,0.0,97.69999999857828,63184.99999936103,7.800000000004729,1787.1000000003532,54.350000003163586,35215.749999805885,0.0,0.0,0.0,0.0,0.0,0.0,10.86999999999989,7043.150000000001,543.5,352157.5,0.0,329.0,554.3699999999953,359200.6499999999,0.0,0.0,1846.1373191428138,849846.7562984888
958,2022-08-16,2022,True,22.621917808219177,1087,1087,1329,599261.8237685626,1788.6380214496926,73479,36,0.0,0.8187331592441082,0.17289840067115095,0.14192242603763852,0.06530305799758229,0.3837102137389772,0.9561223551057958,0.12910250653660238,741551.3743199356,0,False,False,True,"{""0"":null,""1"":null,""2"":null,""3"":null}",1087.0,991724.0,1087.0,705402.0,1087.0,705402.0,922.5865770889213,599261.8237685626,922.5865770889213,0.0,0.0,1788.6380214496749,851635.3943199385,0.0,21.427191513939665,4.0,2728.0,0.0,0.0,97.69999999857828,63282.69999935961,0.0,1787.1000000003532,54.350000003163586,35270.09999980905,0.0,0.0,0.0,0.0,0.0,0.0,10.86999999999989,7054.02,543.5,352701.0,0.0,329.0,554.3699999999953,359755.0199999999,0.0,0.0,1788.6380214496749,851635.3943199385
959,2022-08-17,2022,True,22.624657534246577,1086,1086,1329,600183.5683240446,1716.1398922121825,73608,51,0.08467910352741535,0.8305657305657306,0.17135452526643458,0.14207977693651191,0.06552400629435016,0.38388685009790313,0.9563766114180479,0.1537012290143955,742713.6542121478,0,False,False,True,"{""0"":null,""1"":null,""2"":null,""3"":null}",1086.0,992810.0,1086.0,706488.0,1086.0,706488.0,921.7445554819424,600183.5683240446,921.7445554819424,0.0,0.0,1716.1398922122316,853351.5342121507,0.0846791035274137,21.51187061746708,4.0,2732.0,0.0,0.0,97.59999999857973,63380.29999935819,0.0,1787.1000000003532,54.300000003160676,35324.39999981221,0.0,0.0,0.0,0.0,0.0,0.0,10.859999999999673,7064.88,543.0,353244.0,0.0,329.0,553.859999999986,360308.8799999999,0.0,0.0,1716.1398922122316,853351.5342121507
960,2022-08-18,2022,True,22.627397260273973,1085,1085,1329,601104.3722221549,1614.4444144643085,73732,46,0.052899797048739504,0.8025951949743771,0.2061911152531866,0.14215897657252113,0.06574984417342647,0.38406612209794,0.9563824884792627,0.17568429062092586,743774.7486266121,0,False,False,True,"{""0"":null,""1"":null,""2"":null,""3"":null}",1085.0,993895.0,1085.0,707573.0,1085.0,707573.0,920.8038981102873,601104.3722221549,920.8038981102873,0.0,0.0,1614.4444144642912,854965.978626615,0.05289979704873815,21.564770414515817,4.0,2736.0,0.0,0.0,97.49999999858119,63477.79999935677,2.550000000001546,1789.6500000003548,54.250000003157766,35378.64999981537,0.0,0.0,0.0,0.0,0.0,0.0,10.850000000000364,7075.7300000000005,542.5,353786.5,0.0,329.0,553.3499999999767,360862.22999999986,0.0,0.0,1614.4444144642912,854965.978626615
961,2022-08-19,2022,True,22.63013698630137,1085,1085,1329,602025.1761202652,1553.5663785027446,73833,50,0.0,0.8164773509569049,0.17430347078418157,0.14215444013822592,0.06602212954269077,0.38406612209794,0.9564608294930875,0.1966120153176331,744774.9650051149,0,False,False,True,"{""0"":null,""1"":null,""2"":null,""3"":null}",1085.0,994980.0,1085.0,708658.0,1085.0,708658.0,920.8038981102873,602025.1761202652,920.8038981102873,0.0,0.0,1553.5663785027573,856519.5450051178,0.0,21.564770414515817,4.0,2740.0,0.0,0.0,97.49999999858119,63575.29999935535,2.850000000001728,1792.5000000003565,54.250000003157766,35432.899999818525,0.0,0.0,0.0,0.0,0.0,0.0,10.850000000000364,7086.580000000001,542.5,354329.0,0.0,329.0,553.3499999999767,361415.57999999984,0.0,0.0,1553.5663785027573,856519.5450051178
962,2022-08-20,2022,False,22.632876712328766,1085,0,1329,602025.1761202652,0.0,72905,50,0.0,,,0.14221366465151886,0.06618568359525011,0.38406612209794,0.9574193548387097,0.12127547525352948,744774.9650051149,0,False,False,True,"{""0"":null,""1"":null,""2"":null,""3"":null}",1085.0,996065.0,0.0,708658.0,0.0,708658.0,0.0,602025.1761202652,0.0,0.0,0.0,0.0,856519.5450051178,0.0,21.564770414515817,0.0,2740.0,0.0,0.0,0.0,63575.29999935535,0.0,1792.5000000003565,0.0,35432.899999818525,0.0,0.0,0.0,0.0,0.0,0.0,0.0,7086.580000000001,0.0,354329.0,0.0,329.0,0.0,361415.57999999984,0.0,0.0,0.0,856519.5450051178
963,2022-08-21,2022,False,22.635616438356166,1085,0,1329,602025.1761202652,0.0,72905,50,0.0,,,0.14221366465151886,0.06618568359525012,0.38406612209794,0.9574193548387097,0.07372864463269078,744774.9650051149,0,False,False,True,"{""0"":null,""1"":null,""2"":null,""3"":null}",1085.0,997150.0,0.0,708658.0,0.0,708658.0,0.0,602025.1761202652,0.0,0.0,0.0,0.0,856519.5450051178,0.0,21.564770414515817,0.0,2740.0,0.0,0.0,0.0,63575.29999935535,0.0,1792.5000000003565,0.0,35432.899999818525,0.0,0.0,0.0,0.0,0.0,0.0,0.0,7086.580000000001,0.0,354329.0,0.0,329.0,0.0,361415.57999999984,0.0,0.0,0.0,856519.5450051178
964,2022-08-22,2022,True,22.638356164383563,1085,1085,1329,602945.9800183754,1883.5066911792944,73984,14,0.0,0.822043232823902,0.15211392837108517,0.14221366465151886,0.06618568359525012,0.38406612209794,0.9565990783410139,0.10224043002165051,746105.1216962942,0,False,False,True,"{""0"":null,""1"":null,""2"":null,""3"":null}",1085.0,998235.0,1085.0,709743.0,1085.0,709743.0,920.8038981102873,602945.9800183754,920.8038981102873,0.0,0.0,1883.5066911792383,858403.051696297,0.0,21.564770414515817,4.0,2744.0,0.0,0.0,97.49999999858119,63672.799999353934,7.5000000000045475,1800.000000000361,54.250000003157766,35487.14999982168,0.0,0.0,0.0,0.0,0.0,0.0,10.850000000000364,7097.430000000001,542.5,354871.5,0.0,329.0,553.3499999999767,361968.9299999998,0.0,0.0,1883.5066911792383,858403.051696297
965,2022-08-23,2022,True,22.64109589041096,1084,1084,1329,603865.9000616885,1817.6492251987208,74025,34,0.0,0.8524041014747334,0.14373066206093507,0.1424609678024159,0.06720659484454664,0.3842453940979768,0.9570987084870848,0.12889678827803544,747369.9309214929,0,False,False,True,"{""0"":null,""1"":null,""2"":null,""3"":null}",1084.0,999319.0,1084.0,710827.0,1084.0,710827.0,919.9200433130609,603865.9000616885,919.9200433130609,0.0,0.0,1817.6492251986638,860220.7009214957,0.0,21.564770414515817,4.0,2748.0,0.0,0.0,97.39999999858264,63770.19999935252,0.0,1800.000000000361,54.200000003154855,35541.34999982484,0.0,0.0,0.0,0.0,0.0,0.0,10.840000000000146,7108.270000000001,542.0,355413.5,0.0,329.0,552.8400000000256,362521.76999999984,0.0,0.0,1817.6492251986638,860220.7009214957
966,2022-08-24,2022,True,22.643835616438356,1084,1084,1329,604785.8201050016,1692.8630387693513,74136,54,0.0,0.8117433991039938,0.1717756633558103,0.14253120093915825,0.06740003955218024,0.3842453940979768,0.9567204797047971,0.1534463261770543,748509.9539602622,0,False,False,True,"{""0"":null,""1"":null,""2"":null,""3"":null}",1084.0,1000403.0,1084.0,711911.0,1084.0,711911.0,919.9200433130609,604785.8201050016,919.9200433130609,0.0,0.0,1692.863038769341,861913.563960265,0.0,21.564770414515817,4.0,2752.0,0.0,0.0,97.39999999858264,63867.5999993511,0.0,1800.000000000361,54.200000003154855,35595.54999982799,0.0,0.0,0.0,0.0,0.0,0.0,10.840000000000146,7119.1100000000015,542.0,355955.5,0.0,329.0,552.8400000000256,363074.60999999987,0.0,0.0,1692.863038769341,861913.563960265
967,2022-08-25,2022,True,22.646575342465752,1084,1084,1329,605705.7401483146,1626.506551958445,74275,57,0.0,0.8329690755341312,0.16172212562042046,0.1425629720504663,0.06761348565697932,0.3842453940979768,0.9568911439114391,0.17608657066953415,749583.6205122207,0,False,False,True,"{""0"":null,""1"":null,""2"":null,""3"":null}",1084.0,1001487.0,1084.0,712995.0,1084.0,712995.0,919.9200433130609,605705.7401483146,919.9200433130609,0.0,0.0,1626.5065519583877,863540.0705122234,0.0,21.564770414515817,4.0,2756.0,0.0,0.0,97.39999999858264,63964.99999934968,2.1000000000012733,1802.1000000003623,54.200000003154855,35649.74999983115,0.0,0.0,0.0,0.0,0.0,0.0,10.840000000000146,7129.950000000002,542.0,356497.5,0.0,329.0,552.8400000000256,363627.4499999999,0.0,0.0,1626.5065519583877,863540.0705122234
968,2022-08-26,2022,True,22.649315068493152,1084,1084,1329,606625.6601916277,1595.4083910206841,74387,53,0.0,0.7970505331100126,0.19800467518103915,0.14250655685370822,0.06779594996887445,0.3842453940979768,0.9571356088560886,0.19703480116207087,750626.1889032414,0,False,False,True,"{""0"":null,""1"":null,""2"":null,""3"":null}",1084.0,1002571.0,1084.0,714079.0,1084.0,714079.0,919.9200433130609,606625.6601916277,919.9200433130609,0.0,0.0,1595.4083910207264,865135.4789032441,0.0,21.564770414515817,4.0,2760.0,0.0,0.0,97.39999999858264,64062.399999348265,3.000000000001819,1805.1000000003642,54.200000003154855,35703.9499998343,0.0,0.0,0.0,0.0,0.0,0.0,10.840000000000146,7140.790000000002,542.0,357039.5,0.0,329.0,552.8400000000256,364180.2899999999,0.0,0.0,1595.4083910207264,865135.4789032441
969,2022-08-27,2022,False,22.65205479452055,1083,0,1329,606625.6601916277,0.0,73455,53,0.0,,,0.14244460789065017,0.06776218273192187,0.38401570038910243,0.9582040627885502,0.12159753424436914,750626.1889032414,0,False,False,True,"{""0"":null,""1"":null,""2"":null,""3"":null}",1083.0,1003654.0,0.0,714079.0,0.0,714079.0,0.0,606625.6601916277,0.0,0.0,0.0,0.0,865135.4789032441,0.0,21.564770414515817,0.0,2760.0,0.0,0.0,0.0,64062.399999348265,0.0,1805.1000000003642,0.0,35703.9499998343,0.0,0.0,0.0,0.0,0.0,0.0,0.0,7140.790000000002,0.0,357039.5,0.0,329.0,0.0,364180.2899999999,0.0,0.0,0.0,865135.4789032441
970,2022-08-28,2022,False,22.654794520547945,1084,0,1330,606625.6601916277,0.0,73455,53,0.0,,,0.14217734667570747,0.06695886033189065,0.3838364283890656,0.9579658671586715,0.0739477982347483,750625.1889032414,0,False,False,True,"{""0"":null,""1"":null,""2"":null,""3"":null}",1084.0,1004738.0,0.0,714079.0,0.0,714079.0,0.0,606625.6601916277,0.0,0.0,0.0,0.0,865135.4789032441,0.0,21.564770414515817,0.0,2760.0,0.0,0.0,0.0,64062.399999348265,0.0,1805.1000000003642,0.0,35703.9499998343,0.0,0.0,0.0,0.0,0.0,0.0,0.0,7140.790000000002,0.0,357039.5,1.0,330.0,0.0,364180.2899999999,0.0,0.0,0.0,865135.4789032441
971,2022-08-29,2022,True,22.65753424657534,1084,1084,1330,607545.4274145835,1872.7782711077843,74521,25,0.0,0.8503300803673939,0.14567540228667275,0.14217734667570747,0.06695886033189064,0.3838364283890656,0.956729704797048,0.10243599156461243,751945.1271743493,0,False,False,True,"{""0"":null,""1"":null,""2"":null,""3"":null}",1084.0,1005822.0,1084.0,715163.0,1084.0,715163.0,919.767222955823,607545.4274145835,919.767222955823,0.0,0.0,1872.778271107818,867008.257174352,0.0,21.564770414515817,4.0,2764.0,0.0,0.0,97.39999999858264,64159.79999934685,7.95000000000482,1813.050000000369,54.200000003154855,35758.14999983746,0.0,0.0,0.0,0.0,0.0,0.0,10.840000000000146,7151.630000000002,542.0,357581.5,0.0,330.0,552.8400000000256,364733.12999999995,0.0,0.0,1872.778271107818,867008.257174352
972,2022-08-30,2022,True,22.660273972602738,1083,1083,1330,608464.2188418517,1778.8062860020007,74591,40,0.0,0.8660831077232526,0.1269932029140499,0.14201131440862397,0.06675591293482672,0.3836100917156182,0.9569529085872577,0.1289902067808671,753171.6034603514,0,False,False,True,"{""0"":null,""1"":null,""2"":null,""3"":null}",1083.0,1006905.0,1083.0,716246.0,1083.0,716246.0,918.791427268181,608464.2188418517,918.791427268181,0.0,0.0,1778.8062860020436,868787.063460354,0.0,21.564770414515817,4.0,2768.0,0.0,0.0,97.2999999985841,64257.09999934543,0.0,1813.050000000369,54.150000003151945,35812.29999984061,0.0,0.0,0.0,0.0,0.0,0.0,10.829999999999927,7162.460000000002,541.5,358123.0,0.0,330.0,552.3300000000163,365285.45999999996,0.0,0.0,1778.8062860020436,868787.063460354
973,2022-08-31,2022,True,22.663013698630138,1083,1083,1330,609383.0102691199,1701.5426550139912,74693,62,0.0,0.8254737063533157,0.18923060346435566,0.1420143463649935,0.06694549029330467,0.3836100917156182,0.9568374884579872,0.15355687121327985,754320.8161153654,0,False,False,True,"{""0"":null,""1"":null,""2"":null,""3"":null}",1083.0,1007988.0,1083.0,717329.0,1083.0,717329.0,918.791427268181,609383.0102691199,918.791427268181,0.0,0.0,1701.5426550139673,870488.606115368,0.0,21.564770414515817,4.0,2772.0,0.0,0.0,97.2999999985841,64354.399999344016,0.0,1813.050000000369,54.150000003151945,35866.44999984376,0.0,0.0,0.0,0.0,0.0,0.0,10.829999999999927,7173.290000000002,541.5,358664.5,0.0,330.0,552.3300000000163,365837.79,0.0,0.0,1701.5426550139673,870488.606115368
974,2022-09-01,2022,True,22.665753424657535,1083,1083,1330,610301.801696388,1615.9459124632422,74831,58,0.0,0.8476455080054729,0.1506550328655878,0.14204313507130234,0.06717705894942301,0.3836100917156182,0.956971375807941,0.17616840052558008,755384.4320278286,0,False,False,True,"{""0"":null,""1"":null,""2"":null,""3"":null}",1083.0,1009071.0,1083.0,718412.0,1083.0,718412.0,918.791427268181,610301.801696388,918.791427268181,0.0,0.0,1615.9459124632413,872104.5520278312,0.0,21.564770414515817,4.0,2776.0,0.0,0.0,97.2999999985841,64451.6999993426,3.7500000000022737,1816.8000000003713,54.150000003151945,35920.59999984691,0.0,0.0,0.0,0.0,0.0,0.0,10.829999999999927,7184.120000000002,541.5,359206.0,0.0,330.0,552.3300000000163,366390.12,0.0,0.0,1615.9459124632413,872104.5520278312
975,2022-09-02,2022,True,22.66849315068493,1083,1083,1330,611220.5931236562,1559.9483263815744,74931,70,0.0,0.8226036957709477,0.17615973367030036,0.14210997322320748,0.06746314119336225,0.3836100917156182,0.9572576177285319,0.19712228897827727,756392.0503542103,0,False,False,True,"{""0"":null,""1"":null,""2"":null,""3"":null}",1083.0,1010154.0,1083.0,719495.0,1083.0,719495.0,918.791427268181,611220.5931236562,918.791427268181,0.0,0.0,1559.9483263816219,873664.5003542128,0.0,21.564770414515817,4.0,2780.0,0.0,0.0,97.2999999985841,64548.999999341184,2.2500000000013642,1819.0500000003726,54.150000003151945,35974.749999850064,0.0,0.0,0.0,0.0,0.0,0.0,10.829999999999927,7194.950000000002,541.5,359747.5,0.0,330.0,552.3300000000163,366942.45,0.0,0.0,1559.9483263816219,873664.5003542128
976,2022-09-03,2022,False,22.671232876712327,1083,0,1330,611220.5931236562,0.0,74005,70,0.0,,,0.14210986422272326,0.06761750446537522,0.3836100917156182,0.9583471837488459,0.12164775841589835,756392.0503542103,0,False,False,True,"{""0"":null,""1"":null,""2"":null,""3"":null}",1083.0,1011237.0,0.0,719495.0,0.0,719495.0,0.0,611220.5931236562,0.0,0.0,0.0,0.0,873664.5003542128,0.0,21.564770414515817,0.0,2780.0,0.0,0.0,0.0,64548.999999341184,0.0,1819.0500000003726,0.0,35974.749999850064,0.0,0.0,0.0,0.0,0.0,0.0,0.0,7194.950000000002,0.0,359747.5,0.0,330.0,0.0,366942.45,0.0,0.0,0.0,873664.5003542128
977,2022-09-04,2022,False,22.673972602739727,1082,0,1330,611220.5931236562,0.0,74005,70,0.0,,,0.1419900915182174,0.06736917152317441,0.3833837550421709,0.9583086876155269,0.07404371414558363,756392.0503542103,0,False,False,True,"{""0"":null,""1"":null,""2"":null,""3"":null}",1082.0,1012319.0,0.0,719495.0,0.0,719495.0,0.0,611220.5931236562,0.0,0.0,0.0,0.0,873664.5003542128,0.0,21.564770414515817,0.0,2780.0,0.0,0.0,0.0,64548.999999341184,0.0,1819.0500000003726,0.0,35974.749999850064,0.0,0.0,0.0,0.0,0.0,0.0,0.0,7194.950000000002,0.0,359747.5,0.0,330.0,0.0,366942.45,0.0,0.0,0.0,873664.5003542128
978,2022-09-05,2022,True,22.676712328767124,1082,1082,1330,612138.3971324288,1867.1442518072474,75104,9,0.0,0.8482794361525705,0.13331069608277774,0.1419900915182174,0.06736917152317443,0.3833837550421709,0.9575878003696857,0.10253901717065751,757707.3746060176,0,False,False,True,"{""0"":null,""1"":null,""2"":null,""3"":null}",1082.0,1013401.0,1082.0,720577.0,1082.0,720577.0,917.8040087725967,612138.3971324288,917.8040087725967,0.0,0.0,1867.1442518072436,875531.6446060201,0.0,21.564770414515817,4.0,2784.0,0.0,0.0,97.19999999858555,64646.19999933977,10.500000000006366,1829.550000000379,54.100000003149034,36028.84999985321,0.0,0.0,0.0,0.0,0.0,0.0,10.819999999999709,7205.770000000001,541.0,360288.5,0.0,330.0,551.820000000007,367494.27,0.0,0.0,1867.1442518072436,875531.6446060201
979,2022-09-06,2022,True,22.67945205479452,1082,1082,1330,613056.2011412014,1769.5500725112252,75137,30,0.0,0.8391360192501545,0.15703047806975606,0.1420170520713928,0.06763096122376334,0.3833837550421709,0.9579158964879851,0.1291299619601614,758925.1046785288,0,False,False,True,"{""0"":null,""1"":null,""2"":null,""3"":null}",1082.0,1014483.0,1082.0,721659.0,1082.0,721659.0,917.8040087725967,613056.2011412014,917.8040087725967,0.0,0.0,1769.5500725111924,877301.1946785313,0.0,21.564770414515817,4.0,2788.0,0.0,0.0,97.19999999858555,64743.399999338355,0.0,1829.550000000379,54.100000003149034,36082.94999985636,0.0,0.0,0.0,0.0,0.0,0.0,10.819999999999709,7216.590000000001,541.0,360829.5,0.0,330.0,551.820000000007,368046.09,0.0,0.0,1769.5500725111924,877301.1946785313
980,2022-09-07,2022,True,22.682191780821917,1082,1082,1330,613974.005149974,1711.989272195331,75246,43,0.18363893251129212,0.8475180266965825,0.1551159824059667,0.14204142970545125,0.06782886545281347,0.3833837550421709,0.9577264325323475,0.15372953077017068,760085.2739507243,0,False,False,True,"{""0"":null,""1"":null,""2"":null,""3"":null}",1082.0,1015565.0,1082.0,722741.0,1082.0,722741.0,917.8040087725967,613974.005149974,917.8040087725967,0.0,0.0,1711.9892721953802,879013.1839507266,0.18363893251129326,21.74840934702711,4.0,2792.0,0.0,0.0,97.19999999858555,64840.59999933694,0.0,1829.550000000379,54.100000003149034,36137.04999985951,0.0,0.0,0.0,0.0,0.0,0.0,10.819999999999709,7227.410000000001,541.0,361370.5,0.0,330.0,551.820000000007,368597.91000000003,0.0,0.0,1711.9892721953802,879013.1839507266
981,2022-09-08,2022,True,22.684931506849317,1082,1082,1330,614891.8091587466,1608.0976935617655,75368,44,0.1308161549282678,0.8289848754593048,0.16676094628778068,0.14207632166555859,0.0680101939476076,0.3833837550421709,0.9577079482439926,0.17643216139715426,761141.5516442861,0,False,False,True,"{""0"":null,""1"":null,""2"":null,""3"":null}",1082.0,1016647.0,1082.0,723823.0,1082.0,723823.0,917.8040087725967,614891.8091587466,917.8040087725967,0.0,0.0,1608.0976935618091,880621.2816442885,0.1308161549282687,21.87922550195538,4.0,2796.0,0.0,0.0,97.19999999858555,64937.799999335526,1.3500000000008185,1830.9000000003798,54.100000003149034,36191.14999986266,0.0,0.0,0.0,0.0,0.0,0.0,10.819999999999709,7238.2300000000005,541.0,361911.5,0.0,330.0,551.820000000007,369149.73000000004,0.0,0.0,1608.0976935618091,880621.2816442885
982,2022-09-09,2022,True,22.687671232876713,1084,1084,1332,615811.3689800763,1525.8718038507468,75500,39,0.0,0.8072754532511485,0.18032477801438915,0.1421922308779793,0.06720895458227005,0.3836198944232541,0.9576568265682656,0.1971470600819999,762112.5834481369,0,False,False,True,"{""0"":null,""1"":null,""2"":null,""3"":null}",1084.0,1017731.0,1084.0,724907.0,1084.0,724907.0,919.5598213296616,615811.3689800763,919.5598213296616,0.0,0.0,1525.8718038507504,882147.1534481392,0.0,21.87922550195538,4.0,2800.0,0.0,0.0,97.2999999985841,65035.09999933411,3.15000000000191,1834.0500000003817,54.200000003154855,36245.349999865815,0.0,0.0,0.0,0.0,0.0,0.0,10.840000000000146,7249.070000000001,542.0,362453.5,2.0,332.0,552.8400000000256,369702.57000000007,0.0,0.0,1525.8718038507504,882147.1534481392
983,2022-09-10,2022,False,22.69041095890411,1083,0,1332,615811.3689800763,0.0,74556,39,0.0,,,0.14208069981237917,0.06732699246928886,0.3836801188397275,0.9586518928901201,0.12151076340860059,762112.5834481369,0,False,False,True,"{""0"":null,""1"":null,""2"":null,""3"":null}",1083.0,1018814.0,0.0,724907.0,0.0,724907.0,0.0,615811.3689800763,0.0,0.0,0.0,0.0,882147.1534481392,0.0,21.87922550195538,0.0,2800.0,0.0,0.0,0.0,65035.09999933411,0.0,1834.0500000003817,0.0,36245.349999865815,0.0,0.0,0.0,0.0,0.0,0.0,0.0,7249.070000000001,0.0,362453.5,0.0,332.0,0.0,369702.57000000007,0.0,0.0,0.0,882147.1534481392
984,2022-09-11,2022,False,22.693150684931506,1083,0,1332,615811.3689800763,0.0,74556,39,0.0,,,0.14208069981237917,0.06732699246928889,0.3836801188397275,0.9586518928901201,0.07395436235980722,762112.5834481369,0,False,False,True,"{""0"":null,""1"":null,""2"":null,""3"":null}",1083.0,1019897.0,0.0,724907.0,0.0,724907.0,0.0,615811.3689800763,0.0,0.0,0.0,0.0,882147.1534481392,0.0,21.87922550195538,0.0,2800.0,0.0,0.0,0.0,65035.09999933411,0.0,1834.0500000003817,0.0,36245.349999865815,0.0,0.0,0.0,0.0,0.0,0.0,0.0,7249.070000000001,0.0,362453.5,0.0,332.0,0.0,369702.57000000007,0.0,0.0,0.0,882147.1534481392
985,2022-09-12,2022,True,22.695890410958903,1083,1083,1332,616729.9804185508,1820.7751153913407,75620,23,0.0,0.8503734142434093,0.1334708403047535,0.14208069981237917,0.06732699246928887,0.3836801188397275,0.9577562326869806,0.10240359772516701,763381.0285635283,0,False,False,True,"{""0"":null,""1"":null,""2"":null,""3"":null}",1083.0,1020980.0,1083.0,725990.0,1083.0,725990.0,918.6114384745015,616729.9804185508,918.6114384745015,0.0,0.0,1820.775115391356,883967.9285635306,0.0,21.87922550195538,4.0,2804.0,0.0,0.0,97.19999999858555,65132.299999332696,5.850000000003547,1839.9000000003853,54.150000003151945,36299.49999986897,0.0,0.0,0.0,0.0,0.0,0.0,10.829999999999927,7259.900000000001,541.5,362995.0,0.0,332.0,552.3300000000163,370254.9000000001,0.0,0.0,1820.775115391356,883967.9285635306
986,2022-09-13,2022,True,22.698630136986303,1082,1082,1332,617647.7048610932,1785.4556605105386,75698,35,0.0,0.8392240435921936,0.16973104659367427,0.142065079463632,0.06738336518756378,0.3836703161320917,0.9581654343807763,0.1288454328821088,764614.664224039,0,False,False,True,"{""0"":null,""1"":null,""2"":null,""3"":null}",1082.0,1022062.0,1082.0,727072.0,1082.0,727072.0,917.7244425424142,617647.7048610932,917.7244425424142,0.0,0.0,1785.4556605105754,885753.3842240411,0.0,21.87922550195538,4.0,2808.0,0.0,0.0,97.19999999858555,65229.49999933128,0.0,1839.9000000003853,54.100000003149034,36353.599999872116,0.0,0.0,0.0,0.0,0.0,0.0,10.819999999999709,7270.72,541.0,363536.0,0.0,332.0,551.820000000007,370806.7200000001,0.0,0.0,1785.4556605105754,885753.3842240411
987,2022-09-14,2022,True,22.7013698630137,1082,1082,1332,618565.4293036356,1703.9846551225257,75799,51,0.0,0.8207453892919554,0.17017022946910518,0.14205706236364463,0.06757496952965979,0.3836703161320917,0.9578049907578559,0.15333459705197103,765766.8288791615,0,False,False,True,"{""0"":null,""1"":null,""2"":null,""3"":null}",1082.0,1023144.0,1082.0,728154.0,1082.0,728154.0,917.7244425424142,618565.4293036356,917.7244425424142,0.0,0.0,1703.9846551225055,887457.3688791636,0.0,21.87922550195538,4.0,2812.0,0.0,0.0,97.19999999858555,65326.69999932987,0.0,1839.9000000003853,54.100000003149034,36407.699999875265,0.0,0.0,0.0,0.0,0.0,0.0,10.819999999999709,7281.54,541.0,364077.0,0.0,332.0,551.820000000007,371358.5400000001,0.0,0.0,1703.9846551225055,887457.3688791636
988,2022-09-15,2022,True,22.704109589041096,1082,1082,1332,619483.153746178,1603.7401234621789,75929,40,0.36374953377691455,0.8189081916514862,0.16986598419893878,0.1420462204589583,0.06782395549355881,0.3836703161320917,0.9576340110905731,0.1759322008970578,766818.7490026237,0,False,False,True,"{""0"":null,""1"":null,""2"":null,""3"":null}",1082.0,1024226.0,1082.0,729236.0,1082.0,729236.0,917.7244425424142,619483.153746178,917.7244425424142,0.0,0.0,1603.7401234621648,889061.1090026258,0.36374953377691455,22.242975035732293,4.0,2816.0,0.0,0.0,97.19999999858555,65423.89999932845,3.450000000002092,1843.3500000003874,54.100000003149034,36461.799999878414,0.0,0.0,0.0,0.0,0.0,0.0,10.819999999999709,7292.36,541.0,364618.0,0.0,332.0,551.820000000007,371910.3600000001,0.0,0.0,1603.7401234621648,889061.1090026258
989,2022-09-16,2022,True,22.706849315068492,1080,1080,1332,620399.4362863316,1561.6275066526205,76042,41,0.0,0.8082188377935479,0.18439669748249868,0.14279229665830323,0.0684299759739105,0.3838397854244926,0.9577546296296297,0.19720619154870653,767829.5765092763,0,False,False,True,"{""0"":null,""1"":null,""2"":null,""3"":null}",1080.0,1025306.0,1080.0,730316.0,1080.0,730316.0,916.2825401535956,620399.4362863316,916.2825401535956,0.0,0.0,1561.627506652614,890622.7365092784,0.0,22.242975035732293,4.0,2820.0,0.0,0.0,97.09999999858701,65520.99999932704,1.8000000000010914,1845.1500000003884,54.000000003143214,36515.79999988156,0.0,0.0,0.0,0.0,0.0,0.0,10.800000000000182,7303.16,540.0,365158.0,0.0,332.0,550.7999999999884,372461.1600000001,0.0,0.0,1561.627506652614,890622.7365092784
990,2022-09-17,2022,False,22.70958904109589,1080,0,1332,620399.4362863316,0.0,75106,41,0.0,,,0.14282223908579378,0.06863671210194866,0.3838397854244926,0.9587222222222223,0.12160705835547066,767829.5765092763,0,False,False,True,"{""0"":null,""1"":null,""2"":null,""3"":null}",1080.0,1026386.0,0.0,730316.0,0.0,730316.0,0.0,620399.4362863316,0.0,0.0,0.0,0.0,890622.7365092784,0.0,22.242975035732293,0.0,2820.0,0.0,0.0,0.0,65520.99999932704,0.0,1845.1500000003884,0.0,36515.79999988156,0.0,0.0,0.0,0.0,0.0,0.0,0.0,7303.16,0.0,365158.0,0.0,332.0,0.0,372461.1600000001,0.0,0.0,0.0,890622.7365092784
991,2022-09-18,2022,False,22.71232876712329,1080,0,1332,620399.4362863316,0.0,75106,41,0.0,,,0.14282223908579378,0.06863671210194866,0.3838397854244926,0.9587222222222223,0.07393346992003146,767829.5765092763,0,False,False,True,"{""0"":null,""1"":null,""2"":null,""3"":null}",1080.0,1027466.0,0.0,730316.0,0.0,730316.0,0.0,620399.4362863316,0.0,0.0,0.0,0.0,890622.7365092784,0.0,22.242975035732293,0.0,2820.0,0.0,0.0,0.0,65520.99999932704,0.0,1845.1500000003884,0.0,36515.79999988156,0.0,0.0,0.0,0.0,0.0,0.0,0.0,7303.16,0.0,365158.0,0.0,332.0,0.0,372461.1600000001,0.0,0.0,0.0,890622.7365092784
992,2022-09-19,2022,True,22.715068493150685,1080,1080,1332,621315.7188264852,1860.8563837558415,76169,17,0.0,0.8426327946940497,0.1461184569214798,0.14282223908579378,0.06863671210194867,0.3838397854244926,0.9578055555555556,0.10245698592283058,769139.632893032,0,False,False,True,"{""0"":null,""1"":null,""2"":null,""3"":null}",1080.0,1028546.0,1080.0,731396.0,1080.0,731396.0,916.2825401535956,621315.7188264852,916.2825401535956,0.0,0.0,1860.856383755803,892483.5928930342,0.0,22.242975035732293,4.0,2824.0,0.0,0.0,97.1000000045533,65618.09999933159,6.150000000003729,1851.3000000003922,54.000000003143214,36569.7999998847,0.0,0.0,0.0,0.0,0.0,0.0,10.800000000000182,7313.96,540.0,365698.0,0.0,332.0,550.7999999999884,373011.9600000001,0.0,0.0,1860.856383755803,892483.5928930342
993,2022-09-20,2022,True,22.71780821917808,1081,1081,1333,622232.9129263418,1781.740313879541,76225,44,0.0520457078312293,0.8371170375817216,0.16354837731111802,0.14294671900440165,0.06842453209619373,0.384069479133367,0.9575115633672525,0.1289909239222337,770369.0632069116,0,False,False,True,"{""0"":null,""1"":null,""2"":null,""3"":null}",1081.0,1029627.0,1081.0,732477.0,1081.0,732477.0,917.1940998565406,622232.9129263418,917.1940998565406,0.0,0.0,1781.7403138795635,894265.3332069138,0.05204570783122975,22.295020743563523,4.0,2828.0,0.0,0.0,97.20000000565778,65715.29999933725,0.0,1851.3000000003922,54.050000003146124,36623.84999988785,0.0,0.0,0.0,0.0,0.0,0.0,10.8100000000004,7324.77,540.5,366238.5,1.0,333.0,551.3099999999977,373563.2700000001,0.0,0.0,1781.7403138795635,894265.3332069138
994,2022-09-21,2022,True,22.720547945205478,1081,1081,1333,623150.1070261983,1712.3993901515498,76343,62,0.0,0.8214273231931224,0.16028718641497086,0.14297272375214728,0.06862352454229863,0.384069479133367,0.9572201665124885,0.15359596472950476,771530.1525970631,0,False,False,True,"{""0"":null,""1"":null,""2"":null,""3"":null}",1081.0,1030708.0,1081.0,733558.0,1081.0,733558.0,917.1940998565406,623150.1070261983,917.1940998565406,0.0,0.0,1712.3993901516078,895977.7325970654,0.0,22.295020743563523,4.0,2832.0,0.0,0.0,97.20000000565778,65812.49999934291,0.0,1851.3000000003922,54.050000003146124,36677.89999989099,0.0,0.0,0.0,0.0,0.0,0.0,10.8100000000004,7335.580000000001,540.5,366779.0,0.0,333.0,551.3099999999977,374114.5800000001,0.0,0.0,1712.3993901516078,895977.7325970654
995,2022-09-22,2022,True,22.723287671232878,1080,1080,1333,624066.5076381298,1606.467638031005,76474,69,0.0,0.8351819202484794,0.16229851043226182,0.14263022696319444,0.06961433108534588,0.3838431424599197,0.9572407407407407,0.17639866148447378,772585.820235094,0,False,False,True,"{""0"":null,""1"":null,""2"":null,""3"":null}",1080.0,1031788.0,1080.0,734638.0,1080.0,734638.0,916.4006119314581,624066.5076381298,916.4006119314581,0.0,0.0,1606.4676380309975,897584.2002350964,0.0,22.295020743563523,4.0,2836.0,0.0,0.0,97.10000000565196,65909.59999934856,2.550000000001546,1853.8500000003937,54.000000003143214,36731.899999894136,0.0,0.0,0.0,0.0,0.0,0.0,10.800000000000182,7346.380000000001,540.0,367319.0,0.0,333.0,550.7999999999884,374665.38000000006,0.0,0.0,1606.4676380309975,897584.2002350964
996,2022-09-23,2022,True,22.726027397260275,1079,1079,1333,624982.0552294817,1533.268834660837,76581,58,0.0,0.8220419118689328,0.188393053801015,0.14282766159354746,0.07010882958080877,0.38390336687639304,0.9571223354958294,0.1973462285662462,773568.7990697549,0,False,False,True,"{""0"":null,""1"":null,""2"":null,""3"":null}",1079.0,1032867.0,1079.0,735717.0,1079.0,735717.0,915.547591351904,624982.0552294817,915.547591351904,0.0,0.0,1533.2688346608775,899117.4690697573,0.0,22.295020743563523,4.0,2840.0,0.0,0.0,97.00000000564614,66006.5999993542,4.050000000002456,1857.9000000003962,53.9500000031403,36785.84999989728,0.0,0.0,0.0,0.0,0.0,0.0,10.789999999999964,7357.170000000001,539.5,367858.5,0.0,333.0,550.289999999979,375215.67000000004,0.0,0.0,1533.2688346608775,899117.4690697573
997,2022-09-24,2022,False,22.72876712328767,1078,0,1333,624982.0552294817,0.0,75651,58,0.0,,,0.14279417046056214,0.07021275960050292,0.38367367316751866,0.9581679035250463,0.12163653726228581,773568.7990697549,0,False,False,True,"{""0"":null,""1"":null,""2"":null,""3"":null}",1078.0,1033945.0,0.0,735717.0,0.0,735717.0,0.0,624982.0552294817,0.0,0.0,0.0,0.0,899117.4690697573,0.0,22.295020743563523,0.0,2840.0,0.0,0.0,0.0,66006.5999993542,0.0,1857.9000000003962,0.0,36785.84999989728,0.0,0.0,0.0,0.0,0.0,0.0,0.0,7357.170000000001,0.0,367858.5,0.0,333.0,0.0,375215.67000000004,0.0,0.0,0.0,899117.4690697573
998,2022-09-25,2022,False,22.731506849315068,1078,0,1333,624982.0552294817,0.0,75651,58,0.0,,,0.14279417046056211,0.07021275960050294,0.38367367316751866,0.9581679035250463,0.07397359467837392,773568.7990697549,0,False,False,True,"{""0"":null,""1"":null,""2"":null,""3"":null}",1078.0,1035023.0,0.0,735717.0,0.0,735717.0,0.0,624982.0552294817,0.0,0.0,0.0,0.0,899117.4690697573,0.0,22.295020743563523,0.0,2840.0,0.0,0.0,0.0,66006.5999993542,0.0,1857.9000000003962,0.0,36785.84999989728,0.0,0.0,0.0,0.0,0.0,0.0,0.0,7357.170000000001,0.0,367858.5,0.0,333.0,0.0,375215.67000000004,0.0,0.0,0.0,899117.4690697573
999,2022-09-26,2022,True,22.734246575342468,1079,1079,1334,625897.4881663072,1850.4923695692985,76728,17,0.0,0.8554034536268532,0.1356202238119598,0.14273652775393764,0.06951778527430537,0.3836134487510453,0.9568860055607044,0.10246979751114096,774868.0014393241,0,False,False,True,"{""0"":null,""1"":null,""2"":null,""3"":null}",1079.0,1036102.0,1079.0,736796.0,1079.0,736796.0,915.4329368255567,625897.4881663072,915.4329368255567,0.0,0.0,1850.492369569256,900967.9614393265,0.0,22.295020743563523,4.0,2844.0,0.0,0.0,97.00000000564614,66103.59999935985,8.700000000005275,1866.6000000004015,53.9500000031403,36839.79999990042,0.0,0.0,0.0,0.0,0.0,0.0,10.789999999999964,7367.960000000001,539.5,368398.0,1.0,334.0,550.289999999979,375765.96,0.0,0.0,1850.492369569256,900967.9614393265
1000,2022-09-27,2022,True,22.736986301369864,1079,1079,1334,626812.9211031328,1753.7592115143543,76770,40,0.0,0.8284755438221821,0.15271308004164275,0.14271768127824255,0.06971935372986121,0.3836134487510453,0.9571547729379054,0.12894192626431702,776071.4706508385,0,False,False,True,"{""0"":null,""1"":null,""2"":null,""3"":null}",1079.0,1037181.0,1079.0,737875.0,1079.0,737875.0,915.4329368255567,626812.9211031328,915.4329368255567,0.0,0.0,1753.759211514378,902721.7206508409,0.0,22.295020743563523,4.0,2848.0,0.0,0.0,97.00000000564614,66200.5999993655,0.0,1866.6000000004015,53.9500000031403,36893.74999990356,0.0,0.0,0.0,0.0,0.0,0.0,10.789999999999964,7378.750000000001,539.5,368937.5,0.0,334.0,550.289999999979,376316.25,0.0,0.0,1753.759211514378,902721.7206508409
1001,2022-09-28,2022,True,22.73972602739726,1081,1081,1336,627730.0992057242,1680.8001177040344,76889,59,0.0,0.8362763574037628,0.15174388053353344,0.14266049454990326,0.0687490734297419,0.3836638704598828,0.9565124884366327,0.15343392975186623,777198.9607685425,0,False,False,True,"{""0"":null,""1"":null,""2"":null,""3"":null}",1081.0,1038262.0,1081.0,738956.0,1081.0,738956.0,917.1781025914242,627730.0992057242,917.1781025914242,0.0,0.0,1680.800117704086,904402.520768545,0.0,22.295020743563523,4.0,2852.0,0.0,0.0,97.20000000565778,66297.79999937116,0.0,1866.6000000004015,54.050000003146124,36947.7999999067,0.0,0.0,0.0,0.0,0.0,0.0,10.8100000000004,7389.560000000001,540.5,369478.0,2.0,336.0,551.3099999999977,376867.56,0.0,0.0,1680.800117704086,904402.520768545
1002,2022-09-29,2022,True,22.742465753424657,1081,1081,1336,628647.2773083156,1636.7323232184594,77014,55,0.11542562491236126,0.8279326218302274,0.16191923878974263,0.1425846803509881,0.06891368989993005,0.3836638704598828,0.9564801110083255,0.1760238547728394,778284.3830917609,0,False,False,True,"{""0"":null,""1"":null,""2"":null,""3"":null}",1081.0,1039343.0,1081.0,740037.0,1081.0,740037.0,917.1781025914242,628647.2773083156,917.1781025914242,0.0,0.0,1636.7323232184863,906039.2530917635,0.11542562491236197,22.410446368475885,4.0,2856.0,0.0,0.0,97.20000000565778,66394.99999937681,2.550000000001546,1869.150000000403,54.050000003146124,37001.84999990985,0.0,0.0,0.0,0.0,0.0,0.0,10.8100000000004,7400.370000000002,540.5,370018.5,0.0,336.0,551.3099999999977,377418.87,0.0,0.0,1636.7323232184863,906039.2530917635
1003,2022-09-30,2022,True,22.745205479452054,1081,1081,1336,629564.455410907,1540.2564820965226,77126,47,0.0,0.8131519243385086,0.18184496689056112,0.1426593100713346,0.06913844717127689,0.3836638704598828,0.9564107308048104,0.19681535572140849,779273.3295738574,0,False,False,True,"{""0"":null,""1"":null,""2"":null,""3"":null}",1081.0,1040424.0,1081.0,741118.0,1081.0,741118.0,917.1781025914242,629564.455410907,917.1781025914242,0.0,0.0,1540.2564820965054,907579.50957386,0.0,22.410446368475885,4.0,2860.0,0.0,0.0,97.20000000565778,66492.19999938247,3.450000000002092,1872.600000000405,54.050000003146124,37055.899999912996,0.0,0.0,0.0,0.0,0.0,0.0,10.8100000000004,7411.180000000002,540.5,370559.0,0.0,336.0,551.3099999999977,377970.18,0.0,0.0,1540.2564820965054,907579.50957386
1004,2022-10-01,2022,False,22.747945205479454,1082,0,1337,629564.455410907,0.0,76196,47,0.0,,,0.14237426755130606,0.06851137232421846,0.38348459845984595,0.9572227356746764,0.12108537211864037,779272.3295738574,0,False,False,True,"{""0"":null,""1"":null,""2"":null,""3"":null}",1082.0,1041506.0,0.0,741118.0,0.0,741118.0,0.0,629564.455410907,0.0,0.0,0.0,0.0,907579.50957386,0.0,22.410446368475885,0.0,2860.0,0.0,0.0,0.0,66492.19999938247,0.0,1872.600000000405,0.0,37055.899999912996,0.0,0.0,0.0,0.0,0.0,0.0,0.0,7411.180000000002,0.0,370559.0,1.0,337.0,0.0,377970.18,0.0,0.0,0.0,907579.50957386
1005,2022-10-02,2022,False,22.75068493150685,1083,0,1339,629564.455410907,0.0,76196,47,0.0,,,0.14221035485640587,0.06704166785650184,0.38349440116748185,0.956708217913204,0.07352745781376274,779270.3295738574,0,False,False,True,"{""0"":null,""1"":null,""2"":null,""3"":null}",1083.0,1042589.0,0.0,741118.0,0.0,741118.0,0.0,629564.455410907,0.0,0.0,0.0,0.0,907579.50957386,0.0,22.410446368475885,0.0,2860.0,0.0,0.0,0.0,66492.19999938247,0.0,1872.600000000405,0.0,37055.899999912996,0.0,0.0,0.0,0.0,0.0,0.0,0.0,7411.180000000002,0.0,370559.0,2.0,339.0,0.0,377970.18,0.0,0.0,0.0,907579.50957386
1006,2022-10-03,2022,True,22.753424657534246,1083,1083,1340,630483.6859736546,1715.4411249979935,77275,16,0.0,0.8438972685783341,0.14969884225607127,0.14241804607286845,0.06664271877275126,0.38390000984096606,0.9557987072945523,0.10205474617031107,780432.4406988554,0,False,False,True,"{""0"":null,""1"":null,""2"":null,""3"":null}",1083.0,1043672.0,1083.0,742201.0,1083.0,742201.0,919.2305627475725,630483.6859736546,919.2305627475725,0.0,0.0,1715.441124998033,909294.950698858,0.0,22.410446368475885,4.0,2864.0,0.0,0.0,97.3000000056636,66589.49999938814,7.050000000004275,1879.6500000004094,54.150000003151945,37110.04999991615,0.0,0.0,0.0,0.0,0.0,0.0,10.829999999999927,7422.010000000002,541.5,371100.5,1.0,340.0,552.3300000000163,378522.51,0.0,0.0,1715.441124998033,909294.950698858
1007,2022-10-04,2022,True,22.756164383561643,1083,1083,1340,631402.9165364022,1628.7600481177215,77336,33,0.2103133147153069,0.8484282125151684,0.14069668990814443,0.14243391906144093,0.06687779227561226,0.38390000984096606,0.956140350877193,0.12859779077874628,781508.8707469732,0,False,False,True,"{""0"":null,""1"":null,""2"":null,""3"":null}",1083.0,1044755.0,1083.0,743284.0,1083.0,743284.0,919.2305627475725,631402.9165364022,919.2305627475725,0.0,0.0,1628.7600481177215,910923.7107469757,0.21031331471530734,22.620759683191192,4.0,2868.0,0.0,0.0,97.3000000056636,66686.7999993938,0.0,1879.6500000004094,54.150000003151945,37164.1999999193,0.0,0.0,0.0,0.0,0.0,0.0,10.829999999999927,7432.840000000002,541.5,371642.0,0.0,340.0,552.3300000000163,379074.84,0.0,0.0,1628.7600481177215,910923.7107469757
1008,2022-10-05,2022,True,22.75890410958904,1082,1082,1340,632321.1972205319,1554.2576784637106,77439,49,0.0,0.8400931375423482,0.14240574071145323,0.14269933171450827,0.06793319818060754,0.3840792818410029,0.9562800369685767,0.1532800661075867,782511.308425437,0,False,False,True,"{""0"":null,""1"":null,""2"":null,""3"":null}",1082.0,1045837.0,1082.0,744366.0,1082.0,744366.0,918.2806841296842,632321.1972205319,918.2806841296842,0.0,0.0,1554.2576784637058,912477.9684254394,0.0,22.620759683191192,4.0,2872.0,0.0,0.0,97.20000000565778,66783.99999939946,0.0,1879.6500000004094,54.100000003149034,37218.29999992245,0.0,0.0,0.0,0.0,0.0,0.0,10.819999999999709,7443.660000000002,541.0,372183.0,0.0,340.0,551.820000000007,379626.66000000003,0.0,0.0,1554.2576784637058,912477.9684254394
1009,2022-10-06,2022,True,22.76164383561644,1080,1080,1340,633237.6594135395,1467.3842103943443,77568,50,0.23770425661512015,0.8167369884467481,0.16047759922401197,0.1426072888038686,0.0679230680060869,0.3838397854244926,0.956050925925926,0.17584725520477731,783427.8926358313,0,False,False,True,"{""0"":null,""1"":null,""2"":null,""3"":null}",1080.0,1046917.0,1080.0,745446.0,1080.0,745446.0,916.4621930075809,633237.6594135395,916.4621930075809,0.0,0.0,1467.3842103943462,913945.3526358338,0.23770425661512107,22.858463939806313,4.0,2876.0,0.0,0.0,97.10000000565196,66881.09999940511,2.400000000001455,1882.0500000004108,54.000000003143214,37272.29999992559,0.0,0.0,0.0,0.0,0.0,0.0,10.800000000000182,7454.460000000002,540.0,372723.0,0.0,340.0,550.7999999999884,380177.46,0.0,0.0,1467.3842103943462,913945.3526358338
1010,2022-10-07,2022,True,22.764383561643836,1079,1079,1340,634153.170486956,1399.2984569909584,77669,52,0.0,0.8045437692659299,0.1851319962847016,0.14282736064742152,0.06812399425257817,0.38401905742452946,0.9559360518999073,0.19666883863515391,784276.9010928222,0,False,False,True,"{""0"":null,""1"":null,""2"":null,""3"":null}",1079.0,1047996.0,1079.0,746525.0,1079.0,746525.0,915.5110734165646,634153.170486956,915.5110734165646,0.0,0.0,1399.298456990975,915344.6510928248,0.0,22.858463939806313,4.0,2880.0,0.0,0.0,97.00000000564614,66978.09999941076,2.550000000001546,1884.6000000004124,53.9500000031403,37326.24999992873,0.0,0.0,0.0,0.0,0.0,0.0,10.789999999999964,7465.250000000002,539.5,373262.5,0.0,340.0,550.289999999979,380727.75,0.0,0.0,1399.298456990975,915344.6510928248
1011,2022-10-08,2022,False,22.767123287671232,1077,0,1340,634153.170486956,0.0,76744,52,0.0,,,0.14261254947610114,0.06800083154389194,0.3838504552298982,0.9567734447539461,0.12138798942549232,784276.9010928222,0,False,False,True,"{""0"":null,""1"":null,""2"":null,""3"":null}",1077.0,1049073.0,0.0,746525.0,0.0,746525.0,0.0,634153.170486956,0.0,0.0,0.0,0.0,915344.6510928248,0.0,22.858463939806313,0.0,2880.0,0.0,0.0,0.0,66978.09999941076,0.0,1884.6000000004124,0.0,37326.24999992873,0.0,0.0,0.0,0.0,0.0,0.0,0.0,7465.250000000002,0.0,373262.5,0.0,340.0,0.0,380727.75,0.0,0.0,0.0,915344.6510928248
1012,2022-10-09,2022,False,22.76986301369863,1078,0,1341,634153.170486956,0.0,76744,52,0.0,,,0.1426723322593379,0.06730212507331246,0.3837893637156551,0.9565352504638219,0.07374770087336957,784275.9010928222,0,False,False,True,"{""0"":null,""1"":null,""2"":null,""3"":null}",1078.0,1050151.0,0.0,746525.0,0.0,746525.0,0.0,634153.170486956,0.0,0.0,0.0,0.0,915344.6510928248,0.0,22.858463939806313,0.0,2880.0,0.0,0.0,0.0,66978.09999941076,0.0,1884.6000000004124,0.0,37326.24999992873,0.0,0.0,0.0,0.0,0.0,0.0,0.0,7465.250000000002,0.0,373262.5,1.0,341.0,0.0,380727.75,0.0,0.0,0.0,915344.6510928248
1013,2022-10-10,2022,True,22.77260273972603,1078,1078,1341,635067.9088225677,1692.4096635281082,77826,20,0.012803532923733147,0.8301961255652373,0.15460553081877124,0.1426723322593379,0.06730212507331244,0.3837893637156551,0.9558534322820038,0.10217501404671152,785418.5307563503,0,False,False,True,"{""0"":null,""1"":null,""2"":null,""3"":null}",1078.0,1051229.0,1078.0,747603.0,1078.0,747603.0,914.7383356116479,635067.9088225677,914.7383356116479,0.0,0.0,1692.4096635280875,917037.0607563528,0.012803532923733485,22.871267472730047,4.0,2884.0,0.0,0.0,96.90000000564032,67074.9999994164,7.800000000004729,1892.400000000417,53.90000000313739,37380.14999993187,0.0,0.0,0.0,0.0,0.0,0.0,10.779999999999745,7476.030000000002,539.0,373801.5,0.0,341.0,549.7800000000279,381277.53,0.0,0.0,1692.4096635280875,917037.0607563528
1014,2022-10-11,2022,True,22.775342465753425,1078,1078,1341,635982.6471581793,1638.611679133288,77886,36,0.0,0.8339202792158737,0.16509177983298673,0.14269732920588402,0.06760438419264544,0.3837893637156551,0.9565538033395176,0.12867954391923758,786507.3624354835,0,False,False,True,"{""0"":null,""1"":null,""2"":null,""3"":null}",1078.0,1052307.0,1078.0,748681.0,1078.0,748681.0,914.7383356116479,635982.6471581793,914.7383356116479,0.0,0.0,1638.6116791332606,918675.6724354861,0.0,22.871267472730047,4.0,2888.0,0.0,0.0,96.90000000564032,67171.89999942204,0.0,1892.400000000417,53.90000000313739,37434.04999993501,0.0,0.0,0.0,0.0,0.0,0.0,10.779999999999745,7486.810000000001,539.0,374340.5,0.0,341.0,549.7800000000279,381827.31000000006,0.0,0.0,1638.6116791332606,918675.6724354861
1015,2022-10-12,2022,True,22.778082191780822,1077,1077,1341,636896.5248346321,1559.536363403488,77988,56,0.0,0.8246336996336996,0.16806735178173776,0.1424270637813358,0.06741872270443519,0.3835596700067807,0.9566388115134633,0.1533272681142079,787517.628798887,0,False,False,True,"{""0"":null,""1"":null,""2"":null,""3"":null}",1077.0,1053384.0,1077.0,749758.0,1077.0,749758.0,913.8776764527429,636896.5248346321,913.8776764527429,0.0,0.0,1559.5363634035457,920235.2087988897,0.0,22.871267472730047,4.0,2892.0,0.0,0.0,96.8000000056345,67268.69999942767,0.0,1892.400000000417,53.85000000313448,37487.89999993814,0.0,0.0,0.0,0.0,0.0,0.0,10.770000000000437,7497.580000000002,538.5,374879.0,0.0,341.0,549.2700000000186,382376.5800000001,0.0,0.0,1559.5363634035457,920235.2087988897
1016,2022-10-13,2022,True,22.78082191780822,1077,1077,1341,637810.4025110848,1481.273377184472,78124,46,0.0,0.8096912415942267,0.17636596644592903,0.14250546956976756,0.06767235642702767,0.3835596700067807,0.9568848653667595,0.17604087696211915,788449.6321760715,0,False,False,True,"{""0"":null,""1"":null,""2"":null,""3"":null}",1077.0,1054461.0,1077.0,750835.0,1077.0,750835.0,913.8776764527429,637810.4025110848,913.8776764527429,0.0,0.0,1481.2733771845233,921716.4821760742,0.0,22.871267472730047,4.0,2896.0,0.0,0.0,96.8000000056345,67365.4999994333,3.000000000001819,1895.400000000419,53.85000000313448,37541.749999941276,0.0,0.0,0.0,0.0,0.0,0.0,10.770000000000437,7508.350000000002,538.5,375417.5,0.0,341.0,549.2700000000186,382925.8500000001,0.0,0.0,1481.2733771845233,921716.4821760742
1017,2022-10-14,2022,True,22.78356164383562,1077,1077,1341,638724.2801875375,1404.2070100002243,78232,47,0.0,0.8161698376250615,0.18182690855224368,0.14249811794357045,0.0679798246430756,0.3835596700067807,0.9569312906220985,0.19694730286444156,789304.5691860717,0,False,False,True,"{""0"":null,""1"":null,""2"":null,""3"":null}",1077.0,1055538.0,1077.0,751912.0,1077.0,751912.0,913.8776764527429,638724.2801875375,913.8776764527429,0.0,0.0,1404.2070100002456,923120.6891860744,0.0,22.871267472730047,4.0,2900.0,0.0,0.0,96.8000000056345,67462.29999943894,2.400000000001455,1897.8000000004204,53.85000000313448,37595.59999994441,0.0,0.0,0.0,0.0,0.0,0.0,10.770000000000437,7519.120000000003,538.5,375956.0,0.0,341.0,549.2700000000186,383475.1200000001,0.0,0.0,1404.2070100002456,923120.6891860744
1018,2022-10-15,2022,False,22.786301369863015,1077,0,1341,638724.2801875375,0.0,77289,47,0.0,,,0.14246642275403376,0.06822811023170629,0.3835596700067807,0.9578226555246054,0.12163685237919011,789304.5691860717,0,False,False,True,"{""0"":null,""1"":null,""2"":null,""3"":null}",1077.0,1056615.0,0.0,751912.0,0.0,751912.0,0.0,638724.2801875375,0.0,0.0,0.0,0.0,923120.6891860744,0.0,22.871267472730047,0.0,2900.0,0.0,0.0,0.0,67462.29999943894,0.0,1897.8000000004204,0.0,37595.59999994441,0.0,0.0,0.0,0.0,0.0,0.0,0.0,7519.120000000003,0.0,375956.0,0.0,341.0,0.0,383475.1200000001,0.0,0.0,0.0,923120.6891860744
1019,2022-10-16,2022,False,22.78904109589041,1077,0,1341,638724.2801875375,0.0,77289,47,0.0,,,0.14246642275403376,0.06822811023170627,0.3835596700067807,0.9578226555246054,0.07405738105751963,789304.5691860717,0,False,False,True,"{""0"":null,""1"":null,""2"":null,""3"":null}",1077.0,1057692.0,0.0,751912.0,0.0,751912.0,0.0,638724.2801875375,0.0,0.0,0.0,0.0,923120.6891860744,0.0,22.871267472730047,0.0,2900.0,0.0,0.0,0.0,67462.29999943894,0.0,1897.8000000004204,0.0,37595.59999994441,0.0,0.0,0.0,0.0,0.0,0.0,0.0,7519.120000000003,0.0,375956.0,0.0,341.0,0.0,383475.1200000001,0.0,0.0,0.0,923120.6891860744
1020,2022-10-17,2022,True,22.791780821917808,1076,1076,1341,639637.2186597383,1704.0631463690077,78370,16,0.0,0.8364810255427395,0.15387460298750663,0.14228368835151256,0.06809025885994806,0.3836207615210238,0.9570957249070632,0.10239637476561904,790459.8723324407,0,False,False,True,"{""0"":null,""1"":null,""2"":null,""3"":null}",1076.0,1058768.0,1076.0,752988.0,1076.0,752988.0,912.9384722007671,639637.2186597383,912.9384722007671,0.0,0.0,1704.0631463689497,924824.7523324434,0.0,22.871267472730047,4.0,2904.0,0.0,0.0,96.70000000562868,67558.99999944457,7.050000000004275,1904.8500000004246,53.80000000313157,37649.39999994754,0.0,0.0,0.0,0.0,0.0,0.0,10.760000000000218,7529.880000000003,538.0,376494.0,0.0,341.0,548.7600000000093,384023.8800000001,0.0,0.0,1704.0631463689497,924824.7523324434
1021,2022-10-18,2022,True,22.794520547945204,1076,1076,1341,640550.1571319391,1645.024120962359,78429,35,0.0,0.8421634649938357,0.16666731229987417,0.14230609716297898,0.06834037834381412,0.3836207615210238,0.9573698884758365,0.12893545818502736,791556.136453403,0,False,False,True,"{""0"":null,""1"":null,""2"":null,""3"":null}",1076.0,1059844.0,1076.0,754064.0,1076.0,754064.0,912.9384722007671,640550.1571319391,912.9384722007671,0.0,0.0,1645.0241209623637,926469.7764534057,0.0,22.871267472730047,4.0,2908.0,0.0,0.0,96.70000000562868,67655.6999994502,0.0,1904.8500000004246,53.80000000313157,37703.19999995067,0.0,0.0,0.0,0.0,0.0,0.0,10.760000000000218,7540.640000000003,538.0,377032.0,0.0,341.0,548.7600000000093,384572.64000000013,0.0,0.0,1645.0241209623637,926469.7764534057
1022,2022-10-19,2022,True,22.797260273972604,1077,1077,1342,641464.0146622027,1552.5453576833281,78536,54,0.06926869350334977,0.8356759841843353,0.16701638701196425,0.14241759113805746,0.06819151818744197,0.3838504552298982,0.9571077065923863,0.15350288573144782,792558.4118110863,0,False,False,True,"{""0"":null,""1"":null,""2"":null,""3"":null}",1077.0,1060921.0,1077.0,755141.0,1077.0,755141.0,913.8575302636018,641464.0146622027,913.8575302636018,0.0,0.0,1552.5453576833243,928022.3218110891,0.06926869350334997,22.940536166233397,4.0,2912.0,0.0,0.0,96.8000000056345,67752.49999945583,0.0,1904.8500000004246,53.85000000313448,37757.04999995381,0.0,0.0,0.0,0.0,0.0,0.0,10.770000000000437,7551.4100000000035,538.5,377570.5,1.0,342.0,549.2700000000186,385121.91000000015,0.0,0.0,1552.5453576833243,928022.3218110891
1023,2022-10-20,2022,True,22.8,1076,1076,1342,642377.0285725041,1464.8077645209694,78657,57,0.0,0.8104135878655675,0.16660781554379966,0.14218245217926845,0.06813323896990446,0.38362411855645084,0.9570260223048327,0.17625466033006496,793474.4595756073,0,False,False,True,"{""0"":null,""1"":null,""2"":null,""3"":null}",1076.0,1061997.0,1076.0,756217.0,1076.0,756217.0,913.0139103013789,642377.0285725041,913.0139103013789,0.0,0.0,1464.807764520985,929487.12957561,0.0,22.940536166233397,4.0,2916.0,0.0,0.0,96.70000000562868,67849.19999946146,2.400000000001455,1907.250000000426,53.80000000313157,37810.84999995694,0.0,0.0,0.0,0.0,0.0,0.0,10.760000000000218,7562.170000000004,538.0,378108.5,0.0,342.0,548.7600000000093,385670.67000000016,0.0,0.0,1464.807764520985,929487.12957561
1024,2022-10-21,2022,True,22.802739726027397,1075,1075,1342,643289.0710558936,1406.2138246688662,78772,54,0.0,0.8223021607456111,0.16422716960952458,0.14232697588767843,0.0684937085925394,0.38368434297292425,0.9572,0.19714564026004028,794332.4234002762,0,False,False,True,"{""0"":null,""1"":null,""2"":null,""3"":null}",1075.0,1063072.0,1075.0,757292.0,1075.0,757292.0,912.042483389494,643289.0710558936,912.042483389494,0.0,0.0,1406.2138246688992,930893.343400279,0.0,22.940536166233397,4.0,2920.0,0.0,0.0,96.60000000562286,67945.79999946708,2.850000000001728,1910.1000000004278,53.75000000312866,37864.59999996007,0.0,0.0,0.0,0.0,0.0,0.0,10.75,7572.920000000004,537.5,378646.0,0.0,342.0,548.25,386218.92000000016,0.0,0.0,1406.2138246688992,930893.343400279
1025,2022-10-22,2022,False,22.805479452054794,1076,0,1343,643289.0710558936,0.0,77834,54,0.0,,,0.14230903174512316,0.06805327598035078,0.38362325145868115,0.9578113382899628,0.12167368758240923,794331.4234002762,0,False,False,True,"{""0"":null,""1"":null,""2"":null,""3"":null}",1076.0,1064148.0,0.0,757292.0,0.0,757292.0,0.0,643289.0710558936,0.0,0.0,0.0,0.0,930893.343400279,0.0,22.940536166233397,0.0,2920.0,0.0,0.0,0.0,67945.79999946708,0.0,1910.1000000004278,0.0,37864.59999996007,0.0,0.0,0.0,0.0,0.0,0.0,0.0,7572.920000000004,0.0,378646.0,1.0,343.0,0.0,386218.92000000016,0.0,0.0,0.0,930893.343400279
1026,2022-10-23,2022,False,22.80821917808219,1077,0,1344,643289.0710558936,0.0,77834,54,0.0,,,0.1424306236871658,0.06764704357025228,0.3838529451675555,0.9575719591457753,0.0741400537660967,794330.4234002762,0,False,False,True,"{""0"":null,""1"":null,""2"":null,""3"":null}",1077.0,1065225.0,0.0,757292.0,0.0,757292.0,0.0,643289.0710558936,0.0,0.0,0.0,0.0,930893.343400279,0.0,22.940536166233397,0.0,2920.0,0.0,0.0,0.0,67945.79999946708,0.0,1910.1000000004278,0.0,37864.59999996007,0.0,0.0,0.0,0.0,0.0,0.0,0.0,7572.920000000004,0.0,378646.0,1.0,344.0,0.0,386218.92000000016,0.0,0.0,0.0,930893.343400279
1027,2022-10-24,2022,True,22.81095890410959,1076,1076,1344,644202.0782131794,1757.0518617573618,78911,14,0.0,0.8474911004450443,0.15376281482833282,0.14220805617139698,0.0672272349430932,0.38362325145868115,0.9567657992565056,0.10254749094009748,795538.7152620336,0,False,False,True,"{""0"":null,""1"":null,""2"":null,""3"":null}",1076.0,1066301.0,1076.0,758368.0,1076.0,758368.0,913.0071572858142,644202.0782131794,913.0071572858142,0.0,0.0,1757.0518617574126,932650.3952620364,0.0,22.940536166233397,4.0,2924.0,0.0,0.0,96.70000000562868,68042.49999947271,8.100000000004911,1918.2000000004327,53.80000000313157,37918.3999999632,0.0,0.0,0.0,0.0,0.0,0.0,10.760000000000218,7583.680000000004,538.0,379184.0,0.0,344.0,548.7600000000093,386767.68000000017,0.0,0.0,1757.0518617574126,932650.3952620364
1028,2022-10-25,2022,True,22.813698630136987,1077,1077,1346,645115.7079039504,1614.8719025112018,78967,29,0.0,0.8468188799823757,0.13808375460341732,0.14207330074355698,0.06632742529181061,0.38373476468176176,0.9564623955431754,0.12904198297320074,796602.3171645448,0,False,False,True,"{""0"":null,""1"":null,""2"":null,""3"":null}",1077.0,1067378.0,1077.0,759445.0,1077.0,759445.0,913.6296907709911,645115.7079039504,913.6296907709911,0.0,0.0,1614.8719025112223,934265.2671645476,0.0,22.940536166233397,4.0,2928.0,0.0,0.0,96.8000000056345,68139.29999947835,0.0,1918.2000000004327,53.85000000313448,37972.249999966334,0.0,0.0,0.0,0.0,0.0,0.0,10.770000000000437,7594.450000000004,538.5,379722.5,2.0,346.0,549.2700000000186,387316.9500000002,0.0,0.0,1614.8719025112223,934265.2671645476
1029,2022-10-26,2022,True,22.816438356164383,1076,1076,1347,646028.627916658,1538.730112128036,79075,51,0.0,0.8105575786458294,0.1841332981977591,0.14196805101317772,0.06586337396727424,0.3835050709728874,0.9560083643122677,0.15363546247029336,797591.2872766729,0,False,False,True,"{""0"":null,""1"":null,""2"":null,""3"":null}",1076.0,1068454.0,1076.0,760521.0,1076.0,760521.0,912.9200127075892,646028.627916658,912.9200127075892,0.0,0.0,1538.7301121280761,935803.9972766757,0.0,22.940536166233397,4.0,2932.0,0.0,0.0,96.70000000562868,68235.99999948397,0.0,1918.2000000004327,53.80000000313157,38026.049999969466,0.0,0.0,0.0,0.0,0.0,0.0,10.760000000000218,7605.210000000005,538.0,380260.5,1.0,347.0,548.7600000000093,387865.7100000002,0.0,0.0,1538.7301121280761,935803.9972766757
1030,2022-10-27,2022,True,22.81917808219178,1075,1075,1347,646940.7760137244,1464.936397850745,79203,54,0.0,0.8187988388646464,0.16987055387553632,0.14193461964095105,0.06592522319933417,0.38349514380166266,0.9559674418604651,0.1763686541638234,798507.9736745236,0,False,False,True,"{""0"":null,""1"":null,""2"":null,""3"":null}",1075.0,1069529.0,1075.0,761596.0,1075.0,761596.0,912.1480970664416,646940.7760137244,912.1480970664416,0.0,0.0,1464.9363978507463,937268.9336745264,0.0,22.940536166233397,4.0,2936.0,0.0,0.0,96.60000000562286,68332.5999994896,2.1000000000012733,1920.300000000434,53.75000000312866,38079.799999972594,0.0,0.0,0.0,0.0,0.0,0.0,10.75,7615.960000000005,537.5,380798.0,0.0,347.0,548.25,388413.9600000002,0.0,0.0,1464.9363978507463,937268.9336745264
1031,2022-10-28,2022,True,22.821917808219176,1075,1075,1347,647852.9241107908,1406.622008874642,79310,60,0.0,0.7962441754088734,0.19717606363729712,0.1419088737190896,0.06608199808180336,0.38349514380166266,0.9560046511627907,0.19725454244271112,799366.3456833983,0,False,False,True,"{""0"":null,""1"":null,""2"":null,""3"":null}",1075.0,1070604.0,1075.0,762671.0,1075.0,762671.0,912.1480970664416,647852.9241107908,912.1480970664416,0.0,0.0,1406.6220088746632,938675.5556834011,0.0,22.940536166233397,4.0,2940.0,0.0,0.0,96.60000000562286,68429.19999949522,2.2500000000013642,1922.5500000004354,53.75000000312866,38133.54999997572,0.0,0.0,0.0,0.0,0.0,0.0,10.75,7626.710000000005,537.5,381335.5,0.0,347.0,548.25,388962.2100000002,0.0,0.0,1406.6220088746632,938675.5556834011
1032,2022-10-29,2022,False,22.824657534246576,1076,0,1348,647852.9241107908,0.0,78379,60,0.0,,,0.14195445483424837,0.06569468972767768,0.38343491938518925,0.9566589219330855,0.12181258573408603,799365.3456833983,0,False,False,True,"{""0"":null,""1"":null,""2"":null,""3"":null}",1076.0,1071680.0,0.0,762671.0,0.0,762671.0,0.0,647852.9241107908,0.0,0.0,0.0,0.0,938675.5556834011,0.0,22.940536166233397,0.0,2940.0,0.0,0.0,0.0,68429.19999949522,0.0,1922.5500000004354,0.0,38133.54999997572,0.0,0.0,0.0,0.0,0.0,0.0,0.0,7626.710000000005,0.0,381335.5,1.0,348.0,0.0,388962.2100000002,0.0,0.0,0.0,938675.5556834011
1033,2022-10-30,2022,False,22.827397260273973,1076,0,1348,647852.9241107908,0.0,78379,60,0.0,,,0.1419544548342484,0.0656946897276777,0.38343491938518925,0.9566589219330855,0.07456971216602205,799365.3456833983,0,False,False,True,"{""0"":null,""1"":null,""2"":null,""3"":null}",1076.0,1072756.0,0.0,762671.0,0.0,762671.0,0.0,647852.9241107908,0.0,0.0,0.0,0.0,938675.5556834011,0.0,22.940536166233397,0.0,2940.0,0.0,0.0,0.0,68429.19999949522,0.0,1922.5500000004354,0.0,38133.54999997572,0.0,0.0,0.0,0.0,0.0,0.0,0.0,7626.710000000005,0.0,381335.5,0.0,348.0,0.0,388962.2100000002,0.0,0.0,0.0,938675.5556834011
1034,2022-10-31,2022,True,22.83013698630137,1077,1077,1349,648766.7643869049,1745.045234452669,79465,19,0.10411708490029643,0.8598031428924263,0.128984043261197,0.14193202573791414,0.06505805104579876,0.383444846556414,0.9556545961002786,0.1030510457242228,800560.120917851,0,False,False,True,"{""0"":null,""1"":null,""2"":null,""3"":null}",1077.0,1073833.0,1077.0,763748.0,1077.0,763748.0,913.8402761140605,648766.7643869049,913.8402761140605,0.0,0.0,1745.0452344527002,940420.6009178538,0.10411708490029525,23.044653251133692,4.0,2944.0,0.0,0.0,96.8000000056345,68525.99999950085,9.000000000005457,1931.5500000004408,53.85000000313448,38187.39999997886,0.0,0.0,0.0,0.0,0.0,0.0,10.770000000000437,7637.480000000005,538.5,381874.0,1.0,349.0,549.2700000000186,389511.4800000002,0.0,0.0,1745.0452344527002,940420.6009178538
1035,2022-11-01,2022,True,22.83287671232877,1076,1076,1349,649679.8857826444,1637.2338969188995,79517,38,0.0,0.8409742402235365,0.14196532014112206,0.14226880567132583,0.06572405767321325,0.38362411855645084,0.9560130111524164,0.12970365881669985,801648.5948147699,0,False,False,True,"{""0"":null,""1"":null,""2"":null,""3"":null}",1076.0,1074909.0,1076.0,764824.0,1076.0,764824.0,913.1213957394939,649679.8857826444,913.1213957394939,0.0,0.0,1637.233896918944,942057.8348147727,0.0,23.044653251133692,4.0,2948.0,0.0,0.0,96.70000000562868,68622.69999950648,0.0,1931.5500000004408,53.80000000313157,38241.19999998199,0.0,0.0,0.0,0.0,0.0,0.0,10.760000000000218,7648.240000000005,538.0,382412.0,0.0,349.0,548.7600000000093,390060.2400000002,0.0,0.0,1637.233896918944,942057.8348147727
1036,2022-11-02,2022,True,22.835616438356166,1077,1077,1350,650593.779974463,1561.9527840503724,79609,69,0.0,0.8124680759225956,0.1818427523823986,0.1422141763169762,0.06522338428471365,0.38356302704220774,0.9554131847725162,0.15416323001662152,802660.2775988203,0,False,False,True,"{""0"":null,""1"":null,""2"":null,""3"":null}",1077.0,1075986.0,1077.0,765901.0,1077.0,765901.0,913.894191818661,650593.779974463,913.894191818661,0.0,0.0,1561.9527840503724,943619.7875988231,0.0,23.044653251133692,4.0,2952.0,0.0,0.0,96.8000000056345,68719.49999951212,0.0,1931.5500000004408,53.85000000313448,38295.04999998512,0.0,0.0,0.0,0.0,0.0,0.0,10.770000000000437,7659.010000000006,538.5,382950.5,1.0,350.0,549.2700000000186,390609.51000000024,0.0,0.0,1561.9527840503724,943619.7875988231
1037,2022-11-03,2022,True,22.838356164383562,1077,1077,1350,651507.6741662817,1467.561687585195,79754,73,0.13605935644620745,0.7901382037168193,0.21186325855228597,0.14227535537316913,0.06547550158103853,0.38356302704220774,0.955594243268338,0.17674297988864313,803578.5692864055,0,False,False,True,"{""0"":null,""1"":null,""2"":null,""3"":null}",1077.0,1077063.0,1077.0,766978.0,1077.0,766978.0,913.894191818661,651507.6741662817,913.894191818661,0.0,0.0,1467.5616875851993,945087.3492864083,0.13605935644620715,23.1807126075799,4.0,2956.0,0.0,0.0,96.8000000056345,68816.29999951775,2.850000000001728,1934.4000000004426,53.85000000313448,38348.89999998826,0.0,0.0,0.0,0.0,0.0,0.0,10.770000000000437,7669.780000000006,538.5,383489.0,0.0,350.0,549.2700000000186,391158.78000000026,0.0,0.0,1467.5616875851993,945087.3492864083
1038,2022-11-04,2022,True,22.84109589041096,1077,1077,1350,652421.5683581004,1403.1928353467315,79860,79,0.0,0.7976937556912572,0.19083243442476544,0.1422591764635729,0.0657527344217074,0.38356302704220774,0.9557938718662954,0.19762506936594001,804432.4921217521,0,False,False,True,"{""0"":null,""1"":null,""2"":null,""3"":null}",1077.0,1078140.0,1077.0,768055.0,1077.0,768055.0,913.894191818661,652421.5683581004,913.894191818661,0.0,0.0,1403.1928353466792,946490.542121755,0.0,23.1807126075799,4.0,2960.0,0.0,0.0,96.8000000056345,68913.09999952339,2.850000000001728,1937.2500000004443,53.85000000313448,38402.74999999139,0.0,0.0,0.0,0.0,0.0,0.0,10.770000000000437,7680.550000000007,538.5,384027.5,0.0,350.0,549.2700000000186,391708.0500000003,0.0,0.0,1403.1928353466792,946490.542121755
1039,2022-11-05,2022,False,22.843835616438355,1076,0,1350,652421.5683581004,0.0,78924,79,0.0,,,0.14202759153973002,0.06552576977851716,0.38333333333333336,0.9566031598513012,0.12232832714086933,804432.4921217521,0,False,False,True,"{""0"":null,""1"":null,""2"":null,""3"":null}",1076.0,1079216.0,0.0,768055.0,0.0,768055.0,0.0,652421.5683581004,0.0,0.0,0.0,0.0,946490.542121755,0.0,23.1807126075799,0.0,2960.0,0.0,0.0,0.0,68913.09999952339,0.0,1937.2500000004443,0.0,38402.74999999139,0.0,0.0,0.0,0.0,0.0,0.0,0.0,7680.550000000007,0.0,384027.5,0.0,350.0,0.0,391708.0500000003,0.0,0.0,0.0,946490.542121755
1040,2022-11-06,2022,False,22.846575342465755,1076,0,1350,652421.5683581004,0.0,78924,79,0.0,,,0.14202759153973,0.06552576977851718,0.38333333333333336,0.9566031598513012,0.07510252897633413,804432.4921217521,0,False,False,True,"{""0"":null,""1"":null,""2"":null,""3"":null}",1076.0,1080292.0,0.0,768055.0,0.0,768055.0,0.0,652421.5683581004,0.0,0.0,0.0,0.0,946490.542121755,0.0,23.1807126075799,0.0,2960.0,0.0,0.0,0.0,68913.09999952339,0.0,1937.2500000004443,0.0,38402.74999999139,0.0,0.0,0.0,0.0,0.0,0.0,0.0,7680.550000000007,0.0,384027.5,0.0,350.0,0.0,391708.0500000003,0.0,0.0,0.0,946490.542121755
1041,2022-11-07,2022,True,22.84931506849315,1076,1076,1350,653334.5858221935,1772.5670175623134,80021,28,0.0,0.850403314310799,0.14519681006731053,0.14202759153973002,0.06552576977851716,0.38333333333333336,0.9557667286245353,0.10345435574792092,805656.2991393144,0,False,False,True,"{""0"":null,""1"":null,""2"":null,""3"":null}",1076.0,1081368.0,1076.0,769131.0,1076.0,769131.0,913.0174640931655,653334.5858221935,913.0174640931655,0.0,0.0,1772.5670175623382,948263.1091393173,0.0,23.1807126075799,4.0,2964.0,0.0,0.0,96.70000000562868,69009.79999952902,11.850000000007185,1949.1000000004515,53.80000000313157,38456.549999994524,0.0,0.0,0.0,0.0,0.0,0.0,10.760000000000218,7691.310000000007,538.0,384565.5,0.0,350.0,548.7600000000093,392256.8100000003,0.0,0.0,1772.5670175623382,948263.1091393173
1042,2022-11-08,2022,True,22.852054794520548,1075,1075,1350,654246.8158331888,1621.5326126108075,80063,46,0.0,0.8361193557164607,0.1526200345255844,0.1421640818058727,0.06638464653041128,0.38339442484757646,0.9572697674418605,0.13002502445920522,806729.5817519253,0,False,False,True,"{""0"":null,""1"":null,""2"":null,""3"":null}",1075.0,1082443.0,1075.0,770206.0,1075.0,770206.0,912.2300109952921,654246.8158331888,912.2300109952921,0.0,0.0,1621.5326126108412,949884.6417519281,0.0,23.1807126075799,4.0,2968.0,0.0,0.0,96.60000000562286,69106.39999953464,0.0,1949.1000000004515,53.75000000312866,38510.29999999765,0.0,0.0,0.0,0.0,0.0,0.0,10.75,7702.060000000007,537.5,385103.0,0.0,350.0,548.25,392805.0600000003,0.0,0.0,1621.5326126108412,949884.6417519281
1043,2022-11-09,2022,True,22.854794520547944,1075,1075,1350,655159.0458441841,1548.5785279510833,80161,63,0.0,0.8306667669583345,0.15212382831843502,0.14216143025734634,0.06659454309504431,0.38339442484757646,0.9570279069767442,0.15454942805510863,807729.9102798763,0,False,False,True,"{""0"":null,""1"":null,""2"":null,""3"":null}",1075.0,1083518.0,1075.0,771281.0,1075.0,771281.0,912.2300109952921,655159.0458441841,912.2300109952921,0.0,0.0,1548.578527951031,951433.2202798792,0.0,23.1807126075799,4.0,2972.0,0.0,0.0,96.60000000562286,69202.99999954026,0.0,1949.1000000004515,53.75000000312866,38564.05000000078,0.0,0.0,0.0,0.0,0.0,0.0,10.75,7712.810000000007,537.5,385640.5,0.0,350.0,548.25,393353.3100000003,0.0,0.0,1548.578527951031,951433.2202798792
1044,2022-11-10,2022,True,22.85753424657534,1073,1073,1350,656069.6548738765,1463.3858715267702,80301,54,0.13626484695317764,0.8181902676801058,0.1692939111452003,0.14191057351606678,0.06659524943774457,0.3835166078760626,0.9568313140726934,0.17696895347730332,808646.0661514031,0,False,False,True,"{""0"":null,""1"":null,""2"":null,""3"":null}",1073.0,1084591.0,1073.0,772354.0,1073.0,772354.0,910.6090296923649,656069.6548738765,910.6090296923649,0.0,0.0,1463.3858715267852,952896.606151406,0.13626484695317842,23.316977454533077,4.0,2976.0,0.0,0.0,96.40000000561122,69299.39999954587,4.200000000002547,1953.300000000454,53.65000000312284,38617.700000003904,0.0,0.0,0.0,0.0,0.0,0.0,10.729999999999563,7723.540000000006,536.5,386177.0,0.0,350.0,547.2299999999814,393900.54000000027,0.0,0.0,1463.3858715267852,952896.606151406
1045,2022-11-11,2022,True,22.86027397260274,1073,1073,1350,656980.2639035688,1405.8985987267074,80402,58,0.0,0.800606548799295,0.189851908667178,0.1419395596746172,0.066803353254234,0.3835166078760626,0.9570363466915192,0.19777846342444222,809504.7347501299,0,False,False,True,"{""0"":null,""1"":null,""2"":null,""3"":null}",1073.0,1085664.0,1073.0,773427.0,1073.0,773427.0,910.6090296923649,656980.2639035688,910.6090296923649,0.0,0.0,1405.8985987267224,954302.5047501327,0.0,23.316977454533077,4.0,2980.0,0.0,0.0,96.40000000561122,69395.79999955148,2.700000000001637,1956.0000000004557,53.65000000312284,38671.35000000703,0.0,0.0,0.0,0.0,0.0,0.0,10.729999999999563,7734.270000000006,536.5,386713.5,0.0,350.0,547.2299999999814,394447.77000000025,0.0,0.0,1405.8985987267224,954302.5047501327
1046,2022-11-12,2022,False,22.863013698630137,1074,0,1351,656980.2639035688,0.0,79469,58,0.0,,,0.14198986151960072,0.06635096237700715,0.3834555163618195,0.9576070763500931,0.12233329318438277,809503.7347501299,0,False,False,True,"{""0"":null,""1"":null,""2"":null,""3"":null}",1074.0,1086738.0,0.0,773427.0,0.0,773427.0,0.0,656980.2639035688,0.0,0.0,0.0,0.0,954302.5047501327,0.0,23.316977454533077,0.0,2980.0,0.0,0.0,0.0,69395.79999955148,0.0,1956.0000000004557,0.0,38671.35000000703,0.0,0.0,0.0,0.0,0.0,0.0,0.0,7734.270000000006,0.0,386713.5,1.0,351.0,0.0,394447.77000000025,0.0,0.0,0.0,954302.5047501327
1047,2022-11-13,2022,False,22.865753424657534,1074,0,1351,656980.2639035688,0.0,79469,58,0.0,,,0.14198986151960075,0.06635096237700715,0.3834555163618195,0.9576070763500931,0.07513018326957986,809503.7347501299,0,False,False,True,"{""0"":null,""1"":null,""2"":null,""3"":null}",1074.0,1087812.0,0.0,773427.0,0.0,773427.0,0.0,656980.2639035688,0.0,0.0,0.0,0.0,954302.5047501327,0.0,23.316977454533077,0.0,2980.0,0.0,0.0,0.0,69395.79999955148,0.0,1956.0000000004557,0.0,38671.35000000703,0.0,0.0,0.0,0.0,0.0,0.0,0.0,7734.270000000006,0.0,386713.5,0.0,351.0,0.0,394447.77000000025,0.0,0.0,0.0,954302.5047501327
1048,2022-11-14,2022,True,22.86849315068493,1074,1074,1351,657891.8288919294,1767.9230882571478,80555,13,0.0,0.8370014805351957,0.14688877137705184,0.14198986151960075,0.06635096237700713,0.3834555163618195,0.9569925512104283,0.10362380571299395,810723.9178383871,0,False,False,True,"{""0"":null,""1"":null,""2"":null,""3"":null}",1074.0,1088886.0,1074.0,774501.0,1074.0,774501.0,911.5649883605074,657891.8288919294,911.5649883605074,0.0,0.0,1767.923088257201,956070.4278383899,0.0,23.316977454533077,4.0,2984.0,0.0,0.0,96.50000000561704,69492.2999995571,8.700000000005275,1964.700000000461,53.70000000312575,38725.05000001015,0.0,0.0,0.0,0.0,0.0,0.0,10.739999999999782,7745.010000000006,537.0,387250.5,0.0,351.0,547.7399999999907,394995.51000000024,0.0,0.0,1767.923088257201,956070.4278383899
1049,2022-11-15,2022,True,22.871232876712327,1074,1074,1351,658803.3938802899,1639.1685306554818,80604,35,0.0,0.8397620703488506,0.16294489262343662,0.14194707800971057,0.0665348321355031,0.3834555163618195,0.9572998137802609,0.130194738755854,811815.3463690425,0,False,False,True,"{""0"":null,""1"":null,""2"":null,""3"":null}",1074.0,1089960.0,1074.0,775575.0,1074.0,775575.0,911.5649883605074,658803.3938802899,911.5649883605074,0.0,0.0,1639.1685306554427,957709.5963690453,0.0,23.316977454533077,4.0,2988.0,0.0,0.0,96.50000000561704,69588.79999956272,0.0,1964.700000000461,53.70000000312575,38778.75000001328,0.0,0.0,0.0,0.0,0.0,0.0,10.739999999999782,7755.7500000000055,537.0,387787.5,0.0,351.0,547.7399999999907,395543.25000000023,0.0,0.0,1639.1685306554427,957709.5963690453
1050,2022-11-16,2022,True,22.873972602739727,1074,1074,1351,659714.9588686504,1543.128507453008,80702,59,0.0,0.8294973825518803,0.16801210259399796,0.14193352167704293,0.06680023440012785,0.3834555163618195,0.956927374301676,0.1547408712462524,812810.7348764956,0,False,False,True,"{""0"":null,""1"":null,""2"":null,""3"":null}",1074.0,1091034.0,1074.0,776649.0,1074.0,776649.0,911.5649883605074,659714.9588686504,911.5649883605074,0.0,0.0,1543.128507453017,959252.7248764983,0.0,23.316977454533077,4.0,2992.0,0.0,0.0,96.50000000561704,69685.29999956833,0.0,1964.700000000461,53.70000000312575,38832.450000016404,0.0,0.0,0.0,0.0,0.0,0.0,10.739999999999782,7766.490000000005,537.0,388324.5,0.0,351.0,547.7399999999907,396090.9900000002,0.0,0.0,1543.128507453017,959252.7248764983
1051,2022-11-17,2022,True,22.876712328767123,1074,1074,1352,660626.6010102606,1520.3291713334118,80836,63,0.05685685432317351,0.8091123124380235,0.1919006322553261,0.14214750266070886,0.06671695852740012,0.38374543448716736,0.9566201117318437,0.17745977580413597,813782.324047829,0,False,False,True,"{""0"":null,""1"":null,""2"":null,""3"":null}",1074.0,1092108.0,1074.0,777723.0,1074.0,777723.0,911.6421416102676,660626.6010102606,911.6421416102676,0.0,0.0,1520.329171333462,960773.0540478318,0.056856854323172,23.37383430885625,4.0,2996.0,0.0,0.0,96.50000000561704,69781.79999957395,1.9500000000011823,1966.6500000004621,53.70000000312575,38886.15000001953,0.0,0.0,0.0,0.0,0.0,0.0,10.739999999999782,7777.230000000005,537.0,388861.5,1.0,352.0,547.7399999999907,396638.7300000002,0.0,0.0,1520.329171333462,960773.0540478318
1052,2022-11-18,2022,True,22.87945205479452,1074,1074,1352,661538.2431518709,1422.742452171216,80955,64,0.0,0.8052838664011719,0.1969736709558973,0.14218655257666404,0.06696935805447962,0.38374543448716736,0.9567644320297952,0.19824912453851334,814657.3265000002,0,False,False,True,"{""0"":null,""1"":null,""2"":null,""3"":null}",1074.0,1093182.0,1074.0,778797.0,1074.0,778797.0,911.6421416102676,661538.2431518709,911.6421416102676,0.0,0.0,1422.7424521711655,962195.796500003,0.0,23.37383430885625,4.0,3000.0,0.0,0.0,96.50000000561704,69878.29999957957,3.300000000002001,1969.9500000004641,53.70000000312575,38939.850000022656,0.0,0.0,0.0,0.0,0.0,0.0,10.739999999999782,7787.970000000005,537.0,389398.5,0.0,352.0,547.7399999999907,397186.4700000002,0.0,0.0,1422.7424521711655,962195.796500003
1053,2022-11-19,2022,False,22.88219178082192,1074,0,1352,661538.2431518709,0.0,80014,64,0.0,,,0.14215708747923003,0.06713692822848624,0.38374543448716736,0.9576256983240223,0.12275503716369471,814657.3265000002,0,False,False,True,"{""0"":null,""1"":null,""2"":null,""3"":null}",1074.0,1094256.0,0.0,778797.0,0.0,778797.0,0.0,661538.2431518709,0.0,0.0,0.0,0.0,962195.796500003,0.0,23.37383430885625,0.0,3000.0,0.0,0.0,0.0,69878.29999957957,0.0,1969.9500000004641,0.0,38939.850000022656,0.0,0.0,0.0,0.0,0.0,0.0,0.0,7787.970000000005,0.0,389398.5,0.0,352.0,0.0,397186.4700000002,0.0,0.0,0.0,962195.796500003
1054,2022-11-20,2022,False,22.884931506849316,1074,0,1353,661538.2431518709,0.0,80014,64,0.0,,,0.1420064896735152,0.06626527516369067,0.38367454026528836,0.9573463687150838,0.07483245484228634,814656.3265000002,0,False,False,True,"{""0"":null,""1"":null,""2"":null,""3"":null}",1074.0,1095330.0,0.0,778797.0,0.0,778797.0,0.0,661538.2431518709,0.0,0.0,0.0,0.0,962195.796500003,0.0,23.37383430885625,0.0,3000.0,0.0,0.0,0.0,69878.29999957957,0.0,1969.9500000004641,0.0,38939.850000022656,0.0,0.0,0.0,0.0,0.0,0.0,0.0,7787.970000000005,0.0,389398.5,1.0,353.0,0.0,397186.4700000002,0.0,0.0,0.0,962195.796500003
1055,2022-11-21,2022,True,22.887671232876713,1075,1075,1354,662450.596135431,1731.0258291139132,81093,25,0.0,0.836267084651094,0.15397997219383078,0.1420032916730633,0.06556253633213593,0.3836134487510453,0.9563255813953488,0.10335502403145143,815838.1023291141,0,False,False,True,"{""0"":null,""1"":null,""2"":null,""3"":null}",1075.0,1096405.0,1075.0,779872.0,1075.0,779872.0,912.3529835600639,662450.596135431,912.3529835600639,0.0,0.0,1731.0258291139035,963926.8223291169,0.0,23.37383430885625,4.0,3004.0,0.0,0.0,96.70000000562868,69974.9999995852,9.60000000000582,1979.55000000047,53.75000000312866,38993.600000025785,0.0,0.0,0.0,0.0,0.0,0.0,10.75,7798.720000000005,537.5,389936.0,1.0,354.0,548.25,397734.7200000002,0.0,0.0,1731.0258291139035,963926.8223291169
1056,2022-11-22,2022,True,22.89041095890411,1075,1075,1354,663362.949118991,1656.2160418930678,81154,39,0.0,0.829692306743852,0.16570771176105772,0.14208627670737836,0.06584347226167064,0.3836134487510453,0.9565767441860464,0.12986461056372595,816946.0683710072,0,False,False,True,"{""0"":null,""1"":null,""2"":null,""3"":null}",1075.0,1097480.0,1075.0,780947.0,1075.0,780947.0,912.3529835600639,663362.949118991,912.3529835600639,0.0,0.0,1656.2160418931162,965583.03837101,0.0,23.37383430885625,4.0,3008.0,0.0,0.0,96.70000000562868,70071.69999959083,0.0,1979.55000000047,53.75000000312866,39047.35000002891,0.0,0.0,0.0,0.0,0.0,0.0,10.75,7809.470000000005,537.5,390473.5,0.0,354.0,548.25,398282.9700000002,0.0,0.0,1656.2160418931162,965583.03837101
1057,2022-11-23,2022,True,22.893150684931506,1075,1075,1354,664275.3021025511,1546.5127456154764,81247,57,0.1558309489869986,0.8278819913238434,0.18504783328990151,0.14201947007583177,0.06610293839739038,0.3836134487510453,0.956339534883721,0.15438988054557035,817944.3311166227,0,False,False,True,"{""0"":null,""1"":null,""2"":null,""3"":null}",1075.0,1098555.0,1075.0,782022.0,1075.0,782022.0,912.3529835600639,664275.3021025511,912.3529835600639,0.0,0.0,1546.5127456154441,967129.5511166254,0.15583094898699912,23.52966525784325,4.0,3012.0,0.0,0.0,96.70000000562868,70168.39999959646,0.0,1979.55000000047,53.75000000312866,39101.10000003204,0.0,0.0,0.0,0.0,0.0,0.0,10.75,7820.220000000005,537.5,391011.0,0.0,354.0,548.25,398831.2200000002,0.0,0.0,1546.5127456154441,967129.5511166254
1058,2022-11-24,2022,True,22.895890410958906,1075,1075,1354,665187.6550861112,1481.5287275906594,81390,47,0.0,0.828818217873869,0.1664032479180383,0.14209818424765974,0.0663423600845723,0.3836134487510453,0.956274418604651,0.17701853292425182,818877.6098442134,0,False,False,True,"{""0"":null,""1"":null,""2"":null,""3"":null}",1075.0,1099630.0,1075.0,783097.0,1075.0,783097.0,912.3529835600639,665187.6550861112,912.3529835600639,0.0,0.0,1481.5287275906885,968611.0798442161,0.0,23.52966525784325,4.0,3016.0,0.0,0.0,96.70000000562868,70265.09999960208,3.7500000000022737,1983.3000000004722,53.75000000312866,39154.85000003517,0.0,0.0,0.0,0.0,0.0,0.0,10.75,7830.970000000005,537.5,391548.5,0.0,354.0,548.25,399379.4700000002,0.0,0.0,1481.5287275906885,968611.0798442161
1059,2022-11-25,2022,True,22.898630136986302,1072,1072,1354,666097.4095534316,1403.5923957970774,81478,53,0.0,0.8143887253095867,0.18185995530482332,0.14195876450203368,0.06610888654218625,0.38362411855645084,0.9562313432835821,0.19761538837955356,819734.4822400104,0,False,False,True,"{""0"":null,""1"":null,""2"":null,""3"":null}",1072.0,1100702.0,1072.0,784169.0,1072.0,784169.0,909.7544673203956,666097.4095534316,909.7544673203956,0.0,0.0,1403.5923957970226,970014.6722400131,0.0,23.52966525784325,4.0,3020.0,0.0,0.0,96.40000000561122,70361.4999996077,2.1000000000012733,1985.4000000004735,53.60000000311993,39208.45000003829,0.0,0.0,0.0,0.0,0.0,0.0,10.720000000000255,7841.690000000005,536.0,392084.5,0.0,354.0,546.7199999999721,399926.1900000002,0.0,0.0,1403.5923957970226,970014.6722400131
1060,2022-11-26,2022,False,22.9013698630137,1072,0,1354,666097.4095534316,0.0,80554,53,0.0,,,0.14195152456835378,0.06629891120636003,0.38362411855645084,0.9569309701492537,0.1223623627473027,819734.4822400104,0,False,False,True,"{""0"":null,""1"":null,""2"":null,""3"":null}",1072.0,1101774.0,0.0,784169.0,0.0,784169.0,0.0,666097.4095534316,0.0,0.0,0.0,0.0,970014.6722400131,0.0,23.52966525784325,0.0,3020.0,0.0,0.0,0.0,70361.4999996077,0.0,1985.4000000004735,0.0,39208.45000003829,0.0,0.0,0.0,0.0,0.0,0.0,0.0,7841.690000000005,0.0,392084.5,0.0,354.0,0.0,399926.1900000002,0.0,0.0,0.0,970014.6722400131
1061,2022-11-27,2022,False,22.904109589041095,1072,0,1354,666097.4095534316,0.0,80554,53,0.0,,,0.14195152456835378,0.06629891120636004,0.38362411855645084,0.9569309701492537,0.07503053006025172,819734.4822400104,0,False,False,True,"{""0"":null,""1"":null,""2"":null,""3"":null}",1072.0,1102846.0,0.0,784169.0,0.0,784169.0,0.0,666097.4095534316,0.0,0.0,0.0,0.0,970014.6722400131,0.0,23.52966525784325,0.0,3020.0,0.0,0.0,0.0,70361.4999996077,0.0,1985.4000000004735,0.0,39208.45000003829,0.0,0.0,0.0,0.0,0.0,0.0,0.0,7841.690000000005,0.0,392084.5,0.0,354.0,0.0,399926.1900000002,0.0,0.0,0.0,970014.6722400131
1062,2022-11-28,2022,True,22.90684931506849,1070,1070,1354,667005.5038972612,1739.8536420623477,81630,12,0.0,0.84019623528897,0.1606154790996862,0.14192224853095348,0.06630993753319428,0.38367528289946917,0.956266355140187,0.10363998441622596,820928.6358820728,0,False,False,True,"{""0"":null,""1"":null,""2"":null,""3"":null}",1070.0,1103916.0,1070.0,785239.0,1070.0,785239.0,908.0943438296672,667005.5038972612,908.0943438296672,0.0,0.0,1739.8536420624005,971754.5258820755,0.0,23.52966525784325,4.0,3024.0,0.0,0.0,96.20000000559958,70457.6999996133,7.95000000000482,1993.3500000004783,53.50000000311411,39261.950000041405,0.0,0.0,0.0,0.0,0.0,0.0,10.699999999999818,7852.390000000005,535.0,392619.5,0.0,354.0,545.7000000000116,400471.8900000002,0.0,0.0,1739.8536420624005,971754.5258820755
1063,2022-11-29,2022,True,22.90958904109589,1070,1070,1355,667913.3992472369,1672.4167037100217,81693,22,0.0,0.8419649870946022,0.151188779719493,0.14171438669145336,0.06542277223198345,0.3833844976763517,0.9564205607476636,0.12993861092094575,822054.3525857829,0,False,False,True,"{""0"":null,""1"":null,""2"":null,""3"":null}",1070.0,1104986.0,1070.0,786309.0,1070.0,786309.0,907.8953499756753,667913.3992472369,907.8953499756753,0.0,0.0,1672.4167037099833,973426.9425857855,0.0,23.52966525784325,4.0,3028.0,0.0,0.0,96.20000000559958,70553.8999996189,0.0,1993.3500000004783,53.50000000311411,39315.45000004452,0.0,0.0,0.0,0.0,0.0,0.0,10.699999999999818,7863.090000000005,535.0,393154.5,1.0,355.0,545.7000000000116,401017.5900000002,0.0,0.0,1672.4167037099833,973426.9425857855
1064,2022-11-30,2022,True,22.912328767123288,1070,1070,1355,668821.2945972126,1539.7915741942136,81794,42,0.0,0.8326997531141286,0.16455161379034478,0.14179937734528225,0.06568819760953755,0.3833844976763517,0.9563504672897196,0.15447991542326656,823048.4441599771,0,False,False,True,"{""0"":null,""1"":null,""2"":null,""3"":null}",1070.0,1106056.0,1070.0,787379.0,1070.0,787379.0,907.8953499756753,668821.2945972126,907.8953499756753,0.0,0.0,1539.7915741942124,974966.7341599797,0.0,23.52966525784325,4.0,3032.0,0.0,0.0,96.20000000559958,70650.0999996245,0.0,1993.3500000004783,53.50000000311411,39368.95000004763,0.0,0.0,0.0,0.0,0.0,0.0,10.699999999999818,7873.7900000000045,535.0,393689.5,0.0,355.0,545.7000000000116,401563.2900000002,0.0,0.0,1539.7915741942124,974966.7341599797
1065,2022-12-01,2022,True,22.915068493150685,1069,1069,1355,669728.2900156173,1482.2925254066683,81909,49,0.0,0.8287761475632734,0.1735201078121236,0.14168155858430526,0.0658145827226662,0.3834455891905948,0.956155285313377,0.17716733810995167,823985.5466853839,0,False,False,True,"{""0"":null,""1"":null,""2"":null,""3"":null}",1069.0,1107125.0,1069.0,788448.0,1069.0,788448.0,906.9954184046946,669728.2900156173,906.9954184046946,0.0,0.0,1482.292525406694,976449.0266853864,0.0,23.52966525784325,4.0,3036.0,0.0,0.0,96.10000000559376,70746.19999963009,1.8000000000010914,1995.1500000004794,53.4500000031112,39422.400000050744,0.0,0.0,0.0,0.0,0.0,0.0,10.6899999999996,7884.480000000004,534.5,394224.0,0.0,355.0,545.1900000000023,402108.4800000002,0.0,0.0,1482.292525406694,976449.0266853864
1066,2022-12-02,2022,True,22.91780821917808,1069,1069,1355,670635.285434022,1404.6024738345134,82018,57,0.0,0.8035614726485845,0.18909733149547395,0.14168919138368827,0.066028451723667,0.3834455891905948,0.956089803554724,0.1979616489749338,824844.9591592185,0,False,False,True,"{""0"":null,""1"":null,""2"":null,""3"":null}",1069.0,1108194.0,1069.0,789517.0,1069.0,789517.0,906.9954184046946,670635.285434022,906.9954184046946,0.0,0.0,1404.6024738345295,977853.629159221,0.0,23.52966525784325,4.0,3040.0,0.0,0.0,96.10000000559376,70842.29999963568,1.5000000000009095,1996.6500000004803,53.4500000031112,39475.850000053855,0.0,0.0,0.0,0.0,0.0,0.0,10.6899999999996,7895.170000000004,534.5,394758.5,0.0,355.0,545.1900000000023,402653.6700000002,0.0,0.0,1404.6024738345295,977853.629159221
1067,2022-12-03,2022,False,22.920547945205477,1068,0,1355,670635.285434022,0.0,81094,57,0.0,,,0.14159090686610548,0.066104157757338,0.38343566201937007,0.9568820224719101,0.12298763550422673,824844.9591592185,0,False,False,True,"{""0"":null,""1"":null,""2"":null,""3"":null}",1068.0,1109262.0,0.0,789517.0,0.0,789517.0,0.0,670635.285434022,0.0,0.0,0.0,0.0,977853.629159221,0.0,23.52966525784325,0.0,3040.0,0.0,0.0,0.0,70842.29999963568,0.0,1996.6500000004803,0.0,39475.850000053855,0.0,0.0,0.0,0.0,0.0,0.0,0.0,7895.170000000004,0.0,394758.5,0.0,355.0,0.0,402653.6700000002,0.0,0.0,0.0,977853.629159221
1068,2022-12-04,2022,False,22.923287671232877,1069,0,1356,670635.285434022,0.0,81094,57,0.0,,,0.14170885588838966,0.06569507863836997,0.38366535572824445,0.9566417212347988,0.07549340072475416,824843.9591592185,0,False,False,True,"{""0"":null,""1"":null,""2"":null,""3"":null}",1069.0,1110331.0,0.0,789517.0,0.0,789517.0,0.0,670635.285434022,0.0,0.0,0.0,0.0,977853.629159221,0.0,23.52966525784325,0.0,3040.0,0.0,0.0,0.0,70842.29999963568,0.0,1996.6500000004803,0.0,39475.850000053855,0.0,0.0,0.0,0.0,0.0,0.0,0.0,7895.170000000004,0.0,394758.5,1.0,356.0,0.0,402653.6700000002,0.0,0.0,0.0,977853.629159221
1069,2022-12-05,2022,True,22.926027397260274,1069,1069,1356,671542.4587342418,1739.7768307383053,82170,19,0.0,0.8344514830465166,0.16686018542113654,0.14170885588838966,0.06569507863837,0.38366535572824445,0.9560056127221703,0.10391519405572718,826038.5459899568,0,False,False,True,"{""0"":null,""1"":null,""2"":null,""3"":null}",1069.0,1111400.0,1069.0,790586.0,1069.0,790586.0,907.1733002198162,671542.4587342418,907.1733002198162,0.0,0.0,1739.776830738294,979593.4059899593,0.0,23.52966525784325,4.0,3044.0,0.0,0.0,96.10000000559376,70938.39999964127,8.550000000005184,2005.2000000004855,53.4500000031112,39529.30000005697,0.0,0.0,0.0,0.0,0.0,0.0,10.6899999999996,7905.860000000003,534.5,395293.0,0.0,356.0,545.1900000000023,403198.8600000002,0.0,0.0,1739.776830738294,979593.4059899593
1070,2022-12-06,2022,True,22.92876712328767,1069,1069,1356,672449.6320344616,1629.4933233875265,82224,39,0.0,0.8305485753583871,0.14706507573226107,0.1417308023954861,0.06595668829847598,0.38366535572824445,0.9563517305893359,0.13038374249966378,827122.8493133445,0,False,False,True,"{""0"":null,""1"":null,""2"":null,""3"":null}",1069.0,1112469.0,1069.0,791655.0,1069.0,791655.0,907.1733002198162,672449.6320344616,907.1733002198162,0.0,0.0,1629.4933233875781,981222.8993133468,0.0,23.52966525784325,4.0,3048.0,0.0,0.0,96.10000000559376,71034.49999964687,0.0,2005.2000000004855,53.4500000031112,39582.75000006008,0.0,0.0,0.0,0.0,0.0,0.0,10.6899999999996,7916.550000000003,534.5,395827.5,0.0,356.0,545.1900000000023,403744.0500000002,0.0,0.0,1629.4933233875781,981222.8993133468
1071,2022-12-07,2022,True,22.93150684931507,1070,1070,1357,673357.5639967126,1553.16911364147,82319,64,0.0,0.8382864689605054,0.14839455727943893,0.1418109960552452,0.06582505158194447,0.38389504943711883,0.9559065420560748,0.15486161866073195,828129.318426986,0,False,False,True,"{""0"":null,""1"":null,""2"":null,""3"":null}",1070.0,1113539.0,1070.0,792725.0,1070.0,792725.0,907.9319622509647,673357.5639967126,907.9319622509647,0.0,0.0,1553.1691136414884,982776.0684269883,0.0,23.52966525784325,4.0,3052.0,0.0,0.0,96.20000000559958,71130.69999965247,0.0,2005.2000000004855,53.50000000311411,39636.25000006319,0.0,0.0,0.0,0.0,0.0,0.0,10.699999999999818,7927.250000000003,535.0,396362.5,1.0,357.0,545.7000000000116,404289.75000000023,0.0,0.0,1553.1691136414884,982776.0684269883
1072,2022-12-08,2022,True,22.934246575342467,1070,1070,1357,674265.4959589635,1441.763682739159,82457,69,0.10226501187695827,0.8113452776923722,0.17645408953315284,0.14186637137775138,0.06598615498535051,0.38389504943711883,0.9556915887850468,0.17743256340096134,829025.3821097251,0,False,False,True,"{""0"":null,""1"":null,""2"":null,""3"":null}",1070.0,1114609.0,1070.0,793795.0,1070.0,793795.0,907.9319622509647,674265.4959589635,907.9319622509647,0.0,0.0,1441.7636827391107,984217.8321097274,0.10226501187695902,23.631930269720208,4.0,3056.0,0.0,0.0,96.20000000559958,71226.89999965807,2.850000000001728,2008.0500000004872,53.50000000311411,39689.750000066306,0.0,0.0,0.0,0.0,0.0,0.0,10.699999999999818,7937.950000000003,535.0,396897.5,0.0,357.0,545.7000000000116,404835.45000000024,0.0,0.0,1441.7636827391107,984217.8321097274
1073,2022-12-09,2022,True,22.936986301369863,1069,1069,1357,675172.630169637,1422.369991373459,82565,64,0.0,0.8222577124718249,0.179229739192784,0.14184188080661297,0.06597985830766544,0.38366535572824445,0.9556688493919551,0.19823847639188638,829902.5621010987,0,False,False,True,"{""0"":null,""1"":null,""2"":null,""3"":null}",1069.0,1115678.0,1069.0,794864.0,1069.0,794864.0,907.1342106735101,675172.630169637,907.1342106735101,0.0,0.0,1422.3699913735036,985640.2021011009,0.0,23.631930269720208,4.0,3060.0,0.0,0.0,96.10000000559376,71322.99999966366,3.000000000001819,2011.050000000489,53.4500000031112,39743.20000006942,0.0,0.0,0.0,0.0,0.0,0.0,10.6899999999996,7948.640000000002,534.5,397432.0,0.0,357.0,545.1900000000023,405380.64000000025,0.0,0.0,1422.3699913735036,985640.2021011009
1074,2022-12-10,2022,False,22.93972602739726,1068,0,1357,675172.630169637,0.0,81634,64,0.0,,,0.1417518130405207,0.0662077098316448,0.3837264472424875,0.9567134831460674,0.12324389654504618,829902.5621010987,0,False,False,True,"{""0"":null,""1"":null,""2"":null,""3"":null}",1068.0,1116746.0,0.0,794864.0,0.0,794864.0,0.0,675172.630169637,0.0,0.0,0.0,0.0,985640.2021011009,0.0,23.631930269720208,0.0,3060.0,0.0,0.0,0.0,71322.99999966366,0.0,2011.050000000489,0.0,39743.20000006942,0.0,0.0,0.0,0.0,0.0,0.0,0.0,7948.640000000002,0.0,397432.0,0.0,357.0,0.0,405380.64000000025,0.0,0.0,0.0,985640.2021011009
1075,2022-12-11,2022,False,22.942465753424656,1069,0,1358,675172.630169637,0.0,81634,64,0.0,,,0.14177181949171871,0.06550740900394231,0.38366535572824445,0.9564733395696913,0.07580184033066821,829901.5621010987,0,False,False,True,"{""0"":null,""1"":null,""2"":null,""3"":null}",1069.0,1117815.0,0.0,794864.0,0.0,794864.0,0.0,675172.630169637,0.0,0.0,0.0,0.0,985640.2021011009,0.0,23.631930269720208,0.0,3060.0,0.0,0.0,0.0,71322.99999966366,0.0,2011.050000000489,0.0,39743.20000006942,0.0,0.0,0.0,0.0,0.0,0.0,0.0,7948.640000000002,0.0,397432.0,1.0,358.0,0.0,405380.64000000025,0.0,0.0,0.0,985640.2021011009
1076,2022-12-12,2022,True,22.945205479452056,1069,1069,1358,676079.8431548834,1763.2051885712199,82715,20,0.0,0.8550509447201758,0.14941595831148263,0.1417718194917187,0.06550740900394231,0.38366535572824445,0.9556782039289056,0.10415836781487448,831119.57728967,0,False,False,True,"{""0"":null,""1"":null,""2"":null,""3"":null}",1069.0,1118884.0,1069.0,795933.0,1069.0,795933.0,907.2129852463258,676079.8431548834,907.2129852463258,0.0,0.0,1763.2051885712426,987403.4072896722,0.0,23.631930269720208,4.0,3064.0,0.0,0.0,96.10000000559376,71419.09999966926,9.60000000000582,2020.6500000004949,53.4500000031112,39796.65000007253,0.0,0.0,0.0,0.0,0.0,0.0,10.6899999999996,7959.330000000002,534.5,397966.5,0.0,358.0,545.1900000000023,405925.83000000025,0.0,0.0,1763.2051885712426,987403.4072896722
1077,2022-12-13,2022,True,22.947945205479453,1069,1069,1358,676987.0561401297,1609.2288665301508,82766,39,0.0,0.8577377006573472,0.13508147967118664,0.14176117175378666,0.0657003425528394,0.38366535572824445,0.9561739943872778,0.13055167929656425,832183.6161562002,0,False,False,True,"{""0"":null,""1"":null,""2"":null,""3"":null}",1069.0,1119953.0,1069.0,797002.0,1069.0,797002.0,907.2129852463258,676987.0561401297,907.2129852463258,0.0,0.0,1609.2288665301166,989012.6361562023,0.0,23.631930269720208,4.0,3068.0,0.0,0.0,96.10000000559376,71515.19999967485,0.0,2020.6500000004949,53.4500000031112,39850.10000007564,0.0,0.0,0.0,0.0,0.0,0.0,10.6899999999996,7970.020000000001,534.5,398501.0,0.0,358.0,545.1900000000023,406471.02000000025,0.0,0.0,1609.2288665301166,989012.6361562023
1078,2022-12-14,2022,True,22.95068493150685,1069,1069,1359,677894.3087247291,1539.943438498965,82881,58,0.0,0.818570566399086,0.18029070805593927,0.14197212031300682,0.06534515957041646,0.38385727038200024,0.9559962581852198,0.15502971780232283,833177.3695946992,0,False,False,True,"{""0"":null,""1"":null,""2"":null,""3"":null}",1069.0,1121022.0,1069.0,798071.0,1069.0,798071.0,907.2525845994242,677894.3087247291,907.2525845994242,0.0,0.0,1539.9434384990018,990552.5795947013,0.0,23.631930269720208,4.0,3072.0,0.0,0.0,96.10000000559376,71611.29999968044,0.0,2020.6500000004949,53.4500000031112,39903.55000007875,0.0,0.0,0.0,0.0,0.0,0.0,10.6899999999996,7980.710000000001,534.5,399035.5,1.0,359.0,545.1900000000023,407016.21000000025,0.0,0.0,1539.9434384990018,990552.5795947013
1079,2022-12-15,2022,True,22.953424657534246,1069,1069,1359,678801.5613093285,1498.1289044015564,82988,55,0.0,0.8147969555174619,0.18542772705933916,0.14191039825752796,0.06554424910992754,0.38385727038200024,0.955687558465856,0.17753771333428847,834130.3084991009,0,False,False,True,"{""0"":null,""1"":null,""2"":null,""3"":null}",1069.0,1122091.0,1069.0,799140.0,1069.0,799140.0,907.2525845994242,678801.5613093285,907.2525845994242,0.0,0.0,1498.1289044015575,992050.7084991029,0.0,23.631930269720208,4.0,3076.0,0.0,0.0,96.10000000559376,71707.39999968604,3.000000000001819,2023.6500000004967,53.4500000031112,39957.00000008186,0.0,0.0,0.0,0.0,0.0,0.0,10.6899999999996,7991.400000000001,534.5,399570.0,0.0,359.0,545.1900000000023,407561.40000000026,0.0,0.0,1498.1289044015575,992050.7084991029
1080,2022-12-16,2022,True,22.956164383561642,1070,1070,1360,679709.5736344794,1420.9177141131372,83119,46,0.0,0.8101834331200469,0.18431887876246072,0.1420855424566829,0.06532166760792713,0.3840869640908746,0.9557990654205608,0.1980990599173434,835004.526213214,0,False,False,True,"{""0"":null,""1"":null,""2"":null,""3"":null}",1070.0,1123161.0,1070.0,800210.0,1070.0,800210.0,908.0123251508921,679709.5736344794,908.0123251508921,0.0,0.0,1420.9177141131368,993471.626213216,0.0,23.631930269720208,4.0,3080.0,0.0,0.0,96.20000000559958,71803.59999969164,2.850000000001728,2026.5000000004984,53.50000000311411,40010.500000084976,0.0,0.0,0.0,0.0,0.0,0.0,10.699999999999818,8002.1,535.0,400105.0,1.0,360.0,545.7000000000116,408107.10000000027,0.0,0.0,1420.9177141131368,993471.626213216
1081,2022-12-17,2022,False,22.958904109589042,1070,0,1360,679709.5736344794,0.0,82174,46,0.0,,,0.14216464403240092,0.06559343764218506,0.3840869640908746,0.9565233644859813,0.12323316090353244,835004.526213214,0,False,False,True,"{""0"":null,""1"":null,""2"":null,""3"":null}",1070.0,1124231.0,0.0,800210.0,0.0,800210.0,0.0,679709.5736344794,0.0,0.0,0.0,0.0,993471.626213216,0.0,23.631930269720208,0.0,3080.0,0.0,0.0,0.0,71803.59999969164,0.0,2026.5000000004984,0.0,40010.500000084976,0.0,0.0,0.0,0.0,0.0,0.0,0.0,8002.1,0.0,400105.0,0.0,360.0,0.0,408107.10000000027,0.0,0.0,0.0,993471.626213216
1082,2022-12-18,2022,False,22.96164383561644,1070,0,1360,679709.5736344794,0.0,82174,46,0.0,,,0.14216464403240092,0.06559343764218509,0.3840869640908746,0.9565233644859813,0.07591843609388227,835004.526213214,0,False,False,True,"{""0"":null,""1"":null,""2"":null,""3"":null}",1070.0,1125301.0,0.0,800210.0,0.0,800210.0,0.0,679709.5736344794,0.0,0.0,0.0,0.0,993471.626213216,0.0,23.631930269720208,0.0,3080.0,0.0,0.0,0.0,71803.59999969164,0.0,2026.5000000004984,0.0,40010.500000084976,0.0,0.0,0.0,0.0,0.0,0.0,0.0,8002.1,0.0,400105.0,0.0,360.0,0.0,408107.10000000027,0.0,0.0,0.0,993471.626213216
1083,2022-12-19,2022,True,22.964383561643835,1070,1070,1360,680617.5859596303,1741.6473576875812,83250,11,0.0,0.8579386589516839,0.12693189599834287,0.14216464403240092,0.06559343764218507,0.3840869640908746,0.9559439252336449,0.10423599511481976,836200.4735709017,0,False,False,True,"{""0"":null,""1"":null,""2"":null,""3"":null}",1070.0,1126371.0,1070.0,801280.0,1070.0,801280.0,908.0123251508921,680617.5859596303,908.0123251508921,0.0,0.0,1741.647357687587,995213.2735709036,0.0,23.631930269720208,4.0,3084.0,0.0,0.0,96.20000000559958,71899.79999969724,6.900000000004184,2033.4000000005026,53.50000000311411,40064.00000008809,0.0,0.0,0.0,0.0,0.0,0.0,10.699999999999818,8012.8,535.0,400640.0,0.0,360.0,545.7000000000116,408652.8000000003,0.0,0.0,1741.647357687587,995213.2735709036
1084,2022-12-20,2022,True,22.96712328767123,1072,1072,1362,681527.413514356,1625.5873697757506,83307,35,0.0,0.8255674932031172,0.15167188048056754,0.14167585205429867,0.06419150063819078,0.3837257046083067,0.9555317164179103,0.1306297485647151,837277.3409406774,0,False,False,True,"{""0"":null,""1"":null,""2"":null,""3"":null}",1072.0,1127443.0,1072.0,802352.0,1072.0,802352.0,909.8275547256926,681527.413514356,909.8275547256926,0.0,0.0,1625.5873697757488,996838.8609406793,0.0,23.631930269720208,4.0,3088.0,0.0,0.0,96.40000000561122,71996.19999970285,0.0,2033.4000000005026,53.60000000311993,40117.60000009121,0.0,0.0,0.0,0.0,0.0,0.0,10.720000000000255,8023.52,536.0,401176.0,2.0,362.0,546.7199999999721,409199.52000000025,0.0,0.0,1625.5873697757488,996838.8609406793
1085,2022-12-21,2022,True,22.969863013698628,1072,1072,1362,682437.2410690817,1560.9938843079196,83413,57,0.0,0.818202012754575,0.18506170566582747,0.14167687056081105,0.0643872281487559,0.3837257046083067,0.9553125,0.15505549550867984,838291.6148249854,0,False,False,True,"{""0"":null,""1"":null,""2"":null,""3"":null}",1072.0,1128515.0,1072.0,803424.0,1072.0,803424.0,909.8275547256926,682437.2410690817,909.8275547256926,0.0,0.0,1560.9938843079144,998399.8548249872,0.0,23.631930269720208,4.0,3092.0,0.0,0.0,96.40000000561122,72092.59999970846,0.0,2033.4000000005026,53.60000000311993,40171.20000009433,0.0,0.0,0.0,0.0,0.0,0.0,10.720000000000255,8034.240000000001,536.0,401712.0,0.0,362.0,546.7199999999721,409746.2400000002,0.0,0.0,1560.9938843079144,998399.8548249872
1086,2022-12-22,2022,True,22.972602739726028,1072,1072,1362,683347.0686238074,1518.2560950009695,83543,57,0.0,0.8226575981930703,0.16773818798379353,0.14169682231263955,0.06467319580398408,0.3837257046083067,0.9554757462686567,0.17762155657246378,839263.1509199864,0,False,False,True,"{""0"":null,""1"":null,""2"":null,""3"":null}",1072.0,1129587.0,1072.0,804496.0,1072.0,804496.0,909.8275547256926,683347.0686238074,909.8275547256926,0.0,0.0,1518.2560950010084,999918.1109199882,0.0,23.631930269720208,4.0,3096.0,0.0,0.0,96.40000000561122,72188.99999971407,1.6500000000010004,2035.0500000005036,53.60000000311993,40224.80000009745,0.0,0.0,0.0,0.0,0.0,0.0,10.720000000000255,8044.960000000001,536.0,402248.0,0.0,362.0,546.7199999999721,410292.9600000002,0.0,0.0,1518.2560950010084,999918.1109199882
1087,2022-12-23,2022,True,22.975342465753425,1073,1073,1363,684257.857001943,1416.958558844245,83656,50,0.0,0.7977481801502977,0.20469783754228174,0.14169488367080674,0.06430997046979371,0.3837355073159426,0.9554613233923579,0.1982957024073601,840131.8794788307,0,False,False,True,"{""0"":null,""1"":null,""2"":null,""3"":null}",1073.0,1130660.0,1073.0,805569.0,1073.0,805569.0,910.7883781356504,684257.857001943,910.7883781356504,0.0,0.0,1416.958558844286,1001335.0694788325,0.0,23.631930269720208,4.0,3100.0,0.0,0.0,96.40000000561122,72285.39999971968,3.600000000002183,2038.6500000005058,53.65000000312284,40278.45000010057,0.0,0.0,0.0,0.0,0.0,0.0,10.729999999999563,8055.6900000000005,536.5,402784.5,1.0,363.0,547.2299999999814,410840.1900000002,0.0,0.0,1416.958558844286,1001335.0694788325
1088,2022-12-24,2022,False,22.97808219178082,1073,0,1363,684257.857001943,0.0,82715,50,0.0,,,0.14168326897419725,0.06446473177060426,0.3837355073159426,0.9561183597390494,0.12329419232946263,840131.8794788307,0,False,False,True,"{""0"":null,""1"":null,""2"":null,""3"":null}",1073.0,1131733.0,0.0,805569.0,0.0,805569.0,0.0,684257.857001943,0.0,0.0,0.0,0.0,1001335.0694788325,0.0,23.631930269720208,0.0,3100.0,0.0,0.0,0.0,72285.39999971968,0.0,2038.6500000005058,0.0,40278.45000010057,0.0,0.0,0.0,0.0,0.0,0.0,0.0,8055.6900000000005,0.0,402784.5,0.0,363.0,0.0,410840.1900000002,0.0,0.0,0.0,1001335.0694788325
1089,2022-12-25,2022,False,22.98082191780822,1073,0,1363,684257.857001943,0.0,82715,50,0.0,,,0.14168326897419725,0.06446473177060423,0.3837355073159426,0.9561183597390494,0.07596049652646769,840131.8794788307,0,False,False,True,"{""0"":null,""1"":null,""2"":null,""3"":null}",1073.0,1132806.0,0.0,805569.0,0.0,805569.0,0.0,684257.857001943,0.0,0.0,0.0,0.0,1001335.0694788325,0.0,23.631930269720208,0.0,3100.0,0.0,0.0,0.0,72285.39999971968,0.0,2038.6500000005058,0.0,40278.45000010057,0.0,0.0,0.0,0.0,0.0,0.0,0.0,8055.6900000000005,0.0,402784.5,0.0,363.0,0.0,410840.1900000002,0.0,0.0,0.0,1001335.0694788325
1090,2022-12-26,2022,True,22.983561643835618,1072,1072,1364,685167.7654080254,1727.4467845304962,83789,16,0.032335562568557664,0.837674877492238,0.14690660583346266,0.14135473774198304,0.06315862207559585,0.38343491938518925,0.9551212686567164,0.10384335766056889,841311.6062633613,0,False,False,True,"{""0"":null,""1"":null,""2"":null,""3"":null}",1072.0,1133878.0,1072.0,806641.0,1072.0,806641.0,909.9084060823079,685167.7654080254,909.9084060823079,0.0,0.0,1727.4467845305335,1003062.5162633631,0.03233556256855863,23.664265832288766,4.0,3104.0,0.0,0.0,96.40000000561122,72381.79999972529,7.5000000000045475,2046.1500000005103,53.60000000311993,40332.05000010369,0.0,0.0,0.0,0.0,0.0,0.0,10.720000000000255,8066.410000000001,536.0,403320.5,1.0,364.0,546.7199999999721,411386.91000000015,0.0,0.0,1727.4467845305335,1003062.5162633631
1091,2022-12-27,2022,True,22.986301369863014,1072,1072,1364,686077.6738141077,1657.0331614503548,83846,33,0.0,0.8357885800737332,0.15139406950520298,0.14135392293560578,0.06341261044867029,0.38343491938518925,0.9552285447761195,0.1302962421879834,842421.9194248117,0,False,False,True,"{""0"":null,""1"":null,""2"":null,""3"":null}",1072.0,1134950.0,1072.0,807713.0,1072.0,807713.0,909.9084060823079,686077.6738141077,909.9084060823079,0.0,0.0,1657.0331614504103,1004719.5494248135,0.0,23.664265832288766,4.0,3108.0,0.0,0.0,96.40000000561122,72478.1999997309,0.0,2046.1500000005103,53.60000000311993,40385.65000010681,0.0,0.0,0.0,0.0,0.0,0.0,10.720000000000255,8077.130000000001,536.0,403856.5,0.0,364.0,546.7199999999721,411933.6300000001,0.0,0.0,1657.0331614504103,1004719.5494248135
1092,2022-12-28,2022,True,22.98904109589041,1073,1073,1365,686988.4364752738,1545.33252118463,83958,50,0.0,0.8108463612027255,0.17424294211633473,0.14136919633483586,0.06298015216725085,0.383444846556414,0.9548555452003727,0.1547217143511606,843419.0219459963,0,False,False,True,"{""0"":null,""1"":null,""2"":null,""3"":null}",1073.0,1136023.0,1073.0,808786.0,1073.0,808786.0,910.7626611661399,686988.4364752738,910.7626611661399,0.0,0.0,1545.3325211845804,1006264.8819459981,0.0,23.664265832288766,4.0,3112.0,0.0,0.0,96.50000000561704,72574.69999973652,0.0,2046.1500000005103,53.65000000312284,40439.300000109935,0.0,0.0,0.0,0.0,0.0,0.0,10.729999999999563,8087.860000000001,536.5,404393.0,1.0,365.0,547.2299999999814,412480.8600000001,0.0,0.0,1545.3325211845804,1006264.8819459981
1093,2022-12-29,2022,True,22.991780821917807,1073,1073,1365,687899.19913644,1477.2928691494697,84073,56,0.0,0.8014591524276247,0.19197903547596631,0.14135520505541074,0.06324458985986409,0.383444846556414,0.9546831314072693,0.1772842599825003,844349.0848151458,0,False,False,True,"{""0"":null,""1"":null,""2"":null,""3"":null}",1073.0,1137096.0,1073.0,809859.0,1073.0,809859.0,910.7626611661399,687899.19913644,910.7626611661399,0.0,0.0,1477.2928691494744,1007742.1748151475,0.0,23.664265832288766,4.0,3116.0,0.0,0.0,96.50000000561704,72671.19999974214,2.400000000001455,2048.550000000512,53.65000000312284,40492.95000011306,0.0,0.0,0.0,0.0,0.0,0.0,10.729999999999563,8098.59,536.5,404929.5,0.0,365.0,547.2299999999814,413028.0900000001,0.0,0.0,1477.2928691494744,1007742.1748151475
1094,2022-12-30,2022,True,22.994520547945207,1073,1073,1365,688809.9617976061,1418.5509449752842,84196,60,0.0,0.8136138905969528,0.18497037464790805,0.14148257349024762,0.06346838494354551,0.383444846556414,0.9548089468779124,0.19803744577277832,845220.4057601211,0,False,False,True,"{""0"":null,""1"":null,""2"":null,""3"":null}",1073.0,1138169.0,1073.0,810932.0,1073.0,810932.0,910.7626611661399,688809.9617976061,910.7626611661399,0.0,0.0,1418.550944975228,1009160.7257601228,0.0,23.664265832288766,4.0,3120.0,0.0,0.0,96.50000000561704,72767.69999974775,2.550000000001546,2051.1000000005133,53.65000000312284,40546.60000011618,0.0,0.0,0.0,0.0,0.0,0.0,10.729999999999563,8109.32,536.5,405466.0,0.0,365.0,547.2299999999814,413575.32000000007,0.0,0.0,1418.550944975228,1009160.7257601228
1095,2022-12-31,2022,False,22.997260273972604,1073,0,1365,688809.9617976061,0.0,83255,60,0.0,,,0.14156667938400339,0.06372856705924604,0.383444846556414,0.9555172413793104,0.12304991900714023,845220.4057601211,0,False,False,True,"{""0"":null,""1"":null,""2"":null,""3"":null}",1073.0,1139242.0,0.0,810932.0,0.0,810932.0,0.0,688809.9617976061,0.0,0.0,0.0,0.0,1009160.7257601228,0.0,23.664265832288766,0.0,3120.0,0.0,0.0,0.0,72767.69999974775,0.0,2051.1000000005133,0.0,40546.60000011618,0.0,0.0,0.0,0.0,0.0,0.0,0.0,8109.32,0.0,405466.0,0.0,365.0,0.0,413575.32000000007,0.0,0.0,0.0,1009160.7257601228
