day,calendar_date,fiscal_year,is_workday,organization_age_years,active_members,present_members,ever_people,available_member_work_hours_cumulative,output_work_units,review_backlog_records,appeal_backlog_records,decision_regret_units,participation_fraction,formal_effective_weight_tv,authority_contribution_tv,signed_gini_gap,gini_authority,mean_trust,mean_fatigue,cash_resource_units,adopted_guilds,closed,suspended,work_creation_enabled,adoption_days,active_member_calendar_days_daily,active_member_calendar_days_cumulative,active_member_workdays_daily,active_member_workdays_cumulative,present_member_workdays_daily,present_member_workdays_cumulative,present_member_work_hours_daily,present_member_work_hours_cumulative,available_member_work_hours_daily,post_adoption_available_member_work_hours_daily,post_adoption_available_member_work_hours_cumulative,produced_work_units_daily,produced_work_units_cumulative,decision_regret_units_daily,decision_regret_units_cumulative,decisions_completed_daily,decisions_completed_cumulative,decisions_unresolved_daily,decisions_unresolved_cumulative,review_hours_daily,review_hours_cumulative,appeal_hours_daily,appeal_hours_cumulative,governance_hours_daily,governance_hours_cumulative,training_hours_daily,training_hours_cumulative,migration_resource_units_daily,migration_resource_units_cumulative,dual_run_resource_units_daily,dual_run_resource_units_cumulative,maintenance_resource_units_daily,maintenance_resource_units_cumulative,payroll_resource_units_daily,payroll_resource_units_cumulative,recruitment_resource_units_daily,recruitment_resource_units_cumulative,operating_resource_units_daily,operating_resource_units_cumulative,operating_unfunded_resource_units_daily,operating_unfunded_resource_units_cumulative,revenue_resource_units_daily,revenue_resource_units_cumulative
0,2020-01-01,2020,False,100.0,1000,0,1000,0.0,0.0,0,0,0.0,,,0.0,0.0,0.0,0.7,0.0,250000.0,0,False,False,True,"{""0"":null,""1"":null,""2"":null,""3"":null}",1000.0,1000.0,0.0,0.0,0.0,0.0,0.0,0.0,0.0,0.0,0.0,0.0,0.0,0.0,0.0,0.0,0.0,0.0,0.0,0.0,0.0,0.0,0.0,0.0,0.0,0.0,0.0,0.0,0.0,0.0,0.0,0.0,0.0,0.0,0.0,0.0,0.0,0.0,0.0,0.0,0.0,0.0,0.0
1,2020-01-02,2020,True,100.00273224043715,1000,1000,1000,849.7768587997227,1090.500988481605,1000,0,0.09651068656367708,0.728,0.272,0.0,0.0,0.0,0.7,0.02083669152797136,250580.5009884816,0,False,False,True,"{""0"":null,""1"":null,""2"":null,""3"":null}",1000.0,2000.0,1000.0,1000.0,1000.0,1000.0,849.7768587997227,849.7768587997227,849.7768587997227,0.0,0.0,1090.500988481605,1090.500988481605,0.09651068656367708,0.09651068656367708,4.0,4.0,0.0,0.0,0.0,0.0,0.0,0.0,49.9999999999993,49.9999999999993,0.0,0.0,0.0,0.0,0.0,0.0,10.0,10.0,500.0,500.0,0.0,0.0,510.0,510.0,0.0,0.0,1090.500988481605,1090.500988481605
2,2020-01-03,2020,True,100.00546448087432,1000,1000,1000,1699.5537175994452,1049.6936915044191,1954,21,0.0,0.707,0.29300000000000004,0.0,0.0,0.0,0.6988499999999999,0.03958971390314557,251120.19467998602,0,False,False,True,"{""0"":null,""1"":null,""2"":null,""3"":null}",1000.0,3000.0,1000.0,2000.0,1000.0,2000.0,849.7768587997225,1699.5537175994452,849.7768587997225,0.0,0.0,1049.6936915044193,2140.1946799860243,0.0,0.09651068656367708,4.0,8.0,0.0,0.0,89.99999999999916,89.99999999999916,0.0,0.0,49.999999999997165,99.99999999999646,0.0,0.0,0.0,0.0,0.0,0.0,10.0,20.0,500.0,1000.0,0.0,0.0,510.0,1020.0,0.0,0.0,1049.6936915044193,2140.1946799860243
3,2020-01-04,2020,False,100.00819672131148,1000,0,1000,1699.5537175994452,0.0,1100,21,0.0,,,0.28342809925148377,0.3594609486009377,0.3835508021390374,0.71166,0.0001325997491760269,251120.19467998602,0,False,False,True,"{""0"":null,""1"":null,""2"":null,""3"":null}",1000.0,4000.0,0.0,2000.0,0.0,2000.0,0.0,1699.5537175994452,0.0,0.0,0.0,0.0,2140.1946799860243,0.0,0.09651068656367708,0.0,8.0,0.0,0.0,0.0,89.99999999999916,0.0,0.0,0.0,99.99999999999646,0.0,0.0,0.0,0.0,0.0,0.0,0.0,20.0,0.0,1000.0,0.0,0.0,0.0,1020.0,0.0,0.0,0.0,2140.1946799860243
4,2020-01-05,2020,False,100.01092896174863,1000,0,1000,1699.5537175994452,0.0,1100,21,0.0,,,0.28342809925148377,0.3594609486009377,0.3835508021390374,0.71166,0.0,251120.19467998602,0,False,False,True,"{""0"":null,""1"":null,""2"":null,""3"":null}",1000.0,5000.0,0.0,2000.0,0.0,2000.0,0.0,1699.5537175994452,0.0,0.0,0.0,0.0,2140.1946799860243,0.0,0.09651068656367708,0.0,8.0,0.0,0.0,0.0,89.99999999999916,0.0,0.0,0.0,99.99999999999646,0.0,0.0,0.0,0.0,0.0,0.0,0.0,20.0,0.0,1000.0,0.0,0.0,0.0,1020.0,0.0,0.0,0.0,2140.1946799860243
5,2020-01-06,2020,True,100.01366120218579,999,999,1000,2548.386644073811,1101.6364504420662,2068,25,0.0,0.6916907630522089,0.3059205500381971,0.28370811680777114,0.3596452219231282,0.38374452719924657,0.7103553553553553,0.021141599314024907,251712.3411304281,0,False,False,True,"{""0"":null,""1"":null,""2"":null,""3"":null}",999.0,5999.0,999.0,2999.0,999.0,2999.0,848.8329264743659,2548.386644073811,848.8329264743659,0.0,0.0,1101.6364504420662,3241.8311304280905,0.0,0.09651068656367708,4.0,12.0,0.0,0.0,89.8999999999949,179.89999999999407,3.149999999999999,3.149999999999999,49.950000000003385,149.94999999999985,0.0,0.0,0.0,0.0,0.0,0.0,9.990000000000002,29.990000000000002,499.5,1499.5,0.0,0.0,509.49,1529.49,0.0,0.0,1101.6364504420662,3241.8311304280905
6,2020-01-07,2020,True,100.01639344262296,999,999,1000,3397.219570548175,1080.7635876304191,2133,42,0.1888071733607435,0.723710843373494,0.29257683934817946,0.27492861865833357,0.3471768021581981,0.38374452719924657,0.7217367367367368,0.04130098158882578,252283.61471805852,0,False,False,True,"{""0"":null,""1"":null,""2"":null,""3"":null}",999.0,6998.0,999.0,3998.0,999.0,3998.0,848.8329264743638,3397.219570548175,848.8329264743638,0.0,0.0,1080.7635876304194,4322.59471805851,0.18880717336074354,0.2853178599244206,4.0,16.0,0.0,0.0,89.89999999999878,269.79999999999285,0.0,3.149999999999999,49.95000000001136,199.9000000000112,0.0,0.0,0.0,0.0,0.0,0.0,9.990000000000002,39.980000000000004,499.5,1999.0,0.0,0.0,509.49,2038.98,0.0,0.0,1080.7635876304194,4322.59471805851
7,2020-01-08,2020,True,100.01912568306011,999,999,1000,4246.052497022546,1020.9133719506972,2248,59,0.0,0.7216987951807229,0.29072815729162477,0.266649237393334,0.3351020490287906,0.38374452719924657,0.7329529529529529,0.06090314802738245,252795.03809000924,0,False,False,True,"{""0"":null,""1"":null,""2"":null,""3"":null}",999.0,7997.0,999.0,4997.0,999.0,4997.0,848.8329264743711,4246.052497022546,848.8329264743711,0.0,0.0,1020.9133719506972,5343.508090009207,0.0,0.2853178599244206,4.0,20.0,0.0,0.0,89.90000000002044,359.7000000000133,0.0,3.149999999999999,49.95000000001136,249.85000000002256,0.0,0.0,0.0,0.0,0.0,0.0,9.990000000000002,49.970000000000006,499.5,2498.5,0.0,0.0,509.49000000000024,2548.4700000000003,0.0,0.0,1020.9133719506972,5343.508090009207
8,2020-01-09,2020,True,100.02185792349727,999,999,1000,5094.885423496909,1001.7910840420566,2348,44,0.0,0.6976907630522089,0.3150620056635094,0.2591852241587792,0.3242986287729801,0.38374452719924657,0.7437837837837837,0.07967698837633748,253287.3391740513,0,False,False,True,"{""0"":null,""1"":null,""2"":null,""3"":null}",999.0,8996.0,999.0,5996.0,999.0,5996.0,848.8329264743634,5094.885423496909,848.8329264743634,0.0,0.0,1001.7910840420564,6345.299174051263,0.0,0.2853178599244206,4.0,24.0,0.0,0.0,89.90000000002044,449.60000000003373,3.7500000000000067,6.900000000000006,49.95000000001133,299.8000000000339,0.0,0.0,0.0,0.0,0.0,0.0,9.990000000000002,59.96000000000001,499.5,2998.0,0.0,0.0,509.4899999999998,3057.96,0.0,0.0,1001.7910840420564,6345.299174051263
9,2020-01-10,2020,True,100.02459016393442,998,998,1000,5942.962808538347,989.8392285468282,2432,53,0.10690335722372268,0.7053775100401607,0.30928792569659447,0.25242130011716535,0.31440441615938963,0.38393825225945566,0.7544589178356714,0.0979286362520098,253768.19840259812,0,False,False,True,"{""0"":null,""1"":null,""2"":null,""3"":null}",998.0,9994.0,998.0,6994.0,998.0,6994.0,848.077385041438,5942.962808538347,848.077385041438,0.0,0.0,989.839228546828,7335.1384025980915,0.10690335722372268,0.3922212171481433,4.0,28.0,0.0,0.0,89.80000000002036,539.4000000000541,2.550000000000006,9.450000000000012,49.900000000011346,349.70000000004524,0.0,0.0,0.0,0.0,0.0,0.0,9.980000000000004,69.94000000000001,499.0,3497.0,0.0,0.0,508.98,3566.94,0.0,0.0,989.839228546828,7335.1384025980915
10,2020-01-11,2020,False,100.02732240437159,998,0,1000,5942.962808538347,0.0,1600,53,0.0,,,0.2468354785754947,0.30653361202094653,0.38393825225945566,0.7669639278557114,0.041532592787048794,253768.19840259812,0,False,False,True,"{""0"":null,""1"":null,""2"":null,""3"":null}",998.0,10992.0,0.0,6994.0,0.0,6994.0,0.0,5942.962808538347,0.0,0.0,0.0,0.0,7335.1384025980915,0.0,0.3922212171481433,0.0,28.0,0.0,0.0,0.0,539.4000000000541,0.0,9.450000000000012,0.0,349.70000000004524,0.0,0.0,0.0,0.0,0.0,0.0,0.0,69.94000000000001,0.0,3497.0,0.0,0.0,0.0,3566.94,0.0,0.0,0.0,7335.1384025980915
11,2020-01-12,2020,False,100.03005464480874,998,0,1001,5942.962808538347,0.0,1600,53,0.0,,,0.2466107875839029,0.3055940364269373,0.38393825225945566,0.7668887775551102,0.010902067702186257,253767.19840259812,0,False,False,True,"{""0"":null,""1"":null,""2"":null,""3"":null}",998.0,11990.0,0.0,6994.0,0.0,6994.0,0.0,5942.962808538347,0.0,0.0,0.0,0.0,7335.1384025980915,0.0,0.3922212171481433,0.0,28.0,0.0,0.0,0.0,539.4000000000541,0.0,9.450000000000012,0.0,349.70000000004524,0.0,0.0,0.0,0.0,0.0,0.0,0.0,69.94000000000001,0.0,3497.0,1.0,1.0,0.0,3566.94,0.0,0.0,0.0,7335.1384025980915
12,2020-01-13,2020,True,100.0327868852459,998,998,1001,6791.256873478591,1111.239340567833,2585,14,0.4074741260574214,0.7374698795180723,0.2674491806291895,0.2466107875839029,0.3055940364269373,0.38393825225945566,0.7652605210420842,0.03455579725095734,254369.45774316596,0,False,False,True,"{""0"":null,""1"":null,""2"":null,""3"":null}",998.0,12988.0,998.0,7992.0,998.0,7992.0,848.2940649402435,6791.256873478591,848.2940649402435,0.0,0.0,1111.239340567834,8446.377743165925,0.4074741260574214,0.7996953432055647,4.0,32.0,0.0,0.0,89.80000000002042,629.2000000000745,7.950000000000001,17.400000000000013,49.900000000011346,399.6000000000566,0.0,0.0,0.0,0.0,0.0,0.0,9.980000000000004,79.92000000000002,499.0,3996.0,0.0,1.0,508.98,4075.92,0.0,0.0,1111.239340567834,8446.377743165925
13,2020-01-14,2020,True,100.03551912568307,998,998,1001,7639.550938418834,1102.2525224585522,2627,29,0.0,0.7184578313253012,0.2633753022740196,0.24073092139975494,0.2970166520037393,0.38393825225945566,0.7767685370741483,0.0572601836693175,254962.7302656245,0,False,False,True,"{""0"":null,""1"":null,""2"":null,""3"":null}",998.0,13986.0,998.0,8990.0,998.0,8990.0,848.2940649402435,7639.550938418834,848.2940649402435,0.0,0.0,1102.2525224585515,9548.630265624477,0.0,0.7996953432055647,4.0,36.0,0.0,0.0,89.80000000002042,719.0000000000949,0.0,17.400000000000013,49.900000000011346,449.5000000000679,0.0,0.0,0.0,0.0,0.0,0.0,9.980000000000004,89.90000000000002,499.0,4495.0,0.0,1.0,508.97999999999956,4584.9,0.0,0.0,1102.2525224585515,9548.630265624477
14,2020-01-15,2020,True,100.03825136612022,998,998,1001,8487.845003359102,1025.8475719948933,2732,43,0.0,0.7595542168674698,0.2456960774740518,0.23656924939931234,0.29090279864312724,0.38393825225945566,0.7875300601202405,0.07887079410729272,255479.5978376194,0,False,False,True,"{""0"":null,""1"":null,""2"":null,""3"":null}",998.0,14984.0,998.0,9988.0,998.0,9988.0,848.2940649402672,8487.845003359102,848.2940649402672,0.0,0.0,1025.8475719948929,10574.47783761937,0.0,0.7996953432055647,4.0,40.0,0.0,0.0,89.80000000002042,808.8000000001153,0.0,17.400000000000013,49.900000000011346,499.4000000000793,0.0,0.0,0.0,0.0,0.0,0.0,9.980000000000004,99.88000000000002,499.0,4994.0,0.0,1.0,508.97999999999956,5093.879999999999,0.0,0.0,1025.8475719948929,10574.47783761937
15,2020-01-16,2020,True,100.04098360655738,998,998,1001,9336.139068299397,1025.9681295438127,2842,48,0.08047712233831741,0.7264457831325302,0.2851180663653021,0.23087858928030117,0.2824721499321114,0.38393825225945566,0.7982815631262525,0.09961818578341616,255996.5859671632,0,False,False,True,"{""0"":null,""1"":null,""2"":null,""3"":null}",998.0,15982.0,998.0,10986.0,998.0,10986.0,848.2940649402954,9336.139068299397,848.2940649402954,0.0,0.0,1025.9681295438131,11600.445967163183,0.08047712233831739,0.8801724655438821,4.0,44.0,0.0,0.0,89.80000000002042,898.6000000001358,2.09999999999998,19.499999999999993,49.899999999968884,549.3000000000482,0.0,0.0,0.0,0.0,0.0,0.0,9.980000000000004,109.86000000000003,499.0,5493.0,0.0,1.0,508.97999999999956,5602.859999999999,0.0,0.0,1025.9681295438131,11600.445967163183
16,2020-01-17,2020,True,100.04371584699453,998,998,1001,10184.433133239692,955.074092433886,2944,48,0.0,0.7575100401606426,0.25535161432994247,0.22603136388571868,0.27517227351884666,0.38393825225945566,0.8092084168336674,0.11954319731116272,256442.68005959707,0,False,False,True,"{""0"":null,""1"":null,""2"":null,""3"":null}",998.0,16980.0,998.0,11984.0,998.0,11984.0,848.2940649402954,10184.433133239692,848.2940649402954,0.0,0.0,955.0740924338861,12555.52005959707,0.0,0.8801724655438821,4.0,48.0,0.0,0.0,89.80000000002042,988.4000000001562,2.2499999999999787,21.74999999999997,49.899999999954616,599.2000000000028,0.0,0.0,0.0,0.0,0.0,0.0,9.980000000000004,119.84000000000003,499.0,5992.0,0.0,1.0,508.97999999999956,6111.839999999998,0.0,0.0,955.0740924338861,12555.52005959707
17,2020-01-18,2020,False,100.0464480874317,997,0,1001,10184.433133239692,0.0,2100,48,0.0,,,0.22206405065502596,0.2694346231686237,0.3841319773196648,0.8220260782347042,0.058945684879249866,256442.68005959707,0,False,False,True,"{""0"":null,""1"":null,""2"":null,""3"":null}",997.0,17977.0,0.0,11984.0,0.0,11984.0,0.0,10184.433133239692,0.0,0.0,0.0,0.0,12555.52005959707,0.0,0.8801724655438821,0.0,48.0,0.0,0.0,0.0,988.4000000001562,0.0,21.74999999999997,0.0,599.2000000000028,0.0,0.0,0.0,0.0,0.0,0.0,0.0,119.84000000000003,0.0,5992.0,0.0,1.0,0.0,6111.839999999998,0.0,0.0,0.0,12555.52005959707
18,2020-01-19,2020,False,100.04918032786885,997,0,1001,10184.433133239692,0.0,2100,48,0.0,,,0.22206405065502596,0.2694346231686237,0.3841319773196648,0.8220260782347042,0.02423385961902569,256442.68005959707,0,False,False,True,"{""0"":null,""1"":null,""2"":null,""3"":null}",997.0,18974.0,0.0,11984.0,0.0,11984.0,0.0,10184.433133239692,0.0,0.0,0.0,0.0,12555.52005959707,0.0,0.8801724655438821,0.0,48.0,0.0,0.0,0.0,988.4000000001562,0.0,21.74999999999997,0.0,599.2000000000028,0.0,0.0,0.0,0.0,0.0,0.0,0.0,119.84000000000003,0.0,5992.0,0.0,1.0,0.0,6111.839999999998,0.0,0.0,0.0,12555.52005959707
19,2020-01-20,2020,True,100.05191256830601,997,997,1001,11032.014231062944,1143.7350857176887,3073,21,0.0,0.7893694779116466,0.20707536603158008,0.22206405065502596,0.2694346231686237,0.3841319773196648,0.820245737211635,0.050075522527135666,257077.94514531476,0,False,False,True,"{""0"":null,""1"":null,""2"":null,""3"":null}",997.0,19971.0,997.0,12981.0,997.0,12981.0,847.5810978232512,11032.014231062944,847.5810978232512,0.0,0.0,1143.735085717688,13699.255145314757,0.0,0.8801724655438821,4.0,52.0,0.0,0.0,89.69999999995878,1078.100000000115,7.199999999999932,28.949999999999903,49.84999999995466,649.0499999999574,0.0,0.0,0.0,0.0,0.0,0.0,9.969999999999999,129.81000000000003,498.5,6490.5,0.0,1.0,508.47000000000025,6620.309999999999,0.0,0.0,1143.735085717688,13699.255145314757
20,2020-01-21,2020,True,100.05464480874316,997,997,1001,11879.595328886195,1109.775741402463,3125,44,0.0,0.7662931726907631,0.23926891330694958,0.2183467127079348,0.26390295277268794,0.3841319773196648,0.8315596790371114,0.07484726306953686,257679.25088671723,0,False,False,True,"{""0"":null,""1"":null,""2"":null,""3"":null}",997.0,20968.0,997.0,13978.0,997.0,13978.0,847.5810978232512,11879.595328886195,847.5810978232512,0.0,0.0,1109.7757414024636,14809.03088671722,0.0,0.8801724655438821,4.0,56.0,0.0,0.0,89.69999999991842,1167.8000000000334,0.0,28.949999999999903,49.84999999995466,698.8999999999121,0.0,0.0,0.0,0.0,0.0,0.0,9.969999999999999,139.78000000000003,498.5,6989.0,0.0,1.0,508.47000000000025,7128.779999999999,0.0,0.0,1109.7757414024636,14809.03088671722
21,2020-01-22,2020,True,100.05737704918033,997,997,1001,12727.176426709446,1054.7037697061219,3233,71,0.0024737548260149156,0.7853855421686746,0.2252640769226351,0.21546166971539196,0.2599017629267846,0.3841319773196648,0.8423671013039118,0.0984097195676888,258225.48465642336,0,False,False,True,"{""0"":null,""1"":null,""2"":null,""3"":null}",997.0,21965.0,997.0,14975.0,997.0,14975.0,847.5810978232512,12727.176426709446,847.5810978232512,0.0,0.0,1054.7037697061223,15863.734656423343,0.0024737548260148623,0.8826462203698969,4.0,60.0,0.0,0.0,89.69999999991842,1257.4999999999518,0.0,28.949999999999903,49.84999999995466,748.7499999998668,0.0,0.0,0.0,0.0,0.0,0.0,9.969999999999999,149.75000000000003,498.5,7487.5,0.0,1.0,508.47000000000025,7637.249999999999,0.0,0.0,1054.7037697061223,15863.734656423343
22,2020-01-23,2020,True,100.06010928961749,997,997,1001,13574.757524532697,975.3051268199292,3351,65,0.0943068130040476,0.7843574297188756,0.2239673859974612,0.2124481256076297,0.25526084648059116,0.3841319773196648,0.8532046138415247,0.1207494447450564,258692.3197832433,0,False,False,True,"{""0"":null,""1"":null,""2"":null,""3"":null}",997.0,22962.0,997.0,15972.0,997.0,15972.0,847.5810978232512,13574.757524532697,847.5810978232512,0.0,0.0,975.3051268199288,16839.03978324327,0.09430681300404764,0.9769530333739446,4.0,64.0,0.0,0.0,89.69999999991842,1347.1999999998702,3.14999999999997,32.09999999999987,49.84999999995466,798.5999999998214,0.0,0.0,0.0,0.0,0.0,0.0,9.969999999999999,159.72000000000003,498.5,7986.0,0.0,1.0,508.47000000000025,8145.719999999999,0.0,0.0,975.3051268199288,16839.03978324327
23,2020-01-24,2020,True,100.06284153005464,997,997,1001,14422.338622355948,972.0337322150455,3466,55,0.0,0.7833413654618474,0.2409019110036359,0.2094390713227854,0.2502094660250454,0.3841319773196648,0.864653961885657,0.14206698819779623,259155.88351545835,0,False,False,True,"{""0"":null,""1"":null,""2"":null,""3"":null}",997.0,23959.0,997.0,16969.0,997.0,16969.0,847.5810978232512,14422.338622355948,847.5810978232512,0.0,0.0,972.0337322150444,17811.073515458316,0.0,0.9769530333739446,4.0,68.0,0.0,0.0,89.69999999991842,1436.8999999997886,3.4499999999999673,35.54999999999984,49.84999999995466,848.4499999997761,0.0,0.0,0.0,0.0,0.0,0.0,9.969999999999999,169.69000000000003,498.5,8484.5,0.0,1.0,508.46999999999935,8654.189999999999,0.0,0.0,972.0337322150444,17811.073515458316
24,2020-01-25,2020,False,100.06557377049181,997,0,1001,14422.338622355948,0.0,2600,55,0.0,,,0.20706138005878733,0.2462145512346546,0.3841319773196648,0.8776830491474424,0.07699555716579992,259155.88351545835,0,False,False,True,"{""0"":null,""1"":null,""2"":null,""3"":null}",997.0,24956.0,0.0,16969.0,0.0,16969.0,0.0,14422.338622355948,0.0,0.0,0.0,0.0,17811.073515458316,0.0,0.9769530333739446,0.0,68.0,0.0,0.0,0.0,1436.8999999997886,0.0,35.54999999999984,0.0,848.4499999997761,0.0,0.0,0.0,0.0,0.0,0.0,0.0,169.69000000000003,0.0,8484.5,0.0,1.0,0.0,8654.189999999999,0.0,0.0,0.0,17811.073515458316
25,2020-01-26,2020,False,100.06830601092896,997,0,1001,14422.338622355948,0.0,2600,55,0.0,,,0.20706138005878733,0.2462145512346546,0.3841319773196648,0.8776830491474424,0.03782079790014444,259155.88351545835,0,False,False,True,"{""0"":null,""1"":null,""2"":null,""3"":null}",997.0,25953.0,0.0,16969.0,0.0,16969.0,0.0,14422.338622355948,0.0,0.0,0.0,0.0,17811.073515458316,0.0,0.9769530333739446,0.0,68.0,0.0,0.0,0.0,1436.8999999997886,0.0,35.54999999999984,0.0,848.4499999997761,0.0,0.0,0.0,0.0,0.0,0.0,0.0,169.69000000000003,0.0,8484.5,0.0,1.0,0.0,8654.189999999999,0.0,0.0,0.0,17811.073515458316
26,2020-01-27,2020,True,100.07103825136612,997,997,1001,15269.9197201792,963.393294290131,3579,24,0.0,0.8194538152610442,0.1847978425820089,0.20706138005878733,0.2462145512346546,0.3841319773196648,0.8759027081243732,0.06558350739841547,259610.8068097485,0,False,False,True,"{""0"":null,""1"":null,""2"":null,""3"":null}",997.0,26950.0,997.0,17966.0,997.0,17966.0,847.5810978232512,15269.9197201792,847.5810978232512,0.0,0.0,963.3932942901301,18774.466809748446,0.0,0.9769530333739446,4.0,72.0,0.0,0.0,89.69999999991842,1526.599999999707,8.249999999999922,43.79999999999976,49.84999999995466,898.2999999997307,0.0,0.0,0.0,0.0,0.0,0.0,9.969999999999999,179.66000000000003,498.5,8983.0,0.0,1.0,508.46999999999935,9162.659999999998,0.0,0.0,963.3932942901301,18774.466809748446
27,2020-01-28,2020,True,100.07377049180327,997,997,1001,16117.50081800245,927.3246060254503,3627,42,0.0,0.7933534136546184,0.21059840204024197,0.2052670593335616,0.2433327659787262,0.3841319773196648,0.8873721163490473,0.09212343449966463,260029.66141577394,0,False,False,True,"{""0"":null,""1"":null,""2"":null,""3"":null}",997.0,27947.0,997.0,18963.0,997.0,18963.0,847.5810978232512,16117.50081800245,847.5810978232512,0.0,0.0,927.3246060254496,19701.791415773896,0.0,0.9769530333739446,4.0,76.0,0.0,0.0,89.69999999991842,1616.2999999996255,0.0,43.79999999999976,49.84999999995466,948.1499999996854,0.0,0.0,0.0,0.0,0.0,0.0,9.969999999999999,189.63000000000002,498.5,9481.5,0.0,1.0,508.46999999999935,9671.129999999997,0.0,0.0,927.3246060254496,19701.791415773896
28,2020-01-29,2020,True,100.07650273224044,997,997,1001,16965.081915825638,875.3100612830982,3728,57,0.0,0.811421686746988,0.18296754108341903,0.2035698142888789,0.2405795258792401,0.3841319773196648,0.898084252758275,0.11735114399397434,260396.50147705703,0,False,False,True,"{""0"":null,""1"":null,""2"":null,""3"":null}",997.0,28944.0,997.0,19960.0,997.0,19960.0,847.5810978231875,16965.081915825638,847.5810978231875,0.0,0.0,875.3100612830967,20577.101477056993,0.0,0.9769530333739446,4.0,80.0,0.0,0.0,89.69999999991842,1705.999999999544,0.0,43.79999999999976,49.84999999995466,997.9999999996401,0.0,0.0,0.0,0.0,0.0,0.0,9.969999999999999,199.60000000000002,498.5,9980.0,0.0,1.0,508.46999999999935,10179.599999999997,0.0,0.0,875.3100612830967,20577.101477056993
29,2020-01-30,2020,True,100.0792349726776,996,996,1001,17811.752790686085,846.3275118859426,3843,49,0.0,0.8082329317269077,0.18501611170784107,0.20279023963470444,0.23858489776994,0.38432570237987396,0.9086847389558235,0.14134424234297183,260734.86898894297,0,False,False,True,"{""0"":null,""1"":null,""2"":null,""3"":null}",996.0,29940.0,996.0,20956.0,996.0,20956.0,846.6708748604469,17811.752790686085,846.6708748604469,0.0,0.0,846.3275118859419,21423.428988942935,0.0,0.9769530333739446,4.0,84.0,0.0,0.0,89.59999999991851,1795.5999999994624,3.599999999999966,47.39999999999973,49.79999999995471,1047.7999999995948,0.0,0.0,0.0,0.0,0.0,0.0,9.960000000000008,209.56000000000003,498.0,10478.0,0.0,1.0,507.96000000000095,10687.559999999998,0.0,0.0,846.3275118859419,21423.428988942935
30,2020-01-31,2020,True,100.08196721311475,995,995,1001,18657.58405824,943.3895003408661,3910,56,0.0,0.7909662844928099,0.22534879826293847,0.20072338652756208,0.2354913705522693,0.3840776101182388,0.9189145728643218,0.1642627105425212,261170.8084892838,0,False,False,True,"{""0"":null,""1"":null,""2"":null,""3"":null}",995.0,30935.0,995.0,21951.0,995.0,21951.0,845.8312675539164,18657.58405824,845.8312675539164,0.0,0.0,943.3895003408652,22366.8184892838,0.0,0.9769530333739446,4.0,88.0,0.0,0.0,89.4999999999186,1885.099999999381,2.6999999999999744,50.0999999999997,49.74999999995475,1097.5499999995495,0.0,0.0,0.0,0.0,0.0,0.0,9.949999999999989,219.51000000000002,497.5,10975.5,0.0,1.0,507.4500000000007,11195.009999999998,0.0,0.0,943.3895003408652,22366.8184892838
31,2020-02-01,2020,False,100.0846994535519,995,0,1001,18657.58405824,0.0,3100,56,0.0,,,0.19906913643089172,0.2329038227090036,0.3840776101182388,0.9311105527638193,0.09533361663976926,261170.8084892838,0,False,False,True,"{""0"":null,""1"":null,""2"":null,""3"":null}",995.0,31930.0,0.0,21951.0,0.0,21951.0,0.0,18657.58405824,0.0,0.0,0.0,0.0,22366.8184892838,0.0,0.9769530333739446,0.0,88.0,0.0,0.0,0.0,1885.099999999381,0.0,50.0999999999997,0.0,1097.5499999995495,0.0,0.0,0.0,0.0,0.0,0.0,0.0,219.51000000000002,0.0,10975.5,0.0,1.0,0.0,11195.009999999998,0.0,0.0,0.0,22366.8184892838
32,2020-02-02,2020,False,100.08743169398907,996,0,1002,18657.58405824,0.0,3100,56,0.0,,,0.19871017092070592,0.23185487692146473,0.3838838850580297,0.9308785140562251,0.05199708395493104,261169.8084892838,0,False,False,True,"{""0"":null,""1"":null,""2"":null,""3"":null}",996.0,32926.0,0.0,21951.0,0.0,21951.0,0.0,18657.58405824,0.0,0.0,0.0,0.0,22366.8184892838,0.0,0.9769530333739446,0.0,88.0,0.0,0.0,0.0,1885.099999999381,0.0,50.0999999999997,0.0,1097.5499999995495,0.0,0.0,0.0,0.0,0.0,0.0,0.0,219.51000000000002,0.0,10975.5,1.0,2.0,0.0,11195.009999999998,0.0,0.0,0.0,22366.8184892838
33,2020-02-03,2020,True,100.09016393442623,996,996,1002,19504.39868742418,1140.4256459038413,4076,19,0.0,0.8433964244073067,0.14377318607640616,0.19871017092070592,0.23185487692146473,0.3838838850580297,0.9289708835341367,0.0810027656190299,261802.27413518765,0,False,False,True,"{""0"":null,""1"":null,""2"":null,""3"":null}",996.0,33922.0,996.0,22947.0,996.0,22947.0,846.8146291841767,19504.39868742418,846.8146291841767,0.0,0.0,1140.4256459038406,23507.24413518764,0.0,0.9769530333739446,4.0,92.0,0.0,0.0,89.59999999991851,1974.6999999992995,8.39999999999992,58.49999999999962,49.79999999995471,1147.3499999995042,0.0,0.0,0.0,0.0,0.0,0.0,9.960000000000008,229.47000000000003,498.0,11473.5,0.0,2.0,507.9599999999991,11702.969999999998,0.0,0.0,1140.4256459038406,23507.24413518764
34,2020-02-04,2020,True,100.09289617486338,996,996,1002,20351.213316608355,1083.5150722130782,4090,39,0.0,0.8433885542168675,0.15265557990444212,0.19730139880631203,0.22935695776144951,0.3838838850580297,0.9394728915662652,0.10864032380718533,262377.82920740073,0,False,False,True,"{""0"":null,""1"":null,""2"":null,""3"":null}",996.0,34918.0,996.0,23943.0,996.0,23943.0,846.8146291841767,20351.213316608355,846.8146291841767,0.0,0.0,1083.5150722130784,24590.75920740072,0.0,0.9769530333739446,4.0,96.0,0.0,0.0,89.59999999991851,2064.299999999218,0.0,58.49999999999962,49.79999999995471,1197.149999999459,0.0,0.0,0.0,0.0,0.0,0.0,9.960000000000008,239.43000000000004,498.0,11971.5,0.0,2.0,507.9599999999991,12210.929999999997,0.0,0.0,1083.5150722130784,24590.75920740072
35,2020-02-05,2020,True,100.09562841530055,996,996,1002,21198.02794579253,1031.519566290434,4226,55,0.0,0.8363520533747895,0.152142451362394,0.19635796147360263,0.22776070962883188,0.3838838850580297,0.9455622489959841,0.1347807210526304,262901.3887736912,0,False,False,True,"{""0"":null,""1"":null,""2"":null,""3"":null}",996.0,35914.0,996.0,24939.0,996.0,24939.0,846.8146291841767,21198.02794579253,846.8146291841767,0.0,0.0,1031.5195662904334,25622.278773691152,0.0,0.9769530333739446,4.0,100.0,0.0,0.0,89.59999999991851,2153.8999999991365,0.0,58.49999999999962,49.79999999995471,1246.9499999994136,0.0,0.0,0.0,0.0,0.0,0.0,9.960000000000008,249.39000000000004,498.0,12469.5,0.0,2.0,507.9599999999991,12718.889999999996,0.0,0.0,1031.5195662904334,25622.278773691152
36,2020-02-06,2020,True,100.09836065573771,996,996,1002,22044.84257497671,990.4146222701401,4346,52,0.06650534913577977,0.829291780023319,0.1701539714512136,0.19533121643210744,0.2260069717734496,0.3838838850580297,0.9506676706827311,0.15932699195416888,263383.84339596133,0,False,False,True,"{""0"":null,""1"":null,""2"":null,""3"":null}",996.0,36910.0,996.0,25935.0,996.0,25935.0,846.8146291841767,22044.84257497671,846.8146291841767,0.0,0.0,990.4146222701384,26612.69339596129,0.06650534913577977,1.0434583825097243,4.0,104.0,0.0,0.0,89.59999999991851,2243.499999999055,2.849999999999973,61.349999999999596,49.79999999995471,1296.7499999993684,0.0,0.0,0.0,0.0,0.0,0.0,9.95999999999998,259.35,498.0,12967.5,0.0,2.0,507.9599999999991,13226.849999999995,0.0,0.0,990.4146222701384,26612.69339596129
37,2020-02-07,2020,True,100.10109289617486,996,996,1002,22891.657204160885,941.2051823109101,4474,45,0.0,0.8032394092499029,0.18889410216934435,0.19413274328808514,0.22381833702667683,0.3838838850580297,0.9556977911646586,0.18225489114030635,263817.0885782722,0,False,False,True,"{""0"":null,""1"":null,""2"":null,""3"":null}",996.0,37906.0,996.0,26931.0,996.0,26931.0,846.8146291841767,22891.657204160885,846.8146291841767,0.0,0.0,941.2051823109105,27553.8985782722,0.0,1.0434583825097243,4.0,108.0,0.0,0.0,89.59999999991851,2333.0999999989735,2.999999999999986,64.34999999999958,49.79999999995471,1346.549999999323,0.0,0.0,0.0,0.0,0.0,0.0,9.95999999999998,269.31,498.0,13465.5,0.0,2.0,507.9599999999991,13734.809999999994,0.0,0.0,941.2051823109105,27553.8985782722
38,2020-02-08,2020,False,100.10382513661202,996,0,1002,22891.657204160885,0.0,3600,45,0.0,,,0.19319598067861193,0.22237833268953433,0.3838838850580297,0.9608584337349397,0.1104993780861428,263817.0885782722,0,False,False,True,"{""0"":null,""1"":null,""2"":null,""3"":null}",996.0,38902.0,0.0,26931.0,0.0,26931.0,0.0,22891.657204160885,0.0,0.0,0.0,0.0,27553.8985782722,0.0,1.0434583825097243,0.0,108.0,0.0,0.0,0.0,2333.0999999989735,0.0,64.34999999999958,0.0,1346.549999999323,0.0,0.0,0.0,0.0,0.0,0.0,0.0,269.31,0.0,13465.5,0.0,2.0,0.0,13734.809999999994,0.0,0.0,0.0,27553.8985782722
39,2020-02-09,2020,False,100.10655737704919,996,0,1002,22891.657204160885,0.0,3600,45,0.0,,,0.19319598067861193,0.22237833268953433,0.3838838850580297,0.9608584337349397,0.06474671889723684,263817.0885782722,0,False,False,True,"{""0"":null,""1"":null,""2"":null,""3"":null}",996.0,39898.0,0.0,26931.0,0.0,26931.0,0.0,22891.657204160885,0.0,0.0,0.0,0.0,27553.8985782722,0.0,1.0434583825097243,0.0,108.0,0.0,0.0,0.0,2333.0999999989735,0.0,64.34999999999958,0.0,1346.549999999323,0.0,0.0,0.0,0.0,0.0,0.0,0.0,269.31,0.0,13465.5,0.0,2.0,0.0,13734.809999999994,0.0,0.0,0.0,27553.8985782722
40,2020-02-10,2020,True,100.10928961748634,996,996,1002,23738.471833345062,1116.3611977449932,4570,24,0.0,0.8363520857624045,0.16793015709139036,0.19319598067861193,0.22237833268953433,0.3838838850580297,0.9590763052208835,0.0940389677135739,264425.4897760172,0,False,False,True,"{""0"":null,""1"":null,""2"":null,""3"":null}",996.0,40894.0,996.0,27927.0,996.0,27927.0,846.8146291841767,23738.471833345062,846.8146291841767,0.0,0.0,1116.3611977449946,28670.259776017196,0.0,1.0434583825097243,4.0,112.0,0.0,0.0,89.59999999991851,2422.699999998892,6.750000000000256,71.09999999999984,49.79999999995471,1396.3499999992778,0.0,0.0,0.0,0.0,0.0,0.0,9.95999999999998,279.27,498.0,13963.5,0.0,2.0,507.9599999999991,14242.769999999993,0.0,0.0,1116.3611977449946,28670.259776017196
41,2020-02-11,2020,True,100.1120218579235,996,996,1002,24585.28646252924,1080.0976142547681,4623,43,0.0,0.8393118603446043,0.1443697343113816,0.1920778979646584,0.2199528591015411,0.3838838850580297,0.9615060240963856,0.1214718867957841,264997.6273902719,0,False,False,True,"{""0"":null,""1"":null,""2"":null,""3"":null}",996.0,41890.0,996.0,28923.0,996.0,28923.0,846.8146291841767,24585.28646252924,846.8146291841767,0.0,0.0,1080.0976142547697,29750.357390271965,0.0,1.0434583825097243,4.0,116.0,0.0,0.0,89.59999999991851,2512.2999999988106,0.0,71.09999999999984,49.79999999995471,1446.1499999992325,0.0,0.0,0.0,0.0,0.0,0.0,9.95999999999998,289.22999999999996,498.0,14461.5,0.0,2.0,507.9599999999991,14750.729999999992,0.0,0.0,1080.0976142547697,29750.357390271965
42,2020-02-12,2020,True,100.11475409836065,996,996,1002,25432.101091713415,995.7061877536255,4736,58,0.0,0.8444044565358206,0.15533774398785602,0.1905247224957321,0.21828482055282894,0.3838838850580297,0.963328313253012,0.14727270976783288,265485.37357802555,0,False,False,True,"{""0"":null,""1"":null,""2"":null,""3"":null}",996.0,42886.0,996.0,29919.0,996.0,29919.0,846.8146291841767,25432.101091713415,846.8146291841767,0.0,0.0,995.7061877536253,30746.06357802559,0.0,1.0434583825097243,4.0,120.0,0.0,0.0,89.59999999991851,2601.899999998729,0.0,71.09999999999984,49.79999999995471,1495.9499999991872,0.0,0.0,0.0,0.0,0.0,0.0,9.95999999999998,299.18999999999994,498.0,14959.5,0.0,2.0,507.9599999999991,15258.689999999991,0.0,0.0,995.7061877536253,30746.06357802559
43,2020-02-13,2020,True,100.11748633879782,996,996,1002,26278.915720897592,983.8088824603357,4846,48,0.038732938663445876,0.8384086021505377,0.170606791875571,0.19006388351252046,0.2173741592861316,0.3838838850580297,0.9645632530120483,0.17116891909591564,265961.2224604859,0,False,False,True,"{""0"":null,""1"":null,""2"":null,""3"":null}",996.0,43882.0,996.0,30915.0,996.0,30915.0,846.8146291841767,26278.915720897592,846.8146291841767,0.0,0.0,983.8088824603365,31729.872460485927,0.03873293866344585,1.0821913211731702,4.0,124.0,0.0,0.0,89.59999999991851,2691.4999999986476,3.6000000000001364,74.69999999999997,49.79999999995471,1545.749999999142,0.0,0.0,0.0,0.0,0.0,0.0,9.95999999999998,309.1499999999999,498.0,15457.5,0.0,2.0,507.9599999999991,15766.64999999999,0.0,0.0,983.8088824603365,31729.872460485927
44,2020-02-14,2020,True,100.12021857923497,995,995,1002,27124.879062528533,926.4884716775166,4962,42,0.0,0.8250959140204543,0.16871682798019316,0.18938320776940304,0.21632870191895665,0.3839497147833525,0.9662261306532663,0.1932580206437078,266380.2609321634,0,False,False,True,"{""0"":null,""1"":null,""2"":null,""3"":null}",995.0,44877.0,995.0,31910.0,995.0,31910.0,845.9633416309407,27124.879062528533,845.9633416309407,0.0,0.0,926.4884716775159,32656.360932163443,0.0,1.0821913211731702,4.0,128.0,0.0,0.0,89.4999999999186,2780.999999998566,2.850000000000108,77.55000000000008,49.74999999995475,1595.4999999990966,0.0,0.0,0.0,0.0,0.0,0.0,9.949999999999989,319.0999999999999,497.5,15955.0,0.0,2.0,507.4500000000007,16274.099999999991,0.0,0.0,926.4884716775159,32656.360932163443
45,2020-02-15,2020,False,100.12295081967213,995,0,1002,27124.879062528533,0.0,4100,42,0.0,,,0.18798803972224987,0.2144432294784565,0.3839497147833525,0.9689899497487438,0.11993546551803559,266380.2609321634,0,False,False,True,"{""0"":null,""1"":null,""2"":null,""3"":null}",995.0,45872.0,0.0,31910.0,0.0,31910.0,0.0,27124.879062528533,0.0,0.0,0.0,0.0,32656.360932163443,0.0,1.0821913211731702,0.0,128.0,0.0,0.0,0.0,2780.999999998566,0.0,77.55000000000008,0.0,1595.4999999990966,0.0,0.0,0.0,0.0,0.0,0.0,0.0,319.0999999999999,0.0,15955.0,0.0,2.0,0.0,16274.099999999991,0.0,0.0,0.0,32656.360932163443
46,2020-02-16,2020,False,100.1256830601093,995,0,1002,27124.879062528533,0.0,4100,42,0.0,,,0.18798803972224987,0.2144432294784565,0.3839497147833525,0.9689899497487438,0.0731535667310903,266380.2609321634,0,False,False,True,"{""0"":null,""1"":null,""2"":null,""3"":null}",995.0,46867.0,0.0,31910.0,0.0,31910.0,0.0,27124.879062528533,0.0,0.0,0.0,0.0,32656.360932163443,0.0,1.0821913211731702,0.0,128.0,0.0,0.0,0.0,2780.999999998566,0.0,77.55000000000008,0.0,1595.4999999990966,0.0,0.0,0.0,0.0,0.0,0.0,0.0,319.0999999999999,0.0,15955.0,0.0,2.0,0.0,16274.099999999991,0.0,0.0,0.0,32656.360932163443
47,2020-02-17,2020,True,100.12841530054645,995,995,1002,27970.842404159474,1112.7202490299353,5079,14,0.0,0.8663220818496659,0.1317445063319415,0.18798803972224987,0.2144432294784565,0.3839497147833525,0.9675326633165829,0.10194106861420357,266985.5311811933,0,False,False,True,"{""0"":null,""1"":null,""2"":null,""3"":null}",995.0,47862.0,995.0,32905.0,995.0,32905.0,845.9633416309407,27970.842404159474,845.9633416309407,0.0,0.0,1112.7202490299387,33769.08118119338,0.0,1.0821913211731702,4.0,132.0,0.0,0.0,89.4999999999186,2870.499999998485,6.300000000000239,83.85000000000032,49.74999999995475,1645.2499999990514,0.0,0.0,0.0,0.0,0.0,0.0,9.949999999999989,329.0499999999999,497.5,16452.5,0.0,2.0,507.4500000000007,16781.549999999992,0.0,0.0,1112.7202490299387,33769.08118119338
48,2020-02-18,2020,True,100.1311475409836,995,995,1002,28816.805745790414,1067.5633960085677,5129,26,0.0,0.845233435767361,0.15573628500689837,0.18714260937892851,0.21247726629886649,0.3839497147833525,0.9681809045226131,0.12880966035782615,267545.64457720186,0,False,False,True,"{""0"":null,""1"":null,""2"":null,""3"":null}",995.0,48857.0,995.0,33900.0,995.0,33900.0,845.9633416309407,28816.805745790414,845.9633416309407,0.0,0.0,1067.5633960085688,34836.64457720195,0.0,1.0821913211731702,4.0,136.0,0.0,0.0,89.4999999999186,2959.9999999984034,0.0,83.85000000000032,49.74999999995475,1694.9999999990061,0.0,0.0,0.0,0.0,0.0,0.0,9.949999999999989,338.9999999999999,497.5,16950.0,0.0,2.0,507.4500000000007,17288.999999999993,0.0,0.0,1067.5633960085688,34836.64457720195
49,2020-02-19,2020,True,100.13387978142076,996,996,1003,29663.51270664095,1011.2982692119358,5225,42,0.0,0.8584382550444694,0.14401803638351207,0.18623768210734065,0.21076005044871415,0.38375598972314334,0.9684437751004017,0.15377992453258787,268047.9828464138,0,False,False,True,"{""0"":null,""1"":null,""2"":null,""3"":null}",996.0,49853.0,996.0,34896.0,996.0,34896.0,846.7069608505371,29663.51270664095,846.7069608505371,0.0,0.0,1011.2982692119331,35847.942846413884,0.0,1.0821913211731702,4.0,140.0,0.0,0.0,89.59999999991851,3049.599999998322,0.0,83.85000000000032,49.79999999995471,1744.7999999989609,0.0,0.0,0.0,0.0,0.0,0.0,9.95999999999998,348.95999999999987,498.0,17448.0,1.0,3.0,507.9599999999991,17796.959999999992,0.0,0.0,1011.2982692119331,35847.942846413884
50,2020-02-20,2020,True,100.13661202185793,996,996,1003,30510.21966749149,955.1941688487417,5342,42,0.06315101776371071,0.8173294310846626,0.19059889251655993,0.18528088019077,0.2090973407286031,0.38375598972314334,0.9690010040160643,0.1769983872977813,268495.2170152625,0,False,False,True,"{""0"":null,""1"":null,""2"":null,""3"":null}",996.0,50849.0,996.0,35892.0,996.0,35892.0,846.7069608505371,30510.21966749149,846.7069608505371,0.0,0.0,955.1941688487423,36803.137015262626,0.06315101776371068,1.1453423389368809,4.0,144.0,0.0,0.0,89.59999999991851,3139.1999999982404,2.1000000000000796,85.9500000000004,49.79999999995471,1794.5999999989156,0.0,0.0,0.0,0.0,0.0,0.0,9.95999999999998,358.91999999999985,498.0,17946.0,0.0,3.0,507.9599999999991,18304.91999999999,0.0,0.0,955.1941688487423,36803.137015262626
51,2020-02-21,2020,True,100.13934426229508,996,996,1003,31356.926628342026,922.9598294421958,5436,48,0.0,0.8364180771669675,0.16029771320665392,0.1847822727714204,0.2084313291041251,0.38375598972314334,0.9694477911646587,0.19846765108489675,268910.2168447047,0,False,False,True,"{""0"":null,""1"":null,""2"":null,""3"":null}",996.0,51845.0,996.0,36888.0,996.0,36888.0,846.7069608505371,31356.926628342026,846.7069608505371,0.0,0.0,922.9598294421958,37726.09684470482,0.0,1.1453423389368809,4.0,148.0,0.0,0.0,89.59999999991851,3228.799999998159,1.8000000000000682,87.75000000000047,49.79999999995471,1844.3999999988703,0.0,0.0,0.0,0.0,0.0,0.0,9.95999999999998,368.8799999999998,498.0,18444.0,0.0,3.0,507.9599999999991,18812.87999999999,0.0,0.0,922.9598294421958,37726.09684470482
52,2020-02-22,2020,False,100.14207650273224,996,0,1003,31356.926628342026,0.0,4600,48,0.0,,,0.18447361791101008,0.2081578927825221,0.38375598972314334,0.9715612449799196,0.12455865558812397,268910.2168447047,0,False,False,True,"{""0"":null,""1"":null,""2"":null,""3"":null}",996.0,52841.0,0.0,36888.0,0.0,36888.0,0.0,31356.926628342026,0.0,0.0,0.0,0.0,37726.09684470482,0.0,1.1453423389368809,0.0,148.0,0.0,0.0,0.0,3228.799999998159,0.0,87.75000000000047,0.0,1844.3999999988703,0.0,0.0,0.0,0.0,0.0,0.0,0.0,368.8799999999998,0.0,18444.0,0.0,3.0,0.0,18812.87999999999,0.0,0.0,0.0,37726.09684470482
53,2020-02-23,2020,False,100.14480874316939,997,0,1004,31356.926628342026,0.0,4600,48,0.0,,,0.1844060738061567,0.20726257494353922,0.3836901599978205,0.9712888665997994,0.07684285672735289,268909.2168447047,0,False,False,True,"{""0"":null,""1"":null,""2"":null,""3"":null}",997.0,53838.0,0.0,36888.0,0.0,36888.0,0.0,31356.926628342026,0.0,0.0,0.0,0.0,37726.09684470482,0.0,1.1453423389368809,0.0,148.0,0.0,0.0,0.0,3228.799999998159,0.0,87.75000000000047,0.0,1844.3999999988703,0.0,0.0,0.0,0.0,0.0,0.0,0.0,368.8799999999998,0.0,18444.0,1.0,4.0,0.0,18812.87999999999,0.0,0.0,0.0,37726.09684470482
54,2020-02-24,2020,True,100.14754098360656,997,997,1004,32204.555084944943,1116.400793303833,5577,22,0.0,0.8425853089778469,0.15108661461188888,0.1844060738061567,0.20726257494353922,0.3836901599978205,0.9696088264794384,0.1051310241710908,269517.1476380086,0,False,False,True,"{""0"":null,""1"":null,""2"":null,""3"":null}",997.0,54835.0,997.0,37885.0,997.0,37885.0,847.6284566029171,32204.555084944943,847.6284566029171,0.0,0.0,1116.4007933038301,38842.49763800865,0.0,1.1453423389368809,4.0,152.0,0.0,0.0,89.69999999991842,3318.4999999980773,7.200000000000273,94.95000000000074,49.84999999995466,1894.249999998825,0.0,0.0,0.0,0.0,0.0,0.0,9.970000000000027,378.84999999999985,498.5,18942.5,0.0,4.0,508.47000000000116,19321.34999999999,0.0,0.0,1116.4007933038301,38842.49763800865
55,2020-02-25,2020,True,100.15027322404372,997,997,1004,33052.1835415479,1045.4508735879197,5638,37,0.0,0.8475490348490737,0.14790507034732403,0.18403520462778397,0.20625651750042195,0.3836901599978205,0.9706469408224674,0.13167041835304555,270054.12851159653,0,False,False,True,"{""0"":null,""1"":null,""2"":null,""3"":null}",997.0,55832.0,997.0,38882.0,997.0,38882.0,847.6284566029572,33052.1835415479,847.6284566029572,0.0,0.0,1045.4508735879208,39887.94851159657,0.0,1.1453423389368809,4.0,156.0,0.0,0.0,89.69999999991842,3408.1999999979957,0.0,94.95000000000074,49.84999999995466,1944.0999999987796,0.0,0.0,0.0,0.0,0.0,0.0,9.970000000000027,388.8199999999999,498.5,19441.0,0.0,4.0,508.47000000000116,19829.819999999992,0.0,0.0,1045.4508735879208,39887.94851159657
56,2020-02-26,2020,True,100.15300546448087,997,997,1004,33899.81199815083,1012.5393952843259,5732,52,0.0,0.826601373234875,0.18160641012077,0.18318555510567994,0.20514181509954676,0.3836901599978205,0.9709428284854563,0.1564310556302585,270558.1979068809,0,False,False,True,"{""0"":null,""1"":null,""2"":null,""3"":null}",997.0,56829.0,997.0,39879.0,997.0,39879.0,847.628456602928,33899.81199815083,847.628456602928,0.0,0.0,1012.5393952843224,40900.487906880895,0.0,1.1453423389368809,4.0,160.0,0.0,0.0,89.69999999991842,3497.899999997914,0.0,94.95000000000074,49.84999999995466,1993.9499999987343,0.0,0.0,0.0,0.0,0.0,0.0,9.970000000000027,398.7899999999999,498.5,19939.5,0.0,4.0,508.47000000000116,20338.289999999994,0.0,0.0,1012.5393952843224,40900.487906880895
57,2020-02-27,2020,True,100.15573770491804,997,997,1004,34747.440454753756,970.3509085924082,5861,40,0.0,0.8185207928488146,0.1800311712893214,0.18330474721584164,0.20463033045290593,0.3836901599978205,0.9714292878635907,0.1793599541583123,271020.0788154733,0,False,False,True,"{""0"":null,""1"":null,""2"":null,""3"":null}",997.0,57826.0,997.0,40876.0,997.0,40876.0,847.628456602928,34747.440454753756,847.628456602928,0.0,0.0,970.3509085924088,41870.838815473304,0.0,1.1453423389368809,4.0,164.0,0.0,0.0,89.69999999991842,3587.5999999978326,3.300000000000125,98.25000000000087,49.84999999995466,2043.799999998689,0.0,0.0,0.0,0.0,0.0,0.0,9.970000000000027,408.75999999999993,498.5,20438.0,0.0,4.0,508.47000000000116,20846.759999999995,0.0,0.0,970.3509085924088,41870.838815473304
58,2020-02-28,2020,True,100.1584699453552,997,997,1004,35595.068911356684,896.5828157816319,5923,42,0.0,0.8305853737530768,0.19314279500965378,0.18250123267855042,0.20358379114524588,0.3836901599978205,0.9709227683049148,0.2005595413637754,271408.191631255,0,False,False,True,"{""0"":null,""1"":null,""2"":null,""3"":null}",997.0,58823.0,997.0,41873.0,997.0,41873.0,847.628456602928,35595.068911356684,847.628456602928,0.0,0.0,896.5828157816286,42767.42163125493,0.0,1.1453423389368809,4.0,168.0,0.0,0.0,89.69999999991842,3677.299999997751,2.2500000000000853,100.50000000000095,49.85000000016203,2093.649999998851,0.0,0.0,0.0,0.0,0.0,0.0,9.970000000000027,418.72999999999996,498.5,20936.5,0.0,4.0,508.47000000000116,21355.229999999996,0.0,0.0,896.5828157816286,42767.42163125493
59,2020-02-29,2020,False,100.16120218579235,997,0,1004,35595.068911356684,0.0,5100,42,0.0,,,0.18178791792540708,0.20253734077978108,0.3836901599978205,0.9724824473420262,0.12595563838767887,271408.191631255,0,False,False,True,"{""0"":null,""1"":null,""2"":null,""3"":null}",997.0,59820.0,0.0,41873.0,0.0,41873.0,0.0,35595.068911356684,0.0,0.0,0.0,0.0,42767.42163125493,0.0,1.1453423389368809,0.0,168.0,0.0,0.0,0.0,3677.299999997751,0.0,100.50000000000095,0.0,2093.649999998851,0.0,0.0,0.0,0.0,0.0,0.0,0.0,418.72999999999996,0.0,20936.5,0.0,4.0,0.0,21355.229999999996,0.0,0.0,0.0,42767.42163125493
60,2020-03-01,2020,False,100.1639344262295,997,0,1004,35595.068911356684,0.0,5100,42,0.0,,,0.18178791792540708,0.20253734077978108,0.3836901599978205,0.9724824473420262,0.07815042315894978,271408.191631255,0,False,False,True,"{""0"":null,""1"":null,""2"":null,""3"":null}",997.0,60817.0,0.0,41873.0,0.0,41873.0,0.0,35595.068911356684,0.0,0.0,0.0,0.0,42767.42163125493,0.0,1.1453423389368809,0.0,168.0,0.0,0.0,0.0,3677.299999997751,0.0,100.50000000000095,0.0,2093.649999998851,0.0,0.0,0.0,0.0,0.0,0.0,0.0,418.72999999999996,0.0,20936.5,0.0,4.0,0.0,21355.229999999996,0.0,0.0,0.0,42767.42163125493
61,2020-03-02,2020,True,100.16666666666667,997,997,1004,36442.69736795961,1106.5059410672957,6072,20,0.0,0.865597227620158,0.12943868394710872,0.18178791792540708,0.20253734077978108,0.3836901599978205,0.970802407221665,0.10634071565116539,272006.2275723223,0,False,False,True,"{""0"":null,""1"":null,""2"":null,""3"":null}",997.0,61814.0,997.0,42870.0,997.0,42870.0,847.628456602928,36442.69736795961,847.628456602928,0.0,0.0,1106.5059410672984,43873.92757232223,0.0,1.1453423389368809,4.0,172.0,0.0,0.0,89.69999999991842,3766.9999999976694,6.300000000000239,106.80000000000119,49.85000000018135,2143.4999999990323,0.0,0.0,0.0,0.0,0.0,0.0,9.970000000000027,428.7,498.5,21435.0,0.0,4.0,508.47000000000116,21863.699999999997,0.0,0.0,1106.5059410672984,43873.92757232223
62,2020-03-03,2020,True,100.16939890710383,997,997,1004,37290.32582456254,1082.7088405860513,6143,37,0.0,0.8515006153646846,0.15254938833072973,0.18112816772507956,0.20153042595290632,0.3836901599978205,0.9718304914744232,0.13262643487092682,272580.4664129084,0,False,False,True,"{""0"":null,""1"":null,""2"":null,""3"":null}",997.0,62811.0,997.0,43867.0,997.0,43867.0,847.628456602928,37290.32582456254,847.628456602928,0.0,0.0,1082.7088405860486,44956.63641290828,0.0,1.1453423389368809,4.0,176.0,0.0,0.0,89.69999999991842,3856.699999997588,0.0,106.80000000000119,49.85000000018135,2193.3499999992137,0.0,0.0,0.0,0.0,0.0,0.0,9.970000000000027,438.67,498.5,21933.5,0.0,4.0,508.47000000000116,22372.17,0.0,0.0,1082.7088405860486,44956.63641290828
63,2020-03-04,2020,True,100.17213114754098,997,997,1004,38137.95428116547,998.8814547541715,6227,64,0.0,0.8455571965280477,0.16192028902933298,0.1807449132715305,0.20089299503077887,0.3836901599978205,0.9718505516549648,0.15723893371090766,273070.8778676626,0,False,False,True,"{""0"":null,""1"":null,""2"":null,""3"":null}",997.0,63808.0,997.0,44864.0,997.0,44864.0,847.628456602928,38137.95428116547,847.628456602928,0.0,0.0,998.8814547541697,45955.51786766245,0.0,1.1453423389368809,4.0,180.0,0.0,0.0,89.69999999991842,3946.3999999975063,0.0,106.80000000000119,49.85000000018135,2243.199999999395,0.0,0.0,0.0,0.0,0.0,0.0,9.970000000000027,448.64000000000004,498.5,22432.0,0.0,4.0,508.47000000000116,22880.64,0.0,0.0,998.8814547541697,45955.51786766245
64,2020-03-05,2020,True,100.17486338797814,997,997,1004,38985.582737768396,972.8365868394036,6349,57,0.0,0.8414683896877834,0.17101817112089474,0.1804319898193322,0.20041069425889202,0.3836901599978205,0.9720210631895687,0.17994312625651165,273535.244454502,0,False,False,True,"{""0"":null,""1"":null,""2"":null,""3"":null}",997.0,64805.0,997.0,45861.0,997.0,45861.0,847.628456602928,38985.582737768396,847.628456602928,0.0,0.0,972.836586839403,46928.35445450185,0.0,1.1453423389368809,4.0,184.0,0.0,0.0,89.69999999991842,4036.0999999974247,3.0000000000001137,109.8000000000013,49.85000000018135,2293.0499999995764,0.0,0.0,0.0,0.0,0.0,0.0,9.970000000000027,458.61000000000007,498.5,22930.5,0.0,4.0,508.47000000000116,23389.11,0.0,0.0,972.836586839403,46928.35445450185
65,2020-03-06,2020,True,100.1775956284153,997,997,1004,39833.211194371324,925.8451755226208,6445,54,0.13075295432782683,0.8155652286565618,0.19452308937157203,0.18002982048424854,0.1997204484353302,0.3836901599978205,0.9720110330992979,0.20095826853278095,273952.61963002465,0,False,False,True,"{""0"":null,""1"":null,""2"":null,""3"":null}",997.0,65802.0,997.0,46858.0,997.0,46858.0,847.628456602928,39833.211194371324,847.628456602928,0.0,0.0,925.8451755226197,47854.19963002447,0.13075295432782674,1.2760952932647076,4.0,188.0,0.0,0.0,89.70000000005348,4125.799999997478,2.5500000000000966,112.3500000000014,49.85000000018135,2342.8999999997577,0.0,0.0,0.0,0.0,0.0,0.0,9.970000000000027,468.5800000000001,498.5,23429.0,0.0,4.0,508.47000000000116,23897.58,0.0,0.0,925.8451755226197,47854.19963002447
66,2020-03-07,2020,False,100.18032786885246,997,0,1004,39833.211194371324,0.0,5600,54,0.0,,,0.1797551790089098,0.19910697759239143,0.3836901599978205,0.9740170511534604,0.12584968641491381,273952.61963002465,0,False,False,True,"{""0"":null,""1"":null,""2"":null,""3"":null}",997.0,66799.0,0.0,46858.0,0.0,46858.0,0.0,39833.211194371324,0.0,0.0,0.0,0.0,47854.19963002447,0.0,1.2760952932647076,0.0,188.0,0.0,0.0,0.0,4125.799999997478,0.0,112.3500000000014,0.0,2342.8999999997577,0.0,0.0,0.0,0.0,0.0,0.0,0.0,468.5800000000001,0.0,23429.0,0.0,4.0,0.0,23897.58,0.0,0.0,0.0,47854.19963002447
67,2020-03-08,2020,False,100.18306010928961,997,0,1004,39833.211194371324,0.0,5600,54,0.0,,,0.1797551790089098,0.19910697759239146,0.3836901599978205,0.9740170511534604,0.07767363063041337,273952.61963002465,0,False,False,True,"{""0"":null,""1"":null,""2"":null,""3"":null}",997.0,67796.0,0.0,46858.0,0.0,46858.0,0.0,39833.211194371324,0.0,0.0,0.0,0.0,47854.19963002447,0.0,1.2760952932647076,0.0,188.0,0.0,0.0,0.0,4125.799999997478,0.0,112.3500000000014,0.0,2342.8999999997577,0.0,0.0,0.0,0.0,0.0,0.0,0.0,468.5800000000001,0.0,23429.0,0.0,4.0,0.0,23897.58,0.0,0.0,0.0,47854.19963002447
68,2020-03-09,2020,True,100.18579234972678,997,997,1004,40680.83965097425,1122.9073350330136,6587,14,0.0,0.8585812281383599,0.13989232365272086,0.1797551790089098,0.19910697759239143,0.3836901599978205,0.9724373119358074,0.10584279098832297,274567.0569650577,0,False,False,True,"{""0"":null,""1"":null,""2"":null,""3"":null}",997.0,68793.0,997.0,47855.0,997.0,47855.0,847.628456602928,40680.83965097425,847.628456602928,0.0,0.0,1122.9073350330145,48977.10696505749,0.0,1.2760952932647076,4.0,192.0,0.0,0.0,89.70000000032633,4215.4999999978045,8.100000000000307,120.45000000000171,49.85000000018135,2392.749999999939,0.0,0.0,0.0,0.0,0.0,0.0,9.970000000000027,478.5500000000001,498.5,23927.5,0.0,4.0,508.47000000000116,24406.050000000003,0.0,0.0,1122.9073350330145,48977.10696505749
69,2020-03-10,2020,True,100.18852459016394,997,997,1004,41528.46810757718,1069.0609308059234,6633,31,0.0,0.8415006153646846,0.17238753658586448,0.1794998752888305,0.1984919204308675,0.3836901599978205,0.9729739217652958,0.13217390596011286,275127.6478958636,0,False,False,True,"{""0"":null,""1"":null,""2"":null,""3"":null}",997.0,69790.0,997.0,48852.0,997.0,48852.0,847.628456602928,41528.46810757718,847.628456602928,0.0,0.0,1069.060930805921,50046.16789586341,0.0,1.2760952932647076,4.0,196.0,0.0,0.0,89.70000000032633,4305.199999998131,0.0,120.45000000000171,49.85000000018135,2442.6000000001204,0.0,0.0,0.0,0.0,0.0,0.0,9.970000000000027,488.52000000000015,498.5,24426.0,0.0,4.0,508.47000000000116,24914.520000000004,0.0,0.0,1069.060930805921,50046.16789586341
70,2020-03-11,2020,True,100.19125683060109,996,996,1004,42375.35357514177,1009.4308140442716,6733,48,0.0,0.8514516129032258,0.14501035018112818,0.17880239108208382,0.1975174028903522,0.3834420677361854,0.9728664658634538,0.15668104829887433,275629.11870990787,0,False,False,True,"{""0"":null,""1"":null,""2"":null,""3"":null}",996.0,70786.0,996.0,49848.0,996.0,49848.0,846.8854675645925,42375.35357514177,846.8854675645925,0.0,0.0,1009.4308140442736,51055.59870990768,0.0,1.2760952932647076,4.0,200.0,0.0,0.0,89.60000000032596,4394.799999998457,0.0,120.45000000000171,49.80000000018117,2492.4000000003016,0.0,0.0,0.0,0.0,0.0,0.0,9.95999999999998,498.48000000000013,498.0,24924.0,0.0,4.0,507.9599999999991,25422.480000000003,0.0,0.0,1009.4308140442736,51055.59870990768
71,2020-03-12,2020,True,100.19398907103825,997,997,1005,43223.024339963995,976.7242697434167,6844,47,0.0,0.8104844863324265,0.2033656385844969,0.17844965254931913,0.19619370305996503,0.3836901599978205,0.9725175526579739,0.1792886073680388,276096.3729796513,0,False,False,True,"{""0"":null,""1"":null,""2"":null,""3"":null}",997.0,71783.0,997.0,50845.0,997.0,50845.0,847.6707648222218,43223.024339963995,847.6707648222218,0.0,0.0,976.7242697434194,52032.3229796511,0.0,1.2760952932647076,4.0,204.0,0.0,0.0,89.70000000032633,4484.499999998783,2.1000000000000796,122.55000000000179,49.85000000018135,2542.250000000483,0.0,0.0,0.0,0.0,0.0,0.0,9.970000000000027,508.45000000000016,498.5,25422.5,1.0,5.0,508.47000000000116,25930.950000000004,0.0,0.0,976.7242697434194,52032.3229796511
72,2020-03-13,2020,True,100.19672131147541,996,996,1005,44069.98945833841,936.555568285352,6949,45,0.0,0.8063984846267662,0.20153168720601403,0.17792332940060884,0.1954114424635114,0.38375598972314334,0.9724899598393575,0.20041465206108064,276524.96854793665,0,False,False,True,"{""0"":null,""1"":null,""2"":null,""3"":null}",996.0,72779.0,996.0,51841.0,996.0,51841.0,846.9651183744136,44069.98945833841,846.9651183744136,0.0,0.0,936.5555682853519,52968.87854793645,0.0,1.2760952932647076,4.0,208.0,0.0,0.0,89.60000000032596,4574.099999999109,2.5500000000000966,125.10000000000188,49.80000000018117,2592.050000000664,0.0,0.0,0.0,0.0,0.0,0.0,9.960000000000036,518.4100000000002,498.0,25920.5,0.0,5.0,507.9599999999991,26438.910000000003,0.0,0.0,936.5555682853519,52968.87854793645
73,2020-03-14,2020,False,100.19945355191257,996,0,1005,44069.98945833841,0.0,6100,45,0.0,,,0.1776923376118967,0.19490495784635303,0.38375598972314334,0.9740261044176707,0.12487051822663105,276524.96854793665,0,False,False,True,"{""0"":null,""1"":null,""2"":null,""3"":null}",996.0,73775.0,0.0,51841.0,0.0,51841.0,0.0,44069.98945833841,0.0,0.0,0.0,0.0,52968.87854793645,0.0,1.2760952932647076,0.0,208.0,0.0,0.0,0.0,4574.099999999109,0.0,125.10000000000188,0.0,2592.050000000664,0.0,0.0,0.0,0.0,0.0,0.0,0.0,518.4100000000002,0.0,25920.5,0.0,5.0,0.0,26438.910000000003,0.0,0.0,0.0,52968.87854793645
74,2020-03-15,2020,False,100.20218579234972,996,0,1005,44069.98945833841,0.0,6100,45,0.0,,,0.1776923376118967,0.19490495784635303,0.38375598972314334,0.9740261044176707,0.07638879967934917,276524.96854793665,0,False,False,True,"{""0"":null,""1"":null,""2"":null,""3"":null}",996.0,74771.0,0.0,51841.0,0.0,51841.0,0.0,44069.98945833841,0.0,0.0,0.0,0.0,52968.87854793645,0.0,1.2760952932647076,0.0,208.0,0.0,0.0,0.0,4574.099999999109,0.0,125.10000000000188,0.0,2592.050000000664,0.0,0.0,0.0,0.0,0.0,0.0,0.0,518.4100000000002,0.0,25920.5,0.0,5.0,0.0,26438.910000000003,0.0,0.0,0.0,52968.87854793645
75,2020-03-16,2020,True,100.20491803278688,996,996,1005,44916.95457671282,1131.6384549316165,7078,11,0.0,0.8574912443295449,0.1395717025354392,0.1776923376118967,0.19490495784635303,0.38375598972314334,0.9724698795180723,0.10461855312216707,277148.64700286824,0,False,False,True,"{""0"":null,""1"":null,""2"":null,""3"":null}",996.0,75767.0,996.0,52837.0,996.0,52837.0,846.9651183744136,44916.95457671282,846.9651183744136,0.0,0.0,1131.6384549316135,54100.517002868066,0.0,1.2760952932647076,4.0,212.0,0.0,0.0,89.60000000032596,4663.699999999435,6.750000000000242,131.85000000000213,49.80000000018117,2641.8500000008453,0.0,0.0,0.0,0.0,0.0,0.0,9.960000000000036,528.3700000000002,498.0,26418.5,0.0,5.0,507.9599999999991,26946.870000000003,0.0,0.0,1131.6384549316135,54100.517002868066
76,2020-03-17,2020,True,100.20765027322405,996,996,1005,45763.919695087236,1094.1678702961735,7135,23,0.0,0.8423941758938588,0.14633515447300258,0.17770764558761828,0.19482199148203147,0.38375598972314334,0.972991967871486,0.13100819650796885,277734.8548731644,0,False,False,True,"{""0"":null,""1"":null,""2"":null,""3"":null}",996.0,76763.0,996.0,53833.0,996.0,53833.0,846.9651183744136,45763.919695087236,846.9651183744136,0.0,0.0,1094.1678702961726,55194.68487316424,0.0,1.2760952932647076,4.0,216.0,0.0,0.0,89.60000000032596,4753.299999999761,0.0,131.85000000000213,49.80000000018117,2691.6500000010265,0.0,0.0,0.0,0.0,0.0,0.0,9.960000000000036,538.3300000000003,498.0,26916.5,0.0,5.0,507.9599999999991,27454.83,0.0,0.0,1094.1678702961726,55194.68487316424
77,2020-03-18,2020,True,100.2103825136612,996,996,1005,46610.88481346165,1049.7316668995365,7232,40,0.0,0.8514585304781881,0.14903975850996967,0.17722303954473032,0.1938779779380817,0.38375598972314334,0.9727158634538153,0.15562050548615267,278276.6265400639,0,False,False,True,"{""0"":null,""1"":null,""2"":null,""3"":null}",996.0,77759.0,996.0,54829.0,996.0,54829.0,846.9651183744136,46610.88481346165,846.9651183744136,0.0,0.0,1049.7316668995336,56244.41654006377,0.0,1.2760952932647076,4.0,220.0,0.0,0.0,89.60000000032596,4842.900000000087,0.0,131.85000000000213,49.80000000018117,2741.4500000012076,0.0,0.0,0.0,0.0,0.0,0.0,9.960000000000036,548.2900000000003,498.0,27414.5,0.0,5.0,507.9599999999991,27962.79,0.0,0.0,1049.7316668995336,56244.41654006377
78,2020-03-19,2020,True,100.21311475409836,996,996,1005,47457.84993183606,976.7926768956405,7356,41,0.0,0.8152604750987756,0.18615734755640312,0.17722065732557266,0.19358566699954674,0.38375598972314334,0.9730722891566265,0.17853336174537296,278745.4592169595,0,False,False,True,"{""0"":null,""1"":null,""2"":null,""3"":null}",996.0,78755.0,996.0,55825.0,996.0,55825.0,846.9651183744136,47457.84993183606,846.9651183744136,0.0,0.0,976.7926768956386,57221.20921695941,0.0,1.2760952932647076,4.0,224.0,0.0,0.0,89.60000000032596,4932.500000000413,1.6500000000000625,133.5000000000022,49.80000000018117,2791.250000001389,0.0,0.0,0.0,0.0,0.0,0.0,9.960000000000036,558.2500000000003,498.0,27912.5,0.0,5.0,507.9599999999991,28470.75,0.0,0.0,976.7926768956386,57221.20921695941
79,2020-03-20,2020,True,100.21584699453553,996,996,1005,48304.815050210476,935.0489367910501,7443,51,0.0,0.8493818350324375,0.16136614730584342,0.1768983466130244,0.19301524748621818,0.38375598972314334,0.9731827309236948,0.19969975517626792,279172.54815375054,0,False,False,True,"{""0"":null,""1"":null,""2"":null,""3"":null}",996.0,79751.0,996.0,56821.0,996.0,56821.0,846.9651183744136,48304.815050210476,846.9651183744136,0.0,0.0,935.0489367910486,58156.25815375046,0.0,1.2760952932647076,4.0,228.0,0.0,0.0,89.60000000032596,5022.100000000739,1.8000000000000682,135.30000000000226,49.80000000018117,2841.05000000157,0.0,0.0,0.0,0.0,0.0,0.0,9.960000000000036,568.2100000000004,498.0,28410.5,0.0,5.0,507.9599999999991,28978.71,0.0,0.0,935.0489367910486,58156.25815375046
80,2020-03-21,2020,False,100.21857923497268,996,0,1005,48304.815050210476,0.0,6600,51,0.0,,,0.17649516110469274,0.19250491636063688,0.38375598972314334,0.9746686746987951,0.12391031583068608,279172.54815375054,0,False,False,True,"{""0"":null,""1"":null,""2"":null,""3"":null}",996.0,80747.0,0.0,56821.0,0.0,56821.0,0.0,48304.815050210476,0.0,0.0,0.0,0.0,58156.25815375046,0.0,1.2760952932647076,0.0,228.0,0.0,0.0,0.0,5022.100000000739,0.0,135.30000000000226,0.0,2841.05000000157,0.0,0.0,0.0,0.0,0.0,0.0,0.0,568.2100000000004,0.0,28410.5,0.0,5.0,0.0,28978.71,0.0,0.0,0.0,58156.25815375046
81,2020-03-22,2020,False,100.22131147540983,996,0,1005,48304.815050210476,0.0,6600,51,0.0,,,0.17649516110469274,0.19250491636063688,0.38375598972314334,0.9746686746987951,0.07530500454470009,279172.54815375054,0,False,False,True,"{""0"":null,""1"":null,""2"":null,""3"":null}",996.0,81743.0,0.0,56821.0,0.0,56821.0,0.0,48304.815050210476,0.0,0.0,0.0,0.0,58156.25815375046,0.0,1.2760952932647076,0.0,228.0,0.0,0.0,0.0,5022.100000000739,0.0,135.30000000000226,0.0,2841.05000000157,0.0,0.0,0.0,0.0,0.0,0.0,0.0,568.2100000000004,0.0,28410.5,0.0,5.0,0.0,28978.71,0.0,0.0,0.0,58156.25815375046
82,2020-03-23,2020,True,100.22404371584699,996,996,1005,49151.78016858489,1160.4900661450997,7571,14,0.0,0.853454514413931,0.14120062403938005,0.17649516110469274,0.19250491636063688,0.38375598972314334,0.9727861445783132,0.10376467588573196,279825.0782198956,0,False,False,True,"{""0"":null,""1"":null,""2"":null,""3"":null}",996.0,82739.0,996.0,57817.0,996.0,57817.0,846.9651183744136,49151.78016858489,846.9651183744136,0.0,0.0,1160.490066145103,59316.74821989556,0.0,1.2760952932647076,4.0,232.0,0.0,0.0,89.60000000032596,5111.700000001065,7.65000000000029,142.95000000000255,49.80000000018117,2890.850000001751,0.0,0.0,0.0,0.0,0.0,0.0,9.960000000000036,578.1700000000004,498.0,28908.5,0.0,5.0,507.9599999999991,29486.67,0.0,0.0,1160.490066145103,59316.74821989556
83,2020-03-24,2020,True,100.22677595628416,996,996,1005,49998.7452869593,1088.137459793234,7635,31,0.0,0.8444183698356178,0.15332885180559264,0.1764136178694029,0.19180803460059537,0.38375598972314334,0.9730070281124498,0.13036022554003188,280405.2556796888,0,False,False,True,"{""0"":null,""1"":null,""2"":null,""3"":null}",996.0,83735.0,996.0,58813.0,996.0,58813.0,846.9651183744136,49998.7452869593,846.9651183744136,0.0,0.0,1088.1374597932372,60404.8856796888,0.0,1.2760952932647076,4.0,236.0,0.0,0.0,89.60000000032596,5201.300000001391,0.0,142.95000000000255,49.80000000018117,2940.6500000019323,0.0,0.0,0.0,0.0,0.0,0.0,9.960000000000036,588.1300000000005,498.0,29406.5,0.0,5.0,507.9599999999991,29994.629999999997,0.0,0.0,1088.1374597932372,60404.8856796888
84,2020-03-25,2020,True,100.22950819672131,996,996,1005,50845.71040533372,1032.0469779293676,7743,46,0.009642582044874741,0.834446482285417,0.16735535624124168,0.17666437681741082,0.19189511709635343,0.38375598972314334,0.9731977911646585,0.15509855163297978,280929.34265761817,0,False,False,True,"{""0"":null,""1"":null,""2"":null,""3"":null}",996.0,84731.0,996.0,59809.0,996.0,59809.0,846.9651183744136,50845.71040533372,846.9651183744136,0.0,0.0,1032.0469779293708,61436.93265761817,0.00964258204487467,1.2857378753095823,4.0,240.0,0.0,0.0,89.60000000032596,5290.900000001717,0.0,142.95000000000255,49.80000000018117,2990.4500000021135,0.0,0.0,0.0,0.0,0.0,0.0,9.960000000000036,598.0900000000005,498.0,29904.5,0.0,5.0,507.9599999999991,30502.589999999997,0.0,0.0,1032.0469779293708,61436.93265761817
85,2020-03-26,2020,True,100.23224043715847,996,996,1005,51692.67552370813,985.0273323844934,7866,43,0.0,0.8434589207030552,0.17203512236558677,0.17632700487872127,0.1912744400801491,0.38375598972314334,0.9735993975903615,0.17808195538030205,281406.40999000263,0,False,False,True,"{""0"":null,""1"":null,""2"":null,""3"":null}",996.0,85727.0,996.0,60805.0,996.0,60805.0,846.9651183744136,51692.67552370813,846.9651183744136,0.0,0.0,985.0273323844958,62421.959990002666,0.0,1.2857378753095823,4.0,244.0,0.0,0.0,89.60000000032596,5380.500000002043,2.1000000000000796,145.05000000000263,49.80000000018117,3040.2500000022947,0.0,0.0,0.0,0.0,0.0,0.0,9.960000000000036,608.0500000000005,498.0,30402.5,0.0,5.0,507.9599999999991,31010.549999999996,0.0,0.0,985.0273323844958,62421.959990002666
86,2020-03-27,2020,True,100.23497267759562,996,996,1005,52539.640642082544,928.6595447919893,7943,44,0.0,0.8444872282652879,0.14759783382781957,0.17603583021656796,0.19103091304217976,0.38375598972314334,0.973293172690763,0.19935378086206748,281827.1095347946,0,False,False,True,"{""0"":null,""1"":null,""2"":null,""3"":null}",996.0,86723.0,996.0,61801.0,996.0,61801.0,846.9651183744136,52539.640642082544,846.9651183744136,0.0,0.0,928.6595447919899,63350.619534794656,0.0,1.2857378753095823,4.0,248.0,0.0,0.0,89.60000000032596,5470.100000002369,2.5500000000000966,147.60000000000272,49.80000000018117,3090.050000002476,0.0,0.0,0.0,0.0,0.0,0.0,9.960000000000036,618.0100000000006,498.0,30900.5,0.0,5.0,507.9599999999991,31518.509999999995,0.0,0.0,928.6595447919899,63350.619534794656
87,2020-03-28,2020,False,100.23770491803279,996,0,1005,52539.640642082544,0.0,7100,44,0.0,,,0.17577528455006708,0.19043248145836572,0.38375598972314334,0.9744528112449798,0.12357152663736881,281827.1095347946,0,False,False,True,"{""0"":null,""1"":null,""2"":null,""3"":null}",996.0,87719.0,0.0,61801.0,0.0,61801.0,0.0,52539.640642082544,0.0,0.0,0.0,0.0,63350.619534794656,0.0,1.2857378753095823,0.0,248.0,0.0,0.0,0.0,5470.100000002369,0.0,147.60000000000272,0.0,3090.050000002476,0.0,0.0,0.0,0.0,0.0,0.0,0.0,618.0100000000006,0.0,30900.5,0.0,5.0,0.0,31518.509999999995,0.0,0.0,0.0,63350.619534794656
88,2020-03-29,2020,False,100.24043715846994,996,0,1005,52539.640642082544,0.0,7100,44,0.0,,,0.1757752845500671,0.19043248145836572,0.38375598972314334,0.9744528112449798,0.07470990746164025,281827.1095347946,0,False,False,True,"{""0"":null,""1"":null,""2"":null,""3"":null}",996.0,88715.0,0.0,61801.0,0.0,61801.0,0.0,52539.640642082544,0.0,0.0,0.0,0.0,63350.619534794656,0.0,1.2857378753095823,0.0,248.0,0.0,0.0,0.0,5470.100000002369,0.0,147.60000000000272,0.0,3090.050000002476,0.0,0.0,0.0,0.0,0.0,0.0,0.0,618.0100000000006,0.0,30900.5,0.0,5.0,0.0,31518.509999999995,0.0,0.0,0.0,63350.619534794656
89,2020-03-30,2020,True,100.2431693989071,995,995,1005,53385.70760363765,1162.9405487791428,8086,16,0.0,0.8533435204231561,0.1382615507197262,0.17573703472280672,0.19037572674744674,0.3837453915283967,0.973145728643216,0.10338752337571185,282482.6000835737,0,False,False,True,"{""0"":null,""1"":null,""2"":null,""3"":null}",995.0,89710.0,995.0,62796.0,995.0,62796.0,846.0669615551087,53385.70760363765,846.0669615551087,0.0,0.0,1162.9405487791446,64513.5600835738,0.0,1.2857378753095823,4.0,252.0,0.0,0.0,89.5000000003256,5559.600000002694,6.60000000000025,154.20000000000297,49.75000000018099,3139.800000002657,0.0,0.0,0.0,0.0,0.0,0.0,9.950000000000045,627.9600000000006,497.5,31398.0,0.0,5.0,507.4500000000007,32025.959999999995,0.0,0.0,1162.9405487791446,64513.5600835738
90,2020-03-31,2020,True,100.24590163934427,995,995,1005,54231.77456519276,1098.022879698488,8130,29,0.0,0.8524611617200509,0.1583042458714295,0.17555589013557388,0.19000628687481094,0.3837453915283967,0.9733165829145729,0.12999419941142693,283073.1729632722,0,False,False,True,"{""0"":null,""1"":null,""2"":null,""3"":null}",995.0,90705.0,995.0,63791.0,995.0,63791.0,846.0669615551087,54231.77456519276,846.0669615551087,0.0,0.0,1098.0228796984884,65611.58296327229,0.0,1.2857378753095823,4.0,256.0,0.0,0.0,89.5000000003256,5649.10000000302,0.0,154.20000000000297,49.75000000018099,3189.550000002838,0.0,0.0,0.0,0.0,0.0,0.0,9.950000000000045,637.9100000000007,497.5,31895.5,0.0,5.0,507.4500000000007,32533.409999999996,0.0,0.0,1098.0228796984884,65611.58296327229
91,2020-04-01,2020,True,100.24863387978142,995,995,1005,55077.84152674787,950.3889328835626,8221,53,0.0,0.8513268684494073,0.15526933105257912,0.1751654508145612,0.18960992952541533,0.3837453915283967,0.9726884422110553,0.15475624878303484,283516.11189615575,0,False,False,True,"{""0"":null,""1"":null,""2"":null,""3"":null}",995.0,91700.0,995.0,64786.0,995.0,64786.0,846.0669615551087,55077.84152674787,846.0669615551087,0.0,0.0,950.3889328835648,66561.97189615585,0.0,1.2857378753095823,4.0,260.0,0.0,0.0,89.5000000003256,5738.6000000033455,0.0,154.20000000000297,49.75000000018099,3239.300000003019,0.0,0.0,0.0,0.0,0.0,0.0,9.950000000000045,647.8600000000007,497.5,32393.0,0.0,5.0,507.4499999999971,33040.85999999999,0.0,0.0,950.3889328835648,66561.97189615585
92,2020-04-02,2020,True,100.25136612021858,995,995,1005,55923.90848830298,906.8989942192549,8347,64,0.0,0.8171524145361935,0.19588667274690194,0.1751433506389541,0.18924686439015334,0.3837453915283967,0.9724723618090453,0.1775167476208517,283915.560890375,0,False,False,True,"{""0"":null,""1"":null,""2"":null,""3"":null}",995.0,92695.0,995.0,65781.0,995.0,65781.0,846.0669615551087,55923.90848830298,846.0669615551087,0.0,0.0,906.8989942192566,67468.87089037511,0.0,1.2857378753095823,4.0,264.0,0.0,0.0,89.5000000003256,5828.100000003671,2.400000000000091,156.60000000000306,49.75000000018099,3289.0500000032,0.0,0.0,0.0,0.0,0.0,0.0,9.950000000000045,657.8100000000007,497.5,32890.5,0.0,5.0,507.4499999999971,33548.30999999999,0.0,0.0,906.8989942192566,67468.87089037511
93,2020-04-03,2020,True,100.25409836065573,995,995,1005,56769.97544985809,838.364500048076,8447,65,0.06335934475350229,0.8272337153492016,0.17884422283579546,0.17489713134324,0.1888132957047,0.3837453915283967,0.9724874371859297,0.1985579608714284,284246.4753904231,0,False,False,True,"{""0"":null,""1"":null,""2"":null,""3"":null}",995.0,93690.0,995.0,66776.0,995.0,66776.0,846.0669615551087,56769.97544985809,846.0669615551087,0.0,0.0,838.3645000480756,68307.23539042319,0.06335934475350236,1.3490972200630846,4.0,268.0,0.0,0.0,89.5000000003256,5917.600000003997,1.950000000000074,158.55000000000314,49.75000000018099,3338.800000003381,0.0,0.0,0.0,0.0,0.0,0.0,9.950000000000045,667.7600000000008,497.5,33388.0,0.0,5.0,507.4499999999971,34055.75999999999,0.0,0.0,838.3645000480756,68307.23539042319
94,2020-04-04,2020,False,100.2568306010929,995,0,1005,56769.97544985809,0.0,7600,65,0.0,,,0.1746603583722912,0.18847466294196022,0.3837453915283967,0.9741708542713567,0.12277640736202698,284246.4753904231,0,False,False,True,"{""0"":null,""1"":null,""2"":null,""3"":null}",995.0,94685.0,0.0,66776.0,0.0,66776.0,0.0,56769.97544985809,0.0,0.0,0.0,0.0,68307.23539042319,0.0,1.3490972200630846,0.0,268.0,0.0,0.0,0.0,5917.600000003997,0.0,158.55000000000314,0.0,3338.800000003381,0.0,0.0,0.0,0.0,0.0,0.0,0.0,667.7600000000008,0.0,33388.0,0.0,5.0,0.0,34055.75999999999,0.0,0.0,0.0,68307.23539042319
95,2020-04-05,2020,False,100.25956284153006,995,0,1005,56769.97544985809,0.0,7600,65,0.0,,,0.1746603583722912,0.18847466294196022,0.3837453915283967,0.9741708542713567,0.0737379326455373,284246.4753904231,0,False,False,True,"{""0"":null,""1"":null,""2"":null,""3"":null}",995.0,95680.0,0.0,66776.0,0.0,66776.0,0.0,56769.97544985809,0.0,0.0,0.0,0.0,68307.23539042319,0.0,1.3490972200630846,0.0,268.0,0.0,0.0,0.0,5917.600000003997,0.0,158.55000000000314,0.0,3338.800000003381,0.0,0.0,0.0,0.0,0.0,0.0,0.0,667.7600000000008,0.0,33388.0,0.0,5.0,0.0,34055.75999999999,0.0,0.0,0.0,68307.23539042319
96,2020-04-06,2020,True,100.26229508196721,995,995,1005,57616.0424114132,1043.878480717186,8596,16,0.0,0.8672903320599471,0.13931052866330637,0.1746603583722912,0.18847466294196022,0.3837453915283967,0.9726582914572864,0.1023274574004745,284782.90387114027,0,False,False,True,"{""0"":null,""1"":null,""2"":null,""3"":null}",995.0,96675.0,995.0,67771.0,995.0,67771.0,846.0669615551087,57616.0424114132,846.0669615551087,0.0,0.0,1043.8784807171905,69351.11387114038,0.0,1.3490972200630846,4.0,272.0,0.0,0.0,89.5000000003256,6007.100000004322,9.75000000000037,168.3000000000035,49.75000000018099,3388.5500000035618,0.0,0.0,0.0,0.0,0.0,0.0,9.950000000000045,677.7100000000008,497.5,33885.5,0.0,5.0,507.4499999999971,34563.209999999985,0.0,0.0,1043.8784807171905,69351.11387114038
97,2020-04-07,2020,True,100.26502732240438,995,995,1005,58462.109372968305,1000.7462570948966,8623,36,0.05536284936014492,0.8281114702713293,0.1743174625789571,0.174615651082651,0.18846400942201152,0.3837453915283967,0.9723869346733668,0.12898835873763534,285276.20012823516,0,False,False,True,"{""0"":null,""1"":null,""2"":null,""3"":null}",995.0,97670.0,995.0,68766.0,995.0,68766.0,846.0669615551087,58462.109372968305,846.0669615551087,0.0,0.0,1000.7462570948992,70351.86012823528,0.05536284936014502,1.4044600694232297,4.0,276.0,0.0,0.0,89.5000000003256,6096.600000004648,0.0,168.3000000000035,49.75000000018099,3438.3000000037428,0.0,0.0,0.0,0.0,0.0,0.0,9.950000000000045,687.6600000000009,497.5,34383.0,0.0,5.0,507.4499999999971,35070.65999999998,0.0,0.0,1000.7462570948992,70351.86012823528
98,2020-04-08,2020,True,100.26775956284153,994,994,1005,59307.46803814632,946.2517112455668,8718,56,0.0,0.8259617099396801,0.17469708844904785,0.1740417314568315,0.18763063606276847,0.38349729926676157,0.971715291750503,0.15378494848566818,285715.5118394807,0,False,False,True,"{""0"":null,""1"":null,""2"":null,""3"":null}",994.0,98664.0,994.0,69760.0,994.0,69760.0,845.3586651780133,59307.46803814632,845.3586651780133,0.0,0.0,946.251711245568,71298.11183948084,0.0,1.4044600694232297,4.0,280.0,0.0,0.0,89.40000000032524,6186.000000004973,0.0,168.3000000000035,49.70000000018081,3488.0000000039236,0.0,0.0,0.0,0.0,0.0,0.0,9.940000000000055,697.6000000000009,497.0,34880.0,0.0,5.0,506.9400000000023,35577.599999999984,0.0,0.0,946.251711245568,71298.11183948084
99,2020-04-09,2020,True,100.27049180327869,994,994,1005,60152.82670332433,901.7088461809869,8857,60,0.0,0.8390590086546026,0.15907567444930285,0.17382762140839225,0.18722983340396743,0.38349729926676157,0.9717605633802816,0.17667930492036993,286110.2806856617,0,False,False,True,"{""0"":null,""1"":null,""2"":null,""3"":null}",994.0,99658.0,994.0,70754.0,994.0,70754.0,845.3586651780133,60152.82670332433,845.3586651780133,0.0,0.0,901.7088461809908,72199.82068566183,0.0,1.4044600694232297,4.0,284.0,0.0,0.0,89.40000000032524,6275.400000005298,2.400000000000091,170.7000000000036,49.70000000018081,3537.7000000041044,0.0,0.0,0.0,0.0,0.0,0.0,9.940000000000055,707.540000000001,497.0,35377.0,0.0,5.0,506.9400000000023,36084.539999999986,0.0,0.0,901.7088461809908,72199.82068566183
100,2020-04-10,2020,True,100.27322404371584,995,995,1006,60999.16405190314,898.5244822518463,8964,54,0.0,0.8130661486221757,0.1794485510058248,0.17338618813590279,0.18606199771152437,0.3835078974615082,0.9718090452261307,0.1978490620579622,286500.35516791354,0,False,False,True,"{""0"":null,""1"":null,""2"":null,""3"":null}",995.0,100653.0,995.0,71749.0,995.0,71749.0,846.3373485788106,60999.16405190314,846.3373485788106,0.0,0.0,898.5244822518434,73098.34516791368,0.0,1.4044600694232297,4.0,288.0,0.0,0.0,89.5000000003256,6364.900000005624,3.0000000000001137,173.7000000000037,49.75000000018099,3587.4500000042854,0.0,0.0,0.0,0.0,0.0,0.0,9.950000000000045,717.490000000001,497.5,35874.5,1.0,6.0,507.4499999999971,36591.98999999998,0.0,0.0,898.5244822518434,73098.34516791368
101,2020-04-11,2020,False,100.27595628415301,996,0,1007,60999.16405190314,0.0,8100,54,0.0,,,0.17292100418317186,0.18490897215878058,0.3834420677361854,0.9730421686746987,0.1217173234260104,286499.35516791354,0,False,False,True,"{""0"":null,""1"":null,""2"":null,""3"":null}",996.0,101649.0,0.0,71749.0,0.0,71749.0,0.0,60999.16405190314,0.0,0.0,0.0,0.0,73098.34516791368,0.0,1.4044600694232297,0.0,288.0,0.0,0.0,0.0,6364.900000005624,0.0,173.7000000000037,0.0,3587.4500000042854,0.0,0.0,0.0,0.0,0.0,0.0,0.0,717.490000000001,0.0,35874.5,1.0,7.0,0.0,36591.98999999998,0.0,0.0,0.0,73098.34516791368
102,2020-04-12,2020,False,100.27868852459017,996,0,1007,60999.16405190314,0.0,8100,54,0.0,,,0.17292100418317186,0.1849089721587806,0.3834420677361854,0.9730421686746987,0.07261958123385155,286499.35516791354,0,False,False,True,"{""0"":null,""1"":null,""2"":null,""3"":null}",996.0,102645.0,0.0,71749.0,0.0,71749.0,0.0,60999.16405190314,0.0,0.0,0.0,0.0,73098.34516791368,0.0,1.4044600694232297,0.0,288.0,0.0,0.0,0.0,6364.900000005624,0.0,173.7000000000037,0.0,3587.4500000042854,0.0,0.0,0.0,0.0,0.0,0.0,0.0,717.490000000001,0.0,35874.5,0.0,7.0,0.0,36591.98999999998,0.0,0.0,0.0,73098.34516791368
103,2020-04-13,2020,True,100.28142076502732,996,996,1007,61846.20730388528,1047.5889311724734,9070,18,0.0,0.8785887096774193,0.10717756310735438,0.17292100418317186,0.18490897215878058,0.3834420677361854,0.9711596385542168,0.10126618968098844,287038.98409908597,0,False,False,True,"{""0"":null,""1"":null,""2"":null,""3"":null}",996.0,103641.0,996.0,72745.0,996.0,72745.0,847.0432519821406,61846.20730388528,847.0432519821406,0.0,0.0,1047.588931172475,74145.93409908615,0.0,1.4044600694232297,4.0,292.0,0.0,0.0,89.60000000032596,6454.50000000595,8.100000000000307,181.80000000000402,49.80000000018117,3637.2500000044665,0.0,0.0,0.0,0.0,0.0,0.0,9.960000000000036,727.4500000000011,498.0,36372.5,0.0,7.0,507.9599999999991,37099.94999999998,0.0,0.0,1047.588931172475,74145.93409908615
104,2020-04-14,2020,True,100.28415300546447,996,996,1007,62693.250555867424,986.4879925238353,9126,30,0.08998746028835126,0.8414435483870968,0.1554324075671324,0.1726260027457034,0.18442373244663807,0.3834420677361854,0.9710341365461848,0.12787099700032567,287517.51209160977,0,False,False,True,"{""0"":null,""1"":null,""2"":null,""3"":null}",996.0,104637.0,996.0,73741.0,996.0,73741.0,847.0432519821406,62693.250555867424,847.0432519821406,0.0,0.0,986.4879925238347,75132.42209160999,0.08998746028835125,1.494447529711581,4.0,296.0,0.0,0.0,89.60000000032596,6544.100000006276,0.0,181.80000000000402,49.80000000018117,3687.0500000046477,0.0,0.0,0.0,0.0,0.0,0.0,9.960000000000036,737.4100000000011,498.0,36870.5,0.0,7.0,507.9599999999991,37607.90999999998,0.0,0.0,986.4879925238347,75132.42209160999
105,2020-04-15,2020,True,100.28688524590164,996,996,1007,63540.293807849564,951.0602700091398,9207,51,0.0,0.8252903225806452,0.16681329423264907,0.17234357468382894,0.1839825666493602,0.3834420677361854,0.9702510040160642,0.1526445404834742,287960.6123616189,0,False,False,True,"{""0"":null,""1"":null,""2"":null,""3"":null}",996.0,105633.0,996.0,74737.0,996.0,74737.0,847.0432519821406,63540.293807849564,847.0432519821406,0.0,0.0,951.0602700091404,76083.48236161913,0.0,1.494447529711581,4.0,300.0,0.0,0.0,89.60000000032596,6633.700000006602,0.0,181.80000000000402,49.80000000018117,3736.850000004829,0.0,0.0,0.0,0.0,0.0,0.0,9.960000000000036,747.3700000000011,498.0,37368.5,0.0,7.0,507.9599999999991,38115.86999999998,0.0,0.0,951.0602700091404,76083.48236161913
106,2020-04-16,2020,True,100.2896174863388,996,996,1007,64387.337059831705,909.7868503932555,9346,52,0.0,0.8353629032258064,0.16675579322638145,0.17227651841267033,0.18373529991249,0.3834420677361854,0.9699849397590362,0.17554724540518168,288362.43921201216,0,False,False,True,"{""0"":null,""1"":null,""2"":null,""3"":null}",996.0,106629.0,996.0,75733.0,996.0,75733.0,847.0432519821406,64387.337059831705,847.0432519821406,0.0,0.0,909.786850393255,76993.26921201238,0.0,1.494447529711581,4.0,304.0,0.0,0.0,89.60000000032596,6723.300000006928,2.7000000000001023,184.50000000000412,49.80000000018117,3786.65000000501,0.0,0.0,0.0,0.0,0.0,0.0,9.960000000000036,757.3300000000012,498.0,37866.5,0.0,7.0,507.9599999999991,38623.82999999998,0.0,0.0,909.786850393255,76993.26921201238
107,2020-04-17,2020,True,100.29234972677595,996,996,1007,65234.380311813846,872.0888295737711,9441,62,0.0,0.8313387096774194,0.1744824909435915,0.1723367075366984,0.18347865544485867,0.3834420677361854,0.9701104417670683,0.19677970170393397,288726.5680415859,0,False,False,True,"{""0"":null,""1"":null,""2"":null,""3"":null}",996.0,107625.0,996.0,76729.0,996.0,76729.0,847.0432519821406,65234.380311813846,847.0432519821406,0.0,0.0,872.0888295737677,77865.35804158615,0.0,1.494447529711581,4.0,308.0,0.0,0.0,89.60000000032596,6812.900000007254,1.8000000000000682,186.3000000000042,49.80000000018117,3836.450000005191,0.0,0.0,0.0,0.0,0.0,0.0,9.960000000000036,767.2900000000012,498.0,38364.5,0.0,7.0,507.9599999999991,39131.78999999998,0.0,0.0,872.0888295737677,77865.35804158615
108,2020-04-18,2020,False,100.29508196721312,996,0,1007,65234.380311813846,0.0,8600,62,0.0,,,0.1721665366103995,0.18338766246819632,0.3834420677361854,0.9718724899598393,0.12078068301321739,288726.5680415859,0,False,False,True,"{""0"":null,""1"":null,""2"":null,""3"":null}",996.0,108621.0,0.0,76729.0,0.0,76729.0,0.0,65234.380311813846,0.0,0.0,0.0,0.0,77865.35804158615,0.0,1.494447529711581,0.0,308.0,0.0,0.0,0.0,6812.900000007254,0.0,186.3000000000042,0.0,3836.450000005191,0.0,0.0,0.0,0.0,0.0,0.0,0.0,767.2900000000012,0.0,38364.5,0.0,7.0,0.0,39131.78999999998,0.0,0.0,0.0,77865.35804158615
109,2020-04-19,2020,False,100.29781420765028,996,0,1007,65234.380311813846,0.0,8600,62,0.0,,,0.1721665366103995,0.18338766246819632,0.3834420677361854,0.9718724899598393,0.07156214530334797,288726.5680415859,0,False,False,True,"{""0"":null,""1"":null,""2"":null,""3"":null}",996.0,109617.0,0.0,76729.0,0.0,76729.0,0.0,65234.380311813846,0.0,0.0,0.0,0.0,77865.35804158615,0.0,1.494447529711581,0.0,308.0,0.0,0.0,0.0,6812.900000007254,0.0,186.3000000000042,0.0,3836.450000005191,0.0,0.0,0.0,0.0,0.0,0.0,0.0,767.2900000000012,0.0,38364.5,0.0,7.0,0.0,39131.78999999998,0.0,0.0,0.0,77865.35804158615
110,2020-04-20,2020,True,100.30054644808743,996,996,1007,66081.42356379608,1081.813492754551,9605,11,0.0,0.8715645161290322,0.10986286010005177,0.1721665366103995,0.18338766246819632,0.3834420677361854,0.9705923694779117,0.1002357879316942,289300.4215343404,0,False,False,True,"{""0"":null,""1"":null,""2"":null,""3"":null}",996.0,110613.0,996.0,77725.0,996.0,77725.0,847.0432519822352,66081.42356379608,847.0432519822352,0.0,0.0,1081.813492754547,78947.1715343407,0.0,1.494447529711581,4.0,312.0,0.0,0.0,89.60000000032596,6902.50000000758,9.300000000000352,195.60000000000454,49.80000000018117,3886.2500000053724,0.0,0.0,0.0,0.0,0.0,0.0,9.960000000000036,777.2500000000013,498.0,38862.5,0.0,7.0,507.9599999999991,39639.74999999998,0.0,0.0,1081.813492754547,78947.1715343407
111,2020-04-21,2020,True,100.30327868852459,996,996,1007,66928.46681577826,1001.5104705671667,9611,31,0.0,0.8463870967741935,0.15576878845379794,0.17193431779341506,0.18294216363052265,0.3834420677361854,0.9704769076305221,0.12698889681629058,289793.97200490755,0,False,False,True,"{""0"":null,""1"":null,""2"":null,""3"":null}",996.0,111609.0,996.0,78721.0,996.0,78721.0,847.043251982177,66928.46681577826,847.043251982177,0.0,0.0,1001.5104705671692,79948.68200490787,0.0,1.494447529711581,4.0,316.0,0.0,0.0,89.60000000032596,6992.100000007906,0.0,195.60000000000454,49.80000000018117,3936.0500000055536,0.0,0.0,0.0,0.0,0.0,0.0,9.960000000000036,787.2100000000013,498.0,39360.5,0.0,7.0,507.9599999999991,40147.70999999998,0.0,0.0,1001.5104705671692,79948.68200490787
112,2020-04-22,2020,True,100.30601092896175,995,995,1007,67774.53194678006,967.9179187024866,9718,44,0.04471944580183281,0.8372683492229333,0.1640021592189143,0.17161607055044945,0.18264295793096463,0.3835078974615082,0.9697638190954774,0.15174857577923534,290254.43992361,0,False,False,True,"{""0"":null,""1"":null,""2"":null,""3"":null}",995.0,112604.0,995.0,79716.0,995.0,79716.0,846.0651310018002,67774.53194678006,846.0651310018002,0.0,0.0,967.9179187024856,80916.59992361035,0.044719445801832736,1.5391669755134136,4.0,320.0,0.0,0.0,89.5000000003256,7081.600000008231,0.0,195.60000000000454,49.75000000018099,3985.8000000057345,0.0,0.0,0.0,0.0,0.0,0.0,9.950000000000045,797.1600000000013,497.5,39858.0,0.0,7.0,507.4499999999971,40655.159999999974,0.0,0.0,967.9179187024856,80916.59992361035
113,2020-04-23,2020,True,100.30874316939891,995,995,1007,68620.59707778186,912.5340870672337,9824,52,0.0,0.8352806908710984,0.15441600867928423,0.1715106914449434,0.18240106851451376,0.3835078974615082,0.9693819095477386,0.17478094244306686,290659.52401067724,0,False,False,True,"{""0"":null,""1"":null,""2"":null,""3"":null}",995.0,113599.0,995.0,80711.0,995.0,80711.0,846.0651310018002,68620.59707778186,846.0651310018002,0.0,0.0,912.5340870672371,81829.13401067759,0.0,1.5391669755134136,4.0,324.0,0.0,0.0,89.5000000003256,7171.100000008557,1.6500000000000625,197.2500000000046,49.75000000018099,4035.5500000059155,0.0,0.0,0.0,0.0,0.0,0.0,9.950000000000045,807.1100000000014,497.5,40355.5,0.0,7.0,507.4499999999971,41162.60999999997,0.0,0.0,912.5340870672371,81829.13401067759
114,2020-04-24,2020,True,100.31147540983606,995,995,1007,69466.66220878366,874.7615376171802,9956,49,0.0,0.8271754603630664,0.17649880551326133,0.17147268883427685,0.1821063394952015,0.3835078974615082,0.9696633165829145,0.19602653594664338,291026.8355482944,0,False,False,True,"{""0"":null,""1"":null,""2"":null,""3"":null}",995.0,114594.0,995.0,81706.0,995.0,81706.0,846.0651310018002,69466.66220878366,846.0651310018002,0.0,0.0,874.7615376171743,82703.89554829476,0.0,1.5391669755134136,4.0,328.0,0.0,0.0,89.5000000003256,7260.6000000088825,3.0000000000001137,200.25000000000472,49.75000000018099,4085.3000000060965,0.0,0.0,0.0,0.0,0.0,0.0,9.950000000000045,817.0600000000014,497.5,40853.0,0.0,7.0,507.4499999999971,41670.05999999997,0.0,0.0,874.7615376171743,82703.89554829476
115,2020-04-25,2020,False,100.31420765027322,995,0,1007,69466.66220878366,0.0,9100,49,0.0,,,0.17136624717280155,0.18179183412584762,0.3835078974615082,0.9714422110552764,0.11998039361684094,291026.8355482944,0,False,False,True,"{""0"":null,""1"":null,""2"":null,""3"":null}",995.0,115589.0,0.0,81706.0,0.0,81706.0,0.0,69466.66220878366,0.0,0.0,0.0,0.0,82703.89554829476,0.0,1.5391669755134136,0.0,328.0,0.0,0.0,0.0,7260.6000000088825,0.0,200.25000000000472,0.0,4085.3000000060965,0.0,0.0,0.0,0.0,0.0,0.0,0.0,817.0600000000014,0.0,40853.0,0.0,7.0,0.0,41670.05999999997,0.0,0.0,0.0,82703.89554829476
116,2020-04-26,2020,False,100.31693989071039,995,0,1007,69466.66220878366,0.0,9100,49,0.0,,,0.17136624717280155,0.18179183412584762,0.3835078974615082,0.9714422110552764,0.07070980498088517,291026.8355482944,0,False,False,True,"{""0"":null,""1"":null,""2"":null,""3"":null}",995.0,116584.0,0.0,81706.0,0.0,81706.0,0.0,69466.66220878366,0.0,0.0,0.0,0.0,82703.89554829476,0.0,1.5391669755134136,0.0,328.0,0.0,0.0,0.0,7260.6000000088825,0.0,200.25000000000472,0.0,4085.3000000060965,0.0,0.0,0.0,0.0,0.0,0.0,0.0,817.0600000000014,0.0,40853.0,0.0,7.0,0.0,41670.05999999997,0.0,0.0,0.0,82703.89554829476
117,2020-04-27,2020,True,100.31967213114754,995,995,1007,70312.72733978546,1057.7555713910879,10064,20,0.0,0.8663532715162596,0.12726737319313067,0.17136624717280155,0.18179183412584762,0.3835078974615082,0.969608040201005,0.09940451313549538,291577.1411196855,0,False,False,True,"{""0"":null,""1"":null,""2"":null,""3"":null}",995.0,117579.0,995.0,82701.0,995.0,82701.0,846.0651310018002,70312.72733978546,846.0651310018002,0.0,0.0,1057.7555713910842,83761.65111968585,0.0,1.5391669755134136,4.0,332.0,0.0,0.0,89.5000000003256,7350.100000009208,7.3500000000002785,207.600000000005,49.75000000018099,4135.0500000062775,0.0,0.0,0.0,0.0,0.0,0.0,9.950000000000045,827.0100000000015,497.5,41350.5,0.0,7.0,507.4499999999971,42177.509999999966,0.0,0.0,1057.7555713910842,83761.65111968585
118,2020-04-28,2020,True,100.3224043715847,995,995,1007,71158.79247078726,1013.983396726411,10128,40,0.0,0.8442523181402638,0.15254383640976188,0.1710613795495064,0.18155885901548416,0.3835078974615082,0.9698391959798995,0.1262745053382959,292083.6745164119,0,False,False,True,"{""0"":null,""1"":null,""2"":null,""3"":null}",995.0,118574.0,995.0,83696.0,995.0,83696.0,846.0651310018002,71158.79247078726,846.0651310018002,0.0,0.0,1013.983396726413,84775.63451641226,0.0,1.5391669755134136,4.0,336.0,0.0,0.0,89.5000000003256,7439.600000009534,0.0,207.600000000005,49.75000000018099,4184.8000000064585,0.0,0.0,0.0,0.0,0.0,0.0,9.950000000000045,836.9600000000015,497.5,41848.0,0.0,7.0,507.4499999999971,42684.95999999996,0.0,0.0,1013.983396726413,84775.63451641226
119,2020-04-29,2020,True,100.32513661202186,995,995,1007,72004.85760178906,951.0134306045632,10226,56,0.0,0.8392157829437117,0.15579670949556151,0.17122132130186013,0.18155576784862815,0.3835078974615082,0.9697839195979899,0.15129759897916703,292527.23794701643,0,False,False,True,"{""0"":null,""1"":null,""2"":null,""3"":null}",995.0,119569.0,995.0,84691.0,995.0,84691.0,846.0651310018002,72004.85760178906,846.0651310018002,0.0,0.0,951.0134306045657,85726.64794701683,0.0,1.5391669755134136,4.0,340.0,0.0,0.0,89.5000000003256,7529.100000009859,0.0,207.600000000005,49.75000000018099,4234.5500000066395,0.0,0.0,0.0,0.0,0.0,0.0,9.950000000000045,846.9100000000016,497.5,42345.5,0.0,7.0,507.4499999999971,43192.40999999996,0.0,0.0,951.0134306045657,85726.64794701683
120,2020-04-30,2020,True,100.32786885245902,995,995,1007,72850.92273279086,938.8305298192726,10344,46,0.17413996063021106,0.8281308606503852,0.15989769435932588,0.1711078386975345,0.18141017818300162,0.3835078974615082,0.9694321608040202,0.17447323652992705,292958.6184768357,0,False,False,True,"{""0"":null,""1"":null,""2"":null,""3"":null}",995.0,120564.0,995.0,85686.0,995.0,85686.0,846.0651310018002,72850.92273279086,846.0651310018002,0.0,0.0,938.8305298192718,86665.4784768361,0.17413996063021098,1.7133069361436246,4.0,344.0,0.0,0.0,89.5000000003256,7618.600000010185,3.0000000000001137,210.6000000000051,49.75000000018099,4284.3000000068205,0.0,0.0,0.0,0.0,0.0,0.0,9.950000000000045,856.8600000000016,497.5,42843.0,0.0,7.0,507.4499999999971,43699.85999999996,0.0,0.0,938.8305298192718,86665.4784768361
121,2020-05-01,2020,True,100.33060109289617,995,995,1007,73696.98786379266,877.1712849806967,10446,41,0.0,0.8161349418832441,0.2031043807908721,0.17108268049969239,0.18120164908325673,0.3835078974615082,0.9693216080402011,0.19582266566513085,293328.33976181643,0,False,False,True,"{""0"":null,""1"":null,""2"":null,""3"":null}",995.0,121559.0,995.0,86681.0,995.0,86681.0,846.0651310018002,73696.98786379266,846.0651310018002,0.0,0.0,877.1712849806936,87542.64976181679,0.0,1.7133069361436246,4.0,348.0,0.0,0.0,89.5000000003256,7708.1000000105105,3.0000000000001137,213.60000000000522,49.75000000018099,4334.0500000070015,0.0,0.0,0.0,0.0,0.0,0.0,9.950000000000045,866.8100000000017,497.5,43340.5,0.0,7.0,507.4499999999971,44207.309999999954,0.0,0.0,877.1712849806936,87542.64976181679
122,2020-05-02,2020,False,100.33333333333333,995,0,1007,73696.98786379266,0.0,9600,41,0.0,,,0.17067014242228404,0.18094809865022224,0.3835078974615082,0.9709748743718593,0.11961287654418103,293328.33976181643,0,False,False,True,"{""0"":null,""1"":null,""2"":null,""3"":null}",995.0,122554.0,0.0,86681.0,0.0,86681.0,0.0,73696.98786379266,0.0,0.0,0.0,0.0,87542.64976181679,0.0,1.7133069361436246,0.0,348.0,0.0,0.0,0.0,7708.1000000105105,0.0,213.60000000000522,0.0,4334.0500000070015,0.0,0.0,0.0,0.0,0.0,0.0,0.0,866.8100000000017,0.0,43340.5,0.0,7.0,0.0,44207.309999999954,0.0,0.0,0.0,87542.64976181679
123,2020-05-03,2020,False,100.3360655737705,995,0,1007,73696.98786379266,0.0,9600,41,0.0,,,0.17067014242228404,0.18094809865022227,0.3835078974615082,0.9709748743718593,0.07026870815465873,293328.33976181643,0,False,False,True,"{""0"":null,""1"":null,""2"":null,""3"":null}",995.0,123549.0,0.0,86681.0,0.0,86681.0,0.0,73696.98786379266,0.0,0.0,0.0,0.0,87542.64976181679,0.0,1.7133069361436246,0.0,348.0,0.0,0.0,0.0,7708.1000000105105,0.0,213.60000000000522,0.0,4334.0500000070015,0.0,0.0,0.0,0.0,0.0,0.0,0.0,866.8100000000017,0.0,43340.5,0.0,7.0,0.0,44207.309999999954,0.0,0.0,0.0,87542.64976181679
124,2020-05-04,2020,True,100.33879781420765,994,994,1007,74542.21784043315,1066.104625556042,10578,12,0.0,0.8431360793834867,0.16036391390438642,0.17084405148487714,0.18102967588764735,0.38370162252171736,0.9697635814889336,0.09914155597597457,293887.50438737246,0,False,False,True,"{""0"":null,""1"":null,""2"":null,""3"":null}",994.0,124543.0,994.0,87675.0,994.0,87675.0,845.2299766404903,74542.21784043315,845.2299766404903,0.0,0.0,1066.104625556036,88608.75438737283,0.0,1.7133069361436246,4.0,352.0,0.0,0.0,89.40000000032524,7797.500000010836,6.150000000000233,219.75000000000546,49.70000000018081,4383.750000007182,0.0,0.0,0.0,0.0,0.0,0.0,9.940000000000055,876.7500000000017,497.0,43837.5,0.0,7.0,506.9400000000023,44714.249999999956,0.0,0.0,1066.104625556036,88608.75438737283
125,2020-05-05,2020,True,100.3415300546448,992,992,1007,75385.88156753017,1044.1953375935466,10624,28,0.0,0.8527807193249949,0.14632054936665914,0.17081485184540812,0.18082789565882323,0.3836472553202913,0.9698286290322581,0.12637739305904344,294425.77972496604,0,False,False,True,"{""0"":null,""1"":null,""2"":null,""3"":null}",992.0,125535.0,992.0,88667.0,992.0,88667.0,843.6637270970241,75385.88156753017,843.6637270970241,0.0,0.0,1044.195337593541,89652.94972496637,0.0,1.7133069361436246,4.0,356.0,0.0,0.0,89.20000000032451,7886.70000001116,0.0,219.75000000000546,49.600000000180444,4433.350000007363,0.0,0.0,0.0,0.0,0.0,0.0,9.919999999999959,886.6700000000017,496.0,44333.5,0.0,7.0,505.91999999999825,45220.169999999955,0.0,0.0,1044.195337593541,89652.94972496637
126,2020-05-06,2020,True,100.34426229508196,993,993,1008,76230.3829466532,943.9821781349708,10726,44,0.0,0.8247749060759166,0.1687672522319624,0.17072659806703788,0.17979003196599555,0.3835814255949685,0.9691540785498489,0.15141452270892383,294862.331903101,0,False,False,True,"{""0"":null,""1"":null,""2"":null,""3"":null}",993.0,126528.0,993.0,89660.0,993.0,89660.0,844.5013791230303,76230.3829466532,844.5013791230303,0.0,0.0,943.9821781349747,90596.93190310134,0.0,1.7133069361436246,4.0,360.0,0.0,0.0,89.30000000032487,7976.000000011485,0.0,219.75000000000546,49.650000000180626,4483.000000007543,0.0,0.0,0.0,0.0,0.0,0.0,9.92999999999995,896.6000000000016,496.5,44830.0,1.0,8.0,506.4300000000003,45726.599999999955,0.0,0.0,943.9821781349747,90596.93190310134
127,2020-05-07,2020,True,100.34699453551913,992,992,1008,77074.06699112138,906.5108988188485,10828,45,0.0,0.8185483870967742,0.175,0.17026325739497394,0.17903333721884485,0.38333333333333336,0.9685332661290322,0.17473966770035962,295262.92280191986,0,False,False,True,"{""0"":null,""1"":null,""2"":null,""3"":null}",992.0,127520.0,992.0,90652.0,992.0,90652.0,843.6840444681729,77074.06699112138,843.6840444681729,0.0,0.0,906.510898818844,91503.44280192019,0.0,1.7133069361436246,4.0,364.0,0.0,0.0,89.20000000032451,8065.20000001181,1.8000000000000682,221.55000000000553,49.600000000180444,4532.600000007724,0.0,0.0,0.0,0.0,0.0,0.0,9.919999999999959,906.5200000000016,496.0,45326.0,0.0,8.0,505.91999999999825,46232.51999999995,0.0,0.0,906.510898818844,91503.44280192019
128,2020-05-08,2020,True,100.34972677595628,992,992,1008,77917.75103558955,879.212910986764,10918,51,0.0,0.8296370967741935,0.15913978494623654,0.17012259867929852,0.17903731559119598,0.38333333333333336,0.9676965725806452,0.19616707429304261,295636.2157129066,0,False,False,True,"{""0"":null,""1"":null,""2"":null,""3"":null}",992.0,128512.0,992.0,91644.0,992.0,91644.0,843.6840444681729,77917.75103558955,843.6840444681729,0.0,0.0,879.2129109867674,92382.65571290696,0.0,1.7133069361436246,4.0,368.0,0.0,0.0,89.20000000032451,8154.400000012134,2.400000000000091,223.95000000000562,49.600000000180444,4582.200000007904,0.0,0.0,0.0,0.0,0.0,0.0,9.919999999999959,916.4400000000015,496.0,45822.0,0.0,8.0,505.91999999999825,46738.43999999995,0.0,0.0,879.2129109867674,92382.65571290696
129,2020-05-09,2020,False,100.35245901639344,992,0,1008,77917.75103558955,0.0,10100,51,0.0,,,0.16999847241217794,0.17903305487518506,0.38333333333333336,0.9692137096774194,0.11997614168289569,295636.2157129066,0,False,False,True,"{""0"":null,""1"":null,""2"":null,""3"":null}",992.0,129504.0,0.0,91644.0,0.0,91644.0,0.0,77917.75103558955,0.0,0.0,0.0,0.0,92382.65571290696,0.0,1.7133069361436246,0.0,368.0,0.0,0.0,0.0,8154.400000012134,0.0,223.95000000000562,0.0,4582.200000007904,0.0,0.0,0.0,0.0,0.0,0.0,0.0,916.4400000000015,0.0,45822.0,0.0,8.0,0.0,46738.43999999995,0.0,0.0,0.0,92382.65571290696
130,2020-05-10,2020,False,100.35519125683061,992,0,1008,77917.75103558955,0.0,10100,51,0.0,,,0.16999847241217797,0.17903305487518503,0.38333333333333336,0.9692137096774194,0.07058748652233651,295636.2157129066,0,False,False,True,"{""0"":null,""1"":null,""2"":null,""3"":null}",992.0,130496.0,0.0,91644.0,0.0,91644.0,0.0,77917.75103558955,0.0,0.0,0.0,0.0,92382.65571290696,0.0,1.7133069361436246,0.0,368.0,0.0,0.0,0.0,8154.400000012134,0.0,223.95000000000562,0.0,4582.200000007904,0.0,0.0,0.0,0.0,0.0,0.0,0.0,916.4400000000015,0.0,45822.0,0.0,8.0,0.0,46738.43999999995,0.0,0.0,0.0,92382.65571290696
131,2020-05-11,2020,True,100.35792349726776,992,992,1008,78761.43508005772,1095.240255256729,11072,18,0.0,0.8528225806451613,0.14112903225806453,0.16999847241217794,0.17903305487518506,0.38333333333333336,0.967741935483871,0.09938746722897271,296225.53596816334,0,False,False,True,"{""0"":null,""1"":null,""2"":null,""3"":null}",992.0,131488.0,992.0,92636.0,992.0,92636.0,843.6840444681729,78761.43508005772,843.6840444681729,0.0,0.0,1095.2402552567219,93477.89596816368,0.0,1.7133069361436246,4.0,372.0,0.0,0.0,89.20000000032451,8243.600000012459,7.65000000000029,231.6000000000059,49.600000000180444,4631.800000008085,0.0,0.0,0.0,0.0,0.0,0.0,9.919999999999959,926.3600000000015,496.0,46318.0,0.0,8.0,505.91999999999825,47244.35999999995,0.0,0.0,1095.2402552567219,93477.89596816368
132,2020-05-12,2020,True,100.36065573770492,992,992,1008,79605.1191245259,1006.6260166743313,11129,40,0.0,0.8387096774193549,0.15887096774193551,0.16986661547064577,0.17834445015336697,0.38333333333333336,0.9683215725806452,0.12632675938245305,296726.2419848377,0,False,False,True,"{""0"":null,""1"":null,""2"":null,""3"":null}",992.0,132480.0,992.0,93628.0,992.0,93628.0,843.6840444681729,79605.1191245259,843.6840444681729,0.0,0.0,1006.6260166743305,94484.52198483801,0.0,1.7133069361436246,4.0,376.0,0.0,0.0,89.20000000032451,8332.800000012783,0.0,231.6000000000059,49.600000000180444,4681.400000008265,0.0,0.0,0.0,0.0,0.0,0.0,9.919999999999959,936.2800000000015,496.0,46814.0,0.0,8.0,505.91999999999825,47750.27999999995,0.0,0.0,1006.6260166743305,94484.52198483801
133,2020-05-13,2020,True,100.36338797814207,992,992,1008,80448.80316899407,977.7938088934455,11229,55,0.0,0.8306451612903226,0.178494623655914,0.169898698824915,0.17820500782005533,0.38333333333333336,0.9684879032258065,0.151317085100762,297198.1157937311,0,False,False,True,"{""0"":null,""1"":null,""2"":null,""3"":null}",992.0,133472.0,992.0,94620.0,992.0,94620.0,843.6840444681729,80448.80316899407,843.6840444681729,0.0,0.0,977.7938088934461,95462.31579373145,0.0,1.7133069361436246,4.0,380.0,0.0,0.0,89.20000000032451,8422.000000013108,0.0,231.6000000000059,49.600000000180444,4731.000000008446,0.0,0.0,0.0,0.0,0.0,0.0,9.919999999999959,946.2000000000014,496.0,47310.0,0.0,8.0,505.91999999999825,48256.199999999946,0.0,0.0,977.7938088934461,95462.31579373145
134,2020-05-14,2020,True,100.36612021857924,992,992,1008,81292.48721346224,945.0469801291068,11341,59,0.0,0.8377016129032259,0.15295698924731185,0.17014123334865638,0.17829283077008237,0.38333333333333336,0.9684022177419355,0.1745421026387009,297637.2427738602,0,False,False,True,"{""0"":null,""1"":null,""2"":null,""3"":null}",992.0,134464.0,992.0,95612.0,992.0,95612.0,843.6840444681729,81292.48721346224,843.6840444681729,0.0,0.0,945.0469801291038,96407.36277386056,0.0,1.7133069361436246,4.0,384.0,0.0,0.0,89.20000000032451,8511.200000013432,2.7000000000001023,234.300000000006,49.600000000180444,4780.600000008626,0.0,0.0,0.0,0.0,0.0,0.0,9.919999999999959,956.1200000000014,496.0,47806.0,0.0,8.0,505.91999999999825,48762.119999999944,0.0,0.0,945.0469801291038,96407.36277386056
135,2020-05-15,2020,True,100.3688524590164,992,992,1008,82136.17125793041,908.0494067902764,11451,43,0.0,0.814516129032258,0.175,0.1699677630455995,0.17800617358282503,0.38333333333333336,0.9684173387096774,0.1959736652836882,298039.37218065053,0,False,False,True,"{""0"":null,""1"":null,""2"":null,""3"":null}",992.0,135456.0,992.0,96604.0,992.0,96604.0,843.6840444681729,82136.17125793041,843.6840444681729,0.0,0.0,908.0494067902764,97315.41218065083,0.0,1.7133069361436246,4.0,388.0,0.0,0.0,89.20000000032451,8600.400000013757,3.300000000000125,237.60000000000613,49.600000000180444,4830.2000000088065,0.0,0.0,0.0,0.0,0.0,0.0,9.919999999999959,966.0400000000013,496.0,48302.0,0.0,8.0,505.91999999999825,49268.03999999994,0.0,0.0,908.0494067902764,97315.41218065083
136,2020-05-16,2020,False,100.37158469945355,992,0,1008,82136.17125793041,0.0,10600,43,0.0,,,0.1700554277863152,0.17809353521168625,0.38333333333333336,0.9700806451612903,0.11975451356046661,298039.37218065053,0,False,False,True,"{""0"":null,""1"":null,""2"":null,""3"":null}",992.0,136448.0,0.0,96604.0,0.0,96604.0,0.0,82136.17125793041,0.0,0.0,0.0,0.0,97315.41218065083,0.0,1.7133069361436246,0.0,388.0,0.0,0.0,0.0,8600.400000013757,0.0,237.60000000000613,0.0,4830.2000000088065,0.0,0.0,0.0,0.0,0.0,0.0,0.0,966.0400000000013,0.0,48302.0,0.0,8.0,0.0,49268.03999999994,0.0,0.0,0.0,97315.41218065083
137,2020-05-17,2020,False,100.3743169398907,992,0,1008,82136.17125793041,0.0,10600,43,0.0,,,0.1700554277863152,0.17809353521168622,0.38333333333333336,0.9700806451612903,0.07039786693216202,298039.37218065053,0,False,False,True,"{""0"":null,""1"":null,""2"":null,""3"":null}",992.0,137440.0,0.0,96604.0,0.0,96604.0,0.0,82136.17125793041,0.0,0.0,0.0,0.0,97315.41218065083,0.0,1.7133069361436246,0.0,388.0,0.0,0.0,0.0,8600.400000013757,0.0,237.60000000000613,0.0,4830.2000000088065,0.0,0.0,0.0,0.0,0.0,0.0,0.0,966.0400000000013,0.0,48302.0,0.0,8.0,0.0,49268.03999999994,0.0,0.0,0.0,97315.41218065083
138,2020-05-18,2020,True,100.37704918032787,992,992,1008,82979.85530239859,1070.546737772813,11556,18,0.0,0.8608870967741935,0.14731182795698927,0.1700554277863152,0.17809353521168622,0.38333333333333336,0.968366935483871,0.09928712899080004,298603.9989184234,0,False,False,True,"{""0"":null,""1"":null,""2"":null,""3"":null}",992.0,138432.0,992.0,97596.0,992.0,97596.0,843.6840444681729,82979.85530239859,843.6840444681729,0.0,0.0,1070.54673777282,98385.95891842365,0.0,1.7133069361436246,4.0,392.0,0.0,0.0,89.20000000032451,8689.600000014081,6.450000000000244,244.05000000000638,49.600000000180444,4879.800000008987,0.0,0.0,0.0,0.0,0.0,0.0,9.919999999999959,975.9600000000013,496.0,48798.0,0.0,8.0,505.91999999999825,49773.95999999994,0.0,0.0,1070.54673777282,98385.95891842365
139,2020-05-19,2020,True,100.37978142076503,991,991,1008,83822.76369143804,1024.6259829953017,11632,32,0.013762010716586193,0.856703833093901,0.13902922585310104,0.16994488732235177,0.17773509148604405,0.3833991630586562,0.968627648839556,0.12631307794935936,299123.2149014187,0,False,False,True,"{""0"":null,""1"":null,""2"":null,""3"":null}",991.0,139423.0,991.0,98587.0,991.0,98587.0,842.908389039454,83822.76369143804,842.908389039454,0.0,0.0,1024.625982995305,99410.58490141896,0.013762010716586115,1.7270689468602107,4.0,396.0,0.0,0.0,89.10000000032414,8778.700000014405,0.0,244.05000000000638,49.55000000018026,4929.350000009167,0.0,0.0,0.0,0.0,0.0,0.0,9.909999999999968,985.8700000000013,495.5,49293.5,0.0,8.0,505.4100000000035,50279.369999999944,0.0,0.0,1024.625982995305,99410.58490141896
140,2020-05-20,2020,True,100.38251366120218,991,991,1008,84665.6720804775,988.2018101924366,11734,43,0.18062755495054564,0.8557080122763485,0.13145802719660393,0.1697932884476372,0.1774396115979991,0.3833991630586562,0.9687436932391523,0.15138541695405003,299606.0067116112,0,False,False,True,"{""0"":null,""1"":null,""2"":null,""3"":null}",991.0,140414.0,991.0,99578.0,991.0,99578.0,842.908389039454,84665.6720804775,842.908389039454,0.0,0.0,988.2018101924332,100398.78671161139,0.1806275549505456,1.9076965018107563,4.0,400.0,0.0,0.0,89.10000000032414,8867.80000001473,0.0,244.05000000000638,49.55000000018026,4978.900000009347,0.0,0.0,0.0,0.0,0.0,0.0,9.909999999999968,995.7800000000012,495.5,49789.0,0.0,8.0,505.4100000000035,50784.77999999995,0.0,0.0,988.2018101924332,100398.78671161139
141,2020-05-21,2020,True,100.38524590163935,991,991,1008,85508.58046951695,946.5492266724087,11841,44,0.0,0.8244335248791955,0.1783091922655284,0.1698624952123864,0.17725530471308532,0.3833991630586562,0.9686932391523714,0.17464743309275646,300047.1459382836,0,False,False,True,"{""0"":null,""1"":null,""2"":null,""3"":null}",991.0,141405.0,991.0,100569.0,991.0,100569.0,842.908389039454,85508.58046951695,842.908389039454,0.0,0.0,946.5492266724032,101345.3359382838,0.0,1.9076965018107563,4.0,404.0,0.0,0.0,89.10000000032414,8956.900000015054,2.7000000000001023,246.75000000000648,49.55000000018026,5028.450000009528,0.0,0.0,0.0,0.0,0.0,0.0,9.909999999999968,1005.6900000000012,495.5,50284.5,0.0,8.0,505.4100000000035,51290.18999999995,0.0,0.0,946.5492266724032,101345.3359382838
142,2020-05-22,2020,True,100.3879781420765,990,990,1008,86350.51162992146,904.8617006600305,11927,47,0.0,0.8232499673501372,0.1797926433886129,0.16960502208025113,0.17711199937115568,0.38346499278397894,0.9682272727272727,0.196161103180466,300447.1076389436,0,False,False,True,"{""0"":null,""1"":null,""2"":null,""3"":null}",990.0,142395.0,990.0,101559.0,990.0,101559.0,841.931160404507,86350.51162992146,841.931160404507,0.0,0.0,904.8617006600252,102250.19763894382,0.0,1.9076965018107563,4.0,408.0,0.0,0.0,89.00000000032378,9045.900000015377,2.1000000000000796,248.85000000000656,49.50000000018008,5077.950000009708,0.0,0.0,0.0,0.0,0.0,0.0,9.899999999999977,1015.5900000000012,495.0,50779.5,0.0,8.0,504.90000000000146,51795.08999999995,0.0,0.0,904.8617006600252,102250.19763894382
143,2020-05-23,2020,False,100.39071038251366,990,0,1008,86350.51162992146,0.0,11100,47,0.0,,,0.16964438364157924,0.1769816670530649,0.38346499278397894,0.9696010101010101,0.11988330321989392,300447.1076389436,0,False,False,True,"{""0"":null,""1"":null,""2"":null,""3"":null}",990.0,143385.0,0.0,101559.0,0.0,101559.0,0.0,86350.51162992146,0.0,0.0,0.0,0.0,102250.19763894382,0.0,1.9076965018107563,0.0,408.0,0.0,0.0,0.0,9045.900000015377,0.0,248.85000000000656,0.0,5077.950000009708,0.0,0.0,0.0,0.0,0.0,0.0,0.0,1015.5900000000012,0.0,50779.5,0.0,8.0,0.0,51795.08999999995,0.0,0.0,0.0,102250.19763894382
144,2020-05-24,2020,False,100.39344262295081,990,0,1008,86350.51162992146,0.0,11100,47,0.0,,,0.16964438364157924,0.17698166705306492,0.38346499278397894,0.9696010101010101,0.07046082694845476,300447.1076389436,0,False,False,True,"{""0"":null,""1"":null,""2"":null,""3"":null}",990.0,144375.0,0.0,101559.0,0.0,101559.0,0.0,86350.51162992146,0.0,0.0,0.0,0.0,102250.19763894382,0.0,1.9076965018107563,0.0,408.0,0.0,0.0,0.0,9045.900000015377,0.0,248.85000000000656,0.0,5077.950000009708,0.0,0.0,0.0,0.0,0.0,0.0,0.0,1015.5900000000012,0.0,50779.5,0.0,8.0,0.0,51795.08999999995,0.0,0.0,0.0,102250.19763894382
145,2020-05-25,2020,True,100.39617486338798,990,990,1008,87192.44279032596,1096.8145648049658,12036,20,0.0,0.8465089134125636,0.1470395120472092,0.16964438364157924,0.17698166705306492,0.38346499278397894,0.9673484848484848,0.0994457399178358,301039.0222037485,0,False,False,True,"{""0"":null,""1"":null,""2"":null,""3"":null}",990.0,145365.0,990.0,102549.0,990.0,102549.0,841.931160404507,87192.44279032596,841.931160404507,0.0,0.0,1096.8145648049685,103347.01220374879,0.0,1.9076965018107563,4.0,412.0,0.0,0.0,89.00000000032378,9134.900000015701,7.050000000000267,255.90000000000683,49.50000000018008,5127.450000009888,0.0,0.0,0.0,0.0,0.0,0.0,9.899999999999977,1025.4900000000011,495.0,51274.5,0.0,8.0,504.90000000000146,52299.989999999954,0.0,0.0,1096.8145648049685,103347.01220374879
146,2020-05-26,2020,True,100.39890710382514,989,989,1008,88033.51165590408,1034.7315086140666,12136,30,0.0,0.8524213589563087,0.1495046352777009,0.16956685240466263,0.1767916148899891,0.38345439458923236,0.9678008088978766,0.12643308756984883,301569.3637123626,0,False,False,True,"{""0"":null,""1"":null,""2"":null,""3"":null}",989.0,146354.0,989.0,103538.0,989.0,103538.0,841.0688655781123,88033.51165590408,841.0688655781123,0.0,0.0,1034.7315086140734,104381.74371236286,0.0,1.9076965018107563,4.0,416.0,0.0,0.0,88.90000000032342,9223.800000016025,0.0,255.90000000000683,49.4500000001799,5176.900000010068,0.0,0.0,0.0,0.0,0.0,0.0,9.8900000000001,1035.3800000000012,494.5,51769.0,0.0,8.0,504.3899999999994,52804.379999999954,0.0,0.0,1034.7315086140734,104381.74371236286
147,2020-05-27,2020,True,100.40163934426229,990,990,1010,88875.32670368749,968.5117633501717,12222,50,0.0,0.8263014686598479,0.1721803412809724,0.16955338598383368,0.17522785553495818,0.38338856486390954,0.967449494949495,0.151279522407097,302030.97547571274,0,False,False,True,"{""0"":null,""1"":null,""2"":null,""3"":null}",990.0,147344.0,990.0,104528.0,990.0,104528.0,841.8150477834133,88875.32670368749,841.8150477834133,0.0,0.0,968.511763350165,105350.25547571303,0.0,1.9076965018107563,4.0,420.0,0.0,0.0,89.00000000032378,9312.800000016348,0.0,255.90000000000683,49.50000000018008,5226.400000010248,0.0,0.0,0.0,0.0,0.0,0.0,9.900000000000091,1045.2800000000013,495.0,52264.0,2.0,10.0,504.90000000000146,53309.279999999955,0.0,0.0,968.511763350165,105350.25547571303
148,2020-05-28,2020,True,100.40437158469945,990,990,1010,89717.1417514709,949.461115290437,12340,51,0.0,0.81316384736428,0.19237961664329123,0.1695988360618269,0.17511165463460468,0.38338856486390954,0.9676969696969697,0.17450678419027238,302475.5365910031,0,False,False,True,"{""0"":null,""1"":null,""2"":null,""3"":null}",990.0,148334.0,990.0,105518.0,990.0,105518.0,841.8150477834133,89717.1417514709,841.8150477834133,0.0,0.0,949.4611152904399,106299.71659100347,0.0,1.9076965018107563,4.0,424.0,0.0,0.0,89.00000000032378,9401.800000016672,2.9999999999995737,258.9000000000064,49.50000000018008,5275.900000010428,0.0,0.0,0.0,0.0,0.0,0.0,9.900000000000091,1055.1800000000014,495.0,52759.0,0.0,10.0,504.90000000000146,53814.17999999996,0.0,0.0,949.4611152904399,106299.71659100347
149,2020-05-29,2020,True,100.40710382513662,990,990,1010,90558.95679925432,907.0902845822415,12445,54,0.06810436143499927,0.8131802386572253,0.18863662926601216,0.1693575255540454,0.17488282622895143,0.38338856486390954,0.9679646464646464,0.1960202557435283,302877.72687558533,0,False,False,True,"{""0"":null,""1"":null,""2"":null,""3"":null}",990.0,149324.0,990.0,106508.0,990.0,106508.0,841.8150477834133,90558.95679925432,841.8150477834133,0.0,0.0,907.090284582242,107206.80687558571,0.0681043614349992,1.9758008632457555,4.0,428.0,0.0,0.0,89.00000000032378,9490.800000016996,1.4999999999997726,260.4000000000062,49.50000000018008,5325.400000010608,0.0,0.0,0.0,0.0,0.0,0.0,9.900000000000091,1065.0800000000015,495.0,53254.0,0.0,10.0,504.90000000000146,54319.07999999996,0.0,0.0,907.090284582242,107206.80687558571
150,2020-05-30,2020,False,100.40983606557377,990,0,1010,90558.95679925432,0.0,11600,54,0.0,,,0.16937010580991865,0.17470600733072603,0.38338856486390954,0.9692525252525251,0.11991282331615391,302877.72687558533,0,False,False,True,"{""0"":null,""1"":null,""2"":null,""3"":null}",990.0,150314.0,0.0,106508.0,0.0,106508.0,0.0,90558.95679925432,0.0,0.0,0.0,0.0,107206.80687558571,0.0,1.9758008632457555,0.0,428.0,0.0,0.0,0.0,9490.800000016996,0.0,260.4000000000062,0.0,5325.400000010608,0.0,0.0,0.0,0.0,0.0,0.0,0.0,1065.0800000000015,0.0,53254.0,0.0,10.0,0.0,54319.07999999996,0.0,0.0,0.0,107206.80687558571
151,2020-05-31,2020,False,100.41256830601093,990,0,1010,90558.95679925432,0.0,11600,54,0.0,,,0.16937010580991868,0.17470600733072603,0.38338856486390954,0.9692525252525251,0.07064029783068686,302877.72687558533,0,False,False,True,"{""0"":null,""1"":null,""2"":null,""3"":null}",990.0,151304.0,0.0,106508.0,0.0,106508.0,0.0,90558.95679925432,0.0,0.0,0.0,0.0,107206.80687558571,0.0,1.9758008632457555,0.0,428.0,0.0,0.0,0.0,9490.800000016996,0.0,260.4000000000062,0.0,5325.400000010608,0.0,0.0,0.0,0.0,0.0,0.0,0.0,1065.0800000000015,0.0,53254.0,0.0,10.0,0.0,54319.07999999996,0.0,0.0,0.0,107206.80687558571
152,2020-06-01,2020,True,100.4153005464481,991,991,1011,91401.58326351328,1084.0815280345832,12575,15,0.0,0.8527059654827018,0.1387265028178541,0.16946504637632553,0.17417923806830263,0.3836366571255447,0.9676337033299697,0.09962557745718928,303455.39840361994,0,False,False,True,"{""0"":null,""1"":null,""2"":null,""3"":null}",991.0,152295.0,991.0,107499.0,991.0,107499.0,842.6264642589667,91401.58326351328,842.6264642589667,0.0,0.0,1084.081528034585,108290.8884036203,0.0,1.9758008632457555,4.0,432.0,0.0,0.0,89.10000000032414,9579.90000001732,8.099999999998772,268.50000000000495,49.55000000018026,5374.950000010788,0.0,0.0,0.0,0.0,0.0,0.0,9.910000000000082,1074.9900000000016,495.5,53749.5,1.0,11.0,505.4100000000035,54824.48999999996,0.0,0.0,1084.081528034585,108290.8884036203
153,2020-06-02,2020,True,100.41803278688525,991,991,1011,92244.20972777225,1029.533409753064,12609,34,0.0,0.8527224555183757,0.13897666802751218,0.1694789038720782,0.17419843703645566,0.3836366571255447,0.9674318869828457,0.12658049777560818,303979.521813373,0,False,False,True,"{""0"":null,""1"":null,""2"":null,""3"":null}",991.0,153286.0,991.0,108490.0,991.0,108490.0,842.6264642589667,92244.20972777225,842.6264642589667,0.0,0.0,1029.5334097530576,109320.42181337335,0.0,1.9758008632457555,4.0,436.0,0.0,0.0,89.10000000032414,9669.000000017644,0.0,268.50000000000495,49.55000000018026,5424.5000000109685,0.0,0.0,0.0,0.0,0.0,0.0,9.910000000000082,1084.9000000000017,495.5,54245.0,0.0,11.0,505.4100000000035,55329.899999999965,0.0,0.0,1029.5334097530576,109320.42181337335
154,2020-06-03,2020,True,100.4207650273224,991,991,1011,93086.83619203122,990.1813849214393,12727,56,0.0,0.8415275974077269,0.15146744089235314,0.16936216852171387,0.17381286613182328,0.3836366571255447,0.9670635721493441,0.15165547265216947,304464.2931982945,0,False,False,True,"{""0"":null,""1"":null,""2"":null,""3"":null}",991.0,154277.0,991.0,109481.0,991.0,109481.0,842.6264642589667,93086.83619203122,842.6264642589667,0.0,0.0,990.1813849214377,110310.60319829479,0.0,1.9758008632457555,4.0,440.0,0.0,0.0,89.10000000032414,9758.100000017968,0.0,268.50000000000495,49.55000000018026,5474.050000011149,0.0,0.0,0.0,0.0,0.0,0.0,9.910000000000082,1094.8100000000018,495.5,54740.5,0.0,11.0,505.4100000000035,55835.30999999997,0.0,0.0,990.1813849214377,110310.60319829479
155,2020-06-04,2020,True,100.42349726775956,991,991,1011,93929.46265629018,951.0726811532502,12846,57,0.0,0.8455307263673103,0.14773422360750604,0.169300617260237,0.173763012953728,0.3836366571255447,0.9672048435923309,0.174825352515246,304909.95587944775,0,False,False,True,"{""0"":null,""1"":null,""2"":null,""3"":null}",991.0,155268.0,991.0,110472.0,991.0,110472.0,842.6264642589667,93929.46265629018,842.6264642589667,0.0,0.0,951.0726811532513,111261.67587944804,0.0,1.9758008632457555,4.0,444.0,0.0,0.0,89.10000000032414,9847.200000018292,2.249999999999659,270.7500000000046,49.55000000018026,5523.600000011329,0.0,0.0,0.0,0.0,0.0,0.0,9.910000000000082,1104.7200000000018,495.5,55236.0,0.0,11.0,505.4100000000035,56340.71999999997,0.0,0.0,951.0726811532513,111261.67587944804
156,2020-06-05,2020,True,100.42622950819673,991,991,1011,94772.08912054915,898.9300945572427,12933,63,0.0,0.796118581327671,0.20057880500690717,0.16916336978293217,0.17349973651221656,0.3836366571255447,0.9669525731584259,0.1962433929006892,305303.475974005,0,False,False,True,"{""0"":null,""1"":null,""2"":null,""3"":null}",991.0,156259.0,991.0,111463.0,991.0,111463.0,842.6264642589667,94772.08912054915,842.6264642589667,0.0,0.0,898.9300945572468,112160.60597400529,0.0,1.9758008632457555,4.0,448.0,0.0,0.0,89.10000000032414,9936.300000018617,2.849999999999568,273.6000000000042,49.55000000018026,5573.150000011509,0.0,0.0,0.0,0.0,0.0,0.0,9.910000000000082,1114.630000000002,495.5,55731.5,0.0,11.0,505.4100000000035,56846.129999999976,0.0,0.0,898.9300945572468,112160.60597400529
157,2020-06-06,2020,False,100.42896174863388,991,0,1011,94772.08912054915,0.0,12100,63,0.0,,,0.16897353339868199,0.17330849367028106,0.3836366571255447,0.9682542885973764,0.12024137745793932,305303.475974005,0,False,False,True,"{""0"":null,""1"":null,""2"":null,""3"":null}",991.0,157250.0,0.0,111463.0,0.0,111463.0,0.0,94772.08912054915,0.0,0.0,0.0,0.0,112160.60597400529,0.0,1.9758008632457555,0.0,448.0,0.0,0.0,0.0,9936.300000018617,0.0,273.6000000000042,0.0,5573.150000011509,0.0,0.0,0.0,0.0,0.0,0.0,0.0,1114.630000000002,0.0,55731.5,0.0,11.0,0.0,56846.129999999976,0.0,0.0,0.0,112160.60597400529
158,2020-06-07,2020,False,100.43169398907104,992,0,1012,94772.08912054915,0.0,12100,63,0.0,,,0.16866081990959841,0.1723468979138786,0.38344293206533553,0.967983870967742,0.07086540436150453,305302.475974005,0,False,False,True,"{""0"":null,""1"":null,""2"":null,""3"":null}",992.0,158242.0,0.0,111463.0,0.0,111463.0,0.0,94772.08912054915,0.0,0.0,0.0,0.0,112160.60597400529,0.0,1.9758008632457555,0.0,448.0,0.0,0.0,0.0,9936.300000018617,0.0,273.6000000000042,0.0,5573.150000011509,0.0,0.0,0.0,0.0,0.0,0.0,0.0,1114.630000000002,0.0,55731.5,1.0,12.0,0.0,56846.129999999976,0.0,0.0,0.0,112160.60597400529
159,2020-06-08,2020,True,100.43442622950819,992,992,1012,95615.55888055089,1086.1697135876382,13091,7,0.0,0.8648178599527931,0.12526187958289267,0.16866081990959841,0.1723468979138786,0.38344293206533553,0.9667893145161289,0.09985804188912357,305882.72568759264,0,False,False,True,"{""0"":null,""1"":null,""2"":null,""3"":null}",992.0,159234.0,992.0,112455.0,992.0,112455.0,843.4697600017389,95615.55888055089,843.4697600017389,0.0,0.0,1086.1697135876311,113246.77568759292,0.0,1.9758008632457555,4.0,452.0,0.0,0.0,89.20000000032451,10025.500000018941,9.449999999998568,283.05000000000274,49.600000000180444,5622.75000001169,0.0,0.0,0.0,0.0,0.0,0.0,9.920000000000073,1124.550000000002,496.0,56227.5,0.0,12.0,505.91999999999825,57352.049999999974,0.0,0.0,1086.1697135876311,113246.77568759292
160,2020-06-09,2020,True,100.43715846994536,991,991,1012,96458.28085920596,1079.2187632635307,13121,19,0.0,0.858671099880974,0.1416194527845669,0.16882255871775015,0.1724992914605665,0.38350876179065835,0.9668668012108981,0.12692795441790614,306456.5344508562,0,False,False,True,"{""0"":null,""1"":null,""2"":null,""3"":null}",991.0,160225.0,991.0,113446.0,991.0,113446.0,842.7219786550704,96458.28085920596,842.7219786550704,0.0,0.0,1079.2187632635323,114325.99445085645,0.0,1.9758008632457555,4.0,456.0,0.0,0.0,89.10000000032414,10114.600000019265,0.0,283.05000000000274,49.55000000018026,5672.30000001187,0.0,0.0,0.0,0.0,0.0,0.0,9.910000000000082,1134.460000000002,495.5,56723.0,0.0,12.0,505.4100000000035,57857.45999999998,0.0,0.0,1079.2187632635323,114325.99445085645
161,2020-06-10,2020,True,100.43989071038251,991,991,1012,97301.00283786103,1002.3019898085854,13224,36,0.0,0.8365780451173325,0.1486476119758343,0.16875437383556013,0.17228536221256252,0.38350876179065835,0.9664984863773965,0.15206500925928682,306953.4264406648,0,False,False,True,"{""0"":null,""1"":null,""2"":null,""3"":null}",991.0,161216.0,991.0,114437.0,991.0,114437.0,842.7219786550704,97301.00283786103,842.7219786550704,0.0,0.0,1002.3019898085913,115328.29644066504,0.0,1.9758008632457555,4.0,460.0,0.0,0.0,89.10000000032414,10203.70000001959,0.0,283.05000000000274,49.55000000018026,5721.85000001205,0.0,0.0,0.0,0.0,0.0,0.0,9.910000000000082,1144.3700000000022,495.5,57218.5,0.0,12.0,505.4100000000035,58362.86999999998,0.0,0.0,1002.3019898085913,115328.29644066504
162,2020-06-11,2020,True,100.44262295081967,991,991,1012,98143.7248165161,956.9788329841468,13344,43,0.03507377615029089,0.8103064935533775,0.18395805020405642,0.1687473674451372,0.172267754726004,0.38350876179065835,0.9666851664984863,0.17523584300636785,307404.995273649,0,False,False,True,"{""0"":null,""1"":null,""2"":null,""3"":null}",991.0,162207.0,991.0,115428.0,991.0,115428.0,842.7219786550704,98143.7248165161,842.7219786550704,0.0,0.0,956.978832984154,116285.2752736492,0.03507377615029106,2.0108746393960466,4.0,464.0,0.0,0.0,89.10000000032414,10292.800000019914,1.0499999999998408,284.1000000000026,49.55000000018026,5771.4000000122305,0.0,0.0,0.0,0.0,0.0,0.0,9.910000000000082,1154.2800000000022,495.5,57714.0,0.0,12.0,505.4100000000035,58868.279999999984,0.0,0.0,956.978832984154,116285.2752736492
163,2020-06-12,2020,True,100.44535519125684,991,991,1012,98986.44679517117,920.8215071731122,13449,40,0.06225752032692872,0.8174481629010492,0.1787311219988107,0.16842764144391476,0.171906693631321,0.38350876179065835,0.9668062563067609,0.1967016510278446,307820.40678082214,0,False,False,True,"{""0"":null,""1"":null,""2"":null,""3"":null}",991.0,163198.0,991.0,116419.0,991.0,116419.0,842.7219786550704,98986.44679517117,842.7219786550704,0.0,0.0,920.8215071731101,117206.0967808223,0.062257520326928883,2.0731321597229755,4.0,468.0,0.0,0.0,89.10000000032414,10381.900000020238,1.7999999999997272,285.9000000000023,49.55000000018026,5820.950000012411,0.0,0.0,0.0,0.0,0.0,0.0,9.910000000000082,1164.1900000000023,495.5,58209.5,0.0,12.0,505.4100000000035,59373.68999999999,0.0,0.0,920.8215071731101,117206.0967808223
164,2020-06-13,2020,False,100.44808743169399,991,0,1012,98986.44679517117,0.0,12600,40,0.0,,,0.16877575643036047,0.17202574565781192,0.38350876179065835,0.9681382441977799,0.1205960345121894,307820.40678082214,0,False,False,True,"{""0"":null,""1"":null,""2"":null,""3"":null}",991.0,164189.0,0.0,116419.0,0.0,116419.0,0.0,98986.44679517117,0.0,0.0,0.0,0.0,117206.0967808223,0.0,2.0731321597229755,0.0,468.0,0.0,0.0,0.0,10381.900000020238,0.0,285.9000000000023,0.0,5820.950000012411,0.0,0.0,0.0,0.0,0.0,0.0,0.0,1164.1900000000023,0.0,58209.5,0.0,12.0,0.0,59373.68999999999,0.0,0.0,0.0,117206.0967808223
165,2020-06-14,2020,False,100.45081967213115,991,0,1012,98986.44679517117,0.0,12600,40,0.0,,,0.16877575643036047,0.17202574565781192,0.38350876179065835,0.9681382441977799,0.0712443577389131,307820.40678082214,0,False,False,True,"{""0"":null,""1"":null,""2"":null,""3"":null}",991.0,165180.0,0.0,116419.0,0.0,116419.0,0.0,98986.44679517117,0.0,0.0,0.0,0.0,117206.0967808223,0.0,2.0731321597229755,0.0,468.0,0.0,0.0,0.0,10381.900000020238,0.0,285.9000000000023,0.0,5820.950000012411,0.0,0.0,0.0,0.0,0.0,0.0,0.0,1164.1900000000023,0.0,58209.5,0.0,12.0,0.0,59373.68999999999,0.0,0.0,0.0,117206.0967808223
166,2020-06-15,2020,True,100.4535519125683,991,991,1012,99829.16877382624,1088.1967428636488,13566,13,0.0,0.8256189285854594,0.16789844788254513,0.16877575643036047,0.17202574565781192,0.38350876179065835,0.9667709384460141,0.10018080194236678,308403.1935236858,0,False,False,True,"{""0"":null,""1"":null,""2"":null,""3"":null}",991.0,166171.0,991.0,117410.0,991.0,117410.0,842.7219786550704,99829.16877382624,842.7219786550704,0.0,0.0,1088.1967428636417,118294.29352368595,0.0,2.0731321597229755,4.0,472.0,0.0,0.0,89.10000000032414,10471.000000020562,5.9999999999990905,291.9000000000014,49.55000000018026,5870.500000012591,0.0,0.0,0.0,0.0,0.0,0.0,9.910000000000082,1174.1000000000024,495.5,58705.0,0.0,12.0,505.4100000000035,59879.09999999999,0.0,0.0,1088.1967428636417,118294.29352368595
167,2020-06-16,2020,True,100.45628415300547,991,991,1012,100671.89075248131,1055.6265171458776,13612,31,0.2739198360600098,0.839512810160425,0.15081460332822633,0.1686963444198093,0.17186955406623836,0.38350876179065835,0.9663874873864783,0.1271635777587552,308953.4100408317,0,False,False,True,"{""0"":null,""1"":null,""2"":null,""3"":null}",991.0,167162.0,991.0,118401.0,991.0,118401.0,842.7219786550704,100671.89075248131,842.7219786550704,0.0,0.0,1055.62651714588,119349.92004083183,0.2739198360600099,2.3470519957829854,4.0,476.0,0.0,0.0,89.10000000032414,10560.100000020886,0.0,291.9000000000014,49.55000000018026,5920.050000012771,0.0,0.0,0.0,0.0,0.0,0.0,9.910000000000082,1184.0100000000025,495.5,59200.5,0.0,12.0,505.4100000000035,60384.509999999995,0.0,0.0,1055.62651714588,119349.92004083183
168,2020-06-17,2020,True,100.45901639344262,991,991,1012,101514.61273113638,1001.7404324910856,13717,43,0.0,0.8173470468066311,0.17538581759101607,0.16874113018186612,0.17161948564412266,0.38350876179065835,0.9656811301715439,0.15226680469554996,309449.7404733228,0,False,False,True,"{""0"":null,""1"":null,""2"":null,""3"":null}",991.0,168153.0,991.0,119392.0,991.0,119392.0,842.7219786550704,101514.61273113638,842.7219786550704,0.0,0.0,1001.7404324910895,120351.66047332292,0.0,2.3470519957829854,4.0,480.0,0.0,0.0,89.10000000032414,10649.20000002121,0.0,291.9000000000014,49.55000000018026,5969.600000012952,0.0,0.0,0.0,0.0,0.0,0.0,9.910000000000082,1193.9200000000026,495.5,59696.0,0.0,12.0,505.4100000000035,60889.92,0.0,0.0,1001.7404324910895,120351.66047332292
169,2020-06-18,2020,True,100.46174863387978,991,991,1012,102357.33470979145,977.8152382390394,13842,48,0.0,0.8233837115408505,0.18993474949531786,0.16870528375142776,0.17163161279783673,0.38350876179065835,0.9656609485368315,0.1754733740883772,309922.14571156184,0,False,False,True,"{""0"":null,""1"":null,""2"":null,""3"":null}",991.0,169144.0,991.0,120383.0,991.0,120383.0,842.7219786550704,102357.33470979145,842.7219786550704,0.0,0.0,977.8152382390399,121329.47571156196,0.0,2.3470519957829854,4.0,484.0,0.0,0.0,89.10000000032414,10738.300000021534,1.9499999999997044,293.8500000000011,49.55000000018026,6019.150000013132,0.0,0.0,0.0,0.0,0.0,0.0,9.910000000000082,1203.8300000000027,495.5,60191.5,0.0,12.0,505.4100000000035,61395.33,0.0,0.0,977.8152382390399,121329.47571156196
170,2020-06-19,2020,True,100.46448087431693,992,992,1013,103200.94507547318,910.8412885032152,13939,46,0.0,0.7953582016455532,0.21949968262188624,0.1686214011823893,0.17070343305766383,0.383519359985405,0.9652620967741935,0.19687096599088583,310326.06700006506,0,False,False,True,"{""0"":null,""1"":null,""2"":null,""3"":null}",992.0,170136.0,992.0,121375.0,992.0,121375.0,843.6103656817286,103200.94507547318,843.6103656817286,0.0,0.0,910.8412885032158,122240.31700006517,0.0,2.3470519957829854,4.0,488.0,0.0,0.0,89.20000000032451,10827.500000021859,2.6999999999995907,296.5500000000007,49.600000000180444,6068.750000013312,0.0,0.0,0.0,0.0,0.0,0.0,9.920000000000073,1213.7500000000027,496.0,60687.5,1.0,13.0,505.91999999999825,61901.25,0.0,0.0,910.8412885032158,122240.31700006517
171,2020-06-20,2020,False,100.4672131147541,991,0,1013,103200.94507547318,0.0,13100,46,0.0,,,0.1688645288956104,0.17086520789683216,0.38371308504561413,0.9665842583249243,0.12083206802825978,310326.06700006506,0,False,False,True,"{""0"":null,""1"":null,""2"":null,""3"":null}",991.0,171127.0,0.0,121375.0,0.0,121375.0,0.0,103200.94507547318,0.0,0.0,0.0,0.0,122240.31700006517,0.0,2.3470519957829854,0.0,488.0,0.0,0.0,0.0,10827.500000021859,0.0,296.5500000000007,0.0,6068.750000013312,0.0,0.0,0.0,0.0,0.0,0.0,0.0,1213.7500000000027,0.0,60687.5,0.0,13.0,0.0,61901.25,0.0,0.0,0.0,122240.31700006517
172,2020-06-21,2020,False,100.46994535519126,991,0,1013,103200.94507547318,0.0,13100,46,0.0,,,0.1688645288956104,0.17086520789683216,0.38371308504561413,0.9665842583249243,0.07141266495996482,310326.06700006506,0,False,False,True,"{""0"":null,""1"":null,""2"":null,""3"":null}",991.0,172118.0,0.0,121375.0,0.0,121375.0,0.0,103200.94507547318,0.0,0.0,0.0,0.0,122240.31700006517,0.0,2.3470519957829854,0.0,488.0,0.0,0.0,0.0,10827.500000021859,0.0,296.5500000000007,0.0,6068.750000013312,0.0,0.0,0.0,0.0,0.0,0.0,0.0,1213.7500000000027,0.0,60687.5,0.0,13.0,0.0,61901.25,0.0,0.0,0.0,122240.31700006517
173,2020-06-22,2020,True,100.47267759562841,991,991,1013,104043.7117771261,1118.7649053507926,14070,12,0.0,0.853690703128565,0.1413897578447353,0.1688645288956104,0.17086520789683216,0.38371308504561413,0.9652169525731584,0.10037721355533986,310939.4219054159,0,False,False,True,"{""0"":null,""1"":null,""2"":null,""3"":null}",991.0,173109.0,991.0,122366.0,991.0,122366.0,842.7667016529158,104043.7117771261,842.7667016529158,0.0,0.0,1118.764905350792,123359.08190541597,0.0,2.3470519957829854,4.0,492.0,0.0,0.0,89.10000000032414,10916.600000022183,6.899999999998954,303.44999999999965,49.55000000018026,6118.3000000134925,0.0,0.0,0.0,0.0,0.0,0.0,9.910000000000082,1223.6600000000028,495.5,61183.0,0.0,13.0,505.4100000000035,62406.66,0.0,0.0,1118.764905350792,123359.08190541597
174,2020-06-23,2020,True,100.47540983606558,991,991,1013,104886.47847877901,1040.0613838484126,14123,30,0.0,0.8234280992325053,0.1662367430316447,0.16886241847987027,0.17083997161141376,0.38371308504561413,0.9654793138244198,0.12731924714120374,311474.07328926434,0,False,False,True,"{""0"":null,""1"":null,""2"":null,""3"":null}",991.0,174100.0,991.0,123357.0,991.0,123357.0,842.7667016529158,104886.47847877901,842.7667016529158,0.0,0.0,1040.0613838484132,124399.14328926438,0.0,2.3470519957829854,4.0,496.0,0.0,0.0,89.10000000032414,11005.700000022507,0.0,303.44999999999965,49.55000000018026,6167.850000013673,0.0,0.0,0.0,0.0,0.0,0.0,9.910000000000082,1233.570000000003,495.5,61678.5,0.0,13.0,505.4100000000035,62912.07000000001,0.0,0.0,1040.0613838484132,124399.14328926438
175,2020-06-24,2020,True,100.47814207650273,991,991,1013,105729.24518043193,1008.1163157145047,14215,50,0.00477705790540025,0.8446099272366991,0.13605299810999755,0.1686601939068007,0.17067353886685466,0.38371308504561413,0.9651564076690212,0.15234164926896007,311976.77960497886,0,False,False,True,"{""0"":null,""1"":null,""2"":null,""3"":null}",991.0,175091.0,991.0,124348.0,991.0,124348.0,842.7667016529158,105729.24518043193,842.7667016529158,0.0,0.0,1008.1163157145056,125407.25960497888,0.004777057905400284,2.3518290536883857,4.0,500.0,0.0,0.0,89.10000000032414,11094.800000022831,0.0,303.44999999999965,49.55000000018026,6217.400000013853,0.0,0.0,0.0,0.0,0.0,0.0,9.910000000000082,1243.480000000003,495.5,62174.0,0.0,13.0,505.4100000000035,63417.48000000001,0.0,0.0,1008.1163157145056,125407.25960497888
176,2020-06-25,2020,True,100.48087431693989,991,991,1013,106572.01188208484,967.7954524011867,14331,57,0.2727036660715414,0.8223469003347856,0.1733437011764294,0.16866818503538308,0.17047496628149691,0.38371308504561413,0.9649142280524723,0.17545425504512313,312439.16505738004,0,False,False,True,"{""0"":null,""1"":null,""2"":null,""3"":null}",991.0,176082.0,991.0,125339.0,991.0,125339.0,842.7667016529158,106572.01188208484,842.7667016529158,0.0,0.0,967.7954524011875,126375.05505738007,0.2727036660715414,2.624532719759927,4.0,504.0,0.0,0.0,89.10000000032414,11183.900000023155,1.7999999999997272,305.2499999999994,49.55000000018026,6266.950000014033,0.0,0.0,0.0,0.0,0.0,0.0,9.910000000000082,1253.390000000003,495.5,62669.5,0.0,13.0,505.4100000000035,63922.890000000014,0.0,0.0,967.7954524011875,126375.05505738007
177,2020-06-26,2020,True,100.48360655737704,991,991,1013,107414.77858373776,915.1686106727001,14447,54,0.0,0.8153593051846934,0.17948642523569538,0.16861562119307877,0.17056329574589274,0.38371308504561413,0.9651765893037336,0.1968269547079403,312848.92366805277,0,False,False,True,"{""0"":null,""1"":null,""2"":null,""3"":null}",991.0,177073.0,991.0,126330.0,991.0,126330.0,842.7667016529158,107414.77858373776,842.7667016529158,0.0,0.0,915.1686106726993,127290.22366805277,0.0,2.624532719759927,4.0,508.0,0.0,0.0,89.10000000032414,11273.00000002348,2.6999999999995907,307.94999999999897,49.55000000018026,6316.500000014214,0.0,0.0,0.0,0.0,0.0,0.0,9.910000000000082,1263.3000000000031,495.5,63165.0,0.0,13.0,505.4100000000035,64428.30000000002,0.0,0.0,915.1686106726993,127290.22366805277
178,2020-06-27,2020,False,100.48633879781421,991,0,1013,107414.77858373776,0.0,13600,54,0.0,,,0.16878477564853028,0.17047301391079112,0.38371308504561413,0.9666296670030272,0.12077312262432721,312848.92366805277,0,False,False,True,"{""0"":null,""1"":null,""2"":null,""3"":null}",991.0,178064.0,0.0,126330.0,0.0,126330.0,0.0,107414.77858373776,0.0,0.0,0.0,0.0,127290.22366805277,0.0,2.624532719759927,0.0,508.0,0.0,0.0,0.0,11273.00000002348,0.0,307.94999999999897,0.0,6316.500000014214,0.0,0.0,0.0,0.0,0.0,0.0,0.0,1263.3000000000031,0.0,63165.0,0.0,13.0,0.0,64428.30000000002,0.0,0.0,0.0,127290.22366805277
179,2020-06-28,2020,False,100.48907103825137,992,0,1014,107414.77858373776,0.0,13600,54,0.0,,,0.1687616075363993,0.16960460918916467,0.3836472553202913,0.9663608870967741,0.07135459414312761,312847.92366805277,0,False,False,True,"{""0"":null,""1"":null,""2"":null,""3"":null}",992.0,179056.0,0.0,126330.0,0.0,126330.0,0.0,107414.77858373776,0.0,0.0,0.0,0.0,127290.22366805277,0.0,2.624532719759927,0.0,508.0,0.0,0.0,0.0,11273.00000002348,0.0,307.94999999999897,0.0,6316.500000014214,0.0,0.0,0.0,0.0,0.0,0.0,0.0,1263.3000000000031,0.0,63165.0,1.0,14.0,0.0,64428.30000000002,0.0,0.0,0.0,127290.22366805277
180,2020-06-29,2020,True,100.49180327868852,992,992,1014,108258.50798810791,1107.9262038287943,14576,16,0.0,0.8649508245860549,0.1270401342480726,0.1687616075363993,0.16960460918916467,0.3836472553202913,0.9649697580645161,0.10025637412455302,313449.92987188156,0,False,False,True,"{""0"":null,""1"":null,""2"":null,""3"":null}",992.0,180048.0,992.0,127322.0,992.0,127322.0,843.729404370155,108258.50798810791,843.729404370155,0.0,0.0,1107.9262038287998,128398.14987188157,0.0,2.624532719759927,4.0,512.0,0.0,0.0,89.20000000032451,11362.200000023804,8.099999999998772,316.04999999999774,49.600000000180444,6366.100000014394,0.0,0.0,0.0,0.0,0.0,0.0,9.920000000000073,1273.2200000000032,496.0,63661.0,0.0,14.0,505.91999999999825,64934.220000000016,0.0,0.0,1107.9262038287998,128398.14987188157
181,2020-06-30,2020,True,100.49453551912568,992,992,1014,109102.23739247807,1060.316625480765,14624,27,0.0,0.8145230130394898,0.18824263844432695,0.16862613155025621,0.16939317416520405,0.3836472553202913,0.9651663306451613,0.12735269942140148,314004.32649736234,0,False,False,True,"{""0"":null,""1"":null,""2"":null,""3"":null}",992.0,181040.0,992.0,128314.0,992.0,128314.0,843.729404370155,109102.23739247807,843.729404370155,0.0,0.0,1060.3166254807584,129458.46649736233,0.0,2.624532719759927,4.0,516.0,0.0,0.0,89.20000000032451,11451.400000024129,0.0,316.04999999999774,49.600000000180444,6415.7000000145745,0.0,0.0,0.0,0.0,0.0,0.0,9.920000000000073,1283.1400000000033,496.0,64157.0,0.0,14.0,505.91999999999825,65440.140000000014,0.0,0.0,1060.3166254807584,129458.46649736233
182,2020-07-01,2020,True,100.49726775956285,992,992,1014,109945.96679684822,1260.5999339753578,14728,38,0.0,0.824562813091205,0.16356161503451744,0.16861310295221982,0.16930392568140917,0.3836472553202913,0.965,0.1523991122759137,314759.00643133774,0,False,False,True,"{""0"":null,""1"":null,""2"":null,""3"":null}",992.0,182032.0,992.0,129306.0,992.0,129306.0,843.729404370155,109945.96679684822,843.729404370155,0.0,0.0,1260.5999339753616,130719.06643133769,0.0,2.624532719759927,4.0,520.0,0.0,0.0,89.20000000032451,11540.600000024453,0.0,316.04999999999774,49.600000000180444,6465.300000014755,0.0,0.0,0.0,0.0,0.0,0.0,9.920000000000073,1293.0600000000034,496.0,64653.0,0.0,14.0,505.91999999999825,65946.06000000001,0.0,0.0,1260.5999339753616,130719.06643133769
183,2020-07-02,2020,True,100.5,992,992,1014,110789.69620121838,1181.9307827892712,14829,37,0.0,0.8134822003175297,0.17217280671314522,0.16854156034795717,0.1692884420174523,0.3836472553202913,0.9644858870967742,0.1755903374358308,315435.017214127,0,False,False,True,"{""0"":null,""1"":null,""2"":null,""3"":null}",992.0,183024.0,992.0,130298.0,992.0,130298.0,843.729404370155,110789.69620121838,843.729404370155,0.0,0.0,1181.9307827892626,131900.99721412695,0.0,2.624532719759927,4.0,524.0,0.0,0.0,89.20000000032451,11629.800000024778,2.399999999999636,318.4499999999974,49.600000000180444,6514.900000014935,0.0,0.0,0.0,0.0,0.0,0.0,9.920000000000073,1302.9800000000034,496.0,65149.0,0.0,14.0,505.91999999999825,66451.98000000001,0.0,0.0,1181.9307827892626,131900.99721412695
184,2020-07-03,2020,True,100.50273224043715,993,993,1015,111634.33424325986,1126.1447998994142,14937,43,0.04864246697472684,0.8227466316880425,0.17575823198549367,0.1684700436545191,0.1682971623164981,0.3835814255949685,0.9640231621349445,0.1969599461500584,316053.73201402643,0,False,False,True,"{""0"":null,""1"":null,""2"":null,""3"":null}",993.0,184017.0,993.0,131291.0,993.0,131291.0,844.6380420414789,111634.33424325986,844.6380420414789,0.0,0.0,1126.1447998994263,133027.14201402638,0.04864246697472696,2.673175186734654,4.0,528.0,0.0,0.0,89.30000000032487,11719.100000025102,1.6499999999997499,320.0999999999971,49.650000000180626,6564.550000015116,0.0,0.0,0.0,0.0,0.0,0.0,9.930000000000064,1312.9100000000035,496.5,65645.5,1.0,15.0,506.429999999993,66958.41,0.0,0.0,1126.1447998994263,133027.14201402638
185,2020-07-04,2020,False,100.50546448087432,993,0,1015,111634.33424325986,0.0,14100,43,0.0,,,0.16829433251716547,0.16813806785339125,0.3835814255949685,0.9653826787512588,0.12075459372075564,316053.73201402643,0,False,False,True,"{""0"":null,""1"":null,""2"":null,""3"":null}",993.0,185010.0,0.0,131291.0,0.0,131291.0,0.0,111634.33424325986,0.0,0.0,0.0,0.0,133027.14201402638,0.0,2.673175186734654,0.0,528.0,0.0,0.0,0.0,11719.100000025102,0.0,320.0999999999971,0.0,6564.550000015116,0.0,0.0,0.0,0.0,0.0,0.0,0.0,1312.9100000000035,0.0,65645.5,0.0,15.0,0.0,66958.41,0.0,0.0,0.0,133027.14201402638
186,2020-07-05,2020,False,100.50819672131148,993,0,1015,111634.33424325986,0.0,14100,43,0.0,,,0.16829433251716547,0.16813806785339122,0.3835814255949685,0.9653826787512588,0.07135401292294896,316053.73201402643,0,False,False,True,"{""0"":null,""1"":null,""2"":null,""3"":null}",993.0,186003.0,0.0,131291.0,0.0,131291.0,0.0,111634.33424325986,0.0,0.0,0.0,0.0,133027.14201402638,0.0,2.673175186734654,0.0,528.0,0.0,0.0,0.0,11719.100000025102,0.0,320.0999999999971,0.0,6564.550000015116,0.0,0.0,0.0,0.0,0.0,0.0,0.0,1312.9100000000035,0.0,65645.5,0.0,15.0,0.0,66958.41,0.0,0.0,0.0,133027.14201402638
187,2020-07-06,2020,True,100.51092896174863,993,993,1015,112478.97228530134,1377.4711198334708,15072,20,0.0,0.8589883728462236,0.13492053867387363,0.16829433251716547,0.16813806785339125,0.3835814255949685,0.9641037260825781,0.1003588190283939,316924.7731338599,0,False,False,True,"{""0"":null,""1"":null,""2"":null,""3"":null}",993.0,186996.0,993.0,132284.0,993.0,132284.0,844.6380420414789,112478.97228530134,844.6380420414789,0.0,0.0,1377.4711198334699,134404.61313385985,0.0,2.673175186734654,4.0,532.0,0.0,0.0,89.30000000032487,11808.400000025427,6.449999999999022,326.54999999999615,49.650000000180626,6614.200000015297,0.0,0.0,0.0,0.0,0.0,0.0,9.930000000000064,1322.8400000000036,496.5,66142.0,0.0,15.0,506.429999999993,67464.84,0.0,0.0,1377.4711198334699,134404.61313385985
188,2020-07-07,2020,True,100.51366120218579,993,993,1015,113323.61032734282,1290.7565665900697,15129,37,0.0,0.8640489376862288,0.13920862062991582,0.16825172906339614,0.16794238635397168,0.3835814255949685,0.9646324269889225,0.12741316360787294,317709.09970044997,0,False,False,True,"{""0"":null,""1"":null,""2"":null,""3"":null}",993.0,187989.0,993.0,133277.0,993.0,133277.0,844.6380420414789,113323.61032734282,844.6380420414789,0.0,0.0,1290.7565665900765,135695.36970044993,0.0,2.673175186734654,4.0,536.0,0.0,0.0,89.30000000032487,11897.700000025752,0.0,326.54999999999615,49.650000000180626,6663.850000015477,0.0,0.0,0.0,0.0,0.0,0.0,9.930000000000064,1332.7700000000036,496.5,66638.5,0.0,15.0,506.429999999993,67971.26999999999,0.0,0.0,1290.7565665900765,135695.36970044993
189,2020-07-08,2020,True,100.51639344262296,993,993,1015,114168.2483693843,1241.5942490290884,15227,51,0.0,0.8348393574297188,0.16501536098310293,0.16814495695618417,0.16782702374818728,0.3835814255949685,0.9645015105740181,0.15254548451470526,318444.26394947903,0,False,False,True,"{""0"":null,""1"":null,""2"":null,""3"":null}",993.0,188982.0,993.0,134270.0,993.0,134270.0,844.6380420414789,114168.2483693843,844.6380420414789,0.0,0.0,1241.5942490290909,136936.96394947902,0.0,2.673175186734654,4.0,540.0,0.0,0.0,89.30000000032487,11987.000000026077,0.0,326.54999999999615,49.650000000180626,6713.500000015658,0.0,0.0,0.0,0.0,0.0,0.0,9.930000000000064,1342.7000000000037,496.5,67135.0,0.0,15.0,506.429999999993,68477.69999999998,0.0,0.0,1241.5942490290909,136936.96394947902
190,2020-07-09,2020,True,100.51912568306011,992,992,1015,115011.91471295376,1204.4874474313394,15338,45,0.0,0.8245952007061812,0.17453691758109646,0.168033608326762,0.16767073429516913,0.3836472553202913,0.9643094758064517,0.17541887502457007,319142.83139691036,0,False,False,True,"{""0"":null,""1"":null,""2"":null,""3"":null}",992.0,189974.0,992.0,135262.0,992.0,135262.0,843.6663435694645,115011.91471295376,843.6663435694645,0.0,0.0,1204.4874474313401,138141.45139691036,0.0,2.673175186734654,4.0,544.0,0.0,0.0,89.20000000032451,12076.200000026402,2.9999999999995453,329.5499999999957,49.600000000180444,6763.100000015838,0.0,0.0,0.0,0.0,0.0,0.0,9.920000000000073,1352.6200000000038,496.0,67631.0,0.0,15.0,505.91999999999825,68983.61999999998,0.0,0.0,1204.4874474313401,138141.45139691036
191,2020-07-10,2020,True,100.52185792349727,992,992,1015,115855.58105652322,1137.066905180068,15440,43,0.0,0.8144779555731086,0.17543164668170522,0.16796940090161022,0.16760640332694443,0.3836472553202913,0.9642489919354839,0.19698767418469915,319773.9783020904,0,False,False,True,"{""0"":null,""1"":null,""2"":null,""3"":null}",992.0,190966.0,992.0,136254.0,992.0,136254.0,843.6663435694645,115855.58105652322,843.6663435694645,0.0,0.0,1137.0669051800796,139278.51830209044,0.0,2.673175186734654,4.0,548.0,0.0,0.0,89.20000000032451,12165.400000026726,2.5499999999996135,332.0999999999953,49.600000000180444,6812.700000016019,0.0,0.0,0.0,0.0,0.0,0.0,9.920000000000073,1362.5400000000038,496.0,68127.0,0.0,15.0,505.91999999999825,69489.53999999998,0.0,0.0,1137.0669051800796,139278.51830209044
192,2020-07-11,2020,False,100.52459016393442,992,0,1015,115855.58105652322,0.0,14600,43,0.0,,,0.16800786677019208,0.16757664700449793,0.3836472553202913,0.9656703629032258,0.12072714519401477,319773.9783020904,0,False,False,True,"{""0"":null,""1"":null,""2"":null,""3"":null}",992.0,191958.0,0.0,136254.0,0.0,136254.0,0.0,115855.58105652322,0.0,0.0,0.0,0.0,139278.51830209044,0.0,2.673175186734654,0.0,548.0,0.0,0.0,0.0,12165.400000026726,0.0,332.0999999999953,0.0,6812.700000016019,0.0,0.0,0.0,0.0,0.0,0.0,0.0,1362.5400000000038,0.0,68127.0,0.0,15.0,0.0,69489.53999999998,0.0,0.0,0.0,139278.51830209044
193,2020-07-12,2020,False,100.52732240437159,992,0,1015,115855.58105652322,0.0,14600,43,0.0,,,0.16800786677019208,0.16757664700449793,0.3836472553202913,0.9656703629032258,0.07141298359100902,319773.9783020904,0,False,False,True,"{""0"":null,""1"":null,""2"":null,""3"":null}",992.0,192950.0,0.0,136254.0,0.0,136254.0,0.0,115855.58105652322,0.0,0.0,0.0,0.0,139278.51830209044,0.0,2.673175186734654,0.0,548.0,0.0,0.0,0.0,12165.400000026726,0.0,332.0999999999953,0.0,6812.700000016019,0.0,0.0,0.0,0.0,0.0,0.0,0.0,1362.5400000000038,0.0,68127.0,0.0,15.0,0.0,69489.53999999998,0.0,0.0,0.0,139278.51830209044
194,2020-07-13,2020,True,100.53005464480874,992,992,1015,116699.24740009269,1373.3120008063725,15569,16,0.0,0.8659221580064544,0.11579346093073384,0.16800786677019208,0.16757664700449793,0.3836472553202913,0.9643699596774193,0.10028658528643015,320641.37030289683,0,False,False,True,"{""0"":null,""1"":null,""2"":null,""3"":null}",992.0,193942.0,992.0,137246.0,992.0,137246.0,843.6663435694645,116699.24740009269,843.6663435694645,0.0,0.0,1373.3120008063852,140651.83030289682,0.0,2.673175186734654,4.0,552.0,0.0,0.0,89.20000000032451,12254.60000002705,6.449999999999022,338.5499999999943,49.600000000180444,6862.300000016199,0.0,0.0,0.0,0.0,0.0,0.0,9.920000000000073,1372.460000000004,496.0,68623.0,0.0,15.0,505.91999999999825,69995.45999999998,0.0,0.0,1373.3120008063852,140651.83030289682
195,2020-07-14,2020,True,100.5327868852459,992,992,1015,117542.91374366215,1294.0574571877044,15627,29,0.0,0.8406797983366141,0.14140546819731836,0.16803620770357477,0.1675660247964056,0.3836472553202913,0.9645967741935484,0.1273345046013958,321429.5077600845,0,False,False,True,"{""0"":null,""1"":null,""2"":null,""3"":null}",992.0,194934.0,992.0,138238.0,992.0,138238.0,843.6663435694645,117542.91374366215,843.6663435694645,0.0,0.0,1294.0574571877078,141945.88776008453,0.0,2.673175186734654,4.0,556.0,0.0,0.0,89.20000000032451,12343.800000027375,0.0,338.5499999999943,49.600000000180444,6911.90000001638,0.0,0.0,0.0,0.0,0.0,0.0,9.920000000000073,1382.380000000004,496.0,69119.0,0.0,15.0,505.91999999999825,70501.37999999998,0.0,0.0,1294.0574571877078,141945.88776008453
196,2020-07-15,2020,True,100.53551912568307,992,992,1015,118386.58008723162,1225.2604979907842,15730,44,0.10797248153667109,0.8125187671149532,0.17605630089799107,0.16793308568357032,0.16745434241906626,0.3836472553202913,0.964516129032258,0.15259126926740496,322148.8482580753,0,False,False,True,"{""0"":null,""1"":null,""2"":null,""3"":null}",992.0,195926.0,992.0,139230.0,992.0,139230.0,843.6663435694645,118386.58008723162,843.6663435694645,0.0,0.0,1225.260497990792,143171.14825807532,0.10797248153667116,2.781147668271325,4.0,560.0,0.0,0.0,89.20000000032451,12433.0000000277,0.0,338.5499999999943,49.600000000180444,6961.50000001656,0.0,0.0,0.0,0.0,0.0,0.0,9.920000000000073,1392.300000000004,496.0,69615.0,0.0,15.0,505.91999999999825,71007.29999999997,0.0,0.0,1225.260497990792,143171.14825807532
197,2020-07-16,2020,True,100.53825136612022,992,992,1015,119230.24643080108,1177.9835333616088,15843,44,0.0,0.8376067283368815,0.1593339336625899,0.1679035796618253,0.16729571996967832,0.3836472553202913,0.9643901209677419,0.17588552722351702,322820.91179143696,0,False,False,True,"{""0"":null,""1"":null,""2"":null,""3"":null}",992.0,196918.0,992.0,140222.0,992.0,140222.0,843.6663435694645,119230.24643080108,843.6663435694645,0.0,0.0,1177.9835333616065,144349.13179143693,0.0,2.781147668271325,4.0,564.0,0.0,0.0,89.20000000032451,12522.200000028024,2.399999999999636,340.94999999999396,49.600000000180444,7011.1000000167405,0.0,0.0,0.0,0.0,0.0,0.0,9.920000000000073,1402.2200000000041,496.0,70111.0,0.0,15.0,505.91999999999825,71513.21999999997,0.0,0.0,1177.9835333616065,144349.13179143693
198,2020-07-17,2020,True,100.54098360655738,992,992,1015,120073.91277437055,1117.4951314731004,15939,48,0.16875144125835034,0.8144941165996099,0.1872686899080423,0.16791184779672647,0.16735050432072374,0.3836472553202913,0.9642237903225807,0.1973907306105457,323432.4869229101,0,False,False,True,"{""0"":null,""1"":null,""2"":null,""3"":null}",992.0,197910.0,992.0,141214.0,992.0,141214.0,843.6663435694645,120073.91277437055,843.6663435694645,0.0,0.0,1117.495131473086,145466.62692291,0.16875144125835018,2.9498991095296754,4.0,568.0,0.0,0.0,89.20000000032451,12611.400000028349,1.9499999999997044,342.89999999999367,49.600000000180444,7060.700000016921,0.0,0.0,0.0,0.0,0.0,0.0,9.920000000000073,1412.1400000000042,496.0,70607.0,0.0,15.0,505.91999999999825,72019.13999999997,0.0,0.0,1117.495131473086,145466.62692291
199,2020-07-18,2020,False,100.54371584699453,992,0,1015,120073.91277437055,0.0,15100,48,0.0,,,0.16778574806552246,0.1673297585609012,0.3836472553202913,0.9657006048387097,0.12106462545852406,323432.4869229101,0,False,False,True,"{""0"":null,""1"":null,""2"":null,""3"":null}",992.0,198902.0,0.0,141214.0,0.0,141214.0,0.0,120073.91277437055,0.0,0.0,0.0,0.0,145466.62692291,0.0,2.9498991095296754,0.0,568.0,0.0,0.0,0.0,12611.400000028349,0.0,342.89999999999367,0.0,7060.700000016921,0.0,0.0,0.0,0.0,0.0,0.0,0.0,1412.1400000000042,0.0,70607.0,0.0,15.0,0.0,72019.13999999997,0.0,0.0,0.0,145466.62692291
200,2020-07-19,2020,False,100.5464480874317,992,0,1015,120073.91277437055,0.0,15100,48,0.0,,,0.16778574806552246,0.16732975856090118,0.3836472553202913,0.9657006048387097,0.07172465419586087,323432.4869229101,0,False,False,True,"{""0"":null,""1"":null,""2"":null,""3"":null}",992.0,199894.0,0.0,141214.0,0.0,141214.0,0.0,120073.91277437055,0.0,0.0,0.0,0.0,145466.62692291,0.0,2.9498991095296754,0.0,568.0,0.0,0.0,0.0,12611.400000028349,0.0,342.89999999999367,0.0,7060.700000016921,0.0,0.0,0.0,0.0,0.0,0.0,0.0,1412.1400000000042,0.0,70607.0,0.0,15.0,0.0,72019.13999999997,0.0,0.0,0.0,145466.62692291
201,2020-07-20,2020,True,100.54918032786885,992,992,1015,120917.57911794001,1367.0044214677475,16076,13,0.0868051252414937,0.8477688014694275,0.15000095516037515,0.16778574806552246,0.1673297585609012,0.3836472553202913,0.9643951612903225,0.1006715436276529,324293.5713443779,0,False,False,True,"{""0"":null,""1"":null,""2"":null,""3"":null}",992.0,200886.0,992.0,142206.0,992.0,142206.0,843.6663435694645,120917.57911794001,843.6663435694645,0.0,0.0,1367.0044214677473,146833.63134437776,0.08680512524149364,3.036704234771169,4.0,572.0,0.0,0.0,89.20000000032451,12700.600000028673,7.199999999998909,350.0999999999926,49.600000000180444,7110.300000017101,0.0,0.0,0.0,0.0,0.0,0.0,9.920000000000073,1422.0600000000043,496.0,71103.0,0.0,15.0,505.91999999999825,72525.05999999997,0.0,0.0,1367.0044214677473,146833.63134437776
202,2020-07-21,2020,True,100.55191256830601,992,992,1015,121761.24546150948,1304.5993235161745,16131,27,0.0,0.8559106315558695,0.14721202215330703,0.16785945122774967,0.16717628149403674,0.3836472553202913,0.9649596774193548,0.12772285564025265,325092.2506678941,0,False,False,True,"{""0"":null,""1"":null,""2"":null,""3"":null}",992.0,201878.0,992.0,143198.0,992.0,143198.0,843.6663435694645,121761.24546150948,843.6663435694645,0.0,0.0,1304.5993235161877,148138.23066789395,0.0,3.036704234771169,4.0,576.0,0.0,0.0,89.20000000032451,12789.800000028998,0.0,350.0999999999926,49.600000000180444,7159.900000017282,0.0,0.0,0.0,0.0,0.0,0.0,9.920000000000073,1431.9800000000043,496.0,71599.0,0.0,15.0,505.91999999999825,73030.97999999997,0.0,0.0,1304.5993235161877,148138.23066789395
203,2020-07-22,2020,True,100.55464480874316,994,994,1017,122606.70219066723,1260.660140094272,16245,43,0.0,0.831964956600596,0.16739053855837752,0.16773161304631046,0.16568013856997874,0.3838295178566037,0.9646881287726358,0.15277019333462388,325843.9708079884,0,False,False,True,"{""0"":null,""1"":null,""2"":null,""3"":null}",994.0,202872.0,994.0,144192.0,994.0,144192.0,845.456729157755,122606.70219066723,845.456729157755,0.0,0.0,1260.66014009426,149398.8908079882,0.0,3.036704234771169,4.0,580.0,0.0,0.0,89.40000000032524,12879.200000029323,0.0,350.0999999999926,49.70000000018081,7209.600000017463,0.0,0.0,0.0,0.0,0.0,0.0,9.940000000000055,1441.9200000000044,497.0,72096.0,2.0,17.0,506.9400000000023,73537.91999999997,0.0,0.0,1260.66014009426,149398.8908079882
204,2020-07-23,2020,True,100.55737704918033,993,993,1017,123451.44109225804,1188.155058075523,16343,51,0.037321636868368,0.8187127673551723,0.1704493748340683,0.16748261615007096,0.1654071511780387,0.38389534758192645,0.9645367573011078,0.1761982626459435,326525.6958660639,0,False,False,True,"{""0"":null,""1"":null,""2"":null,""3"":null}",993.0,203865.0,993.0,145185.0,993.0,145185.0,844.738901590812,123451.44109225804,844.738901590812,0.0,0.0,1188.1550580755284,150587.04586606374,0.0373216368683682,3.074025871639537,4.0,584.0,0.0,0.0,89.30000000032487,12968.500000029648,1.9499999999997044,352.0499999999923,49.650000000180626,7259.250000017643,0.0,0.0,0.0,0.0,0.0,0.0,9.930000000000064,1451.8500000000045,496.5,72592.5,0.0,17.0,506.429999999993,74044.34999999996,0.0,0.0,1188.1550580755284,150587.04586606374
205,2020-07-24,2020,True,100.56010928961749,993,993,1017,124296.17999384885,1129.949281424731,16464,48,0.0,0.8035388419290326,0.21038977545726628,0.16759453491246953,0.16532385754862713,0.38389534758192645,0.9650855991943605,0.19775348775277435,327149.21514748863,0,False,False,True,"{""0"":null,""1"":null,""2"":null,""3"":null}",993.0,204858.0,993.0,146178.0,993.0,146178.0,844.738901590812,124296.17999384885,844.738901590812,0.0,0.0,1129.9492814247205,151716.99514748846,0.0,3.074025871639537,4.0,588.0,0.0,0.0,89.30000000032487,13057.800000029973,2.0999999999996817,354.14999999999196,49.650000000180626,7308.900000017824,0.0,0.0,0.0,0.0,0.0,0.0,9.930000000000064,1461.7800000000045,496.5,73089.0,0.0,17.0,506.429999999993,74550.77999999996,0.0,0.0,1129.9492814247205,151716.99514748846
206,2020-07-25,2020,False,100.56284153005464,993,0,1017,124296.17999384885,0.0,15600,48,0.0,,,0.16743281584527675,0.16515313796047065,0.38389534758192645,0.96607250755287,0.12133068230911852,327149.21514748863,0,False,False,True,"{""0"":null,""1"":null,""2"":null,""3"":null}",993.0,205851.0,0.0,146178.0,0.0,146178.0,0.0,124296.17999384885,0.0,0.0,0.0,0.0,151716.99514748846,0.0,3.074025871639537,0.0,588.0,0.0,0.0,0.0,13057.800000029973,0.0,354.14999999999196,0.0,7308.900000017824,0.0,0.0,0.0,0.0,0.0,0.0,0.0,1461.7800000000045,0.0,73089.0,0.0,17.0,0.0,74550.77999999996,0.0,0.0,0.0,151716.99514748846
207,2020-07-26,2020,False,100.56557377049181,993,0,1018,124296.17999384885,0.0,15600,48,0.0,,,0.16699671954519305,0.16415077772445757,0.3837674522470401,0.9657955689828801,0.07111656450592536,327148.21514748863,0,False,False,True,"{""0"":null,""1"":null,""2"":null,""3"":null}",993.0,206844.0,0.0,146178.0,0.0,146178.0,0.0,124296.17999384885,0.0,0.0,0.0,0.0,151716.99514748846,0.0,3.074025871639537,0.0,588.0,0.0,0.0,0.0,13057.800000029973,0.0,354.14999999999196,0.0,7308.900000017824,0.0,0.0,0.0,0.0,0.0,0.0,0.0,1461.7800000000045,0.0,73089.0,1.0,18.0,0.0,74550.77999999996,0.0,0.0,0.0,151716.99514748846
208,2020-07-27,2020,True,100.56830601092896,993,993,1018,125140.88649001646,1416.4100590327503,16595,11,0.0,0.8580336243760467,0.12580620245898025,0.16699671954519305,0.16415077772445757,0.3837674522470401,0.9650402819738166,0.10023896905195921,328058.19520652137,0,False,False,True,"{""0"":null,""1"":null,""2"":null,""3"":null}",993.0,207837.0,993.0,147171.0,993.0,147171.0,844.7064961676078,125140.88649001646,844.7064961676078,0.0,0.0,1416.410059032758,153133.40520652122,0.0,3.074025871639537,4.0,592.0,0.0,0.0,89.30000000032487,13147.100000030297,7.199999999998909,361.34999999999087,49.650000000180626,7358.5500000180045,0.0,0.0,0.0,0.0,0.0,0.0,9.930000000000064,1471.7100000000046,496.5,73585.5,0.0,18.0,506.429999999993,75057.20999999995,0.0,0.0,1416.410059032758,153133.40520652122
209,2020-07-28,2020,True,100.57103825136612,993,993,1018,125985.59298618407,1295.1462485594836,16656,26,0.0,0.8357868884444661,0.1585045428772553,0.16720916721683948,0.16428442128542714,0.3837674522470401,0.9657250755287009,0.1274380631572172,328846.91145508084,0,False,False,True,"{""0"":null,""1"":null,""2"":null,""3"":null}",993.0,208830.0,993.0,148164.0,993.0,148164.0,844.7064961676078,125985.59298618407,844.7064961676078,0.0,0.0,1295.1462485594966,154428.5514550807,0.0,3.074025871639537,4.0,596.0,0.0,0.0,89.30000000032487,13236.400000030622,0.0,361.34999999999087,49.650000000180626,7408.200000018185,0.0,0.0,0.0,0.0,0.0,0.0,9.930000000000064,1481.6400000000046,496.5,74082.0,0.0,18.0,506.429999999993,75563.63999999994,0.0,0.0,1295.1462485594966,154428.5514550807
210,2020-07-29,2020,True,100.57377049180327,993,993,1018,126830.29948235168,1233.8917096585694,16749,41,0.0,0.8308559419865698,0.15362025660091225,0.16707938426049027,0.1643713058424935,0.3837674522470401,0.9656797583081571,0.15278103329503373,329574.3731647394,0,False,False,True,"{""0"":null,""1"":null,""2"":null,""3"":null}",993.0,209823.0,993.0,149157.0,993.0,149157.0,844.7064961676078,126830.29948235168,844.7064961676078,0.0,0.0,1233.8917096585792,155662.4431647393,0.0,3.074025871639537,4.0,600.0,0.0,0.0,89.30000000032487,13325.700000030947,0.0,361.34999999999087,49.650000000180626,7457.850000018366,0.0,0.0,0.0,0.0,0.0,0.0,9.930000000000064,1491.5700000000047,496.5,74578.5,0.0,18.0,506.429999999993,76070.06999999993,0.0,0.0,1233.8917096585792,155662.4431647393
211,2020-07-30,2020,True,100.57650273224044,992,992,1018,127674.07348415417,1203.3158500375623,16859,45,0.01757576730401522,0.841843345957947,0.14765788797182475,0.1669228790856917,0.16410985785796764,0.383519359985405,0.9657056451612903,0.17620087435395151,330271.769014777,0,False,False,True,"{""0"":null,""1"":null,""2"":null,""3"":null}",992.0,210815.0,992.0,150149.0,992.0,150149.0,843.7740018024924,127674.07348415417,843.7740018024924,0.0,0.0,1203.3158500375575,156865.75901477685,0.017575767304015333,3.0916016389435526,4.0,604.0,0.0,0.0,89.20000000032451,13414.900000031272,1.6499999999997499,362.9999999999906,49.600000000180444,7507.450000018546,0.0,0.0,0.0,0.0,0.0,0.0,9.920000000000073,1501.4900000000048,496.0,75074.5,0.0,18.0,505.91999999999825,76575.98999999993,0.0,0.0,1203.3158500375575,156865.75901477685
212,2020-07-31,2020,True,100.5792349726776,992,992,1018,128517.84748595666,1155.563327642507,16945,54,0.0,0.7882849353532715,0.21354100676154458,0.16697912587606484,0.1640625328502265,0.383519359985405,0.9653729838709677,0.19790327280467312,330921.4123424195,0,False,False,True,"{""0"":null,""1"":null,""2"":null,""3"":null}",992.0,211807.0,992.0,151141.0,992.0,151141.0,843.7740018024924,128517.84748595666,843.7740018024924,0.0,0.0,1155.563327642507,158021.32234241936,0.0,3.0916016389435526,4.0,608.0,0.0,0.0,89.20000000032451,13504.100000031596,2.249999999999659,365.2499999999903,49.600000000180444,7557.050000018727,0.0,0.0,0.0,0.0,0.0,0.0,9.920000000000073,1511.4100000000049,496.0,75570.5,0.0,18.0,505.91999999999825,77081.90999999993,0.0,0.0,1155.563327642507,158021.32234241936
213,2020-08-01,2020,False,100.58196721311475,993,0,1019,128517.84748595666,0.0,16100,54,0.0,,,0.1667336214226422,0.1631349454840488,0.38345353026008216,0.9658811681772407,0.1211524906311591,330920.4123424195,0,False,False,True,"{""0"":null,""1"":null,""2"":null,""3"":null}",993.0,212800.0,0.0,151141.0,0.0,151141.0,0.0,128517.84748595666,0.0,0.0,0.0,0.0,158021.32234241936,0.0,3.0916016389435526,0.0,608.0,0.0,0.0,0.0,13504.100000031596,0.0,365.2499999999903,0.0,7557.050000018727,0.0,0.0,0.0,0.0,0.0,0.0,0.0,1511.4100000000049,0.0,75570.5,1.0,19.0,0.0,77081.90999999993,0.0,0.0,0.0,158021.32234241936
214,2020-08-02,2020,False,100.5846994535519,993,0,1019,128517.84748595666,0.0,16100,54,0.0,,,0.16673362142264217,0.1631349454840488,0.38345353026008216,0.9658811681772407,0.07166094205102169,330920.4123424195,0,False,False,True,"{""0"":null,""1"":null,""2"":null,""3"":null}",993.0,213793.0,0.0,151141.0,0.0,151141.0,0.0,128517.84748595666,0.0,0.0,0.0,0.0,158021.32234241936,0.0,3.0916016389435526,0.0,608.0,0.0,0.0,0.0,13504.100000031596,0.0,365.2499999999903,0.0,7557.050000018727,0.0,0.0,0.0,0.0,0.0,0.0,0.0,1511.4100000000049,0.0,75570.5,0.0,19.0,0.0,77081.90999999993,0.0,0.0,0.0,158021.32234241936
215,2020-08-03,2020,True,100.58743169398907,993,993,1019,129362.41668871466,1413.8479537662088,17101,12,0.3435580935312819,0.8610713073005094,0.12209391036902797,0.1667336214226422,0.16313494548404878,0.38345353026008216,0.9651158106747231,0.10078851008752977,331827.83029618574,0,False,False,True,"{""0"":null,""1"":null,""2"":null,""3"":null}",993.0,214786.0,993.0,152134.0,993.0,152134.0,844.5692027579935,129362.41668871466,844.5692027579935,0.0,0.0,1413.847953766206,159435.17029618556,0.3435580935312821,3.4351597324748346,4.0,612.0,0.0,0.0,89.30000000032487,13593.400000031921,8.099999999998772,373.34999999998905,49.650000000180626,7606.700000018907,0.0,0.0,0.0,0.0,0.0,0.0,9.930000000000064,1521.340000000005,496.5,76067.0,0.0,19.0,506.429999999993,77588.33999999992,0.0,0.0,1413.847953766206,159435.17029618556
216,2020-08-04,2020,True,100.59016393442623,993,993,1019,130206.98589147265,1337.5203697592497,17142,25,0.0,0.8569536371947237,0.12674145102853832,0.16676282638421097,0.1630590673546175,0.38345353026008216,0.9655438066465256,0.12792518853479376,332658.920665945,0,False,False,True,"{""0"":null,""1"":null,""2"":null,""3"":null}",993.0,215779.0,993.0,153127.0,993.0,153127.0,844.5692027579935,130206.98589147265,844.5692027579935,0.0,0.0,1337.520369759237,160772.6906659448,0.0,3.4351597324748346,4.0,616.0,0.0,0.0,89.30000000032487,13682.700000032246,0.0,373.34999999998905,49.650000000180626,7656.350000019088,0.0,0.0,0.0,0.0,0.0,0.0,9.930000000000064,1531.270000000005,496.5,76563.5,0.0,19.0,506.429999999993,78094.76999999992,0.0,0.0,1337.520369759237,160772.6906659448
217,2020-08-05,2020,True,100.59289617486338,993,993,1019,131051.55509423064,1279.0842288853937,17250,37,0.0,0.8368771712158809,0.15463220809726422,0.1666437219133013,0.1630882415246908,0.38345353026008216,0.9656344410876133,0.15319694854783814,333431.5748948304,0,False,False,True,"{""0"":null,""1"":null,""2"":null,""3"":null}",993.0,216772.0,993.0,154120.0,993.0,154120.0,844.5692027579935,131051.55509423064,844.5692027579935,0.0,0.0,1279.0842288853892,162051.7748948302,0.0,3.4351597324748346,4.0,620.0,0.0,0.0,89.30000000032487,13772.00000003257,0.0,373.34999999998905,49.650000000180626,7706.000000019269,0.0,0.0,0.0,0.0,0.0,0.0,9.930000000000064,1541.200000000005,496.5,77060.0,0.0,19.0,506.429999999993,78601.19999999991,0.0,0.0,1279.0842288853892,162051.7748948302
218,2020-08-06,2020,True,100.59562841530055,993,993,1019,131896.12429698877,1185.9145848827434,17350,47,0.0,0.8297722345566149,0.15955456240549287,0.16669454866886774,0.16293816276431916,0.38345353026008216,0.9654884189325277,0.17658687929620281,334111.05947971315,0,False,False,True,"{""0"":null,""1"":null,""2"":null,""3"":null}",993.0,217765.0,993.0,155113.0,993.0,155113.0,844.5692027581244,131896.12429698877,844.5692027581244,0.0,0.0,1185.914584882732,163237.68947971292,0.0,3.4351597324748346,4.0,624.0,0.0,0.0,89.30000000032487,13861.300000032896,1.7999999999997272,375.1499999999888,49.650000000180626,7755.650000019449,0.0,0.0,0.0,0.0,0.0,0.0,9.930000000000064,1551.130000000005,496.5,77556.5,0.0,19.0,506.429999999993,79107.6299999999,0.0,0.0,1185.914584882732,163237.68947971292
219,2020-08-07,2020,True,100.59836065573771,992,992,1019,132739.9791802643,1149.6977653148092,17450,54,0.08027880988026943,0.8144913151364764,0.18446880046539643,0.16653215277523742,0.1627416483030545,0.383519359985405,0.9653981854838709,0.198454211818629,334754.837245028,0,False,False,True,"{""0"":null,""1"":null,""2"":null,""3"":null}",992.0,218757.0,992.0,156105.0,992.0,156105.0,843.8548832755187,132739.9791802643,843.8548832755187,0.0,0.0,1149.697765314806,164387.38724502773,0.08027880988026936,3.515438542355104,4.0,628.0,0.0,0.0,89.20000000032451,13950.50000003322,1.9499999999997044,377.0999999999885,49.600000000180444,7805.25000001963,0.0,0.0,0.0,0.0,0.0,0.0,9.920000000000073,1561.0500000000052,496.0,78052.5,0.0,19.0,505.91999999999825,79613.5499999999,0.0,0.0,1149.697765314806,164387.38724502773
220,2020-08-08,2020,False,100.60109289617486,992,0,1019,132739.9791802643,0.0,16600,54,0.0,,,0.16640316414224662,0.16253190954647792,0.383519359985405,0.9663054435483871,0.1217995716957198,334754.837245028,0,False,False,True,"{""0"":null,""1"":null,""2"":null,""3"":null}",992.0,219749.0,0.0,156105.0,0.0,156105.0,0.0,132739.9791802643,0.0,0.0,0.0,0.0,164387.38724502773,0.0,3.515438542355104,0.0,628.0,0.0,0.0,0.0,13950.50000003322,0.0,377.0999999999885,0.0,7805.25000001963,0.0,0.0,0.0,0.0,0.0,0.0,0.0,1561.0500000000052,0.0,78052.5,0.0,19.0,0.0,79613.5499999999,0.0,0.0,0.0,164387.38724502773
221,2020-08-09,2020,False,100.60382513661202,992,0,1019,132739.9791802643,0.0,16600,54,0.0,,,0.16640316414224665,0.16253190954647792,0.383519359985405,0.9663054435483871,0.07209387629942642,334754.837245028,0,False,False,True,"{""0"":null,""1"":null,""2"":null,""3"":null}",992.0,220741.0,0.0,156105.0,0.0,156105.0,0.0,132739.9791802643,0.0,0.0,0.0,0.0,164387.38724502773,0.0,3.515438542355104,0.0,628.0,0.0,0.0,0.0,13950.50000003322,0.0,377.0999999999885,0.0,7805.25000001963,0.0,0.0,0.0,0.0,0.0,0.0,0.0,1561.0500000000052,0.0,78052.5,0.0,19.0,0.0,79613.5499999999,0.0,0.0,0.0,164387.38724502773
222,2020-08-10,2020,True,100.60655737704919,992,992,1019,133583.8340635398,1418.887103588674,17587,21,0.0,0.8507703735144312,0.14823327846415185,0.16640316414224665,0.16253190954647795,0.383519359985405,0.9651663306451613,0.10127810107611539,335667.8043486167,0,False,False,True,"{""0"":null,""1"":null,""2"":null,""3"":null}",992.0,221733.0,992.0,157097.0,992.0,157097.0,843.8548832755187,133583.8340635398,843.8548832755187,0.0,0.0,1418.8871035886696,165806.2743486164,0.0,3.515438542355104,4.0,632.0,0.0,0.0,89.20000000032451,14039.700000033545,8.099999999998772,385.19999999998726,49.600000000180444,7854.85000001981,0.0,0.0,0.0,0.0,0.0,0.0,9.920000000000073,1570.9700000000053,496.0,78548.5,0.0,19.0,505.91999999999825,80119.4699999999,0.0,0.0,1418.8871035886696,165806.2743486164
223,2020-08-11,2020,True,100.60928961748634,992,992,1019,134427.68894681532,1306.9094133205865,17625,36,0.0,0.8386892386051978,0.15420301796713112,0.16647642648753463,0.16261977768195857,0.383519359985405,0.965141129032258,0.12852405870011255,336468.7937619373,0,False,False,True,"{""0"":null,""1"":null,""2"":null,""3"":null}",992.0,222725.0,992.0,158089.0,992.0,158089.0,843.8548832755187,134427.68894681532,843.8548832755187,0.0,0.0,1306.9094133205945,167113.183761937,0.0,3.515438542355104,4.0,636.0,0.0,0.0,89.20000000032451,14128.90000003387,0.0,385.19999999998726,49.600000000180444,7904.4500000199905,0.0,0.0,0.0,0.0,0.0,0.0,9.920000000000073,1580.8900000000053,496.0,79044.5,0.0,19.0,505.91999999999825,80625.3899999999,0.0,0.0,1306.9094133205945,167113.183761937
224,2020-08-12,2020,True,100.6120218579235,992,992,1019,135271.54383009084,1272.0547975893028,17748,52,0.0,0.8357627987462453,0.14223123674187071,0.1666294000911048,0.16269107881708472,0.383519359985405,0.9651360887096774,0.1538342665527729,337234.9285595266,0,False,False,True,"{""0"":null,""1"":null,""2"":null,""3"":null}",992.0,223717.0,992.0,159081.0,992.0,159081.0,843.8548832755187,135271.54383009084,843.8548832755187,0.0,0.0,1272.0547975893132,168385.2385595263,0.0,3.515438542355104,4.0,640.0,0.0,0.0,89.20000000032451,14218.100000034194,0.0,385.19999999998726,49.600000000180444,7954.050000020171,0.0,0.0,0.0,0.0,0.0,0.0,9.920000000000073,1590.8100000000054,496.0,79540.5,0.0,19.0,505.91999999999825,81131.3099999999,0.0,0.0,1272.0547975893132,168385.2385595263
225,2020-08-13,2020,True,100.61475409836065,992,992,1019,136115.39871336636,1228.1439108798074,17860,52,0.0,0.8204910212877106,0.1832333115178756,0.16668223837552834,0.1626312429900211,0.383519359985405,0.9652570564516129,0.17732138066188252,337957.15247040644,0,False,False,True,"{""0"":null,""1"":null,""2"":null,""3"":null}",992.0,224709.0,992.0,160073.0,992.0,160073.0,843.8548832755187,136115.39871336636,843.8548832755187,0.0,0.0,1228.143910879793,169613.3824704061,0.0,3.515438542355104,4.0,644.0,0.0,0.0,89.20000000032451,14307.300000034518,3.1499999999995225,388.3499999999868,49.600000000180444,8003.650000020351,0.0,0.0,0.0,0.0,0.0,0.0,9.920000000000073,1600.7300000000055,496.0,80036.5,0.0,19.0,505.91999999999825,81637.2299999999,0.0,0.0,1228.143910879793,169613.3824704061
226,2020-08-14,2020,True,100.61748633879782,991,991,1019,136958.54156824664,1147.9634475053465,17963,49,0.018439316697844294,0.8193238866396761,0.18707384551138534,0.16676608393788928,0.16320195223105494,0.3835851897107278,0.9663925327951565,0.19912139585734495,338599.70591791184,0,False,False,True,"{""0"":null,""1"":null,""2"":null,""3"":null}",991.0,225700.0,991.0,161064.0,991.0,161064.0,843.1428548802796,136958.54156824664,843.1428548802796,0.0,0.0,1147.9634475053463,170761.34591791144,0.018439316697844266,3.5338778590529483,4.0,648.0,0.0,0.0,89.10000000032414,14396.400000034842,2.249999999999659,390.59999999998644,49.55000000018026,8053.200000020532,0.0,0.0,0.0,0.0,0.0,0.0,9.910000000000082,1610.6400000000056,495.5,80532.0,0.0,19.0,505.4100000000035,82142.6399999999,0.0,0.0,1147.9634475053463,170761.34591791144
227,2020-08-15,2020,False,100.62021857923497,991,0,1019,136958.54156824664,0.0,17100,49,0.0,,,0.1665710703858439,0.16288066535086637,0.3835851897107278,0.9674117053481333,0.12241295625237496,338599.70591791184,0,False,False,True,"{""0"":null,""1"":null,""2"":null,""3"":null}",991.0,226691.0,0.0,161064.0,0.0,161064.0,0.0,136958.54156824664,0.0,0.0,0.0,0.0,170761.34591791144,0.0,3.5338778590529483,0.0,648.0,0.0,0.0,0.0,14396.400000034842,0.0,390.59999999998644,0.0,8053.200000020532,0.0,0.0,0.0,0.0,0.0,0.0,0.0,1610.6400000000056,0.0,80532.0,0.0,19.0,0.0,82142.6399999999,0.0,0.0,0.0,170761.34591791144
228,2020-08-16,2020,False,100.62295081967213,991,0,1019,136958.54156824664,0.0,17100,49,0.0,,,0.1665710703858439,0.16288066535086637,0.3835851897107278,0.9674117053481333,0.07257565758553679,338599.70591791184,0,False,False,True,"{""0"":null,""1"":null,""2"":null,""3"":null}",991.0,227682.0,0.0,161064.0,0.0,161064.0,0.0,136958.54156824664,0.0,0.0,0.0,0.0,170761.34591791144,0.0,3.5338778590529483,0.0,648.0,0.0,0.0,0.0,14396.400000034842,0.0,390.59999999998644,0.0,8053.200000020532,0.0,0.0,0.0,0.0,0.0,0.0,0.0,1610.6400000000056,0.0,80532.0,0.0,19.0,0.0,82142.6399999999,0.0,0.0,0.0,170761.34591791144
229,2020-08-17,2020,True,100.6256830601093,991,991,1019,137801.68442312692,1416.1345780575102,18078,23,0.0,0.8506275303643724,0.1448687461575046,0.1665710703858439,0.16288066535086637,0.3835851897107278,0.9663269424823411,0.10167986911021255,339510.43049596937,0,False,False,True,"{""0"":null,""1"":null,""2"":null,""3"":null}",991.0,228673.0,991.0,162055.0,991.0,162055.0,843.1428548802796,137801.68442312692,843.1428548802796,0.0,0.0,1416.1345780575066,172177.48049596895,0.0,3.5338778590529483,4.0,652.0,0.0,0.0,89.10000000032414,14485.500000035167,7.349999999998886,397.9499999999853,49.55000000018026,8102.750000020712,0.0,0.0,0.0,0.0,0.0,0.0,9.910000000000082,1620.5500000000056,495.5,81027.5,0.0,19.0,505.4100000000035,82648.0499999999,0.0,0.0,1416.1345780575066,172177.48049596895
230,2020-08-18,2020,True,100.62841530054645,991,991,1019,138644.8272780072,1348.7236406404536,18122,56,0.0,0.8324574898785425,0.16237283515259782,0.1665793043329735,0.163004707459826,0.3835851897107278,0.9660898082744702,0.12885127634386717,340353.74413660984,0,False,False,True,"{""0"":null,""1"":null,""2"":null,""3"":null}",991.0,229664.0,991.0,163046.0,991.0,163046.0,843.1428548802796,138644.8272780072,843.1428548802796,0.0,0.0,1348.7236406404409,173526.2041366094,0.0,3.5338778590529483,4.0,656.0,0.0,0.0,89.10000000032414,14574.60000003549,0.0,397.9499999999853,49.55000000018026,8152.300000020892,0.0,0.0,0.0,0.0,0.0,0.0,9.910000000000082,1630.4600000000057,495.5,81523.0,0.0,19.0,505.4100000000035,83153.4599999999,0.0,0.0,1348.7236406404409,173526.2041366094
231,2020-08-19,2020,True,100.6311475409836,991,991,1019,139487.97013288748,1281.3410819325663,18236,69,0.0,0.8485910931174089,0.15188470773835067,0.16670305423884169,0.16299859511466602,0.3835851897107278,0.9663017154389506,0.15413048912586402,341129.67521854246,0,False,False,True,"{""0"":null,""1"":null,""2"":null,""3"":null}",991.0,230655.0,991.0,164037.0,991.0,164037.0,843.1428548802796,139487.97013288748,843.1428548802796,0.0,0.0,1281.3410819325654,174807.54521854196,0.0,3.5338778590529483,4.0,660.0,0.0,0.0,89.10000000032414,14663.700000035815,0.0,397.9499999999853,49.55000000000109,8201.850000020893,0.0,0.0,0.0,0.0,0.0,0.0,9.910000000000082,1640.3700000000058,495.5,82018.5,0.0,19.0,505.4100000000035,83658.86999999991,0.0,0.0,1281.3410819325654,174807.54521854196
232,2020-08-20,2020,True,100.63387978142076,991,991,1019,140331.11298776776,1209.2289165538386,18369,65,0.041649228221505415,0.8305182186234817,0.16586385096337883,0.1666407644499032,0.16290619385313587,0.3835851897107278,0.9665792129162463,0.17751013453190628,341833.4941350963,0,False,False,True,"{""0"":null,""1"":null,""2"":null,""3"":null}",991.0,231646.0,991.0,165028.0,991.0,165028.0,843.1428548802796,140331.11298776776,843.1428548802796,0.0,0.0,1209.2289165538386,176016.7741350958,0.0416492282215053,3.5755270872744536,4.0,664.0,0.0,0.0,89.10000000032414,14752.800000036139,3.449999999999477,401.3999999999848,49.54999999927895,8251.400000020172,0.0,0.0,0.0,0.0,0.0,0.0,9.910000000000082,1650.2800000000059,495.5,82514.0,0.0,19.0,505.4100000000035,84164.27999999991,0.0,0.0,1209.2289165538386,176016.7741350958
233,2020-08-21,2020,True,100.63661202185793,991,991,1019,141174.25584264804,1166.9619717866808,18471,50,0.0,0.8082753036437247,0.17416393100328276,0.16672113935633795,0.16285979187345506,0.3835851897107278,0.9668869828456105,0.19903578306301895,342495.04610688303,0,False,False,True,"{""0"":null,""1"":null,""2"":null,""3"":null}",991.0,232637.0,991.0,166019.0,991.0,166019.0,843.1428548802796,141174.25584264804,843.1428548802796,0.0,0.0,1166.961971786688,177183.73610688248,0.0,3.5755270872744536,4.0,668.0,0.0,0.0,89.10000000032414,14841.900000036463,4.94999999999925,406.34999999998405,49.54999999927895,8300.950000019451,0.0,0.0,0.0,0.0,0.0,0.0,9.910000000000082,1660.190000000006,495.5,83009.5,0.0,19.0,505.4100000000035,84669.68999999992,0.0,0.0,1166.961971786688,177183.73610688248
234,2020-08-22,2020,False,100.63934426229508,991,0,1019,141174.25584264804,0.0,17600,50,0.0,,,0.16663634844554603,0.16285408649661454,0.3835851897107278,0.9679969727547931,0.12223854374790369,342495.04610688303,0,False,False,True,"{""0"":null,""1"":null,""2"":null,""3"":null}",991.0,233628.0,0.0,166019.0,0.0,166019.0,0.0,141174.25584264804,0.0,0.0,0.0,0.0,177183.73610688248,0.0,3.5755270872744536,0.0,668.0,0.0,0.0,0.0,14841.900000036463,0.0,406.34999999998405,0.0,8300.950000019451,0.0,0.0,0.0,0.0,0.0,0.0,0.0,1660.190000000006,0.0,83009.5,0.0,19.0,0.0,84669.68999999992,0.0,0.0,0.0,177183.73610688248
235,2020-08-23,2020,False,100.64207650273224,992,0,1020,141174.25584264804,0.0,17600,50,0.0,,,0.16662379085000675,0.1620058981039984,0.383519359985405,0.9677268145161291,0.07227046335013504,342494.04610688303,0,False,False,True,"{""0"":null,""1"":null,""2"":null,""3"":null}",992.0,234620.0,0.0,166019.0,0.0,166019.0,0.0,141174.25584264804,0.0,0.0,0.0,0.0,177183.73610688248,0.0,3.5755270872744536,0.0,668.0,0.0,0.0,0.0,14841.900000036463,0.0,406.34999999998405,0.0,8300.950000019451,0.0,0.0,0.0,0.0,0.0,0.0,0.0,1660.190000000006,0.0,83009.5,1.0,20.0,0.0,84669.68999999992,0.0,0.0,0.0,177183.73610688248
236,2020-08-24,2020,True,100.64480874316939,991,991,1020,142017.35624717796,1457.5615480551587,18587,21,0.0,0.8587229943674397,0.12769371886286784,0.16689018377172907,0.16221899491982736,0.38371308504561413,0.9667305751765892,0.10134638968266824,343446.1976549382,0,False,False,True,"{""0"":null,""1"":null,""2"":null,""3"":null}",991.0,235611.0,991.0,167010.0,991.0,167010.0,843.1004045299196,142017.35624717796,843.1004045299196,0.0,0.0,1457.5615480551496,178641.29765493763,0.0,3.5755270872744536,4.0,672.0,0.0,0.0,89.10000000032414,14931.000000036787,7.499999999998863,413.8499999999829,49.54999999927895,8350.50000001873,0.0,0.0,0.0,0.0,0.0,0.0,9.910000000000082,1670.100000000006,495.5,83505.0,0.0,20.0,505.4100000000035,85175.09999999992,0.0,0.0,1457.5615480551496,178641.29765493763
237,2020-08-25,2020,True,100.64754098360656,991,991,1020,142860.45665170788,1332.8383125912744,18639,37,0.0,0.8375208585419122,0.16089969455662306,0.16701916600090688,0.16239808182560087,0.38371308504561413,0.9669122098890011,0.12858075924084764,344273.6259675295,0,False,False,True,"{""0"":null,""1"":null,""2"":null,""3"":null}",991.0,236602.0,991.0,168001.0,991.0,168001.0,843.1004045299196,142860.45665170788,843.1004045299196,0.0,0.0,1332.8383125912806,179974.1359675289,0.0,3.5755270872744536,4.0,676.0,0.0,0.0,89.10000000032414,15020.100000037111,0.0,413.8499999999829,49.54999999927895,8400.050000018009,0.0,0.0,0.0,0.0,0.0,0.0,9.910000000000082,1680.0100000000061,495.5,84000.5,0.0,20.0,505.4100000000035,85680.50999999992,0.0,0.0,1332.8383125912806,179974.1359675289
238,2020-08-26,2020,True,100.65027322404372,990,990,1020,143702.59868187265,1289.6955122192019,18741,50,0.056287193806967,0.8241981222142478,0.1666627808182804,0.16686738263611894,0.1620042869149821,0.3837024868508675,0.9666313131313131,0.15373668468241466,345058.4214797487,0,False,False,True,"{""0"":null,""1"":null,""2"":null,""3"":null}",990.0,237592.0,990.0,168991.0,990.0,168991.0,842.142030164774,143702.59868187265,842.142030164774,0.0,0.0,1289.6955122192157,181263.83147974813,0.05628719380696712,3.6318142810814207,4.0,680.0,0.0,0.0,89.00000000032378,15109.100000037435,0.0,413.8499999999829,49.49999999927968,8449.550000017289,0.0,0.0,0.0,0.0,0.0,0.0,9.900000000000091,1689.9100000000062,495.0,84495.5,0.0,20.0,504.8999999999942,86185.40999999992,0.0,0.0,1289.6955122192157,181263.83147974813
239,2020-08-27,2020,True,100.65300546448087,990,990,1020,144544.74071203743,1243.9388138247705,18863,45,0.33994839003449745,0.8404294187583718,0.15814367530041995,0.16689696333585594,0.16207595996966925,0.3837024868508675,0.9666464646464646,0.1770543805921971,345797.46029357344,0,False,False,True,"{""0"":null,""1"":null,""2"":null,""3"":null}",990.0,238582.0,990.0,169981.0,990.0,169981.0,842.142030164774,144544.74071203743,842.142030164774,0.0,0.0,1243.9388138247596,182507.7702935729,0.3399483900344973,3.971762671115918,4.0,684.0,0.0,0.0,89.00000000032378,15198.100000037759,3.1499999999995225,416.99999999998244,49.49999999927968,8499.050000016568,0.0,0.0,0.0,0.0,0.0,0.0,9.900000000000091,1699.8100000000063,495.0,84990.5,0.0,20.0,504.8999999999942,86690.30999999991,0.0,0.0,1243.9388138247596,182507.7702935729
240,2020-08-28,2020,True,100.65573770491804,990,990,1020,145386.8827422022,1160.953400946174,18959,44,0.0,0.828275177096323,0.15908377916189317,0.16675858725633042,0.16190979809436884,0.3837024868508675,0.9668232323232323,0.19868524475480215,346453.5136945196,0,False,False,True,"{""0"":null,""1"":null,""2"":null,""3"":null}",990.0,239572.0,990.0,170971.0,990.0,170971.0,842.142030164774,145386.8827422022,842.142030164774,0.0,0.0,1160.953400946164,183668.72369451905,0.0,3.971762671115918,4.0,688.0,0.0,0.0,89.00000000032378,15287.100000038083,2.399999999999636,419.3999999999821,49.49999999927968,8548.550000015848,0.0,0.0,0.0,0.0,0.0,0.0,9.900000000000091,1709.7100000000064,495.0,85485.5,0.0,20.0,504.8999999999942,87195.2099999999,0.0,0.0,1160.953400946164,183668.72369451905
241,2020-08-29,2020,False,100.6584699453552,990,0,1020,145386.8827422022,0.0,18100,44,0.0,,,0.16676657500174663,0.16192281645506842,0.3837024868508675,0.9677777777777778,0.12179477452603915,346453.5136945196,0,False,False,True,"{""0"":null,""1"":null,""2"":null,""3"":null}",990.0,240562.0,0.0,170971.0,0.0,170971.0,0.0,145386.8827422022,0.0,0.0,0.0,0.0,183668.72369451905,0.0,3.971762671115918,0.0,688.0,0.0,0.0,0.0,15287.100000038083,0.0,419.3999999999821,0.0,8548.550000015848,0.0,0.0,0.0,0.0,0.0,0.0,0.0,1709.7100000000064,0.0,85485.5,0.0,20.0,0.0,87195.2099999999,0.0,0.0,0.0,183668.72369451905
242,2020-08-30,2020,False,100.66120218579235,990,0,1020,145386.8827422022,0.0,18100,44,0.0,,,0.16676657500174663,0.16192281645506842,0.3837024868508675,0.9677777777777778,0.07185849750825142,346453.5136945196,0,False,False,True,"{""0"":null,""1"":null,""2"":null,""3"":null}",990.0,241552.0,0.0,170971.0,0.0,170971.0,0.0,145386.8827422022,0.0,0.0,0.0,0.0,183668.72369451905,0.0,3.971762671115918,0.0,688.0,0.0,0.0,0.0,15287.100000038083,0.0,419.3999999999821,0.0,8548.550000015848,0.0,0.0,0.0,0.0,0.0,0.0,0.0,1709.7100000000064,0.0,85485.5,0.0,20.0,0.0,87195.2099999999,0.0,0.0,0.0,183668.72369451905
243,2020-08-31,2020,True,100.6639344262295,990,990,1020,146229.02477236697,1408.0977621822187,19088,12,0.0,0.838474607761261,0.16486736818268596,0.16676657500174663,0.16192281645506842,0.3837024868508675,0.9670959595959595,0.10102910257602095,347356.7114567018,0,False,False,True,"{""0"":null,""1"":null,""2"":null,""3"":null}",990.0,242542.0,990.0,171961.0,990.0,171961.0,842.142030164774,146229.02477236697,842.142030164774,0.0,0.0,1408.0977621822094,185076.82145670126,0.0,3.971762671115918,4.0,692.0,0.0,0.0,89.00000000032378,15376.100000038407,6.5999999999989996,425.99999999998107,49.49999999927968,8598.050000015128,0.0,0.0,0.0,0.0,0.0,0.0,9.900000000000091,1719.6100000000065,495.0,85980.5,0.0,20.0,504.8999999999942,87700.1099999999,0.0,0.0,1408.0977621822094,185076.82145670126
244,2020-09-01,2020,True,100.66666666666667,990,990,1021,147071.15444045872,1350.2674621063497,19144,25,0.0,0.8444305034489505,0.14277656414394407,0.16681116628168363,0.16097520024990158,0.3838335570152222,0.9671515151515152,0.12807452074570397,348201.07891880814,0,False,False,True,"{""0"":null,""1"":null,""2"":null,""3"":null}",990.0,243532.0,990.0,172951.0,990.0,172951.0,842.129668091744,147071.15444045872,842.129668091744,0.0,0.0,1350.2674621063634,186427.08891880763,0.0,3.971762671115918,4.0,696.0,0.0,0.0,89.00000000032378,15465.10000003873,0.0,425.99999999998107,49.49999999927968,8647.550000014407,0.0,0.0,0.0,0.0,0.0,0.0,9.900000000000091,1729.5100000000066,495.0,86475.5,1.0,21.0,504.8999999999942,88205.0099999999,0.0,0.0,1350.2674621063634,186427.08891880763
245,2020-09-02,2020,True,100.66939890710383,991,991,1022,147914.08091168434,1274.7304449822807,19239,42,0.0,0.8344792104560441,0.1593238121161677,0.1669832463283691,0.1605171306687204,0.38408164927685734,0.9666397578203834,0.15336506861976315,348969.39936379046,0,False,False,True,"{""0"":null,""1"":null,""2"":null,""3"":null}",991.0,244523.0,991.0,173942.0,991.0,173942.0,842.9264712256263,147914.08091168434,842.9264712256263,0.0,0.0,1274.7304449822695,187701.8193637899,0.0,3.971762671115918,4.0,700.0,0.0,0.0,89.10000000032414,15554.200000039054,0.0,425.99999999998107,49.54999999927895,8697.100000013686,0.0,0.0,0.0,0.0,0.0,0.0,9.910000000000082,1739.4200000000067,495.5,86971.0,1.0,22.0,505.4100000000035,88710.4199999999,0.0,0.0,1274.7304449822695,187701.8193637899
246,2020-09-03,2020,True,100.67213114754098,991,991,1022,148757.00738290997,1225.233085327585,19341,52,0.0,0.8203859546150368,0.16525795451742875,0.1670589609100287,0.16063760312148667,0.38408164927685734,0.9662663975782039,0.1767188685312354,349689.2224491181,0,False,False,True,"{""0"":null,""1"":null,""2"":null,""3"":null}",991.0,245514.0,991.0,174933.0,991.0,174933.0,842.9264712256263,148757.00738290997,842.9264712256263,0.0,0.0,1225.233085327578,188927.05244911747,0.0,3.971762671115918,4.0,704.0,0.0,0.0,89.10000000032414,15643.300000039379,1.7999999999997272,427.7999999999808,49.54999999927895,8746.650000012965,0.0,0.0,0.0,0.0,0.0,0.0,9.910000000000082,1749.3300000000067,495.5,87466.5,0.0,22.0,505.4100000000035,89215.8299999999,0.0,0.0,1225.233085327578,188927.05244911747
247,2020-09-04,2020,True,100.67486338797814,992,992,1023,149600.8708132803,1172.73992178129,19456,59,0.0,0.8367712589144936,0.16344838629332298,0.16651860648887234,0.15950839224102994,0.3838847493871798,0.9661038306451613,0.1983061133870637,350355.0423708994,0,False,False,True,"{""0"":null,""1"":null,""2"":null,""3"":null}",992.0,246506.0,992.0,175925.0,992.0,175925.0,843.8634303703147,149600.8708132803,843.8634303703147,0.0,0.0,1172.7399217812927,190099.79237089877,0.0,3.971762671115918,4.0,708.0,0.0,0.0,89.20000000032451,15732.500000039703,1.9499999999997044,429.7499999999805,49.599999999278225,8796.250000012244,0.0,0.0,0.0,0.0,0.0,0.0,9.920000000000073,1759.2500000000068,496.0,87962.5,1.0,23.0,505.91999999999825,89721.7499999999,0.0,0.0,1172.7399217812927,190099.79237089877
248,2020-09-05,2020,False,100.6775956284153,991,0,1024,149600.8708132803,0.0,18600,59,0.0,,,0.16659930008224522,0.15885554552784198,0.38408164927685734,0.9668668012108981,0.12071189288904996,350354.0423708994,0,False,False,True,"{""0"":null,""1"":null,""2"":null,""3"":null}",991.0,247497.0,0.0,175925.0,0.0,175925.0,0.0,149600.8708132803,0.0,0.0,0.0,0.0,190099.79237089877,0.0,3.971762671115918,0.0,708.0,0.0,0.0,0.0,15732.500000039703,0.0,429.7499999999805,0.0,8796.250000012244,0.0,0.0,0.0,0.0,0.0,0.0,0.0,1759.2500000000068,0.0,87962.5,1.0,24.0,0.0,89721.7499999999,0.0,0.0,0.0,190099.79237089877
249,2020-09-06,2020,False,100.68032786885246,991,0,1024,149600.8708132803,0.0,18600,59,0.0,,,0.16659930008224522,0.158855545527842,0.38408164927685734,0.9668668012108981,0.07079943288264282,350354.0423708994,0,False,False,True,"{""0"":null,""1"":null,""2"":null,""3"":null}",991.0,248488.0,0.0,175925.0,0.0,175925.0,0.0,149600.8708132803,0.0,0.0,0.0,0.0,190099.79237089877,0.0,3.971762671115918,0.0,708.0,0.0,0.0,0.0,15732.500000039703,0.0,429.7499999999805,0.0,8796.250000012244,0.0,0.0,0.0,0.0,0.0,0.0,0.0,1759.2500000000068,0.0,87962.5,0.0,24.0,0.0,89721.7499999999,0.0,0.0,0.0,190099.79237089877
250,2020-09-07,2020,True,100.68306010928961,991,991,1024,150443.7978725781,1444.1894835560126,19600,17,0.0,0.8648901068394711,0.12790891588135617,0.16659930008224522,0.15885554552784198,0.38408164927685734,0.9659334006054491,0.09983384143434562,351292.82185445545,0,False,False,True,"{""0"":null,""1"":null,""2"":null,""3"":null}",991.0,249479.0,991.0,176916.0,991.0,176916.0,842.9270592978282,150443.7978725781,842.9270592978282,0.0,0.0,1444.1894835560233,191543.9818544548,0.0,3.971762671115918,4.0,712.0,0.0,0.0,89.10000000032414,15821.600000040027,8.849999999998658,438.59999999997916,49.54999999927895,8845.800000011523,0.0,0.0,0.0,0.0,0.0,0.0,9.910000000000082,1769.160000000007,495.5,88458.0,0.0,24.0,505.4100000000035,90227.1599999999,0.0,0.0,1444.1894835560233,191543.9818544548
251,2020-09-08,2020,True,100.68579234972678,991,991,1024,151286.72493187594,1353.599973888481,19639,37,0.0,0.8385648915609774,0.15240245533641725,0.1665947618393797,0.1588872011903959,0.38408164927685734,0.9664883955600403,0.1270817047055212,352141.01182834397,0,False,False,True,"{""0"":null,""1"":null,""2"":null,""3"":null}",991.0,250470.0,991.0,177907.0,991.0,177907.0,842.9270592978282,151286.72493187594,842.9270592978282,0.0,0.0,1353.5999738884857,192897.58182834327,0.0,3.971762671115918,4.0,716.0,0.0,0.0,89.10000000032414,15910.700000040351,0.0,438.59999999997916,49.54999999927895,8895.350000010802,0.0,0.0,0.0,0.0,0.0,0.0,9.910000000000082,1779.070000000007,495.5,88953.5,0.0,24.0,505.4100000000035,90732.5699999999,0.0,0.0,1353.5999738884857,192897.58182834327
252,2020-09-09,2020,True,100.68852459016394,991,991,1024,152129.65199117377,1277.3187594034068,19748,49,0.0,0.8376221971493611,0.15200107545038316,0.16662311390315138,0.15888508292321224,0.38408164927685734,0.966372351160444,0.15235703518091112,352912.9205877474,0,False,False,True,"{""0"":null,""1"":null,""2"":null,""3"":null}",991.0,251461.0,991.0,178898.0,991.0,178898.0,842.9270592978282,152129.65199117377,842.9270592978282,0.0,0.0,1277.3187594033952,194174.90058774667,0.0,3.971762671115918,4.0,720.0,0.0,0.0,89.10000000032414,15999.800000040676,0.0,438.59999999997916,49.54999999927895,8944.90000001008,0.0,0.0,0.0,0.0,0.0,0.0,9.910000000000082,1788.980000000007,495.5,89449.0,0.0,24.0,505.4100000000035,91237.97999999991,0.0,0.0,1277.3187594033952,194174.90058774667
253,2020-09-10,2020,True,100.69125683060109,991,991,1024,152972.5790504716,1254.4994014640308,19848,53,0.0,0.8102474413784169,0.19232251500402953,0.1665229550023108,0.15884574487419975,0.38408164927685734,0.966231079717457,0.17571457305203897,353662.00998921145,0,False,False,True,"{""0"":null,""1"":null,""2"":null,""3"":null}",991.0,252452.0,991.0,179889.0,991.0,179889.0,842.9270592978282,152972.5790504716,842.9270592978282,0.0,0.0,1254.4994014640397,195429.3999892107,0.0,3.971762671115918,4.0,724.0,0.0,0.0,89.10000000032414,16088.900000041,2.5499999999996135,441.1499999999788,49.54999999927895,8994.45000000936,0.0,0.0,0.0,0.0,0.0,0.0,9.910000000000082,1798.8900000000071,495.5,89944.5,0.0,24.0,505.4100000000035,91743.38999999991,0.0,0.0,1254.4994014640397,195429.3999892107
254,2020-09-11,2020,True,100.69398907103825,992,992,1025,153816.2648965636,1196.5275973325586,19969,48,0.0,0.8165398612546172,0.18374281413310878,0.16624014391957997,0.15780252284162483,0.3838847493871798,0.9659778225806451,0.1972584643973792,354351.617586544,0,False,False,True,"{""0"":null,""1"":null,""2"":null,""3"":null}",992.0,253444.0,992.0,180881.0,992.0,180881.0,843.6858460920048,153816.2648965636,843.6858460920048,0.0,0.0,1196.5275973325479,196625.92758654326,0.0,3.971762671115918,4.0,728.0,0.0,0.0,89.20000000032451,16178.100000041324,2.9999999999995453,444.1499999999783,49.599999999278225,9044.050000008638,0.0,0.0,0.0,0.0,0.0,0.0,9.920000000000073,1808.8100000000072,496.0,90440.5,1.0,25.0,505.91999999999825,92249.30999999991,0.0,0.0,1196.5275973325479,196625.92758654326
255,2020-09-12,2020,False,100.69672131147541,993,0,1026,153816.2648965636,0.0,19100,48,0.0,,,0.16601705881911288,0.15696056467356734,0.38389534758192645,0.9667220543806647,0.1203834982803114,354350.617586544,0,False,False,True,"{""0"":null,""1"":null,""2"":null,""3"":null}",993.0,254437.0,0.0,180881.0,0.0,180881.0,0.0,153816.2648965636,0.0,0.0,0.0,0.0,196625.92758654326,0.0,3.971762671115918,0.0,728.0,0.0,0.0,0.0,16178.100000041324,0.0,444.1499999999783,0.0,9044.050000008638,0.0,0.0,0.0,0.0,0.0,0.0,0.0,1808.8100000000072,0.0,90440.5,1.0,26.0,0.0,92249.30999999991,0.0,0.0,0.0,196625.92758654326
256,2020-09-13,2020,False,100.69945355191257,993,0,1026,153816.2648965636,0.0,19100,48,0.0,,,0.16601705881911286,0.15696056467356734,0.38389534758192645,0.9667220543806647,0.0704907663496102,354350.617586544,0,False,False,True,"{""0"":null,""1"":null,""2"":null,""3"":null}",993.0,255430.0,0.0,180881.0,0.0,180881.0,0.0,153816.2648965636,0.0,0.0,0.0,0.0,196625.92758654326,0.0,3.971762671115918,0.0,728.0,0.0,0.0,0.0,16178.100000041324,0.0,444.1499999999783,0.0,9044.050000008638,0.0,0.0,0.0,0.0,0.0,0.0,0.0,1808.8100000000072,0.0,90440.5,0.0,26.0,0.0,92249.30999999991,0.0,0.0,0.0,196625.92758654326
257,2020-09-14,2020,True,100.70218579234972,993,993,1026,154660.75715767767,1431.6472680164293,20094,18,0.0,0.8529712915918605,0.1327258632351143,0.16601705881911288,0.15696056467356734,0.38389534758192645,0.9659667673716013,0.09959824001624601,355275.83485456044,0,False,False,True,"{""0"":null,""1"":null,""2"":null,""3"":null}",993.0,256423.0,993.0,181874.0,993.0,181874.0,844.4922611140646,154660.75715767767,844.4922611140646,0.0,0.0,1431.6472680164152,198057.57485455967,0.0,3.971762671115918,4.0,732.0,0.0,0.0,89.30000000032487,16267.400000041649,7.199999999998909,451.34999999997723,49.6499999992775,9093.700000007915,0.0,0.0,0.0,0.0,0.0,0.0,9.930000000000064,1818.7400000000073,496.5,90937.0,0.0,26.0,506.429999999993,92755.7399999999,0.0,0.0,1431.6472680164152,198057.57485455967
258,2020-09-15,2020,True,100.70491803278688,993,993,1026,155505.24941879173,1369.560378585706,20156,28,0.0,0.8348463397799111,0.1450675524492028,0.16603986372229257,0.15698812233230874,0.38389534758192645,0.9666817724068479,0.12681114652889253,356138.96523314615,0,False,False,True,"{""0"":null,""1"":null,""2"":null,""3"":null}",993.0,257416.0,993.0,182867.0,993.0,182867.0,844.4922611140646,155505.24941879173,844.4922611140646,0.0,0.0,1369.5603785857093,199427.13523314538,0.0,3.971762671115918,4.0,736.0,0.0,0.0,89.30000000032487,16356.700000041974,0.0,451.34999999997723,49.6499999992775,9143.350000007193,0.0,0.0,0.0,0.0,0.0,0.0,9.930000000000064,1828.6700000000073,496.5,91433.5,0.0,26.0,506.429999999993,93262.1699999999,0.0,0.0,1369.5603785857093,199427.13523314538
259,2020-09-16,2020,True,100.70765027322405,993,993,1026,156349.7416799058,1304.930504099392,20248,40,0.0,0.8358502247202209,0.15617480429484198,0.16586845976519554,0.1570349850514422,0.38389534758192645,0.9666767371601208,0.15207537885439348,356937.46573724557,0,False,False,True,"{""0"":null,""1"":null,""2"":null,""3"":null}",993.0,258409.0,993.0,183860.0,993.0,183860.0,844.4922611140646,156349.7416799058,844.4922611140646,0.0,0.0,1304.9305040993786,200732.06573724476,0.0,3.971762671115918,4.0,740.0,0.0,0.0,89.2999999991971,16446.00000004117,0.0,451.34999999997723,49.6499999992775,9193.00000000647,0.0,0.0,0.0,0.0,0.0,0.0,9.930000000000064,1838.6000000000074,496.5,91930.0,0.0,26.0,506.429999999993,93768.59999999989,0.0,0.0,1304.9305040993786,200732.06573724476
260,2020-09-17,2020,True,100.7103825136612,993,993,1026,157194.23394101986,1239.2020249228642,20363,37,0.0,0.8378705005473113,0.16371399349158106,0.16579848243928436,0.15681873348710004,0.38389534758192645,0.9664350453172205,0.17543077093207043,357670.23776216846,0,False,False,True,"{""0"":null,""1"":null,""2"":null,""3"":null}",993.0,259402.0,993.0,184853.0,993.0,184853.0,844.4922611140646,157194.23394101986,844.4922611140646,0.0,0.0,1239.2020249228517,201971.2677621676,0.0,3.971762671115918,4.0,744.0,0.0,0.0,89.29999999870051,16535.30000003987,2.6999999999995907,454.0499999999768,49.6499999992775,9242.650000005748,0.0,0.0,0.0,0.0,0.0,0.0,9.930000000000064,1848.5300000000075,496.5,92426.5,0.0,26.0,506.429999999993,94275.02999999988,0.0,0.0,1239.2020249228517,201971.2677621676
261,2020-09-18,2020,True,100.71311475409836,992,992,1026,158037.97130205153,1178.883459435312,20450,40,0.0,0.8054462200375224,0.18847829122773446,0.1657711976611229,0.1567857112510664,0.3836472553202913,0.9663558467741935,0.19718199935119404,358343.2012216038,0,False,False,True,"{""0"":null,""1"":null,""2"":null,""3"":null}",992.0,260394.0,992.0,185845.0,992.0,185845.0,843.7373610316718,158037.97130205153,843.7373610316718,0.0,0.0,1178.8834594353102,203150.15122160292,0.0,3.971762671115918,4.0,748.0,0.0,0.0,89.19999999870197,16624.500000038573,1.4999999999997726,455.5499999999766,49.599999999278225,9292.250000005026,0.0,0.0,0.0,0.0,0.0,0.0,9.920000000000073,1858.4500000000075,496.0,92922.5,0.0,26.0,505.91999999999825,94780.94999999988,0.0,0.0,1178.8834594353102,203150.15122160292
262,2020-09-19,2020,False,100.71584699453553,992,0,1026,158037.97130205153,0.0,19600,40,0.0,,,0.1658693291145924,0.15683574168578124,0.3836472553202913,0.9670161290322581,0.12051836248719322,358343.2012216038,0,False,False,True,"{""0"":null,""1"":null,""2"":null,""3"":null}",992.0,261386.0,0.0,185845.0,0.0,185845.0,0.0,158037.97130205153,0.0,0.0,0.0,0.0,203150.15122160292,0.0,3.971762671115918,0.0,748.0,0.0,0.0,0.0,16624.500000038573,0.0,455.5499999999766,0.0,9292.250000005026,0.0,0.0,0.0,0.0,0.0,0.0,0.0,1858.4500000000075,0.0,92922.5,0.0,26.0,0.0,94780.94999999988,0.0,0.0,0.0,203150.15122160292
263,2020-09-20,2020,False,100.71857923497268,992,0,1026,158037.97130205153,0.0,19600,40,0.0,,,0.1658693291145924,0.15683574168578127,0.3836472553202913,0.9670161290322581,0.07052132525490067,358343.2012216038,0,False,False,True,"{""0"":null,""1"":null,""2"":null,""3"":null}",992.0,262378.0,0.0,185845.0,0.0,185845.0,0.0,158037.97130205153,0.0,0.0,0.0,0.0,203150.15122160292,0.0,3.971762671115918,0.0,748.0,0.0,0.0,0.0,16624.500000038573,0.0,455.5499999999766,0.0,9292.250000005026,0.0,0.0,0.0,0.0,0.0,0.0,0.0,1858.4500000000075,0.0,92922.5,0.0,26.0,0.0,94780.94999999988,0.0,0.0,0.0,203150.15122160292
264,2020-09-21,2020,True,100.72131147540983,992,992,1026,158881.7086630832,1449.330924800005,20577,21,0.0,0.8517605422342367,0.135784542927137,0.1658693291145924,0.15683574168578124,0.3836472553202913,0.9660282258064515,0.09956872263138355,359286.6121464038,0,False,False,True,"{""0"":null,""1"":null,""2"":null,""3"":null}",992.0,263370.0,992.0,186837.0,992.0,186837.0,843.7373610316718,158881.7086630832,843.7373610316718,0.0,0.0,1449.330924800015,204599.48214640294,0.0,3.971762671115918,4.0,752.0,0.0,0.0,89.19999999870197,16713.700000037275,5.9999999999990905,461.5499999999757,49.599999999278225,9341.850000004304,0.0,0.0,0.0,0.0,0.0,0.0,9.920000000000073,1868.3700000000076,496.0,93418.5,0.0,26.0,505.91999999999825,95286.86999999988,0.0,0.0,1449.330924800015,204599.48214640294
265,2020-09-22,2020,True,100.72404371584699,992,992,1026,159725.44602411488,1397.5097936927493,20641,45,0.0,0.8276278517491673,0.15537350052660964,0.16576002856482205,0.15682970033483493,0.3836472553202913,0.9661441532258064,0.12683703848505565,360178.20194009657,0,False,False,True,"{""0"":null,""1"":null,""2"":null,""3"":null}",992.0,264362.0,992.0,187829.0,992.0,187829.0,843.7373610316718,159725.44602411488,843.7373610316718,0.0,0.0,1397.5097936927632,205996.9919400957,0.0,3.971762671115918,4.0,756.0,0.0,0.0,89.19999999870197,16802.900000035977,0.0,461.5499999999757,49.599999999278225,9391.450000003582,0.0,0.0,0.0,0.0,0.0,0.0,9.920000000000073,1878.2900000000077,496.0,93914.5,0.0,26.0,505.91999999999825,95792.78999999988,0.0,0.0,1397.5097936927632,205996.9919400957
266,2020-09-23,2020,True,100.72677595628416,992,992,1026,160569.18338514655,1330.9486747164692,20745,60,0.0,0.8397530306677933,0.13708373453200762,0.16578782941451792,0.15686961313224326,0.3836472553202913,0.9660282258064515,0.15212426810537175,361003.23061481304,0,False,False,True,"{""0"":null,""1"":null,""2"":null,""3"":null}",992.0,265354.0,992.0,188821.0,992.0,188821.0,843.7373610316718,160569.18338514655,843.7373610316718,0.0,0.0,1330.9486747164628,207327.94061481216,0.0,3.971762671115918,4.0,760.0,0.0,0.0,89.19999999870197,16892.10000003468,0.0,461.5499999999757,49.599999999278225,9441.05000000286,0.0,0.0,0.0,0.0,0.0,0.0,9.920000000000073,1888.2100000000078,496.0,94410.5,0.0,26.0,505.91999999999825,96298.70999999988,0.0,0.0,1330.9486747164628,207327.94061481216
267,2020-09-24,2020,True,100.72950819672131,992,992,1026,161412.92074617822,1265.8145912094394,20864,51,0.03738586945563092,0.834623281555109,0.15383927871499575,0.16580962939398775,0.15694513560879836,0.3836472553202913,0.9659576612903226,0.17560014249378222,361763.1252060225,0,False,False,True,"{""0"":null,""1"":null,""2"":null,""3"":null}",992.0,266346.0,992.0,189813.0,992.0,189813.0,843.7373610316718,161412.92074617822,843.7373610316718,0.0,0.0,1265.8145912094333,208593.7552060216,0.03738586945563105,4.009148540571549,4.0,764.0,0.0,0.0,89.19999999870197,16981.30000003338,3.1499999999995225,464.6999999999752,49.599999999278225,9490.650000002139,0.0,0.0,0.0,0.0,0.0,0.0,9.920000000000073,1898.1300000000078,496.0,94906.5,0.0,26.0,505.91999999999825,96804.62999999987,0.0,0.0,1265.8145912094333,208593.7552060216
268,2020-09-25,2020,True,100.73224043715847,991,991,1026,162255.6771657589,1175.6232229284828,20961,45,0.042370402650942614,0.8224159534835175,0.1772822633319907,0.1657671200061973,0.1568394328083471,0.38371308504561413,0.9657870837537841,0.19696971039417416,362433.33842895104,0,False,False,True,"{""0"":null,""1"":null,""2"":null,""3"":null}",991.0,267337.0,991.0,190804.0,991.0,190804.0,842.7564195806917,162255.6771657589,842.7564195806917,0.0,0.0,1175.6232229284942,209769.3784289501,0.04237040265094283,4.051518943222492,4.0,768.0,0.0,0.0,89.09999999870342,17070.400000032085,3.5999999999994543,468.29999999997466,49.54999999927895,9540.200000001418,0.0,0.0,0.0,0.0,0.0,0.0,9.910000000000082,1908.040000000008,495.5,95402.0,0.0,26.0,505.4100000000035,97310.03999999988,0.0,0.0,1175.6232229284942,209769.3784289501
269,2020-09-26,2020,False,100.73497267759564,991,0,1026,162255.6771657589,0.0,20100,45,0.0,,,0.16571231578035917,0.15679696267751095,0.38371308504561413,0.9666094853683148,0.12027007667448569,362433.33842895104,0,False,False,True,"{""0"":null,""1"":null,""2"":null,""3"":null}",991.0,268328.0,0.0,190804.0,0.0,190804.0,0.0,162255.6771657589,0.0,0.0,0.0,0.0,209769.3784289501,0.0,4.051518943222492,0.0,768.0,0.0,0.0,0.0,17070.400000032085,0.0,468.29999999997466,0.0,9540.200000001418,0.0,0.0,0.0,0.0,0.0,0.0,0.0,1908.040000000008,0.0,95402.0,0.0,26.0,0.0,97310.03999999988,0.0,0.0,0.0,209769.3784289501
270,2020-09-27,2020,False,100.73770491803279,991,0,1026,162255.6771657589,0.0,20100,45,0.0,,,0.16571231578035917,0.15679696267751092,0.38371308504561413,0.9666094853683148,0.07037075846610313,362433.33842895104,0,False,False,True,"{""0"":null,""1"":null,""2"":null,""3"":null}",991.0,269319.0,0.0,190804.0,0.0,190804.0,0.0,162255.6771657589,0.0,0.0,0.0,0.0,209769.3784289501,0.0,4.051518943222492,0.0,768.0,0.0,0.0,0.0,17070.400000032085,0.0,468.29999999997466,0.0,9540.200000001418,0.0,0.0,0.0,0.0,0.0,0.0,0.0,1908.040000000008,0.0,95402.0,0.0,26.0,0.0,97310.03999999988,0.0,0.0,0.0,209769.3784289501
271,2020-09-28,2020,True,100.74043715846994,991,991,1026,163098.4335853396,1442.1332919958086,21092,13,0.218323324781524,0.8385330370718869,0.14953586533884716,0.16571231578035917,0.15679696267751095,0.38371308504561413,0.9658930373360243,0.09949708105021372,363370.06172094686,0,False,False,True,"{""0"":null,""1"":null,""2"":null,""3"":null}",991.0,270310.0,991.0,191795.0,991.0,191795.0,842.7564195806917,163098.4335853396,842.7564195806917,0.0,0.0,1442.1332919958222,211211.5117209459,0.21832332478152416,4.269842268004016,4.0,772.0,0.0,0.0,89.09999999870342,17159.50000003079,6.749999999998977,475.04999999997364,49.54999999927895,9589.750000000697,0.0,0.0,0.0,0.0,0.0,0.0,9.910000000000082,1917.950000000008,495.5,95897.5,0.0,26.0,505.4100000000035,97815.44999999988,0.0,0.0,1442.1332919958222,211211.5117209459
272,2020-09-29,2020,True,100.7431693989071,991,991,1026,163941.1900049203,1380.6728789953158,21144,30,0.0,0.825420003115505,0.1759558581119472,0.16569125146233096,0.15698235593653634,0.38371308504561413,0.9664127144298689,0.12670253130003417,364245.3245999422,0,False,False,True,"{""0"":null,""1"":null,""2"":null,""3"":null}",991.0,271301.0,991.0,192786.0,991.0,192786.0,842.7564195806917,163941.1900049203,842.7564195806917,0.0,0.0,1380.672878995305,212592.18459994122,0.0,4.269842268004016,4.0,776.0,0.0,0.0,89.09999999870342,17248.60000002949,0.0,475.04999999997364,49.54999999927895,9639.299999999976,0.0,0.0,0.0,0.0,0.0,0.0,9.910000000000082,1927.860000000008,495.5,96393.0,0.0,26.0,505.4100000000035,98320.85999999988,0.0,0.0,1380.672878995305,212592.18459994122
273,2020-09-30,2020,True,100.74590163934427,991,991,1026,164783.946424501,1322.8091053002906,21249,43,0.0,0.8325129563572299,0.17163701184947533,0.1655699605495612,0.15677603784647068,0.38371308504561413,0.9664328960645813,0.15196667329995303,365062.7237052425,0,False,False,True,"{""0"":null,""1"":null,""2"":null,""3"":null}",991.0,272292.0,991.0,193777.0,991.0,193777.0,842.7564195806917,164783.946424501,842.7564195806917,0.0,0.0,1322.8091053002863,213914.9937052415,0.0,4.269842268004016,4.0,780.0,0.0,0.0,89.09999999870342,17337.700000028195,0.0,475.04999999997364,49.54999999927895,9688.849999999255,0.0,0.0,0.0,0.0,0.0,0.0,9.910000000000082,1937.7700000000082,495.5,96888.5,0.0,26.0,505.4100000000035,98826.26999999989,0.0,0.0,1322.8091053002863,213914.9937052415
274,2020-10-01,2020,True,100.74863387978142,991,991,1026,165626.70284408168,1126.0250927892284,21361,36,0.015551020778602168,0.8254524235114679,0.1853788340168774,0.16554702375921307,0.15669576852663739,0.38371308504561413,0.9663521695257316,0.1753653271238377,365683.33879803173,0,False,False,True,"{""0"":null,""1"":null,""2"":null,""3"":null}",991.0,273283.0,991.0,194768.0,991.0,194768.0,842.7564195806917,165626.70284408168,842.7564195806917,0.0,0.0,1126.025092789234,215041.01879803074,0.015551020778602265,4.285393288782618,4.0,784.0,0.0,0.0,89.09999999870342,17426.8000000269,1.9499999999997044,476.99999999997334,49.54999999927895,9738.399999998534,0.0,0.0,0.0,0.0,0.0,0.0,9.910000000000082,1947.6800000000082,495.5,97384.0,0.0,26.0,505.4100000000035,99331.67999999989,0.0,0.0,1126.025092789234,215041.01879803074
275,2020-10-02,2020,True,100.75136612021858,991,991,1026,166469.45926366237,1102.2953363618608,21451,41,0.0,0.8072174750982511,0.18327694442279413,0.16560734641771627,0.1567411112625421,0.38371308504561413,0.9659586276488396,0.19701266435750908,366280.2241343936,0,False,False,True,"{""0"":null,""1"":null,""2"":null,""3"":null}",991.0,274274.0,991.0,195759.0,991.0,195759.0,842.7564195806917,166469.45926366237,842.7564195806917,0.0,0.0,1102.295336361858,216143.3141343926,0.0,4.285393288782618,4.0,788.0,0.0,0.0,89.09999999870342,17515.900000025602,2.5499999999996135,479.54999999997295,49.54999999927895,9787.949999997812,0.0,0.0,0.0,0.0,0.0,0.0,9.910000000000082,1957.5900000000083,495.5,97879.5,0.0,26.0,505.4100000000035,99837.0899999999,0.0,0.0,1102.295336361858,216143.3141343926
276,2020-10-03,2020,False,100.75409836065573,991,0,1026,166469.45926366237,0.0,20600,41,0.0,,,0.16562884507287384,0.156982251915201,0.38371308504561413,0.9668869828456105,0.12033027520406339,366280.2241343936,0,False,False,True,"{""0"":null,""1"":null,""2"":null,""3"":null}",991.0,275265.0,0.0,195759.0,0.0,195759.0,0.0,166469.45926366237,0.0,0.0,0.0,0.0,216143.3141343926,0.0,4.285393288782618,0.0,788.0,0.0,0.0,0.0,17515.900000025602,0.0,479.54999999997295,0.0,9787.949999997812,0.0,0.0,0.0,0.0,0.0,0.0,0.0,1957.5900000000083,0.0,97879.5,0.0,26.0,0.0,99837.0899999999,0.0,0.0,0.0,216143.3141343926
277,2020-10-04,2020,False,100.7568306010929,991,0,1026,166469.45926366237,0.0,20600,41,0.0,,,0.16562884507287387,0.156982251915201,0.38371308504561413,0.9668869828456105,0.07038956850416846,366280.2241343936,0,False,False,True,"{""0"":null,""1"":null,""2"":null,""3"":null}",991.0,276256.0,0.0,195759.0,0.0,195759.0,0.0,166469.45926366237,0.0,0.0,0.0,0.0,216143.3141343926,0.0,4.285393288782618,0.0,788.0,0.0,0.0,0.0,17515.900000025602,0.0,479.54999999997295,0.0,9787.949999997812,0.0,0.0,0.0,0.0,0.0,0.0,0.0,1957.5900000000083,0.0,97879.5,0.0,26.0,0.0,99837.0899999999,0.0,0.0,0.0,216143.3141343926
278,2020-10-05,2020,True,100.75956284153006,990,990,1026,167311.39123732506,1338.410643465868,21583,19,0.3542556865859976,0.845434369055168,0.1411915091416176,0.165662730106604,0.1572321363809588,0.38377891477093695,0.9658585858585859,0.09952373020785939,367113.73477785947,0,False,False,True,"{""0"":null,""1"":null,""2"":null,""3"":null}",990.0,277246.0,990.0,196749.0,990.0,196749.0,841.931973662693,167311.39123732506,841.931973662693,0.0,0.0,1338.4106434658752,217481.72477785847,0.35425568658599715,4.639648975368615,4.0,792.0,0.0,0.0,88.99999999870488,17604.900000024307,6.149999999999068,485.699999999972,49.49999999927968,9837.449999997092,0.0,0.0,0.0,0.0,0.0,0.0,9.900000000000091,1967.4900000000084,495.0,98374.5,0.0,26.0,504.8999999999942,100341.98999999989,0.0,0.0,1338.4106434658752,217481.72477785847
279,2020-10-06,2020,True,100.76229508196721,990,990,1026,168153.32321098776,1269.5571408583357,21636,37,0.0,0.8534908866234168,0.13121925902453685,0.1656513777493301,0.1570573192418361,0.38377891477093695,0.9660959595959595,0.1266232729119516,367878.39191871777,0,False,False,True,"{""0"":null,""1"":null,""2"":null,""3"":null}",990.0,278236.0,990.0,197739.0,990.0,197739.0,841.931973662693,168153.32321098776,841.931973662693,0.0,0.0,1269.5571408583492,218751.28191871682,0.0,4.639648975368615,4.0,796.0,0.0,0.0,88.99999999870488,17693.90000002301,0.0,485.699999999972,49.49999999927968,9886.949999996372,0.0,0.0,0.0,0.0,0.0,0.0,9.900000000000091,1977.3900000000085,495.0,98869.5,0.0,26.0,504.8999999999942,100846.88999999988,0.0,0.0,1269.5571408583492,218751.28191871682
280,2020-10-07,2020,True,100.76502732240436,990,990,1026,168995.25518465045,1192.738473993736,21747,49,0.0,0.8484870656715933,0.14003875896745271,0.16566552937617549,0.15708892485316556,0.38377891477093695,0.9661161616161617,0.1518963534149109,368566.23039271147,0,False,False,True,"{""0"":null,""1"":null,""2"":null,""3"":null}",990.0,279226.0,990.0,198729.0,990.0,198729.0,841.931973662693,168995.25518465045,841.931973662693,0.0,0.0,1192.738473993726,219944.02039271055,0.0,4.639648975368615,4.0,800.0,0.0,0.0,88.99999999870488,17782.900000021717,0.0,485.699999999972,49.49999999927968,9936.449999995652,0.0,0.0,0.0,0.0,0.0,0.0,9.900000000000091,1987.2900000000086,495.0,99364.5,0.0,26.0,504.8999999999942,101351.78999999988,0.0,0.0,1192.738473993726,219944.02039271055
281,2020-10-08,2020,True,100.76775956284153,988,988,1026,169835.6953249413,1155.6687894059185,21858,51,0.0,0.8309291885526926,0.1702767222504485,0.16531618196734454,0.15663535649332308,0.3835202243145551,0.9658755060728744,0.17553625567038308,369218.01918211736,0,False,False,True,"{""0"":null,""1"":null,""2"":null,""3"":null}",988.0,280214.0,988.0,199717.0,988.0,199717.0,840.4401402908552,169835.6953249413,840.4401402908552,0.0,0.0,1155.6687894059287,221099.68918211648,0.0,4.639648975368615,4.0,804.0,0.0,0.0,88.79999999870779,17871.700000020424,2.849999999999568,488.5499999999716,49.399999999281135,9985.849999994933,0.0,0.0,0.0,0.0,0.0,0.0,9.88000000000011,1997.1700000000087,494.0,99858.5,0.0,26.0,503.88000000000466,101855.66999999988,0.0,0.0,1155.6687894059287,221099.68918211648
282,2020-10-09,2020,True,100.77049180327869,988,988,1026,170676.13546523216,1102.6096289918153,21960,47,0.0,0.8087519682823836,0.17185105098070233,0.165247479165522,0.15654079615917907,0.3835202243145551,0.9659767206477733,0.1971759872139311,369816.74881110917,0,False,False,True,"{""0"":null,""1"":null,""2"":null,""3"":null}",988.0,281202.0,988.0,200705.0,988.0,200705.0,840.4401402908552,170676.13546523216,840.4401402908552,0.0,0.0,1102.609628991806,222202.29881110828,0.0,4.639648975368615,4.0,808.0,0.0,0.0,88.79999999870779,17960.500000019132,2.6999999999995907,491.2499999999712,49.399999999281135,10035.249999994214,0.0,0.0,0.0,0.0,0.0,0.0,9.88000000000011,2007.0500000000088,494.0,100352.5,0.0,26.0,503.88000000000466,102359.54999999989,0.0,0.0,1102.609628991806,222202.29881110828
283,2020-10-10,2020,False,100.77322404371584,988,0,1026,170676.13546523216,0.0,21100,47,0.0,,,0.16524904930625256,0.1566489187860336,0.3835202243145551,0.9670647773279353,0.12040022077129159,369816.74881110917,0,False,False,True,"{""0"":null,""1"":null,""2"":null,""3"":null}",988.0,282190.0,0.0,200705.0,0.0,200705.0,0.0,170676.13546523216,0.0,0.0,0.0,0.0,222202.29881110828,0.0,4.639648975368615,0.0,808.0,0.0,0.0,0.0,17960.500000019132,0.0,491.2499999999712,0.0,10035.249999994214,0.0,0.0,0.0,0.0,0.0,0.0,0.0,2007.0500000000088,0.0,100352.5,0.0,26.0,0.0,102359.54999999989,0.0,0.0,0.0,222202.29881110828
284,2020-10-11,2020,False,100.77595628415301,988,0,1026,170676.13546523216,0.0,21100,47,0.0,,,0.1652490493062526,0.1566489187860336,0.3835202243145551,0.9670647773279353,0.07032732672135396,369816.74881110917,0,False,False,True,"{""0"":null,""1"":null,""2"":null,""3"":null}",988.0,283178.0,0.0,200705.0,0.0,200705.0,0.0,170676.13546523216,0.0,0.0,0.0,0.0,222202.29881110828,0.0,4.639648975368615,0.0,808.0,0.0,0.0,0.0,17960.500000019132,0.0,491.2499999999712,0.0,10035.249999994214,0.0,0.0,0.0,0.0,0.0,0.0,0.0,2007.0500000000088,0.0,100352.5,0.0,26.0,0.0,102359.54999999989,0.0,0.0,0.0,222202.29881110828
285,2020-10-12,2020,True,100.77868852459017,988,988,1026,171516.57560552302,1337.6948720317926,22072,16,0.0,0.855237276905876,0.13697229760495863,0.16524904930625256,0.15664891878603363,0.3835202243145551,0.9659412955465587,0.0995038981696201,370650.56368314096,0,False,False,True,"{""0"":null,""1"":null,""2"":null,""3"":null}",988.0,284166.0,988.0,201693.0,988.0,201693.0,840.4401402908552,171516.57560552302,840.4401402908552,0.0,0.0,1337.6948720318032,223539.99368314008,0.0,4.639648975368615,4.0,812.0,0.0,0.0,88.79999999870779,18049.30000001784,7.049999999998931,498.2999999999701,49.399999999281135,10084.649999993495,0.0,0.0,0.0,0.0,0.0,0.0,9.88000000000011,2016.930000000009,494.0,100846.5,0.0,26.0,503.88000000000466,102863.42999999989,0.0,0.0,1337.6948720318032,223539.99368314008
286,2020-10-13,2020,True,100.78142076502732,988,988,1026,172357.01574581387,1278.422177251355,22132,35,0.0,0.8380470909237628,0.15672898038595282,0.1652427070349362,0.15668618532823475,0.3835202243145551,0.9662145748987855,0.1267246419616897,371425.10586039233,0,False,False,True,"{""0"":null,""1"":null,""2"":null,""3"":null}",988.0,285154.0,988.0,202681.0,988.0,202681.0,840.4401402908552,172357.01574581387,840.4401402908552,0.0,0.0,1278.422177251341,224818.41586039143,0.0,4.639648975368615,4.0,816.0,0.0,0.0,88.79999999870779,18138.100000016548,0.0,498.2999999999701,49.399999999281135,10134.049999992776,0.0,0.0,0.0,0.0,0.0,0.0,9.88000000000011,2026.810000000009,494.0,101340.5,0.0,26.0,503.88000000000466,103367.3099999999,0.0,0.0,1278.422177251341,224818.41586039143
287,2020-10-14,2020,True,100.78415300546447,988,988,1026,173197.45588610473,1186.6210987516363,22249,50,0.0,0.8197833084344948,0.16899725453031655,0.16509465193011796,0.15655539083274367,0.3835202243145551,0.9663967611336032,0.15199975592032974,372107.84695914394,0,False,False,True,"{""0"":null,""1"":null,""2"":null,""3"":null}",988.0,286142.0,988.0,203669.0,988.0,203669.0,840.4401402908552,173197.45588610473,840.4401402908552,0.0,0.0,1186.6210987516388,226005.03695914306,0.0,4.639648975368615,4.0,820.0,0.0,0.0,88.79999999870779,18226.900000015256,0.0,498.2999999999701,49.399999999281135,10183.449999992057,0.0,0.0,0.0,0.0,0.0,0.0,9.88000000000011,2036.6900000000091,494.0,101834.5,0.0,26.0,503.88000000000466,103871.1899999999,0.0,0.0,1186.6210987516388,226005.03695914306
288,2020-10-15,2020,True,100.78688524590164,987,987,1026,174037.1553125552,1148.156574456336,22348,56,0.0,0.8408943978675127,0.1674354755044981,0.16505630249534375,0.15645955603631784,0.3835096261198085,0.9665856129685917,0.17556833355209336,372752.63353360025,0,False,False,True,"{""0"":null,""1"":null,""2"":null,""3"":null}",987.0,287129.0,987.0,204656.0,987.0,204656.0,839.6994264504756,174037.1553125552,839.6994264504756,0.0,0.0,1148.1565744563413,227153.1935335994,0.0,4.639648975368615,4.0,824.0,0.0,0.0,88.69999999870925,18315.600000013965,2.399999999999636,500.69999999996975,49.34999999928186,10232.799999991339,0.0,0.0,0.0,0.0,0.0,0.0,9.86999999999989,2046.560000000009,493.5,102328.0,0.0,26.0,503.36999999999534,104374.5599999999,0.0,0.0,1148.1565744563413,227153.1935335994
289,2020-10-16,2020,True,100.7896174863388,986,986,1026,174875.92076884105,1083.8972083636559,22457,54,0.0,0.8092627196433255,0.19734396914446,0.16508711588614455,0.15671017375382448,0.38349902792506185,0.9664807302231238,0.19733969350486244,373333.6707419639,0,False,False,True,"{""0"":null,""1"":null,""2"":null,""3"":null}",986.0,288115.0,986.0,205642.0,986.0,205642.0,838.7654562858515,174875.92076884105,838.7654562858515,0.0,0.0,1083.8972083636618,228237.09074196307,0.0,4.639648975368615,4.0,828.0,0.0,0.0,88.5999999987107,18404.200000012675,2.849999999999568,503.5499999999693,49.29999999928259,10282.099999990622,0.0,0.0,0.0,0.0,0.0,0.0,9.860000000000127,2056.420000000009,493.0,102821.0,0.0,26.0,502.8600000000006,104877.4199999999,0.0,0.0,1083.8972083636618,228237.09074196307
290,2020-10-17,2020,False,100.79234972677595,986,0,1026,174875.92076884105,0.0,21600,54,0.0,,,0.16511400862104042,0.15675416048049676,0.38349902792506185,0.9675101419878297,0.12049056864468186,373333.6707419639,0,False,False,True,"{""0"":null,""1"":null,""2"":null,""3"":null}",986.0,289101.0,0.0,205642.0,0.0,205642.0,0.0,174875.92076884105,0.0,0.0,0.0,0.0,228237.09074196307,0.0,4.639648975368615,0.0,828.0,0.0,0.0,0.0,18404.200000012675,0.0,503.5499999999693,0.0,10282.099999990622,0.0,0.0,0.0,0.0,0.0,0.0,0.0,2056.420000000009,0.0,102821.0,0.0,26.0,0.0,104877.4199999999,0.0,0.0,0.0,228237.09074196307
291,2020-10-18,2020,False,100.79508196721312,987,0,1027,174875.92076884105,0.0,21600,54,0.0,,,0.16504985782586346,0.15598468211095134,0.3835096261198085,0.9672391084093211,0.07014758986423124,373332.6707419639,0,False,False,True,"{""0"":null,""1"":null,""2"":null,""3"":null}",987.0,290088.0,0.0,205642.0,0.0,205642.0,0.0,174875.92076884105,0.0,0.0,0.0,0.0,228237.09074196307,0.0,4.639648975368615,0.0,828.0,0.0,0.0,0.0,18404.200000012675,0.0,503.5499999999693,0.0,10282.099999990622,0.0,0.0,0.0,0.0,0.0,0.0,0.0,2056.420000000009,0.0,102821.0,1.0,27.0,0.0,104877.4199999999,0.0,0.0,0.0,228237.09074196307
292,2020-10-19,2020,True,100.79781420765028,987,987,1027,175715.6210577744,1316.8867040165524,22598,9,0.0,0.8601336945523039,0.13412925713862683,0.16504985782586346,0.15598468211095134,0.3835096261198085,0.9665552178318136,0.09940576464680698,374146.18744598044,0,False,False,True,"{""0"":null,""1"":null,""2"":null,""3"":null}",987.0,291075.0,987.0,206629.0,987.0,206629.0,839.7002889333526,175715.6210577744,839.7002889333526,0.0,0.0,1316.8867040165642,229553.97744597963,0.0,4.639648975368615,4.0,832.0,0.0,0.0,88.69999999870925,18492.900000011385,8.099999999998772,511.6499999999681,49.34999999928186,10331.449999989904,0.0,0.0,0.0,0.0,0.0,0.0,9.86999999999989,2066.290000000009,493.5,103314.5,0.0,27.0,503.36999999999534,105380.78999999989,0.0,0.0,1316.8867040165642,229553.97744597963
293,2020-10-20,2020,True,100.80054644808743,987,987,1027,176555.32134670776,1270.478306019395,22638,24,0.15086091907550309,0.8571177961926544,0.14010500806730497,0.16499240268353466,0.1558872481405537,0.3835096261198085,0.9667527862208712,0.12672044881156197,374913.29575199983,0,False,False,True,"{""0"":null,""1"":null,""2"":null,""3"":null}",987.0,292062.0,987.0,207616.0,987.0,207616.0,839.7002889333526,176555.32134670776,839.7002889333526,0.0,0.0,1270.4783060193877,230824.45575199902,0.15086091907550347,4.790509894444119,4.0,836.0,0.0,0.0,88.69999999870925,18581.600000010094,0.0,511.6499999999681,49.34999999928186,10380.799999989185,0.0,0.0,0.0,0.0,0.0,0.0,9.86999999999989,2076.160000000009,493.5,103808.0,0.0,27.0,503.36999999999534,105884.15999999989,0.0,0.0,1270.4783060193877,230824.45575199902
294,2020-10-21,2020,True,100.80327868852459,987,987,1027,177395.0216356411,1235.2995637927982,22742,41,0.0,0.8440294483181869,0.1510989611380021,0.1650032751060399,0.1559391180553706,0.3835096261198085,0.966646403242148,0.15203068984002271,375645.22531579266,0,False,False,True,"{""0"":null,""1"":null,""2"":null,""3"":null}",987.0,293049.0,987.0,208603.0,987.0,208603.0,839.7002889333526,177395.0216356411,839.7002889333526,0.0,0.0,1235.299563792796,232059.75531579182,0.0,4.790509894444119,4.0,840.0,0.0,0.0,88.69999999870925,18670.300000008803,0.0,511.6499999999681,49.34999999928186,10430.149999988467,0.0,0.0,0.0,0.0,0.0,0.0,9.86999999999989,2086.030000000009,493.5,104301.5,0.0,27.0,503.36999999999534,106387.52999999988,0.0,0.0,1235.299563792796,232059.75531579182
295,2020-10-22,2020,True,100.80601092896175,988,988,1028,178235.52438901807,1147.5585534543366,22858,49,0.0,0.8259177995903637,0.17322833033661603,0.1649590590376451,0.15524295100598076,0.3835202243145551,0.9665131578947368,0.17543776655832286,376287.903869247,0,False,False,True,"{""0"":null,""1"":null,""2"":null,""3"":null}",988.0,294037.0,988.0,209591.0,988.0,209591.0,840.5027533769608,178235.52438901807,840.5027533769608,0.0,0.0,1147.5585534543497,233207.31386924617,0.0,4.790509894444119,4.0,844.0,0.0,0.0,88.79999999870779,18759.10000000751,1.3499999999998522,512.9999999999679,49.399999999281135,10479.549999987748,0.0,0.0,0.0,0.0,0.0,0.0,9.88000000000011,2095.910000000009,494.0,104795.5,1.0,28.0,503.88000000000466,106891.40999999989,0.0,0.0,1147.5585534543497,233207.31386924617
296,2020-10-23,2020,True,100.80874316939891,988,988,1028,179076.02714239503,1098.5507909894484,22956,50,0.0,0.8158413683849519,0.1674628059719353,0.16484412045582758,0.1552102397235522,0.3835202243145551,0.9667155870445344,0.1971119925062844,376882.5746602364,0,False,False,True,"{""0"":null,""1"":null,""2"":null,""3"":null}",988.0,295025.0,988.0,210579.0,988.0,210579.0,840.5027533769608,179076.02714239503,840.5027533769608,0.0,0.0,1098.5507909894513,234305.86466023562,0.0,4.790509894444119,4.0,848.0,0.0,0.0,88.79999999870779,18847.90000000622,2.249999999999659,515.2499999999676,49.399999999281135,10528.94999998703,0.0,0.0,0.0,0.0,0.0,0.0,9.88000000000011,2105.790000000009,494.0,105289.5,0.0,28.0,503.88000000000466,107395.28999999989,0.0,0.0,1098.5507909894513,234305.86466023562
297,2020-10-24,2020,False,100.81147540983606,987,0,1028,179076.02714239503,0.0,22100,50,0.0,,,0.1650982522050538,0.15542206190343574,0.38371712420423265,0.9676342451874367,0.12007277908101388,376882.5746602364,0,False,False,True,"{""0"":null,""1"":null,""2"":null,""3"":null}",987.0,296012.0,0.0,210579.0,0.0,210579.0,0.0,179076.02714239503,0.0,0.0,0.0,0.0,234305.86466023562,0.0,4.790509894444119,0.0,848.0,0.0,0.0,0.0,18847.90000000622,0.0,515.2499999999676,0.0,10528.94999998703,0.0,0.0,0.0,0.0,0.0,0.0,0.0,2105.790000000009,0.0,105289.5,0.0,28.0,0.0,107395.28999999989,0.0,0.0,0.0,234305.86466023562
298,2020-10-25,2020,False,100.81420765027322,987,0,1028,179076.02714239503,0.0,22100,50,0.0,,,0.1650982522050538,0.15542206190343577,0.38371712420423265,0.9676342451874367,0.07001029341660377,376882.5746602364,0,False,False,True,"{""0"":null,""1"":null,""2"":null,""3"":null}",987.0,296999.0,0.0,210579.0,0.0,210579.0,0.0,179076.02714239503,0.0,0.0,0.0,0.0,234305.86466023562,0.0,4.790509894444119,0.0,848.0,0.0,0.0,0.0,18847.90000000622,0.0,515.2499999999676,0.0,10528.94999998703,0.0,0.0,0.0,0.0,0.0,0.0,0.0,2105.790000000009,0.0,105289.5,0.0,28.0,0.0,107395.28999999989,0.0,0.0,0.0,234305.86466023562
299,2020-10-26,2020,True,100.81693989071039,987,987,1028,179915.63074752712,1310.950271097579,23089,15,0.0,0.8662754069239031,0.12411114037733256,0.16509825220505378,0.15542206190343574,0.38371712420423265,0.9666869300911854,0.09920873747370955,377690.154931334,0,False,False,True,"{""0"":null,""1"":null,""2"":null,""3"":null}",987.0,297986.0,987.0,211566.0,987.0,211566.0,839.6036051320843,179915.63074752712,839.6036051320843,0.0,0.0,1310.9502710975648,235616.81493133318,0.0,4.790509894444119,4.0,852.0,0.0,0.0,88.69999999870925,18936.600000004928,7.499999999998863,522.7499999999665,49.34999999928186,10578.299999986311,0.0,0.0,0.0,0.0,0.0,0.0,9.86999999999989,2115.660000000009,493.5,105783.0,0.0,28.0,503.36999999999534,107898.65999999989,0.0,0.0,1310.9502710975648,235616.81493133318
300,2020-10-27,2020,True,100.81967213114754,987,987,1028,180755.2343526592,1252.9159060548025,23136,30,0.0,0.8490438421025979,0.14987010228340697,0.1650555629825747,0.15537368510107458,0.38371712420423265,0.9671327254305977,0.1264414254391448,378439.7008373888,0,False,False,True,"{""0"":null,""1"":null,""2"":null,""3"":null}",987.0,298973.0,987.0,212553.0,987.0,212553.0,839.6036051320843,180755.2343526592,839.6036051320843,0.0,0.0,1252.9159060548118,236869.730837388,0.0,4.790509894444119,4.0,856.0,0.0,0.0,88.69999999870925,19025.300000003637,0.0,522.7499999999665,49.34999999928186,10627.649999985593,0.0,0.0,0.0,0.0,0.0,0.0,9.86999999999989,2125.530000000009,493.5,106276.5,0.0,28.0,503.36999999999534,108402.02999999988,0.0,0.0,1252.9159060548118,236869.730837388
301,2020-10-28,2020,True,100.8224043715847,988,988,1029,181595.83485207442,1207.6854818501358,23237,48,0.1693197544959589,0.8259259620560813,0.17187594122783262,0.16467763054633092,0.15438484341306055,0.3835202243145551,0.9665789473684211,0.15174208592083036,379142.5063192389,0,False,False,True,"{""0"":null,""1"":null,""2"":null,""3"":null}",988.0,299961.0,988.0,213541.0,988.0,213541.0,840.6004994152172,181595.83485207442,840.6004994152172,0.0,0.0,1207.6854818501452,238077.41631923814,0.16931975449595882,4.959829648940078,4.0,860.0,0.0,0.0,88.79999999870779,19114.100000002345,0.0,522.7499999999665,49.399999999281135,10677.049999984874,0.0,0.0,0.0,0.0,0.0,0.0,9.88000000000011,2135.410000000009,494.0,106770.5,1.0,29.0,503.88000000000466,108905.90999999989,0.0,0.0,1207.6854818501452,238077.41631923814
302,2020-10-29,2020,True,100.82513661202186,988,988,1029,182436.43535148964,1158.2632888467945,23353,51,0.013009712266949915,0.8208362996928258,0.15830807546859835,0.16467174178304816,0.1543774590337268,0.3835202243145551,0.9666953441295547,0.17514759753636935,379796.88960808574,0,False,False,True,"{""0"":null,""1"":null,""2"":null,""3"":null}",988.0,300949.0,988.0,214529.0,988.0,214529.0,840.6004994152172,182436.43535148964,840.6004994152172,0.0,0.0,1158.2632888467924,239235.67960808493,0.013009712266949691,4.972839361207027,4.0,864.0,0.0,0.0,88.79999999870779,19202.900000001053,2.249999999999659,524.9999999999661,49.399999999281135,10726.449999984156,0.0,0.0,0.0,0.0,0.0,0.0,9.88000000000011,2145.290000000009,494.0,107264.5,0.0,29.0,503.88000000000466,109409.78999999989,0.0,0.0,1158.2632888467924,239235.67960808493
303,2020-10-30,2020,True,100.82786885245902,989,989,1030,183277.91071552935,1112.542365321416,23462,53,0.34020249692071,0.8079303983981745,0.18699020619480958,0.16472304684542452,0.15399327772382645,0.38376831657619026,0.9666279069767442,0.19667182575919998,380404.04197340715,0,False,False,True,"{""0"":null,""1"":null,""2"":null,""3"":null}",989.0,301938.0,989.0,215518.0,989.0,215518.0,841.4753640397103,183277.91071552935,841.4753640397103,0.0,0.0,1112.5423653214239,240348.22197340635,0.3402024969207096,5.313041858127737,4.0,868.0,0.0,0.0,88.89999999870633,19291.79999999976,2.249999999999659,527.2499999999658,49.44999999928041,10775.899999983436,0.0,0.0,0.0,0.0,0.0,0.0,9.889999999999873,2155.180000000009,494.5,107759.0,1.0,30.0,504.3899999999994,109914.17999999989,0.0,0.0,1112.5423653214239,240348.22197340635
304,2020-10-31,2020,False,100.83060109289617,988,0,1030,183277.91071552935,0.0,22600,53,0.0,,,0.16465104475668663,0.153937082341763,0.3837577183814437,0.9676214574898785,0.11994857385458947,380404.04197340715,0,False,False,True,"{""0"":null,""1"":null,""2"":null,""3"":null}",988.0,302926.0,0.0,215518.0,0.0,215518.0,0.0,183277.91071552935,0.0,0.0,0.0,0.0,240348.22197340635,0.0,5.313041858127737,0.0,868.0,0.0,0.0,0.0,19291.79999999976,0.0,527.2499999999658,0.0,10775.899999983436,0.0,0.0,0.0,0.0,0.0,0.0,0.0,2155.180000000009,0.0,107759.0,0.0,30.0,0.0,109914.17999999989,0.0,0.0,0.0,240348.22197340635
305,2020-11-01,2020,False,100.83333333333333,988,0,1030,183277.91071552935,0.0,22600,53,0.0,,,0.1646510447566866,0.15393708234176307,0.3837577183814437,0.9676214574898785,0.06976428744783025,380404.04197340715,0,False,False,True,"{""0"":null,""1"":null,""2"":null,""3"":null}",988.0,303914.0,0.0,215518.0,0.0,215518.0,0.0,183277.91071552935,0.0,0.0,0.0,0.0,240348.22197340635,0.0,5.313041858127737,0.0,868.0,0.0,0.0,0.0,19291.79999999976,0.0,527.2499999999658,0.0,10775.899999983436,0.0,0.0,0.0,0.0,0.0,0.0,0.0,2155.180000000009,0.0,107759.0,0.0,30.0,0.0,109914.17999999989,0.0,0.0,0.0,240348.22197340635
306,2020-11-02,2020,True,100.8360655737705,987,987,1030,184117.75258742276,1317.6003519787491,23593,23,0.0,0.8765010044510773,0.11071099218912439,0.16492814267740857,0.15416243236986335,0.38395461827112115,0.9666717325227964,0.09900395509704663,381218.2723253859,0,False,False,True,"{""0"":null,""1"":null,""2"":null,""3"":null}",987.0,304901.0,987.0,216505.0,987.0,216505.0,839.8418718934117,184117.75258742276,839.8418718934117,0.0,0.0,1317.6003519787628,241665.82232538512,0.0,5.313041858127737,4.0,872.0,0.0,0.0,88.69999999870925,19380.49999999847,7.949999999998795,535.1999999999646,49.34999999928186,10825.249999982718,0.0,0.0,0.0,0.0,0.0,0.0,9.86999999999989,2165.050000000009,493.5,108252.5,0.0,30.0,503.36999999999534,110417.54999999989,0.0,0.0,1317.6003519787628,241665.82232538512
307,2020-11-03,2020,True,100.83879781420765,987,987,1030,184957.59445931617,1284.9286219866776,23628,46,0.0,0.8318089435952599,0.1623741125135409,0.1648122166196281,0.1541099015802919,0.38395461827112115,0.966646403242148,0.12629648897441398,381999.8309473726,0,False,False,True,"{""0"":null,""1"":null,""2"":null,""3"":null}",987.0,305888.0,987.0,217492.0,987.0,217492.0,839.8418718934117,184957.59445931617,839.8418718934117,0.0,0.0,1284.9286219866772,242950.7509473718,0.0,5.313041858127737,4.0,876.0,0.0,0.0,88.69999999870925,19469.199999997178,0.0,535.1999999999646,49.34999999928186,10874.599999982,0.0,0.0,0.0,0.0,0.0,0.0,9.86999999999989,2174.9200000000087,493.5,108746.0,0.0,30.0,503.36999999999534,110920.91999999988,0.0,0.0,1284.9286219866772,242950.7509473718
308,2020-11-04,2020,True,100.8415300546448,987,987,1030,185797.43633120958,1248.03058372279,23730,63,0.0,0.8389072697728925,0.1637381230803731,0.16478132514201144,0.15405311316810016,0.38395461827112115,0.9663475177304964,0.15163749065419713,382744.4915310954,0,False,False,True,"{""0"":null,""1"":null,""2"":null,""3"":null}",987.0,306875.0,987.0,218479.0,987.0,218479.0,839.8418718934117,185797.43633120958,839.8418718934117,0.0,0.0,1248.0305837227788,244198.78153109457,0.0,5.313041858127737,4.0,880.0,0.0,0.0,88.69999999870925,19557.899999995887,0.0,535.1999999999646,49.34999999928186,10923.949999981282,0.0,0.0,0.0,0.0,0.0,0.0,9.86999999999989,2184.7900000000086,493.5,109239.5,0.0,30.0,503.36999999999534,111424.28999999988,0.0,0.0,1248.0305837227788,244198.78153109457
309,2020-11-05,2020,True,100.84426229508196,987,987,1030,186637.278203103,1170.493245560858,23862,53,0.0,0.8480536784104069,0.14008070265021558,0.16474956118071066,0.15413893741536505,0.38395461827112115,0.9666514690982776,0.17508888656134328,383411.61477665626,0,False,False,True,"{""0"":null,""1"":null,""2"":null,""3"":null}",987.0,307862.0,987.0,219466.0,987.0,219466.0,839.8418718934117,186637.278203103,839.8418718934117,0.0,0.0,1170.4932455608505,245369.27477665542,0.0,5.313041858127737,4.0,884.0,0.0,0.0,88.69999999870925,19646.599999994596,3.449999999999477,538.649999999964,49.34999999928186,10973.299999980563,0.0,0.0,0.0,0.0,0.0,0.0,9.86999999999989,2194.6600000000085,493.5,109733.0,0.0,30.0,503.36999999999534,111927.65999999987,0.0,0.0,1170.4932455608505,245369.27477665542
310,2020-11-06,2020,True,100.84699453551913,987,987,1030,187477.1200749964,1086.8700258055408,23962,49,0.0,0.8206834380727275,0.18150000902745309,0.16467705549673373,0.1540901276604513,0.38395461827112115,0.9669503546099291,0.19677440636285817,383995.1148024618,0,False,False,True,"{""0"":null,""1"":null,""2"":null,""3"":null}",987.0,308849.0,987.0,220453.0,987.0,220453.0,839.8418718934117,187477.1200749964,839.8418718934117,0.0,0.0,1086.870025805547,246456.14480246097,0.0,5.313041858127737,4.0,888.0,0.0,0.0,88.69999999870925,19735.299999993305,3.449999999999477,542.0999999999635,49.34999999928186,11022.649999979845,0.0,0.0,0.0,0.0,0.0,0.0,9.86999999999989,2204.5300000000084,493.5,110226.5,0.0,30.0,503.36999999999534,112431.02999999987,0.0,0.0,1086.870025805547,246456.14480246097
311,2020-11-07,2020,False,100.84972677595628,986,0,1030,187477.1200749964,0.0,23100,49,0.0,,,0.16464051894397685,0.15410327254120496,0.3839440200763745,0.967789046653144,0.11955278893576685,383995.1148024618,0,False,False,True,"{""0"":null,""1"":null,""2"":null,""3"":null}",986.0,309835.0,0.0,220453.0,0.0,220453.0,0.0,187477.1200749964,0.0,0.0,0.0,0.0,246456.14480246097,0.0,5.313041858127737,0.0,888.0,0.0,0.0,0.0,19735.299999993305,0.0,542.0999999999635,0.0,11022.649999979845,0.0,0.0,0.0,0.0,0.0,0.0,0.0,2204.5300000000084,0.0,110226.5,0.0,30.0,0.0,112431.02999999987,0.0,0.0,0.0,246456.14480246097
312,2020-11-08,2020,False,100.85245901639344,986,0,1030,187477.1200749964,0.0,23100,49,0.0,,,0.16464051894397688,0.15410327254120496,0.3839440200763745,0.967789046653144,0.06943341542907248,383995.1148024618,0,False,False,True,"{""0"":null,""1"":null,""2"":null,""3"":null}",986.0,310821.0,0.0,220453.0,0.0,220453.0,0.0,187477.1200749964,0.0,0.0,0.0,0.0,246456.14480246097,0.0,5.313041858127737,0.0,888.0,0.0,0.0,0.0,19735.299999993305,0.0,542.0999999999635,0.0,11022.649999979845,0.0,0.0,0.0,0.0,0.0,0.0,0.0,2204.5300000000084,0.0,110226.5,0.0,30.0,0.0,112431.02999999987,0.0,0.0,0.0,246456.14480246097
313,2020-11-09,2020,True,100.85519125683061,985,985,1030,188315.12350628525,1358.0193308223252,24085,18,0.0,0.8488053573751223,0.12959620215644496,0.16445022643569085,0.15385078233706245,0.38369188865612086,0.9668629441624366,0.09862827869409857,384850.7841332842,0,False,False,True,"{""0"":null,""1"":null,""2"":null,""3"":null}",985.0,311806.0,985.0,221438.0,985.0,221438.0,838.0034312888456,188315.12350628525,838.0034312888456,0.0,0.0,1358.0193308223388,247814.1641332833,0.0,5.313041858127737,4.0,892.0,0.0,0.0,88.49999999871216,19823.799999992018,7.349999999998886,549.4499999999624,49.24999999928332,11071.899999979129,0.0,0.0,0.0,0.0,0.0,0.0,9.849999999999909,2214.3800000000083,492.5,110719.0,0.0,30.0,502.3500000000058,112933.37999999987,0.0,0.0,1358.0193308223388,247814.1641332833
314,2020-11-10,2020,True,100.85792349726776,985,985,1030,189153.1269375741,1289.7960432356122,24135,37,0.2377719947258704,0.8426112486732215,0.15902276852144615,0.16443132669943067,0.15385127683284067,0.38369188865612086,0.967015228426396,0.1258980165575202,385638.23017651984,0,False,False,True,"{""0"":null,""1"":null,""2"":null,""3"":null}",985.0,312791.0,985.0,222423.0,985.0,222423.0,838.0034312888456,189153.1269375741,838.0034312888456,0.0,0.0,1289.7960432356049,249103.9601765189,0.23777199472587007,5.550813852853607,4.0,896.0,0.0,0.0,88.49999999871216,19912.29999999073,0.0,549.4499999999624,49.24999999928332,11121.149999978412,0.0,0.0,0.0,0.0,0.0,0.0,9.849999999999909,2224.230000000008,492.5,111211.5,0.0,30.0,502.3500000000058,113435.72999999988,0.0,0.0,1289.7960432356049,249103.9601765189
315,2020-11-11,2020,True,100.86065573770492,985,985,1030,189991.13036886294,1218.007833728577,24218,61,0.0226882664246374,0.8467306852359457,0.14029195277165524,0.16453080739432902,0.15392133778595266,0.38369188865612086,0.9665482233502538,0.15119869689068435,386353.8880102484,0,False,False,True,"{""0"":null,""1"":null,""2"":null,""3"":null}",985.0,313776.0,985.0,223408.0,985.0,223408.0,838.0034312888456,189991.13036886294,838.0034312888456,0.0,0.0,1218.0078337285668,250321.96801024748,0.022688266424637504,5.573502119278245,4.0,900.0,0.0,0.0,88.49999999871216,20000.799999989442,0.0,549.4499999999624,49.24999999928332,11170.399999977695,0.0,0.0,0.0,0.0,0.0,0.0,9.849999999999909,2234.080000000008,492.5,111704.0,0.0,30.0,502.3500000000058,113938.07999999989,0.0,0.0,1218.0078337285668,250321.96801024748
316,2020-11-12,2020,True,100.86338797814207,985,985,1030,190829.1338001518,1173.551493144586,24335,64,0.0,0.8243930339510782,0.1602759141132538,0.16433538186201513,0.1538382839701027,0.38369188865612086,0.9662944162436548,0.17458040518341525,387025.08950339304,0,False,False,True,"{""0"":null,""1"":null,""2"":null,""3"":null}",985.0,314761.0,985.0,224393.0,985.0,224393.0,838.0034312888456,190829.1338001518,838.0034312888456,0.0,0.0,1173.5514931445941,251495.51950339208,0.0,5.573502119278245,4.0,904.0,0.0,0.0,88.49999999871216,20089.299999988154,2.6999999999995907,552.149999999962,49.24999999928332,11219.649999976979,0.0,0.0,0.0,0.0,0.0,0.0,9.849999999999909,2243.930000000008,492.5,112196.5,0.0,30.0,502.3500000000058,114440.42999999989,0.0,0.0,1173.5514931445941,251495.51950339208
317,2020-11-13,2020,True,100.86612021857924,985,985,1030,191667.13723144063,1130.306714319504,24457,61,0.0,0.8101149098593494,0.18046102298818012,0.16438907239591927,0.1538330246942895,0.38369188865612086,0.9663959390862944,0.19614699556753803,387653.0462177126,0,False,False,True,"{""0"":null,""1"":null,""2"":null,""3"":null}",985.0,315746.0,985.0,225378.0,985.0,225378.0,838.0034312888456,191667.13723144063,838.0034312888456,0.0,0.0,1130.3067143195076,252625.82621771158,0.0,5.573502119278245,4.0,908.0,0.0,0.0,88.49999999871216,20177.799999986866,2.849999999999568,554.9999999999616,49.24999999928332,11268.899999976262,0.0,0.0,0.0,0.0,0.0,0.0,9.849999999999909,2253.780000000008,492.5,112689.0,0.0,30.0,502.3500000000058,114942.7799999999,0.0,0.0,1130.3067143195076,252625.82621771158
318,2020-11-14,2020,False,100.8688524590164,985,0,1030,191667.13723144063,0.0,23600,61,0.0,,,0.16433130976324045,0.1539109742557047,0.38369188865612086,0.9676395939086294,0.11921623783895764,387653.0462177126,0,False,False,True,"{""0"":null,""1"":null,""2"":null,""3"":null}",985.0,316731.0,0.0,225378.0,0.0,225378.0,0.0,191667.13723144063,0.0,0.0,0.0,0.0,252625.82621771158,0.0,5.573502119278245,0.0,908.0,0.0,0.0,0.0,20177.799999986866,0.0,554.9999999999616,0.0,11268.899999976262,0.0,0.0,0.0,0.0,0.0,0.0,0.0,2253.780000000008,0.0,112689.0,0.0,30.0,0.0,114942.7799999999,0.0,0.0,0.0,252625.82621771158
319,2020-11-15,2020,False,100.87158469945355,985,0,1030,191667.13723144063,0.0,23600,61,0.0,,,0.16433130976324045,0.1539109742557047,0.38369188865612086,0.9676395939086294,0.06916930290612731,387653.0462177126,0,False,False,True,"{""0"":null,""1"":null,""2"":null,""3"":null}",985.0,317716.0,0.0,225378.0,0.0,225378.0,0.0,191667.13723144063,0.0,0.0,0.0,0.0,252625.82621771158,0.0,5.573502119278245,0.0,908.0,0.0,0.0,0.0,20177.799999986866,0.0,554.9999999999616,0.0,11268.899999976262,0.0,0.0,0.0,0.0,0.0,0.0,0.0,2253.780000000008,0.0,112689.0,0.0,30.0,0.0,114942.7799999999,0.0,0.0,0.0,252625.82621771158
320,2020-11-16,2020,True,100.8743169398907,984,984,1030,192504.39855419303,1357.6889756133423,24593,17,0.19676973402691522,0.8658667477194025,0.11624469545952323,0.16471151966500422,0.1544024813124254,0.38388878854579833,0.9667378048780487,0.09843050415190435,388508.8951933259,0,False,False,True,"{""0"":null,""1"":null,""2"":null,""3"":null}",984.0,318700.0,984.0,226362.0,984.0,226362.0,837.261322752398,192504.39855419303,837.261322752398,0.0,0.0,1357.6889756133314,253983.5151933249,0.19676973402691544,5.77027185330516,4.0,912.0,0.0,0.0,88.39999999871361,20266.19999998558,9.149999999998613,564.1499999999602,49.199999999284046,11318.099999975546,0.0,0.0,0.0,0.0,0.0,0.0,9.840000000000146,2263.620000000008,492.0,113181.0,0.0,30.0,501.8399999999965,115444.6199999999,0.0,0.0,1357.6889756133314,253983.5151933249
321,2020-11-17,2020,True,100.87704918032787,983,983,1030,193340.72773380755,1273.1210113472075,24633,35,0.0,0.8383305515845012,0.14423500606147502,0.16446602786041847,0.1540082972796522,0.3836406962841632,0.9669837232960325,0.12570308920424053,389280.6862046731,0,False,False,True,"{""0"":null,""1"":null,""2"":null,""3"":null}",983.0,319683.0,983.0,227345.0,983.0,227345.0,836.3291796145204,193340.72773380755,836.3291796145204,0.0,0.0,1273.1210113472189,255256.63620467213,0.0,5.77027185330516,4.0,916.0,0.0,0.0,88.29999999871507,20354.499999984295,0.0,564.1499999999602,49.14999999928477,11367.24999997483,0.0,0.0,0.0,0.0,0.0,0.0,9.829999999999927,2273.450000000008,491.5,113672.5,0.0,30.0,501.33000000000175,115945.9499999999,0.0,0.0,1273.1210113472189,255256.63620467213
322,2020-11-18,2020,True,100.87978142076503,984,984,1031,194177.86436557572,1226.8804768991863,24721,56,0.0,0.8232046887409596,0.17312065453528636,0.16439571421688362,0.15321013500198805,0.38365129447890983,0.9663567073170731,0.15102803975313314,390004.72668157227,0,False,False,True,"{""0"":null,""1"":null,""2"":null,""3"":null}",984.0,320667.0,984.0,228329.0,984.0,228329.0,837.1366317681677,194177.86436557572,837.1366317681677,0.0,0.0,1226.8804768991831,256483.51668157132,0.0,5.77027185330516,4.0,920.0,0.0,0.0,88.39999999871361,20442.89999998301,0.0,564.1499999999602,49.199999999284046,11416.449999974115,0.0,0.0,0.0,0.0,0.0,0.0,9.840000000000146,2283.290000000008,492.0,114164.5,1.0,31.0,501.8399999999965,116447.78999999989,0.0,0.0,1226.8804768991831,256483.51668157132
323,2020-11-19,2020,True,100.88251366120218,985,985,1032,195015.97127419667,1173.8765894322291,24836,66,0.0,0.8243471859816148,0.15422783417297173,0.1644124864220094,0.1525650234911925,0.38390342589916354,0.9655989847715736,0.17439081128771333,390675.25327100453,0,False,False,True,"{""0"":null,""1"":null,""2"":null,""3"":null}",985.0,321652.0,985.0,229314.0,985.0,229314.0,838.1069086209463,195015.97127419667,838.1069086209463,0.0,0.0,1173.8765894322423,257657.39327100356,0.0,5.77027185330516,4.0,924.0,0.0,0.0,88.49999999871216,20531.39999998172,2.5499999999996135,566.6999999999598,49.24999999928332,11465.699999973398,0.0,0.0,0.0,0.0,0.0,0.0,9.849999999999909,2293.140000000008,492.5,114657.0,1.0,32.0,502.3500000000058,116950.1399999999,0.0,0.0,1173.8765894322423,257657.39327100356
324,2020-11-20,2020,True,100.88524590163935,984,984,1032,195853.2879792116,1094.448729731945,24941,68,0.0,0.8222244188784876,0.16191969781414411,0.16452622228903646,0.152712317307963,0.3838928277044169,0.9654573170731707,0.19620852770827474,391267.86200073647,0,False,False,True,"{""0"":null,""1"":null,""2"":null,""3"":null}",984.0,322636.0,984.0,230298.0,984.0,230298.0,837.316705014935,195853.2879792116,837.316705014935,0.0,0.0,1094.4487297319574,258751.84200073552,0.0,5.77027185330516,4.0,928.0,0.0,0.0,88.39999999871361,20619.799999980434,2.6999999999995907,569.3999999999594,49.199999999284046,11514.899999972682,0.0,0.0,0.0,0.0,0.0,0.0,9.840000000000146,2302.980000000008,492.0,115149.0,0.0,32.0,501.8399999999965,117451.9799999999,0.0,0.0,1094.4487297319574,258751.84200073552
325,2020-11-21,2020,False,100.8879781420765,984,0,1032,195853.2879792116,0.0,24100,68,0.0,,,0.16446133863040113,0.1525885790292038,0.3838928277044169,0.9667479674796747,0.11913612165567679,391267.86200073647,0,False,False,True,"{""0"":null,""1"":null,""2"":null,""3"":null}",984.0,323620.0,0.0,230298.0,0.0,230298.0,0.0,195853.2879792116,0.0,0.0,0.0,0.0,258751.84200073552,0.0,5.77027185330516,0.0,928.0,0.0,0.0,0.0,20619.799999980434,0.0,569.3999999999594,0.0,11514.899999972682,0.0,0.0,0.0,0.0,0.0,0.0,0.0,2302.980000000008,0.0,115149.0,0.0,32.0,0.0,117451.9799999999,0.0,0.0,0.0,258751.84200073552
326,2020-11-22,2020,False,100.89071038251366,984,0,1032,195853.2879792116,0.0,24100,68,0.0,,,0.16446133863040113,0.15258857902920384,0.3838928277044169,0.9667479674796747,0.06902012521736521,391267.86200073647,0,False,False,True,"{""0"":null,""1"":null,""2"":null,""3"":null}",984.0,324604.0,0.0,230298.0,0.0,230298.0,0.0,195853.2879792116,0.0,0.0,0.0,0.0,258751.84200073552,0.0,5.77027185330516,0.0,928.0,0.0,0.0,0.0,20619.799999980434,0.0,569.3999999999594,0.0,11514.899999972682,0.0,0.0,0.0,0.0,0.0,0.0,0.0,2302.980000000008,0.0,115149.0,0.0,32.0,0.0,117451.9799999999,0.0,0.0,0.0,258751.84200073552
327,2020-11-23,2020,True,100.89344262295081,985,985,1033,196691.3698668357,1385.8285472414948,25114,11,0.0,0.8517600516551023,0.12903792731306146,0.164553158040678,0.152053898246108,0.38414091996605204,0.9659340101522843,0.09825177301899782,392150.340547978,0,False,False,True,"{""0"":null,""1"":null,""2"":null,""3"":null}",985.0,325589.0,985.0,231283.0,985.0,231283.0,838.0818876241101,196691.3698668357,838.0818876241101,0.0,0.0,1385.8285472414864,260137.670547977,0.0,5.77027185330516,4.0,932.0,0.0,0.0,88.49999999871216,20708.299999979146,10.199999999998454,579.5999999999578,49.24999999928332,11564.149999971965,0.0,0.0,0.0,0.0,0.0,0.0,9.849999999999909,2312.830000000008,492.5,115641.5,1.0,33.0,502.3500000000058,117954.3299999999,0.0,0.0,1385.8285472414864,260137.670547977
328,2020-11-24,2020,True,100.89617486338798,986,986,1034,197530.28246758436,1285.6507514520092,25132,34,0.0,0.8549625080711097,0.12584386229684985,0.16413176597199927,0.1510942555877848,0.3839440200763745,0.9659837728194727,0.12548098620671408,392932.13129943004,0,False,False,True,"{""0"":null,""1"":null,""2"":null,""3"":null}",986.0,326575.0,986.0,232269.0,986.0,232269.0,838.9126007486484,197530.28246758436,838.9126007486484,0.0,0.0,1285.65075145202,261423.32129942902,0.0,5.77027185330516,4.0,936.0,0.0,0.0,88.5999999987107,20796.899999977857,0.0,579.5999999999578,49.29999999928259,11613.449999971248,0.0,0.0,0.0,0.0,0.0,0.0,9.860000000000127,2322.6900000000082,493.0,116134.5,1.0,34.0,502.8600000000006,118457.1899999999,0.0,0.0,1285.65075145202,261423.32129942902
329,2020-11-25,2020,True,100.89890710382514,986,986,1034,198369.195068333,1243.7703080036845,25227,59,0.0,0.8235478999122423,0.1770009844344241,0.1641831978117159,0.1510701004702432,0.3839440200763745,0.965816430020284,0.15083689612175297,393673.04160743376,0,False,False,True,"{""0"":null,""1"":null,""2"":null,""3"":null}",986.0,327561.0,986.0,233255.0,986.0,233255.0,838.9126007486484,198369.195068333,838.9126007486484,0.0,0.0,1243.7703080036736,262667.0916074327,0.0,5.77027185330516,4.0,940.0,0.0,0.0,88.5999999987107,20885.499999976568,0.0,579.5999999999578,49.29999999928259,11662.74999997053,0.0,0.0,0.0,0.0,0.0,0.0,9.860000000000127,2332.5500000000084,493.0,116627.5,0.0,34.0,502.8600000000006,118960.0499999999,0.0,0.0,1243.7703080036736,262667.0916074327
330,2020-11-26,2020,True,100.90163934426229,986,986,1034,199208.10766908166,1151.0582703825357,25337,64,0.2885004926171665,0.8325838445869091,0.1796930957237951,0.1642000590220804,0.15100313464350215,0.3839440200763745,0.9655324543610547,0.17428786180136183,394321.2398778163,0,False,False,True,"{""0"":null,""1"":null,""2"":null,""3"":null}",986.0,328547.0,986.0,234241.0,986.0,234241.0,838.9126007486484,199208.10766908166,838.9126007486484,0.0,0.0,1151.0582703825203,263818.1498778152,0.2885004926171666,6.058772345922327,4.0,944.0,0.0,0.0,88.5999999987107,20974.09999997528,1.6499999999997499,581.2499999999576,49.29999999928259,11712.049999969813,0.0,0.0,0.0,0.0,0.0,0.0,9.860000000000127,2342.4100000000085,493.0,117120.5,0.0,34.0,502.8600000000006,119462.9099999999,0.0,0.0,1151.0582703825203,263818.1498778152
331,2020-11-27,2020,True,100.90437158469945,986,986,1034,200047.0202698303,1124.5934638970766,25445,62,0.0,0.8043163695098963,0.18449325869666164,0.16409752868167832,0.15105075976071725,0.3839440200763745,0.9653296146044625,0.1959049849051864,394942.97334171337,0,False,False,True,"{""0"":null,""1"":null,""2"":null,""3"":null}",986.0,329533.0,986.0,235227.0,986.0,235227.0,838.9126007486484,200047.0202698303,838.9126007486484,0.0,0.0,1124.5934638970648,264942.7433417123,0.0,6.058772345922327,4.0,948.0,0.0,0.0,88.5999999987107,21062.69999997399,3.449999999999477,584.6999999999571,49.29999999928259,11761.349999969096,0.0,0.0,0.0,0.0,0.0,0.0,9.860000000000127,2352.2700000000086,493.0,117613.5,0.0,34.0,502.8600000000006,119965.7699999999,0.0,0.0,1124.5934638970648,264942.7433417123
332,2020-11-28,2020,False,100.90710382513662,986,0,1034,200047.0202698303,0.0,24600,62,0.0,,,0.16423307917562086,0.15119035811940856,0.3839440200763745,0.9662474645030427,0.11897045010013167,394942.97334171337,0,False,False,True,"{""0"":null,""1"":null,""2"":null,""3"":null}",986.0,330519.0,0.0,235227.0,0.0,235227.0,0.0,200047.0202698303,0.0,0.0,0.0,0.0,264942.7433417123,0.0,6.058772345922327,0.0,948.0,0.0,0.0,0.0,21062.69999997399,0.0,584.6999999999571,0.0,11761.349999969096,0.0,0.0,0.0,0.0,0.0,0.0,0.0,2352.2700000000086,0.0,117613.5,0.0,34.0,0.0,119965.7699999999,0.0,0.0,0.0,264942.7433417123
333,2020-11-29,2020,False,100.90983606557377,986,0,1034,200047.0202698303,0.0,24600,62,0.0,,,0.16423307917562086,0.15119035811940856,0.3839440200763745,0.9662474645030427,0.06898768198662404,394942.97334171337,0,False,False,True,"{""0"":null,""1"":null,""2"":null,""3"":null}",986.0,331505.0,0.0,235227.0,0.0,235227.0,0.0,200047.0202698303,0.0,0.0,0.0,0.0,264942.7433417123,0.0,6.058772345922327,0.0,948.0,0.0,0.0,0.0,21062.69999997399,0.0,584.6999999999571,0.0,11761.349999969096,0.0,0.0,0.0,0.0,0.0,0.0,0.0,2352.2700000000086,0.0,117613.5,0.0,34.0,0.0,119965.7699999999,0.0,0.0,0.0,264942.7433417123
334,2020-11-30,2020,True,100.91256830601093,985,985,1034,200884.9679320793,1393.8391248209698,25603,14,0.0,0.8650527740710945,0.11822646200319042,0.163899899247189,0.15081601167324266,0.38369188865612086,0.9655685279187818,0.0979852872215448,395834.46246653434,0,False,False,True,"{""0"":null,""1"":null,""2"":null,""3"":null}",985.0,332490.0,985.0,236212.0,985.0,236212.0,837.9476622490038,200884.9679320793,837.9476622490038,0.0,0.0,1393.8391248209518,266336.58246653323,0.0,6.058772345922327,4.0,952.0,0.0,0.0,88.49999999871216,21151.1999999727,9.29999999999859,593.9999999999557,49.24999999928332,11810.599999968379,0.0,0.0,0.0,0.0,0.0,0.0,9.849999999999909,2362.1200000000085,492.5,118106.0,0.0,34.0,502.3500000000058,120468.11999999991,0.0,0.0,1393.8391248209518,266336.58246653323
335,2020-12-01,2020,True,100.9153005464481,986,986,1035,201723.7135888567,1313.3284664934022,25634,34,0.0,0.8609711583392593,0.12977361314385424,0.16378568705281138,0.15015181346751488,0.3837024868508675,0.9656795131845841,0.12522204968169592,396643.93093302776,0,False,False,True,"{""0"":null,""1"":null,""2"":null,""3"":null}",986.0,333476.0,986.0,237198.0,986.0,237198.0,838.7456567774061,201723.7135888567,838.7456567774061,0.0,0.0,1313.3284664934035,267649.91093302664,0.0,6.058772345922327,4.0,956.0,0.0,0.0,88.5999999987107,21239.799999971412,0.0,593.9999999999557,49.29999999928259,11859.899999967662,0.0,0.0,0.0,0.0,0.0,0.0,9.860000000000127,2371.9800000000087,493.0,118599.0,1.0,35.0,502.8600000000006,120970.97999999991,0.0,0.0,1313.3284664934035,267649.91093302664
336,2020-12-02,2020,True,100.91803278688525,986,986,1035,202562.45924563412,1233.6182265952937,25735,43,0.0,0.8326873903057348,0.150664021869389,0.1636851058939246,0.1501138242924822,0.3837024868508675,0.9656795131845841,0.1505643357434135,397374.68915962306,0,False,False,True,"{""0"":null,""1"":null,""2"":null,""3"":null}",986.0,334462.0,986.0,238184.0,986.0,238184.0,838.7456567774061,202562.45924563412,838.7456567774061,0.0,0.0,1233.6182265952812,268883.5291596219,0.0,6.058772345922327,4.0,960.0,0.0,0.0,88.5999999987107,21328.399999970123,0.0,593.9999999999557,49.29999999928259,11909.199999966944,0.0,0.0,0.0,0.0,0.0,0.0,9.860000000000127,2381.840000000009,493.0,119092.0,0.0,35.0,502.8600000000006,121473.83999999991,0.0,0.0,1233.6182265952812,268883.5291596219
337,2020-12-03,2020,True,100.9207650273224,986,986,1035,203401.20490241153,1204.4676603828004,25844,42,0.0,0.821442086791448,0.1811116639514437,0.16370876647821436,0.1501987787261505,0.3837024868508675,0.9654158215010141,0.1739878333467327,398076.29682000587,0,False,False,True,"{""0"":null,""1"":null,""2"":null,""3"":null}",986.0,335448.0,986.0,239170.0,986.0,239170.0,838.7456567774061,203401.20490241153,838.7456567774061,0.0,0.0,1204.4676603827975,270087.9968200047,0.0,6.058772345922327,4.0,964.0,0.0,0.0,88.5999999987107,21416.999999968833,2.0999999999996817,596.0999999999553,49.29999999928259,11958.499999966227,0.0,0.0,0.0,0.0,0.0,0.0,9.860000000000127,2391.700000000009,493.0,119585.0,0.0,35.0,502.8600000000006,121976.69999999991,0.0,0.0,1204.4676603827975,270087.9968200047
338,2020-12-04,2020,True,100.92349726775956,986,986,1035,204239.95055918893,1137.9544725180951,25949,35,0.0,0.8083406971829092,0.2021221457324907,0.16373398983100468,0.15019347911845365,0.3837024868508675,0.9651876267748478,0.19566869202435533,398711.391292524,0,False,False,True,"{""0"":null,""1"":null,""2"":null,""3"":null}",986.0,336434.0,986.0,240156.0,986.0,240156.0,838.7456567774061,204239.95055918893,838.7456567774061,0.0,0.0,1137.9544725181186,271225.95129252283,0.0,6.058772345922327,4.0,968.0,0.0,0.0,88.5999999987107,21505.599999967544,2.9999999999995453,599.0999999999549,49.29999999928259,12007.79999996551,0.0,0.0,0.0,0.0,0.0,0.0,9.860000000000127,2401.560000000009,493.0,120078.0,0.0,35.0,502.8600000000006,122479.55999999991,0.0,0.0,1137.9544725181186,271225.95129252283
339,2020-12-05,2020,False,100.92622950819673,986,0,1035,204239.95055918893,0.0,25100,35,0.0,,,0.16367148942428816,0.15021545390846466,0.3837024868508675,0.9661257606490873,0.11876858931323868,398711.391292524,0,False,False,True,"{""0"":null,""1"":null,""2"":null,""3"":null}",986.0,337420.0,0.0,240156.0,0.0,240156.0,0.0,204239.95055918893,0.0,0.0,0.0,0.0,271225.95129252283,0.0,6.058772345922327,0.0,968.0,0.0,0.0,0.0,21505.599999967544,0.0,599.0999999999549,0.0,12007.79999996551,0.0,0.0,0.0,0.0,0.0,0.0,0.0,2401.560000000009,0.0,120078.0,0.0,35.0,0.0,122479.55999999991,0.0,0.0,0.0,271225.95129252283
340,2020-12-06,2020,False,100.92896174863388,986,0,1035,204239.95055918893,0.0,25100,35,0.0,,,0.16367148942428816,0.15021545390846466,0.3837024868508675,0.9661257606490873,0.06892946259818628,398711.391292524,0,False,False,True,"{""0"":null,""1"":null,""2"":null,""3"":null}",986.0,338406.0,0.0,240156.0,0.0,240156.0,0.0,204239.95055918893,0.0,0.0,0.0,0.0,271225.95129252283,0.0,6.058772345922327,0.0,968.0,0.0,0.0,0.0,21505.599999967544,0.0,599.0999999999549,0.0,12007.79999996551,0.0,0.0,0.0,0.0,0.0,0.0,0.0,2401.560000000009,0.0,120078.0,0.0,35.0,0.0,122479.55999999991,0.0,0.0,0.0,271225.95129252283
341,2020-12-07,2020,True,100.93169398907104,986,986,1035,205078.69621596634,1392.548502167723,26063,20,0.0,0.8487335830833593,0.14147011396723944,0.16367148942428816,0.1502154539084647,0.3837024868508675,0.9651926977687626,0.09805548357412382,399601.07979469176,0,False,False,True,"{""0"":null,""1"":null,""2"":null,""3"":null}",986.0,339392.0,986.0,241142.0,986.0,241142.0,838.7456567774061,205078.69621596634,838.7456567774061,0.0,0.0,1392.548502167745,272618.4997946906,0.0,6.058772345922327,4.0,972.0,0.0,0.0,88.5999999987107,21594.199999966255,5.249999999999204,604.3499999999541,49.29999999928259,12057.099999964792,0.0,0.0,0.0,0.0,0.0,0.0,9.860000000000127,2411.420000000009,493.0,120571.0,0.0,35.0,502.8600000000006,122982.41999999991,0.0,0.0,1392.548502167745,272618.4997946906
342,2020-12-08,2020,True,100.93442622950819,987,987,1036,205918.34333296053,1312.9971077286998,26143,32,0.0,0.853169647462219,0.13512241254046736,0.16364576193808508,0.14955523404930876,0.38371308504561413,0.9653444782168186,0.1253547913434737,400409.70690242044,0,False,False,True,"{""0"":null,""1"":null,""2"":null,""3"":null}",987.0,340379.0,987.0,242129.0,987.0,242129.0,839.6471169941942,205918.34333296053,839.6471169941942,0.0,0.0,1312.9971077286755,273931.49690241925,0.0,6.058772345922327,4.0,976.0,0.0,0.0,88.69999999870925,21682.899999964964,0.0,604.3499999999541,49.34999999928186,12106.449999964074,0.0,0.0,0.0,0.0,0.0,0.0,9.86999999999989,2421.290000000009,493.5,121064.5,1.0,36.0,503.36999999999534,123485.7899999999,0.0,0.0,1312.9971077286755,273931.49690241925
343,2020-12-09,2020,True,100.93715846994536,987,987,1036,206757.99044995473,1250.4486241391112,26228,53,0.0,0.8439952982434816,0.14914062265551253,0.16362173793089144,0.1495781615295677,0.38371308504561413,0.965354609929078,0.15070440754618983,401156.7855265596,0,False,False,True,"{""0"":null,""1"":null,""2"":null,""3"":null}",987.0,341366.0,987.0,243116.0,987.0,243116.0,839.6471169941942,206757.99044995473,839.6471169941942,0.0,0.0,1250.4486241391278,275181.9455265584,0.0,6.058772345922327,4.0,980.0,0.0,0.0,88.69999999870925,21771.599999963673,0.0,604.3499999999541,49.34999999928186,12155.799999963356,0.0,0.0,0.0,0.0,0.0,0.0,9.86999999999989,2431.160000000009,493.5,121558.0,0.0,36.0,503.36999999999534,123989.1599999999,0.0,0.0,1250.4486241391278,275181.9455265584
344,2020-12-10,2020,True,100.93989071038251,986,986,1036,207596.87311899327,1165.721089385322,26347,61,0.0,0.8397713332063022,0.15286999957556688,0.1635665517091501,0.1494981842231281,0.38346499278397894,0.9651521298174442,0.17440171615889566,401819.6466159449,0,False,False,True,"{""0"":null,""1"":null,""2"":null,""3"":null}",986.0,342352.0,986.0,244102.0,986.0,244102.0,838.8826690385467,207596.87311899327,838.8826690385467,0.0,0.0,1165.7210893853335,276347.6666159437,0.0,6.058772345922327,4.0,984.0,0.0,0.0,88.5999999987107,21860.199999962384,2.9999999999995453,607.3499999999536,49.29999999928259,12205.099999962638,0.0,0.0,0.0,0.0,0.0,0.0,9.860000000000127,2441.020000000009,493.0,122051.0,0.0,36.0,502.8600000000006,124492.0199999999,0.0,0.0,1165.7210893853335,276347.6666159437
345,2020-12-11,2020,True,100.94262295081967,986,986,1037,208435.85322306512,1136.1755931575556,26443,65,0.0,0.8104373841861104,0.19361032235072312,0.16333973801109344,0.14839877968517673,0.38338856486390954,0.9647565922920892,0.19606166619643808,402451.96220910246,0,False,False,True,"{""0"":null,""1"":null,""2"":null,""3"":null}",986.0,343338.0,986.0,245088.0,986.0,245088.0,838.9801040718448,208435.85322306512,838.9801040718448,0.0,0.0,1136.1755931575317,277483.84220910125,0.0,6.058772345922327,4.0,988.0,0.0,0.0,88.5999999987107,21948.799999961095,1.7999999999997272,609.1499999999534,49.29999999928259,12254.399999961921,0.0,0.0,0.0,0.0,0.0,0.0,9.860000000000127,2450.880000000009,493.0,122544.0,1.0,37.0,502.8600000000006,124994.8799999999,0.0,0.0,1136.1755931575317,277483.84220910125
346,2020-12-12,2020,False,100.94535519125684,987,0,1038,208435.85322306512,0.0,25600,65,0.0,,,0.16351139504521994,0.14804721601233628,0.3836406962841632,0.9655116514690983,0.11894489581285508,402450.96220910246,0,False,False,True,"{""0"":null,""1"":null,""2"":null,""3"":null}",987.0,344325.0,0.0,245088.0,0.0,245088.0,0.0,208435.85322306512,0.0,0.0,0.0,0.0,277483.84220910125,0.0,6.058772345922327,0.0,988.0,0.0,0.0,0.0,21948.799999961095,0.0,609.1499999999534,0.0,12254.399999961921,0.0,0.0,0.0,0.0,0.0,0.0,0.0,2450.880000000009,0.0,122544.0,1.0,38.0,0.0,124994.8799999999,0.0,0.0,0.0,277483.84220910125
347,2020-12-13,2020,False,100.94808743169399,987,0,1038,208435.85322306512,0.0,25600,65,0.0,,,0.16351139504521997,0.14804721601233628,0.3836406962841632,0.9655116514690983,0.06921474037707652,402450.96220910246,0,False,False,True,"{""0"":null,""1"":null,""2"":null,""3"":null}",987.0,345312.0,0.0,245088.0,0.0,245088.0,0.0,208435.85322306512,0.0,0.0,0.0,0.0,277483.84220910125,0.0,6.058772345922327,0.0,988.0,0.0,0.0,0.0,21948.799999961095,0.0,609.1499999999534,0.0,12254.399999961921,0.0,0.0,0.0,0.0,0.0,0.0,0.0,2450.880000000009,0.0,122544.0,0.0,38.0,0.0,124994.8799999999,0.0,0.0,0.0,277483.84220910125
348,2020-12-14,2020,True,100.95081967213115,987,987,1038,209275.62585362443,1383.6573038660779,26593,19,0.3247923000773644,0.8429286289653548,0.1420695734855491,0.16351139504521994,0.14804721601233628,0.3836406962841632,0.9645845997973657,0.09840189653188401,403331.2495129685,0,False,False,True,"{""0"":null,""1"":null,""2"":null,""3"":null}",987.0,346299.0,987.0,246075.0,987.0,246075.0,839.7726305593096,209275.62585362443,839.7726305593096,0.0,0.0,1383.6573038660572,278867.4995129673,0.32479230007736426,6.383564645999691,4.0,992.0,0.0,0.0,88.69999999870925,22037.499999959804,9.749999999998522,618.8999999999519,49.34999999928186,12303.749999961203,0.0,0.0,0.0,0.0,0.0,0.0,9.86999999999989,2460.750000000009,493.5,123037.5,0.0,38.0,503.36999999999534,125498.2499999999,0.0,0.0,1383.6573038660572,278867.4995129673
349,2020-12-15,2020,True,100.9535519125683,987,987,1038,210115.39848418374,1322.937971784956,26633,44,0.0,0.8257545012497525,0.16282190949531572,0.16338278257372418,0.14800796050192716,0.3836406962841632,0.9648277608915906,0.125669555789745,404150.8174847535,0,False,False,True,"{""0"":null,""1"":null,""2"":null,""3"":null}",987.0,347286.0,987.0,247062.0,987.0,247062.0,839.7726305593096,210115.39848418374,839.7726305593096,0.0,0.0,1322.937971784966,280190.43748475227,0.0,6.383564645999691,4.0,996.0,0.0,0.0,88.69999999870925,22126.199999958513,0.0,618.8999999999519,49.34999999928186,12353.099999960485,0.0,0.0,0.0,0.0,0.0,0.0,9.86999999999989,2470.620000000009,493.5,123531.0,0.0,38.0,503.36999999999534,126001.6199999999,0.0,0.0,1322.937971784966,280190.43748475227
350,2020-12-16,2020,True,100.95628415300547,987,987,1038,210955.17111474305,1258.8592570367564,26734,64,0.3167897985412536,0.8479772475473274,0.13701837980854623,0.16348744008557786,0.1481782087104252,0.3836406962841632,0.9647061803444782,0.15103867308967486,404906.30674179026,0,False,False,True,"{""0"":null,""1"":null,""2"":null,""3"":null}",987.0,348273.0,987.0,248049.0,987.0,248049.0,839.7726305593096,210955.17111474305,839.7726305593096,0.0,0.0,1258.8592570367618,281449.29674178903,0.31678979854125355,6.700354444540944,4.0,1000.0,0.0,0.0,88.69999999870925,22214.899999957222,0.0,618.8999999999519,49.34999999928186,12402.449999959767,0.0,0.0,0.0,0.0,0.0,0.0,9.86999999999989,2480.490000000009,493.5,124024.5,0.0,38.0,503.36999999999534,126504.98999999989,0.0,0.0,1258.8592570367618,281449.29674178903
351,2020-12-17,2020,True,100.95901639344262,987,987,1038,211794.94374530236,1181.839526482286,26847,67,0.09754343320964895,0.8206401167862897,0.16748127160183818,0.16337386202115253,0.1481328290636139,0.3836406962841632,0.9647821681864235,0.17454467647419544,405584.77626827254,0,False,False,True,"{""0"":null,""1"":null,""2"":null,""3"":null}",987.0,349260.0,987.0,249036.0,987.0,249036.0,839.7726305593096,211794.94374530236,839.7726305593096,0.0,0.0,1181.8395264822757,282631.1362682713,0.09754343320964853,6.797897877750593,4.0,1004.0,0.0,0.0,88.69999999870925,22303.59999995593,2.849999999999568,621.7499999999515,49.34999999928186,12451.799999959048,0.0,0.0,0.0,0.0,0.0,0.0,9.86999999999989,2490.3600000000088,493.5,124518.0,0.0,38.0,503.36999999999534,127008.35999999988,0.0,0.0,1181.8395264822757,282631.1362682713
352,2020-12-18,2020,True,100.96174863387978,987,987,1038,212634.71637586167,1161.689582009144,26958,61,0.0,0.8297700669567591,0.16669435478767167,0.16351209858331534,0.1482802607807095,0.3836406962841632,0.9647213779128673,0.19625138013488538,406243.0958502817,0,False,False,True,"{""0"":null,""1"":null,""2"":null,""3"":null}",987.0,350247.0,987.0,250023.0,987.0,250023.0,839.7726305593096,212634.71637586167,839.7726305593096,0.0,0.0,1161.6895820091595,283792.82585028047,0.0,6.797897877750593,4.0,1008.0,0.0,0.0,88.69999999870925,22392.29999995464,3.7499999999994316,625.4999999999509,49.34999999928186,12501.14999995833,0.0,0.0,0.0,0.0,0.0,0.0,9.86999999999989,2500.2300000000087,493.5,125011.5,0.0,38.0,503.36999999999534,127511.72999999988,0.0,0.0,1161.6895820091595,283792.82585028047
353,2020-12-19,2020,False,100.96448087431693,989,0,1040,212634.71637586167,0.0,26100,61,0.0,,,0.16316438233950664,0.14677524518929233,0.38369188865612086,0.96525783619818,0.11918063983326437,406241.0958502817,0,False,False,True,"{""0"":null,""1"":null,""2"":null,""3"":null}",989.0,351236.0,0.0,250023.0,0.0,250023.0,0.0,212634.71637586167,0.0,0.0,0.0,0.0,283792.82585028047,0.0,6.797897877750593,0.0,1008.0,0.0,0.0,0.0,22392.29999995464,0.0,625.4999999999509,0.0,12501.14999995833,0.0,0.0,0.0,0.0,0.0,0.0,0.0,2500.2300000000087,0.0,125011.5,2.0,40.0,0.0,127511.72999999988,0.0,0.0,0.0,283792.82585028047
354,2020-12-20,2020,False,100.9672131147541,989,0,1040,212634.71637586167,0.0,26100,61,0.0,,,0.16316438233950664,0.1467752451892923,0.38369188865612086,0.96525783619818,0.06947350557459217,406241.0958502817,0,False,False,True,"{""0"":null,""1"":null,""2"":null,""3"":null}",989.0,352225.0,0.0,250023.0,0.0,250023.0,0.0,212634.71637586167,0.0,0.0,0.0,0.0,283792.82585028047,0.0,6.797897877750593,0.0,1008.0,0.0,0.0,0.0,22392.29999995464,0.0,625.4999999999509,0.0,12501.14999995833,0.0,0.0,0.0,0.0,0.0,0.0,0.0,2500.2300000000087,0.0,125011.5,0.0,40.0,0.0,127511.72999999988,0.0,0.0,0.0,283792.82585028047
355,2020-12-21,2020,True,100.96994535519126,989,989,1040,213475.96161928258,1415.339894231363,27091,24,0.0,0.8715643455015972,0.11756642219152369,0.16316438233950664,0.14677524518929233,0.38369188865612086,0.964180990899899,0.09867529450457457,407152.04574451305,0,False,False,True,"{""0"":null,""1"":null,""2"":null,""3"":null}",989.0,353214.0,989.0,251012.0,989.0,251012.0,841.2452434209117,213475.96161928258,841.2452434209117,0.0,0.0,1415.3398942313506,285208.1657445118,0.0,6.797897877750593,4.0,1012.0,0.0,0.0,88.89999999870633,22481.199999953347,9.149999999998613,634.6499999999495,49.44999999928041,12550.59999995761,0.0,0.0,0.0,0.0,0.0,0.0,9.889999999999873,2510.1200000000085,494.5,125506.0,0.0,40.0,504.3899999999994,128016.11999999988,0.0,0.0,1415.3398942313506,285208.1657445118
356,2020-12-22,2020,True,100.97267759562841,989,989,1040,214317.2068627035,1333.7484919750887,27147,34,0.0,0.8614876500494504,0.13002291656309678,0.16318178384932105,0.1468369813591782,0.38369188865612086,0.9648736097067745,0.1258852838282433,407981.4042364881,0,False,False,True,"{""0"":null,""1"":null,""2"":null,""3"":null}",989.0,354203.0,989.0,252001.0,989.0,252001.0,841.2452434209117,214317.2068627035,841.2452434209117,0.0,0.0,1333.7484919750714,286541.9142364869,0.0,6.797897877750593,4.0,1016.0,0.0,0.0,88.89999999870633,22570.099999952054,0.0,634.6499999999495,49.44999999928041,12600.049999956891,0.0,0.0,0.0,0.0,0.0,0.0,9.889999999999873,2520.0100000000084,494.5,126000.5,0.0,40.0,504.3899999999994,128520.50999999988,0.0,0.0,1333.7484919750714,286541.9142364869
357,2020-12-23,2020,True,100.97540983606558,988,988,1040,215157.65948185575,1262.4538318732689,27235,57,0.0,0.8267190073255658,0.1734038162729314,0.1635412852841536,0.14716361171449976,0.38388878854579833,0.9647672064777328,0.151328029243997,408739.97806836135,0,False,False,True,"{""0"":null,""1"":null,""2"":null,""3"":null}",988.0,355191.0,988.0,252989.0,988.0,252989.0,840.45261915226,215157.65948185575,840.45261915226,0.0,0.0,1262.453831873252,287804.36806836014,0.0,6.797897877750593,4.0,1020.0,0.0,0.0,88.79999999870779,22658.89999995076,0.0,634.6499999999495,49.399999999281135,12649.449999956172,0.0,0.0,0.0,0.0,0.0,0.0,9.88000000000011,2529.8900000000085,494.0,126494.5,0.0,40.0,503.88000000000466,129024.38999999988,0.0,0.0,1262.453831873252,287804.36806836014
358,2020-12-24,2020,True,100.97814207650273,988,988,1040,215998.112101008,1199.5287519932597,27357,51,0.0,0.8350258518136194,0.14493420033790078,0.16361160423810964,0.1472189429132238,0.38388878854579833,0.9647823886639677,0.17483034877225714,409435.6268203546,0,False,False,True,"{""0"":null,""1"":null,""2"":null,""3"":null}",988.0,356179.0,988.0,253977.0,988.0,253977.0,840.45261915226,215998.112101008,840.45261915226,0.0,0.0,1199.5287519932608,289003.8968203534,0.0,6.797897877750593,4.0,1024.0,0.0,0.0,88.79999999870779,22747.69999994947,3.5999999999994543,638.249999999949,49.399999999281135,12698.849999955453,0.0,0.0,0.0,0.0,0.0,0.0,9.88000000000011,2539.7700000000086,494.0,126988.5,0.0,40.0,503.88000000000466,129528.26999999989,0.0,0.0,1199.5287519932608,289003.8968203534
359,2020-12-25,2020,False,100.98087431693989,988,0,1040,215998.112101008,0.0,26500,51,0.0,,,0.16365138957373093,0.14721821423564083,0.38388878854579833,0.9656831983805668,0.10091856216582983,409435.6268203546,0,False,False,True,"{""0"":null,""1"":null,""2"":null,""3"":null}",988.0,357167.0,0.0,253977.0,0.0,253977.0,0.0,215998.112101008,0.0,0.0,0.0,0.0,289003.8968203534,0.0,6.797897877750593,0.0,1024.0,0.0,0.0,0.0,22747.69999994947,0.0,638.249999999949,0.0,12698.849999955453,0.0,0.0,0.0,0.0,0.0,0.0,0.0,2539.7700000000086,0.0,126988.5,0.0,40.0,0.0,129528.26999999989,0.0,0.0,0.0,289003.8968203534
360,2020-12-26,2020,False,100.98360655737704,988,0,1040,215998.112101008,0.0,26500,51,0.0,,,0.16365138957373093,0.1472182142356408,0.38388878854579833,0.9656831983805668,0.058918189200104124,409435.6268203546,0,False,False,True,"{""0"":null,""1"":null,""2"":null,""3"":null}",988.0,358155.0,0.0,253977.0,0.0,253977.0,0.0,215998.112101008,0.0,0.0,0.0,0.0,289003.8968203534,0.0,6.797897877750593,0.0,1024.0,0.0,0.0,0.0,22747.69999994947,0.0,638.249999999949,0.0,12698.849999955453,0.0,0.0,0.0,0.0,0.0,0.0,0.0,2539.7700000000086,0.0,126988.5,0.0,40.0,0.0,129528.26999999989,0.0,0.0,0.0,289003.8968203534
361,2020-12-27,2020,False,100.98633879781421,989,0,1041,215998.112101008,0.0,26500,51,0.0,,,0.16356709739227285,0.14644553981218172,0.383899386740545,0.9654145601617795,0.031069607491306116,409434.6268203546,0,False,False,True,"{""0"":null,""1"":null,""2"":null,""3"":null}",989.0,359144.0,0.0,253977.0,0.0,253977.0,0.0,215998.112101008,0.0,0.0,0.0,0.0,289003.8968203534,0.0,6.797897877750593,0.0,1024.0,0.0,0.0,0.0,22747.69999994947,0.0,638.249999999949,0.0,12698.849999955453,0.0,0.0,0.0,0.0,0.0,0.0,0.0,2539.7700000000086,0.0,126988.5,1.0,41.0,0.0,129528.26999999989,0.0,0.0,0.0,289003.8968203534
362,2020-12-28,2020,True,100.98907103825137,989,989,1041,216839.41865409838,1538.0942609013132,27489,14,0.0,0.8714200209430099,0.12236286842481958,0.16356709739227288,0.1464455398121817,0.383899386740545,0.964464105156724,0.06288181652963742,410468.3310812559,0,False,False,True,"{""0"":null,""1"":null,""2"":null,""3"":null}",989.0,360133.0,989.0,254966.0,989.0,254966.0,841.3065530903696,216839.41865409838,841.3065530903696,0.0,0.0,1538.094260901329,290541.99108125473,0.0,6.797897877750593,4.0,1028.0,0.0,0.0,88.89999999870633,22836.599999948176,7.64999999999884,645.8999999999478,49.44999999928041,12748.299999954734,0.0,0.0,0.0,0.0,0.0,0.0,9.889999999999873,2549.6600000000085,494.5,127483.0,0.0,41.0,504.3899999999994,130032.65999999989,0.0,0.0,1538.094260901329,290541.99108125473
363,2020-12-29,2020,True,100.99180327868852,989,989,1041,217680.72520718875,1423.2096972331694,27528,35,0.0,0.8563887140168193,0.14273042382593493,0.16350163212265972,0.14641606161788678,0.383899386740545,0.9646157735085945,0.09301947961592576,411387.1507784891,0,False,False,True,"{""0"":null,""1"":null,""2"":null,""3"":null}",989.0,361122.0,989.0,255955.0,989.0,255955.0,841.3065530903696,217680.72520718875,841.3065530903696,0.0,0.0,1423.2096972331638,291965.2007784879,0.0,6.797897877750593,4.0,1032.0,0.0,0.0,88.89999999870633,22925.499999946882,0.0,645.8999999999478,49.44999999928041,12797.749999954014,0.0,0.0,0.0,0.0,0.0,0.0,9.889999999999873,2559.5500000000084,494.5,127977.5,0.0,41.0,504.3899999999994,130537.04999999989,0.0,0.0,1423.2096972331638,291965.2007784879
364,2020-12-30,2020,True,100.99453551912568,990,990,1042,218522.74681521268,1355.6914995860143,27618,62,0.0,0.8413681003170603,0.14503965203763786,0.16327410218336164,0.14542633591786358,0.3837024868508675,0.9636565656565657,0.12122764217309855,412236.9422780751,0,False,False,True,"{""0"":null,""1"":null,""2"":null,""3"":null}",990.0,362112.0,990.0,256945.0,990.0,256945.0,842.0216080239334,218522.74681521268,842.0216080239334,0.0,0.0,1355.6914995860425,293320.89227807394,0.0,6.797897877750593,4.0,1036.0,0.0,0.0,88.99999999870488,23014.499999945587,0.0,645.8999999999478,49.49999999927968,12847.249999953294,0.0,0.0,0.0,0.0,0.0,0.0,9.900000000000091,2569.4500000000085,495.0,128472.5,1.0,42.0,504.8999999999942,131041.94999999988,0.0,0.0,1355.6914995860425,293320.89227807394
365,2020-12-31,2020,True,100.99726775956285,990,990,1042,219364.76842323662,1280.7440371620069,27762,57,0.0,0.8454123378334176,0.13775178232408591,0.16334019908444025,0.14561167315865653,0.3837024868508675,0.9640757575757575,0.1473381671897661,413012.78631523706,0,False,False,True,"{""0"":null,""1"":null,""2"":null,""3"":null}",990.0,363102.0,990.0,257935.0,990.0,257935.0,842.0216080239334,219364.76842323662,842.0216080239334,0.0,0.0,1280.7440371619887,294601.6363152359,0.0,6.797897877750593,4.0,1040.0,0.0,0.0,88.99999999870488,23103.49999994429,2.0999999999996817,647.9999999999475,49.49999999927968,12896.749999952573,0.0,0.0,0.0,0.0,0.0,0.0,9.900000000000091,2579.3500000000085,495.0,128967.5,0.0,42.0,504.90000000000873,131546.8499999999,0.0,0.0,1280.7440371619887,294601.6363152359
366,2021-01-01,2021,False,101.0,990,0,1042,219364.76842323662,0.0,26900,57,0.0,,,0.1633051121925505,0.145631051977168,0.3837024868508675,0.9652171717171718,0.07352058596308281,413012.78631523706,0,False,False,True,"{""0"":null,""1"":null,""2"":null,""3"":null}",990.0,364092.0,0.0,257935.0,0.0,257935.0,0.0,219364.76842323662,0.0,0.0,0.0,0.0,294601.6363152359,0.0,6.797897877750593,0.0,1040.0,0.0,0.0,0.0,23103.49999994429,0.0,647.9999999999475,0.0,12896.749999952573,0.0,0.0,0.0,0.0,0.0,0.0,0.0,2579.3500000000085,0.0,128967.5,0.0,42.0,0.0,131546.8499999999,0.0,0.0,0.0,294601.6363152359
367,2021-01-02,2021,False,101.0027397260274,989,0,1043,219364.76842323662,0.0,26900,57,0.0,,,0.16301848464141944,0.14447234947220178,0.38345439458923236,0.9648786653185035,0.03298799766728508,413011.78631523706,0,False,False,True,"{""0"":null,""1"":null,""2"":null,""3"":null}",989.0,365081.0,0.0,257935.0,0.0,257935.0,0.0,219364.76842323662,0.0,0.0,0.0,0.0,294601.6363152359,0.0,6.797897877750593,0.0,1040.0,0.0,0.0,0.0,23103.49999994429,0.0,647.9999999999475,0.0,12896.749999952573,0.0,0.0,0.0,0.0,0.0,0.0,0.0,2579.3500000000085,0.0,128967.5,1.0,43.0,0.0,131546.8499999999,0.0,0.0,0.0,294601.6363152359
368,2021-01-03,2021,False,101.0054794520548,989,0,1043,219364.76842323662,0.0,26900,57,0.0,,,0.16301848464141944,0.14447234947220178,0.38345439458923236,0.9648786653185035,0.015081660691610762,413011.78631523706,0,False,False,True,"{""0"":null,""1"":null,""2"":null,""3"":null}",989.0,366070.0,0.0,257935.0,0.0,257935.0,0.0,219364.76842323662,0.0,0.0,0.0,0.0,294601.6363152359,0.0,6.797897877750593,0.0,1040.0,0.0,0.0,0.0,23103.49999994429,0.0,647.9999999999475,0.0,12896.749999952573,0.0,0.0,0.0,0.0,0.0,0.0,0.0,2579.3500000000085,0.0,128967.5,0.0,43.0,0.0,131546.8499999999,0.0,0.0,0.0,294601.6363152359
369,2021-01-04,2021,True,101.00821917808219,989,989,1043,220206.03735824776,1585.3618555598018,27892,26,0.05394654682595482,0.874664409844438,0.11842518449333167,0.16301848464141944,0.14447234947220175,0.38345439458923236,0.9638675429726997,0.04742921070483557,414092.75817079685,0,False,False,True,"{""0"":null,""1"":null,""2"":null,""3"":null}",989.0,367059.0,989.0,258924.0,989.0,258924.0,841.2689350111468,220206.03735824776,841.2689350111468,0.0,0.0,1585.3618555598077,296186.99817079573,0.05394654682595501,6.851844424576548,4.0,1044.0,0.0,0.0,88.89999999870633,23192.399999942998,8.549999999998704,656.5499999999462,49.44999999928041,12946.199999951854,0.0,0.0,0.0,0.0,0.0,0.0,9.889999999999873,2589.2400000000084,494.5,129462.0,0.0,43.0,504.39000000001397,132051.2399999999,0.0,0.0,1585.3618555598077,296186.99817079573
370,2021-01-05,2021,True,101.01095890410959,989,989,1043,221047.3062932589,1476.0978098312594,27931,43,0.15829455864462633,0.8604410810661587,0.1315864144759193,0.16299595997828695,0.14442483906497078,0.38345439458923236,0.9642669362992922,0.07851391875205099,415064.4659806281,0,False,False,True,"{""0"":null,""1"":null,""2"":null,""3"":null}",989.0,368048.0,989.0,259913.0,989.0,259913.0,841.2689350111468,221047.3062932589,841.2689350111468,0.0,0.0,1476.0978098312626,297663.095980627,0.15829455864462627,7.010138983221174,4.0,1048.0,0.0,0.0,88.89999999870633,23281.299999941704,0.0,656.5499999999462,49.44999999928041,12995.649999951134,0.0,0.0,0.0,0.0,0.0,0.0,9.889999999999873,2599.1300000000083,494.5,129956.5,0.0,43.0,504.39000000001397,132555.62999999992,0.0,0.0,1476.0978098312626,297663.095980627
371,2021-01-06,2021,True,101.01369863013699,989,989,1043,221888.57522827006,1425.0125847268996,28028,65,0.0,0.8523682033868791,0.12636631421011904,0.1629899554225067,0.14444515356530574,0.38345439458923236,0.964191102123357,0.10779463600539765,415985.088565355,0,False,False,True,"{""0"":null,""1"":null,""2"":null,""3"":null}",989.0,369037.0,989.0,260902.0,989.0,260902.0,841.2689350111468,221888.57522827006,841.2689350111468,0.0,0.0,1425.0125847269082,299088.1085653539,0.0,7.010138983221174,4.0,1052.0,0.0,0.0,88.89999999870633,23370.19999994041,0.0,656.5499999999462,49.44999999928041,13045.099999950415,0.0,0.0,0.0,0.0,0.0,0.0,9.889999999999873,2609.020000000008,494.5,130451.0,0.0,43.0,504.39000000001397,133060.01999999993,0.0,0.0,1425.0125847269082,299088.1085653539
372,2021-01-07,2021,True,101.01643835616439,989,989,1044,222729.85462895458,1358.5858942875484,28161,57,0.32168535936972553,0.8422098488974964,0.1532028493660244,0.16299588059402298,0.14378344577074706,0.38345439458923236,0.9639737108190091,0.13506538965590315,416838.28445964254,0,False,False,True,"{""0"":null,""1"":null,""2"":null,""3"":null}",989.0,370026.0,989.0,261891.0,989.0,261891.0,841.2794006845215,222729.85462895458,841.2794006845215,0.0,0.0,1358.5858942875639,300446.69445964147,0.32168535936972553,7.3318243425909,4.0,1056.0,0.0,0.0,88.89999999870633,23459.099999939117,3.899999999999409,660.4499999999456,49.44999999928041,13094.549999949695,0.0,0.0,0.0,0.0,0.0,0.0,9.889999999999873,2618.910000000008,494.5,130945.5,1.0,44.0,504.39000000001397,133564.40999999995,0.0,0.0,1358.5858942875639,300446.69445964147
373,2021-01-08,2021,True,101.01917808219179,988,988,1044,223570.33101973066,1251.4537743218611,28254,56,0.0,0.8410630888256774,0.1478324568822579,0.1629731573253128,0.14378941910675788,0.3835202243145551,0.9641497975708503,0.16033614922645836,417585.8582339644,0,False,False,True,"{""0"":null,""1"":null,""2"":null,""3"":null}",988.0,371014.0,988.0,262879.0,988.0,262879.0,840.4763907760789,223570.33101973066,840.4763907760789,0.0,0.0,1251.4537743218825,301698.14823396335,0.0,7.3318243425909,4.0,1060.0,0.0,0.0,88.79999999870779,23547.899999937825,2.5499999999996135,662.9999999999452,49.399999999281135,13143.949999948976,0.0,0.0,0.0,0.0,0.0,0.0,9.88000000000011,2628.790000000008,494.0,131439.5,0.0,44.0,503.88000000000466,134068.28999999995,0.0,0.0,1251.4537743218825,301698.14823396335
374,2021-01-09,2021,False,101.02191780821917,988,0,1044,223570.33101973066,0.0,27400,56,0.0,,,0.16295276217363952,0.143801142510683,0.3835202243145551,0.9650759109311741,0.08381194409305245,417585.8582339644,0,False,False,True,"{""0"":null,""1"":null,""2"":null,""3"":null}",988.0,372002.0,0.0,262879.0,0.0,262879.0,0.0,223570.33101973066,0.0,0.0,0.0,0.0,301698.14823396335,0.0,7.3318243425909,0.0,1060.0,0.0,0.0,0.0,23547.899999937825,0.0,662.9999999999452,0.0,13143.949999948976,0.0,0.0,0.0,0.0,0.0,0.0,0.0,2628.790000000008,0.0,131439.5,0.0,44.0,0.0,134068.28999999995,0.0,0.0,0.0,301698.14823396335
375,2021-01-10,2021,False,101.02465753424657,988,0,1044,223570.33101973066,0.0,27400,56,0.0,,,0.16295276217363952,0.143801142510683,0.3835202243145551,0.9650759109311741,0.03404103175143009,417585.8582339644,0,False,False,True,"{""0"":null,""1"":null,""2"":null,""3"":null}",988.0,372990.0,0.0,262879.0,0.0,262879.0,0.0,223570.33101973066,0.0,0.0,0.0,0.0,301698.14823396335,0.0,7.3318243425909,0.0,1060.0,0.0,0.0,0.0,23547.899999937825,0.0,662.9999999999452,0.0,13143.949999948976,0.0,0.0,0.0,0.0,0.0,0.0,0.0,2628.790000000008,0.0,131439.5,0.0,44.0,0.0,134068.28999999995,0.0,0.0,0.0,301698.14823396335
376,2021-01-11,2021,True,101.02739726027397,988,988,1044,224410.80741050674,1514.1980540852276,28400,13,0.0,0.8684321681844871,0.11008795948397643,0.16295276217363952,0.143801142510683,0.3835202243145551,0.9643876518218624,0.06548027302646563,418596.17628804967,0,False,False,True,"{""0"":null,""1"":null,""2"":null,""3"":null}",988.0,373978.0,988.0,263867.0,988.0,263867.0,840.4763907760789,224410.80741050674,840.4763907760789,0.0,0.0,1514.1980540852528,303212.3462880486,0.0,7.3318243425909,4.0,1064.0,0.0,0.0,88.79999999870779,23636.699999936533,8.399999999998727,671.3999999999439,49.399999999281135,13193.349999948257,0.0,0.0,0.0,0.0,0.0,0.0,9.88000000000011,2638.6700000000083,494.0,131933.5,0.0,44.0,503.88000000000466,134572.16999999995,0.0,0.0,1514.1980540852528,303212.3462880486
377,2021-01-12,2021,True,101.03013698630137,988,988,1044,225251.2838012828,1425.6844252644182,28442,26,0.03190288115411846,0.8461154892011242,0.13619983160578414,0.16303789411676137,0.14391322155883213,0.3835202243145551,0.9647570850202428,0.0952790340716345,419517.9807133141,0,False,False,True,"{""0"":null,""1"":null,""2"":null,""3"":null}",988.0,374966.0,988.0,264855.0,988.0,264855.0,840.4763907760789,225251.2838012828,840.4763907760789,0.0,0.0,1425.6844252644223,304638.030713313,0.03190288115411821,7.363727223745018,4.0,1068.0,0.0,0.0,88.79999999870779,23725.49999993524,0.0,671.3999999999439,49.399999999281135,13242.749999947539,0.0,0.0,0.0,0.0,0.0,0.0,9.88000000000011,2648.5500000000084,494.0,132427.5,0.0,44.0,503.88000000000466,135076.04999999996,0.0,0.0,1425.6844252644223,304638.030713313
378,2021-01-13,2021,True,101.03287671232877,988,988,1044,226091.7601920589,1362.1464532377793,28530,46,0.0,0.8431038711588631,0.14569214915843454,0.16305425727098788,0.14388329922753673,0.3835202243145551,0.964418016194332,0.12316269485594326,420376.2471665519,0,False,False,True,"{""0"":null,""1"":null,""2"":null,""3"":null}",988.0,375954.0,988.0,265843.0,988.0,265843.0,840.4763907760789,226091.7601920589,840.4763907760789,0.0,0.0,1362.1464532378013,306000.1771665508,0.0,7.363727223745018,4.0,1072.0,0.0,0.0,88.79999999870779,23814.299999933948,0.0,671.3999999999439,49.399999999281135,13292.14999994682,0.0,0.0,0.0,0.0,0.0,0.0,9.88000000000011,2658.4300000000085,494.0,132921.5,0.0,44.0,503.88000000000466,135579.92999999996,0.0,0.0,1362.1464532378013,306000.1771665508
379,2021-01-14,2021,True,101.03561643835616,988,988,1044,226932.23658283497,1284.4039403696618,28657,48,0.0,0.825934091341044,0.16072143433741115,0.1630464562728633,0.14381984652406352,0.3835202243145551,0.9643775303643725,0.14908568718009862,421156.77110692154,0,False,False,True,"{""0"":null,""1"":null,""2"":null,""3"":null}",988.0,376942.0,988.0,266831.0,988.0,266831.0,840.4763907760789,226932.23658283497,840.4763907760789,0.0,0.0,1284.403940369666,307284.5811069205,0.0,7.363727223745018,4.0,1076.0,0.0,0.0,88.79999999870779,23903.099999932656,1.9499999999997044,673.3499999999436,49.399999999281135,13341.5499999461,0.0,0.0,0.0,0.0,0.0,0.0,9.88000000000011,2668.3100000000086,494.0,133415.5,0.0,44.0,503.88000000000466,136083.80999999997,0.0,0.0,1284.403940369666,307284.5811069205
380,2021-01-15,2021,True,101.03835616438356,988,988,1044,227772.71297361105,1205.9835660170552,28748,49,0.07077274334940217,0.8056172164585038,0.18200846483902405,0.1629926930889795,0.14388356446910416,0.3835202243145551,0.9645242914979758,0.17308442415228012,421858.8746729386,0,False,False,True,"{""0"":null,""1"":null,""2"":null,""3"":null}",988.0,377930.0,988.0,267819.0,988.0,267819.0,840.4763907760789,227772.71297361105,840.4763907760789,0.0,0.0,1205.9835660170647,308490.56467293756,0.07077274334940231,7.43449996709442,4.0,1080.0,0.0,0.0,88.79999999870779,23991.899999931364,1.9499999999997044,675.2999999999433,49.399999999281135,13390.949999945382,0.0,0.0,0.0,0.0,0.0,0.0,9.88000000000011,2678.1900000000087,494.0,133909.5,0.0,44.0,503.88000000000466,136587.68999999997,0.0,0.0,1205.9835660170647,308490.56467293756
381,2021-01-16,2021,False,101.04109589041096,988,0,1044,227772.71297361105,0.0,27900,49,0.0,,,0.1629786010274154,0.14391012702991907,0.3835202243145551,0.9653542510121458,0.09664083882930641,421858.8746729386,0,False,False,True,"{""0"":null,""1"":null,""2"":null,""3"":null}",988.0,378918.0,0.0,267819.0,0.0,267819.0,0.0,227772.71297361105,0.0,0.0,0.0,0.0,308490.56467293756,0.0,7.43449996709442,0.0,1080.0,0.0,0.0,0.0,23991.899999931364,0.0,675.2999999999433,0.0,13390.949999945382,0.0,0.0,0.0,0.0,0.0,0.0,0.0,2678.1900000000087,0.0,133909.5,0.0,44.0,0.0,136587.68999999997,0.0,0.0,0.0,308490.56467293756
382,2021-01-17,2021,False,101.04383561643836,988,0,1044,227772.71297361105,0.0,27900,49,0.0,,,0.16297860102741543,0.14391012702991907,0.3835202243145551,0.9653542510121458,0.04671309419739865,421858.8746729386,0,False,False,True,"{""0"":null,""1"":null,""2"":null,""3"":null}",988.0,379906.0,0.0,267819.0,0.0,267819.0,0.0,227772.71297361105,0.0,0.0,0.0,0.0,308490.56467293756,0.0,7.43449996709442,0.0,1080.0,0.0,0.0,0.0,23991.899999931364,0.0,675.2999999999433,0.0,13390.949999945382,0.0,0.0,0.0,0.0,0.0,0.0,0.0,2678.1900000000087,0.0,133909.5,0.0,44.0,0.0,136587.68999999997,0.0,0.0,0.0,308490.56467293756
383,2021-01-18,2021,True,101.04657534246576,988,988,1044,228613.18936438713,1481.2909005196798,28878,25,0.0,0.8583146923852025,0.12009947985911879,0.1629786010274154,0.14391012702991907,0.3835202243145551,0.9643066801619433,0.07734049809405968,422836.2855734583,0,False,False,True,"{""0"":null,""1"":null,""2"":null,""3"":null}",988.0,380894.0,988.0,268807.0,988.0,268807.0,840.4763907760789,228613.18936438713,840.4763907760789,0.0,0.0,1481.2909005196998,309971.85557345726,0.0,7.43449996709442,4.0,1084.0,0.0,0.0,88.79999999870779,24080.69999993007,7.349999999998886,682.6499999999422,49.399999999281135,13440.349999944663,0.0,0.0,0.0,0.0,0.0,0.0,9.88000000000011,2688.070000000009,494.0,134403.5,0.0,44.0,503.88000000000466,137091.56999999998,0.0,0.0,1481.2909005196998,309971.85557345726
384,2021-01-19,2021,True,101.04931506849314,989,989,1045,229454.6574326821,1412.464373318637,28943,43,0.0,0.8442805602716469,0.14290579152380284,0.1630115706794505,0.14323380130165161,0.38353082250930176,0.9644792719919111,0.10621872627401563,423743.35994677694,0,False,False,True,"{""0"":null,""1"":null,""2"":null,""3"":null}",989.0,381883.0,989.0,269796.0,989.0,269796.0,841.4680682949838,229454.6574326821,841.4680682949838,0.0,0.0,1412.464373318653,311384.3199467759,0.0,7.43449996709442,4.0,1088.0,0.0,0.0,88.89999999870633,24169.599999928778,0.0,682.6499999999422,49.44999999928041,13489.799999943943,0.0,0.0,0.0,0.0,0.0,0.0,9.889999999999873,2697.9600000000087,494.5,134898.0,1.0,45.0,504.39000000001397,137595.96,0.0,0.0,1412.464373318653,311384.3199467759
385,2021-01-20,2021,True,101.05205479452054,989,989,1045,230296.1255009771,1316.5973264552345,29031,65,0.0,0.833159200731357,0.14772817390898701,0.16288819157885687,0.14318810814938426,0.38353082250930176,0.9644337714863499,0.1331269453699283,424555.56727323215,0,False,False,True,"{""0"":null,""1"":null,""2"":null,""3"":null}",989.0,382872.0,989.0,270785.0,989.0,270785.0,841.4680682949838,230296.1255009771,841.4680682949838,0.0,0.0,1316.5973264552304,312700.91727323114,0.0,7.43449996709442,4.0,1092.0,0.0,0.0,88.89999999870633,24258.499999927484,0.0,682.6499999999422,49.44999999928041,13539.249999943224,0.0,0.0,0.0,0.0,0.0,0.0,9.889999999999873,2707.8500000000085,494.5,135392.5,0.0,45.0,504.39000000001397,138100.35,0.0,0.0,1316.5973264552304,312700.91727323114
386,2021-01-21,2021,True,101.05479452054794,989,989,1045,231137.59356927208,1236.1937097827997,29157,59,0.0,0.830061544991511,0.16843584540386725,0.16292461936700936,0.14321215154640216,0.38353082250930176,0.9643124368048535,0.15807057225555227,425287.37098301493,0,False,False,True,"{""0"":null,""1"":null,""2"":null,""3"":null}",989.0,383861.0,989.0,271774.0,989.0,271774.0,841.4680682949838,231137.59356927208,841.4680682949838,0.0,0.0,1236.1937097827904,313937.11098301393,0.0,7.43449996709442,4.0,1096.0,0.0,0.0,88.89999999870633,24347.39999992619,3.7499999999994316,686.3999999999417,49.44999999928041,13588.699999942504,0.0,0.0,0.0,0.0,0.0,0.0,9.889999999999873,2717.7400000000084,494.5,135887.0,0.0,45.0,504.39000000001397,138604.74000000002,0.0,0.0,1236.1937097827904,313937.11098301393
387,2021-01-22,2021,True,101.05753424657534,990,990,1046,231979.86534290682,1198.3211484028152,29248,64,0.0,0.8312736711505812,0.16821950878175074,0.1629250741218301,0.1424659126837215,0.38346499278397894,0.9638686868686869,0.18107436559696735,425979.7921314177,0,False,False,True,"{""0"":null,""1"":null,""2"":null,""3"":null}",990.0,384851.0,990.0,272764.0,990.0,272764.0,842.2717736347404,231979.86534290682,842.2717736347404,0.0,0.0,1198.3211484028143,315135.43213141675,0.0,7.43449996709442,4.0,1100.0,0.0,0.0,88.99999999870488,24436.399999924895,2.6999999999995907,689.0999999999412,49.49999999927968,13638.199999941784,0.0,0.0,0.0,0.0,0.0,0.0,9.900000000000091,2727.6400000000085,495.0,136382.0,1.0,46.0,504.8999999999942,139109.64,0.0,0.0,1198.3211484028143,315135.43213141675
388,2021-01-23,2021,False,101.06027397260274,991,0,1047,231979.86534290682,0.0,28400,64,0.0,,,0.16293722281813247,0.14169769899353546,0.3833991630586562,0.9646468213925329,0.10445601613601706,425978.7921314177,0,False,False,True,"{""0"":null,""1"":null,""2"":null,""3"":null}",991.0,385842.0,0.0,272764.0,0.0,272764.0,0.0,231979.86534290682,0.0,0.0,0.0,0.0,315135.43213141675,0.0,7.43449996709442,0.0,1100.0,0.0,0.0,0.0,24436.399999924895,0.0,689.0999999999412,0.0,13638.199999941784,0.0,0.0,0.0,0.0,0.0,0.0,0.0,2727.6400000000085,0.0,136382.0,1.0,47.0,0.0,139109.64,0.0,0.0,0.0,315135.43213141675
389,2021-01-24,2021,False,101.06301369863014,991,0,1047,231979.86534290682,0.0,28400,64,0.0,,,0.16293722281813244,0.14169769899353546,0.3833991630586562,0.9646468213925329,0.05459088163747733,425978.7921314177,0,False,False,True,"{""0"":null,""1"":null,""2"":null,""3"":null}",991.0,386833.0,0.0,272764.0,0.0,272764.0,0.0,231979.86534290682,0.0,0.0,0.0,0.0,315135.43213141675,0.0,7.43449996709442,0.0,1100.0,0.0,0.0,0.0,24436.399999924895,0.0,689.0999999999412,0.0,13638.199999941784,0.0,0.0,0.0,0.0,0.0,0.0,0.0,2727.6400000000085,0.0,136382.0,0.0,47.0,0.0,139109.64,0.0,0.0,0.0,315135.43213141675
390,2021-01-25,2021,True,101.06575342465753,990,990,1047,232822.2842786617,1468.765558763984,29407,10,0.2546184647893958,0.8586087070548125,0.13125,0.16293411273893946,0.1416768038153229,0.38338856486390954,0.9637777777777777,0.0847182969750236,426942.6576901817,0,False,False,True,"{""0"":null,""1"":null,""2"":null,""3"":null}",990.0,387823.0,990.0,273754.0,990.0,273754.0,842.4189357548894,232822.2842786617,842.4189357548894,0.0,0.0,1468.7655587639892,316604.19769018074,0.2546184647893961,7.689118431883816,4.0,1104.0,0.0,0.0,88.99999999870488,24525.3999999236,9.599999999998545,698.6999999999398,49.49999999927968,13687.699999941064,0.0,0.0,0.0,0.0,0.0,0.0,9.900000000000091,2737.5400000000086,495.0,136877.0,0.0,47.0,504.8999999999942,139614.54,0.0,0.0,1468.7655587639892,316604.19769018074
391,2021-01-26,2021,True,101.06849315068493,990,990,1047,233664.7032144166,1353.9236680097417,29455,23,0.0,0.8576744033569368,0.13648901355773724,0.16297383487568906,0.1417664326324165,0.38338856486390954,0.9646565656565657,0.11298993521830004,427791.6813581914,0,False,False,True,"{""0"":null,""1"":null,""2"":null,""3"":null}",990.0,388813.0,990.0,274744.0,990.0,274744.0,842.4189357548894,233664.7032144166,842.4189357548894,0.0,0.0,1353.9236680097529,317958.1213581905,0.0,7.689118431883816,4.0,1108.0,0.0,0.0,88.99999999870488,24614.399999922305,0.0,698.6999999999398,49.49999999927968,13737.199999940343,0.0,0.0,0.0,0.0,0.0,0.0,9.900000000000091,2747.4400000000087,495.0,137372.0,0.0,47.0,504.8999999999942,140119.44,0.0,0.0,1353.9236680097529,317958.1213581905
392,2021-01-27,2021,True,101.07123287671233,990,990,1047,234507.1221501715,1311.282335906443,29546,38,0.2591077300253011,0.8363411355887753,0.1657696353436185,0.16299099377371956,0.141885760701582,0.38338856486390954,0.9648080808080808,0.13930238388027333,428598.06369409786,0,False,False,True,"{""0"":null,""1"":null,""2"":null,""3"":null}",990.0,389803.0,990.0,275734.0,990.0,275734.0,842.4189357548894,234507.1221501715,842.4189357548894,0.0,0.0,1311.2823359064641,319269.40369409695,0.25910773002530085,7.948226161909117,4.0,1112.0,0.0,0.0,88.99999999870488,24703.39999992101,0.0,698.6999999999398,49.49999999927968,13786.699999939623,0.0,0.0,0.0,0.0,0.0,0.0,9.900000000000091,2757.340000000009,495.0,137867.0,0.0,47.0,504.8999999999942,140624.34,0.0,0.0,1311.2823359064641,319269.40369409695
393,2021-01-28,2021,True,101.07397260273973,991,991,1048,235350.29728218837,1278.5078111658895,29638,51,0.0,0.837576505866108,0.1639925016659059,0.16301492293774228,0.141371426261072,0.3836366571255447,0.964117053481332,0.1636668981318502,429370.16150526376,0,False,False,True,"{""0"":null,""1"":null,""2"":null,""3"":null}",991.0,390794.0,991.0,276725.0,991.0,276725.0,843.1751320168842,235350.29728218837,843.1751320168842,0.0,0.0,1278.5078111658804,320547.91150526283,0.0,7.948226161909117,4.0,1116.0,0.0,0.0,89.09999999870342,24792.499999919713,1.4999999999997726,700.1999999999396,49.54999999927895,13836.249999938902,0.0,0.0,0.0,0.0,0.0,0.0,9.909999999999854,2767.2500000000086,495.5,138362.5,1.0,48.0,505.4100000000035,141129.75,0.0,0.0,1278.5078111658804,320547.91150526283
394,2021-01-29,2021,True,101.07671232876713,991,991,1048,236193.47241420526,1173.4506239189282,29761,47,0.0,0.8122846421089551,0.19217104886540132,0.16305455735850172,0.14144672566758593,0.3836366571255447,0.9640968718466195,0.18617855505302844,430038.2021291827,0,False,False,True,"{""0"":null,""1"":null,""2"":null,""3"":null}",991.0,391785.0,991.0,277716.0,991.0,277716.0,843.1751320168842,236193.47241420526,843.1751320168842,0.0,0.0,1173.4506239189068,321721.36212918174,0.0,7.948226161909117,4.0,1120.0,0.0,0.0,89.09999999870342,24881.599999918417,1.9499999999997044,702.1499999999393,49.54999999927895,13885.799999938181,0.0,0.0,0.0,0.0,0.0,0.0,9.909999999999854,2777.1600000000085,495.5,138858.0,0.0,48.0,505.4100000000035,141635.16,0.0,0.0,1173.4506239189068,321721.36212918174
395,2021-01-30,2021,False,101.07945205479452,991,0,1048,236193.47241420526,0.0,28900,47,0.0,,,0.16292887631615152,0.14136382429554414,0.3836366571255447,0.9652169525731584,0.10969855355788803,430038.2021291827,0,False,False,True,"{""0"":null,""1"":null,""2"":null,""3"":null}",991.0,392776.0,0.0,277716.0,0.0,277716.0,0.0,236193.47241420526,0.0,0.0,0.0,0.0,321721.36212918174,0.0,7.948226161909117,0.0,1120.0,0.0,0.0,0.0,24881.599999918417,0.0,702.1499999999393,0.0,13885.799999938181,0.0,0.0,0.0,0.0,0.0,0.0,0.0,2777.1600000000085,0.0,138858.0,0.0,48.0,0.0,141635.16,0.0,0.0,0.0,321721.36212918174
396,2021-01-31,2021,False,101.08219178082192,990,0,1048,236193.47241420526,0.0,28900,47,0.0,,,0.16291074315889661,0.141402333127709,0.3837024868508675,0.9651818181818181,0.05983238536644207,430038.2021291827,0,False,False,True,"{""0"":null,""1"":null,""2"":null,""3"":null}",990.0,393766.0,0.0,277716.0,0.0,277716.0,0.0,236193.47241420526,0.0,0.0,0.0,0.0,321721.36212918174,0.0,7.948226161909117,0.0,1120.0,0.0,0.0,0.0,24881.599999918417,0.0,702.1499999999393,0.0,13885.799999938181,0.0,0.0,0.0,0.0,0.0,0.0,0.0,2777.1600000000085,0.0,138858.0,0.0,48.0,0.0,141635.16,0.0,0.0,0.0,321721.36212918174
397,2021-02-01,2021,True,101.08493150684932,990,990,1048,237035.92245264383,1464.2477910756274,29886,20,0.0,0.8606440293548524,0.13232125195594377,0.16291074315889661,0.141402333127709,0.3837024868508675,0.9643434343434344,0.08954769841642056,430997.5499202583,0,False,False,True,"{""0"":null,""1"":null,""2"":null,""3"":null}",990.0,394756.0,990.0,278706.0,990.0,278706.0,842.4500384385756,237035.92245264383,842.4500384385756,0.0,0.0,1464.2477910756133,323185.60992025735,0.0,7.948226161909117,4.0,1124.0,0.0,0.0,88.99999999870488,24970.59999991712,7.049999999998931,709.1999999999382,49.49999999927968,13935.29999993746,0.0,0.0,0.0,0.0,0.0,0.0,9.900000000000091,2787.0600000000086,495.0,139353.0,0.0,48.0,504.8999999999942,142140.06,0.0,0.0,1464.2477910756133,323185.60992025735
398,2021-02-02,2021,True,101.08767123287672,990,990,1048,237878.3724910824,1358.1863894435637,29933,44,0.0,0.8535793153341985,0.135423895964421,0.16288904623342004,0.14147536426293705,0.3837024868508675,0.9645858585858587,0.11734249415923835,431850.83630970184,0,False,False,True,"{""0"":null,""1"":null,""2"":null,""3"":null}",990.0,395746.0,990.0,279696.0,990.0,279696.0,842.4500384385756,237878.3724910824,842.4500384385756,0.0,0.0,1358.186389443581,324543.79630970093,0.0,7.948226161909117,4.0,1128.0,0.0,0.0,88.99999999870488,25059.599999915827,0.0,709.1999999999382,49.49999999927968,13984.79999993674,0.0,0.0,0.0,0.0,0.0,0.0,9.900000000000091,2796.9600000000087,495.0,139848.0,0.0,48.0,504.8999999999942,142644.96,0.0,0.0,1358.186389443581,324543.79630970093
399,2021-02-03,2021,True,101.09041095890412,989,989,1048,238719.85338294768,1301.6343301112304,30036,71,0.0,0.8443170269117826,0.13735846314174938,0.16302450588003922,0.14167532048454537,0.383899386740545,0.964443882709808,0.14302453258499398,432648.08063981304,0,False,False,True,"{""0"":null,""1"":null,""2"":null,""3"":null}",989.0,396735.0,989.0,280685.0,989.0,280685.0,841.4808918652707,238719.85338294768,841.4808918652707,0.0,0.0,1301.6343301112065,325845.43063981214,0.0,7.948226161909117,4.0,1132.0,0.0,0.0,88.89999999870633,25148.499999914533,0.0,709.1999999999382,49.44999999928041,14034.24999993602,0.0,0.0,0.0,0.0,0.0,0.0,9.889999999999873,2806.8500000000085,494.5,140342.5,0.0,48.0,504.39000000001397,143149.35,0.0,0.0,1301.6343301112065,325845.43063981214
400,2021-02-04,2021,True,101.0931506849315,989,989,1048,239561.33427481295,1258.792532777179,30166,67,0.0,0.8401942804788544,0.13447620924976544,0.16316805041389268,0.1418144644026815,0.383899386740545,0.9646562184024267,0.16704542782446027,433402.4831725902,0,False,False,True,"{""0"":null,""1"":null,""2"":null,""3"":null}",989.0,397724.0,989.0,281674.0,989.0,281674.0,841.4808918652707,239561.33427481295,841.4808918652707,0.0,0.0,1258.792532777181,327104.2231725893,0.0,7.948226161909117,4.0,1136.0,0.0,0.0,88.89999999870633,25237.39999991324,2.9999999999995453,712.1999999999377,49.44999999928041,14083.699999935301,0.0,0.0,0.0,0.0,0.0,0.0,9.889999999999873,2816.7400000000084,494.5,140837.0,0.0,48.0,504.39000000001397,143653.74000000002,0.0,0.0,1258.792532777181,327104.2231725893
401,2021-02-05,2021,True,101.0958904109589,989,989,1048,240402.81516667822,1192.721839777518,30266,54,0.0,0.82115480630226,0.17833536685848975,0.1631262483457029,0.14186475595250653,0.383899386740545,0.9649089989888776,0.18927318468803778,434090.81501236773,0,False,False,True,"{""0"":null,""1"":null,""2"":null,""3"":null}",989.0,398713.0,989.0,282663.0,989.0,282663.0,841.4808918652707,240402.81516667822,841.4808918652707,0.0,0.0,1192.7218397775432,328296.94501236686,0.0,7.948226161909117,4.0,1140.0,0.0,0.0,88.89999999870633,25326.299999911946,3.5999999999994543,715.7999999999372,49.44999999928041,14133.149999934582,0.0,0.0,0.0,0.0,0.0,0.0,9.889999999999873,2826.6300000000083,494.5,141331.5,0.0,48.0,504.39000000001397,144158.13000000003,0.0,0.0,1192.7218397775432,328296.94501236686
402,2021-02-06,2021,False,101.0986301369863,988,0,1048,240402.81516667822,0.0,29400,54,0.0,,,0.16310258846677103,0.14238236918728855,0.3836472553202913,0.9668775303643724,0.11283146064364316,434090.81501236773,0,False,False,True,"{""0"":null,""1"":null,""2"":null,""3"":null}",988.0,399701.0,0.0,282663.0,0.0,282663.0,0.0,240402.81516667822,0.0,0.0,0.0,0.0,328296.94501236686,0.0,7.948226161909117,0.0,1140.0,0.0,0.0,0.0,25326.299999911946,0.0,715.7999999999372,0.0,14133.149999934582,0.0,0.0,0.0,0.0,0.0,0.0,0.0,2826.6300000000083,0.0,141331.5,0.0,48.0,0.0,144158.13000000003,0.0,0.0,0.0,328296.94501236686
403,2021-02-07,2021,False,101.1013698630137,988,0,1048,240402.81516667822,0.0,29400,54,0.0,,,0.16310258846677103,0.14238236918728853,0.3836472553202913,0.9668775303643724,0.06279778045677409,434090.81501236773,0,False,False,True,"{""0"":null,""1"":null,""2"":null,""3"":null}",988.0,400689.0,0.0,282663.0,0.0,282663.0,0.0,240402.81516667822,0.0,0.0,0.0,0.0,328296.94501236686,0.0,7.948226161909117,0.0,1140.0,0.0,0.0,0.0,25326.299999911946,0.0,715.7999999999372,0.0,14133.149999934582,0.0,0.0,0.0,0.0,0.0,0.0,0.0,2826.6300000000083,0.0,141331.5,0.0,48.0,0.0,144158.13000000003,0.0,0.0,0.0,328296.94501236686
404,2021-02-08,2021,True,101.1041095890411,988,988,1048,241243.5774496445,1434.9951660673685,30386,17,0.22936300879715704,0.8511399968102917,0.14239359856262365,0.16310258846677106,0.14238236918728853,0.3836472553202913,0.9659311740890688,0.09227959672849953,435021.9301784351,0,False,False,True,"{""0"":null,""1"":null,""2"":null,""3"":null}",988.0,401677.0,988.0,283651.0,988.0,283651.0,840.7622829662869,241243.5774496445,840.7622829662869,0.0,0.0,1434.9951660673833,329731.94017843425,0.22936300879715787,8.177589170706275,4.0,1144.0,0.0,0.0,88.79999999870779,25415.099999910653,8.099999999998772,723.899999999936,49.399999999281135,14182.549999933863,0.0,0.0,0.0,0.0,0.0,0.0,9.88000000000011,2836.5100000000084,494.0,141825.5,0.0,48.0,503.88000000000466,144662.01000000004,0.0,0.0,1434.9951660673833,329731.94017843425
405,2021-02-09,2021,True,101.10684931506849,988,988,1048,242084.3397326108,1362.4640335384977,30447,34,0.0,0.8503053880493703,0.14252040666026747,0.16308556878676064,0.14240444921889375,0.3836472553202913,0.9662702429149798,0.11988415062877757,435880.5142119736,0,False,False,True,"{""0"":null,""1"":null,""2"":null,""3"":null}",988.0,402665.0,988.0,284639.0,988.0,284639.0,840.7622829662869,242084.3397326108,840.7622829662869,0.0,0.0,1362.4640335384756,331094.4042119727,0.0,8.177589170706275,4.0,1148.0,0.0,0.0,88.79999999870779,25503.89999990936,0.0,723.899999999936,49.399999999281135,14231.949999933144,0.0,0.0,0.0,0.0,0.0,0.0,9.88000000000011,2846.3900000000085,494.0,142319.5,0.0,48.0,503.88000000000466,145165.89000000004,0.0,0.0,1362.4640335384756,331094.4042119727
406,2021-02-10,2021,True,101.10958904109589,987,987,1048,242924.2607316779,1279.3896740709563,30539,53,0.0,0.8279124748167861,0.1705409572228767,0.16279698758412642,0.14204709745823535,0.3833991630586562,0.9662360688956433,0.14568247075305596,436656.5338860445,0,False,False,True,"{""0"":null,""1"":null,""2"":null,""3"":null}",987.0,403652.0,987.0,285626.0,987.0,285626.0,839.9209990671079,242924.2607316779,839.9209990671079,0.0,0.0,1279.3896740709315,332373.79388604366,0.0,8.177589170706275,4.0,1152.0,0.0,0.0,88.69999999870925,25592.59999990807,0.0,723.899999999936,49.34999999928186,14281.299999932426,0.0,0.0,0.0,0.0,0.0,0.0,9.86999999999989,2856.2600000000084,493.5,142813.0,0.0,48.0,503.36999999999534,145669.26000000004,0.0,0.0,1279.3896740709315,332373.79388604366
407,2021-02-11,2021,True,101.11232876712329,987,987,1048,243764.181730745,1243.6336692908396,30663,47,0.0,0.8147874306591847,0.1632198873302124,0.16270494062895588,0.14205856390676821,0.3833991630586562,0.9664690982776089,0.16955846815980205,437396.7975553354,0,False,False,True,"{""0"":null,""1"":null,""2"":null,""3"":null}",987.0,404639.0,987.0,286613.0,987.0,286613.0,839.9209990671079,243764.181730745,839.9209990671079,0.0,0.0,1243.6336692908662,333617.4275553345,0.0,8.177589170706275,4.0,1156.0,0.0,0.0,88.69999999870925,25681.29999990678,2.5499999999996135,726.4499999999356,49.34999999928186,14330.649999931707,0.0,0.0,0.0,0.0,0.0,0.0,9.86999999999989,2866.1300000000083,493.5,143306.5,0.0,48.0,503.36999999999534,146172.63000000003,0.0,0.0,1243.6336692908662,333617.4275553345
408,2021-02-12,2021,True,101.11506849315069,987,987,1048,244604.10272981212,1179.3945247729864,30756,48,0.0,0.7892714290149161,0.21701237891706843,0.1627431125490826,0.1421687461619598,0.3833991630586562,0.9665349544072949,0.1917003501286118,438072.8220801084,0,False,False,True,"{""0"":null,""1"":null,""2"":null,""3"":null}",987.0,405626.0,987.0,287600.0,987.0,287600.0,839.9209990671079,244604.10272981212,839.9209990671079,0.0,0.0,1179.3945247730007,334796.8220801075,0.0,8.177589170706275,4.0,1160.0,0.0,0.0,88.69999999870925,25769.99999990549,2.5499999999996135,728.9999999999352,49.34999999928186,14379.99999993099,0.0,0.0,0.0,0.0,0.0,0.0,9.86999999999989,2876.000000000008,493.5,143800.0,0.0,48.0,503.36999999999534,146676.00000000003,0.0,0.0,1179.3945247730007,334796.8220801075
409,2021-02-13,2021,False,101.11780821917809,988,0,1049,244604.10272981212,0.0,29900,48,0.0,,,0.16290096853051625,0.14178669978199013,0.3836472553202913,0.9670293522267206,0.11494752875573262,438071.8220801084,0,False,False,True,"{""0"":null,""1"":null,""2"":null,""3"":null}",988.0,406614.0,0.0,287600.0,0.0,287600.0,0.0,244604.10272981212,0.0,0.0,0.0,0.0,334796.8220801075,0.0,8.177589170706275,0.0,1160.0,0.0,0.0,0.0,25769.99999990549,0.0,728.9999999999352,0.0,14379.99999993099,0.0,0.0,0.0,0.0,0.0,0.0,0.0,2876.000000000008,0.0,143800.0,1.0,49.0,0.0,146676.00000000003,0.0,0.0,0.0,334796.8220801075
410,2021-02-14,2021,False,101.12054794520547,988,0,1049,244604.10272981212,0.0,29900,48,0.0,,,0.16290096853051628,0.14178669978199016,0.3836472553202913,0.9670293522267206,0.06493696593231282,438071.8220801084,0,False,False,True,"{""0"":null,""1"":null,""2"":null,""3"":null}",988.0,407602.0,0.0,287600.0,0.0,287600.0,0.0,244604.10272981212,0.0,0.0,0.0,0.0,334796.8220801075,0.0,8.177589170706275,0.0,1160.0,0.0,0.0,0.0,25769.99999990549,0.0,728.9999999999352,0.0,14379.99999993099,0.0,0.0,0.0,0.0,0.0,0.0,0.0,2876.000000000008,0.0,143800.0,0.0,49.0,0.0,146676.00000000003,0.0,0.0,0.0,334796.8220801075
411,2021-02-15,2021,True,101.12328767123287,988,988,1049,245444.9956269186,1412.6718056082286,30888,17,0.0,0.8502844493283888,0.13788419049978828,0.16290096853051625,0.14178669978199016,0.3836472553202913,0.9663006072874495,0.09437053460590335,438980.6138857166,0,False,False,True,"{""0"":null,""1"":null,""2"":null,""3"":null}",988.0,408590.0,988.0,288588.0,988.0,288588.0,840.8928971064743,245444.9956269186,840.8928971064743,0.0,0.0,1412.6718056082027,336209.4938857157,0.0,8.177589170706275,4.0,1164.0,0.0,0.0,88.79999999870779,25858.799999904197,7.199999999998909,736.1999999999341,49.399999999281135,14429.39999993027,0.0,0.0,0.0,0.0,0.0,0.0,9.88000000000011,2885.8800000000083,494.0,144294.0,0.0,49.0,503.88000000000466,147179.88000000003,0.0,0.0,1412.6718056082027,336209.4938857157
412,2021-02-16,2021,True,101.12602739726027,988,988,1049,246285.88852402507,1380.3216436596656,30950,34,0.0,0.8411542931790277,0.1416251584206255,0.16283265426400814,0.141726180177856,0.3836472553202913,0.9668623481781377,0.12185441643389874,439857.05552937626,0,False,False,True,"{""0"":null,""1"":null,""2"":null,""3"":null}",988.0,409578.0,988.0,289576.0,988.0,289576.0,840.8928971064743,246285.88852402507,840.8928971064743,0.0,0.0,1380.3216436596704,337589.8155293754,0.0,8.177589170706275,4.0,1168.0,0.0,0.0,88.79999999870779,25947.599999902905,0.0,736.1999999999341,49.399999999281135,14478.799999929552,0.0,0.0,0.0,0.0,0.0,0.0,9.88000000000011,2895.7600000000084,494.0,144788.0,0.0,49.0,503.88000000000466,147683.76000000004,0.0,0.0,1380.3216436596704,337589.8155293754
413,2021-02-17,2021,True,101.12876712328767,988,988,1049,247126.78142113154,1299.7267811817405,31042,47,0.0,0.8532801029973017,0.14300428615232158,0.16280851197950463,0.14191767540118583,0.3836472553202913,0.9669483805668017,0.14748622592728963,440652.902310558,0,False,False,True,"{""0"":null,""1"":null,""2"":null,""3"":null}",988.0,410566.0,988.0,290564.0,988.0,290564.0,840.8928971064743,247126.78142113154,840.8928971064743,0.0,0.0,1299.7267811817583,338889.54231055715,0.0,8.177589170706275,4.0,1172.0,0.0,0.0,88.79999999870779,26036.399999901612,0.0,736.1999999999341,49.399999999281135,14528.199999928833,0.0,0.0,0.0,0.0,0.0,0.0,9.88000000000011,2905.6400000000085,494.0,145282.0,0.0,49.0,503.88000000000466,148187.64000000004,0.0,0.0,1299.7267811817583,338889.54231055715
414,2021-02-18,2021,True,101.13150684931507,988,988,1049,247967.67431823802,1240.8958964225924,31156,44,0.0,0.8188937826208974,0.1632438107990844,0.16289676966412542,0.1419919702451175,0.3836472553202913,0.9670647773279353,0.17131635537518003,441389.9182069806,0,False,False,True,"{""0"":null,""1"":null,""2"":null,""3"":null}",988.0,411554.0,988.0,291552.0,988.0,291552.0,840.8928971064743,247967.67431823802,840.8928971064743,0.0,0.0,1240.8958964226185,340130.4382069798,0.0,8.177589170706275,4.0,1176.0,0.0,0.0,88.79999999870779,26125.19999990032,2.5499999999996135,738.7499999999337,49.399999999281135,14577.599999928114,0.0,0.0,0.0,0.0,0.0,0.0,9.88000000000011,2915.5200000000086,494.0,145776.0,0.0,49.0,503.88000000000466,148691.52000000005,0.0,0.0,1240.8958964226185,340130.4382069798
415,2021-02-19,2021,True,101.13424657534246,988,988,1049,248808.5672153445,1158.7041934119254,31259,49,0.0,0.8168652419546796,0.18074201513762353,0.16280741111352734,0.14203045432191888,0.3836472553202913,0.9669433198380567,0.19341690003157744,442044.74240039254,0,False,False,True,"{""0"":null,""1"":null,""2"":null,""3"":null}",988.0,412542.0,988.0,292540.0,988.0,292540.0,840.8928971064743,248808.5672153445,840.8928971064743,0.0,0.0,1158.7041934119188,341289.1424003917,0.0,8.177589170706275,4.0,1180.0,0.0,0.0,88.79999999870779,26213.999999899028,2.5499999999996135,741.2999999999333,49.399999999281135,14626.999999927395,0.0,0.0,0.0,0.0,0.0,0.0,9.88000000000011,2925.4000000000087,494.0,146270.0,0.0,49.0,503.88000000000466,149195.40000000005,0.0,0.0,1158.7041934119188,341289.1424003917
416,2021-02-20,2021,False,101.13698630136986,989,0,1050,248808.5672153445,0.0,30400,49,0.0,,,0.1626788588649467,0.14128215488153012,0.3835814255949685,0.9675581395348837,0.11662350940140469,442043.74240039254,0,False,False,True,"{""0"":null,""1"":null,""2"":null,""3"":null}",989.0,413531.0,0.0,292540.0,0.0,292540.0,0.0,248808.5672153445,0.0,0.0,0.0,0.0,341289.1424003917,0.0,8.177589170706275,0.0,1180.0,0.0,0.0,0.0,26213.999999899028,0.0,741.2999999999333,0.0,14626.999999927395,0.0,0.0,0.0,0.0,0.0,0.0,0.0,2925.4000000000087,0.0,146270.0,1.0,50.0,0.0,149195.40000000005,0.0,0.0,0.0,341289.1424003917
417,2021-02-21,2021,False,101.13972602739726,989,0,1050,248808.5672153445,0.0,30400,49,0.0,,,0.1626788588649467,0.14128215488153012,0.3835814255949685,0.9675581395348837,0.06663804417754807,442043.74240039254,0,False,False,True,"{""0"":null,""1"":null,""2"":null,""3"":null}",989.0,414520.0,0.0,292540.0,0.0,292540.0,0.0,248808.5672153445,0.0,0.0,0.0,0.0,341289.1424003917,0.0,8.177589170706275,0.0,1180.0,0.0,0.0,0.0,26213.999999899028,0.0,741.2999999999333,0.0,14626.999999927395,0.0,0.0,0.0,0.0,0.0,0.0,0.0,2925.4000000000087,0.0,146270.0,0.0,50.0,0.0,149195.40000000005,0.0,0.0,0.0,341289.1424003917
418,2021-02-22,2021,True,101.14246575342466,989,989,1050,249650.4089499689,1450.7034688255778,31395,12,0.0,0.8684865718824532,0.13316293869826035,0.1626788588649467,0.14128215488153012,0.3835814255949685,0.9668149646107178,0.09604852903301354,442990.0558692181,0,False,False,True,"{""0"":null,""1"":null,""2"":null,""3"":null}",989.0,415509.0,989.0,293529.0,989.0,293529.0,841.8417346244096,249650.4089499689,841.8417346244096,0.0,0.0,1450.7034688255517,342739.84586921724,0.0,8.177589170706275,4.0,1184.0,0.0,0.0,88.89999999870633,26302.899999897734,7.349999999998886,748.6499999999322,49.44999999928041,14676.449999926675,0.0,0.0,0.0,0.0,0.0,0.0,9.889999999999873,2935.2900000000086,494.5,146764.5,0.0,50.0,504.39000000001397,149699.79000000007,0.0,0.0,1450.7034688255517,342739.84586921724
419,2021-02-23,2021,True,101.14520547945206,989,989,1050,250492.2506845933,1368.5742550368398,31443,33,0.05911797002687957,0.8535632482335476,0.14205767307897302,0.16256027715168597,0.14132489801401935,0.3835814255949685,0.967103134479272,0.12353016229514008,443854.2401242549,0,False,False,True,"{""0"":null,""1"":null,""2"":null,""3"":null}",989.0,416498.0,989.0,294518.0,989.0,294518.0,841.8417346244096,250492.2506845933,841.8417346244096,0.0,0.0,1368.5742550368304,344108.4201242541,0.05911797002687891,8.236707140733154,4.0,1188.0,0.0,0.0,88.89999999870633,26391.79999989644,0.0,748.6499999999322,49.44999999928041,14725.899999925956,0.0,0.0,0.0,0.0,0.0,0.0,9.889999999999873,2945.1800000000085,494.5,147259.0,0.0,50.0,504.39000000001397,150204.18000000008,0.0,0.0,1368.5742550368304,344108.4201242541
420,2021-02-24,2021,True,101.14794520547946,988,988,1050,251333.20776073023,1316.9682431970489,31533,52,0.0,0.8319837387625595,0.16188083906222456,0.16254910492725058,0.14134171091350856,0.38333333333333336,0.9666852226720648,0.14919366259104866,444667.32836745196,0,False,False,True,"{""0"":null,""1"":null,""2"":null,""3"":null}",988.0,417486.0,988.0,295506.0,988.0,295506.0,840.957076136925,251333.20776073023,840.957076136925,0.0,0.0,1316.9682431970723,345425.38836745115,0.0,8.236707140733154,4.0,1192.0,0.0,0.0,88.79999999870779,26480.59999989515,0.0,748.6499999999322,49.399999999281135,14775.299999925237,0.0,0.0,0.0,0.0,0.0,0.0,9.88000000000011,2955.0600000000086,494.0,147753.0,0.0,50.0,503.88000000000466,150708.06000000008,0.0,0.0,1316.9682431970723,345425.38836745115
421,2021-02-25,2021,True,101.15068493150685,988,988,1050,252174.16483686716,1231.9942863578017,31648,55,0.0,0.8360820994182971,0.14920236206592635,0.16253471399269329,0.14136883470984005,0.38333333333333336,0.9666548582995951,0.1728944228545565,445395.44265380973,0,False,False,True,"{""0"":null,""1"":null,""2"":null,""3"":null}",988.0,418474.0,988.0,296494.0,988.0,296494.0,840.957076136925,252174.16483686716,840.957076136925,0.0,0.0,1231.9942863577744,346657.3826538089,0.0,8.236707140733154,4.0,1196.0,0.0,0.0,88.79999999870779,26569.399999893856,1.7999999999997272,750.449999999932,49.399999999281135,14824.699999924518,0.0,0.0,0.0,0.0,0.0,0.0,9.88000000000011,2964.9400000000087,494.0,148247.0,0.0,50.0,503.88000000000466,151211.9400000001,0.0,0.0,1231.9942863577744,346657.3826538089
422,2021-02-26,2021,True,101.15342465753425,988,988,1050,253015.12191300408,1216.20033447131,31762,48,0.0,0.827934955050238,0.16467477525118984,0.1624683380554686,0.14137777264931933,0.38333333333333336,0.9667611336032388,0.19483236845457136,446107.762988281,0,False,False,True,"{""0"":null,""1"":null,""2"":null,""3"":null}",988.0,419462.0,988.0,297482.0,988.0,297482.0,840.957076136925,253015.12191300408,840.957076136925,0.0,0.0,1216.2003344713012,347873.5829882802,0.0,8.236707140733154,4.0,1200.0,0.0,0.0,88.79999999870779,26658.199999892564,3.1499999999995225,753.5999999999315,49.399999999281135,14874.0999999238,0.0,0.0,0.0,0.0,0.0,0.0,9.88000000000011,2974.820000000009,494.0,148741.0,0.0,50.0,503.88000000000466,151715.8200000001,0.0,0.0,1216.2003344713012,347873.5829882802
423,2021-02-27,2021,False,101.15616438356165,988,0,1050,253015.12191300408,0.0,30900,48,0.0,,,0.16246413889549471,0.1415303606594559,0.38333333333333336,0.9676720647773279,0.11811742140704783,446107.762988281,0,False,False,True,"{""0"":null,""1"":null,""2"":null,""3"":null}",988.0,420450.0,0.0,297482.0,0.0,297482.0,0.0,253015.12191300408,0.0,0.0,0.0,0.0,347873.5829882802,0.0,8.236707140733154,0.0,1200.0,0.0,0.0,0.0,26658.199999892564,0.0,753.5999999999315,0.0,14874.0999999238,0.0,0.0,0.0,0.0,0.0,0.0,0.0,2974.820000000009,0.0,148741.0,0.0,50.0,0.0,151715.8200000001,0.0,0.0,0.0,347873.5829882802
424,2021-02-28,2021,False,101.15890410958905,988,0,1050,253015.12191300408,0.0,30900,48,0.0,,,0.16246413889549471,0.1415303606594559,0.38333333333333336,0.9676720647773279,0.06824922480708345,446107.762988281,0,False,False,True,"{""0"":null,""1"":null,""2"":null,""3"":null}",988.0,421438.0,0.0,297482.0,0.0,297482.0,0.0,253015.12191300408,0.0,0.0,0.0,0.0,347873.5829882802,0.0,8.236707140733154,0.0,1200.0,0.0,0.0,0.0,26658.199999892564,0.0,753.5999999999315,0.0,14874.0999999238,0.0,0.0,0.0,0.0,0.0,0.0,0.0,2974.820000000009,0.0,148741.0,0.0,50.0,0.0,151715.8200000001,0.0,0.0,0.0,347873.5829882802
425,2021-03-01,2021,True,101.16164383561645,988,988,1050,253856.078989141,1405.5115546255383,31875,18,0.0,0.8553014278159704,0.14297109113343912,0.16246413889549471,0.14153036065945587,0.38333333333333336,0.9666902834008098,0.09750955380979065,447009.39454290655,0,False,False,True,"{""0"":null,""1"":null,""2"":null,""3"":null}",988.0,422426.0,988.0,298470.0,988.0,298470.0,840.957076136925,253856.078989141,840.957076136925,0.0,0.0,1405.5115546255256,349279.09454290575,0.0,8.236707140733154,4.0,1204.0,0.0,0.0,88.79999999870779,26746.99999989127,7.199999999998909,760.7999999999304,49.399999999281135,14923.49999992308,0.0,0.0,0.0,0.0,0.0,0.0,9.88000000000011,2984.700000000009,494.0,149235.0,0.0,50.0,503.88000000000466,152219.7000000001,0.0,0.0,1405.5115546255256,349279.09454290575
426,2021-03-02,2021,True,101.16438356164383,988,988,1050,254697.03606527793,1379.0324871315154,31951,28,0.0,0.8502280539397145,0.14496738938833068,0.16236648468633677,0.14147376926698407,0.38333333333333336,0.9671912955465587,0.12487301185761482,447884.5470300381,0,False,False,True,"{""0"":null,""1"":null,""2"":null,""3"":null}",988.0,423414.0,988.0,299458.0,988.0,299458.0,840.957076136925,254697.03606527793,840.957076136925,0.0,0.0,1379.0324871315388,350658.1270300373,0.0,8.236707140733154,4.0,1208.0,0.0,0.0,88.79999999870779,26835.79999988998,0.0,760.7999999999304,49.399999999281135,14972.899999922362,0.0,0.0,0.0,0.0,0.0,0.0,9.88000000000011,2994.580000000009,494.0,149729.0,0.0,50.0,503.88000000000466,152723.5800000001,0.0,0.0,1379.0324871315388,350658.1270300373
427,2021-03-03,2021,True,101.16712328767123,988,988,1050,255537.99314141486,1306.5908386495446,32037,43,0.0,0.8271747752511899,0.16276661378459373,0.16243639142458188,0.14157311744354723,0.38333333333333336,0.9672419028340081,0.150419944583728,448687.2578686876,0,False,False,True,"{""0"":null,""1"":null,""2"":null,""3"":null}",988.0,424402.0,988.0,300446.0,988.0,300446.0,840.957076136925,255537.99314141486,840.957076136925,0.0,0.0,1306.590838649543,351964.7178686868,0.0,8.236707140733154,4.0,1212.0,0.0,0.0,88.79999999870779,26924.599999888687,0.0,760.7999999999304,49.399999999281135,15022.299999921643,0.0,0.0,0.0,0.0,0.0,0.0,9.88000000000011,3004.460000000009,494.0,150223.0,0.0,50.0,503.88000000000466,153227.4600000001,0.0,0.0,1306.590838649543,351964.7178686868
428,2021-03-04,2021,True,101.16986301369863,987,987,1050,256378.10035389458,1255.6766210122366,32151,46,0.0,0.8378815216762975,0.16200467029384918,0.16221518372486557,0.14155192671537078,0.3833991630586562,0.96709726443769,0.17407209448447153,449439.56448969984,0,False,False,True,"{""0"":null,""1"":null,""2"":null,""3"":null}",987.0,425389.0,987.0,301433.0,987.0,301433.0,840.107212479721,256378.10035389458,840.107212479721,0.0,0.0,1255.676621012215,353220.39448969904,0.0,8.236707140733154,4.0,1216.0,0.0,0.0,88.69999999870925,27013.299999887397,2.6999999999995907,763.49999999993,49.34999999928186,15071.649999920925,0.0,0.0,0.0,0.0,0.0,0.0,9.86999999999989,3014.330000000009,493.5,150716.5,0.0,50.0,503.36999999999534,153730.8300000001,0.0,0.0,1255.676621012215,353220.39448969904
429,2021-03-05,2021,True,101.17260273972603,987,987,1050,257218.2075663743,1203.499669223133,32248,47,0.16689362281456718,0.8258094355962722,0.1592449468560021,0.16221990849727438,0.1415041359285361,0.3833991630586562,0.9672087132725431,0.19601882763435,450139.694158923,0,False,False,True,"{""0"":null,""1"":null,""2"":null,""3"":null}",987.0,426376.0,987.0,302420.0,987.0,302420.0,840.107212479721,257218.2075663743,840.107212479721,0.0,0.0,1203.4996692231507,354423.8941589222,0.16689362281456788,8.403600763547722,4.0,1220.0,0.0,0.0,88.69999999870925,27101.999999886106,1.4999999999997726,764.9999999999297,49.34999999928186,15120.999999920206,0.0,0.0,0.0,0.0,0.0,0.0,9.86999999999989,3024.200000000009,493.5,151210.0,0.0,50.0,503.36999999999534,154234.2000000001,0.0,0.0,1203.4996692231507,354423.8941589222
430,2021-03-06,2021,False,101.17534246575343,987,0,1050,257218.2075663743,0.0,31400,47,0.0,,,0.1620830351761441,0.1414308676274889,0.3833991630586562,0.9680699088145897,0.11925181367928021,450139.694158923,0,False,False,True,"{""0"":null,""1"":null,""2"":null,""3"":null}",987.0,427363.0,0.0,302420.0,0.0,302420.0,0.0,257218.2075663743,0.0,0.0,0.0,0.0,354423.8941589222,0.0,8.403600763547722,0.0,1220.0,0.0,0.0,0.0,27101.999999886106,0.0,764.9999999999297,0.0,15120.999999920206,0.0,0.0,0.0,0.0,0.0,0.0,0.0,3024.200000000009,0.0,151210.0,0.0,50.0,0.0,154234.2000000001,0.0,0.0,0.0,354423.8941589222
431,2021-03-07,2021,False,101.17808219178082,987,0,1050,257218.2075663743,0.0,31400,47,0.0,,,0.16208303517614414,0.1414308676274889,0.3833991630586562,0.9680699088145897,0.06942652849256964,450139.694158923,0,False,False,True,"{""0"":null,""1"":null,""2"":null,""3"":null}",987.0,428350.0,0.0,302420.0,0.0,302420.0,0.0,257218.2075663743,0.0,0.0,0.0,0.0,354423.8941589222,0.0,8.403600763547722,0.0,1220.0,0.0,0.0,0.0,27101.999999886106,0.0,764.9999999999297,0.0,15120.999999920206,0.0,0.0,0.0,0.0,0.0,0.0,0.0,3024.200000000009,0.0,151210.0,0.0,50.0,0.0,154234.2000000001,0.0,0.0,0.0,354423.8941589222
432,2021-03-08,2021,True,101.18082191780822,987,987,1050,258058.31477885402,1468.1427957829953,32388,15,0.07298195887385289,0.8490522574436334,0.15447598186485212,0.16208303517614414,0.1414308676274889,0.3833991630586562,0.9673556231003039,0.0987629728058246,451104.466954706,0,False,False,True,"{""0"":null,""1"":null,""2"":null,""3"":null}",987.0,429337.0,987.0,303407.0,987.0,303407.0,840.107212479721,258058.31477885402,840.107212479721,0.0,0.0,1468.142795783002,355892.0369547052,0.07298195887385361,8.476582722421576,4.0,1224.0,0.0,0.0,88.69999999870925,27190.699999884815,7.049999999998931,772.0499999999287,49.34999999928186,15170.349999919488,0.0,0.0,0.0,0.0,0.0,0.0,9.86999999999989,3034.070000000009,493.5,151703.5,0.0,50.0,503.36999999999534,154737.5700000001,0.0,0.0,1468.142795783002,355892.0369547052
433,2021-03-09,2021,True,101.18356164383562,987,987,1050,258898.42199133374,1413.9432254289216,32443,30,0.0,0.8603309117126299,0.1391331928497931,0.16218626511029294,0.14152474387568806,0.3833991630586562,0.9678115501519757,0.12609054378446252,452015.04018013494,0,False,False,True,"{""0"":null,""1"":null,""2"":null,""3"":null}",987.0,430324.0,987.0,304394.0,987.0,304394.0,840.107212479721,258898.42199133374,840.107212479721,0.0,0.0,1413.9432254289277,357305.9801801341,0.0,8.476582722421576,4.0,1228.0,0.0,0.0,88.69999999870925,27279.399999883524,0.0,772.0499999999287,49.34999999928186,15219.69999991877,0.0,0.0,0.0,0.0,0.0,0.0,9.86999999999989,3043.9400000000087,493.5,152197.0,0.0,50.0,503.36999999999534,155240.9400000001,0.0,0.0,1413.9432254289277,357305.9801801341
434,2021-03-10,2021,True,101.18630136986302,987,987,1050,259738.52920381346,1296.2404480315156,32536,45,0.24188109812080638,0.8318739469081116,0.15217536314842198,0.16207166534398962,0.14157894242794744,0.3833991630586562,0.9677507598784194,0.15156611335646222,452807.91062816646,0,False,False,True,"{""0"":null,""1"":null,""2"":null,""3"":null}",987.0,431311.0,987.0,305381.0,987.0,305381.0,840.107212479721,259738.52920381346,840.107212479721,0.0,0.0,1296.2404480315163,358602.22062816564,0.24188109812080683,8.718463820542382,4.0,1232.0,0.0,0.0,88.69999999870925,27368.099999882234,0.0,772.0499999999287,49.34999999928186,15269.049999918052,0.0,0.0,0.0,0.0,0.0,0.0,9.86999999999989,3053.8100000000086,493.5,152690.5,0.0,50.0,503.36999999999534,155744.31000000008,0.0,0.0,1296.2404480315163,358602.22062816564
435,2021-03-11,2021,True,101.18904109589042,987,987,1050,260578.6364162932,1227.8192192679596,32656,51,0.0,0.8298912706042044,0.1632523316099819,0.16199206801295074,0.14146569555999988,0.3833991630586562,0.9676190476190476,0.17520165608801747,453532.35984743445,0,False,False,True,"{""0"":null,""1"":null,""2"":null,""3"":null}",987.0,432298.0,987.0,306368.0,987.0,306368.0,840.107212479721,260578.6364162932,840.107212479721,0.0,0.0,1227.8192192679853,359830.0398474336,0.0,8.718463820542382,4.0,1236.0,0.0,0.0,88.69999999870925,27456.799999880943,2.249999999999659,774.2999999999283,49.34999999928186,15318.399999917334,0.0,0.0,0.0,0.0,0.0,0.0,9.86999999999989,3063.6800000000085,493.5,153184.0,0.0,50.0,503.36999999999534,156247.68000000008,0.0,0.0,1227.8192192679853,359830.0398474336
436,2021-03-12,2021,True,101.1917808219178,987,987,1050,261418.7436287729,1209.3585473652781,32747,54,0.0,0.8318533400274473,0.1763554137974414,0.16200298205478125,0.14159175283092762,0.3833991630586562,0.9676494427558258,0.19707012479027256,454238.34839479974,0,False,False,True,"{""0"":null,""1"":null,""2"":null,""3"":null}",987.0,433285.0,987.0,307355.0,987.0,307355.0,840.107212479721,261418.7436287729,840.107212479721,0.0,0.0,1209.358547365293,361039.3983947989,0.0,8.718463820542382,4.0,1240.0,0.0,0.0,88.69999999870925,27545.499999879652,2.249999999999659,776.549999999928,49.34999999928186,15367.749999916616,0.0,0.0,0.0,0.0,0.0,0.0,9.86999999999989,3073.5500000000084,493.5,153677.5,0.0,50.0,503.36999999999534,156751.05000000008,0.0,0.0,1209.358547365293,361039.3983947989
437,2021-03-13,2021,False,101.1945205479452,987,0,1050,261418.7436287729,0.0,31900,54,0.0,,,0.16199377312068008,0.14170931072131843,0.3833991630586562,0.9684498480243161,0.12016624241261403,454238.34839479974,0,False,False,True,"{""0"":null,""1"":null,""2"":null,""3"":null}",987.0,434272.0,0.0,307355.0,0.0,307355.0,0.0,261418.7436287729,0.0,0.0,0.0,0.0,361039.3983947989,0.0,8.718463820542382,0.0,1240.0,0.0,0.0,0.0,27545.499999879652,0.0,776.549999999928,0.0,15367.749999916616,0.0,0.0,0.0,0.0,0.0,0.0,0.0,3073.5500000000084,0.0,153677.5,0.0,50.0,0.0,156751.05000000008,0.0,0.0,0.0,361039.3983947989
438,2021-03-14,2021,False,101.1972602739726,987,0,1050,261418.7436287729,0.0,31900,54,0.0,,,0.1619937731206801,0.14170931072131843,0.3833991630586562,0.9684498480243161,0.07034743145756017,454238.34839479974,0,False,False,True,"{""0"":null,""1"":null,""2"":null,""3"":null}",987.0,435259.0,0.0,307355.0,0.0,307355.0,0.0,261418.7436287729,0.0,0.0,0.0,0.0,361039.3983947989,0.0,8.718463820542382,0.0,1240.0,0.0,0.0,0.0,27545.499999879652,0.0,776.549999999928,0.0,15367.749999916616,0.0,0.0,0.0,0.0,0.0,0.0,0.0,3073.5500000000084,0.0,153677.5,0.0,50.0,0.0,156751.05000000008,0.0,0.0,0.0,361039.3983947989
439,2021-03-15,2021,True,101.2,987,987,1050,262258.8508412527,1422.2575858005507,32896,10,0.0,0.8724605364854189,0.11921350439135334,0.1619937731206801,0.14170931072131845,0.3833991630586562,0.9676950354609929,0.09961215422830795,455157.2359806003,0,False,False,True,"{""0"":null,""1"":null,""2"":null,""3"":null}",987.0,436246.0,987.0,308342.0,987.0,308342.0,840.1072124798084,262258.8508412527,840.1072124798084,0.0,0.0,1422.257585800544,362461.65598059946,0.0,8.718463820542382,4.0,1244.0,0.0,0.0,88.69999999870925,27634.19999987836,8.099999999998772,784.6499999999268,49.34999999928186,15417.099999915898,0.0,0.0,0.0,0.0,0.0,0.0,9.86999999999989,3083.4200000000083,493.5,154171.0,0.0,50.0,503.36999999999534,157254.42000000007,0.0,0.0,1422.257585800544,362461.65598059946
440,2021-03-16,2021,True,101.2027397260274,986,986,1050,263098.13827546296,1391.9050096913256,32929,28,0.278070192103486,0.8490342598757806,0.14519689873216854,0.16209244163339845,0.14257293910863156,0.38346499278397894,0.968002028397566,0.12707159849044045,456046.2809902916,0,False,False,True,"{""0"":null,""1"":null,""2"":null,""3"":null}",986.0,437232.0,986.0,309328.0,986.0,309328.0,839.2874342102441,263098.13827546296,839.2874342102441,0.0,0.0,1391.9050096913124,363853.5609902908,0.2780701921034865,8.996534012645869,4.0,1248.0,0.0,0.0,88.5999999987107,27722.799999877072,0.0,784.6499999999268,49.29999999928259,15466.39999991518,0.0,0.0,0.0,0.0,0.0,0.0,9.860000000000127,3093.2800000000084,493.0,154664.0,0.0,50.0,502.85999999998603,157757.28000000006,0.0,0.0,1391.9050096913124,363853.5609902908
441,2021-03-17,2021,True,101.20547945205479,986,986,1050,263937.4257096732,1280.692351169153,33039,44,0.0,0.8530699970240453,0.1468067047432887,0.1619915502778633,0.14260406099731976,0.38346499278397894,0.9680172413793103,0.1525198374171987,456824.11334146076,0,False,False,True,"{""0"":null,""1"":null,""2"":null,""3"":null}",986.0,438218.0,986.0,310314.0,986.0,310314.0,839.2874342102441,263937.4257096732,839.2874342102441,0.0,0.0,1280.6923511691275,365134.2533414599,0.0,8.996534012645869,4.0,1252.0,0.0,0.0,88.5999999987107,27811.399999875783,0.0,784.6499999999268,49.29999999928259,15515.699999914463,0.0,0.0,0.0,0.0,0.0,0.0,9.860000000000127,3103.1400000000085,493.0,155157.0,0.0,50.0,502.85999999998603,158260.14000000004,0.0,0.0,1280.6923511691275,365134.2533414599
442,2021-03-18,2021,True,101.20821917808219,987,987,1051,264777.63992932613,1254.0021928527617,33158,50,0.0,0.8157457175155274,0.16496604726196665,0.1619345714806947,0.14180297282419474,0.3833991630586562,0.9678571428571429,0.17603265454066236,457573.74553431355,0,False,False,True,"{""0"":null,""1"":null,""2"":null,""3"":null}",987.0,439205.0,987.0,311301.0,987.0,311301.0,840.2142196529312,264777.63992932613,840.2142196529312,0.0,0.0,1254.0021928527858,366388.2555343127,0.0,8.996534012645869,4.0,1256.0,0.0,0.0,88.69999999870925,27900.099999874492,1.4999999999997726,786.1499999999265,49.34999999928186,15565.049999913745,0.0,0.0,0.0,0.0,0.0,0.0,9.86999999999989,3113.0100000000084,493.5,155650.5,1.0,51.0,503.36999999999534,158763.51000000004,0.0,0.0,1254.0021928527858,366388.2555343127
443,2021-03-19,2021,True,101.21095890410959,987,987,1051,265617.85414897907,1211.1736565970664,33259,43,0.0,0.8095075865435464,0.19001009653750517,0.161890572682902,0.14197001271555987,0.3833991630586562,0.9678976697061804,0.19784628144434663,458281.54919091065,0,False,False,True,"{""0"":null,""1"":null,""2"":null,""3"":null}",987.0,440192.0,987.0,312288.0,987.0,312288.0,840.2142196529312,265617.85414897907,840.2142196529312,0.0,0.0,1211.1736565970932,367599.4291909098,0.0,8.996534012645869,4.0,1260.0,0.0,0.0,88.69999999870925,27988.7999998732,2.6999999999995907,788.8499999999261,49.34999999928186,15614.399999913026,0.0,0.0,0.0,0.0,0.0,0.0,9.86999999999989,3122.8800000000083,493.5,156144.0,0.0,51.0,503.36999999999534,159266.88000000003,0.0,0.0,1211.1736565970932,367599.4291909098
444,2021-03-20,2021,False,101.21369863013699,988,0,1052,265617.85414897907,0.0,32400,43,0.0,,,0.161913780029433,0.14135666697693028,0.38365129447890983,0.9685526315789473,0.12073695489049362,458280.54919091065,0,False,False,True,"{""0"":null,""1"":null,""2"":null,""3"":null}",988.0,441180.0,0.0,312288.0,0.0,312288.0,0.0,265617.85414897907,0.0,0.0,0.0,0.0,367599.4291909098,0.0,8.996534012645869,0.0,1260.0,0.0,0.0,0.0,27988.7999998732,0.0,788.8499999999261,0.0,15614.399999913026,0.0,0.0,0.0,0.0,0.0,0.0,0.0,3122.8800000000083,0.0,156144.0,1.0,52.0,0.0,159266.88000000003,0.0,0.0,0.0,367599.4291909098
445,2021-03-21,2021,False,101.21643835616439,988,0,1052,265617.85414897907,0.0,32400,43,0.0,,,0.161913780029433,0.14135666697693028,0.38365129447890983,0.9685526315789473,0.07085984565098218,458280.54919091065,0,False,False,True,"{""0"":null,""1"":null,""2"":null,""3"":null}",988.0,442168.0,0.0,312288.0,0.0,312288.0,0.0,265617.85414897907,0.0,0.0,0.0,0.0,367599.4291909098,0.0,8.996534012645869,0.0,1260.0,0.0,0.0,0.0,27988.7999998732,0.0,788.8499999999261,0.0,15614.399999913026,0.0,0.0,0.0,0.0,0.0,0.0,0.0,3122.8800000000083,0.0,156144.0,0.0,52.0,0.0,159266.88000000003,0.0,0.0,0.0,367599.4291909098
446,2021-03-22,2021,True,101.21917808219177,988,988,1052,266458.9694181033,1460.5087595858183,33371,17,0.0,0.8511741457063431,0.14764818367276888,0.161913780029433,0.14135666697693028,0.38365129447890983,0.9675910931174089,0.10012888439562853,459237.17795049644,0,False,False,True,"{""0"":null,""1"":null,""2"":null,""3"":null}",988.0,443156.0,988.0,313276.0,988.0,313276.0,841.1152691242169,266458.9694181033,841.1152691242169,0.0,0.0,1460.5087595857913,369059.9379504956,0.0,8.996534012645869,4.0,1264.0,0.0,0.0,88.79999999870779,28077.59999987191,6.449999999999022,795.2999999999251,49.399999999281135,15663.799999912308,0.0,0.0,0.0,0.0,0.0,0.0,9.88000000000011,3132.7600000000084,494.0,156638.0,0.0,52.0,503.88000000000466,159770.76000000004,0.0,0.0,1460.5087595857913,369059.9379504956
447,2021-03-23,2021,True,101.22191780821917,988,988,1052,267300.0846872275,1356.661403022721,33444,30,0.0,0.8562637429269736,0.13549776266187624,0.1619096377921867,0.14145489188433832,0.38365129447890983,0.9677378542510121,0.12748840108274104,460089.95935351914,0,False,False,True,"{""0"":null,""1"":null,""2"":null,""3"":null}",988.0,444144.0,988.0,314264.0,988.0,314264.0,841.1152691242169,267300.0846872275,841.1152691242169,0.0,0.0,1356.6614030227065,370416.5993535183,0.0,8.996534012645869,4.0,1268.0,0.0,0.0,88.79999999870779,28166.399999870617,0.0,795.2999999999251,49.399999999281135,15713.199999911589,0.0,0.0,0.0,0.0,0.0,0.0,9.88000000000011,3142.6400000000085,494.0,157132.0,0.0,52.0,503.88000000000466,160274.64000000004,0.0,0.0,1356.6614030227065,370416.5993535183
448,2021-03-24,2021,True,101.22465753424657,988,988,1052,268141.1999563517,1305.9460764282187,33530,48,0.0,0.8238290859637574,0.1618482413326574,0.16185371988092512,0.14148125561945993,0.38365129447890983,0.9675050607287449,0.1529358653154455,460892.02542994736,0,False,False,True,"{""0"":null,""1"":null,""2"":null,""3"":null}",988.0,445132.0,988.0,315252.0,988.0,315252.0,841.1152691242169,268141.1999563517,841.1152691242169,0.0,0.0,1305.9460764282267,371722.5454299465,0.0,8.996534012645869,4.0,1272.0,0.0,0.0,88.79999999870779,28255.199999869325,0.0,795.2999999999251,49.399999999281135,15762.59999991087,0.0,0.0,0.0,0.0,0.0,0.0,9.88000000000011,3152.5200000000086,494.0,157626.0,0.0,52.0,503.88000000000466,160778.52000000005,0.0,0.0,1305.9460764282267,371722.5454299465
449,2021-03-25,2021,True,101.22739726027397,989,989,1053,268983.2358187273,1265.6306594087703,33653,52,0.15350829344815642,0.8119845369718552,0.18523918342242357,0.16145777787137666,0.14054196065841007,0.38345439458923236,0.9669464105156723,0.17645603421902903,461652.2660893561,0,False,False,True,"{""0"":null,""1"":null,""2"":null,""3"":null}",989.0,446121.0,989.0,316241.0,989.0,316241.0,842.0358623755747,268983.2358187273,842.0358623755747,0.0,0.0,1265.630659408751,372988.17608935526,0.15350829344815686,9.150042306094026,4.0,1276.0,0.0,0.0,88.89999999870633,28344.09999986803,2.5499999999996135,797.8499999999248,49.44999999928041,15812.04999991015,0.0,0.0,0.0,0.0,0.0,0.0,9.889999999999873,3162.4100000000085,494.5,158120.5,1.0,53.0,504.39000000001397,161282.91000000006,0.0,0.0,1265.630659408751,372988.17608935526
450,2021-03-26,2021,True,101.23013698630137,989,989,1053,269825.27168110287,1205.7209617681217,33760,53,0.0,0.8311787410106699,0.16552574007762055,0.16145730313753512,0.14058415937724364,0.38345439458923236,0.9672295247724975,0.19824260022104725,462353.5970511242,0,False,False,True,"{""0"":null,""1"":null,""2"":null,""3"":null}",989.0,447110.0,989.0,317230.0,989.0,317230.0,842.0358623755747,269825.27168110287,842.0358623755747,0.0,0.0,1205.720961768122,374193.8970511234,0.0,9.150042306094026,4.0,1280.0,0.0,0.0,88.89999999870633,28432.999999866737,1.9499999999997044,799.7999999999245,49.44999999928041,15861.49999990943,0.0,0.0,0.0,0.0,0.0,0.0,9.889999999999873,3172.3000000000084,494.5,158615.0,0.0,53.0,504.39000000001397,161787.30000000008,0.0,0.0,1205.720961768122,374193.8970511234
451,2021-03-27,2021,False,101.23287671232876,989,0,1053,269825.27168110287,0.0,32900,53,0.0,,,0.16141487373271737,0.14068642444016252,0.38345439458923236,0.9682861476238624,0.12126390343650835,462353.5970511242,0,False,False,True,"{""0"":null,""1"":null,""2"":null,""3"":null}",989.0,448099.0,0.0,317230.0,0.0,317230.0,0.0,269825.27168110287,0.0,0.0,0.0,0.0,374193.8970511234,0.0,9.150042306094026,0.0,1280.0,0.0,0.0,0.0,28432.999999866737,0.0,799.7999999999245,0.0,15861.49999990943,0.0,0.0,0.0,0.0,0.0,0.0,0.0,3172.3000000000084,0.0,158615.0,0.0,53.0,0.0,161787.30000000008,0.0,0.0,0.0,374193.8970511234
452,2021-03-28,2021,False,101.23561643835616,989,0,1053,269825.27168110287,0.0,32900,53,0.0,,,0.16141487373271737,0.14068642444016252,0.38345439458923236,0.9682861476238624,0.07137781469647224,462353.5970511242,0,False,False,True,"{""0"":null,""1"":null,""2"":null,""3"":null}",989.0,449088.0,0.0,317230.0,0.0,317230.0,0.0,269825.27168110287,0.0,0.0,0.0,0.0,374193.8970511234,0.0,9.150042306094026,0.0,1280.0,0.0,0.0,0.0,28432.999999866737,0.0,799.7999999999245,0.0,15861.49999990943,0.0,0.0,0.0,0.0,0.0,0.0,0.0,3172.3000000000084,0.0,158615.0,0.0,53.0,0.0,161787.30000000008,0.0,0.0,0.0,374193.8970511234
453,2021-03-29,2021,True,101.23835616438356,991,991,1055,270669.1909878816,1463.5045640653245,33898,13,0.12139965452193927,0.8497391414596229,0.14005630247226963,0.16148752627740093,0.13937150886365293,0.3836366571255447,0.9669273461150354,0.10072374490373259,463309.69161518954,0,False,False,True,"{""0"":null,""1"":null,""2"":null,""3"":null}",991.0,450079.0,991.0,318221.0,991.0,318221.0,843.9193067787564,270669.1909878816,843.9193067787564,0.0,0.0,1463.5045640653116,375657.4016151887,0.12139965452193913,9.271441960615965,4.0,1284.0,0.0,0.0,89.09999999870342,28522.09999986544,7.949999999998795,807.7499999999233,49.54999999927895,15911.04999990871,0.0,0.0,0.0,0.0,0.0,0.0,9.909999999999854,3182.210000000008,495.5,159110.5,2.0,55.0,505.4100000000035,162292.71000000008,0.0,0.0,1463.5045640653116,375657.4016151887
454,2021-03-30,2021,True,101.24109589041096,991,991,1056,271513.21829066484,1370.6587895412263,33942,33,0.0,0.8476125193140778,0.14612070837783703,0.16166232000059544,0.13890397596228654,0.3836366571255447,0.9666750756811302,0.12813693740241394,464173.9404047308,0,False,False,True,"{""0"":null,""1"":null,""2"":null,""3"":null}",991.0,451070.0,991.0,319212.0,991.0,319212.0,844.0273027832154,271513.21829066484,844.0273027832154,0.0,0.0,1370.658789541223,377028.0604047299,0.0,9.271441960615965,4.0,1288.0,0.0,0.0,89.09999999870342,28611.199999864144,0.0,807.7499999999233,49.54999999927895,15960.599999907989,0.0,0.0,0.0,0.0,0.0,0.0,9.909999999999854,3192.120000000008,495.5,159606.0,1.0,56.0,505.4100000000035,162798.12000000008,0.0,0.0,1370.658789541223,377028.0604047299
455,2021-03-31,2021,True,101.24383561643836,991,991,1056,272357.24559344805,1330.0793016228072,34034,54,0.0,0.8355523786728345,0.16485497830932772,0.1616478640275613,0.13897587559388402,0.3836366571255447,0.9663471241170535,0.15359181951311007,464998.6097063536,0,False,False,True,"{""0"":null,""1"":null,""2"":null,""3"":null}",991.0,452061.0,991.0,320203.0,991.0,320203.0,844.0273027832154,272357.24559344805,844.0273027832154,0.0,0.0,1330.0793016228126,378358.1397063527,0.0,9.271441960615965,4.0,1292.0,0.0,0.0,89.09999999870342,28700.299999862847,0.0,807.7499999999233,49.54999999927895,16010.149999907268,0.0,0.0,0.0,0.0,0.0,0.0,9.909999999999854,3202.030000000008,495.5,160101.5,0.0,56.0,505.4100000000035,163303.5300000001,0.0,0.0,1330.0793016228126,378358.1397063527
456,2021-04-01,2021,True,101.24657534246575,991,991,1056,273201.27289623127,1120.4591341791881,34165,54,0.0,0.8264796005422161,0.1596736406232974,0.1615996616981735,0.13901384919887935,0.3836366571255447,0.9664429868819374,0.17717704768116946,465613.6588405328,0,False,False,True,"{""0"":null,""1"":null,""2"":null,""3"":null}",991.0,453052.0,991.0,321194.0,991.0,321194.0,844.0273027832154,273201.27289623127,844.0273027832154,0.0,0.0,1120.4591341791674,379478.5988405319,0.0,9.271441960615965,4.0,1296.0,0.0,0.0,89.09999999870342,28789.39999986155,1.9499999999997044,809.699999999923,49.54999999927895,16059.699999906547,0.0,0.0,0.0,0.0,0.0,0.0,9.909999999999854,3211.940000000008,495.5,160597.0,0.0,56.0,505.4100000000035,163808.9400000001,0.0,0.0,1120.4591341791674,379478.5988405319
457,2021-04-02,2021,True,101.24931506849315,991,991,1056,274045.3001990145,1076.1879206678864,34262,51,0.0,0.8133872034163404,0.19608744675252548,0.16158914026807822,0.13912650214349512,0.3836366571255447,0.966664984863774,0.1990271606818276,466184.4367612007,0,False,False,True,"{""0"":null,""1"":null,""2"":null,""3"":null}",991.0,454043.0,991.0,322185.0,991.0,322185.0,844.0273027832154,274045.3001990145,844.0273027832154,0.0,0.0,1076.1879206678714,380554.78676119976,0.0,9.271441960615965,4.0,1300.0,0.0,0.0,89.09999999870342,28878.499999860254,2.9999999999995453,812.6999999999225,49.54999999927895,16109.249999905825,0.0,0.0,0.0,0.0,0.0,0.0,9.909999999999854,3221.8500000000076,495.5,161092.5,0.0,56.0,505.4100000000035,164314.3500000001,0.0,0.0,1076.1879206678714,380554.78676119976
458,2021-04-03,2021,False,101.25205479452055,991,0,1056,274045.3001990145,0.0,33400,51,0.0,,,0.16162543310521835,0.13922105045005648,0.3836366571255447,0.967547931382442,0.12204878277081427,466184.4367612007,0,False,False,True,"{""0"":null,""1"":null,""2"":null,""3"":null}",991.0,455034.0,0.0,322185.0,0.0,322185.0,0.0,274045.3001990145,0.0,0.0,0.0,0.0,380554.78676119976,0.0,9.271441960615965,0.0,1300.0,0.0,0.0,0.0,28878.499999860254,0.0,812.6999999999225,0.0,16109.249999905825,0.0,0.0,0.0,0.0,0.0,0.0,0.0,3221.8500000000076,0.0,161092.5,0.0,56.0,0.0,164314.3500000001,0.0,0.0,0.0,380554.78676119976
459,2021-04-04,2021,False,101.25479452054795,991,0,1056,274045.3001990145,0.0,33400,51,0.0,,,0.16162543310521835,0.13922105045005648,0.3836366571255447,0.967547931382442,0.07213905095044555,466184.4367612007,0,False,False,True,"{""0"":null,""1"":null,""2"":null,""3"":null}",991.0,456025.0,0.0,322185.0,0.0,322185.0,0.0,274045.3001990145,0.0,0.0,0.0,0.0,380554.78676119976,0.0,9.271441960615965,0.0,1300.0,0.0,0.0,0.0,28878.499999860254,0.0,812.6999999999225,0.0,16109.249999905825,0.0,0.0,0.0,0.0,0.0,0.0,0.0,3221.8500000000076,0.0,161092.5,0.0,56.0,0.0,164314.3500000001,0.0,0.0,0.0,380554.78676119976
460,2021-04-05,2021,True,101.25753424657535,991,991,1056,274889.3275017977,1304.6437689407267,34395,22,0.0,0.8486899999684023,0.14684830250842495,0.16162543310521835,0.13922105045005648,0.3836366571255447,0.9667103935418769,0.10141196974548683,466983.67053014145,0,False,False,True,"{""0"":null,""1"":null,""2"":null,""3"":null}",991.0,457016.0,991.0,323176.0,991.0,323176.0,844.0273027832154,274889.3275017977,844.0273027832154,0.0,0.0,1304.643768940703,381859.43053014047,0.0,9.271441960615965,4.0,1304.0,0.0,0.0,89.09999999870342,28967.599999858958,7.64999999999884,820.3499999999214,49.54999999927895,16158.799999905104,0.0,0.0,0.0,0.0,0.0,0.0,9.909999999999854,3231.7600000000075,495.5,161588.0,0.0,56.0,505.4100000000035,164819.7600000001,0.0,0.0,1304.643768940703,381859.43053014047
461,2021-04-06,2021,True,101.26027397260275,991,991,1056,275733.3548045809,1276.9337603930874,34437,45,0.00106353225425999,0.8497064576164611,0.13893190386806528,0.16165464200335738,0.13935239015668655,0.3836366571255447,0.9667003027245207,0.12877744328716154,467755.19429053453,0,False,False,True,"{""0"":null,""1"":null,""2"":null,""3"":null}",991.0,458007.0,991.0,324167.0,991.0,324167.0,844.0273027832154,275733.3548045809,844.0273027832154,0.0,0.0,1276.9337603930617,383136.36429053353,0.0010635322542604797,9.272505492870225,4.0,1308.0,0.0,0.0,89.09999999870342,29056.69999985766,0.0,820.3499999999214,49.54999999927895,16208.349999904383,0.0,0.0,0.0,0.0,0.0,0.0,9.909999999999854,3241.6700000000073,495.5,162083.5,0.0,56.0,505.4100000000035,165325.1700000001,0.0,0.0,1276.9337603930617,383136.36429053353
462,2021-04-07,2021,True,101.26301369863013,991,991,1056,276577.38210736413,1196.7596299655,34552,57,0.2513757466162553,0.8194191004774408,0.17190648681411,0.16163819492166376,0.1394663078680223,0.3836366571255447,0.9667911200807265,0.1542322123592994,468446.5439205001,0,False,False,True,"{""0"":null,""1"":null,""2"":null,""3"":null}",991.0,458998.0,991.0,325158.0,991.0,325158.0,844.0273027832154,276577.38210736413,844.0273027832154,0.0,0.0,1196.759629965527,384333.12392049906,0.2513757466162545,9.52388123948648,4.0,1312.0,0.0,0.0,89.09999999870342,29145.799999856365,0.0,820.3499999999214,49.54999999927895,16257.899999903662,0.0,0.0,0.0,0.0,0.0,0.0,9.909999999999854,3251.580000000007,495.5,162579.0,0.0,56.0,505.4100000000035,165830.5800000001,0.0,0.0,1196.759629965527,384333.12392049906
463,2021-04-08,2021,True,101.26575342465753,991,991,1056,277421.40941014735,1136.670299862356,34670,51,0.0,0.8405965522198946,0.14528542981376502,0.16167502893525396,0.13954386984277947,0.3836366571255447,0.9669778002018163,0.1778327285941292,469077.80422036245,0,False,False,True,"{""0"":null,""1"":null,""2"":null,""3"":null}",991.0,459989.0,991.0,326149.0,991.0,326149.0,844.0273027832154,277421.40941014735,844.0273027832154,0.0,0.0,1136.6702998623368,385469.7942203614,0.0,9.52388123948648,4.0,1316.0,0.0,0.0,89.09999999870342,29234.899999855068,3.2999999999994998,823.6499999999209,49.54999999927895,16307.449999902941,0.0,0.0,0.0,0.0,0.0,0.0,9.909999999999854,3261.490000000007,495.5,163074.5,0.0,56.0,505.4100000000035,166335.9900000001,0.0,0.0,1136.6702998623368,385469.7942203614
464,2021-04-09,2021,True,101.26849315068493,991,991,1056,278265.43671293056,1054.048948250256,34766,47,0.0,0.8244307876667962,0.17622949379057742,0.161628936748707,0.13961764338071078,0.3836366571255447,0.9669576185671039,0.19962634612965047,469626.4431686127,0,False,False,True,"{""0"":null,""1"":null,""2"":null,""3"":null}",991.0,460980.0,991.0,327140.0,991.0,327140.0,844.0273027832154,278265.43671293056,844.0273027832154,0.0,0.0,1054.0489482502453,386523.84316861164,0.0,9.52388123948648,4.0,1320.0,0.0,0.0,89.09999999870342,29323.99999985377,3.449999999999477,827.0999999999203,49.54999999927895,16356.99999990222,0.0,0.0,0.0,0.0,0.0,0.0,9.909999999999854,3271.400000000007,495.5,163570.0,0.0,56.0,505.4100000000035,166841.4000000001,0.0,0.0,1054.0489482502453,386523.84316861164
465,2021-04-10,2021,False,101.27123287671233,991,0,1056,278265.43671293056,0.0,33900,47,0.0,,,0.1616391504977185,0.13965952545688276,0.3836366571255447,0.9678355196770938,0.12262382473785538,469626.4431686127,0,False,False,True,"{""0"":null,""1"":null,""2"":null,""3"":null}",991.0,461971.0,0.0,327140.0,0.0,327140.0,0.0,278265.43671293056,0.0,0.0,0.0,0.0,386523.84316861164,0.0,9.52388123948648,0.0,1320.0,0.0,0.0,0.0,29323.99999985377,0.0,827.0999999999203,0.0,16356.99999990222,0.0,0.0,0.0,0.0,0.0,0.0,0.0,3271.400000000007,0.0,163570.0,0.0,56.0,0.0,166841.4000000001,0.0,0.0,0.0,386523.84316861164
466,2021-04-11,2021,False,101.27397260273973,991,0,1056,278265.43671293056,0.0,33900,47,0.0,,,0.1616391504977185,0.13965952545688276,0.3836366571255447,0.9678355196770938,0.07283853454609333,469626.4431686127,0,False,False,True,"{""0"":null,""1"":null,""2"":null,""3"":null}",991.0,462962.0,0.0,327140.0,0.0,327140.0,0.0,278265.43671293056,0.0,0.0,0.0,0.0,386523.84316861164,0.0,9.52388123948648,0.0,1320.0,0.0,0.0,0.0,29323.99999985377,0.0,827.0999999999203,0.0,16356.99999990222,0.0,0.0,0.0,0.0,0.0,0.0,0.0,3271.400000000007,0.0,163570.0,0.0,56.0,0.0,166841.4000000001,0.0,0.0,0.0,386523.84316861164
467,2021-04-12,2021,True,101.27671232876712,991,991,1056,279109.4640157138,1326.8278134194773,34899,16,0.0,0.8516776587072128,0.1517345947015405,0.1616391504977185,0.13965952545688276,0.3836366571255447,0.9671897073662967,0.10210831535876427,470447.8609820322,0,False,False,True,"{""0"":null,""1"":null,""2"":null,""3"":null}",991.0,463953.0,991.0,328131.0,991.0,328131.0,844.0273027832154,279109.4640157138,844.0273027832154,0.0,0.0,1326.8278134194552,387850.6709820311,0.0,9.52388123948648,4.0,1324.0,0.0,0.0,89.09999999870342,29413.099999852475,7.049999999998931,834.1499999999193,49.54999999928077,16406.5499999015,0.0,0.0,0.0,0.0,0.0,0.0,9.909999999999854,3281.3100000000068,495.5,164065.5,0.0,56.0,505.4100000000035,167346.8100000001,0.0,0.0,1326.8278134194552,387850.6709820311
468,2021-04-13,2021,True,101.27945205479452,991,991,1056,279953.491318497,1254.1320997912774,34943,36,0.16959145773750353,0.835491059438383,0.17168088649795196,0.16170428294626749,0.13980751486574863,0.3836366571255447,0.9674672048435923,0.12943799421985483,471196.5830818235,0,False,False,True,"{""0"":null,""1"":null,""2"":null,""3"":null}",991.0,464944.0,991.0,329122.0,991.0,329122.0,844.0273027832154,279953.491318497,844.0273027832154,0.0,0.0,1254.1320997912553,389104.80308182235,0.1695914577375035,9.693472697223983,4.0,1328.0,0.0,0.0,89.09999999870342,29502.19999985118,0.0,834.1499999999193,49.54999999927895,16456.09999990078,0.0,0.0,0.0,0.0,0.0,0.0,9.909999999999854,3291.2200000000066,495.5,164561.0,0.0,56.0,505.4100000000035,167852.22000000012,0.0,0.0,1254.1320997912553,389104.80308182235
469,2021-04-14,2021,True,101.28219178082192,992,992,1057,280798.35064250196,1208.5496031229943,35045,51,0.0896532715152548,0.8195510591405717,0.16726412292614642,0.16155605274190363,0.13899745998556917,0.3836472553202913,0.9669153225806452,0.15481791084319216,471898.2126849465,0,False,False,True,"{""0"":null,""1"":null,""2"":null,""3"":null}",992.0,465936.0,992.0,330114.0,992.0,330114.0,844.8593240049668,280798.35064250196,844.8593240049668,0.0,0.0,1208.549603122985,390313.35268494533,0.08965327151525493,9.783125968739238,4.0,1332.0,0.0,0.0,89.19999999870197,29591.39999984988,0.0,834.1499999999193,49.599999999278225,16505.699999900058,0.0,0.0,0.0,0.0,0.0,0.0,9.920000000000073,3301.1400000000067,496.0,165057.0,1.0,57.0,505.9200000000128,168358.14000000013,0.0,0.0,1208.549603122985,390313.35268494533
470,2021-04-15,2021,True,101.28493150684932,991,991,1057,281642.46280294505,1129.4315494094312,35158,49,0.03174696376491892,0.8225013643446714,0.16937313958246478,0.16141176793041442,0.13914379248216246,0.38371308504561413,0.9667810292633704,0.17852233583347266,472522.2342343559,0,False,False,True,"{""0"":null,""1"":null,""2"":null,""3"":null}",991.0,466927.0,991.0,331105.0,991.0,331105.0,844.1121604430955,281642.46280294505,844.1121604430955,0.0,0.0,1129.4315494094044,391442.78423435474,0.03174696376491859,9.814872932504157,4.0,1336.0,0.0,0.0,89.09999999870342,29680.499999848584,2.399999999999636,836.5499999999189,49.54999999927895,16555.249999899337,0.0,0.0,0.0,0.0,0.0,0.0,9.909999999999854,3311.0500000000065,495.5,165552.5,0.0,57.0,505.4100000000035,168863.55000000013,0.0,0.0,1129.4315494094044,391442.78423435474
471,2021-04-16,2021,True,101.28767123287672,992,992,1058,282487.2970552731,1077.9616979038744,35251,56,0.0,0.813498525248965,0.17343125900559653,0.16129967608347598,0.1383686829335095,0.3836472553202913,0.9664112903225806,0.20026502020724268,473093.2759322598,0,False,False,True,"{""0"":null,""1"":null,""2"":null,""3"":null}",992.0,467919.0,992.0,332097.0,992.0,332097.0,844.8342523280298,282487.2970552731,844.8342523280298,0.0,0.0,1077.9616979038692,392520.7459322586,0.0,9.814872932504157,4.0,1340.0,0.0,0.0,89.19999999870197,29769.699999847286,2.9999999999995453,839.5499999999184,49.599999999278225,16604.849999898615,0.0,0.0,0.0,0.0,0.0,0.0,9.920000000000073,3320.9700000000066,496.0,166048.5,1.0,58.0,505.9200000000128,169369.47000000015,0.0,0.0,1077.9616979038692,392520.7459322586
472,2021-04-17,2021,False,101.2904109589041,992,0,1058,282487.2970552731,0.0,34400,56,0.0,,,0.1611930209878434,0.13830484147159877,0.3836472553202913,0.9672832661290323,0.12332670240340071,473093.2759322598,0,False,False,True,"{""0"":null,""1"":null,""2"":null,""3"":null}",992.0,468911.0,0.0,332097.0,0.0,332097.0,0.0,282487.2970552731,0.0,0.0,0.0,0.0,392520.7459322586,0.0,9.814872932504157,0.0,1340.0,0.0,0.0,0.0,29769.699999847286,0.0,839.5499999999184,0.0,16604.849999898615,0.0,0.0,0.0,0.0,0.0,0.0,0.0,3320.9700000000066,0.0,166048.5,0.0,58.0,0.0,169369.47000000015,0.0,0.0,0.0,392520.7459322586
473,2021-04-18,2021,False,101.2931506849315,992,0,1058,282487.2970552731,0.0,34400,56,0.0,,,0.1611930209878434,0.13830484147159877,0.3836472553202913,0.9672832661290323,0.07360779534373565,473093.2759322598,0,False,False,True,"{""0"":null,""1"":null,""2"":null,""3"":null}",992.0,469903.0,0.0,332097.0,0.0,332097.0,0.0,282487.2970552731,0.0,0.0,0.0,0.0,392520.7459322586,0.0,9.814872932504157,0.0,1340.0,0.0,0.0,0.0,29769.699999847286,0.0,839.5499999999184,0.0,16604.849999898615,0.0,0.0,0.0,0.0,0.0,0.0,0.0,3320.9700000000066,0.0,166048.5,0.0,58.0,0.0,169369.47000000015,0.0,0.0,0.0,392520.7459322586
474,2021-04-19,2021,True,101.2958904109589,992,992,1058,283332.1313076011,1305.045519904623,35401,10,0.0,0.8447852563446945,0.142991694576766,0.1611930209878434,0.13830484147159877,0.3836472553202913,0.9666078629032258,0.10280296927475839,473892.40145216446,0,False,False,True,"{""0"":null,""1"":null,""2"":null,""3"":null}",992.0,470895.0,992.0,333089.0,992.0,333089.0,844.8342523280298,283332.1313076011,844.8342523280298,0.0,0.0,1305.045519904641,393825.79145216325,0.0,9.814872932504157,4.0,1344.0,0.0,0.0,89.19999999870197,29858.899999845988,8.399999999998727,847.9499999999172,49.599999999278225,16654.449999897894,0.0,0.0,0.0,0.0,0.0,0.0,9.920000000000073,3330.8900000000067,496.0,166544.5,0.0,58.0,505.9200000000128,169875.39000000016,0.0,0.0,1305.045519904641,393825.79145216325
475,2021-04-20,2021,True,101.2986301369863,992,992,1058,284176.96555992914,1261.610028960995,35453,25,0.0,0.8457812738481679,0.14074743410101173,0.1611872177316675,0.13847871451373334,0.3836472553202913,0.9670715725806452,0.13009703569220907,474648.09148112545,0,False,False,True,"{""0"":null,""1"":null,""2"":null,""3"":null}",992.0,471887.0,992.0,334081.0,992.0,334081.0,844.8342523280298,284176.96555992914,844.8342523280298,0.0,0.0,1261.610028960975,395087.4014811242,0.0,9.814872932504157,4.0,1348.0,0.0,0.0,89.19999999870197,29948.09999984469,0.0,847.9499999999172,49.599999999278225,16704.04999989717,0.0,0.0,0.0,0.0,0.0,0.0,9.920000000000073,3340.8100000000068,496.0,167040.5,0.0,58.0,505.9200000000128,170381.31000000017,0.0,0.0,1261.610028960975,395087.4014811242
476,2021-04-21,2021,True,101.3013698630137,992,992,1058,285021.7998122572,1154.8309753216504,35533,50,0.0,0.8235954953416906,0.17770116848745915,0.16119429056443593,0.1385205510832233,0.3836472553202913,0.9667288306451612,0.15556382610922329,475297.0024564471,0,False,False,True,"{""0"":null,""1"":null,""2"":null,""3"":null}",992.0,472879.0,992.0,335073.0,992.0,335073.0,844.8342523280298,285021.7998122572,844.8342523280298,0.0,0.0,1154.8309753216454,396242.23245644587,0.0,9.814872932504157,4.0,1352.0,0.0,0.0,89.19999999870197,30037.29999984339,0.0,847.9499999999172,49.599999999278225,16753.64999989645,0.0,0.0,0.0,0.0,0.0,0.0,9.920000000000073,3350.730000000007,496.0,167536.5,0.0,58.0,505.9200000000128,170887.23000000019,0.0,0.0,1154.8309753216454,396242.23245644587
477,2021-04-22,2021,True,101.30410958904109,992,992,1058,285866.6340645852,1130.4584407290924,35655,59,0.0,0.8316437848822481,0.1602921142235017,0.16120766056929176,0.13859732729449536,0.3836472553202913,0.9664516129032258,0.17906180798745353,475921.5408971762,0,False,False,True,"{""0"":null,""1"":null,""2"":null,""3"":null}",992.0,473871.0,992.0,336065.0,992.0,336065.0,844.8342523280298,285866.6340645852,844.8342523280298,0.0,0.0,1130.4584407290677,397372.69089717494,0.0,9.814872932504157,4.0,1356.0,0.0,0.0,89.19999999870197,30126.499999842094,1.4999999999997726,849.4499999999169,49.599999999278225,16803.24999989573,0.0,0.0,0.0,0.0,0.0,0.0,9.920000000000073,3360.650000000007,496.0,168032.5,0.0,58.0,505.9200000000128,171393.1500000002,0.0,0.0,1130.4584407290677,397372.69089717494
478,2021-04-23,2021,True,101.30684931506849,992,992,1058,286711.46831691323,1089.1500303777684,35748,61,0.0,0.8175307833134812,0.18578925296387203,0.16115604126708355,0.13866097065567676,0.3836472553202913,0.9664264112903226,0.2007440251724841,476504.770927554,0,False,False,True,"{""0"":null,""1"":null,""2"":null,""3"":null}",992.0,474863.0,992.0,337057.0,992.0,337057.0,844.8342523280298,286711.46831691323,844.8342523280298,0.0,0.0,1089.1500303777866,398461.8409275527,0.0,9.814872932504157,4.0,1360.0,0.0,0.0,89.19999999870197,30215.699999840795,2.249999999999659,851.6999999999166,49.599999999278225,16852.849999895006,0.0,0.0,0.0,0.0,0.0,0.0,9.920000000000073,3370.570000000007,496.0,168528.5,0.0,58.0,505.9200000000128,171899.0700000002,0.0,0.0,1089.1500303777866,398461.8409275527
479,2021-04-24,2021,False,101.30958904109589,992,0,1058,286711.46831691323,0.0,34900,61,0.0,,,0.16125304752736572,0.13877527574863527,0.3836472553202913,0.967358870967742,0.12389561869050104,476504.770927554,0,False,False,True,"{""0"":null,""1"":null,""2"":null,""3"":null}",992.0,475855.0,0.0,337057.0,0.0,337057.0,0.0,286711.46831691323,0.0,0.0,0.0,0.0,398461.8409275527,0.0,9.814872932504157,0.0,1360.0,0.0,0.0,0.0,30215.699999840795,0.0,851.6999999999166,0.0,16852.849999895006,0.0,0.0,0.0,0.0,0.0,0.0,0.0,3370.570000000007,0.0,168528.5,0.0,58.0,0.0,171899.0700000002,0.0,0.0,0.0,398461.8409275527
480,2021-04-25,2021,False,101.31232876712329,993,0,1059,286711.46831691323,0.0,34900,61,0.0,,,0.16121668868038333,0.1379358279955454,0.3835814255949685,0.9670896273917422,0.07407981324857263,476503.770927554,0,False,False,True,"{""0"":null,""1"":null,""2"":null,""3"":null}",993.0,476848.0,0.0,337057.0,0.0,337057.0,0.0,286711.46831691323,0.0,0.0,0.0,0.0,398461.8409275527,0.0,9.814872932504157,0.0,1360.0,0.0,0.0,0.0,30215.699999840795,0.0,851.6999999999166,0.0,16852.849999895006,0.0,0.0,0.0,0.0,0.0,0.0,0.0,3370.570000000007,0.0,168528.5,1.0,59.0,0.0,171899.0700000002,0.0,0.0,0.0,398461.8409275527
481,2021-04-26,2021,True,101.31506849315069,993,993,1059,287557.07437303185,1319.16945983065,35906,22,0.01394476192665765,0.8630165824588678,0.11744251180947764,0.16121668868038336,0.13793582799554543,0.3835814255949685,0.9662638469284995,0.10324626221077206,477316.5103873847,0,False,False,True,"{""0"":null,""1"":null,""2"":null,""3"":null}",993.0,477841.0,993.0,338050.0,993.0,338050.0,845.6060561186168,287557.07437303185,845.6060561186168,0.0,0.0,1319.1694598306785,399781.0103873834,0.013944761926657279,9.828817694430814,4.0,1364.0,0.0,0.0,89.29999999870051,30304.999999839496,9.149999999998613,860.8499999999152,49.6499999992775,16902.499999894284,0.0,0.0,0.0,0.0,0.0,0.0,9.929999999999836,3380.500000000007,496.5,169025.0,0.0,59.0,506.429999999993,172405.5000000002,0.0,0.0,1319.1694598306785,399781.0103873834
482,2021-04-27,2021,True,101.31780821917808,993,993,1059,288402.68042915047,1279.707548694298,35942,42,0.2852049819254271,0.8590045666537116,0.135452398276798,0.16115413118988856,0.13800126801663434,0.3835814255949685,0.9666414904330313,0.1305315987267243,478089.78793607897,0,False,False,True,"{""0"":null,""1"":null,""2"":null,""3"":null}",993.0,478834.0,993.0,339043.0,993.0,339043.0,845.6060561186168,288402.68042915047,845.6060561186168,0.0,0.0,1279.7075486942776,401060.7179360777,0.28520498192542654,10.11402267635624,4.0,1368.0,0.0,0.0,89.29999999870051,30394.299999838197,0.0,860.8499999999152,49.6499999992775,16952.14999989356,0.0,0.0,0.0,0.0,0.0,0.0,9.929999999999836,3390.4300000000067,496.5,169521.5,0.0,59.0,506.429999999993,172911.9300000002,0.0,0.0,1279.7075486942776,401060.7179360777
483,2021-04-28,2021,True,101.32054794520548,993,993,1059,289248.2864852691,1196.3343527887598,36045,62,0.0,0.8358271796864879,0.15775758520725777,0.16113395506524036,0.1381072801249329,0.3835814255949685,0.9665558912386707,0.15587701713650573,478779.6922888677,0,False,False,True,"{""0"":null,""1"":null,""2"":null,""3"":null}",993.0,479827.0,993.0,340036.0,993.0,340036.0,845.6060561186168,289248.2864852691,845.6060561186168,0.0,0.0,1196.3343527887482,402257.0522888664,0.0,10.11402267635624,4.0,1372.0,0.0,0.0,89.29999999870051,30483.599999836897,0.0,860.8499999999152,49.6499999992775,17001.79999989284,0.0,0.0,0.0,0.0,0.0,0.0,9.929999999999836,3400.3600000000065,496.5,170018.0,0.0,59.0,506.429999999993,173418.3600000002,0.0,0.0,1196.3343527887482,402257.0522888664
484,2021-04-29,2021,True,101.32328767123288,991,991,1059,290092.1508465777,1122.2121257792908,36161,55,0.0,0.8384780269780934,0.15586402642551078,0.16095012314994034,0.1402443022821218,0.3836366571255447,0.9666952573158426,0.17952367829808552,479396.49441464705,0,False,False,True,"{""0"":null,""1"":null,""2"":null,""3"":null}",991.0,480818.0,991.0,341027.0,991.0,341027.0,843.8643613086315,290092.1508465777,843.8643613086315,0.0,0.0,1122.2121257793042,403379.26441464573,0.0,10.11402267635624,4.0,1376.0,0.0,0.0,89.09999999870342,30572.6999998356,3.2999999999994998,864.1499999999147,49.54999999927895,17051.349999892118,0.0,0.0,0.0,0.0,0.0,0.0,9.909999999999854,3410.2700000000063,495.5,170513.5,0.0,59.0,505.4100000000035,173923.7700000002,0.0,0.0,1122.2121257793042,403379.26441464573
485,2021-04-30,2021,True,101.32602739726028,990,990,1059,290935.1381154872,1071.524485791913,36251,54,0.0,0.8129830050947702,0.1899826059826886,0.16109836187880827,0.1402965372024761,0.3838335570152222,0.9666262626262626,0.20127323105619477,479963.11890043895,0,False,False,True,"{""0"":null,""1"":null,""2"":null,""3"":null}",990.0,481808.0,990.0,342017.0,990.0,342017.0,842.9872689094627,290935.1381154872,842.9872689094627,0.0,0.0,1071.524485791917,404450.78890043765,0.0,10.11402267635624,4.0,1380.0,0.0,0.0,88.99999999870488,30661.699999834305,2.9999999999995453,867.1499999999143,49.49999999927968,17100.849999891398,0.0,0.0,0.0,0.0,0.0,0.0,9.900000000000091,3420.1700000000064,495.0,171008.5,0.0,59.0,504.8999999999942,174428.6700000002,0.0,0.0,1071.524485791917,404450.78890043765
486,2021-05-01,2021,False,101.32876712328768,991,0,1060,290935.1381154872,0.0,35400,54,0.0,,,0.1607629219067941,0.13941542201834892,0.3836366571255447,0.9672199798183653,0.12439169221696536,479962.11890043895,0,False,False,True,"{""0"":null,""1"":null,""2"":null,""3"":null}",991.0,482799.0,0.0,342017.0,0.0,342017.0,0.0,290935.1381154872,0.0,0.0,0.0,0.0,404450.78890043765,0.0,10.11402267635624,0.0,1380.0,0.0,0.0,0.0,30661.699999834305,0.0,867.1499999999143,0.0,17100.849999891398,0.0,0.0,0.0,0.0,0.0,0.0,0.0,3420.1700000000064,0.0,171008.5,1.0,60.0,0.0,174428.6700000002,0.0,0.0,0.0,404450.78890043765
487,2021-05-02,2021,False,101.33150684931506,991,0,1060,290935.1381154872,0.0,35400,54,0.0,,,0.1607629219067941,0.13941542201834892,0.3836366571255447,0.9672199798183653,0.0746331508266865,479962.11890043895,0,False,False,True,"{""0"":null,""1"":null,""2"":null,""3"":null}",991.0,483790.0,0.0,342017.0,0.0,342017.0,0.0,290935.1381154872,0.0,0.0,0.0,0.0,404450.78890043765,0.0,10.11402267635624,0.0,1380.0,0.0,0.0,0.0,30661.699999834305,0.0,867.1499999999143,0.0,17100.849999891398,0.0,0.0,0.0,0.0,0.0,0.0,0.0,3420.1700000000064,0.0,171008.5,0.0,60.0,0.0,174428.6700000002,0.0,0.0,0.0,404450.78890043765
488,2021-05-03,2021,True,101.33424657534246,991,991,1060,291779.04124360334,1315.2237609859915,36389,19,0.0,0.8586236172068289,0.13808039935543126,0.1607629219067941,0.13941542201834894,0.3836366571255447,0.966125126135217,0.10385822934228646,480771.932661425,0,False,False,True,"{""0"":null,""1"":null,""2"":null,""3"":null}",991.0,484781.0,991.0,343008.0,991.0,343008.0,843.9031281161588,291779.04124360334,843.9031281161588,0.0,0.0,1315.2237609860022,405766.01266142365,0.0,10.11402267635624,4.0,1384.0,0.0,0.0,89.09999999870342,30750.79999983301,8.099999999998772,875.249999999913,49.54999999927895,17150.399999890677,0.0,0.0,0.0,0.0,0.0,0.0,9.909999999999854,3430.0800000000063,495.5,171504.0,0.0,60.0,505.4100000000035,174934.0800000002,0.0,0.0,1315.2237609860022,405766.01266142365
489,2021-05-04,2021,True,101.33698630136986,991,991,1060,292622.9443717195,1258.1334631696648,36445,38,0.0,0.8434613750043447,0.15320561660111007,0.16088127280887324,0.13950712382756003,0.3836366571255447,0.9664833501513622,0.1311895995326918,481524.6561245947,0,False,False,True,"{""0"":null,""1"":null,""2"":null,""3"":null}",991.0,485772.0,991.0,343999.0,991.0,343999.0,843.9031281161588,292622.9443717195,843.9031281161588,0.0,0.0,1258.133463169681,407024.14612459333,0.0,10.11402267635624,4.0,1388.0,0.0,0.0,89.09999999870342,30839.899999831712,0.0,875.249999999913,49.54999999927895,17199.949999889956,0.0,0.0,0.0,0.0,0.0,0.0,9.909999999999854,3439.990000000006,495.5,171999.5,0.0,60.0,505.4100000000035,175439.4900000002,0.0,0.0,1258.133463169681,407024.14612459333
490,2021-05-05,2021,True,101.33972602739726,992,992,1061,293467.79866722005,1203.9213009140535,36543,56,0.0,0.8144371760255072,0.17923298454759712,0.16079253110752395,0.13881975754937087,0.3836472553202913,0.9661995967741935,0.15653611297934242,482221.6574255088,0,False,False,True,"{""0"":null,""1"":null,""2"":null,""3"":null}",992.0,486764.0,992.0,344991.0,992.0,344991.0,844.8542955005541,293467.79866722005,844.8542955005541,0.0,0.0,1203.9213009140803,408228.0674255074,0.0,10.11402267635624,4.0,1392.0,0.0,0.0,89.19999999870197,30929.099999830414,0.0,875.249999999913,49.599999999278225,17249.549999889234,0.0,0.0,0.0,0.0,0.0,0.0,9.920000000000073,3449.910000000006,496.0,172495.5,1.0,61.0,505.9200000000128,175945.4100000002,0.0,0.0,1203.9213009140803,408228.0674255074
491,2021-05-06,2021,True,101.34246575342466,992,992,1061,294312.6529627206,1136.5745963568927,36660,54,0.0,0.8194775641681261,0.17487477502998078,0.1608110179941155,0.13889549321559824,0.3836472553202913,0.9661290322580645,0.1799809688400453,482852.3120218657,0,False,False,True,"{""0"":null,""1"":null,""2"":null,""3"":null}",992.0,487756.0,992.0,345983.0,992.0,345983.0,844.8542955005541,294312.6529627206,844.8542955005541,0.0,0.0,1136.5745963568916,409364.6420218643,0.0,10.11402267635624,4.0,1396.0,0.0,0.0,89.19999999870197,31018.299999829116,2.849999999999568,878.0999999999126,49.599999999278225,17299.149999888512,0.0,0.0,0.0,0.0,0.0,0.0,9.920000000000073,3459.8300000000063,496.0,172991.5,0.0,61.0,505.9200000000128,176451.33000000022,0.0,0.0,1136.5745963568916,409364.6420218643
492,2021-05-07,2021,True,101.34520547945206,992,992,1061,295157.50725822116,1093.842723190534,36756,55,0.0,0.8265505701793723,0.17755208329810201,0.16081755308414464,0.13891041577300864,0.3836472553202913,0.965992943548387,0.20160809135011512,483440.23474505625,0,False,False,True,"{""0"":null,""1"":null,""2"":null,""3"":null}",992.0,488748.0,992.0,346975.0,992.0,346975.0,844.8542955005541,295157.50725822116,844.8542955005541,0.0,0.0,1093.8427231905516,410458.48474505486,0.0,10.11402267635624,4.0,1400.0,0.0,0.0,89.19999999870197,31107.499999827818,2.849999999999568,880.9499999999122,49.599999999278225,17348.74999988779,0.0,0.0,0.0,0.0,0.0,0.0,9.920000000000073,3469.7500000000064,496.0,173487.5,0.0,61.0,505.9200000000128,176957.25000000023,0.0,0.0,1093.8427231905516,410458.48474505486
493,2021-05-08,2021,False,101.34794520547945,992,0,1061,295157.50725822116,0.0,35900,55,0.0,,,0.1608641561104768,0.1390856932881912,0.3836472553202913,0.9668094758064517,0.12476996728046887,483440.23474505625,0,False,False,True,"{""0"":null,""1"":null,""2"":null,""3"":null}",992.0,489740.0,0.0,346975.0,0.0,346975.0,0.0,295157.50725822116,0.0,0.0,0.0,0.0,410458.48474505486,0.0,10.11402267635624,0.0,1400.0,0.0,0.0,0.0,31107.499999827818,0.0,880.9499999999122,0.0,17348.74999988779,0.0,0.0,0.0,0.0,0.0,0.0,0.0,3469.7500000000064,0.0,173487.5,0.0,61.0,0.0,176957.25000000023,0.0,0.0,0.0,410458.48474505486
494,2021-05-09,2021,False,101.35068493150685,992,0,1061,295157.50725822116,0.0,35900,55,0.0,,,0.1608641561104768,0.1390856932881912,0.3836472553202913,0.9668094758064517,0.075002863169819,483440.23474505625,0,False,False,True,"{""0"":null,""1"":null,""2"":null,""3"":null}",992.0,490732.0,0.0,346975.0,0.0,346975.0,0.0,295157.50725822116,0.0,0.0,0.0,0.0,410458.48474505486,0.0,10.11402267635624,0.0,1400.0,0.0,0.0,0.0,31107.499999827818,0.0,880.9499999999122,0.0,17348.74999988779,0.0,0.0,0.0,0.0,0.0,0.0,0.0,3469.7500000000064,0.0,173487.5,0.0,61.0,0.0,176957.25000000023,0.0,0.0,0.0,410458.48474505486
495,2021-05-10,2021,True,101.35342465753425,992,992,1061,296002.3615537217,1313.6956246104307,36896,18,0.0,0.8497524773247358,0.14678356727309141,0.1608641561104768,0.1390856932881912,0.3836472553202913,0.9659324596774194,0.10420558156630802,484248.0103696667,0,False,False,True,"{""0"":null,""1"":null,""2"":null,""3"":null}",992.0,491724.0,992.0,347967.0,992.0,347967.0,844.8542955005541,296002.3615537217,844.8542955005541,0.0,0.0,1313.6956246104091,411772.18036966526,0.0,10.11402267635624,4.0,1404.0,0.0,0.0,89.19999999870197,31196.69999982652,8.24999999999875,889.1999999999109,49.599999999278225,17398.34999988707,0.0,0.0,0.0,0.0,0.0,0.0,9.920000000000073,3479.6700000000064,496.0,173983.5,0.0,61.0,505.9200000000128,177463.17000000025,0.0,0.0,1313.6956246104091,411772.18036966526
496,2021-05-11,2021,True,101.35616438356165,992,992,1061,296847.21584922227,1249.936959618393,36956,28,0.0,0.8538129762093954,0.14437603262231571,0.16088791623619195,0.13907980930335065,0.3836472553202913,0.9666885080645161,0.13135986114100795,484992.0273292851,0,False,False,True,"{""0"":null,""1"":null,""2"":null,""3"":null}",992.0,492716.0,992.0,348959.0,992.0,348959.0,844.8542955005541,296847.21584922227,844.8542955005541,0.0,0.0,1249.9369596184115,413022.1173292837,0.0,10.11402267635624,4.0,1408.0,0.0,0.0,89.19999999870197,31285.899999825222,0.0,889.1999999999109,49.599999999278225,17447.949999886347,0.0,0.0,0.0,0.0,0.0,0.0,9.920000000000073,3489.5900000000065,496.0,174479.5,0.0,61.0,505.9200000000128,177969.09000000026,0.0,0.0,1249.9369596184115,413022.1173292837
497,2021-05-12,2021,True,101.35890410958905,992,992,1061,297692.0701447228,1238.9236504964292,37046,43,0.0,0.8326598151781739,0.17017901935181226,0.16080290912624287,0.1391426239555969,0.3836472553202913,0.9668447580645162,0.15655497691694154,485725.0309797815,0,False,False,True,"{""0"":null,""1"":null,""2"":null,""3"":null}",992.0,493708.0,992.0,349951.0,992.0,349951.0,844.8542955005541,297692.0701447228,844.8542955005541,0.0,0.0,1238.9236504964065,414261.0409797801,0.0,10.11402267635624,4.0,1412.0,0.0,0.0,89.19999999870197,31375.099999823924,0.0,889.1999999999109,49.599999999278225,17497.549999885625,0.0,0.0,0.0,0.0,0.0,0.0,9.920000000000073,3499.5100000000066,496.0,174975.5,0.0,61.0,505.9200000000128,178475.01000000027,0.0,0.0,1238.9236504964065,414261.0409797801
498,2021-05-13,2021,True,101.36164383561643,992,992,1061,298536.9244402234,1133.987823300363,37159,46,0.0,0.865840893940133,0.12422266919134659,0.1607406414291598,0.13924755956876306,0.3836472553202913,0.9666633064516128,0.1799289780151065,486353.0988030819,0,False,False,True,"{""0"":null,""1"":null,""2"":null,""3"":null}",992.0,494700.0,992.0,350943.0,992.0,350943.0,844.8542955005541,298536.9244402234,844.8542955005541,0.0,0.0,1133.9878233003546,415395.02880308044,0.0,10.11402267635624,4.0,1416.0,0.0,0.0,89.19999999870197,31464.299999822626,2.6999999999995907,891.8999999999105,49.599999999278225,17547.149999884903,0.0,0.0,0.0,0.0,0.0,0.0,9.920000000000073,3509.4300000000067,496.0,175471.5,0.0,61.0,505.9200000000128,178980.93000000028,0.0,0.0,1133.9878233003546,415395.02880308044
499,2021-05-14,2021,True,101.36438356164383,990,990,1061,299380.271470835,1088.791494325315,37253,48,0.0,0.8302341664699487,0.16698342648144454,0.16067236022060696,0.1391989278907136,0.3837024868508675,0.9664747474747474,0.20178638698483964,486936.9902974072,0,False,False,True,"{""0"":null,""1"":null,""2"":null,""3"":null}",990.0,495690.0,990.0,351933.0,990.0,351933.0,843.3470306116506,299380.271470835,843.3470306116506,0.0,0.0,1088.7914943253272,416483.82029740576,0.0,10.11402267635624,4.0,1420.0,0.0,0.0,88.99999999870488,31553.29999982133,1.4999999999997726,893.3999999999103,49.49999999927968,17596.649999884183,0.0,0.0,0.0,0.0,0.0,0.0,9.900000000000091,3519.3300000000067,495.0,175966.5,0.0,61.0,504.8999999999942,179485.83000000028,0.0,0.0,1088.7914943253272,416483.82029740576
500,2021-05-15,2021,False,101.36712328767123,992,0,1063,299380.271470835,0.0,36400,48,0.0,,,0.16057104210766926,0.13768257825882063,0.3836472553202913,0.9668649193548388,0.12470980801115122,486934.9902974072,0,False,False,True,"{""0"":null,""1"":null,""2"":null,""3"":null}",992.0,496682.0,0.0,351933.0,0.0,351933.0,0.0,299380.271470835,0.0,0.0,0.0,0.0,416483.82029740576,0.0,10.11402267635624,0.0,1420.0,0.0,0.0,0.0,31553.29999982133,0.0,893.3999999999103,0.0,17596.649999884183,0.0,0.0,0.0,0.0,0.0,0.0,0.0,3519.3300000000067,0.0,175966.5,2.0,63.0,0.0,179485.83000000028,0.0,0.0,0.0,416483.82029740576
501,2021-05-16,2021,False,101.36986301369863,992,0,1063,299380.271470835,0.0,36400,48,0.0,,,0.16057104210766926,0.13768257825882063,0.3836472553202913,0.9668649193548388,0.07488702302131237,486934.9902974072,0,False,False,True,"{""0"":null,""1"":null,""2"":null,""3"":null}",992.0,497674.0,0.0,351933.0,0.0,351933.0,0.0,299380.271470835,0.0,0.0,0.0,0.0,416483.82029740576,0.0,10.11402267635624,0.0,1420.0,0.0,0.0,0.0,31553.29999982133,0.0,893.3999999999103,0.0,17596.649999884183,0.0,0.0,0.0,0.0,0.0,0.0,0.0,3519.3300000000067,0.0,175966.5,0.0,63.0,0.0,179485.83000000028,0.0,0.0,0.0,416483.82029740576
502,2021-05-17,2021,True,101.37260273972603,992,992,1063,300225.40508571645,1354.7035368800425,37395,11,0.0,0.8548782107665349,0.13975529054249927,0.16057104210766926,0.13768257825882063,0.3836472553202913,0.9661139112903225,0.10400621703181455,487783.77383428725,0,False,False,True,"{""0"":null,""1"":null,""2"":null,""3"":null}",992.0,498666.0,992.0,352925.0,992.0,352925.0,845.1336148814298,300225.40508571645,845.1336148814298,0.0,0.0,1354.703536880028,417838.5238342858,0.0,10.11402267635624,4.0,1424.0,0.0,0.0,89.19999999870197,31642.499999820033,7.199999999998909,900.5999999999092,49.599999999278225,17646.24999988346,0.0,0.0,0.0,0.0,0.0,0.0,9.920000000000073,3529.250000000007,496.0,176462.5,0.0,63.0,505.9200000000128,179991.7500000003,0.0,0.0,1354.703536880028,417838.5238342858
503,2021-05-18,2021,True,101.37534246575342,992,992,1063,301070.5387005979,1245.1474114828632,37435,30,0.0,0.8276234754874271,0.16157424760357464,0.16053559743009516,0.1377415769188271,0.3836472553202913,0.9659778225806451,0.13114859464683828,488523.00124577014,0,False,False,True,"{""0"":null,""1"":null,""2"":null,""3"":null}",992.0,499658.0,992.0,353917.0,992.0,353917.0,845.1336148814298,301070.5387005979,845.1336148814298,0.0,0.0,1245.1474114828743,419083.67124576867,0.0,10.11402267635624,4.0,1428.0,0.0,0.0,89.19999999870197,31731.699999818735,0.0,900.5999999999092,49.599999999278225,17695.84999988274,0.0,0.0,0.0,0.0,0.0,0.0,9.920000000000073,3539.170000000007,496.0,176958.5,0.0,63.0,505.9200000000128,180497.6700000003,0.0,0.0,1245.1474114828743,419083.67124576867
504,2021-05-19,2021,True,101.37808219178082,992,992,1063,301915.6723154793,1199.409399138278,37559,41,0.0,0.8427324945596675,0.1538235739994247,0.160554085178952,0.13782972845726982,0.3836472553202913,0.9661391129032257,0.15640480240095095,489216.49064490845,0,False,False,True,"{""0"":null,""1"":null,""2"":null,""3"":null}",992.0,500650.0,992.0,354909.0,992.0,354909.0,845.1336148814298,301915.6723154793,845.1336148814298,0.0,0.0,1199.4093991382979,420283.08064490696,0.0,10.11402267635624,4.0,1432.0,0.0,0.0,89.19999999870197,31820.899999817437,0.0,900.5999999999092,49.599999999278225,17745.449999882017,0.0,0.0,0.0,0.0,0.0,0.0,9.920000000000073,3549.090000000007,496.0,177454.5,0.0,63.0,505.9200000000128,181003.59000000032,0.0,0.0,1199.4093991382979,420283.08064490696
505,2021-05-20,2021,True,101.38082191780822,993,993,1064,302761.71459261613,1135.3413113609424,37662,41,0.0,0.8117051594126277,0.2021332432814395,0.16064043789385288,0.13740373719718632,0.38389534758192645,0.9659214501510573,0.17974107284039958,489844.4019562694,0,False,False,True,"{""0"":null,""1"":null,""2"":null,""3"":null}",993.0,501643.0,993.0,355902.0,993.0,355902.0,846.0422771368176,302761.71459261613,846.0422771368176,0.0,0.0,1135.3413113609422,421418.4219562679,0.0,10.11402267635624,4.0,1436.0,0.0,0.0,89.29999999870051,31910.199999816137,1.6499999999997499,902.2499999999089,49.6499999992775,17795.099999881295,0.0,0.0,0.0,0.0,0.0,0.0,9.929999999999836,3559.020000000007,496.5,177951.0,1.0,64.0,506.429999999993,181510.0200000003,0.0,0.0,1135.3413113609422,421418.4219562679
506,2021-05-21,2021,True,101.38356164383562,992,992,1064,303606.8260356923,1092.4147136602558,37767,38,0.1289570429652387,0.8094198656976083,0.1919827069999138,0.1606252056965235,0.13752806510730625,0.38396117730724927,0.9660836693548387,0.20139616011017286,490430.8966699297,0,False,False,True,"{""0"":null,""1"":null,""2"":null,""3"":null}",992.0,502635.0,992.0,356894.0,992.0,356894.0,845.1114430761663,303606.8260356923,845.1114430761663,0.0,0.0,1092.414713660255,422510.83666992816,0.12895704296523824,10.242979719321479,4.0,1440.0,0.0,0.0,89.19999999870197,31999.39999981484,2.849999999999568,905.0999999999085,49.599999999278225,17844.699999880573,0.0,0.0,0.0,0.0,0.0,0.0,9.920000000000073,3568.940000000007,496.0,178447.0,0.0,64.0,505.9200000000128,182015.94000000032,0.0,0.0,1092.414713660255,422510.83666992816
507,2021-05-22,2021,False,101.38630136986302,992,0,1064,303606.8260356923,0.0,36900,38,0.0,,,0.16055786222471552,0.13758119586812964,0.38396117730724927,0.966819556451613,0.12463930269971078,490430.8966699297,0,False,False,True,"{""0"":null,""1"":null,""2"":null,""3"":null}",992.0,503627.0,0.0,356894.0,0.0,356894.0,0.0,303606.8260356923,0.0,0.0,0.0,0.0,422510.83666992816,0.0,10.242979719321479,0.0,1440.0,0.0,0.0,0.0,31999.39999981484,0.0,905.0999999999085,0.0,17844.699999880573,0.0,0.0,0.0,0.0,0.0,0.0,0.0,3568.940000000007,0.0,178447.0,0.0,64.0,0.0,182015.94000000032,0.0,0.0,0.0,422510.83666992816
508,2021-05-23,2021,False,101.3890410958904,992,0,1064,303606.8260356923,0.0,36900,38,0.0,,,0.16055786222471552,0.13758119586812967,0.38396117730724927,0.966819556451613,0.07470674141901039,490430.8966699297,0,False,False,True,"{""0"":null,""1"":null,""2"":null,""3"":null}",992.0,504619.0,0.0,356894.0,0.0,356894.0,0.0,303606.8260356923,0.0,0.0,0.0,0.0,422510.83666992816,0.0,10.242979719321479,0.0,1440.0,0.0,0.0,0.0,31999.39999981484,0.0,905.0999999999085,0.0,17844.699999880573,0.0,0.0,0.0,0.0,0.0,0.0,0.0,3568.940000000007,0.0,178447.0,0.0,64.0,0.0,182015.94000000032,0.0,0.0,0.0,422510.83666992816
509,2021-05-24,2021,True,101.3917808219178,992,992,1064,304451.93747876846,1322.4055153327542,37878,14,0.0,0.8487716046371722,0.14733475305866153,0.1605578622247155,0.13758119586812964,0.38396117730724927,0.9658266129032258,0.10387294635607086,491247.38218526245,0,False,False,True,"{""0"":null,""1"":null,""2"":null,""3"":null}",992.0,505611.0,992.0,357886.0,992.0,357886.0,845.1114430761663,304451.93747876846,845.1114430761663,0.0,0.0,1322.4055153327645,423833.2421852609,0.0,10.242979719321479,4.0,1444.0,0.0,0.0,89.19999999870197,32088.59999981354,5.699999999999136,910.7999999999076,49.599999999278225,17894.29999987985,0.0,0.0,0.0,0.0,0.0,0.0,9.920000000000073,3578.860000000007,496.0,178943.0,0.0,64.0,505.9200000000128,182521.86000000034,0.0,0.0,1322.4055153327645,423833.2421852609
510,2021-05-25,2021,True,101.3945205479452,991,991,1064,305296.11268001335,1274.2572265387407,37930,35,0.0,0.8414240550629495,0.14620778951866267,0.16049341673946366,0.1374775936807395,0.38395057911250263,0.965782038345106,0.13100112931081526,492016.2294118012,0,False,False,True,"{""0"":null,""1"":null,""2"":null,""3"":null}",991.0,506602.0,991.0,358877.0,991.0,358877.0,844.1752012448851,305296.11268001335,844.1752012448851,0.0,0.0,1274.257226538728,425107.49941179965,0.0,10.242979719321479,4.0,1448.0,0.0,0.0,89.09999999870342,32177.699999812245,0.0,910.7999999999076,49.54999999927895,17943.84999987913,0.0,0.0,0.0,0.0,0.0,0.0,9.909999999999854,3588.770000000007,495.5,179438.5,0.0,64.0,505.4100000000035,183027.27000000034,0.0,0.0,1274.257226538728,425107.49941179965
511,2021-05-26,2021,True,101.3972602739726,991,991,1064,306140.28788125823,1182.883728127982,38051,49,0.0,0.8183557772117402,0.1798267105007368,0.1604815724466921,0.13758871414354434,0.38395057911250263,0.9659233097880928,0.1562530954730222,492693.7031399292,0,False,False,True,"{""0"":null,""1"":null,""2"":null,""3"":null}",991.0,507593.0,991.0,359868.0,991.0,359868.0,844.1752012448851,306140.28788125823,844.1752012448851,0.0,0.0,1182.8837281279848,426290.38313992764,0.0,10.242979719321479,4.0,1452.0,0.0,0.0,89.09999999870342,32266.799999810948,0.0,910.7999999999076,49.54999999927895,17993.39999987841,0.0,0.0,0.0,0.0,0.0,0.0,9.909999999999854,3598.6800000000067,495.5,179934.0,0.0,64.0,505.4100000000035,183532.68000000034,0.0,0.0,1182.8837281279848,426290.38313992764
512,2021-05-27,2021,True,101.4,991,991,1064,306984.4630825031,1158.0893869677057,38153,57,0.0,0.8375058444501815,0.1507757833671499,0.1605174927476463,0.13767088230377145,0.38395057911250263,0.9659889001009081,0.1796346447982661,493346.38252689695,0,False,False,True,"{""0"":null,""1"":null,""2"":null,""3"":null}",991.0,508584.0,991.0,360859.0,991.0,360859.0,844.1752012448851,306984.4630825031,844.1752012448851,0.0,0.0,1158.0893869677093,427448.47252689535,0.0,10.242979719321479,4.0,1456.0,0.0,0.0,89.09999999870342,32355.89999980965,2.0999999999996817,912.8999999999073,49.54999999927895,18042.94999987769,0.0,0.0,0.0,0.0,0.0,0.0,9.909999999999854,3608.5900000000065,495.5,180429.5,0.0,64.0,505.4100000000035,184038.09000000035,0.0,0.0,1158.0893869677093,427448.47252689535
513,2021-05-28,2021,True,101.40273972602739,991,991,1064,307828.638283748,1098.448407722066,38242,61,0.0,0.813311506121256,0.17437975002616146,0.1604764396293877,0.13778164231196813,0.38395057911250263,0.9656659939455096,0.20125682368144956,493939.42093461903,0,False,False,True,"{""0"":null,""1"":null,""2"":null,""3"":null}",991.0,509575.0,991.0,361850.0,991.0,361850.0,844.1752012448851,307828.638283748,844.1752012448851,0.0,0.0,1098.448407722055,428546.9209346174,0.0,10.242979719321479,4.0,1460.0,0.0,0.0,89.09999999870342,32444.999999808355,3.1499999999995225,916.0499999999068,49.54999999927895,18092.499999876967,0.0,0.0,0.0,0.0,0.0,0.0,9.909999999999854,3618.5000000000064,495.5,180925.0,0.0,64.0,505.4100000000035,184543.50000000035,0.0,0.0,1098.448407722055,428546.9209346174
514,2021-05-29,2021,False,101.40547945205479,991,0,1064,307828.638283748,0.0,37400,61,0.0,,,0.16048492125322983,0.1378772311244689,0.38395057911250263,0.9667103935418769,0.12449534431412095,493939.42093461903,0,False,False,True,"{""0"":null,""1"":null,""2"":null,""3"":null}",991.0,510566.0,0.0,361850.0,0.0,361850.0,0.0,307828.638283748,0.0,0.0,0.0,0.0,428546.9209346174,0.0,10.242979719321479,0.0,1460.0,0.0,0.0,0.0,32444.999999808355,0.0,916.0499999999068,0.0,18092.499999876967,0.0,0.0,0.0,0.0,0.0,0.0,0.0,3618.5000000000064,0.0,180925.0,0.0,64.0,0.0,184543.50000000035,0.0,0.0,0.0,428546.9209346174
515,2021-05-30,2021,False,101.40821917808219,991,0,1064,307828.638283748,0.0,37400,61,0.0,,,0.16048492125322983,0.1378772311244689,0.38395057911250263,0.9667103935418769,0.07457571210948839,493939.42093461903,0,False,False,True,"{""0"":null,""1"":null,""2"":null,""3"":null}",991.0,511557.0,0.0,361850.0,0.0,361850.0,0.0,307828.638283748,0.0,0.0,0.0,0.0,428546.9209346174,0.0,10.242979719321479,0.0,1460.0,0.0,0.0,0.0,32444.999999808355,0.0,916.0499999999068,0.0,18092.499999876967,0.0,0.0,0.0,0.0,0.0,0.0,0.0,3618.5000000000064,0.0,180925.0,0.0,64.0,0.0,184543.50000000035,0.0,0.0,0.0,428546.9209346174
516,2021-05-31,2021,True,101.41095890410959,992,992,1065,308673.7286039809,1342.092948486173,38404,16,0.0,0.8437175136422954,0.14224902757293956,0.16041164951160522,0.1370353212768498,0.3838847493871798,0.9656401209677419,0.10380724397808944,494774.5938831052,0,False,False,True,"{""0"":null,""1"":null,""2"":null,""3"":null}",992.0,512549.0,992.0,362842.0,992.0,362842.0,845.0903202329064,308673.7286039809,845.0903202329064,0.0,0.0,1342.0929484861554,429889.01388310356,0.0,10.242979719321479,4.0,1464.0,0.0,0.0,89.19999999870197,32534.199999807057,9.149999999998613,925.1999999999055,49.599999999278225,18142.099999876245,0.0,0.0,0.0,0.0,0.0,0.0,9.920000000000073,3628.4200000000064,496.0,181421.0,1.0,65.0,505.9200000000128,185049.42000000036,0.0,0.0,1342.0929484861554,429889.01388310356
517,2021-06-01,2021,True,101.41369863013699,992,992,1065,309518.8189242138,1282.4262774899744,38444,28,0.0,0.8376934172567532,0.1554218552040289,0.1604483592843523,0.13711084655201466,0.3838847493871798,0.9661542338709677,0.13110645839493698,495551.1001605952,0,False,False,True,"{""0"":null,""1"":null,""2"":null,""3"":null}",992.0,513541.0,992.0,363834.0,992.0,363834.0,845.0903202329064,309518.8189242138,845.0903202329064,0.0,0.0,1282.4262774899835,431171.44016059354,0.0,10.242979719321479,4.0,1468.0,0.0,0.0,89.19999999870197,32623.39999980576,0.0,925.1999999999055,49.599999999278225,18191.699999875524,0.0,0.0,0.0,0.0,0.0,0.0,9.920000000000073,3638.3400000000065,496.0,181917.0,0.0,65.0,505.9200000000128,185555.34000000037,0.0,0.0,1282.4262774899835,431171.44016059354
518,2021-06-02,2021,True,101.41643835616438,991,991,1065,310362.9955605883,1229.392010184721,38514,50,0.0,0.8516286508773738,0.14887820554041412,0.160669043324559,0.13732316381579196,0.38408164927685734,0.9654591321897074,0.15651931026359622,496275.08217077993,0,False,False,True,"{""0"":null,""1"":null,""2"":null,""3"":null}",991.0,514532.0,991.0,364825.0,991.0,364825.0,844.1766363744973,310362.9955605883,844.1766363744973,0.0,0.0,1229.3920101847034,432400.83217077825,0.0,10.242979719321479,4.0,1472.0,0.0,0.0,89.09999999870342,32712.499999804462,0.0,925.1999999999055,49.54999999927895,18241.249999874803,0.0,0.0,0.0,0.0,0.0,0.0,9.909999999999854,3648.2500000000064,495.5,182412.5,0.0,65.0,505.4100000000035,186060.75000000038,0.0,0.0,1229.3920101847034,432400.83217077825
519,2021-06-03,2021,True,101.41917808219178,992,992,1066,311207.9520533018,1150.8255589720768,38663,50,0.02011649793676072,0.8316285401243052,0.17165138791177503,0.16042205886826877,0.13642233341585958,0.3838847493871798,0.9652419354838709,0.17981243684471426,496918.987729752,0,False,False,True,"{""0"":null,""1"":null,""2"":null,""3"":null}",992.0,515524.0,992.0,365817.0,992.0,365817.0,844.9564927134779,311207.9520533018,844.9564927134779,0.0,0.0,1150.8255589720793,433551.6577297503,0.02011649793676007,10.263096217258239,4.0,1476.0,0.0,0.0,89.19999999870561,32801.69999980317,2.399999999999636,927.5999999999051,49.599999999278225,18290.84999987408,0.0,0.0,0.0,0.0,0.0,0.0,9.920000000000073,3658.1700000000064,496.0,182908.5,1.0,66.0,505.9200000000128,186566.6700000004,0.0,0.0,1150.8255589720793,433551.6577297503
520,2021-06-04,2021,True,101.42191780821918,992,992,1066,312052.9085460153,1118.4961736484886,38755,55,0.0,0.8154870662824389,0.17186844214322622,0.16041795639961348,0.13648535222811192,0.3838847493871798,0.9656502016129032,0.20129622600658748,497531.56390340056,0,False,False,True,"{""0"":null,""1"":null,""2"":null,""3"":null}",992.0,516516.0,992.0,366809.0,992.0,366809.0,844.9564927134779,312052.9085460153,844.9564927134779,0.0,0.0,1118.496173648513,434670.15390339884,0.0,10.263096217258239,4.0,1480.0,0.0,0.0,89.19999999870197,32890.89999980187,1.7999999999997272,929.3999999999048,49.599999999278225,18340.44999987336,0.0,0.0,0.0,0.0,0.0,0.0,9.920000000000073,3668.0900000000065,496.0,183404.5,0.0,66.0,505.9200000000128,187072.5900000004,0.0,0.0,1118.496173648513,434670.15390339884
521,2021-06-05,2021,False,101.42465753424658,992,0,1066,312052.9085460153,0.0,37900,55,0.0,,,0.16041674189291538,0.13660061233150536,0.3838847493871798,0.9668447580645162,0.12459151189855831,497531.56390340056,0,False,False,True,"{""0"":null,""1"":null,""2"":null,""3"":null}",992.0,517508.0,0.0,366809.0,0.0,366809.0,0.0,312052.9085460153,0.0,0.0,0.0,0.0,434670.15390339884,0.0,10.263096217258239,0.0,1480.0,0.0,0.0,0.0,32890.89999980187,0.0,929.3999999999048,0.0,18340.44999987336,0.0,0.0,0.0,0.0,0.0,0.0,0.0,3668.0900000000065,0.0,183404.5,0.0,66.0,0.0,187072.5900000004,0.0,0.0,0.0,434670.15390339884
522,2021-06-06,2021,False,101.42739726027398,992,0,1066,312052.9085460153,0.0,37900,55,0.0,,,0.16041674189291538,0.13660061233150536,0.3838847493871798,0.9668447580645162,0.07458354307317189,497531.56390340056,0,False,False,True,"{""0"":null,""1"":null,""2"":null,""3"":null}",992.0,518500.0,0.0,366809.0,0.0,366809.0,0.0,312052.9085460153,0.0,0.0,0.0,0.0,434670.15390339884,0.0,10.263096217258239,0.0,1480.0,0.0,0.0,0.0,32890.89999980187,0.0,929.3999999999048,0.0,18340.44999987336,0.0,0.0,0.0,0.0,0.0,0.0,0.0,3668.0900000000065,0.0,183404.5,0.0,66.0,0.0,187072.5900000004,0.0,0.0,0.0,434670.15390339884
523,2021-06-07,2021,True,101.43013698630136,992,992,1066,312897.86503872875,1392.9176554129901,38899,11,0.3229032782398103,0.8568062572872134,0.13610035972017803,0.16041674189291538,0.13660061233150533,0.3838847493871798,0.9660383064516128,0.10367863060521336,498418.56155881356,0,False,False,True,"{""0"":null,""1"":null,""2"":null,""3"":null}",992.0,519492.0,992.0,367801.0,992.0,367801.0,844.9564927134779,312897.86503872875,844.9564927134779,0.0,0.0,1392.9176554129808,436063.0715588118,0.32290327823981,10.585999495498049,4.0,1484.0,0.0,0.0,89.19999999870197,32980.09999980057,8.24999999999875,937.6499999999036,49.599999999278225,18390.049999872637,0.0,0.0,0.0,0.0,0.0,0.0,9.920000000000073,3678.0100000000066,496.0,183900.5,0.0,66.0,505.9200000000128,187578.51000000042,0.0,0.0,1392.9176554129808,436063.0715588118
524,2021-06-08,2021,True,101.43287671232876,992,992,1066,313742.8215314422,1292.3082495067101,38939,29,0.0,0.8507412814120368,0.13694540837668207,0.1603306792830953,0.13656962455985627,0.3838847493871798,0.9661290322580645,0.1309105390241094,499204.94980832026,0,False,False,True,"{""0"":null,""1"":null,""2"":null,""3"":null}",992.0,520484.0,992.0,368793.0,992.0,368793.0,844.9564927134779,313742.8215314422,844.9564927134779,0.0,0.0,1292.308249506692,437355.3798083185,0.0,10.585999495498049,4.0,1488.0,0.0,0.0,89.19999999870197,33069.299999799274,0.0,937.6499999999036,49.599999999278225,18439.649999871915,0.0,0.0,0.0,0.0,0.0,0.0,9.920000000000073,3687.9300000000067,496.0,184396.5,0.0,66.0,505.9200000000128,188084.43000000043,0.0,0.0,1292.308249506692,437355.3798083185
525,2021-06-09,2021,True,101.43561643835616,992,992,1066,314587.7780241557,1182.7516618726966,39033,49,0.0,0.8396607673810901,0.16161363637504902,0.16039318728039442,0.13677122290925942,0.3838847493871798,0.9657913306451613,0.15625090960028296,499881.781470193,0,False,False,True,"{""0"":null,""1"":null,""2"":null,""3"":null}",992.0,521476.0,992.0,369785.0,992.0,369785.0,844.9564927134779,314587.7780241557,844.9564927134779,0.0,0.0,1182.751661872724,438538.13147019123,0.0,10.585999495498049,4.0,1492.0,0.0,0.0,89.19999999870197,33158.499999797976,0.0,937.6499999999036,49.599999999278225,18489.249999871194,0.0,0.0,0.0,0.0,0.0,0.0,9.920000000000073,3697.8500000000067,496.0,184892.5,0.0,66.0,505.9200000000128,188590.35000000044,0.0,0.0,1182.751661872724,438538.13147019123
526,2021-06-10,2021,True,101.43835616438356,992,992,1066,315432.7345168692,1152.7683042212484,39147,56,0.0,0.8547171573785306,0.1511475982583186,0.16043143486144154,0.13677653908756193,0.3838847493871798,0.9656602822580644,0.1796784189904167,500528.6297744143,0,False,False,True,"{""0"":null,""1"":null,""2"":null,""3"":null}",992.0,522468.0,992.0,370777.0,992.0,370777.0,844.9564927134779,315432.7345168692,844.9564927134779,0.0,0.0,1152.7683042212739,439690.8997744125,0.0,10.585999495498049,4.0,1496.0,0.0,0.0,89.19999999870197,33247.69999979668,1.6499999999997499,939.2999999999033,49.599999999278225,18538.849999870472,0.0,0.0,0.0,0.0,0.0,0.0,9.920000000000073,3707.770000000007,496.0,185388.5,0.0,66.0,505.9200000000128,189096.27000000046,0.0,0.0,1152.7683042212739,439690.8997744125
527,2021-06-11,2021,True,101.44109589041096,992,992,1066,316277.69100958266,1117.574152095436,39253,58,0.0,0.8134827863776112,0.1810653945271916,0.1603425304437115,0.13683459257441383,0.3838847493871798,0.9657913306451613,0.20122258760485406,501140.2839265097,0,False,False,True,"{""0"":null,""1"":null,""2"":null,""3"":null}",992.0,523460.0,992.0,371769.0,992.0,371769.0,844.9564927134779,316277.69100958266,844.9564927134779,0.0,0.0,1117.574152095418,440808.4739265079,0.0,10.585999495498049,4.0,1500.0,0.0,0.0,89.19999999870197,33336.89999979538,2.6999999999995907,941.9999999999029,49.599999999278225,18588.44999986975,0.0,0.0,0.0,0.0,0.0,0.0,9.920000000000073,3717.690000000007,496.0,185884.5,0.0,66.0,505.9200000000128,189602.19000000047,0.0,0.0,1117.574152095418,440808.4739265079
528,2021-06-12,2021,False,101.44383561643835,992,0,1066,316277.69100958266,0.0,38400,58,0.0,,,0.16042535963262916,0.13699533287786947,0.3838847493871798,0.9667590725806451,0.12452189219773248,501140.2839265097,0,False,False,True,"{""0"":null,""1"":null,""2"":null,""3"":null}",992.0,524452.0,0.0,371769.0,0.0,371769.0,0.0,316277.69100958266,0.0,0.0,0.0,0.0,440808.4739265079,0.0,10.585999495498049,0.0,1500.0,0.0,0.0,0.0,33336.89999979538,0.0,941.9999999999029,0.0,18588.44999986975,0.0,0.0,0.0,0.0,0.0,0.0,0.0,3717.690000000007,0.0,185884.5,0.0,66.0,0.0,189602.19000000047,0.0,0.0,0.0,440808.4739265079
529,2021-06-13,2021,False,101.44657534246575,993,0,1067,316277.69100958266,0.0,38400,58,0.0,,,0.1603810527081238,0.13625323605677794,0.38389534758192645,0.9664904330312185,0.07442309037854196,501139.2839265097,0,False,False,True,"{""0"":null,""1"":null,""2"":null,""3"":null}",993.0,525445.0,0.0,371769.0,0.0,371769.0,0.0,316277.69100958266,0.0,0.0,0.0,0.0,440808.4739265079,0.0,10.585999495498049,0.0,1500.0,0.0,0.0,0.0,33336.89999979538,0.0,941.9999999999029,0.0,18588.44999986975,0.0,0.0,0.0,0.0,0.0,0.0,0.0,3717.690000000007,0.0,185884.5,1.0,67.0,0.0,189602.19000000047,0.0,0.0,0.0,440808.4739265079
530,2021-06-14,2021,True,101.44931506849315,993,993,1067,317123.4708845741,1356.033484161924,39399,19,0.0,0.8448373617232414,0.14361230079206536,0.1603810527081238,0.13625323605677794,0.38389534758192645,0.9656344410876133,0.10364541265406746,501988.8874106717,0,False,False,True,"{""0"":null,""1"":null,""2"":null,""3"":null}",993.0,526438.0,993.0,372762.0,993.0,372762.0,845.7798749914509,317123.4708845741,845.7798749914509,0.0,0.0,1356.0334841619479,442164.5074106699,0.0,10.585999495498049,4.0,1504.0,0.0,0.0,89.29999999870051,33426.19999979408,8.699999999998681,950.6999999999016,49.6499999992775,18638.099999869028,0.0,0.0,0.0,0.0,0.0,0.0,9.929999999999836,3727.6200000000067,496.5,186381.0,0.0,67.0,506.429999999993,190108.62000000046,0.0,0.0,1356.0334841619479,442164.5074106699
531,2021-06-15,2021,True,101.45205479452055,992,992,1067,317968.2937910144,1279.1413693795537,39440,38,0.025501893006452992,0.8386838132207556,0.16918269814103618,0.1601723977331143,0.1360050484123072,0.3836472553202913,0.9660483870967742,0.1308434891843978,502762.10878005123,0,False,False,True,"{""0"":null,""1"":null,""2"":null,""3"":null}",992.0,527430.0,992.0,373754.0,992.0,373754.0,844.8229064402985,317968.2937910144,844.8229064402985,0.0,0.0,1279.141369379533,443443.6487800494,0.025501893006453002,10.611501388504502,4.0,1508.0,0.0,0.0,89.19999999870197,33515.39999979278,0.0,950.6999999999016,49.599999999278225,18687.699999868306,0.0,0.0,0.0,0.0,0.0,0.0,9.920000000000073,3737.540000000007,496.0,186877.0,0.0,67.0,505.9200000000128,190614.54000000047,0.0,0.0,1279.141369379533,443443.6487800494
532,2021-06-16,2021,True,101.45479452054795,992,992,1067,318813.1166974547,1216.185804709651,39536,51,0.0,0.8376962204308943,0.15243845992521618,0.16017033062432845,0.13610895373197476,0.3836472553202913,0.9658618951612903,0.15617956200338565,503472.3745847609,0,False,False,True,"{""0"":null,""1"":null,""2"":null,""3"":null}",992.0,528422.0,992.0,374746.0,992.0,374746.0,844.8229064402985,318813.1166974547,844.8229064402985,0.0,0.0,1216.1858047096757,444659.8345847591,0.0,10.611501388504502,4.0,1512.0,0.0,0.0,89.19999999870197,33604.599999791484,0.0,950.6999999999016,49.599999999278225,18737.299999867584,0.0,0.0,0.0,0.0,0.0,0.0,9.920000000000073,3747.460000000007,496.0,187373.0,0.0,67.0,505.9200000000128,191120.4600000005,0.0,0.0,1216.1858047096757,444659.8345847591
533,2021-06-17,2021,True,101.45753424657535,992,992,1067,319657.939603895,1171.9602516017071,39649,49,0.0,0.8396106464515499,0.14071352872620088,0.16012021492670295,0.13611526378658048,0.3836472553202913,0.9657157258064516,0.1795875739539117,504138.41483636264,0,False,False,True,"{""0"":null,""1"":null,""2"":null,""3"":null}",992.0,529414.0,992.0,375738.0,992.0,375738.0,844.8229064402985,319657.939603895,844.8229064402985,0.0,0.0,1171.960251601704,445831.7948363608,0.0,10.611501388504502,4.0,1516.0,0.0,0.0,89.19999999870197,33693.799999790186,2.849999999999568,953.5499999999012,49.599999999278225,18786.899999866862,0.0,0.0,0.0,0.0,0.0,0.0,9.920000000000073,3757.380000000007,496.0,187869.0,0.0,67.0,505.9200000000128,191626.3800000005,0.0,0.0,1171.960251601704,445831.7948363608
534,2021-06-18,2021,True,101.46027397260274,992,992,1067,320502.7625103353,1122.8389529589188,39748,55,0.39270623604753296,0.8124455343904021,0.18238797321682707,0.16009004076430774,0.136187907887164,0.3836472553202913,0.9655846774193548,0.20111792856849756,504755.3337893216,0,False,False,True,"{""0"":null,""1"":null,""2"":null,""3"":null}",992.0,530406.0,992.0,376730.0,992.0,376730.0,844.8229064402985,320502.7625103353,844.8229064402985,0.0,0.0,1122.838952958933,446954.6337893197,0.3927062360475322,11.004207624552034,4.0,1520.0,0.0,0.0,89.19999999870197,33782.99999978889,2.849999999999568,956.3999999999007,49.599999999278225,18836.49999986614,0.0,0.0,0.0,0.0,0.0,0.0,9.920000000000073,3767.300000000007,496.0,188365.0,0.0,67.0,505.9200000000128,192132.3000000005,0.0,0.0,1122.838952958933,446954.6337893197
535,2021-06-19,2021,False,101.46301369863014,993,0,1068,320502.7625103353,0.0,38900,55,0.0,,,0.16011251123476583,0.1355517411747997,0.3835814255949685,0.9664652567975831,0.1243521687262555,504754.3337893216,0,False,False,True,"{""0"":null,""1"":null,""2"":null,""3"":null}",993.0,531399.0,0.0,376730.0,0.0,376730.0,0.0,320502.7625103353,0.0,0.0,0.0,0.0,446954.6337893197,0.0,11.004207624552034,0.0,1520.0,0.0,0.0,0.0,33782.99999978889,0.0,956.3999999999007,0.0,18836.49999986614,0.0,0.0,0.0,0.0,0.0,0.0,0.0,3767.300000000007,0.0,188365.0,1.0,68.0,0.0,192132.3000000005,0.0,0.0,0.0,446954.6337893197
536,2021-06-20,2021,False,101.46575342465754,993,0,1068,320502.7625103353,0.0,38900,55,0.0,,,0.16011251123476583,0.1355517411747997,0.3835814255949685,0.9664652567975831,0.07447877280505978,504754.3337893216,0,False,False,True,"{""0"":null,""1"":null,""2"":null,""3"":null}",993.0,532392.0,0.0,376730.0,0.0,376730.0,0.0,320502.7625103353,0.0,0.0,0.0,0.0,446954.6337893197,0.0,11.004207624552034,0.0,1520.0,0.0,0.0,0.0,33782.99999978889,0.0,956.3999999999007,0.0,18836.49999986614,0.0,0.0,0.0,0.0,0.0,0.0,0.0,3767.300000000007,0.0,188365.0,0.0,68.0,0.0,192132.3000000005,0.0,0.0,0.0,446954.6337893197
537,2021-06-21,2021,True,101.46849315068494,993,993,1068,321348.34528532793,1365.525522127731,39898,14,0.04570167661934087,0.8569520015546055,0.13115594285252302,0.16011251123476583,0.1355517411747997,0.3835814255949685,0.9657401812688822,0.10371793113092655,505613.42931144935,0,False,False,True,"{""0"":null,""1"":null,""2"":null,""3"":null}",993.0,533385.0,993.0,377723.0,993.0,377723.0,845.5827749926248,321348.34528532793,845.5827749926248,0.0,0.0,1365.5255221277475,448320.15931144747,0.045701676619341214,11.049909301171375,4.0,1524.0,0.0,0.0,89.29999999870051,33872.29999978759,8.24999999999875,964.6499999998995,49.6499999992775,18886.149999865418,0.0,0.0,0.0,0.0,0.0,0.0,9.929999999999836,3777.230000000007,496.5,188861.5,0.0,68.0,506.429999999993,192638.7300000005,0.0,0.0,1365.5255221277475,448320.15931144747
538,2021-06-22,2021,True,101.47123287671234,993,993,1068,322193.92806032056,1285.2053631113542,39949,26,0.0,0.8509683896877834,0.1628544286984743,0.16010388815434096,0.13551527196165164,0.3835814255949685,0.9663997985901309,0.130993043237876,506392.2046745607,0,False,False,True,"{""0"":null,""1"":null,""2"":null,""3"":null}",993.0,534378.0,993.0,378716.0,993.0,378716.0,845.5827749926248,322193.92806032056,845.5827749926248,0.0,0.0,1285.2053631113376,449605.3646745588,0.0,11.049909301171375,4.0,1528.0,0.0,0.0,89.29999999870051,33961.59999978629,0.0,964.6499999998995,49.6499999992775,18935.799999864696,0.0,0.0,0.0,0.0,0.0,0.0,9.929999999999836,3787.1600000000067,496.5,189358.0,0.0,68.0,506.429999999993,193145.1600000005,0.0,0.0,1285.2053631113376,449605.3646745588
539,2021-06-23,2021,True,101.47397260273972,993,993,1068,323039.5108353132,1228.6518813075625,40029,51,0.004347297398653386,0.8358352765902319,0.14055646027511176,0.16008579477178492,0.13548311314886943,0.3835814255949685,0.9659164149043303,0.1563407853303783,507114.42655586824,0,False,False,True,"{""0"":null,""1"":null,""2"":null,""3"":null}",993.0,535371.0,993.0,379709.0,993.0,379709.0,845.5827749926248,323039.5108353132,845.5827749926248,0.0,0.0,1228.6518813075381,450834.01655586634,0.0043472973986542485,11.05425659857003,4.0,1532.0,0.0,0.0,89.29999999870051,34050.89999978499,0.0,964.6499999998995,49.6499999992775,18985.449999863973,0.0,0.0,0.0,0.0,0.0,0.0,9.929999999999836,3797.0900000000065,496.5,189854.5,0.0,68.0,506.429999999993,193651.5900000005,0.0,0.0,1228.6518813075381,450834.01655586634
540,2021-06-24,2021,True,101.47671232876712,994,994,1069,323886.07047616795,1206.4005929421685,40143,62,0.0,0.8400416180852442,0.16254432163357704,0.16012088280310355,0.1351260095875919,0.3838295178566037,0.9652665995975855,0.17972314546617485,507812.8871488104,0,False,False,True,"{""0"":null,""1"":null,""2"":null,""3"":null}",994.0,536365.0,994.0,380703.0,994.0,380703.0,846.5596408547717,323886.07047616795,846.5596408547717,0.0,0.0,1206.40059294214,452040.4171488085,0.0,11.05425659857003,4.0,1536.0,0.0,0.0,89.39999999869906,34140.29999978369,2.0999999999996817,966.7499999998992,49.69999999927677,19035.14999986325,0.0,0.0,0.0,0.0,0.0,0.0,9.940000000000055,3807.0300000000066,497.0,190351.5,1.0,69.0,506.9400000000023,194158.5300000005,0.0,0.0,1206.40059294214,452040.4171488085
541,2021-06-25,2021,True,101.47945205479452,994,994,1069,324732.6301170227,1116.1118521863862,40238,70,0.0,0.8118643930560954,0.18484748738204962,0.16018958327327043,0.13520257738555772,0.3838295178566037,0.9649698189134809,0.2012517182541749,508422.05900099676,0,False,False,True,"{""0"":null,""1"":null,""2"":null,""3"":null}",994.0,537359.0,994.0,381697.0,994.0,381697.0,846.5596408547717,324732.6301170227,846.5596408547717,0.0,0.0,1116.1118521863827,453156.52900099487,0.0,11.05425659857003,4.0,1540.0,0.0,0.0,89.39999999869906,34229.69999978239,1.7999999999997272,968.5499999998989,49.69999999927677,19084.849999862527,0.0,0.0,0.0,0.0,0.0,0.0,9.940000000000055,3816.9700000000066,497.0,190848.5,0.0,69.0,506.9400000000023,194665.4700000005,0.0,0.0,1116.1118521863827,453156.52900099487
542,2021-06-26,2021,False,101.48219178082192,994,0,1069,324732.6301170227,0.0,39400,70,0.0,,,0.1601534798995827,0.13527467390398512,0.3838295178566037,0.9661519114688129,0.12464100566679331,508422.05900099676,0,False,False,True,"{""0"":null,""1"":null,""2"":null,""3"":null}",994.0,538353.0,0.0,381697.0,0.0,381697.0,0.0,324732.6301170227,0.0,0.0,0.0,0.0,453156.52900099487,0.0,11.05425659857003,0.0,1540.0,0.0,0.0,0.0,34229.69999978239,0.0,968.5499999998989,0.0,19084.849999862527,0.0,0.0,0.0,0.0,0.0,0.0,0.0,3816.9700000000066,0.0,190848.5,0.0,69.0,0.0,194665.4700000005,0.0,0.0,0.0,453156.52900099487
543,2021-06-27,2021,False,101.48493150684932,994,0,1069,324732.6301170227,0.0,39400,70,0.0,,,0.1601534798995827,0.13527467390398512,0.3838295178566037,0.9661519114688129,0.07476048707056769,508422.05900099676,0,False,False,True,"{""0"":null,""1"":null,""2"":null,""3"":null}",994.0,539347.0,0.0,381697.0,0.0,381697.0,0.0,324732.6301170227,0.0,0.0,0.0,0.0,453156.52900099487,0.0,11.05425659857003,0.0,1540.0,0.0,0.0,0.0,34229.69999978239,0.0,968.5499999998989,0.0,19084.849999862527,0.0,0.0,0.0,0.0,0.0,0.0,0.0,3816.9700000000066,0.0,190848.5,0.0,69.0,0.0,194665.4700000005,0.0,0.0,0.0,453156.52900099487
544,2021-06-28,2021,True,101.4876712328767,994,994,1069,325579.1897578775,1371.2695424542824,40404,26,0.0,0.8560653905946366,0.1426801450631186,0.16015347989958267,0.13527467390398512,0.3838295178566037,0.9650503018108652,0.10395070373775464,509286.38854345103,0,False,False,True,"{""0"":null,""1"":null,""2"":null,""3"":null}",994.0,540341.0,994.0,382691.0,994.0,382691.0,846.5596408547717,325579.1897578775,846.5596408547717,0.0,0.0,1371.2695424542762,454527.79854344914,0.0,11.05425659857003,4.0,1544.0,0.0,0.0,89.39999999869906,34319.09999978109,10.499999999998408,979.0499999998973,49.69999999927677,19134.549999861803,0.0,0.0,0.0,0.0,0.0,0.0,9.940000000000055,3826.9100000000067,497.0,191345.5,0.0,69.0,506.9400000000023,195172.4100000005,0.0,0.0,1371.2695424542762,454527.79854344914
545,2021-06-29,2021,True,101.4904109589041,995,995,1070,326426.5106960044,1292.7281725491478,40442,42,0.0,0.8351875242907112,0.14880374900384602,0.16025773115935066,0.13483837964189685,0.3840776101182388,0.9652261306532663,0.13115247466552252,510070.6667160002,0,False,False,True,"{""0"":null,""1"":null,""2"":null,""3"":null}",995.0,541336.0,995.0,383686.0,995.0,383686.0,847.3209381268825,326426.5106960044,847.3209381268825,0.0,0.0,1292.728172549163,455820.5267159983,0.0,11.05425659857003,4.0,1548.0,0.0,0.0,89.4999999986976,34408.599999779784,0.0,979.0499999998973,49.74999999927604,19184.29999986108,0.0,0.0,0.0,0.0,0.0,0.0,9.949999999999818,3836.8600000000065,497.5,191843.0,1.0,70.0,507.45000000001164,195679.8600000005,0.0,0.0,1292.728172549163,455820.5267159983
546,2021-06-30,2021,True,101.4931506849315,995,995,1070,327273.83163413126,1234.987005018456,40541,57,0.0,0.8542638295115947,0.14182085397826363,0.16031643754249897,0.1350093639399692,0.3840776101182388,0.9651708542713568,0.1564080312256463,510798.2037210186,0,False,False,True,"{""0"":null,""1"":null,""2"":null,""3"":null}",995.0,542331.0,995.0,384681.0,995.0,384681.0,847.3209381268825,327273.83163413126,847.3209381268825,0.0,0.0,1234.9870050184545,457055.51372101676,0.0,11.05425659857003,4.0,1552.0,0.0,0.0,89.4999999986976,34498.09999977848,0.0,979.0499999998973,49.74999999927604,19234.049999860355,0.0,0.0,0.0,0.0,0.0,0.0,9.949999999999818,3846.8100000000063,497.5,192340.5,0.0,70.0,507.45000000001164,196187.31000000052,0.0,0.0,1234.9870050184545,457055.51372101676
547,2021-07-01,2021,True,101.4958904109589,994,994,1070,328120.29156765074,1409.1071702655552,40662,47,0.0,0.8128967482834564,0.20149682963168292,0.1604438668649044,0.13511997171706824,0.3838295178566037,0.9651358148893361,0.17979980622743752,511700.3708912842,0,False,False,True,"{""0"":null,""1"":null,""2"":null,""3"":null}",994.0,543325.0,994.0,385675.0,994.0,385675.0,846.4599335194798,328120.29156765074,846.4599335194798,0.0,0.0,1409.1071702655754,458464.62089128233,0.0,11.05425659857003,4.0,1556.0,0.0,0.0,89.39999999869906,34587.49999977718,3.899999999999409,982.9499999998967,49.69999999927677,19283.749999859632,0.0,0.0,0.0,0.0,0.0,0.0,9.940000000000055,3856.7500000000064,497.0,192837.5,0.0,70.0,506.9400000000023,196694.25000000052,0.0,0.0,1409.1071702655754,458464.62089128233
548,2021-07-02,2021,True,101.4986301369863,994,994,1070,328966.7515011702,1342.7684251507185,40755,46,0.0,0.8118846353154554,0.18350888742593813,0.16042223344743672,0.1351584384261238,0.3838295178566037,0.965251509054326,0.20137929132546775,512536.1993164349,0,False,False,True,"{""0"":null,""1"":null,""2"":null,""3"":null}",994.0,544319.0,994.0,386669.0,994.0,386669.0,846.4599335194798,328966.7515011702,846.4599335194798,0.0,0.0,1342.7684251507162,459807.38931643305,0.0,11.05425659857003,4.0,1560.0,0.0,0.0,89.39999999869906,34676.89999977588,2.399999999999636,985.3499999998963,49.69999999927677,19333.44999985891,0.0,0.0,0.0,0.0,0.0,0.0,9.940000000000055,3866.6900000000064,497.0,193334.5,0.0,70.0,506.9400000000023,197201.19000000053,0.0,0.0,1342.7684251507162,459807.38931643305
549,2021-07-03,2021,False,101.5013698630137,994,0,1070,328966.7515011702,0.0,39900,46,0.0,,,0.1604602997436474,0.13526810817958534,0.3838295178566037,0.9660714285714286,0.12491976730496393,512536.1993164349,0,False,False,True,"{""0"":null,""1"":null,""2"":null,""3"":null}",994.0,545313.0,0.0,386669.0,0.0,386669.0,0.0,328966.7515011702,0.0,0.0,0.0,0.0,459807.38931643305,0.0,11.05425659857003,0.0,1560.0,0.0,0.0,0.0,34676.89999977588,0.0,985.3499999998963,0.0,19333.44999985891,0.0,0.0,0.0,0.0,0.0,0.0,0.0,3866.6900000000064,0.0,193334.5,0.0,70.0,0.0,197201.19000000053,0.0,0.0,0.0,459807.38931643305
550,2021-07-04,2021,False,101.5041095890411,994,0,1070,328966.7515011702,0.0,39900,46,0.0,,,0.1604602997436474,0.13526810817958534,0.3838295178566037,0.9660714285714286,0.07505740357040439,512536.1993164349,0,False,False,True,"{""0"":null,""1"":null,""2"":null,""3"":null}",994.0,546307.0,0.0,386669.0,0.0,386669.0,0.0,328966.7515011702,0.0,0.0,0.0,0.0,459807.38931643305,0.0,11.05425659857003,0.0,1560.0,0.0,0.0,0.0,34676.89999977588,0.0,985.3499999998963,0.0,19333.44999985891,0.0,0.0,0.0,0.0,0.0,0.0,0.0,3866.6900000000064,0.0,193334.5,0.0,70.0,0.0,197201.19000000053,0.0,0.0,0.0,459807.38931643305
551,2021-07-05,2021,True,101.5068493150685,994,994,1070,329813.2114346897,1641.808968218125,40892,16,0.08009912030819956,0.8451143282808654,0.14721856484529297,0.1604602997436474,0.13526810817958534,0.3838295178566037,0.9652263581488933,0.10417443068521673,513671.068284653,0,False,False,True,"{""0"":null,""1"":null,""2"":null,""3"":null}",994.0,547301.0,994.0,387663.0,994.0,387663.0,846.4599335194798,329813.2114346897,846.4599335194798,0.0,0.0,1641.8089682181017,461449.19828465115,0.08009912030819955,11.13435571887823,4.0,1564.0,0.0,0.0,89.39999999869906,34766.29999977458,6.899999999998954,992.2499999998953,49.69999999927677,19383.149999858186,0.0,0.0,0.0,0.0,0.0,0.0,9.940000000000055,3876.6300000000065,497.0,193831.5,0.0,70.0,506.9400000000023,197708.13000000053,0.0,0.0,1641.8089682181017,461449.19828465115
552,2021-07-06,2021,True,101.5095890410959,994,994,1070,330659.6713682092,1587.5326925236398,40936,31,0.0,0.8521343438269207,0.12385629973551389,0.16042877043400017,0.13532787733364,0.3838295178566037,0.9656036217303823,0.13140176443594007,514751.6609771766,0,False,False,True,"{""0"":null,""1"":null,""2"":null,""3"":null}",994.0,548295.0,994.0,388657.0,994.0,388657.0,846.4599335194798,330659.6713682092,846.4599335194798,0.0,0.0,1587.532692523615,463036.73097717477,0.0,11.13435571887823,4.0,1568.0,0.0,0.0,89.39999999869906,34855.69999977328,0.0,992.2499999998953,49.69999999927677,19432.849999857463,0.0,0.0,0.0,0.0,0.0,0.0,9.940000000000055,3886.5700000000065,497.0,194328.5,0.0,70.0,506.9400000000023,198215.07000000053,0.0,0.0,1587.532692523615,463036.73097717477
553,2021-07-07,2021,True,101.5123287671233,994,994,1070,331506.13130172866,1508.4957082903006,41052,45,0.0,0.8279934253141599,0.16496540891399006,0.16041052053631977,0.13537533606785923,0.3838295178566037,0.9657243460764587,0.1567164746240587,515753.21668546693,0,False,False,True,"{""0"":null,""1"":null,""2"":null,""3"":null}",994.0,549289.0,994.0,389651.0,994.0,389651.0,846.4599335194798,331506.13130172866,846.4599335194798,0.0,0.0,1508.495708290313,464545.2266854651,0.0,11.13435571887823,4.0,1572.0,0.0,0.0,89.39999999869906,34945.09999977198,0.0,992.2499999998953,49.69999999927677,19482.54999985674,0.0,0.0,0.0,0.0,0.0,0.0,9.940000000000055,3896.5100000000066,497.0,194825.5,0.0,70.0,506.9400000000023,198722.01000000053,0.0,0.0,1508.495708290313,464545.2266854651
554,2021-07-08,2021,True,101.51506849315068,994,994,1070,332352.59123524814,1405.3503482577407,41154,52,0.0,0.8280055706697759,0.16683442477160643,0.16044956201962285,0.13545701861237364,0.3838295178566037,0.9655985915492957,0.18017874373611026,516651.6270337247,0,False,False,True,"{""0"":null,""1"":null,""2"":null,""3"":null}",994.0,550283.0,994.0,390645.0,994.0,390645.0,846.4599335194798,332352.59123524814,846.4599335194798,0.0,0.0,1405.3503482577507,465950.57703372283,0.0,11.13435571887823,4.0,1576.0,0.0,0.0,89.39999999869906,35034.49999977068,2.399999999999636,994.6499999998949,49.69999999927677,19532.249999856016,0.0,0.0,0.0,0.0,0.0,0.0,9.940000000000055,3906.4500000000066,497.0,195322.5,0.0,70.0,506.9400000000023,199228.95000000054,0.0,0.0,1405.3503482577507,465950.57703372283
555,2021-07-09,2021,True,101.51780821917808,994,994,1070,333199.0511687676,1342.5463456209459,41247,52,0.08647711709124142,0.8138805220883534,0.1867323839552799,0.16045952605210928,0.13561377240789715,0.3838295178566037,0.965523138832998,0.20176232397332158,517487.2333793456,0,False,False,True,"{""0"":null,""1"":null,""2"":null,""3"":null}",994.0,551277.0,994.0,391639.0,994.0,391639.0,846.4599335194798,333199.0511687676,846.4599335194798,0.0,0.0,1342.54634562094,467293.1233793438,0.08647711709124195,11.220832835969471,4.0,1580.0,0.0,0.0,89.39999999869906,35123.899999769375,2.249999999999659,996.8999999998946,49.69999999927677,19581.949999855293,0.0,0.0,0.0,0.0,0.0,0.0,9.940000000000055,3916.3900000000067,497.0,195819.5,0.0,70.0,506.9400000000023,199735.89000000054,0.0,0.0,1342.54634562094,467293.1233793438
556,2021-07-10,2021,False,101.52054794520548,995,0,1071,333199.0511687676,0.0,40400,52,0.0,,,0.16057252028434751,0.1351434662423552,0.3840776101182388,0.9661608040201005,0.12511182770445858,517486.2333793456,0,False,False,True,"{""0"":null,""1"":null,""2"":null,""3"":null}",995.0,552272.0,0.0,391639.0,0.0,391639.0,0.0,333199.0511687676,0.0,0.0,0.0,0.0,467293.1233793438,0.0,11.220832835969471,0.0,1580.0,0.0,0.0,0.0,35123.899999769375,0.0,996.8999999998946,0.0,19581.949999855293,0.0,0.0,0.0,0.0,0.0,0.0,0.0,3916.3900000000067,0.0,195819.5,1.0,71.0,0.0,199735.89000000054,0.0,0.0,0.0,467293.1233793438
557,2021-07-11,2021,False,101.52328767123288,995,0,1071,333199.0511687676,0.0,40400,52,0.0,,,0.16057252028434751,0.13514346624235524,0.3840776101182388,0.9661608040201005,0.07528284345107214,517486.2333793456,0,False,False,True,"{""0"":null,""1"":null,""2"":null,""3"":null}",995.0,553267.0,0.0,391639.0,0.0,391639.0,0.0,333199.0511687676,0.0,0.0,0.0,0.0,467293.1233793438,0.0,11.220832835969471,0.0,1580.0,0.0,0.0,0.0,35123.899999769375,0.0,996.8999999998946,0.0,19581.949999855293,0.0,0.0,0.0,0.0,0.0,0.0,0.0,3916.3900000000067,0.0,195819.5,0.0,71.0,0.0,199735.89000000054,0.0,0.0,0.0,467293.1233793438
558,2021-07-12,2021,True,101.52602739726028,994,994,1071,334045.5239420815,1655.0371343256409,41387,9,0.0,0.8420213110506543,0.14857651040042502,0.16030618061894325,0.13471884180109397,0.3838295178566037,0.9651911468812877,0.10438811119693144,518634.3305136713,0,False,False,True,"{""0"":null,""1"":null,""2"":null,""3"":null}",994.0,554261.0,994.0,392633.0,994.0,392633.0,846.4727733138716,334045.5239420815,846.4727733138716,0.0,0.0,1655.0371343256556,468948.1605136694,0.0,11.220832835969471,4.0,1584.0,0.0,0.0,89.39999999869906,35213.299999768074,7.799999999998818,1004.6999999998934,49.69999999927677,19631.64999985457,0.0,0.0,0.0,0.0,0.0,0.0,9.940000000000055,3926.3300000000067,497.0,196316.5,0.0,71.0,506.9400000000023,200242.83000000054,0.0,0.0,1655.0371343256556,468948.1605136694
559,2021-07-13,2021,True,101.52876712328766,994,994,1071,334891.99671539536,1569.309363507071,41446,27,0.0,0.8440495854385283,0.14965322291904878,0.16036033062815389,0.1349196572486655,0.3838295178566037,0.9655583501006036,0.13157323347037267,519696.69987717835,0,False,False,True,"{""0"":null,""1"":null,""2"":null,""3"":null}",994.0,555255.0,994.0,393627.0,994.0,393627.0,846.4727733138716,334891.99671539536,846.4727733138716,0.0,0.0,1569.3093635070836,470517.4698771765,0.0,11.220832835969471,4.0,1588.0,0.0,0.0,89.39999999869906,35302.69999976677,0.0,1004.6999999998934,49.69999999927677,19681.349999853846,0.0,0.0,0.0,0.0,0.0,0.0,9.940000000000055,3936.270000000007,497.0,196813.5,0.0,71.0,506.9400000000023,200749.77000000054,0.0,0.0,1569.3093635070836,470517.4698771765
560,2021-07-14,2021,True,101.53150684931506,994,994,1071,335738.46948870923,1512.7874625857098,41543,42,0.0,0.8319487627931079,0.15932977605303583,0.16031058511923937,0.134931493333286,0.3838295178566037,0.9657344064386318,0.1568477148533432,520702.5473397641,0,False,False,True,"{""0"":null,""1"":null,""2"":null,""3"":null}",994.0,556249.0,994.0,394621.0,994.0,394621.0,846.4727733138716,335738.46948870923,846.4727733138716,0.0,0.0,1512.787462585722,472030.25733976223,0.0,11.220832835969471,4.0,1592.0,0.0,0.0,89.39999999869906,35392.09999976547,0.0,1004.6999999998934,49.69999999927677,19731.049999853123,0.0,0.0,0.0,0.0,0.0,0.0,9.940000000000055,3946.210000000007,497.0,197310.5,0.0,71.0,506.9400000000023,201256.71000000054,0.0,0.0,1512.787462585722,472030.25733976223
561,2021-07-15,2021,True,101.53424657534246,994,994,1071,336584.9422620231,1441.4090814840663,41655,50,6.265899347618478e-05,0.8290095867340329,0.18563921324047447,0.16034862434332947,0.13500943360268197,0.3838295178566037,0.9657997987927566,0.18027300138061195,521637.01642124815,0,False,False,True,"{""0"":null,""1"":null,""2"":null,""3"":null}",994.0,557243.0,994.0,395615.0,994.0,395615.0,846.4727733138716,336584.9422620231,846.4727733138716,0.0,0.0,1441.4090814840747,473471.6664212463,6.265899347646098e-05,11.220895494962948,4.0,1596.0,0.0,0.0,89.39999999869906,35481.49999976417,1.3499999999997954,1006.0499999998932,49.69999999927677,19780.7499998524,0.0,0.0,0.0,0.0,0.0,0.0,9.940000000000055,3956.150000000007,497.0,197807.5,0.0,71.0,506.9400000000023,201763.65000000055,0.0,0.0,1441.4090814840747,473471.6664212463
562,2021-07-16,2021,True,101.53698630136986,994,994,1071,337431.415035337,1383.6055190867053,41744,53,0.0,0.8159371356393315,0.18483767021239733,0.16030077123755038,0.135107025520824,0.3838295178566037,0.9655482897384305,0.2019106900805516,522513.68194033485,0,False,False,True,"{""0"":null,""1"":null,""2"":null,""3"":null}",994.0,558237.0,994.0,396609.0,994.0,396609.0,846.4727733138716,337431.415035337,846.4727733138716,0.0,0.0,1383.6055190867046,474855.271940333,0.0,11.220895494962948,4.0,1600.0,0.0,0.0,89.39999999869906,35570.89999976287,2.6999999999995907,1008.7499999998928,49.69999999927677,19830.449999851677,0.0,0.0,0.0,0.0,0.0,0.0,9.940000000000055,3966.090000000007,497.0,198304.5,0.0,71.0,506.9400000000023,202270.59000000055,0.0,0.0,1383.6055190867046,474855.271940333
563,2021-07-17,2021,False,101.53972602739726,994,0,1071,337431.415035337,0.0,40900,53,0.0,,,0.16028223698600758,0.1351722428295763,0.3838295178566037,0.9666649899396378,0.12529760926418385,522513.68194033485,0,False,False,True,"{""0"":null,""1"":null,""2"":null,""3"":null}",994.0,559231.0,0.0,396609.0,0.0,396609.0,0.0,337431.415035337,0.0,0.0,0.0,0.0,474855.271940333,0.0,11.220895494962948,0.0,1600.0,0.0,0.0,0.0,35570.89999976287,0.0,1008.7499999998928,0.0,19830.449999851677,0.0,0.0,0.0,0.0,0.0,0.0,0.0,3966.090000000007,0.0,198304.5,0.0,71.0,0.0,202270.59000000055,0.0,0.0,0.0,474855.271940333
564,2021-07-18,2021,False,101.54246575342465,993,0,1071,337431.415035337,0.0,40900,53,0.0,,,0.15997666884292755,0.13477221586661106,0.3835814255949685,0.966631419939577,0.07541652545733,522513.68194033485,0,False,False,True,"{""0"":null,""1"":null,""2"":null,""3"":null}",993.0,560224.0,0.0,396609.0,0.0,396609.0,0.0,337431.415035337,0.0,0.0,0.0,0.0,474855.271940333,0.0,11.220895494962948,0.0,1600.0,0.0,0.0,0.0,35570.89999976287,0.0,1008.7499999998928,0.0,19830.449999851677,0.0,0.0,0.0,0.0,0.0,0.0,0.0,3966.090000000007,0.0,198304.5,0.0,71.0,0.0,202270.59000000055,0.0,0.0,0.0,474855.271940333
565,2021-07-19,2021,True,101.54520547945205,993,993,1071,338276.9617964923,1628.3214205491486,41887,18,0.15851931274095513,0.8509602927840394,0.14753646789785524,0.15997666884292755,0.1347722158666111,0.3835814255949685,0.965619335347432,0.10466681395385927,523635.573360884,0,False,False,True,"{""0"":null,""1"":null,""2"":null,""3"":null}",993.0,561217.0,993.0,397602.0,993.0,397602.0,845.5467611553031,338276.9617964923,845.5467611553031,0.0,0.0,1628.321420549124,476483.59336088214,0.158519312740955,11.379414807703903,4.0,1604.0,0.0,0.0,89.29999999870051,35660.19999976157,7.949999999998795,1016.6999999998916,49.6499999992775,19880.099999850954,0.0,0.0,0.0,0.0,0.0,0.0,9.929999999999836,3976.020000000007,496.5,198801.0,0.0,71.0,506.429999999993,202777.02000000054,0.0,0.0,1628.321420549124,476483.59336088214
566,2021-07-20,2021,True,101.54794520547945,993,993,1071,339122.5085576476,1577.6205230320659,41935,41,0.0,0.8287990672366887,0.15586662508806579,0.1599605086005621,0.1348442900889939,0.3835814255949685,0.9659415911379657,0.1318774633698181,524706.7638839161,0,False,False,True,"{""0"":null,""1"":null,""2"":null,""3"":null}",993.0,562210.0,993.0,398595.0,993.0,398595.0,845.5467611553031,339122.5085576476,845.5467611553031,0.0,0.0,1577.620523032092,478061.2138839142,0.0,11.379414807703903,4.0,1608.0,0.0,0.0,89.29999999870051,35749.49999976027,0.0,1016.6999999998916,49.6499999992775,19929.74999985023,0.0,0.0,0.0,0.0,0.0,0.0,9.929999999999836,3985.9500000000066,496.5,199297.5,0.0,71.0,506.429999999993,203283.45000000054,0.0,0.0,1577.620523032092,478061.2138839142
567,2021-07-21,2021,True,101.55068493150685,993,993,1071,339968.0553188029,1522.1826395061862,42025,68,0.18898146172699146,0.8428957766550071,0.1631284432278854,0.16000725149573614,0.1349789227072224,0.3835814255949685,0.9656596173212487,0.15711347850953766,525722.5165234223,0,False,False,True,"{""0"":null,""1"":null,""2"":null,""3"":null}",993.0,563203.0,993.0,399588.0,993.0,399588.0,845.5467611553031,339968.0553188029,845.5467611553031,0.0,0.0,1522.1826395061798,479583.3965234204,0.18898146172699093,11.568396269430893,4.0,1612.0,0.0,0.0,89.29999999870051,35838.79999975897,0.0,1016.6999999998916,49.6499999992775,19979.39999984951,0.0,0.0,0.0,0.0,0.0,0.0,9.929999999999836,3995.8800000000065,496.5,199794.0,0.0,71.0,506.429999999993,203789.88000000053,0.0,0.0,1522.1826395061798,479583.3965234204
568,2021-07-22,2021,True,101.55342465753425,993,993,1071,340813.6020799582,1415.0836121039126,42152,70,0.0,0.8317989700738437,0.1717357910906298,0.16003379675442558,0.13500853773563848,0.3835814255949685,0.9656344410876133,0.1804961611597667,526631.1701355262,0,False,False,True,"{""0"":null,""1"":null,""2"":null,""3"":null}",993.0,564196.0,993.0,400581.0,993.0,400581.0,845.5467611553031,340813.6020799582,845.5467611553031,0.0,0.0,1415.0836121038883,480998.4801355243,0.0,11.568396269430893,4.0,1616.0,0.0,0.0,89.29999999870051,35928.09999975767,2.6999999999995907,1019.3999999998912,49.6499999992775,20029.049999848787,0.0,0.0,0.0,0.0,0.0,0.0,9.929999999999836,4005.8100000000063,496.5,200290.5,0.0,71.0,506.429999999993,204296.31000000052,0.0,0.0,1415.0836121038883,480998.4801355243
569,2021-07-23,2021,True,101.55616438356165,991,991,1071,341657.5028541356,1346.9289231513142,42253,71,0.0,0.8032407955978121,0.20041935760057328,0.1603594163405974,0.13593461281737143,0.3836366571255447,0.9658476286579213,0.20228052207582853,527472.6890586775,0,False,False,True,"{""0"":null,""1"":null,""2"":null,""3"":null}",991.0,565187.0,991.0,401572.0,991.0,401572.0,843.9007741773967,341657.5028541356,843.9007741773967,0.0,0.0,1346.9289231513394,482345.40905867564,0.0,11.568396269430893,4.0,1620.0,0.0,0.0,89.09999999870342,36017.199999756376,3.449999999999477,1022.8499999998907,49.54999999927895,20078.599999848066,0.0,0.0,0.0,0.0,0.0,0.0,9.909999999999854,4015.720000000006,495.5,200786.0,0.0,71.0,505.4100000000035,204801.72000000053,0.0,0.0,1346.9289231513394,482345.40905867564
570,2021-07-24,2021,False,101.55890410958904,991,0,1071,341657.5028541356,0.0,41400,71,0.0,,,0.1603920782785804,0.13603034451359175,0.3836366571255447,0.9670938446014127,0.12565864228893278,527472.6890586775,0,False,False,True,"{""0"":null,""1"":null,""2"":null,""3"":null}",991.0,566178.0,0.0,401572.0,0.0,401572.0,0.0,341657.5028541356,0.0,0.0,0.0,0.0,482345.40905867564,0.0,11.568396269430893,0.0,1620.0,0.0,0.0,0.0,36017.199999756376,0.0,1022.8499999998907,0.0,20078.599999848066,0.0,0.0,0.0,0.0,0.0,0.0,0.0,4015.720000000006,0.0,200786.0,0.0,71.0,0.0,204801.72000000053,0.0,0.0,0.0,482345.40905867564
571,2021-07-25,2021,False,101.56164383561644,992,0,1072,341657.5028541356,0.0,41400,71,0.0,,,0.1605061306907167,0.1355386318075139,0.3838847493871798,0.9668245967741936,0.07580036710784623,527471.6890586775,0,False,False,True,"{""0"":null,""1"":null,""2"":null,""3"":null}",992.0,567170.0,0.0,401572.0,0.0,401572.0,0.0,341657.5028541356,0.0,0.0,0.0,0.0,482345.40905867564,0.0,11.568396269430893,0.0,1620.0,0.0,0.0,0.0,36017.199999756376,0.0,1022.8499999998907,0.0,20078.599999848066,0.0,0.0,0.0,0.0,0.0,0.0,0.0,4015.720000000006,0.0,200786.0,1.0,72.0,0.0,204801.72000000053,0.0,0.0,0.0,482345.40905867564
572,2021-07-26,2021,True,101.56438356164384,992,992,1072,342502.1580140788,1658.7855119482547,42411,19,0.0,0.8649444354917704,0.13385761350380562,0.1605061306907167,0.1355386318075139,0.3838847493871798,0.9658618951612903,0.10501924709049175,528624.5545706258,0,False,False,True,"{""0"":null,""1"":null,""2"":null,""3"":null}",992.0,568162.0,992.0,402564.0,992.0,402564.0,844.6551599432132,342502.1580140788,844.6551599432132,0.0,0.0,1658.7855119482265,484004.19457062386,0.0,11.568396269430893,4.0,1624.0,0.0,0.0,89.19999999870197,36106.39999975508,10.650000000005662,1033.4999999998963,49.599999999278225,20128.199999847344,0.0,0.0,0.0,0.0,0.0,0.0,9.920000000000073,4025.6400000000062,496.0,201282.0,0.0,72.0,505.9200000000128,205307.64000000054,0.0,0.0,1658.7855119482265,484004.19457062386
573,2021-07-27,2021,True,101.56712328767124,992,992,1072,343346.813174022,1585.0170332390219,42426,37,0.0,0.8377668818468208,0.15731346185037828,0.16055098736843632,0.13572726417561756,0.3838847493871798,0.966149193548387,0.13235985292534685,529703.6516038647,0,False,False,True,"{""0"":null,""1"":null,""2"":null,""3"":null}",992.0,569154.0,992.0,403556.0,992.0,403556.0,844.6551599432132,343346.813174022,844.6551599432132,0.0,0.0,1585.0170332390117,485589.2116038629,0.0,11.568396269430893,4.0,1628.0,0.0,0.0,89.19999999870197,36195.59999975378,0.0,1033.4999999998963,49.599999999278225,20177.799999846622,0.0,0.0,0.0,0.0,0.0,0.0,9.920000000000073,4035.5600000000063,496.0,201778.0,0.0,72.0,505.9200000000128,205813.56000000055,0.0,0.0,1585.0170332390117,485589.2116038629
574,2021-07-28,2021,True,101.56986301369864,992,992,1072,344191.4683339652,1484.982222738881,42549,52,0.0,0.8417952889449221,0.15697805234886453,0.16054356708964845,0.13584751074100118,0.3838847493871798,0.9661592741935483,0.15769749313711529,530682.7138266036,0,False,False,True,"{""0"":null,""1"":null,""2"":null,""3"":null}",992.0,570146.0,992.0,404548.0,992.0,404548.0,844.6551599432132,344191.4683339652,844.6551599432132,0.0,0.0,1484.9822227389086,487074.1938266018,0.0,11.568396269430893,4.0,1632.0,0.0,0.0,89.19999999870197,36284.79999975248,0.0,1033.4999999998963,49.599999999278225,20227.3999998459,0.0,0.0,0.0,0.0,0.0,0.0,9.920000000000073,4045.4800000000064,496.0,202274.0,0.0,72.0,505.9200000000128,206319.48000000056,0.0,0.0,1484.9822227389086,487074.1938266018
575,2021-07-29,2021,True,101.57260273972602,992,992,1072,345036.12349390844,1429.1713071660413,42654,52,0.0,0.8407791275250491,0.15193434648532772,0.16048295248793448,0.1359467981494997,0.3838847493871798,0.9663004032258065,0.181139120347274,531605.9651337696,0,False,False,True,"{""0"":null,""1"":null,""2"":null,""3"":null}",992.0,571138.0,992.0,405540.0,992.0,405540.0,844.6551599432132,345036.12349390844,844.6551599432132,0.0,0.0,1429.1713071660488,488503.36513376783,0.0,11.568396269430893,4.0,1636.0,0.0,0.0,89.19999999870197,36373.999999751184,2.850000000001728,1036.349999999898,49.599999999278225,20276.99999984518,0.0,0.0,0.0,0.0,0.0,0.0,9.920000000000073,4055.4000000000065,496.0,202770.0,0.0,72.0,505.9200000000128,206825.40000000058,0.0,0.0,1429.1713071660488,488503.36513376783
576,2021-07-30,2021,True,101.57534246575342,991,991,1072,345879.9666380157,1375.8292343609032,42760,54,0.5149659964537777,0.8366254159043728,0.1658547384038136,0.16056354812599583,0.136021493060303,0.3836366571255447,0.9664732593340061,0.2028318944110875,532476.3843681305,0,False,False,True,"{""0"":null,""1"":null,""2"":null,""3"":null}",991.0,572129.0,991.0,406531.0,991.0,406531.0,843.8431441072607,345879.9666380157,843.8431441072607,0.0,0.0,1375.8292343608919,489879.1943681287,0.5149659964537783,12.083362265884672,4.0,1640.0,0.0,0.0,89.09999999870342,36463.09999974989,2.700000000001637,1039.0499999998997,49.54999999927895,20326.549999844457,0.0,0.0,0.0,0.0,0.0,0.0,9.909999999999854,4065.3100000000063,495.5,203265.5,0.0,72.0,505.4100000000035,207330.81000000058,0.0,0.0,1375.8292343608919,489879.1943681287
577,2021-07-31,2021,False,101.57808219178082,992,0,1073,345879.9666380157,0.0,41900,54,0.0,,,0.16043164243460478,0.13528296231877712,0.3836472553202913,0.9671370967741936,0.12610122937626833,532475.3843681305,0,False,False,True,"{""0"":null,""1"":null,""2"":null,""3"":null}",992.0,573121.0,0.0,406531.0,0.0,406531.0,0.0,345879.9666380157,0.0,0.0,0.0,0.0,489879.1943681287,0.0,12.083362265884672,0.0,1640.0,0.0,0.0,0.0,36463.09999974989,0.0,1039.0499999998997,0.0,20326.549999844457,0.0,0.0,0.0,0.0,0.0,0.0,0.0,4065.3100000000063,0.0,203265.5,1.0,73.0,0.0,207330.81000000058,0.0,0.0,0.0,489879.1943681287
578,2021-08-01,2021,False,101.58082191780822,992,0,1073,345879.9666380157,0.0,41900,54,0.0,,,0.16043164243460478,0.13528296231877718,0.3836472553202913,0.9671370967741936,0.07627544213731978,532475.3843681305,0,False,False,True,"{""0"":null,""1"":null,""2"":null,""3"":null}",992.0,574113.0,0.0,406531.0,0.0,406531.0,0.0,345879.9666380157,0.0,0.0,0.0,0.0,489879.1943681287,0.0,12.083362265884672,0.0,1640.0,0.0,0.0,0.0,36463.09999974989,0.0,1039.0499999998997,0.0,20326.549999844457,0.0,0.0,0.0,0.0,0.0,0.0,0.0,4065.3100000000063,0.0,203265.5,0.0,73.0,0.0,207330.81000000058,0.0,0.0,0.0,489879.1943681287
579,2021-08-02,2021,True,101.58356164383562,992,992,1074,346724.7371082963,1700.4752485201805,42893,14,0.0,0.8609184353975914,0.12360844219468373,0.16027434566235352,0.13436794295215854,0.3836472553202913,0.9659375,0.10560666206277088,533668.9396166506,0,False,False,True,"{""0"":null,""1"":null,""2"":null,""3"":null}",992.0,575105.0,992.0,407523.0,992.0,407523.0,844.7704702806077,346724.7371082963,844.7704702806077,0.0,0.0,1700.4752485202043,491579.6696166489,0.0,12.083362265884672,4.0,1644.0,0.0,0.0,89.19999999870197,36552.29999974859,8.100000000004911,1047.1499999999046,49.599999999278225,20376.149999843736,0.0,0.0,0.0,0.0,0.0,0.0,9.920000000000073,4075.2300000000064,496.0,203761.5,1.0,74.0,505.9200000000128,207836.7300000006,0.0,0.0,1700.4752485202043,491579.6696166489
580,2021-08-03,2021,True,101.58630136986301,992,992,1074,347569.5075785769,1610.676295648893,42934,27,0.0,0.839716266791077,0.1529840030617243,0.16032682042180058,0.13454098816371934,0.3836472553202913,0.9662802419354838,0.13287773219406235,534773.6959122994,0,False,False,True,"{""0"":null,""1"":null,""2"":null,""3"":null}",992.0,576097.0,992.0,408515.0,992.0,408515.0,844.7704702806077,347569.5075785769,844.7704702806077,0.0,0.0,1610.676295648911,493190.34591229784,0.0,12.083362265884672,4.0,1648.0,0.0,0.0,89.19999999870197,36641.49999974729,0.0,1047.1499999999046,49.599999999278225,20425.749999843014,0.0,0.0,0.0,0.0,0.0,0.0,9.920000000000073,4085.1500000000065,496.0,204257.5,0.0,74.0,505.9200000000128,208342.6500000006,0.0,0.0,1610.676295648911,493190.34591229784
581,2021-08-04,2021,True,101.58904109589041,992,992,1074,348414.2780488575,1525.7165282813098,43035,41,0.026138204285866246,0.831696447537571,0.1604980223733259,0.16030643223846686,0.13459638306486882,0.3836472553202913,0.9660483870967742,0.1581539586117288,535793.4924405807,0,False,False,True,"{""0"":null,""1"":null,""2"":null,""3"":null}",992.0,577089.0,992.0,409507.0,992.0,409507.0,844.7704702806077,348414.2780488575,844.7704702806077,0.0,0.0,1525.7165282813367,494716.0624405792,0.026138204285865996,12.109500470170538,4.0,1652.0,0.0,0.0,89.19999999870197,36730.69999974599,0.0,1047.1499999999046,49.599999999278225,20475.349999842292,0.0,0.0,0.0,0.0,0.0,0.0,9.920000000000073,4095.0700000000065,496.0,204753.5,0.0,74.0,505.9200000000128,208848.57000000062,0.0,0.0,1525.7165282813367,494716.0624405792
582,2021-08-05,2021,True,101.59178082191781,992,992,1074,349259.04851913813,1449.667535219316,43159,38,0.0,0.8166078018486378,0.1895689804045686,0.16024952779278026,0.13468816114042437,0.3836472553202913,0.9662096774193548,0.1815871538194407,536737.2399758,0,False,False,True,"{""0"":null,""1"":null,""2"":null,""3"":null}",992.0,578081.0,992.0,410499.0,992.0,410499.0,844.7704702806077,349259.04851913813,844.7704702806077,0.0,0.0,1449.6675352193415,496165.7299757985,0.0,12.109500470170538,4.0,1656.0,0.0,0.0,89.19999999870197,36819.899999744695,2.1000000000012733,1049.2499999999059,49.599999999278225,20524.94999984157,0.0,0.0,0.0,0.0,0.0,0.0,9.919999999999618,4104.990000000006,496.0,205249.5,0.0,74.0,505.9200000000128,209354.49000000063,0.0,0.0,1449.6675352193415,496165.7299757985
583,2021-08-06,2021,True,101.59452054794521,992,992,1074,350103.81898941874,1378.9762243355626,43249,47,0.03533616503592197,0.8115430574328134,0.1812262946419098,0.16031975233093088,0.13466378378512006,0.3836472553202913,0.9662852822580644,0.20321443118974442,537610.2962001356,0,False,False,True,"{""0"":null,""1"":null,""2"":null,""3"":null}",992.0,579073.0,992.0,411491.0,992.0,411491.0,844.7704702806077,350103.81898941874,844.7704702806077,0.0,0.0,1378.9762243355508,497544.70620013407,0.03533616503592185,12.14483663520646,4.0,1660.0,0.0,0.0,89.19999999870197,36909.0999997434,1.9500000000011823,1051.199999999907,49.599999999278225,20574.54999984085,0.0,0.0,0.0,0.0,0.0,0.0,9.920000000000073,4114.910000000006,496.0,205745.5,0.0,74.0,505.9200000000128,209860.41000000064,0.0,0.0,1378.9762243355508,497544.70620013407
584,2021-08-07,2021,False,101.59726027397261,992,0,1074,350103.81898941874,0.0,42400,47,0.0,,,0.1603290363820707,0.13488798861072535,0.3836472553202913,0.9673135080645162,0.12658117892170362,537610.2962001356,0,False,False,True,"{""0"":null,""1"":null,""2"":null,""3"":null}",992.0,580065.0,0.0,411491.0,0.0,411491.0,0.0,350103.81898941874,0.0,0.0,0.0,0.0,497544.70620013407,0.0,12.14483663520646,0.0,1660.0,0.0,0.0,0.0,36909.0999997434,0.0,1051.199999999907,0.0,20574.54999984085,0.0,0.0,0.0,0.0,0.0,0.0,0.0,4114.910000000006,0.0,205745.5,0.0,74.0,0.0,209860.41000000064,0.0,0.0,0.0,497544.70620013407
585,2021-08-08,2021,False,101.6,992,0,1074,350103.81898941874,0.0,42400,47,0.0,,,0.16032903638207066,0.13488798861072535,0.3836472553202913,0.9673135080645162,0.07673283343758003,537610.2962001356,0,False,False,True,"{""0"":null,""1"":null,""2"":null,""3"":null}",992.0,581057.0,0.0,411491.0,0.0,411491.0,0.0,350103.81898941874,0.0,0.0,0.0,0.0,497544.70620013407,0.0,12.14483663520646,0.0,1660.0,0.0,0.0,0.0,36909.0999997434,0.0,1051.199999999907,0.0,20574.54999984085,0.0,0.0,0.0,0.0,0.0,0.0,0.0,4114.910000000006,0.0,205745.5,0.0,74.0,0.0,209860.41000000064,0.0,0.0,0.0,497544.70620013407
586,2021-08-09,2021,True,101.6027397260274,991,991,1074,350947.7239986138,1647.8318222885487,43382,17,0.0,0.8324857973096513,0.16110022624962098,0.16008183271334853,0.1344830123015208,0.3833991630586562,0.9664026236125126,0.10600988959874182,538752.7180224241,0,False,False,True,"{""0"":null,""1"":null,""2"":null,""3"":null}",991.0,582048.0,991.0,412482.0,991.0,412482.0,843.9050091950339,350947.7239986138,843.9050091950339,0.0,0.0,1647.8318222885719,499192.53802242264,0.0,12.14483663520646,4.0,1664.0,0.0,0.0,89.09999999870342,36998.1999997421,7.050000000004275,1058.2499999999113,49.54999999927895,20624.099999840128,0.0,0.0,0.0,0.0,0.0,0.0,9.909999999999854,4124.820000000006,495.5,206241.0,0.0,74.0,505.4100000000035,210365.82000000065,0.0,0.0,1647.8318222885719,499192.53802242264
587,2021-08-10,2021,True,101.6054794520548,991,991,1074,351791.6290078088,1586.9997502008994,43433,36,0.13720386789000594,0.8395585738539898,0.16750285727614117,0.1600113600301585,0.13449854719933876,0.3833991630586562,0.9664429868819374,0.13324051597102307,539834.307772625,0,False,False,True,"{""0"":null,""1"":null,""2"":null,""3"":null}",991.0,583039.0,991.0,413473.0,991.0,413473.0,843.9050091950339,351791.6290078088,843.9050091950339,0.0,0.0,1586.9997502008919,500779.53777262353,0.1372038678900065,12.282040503096466,4.0,1668.0,0.0,0.0,89.09999999870342,37087.299999740804,0.0,1058.2499999999113,49.54999999927895,20673.649999839407,0.0,0.0,0.0,0.0,0.0,0.0,9.909999999999854,4134.730000000006,495.5,206736.5,0.0,74.0,505.4100000000035,210871.23000000065,0.0,0.0,1586.9997502008919,500779.53777262353
588,2021-08-11,2021,True,101.6082191780822,991,991,1074,352635.53401700384,1489.3473387575589,43539,46,0.0,0.8072841844064255,0.1807495393371119,0.16001330627807273,0.13460530133350693,0.3833991630586562,0.9662411705348133,0.158571689264471,540818.2451113826,0,False,False,True,"{""0"":null,""1"":null,""2"":null,""3"":null}",991.0,584030.0,991.0,414464.0,991.0,414464.0,843.9050091950339,352635.53401700384,843.9050091950339,0.0,0.0,1489.347338757536,502268.88511138107,0.0,12.282040503096466,4.0,1672.0,0.0,0.0,89.09999999870342,37176.39999973951,0.0,1058.2499999999113,49.54999999927895,20723.199999838685,0.0,0.0,0.0,0.0,0.0,0.0,9.909999999999854,4144.640000000006,495.5,207232.0,0.0,74.0,505.4100000000035,211376.64000000065,0.0,0.0,1489.347338757536,502268.88511138107
589,2021-08-12,2021,True,101.6109589041096,991,991,1074,353479.4390261989,1468.8294209744954,43653,53,0.0,0.8234458665273605,0.17370431273762044,0.16000651858751413,0.13469093165815135,0.3833991630586562,0.9661957618567104,0.18200382483058514,541781.664532357,0,False,False,True,"{""0"":null,""1"":null,""2"":null,""3"":null}",991.0,585021.0,991.0,415455.0,991.0,415455.0,843.9050091950339,353479.4390261989,843.9050091950339,0.0,0.0,1468.8294209744781,503737.71453235555,0.0,12.282040503096466,4.0,1676.0,0.0,0.0,89.09999999870342,37265.49999973821,2.550000000001546,1060.7999999999129,49.54999999927895,20772.749999837964,0.0,0.0,0.0,0.0,0.0,0.0,9.909999999999854,4154.550000000006,495.5,207727.5,0.0,74.0,505.4100000000035,211882.05000000066,0.0,0.0,1468.8294209744781,503737.71453235555
590,2021-08-13,2021,True,101.61369863013698,991,991,1074,354323.3440353939,1398.452980259038,43761,51,0.0,0.8324653911453572,0.1606488932428335,0.1600266705440736,0.13477042066386993,0.3833991630586562,0.9663622603430878,0.20363788763617596,542674.7075126161,0,False,False,True,"{""0"":null,""1"":null,""2"":null,""3"":null}",991.0,586012.0,991.0,416446.0,991.0,416446.0,843.9050091950339,354323.3440353939,843.9050091950339,0.0,0.0,1398.452980259026,505136.1675126146,0.0,12.282040503096466,4.0,1680.0,0.0,0.0,89.09999999870342,37354.599999736914,2.850000000001728,1063.6499999999146,49.54999999927895,20822.299999837243,0.0,0.0,0.0,0.0,0.0,0.0,9.909999999999854,4164.4600000000055,495.5,208223.0,0.0,74.0,505.4100000000035,212387.46000000066,0.0,0.0,1398.452980259026,505136.1675126146
591,2021-08-14,2021,False,101.61643835616438,991,0,1074,354323.3440353939,0.0,42900,51,0.0,,,0.16007553718294473,0.13484509845937903,0.3833991630586562,0.9673309788092835,0.1270339759759934,542674.7075126161,0,False,False,True,"{""0"":null,""1"":null,""2"":null,""3"":null}",991.0,587003.0,0.0,416446.0,0.0,416446.0,0.0,354323.3440353939,0.0,0.0,0.0,0.0,505136.1675126146,0.0,12.282040503096466,0.0,1680.0,0.0,0.0,0.0,37354.599999736914,0.0,1063.6499999999146,0.0,20822.299999837243,0.0,0.0,0.0,0.0,0.0,0.0,0.0,4164.4600000000055,0.0,208223.0,0.0,74.0,0.0,212387.46000000066,0.0,0.0,0.0,505136.1675126146
592,2021-08-15,2021,False,101.61917808219178,991,0,1074,354323.3440353939,0.0,42900,51,0.0,,,0.1600755371829447,0.13484509845937903,0.3833991630586562,0.9673309788092835,0.07716053519614917,542674.7075126161,0,False,False,True,"{""0"":null,""1"":null,""2"":null,""3"":null}",991.0,587994.0,0.0,416446.0,0.0,416446.0,0.0,354323.3440353939,0.0,0.0,0.0,0.0,505136.1675126146,0.0,12.282040503096466,0.0,1680.0,0.0,0.0,0.0,37354.599999736914,0.0,1063.6499999999146,0.0,20822.299999837243,0.0,0.0,0.0,0.0,0.0,0.0,0.0,4164.4600000000055,0.0,208223.0,0.0,74.0,0.0,212387.46000000066,0.0,0.0,0.0,505136.1675126146
593,2021-08-16,2021,True,101.62191780821918,991,991,1074,355167.24904458894,1666.5403995828765,43894,18,0.0,0.8436194005485177,0.1467969351340004,0.16007553718294473,0.134845098459379,0.3833991630586562,0.9664682139253279,0.10642874898726119,543835.8379121989,0,False,False,True,"{""0"":null,""1"":null,""2"":null,""3"":null}",991.0,588985.0,991.0,417437.0,991.0,417437.0,843.9050091950339,355167.24904458894,843.9050091950339,0.0,0.0,1666.540399582882,506802.70791219745,0.0,12.282040503096466,4.0,1684.0,0.0,0.0,89.09999999870342,37443.69999973562,7.650000000004638,1071.2999999999192,49.54999999927895,20871.849999836522,0.0,0.0,0.0,0.0,0.0,0.0,9.909999999999854,4174.370000000005,495.5,208718.5,0.0,74.0,505.4100000000035,212892.87000000066,0.0,0.0,1666.540399582882,506802.70791219745
594,2021-08-17,2021,True,101.62465753424658,991,991,1074,356011.154053784,1580.979201719323,43942,26,0.0,0.8335142679900744,0.1686457677326056,0.1600944289059826,0.13494335686587583,0.3833991630586562,0.9670383451059537,0.1337552122623902,544911.4071139181,0,False,False,True,"{""0"":null,""1"":null,""2"":null,""3"":null}",991.0,589976.0,991.0,418428.0,991.0,418428.0,843.9050091950339,356011.154053784,843.9050091950339,0.0,0.0,1580.9792017193395,508383.6871139168,0.0,12.282040503096466,4.0,1688.0,0.0,0.0,89.09999999870342,37532.79999973432,0.0,1071.2999999999192,49.54999999927895,20921.3999998358,0.0,0.0,0.0,0.0,0.0,0.0,9.909999999999854,4184.280000000005,495.5,209214.0,0.0,74.0,505.4100000000035,213398.28000000067,0.0,0.0,1580.9792017193395,508383.6871139168
595,2021-08-18,2021,True,101.62739726027397,991,991,1074,356855.059062979,1494.0877765889086,44032,45,0.0,0.8304900744416873,0.17424661208686124,0.16008929909206268,0.13504936380310253,0.3833991630586562,0.9667860746720485,0.1591779025310438,545900.0848905069,0,False,False,True,"{""0"":null,""1"":null,""2"":null,""3"":null}",991.0,590967.0,991.0,419419.0,991.0,419419.0,843.9050091950339,356855.059062979,843.9050091950339,0.0,0.0,1494.0877765889163,509877.7748905057,0.0,12.282040503096466,4.0,1692.0,0.0,0.0,89.09999999870342,37621.899999733025,0.0,1071.2999999999192,49.54999999927895,20970.94999983508,0.0,0.0,0.0,0.0,0.0,0.0,9.909999999999854,4194.190000000005,495.5,209709.5,0.0,74.0,505.4100000000035,213903.69000000067,0.0,0.0,1494.0877765889163,509877.7748905057
596,2021-08-19,2021,True,101.63013698630137,991,991,1074,357698.96407217404,1440.7797939871436,44156,47,0.07885471495958125,0.8334816181272039,0.1557238821635995,0.16011728414891677,0.13510076141831592,0.3833991630586562,0.9665893037336024,0.18263304741131503,546835.4546844941,0,False,False,True,"{""0"":null,""1"":null,""2"":null,""3"":null}",991.0,591958.0,991.0,420410.0,991.0,420410.0,843.9050091950339,357698.96407217404,843.9050091950339,0.0,0.0,1440.779793987167,511318.5546844929,0.07885471495958107,12.360895218056047,4.0,1696.0,0.0,0.0,89.09999999870342,37710.99999973173,2.700000000001637,1073.9999999999209,49.54999999927895,21020.49999983436,0.0,0.0,0.0,0.0,0.0,0.0,9.909999999999854,4204.100000000005,495.5,210205.0,0.0,74.0,505.4100000000035,214409.10000000068,0.0,0.0,1440.779793987167,511318.5546844929
597,2021-08-20,2021,True,101.63287671232877,991,991,1074,358542.8690813691,1377.4863619998885,44242,57,0.041963123434434424,0.8173729920334335,0.1826172649453036,0.16008818043103665,0.1351494320711573,0.3833991630586562,0.9664328960645813,0.20416366543757497,547707.5310464939,0,False,False,True,"{""0"":null,""1"":null,""2"":null,""3"":null}",991.0,592949.0,991.0,421401.0,991.0,421401.0,843.9050091950339,358542.8690813691,843.9050091950339,0.0,0.0,1377.4863619998796,512696.04104649276,0.04196312343443509,12.402858341490482,4.0,1700.0,0.0,0.0,89.09999999870342,37800.09999973043,1.2000000000007276,1075.1999999999216,49.54999999927895,21070.049999833638,0.0,0.0,0.0,0.0,0.0,0.0,9.909999999999854,4214.010000000005,495.5,210700.5,0.0,74.0,505.4100000000035,214914.51000000068,0.0,0.0,1377.4863619998796,512696.04104649276
598,2021-08-21,2021,False,101.63561643835617,990,0,1074,358542.8690813691,0.0,43400,57,0.0,,,0.160057487317232,0.13524228080687928,0.38346499278397894,0.9675858585858585,0.12766521420035284,547707.5310464939,0,False,False,True,"{""0"":null,""1"":null,""2"":null,""3"":null}",990.0,593939.0,0.0,421401.0,0.0,421401.0,0.0,358542.8690813691,0.0,0.0,0.0,0.0,512696.04104649276,0.0,12.402858341490482,0.0,1700.0,0.0,0.0,0.0,37800.09999973043,0.0,1075.1999999999216,0.0,21070.049999833638,0.0,0.0,0.0,0.0,0.0,0.0,0.0,4214.010000000005,0.0,210700.5,0.0,74.0,0.0,214914.51000000068,0.0,0.0,0.0,512696.04104649276
599,2021-08-22,2021,False,101.63835616438357,990,0,1074,358542.8690813691,0.0,43400,57,0.0,,,0.16005748731723196,0.13524228080687928,0.38346499278397894,0.9675858585858585,0.07766407384316189,547707.5310464939,0,False,False,True,"{""0"":null,""1"":null,""2"":null,""3"":null}",990.0,594929.0,0.0,421401.0,0.0,421401.0,0.0,358542.8690813691,0.0,0.0,0.0,0.0,512696.04104649276,0.0,12.402858341490482,0.0,1700.0,0.0,0.0,0.0,37800.09999973043,0.0,1075.1999999999216,0.0,21070.049999833638,0.0,0.0,0.0,0.0,0.0,0.0,0.0,4214.010000000005,0.0,210700.5,0.0,74.0,0.0,214914.51000000068,0.0,0.0,0.0,512696.04104649276
600,2021-08-23,2021,True,101.64109589041095,989,989,1074,359385.07374173775,1698.1199501401634,44401,12,0.0,0.857531527026123,0.13734921973797232,0.16010321217621096,0.1352827544237448,0.38345439458923236,0.9668200202224468,0.1066476980958318,548901.260996634,0,False,False,True,"{""0"":null,""1"":null,""2"":null,""3"":null}",989.0,595918.0,989.0,422390.0,989.0,422390.0,842.2046603686758,359385.07374173775,842.2046603686758,0.0,0.0,1698.1199501401861,514394.16099663294,0.0,12.402858341490482,4.0,1704.0,0.0,0.0,88.89999999870633,37888.99999972914,8.550000000005184,1083.7499999999268,49.44999999928041,21119.49999983292,0.0,0.0,0.0,0.0,0.0,0.0,9.890000000000327,4223.900000000005,494.5,211195.0,0.0,74.0,504.39000000001397,215418.9000000007,0.0,0.0,1698.1199501401861,514394.16099663294
601,2021-08-24,2021,True,101.64383561643835,988,988,1074,360226.46434440196,1589.8447757005256,44423,33,0.0,0.8461954414128195,0.1459943017953808,0.16037892145703508,0.1356431679676457,0.38365129447890983,0.9669534412955466,0.13397607990853255,549987.2257723345,0,False,False,True,"{""0"":null,""1"":null,""2"":null,""3"":null}",988.0,596906.0,988.0,423378.0,988.0,423378.0,841.3906026642071,360226.46434440196,841.3906026642071,0.0,0.0,1589.8447757005342,515984.0057723335,0.0,12.402858341490482,4.0,1708.0,0.0,0.0,88.79999999870779,37977.799999727846,0.0,1083.7499999999268,49.399999999281135,21168.8999998322,0.0,0.0,0.0,0.0,0.0,0.0,9.88000000000011,4233.780000000005,494.0,211689.0,0.0,74.0,503.88000000000466,215922.7800000007,0.0,0.0,1589.8447757005342,515984.0057723335
602,2021-08-25,2021,True,101.64657534246575,988,988,1074,361067.85494706617,1475.403731241724,44528,58,0.0,0.8158141443203898,0.18066078069309405,0.16042058577222673,0.1357284785589981,0.38365129447890983,0.9666447368421052,0.15925542314113,550958.7495035762,0,False,False,True,"{""0"":null,""1"":null,""2"":null,""3"":null}",988.0,597894.0,988.0,424366.0,988.0,424366.0,841.3906026642071,361067.85494706617,841.3906026642071,0.0,0.0,1475.4037312417058,517459.4095035752,0.0,12.402858341490482,4.0,1712.0,0.0,0.0,88.79999999870779,38066.59999972655,0.0,1083.7499999999268,49.399999999281135,21218.29999983148,0.0,0.0,0.0,0.0,0.0,0.0,9.88000000000011,4243.660000000005,494.0,212183.0,0.0,74.0,503.88000000000466,216426.6600000007,0.0,0.0,1475.4037312417058,517459.4095035752
603,2021-08-26,2021,True,101.64931506849315,988,988,1074,361909.2455497304,1421.7777281887668,44647,60,0.0,0.8270095657434974,0.17163191158572638,0.16045773623713327,0.13580922017526142,0.38365129447890983,0.9664018218623481,0.1826693402822124,551876.647231765,0,False,False,True,"{""0"":null,""1"":null,""2"":null,""3"":null}",988.0,598882.0,988.0,425354.0,988.0,425354.0,841.3906026642071,361909.2455497304,841.3906026642071,0.0,0.0,1421.777728188783,518881.18723176396,0.0,12.402858341490482,4.0,1716.0,0.0,0.0,88.79999999870779,38155.39999972526,1.8000000000010914,1085.5499999999279,49.399999999281135,21267.699999830762,0.0,0.0,0.0,0.0,0.0,0.0,9.88000000000011,4253.540000000005,494.0,212677.0,0.0,74.0,503.88000000000466,216930.5400000007,0.0,0.0,1421.777728188783,518881.18723176396
604,2021-08-27,2021,True,101.65205479452055,988,988,1074,362750.6361523946,1348.4242184879884,44769,54,0.3889709743121492,0.7965454446111734,0.2068820529853736,0.1604266279112136,0.1358850407827523,0.38365129447890983,0.9666902834008098,0.20420777971204015,552721.191450253,0,False,False,True,"{""0"":null,""1"":null,""2"":null,""3"":null}",988.0,599870.0,988.0,426342.0,988.0,426342.0,841.3906026642071,362750.6361523946,841.3906026642071,0.0,0.0,1348.424218487984,520229.61145025195,0.38897097431214966,12.791829315802632,4.0,1720.0,0.0,0.0,88.79999999870779,38244.19999972397,3.15000000000191,1088.6999999999298,49.399999999281135,21317.099999830043,0.0,0.0,0.0,0.0,0.0,0.0,9.88000000000011,4263.4200000000055,494.0,213171.0,0.0,74.0,503.88000000000466,217434.4200000007,0.0,0.0,1348.424218487984,520229.61145025195
605,2021-08-28,2021,False,101.65479452054794,989,0,1075,362750.6361523946,0.0,43900,54,0.0,,,0.1605361535440909,0.1355349299775818,0.383899386740545,0.967633973710819,0.12736792534902888,552720.191450253,0,False,False,True,"{""0"":null,""1"":null,""2"":null,""3"":null}",989.0,600859.0,0.0,426342.0,0.0,426342.0,0.0,362750.6361523946,0.0,0.0,0.0,0.0,520229.61145025195,0.0,12.791829315802632,0.0,1720.0,0.0,0.0,0.0,38244.19999972397,0.0,1088.6999999999298,0.0,21317.099999830043,0.0,0.0,0.0,0.0,0.0,0.0,0.0,4263.4200000000055,0.0,213171.0,1.0,75.0,0.0,217434.4200000007,0.0,0.0,0.0,520229.61145025195
606,2021-08-29,2021,False,101.65753424657534,989,0,1075,362750.6361523946,0.0,43900,54,0.0,,,0.16053615354409093,0.13553492997758182,0.383899386740545,0.967633973710819,0.07727714143573776,552720.191450253,0,False,False,True,"{""0"":null,""1"":null,""2"":null,""3"":null}",989.0,601848.0,0.0,426342.0,0.0,426342.0,0.0,362750.6361523946,0.0,0.0,0.0,0.0,520229.61145025195,0.0,12.791829315802632,0.0,1720.0,0.0,0.0,0.0,38244.19999972397,0.0,1088.6999999999298,0.0,21317.099999830043,0.0,0.0,0.0,0.0,0.0,0.0,0.0,4263.4200000000055,0.0,213171.0,0.0,75.0,0.0,217434.4200000007,0.0,0.0,0.0,520229.61145025195
607,2021-08-30,2021,True,101.66027397260274,989,989,1075,363592.8949737127,1670.0426224595437,44882,23,0.12276795221287304,0.8261837782989696,0.16986217799532372,0.1605361535440909,0.1355349299775818,0.383899386740545,0.966587462082912,0.1064445616619247,553885.8440727126,0,False,False,True,"{""0"":null,""1"":null,""2"":null,""3"":null}",989.0,602837.0,989.0,427331.0,989.0,427331.0,842.2588213181007,363592.8949737127,842.2588213181007,0.0,0.0,1670.0426224595285,521899.6540727115,0.12276795221287351,12.914597268015505,4.0,1724.0,0.0,0.0,88.89999999870633,38333.099999722675,8.100000000004911,1096.7999999999347,49.44999999928041,21366.549999829323,0.0,0.0,0.0,0.0,0.0,0.0,9.890000000000327,4273.310000000006,494.5,213665.5,0.0,75.0,504.39000000001397,217938.81000000073,0.0,0.0,1670.0426224595285,521899.6540727115
608,2021-08-31,2021,True,101.66301369863014,989,989,1075,364435.1537950308,1622.5206007085094,44936,38,0.0,0.8383335773442953,0.15007299587898362,0.1605232246154242,0.13558264069766784,0.383899386740545,0.9670323559150658,0.13368116530326826,555003.9746734211,0,False,False,True,"{""0"":null,""1"":null,""2"":null,""3"":null}",989.0,603826.0,989.0,428320.0,989.0,428320.0,842.2588213181007,364435.1537950308,842.2588213181007,0.0,0.0,1622.5206007084926,523522.17467341997,0.0,12.914597268015505,4.0,1728.0,0.0,0.0,88.89999999870633,38421.99999972138,0.0,1096.7999999999347,49.44999999928041,21415.999999828604,0.0,0.0,0.0,0.0,0.0,0.0,9.890000000000327,4283.200000000006,494.5,214160.0,0.0,75.0,504.39000000001397,218443.20000000074,0.0,0.0,1622.5206007084926,523522.17467341997
609,2021-09-01,2021,True,101.66575342465754,988,988,1075,365276.65976835025,1529.8629184248575,45035,58,0.0,0.831977067295499,0.15851567694786228,0.1606076475514422,0.1356793121242269,0.38388878854579833,0.9667763157894737,0.15913072136490367,556029.957591846,0,False,False,True,"{""0"":null,""1"":null,""2"":null,""3"":null}",988.0,604814.0,988.0,429308.0,988.0,429308.0,841.5059733194648,365276.65976835025,841.5059733194648,0.0,0.0,1529.8629184248275,525052.0375918448,0.0,12.914597268015505,4.0,1732.0,0.0,0.0,88.79999999870779,38510.79999972009,0.0,1096.7999999999347,49.399999999281135,21465.399999827885,0.0,0.0,0.0,0.0,0.0,0.0,9.88000000000011,4293.080000000006,494.0,214654.0,0.0,75.0,503.88000000000466,218947.08000000074,0.0,0.0,1529.8629184248275,525052.0375918448
610,2021-09-02,2021,True,101.66849315068494,988,988,1075,366118.1657416697,1454.8183715674672,45171,52,0.0,0.8340794043722538,0.18038910639834632,0.16051432459048517,0.13573851247885116,0.38388878854579833,0.9670091093117409,0.18246682351131485,556980.8959634134,0,False,False,True,"{""0"":null,""1"":null,""2"":null,""3"":null}",988.0,605802.0,988.0,430296.0,988.0,430296.0,841.5059733194648,366118.1657416697,841.5059733194648,0.0,0.0,1454.8183715674095,526506.8559634122,0.0,12.914597268015505,4.0,1736.0,0.0,0.0,88.79999999870779,38599.5999997188,3.450000000002092,1100.2499999999368,49.399999999281135,21514.799999827166,0.0,0.0,0.0,0.0,0.0,0.0,9.88000000000011,4302.960000000006,494.0,215148.0,0.0,75.0,503.88000000000466,219450.96000000075,0.0,0.0,1454.8183715674095,526506.8559634122
611,2021-09-03,2021,True,101.67123287671232,988,988,1075,366959.6717149892,1383.8812256199617,45267,52,0.003209137470073718,0.8086643008231322,0.19210445928181008,0.16051117049286867,0.13589966988339125,0.38388878854579833,0.9676012145748988,0.20406067450764825,557860.8971890333,0,False,False,True,"{""0"":null,""1"":null,""2"":null,""3"":null}",988.0,606790.0,988.0,431284.0,988.0,431284.0,841.5059733194648,366959.6717149892,841.5059733194648,0.0,0.0,1383.8812256199308,527890.7371890321,0.0032091374700744524,12.91780640548558,4.0,1740.0,0.0,0.0,88.79999999870779,38688.399999717505,2.2500000000013642,1102.4999999999382,49.399999999281135,21564.199999826447,0.0,0.0,0.0,0.0,0.0,0.0,9.88000000000011,4312.8400000000065,494.0,215642.0,0.0,75.0,503.88000000000466,219954.84000000075,0.0,0.0,1383.8812256199308,527890.7371890321
612,2021-09-04,2021,False,101.67397260273972,988,0,1075,366959.6717149892,0.0,44400,52,0.0,,,0.16049861835654708,0.13596635120941136,0.38388878854579833,0.9683400809716599,0.12723791252817399,557860.8971890333,0,False,False,True,"{""0"":null,""1"":null,""2"":null,""3"":null}",988.0,607778.0,0.0,431284.0,0.0,431284.0,0.0,366959.6717149892,0.0,0.0,0.0,0.0,527890.7371890321,0.0,12.91780640548558,0.0,1740.0,0.0,0.0,0.0,38688.399999717505,0.0,1102.4999999999382,0.0,21564.199999826447,0.0,0.0,0.0,0.0,0.0,0.0,0.0,4312.8400000000065,0.0,215642.0,0.0,75.0,0.0,219954.84000000075,0.0,0.0,0.0,527890.7371890321
613,2021-09-05,2021,False,101.67671232876712,988,0,1075,366959.6717149892,0.0,44400,52,0.0,,,0.16049861835654705,0.13596635120941136,0.38388878854579833,0.9683400809716599,0.0770732174731914,557860.8971890333,0,False,False,True,"{""0"":null,""1"":null,""2"":null,""3"":null}",988.0,608766.0,0.0,431284.0,0.0,431284.0,0.0,366959.6717149892,0.0,0.0,0.0,0.0,527890.7371890321,0.0,12.91780640548558,0.0,1740.0,0.0,0.0,0.0,38688.399999717505,0.0,1102.4999999999382,0.0,21564.199999826447,0.0,0.0,0.0,0.0,0.0,0.0,0.0,4312.8400000000065,0.0,215642.0,0.0,75.0,0.0,219954.84000000075,0.0,0.0,0.0,527890.7371890321
614,2021-09-06,2021,True,101.67945205479452,988,988,1075,367801.17768830864,1727.8017555107704,45391,19,0.0,0.8320995098910713,0.17947726887153814,0.16049861835654705,0.1359663512094114,0.38388878854579833,0.9674949392712551,0.10624549139721526,559084.8189445441,0,False,False,True,"{""0"":null,""1"":null,""2"":null,""3"":null}",988.0,609754.0,988.0,432272.0,988.0,432272.0,841.5059733194648,367801.17768830864,841.5059733194648,0.0,0.0,1727.8017555107363,529618.5389445429,0.0,12.91780640548558,4.0,1744.0,0.0,0.0,88.79999999870779,38777.19999971621,7.800000000004729,1110.2999999999429,49.399999999281135,21613.59999982573,0.0,0.0,0.0,0.0,0.0,0.0,9.88000000000011,4322.720000000007,494.0,216136.0,0.0,75.0,503.88000000000466,220458.72000000076,0.0,0.0,1727.8017555107363,529618.5389445429
615,2021-09-07,2021,True,101.68219178082192,989,989,1076,368643.678149306,1613.6140687142195,45446,38,0.20512674043186227,0.8291791377582517,0.1694018373974741,0.160348111174423,0.13529063992648765,0.383899386740545,0.9674570273003034,0.1334578226211541,560193.0430132583,0,False,False,True,"{""0"":null,""1"":null,""2"":null,""3"":null}",989.0,610743.0,989.0,433261.0,989.0,433261.0,842.5004609973403,368643.678149306,842.5004609973403,0.0,0.0,1613.6140687142033,531232.1530132571,0.20512674043186152,13.122933145917441,4.0,1748.0,0.0,0.0,88.89999999870633,38866.09999971492,0.0,1110.2999999999429,49.44999999928041,21663.04999982501,0.0,0.0,0.0,0.0,0.0,0.0,9.890000000000327,4332.610000000007,494.5,216630.5,1.0,76.0,504.39000000001397,220963.11000000077,0.0,0.0,1613.6140687142033,531232.1530132571
616,2021-09-08,2021,True,101.68493150684931,989,989,1077,369486.30801054154,1514.7321290649365,45551,53,0.07345057979879006,0.833155369112088,0.1574493272971955,0.16035118185059755,0.13477982616988962,0.3841368808074335,0.9671536905965622,0.15883945986453765,561202.3851423232,0,False,False,True,"{""0"":null,""1"":null,""2"":null,""3"":null}",989.0,611732.0,989.0,434250.0,989.0,434250.0,842.6298612355604,369486.30801054154,842.6298612355604,0.0,0.0,1514.7321290649706,532746.885142322,0.07345057979878966,13.196383725716231,4.0,1752.0,0.0,0.0,88.89999999870633,38954.999999713626,0.0,1110.2999999999429,49.44999999928041,21712.49999982429,0.0,0.0,0.0,0.0,0.0,0.0,9.890000000000327,4342.500000000007,494.5,217125.0,1.0,77.0,504.39000000001397,221467.5000000008,0.0,0.0,1514.7321290649706,532746.885142322
617,2021-09-09,2021,True,101.68767123287671,989,989,1077,370328.9378717771,1481.220732306521,45666,55,0.0,0.8119114586769177,0.18780930736888604,0.16033141283419702,0.1348779295490959,0.3841368808074335,0.9672143579373105,0.18226380557239635,562179.2158746297,0,False,False,True,"{""0"":null,""1"":null,""2"":null,""3"":null}",989.0,612721.0,989.0,435239.0,989.0,435239.0,842.6298612355604,370328.9378717771,842.6298612355604,0.0,0.0,1481.2207323064795,534228.1058746285,0.0,13.196383725716231,4.0,1756.0,0.0,0.0,88.89999999870633,39043.89999971233,2.850000000001728,1113.1499999999446,49.44999999928041,21761.94999982357,0.0,0.0,0.0,0.0,0.0,0.0,9.890000000000327,4352.390000000008,494.5,217619.5,0.0,77.0,504.39000000001397,221971.8900000008,0.0,0.0,1481.2207323064795,534228.1058746285
618,2021-09-10,2021,True,101.69041095890411,989,989,1077,371171.56773301266,1394.34921172433,45759,52,0.0,0.8180088197488811,0.19067334544761916,0.16035052793148727,0.13502199207664323,0.3841368808074335,0.967087967644085,0.20389158508049715,563069.175086354,0,False,False,True,"{""0"":null,""1"":null,""2"":null,""3"":null}",989.0,613710.0,989.0,436228.0,989.0,436228.0,842.6298612355604,371171.56773301266,842.6298612355604,0.0,0.0,1394.3492117243586,535622.4550863529,0.0,13.196383725716231,4.0,1760.0,0.0,0.0,88.89999999870633,39132.79999971104,2.850000000001728,1115.9999999999463,49.44999999928041,21811.39999982285,0.0,0.0,0.0,0.0,0.0,0.0,9.890000000000327,4362.280000000008,494.5,218114.0,0.0,77.0,504.39000000001397,222476.2800000008,0.0,0.0,1394.3492117243586,535622.4550863529
619,2021-09-11,2021,False,101.69315068493151,990,0,1078,371171.56773301266,0.0,44900,52,0.0,,,0.1601032299282586,0.13418255829247083,0.383939980917756,0.9675757575757575,0.12687086867614306,563068.175086354,0,False,False,True,"{""0"":null,""1"":null,""2"":null,""3"":null}",990.0,614700.0,0.0,436228.0,0.0,436228.0,0.0,371171.56773301266,0.0,0.0,0.0,0.0,535622.4550863529,0.0,13.196383725716231,0.0,1760.0,0.0,0.0,0.0,39132.79999971104,0.0,1115.9999999999463,0.0,21811.39999982285,0.0,0.0,0.0,0.0,0.0,0.0,0.0,4362.280000000008,0.0,218114.0,1.0,78.0,0.0,222476.2800000008,0.0,0.0,0.0,535622.4550863529
620,2021-09-12,2021,False,101.69589041095891,990,0,1078,371171.56773301266,0.0,44900,52,0.0,,,0.1601032299282586,0.1341825582924708,0.383939980917756,0.9675757575757575,0.07670644342604716,563068.175086354,0,False,False,True,"{""0"":null,""1"":null,""2"":null,""3"":null}",990.0,615690.0,0.0,436228.0,0.0,436228.0,0.0,371171.56773301266,0.0,0.0,0.0,0.0,535622.4550863529,0.0,13.196383725716231,0.0,1760.0,0.0,0.0,0.0,39132.79999971104,0.0,1115.9999999999463,0.0,21811.39999982285,0.0,0.0,0.0,0.0,0.0,0.0,0.0,4362.280000000008,0.0,218114.0,0.0,78.0,0.0,222476.2800000008,0.0,0.0,0.0,535622.4550863529
621,2021-09-13,2021,True,101.6986301369863,990,990,1078,372014.9911193974,1699.208438436709,45905,15,0.0,0.8595846801841512,0.143215861859618,0.1601032299282586,0.1341825582924708,0.383939980917756,0.9669848484848486,0.10585506584925912,564262.4835247907,0,False,False,True,"{""0"":null,""1"":null,""2"":null,""3"":null}",990.0,616680.0,990.0,437218.0,990.0,437218.0,843.423386384733,372014.9911193974,843.423386384733,0.0,0.0,1699.2084384367336,537321.6635247896,0.0,13.196383725716231,4.0,1764.0,0.0,0.0,88.99999999870488,39221.79999970974,7.800000000004729,1123.799999999951,49.49999999927968,21860.89999982213,0.0,0.0,0.0,0.0,0.0,0.0,9.899999999999636,4372.180000000008,495.0,218609.0,0.0,78.0,504.8999999999942,222981.1800000008,0.0,0.0,1699.2084384367336,537321.6635247896
622,2021-09-14,2021,True,101.7013698630137,990,990,1078,372858.41450578213,1584.2536485013254,45949,28,0.27152111202919493,0.836480066607895,0.15839997898472893,0.16010255349789765,0.1342845934617859,0.383939980917756,0.9675505050505051,0.13320023347063473,565341.8371732921,0,False,False,True,"{""0"":null,""1"":null,""2"":null,""3"":null}",990.0,617670.0,990.0,438208.0,990.0,438208.0,843.423386384733,372858.41450578213,843.423386384733,0.0,0.0,1584.2536485013552,538905.917173291,0.2715211120291947,13.467904837745426,4.0,1768.0,0.0,0.0,88.99999999870488,39310.79999970845,0.0,1123.799999999951,49.49999999927968,21910.39999982141,0.0,0.0,0.0,0.0,0.0,0.0,9.899999999999636,4382.080000000007,495.0,219104.0,0.0,78.0,504.8999999999942,223486.0800000008,0.0,0.0,1584.2536485013552,538905.917173291
623,2021-09-15,2021,True,101.7041095890411,990,990,1078,373701.83789216686,1543.9977865174303,46048,45,0.0,0.8221912038397492,0.17016502825386448,0.16016122373609845,0.13441694425560963,0.383939980917756,0.9674040404040404,0.15857019963488583,566380.9349598095,0,False,False,True,"{""0"":null,""1"":null,""2"":null,""3"":null}",990.0,618660.0,990.0,439198.0,990.0,439198.0,843.423386384733,373701.83789216686,843.423386384733,0.0,0.0,1543.9977865174878,540449.9149598085,0.0,13.467904837745426,4.0,1772.0,0.0,0.0,88.99999999870488,39399.79999970715,0.0,1123.799999999951,49.49999999927968,21959.89999982069,0.0,0.0,0.0,0.0,0.0,0.0,9.899999999999636,4391.980000000007,495.0,219599.0,0.0,78.0,504.8999999999942,223990.9800000008,0.0,0.0,1543.9977865174878,540449.9149598085
624,2021-09-16,2021,True,101.7068493150685,990,990,1078,374545.2612785516,1472.908203109581,46158,51,0.0,0.8373371534920169,0.16174753654322138,0.16018032449291655,0.13451005320433637,0.383939980917756,0.9673181818181819,0.18200188794057695,567348.9431629191,0,False,False,True,"{""0"":null,""1"":null,""2"":null,""3"":null}",990.0,619650.0,990.0,440188.0,990.0,440188.0,843.423386384733,374545.2612785516,843.423386384733,0.0,0.0,1472.9082031096332,541922.8231629181,0.0,13.467904837745426,4.0,1776.0,0.0,0.0,88.99999999870488,39488.79999970586,2.2500000000013642,1126.0499999999524,49.49999999927968,22009.39999981997,0.0,0.0,0.0,0.0,0.0,0.0,9.899999999999636,4401.8800000000065,495.0,220094.0,0.0,78.0,504.8999999999942,224495.8800000008,0.0,0.0,1472.9082031096332,541922.8231629181
625,2021-09-17,2021,True,101.7095890410959,989,989,1078,375387.7325153037,1390.1439505076191,46257,59,0.0,0.8372162617618308,0.1630741892602074,0.160366309048195,0.13469390082502042,0.3841368808074335,0.9672143579373105,0.20361600464825988,568234.6971134268,0,False,False,True,"{""0"":null,""1"":null,""2"":null,""3"":null}",989.0,620639.0,989.0,441177.0,989.0,441177.0,842.4712367521133,375387.7325153037,842.4712367521133,0.0,0.0,1390.1439505076269,543312.9671134257,0.0,13.467904837745426,4.0,1780.0,0.0,0.0,88.89999999870633,39577.699999704564,1.9500000000011823,1127.9999999999536,49.44999999928041,22058.84999981925,0.0,0.0,0.0,0.0,0.0,0.0,9.890000000000327,4411.770000000007,494.5,220588.5,0.0,78.0,504.39000000001397,225000.2700000008,0.0,0.0,1390.1439505076269,543312.9671134257
626,2021-09-18,2021,False,101.71232876712328,989,0,1078,375387.7325153037,0.0,45400,59,0.0,,,0.16036021700563247,0.13479962229066797,0.3841368808074335,0.9679777553083924,0.1267632129508774,568234.6971134268,0,False,False,True,"{""0"":null,""1"":null,""2"":null,""3"":null}",989.0,621628.0,0.0,441177.0,0.0,441177.0,0.0,375387.7325153037,0.0,0.0,0.0,0.0,543312.9671134257,0.0,13.467904837745426,0.0,1780.0,0.0,0.0,0.0,39577.699999704564,0.0,1127.9999999999536,0.0,22058.84999981925,0.0,0.0,0.0,0.0,0.0,0.0,0.0,4411.770000000007,0.0,220588.5,0.0,78.0,0.0,225000.2700000008,0.0,0.0,0.0,543312.9671134257
627,2021-09-19,2021,False,101.71506849315068,990,0,1079,375387.7325153037,0.0,45400,59,0.0,,,0.1600296741960514,0.13383258124971256,0.383939980917756,0.9677070707070706,0.07660988154944962,568233.6971134268,0,False,False,True,"{""0"":null,""1"":null,""2"":null,""3"":null}",990.0,622618.0,0.0,441177.0,0.0,441177.0,0.0,375387.7325153037,0.0,0.0,0.0,0.0,543312.9671134257,0.0,13.467904837745426,0.0,1780.0,0.0,0.0,0.0,39577.699999704564,0.0,1127.9999999999536,0.0,22058.84999981925,0.0,0.0,0.0,0.0,0.0,0.0,0.0,4411.770000000007,0.0,220588.5,1.0,79.0,0.0,225000.2700000008,0.0,0.0,0.0,543312.9671134257
628,2021-09-20,2021,True,101.71780821917808,990,990,1079,376231.19792308053,1708.6811609126814,46411,10,0.0,0.8647516896855716,0.1314219165927241,0.1600296741960514,0.13383258124971256,0.383939980917756,0.9670757575757576,0.1059007082887015,569437.4782743395,0,False,False,True,"{""0"":null,""1"":null,""2"":null,""3"":null}",990.0,623608.0,990.0,442167.0,990.0,442167.0,843.4654077768209,376231.19792308053,843.4654077768209,0.0,0.0,1708.6811609127326,545021.6482743385,0.0,13.467904837745426,4.0,1784.0,0.0,0.0,88.99999999870488,39666.69999970327,8.850000000005366,1136.849999999959,49.49999999927968,22108.34999981853,0.0,0.0,0.0,0.0,0.0,0.0,9.899999999999636,4421.670000000006,495.0,221083.5,0.0,79.0,504.8999999999942,225505.1700000008,0.0,0.0,1708.6811609127326,545021.6482743385
629,2021-09-21,2021,True,101.72054794520548,990,990,1079,377074.66333085735,1609.4323116323953,46446,29,0.0,0.8444632187285728,0.1450441904450568,0.1599147792092601,0.13398304892541618,0.383939980917756,0.9673333333333333,0.1332153500059473,570542.0105859719,0,False,False,True,"{""0"":null,""1"":null,""2"":null,""3"":null}",990.0,624598.0,990.0,443157.0,990.0,443157.0,843.4654077768209,377074.66333085735,843.4654077768209,0.0,0.0,1609.4323116324376,546631.0805859709,0.0,13.467904837745426,4.0,1788.0,0.0,0.0,88.99999999870488,39755.699999701974,0.0,1136.849999999959,49.49999999927968,22157.84999981781,0.0,0.0,0.0,0.0,0.0,0.0,9.899999999999636,4431.570000000006,495.0,221578.5,0.0,79.0,504.8999999999942,226010.0700000008,0.0,0.0,1609.4323116324376,546631.0805859709
630,2021-09-22,2021,True,101.72328767123288,990,990,1079,377918.1287386342,1541.6739929960124,46549,45,0.09343295933498628,0.8041311587814673,0.19925600102741325,0.15994771233533064,0.1341179654502066,0.383939980917756,0.9672424242424243,0.15862637433316137,571578.7845789678,0,False,False,True,"{""0"":null,""1"":null,""2"":null,""3"":null}",990.0,625588.0,990.0,444147.0,990.0,444147.0,843.4654077768209,377918.1287386342,843.4654077768209,0.0,0.0,1541.6739929959876,548172.7545789669,0.09343295933498652,13.561337797080412,4.0,1792.0,0.0,0.0,88.99999999870488,39844.69999970068,0.0,1136.849999999959,49.49999999927968,22207.34999981709,0.0,0.0,0.0,0.0,0.0,0.0,9.899999999999636,4441.470000000006,495.0,222073.5,0.0,79.0,504.8999999999942,226514.9700000008,0.0,0.0,1541.6739929959876,548172.7545789669
631,2021-09-23,2021,True,101.72602739726027,991,991,1080,378762.5904648221,1462.379025168802,46651,53,0.0,0.8314736183799085,0.1620368719744012,0.1598443731805848,0.1334807962997026,0.38395057911250263,0.9668567103935418,0.18198933230962738,572534.7536041366,0,False,False,True,"{""0"":null,""1"":null,""2"":null,""3"":null}",991.0,626579.0,991.0,445138.0,991.0,445138.0,844.461726187903,378762.5904648221,844.461726187903,0.0,0.0,1462.3790251688333,549635.1336041357,0.0,13.561337797080412,4.0,1796.0,0.0,0.0,89.09999999870342,39933.79999969938,1.5000000000009095,1138.34999999996,49.54999999927895,22256.899999816367,0.0,0.0,0.0,0.0,0.0,0.0,9.909999999999854,4451.380000000006,495.5,222569.0,1.0,80.0,505.4100000000035,227020.3800000008,0.0,0.0,1462.3790251688333,549635.1336041357
632,2021-09-24,2021,True,101.72876712328767,991,991,1080,379607.05219101,1394.3279257086833,46751,59,0.023647691686083695,0.80534491079753,0.200031035386799,0.1598730747940701,0.13357532056777577,0.38395057911250263,0.9665741675075681,0.20363805349545078,573423.6715298453,0,False,False,True,"{""0"":null,""1"":null,""2"":null,""3"":null}",991.0,627570.0,991.0,446129.0,991.0,446129.0,844.461726187903,379607.05219101,844.461726187903,0.0,0.0,1394.327925708727,551029.4615298444,0.02364769168608305,13.584985488766495,4.0,1800.0,0.0,0.0,89.09999999870342,40022.899999698086,2.850000000001728,1141.1999999999616,49.54999999927895,22306.449999815646,0.0,0.0,0.0,0.0,0.0,0.0,9.909999999999854,4461.290000000005,495.5,223064.5,0.0,80.0,505.4100000000035,227525.7900000008,0.0,0.0,1394.327925708727,551029.4615298444
633,2021-09-25,2021,False,101.73150684931507,992,0,1081,379607.05219101,0.0,45900,59,0.0,,,0.15959048022717015,0.13283770374671333,0.3837568540522935,0.9670060483870968,0.1265468269770294,573422.6715298453,0,False,False,True,"{""0"":null,""1"":null,""2"":null,""3"":null}",992.0,628562.0,0.0,446129.0,0.0,446129.0,0.0,379607.05219101,0.0,0.0,0.0,0.0,551029.4615298444,0.0,13.584985488766495,0.0,1800.0,0.0,0.0,0.0,40022.899999698086,0.0,1141.1999999999616,0.0,22306.449999815646,0.0,0.0,0.0,0.0,0.0,0.0,0.0,4461.290000000005,0.0,223064.5,1.0,81.0,0.0,227525.7900000008,0.0,0.0,0.0,551029.4615298444
634,2021-09-26,2021,False,101.73424657534247,992,0,1081,379607.05219101,0.0,45900,59,0.0,,,0.15959048022717015,0.13283770374671333,0.3837568540522935,0.9670060483870968,0.07646948570293748,573422.6715298453,0,False,False,True,"{""0"":null,""1"":null,""2"":null,""3"":null}",992.0,629554.0,0.0,446129.0,0.0,446129.0,0.0,379607.05219101,0.0,0.0,0.0,0.0,551029.4615298444,0.0,13.584985488766495,0.0,1800.0,0.0,0.0,0.0,40022.899999698086,0.0,1141.1999999999616,0.0,22306.449999815646,0.0,0.0,0.0,0.0,0.0,0.0,0.0,4461.290000000005,0.0,223064.5,0.0,81.0,0.0,227525.7900000008,0.0,0.0,0.0,551029.4615298444
635,2021-09-27,2021,True,101.73698630136987,992,992,1081,380452.5113343506,1726.3476765298365,46901,18,0.0,0.8689997208147293,0.11537619258392125,0.15959048022717015,0.13283770374671333,0.3837568540522935,0.9662197580645161,0.10580656979002508,574643.0992063751,0,False,False,True,"{""0"":null,""1"":null,""2"":null,""3"":null}",992.0,630546.0,992.0,447121.0,992.0,447121.0,845.4591433406458,380452.5113343506,845.4591433406458,0.0,0.0,1726.347676529782,552755.8092063742,0.0,13.584985488766495,4.0,1804.0,0.0,0.0,89.19999999870197,40112.09999969679,8.850000000005366,1150.049999999967,49.599999999278225,22356.049999814924,0.0,0.0,0.0,0.0,0.0,0.0,9.920000000000073,4471.2100000000055,496.0,223560.5,0.0,81.0,505.9200000000128,228031.7100000008,0.0,0.0,1726.347676529782,552755.8092063742
636,2021-09-28,2021,True,101.73972602739725,993,993,1082,381298.77142873895,1653.562410411519,46953,34,0.0,0.8440257873599661,0.13818106760914206,0.15946894069013234,0.1321259634284561,0.3837674522470401,0.9665105740181269,0.13309160952766924,575789.2316167866,0,False,False,True,"{""0"":null,""1"":null,""2"":null,""3"":null}",993.0,631539.0,993.0,448114.0,993.0,448114.0,846.2600943883299,381298.77142873895,846.2600943883299,0.0,0.0,1653.5624104115414,554409.3716167858,0.0,13.584985488766495,4.0,1808.0,0.0,0.0,89.29999999870051,40201.39999969549,0.0,1150.049999999967,49.6499999992775,22405.699999814202,0.0,0.0,0.0,0.0,0.0,0.0,9.930000000000291,4481.140000000006,496.5,224057.0,1.0,82.0,506.429999999993,228538.1400000008,0.0,0.0,1653.5624104115414,554409.3716167858
637,2021-09-29,2021,True,101.74246575342465,993,993,1082,382145.0315231273,1545.8577591654696,47041,53,0.0,0.8269613352194202,0.16552781861688617,0.15952885420508786,0.1323117863633362,0.3837674522470401,0.9664904330312185,0.15844898568453306,576828.659375952,0,False,False,True,"{""0"":null,""1"":null,""2"":null,""3"":null}",993.0,632532.0,993.0,449107.0,993.0,449107.0,846.2600943883299,382145.0315231273,846.2600943883299,0.0,0.0,1545.8577591654612,555955.2293759512,0.0,13.584985488766495,4.0,1812.0,0.0,0.0,89.29999999870051,40290.69999969419,0.0,1150.049999999967,49.6499999992775,22455.34999981348,0.0,0.0,0.0,0.0,0.0,0.0,9.930000000000291,4491.070000000006,496.5,224553.5,0.0,82.0,506.429999999993,229044.5700000008,0.0,0.0,1545.8577591654612,555955.2293759512
638,2021-09-30,2021,True,101.74520547945205,993,993,1082,382991.2916175156,1466.4467861003977,47177,49,0.23776004601174516,0.7915808984927565,0.20113384132467507,0.1594353680515888,0.13237098188111884,0.3837674522470401,0.9664803625377644,0.1819341024809056,577788.6761620523,0,False,False,True,"{""0"":null,""1"":null,""2"":null,""3"":null}",993.0,633525.0,993.0,450100.0,993.0,450100.0,846.2600943883299,382991.2916175156,846.2600943883299,0.0,0.0,1466.446786100394,557421.6761620516,0.23776004601174527,13.82274553477824,4.0,1816.0,0.0,0.0,89.29999999870051,40379.99999969289,2.700000000001637,1152.7499999999686,49.6499999992775,22504.999999812757,0.0,0.0,0.0,0.0,0.0,0.0,9.930000000000291,4501.000000000006,496.5,225050.0,0.0,82.0,506.429999999993,229551.0000000008,0.0,0.0,1466.446786100394,557421.6761620516
639,2021-10-01,2021,True,101.74794520547945,993,993,1082,383837.55171190394,1314.0991147633501,47260,50,0.0,0.8187994244183211,0.17318589549593721,0.15946504708083759,0.1325214266775333,0.3837674522470401,0.9665558912386707,0.2035878259855672,578596.3452768156,0,False,False,True,"{""0"":null,""1"":null,""2"":null,""3"":null}",993.0,634518.0,993.0,451093.0,993.0,451093.0,846.2600943883299,383837.55171190394,846.2600943883299,0.0,0.0,1314.0991147633176,558735.7752768149,0.0,13.82274553477824,4.0,1820.0,0.0,0.0,89.29999999870051,40469.29999969159,2.400000000001455,1155.14999999997,49.6499999992775,22554.649999812034,0.0,0.0,0.0,0.0,0.0,0.0,9.930000000000291,4510.930000000007,496.5,225546.5,0.0,82.0,506.429999999993,230057.43000000078,0.0,0.0,1314.0991147633176,558735.7752768149
640,2021-10-02,2021,False,101.75068493150685,993,0,1082,383837.55171190394,0.0,46400,50,0.0,,,0.1594914043707861,0.13268105386461598,0.3837674522470401,0.9673212487411883,0.12672073337159892,578596.3452768156,0,False,False,True,"{""0"":null,""1"":null,""2"":null,""3"":null}",993.0,635511.0,0.0,451093.0,0.0,451093.0,0.0,383837.55171190394,0.0,0.0,0.0,0.0,558735.7752768149,0.0,13.82274553477824,0.0,1820.0,0.0,0.0,0.0,40469.29999969159,0.0,1155.14999999997,0.0,22554.649999812034,0.0,0.0,0.0,0.0,0.0,0.0,0.0,4510.930000000007,0.0,225546.5,0.0,82.0,0.0,230057.43000000078,0.0,0.0,0.0,558735.7752768149
641,2021-10-03,2021,False,101.75342465753425,993,0,1082,383837.55171190394,0.0,46400,50,0.0,,,0.15949140437078613,0.13268105386461598,0.3837674522470401,0.9673212487411883,0.07666801923703251,578596.3452768156,0,False,False,True,"{""0"":null,""1"":null,""2"":null,""3"":null}",993.0,636504.0,0.0,451093.0,0.0,451093.0,0.0,383837.55171190394,0.0,0.0,0.0,0.0,558735.7752768149,0.0,13.82274553477824,0.0,1820.0,0.0,0.0,0.0,40469.29999969159,0.0,1155.14999999997,0.0,22554.649999812034,0.0,0.0,0.0,0.0,0.0,0.0,0.0,4510.930000000007,0.0,225546.5,0.0,82.0,0.0,230057.43000000078,0.0,0.0,0.0,558735.7752768149
642,2021-10-04,2021,True,101.75616438356164,993,993,1082,384683.8118062923,1577.7601179903909,47406,13,0.0,0.8620012031933402,0.13241098938823057,0.1594914043707861,0.132681053864616,0.3837674522470401,0.9667270896273917,0.10592417888561206,579667.675394806,0,False,False,True,"{""0"":null,""1"":null,""2"":null,""3"":null}",993.0,637497.0,993.0,452086.0,993.0,452086.0,846.2600943883299,384683.8118062923,846.2600943883299,0.0,0.0,1577.7601179904304,560313.5353948054,0.0,13.82274553477824,4.0,1824.0,0.0,0.0,89.29999999870051,40558.59999969029,7.5000000000045475,1162.6499999999746,49.6499999992775,22604.299999811312,0.0,0.0,0.0,0.0,0.0,0.0,9.930000000000291,4520.860000000007,496.5,226043.0,0.0,82.0,506.429999999993,230563.86000000077,0.0,0.0,1577.7601179904304,560313.5353948054
643,2021-10-05,2021,True,101.75890410958904,993,993,1082,385530.0719006806,1504.7923829033818,47440,32,0.5793164047557882,0.852989155000569,0.15129739458705777,0.1594785861204145,0.13273998342197726,0.3837674522470401,0.9667573011077543,0.13326872204361617,580666.0377777093,0,False,False,True,"{""0"":null,""1"":null,""2"":null,""3"":null}",993.0,638490.0,993.0,453079.0,993.0,453079.0,846.2600943883299,385530.0719006806,846.2600943883299,0.0,0.0,1504.792382903397,561818.3277777088,0.5793164047557884,14.402061939534029,4.0,1828.0,0.0,0.0,89.29999999870051,40647.89999968899,0.0,1162.6499999999746,49.6499999992775,22653.94999981059,0.0,0.0,0.0,0.0,0.0,0.0,9.930000000000291,4530.790000000007,496.5,226539.5,0.0,82.0,506.429999999993,231070.29000000076,0.0,0.0,1504.792382903397,561818.3277777088
644,2021-10-06,2021,True,101.76164383561644,993,993,1082,386376.33199506893,1414.018901932261,47555,47,0.0,0.8017146968440564,0.18991332866684127,0.15948669701021534,0.13281403548846077,0.3837674522470401,0.9667522658610272,0.15857502307688523,581573.6266796415,0,False,False,True,"{""0"":null,""1"":null,""2"":null,""3"":null}",993.0,639483.0,993.0,454072.0,993.0,454072.0,846.2600943883299,386376.33199506893,846.2600943883299,0.0,0.0,1414.018901932286,563232.346679641,0.0,14.402061939534029,4.0,1832.0,0.0,0.0,89.29999999870051,40737.19999968769,0.0,1162.6499999999746,49.6499999992775,22703.599999809867,0.0,0.0,0.0,0.0,0.0,0.0,9.930000000000291,4540.7200000000075,496.5,227036.0,0.0,82.0,506.429999999993,231576.72000000076,0.0,0.0,1414.018901932286,563232.346679641
645,2021-10-07,2021,True,101.76438356164384,993,993,1082,387222.59208945726,1337.2658648047513,47665,49,0.0,0.8076046046534315,0.20169945745581755,0.1594897421668455,0.13291456178907496,0.3837674522470401,0.9668630412890232,0.1820293496879131,582404.4625444462,0,False,False,True,"{""0"":null,""1"":null,""2"":null,""3"":null}",993.0,640476.0,993.0,455065.0,993.0,455065.0,846.2600943883299,387222.59208945726,846.2600943883299,0.0,0.0,1337.2658648047363,564569.6125444458,0.0,14.402061939534029,4.0,1836.0,0.0,0.0,89.29999999870051,40826.49999968639,1.9500000000011823,1164.5999999999758,49.6499999992775,22753.249999809144,0.0,0.0,0.0,0.0,0.0,0.0,9.930000000000291,4550.650000000008,496.5,227532.5,0.0,82.0,506.429999999993,232083.15000000075,0.0,0.0,1337.2658648047363,564569.6125444458
646,2021-10-08,2021,True,101.76712328767124,993,993,1082,388068.8521838456,1244.8902243220675,47780,43,0.0,0.8347745475830447,0.1537682252633069,0.15952730639646964,0.13296519926468653,0.3837674522470401,0.9671752265861027,0.20366686976980816,583142.9227687683,0,False,False,True,"{""0"":null,""1"":null,""2"":null,""3"":null}",993.0,641469.0,993.0,456058.0,993.0,456058.0,846.2600943883299,388068.8521838456,846.2600943883299,0.0,0.0,1244.8902243220946,565814.5027687679,0.0,14.402061939534029,4.0,1840.0,0.0,0.0,89.29999999870051,40915.79999968509,2.850000000001728,1167.4499999999775,49.6499999992775,22802.899999808422,0.0,0.0,0.0,0.0,0.0,0.0,9.930000000000291,4560.580000000008,496.5,228029.0,0.0,82.0,506.429999999993,232589.58000000074,0.0,0.0,1244.8902243220946,565814.5027687679
647,2021-10-09,2021,False,101.76986301369863,993,0,1082,388068.8521838456,0.0,46900,43,0.0,,,0.15952716542866746,0.1331342921754476,0.3837674522470401,0.9677844914400806,0.12682321545418024,583142.9227687683,0,False,False,True,"{""0"":null,""1"":null,""2"":null,""3"":null}",993.0,642462.0,0.0,456058.0,0.0,456058.0,0.0,388068.8521838456,0.0,0.0,0.0,0.0,565814.5027687679,0.0,14.402061939534029,0.0,1840.0,0.0,0.0,0.0,40915.79999968509,0.0,1167.4499999999775,0.0,22802.899999808422,0.0,0.0,0.0,0.0,0.0,0.0,0.0,4560.580000000008,0.0,228029.0,0.0,82.0,0.0,232589.58000000074,0.0,0.0,0.0,565814.5027687679
648,2021-10-10,2021,False,101.77260273972603,993,0,1082,388068.8521838456,0.0,46900,43,0.0,,,0.15952716542866746,0.1331342921754476,0.3837674522470401,0.9677844914400806,0.07675940478732385,583142.9227687683,0,False,False,True,"{""0"":null,""1"":null,""2"":null,""3"":null}",993.0,643455.0,0.0,456058.0,0.0,456058.0,0.0,388068.8521838456,0.0,0.0,0.0,0.0,565814.5027687679,0.0,14.402061939534029,0.0,1840.0,0.0,0.0,0.0,40915.79999968509,0.0,1167.4499999999775,0.0,22802.899999808422,0.0,0.0,0.0,0.0,0.0,0.0,0.0,4560.580000000008,0.0,228029.0,0.0,82.0,0.0,232589.58000000074,0.0,0.0,0.0,565814.5027687679
649,2021-10-11,2021,True,101.77534246575343,994,994,1083,388915.9804710827,1582.5529908801195,47892,17,0.0,0.8410647773279352,0.1488487013815583,0.15921624769999615,0.1322028304854719,0.383573727186831,0.9668158953722333,0.10609877435166518,584217.5357596484,0,False,False,True,"{""0"":null,""1"":null,""2"":null,""3"":null}",994.0,644449.0,994.0,457052.0,994.0,457052.0,847.1282872370793,388915.9804710827,847.1282872370793,0.0,0.0,1582.5529908800963,567397.055759648,0.0,14.402061939534029,4.0,1844.0,0.0,0.0,89.39999999869906,41005.19999968379,6.450000000003911,1173.8999999999814,49.69999999927677,22852.5999998077,0.0,0.0,0.0,0.0,0.0,0.0,9.9399999999996,4570.520000000008,497.0,228526.0,1.0,83.0,506.9400000000023,233096.52000000075,0.0,0.0,1582.5529908800963,567397.055759648
650,2021-10-12,2021,True,101.77808219178083,994,994,1083,389763.10875831975,1508.0238558594206,47937,40,0.2026052233990517,0.8481862348178137,0.13749057501130996,0.15918769044737788,0.13226623272475863,0.383573727186831,0.9666398390342053,0.13348821616326154,585218.6196155079,0,False,False,True,"{""0"":null,""1"":null,""2"":null,""3"":null}",994.0,645443.0,994.0,458046.0,994.0,458046.0,847.1282872370793,389763.10875831975,847.1282872370793,0.0,0.0,1508.0238558594137,568905.0796155074,0.2026052233990523,14.604667162933081,4.0,1848.0,0.0,0.0,89.39999999869906,41094.59999968249,0.0,1173.8999999999814,49.69999999927677,22902.299999806975,0.0,0.0,0.0,0.0,0.0,0.0,9.9399999999996,4580.460000000007,497.0,229023.0,0.0,83.0,506.9400000000023,233603.46000000075,0.0,0.0,1508.0238558594137,568905.0796155074
651,2021-10-13,2021,True,101.78082191780823,994,994,1083,390610.23704555683,1430.059364558375,48057,56,0.0,0.8218947368421052,0.17338383193940168,0.15925160613686712,0.13238317222864251,0.383573727186831,0.9665845070422535,0.15886824425455665,586141.7389800664,0,False,False,True,"{""0"":null,""1"":null,""2"":null,""3"":null}",994.0,646437.0,994.0,459040.0,994.0,459040.0,847.1282872370793,390610.23704555683,847.1282872370793,0.0,0.0,1430.0593645584304,570335.1389800658,0.0,14.604667162933081,4.0,1852.0,0.0,0.0,89.39999999869906,41183.99999968119,0.0,1173.8999999999814,49.69999999927677,22951.999999806252,0.0,0.0,0.0,0.0,0.0,0.0,9.9399999999996,4590.400000000007,497.0,229520.0,0.0,83.0,506.9400000000023,234110.40000000075,0.0,0.0,1430.0593645584304,570335.1389800658
652,2021-10-14,2021,True,101.78356164383561,994,994,1083,391457.3653327939,1317.4272083572278,48176,55,0.0,0.8340161943319838,0.16638295034045958,0.15916980598299613,0.13252697369966346,0.383573727186831,0.9667857142857142,0.18228610068916273,586952.2261884237,0,False,False,True,"{""0"":null,""1"":null,""2"":null,""3"":null}",994.0,647431.0,994.0,460034.0,994.0,460034.0,847.1282872370793,391457.3653327939,847.1282872370793,0.0,0.0,1317.4272083572578,571652.5661884231,0.0,14.604667162933081,4.0,1856.0,0.0,0.0,89.39999999869906,41273.39999967989,2.550000000001546,1176.449999999983,49.69999999927677,23001.69999980553,0.0,0.0,0.0,0.0,0.0,0.0,9.9399999999996,4600.3400000000065,497.0,230017.0,0.0,83.0,506.9400000000023,234617.34000000075,0.0,0.0,1317.4272083572578,571652.5661884231
653,2021-10-15,2021,True,101.78630136986301,994,994,1084,392304.37661259796,1293.6659331549627,48281,49,0.0,0.8098613613393104,0.1872780889306385,0.15921417751077818,0.13180775619457857,0.38370162252171736,0.9667857142857142,0.20365813211171266,587737.9521215787,0,False,False,True,"{""0"":null,""1"":null,""2"":null,""3"":null}",994.0,648425.0,994.0,461028.0,994.0,461028.0,847.01127980405,392304.37661259796,847.01127980405,0.0,0.0,1293.665933154989,572946.2321215781,0.0,14.604667162933081,4.0,1860.0,0.0,0.0,89.39999999869906,41362.79999967859,3.450000000002092,1179.899999999985,49.69999999927677,23051.399999804806,0.0,0.0,0.0,0.0,0.0,0.0,9.9399999999996,4610.280000000006,497.0,230514.0,1.0,84.0,506.9400000000023,235124.28000000076,0.0,0.0,1293.665933154989,572946.2321215781
654,2021-10-16,2021,False,101.78904109589041,994,0,1084,392304.37661259796,0.0,47400,49,0.0,,,0.15921894453337035,0.13198948905973118,0.38370162252171736,0.9675754527162977,0.12671518748066132,587737.9521215787,0,False,False,True,"{""0"":null,""1"":null,""2"":null,""3"":null}",994.0,649419.0,0.0,461028.0,0.0,461028.0,0.0,392304.37661259796,0.0,0.0,0.0,0.0,572946.2321215781,0.0,14.604667162933081,0.0,1860.0,0.0,0.0,0.0,41362.79999967859,0.0,1179.899999999985,0.0,23051.399999804806,0.0,0.0,0.0,0.0,0.0,0.0,0.0,4610.280000000006,0.0,230514.0,0.0,84.0,0.0,235124.28000000076,0.0,0.0,0.0,572946.2321215781
655,2021-10-17,2021,False,101.79178082191781,994,0,1084,392304.37661259796,0.0,47400,49,0.0,,,0.15921894453337035,0.1319894890597312,0.38370162252171736,0.9675754527162977,0.07674257291679873,587737.9521215787,0,False,False,True,"{""0"":null,""1"":null,""2"":null,""3"":null}",994.0,650413.0,0.0,461028.0,0.0,461028.0,0.0,392304.37661259796,0.0,0.0,0.0,0.0,572946.2321215781,0.0,14.604667162933081,0.0,1860.0,0.0,0.0,0.0,41362.79999967859,0.0,1179.899999999985,0.0,23051.399999804806,0.0,0.0,0.0,0.0,0.0,0.0,0.0,4610.280000000006,0.0,230514.0,0.0,84.0,0.0,235124.28000000076,0.0,0.0,0.0,572946.2321215781
656,2021-10-18,2021,True,101.79452054794521,994,994,1084,393151.387892402,1543.9911994585527,48405,19,0.0,0.8571767274137689,0.13393382253975275,0.15921894453337035,0.13198948905973118,0.38370162252171736,0.9669668008048289,0.10612545549366888,588775.0033210374,0,False,False,True,"{""0"":null,""1"":null,""2"":null,""3"":null}",994.0,651407.0,994.0,462022.0,994.0,462022.0,847.01127980405,393151.387892402,847.01127980405,0.0,0.0,1543.9911994586,574490.2233210367,0.0,14.604667162933081,4.0,1864.0,0.0,0.0,89.39999999869906,41452.19999967729,7.3500000000044565,1187.2499999999895,49.69999999927677,23101.099999804082,0.0,0.0,0.0,0.0,0.0,0.0,9.9399999999996,4620.220000000006,497.0,231011.0,0.0,84.0,506.9400000000023,235631.22000000076,0.0,0.0,1543.9911994586,574490.2233210367
657,2021-10-19,2021,True,101.7972602739726,994,994,1084,393998.39917220606,1500.335240612997,48455,32,0.061089389215202225,0.8440715612875952,0.1514251488539044,0.15929934459145034,0.13218894092467953,0.38370162252171736,0.9671981891348088,0.13352257927859615,589768.3985616504,0,False,False,True,"{""0"":null,""1"":null,""2"":null,""3"":null}",994.0,652401.0,994.0,463016.0,994.0,463016.0,847.01127980405,393998.39917220606,847.01127980405,0.0,0.0,1500.3352406129707,575990.5585616496,0.06108938921520135,14.665756552148283,4.0,1868.0,0.0,0.0,89.39999999869906,41541.599999675986,0.0,1187.2499999999895,49.69999999927677,23150.79999980336,0.0,0.0,0.0,0.0,0.0,0.0,9.9399999999996,4630.160000000005,497.0,231508.0,0.0,84.0,506.9400000000023,236138.16000000076,0.0,0.0,1500.3352406129707,575990.5585616496
658,2021-10-20,2021,True,101.8,994,994,1084,394845.4104520101,1429.352069012641,48548,50,0.0,0.8430231433766934,0.15118229638693367,0.15933828723842614,0.13223345575710732,0.38370162252171736,0.9669668008048289,0.15887053230782544,590690.8106306631,0,False,False,True,"{""0"":null,""1"":null,""2"":null,""3"":null}",994.0,653395.0,994.0,464010.0,994.0,464010.0,847.01127980405,394845.4104520101,847.01127980405,0.0,0.0,1429.352069012588,577419.9106306622,0.0,14.665756552148283,4.0,1872.0,0.0,0.0,89.39999999869906,41630.999999674685,0.0,1187.2499999999895,49.69999999927677,23200.499999802636,0.0,0.0,0.0,0.0,0.0,0.0,9.9399999999996,4640.100000000005,497.0,232005.0,0.0,84.0,506.9400000000023,236645.10000000076,0.0,0.0,1429.352069012588,577419.9106306622
659,2021-10-21,2021,True,101.8027397260274,994,994,1084,395692.42173181416,1375.0807085003557,48669,50,0.0,0.7948131373607267,0.21293970329325623,0.15927659545744938,0.13230859096563538,0.38370162252171736,0.966841046277666,0.18228055604455143,591558.9513391635,0,False,False,True,"{""0"":null,""1"":null,""2"":null,""3"":null}",994.0,654389.0,994.0,465004.0,994.0,465004.0,847.01127980405,395692.42173181416,847.01127980405,0.0,0.0,1375.080708500347,578794.9913391626,0.0,14.665756552148283,4.0,1876.0,0.0,0.0,89.39999999869906,41720.399999673384,2.850000000001728,1190.0999999999913,49.69999999927677,23250.199999801913,0.0,0.0,0.0,0.0,0.0,0.0,9.9399999999996,4650.0400000000045,497.0,232502.0,0.0,84.0,506.9400000000023,237152.04000000076,0.0,0.0,1375.080708500347,578794.9913391626
660,2021-10-22,2021,True,101.8054794520548,994,994,1084,396539.4330116182,1302.666778861013,48756,54,0.4013970182159885,0.8230393040098227,0.16260317428346482,0.15930817576086978,0.13241665981430825,0.38370162252171736,0.9667555331991952,0.20383441082805825,592354.6781180245,0,False,False,True,"{""0"":null,""1"":null,""2"":null,""3"":null}",994.0,655383.0,994.0,465998.0,994.0,465998.0,847.01127980405,396539.4330116182,847.01127980405,0.0,0.0,1302.666778860963,580097.6581180235,0.40139701821598806,15.06715357036427,4.0,1880.0,0.0,0.0,89.39999999869906,41809.79999967208,1.9500000000011823,1192.0499999999925,49.69999999927677,23299.89999980119,0.0,0.0,0.0,0.0,0.0,0.0,9.9399999999996,4659.980000000004,497.0,232999.0,0.0,84.0,506.9400000000023,237658.98000000077,0.0,0.0,1302.666778860963,580097.6581180235
661,2021-10-23,2021,False,101.8082191780822,994,0,1084,396539.4330116182,0.0,47900,54,0.0,,,0.15929550506937326,0.13253052193231002,0.38370162252171736,0.9674698189134808,0.12695711879405325,592354.6781180245,0,False,False,True,"{""0"":null,""1"":null,""2"":null,""3"":null}",994.0,656377.0,0.0,465998.0,0.0,465998.0,0.0,396539.4330116182,0.0,0.0,0.0,0.0,580097.6581180235,0.0,15.06715357036427,0.0,1880.0,0.0,0.0,0.0,41809.79999967208,0.0,1192.0499999999925,0.0,23299.89999980119,0.0,0.0,0.0,0.0,0.0,0.0,0.0,4659.980000000004,0.0,232999.0,0.0,84.0,0.0,237658.98000000077,0.0,0.0,0.0,580097.6581180235
662,2021-10-24,2021,False,101.81095890410958,994,0,1084,396539.4330116182,0.0,47900,54,0.0,,,0.15929550506937323,0.13253052193231005,0.38370162252171736,0.9674698189134808,0.07697259993447612,592354.6781180245,0,False,False,True,"{""0"":null,""1"":null,""2"":null,""3"":null}",994.0,657371.0,0.0,465998.0,0.0,465998.0,0.0,396539.4330116182,0.0,0.0,0.0,0.0,580097.6581180235,0.0,15.06715357036427,0.0,1880.0,0.0,0.0,0.0,41809.79999967208,0.0,1192.0499999999925,0.0,23299.89999980119,0.0,0.0,0.0,0.0,0.0,0.0,0.0,4659.980000000004,0.0,232999.0,0.0,84.0,0.0,237658.98000000077,0.0,0.0,0.0,580097.6581180235
663,2021-10-25,2021,True,101.81369863013698,994,994,1084,397386.44429142226,1571.6423718500557,48908,15,0.0,0.8691842713678273,0.12462432020989085,0.15929550506937326,0.13253052193231002,0.38370162252171736,0.9668561368209255,0.10629604680899678,593419.3804898746,0,False,False,True,"{""0"":null,""1"":null,""2"":null,""3"":null}",994.0,658365.0,994.0,466992.0,994.0,466992.0,847.01127980405,397386.44429142226,847.01127980405,0.0,0.0,1571.6423718500882,581669.3004898736,0.0,15.06715357036427,4.0,1884.0,0.0,0.0,89.39999999869906,41899.19999967078,8.100000000004911,1200.1499999999974,49.69999999927677,23349.599999800466,0.0,0.0,0.0,0.0,0.0,0.0,9.9399999999996,4669.920000000004,497.0,233496.0,0.0,84.0,506.9400000000023,238165.92000000077,0.0,0.0,1571.6423718500882,581669.3004898736
664,2021-10-26,2021,True,101.81643835616438,994,994,1084,398233.4555712263,1518.9825144378908,48950,30,0.0,0.8491971327913194,0.15128557902462209,0.1593225472213096,0.13261597851757312,0.38370162252171736,0.9671981891348088,0.13352807837224595,594431.4230043126,0,False,False,True,"{""0"":null,""1"":null,""2"":null,""3"":null}",994.0,659359.0,994.0,467986.0,994.0,467986.0,847.01127980405,398233.4555712263,847.01127980405,0.0,0.0,1518.9825144378701,583188.2830043115,0.0,15.06715357036427,4.0,1888.0,0.0,0.0,89.39999999869906,41988.59999966948,0.0,1200.1499999999974,49.69999999927677,23399.299999799743,0.0,0.0,0.0,0.0,0.0,0.0,9.9399999999996,4679.860000000003,497.0,233993.0,0.0,84.0,506.9400000000023,238672.86000000077,0.0,0.0,1518.9825144378701,583188.2830043115
665,2021-10-27,2021,True,101.81917808219178,994,994,1084,399080.46685103036,1471.7331489156122,49054,45,0.32128851515460477,0.8280435483608719,0.1758091985258607,0.15931366747119627,0.13277524957567133,0.38370162252171736,0.9671378269617706,0.1588589574170454,595396.2161532282,0,False,False,True,"{""0"":null,""1"":null,""2"":null,""3"":null}",994.0,660353.0,994.0,468980.0,994.0,468980.0,847.01127980405,399080.46685103036,847.01127980405,0.0,0.0,1471.7331489155767,584660.0161532271,0.3212885151546043,15.388442085518875,4.0,1892.0,0.0,0.0,89.39999999869906,42077.99999966818,0.0,1200.1499999999974,49.69999999927677,23448.99999979902,0.0,0.0,0.0,0.0,0.0,0.0,9.9399999999996,4689.800000000003,497.0,234490.0,0.0,84.0,506.9400000000023,239179.80000000077,0.0,0.0,1471.7331489155767,584660.0161532271
666,2021-10-28,2021,True,101.82191780821918,994,994,1084,399927.4781308344,1358.0542451783306,49173,38,0.0,0.8380068832204881,0.1495131742485361,0.15929909251834332,0.1327947725714735,0.38370162252171736,0.9673390342052314,0.18223246527030398,596247.3303984066,0,False,False,True,"{""0"":null,""1"":null,""2"":null,""3"":null}",994.0,661347.0,994.0,469974.0,994.0,469974.0,847.01127980405,399927.4781308344,847.01127980405,0.0,0.0,1358.054245178355,586018.0703984054,0.0,15.388442085518875,4.0,1896.0,0.0,0.0,89.39999999869906,42167.39999966688,2.2500000000013642,1202.3999999999987,49.69999999927677,23498.699999798297,0.0,0.0,0.0,0.0,0.0,0.0,9.9399999999996,4699.7400000000025,497.0,234987.0,0.0,84.0,506.9400000000023,239686.74000000078,0.0,0.0,1358.054245178355,586018.0703984054
667,2021-10-29,2021,True,101.82465753424657,994,994,1084,400774.48941063846,1303.2050363691785,49267,39,0.0,0.8038536226661904,0.18879330329361774,0.15929123623841387,0.13292472248139114,0.38370162252171736,0.9673138832997988,0.20376964462511946,597043.5954347758,0,False,False,True,"{""0"":null,""1"":null,""2"":null,""3"":null}",994.0,662341.0,994.0,470968.0,994.0,470968.0,847.01127980405,400774.48941063846,847.01127980405,0.0,0.0,1303.2050363691524,587321.2754347746,0.0,15.388442085518875,4.0,1900.0,0.0,0.0,89.39999999869906,42256.79999966558,2.2500000000013642,1204.65,49.69999999927677,23548.399999797573,0.0,0.0,0.0,0.0,0.0,0.0,9.9399999999996,4709.680000000002,497.0,235484.0,0.0,84.0,506.9400000000023,240193.68000000078,0.0,0.0,1303.2050363691524,587321.2754347746
668,2021-10-30,2021,False,101.82739726027397,994,0,1084,400774.48941063846,0.0,48400,39,0.0,,,0.15929105008292474,0.13296427326643295,0.38370162252171736,0.9679124748490946,0.12683702536468472,597043.5954347758,0,False,False,True,"{""0"":null,""1"":null,""2"":null,""3"":null}",994.0,663335.0,0.0,470968.0,0.0,470968.0,0.0,400774.48941063846,0.0,0.0,0.0,0.0,587321.2754347746,0.0,15.388442085518875,0.0,1900.0,0.0,0.0,0.0,42256.79999966558,0.0,1204.65,0.0,23548.399999797573,0.0,0.0,0.0,0.0,0.0,0.0,0.0,4709.680000000002,0.0,235484.0,0.0,84.0,0.0,240193.68000000078,0.0,0.0,0.0,587321.2754347746
669,2021-10-31,2021,False,101.83013698630137,993,0,1084,400774.48941063846,0.0,48400,39,0.0,,,0.15934972119429688,0.1331710117172649,0.3837674522470401,0.9678801611278953,0.07690608441203255,597043.5954347758,0,False,False,True,"{""0"":null,""1"":null,""2"":null,""3"":null}",993.0,664328.0,0.0,470968.0,0.0,470968.0,0.0,400774.48941063846,0.0,0.0,0.0,0.0,587321.2754347746,0.0,15.388442085518875,0.0,1900.0,0.0,0.0,0.0,42256.79999966558,0.0,1204.65,0.0,23548.399999797573,0.0,0.0,0.0,0.0,0.0,0.0,0.0,4709.680000000002,0.0,235484.0,0.0,84.0,0.0,240193.68000000078,0.0,0.0,0.0,587321.2754347746
670,2021-11-01,2021,True,101.83287671232877,993,993,1084,401620.5820060374,1601.58669247302,49389,19,0.02289225698742874,0.8479081508219111,0.15418202112550589,0.15934972119429688,0.13317101171726492,0.3837674522470401,0.9672255790533737,0.10608245060301692,598138.7521272488,0,False,False,True,"{""0"":null,""1"":null,""2"":null,""3"":null}",993.0,665321.0,993.0,471961.0,993.0,471961.0,846.0925953989499,401620.5820060374,846.0925953989499,0.0,0.0,1601.5866924730362,588922.8621272476,0.02289225698742925,15.411334342506304,4.0,1904.0,0.0,0.0,89.29999999870051,42346.09999966428,5.850000000003547,1210.5000000000036,49.6499999992775,23598.04999979685,0.0,0.0,0.0,0.0,0.0,0.0,9.930000000000291,4719.610000000002,496.5,235980.5,0.0,84.0,506.429999999993,240700.11000000077,0.0,0.0,1601.5866924730362,588922.8621272476
671,2021-11-02,2021,True,101.83561643835617,994,994,1085,402467.53721378156,1484.0262542911785,49445,43,0.0,0.8421159331068561,0.1580730029470938,0.1592772031701665,0.13245798055278904,0.38370162252171736,0.9668661971830986,0.13332742582595875,599114.83838154,0,False,False,True,"{""0"":null,""1"":null,""2"":null,""3"":null}",994.0,666315.0,994.0,472955.0,994.0,472955.0,846.9552077441476,402467.53721378156,846.9552077441476,0.0,0.0,1484.0262542911805,590406.8883815388,0.0,15.411334342506304,4.0,1908.0,0.0,0.0,89.39999999869906,42435.49999966298,0.0,1210.5000000000036,49.69999999927677,23647.749999796128,0.0,0.0,0.0,0.0,0.0,0.0,9.9399999999996,4729.550000000002,497.0,236477.5,1.0,85.0,506.9400000000023,241207.05000000077,0.0,0.0,1484.0262542911805,590406.8883815388
672,2021-11-03,2021,True,101.83835616438355,993,993,1085,403313.7660907042,1394.5332181697722,49555,58,0.0,0.8387951156854137,0.15649318378712684,0.15936990878593882,0.1326312519560342,0.3837674522470401,0.966742195367573,0.15866829668999172,600002.9415997098,0,False,False,True,"{""0"":null,""1"":null,""2"":null,""3"":null}",993.0,667308.0,993.0,473948.0,993.0,473948.0,846.2288769226288,403313.7660907042,846.2288769226288,0.0,0.0,1394.5332181698177,591801.4215997086,0.0,15.411334342506304,4.0,1912.0,0.0,0.0,89.29999999870051,42524.79999966168,0.0,1210.5000000000036,49.6499999992775,23697.399999795405,0.0,0.0,0.0,0.0,0.0,0.0,9.930000000000291,4739.480000000002,496.5,236974.0,0.0,85.0,506.429999999993,241713.48000000077,0.0,0.0,1394.5332181698177,591801.4215997086
673,2021-11-04,2021,True,101.84109589041095,993,993,1085,404159.9949676268,1315.8000262298226,49672,49,0.0,0.8156211566915434,0.18507577064806555,0.15937439550421256,0.132694537389003,0.3837674522470401,0.9668076535750252,0.18197247559786767,600812.3116259396,0,False,False,True,"{""0"":null,""1"":null,""2"":null,""3"":null}",993.0,668301.0,993.0,474941.0,993.0,474941.0,846.2288769226288,404159.9949676268,846.2288769226288,0.0,0.0,1315.8000262298156,593117.2216259384,0.0,15.411334342506304,4.0,1916.0,0.0,0.0,89.29999999870051,42614.09999966038,2.850000000001728,1213.3500000000054,49.6499999992775,23747.049999794683,0.0,0.0,0.0,0.0,0.0,0.0,9.930000000000291,4749.410000000003,496.5,237470.5,0.0,85.0,506.429999999993,242219.91000000076,0.0,0.0,1315.8000262298156,593117.2216259384
674,2021-11-05,2021,True,101.84383561643835,993,993,1085,405006.22384454944,1287.5071544482776,49768,51,0.0,0.8207626945027072,0.18158317027420212,0.15937168119289918,0.13279740137134943,0.3837674522470401,0.9666364551863041,0.20349184733030792,601593.3887803878,0,False,False,True,"{""0"":null,""1"":null,""2"":null,""3"":null}",993.0,669294.0,993.0,475934.0,993.0,475934.0,846.2288769226288,405006.22384454944,846.2288769226288,0.0,0.0,1287.5071544483071,594404.7287803867,0.0,15.411334342506304,4.0,1920.0,0.0,0.0,89.29999999870051,42703.39999965908,3.600000000002183,1216.9500000000075,49.6499999992775,23796.69999979396,0.0,0.0,0.0,0.0,0.0,0.0,9.930000000000291,4759.340000000003,496.5,237967.0,0.0,85.0,506.429999999993,242726.34000000075,0.0,0.0,1287.5071544483071,594404.7287803867
675,2021-11-06,2021,False,101.84657534246575,993,0,1085,405006.22384454944,0.0,48900,51,0.0,,,0.15937009728842397,0.13283663100762966,0.3837674522470401,0.967416918429003,0.12652973540071397,601593.3887803878,0,False,False,True,"{""0"":null,""1"":null,""2"":null,""3"":null}",993.0,670287.0,0.0,475934.0,0.0,475934.0,0.0,405006.22384454944,0.0,0.0,0.0,0.0,594404.7287803867,0.0,15.411334342506304,0.0,1920.0,0.0,0.0,0.0,42703.39999965908,0.0,1216.9500000000075,0.0,23796.69999979396,0.0,0.0,0.0,0.0,0.0,0.0,0.0,4759.340000000003,0.0,237967.0,0.0,85.0,0.0,242726.34000000075,0.0,0.0,0.0,594404.7287803867
676,2021-11-07,2021,False,101.84931506849315,993,0,1085,405006.22384454944,0.0,48900,51,0.0,,,0.15937009728842397,0.13283663100762966,0.3837674522470401,0.967416918429003,0.07642940525895159,601593.3887803878,0,False,False,True,"{""0"":null,""1"":null,""2"":null,""3"":null}",993.0,671280.0,0.0,475934.0,0.0,475934.0,0.0,405006.22384454944,0.0,0.0,0.0,0.0,594404.7287803867,0.0,15.411334342506304,0.0,1920.0,0.0,0.0,0.0,42703.39999965908,0.0,1216.9500000000075,0.0,23796.69999979396,0.0,0.0,0.0,0.0,0.0,0.0,0.0,4759.340000000003,0.0,237967.0,0.0,85.0,0.0,242726.34000000075,0.0,0.0,0.0,594404.7287803867
677,2021-11-08,2021,True,101.85205479452054,993,993,1085,405852.4527214721,1613.8121965583105,49899,20,0.0,0.8399567338178626,0.13953322384906802,0.15937009728842397,0.13283663100762969,0.3837674522470401,0.9666717019133937,0.10568070093518485,602700.7709769461,0,False,False,True,"{""0"":null,""1"":null,""2"":null,""3"":null}",993.0,672273.0,993.0,476927.0,993.0,476927.0,846.2288769226288,405852.4527214721,846.2288769226288,0.0,0.0,1613.8121965583414,596018.5409769451,0.0,15.411334342506304,4.0,1924.0,0.0,0.0,89.29999999870051,42792.69999965778,7.650000000004638,1224.6000000000122,49.6499999992775,23846.349999793238,0.0,0.0,0.0,0.0,0.0,0.0,9.930000000000291,4769.270000000003,496.5,238463.5,0.0,85.0,506.429999999993,243232.77000000075,0.0,0.0,1613.8121965583414,596018.5409769451
678,2021-11-09,2021,True,101.85479452054794,993,993,1085,406698.6815983947,1485.4071053019054,49950,37,0.0,0.8420141293920622,0.15506909018991666,0.15935721792731322,0.13299508370188812,0.3837674522470401,0.9670090634441088,0.13292275165811698,603679.7480822479,0,False,False,True,"{""0"":null,""1"":null,""2"":null,""3"":null}",993.0,673266.0,993.0,477920.0,993.0,477920.0,846.2288769226288,406698.6815983947,846.2288769226288,0.0,0.0,1485.407105301856,597503.9480822469,0.0,15.411334342506304,4.0,1928.0,0.0,0.0,89.29999999870051,42881.99999965648,0.0,1224.6000000000122,49.6499999992775,23895.999999792515,0.0,0.0,0.0,0.0,0.0,0.0,9.930000000000291,4779.2000000000035,496.5,238960.0,0.0,85.0,506.429999999993,243739.20000000074,0.0,0.0,1485.407105301856,597503.9480822469
679,2021-11-10,2021,True,101.85753424657534,994,994,1086,407545.84950350726,1430.383709069076,50055,53,0.0,0.8380161943319838,0.15864401962717645,0.15915533847515753,0.13215845023060213,0.383573727186831,0.9668460764587524,0.15817747783504782,604602.1917913171,0,False,False,True,"{""0"":null,""1"":null,""2"":null,""3"":null}",994.0,674260.0,994.0,478914.0,994.0,478914.0,847.1679051125539,407545.84950350726,847.1679051125539,0.0,0.0,1430.3837090691086,598934.331791316,0.0,15.411334342506304,4.0,1932.0,0.0,0.0,89.39999999869906,42971.39999965518,0.0,1224.6000000000122,49.69999999927677,23945.699999791792,0.0,0.0,0.0,0.0,0.0,0.0,9.9399999999996,4789.140000000003,497.0,239457.0,1.0,86.0,506.9400000000023,244246.14000000074,0.0,0.0,1430.3837090691086,598934.331791316
680,2021-11-11,2021,True,101.86027397260274,994,994,1086,408393.0174086198,1374.7487610959192,50166,49,0.0,0.8310526315789474,0.17495795005045991,0.15907728781734962,0.13226043807918633,0.383573727186831,0.9667303822937625,0.18153803769509305,605470.000552413,0,False,False,True,"{""0"":null,""1"":null,""2"":null,""3"":null}",994.0,675254.0,994.0,479908.0,994.0,479908.0,847.1679051125539,408393.0174086198,847.1679051125539,0.0,0.0,1374.7487610959215,600309.080552412,0.0,15.411334342506304,4.0,1936.0,0.0,0.0,89.39999999869906,43060.79999965388,3.000000000001819,1227.600000000014,49.69999999927677,23995.39999979107,0.0,0.0,0.0,0.0,0.0,0.0,9.9399999999996,4799.080000000003,497.0,239954.0,0.0,86.0,506.9400000000023,244753.08000000074,0.0,0.0,1374.7487610959215,600309.080552412
681,2021-11-12,2021,True,101.86301369863014,994,994,1086,409240.18531373236,1305.626959051669,50270,50,0.10018251748444224,0.8268582995951417,0.192368079158305,0.1590982350523106,0.13240964440532083,0.383573727186831,0.9667706237424547,0.20309514303696666,606268.6875114648,0,False,False,True,"{""0"":null,""1"":null,""2"":null,""3"":null}",994.0,676248.0,994.0,480902.0,994.0,480902.0,847.1679051125539,409240.18531373236,847.1679051125539,0.0,0.0,1305.626959051704,601614.7075114637,0.10018251748444307,15.511516859990747,4.0,1940.0,0.0,0.0,89.39999999869906,43150.19999965258,2.550000000001546,1230.1500000000156,49.69999999927677,24045.099999790345,0.0,0.0,0.0,0.0,0.0,0.0,9.9399999999996,4809.020000000002,497.0,240451.0,0.0,86.0,506.9400000000023,245260.02000000075,0.0,0.0,1305.626959051704,601614.7075114637
682,2021-11-13,2021,False,101.86575342465754,993,0,1086,409240.18531373236,0.0,49400,50,0.0,,,0.15944039461589243,0.13288366494292606,0.3837674522470401,0.9674672708962739,0.12618260927506136,606268.6875114648,0,False,False,True,"{""0"":null,""1"":null,""2"":null,""3"":null}",993.0,677241.0,0.0,480902.0,0.0,480902.0,0.0,409240.18531373236,0.0,0.0,0.0,0.0,601614.7075114637,0.0,15.511516859990747,0.0,1940.0,0.0,0.0,0.0,43150.19999965258,0.0,1230.1500000000156,0.0,24045.099999790345,0.0,0.0,0.0,0.0,0.0,0.0,0.0,4809.020000000002,0.0,240451.0,0.0,86.0,0.0,245260.02000000075,0.0,0.0,0.0,601614.7075114637
683,2021-11-14,2021,False,101.86849315068493,993,0,1086,409240.18531373236,0.0,49400,50,0.0,,,0.15944039461589243,0.13288366494292608,0.3837674522470401,0.9674672708962739,0.07606350756838955,606268.6875114648,0,False,False,True,"{""0"":null,""1"":null,""2"":null,""3"":null}",993.0,678234.0,0.0,480902.0,0.0,480902.0,0.0,409240.18531373236,0.0,0.0,0.0,0.0,601614.7075114637,0.0,15.511516859990747,0.0,1940.0,0.0,0.0,0.0,43150.19999965258,0.0,1230.1500000000156,0.0,24045.099999790345,0.0,0.0,0.0,0.0,0.0,0.0,0.0,4809.020000000002,0.0,240451.0,0.0,86.0,0.0,245260.02000000075,0.0,0.0,0.0,601614.7075114637
684,2021-11-15,2021,True,101.87123287671233,993,993,1086,410086.6406130086,1588.534309288584,50395,23,0.037721954776890845,0.8781713412353869,0.10697505262886273,0.15944039461589243,0.13288366494292608,0.3837674522470401,0.9666666666666667,0.10534707538285118,607350.7918207534,0,False,False,True,"{""0"":null,""1"":null,""2"":null,""3"":null}",993.0,679227.0,993.0,481895.0,993.0,481895.0,846.4552992762183,410086.6406130086,846.4552992762183,0.0,0.0,1588.5343092886033,603203.2418207523,0.037721954776891664,15.549238814767639,4.0,1944.0,0.0,0.0,89.29999999870051,43239.49999965128,7.5000000000045475,1237.65000000002,49.6499999992775,24094.749999789623,0.0,0.0,0.0,0.0,0.0,0.0,9.930000000000291,4818.950000000003,496.5,240947.5,0.0,86.0,506.429999999993,245766.45000000074,0.0,0.0,1588.5343092886033,603203.2418207523
685,2021-11-16,2021,True,101.87397260273973,992,992,1086,410932.3172186482,1520.293507665998,50457,37,0.0,0.837629871713575,0.15685906740821687,0.159649126984848,0.1330191407676085,0.38396117730724927,0.9670463709677419,0.1327942308501931,608365.1653284193,0,False,False,True,"{""0"":null,""1"":null,""2"":null,""3"":null}",992.0,680219.0,992.0,482887.0,992.0,482887.0,845.67660563963,410932.3172186482,845.67660563963,0.0,0.0,1520.2935076659778,604723.5353284182,0.0,15.549238814767639,4.0,1948.0,0.0,0.0,89.19999999870197,43328.69999964998,0.0,1237.65000000002,49.599999999278225,24144.3499997889,0.0,0.0,0.0,0.0,0.0,0.0,9.920000000000073,4828.870000000003,496.0,241443.5,0.0,86.0,505.9200000000128,246272.37000000075,0.0,0.0,1520.2935076659778,604723.5353284182
686,2021-11-17,2021,True,101.87671232876713,993,993,1087,411778.96889648977,1400.4077522831005,50547,51,0.13863537537571444,0.8268313578199438,0.16329504868611341,0.15935195772587044,0.13226257633701838,0.3837674522470401,0.9665861027190333,0.15816290908140795,609258.1430807024,0,False,False,True,"{""0"":null,""1"":null,""2"":null,""3"":null}",993.0,681212.0,993.0,483880.0,993.0,483880.0,846.6516778415535,411778.96889648977,846.6516778415535,0.0,0.0,1400.4077522831503,606123.9430807014,0.13863537537571524,15.687874190143354,4.0,1952.0,0.0,0.0,89.29999999870051,43417.99999964868,0.0,1237.65000000002,49.6499999992775,24193.99999978818,0.0,0.0,0.0,0.0,0.0,0.0,9.930000000000291,4838.800000000003,496.5,241940.0,1.0,87.0,506.429999999993,246778.80000000075,0.0,0.0,1400.4077522831503,606123.9430807014
687,2021-11-18,2021,True,101.87945205479453,993,993,1087,412625.6205743313,1358.8317543480118,50679,45,0.0,0.8016335951091816,0.1906974107871672,0.1593528587899542,0.13238443322477528,0.3837674522470401,0.9666414904330313,0.18159530933706086,610110.5448350504,0,False,False,True,"{""0"":null,""1"":null,""2"":null,""3"":null}",993.0,682205.0,993.0,484873.0,993.0,484873.0,846.6516778415535,412625.6205743313,846.6516778415535,0.0,0.0,1358.831754348008,607482.7748350494,0.0,15.687874190143354,4.0,1956.0,0.0,0.0,89.29999999870051,43507.29999964738,3.450000000002092,1241.1000000000222,49.6499999992775,24243.649999787456,0.0,0.0,0.0,0.0,0.0,0.0,9.930000000000291,4848.730000000003,496.5,242436.5,0.0,87.0,506.429999999993,247285.23000000074,0.0,0.0,1358.831754348008,607482.7748350494
688,2021-11-19,2021,True,101.88219178082191,993,993,1087,413472.2722521729,1307.6504339609485,50767,40,0.0,0.82062096157911,0.1845213040846392,0.15938774001319517,0.13241880701108247,0.3837674522470401,0.9667623363544814,0.20320155261945738,610911.7652690113,0,False,False,True,"{""0"":null,""1"":null,""2"":null,""3"":null}",993.0,683198.0,993.0,485866.0,993.0,485866.0,846.6516778415535,413472.2722521729,846.6516778415535,0.0,0.0,1307.6504339609528,608790.4252690104,0.0,15.687874190143354,4.0,1960.0,0.0,0.0,89.29999999870051,43596.59999964608,2.1000000000012733,1243.2000000000235,49.6499999992775,24293.299999786734,0.0,0.0,0.0,0.0,0.0,0.0,9.930000000000291,4858.6600000000035,496.5,242933.0,0.0,87.0,506.429999999993,247791.66000000073,0.0,0.0,1307.6504339609528,608790.4252690104
689,2021-11-20,2021,False,101.88493150684931,993,0,1087,413472.2722521729,0.0,49900,40,0.0,,,0.15947521066314677,0.13258058059147015,0.3837674522470401,0.967356495468278,0.12610511150928638,610911.7652690113,0,False,False,True,"{""0"":null,""1"":null,""2"":null,""3"":null}",993.0,684191.0,0.0,485866.0,0.0,485866.0,0.0,413472.2722521729,0.0,0.0,0.0,0.0,608790.4252690104,0.0,15.687874190143354,0.0,1960.0,0.0,0.0,0.0,43596.59999964608,0.0,1243.2000000000235,0.0,24293.299999786734,0.0,0.0,0.0,0.0,0.0,0.0,0.0,4858.6600000000035,0.0,242933.0,0.0,87.0,0.0,247791.66000000073,0.0,0.0,0.0,608790.4252690104
690,2021-11-21,2021,False,101.88767123287671,993,0,1087,413472.2722521729,0.0,49900,40,0.0,,,0.15947521066314674,0.13258058059147013,0.3837674522470401,0.967356495468278,0.07592330128259893,610911.7652690113,0,False,False,True,"{""0"":null,""1"":null,""2"":null,""3"":null}",993.0,685184.0,0.0,485866.0,0.0,485866.0,0.0,413472.2722521729,0.0,0.0,0.0,0.0,608790.4252690104,0.0,15.687874190143354,0.0,1960.0,0.0,0.0,0.0,43596.59999964608,0.0,1243.2000000000235,0.0,24293.299999786734,0.0,0.0,0.0,0.0,0.0,0.0,0.0,4858.6600000000035,0.0,242933.0,0.0,87.0,0.0,247791.66000000073,0.0,0.0,0.0,608790.4252690104
691,2021-11-22,2021,True,101.89041095890411,993,993,1087,414318.9239300144,1595.7913405678275,50894,17,0.0,0.8539729931873241,0.1280734197383195,0.15947521066314674,0.13258058059147013,0.3837674522470401,0.9666767371601208,0.10527462280850002,612001.1266095791,0,False,False,True,"{""0"":null,""1"":null,""2"":null,""3"":null}",993.0,686177.0,993.0,486859.0,993.0,486859.0,846.6516778415535,414318.9239300144,846.6516778415535,0.0,0.0,1595.79134056787,610386.2166095782,0.0,15.687874190143354,4.0,1964.0,0.0,0.0,89.29999999870051,43685.89999964478,6.000000000003638,1249.200000000027,49.6499999992775,24342.94999978601,0.0,0.0,0.0,0.0,0.0,0.0,9.930000000000291,4868.590000000004,496.5,243429.5,0.0,87.0,506.429999999993,248298.09000000072,0.0,0.0,1595.79134056787,610386.2166095782
692,2021-11-23,2021,True,101.89315068493151,993,993,1087,415165.575607856,1516.5676497128184,50953,36,0.0,0.8621145309984879,0.13011882248254728,0.15950616787701272,0.132663913235772,0.3837674522470401,0.9669284994964753,0.13263896539318124,613011.2642592918,0,False,False,True,"{""0"":null,""1"":null,""2"":null,""3"":null}",993.0,687170.0,993.0,487852.0,993.0,487852.0,846.6516778415535,415165.575607856,846.6516778415535,0.0,0.0,1516.567649712786,611902.784259291,0.0,15.687874190143354,4.0,1968.0,0.0,0.0,89.29999999870051,43775.19999964348,0.0,1249.200000000027,49.6499999992775,24392.59999978529,0.0,0.0,0.0,0.0,0.0,0.0,9.930000000000291,4878.520000000004,496.5,243926.0,0.0,87.0,506.429999999993,248804.52000000072,0.0,0.0,1516.567649712786,611902.784259291
693,2021-11-24,2021,True,101.8958904109589,993,993,1087,416012.22728569753,1476.9870325737236,51064,47,0.0,0.8297625969464903,0.16068289846945846,0.1593932037808204,0.13268845190961673,0.3837674522470401,0.9670845921450152,0.15801131316342146,613981.8212918654,0,False,False,True,"{""0"":null,""1"":null,""2"":null,""3"":null}",993.0,688163.0,993.0,488845.0,993.0,488845.0,846.6516778415535,416012.22728569753,846.6516778415535,0.0,0.0,1476.9870325736701,613379.7712918647,0.0,15.687874190143354,4.0,1972.0,0.0,0.0,89.29999999870051,43864.49999964218,0.0,1249.200000000027,49.6499999992775,24442.249999784566,0.0,0.0,0.0,0.0,0.0,0.0,9.930000000000291,4888.450000000004,496.5,244422.5,0.0,87.0,506.429999999993,249310.9500000007,0.0,0.0,1476.9870325736701,613379.7712918647
694,2021-11-25,2021,True,101.8986301369863,993,993,1087,416858.8789635391,1368.8706937709103,51171,46,0.1270481988896708,0.8338555517617027,0.1571082954764901,0.15934948669280652,0.1327870689140685,0.3837674522470401,0.967240684793555,0.18148322016216414,614844.2619856363,0,False,False,True,"{""0"":null,""1"":null,""2"":null,""3"":null}",993.0,689156.0,993.0,489838.0,993.0,489838.0,846.6516778415535,416858.8789635391,846.6516778415535,0.0,0.0,1368.8706937709358,614748.6419856356,0.12704819888967123,15.814922389033025,4.0,1976.0,0.0,0.0,89.29999999870051,43953.79999964088,2.550000000001546,1251.7500000000286,49.6499999992775,24491.899999783844,0.0,0.0,0.0,0.0,0.0,0.0,9.930000000000291,4898.380000000005,496.5,244919.0,0.0,87.0,506.429999999993,249817.3800000007,0.0,0.0,1368.8706937709358,614748.6419856356
695,2021-11-26,2021,True,101.9013698630137,994,994,1088,417706.3736138334,1305.1457366748257,51268,43,0.0,0.8230031278306382,0.17438597749993293,0.15935555942304613,0.13212977911002005,0.38370162252171736,0.966841046277666,0.20309571620821124,615641.4677223112,0,False,False,True,"{""0"":null,""1"":null,""2"":null,""3"":null}",994.0,690150.0,994.0,490832.0,994.0,490832.0,847.4946502943058,417706.3736138334,847.4946502943058,0.0,0.0,1305.1457366747782,616053.7877223104,0.0,15.814922389033025,4.0,1980.0,0.0,0.0,89.39999999869906,44043.19999963958,2.850000000001728,1254.6000000000304,49.69999999927677,24541.59999978312,0.0,0.0,0.0,0.0,0.0,0.0,9.9399999999996,4908.320000000004,497.0,245416.0,1.0,88.0,506.9400000000023,250324.3200000007,0.0,0.0,1305.1457366747782,616053.7877223104
696,2021-11-27,2021,False,101.9041095890411,994,0,1088,417706.3736138334,0.0,50400,43,0.0,,,0.1594015212118217,0.13221158603151534,0.38370162252171736,0.9675150905432596,0.12597142104337844,615641.4677223112,0,False,False,True,"{""0"":null,""1"":null,""2"":null,""3"":null}",994.0,691144.0,0.0,490832.0,0.0,490832.0,0.0,417706.3736138334,0.0,0.0,0.0,0.0,616053.7877223104,0.0,15.814922389033025,0.0,1980.0,0.0,0.0,0.0,44043.19999963958,0.0,1254.6000000000304,0.0,24541.59999978312,0.0,0.0,0.0,0.0,0.0,0.0,0.0,4908.320000000004,0.0,245416.0,0.0,88.0,0.0,250324.3200000007,0.0,0.0,0.0,616053.7877223104
697,2021-11-28,2021,False,101.9068493150685,994,0,1088,417706.3736138334,0.0,50400,43,0.0,,,0.1594015212118217,0.13221158603151528,0.38370162252171736,0.9675150905432596,0.0758475676101612,615641.4677223112,0,False,False,True,"{""0"":null,""1"":null,""2"":null,""3"":null}",994.0,692138.0,0.0,490832.0,0.0,490832.0,0.0,417706.3736138334,0.0,0.0,0.0,0.0,616053.7877223104,0.0,15.814922389033025,0.0,1980.0,0.0,0.0,0.0,44043.19999963958,0.0,1254.6000000000304,0.0,24541.59999978312,0.0,0.0,0.0,0.0,0.0,0.0,0.0,4908.320000000004,0.0,245416.0,0.0,88.0,0.0,250324.3200000007,0.0,0.0,0.0,616053.7877223104
698,2021-11-29,2021,True,101.90958904109588,994,994,1088,418553.8682641277,1566.5177732729833,51400,16,0.0,0.8590874639999203,0.1528731385791905,0.1594015212118217,0.13221158603151534,0.38370162252171736,0.9668863179074447,0.10524713293754591,616701.0454955841,0,False,False,True,"{""0"":null,""1"":null,""2"":null,""3"":null}",994.0,693132.0,994.0,491826.0,994.0,491826.0,847.4946502943058,418553.8682641277,847.4946502943058,0.0,0.0,1566.5177732729353,617620.3054955833,0.0,15.814922389033025,4.0,1984.0,0.0,0.0,89.39999999869906,44132.59999963828,6.450000000003911,1261.0500000000343,49.69999999927677,24591.299999782397,0.0,0.0,0.0,0.0,0.0,0.0,9.9399999999996,4918.260000000004,497.0,245913.0,0.0,88.0,506.9400000000023,250831.2600000007,0.0,0.0,1566.5177732729353,617620.3054955833
699,2021-11-30,2021,True,101.91232876712328,993,993,1088,419400.4137469275,1505.552028528208,51459,27,0.0,0.8317692998587585,0.15698414137191008,0.1593815809192436,0.13218965505025637,0.38369102432697066,0.9673212487411883,0.1324678971287832,617700.1675241123,0,False,False,True,"{""0"":null,""1"":null,""2"":null,""3"":null}",993.0,694125.0,993.0,492819.0,993.0,492819.0,846.5454827998183,419400.4137469275,846.5454827998183,0.0,0.0,1505.5520285281818,619125.8575241115,0.0,15.814922389033025,4.0,1988.0,0.0,0.0,89.29999999870051,44221.89999963698,0.0,1261.0500000000343,49.6499999992775,24640.949999781675,0.0,0.0,0.0,0.0,0.0,0.0,9.930000000000291,4928.190000000004,496.5,246409.5,0.0,88.0,506.429999999993,251337.6900000007,0.0,0.0,1505.5520285281818,619125.8575241115
700,2021-12-01,2021,True,101.91506849315068,993,993,1088,420246.95922972733,1456.553404930525,51553,45,0.027663341703648935,0.8347898383463042,0.15204586417936858,0.1593359019158404,0.13226753075739311,0.38369102432697066,0.9672356495468278,0.15790753552389136,618650.2909290427,0,False,False,True,"{""0"":null,""1"":null,""2"":null,""3"":null}",993.0,695118.0,993.0,493812.0,993.0,493812.0,846.5454827998183,420246.95922972733,846.5454827998183,0.0,0.0,1456.5534049305134,620582.410929042,0.027663341703648925,15.842585730736674,4.0,1992.0,0.0,0.0,89.29999999870051,44311.19999963568,0.0,1261.0500000000343,49.6499999992775,24690.599999780952,0.0,0.0,0.0,0.0,0.0,0.0,9.930000000000291,4938.120000000004,496.5,246906.0,0.0,88.0,506.429999999993,251844.1200000007,0.0,0.0,1456.5534049305134,620582.410929042
701,2021-12-02,2021,True,101.91780821917808,993,993,1088,421093.50471252715,1348.9383939124825,51668,43,0.0,0.8237414172820313,0.17469340122018193,0.15936001329561955,0.13247036843548343,0.38369102432697066,0.9671953675730111,0.18142196215555284,619492.7993229552,0,False,False,True,"{""0"":null,""1"":null,""2"":null,""3"":null}",993.0,696111.0,993.0,494805.0,993.0,494805.0,846.5454827998183,421093.50471252715,846.5454827998183,0.0,0.0,1348.938393912511,621931.3493229545,0.0,15.842585730736674,4.0,1996.0,0.0,0.0,89.29999999870051,44400.49999963438,2.400000000001455,1263.4500000000357,49.6499999992775,24740.24999978023,0.0,0.0,0.0,0.0,0.0,0.0,9.930000000000291,4948.050000000005,496.5,247402.5,0.0,88.0,506.429999999993,252350.5500000007,0.0,0.0,1348.938393912511,621931.3493229545
702,2021-12-03,2021,True,101.92054794520548,993,993,1088,421940.05019532697,1298.7682120800762,51757,54,0.0,0.816801786216463,0.18726341226344717,0.15940038055987105,0.1326050863994091,0.38369102432697066,0.9669436052366566,0.20310166287667553,620285.1375350353,0,False,False,True,"{""0"":null,""1"":null,""2"":null,""3"":null}",993.0,697104.0,993.0,495798.0,993.0,495798.0,846.5454827998183,421940.05019532697,846.5454827998183,0.0,0.0,1298.7682120801182,623230.1175350347,0.0,15.842585730736674,4.0,2000.0,0.0,0.0,89.29999999870051,44489.799999633084,1.6500000000010004,1265.1000000000367,49.6499999992775,24789.899999779507,0.0,0.0,0.0,0.0,0.0,0.0,9.930000000000291,4957.980000000005,496.5,247899.0,0.0,88.0,506.429999999993,252856.98000000068,0.0,0.0,1298.7682120801182,623230.1175350347
703,2021-12-04,2021,False,101.92328767123287,993,0,1088,421940.05019532697,0.0,50900,54,0.0,,,0.15933496499168132,0.13265237987968492,0.38369102432697066,0.9676586102719034,0.1260238576459746,620285.1375350353,0,False,False,True,"{""0"":null,""1"":null,""2"":null,""3"":null}",993.0,698097.0,0.0,495798.0,0.0,495798.0,0.0,421940.05019532697,0.0,0.0,0.0,0.0,623230.1175350347,0.0,15.842585730736674,0.0,2000.0,0.0,0.0,0.0,44489.799999633084,0.0,1265.1000000000367,0.0,24789.899999779507,0.0,0.0,0.0,0.0,0.0,0.0,0.0,4957.980000000005,0.0,247899.0,0.0,88.0,0.0,252856.98000000068,0.0,0.0,0.0,623230.1175350347
704,2021-12-05,2021,False,101.92602739726027,993,0,1088,421940.05019532697,0.0,50900,54,0.0,,,0.15933496499168132,0.13265237987968492,0.38369102432697066,0.9676586102719034,0.07590482896566914,620285.1375350353,0,False,False,True,"{""0"":null,""1"":null,""2"":null,""3"":null}",993.0,699090.0,0.0,495798.0,0.0,495798.0,0.0,421940.05019532697,0.0,0.0,0.0,0.0,623230.1175350347,0.0,15.842585730736674,0.0,2000.0,0.0,0.0,0.0,44489.799999633084,0.0,1265.1000000000367,0.0,24789.899999779507,0.0,0.0,0.0,0.0,0.0,0.0,0.0,4957.980000000005,0.0,247899.0,0.0,88.0,0.0,252856.98000000068,0.0,0.0,0.0,623230.1175350347
705,2021-12-06,2021,True,101.92876712328767,993,993,1088,422786.5956781268,1605.8291269159567,51906,15,0.0,0.84107775081443,0.1597012817320168,0.15933496499168132,0.13265237987968492,0.38369102432697066,0.967079556898288,0.10525806806471488,621384.5366619512,0,False,False,True,"{""0"":null,""1"":null,""2"":null,""3"":null}",993.0,700083.0,993.0,496791.0,993.0,496791.0,846.5454827998183,422786.5956781268,846.5454827998183,0.0,0.0,1605.8291269160109,624835.9466619507,0.0,15.842585730736674,4.0,2004.0,0.0,0.0,89.29999999870051,44579.099999631784,8.100000000004911,1273.2000000000417,49.6499999992775,24839.549999778785,0.0,0.0,0.0,0.0,0.0,0.0,9.930000000000291,4967.910000000005,496.5,248395.5,0.0,88.0,506.429999999993,253363.41000000067,0.0,0.0,1605.8291269160109,624835.9466619507
706,2021-12-07,2021,True,101.93150684931507,992,992,1088,423632.37238374795,1485.399709924991,51954,31,0.0,0.8285919049921164,0.16278655276239085,0.15959585524201964,0.13282592742383192,0.3838847493871798,0.9675554435483872,0.1327730410047297,622364.0163718761,0,False,False,True,"{""0"":null,""1"":null,""2"":null,""3"":null}",992.0,701075.0,992.0,497783.0,992.0,497783.0,845.7767056211596,423632.37238374795,845.7767056211596,0.0,0.0,1485.399709924939,626321.3463718756,0.0,15.842585730736674,4.0,2008.0,0.0,0.0,89.19999999870197,44668.299999630486,0.0,1273.2000000000417,49.599999999278225,24889.149999778063,0.0,0.0,0.0,0.0,0.0,0.0,9.920000000000073,4977.830000000005,496.0,248891.5,0.0,88.0,505.9200000000128,253869.3300000007,0.0,0.0,1485.399709924939,626321.3463718756
707,2021-12-08,2021,True,101.93424657534247,993,993,1089,424478.99473458104,1440.7206473387998,52056,50,0.0,0.8208184868244035,0.16523337680847558,0.15951631425862134,0.13221623844113523,0.38389534758192645,0.9671752265861027,0.15815206106056637,623297.3070192148,0,False,False,True,"{""0"":null,""1"":null,""2"":null,""3"":null}",993.0,702068.0,993.0,498776.0,993.0,498776.0,846.6223508330877,424478.99473458104,846.6223508330877,0.0,0.0,1440.7206473387778,627762.0670192144,0.0,15.842585730736674,4.0,2012.0,0.0,0.0,89.29999999870051,44757.59999962919,0.0,1273.2000000000417,49.6499999992775,24938.79999977734,0.0,0.0,0.0,0.0,0.0,0.0,9.930000000000291,4987.760000000006,496.5,249388.0,1.0,89.0,506.429999999993,254375.76000000068,0.0,0.0,1440.7206473387778,627762.0670192144
708,2021-12-09,2021,True,101.93698630136986,992,992,1089,425324.8132647179,1356.2968435369287,52175,49,0.0,0.8245586990773595,0.17247170238740991,0.15924719560977466,0.1319724165938646,0.3836472553202913,0.9672530241935484,0.18177023917327423,624147.6838627517,0,False,False,True,"{""0"":null,""1"":null,""2"":null,""3"":null}",992.0,703060.0,992.0,499768.0,992.0,499768.0,845.8185301368358,425324.8132647179,845.8185301368358,0.0,0.0,1356.2968435368966,629118.3638627513,0.0,15.842585730736674,4.0,2016.0,0.0,0.0,89.19999999870197,44846.79999962789,2.2500000000013642,1275.450000000043,49.599999999278225,24988.39999977662,0.0,0.0,0.0,0.0,0.0,0.0,9.920000000000073,4997.680000000006,496.0,249884.0,0.0,89.0,505.9200000000128,254881.6800000007,0.0,0.0,1356.2968435368966,629118.3638627513
709,2021-12-10,2021,True,101.93972602739726,992,992,1089,426170.6317948547,1288.0894552114505,52265,47,0.0,0.8084663323530508,0.16804811605670814,0.15924211667648105,0.13210239489399028,0.3836472553202913,0.967444556451613,0.20344485994794587,624929.8533179631,0,False,False,True,"{""0"":null,""1"":null,""2"":null,""3"":null}",992.0,704052.0,992.0,500760.0,992.0,500760.0,845.8185301368358,426170.6317948547,845.8185301368358,0.0,0.0,1288.0894552114187,630406.4533179627,0.0,15.842585730736674,4.0,2020.0,0.0,0.0,89.19999999870197,44935.99999962659,2.400000000001455,1277.8500000000445,49.599999999278225,25037.999999775897,0.0,0.0,0.0,0.0,0.0,0.0,9.920000000000073,5007.600000000006,496.0,250380.0,0.0,89.0,505.9200000000128,255387.6000000007,0.0,0.0,1288.0894552114187,630406.4533179627
710,2021-12-11,2021,False,101.94246575342466,992,0,1089,426170.6317948547,0.0,51400,47,0.0,,,0.15925777029587035,0.13216583212406544,0.3836472553202913,0.9680090725806452,0.1263610167411761,624929.8533179631,0,False,False,True,"{""0"":null,""1"":null,""2"":null,""3"":null}",992.0,705044.0,0.0,500760.0,0.0,500760.0,0.0,426170.6317948547,0.0,0.0,0.0,0.0,630406.4533179627,0.0,15.842585730736674,0.0,2020.0,0.0,0.0,0.0,44935.99999962659,0.0,1277.8500000000445,0.0,25037.999999775897,0.0,0.0,0.0,0.0,0.0,0.0,0.0,5007.600000000006,0.0,250380.0,0.0,89.0,0.0,255387.6000000007,0.0,0.0,0.0,630406.4533179627
711,2021-12-12,2021,False,101.94520547945206,992,0,1089,426170.6317948547,0.0,51400,47,0.0,,,0.15925777029587035,0.13216583212406546,0.3836472553202913,0.9680090725806452,0.0761408872452134,624929.8533179631,0,False,False,True,"{""0"":null,""1"":null,""2"":null,""3"":null}",992.0,706036.0,0.0,500760.0,0.0,500760.0,0.0,426170.6317948547,0.0,0.0,0.0,0.0,630406.4533179627,0.0,15.842585730736674,0.0,2020.0,0.0,0.0,0.0,44935.99999962659,0.0,1277.8500000000445,0.0,25037.999999775897,0.0,0.0,0.0,0.0,0.0,0.0,0.0,5007.600000000006,0.0,250380.0,0.0,89.0,0.0,255387.6000000007,0.0,0.0,0.0,630406.4533179627
712,2021-12-13,2021,True,101.94794520547946,991,991,1089,427015.68166370486,1594.5088569235759,52391,15,0.0,0.8516624287406909,0.13466257397043793,0.15912526794157694,0.1320560527780649,0.38371308504561413,0.9672603430877901,0.10564347080744468,626018.9521748866,0,False,False,True,"{""0"":null,""1"":null,""2"":null,""3"":null}",991.0,707027.0,991.0,501751.0,991.0,501751.0,845.0498688501539,427015.68166370486,845.0498688501539,0.0,0.0,1594.5088569235522,632000.9621748863,0.0,15.842585730736674,4.0,2024.0,0.0,0.0,89.09999999870342,45025.099999625294,7.050000000004275,1284.9000000000487,49.54999999927895,25087.549999775176,0.0,0.0,0.0,0.0,0.0,0.0,9.909999999999854,5017.510000000006,495.5,250875.5,0.0,89.0,505.4100000000035,255893.0100000007,0.0,0.0,1594.5088569235522,632000.9621748863
713,2021-12-14,2021,True,101.95068493150686,992,992,1090,427861.6593108147,1497.581877497861,52456,25,0.0,0.8547957010227143,0.14902718137146398,0.1592027011598776,0.13168175927037207,0.38396117730724927,0.9670866935483872,0.13302792743539155,627009.6140523844,0,False,False,True,"{""0"":null,""1"":null,""2"":null,""3"":null}",992.0,708019.0,992.0,502743.0,992.0,502743.0,845.9776471098303,427861.6593108147,845.9776471098303,0.0,0.0,1497.5818774978397,633498.5440523841,0.0,15.842585730736674,4.0,2028.0,0.0,0.0,89.19999999870197,45114.299999623996,0.0,1284.9000000000487,49.599999999278225,25137.149999774454,0.0,0.0,0.0,0.0,0.0,0.0,9.920000000000073,5027.430000000006,496.0,251371.5,1.0,90.0,505.9200000000128,256398.93000000072,0.0,0.0,1497.5818774978397,633498.5440523841
714,2021-12-15,2021,True,101.95342465753424,992,992,1090,428707.6369579245,1431.8126014833563,52544,46,0.0,0.8356950067476383,0.15785978736739587,0.15921467748410922,0.13172888697375107,0.38396117730724927,0.9668145161290324,0.15843249043436844,627935.5066538677,0,False,False,True,"{""0"":null,""1"":null,""2"":null,""3"":null}",992.0,709011.0,992.0,503735.0,992.0,503735.0,845.9776471098303,428707.6369579245,845.9776471098303,0.0,0.0,1431.8126014833106,634930.3566538674,0.0,15.842585730736674,4.0,2032.0,0.0,0.0,89.19999999870197,45203.4999996227,0.0,1284.9000000000487,49.599999999278225,25186.749999773732,0.0,0.0,0.0,0.0,0.0,0.0,9.920000000000073,5037.350000000006,496.0,251867.5,0.0,90.0,505.9200000000128,256904.85000000073,0.0,0.0,1431.8126014833106,634930.3566538674
715,2021-12-16,2021,True,101.95616438356164,992,992,1090,429553.61460503435,1377.3322566115926,52655,55,0.0,0.8114604165650456,0.20128421844819672,0.1592325009039901,0.13185731166780623,0.38396117730724927,0.9666129032258064,0.18191706959830234,628806.9189104792,0,False,False,True,"{""0"":null,""1"":null,""2"":null,""3"":null}",992.0,710003.0,992.0,504727.0,992.0,504727.0,845.9776471098303,429553.61460503435,845.9776471098303,0.0,0.0,1377.332256611553,636307.688910479,0.0,15.842585730736674,4.0,2036.0,0.0,0.0,89.19999999870197,45292.6999996214,2.2500000000013642,1287.15000000005,49.599999999278225,25236.34999977301,0.0,0.0,0.0,0.0,0.0,0.0,9.920000000000073,5047.270000000006,496.0,252363.5,0.0,90.0,505.9200000000128,257410.77000000075,0.0,0.0,1377.332256611553,636307.688910479
716,2021-12-17,2021,True,101.95890410958904,992,992,1090,430399.5922521442,1309.6458183582124,52761,59,0.0,0.8206672845227062,0.18791400565249505,0.15921459655766637,0.13193823332043064,0.38396117730724927,0.9668951612903226,0.20356759009689832,629610.6447288373,0,False,False,True,"{""0"":null,""1"":null,""2"":null,""3"":null}",992.0,710995.0,992.0,505719.0,992.0,505719.0,845.9776471098303,430399.5922521442,845.9776471098303,0.0,0.0,1309.6458183581708,637617.3347288371,0.0,15.842585730736674,4.0,2040.0,0.0,0.0,89.19999999870197,45381.8999996201,1.5000000000009095,1288.650000000051,49.599999999278225,25285.94999977229,0.0,0.0,0.0,0.0,0.0,0.0,9.920000000000073,5057.190000000006,496.0,252859.5,0.0,90.0,505.9200000000128,257916.69000000076,0.0,0.0,1309.6458183581708,637617.3347288371
717,2021-12-18,2021,False,101.96164383561644,992,0,1090,430399.5922521442,0.0,51900,59,0.0,,,0.15922209696951053,0.13204735955509286,0.38396117730724927,0.9676915322580646,0.12639770540567513,629610.6447288373,0,False,False,True,"{""0"":null,""1"":null,""2"":null,""3"":null}",992.0,711987.0,0.0,505719.0,0.0,505719.0,0.0,430399.5922521442,0.0,0.0,0.0,0.0,637617.3347288371,0.0,15.842585730736674,0.0,2040.0,0.0,0.0,0.0,45381.8999996201,0.0,1288.650000000051,0.0,25285.94999977229,0.0,0.0,0.0,0.0,0.0,0.0,0.0,5057.190000000006,0.0,252859.5,0.0,90.0,0.0,257916.69000000076,0.0,0.0,0.0,637617.3347288371
718,2021-12-19,2021,False,101.96438356164384,990,0,1090,430399.5922521442,0.0,51900,59,0.0,,,0.15912247576442218,0.13234968767404082,0.3837024868508675,0.9686363636363636,0.07620131709467115,629610.6447288373,0,False,False,True,"{""0"":null,""1"":null,""2"":null,""3"":null}",990.0,712977.0,0.0,505719.0,0.0,505719.0,0.0,430399.5922521442,0.0,0.0,0.0,0.0,637617.3347288371,0.0,15.842585730736674,0.0,2040.0,0.0,0.0,0.0,45381.8999996201,0.0,1288.650000000051,0.0,25285.94999977229,0.0,0.0,0.0,0.0,0.0,0.0,0.0,5057.190000000006,0.0,252859.5,0.0,90.0,0.0,257916.69000000076,0.0,0.0,0.0,637617.3347288371
719,2021-12-20,2021,True,101.96712328767123,990,990,1090,431243.93975452456,1594.3401668600643,52905,22,0.0,0.841322909328123,0.1413082756184723,0.15912247576442215,0.13234968767404084,0.3837024868508675,0.9678181818181818,0.10557956890842932,630700.0848956973,0,False,False,True,"{""0"":null,""1"":null,""2"":null,""3"":null}",990.0,713967.0,990.0,506709.0,990.0,506709.0,844.3475023803767,431243.93975452456,844.3475023803767,0.0,0.0,1594.3401668600272,639211.6748956972,0.0,15.842585730736674,4.0,2044.0,0.0,0.0,88.99999999870488,45470.89999961881,8.850000000005366,1297.5000000000564,49.49999999927968,25335.44999977157,0.0,0.0,0.0,0.0,0.0,0.0,9.899999999999636,5067.090000000006,495.0,253354.5,0.0,90.0,504.8999999999942,258421.59000000075,0.0,0.0,1594.3401668600272,639211.6748956972
720,2021-12-21,2021,True,101.96986301369863,990,990,1090,432088.28725690494,1541.1957777897303,52940,43,0.0,0.8262548345079544,0.1671763891514003,0.1591490064649781,0.13244316624353047,0.3837024868508675,0.9680555555555556,0.13296975985084925,631736.380673487,0,False,False,True,"{""0"":null,""1"":null,""2"":null,""3"":null}",990.0,714957.0,990.0,507699.0,990.0,507699.0,844.3475023803767,432088.28725690494,844.3475023803767,0.0,0.0,1541.1957777896896,640752.8706734868,0.0,15.842585730736674,4.0,2048.0,0.0,0.0,88.99999999870488,45559.89999961751,0.0,1297.5000000000564,49.49999999927968,25384.949999770848,0.0,0.0,0.0,0.0,0.0,0.0,9.899999999999636,5076.990000000005,495.0,253849.5,0.0,90.0,504.8999999999942,258926.49000000075,0.0,0.0,1541.1957777896896,640752.8706734868
721,2021-12-22,2021,True,101.97260273972603,990,990,1090,432932.6347592853,1442.496233246433,53049,59,0.27715003160850366,0.8111948577908342,0.18743096350661687,0.15915433149053165,0.1325212929806811,0.3837024868508675,0.9680808080808081,0.15838435780353466,632673.9769067334,0,False,False,True,"{""0"":null,""1"":null,""2"":null,""3"":null}",990.0,715947.0,990.0,508689.0,990.0,508689.0,844.3475023803767,432932.6347592853,844.3475023803767,0.0,0.0,1442.4962332464056,642195.3669067333,0.27715003160850493,16.11973576234518,4.0,2052.0,0.0,0.0,88.99999999870488,45648.89999961622,0.0,1297.5000000000564,49.49999999927968,25434.449999770128,0.0,0.0,0.0,0.0,0.0,0.0,9.899999999999636,5086.890000000005,495.0,254344.5,0.0,90.0,504.8999999999942,259431.39000000074,0.0,0.0,1442.4962332464056,642195.3669067333
722,2021-12-23,2021,True,101.97534246575343,989,989,1090,433776.27390246803,1397.5239658628088,53160,59,0.0,0.8332448598485207,0.15469875537872935,0.15911892994097848,0.13249675955826556,0.38369188865612086,0.9679524772497472,0.1819487412458072,633567.1108725962,0,False,False,True,"{""0"":null,""1"":null,""2"":null,""3"":null}",989.0,716936.0,989.0,509678.0,989.0,509678.0,843.6391431827215,433776.27390246803,843.6391431827215,0.0,0.0,1397.5239658628125,643592.8908725961,0.0,16.11973576234518,4.0,2056.0,0.0,0.0,88.89999999870633,45737.79999961492,3.300000000002001,1300.8000000000584,49.44999999928041,25483.899999769408,0.0,0.0,0.0,0.0,0.0,0.0,9.890000000000327,5096.780000000005,494.5,254839.0,0.0,90.0,504.39000000001397,259935.78000000076,0.0,0.0,1397.5239658628125,643592.8908725961
723,2021-12-24,2021,True,101.97808219178083,990,990,1092,434620.74766515696,1300.8219579228748,53276,52,0.0,0.83641710672503,0.16440275873261972,0.1589127078436,0.13096917226587296,0.3837024868508675,0.9677979797979798,0.20320764195470087,634361.032830519,0,False,False,True,"{""0"":null,""1"":null,""2"":null,""3"":null}",990.0,717926.0,990.0,510668.0,990.0,510668.0,844.4737626889255,434620.74766515696,844.4737626889255,0.0,0.0,1300.8219579228899,644893.712830519,0.0,16.11973576234518,4.0,2060.0,0.0,0.0,88.99999999870488,45826.79999961363,3.15000000000191,1303.9500000000603,49.49999999927968,25533.399999768688,0.0,0.0,0.0,0.0,0.0,0.0,9.899999999999636,5106.680000000005,495.0,255334.0,2.0,92.0,504.8999999999942,260440.68000000075,0.0,0.0,1300.8219579228899,644893.712830519
724,2021-12-25,2021,False,101.98082191780821,990,0,1092,434620.74766515696,0.0,52400,52,0.0,,,0.15893166830552147,0.13109199811797237,0.3837024868508675,0.9687222222222222,0.1258651586358958,634361.032830519,0,False,False,True,"{""0"":null,""1"":null,""2"":null,""3"":null}",990.0,718916.0,0.0,510668.0,0.0,510668.0,0.0,434620.74766515696,0.0,0.0,0.0,0.0,644893.712830519,0.0,16.11973576234518,0.0,2060.0,0.0,0.0,0.0,45826.79999961363,0.0,1303.9500000000603,0.0,25533.399999768688,0.0,0.0,0.0,0.0,0.0,0.0,0.0,5106.680000000005,0.0,255334.0,0.0,92.0,0.0,260440.68000000075,0.0,0.0,0.0,644893.712830519
725,2021-12-26,2021,False,101.98356164383561,989,0,1092,434620.74766515696,0.0,52400,52,0.0,,,0.15882301323031212,0.13102838136762562,0.38376831657619026,0.968690596562184,0.07567140178372579,634361.032830519,0,False,False,True,"{""0"":null,""1"":null,""2"":null,""3"":null}",989.0,719905.0,0.0,510668.0,0.0,510668.0,0.0,434620.74766515696,0.0,0.0,0.0,0.0,644893.712830519,0.0,16.11973576234518,0.0,2060.0,0.0,0.0,0.0,45826.79999961363,0.0,1303.9500000000603,0.0,25533.399999768688,0.0,0.0,0.0,0.0,0.0,0.0,0.0,5106.680000000005,0.0,255334.0,0.0,92.0,0.0,260440.68000000075,0.0,0.0,0.0,644893.712830519
726,2021-12-27,2021,True,101.98630136986301,989,989,1092,435464.2478757908,1605.100444795748,53401,14,0.10934945433802708,0.854428179787383,0.13914998559473823,0.1588230132303121,0.13102838136762562,0.38376831657619026,0.9679625884732053,0.10500829480940456,635461.7432753148,0,False,False,True,"{""0"":null,""1"":null,""2"":null,""3"":null}",989.0,720894.0,989.0,511657.0,989.0,511657.0,843.5002106338507,435464.2478757908,843.5002106338507,0.0,0.0,1605.1004447957966,646498.8132753148,0.10934945433802667,16.229085216683206,4.0,2064.0,0.0,0.0,88.89999999870633,45915.699999612334,7.800000000004729,1311.750000000065,49.44999999928041,25582.84999976797,0.0,0.0,0.0,0.0,0.0,0.0,9.890000000000327,5116.570000000005,494.5,255828.5,0.0,92.0,504.39000000001397,260945.07000000076,0.0,0.0,1605.1004447957966,646498.8132753148
727,2021-12-28,2021,True,101.98904109589041,988,988,1092,436306.81514174753,1533.2692102108251,53436,33,0.26968912594580535,0.8401164436312547,0.1530635016744563,0.15908508573945457,0.13124582445635005,0.3839652164658678,0.9679504048582996,0.13230771545987882,636491.1324855256,0,False,False,True,"{""0"":null,""1"":null,""2"":null,""3"":null}",988.0,721882.0,988.0,512645.0,988.0,512645.0,842.5672659567208,436306.81514174753,842.5672659567208,0.0,0.0,1533.2692102107685,648032.0824855255,0.2696891259458063,16.498774342629012,4.0,2068.0,0.0,0.0,88.79999999870779,46004.49999961104,0.0,1311.750000000065,49.399999999281135,25632.24999976725,0.0,0.0,0.0,0.0,0.0,0.0,9.88000000000011,5126.450000000005,494.0,256322.5,0.0,92.0,503.88000000000466,261448.95000000077,0.0,0.0,1533.2692102107685,648032.0824855255
728,2021-12-29,2021,True,101.99178082191781,988,988,1092,437149.38240770425,1437.86417199063,53544,43,0.0,0.832158544116149,0.16188576781487918,0.1590848660105657,0.13137912347834918,0.3839652164658678,0.967904858299595,0.15764504076058708,637425.1166575162,0,False,False,True,"{""0"":null,""1"":null,""2"":null,""3"":null}",988.0,722870.0,988.0,513633.0,988.0,513633.0,842.5672659567208,437149.38240770425,842.5672659567208,0.0,0.0,1437.864171990659,649469.9466575162,0.0,16.498774342629012,4.0,2072.0,0.0,0.0,88.79999999870779,46093.29999960975,0.0,1311.750000000065,49.399999999281135,25681.64999976653,0.0,0.0,0.0,0.0,0.0,0.0,9.88000000000011,5136.330000000005,494.0,256816.5,0.0,92.0,503.88000000000466,261952.83000000077,0.0,0.0,1437.864171990659,649469.9466575162
729,2021-12-30,2021,True,101.9945205479452,988,988,1092,437991.949673661,1387.8689850151688,53646,52,0.0,0.841235469847663,0.14697279325328422,0.15915875676007935,0.13149438296399768,0.3839652164658678,0.9677074898785425,0.18109038903714098,638309.1056425314,0,False,False,True,"{""0"":null,""1"":null,""2"":null,""3"":null}",988.0,723858.0,988.0,514621.0,988.0,514621.0,842.5672659567208,437991.949673661,842.5672659567208,0.0,0.0,1387.8689850152005,650857.8156425314,0.0,16.498774342629012,4.0,2076.0,0.0,0.0,88.79999999870779,46182.09999960846,2.1000000000012733,1313.8500000000663,49.399999999281135,25731.04999976581,0.0,0.0,0.0,0.0,0.0,0.0,9.88000000000011,5146.2100000000055,494.0,257310.5,0.0,92.0,503.88000000000466,262456.7100000008,0.0,0.0,1387.8689850152005,650857.8156425314
730,2021-12-31,2021,True,101.9972602739726,988,988,1092,438834.5169396177,1314.2768689809905,53763,52,0.0,0.8108860294520228,0.18357277025988744,0.1591212495628198,0.13154614180706908,0.3839652164658678,0.9679251012145749,0.20267928764798596,639119.5025115124,0,False,False,True,"{""0"":null,""1"":null,""2"":null,""3"":null}",988.0,724846.0,988.0,515609.0,988.0,515609.0,842.5672659567208,438834.5169396177,842.5672659567208,0.0,0.0,1314.27686898096,652172.0925115123,0.0,16.498774342629012,4.0,2080.0,0.0,0.0,88.79999999870779,46270.899999607165,2.850000000001728,1316.700000000068,49.399999999281135,25780.449999765093,0.0,0.0,0.0,0.0,0.0,0.0,9.88000000000011,5156.090000000006,494.0,257804.5,0.0,92.0,503.88000000000466,262960.5900000008,0.0,0.0,1314.27686898096,652172.0925115123
731,2022-01-01,2022,False,102.0,988,0,1092,438834.5169396177,0.0,52900,52,0.0,,,0.15914239575672703,0.1316931632627643,0.3839652164658678,0.9687854251012146,0.1254572630501388,639119.5025115124,0,False,False,True,"{""0"":null,""1"":null,""2"":null,""3"":null}",988.0,725834.0,0.0,515609.0,0.0,515609.0,0.0,438834.5169396177,0.0,0.0,0.0,0.0,652172.0925115123,0.0,16.498774342629012,0.0,2080.0,0.0,0.0,0.0,46270.899999607165,0.0,1316.700000000068,0.0,25780.449999765093,0.0,0.0,0.0,0.0,0.0,0.0,0.0,5156.090000000006,0.0,257804.5,0.0,92.0,0.0,262960.5900000008,0.0,0.0,0.0,652172.0925115123
732,2022-01-02,2022,False,102.0027397260274,989,0,1093,438834.5169396177,0.0,52900,52,0.0,,,0.15886010712750426,0.13076236477987477,0.3837714914056587,0.9685136501516683,0.07520784033079565,639118.5025115124,0,False,False,True,"{""0"":null,""1"":null,""2"":null,""3"":null}",989.0,726823.0,0.0,515609.0,0.0,515609.0,0.0,438834.5169396177,0.0,0.0,0.0,0.0,652172.0925115123,0.0,16.498774342629012,0.0,2080.0,0.0,0.0,0.0,46270.899999607165,0.0,1316.700000000068,0.0,25780.449999765093,0.0,0.0,0.0,0.0,0.0,0.0,0.0,5156.090000000006,0.0,257804.5,1.0,93.0,0.0,262960.5900000008,0.0,0.0,0.0,652172.0925115123
733,2022-01-03,2022,True,102.0054794520548,989,989,1093,439677.8258657355,1644.7725461542636,53890,15,0.0,0.852373791621912,0.15075963319324365,0.15886010712750426,0.1307623647798748,0.3837714914056587,0.967618806875632,0.10449023835790766,640258.8850576666,0,False,False,True,"{""0"":null,""1"":null,""2"":null,""3"":null}",989.0,727812.0,989.0,516598.0,989.0,516598.0,843.3089261177811,439677.8258657355,843.3089261177811,0.0,0.0,1644.772546154214,653816.8650576666,0.0,16.498774342629012,4.0,2084.0,0.0,0.0,88.89999999870633,46359.79999960587,7.800000000004729,1324.5000000000728,49.44999999928041,25829.899999764373,0.0,0.0,0.0,0.0,0.0,0.0,9.890000000000327,5165.980000000006,494.5,258299.0,0.0,93.0,504.39000000001397,263464.9800000008,0.0,0.0,1644.772546154214,653816.8650576666
734,2022-01-04,2022,True,102.00821917808219,989,989,1093,440521.13479185326,1529.238880372521,53945,34,0.02138836323473392,0.8391546723952739,0.1506002764849084,0.1588559350254598,0.130834787729601,0.3837714914056587,0.9679271991911021,0.13179150319377447,641283.733938039,0,False,False,True,"{""0"":null,""1"":null,""2"":null,""3"":null}",989.0,728801.0,989.0,517587.0,989.0,517587.0,843.3089261177811,440521.13479185326,843.3089261177811,0.0,0.0,1529.2388803724898,655346.103938039,0.021388363234734697,16.520162705863747,4.0,2088.0,0.0,0.0,88.89999999870633,46448.69999960458,0.0,1324.5000000000728,49.44999999928041,25879.349999763654,0.0,0.0,0.0,0.0,0.0,0.0,9.890000000000327,5175.870000000006,494.5,258793.5,0.0,93.0,504.39000000001397,263969.3700000008,0.0,0.0,1529.2388803724898,655346.103938039
735,2022-01-05,2022,True,102.01095890410959,988,988,1093,441363.5191588814,1479.2403657074465,54047,46,0.0,0.8352347251135075,0.16338295332910227,0.15870339228055155,0.13074309768039188,0.383760893210912,0.9678593117408907,0.15705801996040444,642259.0943037465,0,False,False,True,"{""0"":null,""1"":null,""2"":null,""3"":null}",988.0,729789.0,988.0,518575.0,988.0,518575.0,842.3843670281349,441363.5191588814,842.3843670281349,0.0,0.0,1479.240365707432,656825.3443037465,0.0,16.520162705863747,4.0,2092.0,0.0,0.0,88.79999999870779,46537.499999603286,0.0,1324.5000000000728,49.399999999281135,25928.749999762935,0.0,0.0,0.0,0.0,0.0,0.0,9.88000000000011,5185.750000000006,494.0,259287.5,0.0,93.0,503.88000000000466,264473.2500000008,0.0,0.0,1479.240365707432,656825.3443037465
736,2022-01-06,2022,True,102.01369863013699,988,988,1093,442205.9035259095,1390.8038619483088,54157,48,0.0,0.8158150502227157,0.17914603728695386,0.1587418237639631,0.13077257856441132,0.383760893210912,0.9678137651821863,0.18048132178276374,643146.0181656948,0,False,False,True,"{""0"":null,""1"":null,""2"":null,""3"":null}",988.0,730777.0,988.0,519563.0,988.0,519563.0,842.3843670281349,442205.9035259095,842.3843670281349,0.0,0.0,1390.8038619483123,658216.1481656948,0.0,16.520162705863747,4.0,2096.0,0.0,0.0,88.79999999870779,46626.29999960199,2.2500000000013642,1326.7500000000741,49.399999999281135,25978.149999762216,0.0,0.0,0.0,0.0,0.0,0.0,9.88000000000011,5195.6300000000065,494.0,259781.5,0.0,93.0,503.88000000000466,264977.1300000008,0.0,0.0,1390.8038619483123,658216.1481656948
737,2022-01-07,2022,True,102.01643835616439,988,988,1094,443048.3566803282,1303.728297221301,54262,48,0.0,0.7965609756097561,0.21310015112764474,0.15880918653876175,0.13023951729882707,0.3835533951264879,0.967661943319838,0.202161939803674,643944.8664629161,0,False,False,True,"{""0"":null,""1"":null,""2"":null,""3"":null}",988.0,731765.0,988.0,520551.0,988.0,520551.0,842.4531544186757,443048.3566803282,842.4531544186757,0.0,0.0,1303.728297221358,659519.8764629161,0.0,16.520162705863747,4.0,2100.0,0.0,0.0,88.79999999870779,46715.0999996007,2.850000000001728,1329.6000000000759,49.399999999281135,26027.549999761497,0.0,0.0,0.0,0.0,0.0,0.0,9.88000000000011,5205.510000000007,494.0,260275.5,1.0,94.0,503.88000000000466,265481.0100000008,0.0,0.0,1303.728297221358,659519.8764629161
738,2022-01-08,2022,False,102.01917808219179,988,0,1094,443048.3566803282,0.0,53400,48,0.0,,,0.15881632238632898,0.13039252039582166,0.3835533951264879,0.968415991902834,0.12490906519608096,643944.8664629161,0,False,False,True,"{""0"":null,""1"":null,""2"":null,""3"":null}",988.0,732753.0,0.0,520551.0,0.0,520551.0,0.0,443048.3566803282,0.0,0.0,0.0,0.0,659519.8764629161,0.0,16.520162705863747,0.0,2100.0,0.0,0.0,0.0,46715.0999996007,0.0,1329.6000000000759,0.0,26027.549999761497,0.0,0.0,0.0,0.0,0.0,0.0,0.0,5205.510000000007,0.0,260275.5,0.0,94.0,0.0,265481.0100000008,0.0,0.0,0.0,659519.8764629161
739,2022-01-09,2022,False,102.02191780821917,989,0,1095,443048.3566803282,0.0,53400,48,0.0,,,0.15876371044811113,0.12965086221191507,0.38356399332123453,0.96814459049545,0.07476015848956705,643943.8664629161,0,False,False,True,"{""0"":null,""1"":null,""2"":null,""3"":null}",989.0,733742.0,0.0,520551.0,0.0,520551.0,0.0,443048.3566803282,0.0,0.0,0.0,0.0,659519.8764629161,0.0,16.520162705863747,0.0,2100.0,0.0,0.0,0.0,46715.0999996007,0.0,1329.6000000000759,0.0,26027.549999761497,0.0,0.0,0.0,0.0,0.0,0.0,0.0,5205.510000000007,0.0,260275.5,1.0,95.0,0.0,265481.0100000008,0.0,0.0,0.0,659519.8764629161
740,2022-01-10,2022,True,102.02465753424657,989,989,1095,443891.80342819565,1618.7855756057904,54396,18,0.0,0.8626641321878805,0.12650146374172178,0.15876371044811113,0.12965086221191507,0.38356399332123453,0.9674974721941355,0.10410754326850843,645058.2620385219,0,False,False,True,"{""0"":null,""1"":null,""2"":null,""3"":null}",989.0,734731.0,989.0,521540.0,989.0,521540.0,843.4467478674487,443891.80342819565,843.4467478674487,0.0,0.0,1618.7855756058125,661138.662038522,0.0,16.520162705863747,4.0,2104.0,0.0,0.0,88.89999999870633,46803.99999959941,7.200000000004366,1336.8000000000802,49.44999999928041,26076.999999760777,0.0,0.0,0.0,0.0,0.0,0.0,9.890000000000327,5215.400000000007,494.5,260770.0,0.0,95.0,504.39000000001397,265985.40000000084,0.0,0.0,1618.7855756058125,661138.662038522
741,2022-01-11,2022,True,102.02739726027397,989,989,1095,444735.2501760631,1507.6367985462764,54432,44,0.0,0.8503593035120635,0.14126974960673527,0.1587342347401169,0.12980296452308857,0.38356399332123453,0.9674924165824065,0.1314703188002639,646061.5088370682,0,False,False,True,"{""0"":null,""1"":null,""2"":null,""3"":null}",989.0,735720.0,989.0,522529.0,989.0,522529.0,843.4467478674487,444735.2501760631,843.4467478674487,0.0,0.0,1507.6367985463003,662646.2988370683,0.0,16.520162705863747,4.0,2108.0,0.0,0.0,88.89999999870633,46892.899999598114,0.0,1336.8000000000802,49.44999999928041,26126.449999760058,0.0,0.0,0.0,0.0,0.0,0.0,9.890000000000327,5225.290000000007,494.5,261264.5,0.0,95.0,504.39000000001397,266489.79000000085,0.0,0.0,1507.6367985463003,662646.2988370683
742,2022-01-12,2022,True,102.03013698630137,989,989,1095,445578.69692393055,1466.6711558434458,54551,56,0.0,0.8201688884500181,0.18564929472084632,0.15876502169380152,0.1297920994788469,0.38356399332123453,0.9674368048533872,0.1568947120665145,647023.7899929116,0,False,False,True,"{""0"":null,""1"":null,""2"":null,""3"":null}",989.0,736709.0,989.0,523518.0,989.0,523518.0,843.4467478674487,445578.69692393055,843.4467478674487,0.0,0.0,1466.671155843418,664112.9699929117,0.0,16.520162705863747,4.0,2112.0,0.0,0.0,88.89999999870633,46981.79999959682,0.0,1336.8000000000802,49.44999999928041,26175.89999975934,0.0,0.0,0.0,0.0,0.0,0.0,9.890000000000327,5235.180000000008,494.5,261759.0,0.0,95.0,504.39000000001397,266994.18000000087,0.0,0.0,1466.671155843418,664112.9699929117
743,2022-01-13,2022,True,102.03287671232877,990,990,1096,446423.0690860816,1386.1351463349547,54664,51,0.0,0.8082361015108126,0.18591544505363983,0.15871972001091095,0.12913086428521503,0.38357459151598117,0.9673737373737374,0.18038518909185153,647904.0251392466,0,False,False,True,"{""0"":null,""1"":null,""2"":null,""3"":null}",990.0,737699.0,990.0,524508.0,990.0,524508.0,844.372162151034,446423.0690860816,844.372162151034,0.0,0.0,1386.1351463350002,665499.1051392467,0.0,16.520162705863747,4.0,2116.0,0.0,0.0,88.99999999870488,47070.799999595525,2.700000000001637,1339.5000000000819,49.49999999927968,26225.399999758618,0.0,0.0,0.0,0.0,0.0,0.0,9.899999999999636,5245.080000000007,495.0,262254.0,1.0,96.0,504.9000000000233,267499.0800000009,0.0,0.0,1386.1351463350002,665499.1051392467
744,2022-01-14,2022,True,102.03561643835616,990,990,1096,447267.4412482326,1331.4936136263939,54770,40,0.0,0.8071228728481616,0.1905009447684315,0.1587186203443844,0.12922828875661826,0.38357459151598117,0.9672575757575758,0.20209685428845503,648730.6187528729,0,False,False,True,"{""0"":null,""1"":null,""2"":null,""3"":null}",990.0,738689.0,990.0,525498.0,990.0,525498.0,844.372162151034,447267.4412482326,844.372162151034,0.0,0.0,1331.4936136263423,666830.598752873,0.0,16.520162705863747,4.0,2120.0,0.0,0.0,88.99999999870488,47159.79999959423,3.9000000000023647,1343.4000000000842,49.49999999927968,26274.899999757898,0.0,0.0,0.0,0.0,0.0,0.0,9.899999999999636,5254.980000000007,495.0,262749.0,0.0,96.0,504.9000000000233,268003.9800000009,0.0,0.0,1331.4936136263423,666830.598752873
745,2022-01-15,2022,False,102.03835616438356,990,0,1096,447267.4412482326,0.0,53900,40,0.0,,,0.15873735830408145,0.1293168067372132,0.38357459151598117,0.9679141414141414,0.12480197205327048,648730.6187528729,0,False,False,True,"{""0"":null,""1"":null,""2"":null,""3"":null}",990.0,739679.0,0.0,525498.0,0.0,525498.0,0.0,447267.4412482326,0.0,0.0,0.0,0.0,666830.598752873,0.0,16.520162705863747,0.0,2120.0,0.0,0.0,0.0,47159.79999959423,0.0,1343.4000000000842,0.0,26274.899999757898,0.0,0.0,0.0,0.0,0.0,0.0,0.0,5254.980000000007,0.0,262749.0,0.0,96.0,0.0,268003.9800000009,0.0,0.0,0.0,666830.598752873
746,2022-01-16,2022,False,102.04109589041096,989,0,1096,447267.4412482326,0.0,53900,40,0.0,,,0.15864210523253303,0.1291832618265584,0.38356399332123453,0.967881698685541,0.07484384424684745,648730.6187528729,0,False,False,True,"{""0"":null,""1"":null,""2"":null,""3"":null}",989.0,740668.0,0.0,525498.0,0.0,525498.0,0.0,447267.4412482326,0.0,0.0,0.0,0.0,666830.598752873,0.0,16.520162705863747,0.0,2120.0,0.0,0.0,0.0,47159.79999959423,0.0,1343.4000000000842,0.0,26274.899999757898,0.0,0.0,0.0,0.0,0.0,0.0,0.0,5254.980000000007,0.0,262749.0,0.0,96.0,0.0,268003.9800000009,0.0,0.0,0.0,666830.598752873
747,2022-01-17,2022,True,102.04383561643836,989,989,1096,448111.0069953616,1622.8719426764076,54893,16,0.026535353852018603,0.861497613640104,0.1265583698690866,0.158642105232533,0.12918326182655837,0.38356399332123453,0.967360970677452,0.10418759808982248,649849.1006955493,0,False,False,True,"{""0"":null,""1"":null,""2"":null,""3"":null}",989.0,741657.0,989.0,526487.0,989.0,526487.0,843.5657471289742,448111.0069953616,843.5657471289742,0.0,0.0,1622.871942676371,668453.4706955494,0.026535353852018773,16.546698059715766,4.0,2124.0,0.0,0.0,88.89999999870633,47248.69999959294,6.000000000003638,1349.4000000000879,49.44999999928041,26324.349999757178,0.0,0.0,0.0,0.0,0.0,0.0,9.890000000000327,5264.870000000007,494.5,263243.5,0.0,96.0,504.39000000001397,268508.3700000009,0.0,0.0,1622.871942676371,668453.4706955494
748,2022-01-18,2022,True,102.04657534246576,989,989,1096,448954.57274249056,1507.231949821556,54939,37,0.03744715132004147,0.8453518646522498,0.1668344514290931,0.1586473764336049,0.12931994295184118,0.38356399332123453,0.9674772497472195,0.1316142630811822,650851.9426453708,0,False,False,True,"{""0"":null,""1"":null,""2"":null,""3"":null}",989.0,742646.0,989.0,527476.0,989.0,527476.0,843.5657471289742,448954.57274249056,843.5657471289742,0.0,0.0,1507.2319498215802,669960.702645371,0.03744715132004117,16.584145211035807,4.0,2128.0,0.0,0.0,88.89999999870633,47337.59999959164,0.0,1349.4000000000879,49.44999999928041,26373.79999975646,0.0,0.0,0.0,0.0,0.0,0.0,9.890000000000327,5274.7600000000075,494.5,263738.0,0.0,96.0,504.39000000001397,269012.76000000094,0.0,0.0,1507.2319498215802,669960.702645371
749,2022-01-19,2022,True,102.04931506849314,989,989,1096,449798.13848961954,1455.4928799487109,55039,54,0.0,0.8341931799479938,0.15304575286683567,0.15863285731759863,0.12939348434356385,0.38356399332123453,0.9671739130434782,0.15710949909529986,651803.0455253195,0,False,False,True,"{""0"":null,""1"":null,""2"":null,""3"":null}",989.0,743635.0,989.0,528465.0,989.0,528465.0,843.5657471289742,449798.13848961954,843.5657471289742,0.0,0.0,1455.4928799486952,671416.1955253197,0.0,16.584145211035807,4.0,2132.0,0.0,0.0,88.89999999870633,47426.49999959035,0.0,1349.4000000000879,49.44999999928041,26423.24999975574,0.0,0.0,0.0,0.0,0.0,0.0,9.890000000000327,5284.650000000008,494.5,264232.5,0.0,96.0,504.39000000001397,269517.15000000095,0.0,0.0,1455.4928799486952,671416.1955253197
750,2022-01-20,2022,True,102.05205479452054,989,989,1096,450641.7042367485,1370.465312395289,55171,55,0.0,0.8292419604357987,0.17220644596096052,0.1585990369197514,0.1295098863794666,0.38356399332123453,0.9671486349848332,0.18065939127576244,652669.1208377148,0,False,False,True,"{""0"":null,""1"":null,""2"":null,""3"":null}",989.0,744624.0,989.0,529454.0,989.0,529454.0,843.5657471289742,450641.7042367485,843.5657471289742,0.0,0.0,1370.4653123952448,672786.6608377149,0.0,16.584145211035807,4.0,2136.0,0.0,0.0,88.89999999870633,47515.399999589055,2.400000000001455,1351.8000000000893,49.44999999928041,26472.69999975502,0.0,0.0,0.0,0.0,0.0,0.0,9.890000000000327,5294.540000000008,494.5,264727.0,0.0,96.0,504.39000000001397,270021.54000000097,0.0,0.0,1370.4653123952448,672786.6608377149
751,2022-01-21,2022,True,102.05479452054794,989,989,1096,451485.2699838775,1333.4455543116212,55256,53,0.0,0.826217273954116,0.17168889114724367,0.15862459521847114,0.1296150414680312,0.38356399332123453,0.9672042467138524,0.20247402921499014,653498.1763920264,0,False,False,True,"{""0"":null,""1"":null,""2"":null,""3"":null}",989.0,745613.0,989.0,530443.0,989.0,530443.0,843.5657471289742,451485.2699838775,843.5657471289742,0.0,0.0,1333.44555431162,674120.1063920265,0.0,16.584145211035807,4.0,2140.0,0.0,0.0,88.89999999870633,47604.29999958776,3.15000000000191,1354.9500000000912,49.44999999928041,26522.1499997543,0.0,0.0,0.0,0.0,0.0,0.0,9.890000000000327,5304.4300000000085,494.5,265221.5,0.0,96.0,504.39000000001397,270525.930000001,0.0,0.0,1333.44555431162,674120.1063920265
752,2022-01-22,2022,False,102.05753424657534,989,0,1096,451485.2699838775,0.0,54400,53,0.0,,,0.15864694226146975,0.12967855801177308,0.38356399332123453,0.9680080889787664,0.12518159506454996,653498.1763920264,0,False,False,True,"{""0"":null,""1"":null,""2"":null,""3"":null}",989.0,746602.0,0.0,530443.0,0.0,530443.0,0.0,451485.2699838775,0.0,0.0,0.0,0.0,674120.1063920265,0.0,16.584145211035807,0.0,2140.0,0.0,0.0,0.0,47604.29999958776,0.0,1354.9500000000912,0.0,26522.1499997543,0.0,0.0,0.0,0.0,0.0,0.0,0.0,5304.4300000000085,0.0,265221.5,0.0,96.0,0.0,270525.930000001,0.0,0.0,0.0,674120.1063920265
753,2022-01-23,2022,False,102.06027397260274,989,0,1096,451485.2699838775,0.0,54400,53,0.0,,,0.15864694226146975,0.12967855801177308,0.38356399332123453,0.9680080889787664,0.07508165150222686,653498.1763920264,0,False,False,True,"{""0"":null,""1"":null,""2"":null,""3"":null}",989.0,747591.0,0.0,530443.0,0.0,530443.0,0.0,451485.2699838775,0.0,0.0,0.0,0.0,674120.1063920265,0.0,16.584145211035807,0.0,2140.0,0.0,0.0,0.0,47604.29999958776,0.0,1354.9500000000912,0.0,26522.1499997543,0.0,0.0,0.0,0.0,0.0,0.0,0.0,5304.4300000000085,0.0,265221.5,0.0,96.0,0.0,270525.930000001,0.0,0.0,0.0,674120.1063920265
754,2022-01-24,2022,True,102.06301369863014,989,989,1096,452328.83573100646,1634.4370896383357,55399,17,0.0,0.8545381653006814,0.1361949921094877,0.15864694226146975,0.12967855801177308,0.38356399332123453,0.9672446916076846,0.10454161788240689,654628.2234816647,0,False,False,True,"{""0"":null,""1"":null,""2"":null,""3"":null}",989.0,748580.0,989.0,531432.0,989.0,531432.0,843.5657471289742,452328.83573100646,843.5657471289742,0.0,0.0,1634.4370896383189,675754.5434816648,0.0,16.584145211035807,4.0,2144.0,0.0,0.0,88.89999999870633,47693.19999958647,7.95000000000482,1362.900000000096,49.44999999928041,26571.59999975358,0.0,0.0,0.0,0.0,0.0,0.0,9.890000000000327,5314.320000000009,494.5,265716.0,0.0,96.0,504.39000000001397,271030.320000001,0.0,0.0,1634.4370896383189,675754.5434816648
755,2022-01-25,2022,True,102.06575342465753,989,989,1096,453172.40147813543,1541.598260800471,55439,38,0.0,0.8473432408413153,0.14523342387206525,0.15865970564680243,0.12977893503235755,0.38356399332123453,0.9674721941354905,0.1320541885936921,655665.4317424651,0,False,False,True,"{""0"":null,""1"":null,""2"":null,""3"":null}",989.0,749569.0,989.0,532421.0,989.0,532421.0,843.5657471289742,453172.40147813543,843.5657471289742,0.0,0.0,1541.5982608004706,677296.1417424653,0.0,16.584145211035807,4.0,2148.0,0.0,0.0,88.89999999870633,47782.099999585174,0.0,1362.900000000096,49.44999999928041,26621.04999975286,0.0,0.0,0.0,0.0,0.0,0.0,9.890000000000327,5324.210000000009,494.5,266210.5,0.0,96.0,504.39000000001397,271534.710000001,0.0,0.0,1541.5982608004706,677296.1417424653
756,2022-01-26,2022,True,102.06849315068493,988,988,1096,454015.22085703124,1481.8225497247695,55534,60,0.0,0.8451528318249389,0.14483794447242374,0.15892755536908293,0.13011760052808236,0.383760893210912,0.9671862348178139,0.15775312539317274,656643.3742921898,0,False,False,True,"{""0"":null,""1"":null,""2"":null,""3"":null}",988.0,750557.0,988.0,533409.0,988.0,533409.0,842.8193788958015,454015.22085703124,842.8193788958015,0.0,0.0,1481.8225497247186,678777.96429219,0.0,16.584145211035807,4.0,2152.0,0.0,0.0,88.79999999870779,47870.89999958388,0.0,1362.900000000096,49.399999999281135,26670.44999975214,0.0,0.0,0.0,0.0,0.0,0.0,9.88000000000011,5334.090000000009,494.0,266704.5,0.0,96.0,503.88000000000466,272038.590000001,0.0,0.0,1481.8225497247186,678777.96429219
757,2022-01-27,2022,True,102.07123287671233,988,988,1096,454858.04023592704,1376.221630292524,55664,60,0.0,0.8381735677978114,0.16910361206949504,0.15889486827383179,0.13018254050818434,0.383760893210912,0.9673228744939272,0.18137871226620536,657515.7159224823,0,False,False,True,"{""0"":null,""1"":null,""2"":null,""3"":null}",988.0,751545.0,988.0,534397.0,988.0,534397.0,842.8193788958015,454858.04023592704,842.8193788958015,0.0,0.0,1376.221630292479,680154.1859224825,0.0,16.584145211035807,4.0,2156.0,0.0,0.0,88.79999999870779,47959.69999958259,2.550000000001546,1365.4500000000976,49.399999999281135,26719.849999751423,0.0,0.0,0.0,0.0,0.0,0.0,9.88000000000011,5343.970000000009,494.0,267198.5,0.0,96.0,503.88000000000466,272542.470000001,0.0,0.0,1376.221630292479,680154.1859224825
758,2022-01-28,2022,True,102.07397260273973,988,988,1096,455700.85961482284,1290.1239264675976,55754,54,0.0,0.8018078464722513,0.17941913453470706,0.15893734149028513,0.1301913754447495,0.383760893210912,0.9672823886639675,0.20319319078932735,658301.9598489499,0,False,False,True,"{""0"":null,""1"":null,""2"":null,""3"":null}",988.0,752533.0,988.0,535385.0,988.0,535385.0,842.8193788958015,455700.85961482284,842.8193788958015,0.0,0.0,1290.1239264676115,681444.3098489501,0.0,16.584145211035807,4.0,2160.0,0.0,0.0,88.79999999870779,48048.4999995813,3.15000000000191,1368.6000000000995,49.399999999281135,26769.249999750704,0.0,0.0,0.0,0.0,0.0,0.0,9.88000000000011,5353.8500000000095,494.0,267692.5,0.0,96.0,503.88000000000466,273046.350000001,0.0,0.0,1290.1239264676115,681444.3098489501
759,2022-01-29,2022,False,102.07671232876713,988,0,1096,455700.85961482284,0.0,54900,54,0.0,,,0.15894852400101928,0.13034183874436,0.383760893210912,0.9680263157894736,0.12583005669136765,658301.9598489499,0,False,False,True,"{""0"":null,""1"":null,""2"":null,""3"":null}",988.0,753521.0,0.0,535385.0,0.0,535385.0,0.0,455700.85961482284,0.0,0.0,0.0,0.0,681444.3098489501,0.0,16.584145211035807,0.0,2160.0,0.0,0.0,0.0,48048.4999995813,0.0,1368.6000000000995,0.0,26769.249999750704,0.0,0.0,0.0,0.0,0.0,0.0,0.0,5353.8500000000095,0.0,267692.5,0.0,96.0,0.0,273046.350000001,0.0,0.0,0.0,681444.3098489501
760,2022-01-30,2022,False,102.07945205479452,988,0,1096,455700.85961482284,0.0,54900,54,0.0,,,0.15894852400101928,0.13034183874436,0.383760893210912,0.9680263157894736,0.07565891428969233,658301.9598489499,0,False,False,True,"{""0"":null,""1"":null,""2"":null,""3"":null}",988.0,754509.0,0.0,535385.0,0.0,535385.0,0.0,455700.85961482284,0.0,0.0,0.0,0.0,681444.3098489501,0.0,16.584145211035807,0.0,2160.0,0.0,0.0,0.0,48048.4999995813,0.0,1368.6000000000995,0.0,26769.249999750704,0.0,0.0,0.0,0.0,0.0,0.0,0.0,5353.8500000000095,0.0,267692.5,0.0,96.0,0.0,273046.350000001,0.0,0.0,0.0,681444.3098489501
761,2022-01-31,2022,True,102.08219178082192,989,989,1097,456544.4522990925,1587.1553275368285,55911,15,0.34426656629709534,0.8504047595536683,0.14553012818993313,0.15861955494967156,0.12936380855881577,0.38356399332123453,0.9671840242669363,0.1050897440603994,659383.7251764868,0,False,False,True,"{""0"":null,""1"":null,""2"":null,""3"":null}",989.0,755498.0,989.0,536374.0,989.0,536374.0,843.5926842696499,456544.4522990925,843.5926842696499,0.0,0.0,1587.1553275368642,683031.465176487,0.34426656629709385,16.9284117773329,4.0,2164.0,0.0,0.0,88.89999999870633,48137.399999580004,8.100000000004911,1376.7000000001044,49.44999999928041,26818.699999749984,0.0,0.0,0.0,0.0,0.0,0.0,9.890000000000327,5363.74000000001,494.5,268187.0,1.0,97.0,504.39000000001397,273550.74000000104,0.0,0.0,1587.1553275368642,683031.465176487
762,2022-02-01,2022,True,102.08493150684932,991,991,1099,457389.6430749458,1528.8047210075815,55955,25,0.0,0.8255010262143891,0.15000493928112288,0.1584376573218198,0.12778114465745688,0.38350876179065835,0.9672250252270433,0.13236322243322984,660405.1198974943,0,False,False,True,"{""0"":null,""1"":null,""2"":null,""3"":null}",991.0,756489.0,991.0,537365.0,991.0,537365.0,845.1907758532907,457389.6430749458,845.1907758532907,0.0,0.0,1528.8047210075893,684560.2698974946,0.0,16.9284117773329,4.0,2168.0,0.0,0.0,89.09999999870342,48226.49999957871,0.0,1376.7000000001044,49.54999999927895,26868.249999749263,0.0,0.0,0.0,0.0,0.0,0.0,9.909999999999854,5373.65000000001,495.5,268682.5,2.0,99.0,505.4099999999744,274056.150000001,0.0,0.0,1528.8047210075893,684560.2698974946
763,2022-02-02,2022,True,102.08767123287672,991,991,1099,458234.83385079907,1456.8361151775716,56046,41,0.0,0.836687262093987,0.15284772198128435,0.15842903696190053,0.127904367963097,0.38350876179065835,0.9671594349142281,0.1577299795518806,661356.5460126719,0,False,False,True,"{""0"":null,""1"":null,""2"":null,""3"":null}",991.0,757480.0,991.0,538356.0,991.0,538356.0,845.1907758532907,458234.83385079907,845.1907758532907,0.0,0.0,1456.8361151776044,686017.1060126722,0.0,16.9284117773329,4.0,2172.0,0.0,0.0,89.09999999870342,48315.59999957741,0.0,1376.7000000001044,49.54999999927895,26917.799999748542,0.0,0.0,0.0,0.0,0.0,0.0,9.909999999999854,5383.5600000000095,495.5,269178.0,0.0,99.0,505.4099999999744,274561.560000001,0.0,0.0,1456.8361151776044,686017.1060126722
764,2022-02-03,2022,True,102.09041095890412,991,991,1099,459080.02462665236,1407.3773405259678,56156,47,0.14397218267143422,0.832703323172059,0.16460798886241895,0.15843806812468036,0.12801643158190013,0.38350876179065835,0.9669223007063572,0.1811773626460536,662258.5133531978,0,False,False,True,"{""0"":null,""1"":null,""2"":null,""3"":null}",991.0,758471.0,991.0,539347.0,991.0,539347.0,845.1907758532907,459080.02462665236,845.1907758532907,0.0,0.0,1407.3773405259708,687424.4833531982,0.1439721826714333,17.072383960004334,4.0,2176.0,0.0,0.0,89.09999999870342,48404.699999576114,2.2500000000013642,1378.9500000001058,49.54999999927895,26967.34999974782,0.0,0.0,0.0,0.0,0.0,0.0,9.909999999999854,5393.470000000009,495.5,269673.5,0.0,99.0,505.4099999999744,275066.97000000096,0.0,0.0,1407.3773405259708,687424.4833531982
765,2022-02-04,2022,True,102.0931506849315,991,991,1099,459925.21540250565,1340.7089633735118,56246,58,0.0,0.8153954970795627,0.17582190304246811,0.15847210489034205,0.12812784302040386,0.38350876179065835,0.9666498486377397,0.20282490008720536,663093.8123165714,0,False,False,True,"{""0"":null,""1"":null,""2"":null,""3"":null}",991.0,759462.0,991.0,540338.0,991.0,540338.0,845.1907758532907,459925.21540250565,845.1907758532907,0.0,0.0,1340.7089633735595,688765.1923165717,0.0,17.072383960004334,4.0,2180.0,0.0,0.0,89.09999999870342,48493.79999957482,1.5000000000009095,1380.4500000001067,49.54999999927895,27016.8999997471,0.0,0.0,0.0,0.0,0.0,0.0,9.909999999999854,5403.380000000009,495.5,270169.0,0.0,99.0,505.4099999999744,275572.38000000094,0.0,0.0,1340.7089633735595,688765.1923165717
766,2022-02-05,2022,False,102.0958904109589,991,0,1099,459925.21540250565,0.0,55400,58,0.0,,,0.15847500501335554,0.12820604861768048,0.38350876179065835,0.9675277497477296,0.12553114782160055,663093.8123165714,0,False,False,True,"{""0"":null,""1"":null,""2"":null,""3"":null}",991.0,760453.0,0.0,540338.0,0.0,540338.0,0.0,459925.21540250565,0.0,0.0,0.0,0.0,688765.1923165717,0.0,17.072383960004334,0.0,2180.0,0.0,0.0,0.0,48493.79999957482,0.0,1380.4500000001067,0.0,27016.8999997471,0.0,0.0,0.0,0.0,0.0,0.0,0.0,5403.380000000009,0.0,270169.0,0.0,99.0,0.0,275572.38000000094,0.0,0.0,0.0,688765.1923165717
767,2022-02-06,2022,False,102.0986301369863,991,0,1099,459925.21540250565,0.0,55400,58,0.0,,,0.1584750050133555,0.12820604861768048,0.38350876179065835,0.9675277497477296,0.07550635095481256,663093.8123165714,0,False,False,True,"{""0"":null,""1"":null,""2"":null,""3"":null}",991.0,761444.0,0.0,540338.0,0.0,540338.0,0.0,459925.21540250565,0.0,0.0,0.0,0.0,688765.1923165717,0.0,17.072383960004334,0.0,2180.0,0.0,0.0,0.0,48493.79999957482,0.0,1380.4500000001067,0.0,27016.8999997471,0.0,0.0,0.0,0.0,0.0,0.0,0.0,5403.380000000009,0.0,270169.0,0.0,99.0,0.0,275572.38000000094,0.0,0.0,0.0,688765.1923165717
768,2022-02-07,2022,True,102.1013698630137,991,991,1099,460770.40617835894,1614.32973221538,56404,15,0.0,0.8628814977208803,0.13024527000534872,0.15847500501335554,0.12820604861768048,0.38350876179065835,0.966715438950555,0.10483507203440644,664202.7320487867,0,False,False,True,"{""0"":null,""1"":null,""2"":null,""3"":null}",991.0,762435.0,991.0,541329.0,991.0,541329.0,845.1907758532907,460770.40617835894,845.1907758532907,0.0,0.0,1614.3297322153812,690379.5220487871,0.0,17.072383960004334,4.0,2184.0,0.0,0.0,89.09999999870342,48582.89999957352,8.700000000005275,1389.150000000112,49.54999999927895,27066.44999974638,0.0,0.0,0.0,0.0,0.0,0.0,9.909999999999854,5413.290000000009,495.5,270664.5,0.0,99.0,505.4099999999744,276077.7900000009,0.0,0.0,1614.3297322153812,690379.5220487871
769,2022-02-08,2022,True,102.1041095890411,991,991,1099,461615.59695421223,1528.639948290669,56445,33,0.34737672465268327,0.8294847312783562,0.16423764913852368,0.1585881340751143,0.12835316339821942,0.38350876179065835,0.9670232088799193,0.1321950869217995,665225.9619970773,0,False,False,True,"{""0"":null,""1"":null,""2"":null,""3"":null}",991.0,763426.0,991.0,542320.0,991.0,542320.0,845.1907758532907,461615.59695421223,845.1907758532907,0.0,0.0,1528.6399482906563,691908.1619970778,0.3473767246526833,17.419760684657017,4.0,2188.0,0.0,0.0,89.09999999870342,48671.999999572225,0.0,1389.150000000112,49.54999999927895,27115.999999745658,0.0,0.0,0.0,0.0,0.0,0.0,9.909999999999854,5423.200000000009,495.5,271160.0,0.0,99.0,505.4099999999744,276583.2000000009,0.0,0.0,1528.6399482906563,691908.1619970778
770,2022-02-09,2022,True,102.10684931506849,991,991,1099,462460.7877300655,1488.1441100554925,56538,63,0.0,0.8163715326111077,0.1838987524608145,0.1585428778245628,0.12849057975220343,0.38350876179065835,0.9667658930373361,0.15761507206132883,666208.6961071328,0,False,False,True,"{""0"":null,""1"":null,""2"":null,""3"":null}",991.0,764417.0,991.0,543311.0,991.0,543311.0,845.1907758532907,462460.7877300655,845.1907758532907,0.0,0.0,1488.144110055524,693396.3061071333,0.0,17.419760684657017,4.0,2192.0,0.0,0.0,89.09999999870342,48761.09999957093,0.0,1389.150000000112,49.54999999927895,27165.549999744937,0.0,0.0,0.0,0.0,0.0,0.0,9.909999999999854,5433.110000000009,495.5,271655.5,0.0,99.0,505.4099999999744,277088.61000000086,0.0,0.0,1488.144110055524,693396.3061071333
771,2022-02-10,2022,True,102.10958904109589,991,991,1099,463305.9785059188,1370.4540952086954,56657,72,0.0,0.8173993492324894,0.17020462761162314,0.1585462510501952,0.12855309916027335,0.38350876179065835,0.9667003027245207,0.1811228232174134,667073.7402023415,0,False,False,True,"{""0"":null,""1"":null,""2"":null,""3"":null}",991.0,765408.0,991.0,544302.0,991.0,544302.0,845.1907758532907,463305.9785059188,845.1907758532907,0.0,0.0,1370.4540952086682,694766.760202342,0.0,17.419760684657017,4.0,2196.0,0.0,0.0,89.09999999870342,48850.19999956963,2.2500000000013642,1391.4000000001133,49.54999999927895,27215.099999744216,0.0,0.0,0.0,0.0,0.0,0.0,9.909999999999854,5443.020000000009,495.5,272151.0,0.0,99.0,505.4099999999744,277594.02000000083,0.0,0.0,1370.4540952086682,694766.760202342
772,2022-02-11,2022,True,102.11232876712329,991,991,1099,464151.1692817721,1320.8785301143862,56767,72,0.0,0.8144441812104553,0.18184744965005434,0.1585310807743814,0.12861402523386498,0.38350876179065835,0.9667709384460141,0.2027807589420102,667889.2087324559,0,False,False,True,"{""0"":null,""1"":null,""2"":null,""3"":null}",991.0,766399.0,991.0,545293.0,991.0,545293.0,845.1907758532907,464151.1692817721,845.1907758532907,0.0,0.0,1320.8785301144235,696087.6387324564,0.0,17.419760684657017,4.0,2200.0,0.0,0.0,89.09999999870342,48939.299999568335,2.700000000001637,1394.100000000115,49.54999999927895,27264.649999743495,0.0,0.0,0.0,0.0,0.0,0.0,9.909999999999854,5452.9300000000085,495.5,272646.5,0.0,99.0,505.4099999999744,278099.4300000008,0.0,0.0,1320.8785301144235,696087.6387324564
773,2022-02-12,2022,False,102.11506849315069,992,0,1100,464151.1692817721,0.0,55900,72,0.0,,,0.1584833554597124,0.12795638368811424,0.383519359985405,0.9674092741935484,0.12537131028745457,667888.2087324559,0,False,False,True,"{""0"":null,""1"":null,""2"":null,""3"":null}",992.0,767391.0,0.0,545293.0,0.0,545293.0,0.0,464151.1692817721,0.0,0.0,0.0,0.0,696087.6387324564,0.0,17.419760684657017,0.0,2200.0,0.0,0.0,0.0,48939.299999568335,0.0,1394.100000000115,0.0,27264.649999743495,0.0,0.0,0.0,0.0,0.0,0.0,0.0,5452.9300000000085,0.0,272646.5,1.0,100.0,0.0,278099.4300000008,0.0,0.0,0.0,696087.6387324564
774,2022-02-13,2022,False,102.11780821917809,994,0,1102,464151.1692817721,0.0,55900,72,0.0,,,0.1585640626106195,0.12663188053706742,0.38370162252171736,0.9668712273641852,0.07520798833667325,667886.2087324559,0,False,False,True,"{""0"":null,""1"":null,""2"":null,""3"":null}",994.0,768385.0,0.0,545293.0,0.0,545293.0,0.0,464151.1692817721,0.0,0.0,0.0,0.0,696087.6387324564,0.0,17.419760684657017,0.0,2200.0,0.0,0.0,0.0,48939.299999568335,0.0,1394.100000000115,0.0,27264.649999743495,0.0,0.0,0.0,0.0,0.0,0.0,0.0,5452.9300000000085,0.0,272646.5,2.0,102.0,0.0,278099.4300000008,0.0,0.0,0.0,696087.6387324564
775,2022-02-14,2022,True,102.12054794520547,994,994,1102,464998.72172188794,1681.5104037038368,56924,11,0.0,0.8420594171120948,0.14818909934180904,0.1585640626106195,0.12663188053706742,0.38370162252171736,0.9662273641851106,0.10462375762766889,669060.7791361597,0,False,False,True,"{""0"":null,""1"":null,""2"":null,""3"":null}",994.0,769379.0,994.0,546287.0,994.0,546287.0,847.5524401158327,464998.72172188794,847.5524401158327,0.0,0.0,1681.5104037037818,697769.1491361602,0.0,17.419760684657017,4.0,2204.0,0.0,0.0,89.39999999869906,49028.699999567034,10.800000000006548,1404.9000000001215,49.69999999927677,27314.34999974277,0.0,0.0,0.0,0.0,0.0,0.0,9.9399999999996,5462.870000000008,497.0,273143.5,0.0,102.0,506.9400000000023,278606.3700000008,0.0,0.0,1681.5104037037818,697769.1491361602
776,2022-02-15,2022,True,102.12328767123287,994,994,1103,465846.2015823878,1527.0092515665442,56950,21,0.0,0.8632611299317683,0.14250552383069515,0.158367522855435,0.12580333205825567,0.38370162252171736,0.9661971830985915,0.1319355317957139,670079.8483877262,0,False,False,True,"{""0"":null,""1"":null,""2"":null,""3"":null}",994.0,770373.0,994.0,547281.0,994.0,547281.0,847.4798604998505,465846.2015823878,847.4798604998505,0.0,0.0,1527.0092515664874,699296.1583877266,0.0,17.419760684657017,4.0,2208.0,0.0,0.0,89.39999999869906,49118.09999956573,0.0,1404.9000000001215,49.69999999927677,27364.04999974205,0.0,0.0,0.0,0.0,0.0,0.0,9.9399999999996,5472.810000000008,497.0,273640.5,1.0,103.0,506.9400000000023,279113.3100000008,0.0,0.0,1527.0092515664874,699296.1583877266
777,2022-02-16,2022,True,102.12602739726027,994,994,1103,466693.68144288764,1462.5142378317273,57048,41,0.0,0.8270310443812602,0.17098816347364043,0.15841884373868453,0.1259673464244756,0.38370162252171736,0.9660412474849095,0.15730668613890755,671035.422625558,0,False,False,True,"{""0"":null,""1"":null,""2"":null,""3"":null}",994.0,771367.0,994.0,548275.0,994.0,548275.0,847.4798604998505,466693.68144288764,847.4798604998505,0.0,0.0,1462.514237831696,700758.6726255583,0.0,17.419760684657017,4.0,2212.0,0.0,0.0,89.39999999869906,49207.49999956443,0.0,1404.9000000001215,49.69999999927677,27413.749999741325,0.0,0.0,0.0,0.0,0.0,0.0,9.9399999999996,5482.750000000007,497.0,274137.5,0.0,103.0,506.9400000000023,279620.2500000008,0.0,0.0,1462.514237831696,700758.6726255583
778,2022-02-17,2022,True,102.12876712328767,994,994,1103,467541.1613033875,1400.268532314943,57167,45,0.0,0.8299296996002817,0.16952888450465692,0.15840805522239093,0.12601958769354293,0.38370162252171736,0.9661871227364185,0.18065762575362126,671928.751157873,0,False,False,True,"{""0"":null,""1"":null,""2"":null,""3"":null}",994.0,772361.0,994.0,549269.0,994.0,549269.0,847.4798604998505,467541.1613033875,847.4798604998505,0.0,0.0,1400.2685323149199,702158.9411578733,0.0,17.419760684657017,4.0,2216.0,0.0,0.0,89.39999999869906,49296.89999956313,1.6500000000010004,1406.5500000001225,49.69999999927677,27463.449999740602,0.0,0.0,0.0,0.0,0.0,0.0,9.9399999999996,5492.690000000007,497.0,274634.5,0.0,103.0,506.9400000000023,280127.1900000008,0.0,0.0,1400.2685323149199,702158.9411578733
779,2022-02-18,2022,True,102.13150684931507,993,993,1103,468387.6937065328,1333.0395413301426,57257,51,0.0,0.8127136237256719,0.1810973246058743,0.15841215455348184,0.1262403195062138,0.3837674522470401,0.966178247734139,0.2022043935861892,672755.3606992031,0,False,False,True,"{""0"":null,""1"":null,""2"":null,""3"":null}",993.0,773354.0,993.0,550262.0,993.0,550262.0,846.5324031453347,468387.6937065328,846.5324031453347,0.0,0.0,1333.0395413301885,703491.9806992034,0.0,17.419760684657017,4.0,2220.0,0.0,0.0,89.29999999870051,49386.19999956183,1.5000000000009095,1408.0500000001234,49.6499999992775,27513.09999973988,0.0,0.0,0.0,0.0,0.0,0.0,9.930000000000291,5502.620000000007,496.5,275131.0,0.0,103.0,506.429999999993,280633.6200000008,0.0,0.0,1333.0395413301885,703491.9806992034
780,2022-02-19,2022,False,102.13424657534246,993,0,1103,468387.6937065328,0.0,56400,51,0.0,,,0.15838714862281775,0.12631096523300267,0.3837674522470401,0.9668277945619335,0.12520034551541362,672755.3606992031,0,False,False,True,"{""0"":null,""1"":null,""2"":null,""3"":null}",993.0,774347.0,0.0,550262.0,0.0,550262.0,0.0,468387.6937065328,0.0,0.0,0.0,0.0,703491.9806992034,0.0,17.419760684657017,0.0,2220.0,0.0,0.0,0.0,49386.19999956183,0.0,1408.0500000001234,0.0,27513.09999973988,0.0,0.0,0.0,0.0,0.0,0.0,0.0,5502.620000000007,0.0,275131.0,0.0,103.0,0.0,280633.6200000008,0.0,0.0,0.0,703491.9806992034
781,2022-02-20,2022,False,102.13698630136986,993,0,1103,468387.6937065328,0.0,56400,51,0.0,,,0.15838714862281772,0.12631096523300267,0.3837674522470401,0.9668277945619335,0.07535427636589269,672755.3606992031,0,False,False,True,"{""0"":null,""1"":null,""2"":null,""3"":null}",993.0,775340.0,0.0,550262.0,0.0,550262.0,0.0,468387.6937065328,0.0,0.0,0.0,0.0,703491.9806992034,0.0,17.419760684657017,0.0,2220.0,0.0,0.0,0.0,49386.19999956183,0.0,1408.0500000001234,0.0,27513.09999973988,0.0,0.0,0.0,0.0,0.0,0.0,0.0,5502.620000000007,0.0,275131.0,0.0,103.0,0.0,280633.6200000008,0.0,0.0,0.0,703491.9806992034
782,2022-02-21,2022,True,102.13972602739726,993,993,1103,469234.22610967816,1636.5345307744872,57398,18,0.01872097472357857,0.8711791782514674,0.10853617838172021,0.15838714862281775,0.12631096523300267,0.3837674522470401,0.9661329305135952,0.10465472507271564,673885.4652299775,0,False,False,True,"{""0"":null,""1"":null,""2"":null,""3"":null}",993.0,776333.0,993.0,551255.0,993.0,551255.0,846.5324031453347,469234.22610967816,846.5324031453347,0.0,0.0,1636.5345307744574,705128.5152299779,0.018720974723578365,17.438481659380596,4.0,2224.0,0.0,0.0,89.29999999870051,49475.49999956053,7.650000000004638,1415.700000000128,49.6499999992775,27562.749999739157,0.0,0.0,0.0,0.0,0.0,0.0,9.930000000000291,5512.5500000000075,496.5,275627.5,0.0,103.0,506.429999999993,281140.0500000008,0.0,0.0,1636.5345307744574,705128.5152299779
783,2022-02-22,2022,True,102.14246575342466,991,991,1103,470079.0243603401,1533.0997066287084,57443,30,0.0,0.8607599722768156,0.13649481893997137,0.1582451046116506,0.1260297943520638,0.38350876179065835,0.9661099899091826,0.13158609614826342,674913.1549366062,0,False,False,True,"{""0"":null,""1"":null,""2"":null,""3"":null}",991.0,777324.0,991.0,552246.0,991.0,552246.0,844.7982506619301,470079.0243603401,844.7982506619301,0.0,0.0,1533.099706628709,706661.6149366066,0.0,17.438481659380596,4.0,2228.0,0.0,0.0,89.09999999870342,49564.599999559236,0.0,1415.700000000128,49.54999999927895,27612.299999738436,0.0,0.0,0.0,0.0,0.0,0.0,9.909999999999854,5522.460000000007,495.5,276123.0,0.0,103.0,505.4099999999744,281645.4600000008,0.0,0.0,1533.099706628709,706661.6149366066
784,2022-02-23,2022,True,102.14520547945206,991,991,1103,470923.822611002,1449.3538011921228,57550,42,0.0,0.8557233707187535,0.1454053029984424,0.1582950268623742,0.12610828150810569,0.38350876179065835,0.9661553985872856,0.15688645758459702,675857.0987377983,0,False,False,True,"{""0"":null,""1"":null,""2"":null,""3"":null}",991.0,778315.0,991.0,553237.0,991.0,553237.0,844.7982506619301,470923.822611002,844.7982506619301,0.0,0.0,1449.3538011921337,708110.9687377987,0.0,17.438481659380596,4.0,2232.0,0.0,0.0,89.09999999870342,49653.69999955794,0.0,1415.700000000128,49.54999999927895,27661.849999737715,0.0,0.0,0.0,0.0,0.0,0.0,9.909999999999854,5532.370000000007,495.5,276618.5,0.0,103.0,505.4099999999744,282150.87000000075,0.0,0.0,1449.3538011921337,708110.9687377987
785,2022-02-24,2022,True,102.14794520547946,991,991,1103,471768.62086166395,1405.9775416249606,57675,38,0.0,0.8113629783470357,0.1804145953316114,0.15831575591089622,0.1262940823481183,0.38350876179065835,0.9662108980827447,0.18026366555976192,676757.6662794232,0,False,False,True,"{""0"":null,""1"":null,""2"":null,""3"":null}",991.0,779306.0,991.0,554228.0,991.0,554228.0,844.7982506619301,471768.62086166395,844.7982506619301,0.0,0.0,1405.9775416249176,709516.9462794237,0.0,17.438481659380596,4.0,2236.0,0.0,0.0,89.09999999870342,49742.79999955664,2.700000000001637,1418.4000000001297,49.54999999927895,27711.399999736994,0.0,0.0,0.0,0.0,0.0,0.0,9.909999999999854,5542.280000000007,495.5,277114.0,0.0,103.0,505.4099999999744,282656.2800000007,0.0,0.0,1405.9775416249176,709516.9462794237
786,2022-02-25,2022,True,102.15068493150685,991,991,1103,472613.4191123259,1328.4845174982695,57755,43,0.0,0.8143873362065213,0.1887658264496852,0.15825306536220007,0.12632493298774486,0.38350876179065835,0.9662512613521694,0.20181378275123737,677580.7407969214,0,False,False,True,"{""0"":null,""1"":null,""2"":null,""3"":null}",991.0,780297.0,991.0,555219.0,991.0,555219.0,844.7982506619301,472613.4191123259,844.7982506619301,0.0,0.0,1328.484517498291,710845.430796922,0.0,17.438481659380596,4.0,2240.0,0.0,0.0,89.09999999870342,49831.899999555346,1.8000000000010914,1420.2000000001308,49.54999999927895,27760.949999736273,0.0,0.0,0.0,0.0,0.0,0.0,9.909999999999854,5552.190000000007,495.5,277609.5,0.0,103.0,505.4099999999744,283161.6900000007,0.0,0.0,1328.484517498291,710845.430796922
787,2022-02-26,2022,False,102.15342465753425,991,0,1103,472613.4191123259,0.0,56900,43,0.0,,,0.1582936520519302,0.12644134360977272,0.38350876179065835,0.9668365287588294,0.12477529044315132,677580.7407969214,0,False,False,True,"{""0"":null,""1"":null,""2"":null,""3"":null}",991.0,781288.0,0.0,555219.0,0.0,555219.0,0.0,472613.4191123259,0.0,0.0,0.0,0.0,710845.430796922,0.0,17.438481659380596,0.0,2240.0,0.0,0.0,0.0,49831.899999555346,0.0,1420.2000000001308,0.0,27760.949999736273,0.0,0.0,0.0,0.0,0.0,0.0,0.0,5552.190000000007,0.0,277609.5,0.0,103.0,0.0,283161.6900000007,0.0,0.0,0.0,710845.430796922
788,2022-02-27,2022,False,102.15616438356165,991,0,1103,472613.4191123259,0.0,56900,43,0.0,,,0.1582936520519302,0.12644134360977272,0.38350876179065835,0.9668365287588294,0.07500102355377487,677580.7407969214,0,False,False,True,"{""0"":null,""1"":null,""2"":null,""3"":null}",991.0,782279.0,0.0,555219.0,0.0,555219.0,0.0,472613.4191123259,0.0,0.0,0.0,0.0,710845.430796922,0.0,17.438481659380596,0.0,2240.0,0.0,0.0,0.0,49831.899999555346,0.0,1420.2000000001308,0.0,27760.949999736273,0.0,0.0,0.0,0.0,0.0,0.0,0.0,5552.190000000007,0.0,277609.5,0.0,103.0,0.0,283161.6900000007,0.0,0.0,0.0,710845.430796922
789,2022-02-28,2022,True,102.15890410958905,992,992,1104,473459.15855518746,1646.4209524015023,57892,16,0.0,0.8468028274781246,0.14965615396100235,0.1582464955867788,0.1257035759926729,0.383519359985405,0.9659979838709677,0.10431294418755481,678720.2417493229,0,False,False,True,"{""0"":null,""1"":null,""2"":null,""3"":null}",992.0,783271.0,992.0,556211.0,992.0,556211.0,845.7394428615808,473459.15855518746,845.7394428615808,0.0,0.0,1646.4209524014732,712491.8517493234,0.0,17.438481659380596,4.0,2244.0,0.0,0.0,89.19999999870197,49921.09999955405,6.450000000003911,1426.6500000001347,49.599999999278225,27810.54999973555,0.0,0.0,0.0,0.0,0.0,0.0,9.920000000000073,5562.110000000007,496.0,278105.5,1.0,104.0,505.9199999999837,283667.6100000007,0.0,0.0,1646.4209524014732,712491.8517493234
790,2022-03-01,2022,True,102.16164383561645,992,992,1104,474304.89799804904,1550.6419318408591,57944,33,0.0,0.8387663902311611,0.17301514883343427,0.15826387593241845,0.1258125905495372,0.383519359985405,0.9660735887096774,0.1316331734114447,679764.9636811637,0,False,False,True,"{""0"":null,""1"":null,""2"":null,""3"":null}",992.0,784263.0,992.0,557203.0,992.0,557203.0,845.7394428615808,474304.89799804904,845.7394428615808,0.0,0.0,1550.641931840917,714042.4936811643,0.0,17.438481659380596,4.0,2248.0,0.0,0.0,89.19999999870197,50010.29999955275,0.0,1426.6500000001347,49.599999999278225,27860.14999973483,0.0,0.0,0.0,0.0,0.0,0.0,9.920000000000073,5572.030000000007,496.0,278601.5,0.0,104.0,505.9199999999837,284173.53000000067,0.0,0.0,1550.641931840917,714042.4936811643
791,2022-03-02,2022,True,102.16438356164383,991,991,1104,475149.6682190606,1467.3510120768442,58044,52,0.0,0.8405487576594455,0.17025401988054317,0.15816086869456125,0.12576830538108177,0.38350876179065835,0.9659182643794147,0.15674181365686468,680726.9046932405,0,False,False,True,"{""0"":null,""1"":null,""2"":null,""3"":null}",991.0,785254.0,991.0,558194.0,991.0,558194.0,844.7702210115385,475149.6682190606,844.7702210115385,0.0,0.0,1467.3510120768333,715509.8446932412,0.0,17.438481659380596,4.0,2252.0,0.0,0.0,89.09999999870342,50099.39999955145,0.0,1426.6500000001347,49.54999999927895,27909.699999734108,0.0,0.0,0.0,0.0,0.0,0.0,9.909999999999854,5581.940000000007,495.5,279097.0,0.0,104.0,505.4099999999744,284678.94000000064,0.0,0.0,1467.3510120768333,715509.8446932412
792,2022-03-03,2022,True,102.16712328767123,989,989,1104,475992.7011834147,1404.7430162910848,58170,50,0.0,0.8160218569004578,0.17509052007899936,0.15853628530576577,0.12605682733683463,0.38369188865612086,0.9659959555106168,0.180224662865226,681627.2577095316,0,False,False,True,"{""0"":null,""1"":null,""2"":null,""3"":null}",989.0,786243.0,989.0,559183.0,989.0,559183.0,843.0329643541481,475992.7011834147,843.0329643541481,0.0,0.0,1404.7430162910605,716914.5877095322,0.0,17.438481659380596,4.0,2256.0,0.0,0.0,88.89999999870633,50188.29999955016,2.400000000001455,1429.0500000001362,49.44999999928041,27959.14999973339,0.0,0.0,0.0,0.0,0.0,0.0,9.890000000000327,5591.830000000007,494.5,279591.5,0.0,104.0,504.39000000001397,285183.33000000066,0.0,0.0,1404.7430162910605,716914.5877095322
793,2022-03-04,2022,True,102.16986301369863,989,989,1104,476835.7341477689,1342.0955090797272,58254,60,0.0,0.8231559202980293,0.1728474505990482,0.15856797910281561,0.12620671613006282,0.38369188865612086,0.9660060667340749,0.20179150373649268,682464.9632186113,0,False,False,True,"{""0"":null,""1"":null,""2"":null,""3"":null}",989.0,787232.0,989.0,560172.0,989.0,560172.0,843.0329643541481,476835.7341477689,843.0329643541481,0.0,0.0,1342.0955090797506,718256.683218612,0.0,17.438481659380596,4.0,2260.0,0.0,0.0,88.89999999870633,50277.199999548866,2.550000000001546,1431.6000000001377,49.44999999928041,28008.59999973267,0.0,0.0,0.0,0.0,0.0,0.0,9.890000000000327,5601.7200000000075,494.5,280086.0,0.0,104.0,504.39000000001397,285687.72000000067,0.0,0.0,1342.0955090797506,718256.683218612
794,2022-03-05,2022,False,102.17260273972603,989,0,1104,476835.7341477689,0.0,57400,60,0.0,,,0.15854714539437578,0.12629876117625152,0.38369188865612086,0.9666986855409505,0.12474046347293356,682464.9632186113,0,False,False,True,"{""0"":null,""1"":null,""2"":null,""3"":null}",989.0,788221.0,0.0,560172.0,0.0,560172.0,0.0,476835.7341477689,0.0,0.0,0.0,0.0,718256.683218612,0.0,17.438481659380596,0.0,2260.0,0.0,0.0,0.0,50277.199999548866,0.0,1431.6000000001377,0.0,28008.59999973267,0.0,0.0,0.0,0.0,0.0,0.0,0.0,5601.7200000000075,0.0,280086.0,0.0,104.0,0.0,285687.72000000067,0.0,0.0,0.0,718256.683218612
795,2022-03-06,2022,False,102.17534246575343,989,0,1104,476835.7341477689,0.0,57400,60,0.0,,,0.15854714539437578,0.12629876117625155,0.38369188865612086,0.9666986855409505,0.07490942510446702,682464.9632186113,0,False,False,True,"{""0"":null,""1"":null,""2"":null,""3"":null}",989.0,789210.0,0.0,560172.0,0.0,560172.0,0.0,476835.7341477689,0.0,0.0,0.0,0.0,718256.683218612,0.0,17.438481659380596,0.0,2260.0,0.0,0.0,0.0,50277.199999548866,0.0,1431.6000000001377,0.0,28008.59999973267,0.0,0.0,0.0,0.0,0.0,0.0,0.0,5601.7200000000075,0.0,280086.0,0.0,104.0,0.0,285687.72000000067,0.0,0.0,0.0,718256.683218612
796,2022-03-07,2022,True,102.17808219178082,989,989,1104,477678.767112123,1612.3188997105897,58404,18,0.0,0.8391871972547942,0.15945384963611192,0.15854714539437575,0.12629876117625152,0.38369188865612086,0.9660060667340749,0.1042245992076432,683572.8921183218,0,False,False,True,"{""0"":null,""1"":null,""2"":null,""3"":null}",989.0,790199.0,989.0,561161.0,989.0,561161.0,843.0329643541481,477678.767112123,843.0329643541481,0.0,0.0,1612.3188997105462,719869.0021183225,0.0,17.438481659380596,4.0,2264.0,0.0,0.0,88.89999999870633,50366.09999954757,9.000000000005457,1440.6000000001432,49.44999999928041,28058.04999973195,0.0,0.0,0.0,0.0,0.0,0.0,9.890000000000327,5611.610000000008,494.5,280580.5,0.0,104.0,504.39000000001397,286192.1100000007,0.0,0.0,1612.3188997105462,719869.0021183225
797,2022-03-08,2022,True,102.18082191780822,990,990,1105,478522.6177219315,1577.6667842812385,58443,39,0.0,0.8233365263453659,0.161148259794361,0.1585341325010184,0.12566617132817492,0.3837024868508675,0.9660050505050505,0.13149251712667784,684644.6589026031,0,False,False,True,"{""0"":null,""1"":null,""2"":null,""3"":null}",990.0,791189.0,990.0,562151.0,990.0,562151.0,843.8506098084617,478522.6177219315,843.8506098084617,0.0,0.0,1577.6667842812603,721446.6689026038,0.0,17.438481659380596,4.0,2268.0,0.0,0.0,88.99999999870488,50455.09999954628,0.0,1440.6000000001432,49.49999999927968,28107.54999973123,0.0,0.0,0.0,0.0,0.0,0.0,9.899999999999636,5621.5100000000075,495.0,281075.5,1.0,105.0,504.9000000000233,286697.0100000007,0.0,0.0,1577.6667842812603,721446.6689026038
798,2022-03-09,2022,True,102.18356164383562,990,990,1105,479366.46833173995,1489.2611694248753,58547,52,0.0,0.8454490717275239,0.1639894311554872,0.15859966229711217,0.1258242388759137,0.3837024868508675,0.9658787878787879,0.15676336483305403,685629.0200720279,0,False,False,True,"{""0"":null,""1"":null,""2"":null,""3"":null}",990.0,792179.0,990.0,563141.0,990.0,563141.0,843.8506098084617,479366.46833173995,843.8506098084617,0.0,0.0,1489.2611694248626,722935.9300720287,0.0,17.438481659380596,4.0,2272.0,0.0,0.0,88.99999999870488,50544.09999954498,0.0,1440.6000000001432,49.49999999927968,28157.04999973051,0.0,0.0,0.0,0.0,0.0,0.0,9.899999999999636,5631.410000000007,495.0,281570.5,0.0,105.0,504.9000000000233,287201.91000000073,0.0,0.0,1489.2611694248626,722935.9300720287
799,2022-03-10,2022,True,102.18630136986302,990,990,1105,480210.3189415484,1408.993133992353,58664,49,0.47339211439688933,0.836413585567324,0.16148773413981754,0.15850703110604603,0.12590567028984517,0.3837024868508675,0.9658838383838384,0.18010278619452114,686533.1132060202,0,False,False,True,"{""0"":null,""1"":null,""2"":null,""3"":null}",990.0,793169.0,990.0,564131.0,990.0,564131.0,843.8506098084617,480210.3189415484,843.8506098084617,0.0,0.0,1408.993133992306,724344.923206021,0.47339211439689066,17.911873773777486,4.0,2276.0,0.0,0.0,88.99999999870488,50633.09999954369,2.700000000001637,1443.3000000001448,49.49999999927968,28206.54999972979,0.0,0.0,0.0,0.0,0.0,0.0,9.899999999999636,5641.310000000007,495.0,282065.5,0.0,105.0,504.9000000000233,287706.81000000075,0.0,0.0,1408.993133992306,724344.923206021
800,2022-03-11,2022,True,102.18904109589042,990,990,1105,481054.16955135687,1316.8770343343174,58765,48,0.00020619340067757133,0.8333891613527248,0.154505032120626,0.15856488629545082,0.12600126803691655,0.3837024868508675,0.9658888888888889,0.20164130053051227,687345.0902403545,0,False,False,True,"{""0"":null,""1"":null,""2"":null,""3"":null}",990.0,794159.0,990.0,565121.0,990.0,565121.0,843.8506098084617,481054.16955135687,843.8506098084617,0.0,0.0,1316.8770343343494,725661.8002403553,0.00020619340067895564,17.912079967178165,4.0,2280.0,0.0,0.0,88.99999999870488,50722.09999954239,3.15000000000191,1446.4500000001467,49.49999999927968,28256.049999729068,0.0,0.0,0.0,0.0,0.0,0.0,9.899999999999636,5651.210000000006,495.0,282560.5,0.0,105.0,504.9000000000233,288211.7100000008,0.0,0.0,1316.8770343343494,725661.8002403553
801,2022-03-12,2022,False,102.1917808219178,990,0,1105,481054.16955135687,0.0,57900,48,0.0,,,0.15855037900547184,0.12606143805044648,0.3837024868508675,0.9666313131313131,0.12464465092348674,687345.0902403545,0,False,False,True,"{""0"":null,""1"":null,""2"":null,""3"":null}",990.0,795149.0,0.0,565121.0,0.0,565121.0,0.0,481054.16955135687,0.0,0.0,0.0,0.0,725661.8002403553,0.0,17.912079967178165,0.0,2280.0,0.0,0.0,0.0,50722.09999954239,0.0,1446.4500000001467,0.0,28256.049999729068,0.0,0.0,0.0,0.0,0.0,0.0,0.0,5651.210000000006,0.0,282560.5,0.0,105.0,0.0,288211.7100000008,0.0,0.0,0.0,725661.8002403553
802,2022-03-13,2022,False,102.1945205479452,990,0,1105,481054.16955135687,0.0,57900,48,0.0,,,0.15855037900547184,0.12606143805044648,0.3837024868508675,0.9666313131313131,0.07479514388410319,687345.0902403545,0,False,False,True,"{""0"":null,""1"":null,""2"":null,""3"":null}",990.0,796139.0,0.0,565121.0,0.0,565121.0,0.0,481054.16955135687,0.0,0.0,0.0,0.0,725661.8002403553,0.0,17.912079967178165,0.0,2280.0,0.0,0.0,0.0,50722.09999954239,0.0,1446.4500000001467,0.0,28256.049999729068,0.0,0.0,0.0,0.0,0.0,0.0,0.0,5651.210000000006,0.0,282560.5,0.0,105.0,0.0,288211.7100000008,0.0,0.0,0.0,725661.8002403553
803,2022-03-14,2022,True,102.1972602739726,990,990,1105,481898.02016116533,1656.990735271519,58895,17,0.19342223204273973,0.8666434080767976,0.1270866237689178,0.15855037900547184,0.12606143805044648,0.3837024868508675,0.9659292929292929,0.10406473019843182,688497.180975626,0,False,False,True,"{""0"":null,""1"":null,""2"":null,""3"":null}",990.0,797129.0,990.0,566111.0,990.0,566111.0,843.8506098084617,481898.02016116533,843.8506098084617,0.0,0.0,1656.99073527148,727318.7909756268,0.19342223204273878,18.105502199220904,4.0,2284.0,0.0,0.0,88.99999999870488,50811.0999995411,7.200000000004366,1453.650000000151,49.49999999927968,28305.549999728348,0.0,0.0,0.0,0.0,0.0,0.0,9.899999999999636,5661.110000000006,495.0,283055.5,0.0,105.0,504.9000000000233,288716.6100000008,0.0,0.0,1656.99073527148,727318.7909756268
804,2022-03-15,2022,True,102.2,991,991,1106,482742.58141451643,1561.803517343529,58951,34,0.0,0.8497131113572489,0.15443912525820824,0.15861573232276133,0.12568971922712294,0.38395057911250263,0.9661453077699295,0.13129750478026866,689552.5744929694,0,False,False,True,"{""0"":null,""1"":null,""2"":null,""3"":null}",991.0,798120.0,991.0,567102.0,991.0,567102.0,844.5612533511012,482742.58141451643,844.5612533511012,0.0,0.0,1561.8035173434764,728880.5944929703,0.0,18.105502199220904,4.0,2288.0,0.0,0.0,89.09999999870342,50900.1999995398,0.0,1453.650000000151,49.54999999927895,28355.099999727627,0.0,0.0,0.0,0.0,0.0,0.0,9.909999999999854,5671.020000000006,495.5,283551.0,1.0,106.0,505.4099999999744,289222.0200000008,0.0,0.0,1561.8035173434764,728880.5944929703
805,2022-03-16,2022,True,102.2027397260274,991,991,1106,483587.14266786753,1478.7502858385287,59054,45,0.2052669181983183,0.8334733225386983,0.16256809702541478,0.15864271311612896,0.12576063981923358,0.38395057911250263,0.9661503531786075,0.15654518752704996,690525.9147788079,0,False,False,True,"{""0"":null,""1"":null,""2"":null,""3"":null}",991.0,799111.0,991.0,568093.0,991.0,568093.0,844.5612533511012,483587.14266786753,844.5612533511012,0.0,0.0,1478.7502858384978,730359.3447788088,0.2052669181983191,18.310769117419223,4.0,2292.0,0.0,0.0,89.09999999870342,50989.2999995385,0.0,1453.650000000151,49.54999999927895,28404.649999726906,0.0,0.0,0.0,0.0,0.0,0.0,9.909999999999854,5680.930000000006,495.5,284046.5,0.0,106.0,505.4099999999744,289727.43000000075,0.0,0.0,1478.7502858384978,730359.3447788088
806,2022-03-17,2022,True,102.20547945205479,991,991,1106,484431.70392121864,1410.743751212657,59159,43,0.01722551492672368,0.8134094589080128,0.1895081581950997,0.1586545748122277,0.12584785357179368,0.38395057911250263,0.9659384460141272,0.17989748203179295,691431.2485300205,0,False,False,True,"{""0"":null,""1"":null,""2"":null,""3"":null}",991.0,800102.0,991.0,569084.0,991.0,569084.0,844.5612533511012,484431.70392121864,844.5612533511012,0.0,0.0,1410.7437512126053,731770.0885300214,0.017225514926725083,18.32799463234595,4.0,2296.0,0.0,0.0,89.09999999870342,51078.39999953721,2.550000000001546,1456.2000000001526,49.54999999927895,28454.199999726185,0.0,0.0,0.0,0.0,0.0,0.0,9.909999999999854,5690.840000000006,495.5,284542.0,0.0,106.0,505.4099999999744,290232.8400000007,0.0,0.0,1410.7437512126053,731770.0885300214
807,2022-03-18,2022,True,102.20821917808219,990,990,1106,485275.4802387425,1356.3538836901532,59258,51,0.0,0.8143125588365193,0.19330022080030146,0.15877700036937897,0.12598403904553382,0.38414747900218016,0.9655959595959597,0.20153157074422567,692282.7024137106,0,False,False,True,"{""0"":null,""1"":null,""2"":null,""3"":null}",990.0,801092.0,990.0,570074.0,990.0,570074.0,843.7763175238506,485275.4802387425,843.7763175238506,0.0,0.0,1356.3538836902007,733126.4424137116,0.0,18.32799463234595,4.0,2300.0,0.0,0.0,88.99999999870488,51167.39999953591,2.550000000001546,1458.7500000001542,49.49999999927968,28503.699999725464,0.0,0.0,0.0,0.0,0.0,0.0,9.899999999999636,5700.740000000005,495.0,285037.0,0.0,106.0,504.9000000000233,290737.74000000075,0.0,0.0,1356.3538836902007,733126.4424137116
808,2022-03-19,2022,False,102.21095890410959,990,0,1107,485275.4802387425,0.0,58400,51,0.0,,,0.15862558626325773,0.12510418870888618,0.38414747900218016,0.9659343434343434,0.12432894232680786,692281.7024137106,0,False,False,True,"{""0"":null,""1"":null,""2"":null,""3"":null}",990.0,802082.0,0.0,570074.0,0.0,570074.0,0.0,485275.4802387425,0.0,0.0,0.0,0.0,733126.4424137116,0.0,18.32799463234595,0.0,2300.0,0.0,0.0,0.0,51167.39999953591,0.0,1458.7500000001542,0.0,28503.699999725464,0.0,0.0,0.0,0.0,0.0,0.0,0.0,5700.740000000005,0.0,285037.0,1.0,107.0,0.0,290737.74000000075,0.0,0.0,0.0,733126.4424137116
809,2022-03-20,2022,False,102.21369863013699,990,0,1107,485275.4802387425,0.0,58400,51,0.0,,,0.15862558626325773,0.12510418870888618,0.38414747900218016,0.9659343434343434,0.0746002977403739,692281.7024137106,0,False,False,True,"{""0"":null,""1"":null,""2"":null,""3"":null}",990.0,803072.0,0.0,570074.0,0.0,570074.0,0.0,485275.4802387425,0.0,0.0,0.0,0.0,733126.4424137116,0.0,18.32799463234595,0.0,2300.0,0.0,0.0,0.0,51167.39999953591,0.0,1458.7500000001542,0.0,28503.699999725464,0.0,0.0,0.0,0.0,0.0,0.0,0.0,5700.740000000005,0.0,285037.0,0.0,107.0,0.0,290737.74000000075,0.0,0.0,0.0,733126.4424137116
810,2022-03-21,2022,True,102.21643835616439,990,990,1107,486119.2812218082,1628.3197730925206,59402,14,0.0,0.8485395933896704,0.15046246459992124,0.15862558626325773,0.12510418870888615,0.38414747900218016,0.9653737373737374,0.10386152615352759,693405.1221868031,0,False,False,True,"{""0"":null,""1"":null,""2"":null,""3"":null}",990.0,804062.0,990.0,571064.0,990.0,571064.0,843.8009830657393,486119.2812218082,843.8009830657393,0.0,0.0,1628.3197730925167,734754.7621868041,0.0,18.32799463234595,4.0,2304.0,0.0,0.0,88.99999999870488,51256.39999953462,7.650000000004638,1466.4000000001588,49.49999999927968,28553.199999724744,0.0,0.0,0.0,0.0,0.0,0.0,9.899999999999636,5710.640000000005,495.0,285532.0,0.0,107.0,504.9000000000233,291242.64000000077,0.0,0.0,1628.3197730925167,734754.7621868041
811,2022-03-22,2022,True,102.21917808219177,991,991,1108,486963.84698062774,1554.711353085442,59444,33,0.0,0.8366558641406907,0.16452920204783505,0.15830758319916285,0.12429329673840012,0.383953753941971,0.965438950554995,0.13109718576576798,694453.4235398886,0,False,False,True,"{""0"":null,""1"":null,""2"":null,""3"":null}",991.0,805053.0,991.0,572055.0,991.0,572055.0,844.5657588195172,486963.84698062774,844.5657588195172,0.0,0.0,1554.7113530854695,736309.4735398896,0.0,18.32799463234595,4.0,2308.0,0.0,0.0,89.09999999870342,51345.49999953332,0.0,1466.4000000001588,49.54999999927895,28602.749999724023,0.0,0.0,0.0,0.0,0.0,0.0,9.909999999999854,5720.550000000005,495.5,286027.5,1.0,108.0,505.4099999999744,291748.05000000075,0.0,0.0,1554.7113530854695,736309.4735398896
812,2022-03-23,2022,True,102.22191780821917,991,991,1108,487808.41273944726,1473.0833488133096,59543,53,0.0,0.823374724046977,0.16596060741730662,0.15835432424707704,0.12439305830022626,0.383953753941971,0.965388496468214,0.1563470179349409,695421.0968887019,0,False,False,True,"{""0"":null,""1"":null,""2"":null,""3"":null}",991.0,806044.0,991.0,573046.0,991.0,573046.0,844.5657588195172,487808.41273944726,844.5657588195172,0.0,0.0,1473.0833488133503,737782.5568887029,0.0,18.32799463234595,4.0,2312.0,0.0,0.0,89.09999999870342,51434.59999953202,0.0,1466.4000000001588,49.54999999927895,28652.299999723302,0.0,0.0,0.0,0.0,0.0,0.0,9.909999999999854,5730.460000000005,495.5,286523.0,0.0,108.0,505.4099999999744,292253.4600000007,0.0,0.0,1473.0833488133503,737782.5568887029
813,2022-03-24,2022,True,102.22465753424657,991,991,1108,488652.9784982668,1379.4263290946358,59654,58,0.0,0.8394971730265688,0.15502003324054392,0.15830968013811383,0.12447458217040952,0.383953753941971,0.965191725529768,0.1797103936388233,696295.1132177965,0,False,False,True,"{""0"":null,""1"":null,""2"":null,""3"":null}",991.0,807035.0,991.0,574037.0,991.0,574037.0,844.5657588195172,488652.9784982668,844.5657588195172,0.0,0.0,1379.4263290946838,739161.9832177976,0.0,18.32799463234595,4.0,2316.0,0.0,0.0,89.09999999870342,51523.69999953073,2.1000000000012733,1468.50000000016,49.54999999927895,28701.84999972258,0.0,0.0,0.0,0.0,0.0,0.0,9.909999999999854,5740.370000000004,495.5,287018.5,0.0,108.0,505.4099999999744,292758.8700000007,0.0,0.0,1379.4263290946838,739161.9832177976
814,2022-03-25,2022,True,102.22739726027397,991,991,1108,489497.5442570863,1353.85290111758,59767,58,0.06669639327462214,0.8244405930754332,0.16110398592354827,0.15830782390147874,0.12453385296993916,0.383953753941971,0.9652623612512614,0.20126301982743489,697143.556118914,0,False,False,True,"{""0"":null,""1"":null,""2"":null,""3"":null}",991.0,808026.0,991.0,575028.0,991.0,575028.0,844.5657588195172,489497.5442570863,844.5657588195172,0.0,0.0,1353.852901117527,740515.8361189151,0.06669639327462207,18.39469102562057,4.0,2320.0,0.0,0.0,89.09999999870342,51612.79999952943,2.850000000001728,1471.3500000001618,49.54999999927895,28751.39999972186,0.0,0.0,0.0,0.0,0.0,0.0,9.909999999999854,5750.280000000004,495.5,287514.0,0.0,108.0,505.4099999999744,293264.28000000067,0.0,0.0,1353.852901117527,740515.8361189151
815,2022-03-26,2022,False,102.23013698630137,991,0,1108,489497.5442570863,0.0,58900,58,0.0,,,0.15826117028967807,0.12458734444866214,0.383953753941971,0.9663319878910192,0.1244338609759843,697143.556118914,0,False,False,True,"{""0"":null,""1"":null,""2"":null,""3"":null}",991.0,809017.0,0.0,575028.0,0.0,575028.0,0.0,489497.5442570863,0.0,0.0,0.0,0.0,740515.8361189151,0.0,18.39469102562057,0.0,2320.0,0.0,0.0,0.0,51612.79999952943,0.0,1471.3500000001618,0.0,28751.39999972186,0.0,0.0,0.0,0.0,0.0,0.0,0.0,5750.280000000004,0.0,287514.0,0.0,108.0,0.0,293264.28000000067,0.0,0.0,0.0,740515.8361189151
816,2022-03-27,2022,False,102.23287671232876,991,0,1108,489497.5442570863,0.0,58900,58,0.0,,,0.15826117028967807,0.12458734444866212,0.383953753941971,0.9663319878910192,0.07472596336208029,697143.556118914,0,False,False,True,"{""0"":null,""1"":null,""2"":null,""3"":null}",991.0,810008.0,0.0,575028.0,0.0,575028.0,0.0,489497.5442570863,0.0,0.0,0.0,0.0,740515.8361189151,0.0,18.39469102562057,0.0,2320.0,0.0,0.0,0.0,51612.79999952943,0.0,1471.3500000001618,0.0,28751.39999972186,0.0,0.0,0.0,0.0,0.0,0.0,0.0,5750.280000000004,0.0,287514.0,0.0,108.0,0.0,293264.28000000067,0.0,0.0,0.0,740515.8361189151
817,2022-03-28,2022,True,102.23561643835616,991,991,1108,490342.1100159058,1629.208951248357,59906,16,0.0,0.8607946076630739,0.1386149042898617,0.15826117028967807,0.12458734444866212,0.383953753941971,0.9657214934409687,0.10399751481247241,698267.3550701623,0,False,False,True,"{""0"":null,""1"":null,""2"":null,""3"":null}",991.0,810999.0,991.0,576019.0,991.0,576019.0,844.5657588195172,490342.1100159058,844.5657588195172,0.0,0.0,1629.2089512483217,742145.0450701634,0.0,18.39469102562057,4.0,2324.0,0.0,0.0,89.09999999870342,51701.899999528134,8.700000000005275,1480.050000000167,49.54999999927895,28800.94999972114,0.0,0.0,0.0,0.0,0.0,0.0,9.909999999999854,5760.190000000004,495.5,288009.5,0.0,108.0,505.4099999999744,293769.69000000064,0.0,0.0,1629.2089512483217,742145.0450701634
818,2022-03-29,2022,True,102.23835616438356,991,991,1108,491186.6757747253,1555.7670703626459,59940,38,0.0,0.8306068829560994,0.18648228366911349,0.1582434781665023,0.12464947953913444,0.383953753941971,0.965882946518668,0.13132573279544682,699317.712140525,0,False,False,True,"{""0"":null,""1"":null,""2"":null,""3"":null}",991.0,811990.0,991.0,577010.0,991.0,577010.0,844.5657588195172,491186.6757747253,844.5657588195172,0.0,0.0,1555.7670703626936,743700.8121405261,0.0,18.39469102562057,4.0,2328.0,0.0,0.0,89.09999999870342,51790.99999952684,0.0,1480.050000000167,49.54999999927895,28850.499999720418,0.0,0.0,0.0,0.0,0.0,0.0,9.909999999999854,5770.100000000004,495.5,288505.0,0.0,108.0,505.4099999999744,294275.1000000006,0.0,0.0,1555.7670703626936,743700.8121405261
819,2022-03-30,2022,True,102.24109589041096,990,990,1108,492030.48253747233,1506.044525566396,60047,56,0.0,0.8373681858403541,0.1536386062976157,0.15807516224723328,0.12435131931019269,0.3837056616803359,0.9656262626262626,0.1568439458302107,700318.8566660914,0,False,False,True,"{""0"":null,""1"":null,""2"":null,""3"":null}",990.0,812980.0,990.0,578000.0,990.0,578000.0,843.8067627470009,492030.48253747233,843.8067627470009,0.0,0.0,1506.0445255663944,745206.8566660925,0.0,18.39469102562057,4.0,2332.0,0.0,0.0,88.99999999870488,51879.99999952554,0.0,1480.050000000167,49.49999999927968,28899.999999719697,0.0,0.0,0.0,0.0,0.0,0.0,9.899999999999636,5780.000000000004,495.0,289000.0,0.0,108.0,504.9000000000233,294780.00000000064,0.0,0.0,1506.0445255663944,745206.8566660925
820,2022-03-31,2022,True,102.24383561643836,990,990,1108,492874.28930021933,1400.7536414396588,60148,65,0.0,0.8384133812464518,0.16520484448344425,0.15803028196211497,0.12442458978510529,0.3837056616803359,0.9653535353535354,0.18025350853936,701214.710307531,0,False,False,True,"{""0"":null,""1"":null,""2"":null,""3"":null}",990.0,813970.0,990.0,578990.0,990.0,578990.0,843.8067627470009,492874.28930021933,843.8067627470009,0.0,0.0,1400.7536414396018,746607.6103075321,0.0,18.39469102562057,4.0,2336.0,0.0,0.0,88.99999999870488,51968.99999952425,2.400000000001455,1482.4500000001685,49.49999999927968,28949.499999718977,0.0,0.0,0.0,0.0,0.0,0.0,9.899999999999636,5789.900000000003,495.0,289495.0,0.0,108.0,504.9000000000233,295284.90000000066,0.0,0.0,1400.7536414396018,746607.6103075321
821,2022-04-01,2022,True,102.24657534246575,990,990,1108,493718.09606296633,1192.111328166135,60277,55,0.05792023423776987,0.8090833610968221,0.19038096120946624,0.15806508650101297,0.12456582265379423,0.3837056616803359,0.9656616161616162,0.2018308719355386,701901.921635697,0,False,False,True,"{""0"":null,""1"":null,""2"":null,""3"":null}",990.0,814960.0,990.0,579980.0,990.0,579980.0,843.8067627470009,493718.09606296633,843.8067627470009,0.0,0.0,1192.1113281660946,747799.7216356982,0.05792023423776982,18.45261125985834,4.0,2340.0,0.0,0.0,88.99999999870488,52057.99999952295,3.300000000002001,1485.7500000001705,49.49999999927968,28998.999999718257,0.0,0.0,0.0,0.0,0.0,0.0,9.899999999999636,5799.800000000003,495.0,289990.0,0.0,108.0,504.9000000000233,295789.8000000007,0.0,0.0,1192.1113281660946,747799.7216356982
822,2022-04-02,2022,False,102.24931506849315,990,0,1108,493718.09606296633,0.0,59400,55,0.0,,,0.15812999094816124,0.12462704450020595,0.3837056616803359,0.9665555555555555,0.12483915176770194,701901.921635697,0,False,False,True,"{""0"":null,""1"":null,""2"":null,""3"":null}",990.0,815950.0,0.0,579980.0,0.0,579980.0,0.0,493718.09606296633,0.0,0.0,0.0,0.0,747799.7216356982,0.0,18.45261125985834,0.0,2340.0,0.0,0.0,0.0,52057.99999952295,0.0,1485.7500000001705,0.0,28998.999999718257,0.0,0.0,0.0,0.0,0.0,0.0,0.0,5799.800000000003,0.0,289990.0,0.0,108.0,0.0,295789.8000000007,0.0,0.0,0.0,747799.7216356982
823,2022-04-03,2022,False,102.25205479452055,990,0,1108,493718.09606296633,0.0,59400,55,0.0,,,0.15812999094816124,0.12462704450020597,0.3837056616803359,0.9665555555555555,0.07502188001922727,701901.921635697,0,False,False,True,"{""0"":null,""1"":null,""2"":null,""3"":null}",990.0,816940.0,0.0,579980.0,0.0,579980.0,0.0,493718.09606296633,0.0,0.0,0.0,0.0,747799.7216356982,0.0,18.45261125985834,0.0,2340.0,0.0,0.0,0.0,52057.99999952295,0.0,1485.7500000001705,0.0,28998.999999718257,0.0,0.0,0.0,0.0,0.0,0.0,0.0,5799.800000000003,0.0,289990.0,0.0,108.0,0.0,295789.8000000007,0.0,0.0,0.0,747799.7216356982
824,2022-04-04,2022,True,102.25479452054795,991,991,1109,494562.8216526144,1508.2958102182906,60400,14,0.0,0.8455997366688611,0.15334674688684782,0.15812758195097343,0.1238209901940795,0.38363983195501306,0.9656659939455096,0.10440644053906506,702903.8074459153,0,False,False,True,"{""0"":null,""1"":null,""2"":null,""3"":null}",991.0,817931.0,991.0,580971.0,991.0,580971.0,844.7255896480638,494562.8216526144,844.7255896480638,0.0,0.0,1508.2958102183184,749308.0174459165,0.0,18.45261125985834,4.0,2344.0,0.0,0.0,89.09999999870342,52147.099999521655,8.250000000005002,1494.0000000001755,49.54999999927895,29048.549999717536,0.0,0.0,0.0,0.0,0.0,0.0,9.909999999999854,5809.710000000003,495.5,290485.5,1.0,109.0,505.4099999999744,296295.21000000066,0.0,0.0,1508.2958102183184,749308.0174459165
825,2022-04-05,2022,True,102.25753424657535,991,991,1109,495407.54724226246,1419.7568995456184,60447,32,0.0,0.8415470704410797,0.15256227559855662,0.1580921502088281,0.12389286886090806,0.38363983195501306,0.965832492431887,0.13178001597204142,703818.1543454609,0,False,False,True,"{""0"":null,""1"":null,""2"":null,""3"":null}",991.0,818922.0,991.0,581962.0,991.0,581962.0,844.7255896480638,495407.54724226246,844.7255896480638,0.0,0.0,1419.7568995456677,750727.7743454622,0.0,18.45261125985834,4.0,2348.0,0.0,0.0,89.09999999870342,52236.19999952036,0.0,1494.0000000001755,49.54999999927895,29098.099999716815,0.0,0.0,0.0,0.0,0.0,0.0,9.909999999999854,5819.620000000003,495.5,290981.0,0.0,109.0,505.4099999999744,296800.62000000064,0.0,0.0,1419.7568995456677,750727.7743454622
826,2022-04-06,2022,True,102.26027397260275,991,991,1109,496252.2728319105,1346.0351415726348,60552,50,0.0,0.8273515470704411,0.16183128087383453,0.15808170991939413,0.12397851260981421,0.38363983195501306,0.9658022199798184,0.1571900450305643,704658.7794870335,0,False,False,True,"{""0"":null,""1"":null,""2"":null,""3"":null}",991.0,819913.0,991.0,582953.0,991.0,582953.0,844.7255896480638,496252.2728319105,844.7255896480638,0.0,0.0,1346.035141572589,752073.8094870348,0.0,18.45261125985834,4.0,2352.0,0.0,0.0,89.09999999870342,52325.29999951906,0.0,1494.0000000001755,49.54999999927895,29147.649999716094,0.0,0.0,0.0,0.0,0.0,0.0,9.909999999999854,5829.5300000000025,495.5,291476.5,0.0,109.0,505.4099999999744,297306.0300000006,0.0,0.0,1346.035141572589,752073.8094870348
827,2022-04-07,2022,True,102.26301369863013,991,991,1109,497096.9984215586,1259.8882263595917,60661,51,0.0,0.8213923633969717,0.1583661672867485,0.15810281487044697,0.1240742837156455,0.38363983195501306,0.9658678102926337,0.18066114298026814,705413.2577133931,0,False,False,True,"{""0"":null,""1"":null,""2"":null,""3"":null}",991.0,820904.0,991.0,583944.0,991.0,583944.0,844.7255896480638,497096.9984215586,844.7255896480638,0.0,0.0,1259.888226359617,753333.6977133944,0.0,18.45261125985834,4.0,2356.0,0.0,0.0,89.09999999870342,52414.399999517766,2.1000000000012733,1496.1000000001768,49.54999999927895,29197.199999715373,0.0,0.0,0.0,0.0,0.0,0.0,9.909999999999854,5839.440000000002,495.5,291972.0,0.0,109.0,505.4099999999744,297811.4400000006,0.0,0.0,1259.888226359617,753333.6977133944
828,2022-04-08,2022,True,102.26575342465753,991,991,1109,497941.72401120665,1242.50427888803,60772,45,0.0,0.8436808755760368,0.14951162436827362,0.15812818251866165,0.12417131380162999,0.38363983195501306,0.9662764883955601,0.20228498421008903,706150.351992281,0,False,False,True,"{""0"":null,""1"":null,""2"":null,""3"":null}",991.0,821895.0,991.0,584935.0,991.0,584935.0,844.7255896480638,497941.72401120665,844.7255896480638,0.0,0.0,1242.5042788879946,754576.2019922824,0.0,18.45261125985834,4.0,2360.0,0.0,0.0,89.09999999870342,52503.49999951647,2.700000000001637,1498.8000000001784,49.54999999927895,29246.74999971465,0.0,0.0,0.0,0.0,0.0,0.0,9.909999999999854,5849.350000000002,495.5,292467.5,0.0,109.0,505.4099999999744,298316.85000000056,0.0,0.0,1242.5042788879946,754576.2019922824
829,2022-04-09,2022,False,102.26849315068493,991,0,1109,497941.72401120665,0.0,59900,45,0.0,,,0.15811045837914436,0.12425924124083848,0.38363983195501306,0.9669576185671039,0.12517337585047042,706150.351992281,0,False,False,True,"{""0"":null,""1"":null,""2"":null,""3"":null}",991.0,822886.0,0.0,584935.0,0.0,584935.0,0.0,497941.72401120665,0.0,0.0,0.0,0.0,754576.2019922824,0.0,18.45261125985834,0.0,2360.0,0.0,0.0,0.0,52503.49999951647,0.0,1498.8000000001784,0.0,29246.74999971465,0.0,0.0,0.0,0.0,0.0,0.0,0.0,5849.350000000002,0.0,292467.5,0.0,109.0,0.0,298316.85000000056,0.0,0.0,0.0,754576.2019922824
830,2022-04-10,2022,False,102.27123287671233,992,0,1110,497941.72401120665,0.0,59900,45,0.0,,,0.15822589371023604,0.12376100268238871,0.3838879242166482,0.9666885080645161,0.07517086672479803,706149.351992281,0,False,False,True,"{""0"":null,""1"":null,""2"":null,""3"":null}",992.0,823878.0,0.0,584935.0,0.0,584935.0,0.0,497941.72401120665,0.0,0.0,0.0,0.0,754576.2019922824,0.0,18.45261125985834,0.0,2360.0,0.0,0.0,0.0,52503.49999951647,0.0,1498.8000000001784,0.0,29246.74999971465,0.0,0.0,0.0,0.0,0.0,0.0,0.0,5849.350000000002,0.0,292467.5,1.0,110.0,0.0,298316.85000000056,0.0,0.0,0.0,754576.2019922824
831,2022-04-11,2022,True,102.27397260273973,992,992,1110,498787.2406089052,1462.3196242226354,60895,16,0.0,0.8659810314331717,0.10967062291034359,0.15822589371023604,0.12376100268238872,0.3838879242166482,0.9661189516129032,0.10452111419486096,707105.7516165036,0,False,False,True,"{""0"":null,""1"":null,""2"":null,""3"":null}",992.0,824870.0,992.0,585927.0,992.0,585927.0,845.516597698559,498787.2406089052,845.516597698559,0.0,0.0,1462.3196242225822,756038.521616505,0.0,18.45261125985834,4.0,2364.0,0.0,0.0,89.19999999870197,52592.69999951517,6.750000000004093,1505.5500000001825,49.599999999278225,29296.34999971393,0.0,0.0,0.0,0.0,0.0,0.0,9.920000000000073,5859.270000000002,496.0,292963.5,0.0,110.0,505.9199999999837,298822.77000000054,0.0,0.0,1462.3196242225822,756038.521616505
832,2022-04-12,2022,True,102.27671232876712,992,992,1110,499632.75720660377,1410.4650548676432,60953,32,0.0,0.845786657492379,0.14873821999550135,0.1582281597594876,0.12385551897806674,0.3838879242166482,0.9664112903225806,0.13195633657936767,708010.2966713712,0,False,False,True,"{""0"":null,""1"":null,""2"":null,""3"":null}",992.0,825862.0,992.0,586919.0,992.0,586919.0,845.516597698559,499632.75720660377,845.516597698559,0.0,0.0,1410.4650548676727,757448.9866713727,0.0,18.45261125985834,4.0,2368.0,0.0,0.0,89.19999999870197,52681.89999951387,0.0,1505.5500000001825,49.599999999278225,29345.949999713208,0.0,0.0,0.0,0.0,0.0,0.0,9.920000000000073,5869.190000000002,496.0,293459.5,0.0,110.0,505.9199999999837,299328.6900000005,0.0,0.0,1410.4650548676727,757448.9866713727
833,2022-04-13,2022,True,102.27945205479452,992,992,1110,500478.2738043023,1352.475699492462,61052,43,0.0,0.8398111788827463,0.1539524726403501,0.1582279552528864,0.1239577611764891,0.3838879242166482,0.9664566532258064,0.15737835513741275,708856.8523708637,0,False,False,True,"{""0"":null,""1"":null,""2"":null,""3"":null}",992.0,826854.0,992.0,587911.0,992.0,587911.0,845.516597698559,500478.2738043023,845.516597698559,0.0,0.0,1352.4756994924974,758801.4623708652,0.0,18.45261125985834,4.0,2372.0,0.0,0.0,89.19999999870197,52771.099999512575,0.0,1505.5500000001825,49.599999999278225,29395.549999712486,0.0,0.0,0.0,0.0,0.0,0.0,9.920000000000073,5879.110000000002,496.0,293955.5,0.0,110.0,505.9199999999837,299834.6100000005,0.0,0.0,1352.4756994924974,758801.4623708652
834,2022-04-14,2022,True,102.28219178082192,992,992,1110,501323.7904020009,1276.0324829987803,61166,40,0.0,0.8187012031007506,0.18097723119615355,0.15826842026361937,0.1240361583946848,0.3838879242166482,0.9664112903225806,0.18081306424098717,709626.9648538624,0,False,False,True,"{""0"":null,""1"":null,""2"":null,""3"":null}",992.0,827846.0,992.0,588903.0,992.0,588903.0,845.516597698559,501323.7904020009,845.516597698559,0.0,0.0,1276.0324829987949,760077.494853864,0.0,18.45261125985834,4.0,2376.0,0.0,0.0,89.19999999870197,52860.29999951128,2.400000000001455,1507.950000000184,49.599999999278225,29445.149999711764,0.0,0.0,0.0,0.0,0.0,0.0,9.920000000000073,5889.0300000000025,496.0,294451.5,0.0,110.0,505.9199999999837,300340.5300000005,0.0,0.0,1276.0324829987949,760077.494853864
835,2022-04-15,2022,True,102.28493150684932,992,992,1110,502169.30699969945,1203.5005876858067,61267,41,0.0,0.8165305005406749,0.16732898577540314,0.15821150756558439,0.1240615605537703,0.3838879242166482,0.9663004032258065,0.20243587776844435,710324.5454415482,0,False,False,True,"{""0"":null,""1"":null,""2"":null,""3"":null}",992.0,828838.0,992.0,589895.0,992.0,589895.0,845.516597698559,502169.30699969945,845.516597698559,0.0,0.0,1203.5005876858486,761280.9954415498,0.0,18.45261125985834,4.0,2380.0,0.0,0.0,89.19999999870197,52949.49999950998,2.400000000001455,1510.3500000001854,49.599999999278225,29494.749999711043,0.0,0.0,0.0,0.0,0.0,0.0,9.920000000000073,5898.950000000003,496.0,294947.5,0.0,110.0,505.9199999999837,300846.4500000005,0.0,0.0,1203.5005876858486,761280.9954415498
836,2022-04-16,2022,False,102.28767123287672,992,0,1110,502169.30699969945,0.0,60400,41,0.0,,,0.15828762942046365,0.12419826203587461,0.3838879242166482,0.9670564516129033,0.1253027269424758,710324.5454415482,0,False,False,True,"{""0"":null,""1"":null,""2"":null,""3"":null}",992.0,829830.0,0.0,589895.0,0.0,589895.0,0.0,502169.30699969945,0.0,0.0,0.0,0.0,761280.9954415498,0.0,18.45261125985834,0.0,2380.0,0.0,0.0,0.0,52949.49999950998,0.0,1510.3500000001854,0.0,29494.749999711043,0.0,0.0,0.0,0.0,0.0,0.0,0.0,5898.950000000003,0.0,294947.5,0.0,110.0,0.0,300846.4500000005,0.0,0.0,0.0,761280.9954415498
837,2022-04-17,2022,False,102.2904109589041,992,0,1110,502169.30699969945,0.0,60400,41,0.0,,,0.15828762942046365,0.1241982620358746,0.3838879242166482,0.9670564516129033,0.07543266439991801,710324.5454415482,0,False,False,True,"{""0"":null,""1"":null,""2"":null,""3"":null}",992.0,830822.0,0.0,589895.0,0.0,589895.0,0.0,502169.30699969945,0.0,0.0,0.0,0.0,761280.9954415498,0.0,18.45261125985834,0.0,2380.0,0.0,0.0,0.0,52949.49999950998,0.0,1510.3500000001854,0.0,29494.749999711043,0.0,0.0,0.0,0.0,0.0,0.0,0.0,5898.950000000003,0.0,294947.5,0.0,110.0,0.0,300846.4500000005,0.0,0.0,0.0,761280.9954415498
838,2022-04-18,2022,True,102.2931506849315,992,992,1110,503014.823597398,1494.9906006171652,61377,22,0.12951380291618783,0.8348188468158347,0.1674232480391959,0.15828762942046368,0.12419826203587461,0.3838879242166482,0.9662852822580644,0.10483846097469086,711313.6160421653,0,False,False,True,"{""0"":null,""1"":null,""2"":null,""3"":null}",992.0,831814.0,992.0,590887.0,992.0,590887.0,845.516597698559,503014.823597398,845.516597698559,0.0,0.0,1494.9906006171368,762775.986042167,0.1295138029161862,18.582125062774526,4.0,2384.0,0.0,0.0,89.19999999870197,53038.69999950868,6.150000000003729,1516.5000000001892,49.599999999278225,29544.34999971032,0.0,0.0,0.0,0.0,0.0,0.0,9.920000000000073,5908.870000000003,496.0,295443.5,0.0,110.0,505.9199999999837,301352.37000000046,0.0,0.0,1494.9906006171368,762775.986042167
839,2022-04-19,2022,True,102.2958904109589,992,992,1110,503860.34019509656,1384.0592881827597,61455,41,0.0,0.8458677963995548,0.15157715331445115,0.15831608101221414,0.12431153561900263,0.3838879242166482,0.9665776209677419,0.13214377724078177,712191.755330348,0,False,False,True,"{""0"":null,""1"":null,""2"":null,""3"":null}",992.0,832806.0,992.0,591879.0,992.0,591879.0,845.516597698559,503860.34019509656,845.516597698559,0.0,0.0,1384.0592881827615,764160.0453303497,0.0,18.582125062774526,4.0,2388.0,0.0,0.0,89.19999999870197,53127.89999950738,0.0,1516.5000000001892,49.599999999278225,29593.9499997096,0.0,0.0,0.0,0.0,0.0,0.0,9.920000000000073,5918.790000000003,496.0,295939.5,0.0,110.0,505.9199999999837,301858.29000000044,0.0,0.0,1384.0592881827615,764160.0453303497
840,2022-04-20,2022,True,102.2986301369863,992,992,1110,504705.8567927951,1358.2154345395588,61549,61,0.0,0.8488304700037808,0.14437841021083886,0.1582760385874203,0.12432924222660882,0.3838879242166482,0.9663608870967741,0.1575018945475255,713044.0507648876,0,False,False,True,"{""0"":null,""1"":null,""2"":null,""3"":null}",992.0,833798.0,992.0,592871.0,992.0,592871.0,845.516597698559,504705.8567927951,845.516597698559,0.0,0.0,1358.2154345395975,765518.2607648893,0.0,18.582125062774526,4.0,2392.0,0.0,0.0,89.19999999870197,53217.099999506085,0.0,1516.5000000001892,49.599999999278225,29643.549999708877,0.0,0.0,0.0,0.0,0.0,0.0,9.920000000000073,5928.710000000003,496.0,296435.5,0.0,110.0,505.9199999999837,302364.2100000004,0.0,0.0,1358.2154345395975,765518.2607648893
841,2022-04-21,2022,True,102.3013698630137,992,992,1110,505551.3733904937,1252.6135029103991,61673,55,0.011664800835005472,0.8206197363515947,0.19031567318976,0.15834908286964833,0.12444022211620859,0.3838879242166482,0.9664818548387096,0.18086375375442898,713790.7442677979,0,False,False,True,"{""0"":null,""1"":null,""2"":null,""3"":null}",992.0,834790.0,992.0,593863.0,992.0,593863.0,845.516597698559,505551.3733904937,845.516597698559,0.0,0.0,1252.6135029103607,766770.8742677997,0.011664800835006872,18.593789863609533,4.0,2396.0,0.0,0.0,89.19999999870197,53306.29999950479,3.300000000002001,1519.8000000001912,49.599999999278225,29693.149999708156,0.0,0.0,0.0,0.0,0.0,0.0,9.920000000000073,5938.630000000003,496.0,296931.5,0.0,110.0,505.9199999999837,302870.1300000004,0.0,0.0,1252.6135029103607,766770.8742677997
842,2022-04-22,2022,True,102.30410958904109,992,992,1110,506396.88998819224,1220.871076957596,61771,53,0.12414680083994788,0.8234152621017314,0.1917512174821084,0.15830549939893174,0.12449361456305603,0.3838879242166482,0.9665877016129032,0.20242143596697382,714505.6953447554,0,False,False,True,"{""0"":null,""1"":null,""2"":null,""3"":null}",992.0,835782.0,992.0,594855.0,992.0,594855.0,845.516597698559,506396.88998819224,845.516597698559,0.0,0.0,1220.8710769575555,767991.7453447572,0.12414680083994867,18.717936664449482,4.0,2400.0,0.0,0.0,89.19999999870197,53395.49999950349,2.850000000001728,1522.650000000193,49.599999999278225,29742.749999707434,0.0,0.0,0.0,0.0,0.0,0.0,9.920000000000073,5948.550000000003,496.0,297427.5,0.0,110.0,505.9199999999837,303376.0500000004,0.0,0.0,1220.8710769575555,767991.7453447572
843,2022-04-23,2022,False,102.30684931506849,992,0,1110,506396.88998819224,0.0,60900,53,0.0,,,0.15831316205490215,0.12460811770621918,0.3838879242166482,0.9672379032258065,0.12529913445952956,714505.6953447554,0,False,False,True,"{""0"":null,""1"":null,""2"":null,""3"":null}",992.0,836774.0,0.0,594855.0,0.0,594855.0,0.0,506396.88998819224,0.0,0.0,0.0,0.0,767991.7453447572,0.0,18.717936664449482,0.0,2400.0,0.0,0.0,0.0,53395.49999950349,0.0,1522.650000000193,0.0,29742.749999707434,0.0,0.0,0.0,0.0,0.0,0.0,0.0,5948.550000000003,0.0,297427.5,0.0,110.0,0.0,303376.0500000004,0.0,0.0,0.0,767991.7453447572
844,2022-04-24,2022,False,102.30958904109589,992,0,1110,506396.88998819224,0.0,60900,53,0.0,,,0.15831316205490217,0.12460811770621917,0.3838879242166482,0.9672379032258065,0.07538968127275814,714505.6953447554,0,False,False,True,"{""0"":null,""1"":null,""2"":null,""3"":null}",992.0,837766.0,0.0,594855.0,0.0,594855.0,0.0,506396.88998819224,0.0,0.0,0.0,0.0,767991.7453447572,0.0,18.717936664449482,0.0,2400.0,0.0,0.0,0.0,53395.49999950349,0.0,1522.650000000193,0.0,29742.749999707434,0.0,0.0,0.0,0.0,0.0,0.0,0.0,5948.550000000003,0.0,297427.5,0.0,110.0,0.0,303376.0500000004,0.0,0.0,0.0,767991.7453447572
845,2022-04-25,2022,True,102.31232876712329,992,992,1110,507242.4065858908,1467.551010365368,61905,16,0.0,0.8579243815287483,0.14650864362754035,0.15831316205490215,0.12460811770621918,0.3838879242166482,0.9665826612903226,0.10478601282833701,715467.3263551207,0,False,False,True,"{""0"":null,""1"":null,""2"":null,""3"":null}",992.0,838758.0,992.0,595847.0,992.0,595847.0,845.516597698559,507242.4065858908,845.516597698559,0.0,0.0,1467.551010365365,769459.2963551226,0.0,18.717936664449482,4.0,2404.0,0.0,0.0,89.19999999870197,53484.69999950219,7.95000000000482,1530.6000000001977,49.599999999278225,29792.349999706712,0.0,0.0,0.0,0.0,0.0,0.0,9.920000000000073,5958.470000000003,496.0,297923.5,0.0,110.0,505.9199999999837,303881.9700000004,0.0,0.0,1467.551010365365,769459.2963551226
846,2022-04-26,2022,True,102.31506849315069,992,992,1110,508087.92318358936,1420.710687158808,61943,35,0.0,0.8398306319418556,0.14656303748142813,0.15833789926704103,0.12464970451741514,0.3838879242166482,0.966875,0.13221205267741454,716382.1170422796,0,False,False,True,"{""0"":null,""1"":null,""2"":null,""3"":null}",992.0,839750.0,992.0,596839.0,992.0,596839.0,845.516597698559,508087.92318358936,845.516597698559,0.0,0.0,1420.7106871588621,770880.0070422814,0.0,18.717936664449482,4.0,2408.0,0.0,0.0,89.19999999870197,53573.89999950089,0.0,1530.6000000001977,49.599999999278225,29841.94999970599,0.0,0.0,0.0,0.0,0.0,0.0,9.920000000000073,5968.390000000003,496.0,298419.5,0.0,110.0,505.9199999999837,304387.89000000036,0.0,0.0,1420.7106871588621,770880.0070422814
847,2022-04-27,2022,True,102.31780821917808,992,992,1110,508933.4397812879,1361.1657472937623,62050,49,0.0,0.8237914303692717,0.16460146085837615,0.15835819672943247,0.12474174063647178,0.3838879242166482,0.96671875,0.15760017467430668,717237.3627895733,0,False,False,True,"{""0"":null,""1"":null,""2"":null,""3"":null}",992.0,840742.0,992.0,597831.0,992.0,597831.0,845.516597698559,508933.4397812879,845.516597698559,0.0,0.0,1361.1657472937368,772241.1727895752,0.0,18.717936664449482,4.0,2412.0,0.0,0.0,89.19999999870197,53663.099999499595,0.0,1530.6000000001977,49.599999999278225,29891.54999970527,0.0,0.0,0.0,0.0,0.0,0.0,9.920000000000073,5978.310000000003,496.0,298915.5,0.0,110.0,505.9199999999837,304893.81000000035,0.0,0.0,1361.1657472937368,772241.1727895752
848,2022-04-28,2022,True,102.32054794520548,993,993,1111,509779.8292573405,1282.5981773788,62165,51,0.07057293230391505,0.8256549463158758,0.18333791070595515,0.15848611058656448,0.12434420100115351,0.3841360164782833,0.966576032225579,0.18091057202295366,718012.530966952,0,False,False,True,"{""0"":null,""1"":null,""2"":null,""3"":null}",993.0,841735.0,993.0,598824.0,993.0,598824.0,846.3894760526018,509779.8292573405,846.3894760526018,0.0,0.0,1282.5981773787644,773523.770966954,0.07057293230391437,18.788509596753396,4.0,2416.0,0.0,0.0,89.29999999870051,53752.399999498295,2.400000000001455,1533.0000000001992,49.6499999992775,29941.199999704546,0.0,0.0,0.0,0.0,0.0,0.0,9.930000000000291,5988.240000000003,496.5,299412.0,1.0,111.0,506.429999999993,305400.24000000034,0.0,0.0,1282.5981773787644,773523.770966954
849,2022-04-29,2022,True,102.32328767123288,992,992,1111,510625.36125050153,1229.4736660731032,62262,57,0.0,0.8336160520951482,0.16682195066609037,0.15823131559472817,0.12400812501941018,0.3838879242166482,0.9665120967741935,0.20251236734063977,718736.084633025,0,False,False,True,"{""0"":null,""1"":null,""2"":null,""3"":null}",992.0,842727.0,992.0,599816.0,992.0,599816.0,845.5319931610138,510625.36125050153,845.5319931610138,0.0,0.0,1229.473666073056,774753.244633027,0.0,18.788509596753396,4.0,2420.0,0.0,0.0,89.19999999870197,53841.599999497,2.850000000001728,1535.850000000201,49.599999999278225,29990.799999703824,0.0,0.0,0.0,0.0,0.0,0.0,9.920000000000073,5998.1600000000035,496.0,299908.0,0.0,111.0,505.9199999999837,305906.1600000003,0.0,0.0,1229.473666073056,774753.244633027
850,2022-04-30,2022,False,102.32602739726028,993,0,1112,510625.36125050153,0.0,61400,57,0.0,,,0.15794640983591068,0.12316155864330924,0.38369102432697066,0.9670090634441088,0.12524372803807024,718735.084633025,0,False,False,True,"{""0"":null,""1"":null,""2"":null,""3"":null}",993.0,843720.0,0.0,599816.0,0.0,599816.0,0.0,510625.36125050153,0.0,0.0,0.0,0.0,774753.244633027,0.0,18.788509596753396,0.0,2420.0,0.0,0.0,0.0,53841.599999497,0.0,1535.850000000201,0.0,29990.799999703824,0.0,0.0,0.0,0.0,0.0,0.0,0.0,5998.1600000000035,0.0,299908.0,1.0,112.0,0.0,305906.1600000003,0.0,0.0,0.0,774753.244633027
851,2022-05-01,2022,False,102.32876712328768,993,0,1112,510625.36125050153,0.0,61400,57,0.0,,,0.15794640983591068,0.12316155864330924,0.38369102432697066,0.9670090634441088,0.07537100607393005,718735.084633025,0,False,False,True,"{""0"":null,""1"":null,""2"":null,""3"":null}",993.0,844713.0,0.0,599816.0,0.0,599816.0,0.0,510625.36125050153,0.0,0.0,0.0,0.0,774753.244633027,0.0,18.788509596753396,0.0,2420.0,0.0,0.0,0.0,53841.599999497,0.0,1535.850000000201,0.0,29990.799999703824,0.0,0.0,0.0,0.0,0.0,0.0,0.0,5998.1600000000035,0.0,299908.0,0.0,112.0,0.0,305906.1600000003,0.0,0.0,0.0,774753.244633027
852,2022-05-02,2022,True,102.33150684931506,993,993,1112,511471.8698068976,1497.2925043285943,62404,19,0.0,0.8580246611939497,0.12722966034357264,0.15794640983591068,0.12316155864330924,0.38369102432697066,0.9662437059415911,0.10475989578117349,719725.9471373536,0,False,False,True,"{""0"":null,""1"":null,""2"":null,""3"":null}",993.0,845706.0,993.0,600809.0,993.0,600809.0,846.5085563960602,511471.8698068976,846.5085563960602,0.0,0.0,1497.2925043286523,776250.5371373557,0.0,18.788509596753396,4.0,2424.0,0.0,0.0,89.29999999870051,53930.8999994957,8.550000000005184,1544.400000000206,49.6499999992775,30040.4499997031,0.0,0.0,0.0,0.0,0.0,0.0,9.930000000000291,6008.090000000004,496.5,300404.5,0.0,112.0,506.429999999993,306412.5900000003,0.0,0.0,1497.2925043286523,776250.5371373557
853,2022-05-03,2022,True,102.33424657534246,993,993,1112,512318.37836329365,1436.8555754323872,62455,33,0.0,0.8580653123903956,0.1485174124610016,0.15797759263750757,0.12329262956046308,0.38369102432697066,0.9670140986908359,0.13220856968810388,720656.372712786,0,False,False,True,"{""0"":null,""1"":null,""2"":null,""3"":null}",993.0,846699.0,993.0,601802.0,993.0,601802.0,846.5085563960602,512318.37836329365,846.5085563960602,0.0,0.0,1436.8555754324188,777687.3927127881,0.0,18.788509596753396,4.0,2428.0,0.0,0.0,89.29999999870051,54020.1999994944,0.0,1544.400000000206,49.6499999992775,30090.09999970238,0.0,0.0,0.0,0.0,0.0,0.0,9.930000000000291,6018.020000000004,496.5,300901.0,0.0,112.0,506.429999999993,306919.0200000003,0.0,0.0,1436.8555754324188,777687.3927127881
854,2022-05-04,2022,True,102.33698630136986,993,993,1112,513164.8869196897,1353.464911376055,62546,56,0.0,0.8158024434480645,0.19263617059257185,0.1579536666561417,0.12332293358397736,0.38369102432697066,0.9667220543806647,0.15769839921699133,721503.4076241619,0,False,False,True,"{""0"":null,""1"":null,""2"":null,""3"":null}",993.0,847692.0,993.0,602795.0,993.0,602795.0,846.5085563960602,513164.8869196897,846.5085563960602,0.0,0.0,1353.4649113760097,779040.8576241641,0.0,18.788509596753396,4.0,2432.0,0.0,0.0,89.29999999870051,54109.4999994931,0.0,1544.400000000206,49.6499999992775,30139.749999701657,0.0,0.0,0.0,0.0,0.0,0.0,9.930000000000291,6027.950000000004,496.5,301397.5,0.0,112.0,506.429999999993,307425.4500000003,0.0,0.0,1353.4649113760097,779040.8576241641
855,2022-05-05,2022,True,102.33972602739726,993,993,1112,514011.3954760858,1275.3532135807595,62667,57,0.0,0.8056156482736612,0.17769004863667284,0.1579990176728246,0.12346313699740667,0.38369102432697066,0.9667321248741189,0.18113941541842646,722272.3308377427,0,False,False,True,"{""0"":null,""1"":null,""2"":null,""3"":null}",993.0,848685.0,993.0,603788.0,993.0,603788.0,846.5085563960602,514011.3954760858,846.5085563960602,0.0,0.0,1275.353213580791,780316.2108377449,0.0,18.788509596753396,4.0,2436.0,0.0,0.0,89.29999999870051,54198.7999994918,2.850000000001728,1547.2500000002078,49.6499999992775,30189.399999700934,0.0,0.0,0.0,0.0,0.0,0.0,9.930000000000291,6037.880000000005,496.5,301894.0,0.0,112.0,506.429999999993,307931.8800000003,0.0,0.0,1275.353213580791,780316.2108377449
856,2022-05-06,2022,True,102.34246575342466,993,993,1112,514857.90403248183,1223.25704268067,62758,70,0.0,0.8096966204708685,0.18838826514184728,0.15803691971085762,0.12355275932923444,0.38369102432697066,0.9664149043303122,0.20275815973619063,722989.1578804232,0,False,False,True,"{""0"":null,""1"":null,""2"":null,""3"":null}",993.0,849678.0,993.0,604781.0,993.0,604781.0,846.5085563960602,514857.90403248183,846.5085563960602,0.0,0.0,1223.2570426806342,781539.4678804255,0.0,18.788509596753396,4.0,2440.0,0.0,0.0,89.29999999870051,54288.0999994905,2.1000000000012733,1549.350000000209,49.6499999992775,30239.04999970021,0.0,0.0,0.0,0.0,0.0,0.0,9.930000000000291,6047.810000000005,496.5,302390.5,0.0,112.0,506.429999999993,308438.3100000003,0.0,0.0,1223.2570426806342,781539.4678804255
857,2022-05-07,2022,False,102.34520547945206,993,0,1112,514857.90403248183,0.0,61900,70,0.0,,,0.15801337231745613,0.12362748526229336,0.38369102432697066,0.967240684793555,0.1255781366145783,722989.1578804232,0,False,False,True,"{""0"":null,""1"":null,""2"":null,""3"":null}",993.0,850671.0,0.0,604781.0,0.0,604781.0,0.0,514857.90403248183,0.0,0.0,0.0,0.0,781539.4678804255,0.0,18.788509596753396,0.0,2440.0,0.0,0.0,0.0,54288.0999994905,0.0,1549.350000000209,0.0,30239.04999970021,0.0,0.0,0.0,0.0,0.0,0.0,0.0,6047.810000000005,0.0,302390.5,0.0,112.0,0.0,308438.3100000003,0.0,0.0,0.0,781539.4678804255
858,2022-05-08,2022,False,102.34794520547945,993,0,1112,514857.90403248183,0.0,61900,70,0.0,,,0.15801337231745613,0.12362748526229338,0.38369102432697066,0.967240684793555,0.07552345357719042,722989.1578804232,0,False,False,True,"{""0"":null,""1"":null,""2"":null,""3"":null}",993.0,851664.0,0.0,604781.0,0.0,604781.0,0.0,514857.90403248183,0.0,0.0,0.0,0.0,781539.4678804255,0.0,18.788509596753396,0.0,2440.0,0.0,0.0,0.0,54288.0999994905,0.0,1549.350000000209,0.0,30239.04999970021,0.0,0.0,0.0,0.0,0.0,0.0,0.0,6047.810000000005,0.0,302390.5,0.0,112.0,0.0,308438.3100000003,0.0,0.0,0.0,781539.4678804255
859,2022-05-09,2022,True,102.35068493150685,993,993,1112,515704.4125888779,1499.3245752952457,62925,13,0.0,0.8519314772860127,0.13375309645254987,0.15801337231745613,0.12362748526229336,0.38369102432697066,0.9667069486404835,0.10499596477150475,723982.0524557184,0,False,False,True,"{""0"":null,""1"":null,""2"":null,""3"":null}",993.0,852657.0,993.0,605774.0,993.0,605774.0,846.5085563960602,515704.4125888779,846.5085563960602,0.0,0.0,1499.3245752952062,783038.7924557207,0.0,18.788509596753396,4.0,2444.0,0.0,0.0,89.29999999870051,54377.3999994892,10.500000000006366,1559.8500000002155,49.6499999992775,30288.69999969949,0.0,0.0,0.0,0.0,0.0,0.0,9.930000000000291,6057.740000000005,496.5,302887.0,0.0,112.0,506.429999999993,308944.7400000003,0.0,0.0,1499.3245752952062,783038.7924557207
860,2022-05-10,2022,True,102.35342465753425,993,993,1112,516550.92114527395,1427.539443213095,62950,27,0.08282414831119625,0.8579675878968273,0.1391279460340341,0.15807032163151735,0.12374539237378174,0.38369102432697066,0.9671047331319235,0.13248736315710571,724903.1618989315,0,False,False,True,"{""0"":null,""1"":null,""2"":null,""3"":null}",993.0,853650.0,993.0,606767.0,993.0,606767.0,846.5085563960602,516550.92114527395,846.5085563960602,0.0,0.0,1427.5394432131434,784466.3318989339,0.08282414831119667,18.871333745064593,4.0,2448.0,0.0,0.0,89.29999999870051,54466.6999994879,0.0,1559.8500000002155,49.6499999992775,30338.349999698767,0.0,0.0,0.0,0.0,0.0,0.0,9.930000000000291,6067.6700000000055,496.5,303383.5,0.0,112.0,506.429999999993,309451.1700000003,0.0,0.0,1427.5394432131434,784466.3318989339
861,2022-05-11,2022,True,102.35616438356165,993,993,1112,517397.42970167,1349.5427077652776,63045,41,0.0,0.8358546830911371,0.1670961588095246,0.1580846038832341,0.12382682611879063,0.38369102432697066,0.9669335347432024,0.15796296569081858,725746.2746066967,0,False,False,True,"{""0"":null,""1"":null,""2"":null,""3"":null}",993.0,854643.0,993.0,607760.0,993.0,607760.0,846.5085563960602,517397.42970167,846.5085563960602,0.0,0.0,1349.542707765242,785815.8746066991,0.0,18.871333745064593,4.0,2452.0,0.0,0.0,89.29999999870051,54555.9999994866,0.0,1559.8500000002155,49.6499999992775,30387.999999698044,0.0,0.0,0.0,0.0,0.0,0.0,9.930000000000291,6077.600000000006,496.5,303880.0,0.0,112.0,506.429999999993,309957.60000000027,0.0,0.0,1349.542707765242,785815.8746066991
862,2022-05-12,2022,True,102.35890410958905,993,993,1112,518243.9382580661,1285.2402861565945,63173,44,0.0,0.8439759130937597,0.13552366486365178,0.15803958340426327,0.12392874449456906,0.38369102432697066,0.9669889224572005,0.181451024816817,726525.0848928533,0,False,False,True,"{""0"":null,""1"":null,""2"":null,""3"":null}",993.0,855636.0,993.0,608753.0,993.0,608753.0,846.5085563960602,518243.9382580661,846.5085563960602,0.0,0.0,1285.2402861566516,787101.1148928558,0.0,18.871333745064593,4.0,2456.0,0.0,0.0,89.29999999870051,54645.2999994853,1.9500000000011823,1561.8000000002166,49.6499999992775,30437.64999969732,0.0,0.0,0.0,0.0,0.0,0.0,9.930000000000291,6087.530000000006,496.5,304376.5,0.0,112.0,506.429999999993,310464.03000000026,0.0,0.0,1285.2402861566516,787101.1148928558
863,2022-05-13,2022,True,102.36164383561643,993,993,1112,519090.44681446214,1210.0819524432925,63260,48,0.05621647286968145,0.8136685435684516,0.1763000226329149,0.15806970429359024,0.12400326480457605,0.38369102432697066,0.9670392749244713,0.20309575653414624,727228.7368452966,0,False,False,True,"{""0"":null,""1"":null,""2"":null,""3"":null}",993.0,856629.0,993.0,609746.0,993.0,609746.0,846.5085563960602,519090.44681446214,846.5085563960602,0.0,0.0,1210.0819524433464,788311.1968452991,0.05621647286968212,18.927550217934275,4.0,2460.0,0.0,0.0,89.29999999870051,54734.599999484,2.1000000000012733,1563.900000000218,49.6499999992775,30487.2999996966,0.0,0.0,0.0,0.0,0.0,0.0,9.930000000000291,6097.460000000006,496.5,304873.0,0.0,112.0,506.429999999993,310970.46000000025,0.0,0.0,1210.0819524433464,788311.1968452991
864,2022-05-14,2022,False,102.36438356164383,994,0,1114,519090.44681446214,0.0,62400,48,0.0,,,0.15786881019828586,0.12244500285730622,0.38370162252171736,0.9672283702213279,0.12531073196184797,727226.7368452966,0,False,False,True,"{""0"":null,""1"":null,""2"":null,""3"":null}",994.0,857623.0,0.0,609746.0,0.0,609746.0,0.0,519090.44681446214,0.0,0.0,0.0,0.0,788311.1968452991,0.0,18.927550217934275,0.0,2460.0,0.0,0.0,0.0,54734.599999484,0.0,1563.900000000218,0.0,30487.2999996966,0.0,0.0,0.0,0.0,0.0,0.0,0.0,6097.460000000006,0.0,304873.0,2.0,114.0,0.0,310970.46000000025,0.0,0.0,0.0,788311.1968452991
865,2022-05-15,2022,False,102.36712328767123,993,0,1114,519090.44681446214,0.0,62400,48,0.0,,,0.15769933691382546,0.12212880009049498,0.38345353026008216,0.9671953675730111,0.0754735309781421,727226.7368452966,0,False,False,True,"{""0"":null,""1"":null,""2"":null,""3"":null}",993.0,858616.0,0.0,609746.0,0.0,609746.0,0.0,519090.44681446214,0.0,0.0,0.0,0.0,788311.1968452991,0.0,18.927550217934275,0.0,2460.0,0.0,0.0,0.0,54734.599999484,0.0,1563.900000000218,0.0,30487.2999996966,0.0,0.0,0.0,0.0,0.0,0.0,0.0,6097.460000000006,0.0,304873.0,0.0,114.0,0.0,310970.46000000025,0.0,0.0,0.0,788311.1968452991
866,2022-05-16,2022,True,102.36986301369863,993,993,1114,519936.8609590232,1495.6057232522905,63399,18,0.0,0.8429176896957034,0.15976644924800282,0.15769933691382543,0.12212880009049498,0.38345353026008216,0.9664853977844915,0.10492743430383483,728215.9125685488,0,False,False,True,"{""0"":null,""1"":null,""2"":null,""3"":null}",993.0,859609.0,993.0,610739.0,993.0,610739.0,846.4141445610439,519936.8609590232,846.4141445610439,0.0,0.0,1495.6057232522871,789806.8025685514,0.0,18.927550217934275,4.0,2464.0,0.0,0.0,89.29999999870051,54823.8999994827,7.200000000004366,1571.1000000002223,49.6499999992775,30536.949999695877,0.0,0.0,0.0,0.0,0.0,0.0,9.930000000000291,6107.390000000007,496.5,305369.5,0.0,114.0,506.429999999993,311476.89000000025,0.0,0.0,1495.6057232522871,789806.8025685514
867,2022-05-17,2022,True,102.37260273972603,993,993,1114,520783.2751035842,1441.966114315178,63451,31,0.0,0.8378652213660702,0.15410279034546875,0.15774169799603455,0.12222938361987376,0.38345353026008216,0.9667472306143001,0.13232997767973417,729151.448682864,0,False,False,True,"{""0"":null,""1"":null,""2"":null,""3"":null}",993.0,860602.0,993.0,611732.0,993.0,611732.0,846.4141445610439,520783.2751035842,846.4141445610439,0.0,0.0,1441.9661143152043,791248.7686828666,0.0,18.927550217934275,4.0,2468.0,0.0,0.0,89.29999999870051,54913.1999994814,0.0,1571.1000000002223,49.6499999992775,30586.599999695154,0.0,0.0,0.0,0.0,0.0,0.0,9.930000000000291,6117.320000000007,496.5,305866.0,0.0,114.0,506.429999999993,311983.32000000024,0.0,0.0,1441.9661143152043,791248.7686828666
868,2022-05-18,2022,True,102.37534246575342,993,993,1114,521629.68924814527,1342.3610018060617,63541,55,0.0,0.8297921509729659,0.16414273421151465,0.15775534040206518,0.12234253516699096,0.38345353026008216,0.9664199395770392,0.15774944584222952,729987.37968467,0,False,False,True,"{""0"":null,""1"":null,""2"":null,""3"":null}",993.0,861595.0,993.0,612725.0,993.0,612725.0,846.4141445610439,521629.68924814527,846.4141445610439,0.0,0.0,1342.3610018061008,792591.1296846727,0.0,18.927550217934275,4.0,2472.0,0.0,0.0,89.29999999870051,55002.499999480104,0.0,1571.1000000002223,49.6499999992775,30636.24999969443,0.0,0.0,0.0,0.0,0.0,0.0,9.930000000000291,6127.250000000007,496.5,306362.5,0.0,114.0,506.429999999993,312489.75000000023,0.0,0.0,1342.3610018061008,792591.1296846727
869,2022-05-19,2022,True,102.37808219178082,993,993,1114,522476.1033927063,1285.5128037874372,63665,58,0.0,0.8208006072874494,0.17073943113418802,0.15780915308281154,0.12241028573841368,0.38345353026008216,0.9663343403826788,0.18118155537188413,730766.4624884574,0,False,False,True,"{""0"":null,""1"":null,""2"":null,""3"":null}",993.0,862588.0,993.0,613718.0,993.0,613718.0,846.4141445610439,522476.1033927063,846.4141445610439,0.0,0.0,1285.512803787482,793876.6424884602,0.0,18.927550217934275,4.0,2476.0,0.0,0.0,89.29999999870051,55091.799999478804,2.700000000001637,1573.800000000224,49.6499999992775,30685.89999969371,0.0,0.0,0.0,0.0,0.0,0.0,9.930000000000291,6137.180000000008,496.5,306859.0,0.0,114.0,506.429999999993,312996.1800000002,0.0,0.0,1285.512803787482,793876.6424884602
870,2022-05-20,2022,True,102.38082191780822,993,993,1114,523322.51753726735,1211.9438964642675,63763,63,0.0,0.8227642679900744,0.16893335695739098,0.15778831971669655,0.12249063242132366,0.38345353026008216,0.9664149043303122,0.20268478203513576,731471.9763849217,0,False,False,True,"{""0"":null,""1"":null,""2"":null,""3"":null}",993.0,863581.0,993.0,614711.0,993.0,614711.0,846.4141445610439,523322.51753726735,846.4141445610439,0.0,0.0,1211.943896464305,795088.5863849245,0.0,18.927550217934275,4.0,2480.0,0.0,0.0,89.29999999870051,55181.099999477505,1.9500000000011823,1575.750000000225,49.6499999992775,30735.549999692987,0.0,0.0,0.0,0.0,0.0,0.0,9.930000000000291,6147.110000000008,496.5,307355.5,0.0,114.0,506.429999999993,313502.6100000002,0.0,0.0,1211.943896464305,795088.5863849245
871,2022-05-21,2022,False,102.38356164383562,993,0,1114,523322.51753726735,0.0,62900,63,0.0,,,0.15782649882602195,0.12263087939032027,0.38345353026008216,0.9673262839879153,0.12552691661085053,731471.9763849217,0,False,False,True,"{""0"":null,""1"":null,""2"":null,""3"":null}",993.0,864574.0,0.0,614711.0,0.0,614711.0,0.0,523322.51753726735,0.0,0.0,0.0,0.0,795088.5863849245,0.0,18.927550217934275,0.0,2480.0,0.0,0.0,0.0,55181.099999477505,0.0,1575.750000000225,0.0,30735.549999692987,0.0,0.0,0.0,0.0,0.0,0.0,0.0,6147.110000000008,0.0,307355.5,0.0,114.0,0.0,313502.6100000002,0.0,0.0,0.0,795088.5863849245
872,2022-05-22,2022,False,102.38630136986302,993,0,1114,523322.51753726735,0.0,62900,63,0.0,,,0.15782649882602195,0.12263087939032027,0.38345353026008216,0.9673262839879153,0.07552624280646304,731471.9763849217,0,False,False,True,"{""0"":null,""1"":null,""2"":null,""3"":null}",993.0,865567.0,0.0,614711.0,0.0,614711.0,0.0,523322.51753726735,0.0,0.0,0.0,0.0,795088.5863849245,0.0,18.927550217934275,0.0,2480.0,0.0,0.0,0.0,55181.099999477505,0.0,1575.750000000225,0.0,30735.549999692987,0.0,0.0,0.0,0.0,0.0,0.0,0.0,6147.110000000008,0.0,307355.5,0.0,114.0,0.0,313502.6100000002,0.0,0.0,0.0,795088.5863849245
873,2022-05-23,2022,True,102.3890410958904,993,993,1114,524168.9316818284,1512.6621590735938,63917,16,0.0,0.8408775630142353,0.15057003641273048,0.15782649882602195,0.12263087939032027,0.38345353026008216,0.9667170191339376,0.10487060669925696,732478.2085439953,0,False,False,True,"{""0"":null,""1"":null,""2"":null,""3"":null}",993.0,866560.0,993.0,615704.0,993.0,615704.0,846.4141445610439,524168.9316818284,846.4141445610439,0.0,0.0,1512.6621590736322,796601.2485439981,0.0,18.927550217934275,4.0,2484.0,0.0,0.0,89.29999999870051,55270.399999476205,9.45000000000573,1585.2000000002308,49.6499999992775,30785.199999692264,0.0,0.0,0.0,0.0,0.0,0.0,9.930000000000291,6157.040000000008,496.5,307852.0,0.0,114.0,506.429999999993,314009.0400000002,0.0,0.0,1512.6621590736322,796601.2485439981
874,2022-05-24,2022,True,102.3917808219178,992,992,1114,525014.3853012975,1435.0727096981066,63949,37,0.3258064300597504,0.8366452265900484,0.1631772411765579,0.15773624685420892,0.12272240552522976,0.383519359985405,0.9669354838709678,0.1320640125993123,733407.3612536934,0,False,False,True,"{""0"":null,""1"":null,""2"":null,""3"":null}",992.0,867552.0,992.0,616696.0,992.0,616696.0,845.4536194691318,525014.3853012975,845.4536194691318,0.0,0.0,1435.0727096981136,798036.3212536962,0.32580643005974963,19.253356647994025,4.0,2488.0,0.0,0.0,89.19999999870197,55359.59999947491,0.0,1585.2000000002308,49.599999999278225,30834.799999691542,0.0,0.0,0.0,0.0,0.0,0.0,9.920000000000073,6166.960000000008,496.0,308348.0,0.0,114.0,505.9199999999837,314514.9600000002,0.0,0.0,1435.0727096981136,798036.3212536962
875,2022-05-25,2022,True,102.3945205479452,992,992,1114,525859.8389207665,1358.290113195867,64055,48,0.0,0.8365924644116495,0.15464927130259487,0.157736766509131,0.12284148822355698,0.383519359985405,0.9669909274193549,0.1574199591936176,734259.7313668892,0,False,False,True,"{""0"":null,""1"":null,""2"":null,""3"":null}",992.0,868544.0,992.0,617688.0,992.0,617688.0,845.4536194689572,525859.8389207665,845.4536194689572,0.0,0.0,1358.2901131958934,799394.6113668921,0.0,19.253356647994025,4.0,2492.0,0.0,0.0,89.19999999870197,55448.79999947361,0.0,1585.2000000002308,49.599999999278225,30884.39999969082,0.0,0.0,0.0,0.0,0.0,0.0,9.920000000000073,6176.880000000008,496.0,308844.0,0.0,114.0,505.9199999999837,315020.8800000002,0.0,0.0,1358.2901131958934,799394.6113668921
876,2022-05-26,2022,True,102.3972602739726,992,992,1114,526705.2925402354,1276.084237847511,64177,41,0.0,0.8285600104479561,0.18124711637442806,0.1578038907178857,0.12293299921384884,0.383519359985405,0.9672479838709678,0.18077694188705912,735029.8956047366,0,False,False,True,"{""0"":null,""1"":null,""2"":null,""3"":null}",992.0,869536.0,992.0,618680.0,992.0,618680.0,845.4536194689572,526705.2925402354,845.4536194689572,0.0,0.0,1276.0842378474772,800670.6956047396,0.0,19.253356647994025,4.0,2496.0,0.0,0.0,89.19999999870197,55537.99999947231,2.400000000001455,1587.6000000002323,49.599999999278225,30933.9999996901,0.0,0.0,0.0,0.0,0.0,0.0,9.920000000000073,6186.800000000008,496.0,309340.0,0.0,114.0,505.9199999999837,315526.80000000016,0.0,0.0,1276.0842378474772,800670.6956047396
877,2022-05-27,2022,True,102.4,992,992,1114,527550.7461597044,1231.16819583507,64274,32,0.0,0.8215237691001698,0.17641261325110064,0.15779557344270026,0.12305931009844782,0.383519359985405,0.9674042338709677,0.2023311643208903,735755.1438005717,0,False,False,True,"{""0"":null,""1"":null,""2"":null,""3"":null}",992.0,870528.0,992.0,619672.0,992.0,619672.0,845.4536194689572,527550.7461597044,845.4536194689572,0.0,0.0,1231.1681958350819,801901.8638005747,0.0,19.253356647994025,4.0,2500.0,0.0,0.0,89.19999999870197,55627.19999947101,3.15000000000191,1590.7500000002342,49.599999999278225,30983.599999689377,0.0,0.0,0.0,0.0,0.0,0.0,9.920000000000073,6196.720000000008,496.0,309836.0,0.0,114.0,505.9199999999837,316032.72000000015,0.0,0.0,1231.1681958350819,801901.8638005747
878,2022-05-28,2022,False,102.40273972602739,991,0,1114,527550.7461597044,0.0,63400,32,0.0,,,0.1580247002404456,0.1232270594660982,0.38371308504561413,0.9680322906155399,0.1252707357857655,735755.1438005717,0,False,False,True,"{""0"":null,""1"":null,""2"":null,""3"":null}",991.0,871519.0,0.0,619672.0,0.0,619672.0,0.0,527550.7461597044,0.0,0.0,0.0,0.0,801901.8638005747,0.0,19.253356647994025,0.0,2500.0,0.0,0.0,0.0,55627.19999947101,0.0,1590.7500000002342,0.0,30983.599999689377,0.0,0.0,0.0,0.0,0.0,0.0,0.0,6196.720000000008,0.0,309836.0,0.0,114.0,0.0,316032.72000000015,0.0,0.0,0.0,801901.8638005747
879,2022-05-29,2022,False,102.40547945205479,991,0,1114,527550.7461597044,0.0,63400,32,0.0,,,0.1580247002404456,0.12322705946609822,0.38371308504561413,0.9680322906155399,0.07528909564721709,735755.1438005717,0,False,False,True,"{""0"":null,""1"":null,""2"":null,""3"":null}",991.0,872510.0,0.0,619672.0,0.0,619672.0,0.0,527550.7461597044,0.0,0.0,0.0,0.0,801901.8638005747,0.0,19.253356647994025,0.0,2500.0,0.0,0.0,0.0,55627.19999947101,0.0,1590.7500000002342,0.0,30983.599999689377,0.0,0.0,0.0,0.0,0.0,0.0,0.0,6196.720000000008,0.0,309836.0,0.0,114.0,0.0,316032.72000000015,0.0,0.0,0.0,801901.8638005747
880,2022-05-30,2022,True,102.40821917808219,992,992,1115,528396.3578743965,1483.5823787483116,64382,15,0.0,0.8436957310763231,0.16003147193934236,0.15799358938118221,0.12242520460023228,0.3836472553202913,0.9670766129032259,0.10466809126502036,736731.80617932,0,False,False,True,"{""0"":null,""1"":null,""2"":null,""3"":null}",992.0,873502.0,992.0,620664.0,992.0,620664.0,845.6117146920878,528396.3578743965,845.6117146920878,0.0,0.0,1483.5823787483387,803385.446179323,0.0,19.253356647994025,4.0,2504.0,0.0,0.0,89.19999999870197,55716.399999469715,4.80000000000291,1595.550000000237,49.599999999278225,31033.199999688655,0.0,0.0,0.0,0.0,0.0,0.0,9.920000000000073,6206.6400000000085,496.0,310332.0,1.0,115.0,505.9199999999837,316538.64000000013,0.0,0.0,1483.5823787483387,803385.446179323
881,2022-05-31,2022,True,102.41095890410959,992,992,1115,529241.9695890886,1436.8571163875777,64447,37,0.0,0.8457364130677076,0.1508176254234555,0.15803703694609472,0.12254609328254452,0.3836472553202913,0.9669455645161291,0.13198103604173378,737662.7432957075,0,False,False,True,"{""0"":null,""1"":null,""2"":null,""3"":null}",992.0,874494.0,992.0,621656.0,992.0,621656.0,845.6117146920878,529241.9695890886,845.6117146920878,0.0,0.0,1436.857116387575,804822.3032957106,0.0,19.253356647994025,4.0,2508.0,0.0,0.0,89.19999999870197,55805.59999946842,0.0,1595.550000000237,49.599999999278225,31082.799999687933,0.0,0.0,0.0,0.0,0.0,0.0,9.920000000000073,6216.560000000009,496.0,310828.0,0.0,115.0,505.9199999999837,317044.5600000001,0.0,0.0,1436.857116387575,804822.3032957106
882,2022-06-01,2022,True,102.41369863013699,992,992,1115,530087.5813037807,1342.286339226885,64550,55,0.0,0.8386431320161146,0.1595395981682266,0.15799765649910116,0.12261929707081298,0.3836472553202913,0.9668346774193549,0.1573424946279724,738499.1096349343,0,False,False,True,"{""0"":null,""1"":null,""2"":null,""3"":null}",992.0,875486.0,992.0,622648.0,992.0,622648.0,845.6117146920878,530087.5813037807,845.6117146920878,0.0,0.0,1342.2863392268773,806164.5896349375,0.0,19.253356647994025,4.0,2512.0,0.0,0.0,89.19999999870197,55894.79999946712,0.0,1595.550000000237,49.599999999278225,31132.39999968721,0.0,0.0,0.0,0.0,0.0,0.0,9.920000000000073,6226.480000000009,496.0,311324.0,0.0,115.0,505.9199999999837,317550.4800000001,0.0,0.0,1342.2863392268773,806164.5896349375
883,2022-06-02,2022,True,102.41643835616438,992,992,1115,530933.1930184728,1305.100637434203,64661,53,0.0,0.8094499094720268,0.20070253016408993,0.15798423082580773,0.12269065853081074,0.3836472553202913,0.9668598790322581,0.18071165563747177,739298.2902723685,0,False,False,True,"{""0"":null,""1"":null,""2"":null,""3"":null}",992.0,876478.0,992.0,623640.0,992.0,623640.0,845.6117146920878,530933.1930184728,845.6117146920878,0.0,0.0,1305.1006374341669,807469.6902723716,0.0,19.253356647994025,4.0,2516.0,0.0,0.0,89.19999999870197,55983.99999946582,2.2500000000013642,1597.8000000002385,49.599999999278225,31181.99999968649,0.0,0.0,0.0,0.0,0.0,0.0,9.920000000000073,6236.400000000009,496.0,311820.0,0.0,115.0,505.9199999999837,318056.4000000001,0.0,0.0,1305.1006374341669,807469.6902723716
884,2022-06-03,2022,True,102.41917808219178,992,992,1115,531778.8047331648,1260.4838439093098,64770,47,0.0,0.8245220663245905,0.1878517511177506,0.15797437142018877,0.12280646248711596,0.3836472553202913,0.9668850806451613,0.20224263612657342,740052.8541162778,0,False,False,True,"{""0"":null,""1"":null,""2"":null,""3"":null}",992.0,877470.0,992.0,624632.0,992.0,624632.0,845.6117146920878,531778.8047331648,845.6117146920878,0.0,0.0,1260.4838439093437,808730.174116281,0.0,19.253356647994025,4.0,2520.0,0.0,0.0,89.19999999870197,56073.19999946452,3.300000000002001,1601.1000000002405,49.599999999278225,31231.599999685768,0.0,0.0,0.0,0.0,0.0,0.0,9.920000000000073,6246.320000000009,496.0,312316.0,0.0,115.0,505.9199999999837,318562.32000000007,0.0,0.0,1260.4838439093437,808730.174116281
885,2022-06-04,2022,False,102.42191780821918,991,0,1115,531778.8047331648,0.0,63900,47,0.0,,,0.1579916900043788,0.12272027028262567,0.3836366571255447,0.9677295660948536,0.1249823757646512,740052.8541162778,0,False,False,True,"{""0"":null,""1"":null,""2"":null,""3"":null}",991.0,878461.0,0.0,624632.0,0.0,624632.0,0.0,531778.8047331648,0.0,0.0,0.0,0.0,808730.174116281,0.0,19.253356647994025,0.0,2520.0,0.0,0.0,0.0,56073.19999946452,0.0,1601.1000000002405,0.0,31231.599999685768,0.0,0.0,0.0,0.0,0.0,0.0,0.0,6246.320000000009,0.0,312316.0,0.0,115.0,0.0,318562.32000000007,0.0,0.0,0.0,808730.174116281
886,2022-06-05,2022,False,102.42465753424658,991,0,1115,531778.8047331648,0.0,63900,47,0.0,,,0.1579916900043788,0.12272027028262567,0.3836366571255447,0.9677295660948536,0.07504530279924844,740052.8541162778,0,False,False,True,"{""0"":null,""1"":null,""2"":null,""3"":null}",991.0,879452.0,0.0,624632.0,0.0,624632.0,0.0,531778.8047331648,0.0,0.0,0.0,0.0,808730.174116281,0.0,19.253356647994025,0.0,2520.0,0.0,0.0,0.0,56073.19999946452,0.0,1601.1000000002405,0.0,31231.599999685768,0.0,0.0,0.0,0.0,0.0,0.0,0.0,6246.320000000009,0.0,312316.0,0.0,115.0,0.0,318562.32000000007,0.0,0.0,0.0,808730.174116281
887,2022-06-06,2022,True,102.42739726027398,991,991,1115,532623.5015184964,1502.5868457559352,64891,22,0.0,0.8405517230211168,0.15548728312466198,0.1579916900043788,0.12272027028262567,0.3836366571255447,0.9669475277497477,0.10440140800878277,741050.0309620337,0,False,False,True,"{""0"":null,""1"":null,""2"":null,""3"":null}",991.0,880443.0,991.0,625623.0,991.0,625623.0,844.6967853315873,532623.5015184964,844.6967853315873,0.0,0.0,1502.5868457559263,810232.7609620369,0.0,19.253356647994025,4.0,2524.0,0.0,0.0,89.09999999870342,56162.29999946323,7.050000000004275,1608.1500000002447,49.54999999927895,31281.149999685047,0.0,0.0,0.0,0.0,0.0,0.0,9.909999999999854,6256.230000000009,495.5,312811.5,0.0,115.0,505.4099999999744,319067.73000000004,0.0,0.0,1502.5868457559263,810232.7609620369
888,2022-06-07,2022,True,102.43013698630136,991,991,1115,533468.198303828,1414.657405122569,64955,33,0.0,0.8424700967520752,0.15449696985902944,0.15798659923762315,0.12281891454539208,0.3836366571255447,0.9673814328960645,0.1318053364174382,741959.2783671562,0,False,False,True,"{""0"":null,""1"":null,""2"":null,""3"":null}",991.0,881434.0,991.0,626614.0,991.0,626614.0,844.6967853315873,533468.198303828,844.6967853315873,0.0,0.0,1414.6574051225325,811647.4183671594,0.0,19.253356647994025,4.0,2528.0,0.0,0.0,89.09999999870342,56251.39999946193,0.0,1608.1500000002447,49.54999999927895,31330.699999684326,0.0,0.0,0.0,0.0,0.0,0.0,9.909999999999854,6266.1400000000085,495.5,313307.0,0.0,115.0,505.4099999999744,319573.14,0.0,0.0,1414.6574051225325,811647.4183671594
889,2022-06-08,2022,True,102.43287671232876,993,993,1117,534314.5421674674,1347.4574051402487,65045,54,0.0,0.8267123443493184,0.17780649042059954,0.1580569096866864,0.12166146594327634,0.38389534758192645,0.9668126888217522,0.15712985249109393,742798.3057722964,0,False,False,True,"{""0"":null,""1"":null,""2"":null,""3"":null}",993.0,882427.0,993.0,627607.0,993.0,627607.0,846.3438636393985,534314.5421674674,846.3438636393985,0.0,0.0,1347.4574051402742,812994.8757722997,0.0,19.253356647994025,4.0,2532.0,0.0,0.0,89.29999999870051,56340.69999946063,0.0,1608.1500000002447,49.6499999992775,31380.349999683604,0.0,0.0,0.0,0.0,0.0,0.0,9.930000000000291,6276.070000000009,496.5,313803.5,2.0,117.0,506.429999999993,320079.57,0.0,0.0,1347.4574051402742,812994.8757722997
890,2022-06-09,2022,True,102.43561643835616,993,993,1117,535160.8860311068,1295.5890453435006,65167,46,0.0,0.8237411412661223,0.16688324317496261,0.15804780297691212,0.12176597561869934,0.38389534758192645,0.9667875125881168,0.1804935911420253,743587.4648176398,0,False,False,True,"{""0"":null,""1"":null,""2"":null,""3"":null}",993.0,883420.0,993.0,628600.0,993.0,628600.0,846.3438636393985,535160.8860311068,846.3438636393985,0.0,0.0,1295.589045343455,814290.4648176432,0.0,19.253356647994025,4.0,2536.0,0.0,0.0,89.29999999870051,56429.99999945933,3.300000000002001,1611.4500000002467,49.6499999992775,31429.99999968288,0.0,0.0,0.0,0.0,0.0,0.0,9.930000000000291,6286.000000000009,496.5,314300.0,0.0,117.0,506.429999999993,320586.0,0.0,0.0,1295.589045343455,814290.4648176432
891,2022-06-10,2022,True,102.43835616438356,993,993,1117,536007.2298947462,1222.9336316907218,65264,49,0.0026852758481131322,0.8116319594690634,0.1909896859465256,0.15807831458919255,0.12187346659192974,0.38389534758192645,0.9668277945619335,0.20204161146473365,744303.9684493304,0,False,False,True,"{""0"":null,""1"":null,""2"":null,""3"":null}",993.0,884413.0,993.0,629593.0,993.0,629593.0,846.3438636393985,536007.2298947462,846.3438636393985,0.0,0.0,1222.9336316906847,815513.3984493339,0.0026852758481119565,19.256041923842137,4.0,2540.0,0.0,0.0,89.29999999870051,56519.29999945803,1.6500000000010004,1613.1000000002477,49.6499999992775,31479.64999968216,0.0,0.0,0.0,0.0,0.0,0.0,9.930000000000291,6295.930000000009,496.5,314796.5,0.0,117.0,506.429999999993,321092.43,0.0,0.0,1222.9336316906847,815513.3984493339
892,2022-06-11,2022,False,102.44109589041096,992,0,1117,536007.2298947462,0.0,64400,49,0.0,,,0.15797102666353807,0.12176556063372257,0.3838847493871798,0.9677016129032259,0.12462392356419343,744303.9684493304,0,False,False,True,"{""0"":null,""1"":null,""2"":null,""3"":null}",992.0,885405.0,0.0,629593.0,0.0,629593.0,0.0,536007.2298947462,0.0,0.0,0.0,0.0,815513.3984493339,0.0,19.256041923842137,0.0,2540.0,0.0,0.0,0.0,56519.29999945803,0.0,1613.1000000002477,0.0,31479.64999968216,0.0,0.0,0.0,0.0,0.0,0.0,0.0,6295.930000000009,0.0,314796.5,0.0,117.0,0.0,321092.43,0.0,0.0,0.0,815513.3984493339
893,2022-06-12,2022,False,102.44383561643835,992,0,1117,536007.2298947462,0.0,64400,49,0.0,,,0.15797102666353807,0.12176556063372257,0.3838847493871798,0.9677016129032259,0.07468341789338934,744303.9684493304,0,False,False,True,"{""0"":null,""1"":null,""2"":null,""3"":null}",992.0,886397.0,0.0,629593.0,0.0,629593.0,0.0,536007.2298947462,0.0,0.0,0.0,0.0,815513.3984493339,0.0,19.256041923842137,0.0,2540.0,0.0,0.0,0.0,56519.29999945803,0.0,1613.1000000002477,0.0,31479.64999968216,0.0,0.0,0.0,0.0,0.0,0.0,0.0,6295.930000000009,0.0,314796.5,0.0,117.0,0.0,321092.43,0.0,0.0,0.0,815513.3984493339
894,2022-06-13,2022,True,102.44657534246575,993,993,1118,536853.3454093824,1512.2188590927283,65404,13,0.0,0.8508777952091608,0.1411054780226914,0.1576545506933249,0.12081403575204415,0.38369102432697066,0.9668882175226586,0.10401014947211612,745308.757308423,0,False,False,True,"{""0"":null,""1"":null,""2"":null,""3"":null}",993.0,887390.0,993.0,630586.0,993.0,630586.0,846.1155146361561,536853.3454093824,846.1155146361561,0.0,0.0,1512.2188590926817,817025.6173084265,0.0,19.256041923842137,4.0,2544.0,0.0,0.0,89.29999999870051,56608.59999945673,7.3500000000044565,1620.4500000002522,49.6499999992775,31529.299999681436,0.0,0.0,0.0,0.0,0.0,0.0,9.930000000000291,6305.86000000001,496.5,315293.0,1.0,118.0,506.429999999993,321598.86,0.0,0.0,1512.2188590926817,817025.6173084265
895,2022-06-14,2022,True,102.44931506849315,993,993,1118,537699.4609240185,1446.2631443516134,65458,27,0.0,0.841886121985977,0.16063605258835856,0.1576824519160519,0.12089080579576912,0.38369102432697066,0.9672910372608258,0.13129717172377195,746248.5904527747,0,False,False,True,"{""0"":null,""1"":null,""2"":null,""3"":null}",993.0,888383.0,993.0,631579.0,993.0,631579.0,846.1155146361561,537699.4609240185,846.1155146361561,0.0,0.0,1446.2631443516584,818471.8804527782,0.0,19.256041923842137,4.0,2548.0,0.0,0.0,89.29999999870051,56697.89999945543,0.0,1620.4500000002522,49.6499999992775,31578.949999680714,0.0,0.0,0.0,0.0,0.0,0.0,9.930000000000291,6315.79000000001,496.5,315789.5,0.0,118.0,506.429999999993,322105.29,0.0,0.0,1446.2631443516584,818471.8804527782
896,2022-06-15,2022,True,102.45205479452055,993,993,1118,538545.5764386547,1351.6769259065575,65554,49,0.4160149094095411,0.8247731524050569,0.16359543708435414,0.15762875807853782,0.12101979932812358,0.38369102432697066,0.9671953675730111,0.15663596262326435,747093.8373786812,0,False,False,True,"{""0"":null,""1"":null,""2"":null,""3"":null}",993.0,889376.0,993.0,632572.0,993.0,632572.0,846.1155146361561,538545.5764386547,846.1155146361561,0.0,0.0,1351.6769259065622,819823.5573786848,0.4160149094095402,19.672056833251677,4.0,2552.0,0.0,0.0,89.29999999870051,56787.19999945413,0.0,1620.4500000002522,49.6499999992775,31628.59999967999,0.0,0.0,0.0,0.0,0.0,0.0,9.930000000000291,6325.72000000001,496.5,316286.0,0.0,118.0,506.429999999993,322611.72,0.0,0.0,1351.6769259065622,819823.5573786848
897,2022-06-16,2022,True,102.45479452054795,993,993,1118,539391.6919532908,1289.1555809122397,65643,62,0.0,0.8146190071063166,0.19162439577050816,0.15765255290905622,0.12112318744734676,0.38369102432697066,0.9665961732124875,0.1800648843965711,747876.5629595934,0,False,False,True,"{""0"":null,""1"":null,""2"":null,""3"":null}",993.0,890369.0,993.0,633565.0,993.0,633565.0,846.1155146361561,539391.6919532908,846.1155146361561,0.0,0.0,1289.155580912251,821112.712959597,0.0,19.672056833251677,4.0,2556.0,0.0,0.0,89.29999999870051,56876.49999945283,1.9500000000011823,1622.4000000002534,49.6499999992775,31678.24999967927,0.0,0.0,0.0,0.0,0.0,0.0,9.930000000000291,6335.650000000011,496.5,316782.5,0.0,118.0,506.429999999993,323118.14999999997,0.0,0.0,1289.155580912251,821112.712959597
898,2022-06-17,2022,True,102.45753424657534,993,993,1118,540237.807467927,1225.1841251109788,65757,61,0.0,0.8266266150360688,0.1683220031504955,0.15762727679822486,0.12119366887141453,0.38369102432697066,0.9663695871097684,0.20163182986631514,748595.3170847043,0,False,False,True,"{""0"":null,""1"":null,""2"":null,""3"":null}",993.0,891362.0,993.0,634558.0,993.0,634558.0,846.1155146361561,540237.807467927,846.1155146361561,0.0,0.0,1225.1841251109727,822337.897084708,0.0,19.672056833251677,4.0,2560.0,0.0,0.0,89.29999999870051,56965.799999451534,2.1000000000012733,1624.5000000002547,49.6499999992775,31727.899999678546,0.0,0.0,0.0,0.0,0.0,0.0,9.930000000000291,6345.580000000011,496.5,317279.0,0.0,118.0,506.429999999993,323624.57999999996,0.0,0.0,1225.1841251109727,822337.897084708
899,2022-06-18,2022,False,102.46027397260274,993,0,1118,540237.807467927,0.0,64900,61,0.0,,,0.15765285079657837,0.12127290023832632,0.38369102432697066,0.967311178247734,0.12454966171865156,748595.3170847043,0,False,False,True,"{""0"":null,""1"":null,""2"":null,""3"":null}",993.0,892355.0,0.0,634558.0,0.0,634558.0,0.0,540237.807467927,0.0,0.0,0.0,0.0,822337.897084708,0.0,19.672056833251677,0.0,2560.0,0.0,0.0,0.0,56965.799999451534,0.0,1624.5000000002547,0.0,31727.899999678546,0.0,0.0,0.0,0.0,0.0,0.0,0.0,6345.580000000011,0.0,317279.0,0.0,118.0,0.0,323624.57999999996,0.0,0.0,0.0,822337.897084708
900,2022-06-19,2022,False,102.46301369863014,993,0,1118,540237.807467927,0.0,64900,61,0.0,,,0.1576528507965784,0.12127290023832635,0.38369102432697066,0.967311178247734,0.07463977520397463,748595.3170847043,0,False,False,True,"{""0"":null,""1"":null,""2"":null,""3"":null}",993.0,893348.0,0.0,634558.0,0.0,634558.0,0.0,540237.807467927,0.0,0.0,0.0,0.0,822337.897084708,0.0,19.672056833251677,0.0,2560.0,0.0,0.0,0.0,56965.799999451534,0.0,1624.5000000002547,0.0,31727.899999678546,0.0,0.0,0.0,0.0,0.0,0.0,0.0,6345.580000000011,0.0,317279.0,0.0,118.0,0.0,323624.57999999996,0.0,0.0,0.0,822337.897084708
901,2022-06-20,2022,True,102.46575342465754,993,993,1118,541083.9229825631,1500.311651259529,65918,10,0.0,0.856975552090344,0.13836945689446986,0.15765285079657837,0.12127290023832635,0.38369102432697066,0.9667069486404835,0.10393943251985176,749589.1987359638,0,False,False,True,"{""0"":null,""1"":null,""2"":null,""3"":null}",993.0,894341.0,993.0,635551.0,993.0,635551.0,846.1155146361561,541083.9229825631,846.1155146361561,0.0,0.0,1500.3116512595443,823838.2087359675,0.0,19.672056833251677,4.0,2564.0,0.0,0.0,89.29999999870051,57055.099999450234,9.150000000005548,1633.6500000002602,49.6499999992775,31777.549999677824,0.0,0.0,0.0,0.0,0.0,0.0,9.930000000000291,6355.510000000011,496.5,317775.5,0.0,118.0,506.429999999993,324131.00999999995,0.0,0.0,1500.3116512595443,823838.2087359675
902,2022-06-21,2022,True,102.46849315068494,994,994,1119,541930.7487627736,1425.8686494913677,65953,23,0.0,0.837929895499459,0.14964409853583288,0.15760589603004577,0.12063585047666106,0.38370162252171736,0.9670120724346076,0.13116288598715603,750507.1273854552,0,False,False,True,"{""0"":null,""1"":null,""2"":null,""3"":null}",994.0,895335.0,994.0,636545.0,994.0,636545.0,846.8257802104345,541930.7487627736,846.8257802104345,0.0,0.0,1425.8686494913418,825264.0773854589,0.0,19.672056833251677,4.0,2568.0,0.0,0.0,89.39999999869906,57144.49999944893,0.0,1633.6500000002602,49.69999999927677,31827.2499996771,0.0,0.0,0.0,0.0,0.0,0.0,9.9399999999996,6365.450000000011,497.0,318272.5,1.0,119.0,506.9400000000023,324637.94999999995,0.0,0.0,1425.8686494913418,825264.0773854589
903,2022-06-22,2022,True,102.47123287671234,994,994,1119,542777.574542984,1390.92313307142,66051,38,0.0,0.8288931324094865,0.1759755410273573,0.15755495765086025,0.12071838561069867,0.38370162252171736,0.9669265593561368,0.15649403185672797,751391.1105185266,0,False,False,True,"{""0"":null,""1"":null,""2"":null,""3"":null}",994.0,896329.0,994.0,637539.0,994.0,637539.0,846.8257802104345,542777.574542984,846.8257802104345,0.0,0.0,1390.9231330713956,826655.0005185303,0.0,19.672056833251677,4.0,2572.0,0.0,0.0,89.39999999869906,57233.89999944763,0.0,1633.6500000002602,49.69999999927677,31876.949999676377,0.0,0.0,0.0,0.0,0.0,0.0,9.9399999999996,6375.39000000001,497.0,318769.5,0.0,119.0,506.9400000000023,325144.88999999996,0.0,0.0,1390.9231330713956,826655.0005185303
904,2022-06-23,2022,True,102.47397260273972,996,996,1121,543625.9699335811,1292.068896945406,66168,42,0.0,0.8292955693742713,0.17868054769368777,0.1576819019978894,0.119453620539619,0.3838838850580297,0.9664558232931727,0.17967301719803538,752173.2194154721,0,False,False,True,"{""0"":null,""1"":null,""2"":null,""3"":null}",996.0,897325.0,996.0,638535.0,996.0,638535.0,848.3953905970557,543625.9699335811,848.3953905970557,0.0,0.0,1292.0688969454495,827947.0694154757,0.0,19.672056833251677,4.0,2576.0,0.0,0.0,89.59999999869615,57323.49999944633,1.5000000000009095,1635.1500000002611,49.799999999275315,31926.749999675652,0.0,0.0,0.0,0.0,0.0,0.0,9.960000000000036,6385.35000000001,498.0,319267.5,2.0,121.0,507.96000000002095,325652.85,0.0,0.0,1292.0688969454495,827947.0694154757
905,2022-06-24,2022,True,102.47671232876712,996,996,1121,544474.3653241781,1271.3583793104524,66263,43,0.0,0.8022153452519756,0.19693730092747083,0.15772182973342547,0.11957045141336133,0.3838838850580297,0.9665110441767069,0.20118294487987343,752936.6177947826,0,False,False,True,"{""0"":null,""1"":null,""2"":null,""3"":null}",996.0,898321.0,996.0,639531.0,996.0,639531.0,848.3953905970557,544474.3653241781,848.3953905970557,0.0,0.0,1271.3583793104626,829218.4277947862,0.0,19.672056833251677,4.0,2580.0,0.0,0.0,89.59999999869615,57413.099999445025,1.9500000000011823,1637.1000000002623,49.799999999275315,31976.549999674928,0.0,0.0,0.0,0.0,0.0,0.0,9.960000000000036,6395.31000000001,498.0,319765.5,0.0,121.0,507.96000000002095,326160.81,0.0,0.0,1271.3583793104626,829218.4277947862
906,2022-06-25,2022,False,102.47945205479452,996,0,1121,544474.3653241781,0.0,65400,43,0.0,,,0.1576317012405121,0.11963466907385162,0.3838838850580297,0.9670532128514056,0.12419494858734433,752936.6177947826,0,False,False,True,"{""0"":null,""1"":null,""2"":null,""3"":null}",996.0,899317.0,0.0,639531.0,0.0,639531.0,0.0,544474.3653241781,0.0,0.0,0.0,0.0,829218.4277947862,0.0,19.672056833251677,0.0,2580.0,0.0,0.0,0.0,57413.099999445025,0.0,1637.1000000002623,0.0,31976.549999674928,0.0,0.0,0.0,0.0,0.0,0.0,0.0,6395.31000000001,0.0,319765.5,0.0,121.0,0.0,326160.81,0.0,0.0,0.0,829218.4277947862
907,2022-06-26,2022,False,102.48219178082192,996,0,1121,544474.3653241781,0.0,65400,43,0.0,,,0.1576317012405121,0.11963466907385162,0.3838838850580297,0.9670532128514056,0.0743858358541067,752936.6177947826,0,False,False,True,"{""0"":null,""1"":null,""2"":null,""3"":null}",996.0,900313.0,0.0,639531.0,0.0,639531.0,0.0,544474.3653241781,0.0,0.0,0.0,0.0,829218.4277947862,0.0,19.672056833251677,0.0,2580.0,0.0,0.0,0.0,57413.099999445025,0.0,1637.1000000002623,0.0,31976.549999674928,0.0,0.0,0.0,0.0,0.0,0.0,0.0,6395.31000000001,0.0,319765.5,0.0,121.0,0.0,326160.81,0.0,0.0,0.0,829218.4277947862
908,2022-06-27,2022,True,102.48493150684932,996,996,1121,545322.7607147752,1538.0432977588305,66393,23,0.06211209093033269,0.8312916180852442,0.17172496564608247,0.1576317012405121,0.11963466907385165,0.3838838850580297,0.9662399598393574,0.10371022269238353,753966.7010925415,0,False,False,True,"{""0"":null,""1"":null,""2"":null,""3"":null}",996.0,901309.0,996.0,640527.0,996.0,640527.0,848.3953905970557,545322.7607147752,848.3953905970557,0.0,0.0,1538.0432977587916,830756.471092545,0.06211209093033432,19.73416892418201,4.0,2584.0,0.0,0.0,89.59999999869615,57502.69999944372,6.450000000003911,1643.5500000002662,49.799999999275315,32026.349999674203,0.0,0.0,0.0,0.0,0.0,0.0,9.960000000000036,6405.27000000001,498.0,320263.5,0.0,121.0,507.96000000002095,326668.77,0.0,0.0,1538.0432977587916,830756.471092545
909,2022-06-28,2022,True,102.4876712328767,996,996,1121,546171.1561053722,1425.6720236734618,66442,46,0.0,0.8402916504728591,0.16318570953616823,0.15767596913730497,0.11967017855157192,0.3838838850580297,0.9662048192771084,0.1309757704288089,754884.4131162149,0,False,False,True,"{""0"":null,""1"":null,""2"":null,""3"":null}",996.0,902305.0,996.0,641523.0,996.0,641523.0,848.3953905970557,546171.1561053722,848.3953905970557,0.0,0.0,1425.6720236734254,832182.1431162184,0.0,19.73416892418201,4.0,2588.0,0.0,0.0,89.59999999869615,57592.29999944242,0.0,1643.5500000002662,49.799999999275315,32076.14999967348,0.0,0.0,0.0,0.0,0.0,0.0,9.960000000000036,6415.2300000000105,498.0,320761.5,0.0,121.0,507.96000000002095,327176.73000000004,0.0,0.0,1425.6720236734254,832182.1431162184
910,2022-06-29,2022,True,102.4904109589041,996,996,1121,547019.5514959693,1363.9785302526623,66556,65,0.25379157426989596,0.8394126182147946,0.15156282763143844,0.15764004332530107,0.11981131102838267,0.3838838850580297,0.9661546184738955,0.15624088079064868,755740.4316464677,0,False,False,True,"{""0"":null,""1"":null,""2"":null,""3"":null}",996.0,903301.0,996.0,642519.0,996.0,642519.0,848.3953905970557,547019.5514959693,848.3953905970557,0.0,0.0,1363.9785302527016,833546.1216464711,0.25379157426989707,19.98796049845191,4.0,2592.0,0.0,0.0,89.59999999869615,57681.89999944111,0.0,1643.5500000002662,49.799999999275315,32125.949999672754,0.0,0.0,0.0,0.0,0.0,0.0,9.960000000000036,6425.1900000000105,498.0,321259.5,0.0,121.0,507.96000000002095,327684.69000000006,0.0,0.0,1363.9785302527016,833546.1216464711
911,2022-06-30,2022,True,102.4931506849315,996,996,1121,547867.9468865664,1304.9591656187001,66675,59,0.0,0.8182313771213887,0.17122115554046902,0.15768454436742113,0.11984961670667331,0.3838838850580297,0.9664658634538152,0.1796050354584423,756537.4308120864,0,False,False,True,"{""0"":null,""1"":null,""2"":null,""3"":null}",996.0,904297.0,996.0,643515.0,996.0,643515.0,848.3953905970557,547867.9468865664,848.3953905970557,0.0,0.0,1304.959165618755,834851.0808120898,0.0,19.98796049845191,4.0,2596.0,0.0,0.0,89.59999999869615,57771.49999943981,3.450000000002092,1647.0000000002683,49.799999999275315,32175.74999967203,0.0,0.0,0.0,0.0,0.0,0.0,9.960000000000036,6435.150000000011,498.0,321757.5,0.0,121.0,507.96000000002095,328192.6500000001,0.0,0.0,1304.959165618755,834851.0808120898
912,2022-07-01,2022,True,102.4958904109589,996,996,1121,548716.3422771634,1556.772018741413,66776,52,0.11510294654902889,0.8332957313123461,0.16988370436923034,0.15769841522129513,0.1199769678621456,0.3838838850580297,0.9665712851405623,0.2011237332790846,757586.242830828,0,False,False,True,"{""0"":null,""1"":null,""2"":null,""3"":null}",996.0,905293.0,996.0,644511.0,996.0,644511.0,848.3953905970557,548716.3422771634,848.3953905970557,0.0,0.0,1556.772018741467,836407.8528308313,0.11510294654902964,20.103063445000938,4.0,2600.0,0.0,0.0,89.59999999869615,57861.099999438506,3.450000000002092,1650.4500000002704,49.799999999275315,32225.549999671304,0.0,0.0,0.0,0.0,0.0,0.0,9.960000000000036,6445.110000000011,498.0,322255.5,0.0,121.0,507.96000000002095,328700.6100000001,0.0,0.0,1556.772018741467,836407.8528308313
913,2022-07-02,2022,False,102.4986301369863,996,0,1121,548716.3422771634,0.0,65900,52,0.0,,,0.15764738814626342,0.12002265050780117,0.3838838850580297,0.967394578313253,0.12420155338979343,757586.242830828,0,False,False,True,"{""0"":null,""1"":null,""2"":null,""3"":null}",996.0,906289.0,0.0,644511.0,0.0,644511.0,0.0,548716.3422771634,0.0,0.0,0.0,0.0,836407.8528308313,0.0,20.103063445000938,0.0,2600.0,0.0,0.0,0.0,57861.099999438506,0.0,1650.4500000002704,0.0,32225.549999671304,0.0,0.0,0.0,0.0,0.0,0.0,0.0,6445.110000000011,0.0,322255.5,0.0,121.0,0.0,328700.6100000001,0.0,0.0,0.0,836407.8528308313
914,2022-07-03,2022,False,102.5013698630137,996,0,1121,548716.3422771634,0.0,65900,52,0.0,,,0.15764738814626342,0.12002265050780117,0.3838838850580297,0.967394578313253,0.07435487182866515,757586.242830828,0,False,False,True,"{""0"":null,""1"":null,""2"":null,""3"":null}",996.0,907285.0,0.0,644511.0,0.0,644511.0,0.0,548716.3422771634,0.0,0.0,0.0,0.0,836407.8528308313,0.0,20.103063445000938,0.0,2600.0,0.0,0.0,0.0,57861.099999438506,0.0,1650.4500000002704,0.0,32225.549999671304,0.0,0.0,0.0,0.0,0.0,0.0,0.0,6445.110000000011,0.0,322255.5,0.0,121.0,0.0,328700.6100000001,0.0,0.0,0.0,836407.8528308313
915,2022-07-04,2022,True,102.5041095890411,996,996,1121,549564.7376677605,1816.3354541935819,66899,18,0.0,0.8443639720171007,0.16068827438368466,0.15764738814626342,0.12002265050780117,0.3838838850580297,0.9665210843373494,0.10363622641704281,758894.6182850215,0,False,False,True,"{""0"":null,""1"":null,""2"":null,""3"":null}",996.0,908281.0,996.0,645507.0,996.0,645507.0,848.3953905970557,549564.7376677605,848.3953905970557,0.0,0.0,1816.335454193526,838224.1882850248,0.0,20.103063445000938,4.0,2604.0,0.0,0.0,89.59999999869615,57950.6999994372,7.800000000004729,1658.2500000002751,49.799999999275315,32275.34999967058,0.0,0.0,0.0,0.0,0.0,0.0,9.960000000000036,6455.070000000011,498.0,322753.5,0.0,121.0,507.96000000002095,329208.5700000001,0.0,0.0,1816.335454193526,838224.1882850248
916,2022-07-05,2022,True,102.5068493150685,996,996,1121,550413.1330583575,1790.1883042004042,66944,31,0.0,0.8483076175670423,0.14546484591675843,0.1576778092559374,0.1200994957295597,0.3838838850580297,0.9666817269076305,0.13090133220558048,760176.846589222,0,False,False,True,"{""0"":null,""1"":null,""2"":null,""3"":null}",996.0,909277.0,996.0,646503.0,996.0,646503.0,848.3953905970557,550413.1330583575,848.3953905970557,0.0,0.0,1790.1883042004192,840014.3765892253,0.0,20.103063445000938,4.0,2608.0,0.0,0.0,89.59999999869615,58040.2999994359,0.0,1658.2500000002751,49.799999999275315,32325.149999669855,0.0,0.0,0.0,0.0,0.0,0.0,9.960000000000036,6465.030000000011,498.0,323251.5,0.0,121.0,507.96000000002095,329716.53000000014,0.0,0.0,1790.1883042004192,840014.3765892253
917,2022-07-06,2022,True,102.5095890410959,996,996,1121,551261.5284489546,1682.2037449720247,67050,47,0.0,0.8453158440212463,0.13822255711977646,0.15765700854720782,0.1201706380005349,0.3838838850580297,0.9666415662650603,0.15622531885088017,761351.090334194,0,False,False,True,"{""0"":null,""1"":null,""2"":null,""3"":null}",996.0,910273.0,996.0,647499.0,996.0,647499.0,848.3953905970557,551261.5284489546,848.3953905970557,0.0,0.0,1682.2037449720083,841696.5803341973,0.0,20.103063445000938,4.0,2612.0,0.0,0.0,89.59999999869615,58129.899999434594,0.0,1658.2500000002751,49.799999999275315,32374.94999966913,0.0,0.0,0.0,0.0,0.0,0.0,9.960000000000036,6474.990000000011,498.0,323749.5,0.0,121.0,507.96000000002095,330224.49000000017,0.0,0.0,1682.2037449720083,841696.5803341973
918,2022-07-07,2022,True,102.5123287671233,996,996,1121,552109.9238395516,1595.0028390398368,67162,51,0.0,0.8091951029926157,0.1883909498357145,0.1576377663881304,0.12023251499304441,0.3838838850580297,0.9665461847389558,0.17968385488068778,762438.133173234,0,False,False,True,"{""0"":null,""1"":null,""2"":null,""3"":null}",996.0,911269.0,996.0,648495.0,996.0,648495.0,848.3953905970557,552109.9238395516,848.3953905970557,0.0,0.0,1595.0028390398948,843291.5831732372,0.0,20.103063445000938,4.0,2616.0,0.0,0.0,89.59999999869615,58219.49999943329,2.700000000001637,1660.9500000002768,49.799999999275315,32424.749999668406,0.0,0.0,0.0,0.0,0.0,0.0,9.960000000000036,6484.950000000011,498.0,324247.5,0.0,121.0,507.96000000002095,330732.4500000002,0.0,0.0,1595.0028390398948,843291.5831732372
919,2022-07-08,2022,True,102.51506849315068,996,996,1121,552958.3192301487,1524.489175452676,67261,51,0.07600577371881272,0.8091990866692577,0.17659036141080914,0.157681847594978,0.12030922935452262,0.3838838850580297,0.9663955823293172,0.20124679930333378,763454.6623486866,0,False,False,True,"{""0"":null,""1"":null,""2"":null,""3"":null}",996.0,912265.0,996.0,649491.0,996.0,649491.0,848.3953905970557,552958.3192301487,848.3953905970557,0.0,0.0,1524.489175452618,844816.0723486898,0.07600577371881201,20.17906921871975,4.0,2620.0,0.0,0.0,89.59999999869615,58309.099999431986,1.9500000000011823,1662.900000000278,49.799999999275315,32474.54999966768,0.0,0.0,0.0,0.0,0.0,0.0,9.960000000000036,6494.910000000011,498.0,324745.5,0.0,121.0,507.96000000002095,331240.4100000002,0.0,0.0,1524.489175452618,844816.0723486898
920,2022-07-09,2022,False,102.51780821917808,995,0,1121,552958.3192301487,0.0,66400,51,0.0,,,0.15755725905642826,0.12032429669218066,0.3839497147833525,0.967251256281407,0.12440397376743983,763454.6623486866,0,False,False,True,"{""0"":null,""1"":null,""2"":null,""3"":null}",995.0,913260.0,0.0,649491.0,0.0,649491.0,0.0,552958.3192301487,0.0,0.0,0.0,0.0,844816.0723486898,0.0,20.17906921871975,0.0,2620.0,0.0,0.0,0.0,58309.099999431986,0.0,1662.900000000278,0.0,32474.54999966768,0.0,0.0,0.0,0.0,0.0,0.0,0.0,6494.910000000011,0.0,324745.5,0.0,121.0,0.0,331240.4100000002,0.0,0.0,0.0,844816.0723486898
921,2022-07-10,2022,False,102.52054794520548,995,0,1121,552958.3192301487,0.0,66400,51,0.0,,,0.15755725905642826,0.12032429669218064,0.3839497147833525,0.967251256281407,0.07450219459166232,763454.6623486866,0,False,False,True,"{""0"":null,""1"":null,""2"":null,""3"":null}",995.0,914255.0,0.0,649491.0,0.0,649491.0,0.0,552958.3192301487,0.0,0.0,0.0,0.0,844816.0723486898,0.0,20.17906921871975,0.0,2620.0,0.0,0.0,0.0,58309.099999431986,0.0,1662.900000000278,0.0,32474.54999966768,0.0,0.0,0.0,0.0,0.0,0.0,0.0,6494.910000000011,0.0,324745.5,0.0,121.0,0.0,331240.4100000002,0.0,0.0,0.0,844816.0723486898
922,2022-07-11,2022,True,102.52328767123288,996,996,1122,553806.8848224484,1869.5353997688924,67393,14,0.0,0.8564020129099393,0.1368232331698001,0.15725911437171392,0.11939985910041107,0.38375598972314334,0.9659789156626506,0.10380953837308352,764815.2377484555,0,False,False,True,"{""0"":null,""1"":null,""2"":null,""3"":null}",996.0,915251.0,996.0,650487.0,996.0,650487.0,848.5655922996812,553806.8848224484,848.5655922996812,0.0,0.0,1869.5353997688508,846685.6077484586,0.0,20.17906921871975,4.0,2624.0,0.0,0.0,89.59999999869615,58398.69999943068,7.650000000004638,1670.5500000002826,49.799999999275315,32524.349999666956,0.0,0.0,0.0,0.0,0.0,0.0,9.960000000000036,6504.870000000011,498.0,325243.5,1.0,122.0,507.96000000002095,331748.3700000002,0.0,0.0,1869.5353997688508,846685.6077484586
923,2022-07-12,2022,True,102.52602739726028,996,996,1122,554655.450414748,1741.4367237508645,67456,29,0.0,0.8402927987252654,0.15479669703665958,0.1572838864238553,0.11952393185609572,0.38375598972314334,0.9661194779116465,0.13104926860121136,766048.7144722064,0,False,False,True,"{""0"":null,""1"":null,""2"":null,""3"":null}",996.0,916247.0,996.0,651483.0,996.0,651483.0,848.5655922996812,554655.450414748,848.5655922996812,0.0,0.0,1741.4367237508995,848427.0444722095,0.0,20.17906921871975,4.0,2628.0,0.0,0.0,89.59999999869615,58488.29999942938,0.0,1670.5500000002826,49.799999999275315,32574.14999966623,0.0,0.0,0.0,0.0,0.0,0.0,9.960000000000036,6514.830000000011,498.0,325741.5,0.0,122.0,507.96000000002095,332256.33000000025,0.0,0.0,1741.4367237508995,848427.0444722095
924,2022-07-13,2022,True,102.52876712328766,996,996,1122,555504.0160070477,1713.5229671509005,67550,46,0.49482166970613306,0.8242928962814822,0.16622012783982082,0.15725726370671692,0.11956216842024828,0.38375598972314334,0.9660140562248996,0.15637000289784195,767254.2774393574,0,False,False,True,"{""0"":null,""1"":null,""2"":null,""3"":null}",996.0,917243.0,996.0,652479.0,996.0,652479.0,848.5655922996812,555504.0160070477,848.5655922996812,0.0,0.0,1713.5229671509005,850140.5674393604,0.49482166970613406,20.673890888425884,4.0,2632.0,0.0,0.0,89.59999999869615,58577.899999428075,0.0,1670.5500000002826,49.799999999275315,32623.949999665507,0.0,0.0,0.0,0.0,0.0,0.0,9.960000000000036,6524.790000000011,498.0,326239.5,0.0,122.0,507.96000000002095,332764.29000000027,0.0,0.0,1713.5229671509005,850140.5674393604
925,2022-07-14,2022,True,102.53150684931506,995,995,1122,556351.7909739084,1593.0043884880097,67657,48,0.019803185708646705,0.8340506415907533,0.1578459727972737,0.15730517705950176,0.11970627787416013,0.3837453915283967,0.9660904522613065,0.17990447030116108,768339.8318278454,0,False,False,True,"{""0"":null,""1"":null,""2"":null,""3"":null}",995.0,918238.0,995.0,653474.0,995.0,653474.0,847.7749668606557,556351.7909739084,847.7749668606557,0.0,0.0,1593.0043884880142,851733.5718278484,0.019803185708646254,20.69369407413453,4.0,2636.0,0.0,0.0,89.4999999986976,58667.39999942677,2.1000000000012733,1672.6500000002839,49.74999999927604,32673.699999664783,0.0,0.0,0.0,0.0,0.0,0.0,9.949999999999818,6534.740000000011,497.5,326737.0,0.0,122.0,507.45000000001164,333271.7400000003,0.0,0.0,1593.0043884880142,851733.5718278484
926,2022-07-15,2022,True,102.53424657534246,995,995,1122,557199.565940769,1574.3880776748972,67761,51,0.1926919361771883,0.7937786267019297,0.20110827459754446,0.15731290783001367,0.11978996324783908,0.3837453915283967,0.9662713567839195,0.2014492670639071,769406.7699055204,0,False,False,True,"{""0"":null,""1"":null,""2"":null,""3"":null}",995.0,919233.0,995.0,654469.0,995.0,654469.0,847.7749668606557,557199.565940769,847.7749668606557,0.0,0.0,1574.3880776748993,853307.9599055233,0.19269193617718727,20.886386010311718,4.0,2640.0,0.0,0.0,89.4999999986976,58756.89999942547,2.2500000000013642,1674.9000000002852,49.74999999927604,32723.44999966406,0.0,0.0,0.0,0.0,0.0,0.0,9.949999999999818,6544.6900000000105,497.5,327234.5,0.0,122.0,507.45000000001164,333779.1900000003,0.0,0.0,1574.3880776748993,853307.9599055233
927,2022-07-16,2022,False,102.53698630136986,995,0,1122,557199.565940769,0.0,66900,51,0.0,,,0.1573268379953545,0.11987203832578816,0.3837453915283967,0.9670050251256281,0.12445694969272311,769406.7699055204,0,False,False,True,"{""0"":null,""1"":null,""2"":null,""3"":null}",995.0,920228.0,0.0,654469.0,0.0,654469.0,0.0,557199.565940769,0.0,0.0,0.0,0.0,853307.9599055233,0.0,20.886386010311718,0.0,2640.0,0.0,0.0,0.0,58756.89999942547,0.0,1674.9000000002852,0.0,32723.44999966406,0.0,0.0,0.0,0.0,0.0,0.0,0.0,6544.6900000000105,0.0,327234.5,0.0,122.0,0.0,333779.1900000003,0.0,0.0,0.0,853307.9599055233
928,2022-07-17,2022,False,102.53972602739726,995,0,1122,557199.565940769,0.0,66900,51,0.0,,,0.15732683799535446,0.11987203832578816,0.3837453915283967,0.9670050251256281,0.07448114887212982,769406.7699055204,0,False,False,True,"{""0"":null,""1"":null,""2"":null,""3"":null}",995.0,921223.0,0.0,654469.0,0.0,654469.0,0.0,557199.565940769,0.0,0.0,0.0,0.0,853307.9599055233,0.0,20.886386010311718,0.0,2640.0,0.0,0.0,0.0,58756.89999942547,0.0,1674.9000000002852,0.0,32723.44999966406,0.0,0.0,0.0,0.0,0.0,0.0,0.0,6544.6900000000105,0.0,327234.5,0.0,122.0,0.0,333779.1900000003,0.0,0.0,0.0,853307.9599055233
929,2022-07-18,2022,True,102.54246575342466,996,996,1123,558048.1762238012,1861.6163331268522,67896,17,0.1610364235033084,0.821191421556672,0.1682013749360085,0.15729972302789247,0.11914115879376083,0.38375598972314334,0.9658333333333333,0.10380328663124867,770759.4262386473,0,False,False,True,"{""0"":null,""1"":null,""2"":null,""3"":null}",996.0,922219.0,996.0,655465.0,996.0,655465.0,848.6102830321761,558048.1762238012,848.6102830321761,0.0,0.0,1861.6163331269054,855169.5762386502,0.16103642350330816,21.047422433815026,4.0,2644.0,0.0,0.0,89.59999999869615,58846.499999424166,7.650000000004638,1682.5500000002899,49.799999999653664,32773.24999966371,0.0,0.0,0.0,0.0,0.0,0.0,9.960000000000036,6554.650000000011,498.0,327732.5,1.0,123.0,507.96000000002095,334287.1500000003,0.0,0.0,1861.6163331269054,855169.5762386502
930,2022-07-19,2022,True,102.54520547945205,995,995,1123,558895.8831224417,1778.3153495588458,67937,38,0.0,0.8420133864437769,0.17758637904688276,0.15709752205699903,0.11887263237229731,0.3835078974615082,0.9657185929648241,0.1311626892672204,772030.2915882062,0,False,False,True,"{""0"":null,""1"":null,""2"":null,""3"":null}",995.0,923214.0,995.0,656460.0,995.0,656460.0,847.706898640492,558895.8831224417,847.706898640492,0.0,0.0,1778.315349558834,856947.8915882091,0.0,21.047422433815026,4.0,2648.0,0.0,0.0,89.4999999986976,58935.999999422864,0.0,1682.5500000002899,49.75000000289583,32822.99999966661,0.0,0.0,0.0,0.0,0.0,0.0,9.949999999999818,6564.60000000001,497.5,328230.0,0.0,123.0,507.45000000001164,334794.6000000003,0.0,0.0,1778.315349558834,856947.8915882091
931,2022-07-20,2022,True,102.54794520547945,995,995,1123,559743.5900210822,1730.9536615683196,68043,58,0.0,0.8351309585999739,0.1652948685278782,0.1571321432472193,0.11900688811082076,0.3835078974615082,0.9657085427135679,0.15646362821307347,773253.7952497746,0,False,False,True,"{""0"":null,""1"":null,""2"":null,""3"":null}",995.0,924209.0,995.0,657455.0,995.0,657455.0,847.706898640492,559743.5900210822,847.706898640492,0.0,0.0,1730.9536615683464,858678.8452497774,0.0,21.047422433815026,4.0,2652.0,0.0,0.0,89.4999999986976,59025.49999942156,0.0,1682.5500000002899,49.75000000289583,32872.749999669504,0.0,0.0,0.0,0.0,0.0,0.0,9.949999999999818,6574.55000000001,497.5,328727.5,0.0,123.0,507.45000000001164,335302.05000000034,0.0,0.0,1730.9536615683464,858678.8452497774
932,2022-07-21,2022,True,102.55068493150685,995,995,1123,560591.2969197227,1626.744463289384,68156,64,0.03422817979045001,0.8109206934830874,0.18146013515106363,0.15711614649797184,0.11906620650830782,0.3835078974615082,0.9657085427135679,0.17982984049202888,774373.089713064,0,False,False,True,"{""0"":null,""1"":null,""2"":null,""3"":null}",995.0,925204.0,995.0,658450.0,995.0,658450.0,847.706898640492,560591.2969197227,847.706898640492,0.0,0.0,1626.7444632893894,860305.5897130668,0.034228179790449786,21.081650613605476,4.0,2656.0,0.0,0.0,89.4999999986976,59114.99999942026,2.550000000001546,1685.1000000002914,49.75000000289583,32922.4999996724,0.0,0.0,0.0,0.0,0.0,0.0,9.949999999999818,6584.50000000001,497.5,329225.0,0.0,123.0,507.45000000001164,335809.50000000035,0.0,0.0,1626.7444632893894,860305.5897130668
933,2022-07-22,2022,True,102.55342465753425,995,995,1123,561439.0038183632,1528.4849799783938,68265,63,0.0,0.83011453571895,0.16753007982411927,0.15710193783009285,0.11913396445840968,0.3835078974615082,0.965572864321608,0.20131668631323138,775394.1246930425,0,False,False,True,"{""0"":null,""1"":null,""2"":null,""3"":null}",995.0,926199.0,995.0,659445.0,995.0,659445.0,847.706898640492,561439.0038183632,847.706898640492,0.0,0.0,1528.4849799784133,861834.0746930452,0.0,21.081650613605476,4.0,2660.0,0.0,0.0,89.4999999986976,59204.49999941896,3.15000000000191,1688.2500000002933,49.75000000289583,32972.249999675296,0.0,0.0,0.0,0.0,0.0,0.0,9.949999999999818,6594.45000000001,497.5,329722.5,0.0,123.0,507.45000000001164,336316.95000000036,0.0,0.0,1528.4849799784133,861834.0746930452
934,2022-07-23,2022,False,102.55616438356165,994,0,1123,561439.0038183632,0.0,67400,63,0.0,,,0.15708322413616133,0.11938223040677091,0.383573727186831,0.9663832997987928,0.12455508111976088,775394.1246930425,0,False,False,True,"{""0"":null,""1"":null,""2"":null,""3"":null}",994.0,927193.0,0.0,659445.0,0.0,659445.0,0.0,561439.0038183632,0.0,0.0,0.0,0.0,861834.0746930452,0.0,21.081650613605476,0.0,2660.0,0.0,0.0,0.0,59204.49999941896,0.0,1688.2500000002933,0.0,32972.249999675296,0.0,0.0,0.0,0.0,0.0,0.0,0.0,6594.45000000001,0.0,329722.5,0.0,123.0,0.0,336316.95000000036,0.0,0.0,0.0,861834.0746930452
935,2022-07-24,2022,False,102.55890410958904,994,0,1123,561439.0038183632,0.0,67400,63,0.0,,,0.15708322413616133,0.11938223040677091,0.383573727186831,0.9663832997987928,0.07461450916301031,775394.1246930425,0,False,False,True,"{""0"":null,""1"":null,""2"":null,""3"":null}",994.0,928187.0,0.0,659445.0,0.0,659445.0,0.0,561439.0038183632,0.0,0.0,0.0,0.0,861834.0746930452,0.0,21.081650613605476,0.0,2660.0,0.0,0.0,0.0,59204.49999941896,0.0,1688.2500000002933,0.0,32972.249999675296,0.0,0.0,0.0,0.0,0.0,0.0,0.0,6594.45000000001,0.0,329722.5,0.0,123.0,0.0,336316.95000000036,0.0,0.0,0.0,861834.0746930452
936,2022-07-25,2022,True,102.56164383561644,995,995,1124,562286.7453937592,1864.8397011879235,68398,20,0.0,0.8562966240041792,0.12870440566224006,0.15708589173326332,0.11858350902816556,0.3835078974615082,0.9652060301507538,0.10387095539766265,776750.5143942304,0,False,False,True,"{""0"":null,""1"":null,""2"":null,""3"":null}",995.0,929182.0,995.0,660440.0,995.0,660440.0,847.7415753960377,562286.7453937592,847.7415753960377,0.0,0.0,1864.8397011879133,863698.9143942331,0.0,21.081650613605476,4.0,2664.0,0.0,0.0,89.4999999986976,59293.999999417654,9.45000000000573,1697.700000000299,49.75000000289583,33021.99999967819,0.0,0.0,0.0,0.0,0.0,0.0,9.949999999999818,6604.40000000001,497.5,330220.0,1.0,124.0,507.45000000001164,336824.4000000004,0.0,0.0,1864.8397011879133,863698.9143942331
937,2022-07-26,2022,True,102.56438356164384,995,995,1125,563134.3281496031,1773.7655083538455,68448,42,0.030524625577005318,0.8441308606503852,0.14192456366901823,0.15691444480032574,0.11771877716691306,0.3835078974615082,0.9653216080402011,0.13103195917362964,778015.8299025843,0,False,False,True,"{""0"":null,""1"":null,""2"":null,""3"":null}",995.0,930177.0,995.0,661435.0,995.0,661435.0,847.5827558438759,563134.3281496031,847.5827558438759,0.0,0.0,1773.7655083538266,865472.679902587,0.030524625577005082,21.11217523918248,4.0,2668.0,0.0,0.0,89.4999999986976,59383.49999941635,0.0,1697.700000000299,49.75000000289583,33071.74999968109,0.0,0.0,0.0,0.0,0.0,0.0,9.949999999999818,6614.3500000000095,497.5,330717.5,1.0,125.0,507.45000000001164,337331.8500000004,0.0,0.0,1773.7655083538266,865472.679902587
938,2022-07-27,2022,True,102.56712328767124,995,995,1125,563981.910905447,1673.507791588244,68541,58,0.0,0.8311837207783727,0.1716152363197809,0.15692562119337752,0.11781319003684253,0.3835078974615082,0.9653065326633166,0.15629579753284678,779181.8876941726,0,False,False,True,"{""0"":null,""1"":null,""2"":null,""3"":null}",995.0,931172.0,995.0,662430.0,995.0,662430.0,847.5827558438759,563981.910905447,847.5827558438759,0.0,0.0,1673.5077915881993,867146.1876941752,0.0,21.11217523918248,4.0,2672.0,0.0,0.0,89.4999999986976,59472.99999941505,0.0,1697.700000000299,49.75000000289583,33121.49999968398,0.0,0.0,0.0,0.0,0.0,0.0,9.949999999999818,6624.300000000009,497.5,331215.0,0.0,125.0,507.45000000001164,337839.3000000004,0.0,0.0,1673.5077915881993,867146.1876941752
939,2022-07-28,2022,True,102.56986301369864,994,994,1125,564828.5618300233,1581.1933265561945,68678,51,0.0,0.8158528746040713,0.1625037900934503,0.1572553486556278,0.11816877709388596,0.38370162252171736,0.9655633802816901,0.1795241865367631,780256.1410207289,0,False,False,True,"{""0"":null,""1"":null,""2"":null,""3"":null}",994.0,932166.0,994.0,663424.0,994.0,663424.0,846.65092457633,564828.5618300233,846.65092457633,0.0,0.0,1581.1933265562402,868727.3810207314,0.0,21.11217523918248,4.0,2676.0,0.0,0.0,89.39999999869906,59562.39999941375,3.000000000001819,1700.7000000003009,49.70000000289292,33171.199999686876,0.0,0.0,0.0,0.0,0.0,0.0,9.9399999999996,6634.240000000009,497.0,331712.0,0.0,125.0,506.9400000000023,338346.2400000004,0.0,0.0,1581.1933265562402,868727.3810207314
940,2022-07-29,2022,True,102.57260273972602,994,994,1125,565675.2127545996,1533.8591242860816,68774,44,0.0,0.8249337812265125,0.1836918606436501,0.1572907912413878,0.11828640251366378,0.38370162252171736,0.965784708249497,0.20102812472891646,781283.060145015,0,False,False,True,"{""0"":null,""1"":null,""2"":null,""3"":null}",994.0,933160.0,994.0,664418.0,994.0,664418.0,846.65092457633,565675.2127545996,846.65092457633,0.0,0.0,1533.8591242861003,870261.2401450175,0.0,21.11217523918248,4.0,2680.0,0.0,0.0,89.39999999869906,59651.79999941245,3.300000000002001,1704.0000000003029,49.70000000289292,33220.89999968977,0.0,0.0,0.0,0.0,0.0,0.0,9.9399999999996,6644.1800000000085,497.0,332209.0,0.0,125.0,506.9400000000023,338853.1800000004,0.0,0.0,1533.8591242861003,870261.2401450175
941,2022-07-30,2022,False,102.57534246575342,994,0,1125,565675.2127545996,0.0,67900,44,0.0,,,0.15725290939252898,0.11835022262700871,0.38370162252171736,0.9666348088531187,0.12428632904049247,781283.060145015,0,False,False,True,"{""0"":null,""1"":null,""2"":null,""3"":null}",994.0,934154.0,0.0,664418.0,0.0,664418.0,0.0,565675.2127545996,0.0,0.0,0.0,0.0,870261.2401450175,0.0,21.11217523918248,0.0,2680.0,0.0,0.0,0.0,59651.79999941245,0.0,1704.0000000003029,0.0,33220.89999968977,0.0,0.0,0.0,0.0,0.0,0.0,0.0,6644.1800000000085,0.0,332209.0,0.0,125.0,0.0,338853.1800000004,0.0,0.0,0.0,870261.2401450175
942,2022-07-31,2022,False,102.57808219178082,994,0,1125,565675.2127545996,0.0,67900,44,0.0,,,0.15725290939252895,0.11835022262700871,0.38370162252171736,0.9666348088531187,0.07441618615689294,781283.060145015,0,False,False,True,"{""0"":null,""1"":null,""2"":null,""3"":null}",994.0,935148.0,0.0,664418.0,0.0,664418.0,0.0,565675.2127545996,0.0,0.0,0.0,0.0,870261.2401450175,0.0,21.11217523918248,0.0,2680.0,0.0,0.0,0.0,59651.79999941245,0.0,1704.0000000003029,0.0,33220.89999968977,0.0,0.0,0.0,0.0,0.0,0.0,0.0,6644.1800000000085,0.0,332209.0,0.0,125.0,0.0,338853.1800000004,0.0,0.0,0.0,870261.2401450175
943,2022-08-01,2022,True,102.58082191780822,995,995,1126,566522.7876246172,1903.5243973003903,68895,11,0.0,0.8542706956859697,0.16420170939189074,0.15727532236300606,0.11754800249811645,0.38363579279639454,0.9656130653266332,0.10365318781134204,782678.1345423155,0,False,False,True,"{""0"":null,""1"":null,""2"":null,""3"":null}",995.0,936143.0,995.0,665413.0,995.0,665413.0,847.57487001759,566522.7876246172,847.57487001759,0.0,0.0,1903.52439730044,872164.764542318,0.0,21.11217523918248,4.0,2684.0,0.0,0.0,89.4999999986976,59741.299999411145,6.600000000004002,1710.6000000003069,49.75000000289583,33270.649999692665,0.0,0.0,0.0,0.0,0.0,0.0,9.949999999999818,6654.130000000008,497.5,332706.5,1.0,126.0,507.45000000001164,339360.6300000004,0.0,0.0,1903.52439730044,872164.764542318
944,2022-08-02,2022,True,102.58356164383562,995,995,1126,567370.3624946348,1806.9468878163425,68933,32,0.0,0.8431981798160384,0.145205987936153,0.15723489679840547,0.11759226168171892,0.38363579279639454,0.9652562814070351,0.13090017196113293,783977.6314301318,0,False,False,True,"{""0"":null,""1"":null,""2"":null,""3"":null}",995.0,937138.0,995.0,666408.0,995.0,666408.0,847.57487001759,567370.3624946348,847.57487001759,0.0,0.0,1806.9468878163025,873971.7114301343,0.0,21.11217523918248,4.0,2688.0,0.0,0.0,89.4999999986976,59830.79999940984,0.0,1710.6000000003069,49.75000000289583,33320.39999969556,0.0,0.0,0.0,0.0,0.0,0.0,9.949999999999818,6664.080000000008,497.5,333204.0,0.0,126.0,507.45000000001164,339868.0800000004,0.0,0.0,1806.9468878163025,873971.7114301343
945,2022-08-03,2022,True,102.58630136986301,995,995,1126,568217.9373646524,1676.1967452678348,69042,51,0.0,0.8391537763959062,0.156998295536767,0.1572307838688381,0.11767416693210092,0.38363579279639454,0.9650904522613065,0.1561785111001931,785146.3781753997,0,False,False,True,"{""0"":null,""1"":null,""2"":null,""3"":null}",995.0,938133.0,995.0,667403.0,995.0,667403.0,847.57487001759,568217.9373646524,847.57487001759,0.0,0.0,1676.1967452678364,875647.9081754021,0.0,21.11217523918248,4.0,2692.0,0.0,0.0,89.4999999986976,59920.29999940854,0.0,1710.6000000003069,49.75000000289583,33370.14999969846,0.0,0.0,0.0,0.0,0.0,0.0,9.949999999999818,6674.030000000008,497.5,333701.5,0.0,126.0,507.45000000001164,340375.53000000044,0.0,0.0,1676.1967452678364,875647.9081754021
946,2022-08-04,2022,True,102.58904109589041,995,995,1126,569065.51223467,1594.9034163968538,69158,56,0.08054635293679034,0.7990008420779894,0.1948476751404374,0.15720775595654243,0.11774220843647579,0.38363579279639454,0.9652663316582913,0.17953927025856792,786233.8315917966,0,False,False,True,"{""0"":null,""1"":null,""2"":null,""3"":null}",995.0,939128.0,995.0,668398.0,995.0,668398.0,847.57487001759,569065.51223467,847.57487001759,0.0,0.0,1594.9034163968172,877242.8115917989,0.08054635293678913,21.19272159211927,4.0,2696.0,0.0,0.0,89.4999999986976,60009.79999940724,1.6500000000010004,1712.2500000003079,49.75000000289583,33419.89999970135,0.0,0.0,0.0,0.0,0.0,0.0,9.949999999999818,6683.980000000008,497.5,334199.0,0.0,126.0,507.45000000001164,340882.98000000045,0.0,0.0,1594.9034163968172,877242.8115917989
947,2022-08-05,2022,True,102.59178082191781,995,995,1126,569913.0871046876,1517.2095340401816,69276,51,0.0,0.8251174374919031,0.16043806008280764,0.15721614715166354,0.1177584125515447,0.38363579279639454,0.9655829145728643,0.20103136196521212,787243.5911258368,0,False,False,True,"{""0"":null,""1"":null,""2"":null,""3"":null}",995.0,940123.0,995.0,669393.0,995.0,669393.0,847.57487001759,569913.0871046876,847.57487001759,0.0,0.0,1517.2095340401866,878760.0211258391,0.0,21.19272159211927,4.0,2700.0,0.0,0.0,89.4999999986976,60099.299999405936,3.15000000000191,1715.4000000003098,49.75000000289583,33469.64999970425,0.0,0.0,0.0,0.0,0.0,0.0,9.949999999999818,6693.930000000008,497.5,334696.5,0.0,126.0,507.45000000001164,341390.43000000046,0.0,0.0,1517.2095340401866,878760.0211258391
948,2022-08-06,2022,False,102.59452054794521,995,0,1126,569913.0871046876,0.0,68400,51,0.0,,,0.15717302296244245,0.11787100454015112,0.38363579279639454,0.9665979899497488,0.1243151930498745,787243.5911258368,0,False,False,True,"{""0"":null,""1"":null,""2"":null,""3"":null}",995.0,941118.0,0.0,669393.0,0.0,669393.0,0.0,569913.0871046876,0.0,0.0,0.0,0.0,878760.0211258391,0.0,21.19272159211927,0.0,2700.0,0.0,0.0,0.0,60099.299999405936,0.0,1715.4000000003098,0.0,33469.64999970425,0.0,0.0,0.0,0.0,0.0,0.0,0.0,6693.930000000008,0.0,334696.5,0.0,126.0,0.0,341390.43000000046,0.0,0.0,0.0,878760.0211258391
949,2022-08-07,2022,False,102.59726027397261,995,0,1126,569913.0871046876,0.0,68400,51,0.0,,,0.15717302296244245,0.11787100454015113,0.38363579279639454,0.9665979899497488,0.07457019527133771,787243.5911258368,0,False,False,True,"{""0"":null,""1"":null,""2"":null,""3"":null}",995.0,942113.0,0.0,669393.0,0.0,669393.0,0.0,569913.0871046876,0.0,0.0,0.0,0.0,878760.0211258391,0.0,21.19272159211927,0.0,2700.0,0.0,0.0,0.0,60099.299999405936,0.0,1715.4000000003098,0.0,33469.64999970425,0.0,0.0,0.0,0.0,0.0,0.0,0.0,6693.930000000008,0.0,334696.5,0.0,126.0,0.0,341390.43000000046,0.0,0.0,0.0,878760.0211258391
950,2022-08-08,2022,True,102.6,995,995,1126,570760.6619747052,1872.4990036036618,69394,17,0.0,0.8482344215571965,0.1521782736863846,0.15717302296244245,0.11787100454015112,0.38363579279639454,0.9657688442211054,0.10383440934934478,788608.6401294406,0,False,False,True,"{""0"":null,""1"":null,""2"":null,""3"":null}",995.0,943108.0,995.0,670388.0,995.0,670388.0,847.57487001759,570760.6619747052,847.57487001759,0.0,0.0,1872.4990036037052,880632.5201294428,0.0,21.19272159211927,4.0,2704.0,0.0,0.0,89.4999999986976,60188.79999940463,7.650000000004638,1723.0500000003144,49.75000000289583,33519.399999707144,0.0,0.0,0.0,0.0,0.0,0.0,9.949999999999818,6703.880000000007,497.5,335194.0,0.0,126.0,507.45000000001164,341897.88000000047,0.0,0.0,1872.4990036037052,880632.5201294428
951,2022-08-09,2022,True,102.6027397260274,995,995,1126,571608.2368447228,1788.833134139676,69441,39,0.17885869058458295,0.8552585179427388,0.14169672499343927,0.15718409927590893,0.11795032586352855,0.38363579279639454,0.9658040201005025,0.13103663475922714,789890.0232635803,0,False,False,True,"{""0"":null,""1"":null,""2"":null,""3"":null}",995.0,944103.0,995.0,671383.0,995.0,671383.0,847.57487001759,571608.2368447228,847.57487001759,0.0,0.0,1788.8331341396552,882421.3532635825,0.17885869058458326,21.371580282703853,4.0,2708.0,0.0,0.0,89.4999999986976,60278.29999940333,0.0,1723.0500000003144,49.75000000289583,33569.14999971004,0.0,0.0,0.0,0.0,0.0,0.0,9.949999999999818,6713.830000000007,497.5,335691.5,0.0,126.0,507.45000000001164,342405.3300000005,0.0,0.0,1788.8331341396552,882421.3532635825
952,2022-08-10,2022,True,102.6054794520548,995,995,1126,572455.8117147404,1704.6905971359872,69538,56,0.0,0.8300852765902319,0.17528302569677356,0.15716221471140684,0.11804225913836972,0.38363579279639454,0.9654623115577889,0.1562585240814537,791087.2638607164,0,False,False,True,"{""0"":null,""1"":null,""2"":null,""3"":null}",995.0,945098.0,995.0,672378.0,995.0,672378.0,847.57487001759,572455.8117147404,847.57487001759,0.0,0.0,1704.6905971360393,884126.0438607185,0.0,21.371580282703853,4.0,2712.0,0.0,0.0,89.4999999986976,60367.79999940203,0.0,1723.0500000003144,49.75000000289583,33618.899999712936,0.0,0.0,0.0,0.0,0.0,0.0,9.949999999999818,6723.780000000007,497.5,336189.0,0.0,126.0,507.45000000001164,342912.7800000005,0.0,0.0,1704.6905971360393,884126.0438607185
953,2022-08-11,2022,True,102.6082191780822,995,995,1126,573303.386584758,1607.184077337293,69663,54,0.0,0.831113486202876,0.16559672333202458,0.1571219692892558,0.11809146371869297,0.38363579279639454,0.9653969849246231,0.17959346091294953,792186.9979380537,0,False,False,True,"{""0"":null,""1"":null,""2"":null,""3"":null}",995.0,946093.0,995.0,673373.0,995.0,673373.0,847.57487001759,573303.386584758,847.57487001759,0.0,0.0,1607.1840773372678,885733.2279380558,0.0,21.371580282703853,4.0,2716.0,0.0,0.0,89.4999999986976,60457.299999400726,2.550000000001546,1725.600000000316,49.75000000289583,33668.64999971583,0.0,0.0,0.0,0.0,0.0,0.0,9.949999999999818,6733.730000000007,497.5,336686.5,0.0,126.0,507.45000000001164,343420.2300000005,0.0,0.0,1607.1840773372678,885733.2279380558
954,2022-08-12,2022,True,102.6109589041096,995,995,1126,574150.9614547755,1534.1429865087455,69776,44,0.0,0.8180974543334629,0.18301372872038152,0.15714196435537098,0.11821705889027405,0.38363579279639454,0.9655477386934673,0.201059915436039,793213.6909245625,0,False,False,True,"{""0"":null,""1"":null,""2"":null,""3"":null}",995.0,947088.0,995.0,674368.0,995.0,674368.0,847.57487001759,574150.9614547755,847.57487001759,0.0,0.0,1534.1429865087848,887267.3709245645,0.0,21.371580282703853,4.0,2720.0,0.0,0.0,89.4999999986976,60546.79999939942,3.300000000002001,1728.900000000318,49.75000000289583,33718.39999971873,0.0,0.0,0.0,0.0,0.0,0.0,9.949999999999818,6743.680000000007,497.5,337184.0,0.0,126.0,507.45000000001164,343927.6800000005,0.0,0.0,1534.1429865087848,887267.3709245645
955,2022-08-13,2022,False,102.61369863013698,995,0,1126,574150.9614547755,0.0,68900,44,0.0,,,0.15714338661007882,0.11825844715983672,0.38363579279639454,0.966356783919598,0.12439477919798958,793213.6909245625,0,False,False,True,"{""0"":null,""1"":null,""2"":null,""3"":null}",995.0,948083.0,0.0,674368.0,0.0,674368.0,0.0,574150.9614547755,0.0,0.0,0.0,0.0,887267.3709245645,0.0,21.371580282703853,0.0,2720.0,0.0,0.0,0.0,60546.79999939942,0.0,1728.900000000318,0.0,33718.39999971873,0.0,0.0,0.0,0.0,0.0,0.0,0.0,6743.680000000007,0.0,337184.0,0.0,126.0,0.0,343927.6800000005,0.0,0.0,0.0,887267.3709245645
956,2022-08-14,2022,False,102.61643835616438,995,0,1126,574150.9614547755,0.0,68900,44,0.0,,,0.1571433866100788,0.1182584471598367,0.38363579279639454,0.966356783919598,0.07459041789120739,793213.6909245625,0,False,False,True,"{""0"":null,""1"":null,""2"":null,""3"":null}",995.0,949078.0,0.0,674368.0,0.0,674368.0,0.0,574150.9614547755,0.0,0.0,0.0,0.0,887267.3709245645,0.0,21.371580282703853,0.0,2720.0,0.0,0.0,0.0,60546.79999939942,0.0,1728.900000000318,0.0,33718.39999971873,0.0,0.0,0.0,0.0,0.0,0.0,0.0,6743.680000000007,0.0,337184.0,0.0,126.0,0.0,343927.6800000005,0.0,0.0,0.0,887267.3709245645
957,2022-08-15,2022,True,102.61917808219178,995,995,1126,574998.5363247931,1905.380144136769,69901,16,0.077644022700904,0.8392103575592693,0.15811291177993037,0.15714338661007882,0.11825844715983672,0.38363579279639454,0.9657587939698492,0.1037578875925379,794611.6210686993,0,False,False,True,"{""0"":null,""1"":null,""2"":null,""3"":null}",995.0,950073.0,995.0,675363.0,995.0,675363.0,847.57487001759,574998.5363247931,847.57487001759,0.0,0.0,1905.380144136725,889172.7510687013,0.07764402270090542,21.44922430540476,4.0,2724.0,0.0,0.0,89.4999999986976,60636.29999939812,6.600000000004002,1735.500000000322,49.75000000289583,33768.14999972162,0.0,0.0,0.0,0.0,0.0,0.0,9.949999999999818,6753.6300000000065,497.5,337681.5,0.0,126.0,507.45000000001164,344435.1300000005,0.0,0.0,1905.380144136725,889172.7510687013
958,2022-08-16,2022,True,102.62191780821918,995,995,1126,575846.1111948107,1758.319574502973,69941,35,0.0,0.874351373234875,0.11998488544978109,0.15709372915254938,0.11831533396771773,0.38363579279639454,0.9657889447236181,0.13096020991622737,795862.4906432023,0,False,False,True,"{""0"":null,""1"":null,""2"":null,""3"":null}",995.0,951068.0,995.0,676358.0,995.0,676358.0,847.57487001759,575846.1111948107,847.57487001759,0.0,0.0,1758.3195745029952,890931.0706432043,0.0,21.44922430540476,4.0,2728.0,0.0,0.0,89.4999999986976,60725.79999939682,0.0,1735.500000000322,49.75000000289583,33817.89999972452,0.0,0.0,0.0,0.0,0.0,0.0,9.949999999999818,6763.580000000006,497.5,338179.0,0.0,126.0,507.45000000001164,344942.58000000054,0.0,0.0,1758.3195745029952,890931.0706432043
959,2022-08-17,2022,True,102.62465753424658,995,995,1126,576693.6860648283,1680.2680765777993,70053,45,0.0,0.8451577924601632,0.1494889652110265,0.1571792538380154,0.1184292162169391,0.38363579279639454,0.9657638190954774,0.15616474722139603,797035.3087197802,0,False,False,True,"{""0"":null,""1"":null,""2"":null,""3"":null}",995.0,952063.0,995.0,677353.0,995.0,677353.0,847.57487001759,576693.6860648283,847.57487001759,0.0,0.0,1680.268076577806,892611.3387197821,0.0,21.44922430540476,4.0,2732.0,0.0,0.0,89.4999999986976,60815.299999395516,0.0,1735.500000000322,49.75000000289583,33867.649999727415,0.0,0.0,0.0,0.0,0.0,0.0,9.949999999999818,6773.530000000006,497.5,338676.5,0.0,126.0,507.45000000001164,345450.03000000055,0.0,0.0,1680.268076577806,892611.3387197821
960,2022-08-18,2022,True,102.62739726027397,994,994,1126,577540.3413790963,1628.9084552022173,70157,40,0.4540897270090788,0.8209045860862806,0.17733244401325898,0.1575530333214421,0.11901820217156922,0.3838295178566037,0.965658953722334,0.17939415759957197,798157.2771749825,0,False,False,True,"{""0"":null,""1"":null,""2"":null,""3"":null}",994.0,953057.0,994.0,678347.0,994.0,678347.0,846.6553142679622,577540.3413790963,846.6553142679622,0.0,0.0,1628.9084552022396,894240.2471749843,0.45408972700908024,21.90331403241384,4.0,2736.0,0.0,0.0,89.39999999869906,60904.699999394215,2.400000000001455,1737.9000000003234,49.70000000289292,33917.34999973031,0.0,0.0,0.0,0.0,0.0,0.0,9.9399999999996,6783.470000000006,497.0,339173.5,0.0,126.0,506.9400000000023,345956.97000000055,0.0,0.0,1628.9084552022396,894240.2471749843
961,2022-08-19,2022,True,102.63013698630137,994,994,1126,578386.9966933642,1559.0768130456943,70270,36,0.0,0.8189006024096386,0.17839240959541713,0.15756185224888125,0.11908853185518053,0.3838295178566037,0.9655482897384305,0.20085117729835605,799209.4139880282,0,False,False,True,"{""0"":null,""1"":null,""2"":null,""3"":null}",994.0,954051.0,994.0,679341.0,994.0,679341.0,846.6553142679622,578386.9966933642,846.6553142679622,0.0,0.0,1559.0768130456563,895799.32398803,0.0,21.90331403241384,4.0,2740.0,0.0,0.0,89.39999999869906,60994.099999392914,2.850000000001728,1740.7500000003251,49.70000000289292,33967.0499997332,0.0,0.0,0.0,0.0,0.0,0.0,9.9399999999996,6793.410000000005,497.0,339670.5,0.0,126.0,506.9400000000023,346463.91000000056,0.0,0.0,1559.0768130456563,895799.32398803
962,2022-08-20,2022,False,102.63287671232877,994,0,1126,578386.9966933642,0.0,69400,36,0.0,,,0.15754684352969323,0.11913739100911314,0.3838295178566037,0.9662525150905433,0.1242030110841991,799209.4139880282,0,False,False,True,"{""0"":null,""1"":null,""2"":null,""3"":null}",994.0,955045.0,0.0,679341.0,0.0,679341.0,0.0,578386.9966933642,0.0,0.0,0.0,0.0,895799.32398803,0.0,21.90331403241384,0.0,2740.0,0.0,0.0,0.0,60994.099999392914,0.0,1740.7500000003251,0.0,33967.0499997332,0.0,0.0,0.0,0.0,0.0,0.0,0.0,6793.410000000005,0.0,339670.5,0.0,126.0,0.0,346463.91000000056,0.0,0.0,0.0,895799.32398803
963,2022-08-21,2022,False,102.63561643835617,993,0,1126,578386.9966933642,0.0,69400,36,0.0,,,0.1573248016129119,0.11880781605782528,0.3835814255949685,0.9662185297079557,0.07445544880826493,799209.4139880282,0,False,False,True,"{""0"":null,""1"":null,""2"":null,""3"":null}",993.0,956038.0,0.0,679341.0,0.0,679341.0,0.0,578386.9966933642,0.0,0.0,0.0,0.0,895799.32398803,0.0,21.90331403241384,0.0,2740.0,0.0,0.0,0.0,60994.099999392914,0.0,1740.7500000003251,0.0,33967.0499997332,0.0,0.0,0.0,0.0,0.0,0.0,0.0,6793.410000000005,0.0,339670.5,0.0,126.0,0.0,346463.91000000056,0.0,0.0,0.0,895799.32398803
964,2022-08-22,2022,True,102.63835616438357,993,993,1126,579232.7626714207,1833.238068718844,70381,11,0.27246810373908603,0.8418593729757741,0.1432469422403936,0.1573248016129119,0.11880781605782531,0.3835814255949685,0.965568982880161,0.10356740599146443,800536.222056747,0,False,False,True,"{""0"":null,""1"":null,""2"":null,""3"":null}",993.0,957031.0,993.0,680334.0,993.0,680334.0,845.7659780564718,579232.7626714207,845.7659780564718,0.0,0.0,1833.2380687188124,897632.5620567488,0.2724681037390866,22.175782136152925,4.0,2744.0,0.0,0.0,89.29999999870051,61083.399999391615,5.400000000003274,1746.1500000003284,49.65000000289001,34016.69999973609,0.0,0.0,0.0,0.0,0.0,0.0,9.930000000000291,6803.340000000006,496.5,340167.0,0.0,126.0,506.429999999993,346970.34000000055,0.0,0.0,1833.2380687188124,897632.5620567488
965,2022-08-23,2022,True,102.64109589041095,993,993,1126,580078.5286494772,1790.3088354701565,70451,29,0.0,0.8318313576888198,0.15802236004758438,0.15729265111654964,0.11887498391663191,0.3835814255949685,0.9658308157099699,0.13075200336854173,801820.100892217,0,False,False,True,"{""0"":null,""1"":null,""2"":null,""3"":null}",993.0,958024.0,993.0,681327.0,993.0,681327.0,845.7659780564718,580078.5286494772,845.7659780564718,0.0,0.0,1790.3088354701176,899422.8708922189,0.0,22.175782136152925,4.0,2748.0,0.0,0.0,89.29999999870051,61172.699999390315,0.0,1746.1500000003284,49.65000000289001,34066.34999973898,0.0,0.0,0.0,0.0,0.0,0.0,9.930000000000291,6813.270000000006,496.5,340663.5,0.0,126.0,506.429999999993,347476.77000000054,0.0,0.0,1790.3088354701176,899422.8708922189
966,2022-08-24,2022,True,102.64383561643835,993,993,1126,580924.2946275336,1682.7489948911011,70548,48,0.0,0.8438957442673921,0.14593222688056545,0.15732268617274875,0.11892353134906808,0.3835814255949685,0.9658257804632426,0.15591443423735518,802996.419887108,0,False,False,True,"{""0"":null,""1"":null,""2"":null,""3"":null}",993.0,959017.0,993.0,682320.0,993.0,682320.0,845.7659780564718,580924.2946275336,845.7659780564718,0.0,0.0,1682.748994891066,901105.61988711,0.0,22.175782136152925,4.0,2752.0,0.0,0.0,89.29999999870051,61261.999999389016,0.0,1746.1500000003284,49.65000000289001,34115.99999974187,0.0,0.0,0.0,0.0,0.0,0.0,9.930000000000291,6823.200000000006,496.5,341160.0,0.0,126.0,506.429999999993,347983.20000000054,0.0,0.0,1682.748994891066,901105.61988711
967,2022-08-25,2022,True,102.64657534246575,993,993,1126,581770.0606055901,1615.1807750982023,70659,50,0.0,0.8076944876279311,0.19456302045436172,0.1572929066505575,0.11904393820447126,0.3835814255949685,0.9657804632426988,0.1791927027768313,804105.1706622061,0,False,False,True,"{""0"":null,""1"":null,""2"":null,""3"":null}",993.0,960010.0,993.0,683313.0,993.0,683313.0,845.7659780564718,581770.0606055901,845.7659780564718,0.0,0.0,1615.1807750981534,902720.8006622081,0.0,22.175782136152925,4.0,2756.0,0.0,0.0,89.29999999870051,61351.29999938772,1.6500000000010004,1747.8000000003294,49.65000000289001,34165.64999974476,0.0,0.0,0.0,0.0,0.0,0.0,9.930000000000291,6833.1300000000065,496.5,341656.5,0.0,126.0,506.429999999993,348489.6300000005,0.0,0.0,1615.1807750981534,902720.8006622081
968,2022-08-26,2022,True,102.64931506849315,993,993,1126,582615.8265836466,1555.9181664935584,70763,49,0.0,0.8197345834952714,0.18999919152720512,0.1572999813870461,0.11910441429335575,0.3835814255949685,0.9659516616314199,0.20070345514085586,805154.6588286996,0,False,False,True,"{""0"":null,""1"":null,""2"":null,""3"":null}",993.0,961003.0,993.0,684306.0,993.0,684306.0,845.7659780564718,582615.8265836466,845.7659780564718,0.0,0.0,1555.9181664935313,904276.7188287016,0.0,22.175782136152925,4.0,2760.0,0.0,0.0,89.29999999870051,61440.59999938642,2.700000000001637,1750.500000000331,49.65000000289001,34215.29999974765,0.0,0.0,0.0,0.0,0.0,0.0,9.930000000000291,6843.060000000007,496.5,342153.0,0.0,126.0,506.429999999993,348996.0600000005,0.0,0.0,1555.9181664935313,904276.7188287016
969,2022-08-27,2022,False,102.65205479452055,993,0,1126,582615.8265836466,0.0,69900,49,0.0,,,0.1572667193219569,0.11915350166178237,0.3835814255949685,0.9666918429003021,0.12404123769766374,805154.6588286996,0,False,False,True,"{""0"":null,""1"":null,""2"":null,""3"":null}",993.0,961996.0,0.0,684306.0,0.0,684306.0,0.0,582615.8265836466,0.0,0.0,0.0,0.0,904276.7188287016,0.0,22.175782136152925,0.0,2760.0,0.0,0.0,0.0,61440.59999938642,0.0,1750.500000000331,0.0,34215.29999974765,0.0,0.0,0.0,0.0,0.0,0.0,0.0,6843.060000000007,0.0,342153.0,0.0,126.0,0.0,348996.0600000005,0.0,0.0,0.0,904276.7188287016
970,2022-08-28,2022,False,102.65479452054794,993,0,1126,582615.8265836466,0.0,69900,49,0.0,,,0.1572667193219569,0.11915350166178235,0.3835814255949685,0.9666918429003021,0.07415899488194119,805154.6588286996,0,False,False,True,"{""0"":null,""1"":null,""2"":null,""3"":null}",993.0,962989.0,0.0,684306.0,0.0,684306.0,0.0,582615.8265836466,0.0,0.0,0.0,0.0,904276.7188287016,0.0,22.175782136152925,0.0,2760.0,0.0,0.0,0.0,61440.59999938642,0.0,1750.500000000331,0.0,34215.29999974765,0.0,0.0,0.0,0.0,0.0,0.0,0.0,6843.060000000007,0.0,342153.0,0.0,126.0,0.0,348996.0600000005,0.0,0.0,0.0,904276.7188287016
971,2022-08-29,2022,True,102.65753424657534,994,994,1127,583462.384502802,1880.2966704813728,70894,15,0.0,0.8571382303407178,0.12681733134680018,0.157373553226996,0.1186764595335994,0.3838295178566037,0.9657042253521126,0.10328199092374729,806527.015499181,0,False,False,True,"{""0"":null,""1"":null,""2"":null,""3"":null}",994.0,963983.0,994.0,685300.0,994.0,685300.0,846.5579191554571,583462.384502802,846.5579191554571,0.0,0.0,1880.2966704813298,906157.015499183,0.0,22.175782136152925,4.0,2764.0,0.0,0.0,89.39999999869906,61529.999999385116,7.3500000000044565,1757.8500000003355,49.70000000289292,34264.999999750544,0.0,0.0,0.0,0.0,0.0,0.0,9.9399999999996,6853.000000000006,497.0,342650.0,1.0,127.0,506.9400000000023,349503.0000000005,0.0,0.0,1880.2966704813298,906157.015499183
972,2022-08-30,2022,True,102.66027397260274,995,995,1128,584309.6779778411,1835.766560960531,70953,33,0.0,0.8502761044176707,0.1479892126629939,0.15749049670869417,0.11826722902793488,0.3840776101182388,0.9658140703517588,0.13036037078329588,807854.3320601416,0,False,False,True,"{""0"":null,""1"":null,""2"":null,""3"":null}",995.0,964978.0,995.0,686295.0,995.0,686295.0,847.2934750390705,584309.6779778411,847.2934750390705,0.0,0.0,1835.766560960561,907992.7820601435,0.0,22.175782136152925,4.0,2768.0,0.0,0.0,89.4999999986976,61619.499999383814,0.0,1757.8500000003355,49.75000000289583,34314.74999975344,0.0,0.0,0.0,0.0,0.0,0.0,9.949999999999818,6862.950000000006,497.5,343147.5,1.0,128.0,507.45000000001164,350010.45000000054,0.0,0.0,1835.766560960561,907992.7820601435
973,2022-08-31,2022,True,102.66301369863014,995,995,1128,585156.9714528802,1698.6067937505845,71044,52,0.0,0.8321673791941961,0.16438706212535947,0.15754941837254677,0.1183787860908302,0.3840776101182388,0.9656934673366834,0.15553757756848327,809045.4888538922,0,False,False,True,"{""0"":null,""1"":null,""2"":null,""3"":null}",995.0,965973.0,995.0,687290.0,995.0,687290.0,847.2934750390705,585156.9714528802,847.2934750390705,0.0,0.0,1698.6067937505431,909691.3888538941,0.0,22.175782136152925,4.0,2772.0,0.0,0.0,89.4999999986976,61708.99999938251,0.0,1757.8500000003355,49.75000000289583,34364.499999756335,0.0,0.0,0.0,0.0,0.0,0.0,9.949999999999818,6872.900000000006,497.5,343645.0,0.0,128.0,507.45000000001164,350517.90000000055,0.0,0.0,1698.6067937505431,909691.3888538941
974,2022-09-01,2022,True,102.66575342465754,995,995,1128,586004.2649279193,1607.7845687364609,71169,56,0.0,0.8241231053245239,0.16867976392594392,0.15753025088825373,0.11844417239548087,0.3840776101182388,0.9657336683417085,0.1788817952012699,810145.8234226287,0,False,False,True,"{""0"":null,""1"":null,""2"":null,""3"":null}",995.0,966968.0,995.0,688285.0,995.0,688285.0,847.2934750390705,586004.2649279193,847.2934750390705,0.0,0.0,1607.784568736446,911299.1734226305,0.0,22.175782136152925,4.0,2776.0,0.0,0.0,89.4999999986976,61798.49999938121,2.2500000000013642,1760.1000000003369,49.75000000289583,34414.24999975923,0.0,0.0,0.0,0.0,0.0,0.0,9.949999999999818,6882.850000000006,497.5,344142.5,0.0,128.0,507.45000000001164,351025.35000000056,0.0,0.0,1607.784568736446,911299.1734226305
975,2022-09-02,2022,True,102.66849315068494,995,995,1128,586851.5584029583,1549.1218298052243,71259,59,0.0,0.8341916051301982,0.16169715764064538,0.1575393508069564,0.11856281561154335,0.3840776101182388,0.9655628140703518,0.2003781449613051,811187.4952524339,0,False,False,True,"{""0"":null,""1"":null,""2"":null,""3"":null}",995.0,967963.0,995.0,689280.0,995.0,689280.0,847.2934750390705,586851.5584029583,847.2934750390705,0.0,0.0,1549.1218298051972,912848.2952524357,0.0,22.175782136152925,4.0,2780.0,0.0,0.0,89.4999999986976,61887.99999937991,2.700000000001637,1762.8000000003385,49.75000000289583,34463.99999976213,0.0,0.0,0.0,0.0,0.0,0.0,9.949999999999818,6892.800000000006,497.5,344640.0,0.0,128.0,507.45000000001164,351532.80000000057,0.0,0.0,1549.1218298051972,912848.2952524357
976,2022-09-03,2022,False,102.67123287671232,995,0,1128,586851.5584029583,0.0,70400,59,0.0,,,0.15753311010792553,0.11862754176166876,0.3840776101182388,0.9663266331658291,0.12374861209449269,811187.4952524339,0,False,False,True,"{""0"":null,""1"":null,""2"":null,""3"":null}",995.0,968958.0,0.0,689280.0,0.0,689280.0,0.0,586851.5584029583,0.0,0.0,0.0,0.0,912848.2952524357,0.0,22.175782136152925,0.0,2780.0,0.0,0.0,0.0,61887.99999937991,0.0,1762.8000000003385,0.0,34463.99999976213,0.0,0.0,0.0,0.0,0.0,0.0,0.0,6892.800000000006,0.0,344640.0,0.0,128.0,0.0,351532.80000000057,0.0,0.0,0.0,912848.2952524357
977,2022-09-04,2022,False,102.67397260273972,995,0,1128,586851.5584029583,0.0,70400,59,0.0,,,0.1575331101079255,0.11862754176166876,0.3840776101182388,0.9663266331658291,0.07395767194812863,811187.4952524339,0,False,False,True,"{""0"":null,""1"":null,""2"":null,""3"":null}",995.0,969953.0,0.0,689280.0,0.0,689280.0,0.0,586851.5584029583,0.0,0.0,0.0,0.0,912848.2952524357,0.0,22.175782136152925,0.0,2780.0,0.0,0.0,0.0,61887.99999937991,0.0,1762.8000000003385,0.0,34463.99999976213,0.0,0.0,0.0,0.0,0.0,0.0,0.0,6892.800000000006,0.0,344640.0,0.0,128.0,0.0,351532.80000000057,0.0,0.0,0.0,912848.2952524357
978,2022-09-05,2022,True,102.67671232876712,995,995,1128,587698.8518779974,1926.8614538239995,71404,17,0.0,0.8542678779634667,0.1326854001362854,0.15753311010792553,0.11862754176166876,0.3840776101182388,0.9653668341708542,0.10304650935718383,812606.906706258,0,False,False,True,"{""0"":null,""1"":null,""2"":null,""3"":null}",995.0,970948.0,995.0,690275.0,995.0,690275.0,847.2934750390705,587698.8518779974,847.2934750390705,0.0,0.0,1926.861453823978,914775.1567062597,0.0,22.175782136152925,4.0,2784.0,0.0,0.0,89.4999999986976,61977.499999378604,8.850000000005366,1771.6500000003439,49.75000000289583,34513.74999976502,0.0,0.0,0.0,0.0,0.0,0.0,9.949999999999818,6902.7500000000055,497.5,345137.5,0.0,128.0,507.45000000001164,352040.2500000006,0.0,0.0,1926.861453823978,914775.1567062597
979,2022-09-06,2022,True,102.67945205479452,995,995,1128,588546.1453530365,1820.9244363716828,71449,32,0.0,0.8412278144837414,0.16545742235773767,0.1575163302144419,0.11870775089911614,0.3840776101182388,0.9658643216080401,0.1301791572579068,813920.3811426297,0,False,False,True,"{""0"":null,""1"":null,""2"":null,""3"":null}",995.0,971943.0,995.0,691270.0,995.0,691270.0,847.2934750390705,588546.1453530365,847.2934750390705,0.0,0.0,1820.924436371657,916596.0811426314,0.0,22.175782136152925,4.0,2788.0,0.0,0.0,89.4999999986976,62066.9999993773,0.0,1771.6500000003439,49.75000000289583,34563.49999976792,0.0,0.0,0.0,0.0,0.0,0.0,9.949999999999818,6912.700000000005,497.5,345635.0,0.0,128.0,507.45000000001164,352547.7000000006,0.0,0.0,1820.924436371657,916596.0811426314
980,2022-09-07,2022,True,102.68219178082192,995,995,1128,589393.4388280755,1686.7198611579704,71554,48,0.0,0.8211312993911128,0.17996200177864016,0.15755696469008135,0.11884205653726865,0.3840776101182388,0.966035175879397,0.1553458565132205,815099.6510037876,0,False,False,True,"{""0"":null,""1"":null,""2"":null,""3"":null}",995.0,972938.0,995.0,692265.0,995.0,692265.0,847.2934750390705,589393.4388280755,847.2934750390705,0.0,0.0,1686.719861157937,918282.8010037893,0.0,22.175782136152925,4.0,2792.0,0.0,0.0,89.4999999986976,62156.499999376,0.0,1771.6500000003439,49.75000000289583,34613.249999770815,0.0,0.0,0.0,0.0,0.0,0.0,9.949999999999818,6922.650000000005,497.5,346132.5,0.0,128.0,507.45000000001164,353055.1500000006,0.0,0.0,1686.719861157937,918282.8010037893
981,2022-09-08,2022,True,102.68493150684931,995,995,1128,590240.7323031146,1646.0203872375907,71664,43,0.12631706854003688,0.8451952973183054,0.1528461129782983,0.15752377469444445,0.11891241717405052,0.3840776101182388,0.9658291457286432,0.17867424008588959,816238.2213910252,0,False,False,True,"{""0"":null,""1"":null,""2"":null,""3"":null}",995.0,973933.0,995.0,693260.0,995.0,693260.0,847.2934750390705,590240.7323031146,847.2934750390705,0.0,0.0,1646.0203872375423,919928.8213910268,0.1263170685400361,22.30209920469296,4.0,2796.0,0.0,0.0,89.4999999986976,62245.9999993747,2.550000000001546,1774.2000000003454,49.75000000289583,34662.99999977371,0.0,0.0,0.0,0.0,0.0,0.0,9.949999999999818,6932.600000000005,497.5,346630.0,0.0,128.0,507.45000000001164,353562.6000000006,0.0,0.0,1646.0203872375423,919928.8213910268
982,2022-09-09,2022,True,102.68767123287671,995,995,1128,591088.0257781537,1564.1174043304768,71758,45,0.0,0.8030023319082783,0.19206021967360798,0.15751650907459375,0.11900555478268163,0.3840776101182388,0.9657336683417085,0.20017652804938688,817294.8887953558,0,False,False,True,"{""0"":null,""1"":null,""2"":null,""3"":null}",995.0,974928.0,995.0,694255.0,995.0,694255.0,847.2934750390705,591088.0257781537,847.2934750390705,0.0,0.0,1564.1174043305218,921492.9387953574,0.0,22.30209920469296,4.0,2800.0,0.0,0.0,89.4999999986976,62335.499999373395,2.2500000000013642,1776.4500000003468,49.75000000289583,34712.749999776606,0.0,0.0,0.0,0.0,0.0,0.0,9.949999999999818,6942.550000000005,497.5,347127.5,0.0,128.0,507.45000000001164,354070.0500000006,0.0,0.0,1564.1174043305218,921492.9387953574
983,2022-09-10,2022,False,102.69041095890411,994,0,1128,591088.0257781537,0.0,70900,45,0.0,,,0.15746516102688457,0.11942934641300713,0.3838295178566037,0.9675100603621731,0.12372259258059504,817294.8887953558,0,False,False,True,"{""0"":null,""1"":null,""2"":null,""3"":null}",994.0,975922.0,0.0,694255.0,0.0,694255.0,0.0,591088.0257781537,0.0,0.0,0.0,0.0,921492.9387953574,0.0,22.30209920469296,0.0,2800.0,0.0,0.0,0.0,62335.499999373395,0.0,1776.4500000003468,0.0,34712.749999776606,0.0,0.0,0.0,0.0,0.0,0.0,0.0,6942.550000000005,0.0,347127.5,0.0,128.0,0.0,354070.0500000006,0.0,0.0,0.0,921492.9387953574
984,2022-09-11,2022,False,102.69315068493151,994,0,1128,591088.0257781537,0.0,70900,45,0.0,,,0.15746516102688457,0.11942934641300713,0.3838295178566037,0.9675100603621731,0.07386076013583107,817294.8887953558,0,False,False,True,"{""0"":null,""1"":null,""2"":null,""3"":null}",994.0,976916.0,0.0,694255.0,0.0,694255.0,0.0,591088.0257781537,0.0,0.0,0.0,0.0,921492.9387953574,0.0,22.30209920469296,0.0,2800.0,0.0,0.0,0.0,62335.499999373395,0.0,1776.4500000003468,0.0,34712.749999776606,0.0,0.0,0.0,0.0,0.0,0.0,0.0,6942.550000000005,0.0,347127.5,0.0,128.0,0.0,354070.0500000006,0.0,0.0,0.0,921492.9387953574
985,2022-09-12,2022,True,102.69589041095891,994,994,1128,591934.6050677301,1863.7578671734882,71888,22,0.0,0.8561301658245887,0.13836434403982306,0.15746516102688457,0.11942934641300713,0.3838295178566037,0.9665995975855131,0.10301310777148154,818651.7066625294,0,False,False,True,"{""0"":null,""1"":null,""2"":null,""3"":null}",994.0,977910.0,994.0,695249.0,994.0,695249.0,846.579289576388,591934.6050677301,846.579289576388,0.0,0.0,1863.7578671735246,923356.6966625309,0.0,22.30209920469296,4.0,2804.0,0.0,0.0,89.39999999869906,62424.89999937209,6.750000000004093,1783.2000000003509,49.70000000289292,34762.4499997795,0.0,0.0,0.0,0.0,0.0,0.0,9.9399999999996,6952.490000000004,497.0,347624.5,0.0,128.0,506.9400000000023,354576.99000000063,0.0,0.0,1863.7578671735246,923356.6966625309
986,2022-09-13,2022,True,102.6986301369863,994,994,1128,592781.1843573065,1825.6320143234955,71937,49,0.0,0.8208964891825365,0.17759808507443725,0.15746779127693694,0.11949901308773692,0.3838295178566037,0.9665744466800804,0.130166921928434,819970.3986768529,0,False,False,True,"{""0"":null,""1"":null,""2"":null,""3"":null}",994.0,978904.0,994.0,696243.0,994.0,696243.0,846.579289576388,592781.1843573065,846.579289576388,0.0,0.0,1825.6320143234916,925182.3286768544,0.0,22.30209920469296,4.0,2808.0,0.0,0.0,89.39999999869906,62514.29999937079,0.0,1783.2000000003509,49.70000000289292,34812.14999978239,0.0,0.0,0.0,0.0,0.0,0.0,9.9399999999996,6962.430000000004,497.0,348121.5,0.0,128.0,506.9400000000023,355083.93000000063,0.0,0.0,1825.6320143234916,925182.3286768544
987,2022-09-14,2022,True,102.7013698630137,994,994,1128,593627.7636468828,1722.6057339592508,72036,74,0.0010893053684952116,0.8289448115040808,0.18134968758301284,0.15749217557298156,0.11953732695621586,0.3838295178566037,0.9663229376257545,0.15541224772778195,821186.0644108122,0,False,False,True,"{""0"":null,""1"":null,""2"":null,""3"":null}",994.0,979898.0,994.0,697237.0,994.0,697237.0,846.579289576388,593627.7636468828,846.579289576388,0.0,0.0,1722.605733959237,926904.9344108136,0.0010893053684952747,22.303188510061457,4.0,2812.0,0.0,0.0,89.39999999869906,62603.69999936949,0.0,1783.2000000003509,49.70000000289292,34861.849999785285,0.0,0.0,0.0,0.0,0.0,0.0,9.9399999999996,6972.3700000000035,497.0,348618.5,0.0,128.0,506.9400000000023,355590.87000000064,0.0,0.0,1722.605733959237,926904.9344108136
988,2022-09-15,2022,True,102.7041095890411,994,994,1128,594474.3429364592,1595.4220425885972,72162,75,0.0,0.7997514250550589,0.19830249587101392,0.15748605156184028,0.1196160711866012,0.3838295178566037,0.9662927565392354,0.1787140158808172,822274.5464534009,0,False,False,True,"{""0"":null,""1"":null,""2"":null,""3"":null}",994.0,980892.0,994.0,698231.0,994.0,698231.0,846.579289576388,594474.3429364592,846.579289576388,0.0,0.0,1595.422042588587,928500.3564534022,0.0,22.303188510061457,4.0,2816.0,0.0,0.0,89.39999999869906,62693.09999936819,3.300000000002001,1786.5000000003529,49.70000000289292,34911.54999978818,0.0,0.0,0.0,0.0,0.0,0.0,9.9399999999996,6982.310000000003,497.0,349115.5,0.0,128.0,506.9400000000023,356097.81000000064,0.0,0.0,1595.422042588587,928500.3564534022
989,2022-09-16,2022,True,102.7068493150685,993,993,1128,595319.9754016069,1568.6487791037043,72259,66,0.0,0.8005879138861833,0.2094172311633167,0.1575162512242967,0.11980667463918489,0.38389534758192645,0.9663041289023162,0.20017401728036727,823336.7652325045,0,False,False,True,"{""0"":null,""1"":null,""2"":null,""3"":null}",993.0,981885.0,993.0,699224.0,993.0,699224.0,845.6324651476461,595319.9754016069,845.6324651476461,0.0,0.0,1568.6487791036488,930069.0052325058,0.0,22.303188510061457,4.0,2820.0,0.0,0.0,89.29999999870051,62782.39999936689,4.050000000002456,1790.5500000003553,49.65000000289001,34961.19999979107,0.0,0.0,0.0,0.0,0.0,0.0,9.930000000000291,6992.240000000003,496.5,349612.0,0.0,128.0,506.429999999993,356604.24000000063,0.0,0.0,1568.6487791036488,930069.0052325058
990,2022-09-17,2022,False,102.7095890410959,993,0,1128,595319.9754016069,0.0,71400,66,0.0,,,0.15752064022395637,0.11988965560562106,0.38389534758192645,0.9672809667673716,0.12356721939396888,823336.7652325045,0,False,False,True,"{""0"":null,""1"":null,""2"":null,""3"":null}",993.0,982878.0,0.0,699224.0,0.0,699224.0,0.0,595319.9754016069,0.0,0.0,0.0,0.0,930069.0052325058,0.0,22.303188510061457,0.0,2820.0,0.0,0.0,0.0,62782.39999936689,0.0,1790.5500000003553,0.0,34961.19999979107,0.0,0.0,0.0,0.0,0.0,0.0,0.0,6992.240000000003,0.0,349612.0,0.0,128.0,0.0,356604.24000000063,0.0,0.0,0.0,930069.0052325058
991,2022-09-18,2022,False,102.71232876712328,993,0,1128,595319.9754016069,0.0,71400,66,0.0,,,0.15752064022395637,0.11988965560562105,0.38389534758192645,0.9672809667673716,0.07374607964431251,823336.7652325045,0,False,False,True,"{""0"":null,""1"":null,""2"":null,""3"":null}",993.0,983871.0,0.0,699224.0,0.0,699224.0,0.0,595319.9754016069,0.0,0.0,0.0,0.0,930069.0052325058,0.0,22.303188510061457,0.0,2820.0,0.0,0.0,0.0,62782.39999936689,0.0,1790.5500000003553,0.0,34961.19999979107,0.0,0.0,0.0,0.0,0.0,0.0,0.0,6992.240000000003,0.0,349612.0,0.0,128.0,0.0,356604.24000000063,0.0,0.0,0.0,930069.0052325058
992,2022-09-19,2022,True,102.71506849315068,993,993,1128,596165.6078667545,1947.5908873364517,72412,15,0.0,0.8610196466943916,0.1373163915566779,0.15752064022395637,0.11988965560562108,0.38389534758192645,0.966515609264854,0.10282190316541084,824777.9261198408,0,False,False,True,"{""0"":null,""1"":null,""2"":null,""3"":null}",993.0,984864.0,993.0,700217.0,993.0,700217.0,845.6324651476461,596165.6078667545,845.6324651476461,0.0,0.0,1947.5908873364097,932016.5961198423,0.0,22.303188510061457,4.0,2824.0,0.0,0.0,89.29999999870051,62871.69999936559,9.900000000006003,1800.4500000003613,49.65000000289001,35010.84999979396,0.0,0.0,0.0,0.0,0.0,0.0,9.930000000000291,7002.170000000004,496.5,350108.5,0.0,128.0,506.429999999993,357110.6700000006,0.0,0.0,1947.5908873364097,932016.5961198423
993,2022-09-20,2022,True,102.71780821917808,993,993,1128,597011.2403319022,1776.3106017922214,72439,37,0.0,0.8379193114366831,0.15959372413159514,0.1575629253395471,0.12000264954903522,0.38389534758192645,0.9667170191339376,0.12996788060440287,826047.806721633,0,False,False,True,"{""0"":null,""1"":null,""2"":null,""3"":null}",993.0,985857.0,993.0,701210.0,993.0,701210.0,845.6324651476461,597011.2403319022,845.6324651476461,0.0,0.0,1776.3106017921818,933792.9067216344,0.0,22.303188510061457,4.0,2828.0,0.0,0.0,89.29999999870051,62960.99999936429,0.0,1800.4500000003613,49.65000000289001,35060.49999979685,0.0,0.0,0.0,0.0,0.0,0.0,9.930000000000291,7012.100000000004,496.5,350605.0,0.0,128.0,506.429999999993,357617.1000000006,0.0,0.0,1776.3106017921818,933792.9067216344
994,2022-09-21,2022,True,102.72054794520548,993,993,1128,597856.8727970498,1724.334781075283,72556,53,0.0,0.8358907748009146,0.16473728467334256,0.1575360253506078,0.12004994700947338,0.38389534758192645,0.9667774420946627,0.15511174699713248,827265.7115027081,0,False,False,True,"{""0"":null,""1"":null,""2"":null,""3"":null}",993.0,986850.0,993.0,702203.0,993.0,702203.0,845.6324651476461,597856.8727970498,845.6324651476461,0.0,0.0,1724.3347810752457,935517.2415027097,0.0,22.303188510061457,4.0,2832.0,0.0,0.0,89.29999999870051,63050.29999936299,0.0,1800.4500000003613,49.65000000289001,35110.14999979974,0.0,0.0,0.0,0.0,0.0,0.0,9.930000000000291,7022.030000000004,496.5,351101.5,0.0,128.0,506.429999999993,358123.5300000006,0.0,0.0,1724.3347810752457,935517.2415027097
995,2022-09-22,2022,True,102.72328767123288,993,993,1128,598702.5052621975,1647.325208268501,72661,60,0.09681333104939745,0.8318384056009857,0.1590384496332848,0.1575429105822188,0.12012107405373573,0.38389534758192645,0.9669335347432024,0.178402333200857,828406.6067109766,0,False,False,True,"{""0"":null,""1"":null,""2"":null,""3"":null}",993.0,987843.0,993.0,703196.0,993.0,703196.0,845.6324651476461,598702.5052621975,845.6324651476461,0.0,0.0,1647.3252082684776,937164.5667109782,0.09681333104939682,22.400001841110853,4.0,2836.0,0.0,0.0,89.29999999870051,63139.59999936169,2.2500000000013642,1802.7000000003627,49.65000000289001,35159.79999980263,0.0,0.0,0.0,0.0,0.0,0.0,9.930000000000291,7031.960000000005,496.5,351598.0,0.0,128.0,506.429999999993,358629.9600000006,0.0,0.0,1647.3252082684776,937164.5667109782
996,2022-09-23,2022,True,102.72602739726027,993,993,1128,599548.1377273451,1546.1134220502747,72754,61,0.0,0.8016366923879401,0.1959416500857089,0.1575556777616542,0.12024710518646133,0.38389534758192645,0.9666414904330313,0.19986298574444683,829446.2901330268,0,False,False,True,"{""0"":null,""1"":null,""2"":null,""3"":null}",993.0,988836.0,993.0,704189.0,993.0,704189.0,845.6324651476461,599548.1377273451,845.6324651476461,0.0,0.0,1546.1134220502572,938710.6801330284,0.0,22.400001841110853,4.0,2840.0,0.0,0.0,89.29999999870051,63228.899999360394,3.300000000002001,1806.0000000003647,49.65000000289001,35209.44999980552,0.0,0.0,0.0,0.0,0.0,0.0,9.930000000000291,7041.890000000005,496.5,352094.5,0.0,128.0,506.429999999993,359136.3900000006,0.0,0.0,1546.1134220502572,938710.6801330284
997,2022-09-24,2022,False,102.72876712328767,993,0,1128,599548.1377273451,0.0,71900,61,0.0,,,0.15757514216348673,0.12031711649556233,0.38389534758192645,0.9676132930513596,0.12322213836693162,829446.2901330268,0,False,False,True,"{""0"":null,""1"":null,""2"":null,""3"":null}",993.0,989829.0,0.0,704189.0,0.0,704189.0,0.0,599548.1377273451,0.0,0.0,0.0,0.0,938710.6801330284,0.0,22.400001841110853,0.0,2840.0,0.0,0.0,0.0,63228.899999360394,0.0,1806.0000000003647,0.0,35209.44999980552,0.0,0.0,0.0,0.0,0.0,0.0,0.0,7041.890000000005,0.0,352094.5,0.0,128.0,0.0,359136.3900000006,0.0,0.0,0.0,938710.6801330284
998,2022-09-25,2022,False,102.73150684931507,993,0,1128,599548.1377273451,0.0,71900,61,0.0,,,0.15757514216348673,0.12031711649556233,0.38389534758192645,0.9676132930513596,0.0734200279211528,829446.2901330268,0,False,False,True,"{""0"":null,""1"":null,""2"":null,""3"":null}",993.0,990822.0,0.0,704189.0,0.0,704189.0,0.0,599548.1377273451,0.0,0.0,0.0,0.0,938710.6801330284,0.0,22.400001841110853,0.0,2840.0,0.0,0.0,0.0,63228.899999360394,0.0,1806.0000000003647,0.0,35209.44999980552,0.0,0.0,0.0,0.0,0.0,0.0,0.0,7041.890000000005,0.0,352094.5,0.0,128.0,0.0,359136.3900000006,0.0,0.0,0.0,938710.6801330284
999,2022-09-26,2022,True,102.73424657534247,994,994,1129,600394.5420304209,1900.13413595861,72916,11,0.0,0.8400132789221402,0.15557210999849855,0.15750246793386935,0.11948454825511334,0.3838295178566037,0.9666197183098592,0.10250720462915523,830838.4842689855,0,False,False,True,"{""0"":null,""1"":null,""2"":null,""3"":null}",994.0,991816.0,994.0,705183.0,994.0,705183.0,846.4043030757457,600394.5420304209,846.4043030757457,0.0,0.0,1900.1341359586222,940610.814268987,0.0,22.400001841110853,4.0,2844.0,0.0,0.0,89.39999999869906,63318.29999935909,9.150000000005548,1815.1500000003703,49.70000000289292,35259.14999980841,0.0,0.0,0.0,0.0,0.0,0.0,9.9399999999996,7051.8300000000045,497.0,352591.5,1.0,129.0,506.9400000000023,359643.3300000006,0.0,0.0,1900.1341359586222,940610.814268987
1000,2022-09-27,2022,True,102.73698630136987,994,994,1129,601240.9463334966,1800.3679523542048,72940,26,0.0,0.8431022477004794,0.14345743390734902,0.15749381193077577,0.1195679955868699,0.3838295178566037,0.9667404426559355,0.12962282012957232,832131.9122213398,0,False,False,True,"{""0"":null,""1"":null,""2"":null,""3"":null}",994.0,992810.0,994.0,706177.0,994.0,706177.0,846.4043030757457,601240.9463334966,846.4043030757457,0.0,0.0,1800.3679523542523,942411.1822213413,0.0,22.400001841110853,4.0,2848.0,0.0,0.0,89.39999999869906,63407.69999935779,0.0,1815.1500000003703,49.70000000289292,35308.849999811304,0.0,0.0,0.0,0.0,0.0,0.0,9.9399999999996,7061.770000000004,497.0,353088.5,0.0,129.0,506.9400000000023,360150.2700000006,0.0,0.0,1800.3679523542523,942411.1822213413
1001,2022-09-28,2022,True,102.73972602739725,993,993,1129,602086.5594974075,1684.6612363924787,73037,47,0.012991146435502877,0.8297868894934577,0.16044748969197187,0.15724725386784283,0.11920015718840556,0.3835814255949685,0.9664501510574017,0.15486876650577877,833310.1434577322,0,False,False,True,"{""0"":null,""1"":null,""2"":null,""3"":null}",993.0,993803.0,993.0,707170.0,993.0,707170.0,845.6131639109226,602086.5594974075,845.6131639109226,0.0,0.0,1684.6612363924505,944095.8434577337,0.012991146435503254,22.412992987546357,4.0,2852.0,0.0,0.0,89.29999999870051,63496.99999935649,0.0,1815.1500000003703,49.65000000289001,35358.499999814194,0.0,0.0,0.0,0.0,0.0,0.0,9.930000000000291,7071.700000000004,496.5,353585.0,0.0,129.0,506.429999999993,360656.7000000006,0.0,0.0,1684.6612363924505,944095.8434577337
1002,2022-09-29,2022,True,102.74246575342465,993,993,1129,602932.1726613184,1668.31206363272,73153,56,0.0,0.8187184220753984,0.1816681681161429,0.15719831496573328,0.11923808448232073,0.3835814255949685,0.9664098690835851,0.17815329406740257,834472.0255213649,0,False,False,True,"{""0"":null,""1"":null,""2"":null,""3"":null}",993.0,994796.0,993.0,708163.0,993.0,708163.0,845.6131639109226,602932.1726613184,845.6131639109226,0.0,0.0,1668.3120636327658,945764.1555213665,0.0,22.412992987546357,4.0,2856.0,0.0,0.0,89.29999999870051,63586.29999935519,1.6500000000010004,1816.8000000003713,49.65000000289001,35408.149999817084,0.0,0.0,0.0,0.0,0.0,0.0,9.930000000000291,7081.630000000005,496.5,354081.5,0.0,129.0,506.429999999993,361163.1300000006,0.0,0.0,1668.3120636327658,945764.1555213665
1003,2022-09-30,2022,True,102.74520547945205,993,993,1129,603777.7858252294,1547.2696347493716,73252,65,0.011251365928383413,0.8257627283326856,0.17522435120058208,0.1572164979148916,0.11934646049758285,0.3835814255949685,0.9663997985901309,0.19964380900889084,835512.8651561142,0,False,False,True,"{""0"":null,""1"":null,""2"":null,""3"":null}",993.0,995789.0,993.0,709156.0,993.0,709156.0,845.6131639109226,603777.7858252294,845.6131639109226,0.0,0.0,1547.2696347493911,947311.4251561159,0.01125136592838416,22.42424435347474,4.0,2860.0,0.0,0.0,89.29999999870051,63675.59999935389,2.2500000000013642,1819.0500000003726,49.65000000289001,35457.799999819974,0.0,0.0,0.0,0.0,0.0,0.0,9.930000000000291,7091.560000000005,496.5,354578.0,0.0,129.0,506.429999999993,361669.5600000006,0.0,0.0,1547.2696347493911,947311.4251561159
1004,2022-10-01,2022,False,102.74794520547945,994,0,1130,603777.7858252294,0.0,72400,65,0.0,,,0.15730831526999417,0.11889874645653381,0.3838295178566037,0.9670875251509053,0.12281794919236669,835511.8651561142,0,False,False,True,"{""0"":null,""1"":null,""2"":null,""3"":null}",994.0,996783.0,0.0,709156.0,0.0,709156.0,0.0,603777.7858252294,0.0,0.0,0.0,0.0,947311.4251561159,0.0,22.42424435347474,0.0,2860.0,0.0,0.0,0.0,63675.59999935389,0.0,1819.0500000003726,0.0,35457.799999819974,0.0,0.0,0.0,0.0,0.0,0.0,0.0,7091.560000000005,0.0,354578.0,1.0,130.0,0.0,361669.5600000006,0.0,0.0,0.0,947311.4251561159
1005,2022-10-02,2022,False,102.75068493150685,994,0,1130,603777.7858252294,0.0,72400,65,0.0,,,0.15730831526999417,0.11889874645653384,0.3838295178566037,0.9670875251509053,0.07312948011761931,835511.8651561142,0,False,False,True,"{""0"":null,""1"":null,""2"":null,""3"":null}",994.0,997777.0,0.0,709156.0,0.0,709156.0,0.0,603777.7858252294,0.0,0.0,0.0,0.0,947311.4251561159,0.0,22.42424435347474,0.0,2860.0,0.0,0.0,0.0,63675.59999935389,0.0,1819.0500000003726,0.0,35457.799999819974,0.0,0.0,0.0,0.0,0.0,0.0,0.0,7091.560000000005,0.0,354578.0,0.0,130.0,0.0,361669.5600000006,0.0,0.0,0.0,947311.4251561159
1006,2022-10-03,2022,True,102.75342465753425,994,994,1130,604624.1838741552,1727.7404574971015,73419,16,0.0,0.8339851340847261,0.16255240636152593,0.15730831526999417,0.11889874645653381,0.3838295178566037,0.96647384305835,0.10218090103587782,836732.6656136113,0,False,False,True,"{""0"":null,""1"":null,""2"":null,""3"":null}",994.0,998771.0,994.0,710150.0,994.0,710150.0,846.3980489257956,604624.1838741552,846.3980489257956,0.0,0.0,1727.7404574970715,949039.165613613,0.0,22.42424435347474,4.0,2864.0,0.0,0.0,89.39999999869906,63764.99999935259,9.750000000005912,1828.8000000003785,49.70000000289292,35507.49999982287,0.0,0.0,0.0,0.0,0.0,0.0,9.9399999999996,7101.500000000005,497.0,355075.0,0.0,130.0,506.9400000000023,362176.5000000006,0.0,0.0,1727.7404574970715,949039.165613613
1007,2022-10-04,2022,True,102.75616438356164,994,994,1130,605470.581923081,1653.3856577306954,73436,37,0.017161113227262843,0.8591624562767197,0.11659563655682988,0.15733552894559538,0.11899548808743524,0.3838295178566037,0.966841046277666,0.12933936053672615,837879.1112713421,0,False,False,True,"{""0"":null,""1"":null,""2"":null,""3"":null}",994.0,999765.0,994.0,711144.0,994.0,711144.0,846.3980489257956,605470.581923081,846.3980489257956,0.0,0.0,1653.3856577307452,950692.5512713437,0.01716111322726377,22.441405466702005,4.0,2868.0,0.0,0.0,89.39999999869906,63854.39999935129,0.0,1828.8000000003785,49.70000000289292,35557.19999982576,0.0,0.0,0.0,0.0,0.0,0.0,9.9399999999996,7111.440000000004,497.0,355572.0,0.0,130.0,506.9400000000023,362683.4400000006,0.0,0.0,1653.3856577307452,950692.5512713437
1008,2022-10-05,2022,True,102.75890410958904,995,995,1131,606317.7025157078,1550.8474948943522,73540,56,0.0,0.853319018007514,0.1376144237599346,0.1569790625154069,0.11816824852149688,0.38363579279639454,0.9661105527638191,0.15443230885988646,838921.5087662366,0,False,False,True,"{""0"":null,""1"":null,""2"":null,""3"":null}",995.0,1000760.0,995.0,712139.0,995.0,712139.0,847.1205926268594,606317.7025157078,847.1205926268594,0.0,0.0,1550.8474948944058,952243.3987662381,0.0,22.441405466702005,4.0,2872.0,0.0,0.0,89.4999999986976,63943.89999934999,0.0,1828.8000000003785,49.75000000289583,35606.949999828656,0.0,0.0,0.0,0.0,0.0,0.0,9.949999999999818,7121.390000000004,497.5,356069.5,1.0,131.0,507.45000000001164,363190.8900000006,0.0,0.0,1550.8474948944058,952243.3987662381
1009,2022-10-06,2022,True,102.76164383561644,995,995,1131,607164.8231083347,1501.4000922579805,73659,59,0.11991501363523749,0.828129712397979,0.1610380052622994,0.15697977298003732,0.1181570127419618,0.38363579279639454,0.9660552763819096,0.17769990236586913,839915.4588584946,0,False,False,True,"{""0"":null,""1"":null,""2"":null,""3"":null}",995.0,1001755.0,995.0,713134.0,995.0,713134.0,847.1205926268594,607164.8231083347,847.1205926268594,0.0,0.0,1501.4000922580017,953744.7988584961,0.11991501363523582,22.56132048033724,4.0,2876.0,0.0,0.0,89.4999999986976,64033.39999934869,2.400000000001455,1831.20000000038,49.75000000289583,35656.69999983155,0.0,0.0,0.0,0.0,0.0,0.0,9.949999999999818,7131.340000000004,497.5,356567.0,0.0,131.0,507.45000000001164,363698.3400000006,0.0,0.0,1501.4000922580017,953744.7988584961
1010,2022-10-07,2022,True,102.76438356164384,995,995,1131,608011.9437009615,1424.5153449869374,73776,47,0.0940504636053916,0.8251052597486721,0.19082788231823056,0.1569709406517963,0.11829330409254563,0.38363579279639454,0.9666532663316584,0.19924669483556676,840832.5242034816,0,False,False,True,"{""0"":null,""1"":null,""2"":null,""3"":null}",995.0,1002750.0,995.0,714129.0,995.0,714129.0,847.1205926268594,608011.9437009615,847.1205926268594,0.0,0.0,1424.515344986925,955169.314203483,0.0940504636053916,22.655370943942632,4.0,2880.0,0.0,0.0,89.4999999986976,64122.899999347384,3.15000000000191,1834.350000000382,49.75000000289583,35706.44999983445,0.0,0.0,0.0,0.0,0.0,0.0,9.949999999999818,7141.290000000004,497.5,357064.5,0.0,131.0,507.45000000001164,364205.7900000006,0.0,0.0,1424.515344986925,955169.314203483
1011,2022-10-08,2022,False,102.76712328767124,995,0,1131,608011.9437009615,0.0,72900,47,0.0,,,0.15695982456224067,0.11834960349117549,0.38363579279639454,0.9675075376884422,0.12272465294994148,840832.5242034816,0,False,False,True,"{""0"":null,""1"":null,""2"":null,""3"":null}",995.0,1003745.0,0.0,714129.0,0.0,714129.0,0.0,608011.9437009615,0.0,0.0,0.0,0.0,955169.314203483,0.0,22.655370943942632,0.0,2880.0,0.0,0.0,0.0,64122.899999347384,0.0,1834.350000000382,0.0,35706.44999983445,0.0,0.0,0.0,0.0,0.0,0.0,0.0,7141.290000000004,0.0,357064.5,0.0,131.0,0.0,364205.7900000006,0.0,0.0,0.0,955169.314203483
1012,2022-10-09,2022,False,102.76986301369863,994,0,1131,608011.9437009615,0.0,72900,47,0.0,,,0.15682853062259816,0.11823280212673432,0.38370162252171736,0.9674748490945674,0.07291617641068475,840832.5242034816,0,False,False,True,"{""0"":null,""1"":null,""2"":null,""3"":null}",994.0,1004739.0,0.0,714129.0,0.0,714129.0,0.0,608011.9437009615,0.0,0.0,0.0,0.0,955169.314203483,0.0,22.655370943942632,0.0,2880.0,0.0,0.0,0.0,64122.899999347384,0.0,1834.350000000382,0.0,35706.44999983445,0.0,0.0,0.0,0.0,0.0,0.0,0.0,7141.290000000004,0.0,357064.5,0.0,131.0,0.0,364205.7900000006,0.0,0.0,0.0,955169.314203483
1013,2022-10-10,2022,True,102.77260273972603,994,994,1131,608858.1301450337,1741.693479819541,73898,12,0.0,0.8581886136684651,0.13306974698481822,0.15682853062259816,0.11823280212673432,0.38370162252171736,0.9668561368209255,0.101994024860545,842067.2776833012,0,False,False,True,"{""0"":null,""1"":null,""2"":null,""3"":null}",994.0,1005733.0,994.0,715123.0,994.0,715123.0,846.1864440721693,608858.1301450337,846.1864440721693,0.0,0.0,1741.6934798195725,956911.0076833026,0.0,22.655370943942632,4.0,2884.0,0.0,0.0,89.39999999869906,64212.29999934608,7.050000000004275,1841.4000000003862,49.70000000289292,35756.14999983734,0.0,0.0,0.0,0.0,0.0,0.0,9.9399999999996,7151.230000000003,497.0,357561.5,0.0,131.0,506.9400000000023,364712.7300000006,0.0,0.0,1741.6934798195725,956911.0076833026
1014,2022-10-11,2022,True,102.77534246575343,994,994,1131,609704.3165891059,1645.884921203945,73949,26,0.0,0.8470793674895482,0.15654278727922358,0.15685510640612124,0.11839400860683885,0.38370162252171736,0.9672032193158954,0.12915942292585317,843206.2226045053,0,False,False,True,"{""0"":null,""1"":null,""2"":null,""3"":null}",994.0,1006727.0,994.0,716117.0,994.0,716117.0,846.1864440721693,609704.3165891059,846.1864440721693,0.0,0.0,1645.8849212039495,958556.8926045066,0.0,22.655370943942632,4.0,2888.0,0.0,0.0,89.39999999869906,64301.69999934478,0.0,1841.4000000003862,49.70000000289292,35805.84999984023,0.0,0.0,0.0,0.0,0.0,0.0,9.9399999999996,7161.170000000003,497.0,358058.5,0.0,131.0,506.9400000000023,365219.6700000006,0.0,0.0,1645.8849212039495,958556.8926045066
1015,2022-10-12,2022,True,102.77808219178083,994,994,1131,610550.503033178,1536.754449958452,74048,42,0.0,0.8289826252902428,0.1766026666564288,0.15685639657876563,0.11843222990758953,0.38370162252171736,0.9670925553319919,0.15437752595620544,844236.0370544638,0,False,False,True,"{""0"":null,""1"":null,""2"":null,""3"":null}",994.0,1007721.0,994.0,717111.0,994.0,717111.0,846.1864440721693,610550.503033178,846.1864440721693,0.0,0.0,1536.7544499584474,960093.647054465,0.0,22.655370943942632,4.0,2892.0,0.0,0.0,89.39999999869906,64391.09999934348,0.0,1841.4000000003862,49.70000000289292,35855.549999843126,0.0,0.0,0.0,0.0,0.0,0.0,9.9399999999996,7171.110000000002,497.0,358555.5,0.0,131.0,506.9400000000023,365726.6100000006,0.0,0.0,1536.7544499584474,960093.647054465
1016,2022-10-13,2022,True,102.78082191780823,994,994,1131,611396.6894772502,1498.9637234090535,74168,45,0.0,0.8259337816198843,0.16699980635513806,0.15688153124149634,0.11855140409353226,0.38370162252171736,0.967112676056338,0.1776765709840655,845228.0607778729,0,False,False,True,"{""0"":null,""1"":null,""2"":null,""3"":null}",994.0,1008715.0,994.0,718105.0,994.0,718105.0,846.1864440721693,611396.6894772502,846.1864440721693,0.0,0.0,1498.963723409106,961592.6107778741,0.0,22.655370943942632,4.0,2896.0,0.0,0.0,89.39999999869906,64480.49999934218,1.8000000000010914,1843.2000000003873,49.70000000289292,35905.24999984602,0.0,0.0,0.0,0.0,0.0,0.0,9.9399999999996,7181.050000000002,497.0,359052.5,0.0,131.0,506.9400000000023,366233.5500000006,0.0,0.0,1498.963723409106,961592.6107778741
1017,2022-10-14,2022,True,102.78356164383561,995,995,1132,612243.7984710062,1437.3245645151708,74272,47,0.033628485907826716,0.8311526267011365,0.18391412206352614,0.156952189152739,0.11816692907429058,0.3839497147833525,0.9670251256281408,0.19914804253284665,846156.9353423881,0,False,False,True,"{""0"":null,""1"":null,""2"":null,""3"":null}",995.0,1009710.0,995.0,719100.0,995.0,719100.0,847.1089937560027,612243.7984710062,847.1089937560027,0.0,0.0,1437.3245645151474,963029.9353423893,0.03362848590782619,22.68899942985046,4.0,2900.0,0.0,0.0,89.4999999986976,64569.99999934088,2.1000000000012733,1845.3000000003885,49.75000000289583,35954.999999848915,0.0,0.0,0.0,0.0,0.0,0.0,9.949999999999818,7191.000000000002,497.5,359550.0,1.0,132.0,507.45000000001164,366741.00000000064,0.0,0.0,1437.3245645151474,963029.9353423893
1018,2022-10-15,2022,False,102.78630136986301,995,0,1132,612243.7984710062,0.0,73400,47,0.0,,,0.15700079195164393,0.11828415027769872,0.3839497147833525,0.9678793969849245,0.12253818805282554,846156.9353423881,0,False,False,True,"{""0"":null,""1"":null,""2"":null,""3"":null}",995.0,1010705.0,0.0,719100.0,0.0,719100.0,0.0,612243.7984710062,0.0,0.0,0.0,0.0,963029.9353423893,0.0,22.68899942985046,0.0,2900.0,0.0,0.0,0.0,64569.99999934088,0.0,1845.3000000003885,0.0,35954.999999848915,0.0,0.0,0.0,0.0,0.0,0.0,0.0,7191.000000000002,0.0,359550.0,0.0,132.0,0.0,366741.00000000064,0.0,0.0,0.0,963029.9353423893
1019,2022-10-16,2022,False,102.78904109589041,995,0,1132,612243.7984710062,0.0,73400,47,0.0,,,0.1570007919516439,0.11828415027769872,0.3839497147833525,0.9678793969849245,0.0729475242620977,846156.9353423881,0,False,False,True,"{""0"":null,""1"":null,""2"":null,""3"":null}",995.0,1011700.0,0.0,719100.0,0.0,719100.0,0.0,612243.7984710062,0.0,0.0,0.0,0.0,963029.9353423893,0.0,22.68899942985046,0.0,2900.0,0.0,0.0,0.0,64569.99999934088,0.0,1845.3000000003885,0.0,35954.999999848915,0.0,0.0,0.0,0.0,0.0,0.0,0.0,7191.000000000002,0.0,359550.0,0.0,132.0,0.0,366741.00000000064,0.0,0.0,0.0,963029.9353423893
1020,2022-10-17,2022,True,102.79178082191781,995,995,1132,613090.9074647622,1740.0412145341695,74410,11,0.07281559760719275,0.8602818236508788,0.13185254163731522,0.15700079195164393,0.11828415027769869,0.3839497147833525,0.9673216080402011,0.10207433447160892,847389.5265569224,0,False,False,True,"{""0"":null,""1"":null,""2"":null,""3"":null}",995.0,1012695.0,995.0,720095.0,995.0,720095.0,847.1089937560027,613090.9074647622,847.1089937560027,0.0,0.0,1740.041214534198,964769.9765569235,0.07281559760719247,22.76181502745765,4.0,2904.0,0.0,0.0,89.4999999986976,64659.499999339576,7.050000000004275,1852.3500000003928,49.75000000289583,36004.74999985181,0.0,0.0,0.0,0.0,0.0,0.0,9.949999999999818,7200.950000000002,497.5,360047.5,0.0,132.0,507.45000000001164,367248.45000000065,0.0,0.0,1740.041214534198,964769.9765569235
1021,2022-10-18,2022,True,102.79452054794521,995,995,1132,613938.0164585182,1679.6981239926788,74456,28,0.04286328517588657,0.8391203030746468,0.16519489122907358,0.1571008091089892,0.11844798443028876,0.3839497147833525,0.9675527638190955,0.12928913128154593,848561.774680915,0,False,False,True,"{""0"":null,""1"":null,""2"":null,""3"":null}",995.0,1013690.0,995.0,721090.0,995.0,721090.0,847.1089937560027,613938.0164585182,847.1089937560027,0.0,0.0,1679.6981239926536,966449.6746809161,0.042863285175887,22.804678312633538,4.0,2908.0,0.0,0.0,89.4999999986976,64748.99999933827,0.0,1852.3500000003928,49.75000000289583,36054.49999985471,0.0,0.0,0.0,0.0,0.0,0.0,9.949999999999818,7210.9000000000015,497.5,360545.0,0.0,132.0,507.45000000001164,367755.90000000066,0.0,0.0,1679.6981239926536,966449.6746809161
1022,2022-10-19,2022,True,102.7972602739726,995,995,1132,614785.1254522742,1563.234545853858,74545,52,0.0,0.838217273954116,0.14686317998330325,0.15704042749505576,0.1184880578158611,0.3839497147833525,0.9671206030150753,0.15461019345422292,849617.5592267689,0,False,False,True,"{""0"":null,""1"":null,""2"":null,""3"":null}",995.0,1014685.0,995.0,722085.0,995.0,722085.0,847.1089937560027,614785.1254522742,847.1089937560027,0.0,0.0,1563.2345458538039,968012.9092267699,0.0,22.804678312633538,4.0,2912.0,0.0,0.0,89.4999999986976,64838.49999933697,0.0,1852.3500000003928,49.75000000289583,36104.2499998576,0.0,0.0,0.0,0.0,0.0,0.0,9.949999999999818,7220.850000000001,497.5,361042.5,0.0,132.0,507.45000000001164,368263.3500000007,0.0,0.0,1563.2345458538039,968012.9092267699
1023,2022-10-20,2022,True,102.8,995,995,1132,615632.2344460302,1474.5093914828374,74650,68,0.0,0.834095621351804,0.15206877466032753,0.15710357089277643,0.11860753972875214,0.3839497147833525,0.9666381909547738,0.17795871213137135,850584.6186182518,0,False,False,True,"{""0"":null,""1"":null,""2"":null,""3"":null}",995.0,1015680.0,995.0,723080.0,995.0,723080.0,847.1089937560027,615632.2344460302,847.1089937560027,0.0,0.0,1474.509391482803,969487.4186182527,0.0,22.804678312633538,4.0,2916.0,0.0,0.0,89.4999999986976,64927.99999933567,1.6500000000010004,1854.0000000003938,49.75000000289583,36153.9999998605,0.0,0.0,0.0,0.0,0.0,0.0,9.949999999999818,7230.800000000001,497.5,361540.0,0.0,132.0,507.45000000001164,368770.8000000007,0.0,0.0,1474.509391482803,969487.4186182527
1024,2022-10-21,2022,True,102.8027397260274,995,995,1132,616479.3434397862,1428.3152470035302,74769,69,0.0,0.8079831715526071,0.18877897524825873,0.15712219526496074,0.118686285455204,0.3839497147833525,0.9668090452261306,0.19952629292512958,851505.4838652554,0,False,False,True,"{""0"":null,""1"":null,""2"":null,""3"":null}",995.0,1016675.0,995.0,724075.0,995.0,724075.0,847.1089937560027,616479.3434397862,847.1089937560027,0.0,0.0,1428.3152470035711,970915.7338652563,0.0,22.804678312633538,4.0,2920.0,0.0,0.0,89.4999999986976,65017.499999334366,2.550000000001546,1856.5500000003954,49.75000000289583,36203.749999863394,0.0,0.0,0.0,0.0,0.0,0.0,9.949999999999818,7240.750000000001,497.5,362037.5,0.0,132.0,507.45000000001164,369278.2500000007,0.0,0.0,1428.3152470035711,970915.7338652563
1025,2022-10-22,2022,False,102.8054794520548,995,0,1132,616479.3434397862,0.0,73900,69,0.0,,,0.15706109945321062,0.11877427362679574,0.3839497147833525,0.9679195979899498,0.12290613417696471,851505.4838652554,0,False,False,True,"{""0"":null,""1"":null,""2"":null,""3"":null}",995.0,1017670.0,0.0,724075.0,0.0,724075.0,0.0,616479.3434397862,0.0,0.0,0.0,0.0,970915.7338652563,0.0,22.804678312633538,0.0,2920.0,0.0,0.0,0.0,65017.499999334366,0.0,1856.5500000003954,0.0,36203.749999863394,0.0,0.0,0.0,0.0,0.0,0.0,0.0,7240.750000000001,0.0,362037.5,0.0,132.0,0.0,369278.2500000007,0.0,0.0,0.0,970915.7338652563
1026,2022-10-23,2022,False,102.8082191780822,995,0,1132,616479.3434397862,0.0,73900,69,0.0,,,0.15706109945321062,0.11877427362679574,0.3839497147833525,0.9679195979899498,0.07328710599834516,851505.4838652554,0,False,False,True,"{""0"":null,""1"":null,""2"":null,""3"":null}",995.0,1018665.0,0.0,724075.0,0.0,724075.0,0.0,616479.3434397862,0.0,0.0,0.0,0.0,970915.7338652563,0.0,22.804678312633538,0.0,2920.0,0.0,0.0,0.0,65017.499999334366,0.0,1856.5500000003954,0.0,36203.749999863394,0.0,0.0,0.0,0.0,0.0,0.0,0.0,7240.750000000001,0.0,362037.5,0.0,132.0,0.0,369278.2500000007,0.0,0.0,0.0,970915.7338652563
1027,2022-10-24,2022,True,102.81095890410958,994,994,1132,617325.5813354402,1738.4361986859299,74926,18,0.011653463464111502,0.8793651679890293,0.1107117243610571,0.15695385977914084,0.11858181360915092,0.38393911658860586,0.9673038229376257,0.10250367595602716,852736.9800639413,0,False,False,True,"{""0"":null,""1"":null,""2"":null,""3"":null}",994.0,1019659.0,994.0,725069.0,994.0,725069.0,846.2378956539324,617325.5813354402,846.2378956539324,0.0,0.0,1738.4361986859003,972654.1700639422,0.011653463464110558,22.81633177609765,4.0,2924.0,0.0,0.0,89.39999999869906,65106.899999333065,10.350000000006276,1866.9000000004016,49.70000000289292,36253.44999986629,0.0,0.0,0.0,0.0,0.0,0.0,9.9399999999996,7250.6900000000005,497.0,362534.5,0.0,132.0,506.9400000000023,369785.1900000007,0.0,0.0,1738.4361986859003,972654.1700639422
1028,2022-10-25,2022,True,102.81369863013698,994,994,1132,618171.8192310941,1625.4939830850385,74947,39,0.0,0.8460483886766579,0.15011767865040757,0.15691985669493622,0.1187016039801686,0.38393911658860586,0.9677213279678069,0.12974452843411685,853855.5340470264,0,False,False,True,"{""0"":null,""1"":null,""2"":null,""3"":null}",994.0,1020653.0,994.0,726063.0,994.0,726063.0,846.2378956539324,618171.8192310941,846.2378956539324,0.0,0.0,1625.4939830850344,974279.6640470272,0.0,22.81633177609765,4.0,2928.0,0.0,0.0,89.39999999869906,65196.299999331764,0.0,1866.9000000004016,49.70000000289292,36303.14999986918,0.0,0.0,0.0,0.0,0.0,0.0,9.9399999999996,7260.63,497.0,363031.5,0.0,132.0,506.9400000000023,370292.1300000007,0.0,0.0,1625.4939830850344,974279.6640470272
1029,2022-10-26,2022,True,102.81643835616438,994,994,1132,619018.057126748,1570.2865177061021,75043,65,0.0,0.8491053971985503,0.1385517500114254,0.15689410341700208,0.11876148770896389,0.38393911658860586,0.9674295774647887,0.15496244008308227,854918.8805647326,0,False,False,True,"{""0"":null,""1"":null,""2"":null,""3"":null}",994.0,1021647.0,994.0,727057.0,994.0,727057.0,846.2378956539324,619018.057126748,846.2378956539324,0.0,0.0,1570.2865177061176,975849.9505647334,0.0,22.81633177609765,4.0,2932.0,0.0,0.0,89.39999999869906,65285.69999933046,0.0,1866.9000000004016,49.70000000289292,36352.84999987207,0.0,0.0,0.0,0.0,0.0,0.0,9.9399999999996,7270.57,497.0,363528.5,0.0,132.0,506.9400000000023,370799.0700000007,0.0,0.0,1570.2865177061176,975849.9505647334
1030,2022-10-27,2022,True,102.81917808219178,993,993,1132,619863.4788313062,1485.219703128394,75186,53,0.0,0.8248114408854932,0.17823138980992856,0.15731641446662606,0.11931312745049619,0.384132841648815,0.9677995971802618,0.1784132698894979,855897.670267861,0,False,False,True,"{""0"":null,""1"":null,""2"":null,""3"":null}",993.0,1022640.0,993.0,728050.0,993.0,728050.0,845.42170455819,619863.4788313062,845.42170455819,0.0,0.0,1485.219703128445,977335.1702678618,0.0,22.81633177609765,4.0,2936.0,0.0,0.0,89.29999999870051,65374.999999329164,2.700000000001637,1869.6000000004033,49.65000000289001,36402.49999987496,0.0,0.0,0.0,0.0,0.0,0.0,9.930000000000291,7280.5,496.5,364025.0,0.0,132.0,506.429999999993,371305.5000000007,0.0,0.0,1485.219703128445,977335.1702678618
1031,2022-10-28,2022,True,102.82191780821918,992,992,1132,620708.0049014047,1445.783621533972,75262,53,0.13698896865043303,0.8164909836039674,0.18562327603219633,0.15702061498620545,0.11896188398171917,0.3838847493871798,0.9677368951612904,0.19992182401474298,856837.533889395,0,False,False,True,"{""0"":null,""1"":null,""2"":null,""3"":null}",992.0,1023632.0,992.0,729042.0,992.0,729042.0,844.5260700985091,620708.0049014047,844.5260700985091,0.0,0.0,1445.7836215340067,978780.9538893958,0.13698896865043153,22.95332074474808,4.0,2940.0,0.0,0.0,89.19999999870197,65464.199999327866,3.15000000000191,1872.7500000004052,49.6000000028871,36452.09999987785,0.0,0.0,0.0,0.0,0.0,0.0,9.920000000000073,7290.42,496.0,364521.0,0.0,132.0,505.9199999999837,371811.4200000007,0.0,0.0,1445.7836215340067,978780.9538893958
1032,2022-10-29,2022,False,102.82465753424657,992,0,1132,620708.0049014047,0.0,74400,53,0.0,,,0.15702361820713343,0.11905261381493806,0.3838847493871798,0.9683971774193548,0.1233532051273136,856837.533889395,0,False,False,True,"{""0"":null,""1"":null,""2"":null,""3"":null}",992.0,1024624.0,0.0,729042.0,0.0,729042.0,0.0,620708.0049014047,0.0,0.0,0.0,0.0,978780.9538893958,0.0,22.95332074474808,0.0,2940.0,0.0,0.0,0.0,65464.199999327866,0.0,1872.7500000004052,0.0,36452.09999987785,0.0,0.0,0.0,0.0,0.0,0.0,0.0,7290.42,0.0,364521.0,0.0,132.0,0.0,371811.4200000007,0.0,0.0,0.0,978780.9538893958
1033,2022-10-30,2022,False,102.82739726027397,992,0,1132,620708.0049014047,0.0,74400,53,0.0,,,0.15702361820713345,0.11905261381493808,0.3838847493871798,0.9683971774193548,0.07364943989339441,856837.533889395,0,False,False,True,"{""0"":null,""1"":null,""2"":null,""3"":null}",992.0,1025616.0,0.0,729042.0,0.0,729042.0,0.0,620708.0049014047,0.0,0.0,0.0,0.0,978780.9538893958,0.0,22.95332074474808,0.0,2940.0,0.0,0.0,0.0,65464.199999327866,0.0,1872.7500000004052,0.0,36452.09999987785,0.0,0.0,0.0,0.0,0.0,0.0,0.0,7290.42,0.0,364521.0,0.0,132.0,0.0,371811.4200000007,0.0,0.0,0.0,978780.9538893958
1034,2022-10-31,2022,True,102.83013698630137,991,991,1132,621551.7029038175,1710.457077819453,75399,19,0.0,0.8628151472925534,0.1406094472556868,0.15702873411253093,0.11915734004532644,0.3836366571255447,0.9676841574167507,0.10283418677920247,858042.5809672144,0,False,False,True,"{""0"":null,""1"":null,""2"":null,""3"":null}",991.0,1026607.0,991.0,730033.0,991.0,730033.0,843.6980024127988,621551.7029038175,843.6980024127988,0.0,0.0,1710.4570778195048,980491.4109672153,0.0,22.95332074474808,4.0,2944.0,0.0,0.0,89.09999999995489,65553.29999932782,7.95000000000482,1880.70000000041,49.55000000288419,36501.649999880734,0.0,0.0,0.0,0.0,0.0,0.0,9.909999999999854,7300.33,495.5,365016.5,0.0,132.0,505.4099999999744,372316.83000000066,0.0,0.0,1710.4570778195048,980491.4109672153
1035,2022-11-01,2022,True,102.83287671232877,991,991,1132,622395.4009062303,1689.1057154014743,75454,30,0.0,0.8668108705474928,0.11807621199361856,0.15702951655497388,0.11925842011249096,0.3836366571255447,0.9681483350151362,0.1300106746065761,859226.2766826159,0,False,False,True,"{""0"":null,""1"":null,""2"":null,""3"":null}",991.0,1027598.0,991.0,731024.0,991.0,731024.0,843.6980024127988,622395.4009062303,843.6980024127988,0.0,0.0,1689.1057154014707,982180.5166826168,0.0,22.95332074474808,4.0,2948.0,0.0,0.0,89.1000000051863,65642.399999333,0.0,1880.70000000041,49.55000000288419,36551.19999988362,0.0,0.0,0.0,0.0,0.0,0.0,9.909999999999854,7310.24,495.5,365512.0,0.0,132.0,505.4099999999744,372822.24000000063,0.0,0.0,1689.1057154014707,982180.5166826168
1036,2022-11-02,2022,True,102.83561643835617,991,991,1132,623239.0989086431,1550.7984203628764,75552,49,0.0,0.837527924443644,0.16384237554917147,0.15698767741625666,0.11937792415112469,0.3836366571255447,0.9681231079717457,0.15517256910422242,860271.6651029787,0,False,False,True,"{""0"":null,""1"":null,""2"":null,""3"":null}",991.0,1028589.0,991.0,732015.0,991.0,732015.0,843.6980024127988,623239.0989086431,843.6980024127988,0.0,0.0,1550.798420362873,983731.3151029797,0.0,22.95332074474808,4.0,2952.0,0.0,0.0,89.1000000051863,65731.4999993382,0.0,1880.70000000041,49.55000000288419,36600.7499998865,0.0,0.0,0.0,0.0,0.0,0.0,9.909999999999854,7320.15,495.5,366007.5,0.0,132.0,505.4099999999744,373327.6500000006,0.0,0.0,1550.798420362873,983731.3151029797
1037,2022-11-03,2022,True,102.83835616438355,991,991,1132,624082.7969110559,1521.6533793828266,75670,43,0.0,0.8375601145731628,0.1595678047553265,0.1570273883790295,0.11948112970494701,0.3836366571255447,0.9681685166498487,0.17856303384091418,861287.9084823615,0,False,False,True,"{""0"":null,""1"":null,""2"":null,""3"":null}",991.0,1029580.0,991.0,733006.0,991.0,733006.0,843.6980024127988,624082.7969110559,843.6980024127988,0.0,0.0,1521.6533793827984,985252.9684823625,0.0,22.95332074474808,4.0,2956.0,0.0,0.0,89.1000000051863,65820.59999934338,2.850000000001728,1883.5500000004117,49.55000000288419,36650.29999988939,0.0,0.0,0.0,0.0,0.0,0.0,9.909999999999854,7330.0599999999995,495.5,366503.0,0.0,132.0,505.4099999999744,373833.0600000006,0.0,0.0,1521.6533793827984,985252.9684823625
1038,2022-11-04,2022,True,102.84109589041095,991,991,1132,624926.4949134687,1432.7330165418093,75755,49,0.0,0.8355237432815448,0.17380869525044831,0.15701971414512178,0.11954740968373201,0.3836366571255447,0.9680221997981836,0.2001428802241316,862215.2314989032,0,False,False,True,"{""0"":null,""1"":null,""2"":null,""3"":null}",991.0,1030571.0,991.0,733997.0,991.0,733997.0,843.6980024127988,624926.4949134687,843.6980024127988,0.0,0.0,1432.7330165418098,986685.7014989043,0.0,22.95332074474808,4.0,2960.0,0.0,0.0,89.1000000051863,65909.69999934857,1.6500000000010004,1885.2000000004127,49.55000000288419,36699.84999989227,0.0,0.0,0.0,0.0,0.0,0.0,9.909999999999854,7339.969999999999,495.5,366998.5,0.0,132.0,505.4099999999744,374338.47000000055,0.0,0.0,1432.7330165418098,986685.7014989043
1039,2022-11-05,2022,False,102.84383561643835,991,0,1132,624926.4949134687,0.0,74900,49,0.0,,,0.15700129309944696,0.11966799967331021,0.3836366571255447,0.9685671039354188,0.12342018842351583,862215.2314989032,0,False,False,True,"{""0"":null,""1"":null,""2"":null,""3"":null}",991.0,1031562.0,0.0,733997.0,0.0,733997.0,0.0,624926.4949134687,0.0,0.0,0.0,0.0,986685.7014989043,0.0,22.95332074474808,0.0,2960.0,0.0,0.0,0.0,65909.69999934857,0.0,1885.2000000004127,0.0,36699.84999989227,0.0,0.0,0.0,0.0,0.0,0.0,0.0,7339.969999999999,0.0,366998.5,0.0,132.0,0.0,374338.47000000055,0.0,0.0,0.0,986685.7014989043
1040,2022-11-06,2022,False,102.84657534246575,992,0,1133,624926.4949134687,0.0,74900,49,0.0,,,0.15711184071718864,0.11917943056372837,0.3838847493871798,0.9682963709677419,0.07363326807301954,862214.2314989032,0,False,False,True,"{""0"":null,""1"":null,""2"":null,""3"":null}",992.0,1032554.0,0.0,733997.0,0.0,733997.0,0.0,624926.4949134687,0.0,0.0,0.0,0.0,986685.7014989043,0.0,22.95332074474808,0.0,2960.0,0.0,0.0,0.0,65909.69999934857,0.0,1885.2000000004127,0.0,36699.84999989227,0.0,0.0,0.0,0.0,0.0,0.0,0.0,7339.969999999999,0.0,366998.5,1.0,133.0,0.0,374338.47000000055,0.0,0.0,0.0,986685.7014989043
1041,2022-11-07,2022,True,102.84931506849315,992,992,1133,625771.1639624952,1729.7065459367877,75911,10,0.0,0.8488560852378831,0.14081381888401628,0.15711184071718867,0.11917943056372837,0.3838847493871798,0.9678881048387097,0.1026872948616084,863438.01804484,0,False,False,True,"{""0"":null,""1"":null,""2"":null,""3"":null}",992.0,1033546.0,992.0,734989.0,992.0,734989.0,844.6690490264446,625771.1639624952,844.6690490264446,0.0,0.0,1729.7065459367586,988415.408044841,0.0,22.95332074474808,4.0,2964.0,0.0,0.0,89.20000000519212,65998.89999935376,7.3500000000044565,1892.5500000004172,49.6000000028871,36749.44999989516,0.0,0.0,0.0,0.0,0.0,0.0,9.920000000000073,7349.889999999999,496.0,367494.5,0.0,133.0,505.9199999999837,374844.39000000054,0.0,0.0,1729.7065459367586,988415.408044841
1042,2022-11-08,2022,True,102.85205479452054,992,992,1133,626615.8330115216,1652.092425971165,75960,26,0.0,0.8699522717147109,0.11621766924825588,0.15712591729267628,0.11926045543761982,0.3838847493871798,0.9683064516129032,0.12989588067724228,864584.1904708111,0,False,False,True,"{""0"":null,""1"":null,""2"":null,""3"":null}",992.0,1034538.0,992.0,735981.0,992.0,735981.0,844.6690490264446,626615.8330115216,844.6690490264446,0.0,0.0,1652.0924259711755,990067.5004708122,0.0,22.95332074474808,4.0,2968.0,0.0,0.0,89.20000000519212,66088.09999935895,0.0,1892.5500000004172,49.6000000028871,36799.049999898045,0.0,0.0,0.0,0.0,0.0,0.0,9.920000000000073,7359.8099999999995,496.0,367990.5,0.0,133.0,505.9199999999837,375350.3100000005,0.0,0.0,1652.0924259711755,990067.5004708122
1043,2022-11-09,2022,True,102.85479452054794,992,992,1133,627460.502060548,1584.5777271159866,76055,39,0.0,0.83979130526828,0.15706971797355543,0.15711214688018124,0.11941335930795662,0.3838847493871798,0.9682056451612904,0.15519542862201002,865662.848197927,0,False,False,True,"{""0"":null,""1"":null,""2"":null,""3"":null}",992.0,1035530.0,992.0,736973.0,992.0,736973.0,844.6690490264446,627460.502060548,844.6690490264446,0.0,0.0,1584.577727115946,991652.0781979281,0.0,22.95332074474808,4.0,2972.0,0.0,0.0,89.20000000519212,66177.29999936414,0.0,1892.5500000004172,49.6000000028871,36848.64999990093,0.0,0.0,0.0,0.0,0.0,0.0,9.920000000000073,7369.73,496.0,368486.5,0.0,133.0,505.9199999999837,375856.2300000005,0.0,0.0,1584.577727115946,991652.0781979281
1044,2022-11-10,2022,True,102.85753424657534,992,992,1133,628305.1711095745,1497.9044001042214,76166,40,0.08319834773500397,0.842836037304213,0.15047557721693533,0.15707542429502186,0.11945368039850705,0.3838847493871798,0.9682207661290323,0.17861237834294624,866654.8325980311,0,False,False,True,"{""0"":null,""1"":null,""2"":null,""3"":null}",992.0,1036522.0,992.0,737965.0,992.0,737965.0,844.6690490264446,628305.1711095745,844.6690490264446,0.0,0.0,1497.9044001041912,993149.9825980323,0.0831983477350029,23.036519092483083,4.0,2976.0,0.0,0.0,89.20000000519212,66266.49999936933,1.5000000000009095,1894.050000000418,49.6000000028871,36898.24999990382,0.0,0.0,0.0,0.0,0.0,0.0,9.920000000000073,7379.65,496.0,368982.5,0.0,133.0,505.9199999999837,376362.1500000005,0.0,0.0,1497.9044001041912,993149.9825980323
1045,2022-11-11,2022,True,102.86027397260274,992,992,1133,629149.840158601,1429.9710223430038,76266,44,0.0,0.8043857175357607,0.19446602882682562,0.15697077948701288,0.11950766419293785,0.3838847493871798,0.9681401209677419,0.20028172061489147,867578.8836203741,0,False,False,True,"{""0"":null,""1"":null,""2"":null,""3"":null}",992.0,1037514.0,992.0,738957.0,992.0,738957.0,844.6690490264446,629149.840158601,844.6690490264446,0.0,0.0,1429.9710223430302,994579.9536203754,0.0,23.036519092483083,4.0,2980.0,0.0,0.0,89.20000000519212,66355.69999937453,2.400000000001455,1896.4500000004195,49.6000000028871,36947.849999906706,0.0,0.0,0.0,0.0,0.0,0.0,9.920000000000073,7389.57,496.0,369478.5,0.0,133.0,505.9199999999837,376868.0700000005,0.0,0.0,1429.9710223430302,994579.9536203754
1046,2022-11-12,2022,False,102.86301369863014,992,0,1133,629149.840158601,0.0,75400,44,0.0,,,0.15698563509786595,0.11963427846741415,0.3838847493871798,0.9688205645161291,0.1234410821140927,867578.8836203741,0,False,False,True,"{""0"":null,""1"":null,""2"":null,""3"":null}",992.0,1038506.0,0.0,738957.0,0.0,738957.0,0.0,629149.840158601,0.0,0.0,0.0,0.0,994579.9536203754,0.0,23.036519092483083,0.0,2980.0,0.0,0.0,0.0,66355.69999937453,0.0,1896.4500000004195,0.0,36947.849999906706,0.0,0.0,0.0,0.0,0.0,0.0,0.0,7389.57,0.0,369478.5,0.0,133.0,0.0,376868.0700000005,0.0,0.0,0.0,994579.9536203754
1047,2022-11-13,2022,False,102.86575342465754,992,0,1133,629149.840158601,0.0,75400,44,0.0,,,0.15698563509786595,0.11963427846741415,0.3838847493871798,0.9688205645161291,0.07368194514801807,867578.8836203741,0,False,False,True,"{""0"":null,""1"":null,""2"":null,""3"":null}",992.0,1039498.0,0.0,738957.0,0.0,738957.0,0.0,629149.840158601,0.0,0.0,0.0,0.0,994579.9536203754,0.0,23.036519092483083,0.0,2980.0,0.0,0.0,0.0,66355.69999937453,0.0,1896.4500000004195,0.0,36947.849999906706,0.0,0.0,0.0,0.0,0.0,0.0,0.0,7389.57,0.0,369478.5,0.0,133.0,0.0,376868.0700000005,0.0,0.0,0.0,994579.9536203754
1048,2022-11-14,2022,True,102.86849315068493,991,991,1133,629993.7683021114,1760.4524559969675,76408,6,0.0,0.8486515926448958,0.14303412079227318,0.15708312048931128,0.11977531217527868,0.38395057911250263,0.9683753784056508,0.10301067712282135,868833.9260763711,0,False,False,True,"{""0"":null,""1"":null,""2"":null,""3"":null}",991.0,1040489.0,991.0,739948.0,991.0,739948.0,843.9281435104785,629993.7683021114,843.9281435104785,0.0,0.0,1760.4524559970014,996340.4060763724,0.0,23.036519092483083,4.0,2984.0,0.0,0.0,89.1000000051863,66444.79999937971,6.600000000004002,1903.0500000004236,49.55000000288419,36997.39999990959,0.0,0.0,0.0,0.0,0.0,0.0,9.909999999999854,7399.48,495.5,369974.0,0.0,133.0,505.4099999999744,377373.48000000045,0.0,0.0,1760.4524559970014,996340.4060763724
1049,2022-11-15,2022,True,102.87123287671233,991,991,1133,630837.6964456219,1649.3964997718983,76458,18,0.0,0.8457499396222194,0.1427997434100739,0.1570752679921346,0.11993519499177793,0.38395057911250263,0.9686982845610494,0.13030863450753757,869977.9125761429,0,False,False,True,"{""0"":null,""1"":null,""2"":null,""3"":null}",991.0,1041480.0,991.0,740939.0,991.0,740939.0,843.9281435104785,630837.6964456219,843.9281435104785,0.0,0.0,1649.3964997718576,997989.8025761442,0.0,23.036519092483083,4.0,2988.0,0.0,0.0,89.1000000051863,66533.8999993849,0.0,1903.0500000004236,49.55000000288419,37046.949999912475,0.0,0.0,0.0,0.0,0.0,0.0,9.909999999999854,7409.389999999999,495.5,370469.5,0.0,133.0,505.4099999999744,377878.8900000004,0.0,0.0,1649.3964997718576,997989.8025761442
1050,2022-11-16,2022,True,102.87397260273973,991,991,1133,631681.6245891324,1567.3722800216094,76559,35,0.0,0.8305877306004903,0.16863699543215432,0.15701860987123595,0.12002145572360587,0.38395057911250263,0.9686074672048436,0.15563177260703445,871039.8748561646,0,False,False,True,"{""0"":null,""1"":null,""2"":null,""3"":null}",991.0,1042471.0,991.0,741930.0,991.0,741930.0,843.9281435104785,631681.6245891324,843.9281435104785,0.0,0.0,1567.3722800216638,999557.1748561659,0.0,23.036519092483083,4.0,2992.0,0.0,0.0,89.1000000051863,66622.99999939009,0.0,1903.0500000004236,49.55000000288419,37096.49999991536,0.0,0.0,0.0,0.0,0.0,0.0,9.909999999999854,7419.299999999999,495.5,370965.0,0.0,133.0,505.4099999999744,378384.3000000004,0.0,0.0,1567.3722800216638,999557.1748561659
1051,2022-11-17,2022,True,102.87671232876713,991,991,1133,632525.5527326429,1495.5190621614913,76650,46,0.0,0.8133197349484835,0.20218928384778115,0.1569846622640764,0.12006591138686208,0.38395057911250263,0.9684964682139253,0.17914499747973311,872029.983918326,0,False,False,True,"{""0"":null,""1"":null,""2"":null,""3"":null}",991.0,1043462.0,991.0,742921.0,991.0,742921.0,843.9281435104785,632525.5527326429,843.9281435104785,0.0,0.0,1495.5190621614456,1001052.6939183273,0.0,23.036519092483083,4.0,2996.0,0.0,0.0,89.1000000051863,66712.09999939527,0.9000000000005457,1903.950000000424,49.55000000288419,37146.04999991824,0.0,0.0,0.0,0.0,0.0,0.0,9.909999999999854,7429.209999999999,495.5,371460.5,0.0,133.0,505.4099999999744,378889.71000000037,0.0,0.0,1495.5190621614456,1001052.6939183273
1052,2022-11-18,2022,True,102.87945205479453,991,991,1133,633369.4808761533,1432.4722880200957,76753,59,0.0,0.7973494154360108,0.20556633825641424,0.15703495463264075,0.12019910363258617,0.38395057911250263,0.9681886982845611,0.2008980455748167,872957.046206346,0,False,False,True,"{""0"":null,""1"":null,""2"":null,""3"":null}",991.0,1044453.0,991.0,743912.0,991.0,743912.0,843.9281435104785,633369.4808761533,843.9281435104785,0.0,0.0,1432.4722880200716,1002485.1662063474,0.0,23.036519092483083,4.0,3000.0,0.0,0.0,89.1000000051863,66801.19999940046,1.8000000000010914,1905.7500000004252,49.55000000288419,37195.59999992113,0.0,0.0,0.0,0.0,0.0,0.0,9.909999999999854,7439.119999999999,495.5,371956.0,0.0,133.0,505.4099999999744,379395.12000000034,0.0,0.0,1432.4722880200716,1002485.1662063474
1053,2022-11-19,2022,False,102.88219178082191,991,0,1133,633369.4808761533,0.0,75900,59,0.0,,,0.15701094389411197,0.12028029131597648,0.38395057911250263,0.9688647830474268,0.12397363895265273,872957.046206346,0,False,False,True,"{""0"":null,""1"":null,""2"":null,""3"":null}",991.0,1045444.0,0.0,743912.0,0.0,743912.0,0.0,633369.4808761533,0.0,0.0,0.0,0.0,1002485.1662063474,0.0,23.036519092483083,0.0,3000.0,0.0,0.0,0.0,66801.19999940046,0.0,1905.7500000004252,0.0,37195.59999992113,0.0,0.0,0.0,0.0,0.0,0.0,0.0,7439.119999999999,0.0,371956.0,0.0,133.0,0.0,379395.12000000034,0.0,0.0,0.0,1002485.1662063474
1054,2022-11-20,2022,False,102.88493150684931,991,0,1133,633369.4808761533,0.0,75900,59,0.0,,,0.157010943894112,0.12028029131597648,0.38395057911250263,0.9688647830474268,0.0740863929256128,872957.046206346,0,False,False,True,"{""0"":null,""1"":null,""2"":null,""3"":null}",991.0,1046435.0,0.0,743912.0,0.0,743912.0,0.0,633369.4808761533,0.0,0.0,0.0,0.0,1002485.1662063474,0.0,23.036519092483083,0.0,3000.0,0.0,0.0,0.0,66801.19999940046,0.0,1905.7500000004252,0.0,37195.59999992113,0.0,0.0,0.0,0.0,0.0,0.0,0.0,7439.119999999999,0.0,371956.0,0.0,133.0,0.0,379395.12000000034,0.0,0.0,0.0,1002485.1662063474
1055,2022-11-21,2022,True,102.88767123287671,990,990,1133,634212.5239113707,1752.107133935746,76896,21,0.25442760779200657,0.8646800056627636,0.12721517445350278,0.15687562560405927,0.11997779371804776,0.3837024868508675,0.968020202020202,0.10267090944333171,874204.2533402818,0,False,False,True,"{""0"":null,""1"":null,""2"":null,""3"":null}",990.0,1047425.0,990.0,744902.0,990.0,744902.0,843.043035217328,634212.5239113707,843.043035217328,0.0,0.0,1752.1071339357877,1004237.2733402832,0.2544276077920067,23.29094670027509,4.0,3004.0,0.0,0.0,89.00000000518048,66890.19999940564,8.850000000005366,1914.6000000004306,49.50000000288128,37245.09999992401,0.0,0.0,0.0,0.0,0.0,0.0,9.899999999999636,7449.019999999999,495.0,372451.0,0.0,133.0,504.9000000000233,379900.02000000037,0.0,0.0,1752.1071339357877,1004237.2733402832
1056,2022-11-22,2022,True,102.89041095890411,990,990,1134,635055.6262951299,1657.9742083667438,76952,35,0.0,0.8315063700548785,0.16704460366466126,0.1568316589338537,0.1194357944113962,0.3837056616803359,0.9681666666666667,0.1300735659547349,875356.3275486485,0,False,False,True,"{""0"":null,""1"":null,""2"":null,""3"":null}",990.0,1048415.0,990.0,745892.0,990.0,745892.0,843.102383759222,635055.6262951299,843.102383759222,0.0,0.0,1657.974208366708,1005895.2475486499,0.0,23.29094670027509,4.0,3008.0,0.0,0.0,89.00000000518048,66979.19999941082,0.0,1914.6000000004306,49.50000000288128,37294.59999992689,0.0,0.0,0.0,0.0,0.0,0.0,9.899999999999636,7458.919999999998,495.0,372946.0,1.0,134.0,504.9000000000233,380404.9200000004,0.0,0.0,1657.974208366708,1005895.2475486499
1057,2022-11-23,2022,True,102.89315068493151,990,990,1134,635898.7286788891,1609.8327927836417,77057,47,0.0,0.8536807916192466,0.14840288419620276,0.15678643591143734,0.1195736157724546,0.3837056616803359,0.9682121212121212,0.15544874558431296,876461.2603414321,0,False,False,True,"{""0"":null,""1"":null,""2"":null,""3"":null}",990.0,1049405.0,990.0,746882.0,990.0,746882.0,843.102383759222,635898.7286788891,843.102383759222,0.0,0.0,1609.8327927836217,1007505.0803414335,0.0,23.29094670027509,4.0,3012.0,0.0,0.0,89.00000000518048,67068.199999416,0.0,1914.6000000004306,49.50000000288128,37344.09999992977,0.0,0.0,0.0,0.0,0.0,0.0,9.899999999999636,7468.819999999998,495.0,373441.0,0.0,134.0,504.9000000000233,380909.8200000004,0.0,0.0,1609.8327927836217,1007505.0803414335
1058,2022-11-24,2022,True,102.8958904109589,990,990,1134,636741.8310626483,1498.8465870516086,77162,53,0.0,0.8344411622818123,0.16188497789678127,0.15675821516512634,0.11960271793534655,0.3837056616803359,0.967929292929293,0.17894060464940792,877455.2069284837,0,False,False,True,"{""0"":null,""1"":null,""2"":null,""3"":null}",990.0,1050395.0,990.0,747872.0,990.0,747872.0,843.102383759222,636741.8310626483,843.102383759222,0.0,0.0,1498.8465870516375,1009003.9269284852,0.0,23.29094670027509,4.0,3016.0,0.0,0.0,89.00000000518048,67157.19999942118,3.15000000000191,1917.7500000004325,49.50000000288128,37393.59999993265,0.0,0.0,0.0,0.0,0.0,0.0,9.899999999999636,7478.7199999999975,495.0,373936.0,0.0,134.0,504.9000000000233,381414.72000000044,0.0,0.0,1498.8465870516375,1009003.9269284852
1059,2022-11-25,2022,True,102.8986301369863,990,990,1134,637584.9334464076,1393.5516078880694,77265,56,0.0,0.8173237820268502,0.18528531897564324,0.1567336423528597,0.11966312880027803,0.3837056616803359,0.9680050505050506,0.20058212661084307,878343.8585363717,0,False,False,True,"{""0"":null,""1"":null,""2"":null,""3"":null}",990.0,1051385.0,990.0,748862.0,990.0,748862.0,843.102383759222,637584.9334464076,843.102383759222,0.0,0.0,1393.5516078880755,1010397.4785363732,0.0,23.29094670027509,4.0,3020.0,0.0,0.0,89.00000000518048,67246.19999942636,2.1000000000012733,1919.8500000004337,49.50000000288128,37443.09999993553,0.0,0.0,0.0,0.0,0.0,0.0,9.899999999999636,7488.619999999997,495.0,374431.0,0.0,134.0,504.9000000000233,381919.62000000046,0.0,0.0,1393.5516078880755,1010397.4785363732
1060,2022-11-26,2022,False,102.9013698630137,990,0,1134,637584.9334464076,0.0,76400,56,0.0,,,0.1567213470018281,0.11980416793404258,0.3837056616803359,0.9687121212121211,0.12357986382754381,878343.8585363717,0,False,False,True,"{""0"":null,""1"":null,""2"":null,""3"":null}",990.0,1052375.0,0.0,748862.0,0.0,748862.0,0.0,637584.9334464076,0.0,0.0,0.0,0.0,1010397.4785363732,0.0,23.29094670027509,0.0,3020.0,0.0,0.0,0.0,67246.19999942636,0.0,1919.8500000004337,0.0,37443.09999993553,0.0,0.0,0.0,0.0,0.0,0.0,0.0,7488.619999999997,0.0,374431.0,0.0,134.0,0.0,381919.62000000046,0.0,0.0,0.0,1010397.4785363732
1061,2022-11-27,2022,False,102.9041095890411,990,0,1134,637584.9334464076,0.0,76400,56,0.0,,,0.1567213470018281,0.11980416793404255,0.3837056616803359,0.9687121212121211,0.0737504002976441,878343.8585363717,0,False,False,True,"{""0"":null,""1"":null,""2"":null,""3"":null}",990.0,1053365.0,0.0,748862.0,0.0,748862.0,0.0,637584.9334464076,0.0,0.0,0.0,0.0,1010397.4785363732,0.0,23.29094670027509,0.0,3020.0,0.0,0.0,0.0,67246.19999942636,0.0,1919.8500000004337,0.0,37443.09999993553,0.0,0.0,0.0,0.0,0.0,0.0,0.0,7488.619999999997,0.0,374431.0,0.0,134.0,0.0,381919.62000000046,0.0,0.0,0.0,1010397.4785363732
1062,2022-11-28,2022,True,102.9068493150685,989,989,1134,638427.2687709344,1774.35234355444,77401,19,0.06633694364265917,0.8585334329243358,0.1423265545104438,0.15649103589762514,0.11942929128587666,0.38345353026008216,0.9680283114256825,0.1030860790110988,879613.8208799262,0,False,False,True,"{""0"":null,""1"":null,""2"":null,""3"":null}",989.0,1054354.0,989.0,749851.0,989.0,749851.0,842.3353245268809,638427.2687709344,842.3353245268809,0.0,0.0,1774.352343554492,1012171.8308799277,0.06633694364266063,23.35728364391775,4.0,3024.0,0.0,0.0,88.90000000517466,67335.09999943154,8.400000000005093,1928.2500000004388,49.45000000287837,37492.54999993841,0.0,0.0,0.0,0.0,0.0,0.0,9.890000000000327,7498.5099999999975,494.5,374925.5,0.0,134.0,504.39000000001397,382424.0100000005,0.0,0.0,1774.352343554492,1012171.8308799277
1063,2022-11-29,2022,True,102.90958904109588,990,990,1135,639270.317484236,1685.8318081743814,77444,32,0.0,0.8505454052980732,0.13963196537421418,0.156602847520969,0.11904998986060669,0.3837056616803359,0.9680151515151516,0.13035141935587677,880793.7526881006,0,False,False,True,"{""0"":null,""1"":null,""2"":null,""3"":null}",990.0,1055344.0,990.0,750841.0,990.0,750841.0,843.0487133015413,639270.317484236,843.0487133015413,0.0,0.0,1685.8318081743782,1013857.6626881021,0.0,23.35728364391775,4.0,3028.0,0.0,0.0,89.00000000518048,67424.09999943672,0.0,1928.2500000004388,49.50000000288128,37542.04999994129,0.0,0.0,0.0,0.0,0.0,0.0,9.899999999999636,7508.409999999997,495.0,375420.5,1.0,135.0,504.9000000000233,382928.9100000005,0.0,0.0,1685.8318081743782,1013857.6626881021
1064,2022-11-30,2022,True,102.91232876712328,991,991,1136,640114.3270512488,1579.7020979010783,77552,48,0.0,0.8337704137213151,0.15559276913593714,0.1566762897983406,0.11867370000979852,0.383953753941971,0.9675529767911201,0.15564687108295883,881867.0447860016,0,False,False,True,"{""0"":null,""1"":null,""2"":null,""3"":null}",991.0,1056335.0,991.0,751832.0,991.0,751832.0,844.0095670127776,640114.3270512488,844.0095670127776,0.0,0.0,1579.7020979010267,1015437.3647860031,0.0,23.35728364391775,4.0,3032.0,0.0,0.0,89.1000000051863,67513.1999994419,0.0,1928.2500000004388,49.55000000288419,37591.59999994418,0.0,0.0,0.0,0.0,0.0,0.0,9.909999999999854,7518.319999999997,495.5,375916.0,1.0,136.0,505.4099999999744,383434.3200000005,0.0,0.0,1579.7020979010267,1015437.3647860031
1065,2022-12-01,2022,True,102.91506849315068,991,991,1136,640958.3366182615,1498.201314329213,77668,49,0.0,0.8425571837046608,0.15044144349908595,0.1566629217181759,0.11876796979064788,0.383953753941971,0.9676690211907165,0.17911097870680598,882859.8361003307,0,False,False,True,"{""0"":null,""1"":null,""2"":null,""3"":null}",991.0,1057326.0,991.0,752823.0,991.0,752823.0,844.0095670127776,640958.3366182615,844.0095670127776,0.0,0.0,1498.2013143291697,1016935.5661003323,0.0,23.35728364391775,4.0,3036.0,0.0,0.0,89.1000000051863,67602.29999944709,2.850000000001728,1931.1000000004406,49.55000000288419,37641.14999994706,0.0,0.0,0.0,0.0,0.0,0.0,9.909999999999854,7528.229999999997,495.5,376411.5,0.0,136.0,505.4099999999744,383939.73000000045,0.0,0.0,1498.2013143291697,1016935.5661003323
1066,2022-12-02,2022,True,102.91780821917808,991,991,1136,641802.3461852743,1421.4079166349227,77763,54,0.0,0.8053946012920558,0.18220113300201113,0.1566402692151022,0.1188338578127645,0.383953753941971,0.9677598385469223,0.20079066110832247,883775.8340169656,0,False,False,True,"{""0"":null,""1"":null,""2"":null,""3"":null}",991.0,1058317.0,991.0,753814.0,991.0,753814.0,844.0095670127776,641802.3461852743,844.0095670127776,0.0,0.0,1421.4079166349256,1018356.9740169672,0.0,23.35728364391775,4.0,3040.0,0.0,0.0,89.1000000051863,67691.39999945227,1.9500000000011823,1933.0500000004417,49.55000000288419,37690.699999949946,0.0,0.0,0.0,0.0,0.0,0.0,9.909999999999854,7538.139999999997,495.5,376907.0,0.0,136.0,505.4099999999744,384445.1400000004,0.0,0.0,1421.4079166349256,1018356.9740169672
1067,2022-12-03,2022,False,102.92054794520548,991,0,1136,641802.3461852743,0.0,76900,54,0.0,,,0.15666887910728908,0.11900374785907147,0.383953753941971,0.9683804238143289,0.12385143274873373,883775.8340169656,0,False,False,True,"{""0"":null,""1"":null,""2"":null,""3"":null}",991.0,1059308.0,0.0,753814.0,0.0,753814.0,0.0,641802.3461852743,0.0,0.0,0.0,0.0,1018356.9740169672,0.0,23.35728364391775,0.0,3040.0,0.0,0.0,0.0,67691.39999945227,0.0,1933.0500000004417,0.0,37690.699999949946,0.0,0.0,0.0,0.0,0.0,0.0,0.0,7538.139999999997,0.0,376907.0,0.0,136.0,0.0,384445.1400000004,0.0,0.0,0.0,1018356.9740169672
1068,2022-12-04,2022,False,102.92328767123287,991,0,1136,641802.3461852743,0.0,76900,54,0.0,,,0.15666887910728908,0.11900374785907147,0.383953753941971,0.9683804238143289,0.07405568073354325,883775.8340169656,0,False,False,True,"{""0"":null,""1"":null,""2"":null,""3"":null}",991.0,1060299.0,0.0,753814.0,0.0,753814.0,0.0,641802.3461852743,0.0,0.0,0.0,0.0,1018356.9740169672,0.0,23.35728364391775,0.0,3040.0,0.0,0.0,0.0,67691.39999945227,0.0,1933.0500000004417,0.0,37690.699999949946,0.0,0.0,0.0,0.0,0.0,0.0,0.0,7538.139999999997,0.0,376907.0,0.0,136.0,0.0,384445.1400000004,0.0,0.0,0.0,1018356.9740169672
1069,2022-12-05,2022,True,102.92602739726027,991,991,1136,642646.3557522871,1774.7160874830206,77901,19,0.03616699247400949,0.8387043847537552,0.1553795633862915,0.15666887910728908,0.11900374785907145,0.383953753941971,0.9677194752774975,0.10329535203783531,885045.1401044485,0,False,False,True,"{""0"":null,""1"":null,""2"":null,""3"":null}",991.0,1061290.0,991.0,754805.0,991.0,754805.0,844.0095670127776,642646.3557522871,844.0095670127776,0.0,0.0,1774.716087482986,1020131.6901044502,0.03616699247400845,23.39345063639176,4.0,3044.0,0.0,0.0,89.1000000051863,67780.49999945746,8.100000000004911,1941.1500000004467,49.55000000288419,37740.24999995283,0.0,0.0,0.0,0.0,0.0,0.0,9.909999999999854,7548.0499999999965,495.5,377402.5,0.0,136.0,505.4099999999744,384950.5500000004,0.0,0.0,1774.716087482986,1020131.6901044502
1070,2022-12-06,2022,True,102.92876712328767,991,991,1136,643490.3653192999,1667.7262747658874,77954,38,0.0,0.8397496425427398,0.15888305030293798,0.1565915782295147,0.11901374360810145,0.383953753941971,0.9681130171543895,0.13062596825346554,886207.4563792144,0,False,False,True,"{""0"":null,""1"":null,""2"":null,""3"":null}",991.0,1062281.0,991.0,755796.0,991.0,755796.0,844.0095670127776,643490.3653192999,844.0095670127776,0.0,0.0,1667.7262747659115,1021799.4163792161,0.0,23.39345063639176,4.0,3048.0,0.0,0.0,89.1000000051863,67869.59999946265,0.0,1941.1500000004467,49.55000000288419,37789.799999955714,0.0,0.0,0.0,0.0,0.0,0.0,9.909999999999854,7557.959999999996,495.5,377898.0,0.0,136.0,505.4099999999744,385455.96000000037,0.0,0.0,1667.7262747659115,1021799.4163792161
1071,2022-12-07,2022,True,102.93150684931507,991,991,1136,644334.3748863126,1586.310496448544,78036,65,0.1321669360914938,0.8518049031621819,0.14460413868604302,0.1565534468520401,0.11911128691762975,0.383953753941971,0.9676992936427851,0.15597012698190768,887288.3568756629,0,False,False,True,"{""0"":null,""1"":null,""2"":null,""3"":null}",991.0,1063272.0,991.0,756787.0,991.0,756787.0,844.0095670127776,644334.3748863126,844.0095670127776,0.0,0.0,1586.3104964485392,1023385.7268756647,0.13216693609149388,23.525617572483252,4.0,3052.0,0.0,0.0,89.1000000051863,67958.69999946783,0.0,1941.1500000004467,49.55000000288419,37839.3499999586,0.0,0.0,0.0,0.0,0.0,0.0,9.909999999999854,7567.869999999996,495.5,378393.5,0.0,136.0,505.4099999999744,385961.37000000034,0.0,0.0,1586.3104964485392,1023385.7268756647
1072,2022-12-08,2022,True,102.93424657534247,991,991,1136,645178.3844533254,1491.2046824745248,78179,63,0.0,0.8285036907109559,0.1739928477041104,0.15654890208161884,0.11925471397847254,0.383953753941971,0.9679364278506559,0.1793819509853679,888274.1515581374,0,False,False,True,"{""0"":null,""1"":null,""2"":null,""3"":null}",991.0,1064263.0,991.0,757778.0,991.0,757778.0,844.0095670127776,645178.3844533254,844.0095670127776,0.0,0.0,1491.2046824744903,1024876.9315581392,0.0,23.525617572483252,4.0,3056.0,0.0,0.0,89.1000000051863,68047.79999947302,2.850000000001728,1944.0000000004484,49.55000000288419,37888.89999996148,0.0,0.0,0.0,0.0,0.0,0.0,9.909999999999854,7577.779999999996,495.5,378889.0,0.0,136.0,505.4099999999744,386466.7800000003,0.0,0.0,1491.2046824744903,1024876.9315581392
1073,2022-12-09,2022,True,102.93698630136986,990,990,1136,646021.5763748839,1427.9466981489643,78267,67,0.0,0.8283998522093963,0.18264563312603377,0.15656832209804106,0.11954179934873851,0.3837056616803359,0.9678888888888889,0.20121483032683596,889197.1982562863,0,False,False,True,"{""0"":null,""1"":null,""2"":null,""3"":null}",990.0,1065253.0,990.0,758768.0,990.0,758768.0,843.191921558464,646021.5763748839,843.191921558464,0.0,0.0,1427.9466981489677,1026304.8782562881,0.0,23.525617572483252,4.0,3060.0,0.0,0.0,89.00000000518048,68136.7999994782,2.850000000001728,1946.85000000045,49.50000000288128,37938.399999964364,0.0,0.0,0.0,0.0,0.0,0.0,9.899999999999636,7587.679999999996,495.0,379384.0,0.0,136.0,504.9000000000233,386971.68000000034,0.0,0.0,1427.9466981489677,1026304.8782562881
1074,2022-12-10,2022,False,102.93972602739726,989,0,1136,646021.5763748839,0.0,77400,67,0.0,,,0.15647843335150208,0.11955059417171152,0.38369506348558924,0.968695652173913,0.12426889334062943,889197.1982562863,0,False,False,True,"{""0"":null,""1"":null,""2"":null,""3"":null}",989.0,1066242.0,0.0,758768.0,0.0,758768.0,0.0,646021.5763748839,0.0,0.0,0.0,0.0,1026304.8782562881,0.0,23.525617572483252,0.0,3060.0,0.0,0.0,0.0,68136.7999994782,0.0,1946.85000000045,0.0,37938.399999964364,0.0,0.0,0.0,0.0,0.0,0.0,0.0,7587.679999999996,0.0,379384.0,0.0,136.0,0.0,386971.68000000034,0.0,0.0,0.0,1026304.8782562881
1075,2022-12-11,2022,False,102.94246575342466,989,0,1136,646021.5763748839,0.0,77400,67,0.0,,,0.15647843335150208,0.11955059417171152,0.38369506348558924,0.968695652173913,0.07450060853641802,889197.1982562863,0,False,False,True,"{""0"":null,""1"":null,""2"":null,""3"":null}",989.0,1067231.0,0.0,758768.0,0.0,758768.0,0.0,646021.5763748839,0.0,0.0,0.0,0.0,1026304.8782562881,0.0,23.525617572483252,0.0,3060.0,0.0,0.0,0.0,68136.7999994782,0.0,1946.85000000045,0.0,37938.399999964364,0.0,0.0,0.0,0.0,0.0,0.0,0.0,7587.679999999996,0.0,379384.0,0.0,136.0,0.0,386971.68000000034,0.0,0.0,0.0,1026304.8782562881
1076,2022-12-12,2022,True,102.94520547945206,989,989,1136,646863.947178009,1770.659728588334,78424,15,0.0,0.8554949501437081,0.15406555013184348,0.15647843335150208,0.11955059417171154,0.38369506348558924,0.9681243680485339,0.10378401423642063,890463.4679848746,0,False,False,True,"{""0"":null,""1"":null,""2"":null,""3"":null}",989.0,1068220.0,989.0,759757.0,989.0,759757.0,842.3708031250862,646863.947178009,842.3708031250862,0.0,0.0,1770.6597285883036,1028075.5379848764,0.0,23.525617572483252,4.0,3064.0,0.0,0.0,88.90000000517466,68225.69999948337,10.050000000006094,1956.9000000004562,49.45000000287837,37987.84999996724,0.0,0.0,0.0,0.0,0.0,0.0,9.890000000000327,7597.569999999996,494.5,379878.5,0.0,136.0,504.39000000001397,387476.07000000036,0.0,0.0,1770.6597285883036,1028075.5379848764
1077,2022-12-13,2022,True,102.94794520547946,989,989,1136,647706.317981134,1670.0899265494597,78443,33,0.0,0.8383658871101549,0.1655669704978571,0.156472511690231,0.11966798382922705,0.38369506348558924,0.9684074823053589,0.13116505328911027,891629.1679114241,0,False,False,True,"{""0"":null,""1"":null,""2"":null,""3"":null}",989.0,1069209.0,989.0,760746.0,989.0,760746.0,842.3708031250862,647706.317981134,842.3708031250862,0.0,0.0,1670.0899265494663,1029745.6279114259,0.0,23.525617572483252,4.0,3068.0,0.0,0.0,88.90000000517466,68314.59999948855,0.0,1956.9000000004562,49.45000000287837,38037.29999997012,0.0,0.0,0.0,0.0,0.0,0.0,9.890000000000327,7607.459999999996,494.5,380373.0,0.0,136.0,504.39000000001397,387980.46000000037,0.0,0.0,1670.0899265494663,1029745.6279114259
1078,2022-12-14,2022,True,102.95068493150686,989,989,1136,648548.6887842591,1607.150798788476,78546,50,0.1731842374747176,0.84330827807126,0.1434787345405182,0.15644568685849264,0.11972194023425135,0.38369506348558924,0.9682153690596561,0.15661095199912858,892731.9287102126,0,False,False,True,"{""0"":null,""1"":null,""2"":null,""3"":null}",989.0,1070198.0,989.0,761735.0,989.0,761735.0,842.3708031250862,648548.6887842591,842.3708031250862,0.0,0.0,1607.150798788527,1031352.7787102144,0.17318423747471812,23.69880180995797,4.0,3072.0,0.0,0.0,88.90000000517466,68403.49999949372,0.0,1956.9000000004562,49.45000000287837,38086.749999973,0.0,0.0,0.0,0.0,0.0,0.0,9.890000000000327,7617.349999999997,494.5,380867.5,0.0,136.0,504.39000000001397,388484.8500000004,0.0,0.0,1607.150798788527,1031352.7787102144
1079,2022-12-15,2022,True,102.95342465753424,988,988,1136,649390.1879682568,1499.1702463960285,78662,57,0.12443413583411668,0.825072190661591,0.16419110985931445,0.1563389375846403,0.11976434687294206,0.383760893210912,0.9681578947368421,0.18012466052771348,893727.2189566086,0,False,False,True,"{""0"":null,""1"":null,""2"":null,""3"":null}",988.0,1071186.0,988.0,762723.0,988.0,762723.0,841.4991839976283,649390.1879682568,841.4991839976283,0.0,0.0,1499.170246395981,1032851.9489566104,0.12443413583411811,23.82323594579209,4.0,3076.0,0.0,0.0,88.80000000516884,68492.2999994989,2.2500000000013642,1959.1500000004576,49.40000000287546,38136.149999975874,0.0,0.0,0.0,0.0,0.0,0.0,9.88000000000011,7627.229999999997,494.0,381361.5,0.0,136.0,503.88000000000466,388988.7300000004,0.0,0.0,1499.170246395981,1032851.9489566104
1080,2022-12-16,2022,True,102.95616438356164,988,988,1136,650231.6871522544,1426.1473242839827,78770,57,0.2293739743455101,0.8280229816030293,0.1628850732601449,0.15634792224535948,0.11986464856299621,0.383760893210912,0.9682894736842105,0.2018392510196531,894649.4862808925,0,False,False,True,"{""0"":null,""1"":null,""2"":null,""3"":null}",988.0,1072174.0,988.0,763711.0,988.0,763711.0,841.4991839976283,650231.6871522544,841.4991839976283,0.0,0.0,1426.1473242839566,1034278.0962808944,0.22937397434550988,24.0526099201376,4.0,3080.0,0.0,0.0,88.80000000516884,68581.09999950406,2.700000000001637,1961.8500000004592,49.40000000287546,38185.54999997875,0.0,0.0,0.0,0.0,0.0,0.0,9.88000000000011,7637.109999999997,494.0,381855.5,0.0,136.0,503.88000000000466,389492.6100000004,0.0,0.0,1426.1473242839566,1034278.0962808944
1081,2022-12-17,2022,False,102.95890410958904,988,0,1136,650231.6871522544,0.0,77900,57,0.0,,,0.15630468705280465,0.1199619338444897,0.383760893210912,0.9689726720647773,0.12492816204508034,894649.4862808925,0,False,False,True,"{""0"":null,""1"":null,""2"":null,""3"":null}",988.0,1073162.0,0.0,763711.0,0.0,763711.0,0.0,650231.6871522544,0.0,0.0,0.0,0.0,1034278.0962808944,0.0,24.0526099201376,0.0,3080.0,0.0,0.0,0.0,68581.09999950406,0.0,1961.8500000004592,0.0,38185.54999997875,0.0,0.0,0.0,0.0,0.0,0.0,0.0,7637.109999999997,0.0,381855.5,0.0,136.0,0.0,389492.6100000004,0.0,0.0,0.0,1034278.0962808944
1082,2022-12-18,2022,False,102.96164383561644,988,0,1136,650231.6871522544,0.0,77900,57,0.0,,,0.15630468705280465,0.1199619338444897,0.383760893210912,0.9689726720647773,0.07503772047246296,894649.4862808925,0,False,False,True,"{""0"":null,""1"":null,""2"":null,""3"":null}",988.0,1074150.0,0.0,763711.0,0.0,763711.0,0.0,650231.6871522544,0.0,0.0,0.0,0.0,1034278.0962808944,0.0,24.0526099201376,0.0,3080.0,0.0,0.0,0.0,68581.09999950406,0.0,1961.8500000004592,0.0,38185.54999997875,0.0,0.0,0.0,0.0,0.0,0.0,0.0,7637.109999999997,0.0,381855.5,0.0,136.0,0.0,389492.6100000004,0.0,0.0,0.0,1034278.0962808944
1083,2022-12-19,2022,True,102.96438356164384,988,988,1136,651073.186336252,1760.8523913636016,78905,16,0.0,0.8432013140597406,0.1629275715886798,0.15630468705280465,0.11996193384448971,0.383760893210912,0.9683805668016194,0.10433452900583864,895906.4586722561,0,False,False,True,"{""0"":null,""1"":null,""2"":null,""3"":null}",988.0,1075138.0,988.0,764699.0,988.0,764699.0,841.4991839976283,651073.186336252,841.4991839976283,0.0,0.0,1760.8523913635872,1036038.948672258,0.0,24.0526099201376,4.0,3084.0,0.0,0.0,88.80000000516884,68669.89999950923,8.550000000005184,1970.4000000004644,49.40000000287546,38234.949999981625,0.0,0.0,0.0,0.0,0.0,0.0,9.88000000000011,7646.989999999997,494.0,382349.5,0.0,136.0,503.88000000000466,389996.4900000004,0.0,0.0,1760.8523913635872,1036038.948672258
1084,2022-12-20,2022,True,102.96712328767123,987,987,1136,651913.7583278619,1655.5781617244363,78947,37,0.0,0.84101393728223,0.1640379788796959,0.15620408376197625,0.11985767211908943,0.3837502950161654,0.9685815602836879,0.13149736826477654,897058.6668339806,0,False,False,True,"{""0"":null,""1"":null,""2"":null,""3"":null}",987.0,1076125.0,987.0,765686.0,987.0,765686.0,840.5719916098751,651913.7583278619,840.5719916098751,0.0,0.0,1655.5781617244938,1037694.5268339824,0.0,24.0526099201376,4.0,3088.0,0.0,0.0,88.70000000516302,68758.5999995144,0.0,1970.4000000004644,49.35000000287255,38284.2999999845,0.0,0.0,0.0,0.0,0.0,0.0,9.86999999999989,7656.859999999997,493.5,382843.0,0.0,136.0,503.36999999999534,390499.8600000004,0.0,0.0,1655.5781617244938,1037694.5268339824
1085,2022-12-21,2022,True,102.96986301369863,987,987,1136,652754.3303194718,1554.4272353190804,79045,59,0.25155612450067394,0.8391153144184503,0.16290582874501613,0.15617754065044942,0.11996954597749845,0.3837502950161654,0.9682674772036474,0.1568867648988359,898109.7240692996,0,False,False,True,"{""0"":null,""1"":null,""2"":null,""3"":null}",987.0,1077112.0,987.0,766673.0,987.0,766673.0,840.5719916098751,652754.3303194718,840.5719916098751,0.0,0.0,1554.4272353190463,1039248.9540693015,0.25155612450067366,24.304166044638272,4.0,3092.0,0.0,0.0,88.70000000516302,68847.29999951956,0.0,1970.4000000004644,49.35000000287255,38333.64999998737,0.0,0.0,0.0,0.0,0.0,0.0,9.86999999999989,7666.729999999997,493.5,383336.5,0.0,136.0,503.36999999999534,391003.2300000004,0.0,0.0,1554.4272353190463,1039248.9540693015
1086,2022-12-22,2022,True,102.97260273972603,985,985,1136,653593.2638673402,1528.365670920894,79151,67,0.12314564696217777,0.8144285714285714,0.1740746794946641,0.15651247248159758,0.12024321859105455,0.3841440947955204,0.9681218274111676,0.1804301683769698,899135.7397402206,0,False,False,True,"{""0"":null,""1"":null,""2"":null,""3"":null}",985.0,1078097.0,985.0,767658.0,985.0,767658.0,838.9335478683934,653593.2638673402,838.9335478683934,0.0,0.0,1528.3656709209317,1040777.3197402224,0.123145646962179,24.42731169160045,4.0,3096.0,0.0,0.0,88.50000000515138,68935.79999952471,2.400000000001455,1972.8000000004658,49.25000000286673,38382.89999999024,0.0,0.0,0.0,0.0,0.0,0.0,9.850000000000364,7676.579999999997,492.5,383829.0,0.0,136.0,502.3499999999767,391505.58000000037,0.0,0.0,1528.3656709209317,1040777.3197402224
1087,2022-12-23,2022,True,102.97534246575343,985,985,1136,654432.1974152086,1461.6377245679419,79262,67,0.0,0.8,0.1917261168063891,0.1565056707391836,0.1203264161098059,0.3841440947955204,0.9681370558375635,0.20215419176249844,900095.0274647885,0,False,False,True,"{""0"":null,""1"":null,""2"":null,""3"":null}",985.0,1079082.0,985.0,768643.0,985.0,768643.0,838.9335478683934,654432.1974152086,838.9335478683934,0.0,0.0,1461.6377245679032,1042238.9574647903,0.0,24.42731169160045,4.0,3100.0,0.0,0.0,88.50000000515138,69024.29999952986,3.15000000000191,1975.9500000004678,49.25000000286673,38432.149999993104,0.0,0.0,0.0,0.0,0.0,0.0,9.850000000000364,7686.429999999998,492.5,384321.5,0.0,136.0,502.3499999999767,392007.93000000034,0.0,0.0,1461.6377245679032,1042238.9574647903
1088,2022-12-24,2022,False,102.97808219178083,985,0,1136,654432.1974152086,0.0,78400,67,0.0,,,0.15646372061490338,0.12033336172042026,0.3841440947955204,0.9689492385786802,0.12514269076325277,900095.0274647885,0,False,False,True,"{""0"":null,""1"":null,""2"":null,""3"":null}",985.0,1080067.0,0.0,768643.0,0.0,768643.0,0.0,654432.1974152086,0.0,0.0,0.0,0.0,1042238.9574647903,0.0,24.42731169160045,0.0,3100.0,0.0,0.0,0.0,69024.29999952986,0.0,1975.9500000004678,0.0,38432.149999993104,0.0,0.0,0.0,0.0,0.0,0.0,0.0,7686.429999999998,0.0,384321.5,0.0,136.0,0.0,392007.93000000034,0.0,0.0,0.0,1042238.9574647903
1089,2022-12-25,2022,False,102.98082191780821,985,0,1136,654432.1974152086,0.0,78400,67,0.0,,,0.1564637206149034,0.12033336172042028,0.3841440947955204,0.9689492385786802,0.07527100838521555,900095.0274647885,0,False,False,True,"{""0"":null,""1"":null,""2"":null,""3"":null}",985.0,1081052.0,0.0,768643.0,0.0,768643.0,0.0,654432.1974152086,0.0,0.0,0.0,0.0,1042238.9574647903,0.0,24.42731169160045,0.0,3100.0,0.0,0.0,0.0,69024.29999952986,0.0,1975.9500000004678,0.0,38432.149999993104,0.0,0.0,0.0,0.0,0.0,0.0,0.0,7686.429999999998,0.0,384321.5,0.0,136.0,0.0,392007.93000000034,0.0,0.0,0.0,1042238.9574647903
1090,2022-12-26,2022,True,102.98356164383561,985,985,1136,655271.130963077,1734.8354858452894,79416,20,0.0,0.8659591836734695,0.11685338486327443,0.1564637206149034,0.12033336172042025,0.3841440947955204,0.9683807106598985,0.10462249668184043,901327.5129506339,0,False,False,True,"{""0"":null,""1"":null,""2"":null,""3"":null}",985.0,1082037.0,985.0,769628.0,985.0,769628.0,838.9335478683934,655271.130963077,838.9335478683934,0.0,0.0,1734.8354858453386,1043973.7929506357,0.0,24.42731169160045,4.0,3104.0,0.0,0.0,88.50000000515138,69112.79999953501,10.050000000006094,1986.0000000004738,49.25000000286673,38481.39999999597,0.0,0.0,0.0,0.0,0.0,0.0,9.850000000000364,7696.279999999998,492.5,384814.0,0.0,136.0,502.3499999999767,392510.2800000003,0.0,0.0,1734.8354858453386,1043973.7929506357
1091,2022-12-27,2022,True,102.98630136986301,985,985,1136,656110.0645109453,1639.2837818236776,79446,40,0.0,0.8194285714285714,0.1744375102164725,0.15652541519779511,0.120497894022227,0.3841440947955204,0.9686598984771574,0.1320805532613487,902464.4467324576,0,False,False,True,"{""0"":null,""1"":null,""2"":null,""3"":null}",985.0,1083022.0,985.0,770613.0,985.0,770613.0,838.9335478683934,656110.0645109453,838.9335478683934,0.0,0.0,1639.2837818237022,1045613.0767324594,0.0,24.42731169160045,4.0,3108.0,0.0,0.0,88.50000000515138,69201.29999954016,0.0,1986.0000000004738,49.25000000286673,38530.64999999884,0.0,0.0,0.0,0.0,0.0,0.0,9.850000000000364,7706.129999999998,492.5,385306.5,0.0,136.0,502.3499999999767,393012.6300000003,0.0,0.0,1639.2837818237022,1045613.0767324594
1092,2022-12-28,2022,True,102.98904109589041,985,985,1136,656948.9980588137,1609.200335436476,79549,52,0.0,0.8498775510204082,0.1481744623216496,0.1564896516469062,0.1205658827482538,0.3841440947955204,0.9685177664974619,0.15748668509764582,903571.2970678941,0,False,False,True,"{""0"":null,""1"":null,""2"":null,""3"":null}",985.0,1084007.0,985.0,771598.0,985.0,771598.0,838.9335478683934,656948.9980588137,838.9335478683934,0.0,0.0,1609.2003354365006,1047222.2770678959,0.0,24.42731169160045,4.0,3112.0,0.0,0.0,88.50000000515138,69289.79999954531,0.0,1986.0000000004738,49.25000000286673,38579.900000001704,0.0,0.0,0.0,0.0,0.0,0.0,9.850000000000364,7715.979999999999,492.5,385799.0,0.0,136.0,502.3499999999767,393514.9800000003,0.0,0.0,1609.2003354365006,1047222.2770678959
1093,2022-12-29,2022,True,102.99178082191781,985,985,1136,657787.9316066821,1502.554587843417,79665,43,0.0,0.8133673469387755,0.19138109193657615,0.15643967582248602,0.12062707890650934,0.3841440947955204,0.9685837563451776,0.18096103171801034,904571.5016557375,0,False,False,True,"{""0"":null,""1"":null,""2"":null,""3"":null}",985.0,1084992.0,985.0,772583.0,985.0,772583.0,838.9335478683934,657787.9316066821,838.9335478683934,0.0,0.0,1502.5545878434787,1048724.8316557393,0.0,24.42731169160045,4.0,3116.0,0.0,0.0,88.50000000515138,69378.29999955047,3.000000000001819,1989.0000000004757,49.25000000286673,38629.15000000457,0.0,0.0,0.0,0.0,0.0,0.0,9.850000000000364,7725.829999999999,492.5,386291.5,0.0,136.0,502.3499999999767,394017.33000000025,0.0,0.0,1502.5545878434787,1048724.8316557393
1094,2022-12-30,2022,True,102.9945205479452,985,985,1136,658626.8651545505,1431.2069902262888,79774,35,0.0,0.8174489795918367,0.19566471288793405,0.15639304695540152,0.12072747450812896,0.3841440947955204,0.9687969543147208,0.2026662565360211,905500.3586459638,0,False,False,True,"{""0"":null,""1"":null,""2"":null,""3"":null}",985.0,1085977.0,985.0,773568.0,985.0,773568.0,838.9335478683934,658626.8651545505,838.9335478683934,0.0,0.0,1431.2069902264047,1050156.0386459657,0.0,24.42731169160045,4.0,3120.0,0.0,0.0,88.50000000515138,69466.79999955562,3.000000000001819,1992.0000000004775,49.25000000286673,38678.40000000744,0.0,0.0,0.0,0.0,0.0,0.0,9.850000000000364,7735.679999999999,492.5,386784.0,0.0,136.0,502.3499999999767,394519.6800000002,0.0,0.0,1431.2069902264047,1050156.0386459657
1095,2022-12-31,2022,False,102.9972602739726,985,0,1136,658626.8651545505,0.0,78900,35,0.0,,,0.1564425248278515,0.12087337195092596,0.3841440947955204,0.9694111675126904,0.12562148130507642,905500.3586459638,0,False,False,True,"{""0"":null,""1"":null,""2"":null,""3"":null}",985.0,1086962.0,0.0,773568.0,0.0,773568.0,0.0,658626.8651545505,0.0,0.0,0.0,0.0,1050156.0386459657,0.0,24.42731169160045,0.0,3120.0,0.0,0.0,0.0,69466.79999955562,0.0,1992.0000000004775,0.0,38678.40000000744,0.0,0.0,0.0,0.0,0.0,0.0,0.0,7735.679999999999,0.0,386784.0,0.0,136.0,0.0,394519.6800000002,0.0,0.0,0.0,1050156.0386459657
