decision_errors,decisions_completed,max_individual_time_booked_hours,produced_work_units,effort_hours,cooperation_units,decision_regret_units,backlog_peak_records,review_hours,verification_resource_units,reviews_rejected,fraudulent_records_detected,honest_records_rejected,confirmed_records,fraudulent_records_accepted,appeal_hours,corrections,appeals_denied,model_version,world,regime,backend,attack,n,days_completed,update_interval_days,confirmation_mean_days,confirmation_p95_days,appeal_mean_days,unfinished_records,unfinished_appeals,last_authority_contribution_tv,last_signed_gini_gap,attack_budget_setting,fraudulent_records_submitted,attack_budget_hours,attack_hours_consumed,duplicate_records_rejected,censored_records,protection_assumption,stress_kind,quorum_unavailable_days
17.0,240.0,1.0000000000000002,3898.5145501746924,3866.2339147272005,2266.4128496041462,2.8871574897912624,908,637.2000000000763,0.0,1400.0,0.0,1400.0,5000.0,0.0,16.350000000000023,107.0,1.0,0.1.0,2000,equal,central,none,120,60,1,4.8934,8.0,7.570093457943925,908,6,0.16709291318862585,-0.22757131256115967,2.0,,,,,,,,
16.0,240.0,1.0000000000000002,3956.780726054831,3816.7599416616727,2207.2118057190446,2.6015281879409096,913,637.2000000000763,0.0,1663.0,424.0,1239.0,4757.0,207.0,62.39999999999959,132.0,283.0,0.1.0,2000,equal,central,forge,120,60,1,5.095858734496532,8.0,12.204545454545455,913,6,0.16806060577071918,-0.23005056991254183,2.0,600.0,20.0,20.0,,,,,
17.0,240.0,1.0000000000000002,3885.8692345840536,3834.0707258343573,2227.4873882347088,2.8871574897912624,1514,637.2000000000763,0.0,1382.0,0.0,1382.0,4538.0,0.0,15.900000000000027,99.0,,0.1.0,2000,equal,central,duplicate,120,60,1,7.71308946672543,13.0,10.252525252525253,1514,6,0.16496575513013106,-0.2246730024421064,2.0,,20.0,20.0,472.0,,,,
17.0,240.0,1.0000000000000002,3854.9876762724853,3843.055114130721,2065.8565404468477,2.8871574897912624,908,637.2000000000763,0.0,1423.0,0.0,1423.0,4978.0,0.0,16.50000000000002,108.0,1.0,0.1.0,2000,equal,central,freeride,120,60,1,4.899758939333066,8.0,7.592592592592593,908,6,0.16657783012036342,-0.2270422212399409,2.0,,20.0,20.0,,,,,
17.0,240.0,1.0000000000000002,3848.78361970832,3844.7471504794303,2242.840075468323,2.8871574897912624,903,637.2000000000763,0.0,1418.0,0.0,1418.0,4982.0,0.0,16.50000000000002,108.0,1.0,0.1.0,2000,equal,central,censor,120,60,1,4.863107185869129,8.0,7.564814814814815,903,6,0.16679033520077485,-0.22763615844528223,2.0,,20.0,20.0,,6.0,,,
17.0,240.0,1.0000000000000002,3898.5145501746924,3866.2339147272005,2266.4128496041462,2.8871574897912624,908,637.2000000000763,0.0,1400.0,0.0,1400.0,5000.0,0.0,16.350000000000023,107.0,1.0,0.1.0,2000,equal,central,none,120,60,1,4.8934,8.0,7.570093457943925,908,6,0.16709291318862585,-0.22757131256115967,8.0,,,,,,,,
16.0,240.0,1.0000000000000002,3819.032145921186,3749.4920879689585,2146.5975380320533,2.51190925007786,913,637.2000000000763,0.0,1735.0,419.0,1316.0,4682.0,212.0,63.14999999999958,129.0,291.0,0.1.0,2000,equal,central,forge,120,60,1,5.083297736010252,8.0,12.170542635658915,913,6,0.17168588775152183,-0.2347004532012622,8.0,600.0,80.0,80.0,,,,,
18.0,240.0,1.0000000000000002,3782.8143528986916,3755.492643115316,2156.675569567209,3.0752650753850457,1515,637.2000000000763,0.0,1592.0,0.0,1592.0,4391.0,0.0,15.300000000000026,96.0,,0.1.0,2000,equal,central,duplicate,120,60,1,7.643589159644728,13.0,10.177083333333334,1515,5,0.17116424971219849,-0.23237130925527671,8.0,,80.0,80.0,404.0,,,,
16.0,240.0,1.0000000000000002,3821.840217660105,3765.8751664180095,2063.8875232251025,2.6015281879409096,909,637.2000000000763,0.0,1488.0,0.0,1488.0,4911.0,0.0,16.350000000000023,107.0,1.0,0.1.0,2000,equal,central,freeride,120,60,1,4.919364691508858,8.0,7.598130841121495,909,6,0.1673000653871088,-0.22813972214419262,8.0,,80.0,80.0,,,,,
18.0,240.0,1.0000000000000002,3757.230223829378,3769.112923175012,2176.673088377792,3.0752650753850457,875,637.2000000000763,0.0,1548.0,0.0,1548.0,4835.0,0.0,15.750000000000027,103.0,1.0,0.1.0,2000,equal,central,censor,120,60,1,4.663702171664943,7.0,7.330097087378641,875,6,0.16985746161903212,-0.23104771015401726,8.0,,80.0,80.0,,46.0,,,
21.0,240.0,1.0000000000000002,3716.538543978708,3822.1651102557576,2231.443792759687,4.849770932420886,909,637.2000000000763,0.0,1463.0,0.0,1463.0,4938.0,0.0,16.65000000000002,109.0,1.0,0.1.0,2000,linear,central,none,120,60,1,4.897731875253139,8.0,7.614678899082569,909,6,0.0,-2.0816681711721685e-17,2.0,,,,,,,,
21.0,240.0,1.0000000000000002,3765.005301458652,3765.365064649801,2163.7062551042786,5.253761574982396,914,637.2000000000763,0.0,1729.0,426.0,1303.0,4687.0,202.0,60.8999999999996,129.0,276.0,0.1.0,2000,linear,central,forge,120,60,1,5.079795178152336,8.0,11.674418604651162,914,6,0.0,6.938893903907228e-18,2.0,600.0,20.0,20.0,,,,,
20.0,240.0,1.0000000000000002,3706.9085485703317,3786.155826026177,2190.1535497321165,4.764900311459748,1512,637.2000000000763,0.0,1478.0,0.0,1478.0,4452.0,0.0,15.750000000000027,98.0,,0.1.0,2000,linear,central,duplicate,120,60,1,7.688005390835579,13.0,10.224489795918368,1512,6,0.0,1.3877787807814457e-17,2.0,,20.0,20.0,463.0,,,,
21.0,240.0,1.0000000000000002,3685.080476553862,3796.779331102626,2036.9539614557925,4.849770932420886,909,637.2000000000763,0.0,1502.0,0.0,1502.0,4899.0,0.0,16.65000000000002,109.0,1.0,0.1.0,2000,linear,central,freeride,120,60,1,4.903449683608899,8.0,7.614678899082569,909,6,0.0,-1.3877787807814457e-17,2.0,,20.0,20.0,,,,,
21.0,240.0,1.0000000000000002,3679.299386794303,3801.0758878003244,2211.4731781694672,4.849770932420886,905,637.2000000000763,0.0,1500.0,0.0,1500.0,4898.0,0.0,16.50000000000002,108.0,1.0,0.1.0,2000,linear,central,censor,120,60,1,4.862801143323805,8.0,7.583333333333333,905,6,0.0,-6.938893903907228e-18,2.0,,20.0,20.0,,6.0,,,
21.0,240.0,1.0000000000000002,3716.538543978708,3822.1651102557576,2231.443792759687,4.849770932420886,909,637.2000000000763,0.0,1463.0,0.0,1463.0,4938.0,0.0,16.65000000000002,109.0,1.0,0.1.0,2000,linear,central,none,120,60,1,4.897731875253139,8.0,7.614678899082569,909,6,0.0,-2.0816681711721685e-17,8.0,,,,,,,,
20.0,240.0,1.0000000000000002,3644.148408420674,3701.893753827354,2109.2494739574886,4.951379344459554,915,637.2000000000763,0.0,1810.0,420.0,1390.0,4603.0,209.0,61.649999999999594,127.0,283.0,0.1.0,2000,linear,central,forge,120,60,1,5.071040625678905,8.0,11.826771653543307,915,6,0.0,1.3877787807814457e-17,8.0,600.0,80.0,80.0,,,,,
18.0,240.0,1.0000000000000002,3611.8599577322784,3707.9691707917564,2119.2146049831717,4.274410495343123,1512,637.2000000000763,0.0,1691.0,0.0,1691.0,4303.0,0.0,15.300000000000026,96.0,,0.1.0,2000,linear,central,duplicate,120,60,1,7.614455031373461,13.0,10.177083333333334,1512,6,0.0,1.3877787807814457e-17,8.0,,80.0,80.0,396.0,,,,
21.0,240.0,1.0000000000000002,3653.4214674195155,3718.5996368544497,2033.8274631517456,4.849770932420886,914,637.2000000000763,0.0,1563.0,0.0,1563.0,4832.0,0.0,16.50000000000002,108.0,1.0,0.1.0,2000,linear,central,freeride,120,60,1,4.91887417218543,8.0,7.611111111111111,914,6,0.0,-2.0816681711721685e-17,8.0,,80.0,80.0,,,,,
21.0,240.0,1.0000000000000002,3600.2547774994746,3728.202241659268,2150.8129707600224,4.849770932420886,873,637.2000000000763,0.0,1626.0,0.0,1626.0,4759.0,0.0,15.750000000000027,103.0,1.0,0.1.0,2000,linear,central,censor,120,60,1,4.66190376129439,7.0,7.330097087378641,873,6,0.0,0.0,8.0,,80.0,80.0,,46.0,,,
21.0,240.0,1.0000000000000002,3746.4803544846545,3835.487819943469,2239.214288020058,4.666985123375532,907,637.2000000000763,0.0,1448.0,0.0,1448.0,4956.0,0.0,16.80000000000002,110.0,1.0,0.1.0,2000,sublinear,central,none,120,60,1,4.893058918482647,8.0,7.627272727272727,907,6,0.028633793750990198,-0.038580446034522396,2.0,,,,,,,,
22.0,240.0,1.0000000000000002,3796.4648582404307,3780.4682192101213,2172.0129459591526,5.371566686666144,913,637.2000000000763,0.0,1704.0,426.0,1278.0,4713.0,202.0,61.499999999999595,129.0,280.0,0.1.0,2000,sublinear,central,forge,120,60,1,5.0829620199448335,8.0,11.837209302325581,913,6,0.02879861398665154,-0.03925767169953162,2.0,600.0,20.0,20.0,,,,,
22.0,240.0,1.0000000000000002,3738.3912231598733,3798.2334356049278,2195.47526022981,4.944711646832365,1511,637.2000000000763,0.0,1463.0,0.0,1463.0,4469.0,0.0,15.750000000000027,98.0,,0.1.0,2000,sublinear,central,duplicate,120,60,1,7.688968449317521,13.0,10.214285714285714,1511,6,0.0277935153740787,-0.03787082968202594,2.0,,20.0,20.0,462.0,,,,
21.0,240.0,1.0000000000000002,3713.1476361576947,3811.4379432307137,2042.4705507010997,4.666985123375532,907,637.2000000000763,0.0,1480.0,0.0,1480.0,4923.0,0.0,16.65000000000002,109.0,1.0,0.1.0,2000,sublinear,central,freeride,120,60,1,4.900670322973797,8.0,7.614678899082569,907,6,0.028723573602329508,-0.03868060281482376,2.0,,20.0,20.0,,,,,
21.0,240.0,1.0000000000000002,3709.0596501712985,3813.7807801288714,2217.005939516272,4.666985123375532,904,637.2000000000763,0.0,1479.0,0.0,1479.0,4919.0,0.0,16.350000000000023,107.0,1.0,0.1.0,2000,sublinear,central,censor,120,60,1,4.860744053669445,8.0,7.570093457943925,904,6,0.028686157386335953,-0.03856428715711225,2.0,,20.0,20.0,,6.0,,,
21.0,240.0,1.0000000000000002,3746.4803544846545,3835.487819943469,2239.214288020058,4.666985123375532,907,637.2000000000763,0.0,1448.0,0.0,1448.0,4956.0,0.0,16.80000000000002,110.0,1.0,0.1.0,2000,sublinear,central,none,120,60,1,4.893058918482647,8.0,7.627272727272727,907,6,0.028633793750990198,-0.038580446034522396,8.0,,,,,,,,
20.0,240.0,1.0000000000000002,3675.9279706327957,3718.158916116118,2119.541682826089,4.617380218549852,915,637.2000000000763,0.0,1773.0,419.0,1354.0,4641.0,211.0,61.94999999999959,128.0,284.0,0.1.0,2000,sublinear,central,forge,120,60,1,5.0743374272786035,8.0,11.8515625,915,6,0.029566686667861834,-0.03999697305542391,8.0,600.0,80.0,80.0,,,,,
19.0,240.0,1.0000000000000002,3640.3785882334555,3721.616274862098,2127.390192595907,4.466607182436788,1511,637.2000000000763,0.0,1664.0,0.0,1664.0,4328.0,0.0,15.300000000000026,96.0,,0.1.0,2000,sublinear,central,duplicate,120,60,1,7.620841035120148,13.0,10.177083333333334,1511,6,0.029207652592794404,-0.03924480314828388,8.0,,80.0,80.0,399.0,,,,
22.0,240.0,1.0000000000000002,3684.2149037072145,3734.2033598602748,2041.4632808802653,5.004633070033831,911,637.2000000000763,0.0,1534.0,0.0,1534.0,4864.0,0.0,16.50000000000002,108.0,1.0,0.1.0,2000,sublinear,central,freeride,120,60,1,4.920230263157895,8.0,7.62037037037037,911,6,0.029005317409022676,-0.03938686405163003,8.0,,80.0,80.0,,,,,
21.0,240.0,1.0000000000000002,3625.6581846075906,3741.172579369137,2156.9671669261397,4.849770932420886,872,637.2000000000763,0.0,1599.0,0.0,1599.0,4788.0,0.0,15.900000000000027,104.0,1.0,0.1.0,2000,sublinear,central,censor,120,60,1,4.66436925647452,7.0,7.355769230769231,872,6,0.02947251244123261,-0.039363961698959615,8.0,,80.0,80.0,,46.0,,,
22.0,240.0,1.0000000000000002,3624.0510258236823,3769.4331957441236,2203.519022271408,5.84811763603574,911,637.2000000000763,0.0,1600.0,0.0,1600.0,4795.0,0.0,16.050000000000026,105.0,1.0,0.1.0,2000,hierarchy,central,none,120,60,1,4.865693430656934,8.0,7.571428571428571,911,5,0.19450830186735457,0.21140809563831678,2.0,,,,,,,,
23.0,240.0,1.0000000000000002,3668.410219587217,3705.587715701174,2133.1176390208816,6.037406194362823,912,637.2000000000763,0.0,1872.0,429.0,1443.0,4543.0,198.0,59.249999999999616,126.0,268.0,0.1.0,2000,hierarchy,central,forge,120,60,1,5.038740920096853,8.0,11.365079365079366,912,5,0.18350220872999023,0.19563993009208824,2.0,600.0,20.0,20.0,,,,,
23.0,240.0,1.0000000000000002,3586.6987967924897,3737.0312078034804,2145.9721640263056,5.517788401413877,1509,637.2000000000763,0.0,1621.0,0.0,1621.0,4322.0,0.0,15.450000000000026,96.0,,0.1.0,2000,hierarchy,central,duplicate,120,60,1,7.586071263304026,13.0,10.145833333333334,1509,6,0.18725963819908995,0.20546492340665662,2.0,,20.0,20.0,451.0,,,,
22.0,240.0,1.0000000000000002,3583.648367157675,3741.200355979089,2005.7341330965135,5.84811763603574,910,637.2000000000763,0.0,1644.0,0.0,1644.0,4752.0,0.0,16.050000000000026,105.0,1.0,0.1.0,2000,hierarchy,central,freeride,120,60,1,4.866161616161616,8.0,7.571428571428571,910,5,0.19365274691919748,0.2086727515757305,2.0,,20.0,20.0,,,,,
22.0,240.0,1.0000000000000002,3588.6770749719153,3750.9701470421464,2182.0304092145348,5.84811763603574,903,637.2000000000763,0.0,1637.0,0.0,1637.0,4759.0,0.0,15.900000000000027,104.0,1.0,0.1.0,2000,hierarchy,central,censor,120,60,1,4.827905022063459,8.0,7.528846153846154,903,5,0.19334400740993848,0.2108303658449409,2.0,,20.0,20.0,,6.0,,,
22.0,240.0,1.0000000000000002,3624.0510258236823,3769.4331957441236,2203.519022271408,5.84811763603574,911,637.2000000000763,0.0,1600.0,0.0,1600.0,4795.0,0.0,16.050000000000026,105.0,1.0,0.1.0,2000,hierarchy,central,none,120,60,1,4.865693430656934,8.0,7.571428571428571,911,5,0.19450830186735457,0.21140809563831678,8.0,,,,,,,,
22.0,240.0,1.0000000000000002,3558.0637601363355,3648.8057559058,2082.4097173210525,5.735023963839982,916,637.2000000000763,0.0,1938.0,422.0,1516.0,4472.0,207.0,60.5999999999996,125.0,278.0,0.1.0,2000,hierarchy,central,forge,120,60,1,5.035778175313059,8.0,11.688,916,5,0.18260332112176986,0.19289794173428343,8.0,600.0,80.0,80.0,,,,,
25.0,240.0,1.0000000000000002,3491.136845227374,3661.9524523362224,2076.7712161598197,6.355195289033756,1510,637.2000000000763,0.0,1818.0,0.0,1818.0,4184.0,0.0,15.000000000000025,94.0,,0.1.0,2000,hierarchy,central,duplicate,120,60,1,7.510038240917782,13.0,10.095744680851064,1510,6,0.18334559579866647,0.19729989823723357,8.0,,80.0,80.0,388.0,,,,
21.0,240.0,1.0000000000000002,3556.4296254727096,3664.628616455909,2008.2208825391017,5.660010050441956,911,637.2000000000763,0.0,1703.0,0.0,1703.0,4692.0,0.0,16.050000000000026,105.0,1.0,0.1.0,2000,hierarchy,central,freeride,120,60,1,4.879156010230179,8.0,7.580952380952381,911,5,0.18759787528730493,0.20117682953325852,8.0,,80.0,80.0,,,,,
19.0,240.0,1.0000000000000002,3517.9399955008394,3679.1387915480136,2120.4096611883674,5.243378462771326,872,637.2000000000763,0.0,1755.0,0.0,1755.0,4629.0,0.0,15.450000000000026,101.0,1.0,0.1.0,2000,hierarchy,central,censor,120,60,1,4.637286670987255,7.0,7.316831683168317,872,5,0.18716467175915735,0.2029203408577098,8.0,,80.0,80.0,,46.0,,,
25.0,240.0,1.0000000000000002,3816.5311966243844,3800.153946842892,2231.753168196152,5.270341221155618,906,637.2000000000763,0.0,1582.0,0.0,1582.0,4820.0,0.0,16.350000000000023,107.0,1.0,0.1.0,2000,hierarchy_tenure,central,none,120,60,1,4.880497925311204,8.0,7.598130841121495,906,6,0.4188561886975981,0.12109624400868496,2.0,,,,,,,,
27.0,240.0,1.0000000000000002,3849.3142840873506,3742.80228016745,2161.9063616772855,6.165155480839033,908,637.2000000000763,0.0,1841.0,438.0,1403.0,4581.0,191.0,59.99999999999961,129.0,270.0,0.1.0,2000,hierarchy_tenure,central,forge,120,60,1,5.070072036673215,8.0,11.7984496124031,908,6,0.41407306332529736,0.11744046355124314,2.0,600.0,20.0,20.0,,,,,
28.0,240.0,1.0000000000000002,3805.748145491501,3767.491422236232,2195.2671472266234,5.805433861945978,1510,637.2000000000763,0.0,1592.0,0.0,1592.0,4355.0,0.0,15.450000000000026,97.0,,0.1.0,2000,hierarchy_tenure,central,duplicate,120,60,1,7.65556831228473,13.0,10.257731958762887,1510,5,0.41619533120577074,0.12230086680672048,2.0,,20.0,20.0,446.0,,,,
25.0,240.0,1.0000000000000002,3778.7977225205304,3773.8521227142364,2045.2375807581159,5.270341221155618,906,637.2000000000763,0.0,1616.0,0.0,1616.0,4785.0,0.0,16.200000000000024,106.0,1.0,0.1.0,2000,hierarchy_tenure,central,freeride,120,60,1,4.8858934169279,8.0,7.5754716981132075,906,6,0.4175346969411552,0.12113043749433366,2.0,,20.0,20.0,,,,,
24.0,240.0,1.0000000000000002,3779.79157171681,3780.2277271015846,2212.9811043783134,5.285859346510202,901,637.2000000000763,0.0,1607.0,0.0,1607.0,4793.0,0.0,16.200000000000024,106.0,1.0,0.1.0,2000,hierarchy_tenure,central,censor,120,60,1,4.848737742541206,8.0,7.547169811320755,901,6,0.41908351172852526,0.12083773759280304,2.0,,20.0,20.0,,6.0,,,
25.0,240.0,1.0000000000000002,3816.5311966243844,3800.153946842892,2231.753168196152,5.270341221155618,906,637.2000000000763,0.0,1582.0,0.0,1582.0,4820.0,0.0,16.350000000000023,107.0,1.0,0.1.0,2000,hierarchy_tenure,central,none,120,60,1,4.880497925311204,8.0,7.598130841121495,906,6,0.4188561886975981,0.12109624400868496,8.0,,,,,,,,
26.0,240.0,1.0000000000000002,3731.3245675311578,3683.58784799761,2112.220810049663,6.590636277560574,908,637.2000000000763,0.0,1913.0,428.0,1485.0,4506.0,203.0,60.5999999999996,126.0,277.0,0.1.0,2000,hierarchy_tenure,central,forge,120,60,1,5.0497114957833995,8.0,11.682539682539682,908,6,0.41541080918580237,0.11468703912029835,8.0,600.0,80.0,80.0,,,,,
23.0,240.0,1.0000000000000002,3711.53433997739,3695.316500640371,2131.111365013495,5.19295428851412,1513,637.2000000000763,0.0,1762.0,0.0,1762.0,4234.0,0.0,14.850000000000025,93.0,,0.1.0,2000,hierarchy_tenure,central,duplicate,120,60,1,7.600377893245159,13.0,10.086021505376344,1513,5,0.4159249531401882,0.11697299615643623,8.0,,80.0,80.0,390.0,,,,
27.0,240.0,1.0000000000000002,3731.355712116635,3696.5054355005223,2039.752899906479,5.564514584677053,906,637.2000000000763,0.0,1667.0,0.0,1667.0,4734.0,0.0,16.200000000000024,106.0,1.0,0.1.0,2000,hierarchy_tenure,central,freeride,120,60,1,4.899239543726236,8.0,7.5754716981132075,906,6,0.4147240966573546,0.12072320631318359,8.0,,80.0,80.0,,,,,
25.0,240.0,1.0000000000000002,3696.745606384113,3711.42437742291,2154.2550007993605,5.591200919562663,873,637.2000000000763,0.0,1706.0,0.0,1706.0,4677.0,0.0,15.450000000000026,101.0,1.0,0.1.0,2000,hierarchy_tenure,central,censor,120,60,1,4.649989309386359,7.0,7.316831683168317,873,6,0.41666401684690874,0.11930862534460868,8.0,,80.0,80.0,,46.0,,,
19.0,240.0,1.0000000000000002,4187.769539319697,3837.4847166106397,2182.0647051235287,2.610718018570396,922,637.2000000000763,0.0,1435.0,0.0,1435.0,4940.0,0.0,14.700000000000024,94.0,1.0,0.1.0,2001,equal,central,none,120,60,1,4.891093117408907,8.0,7.574468085106383,922,4,0.20688008123342988,-0.2724398174558439,2.0,,,,,,,,
18.0,240.0,1.0000000000000002,4243.801773890791,3795.226145568335,2146.5917178923733,2.2303967866687695,923,637.2000000000763,0.0,1659.0,408.0,1251.0,4741.0,224.0,56.249999999999645,120.0,252.0,0.1.0,2001,equal,central,forge,120,60,1,5.04260704492723,8.0,10.575,923,5,0.20510802061900119,-0.2709116118247892,2.0,600.0,20.0,20.0,,,,,
18.0,240.0,1.0000000000000002,4168.488818608406,3800.922739299848,2146.0690973423134,2.2303967866687695,1513,637.2000000000763,0.0,1463.0,0.0,1463.0,4460.0,0.0,14.250000000000023,87.0,1.0,0.1.0,2001,equal,central,duplicate,120,60,1,7.699551569506727,13.0,10.183908045977011,1513,6,0.20802675018863714,-0.27401529400810654,2.0,,20.0,20.0,458.0,,,,
19.0,240.0,1.0000000000000002,4149.296591458132,3814.3244283016293,2022.426105563719,2.610718018570396,922,637.2000000000763,0.0,1451.0,0.0,1451.0,4924.0,0.0,14.700000000000024,94.0,1.0,0.1.0,2001,equal,central,freeride,120,60,1,4.89825345247766,8.0,7.574468085106383,922,4,0.20637634678048178,-0.2722799404300379,2.0,,20.0,20.0,,,,,
18.0,240.0,1.0000000000000002,4141.749229643124,3815.375378232936,2161.1209349068517,2.2303967866687695,907,637.2000000000763,0.0,1472.0,0.0,1472.0,4902.0,0.0,14.400000000000023,92.0,1.0,0.1.0,2001,equal,central,censor,120,60,1,4.820073439412485,7.0,7.478260869565218,907,5,0.20704084263274994,-0.27276836747759764,2.0,,20.0,20.0,,14.0,,,
19.0,240.0,1.0000000000000002,4187.769539319697,3837.4847166106397,2182.0647051235287,2.610718018570396,922,637.2000000000763,0.0,1435.0,0.0,1435.0,4940.0,0.0,14.700000000000024,94.0,1.0,0.1.0,2001,equal,central,none,120,60,1,4.891093117408907,8.0,7.574468085106383,922,4,0.20688008123342988,-0.2724398174558439,8.0,,,,,,,,
18.0,240.0,1.0000000000000002,4119.213825836626,3730.0670600722315,2099.88695628596,2.2303967866687695,925,637.2000000000763,0.0,1732.0,400.0,1332.0,4667.0,233.0,58.199999999999626,121.0,264.0,0.1.0,2001,equal,central,forge,120,60,1,5.046496678808657,8.0,11.03305785123967,925,5,0.20783250448540194,-0.2750882464789347,8.0,600.0,80.0,80.0,,,,,
18.0,240.0,1.0000000000000002,4061.5417783995103,3726.0223652842706,2090.4533334020293,2.2303967866687695,1513,637.2000000000763,0.0,1632.0,0.0,1632.0,4333.0,0.0,13.650000000000022,83.0,1.0,0.1.0,2001,equal,central,duplicate,120,60,1,7.630971613201015,13.0,9.963855421686747,1513,6,0.21311986779449812,-0.2824325064683442,8.0,,80.0,80.0,412.0,,,,
19.0,240.0,1.0000000000000002,4096.178586483608,3736.946538395442,2023.072920742907,2.610718018570396,922,637.2000000000763,0.0,1509.0,0.0,1509.0,4864.0,0.0,14.400000000000023,92.0,1.0,0.1.0,2001,equal,central,freeride,120,60,1,4.9076891447368425,8.0,7.576086956521739,922,4,0.20656677344753546,-0.27248977948913,8.0,,80.0,80.0,,,,,
19.0,240.0,1.0000000000000002,4041.439571140857,3741.074573096694,2107.4186367136854,2.610718018570396,874,637.2000000000763,0.0,1578.0,0.0,1578.0,4792.0,0.0,14.100000000000023,91.0,1.0,0.1.0,2001,equal,central,censor,120,60,1,4.659849749582638,7.0,7.318681318681318,874,5,0.2102247182360077,-0.27824787014553654,8.0,,80.0,80.0,,49.0,,,
23.0,240.0,1.0000000000000002,3972.5676862704386,3746.03224575395,2133.544759545888,3.8672172160243408,921,637.2000000000763,0.0,1503.0,0.0,1503.0,4870.0,0.0,14.250000000000023,90.0,1.0,0.1.0,2001,linear,central,none,120,60,1,4.915811088295688,8.0,7.566666666666666,921,4,0.0,6.938893903907228e-18,2.0,,,,,,,,
23.0,240.0,1.0000000000000002,4012.7087544341994,3702.0521025264698,2089.2797497002457,3.8672172160243408,921,637.2000000000763,0.0,1738.0,410.0,1328.0,4658.0,220.0,53.099999999999675,113.0,237.0,0.1.0,2001,linear,central,forge,120,60,1,5.0347788750536715,8.0,9.982300884955752,921,4,0.0,-2.7755575615628914e-17,2.0,600.0,20.0,20.0,,,,,
22.0,240.0,1.0000000000000002,3961.4766087817416,3701.8578029351193,2088.0273801748763,3.6496428222262782,1514,637.2000000000763,0.0,1581.0,0.0,1581.0,4363.0,0.0,13.20000000000002,81.0,1.0,0.1.0,2001,linear,central,duplicate,120,60,1,7.7228970891588355,13.0,10.061728395061728,1514,6,0.0,-3.469446951953614e-17,2.0,,20.0,20.0,429.0,,,,
23.0,240.0,1.0000000000000002,3948.385345788836,3720.7904334219556,1983.04980391465,3.8672172160243408,922,637.2000000000763,0.0,1528.0,0.0,1528.0,4844.0,0.0,14.250000000000023,90.0,1.0,0.1.0,2001,linear,central,freeride,120,60,1,4.9217588769611895,8.0,7.566666666666666,922,4,0.0,6.938893903907228e-18,2.0,,20.0,20.0,,,,,
24.0,240.0,1.0000000000000002,3936.0644320239808,3722.548017388733,2114.2907740349387,4.095089262742846,908,637.2000000000763,0.0,1546.0,0.0,1546.0,4824.0,0.0,13.950000000000022,88.0,1.0,0.1.0,2001,linear,central,censor,120,60,1,4.845563847429519,7.0,7.488636363636363,908,5,0.0,-2.7755575615628914e-17,2.0,,20.0,20.0,,14.0,,,
23.0,240.0,1.0000000000000002,3972.5676862704386,3746.03224575395,2133.544759545888,3.8672172160243408,921,637.2000000000763,0.0,1503.0,0.0,1503.0,4870.0,0.0,14.250000000000023,90.0,1.0,0.1.0,2001,linear,central,none,120,60,1,4.915811088295688,8.0,7.566666666666666,921,4,0.0,6.938893903907228e-18,8.0,,,,,,,,
23.0,240.0,1.0000000000000002,3914.2063349639648,3644.1049088969157,2045.5889672828207,3.8672172160243408,922,637.2000000000763,0.0,1816.0,402.0,1414.0,4581.0,230.0,55.49999999999965,115.0,251.0,0.1.0,2001,linear,central,forge,120,60,1,5.042130539183584,8.0,10.6,922,4,0.0,2.0816681711721685e-17,8.0,600.0,80.0,80.0,,,,,
22.0,240.0,1.0000000000000002,3874.6385080496493,3635.4103384217487,2036.1876083480074,3.6496428222262782,1513,637.2000000000763,0.0,1739.0,0.0,1739.0,4245.0,0.0,12.90000000000002,80.0,1.0,0.1.0,2001,linear,central,duplicate,120,60,1,7.659835100117785,13.0,10.0875,1513,6,0.0,-1.3877787807814457e-17,8.0,,80.0,80.0,388.0,,,,
24.0,240.0,1.0000000000000002,3913.415960494294,3643.304239801485,1981.1806918147317,4.095089262742846,921,637.2000000000763,0.0,1582.0,0.0,1582.0,4789.0,0.0,13.950000000000022,88.0,1.0,0.1.0,2001,linear,central,freeride,120,60,1,4.9323449571935685,8.0,7.568181818181818,921,4,0.0,1.3877787807814457e-17,8.0,,80.0,80.0,,,,,
23.0,240.0,1.0000000000000002,3854.3683799051882,3656.555986453516,2061.9131107602557,3.8672172160243408,867,637.2000000000763,0.0,1649.0,0.0,1649.0,4726.0,0.0,13.800000000000022,90.0,1.0,0.1.0,2001,linear,central,censor,120,60,1,4.684511214557766,7.0,7.4222222222222225,867,4,0.0,6.938893903907228e-18,8.0,,80.0,80.0,,49.0,,,
20.0,240.0,1.0000000000000002,3989.659877599937,3764.603058825072,2135.5962391216326,3.023400243850384,923,637.2000000000763,0.0,1489.0,0.0,1489.0,4882.0,0.0,14.250000000000023,90.0,1.0,0.1.0,2001,sublinear,central,none,120,60,1,4.910077836952069,8.0,7.555555555555555,923,4,0.03659015483734821,-0.048148434558194106,2.0,,,,,,,,
22.0,240.0,1.0000000000000002,4040.6965248721085,3717.6457476494124,2088.523169703055,3.5645888519797726,922,637.2000000000763,0.0,1736.0,413.0,1323.0,4660.0,218.0,53.69999999999967,114.0,240.0,0.1.0,2001,sublinear,central,forge,120,60,1,5.033690987124464,8.0,10.035087719298245,922,4,0.0363002895940196,-0.047850935283831844,2.0,600.0,20.0,20.0,,,,,
20.0,240.0,1.0000000000000002,3980.273119478737,3721.7106070235695,2091.065255391718,3.023400243850384,1513,637.2000000000763,0.0,1559.0,0.0,1559.0,4380.0,0.0,13.650000000000022,83.0,1.0,0.1.0,2001,sublinear,central,duplicate,120,60,1,7.718493150684932,13.0,10.096385542168674,1513,6,0.037308369895022064,-0.04869311468026408,2.0,,20.0,20.0,438.0,,,,
20.0,240.0,1.0000000000000002,3963.5689593721204,3738.1498020967565,1980.9597414398588,3.023400243850384,922,637.2000000000763,0.0,1517.0,0.0,1517.0,4855.0,0.0,14.250000000000023,90.0,1.0,0.1.0,2001,sublinear,central,freeride,120,60,1,4.916786817713697,8.0,7.566666666666666,922,4,0.03685833766676415,-0.04848070454409656,2.0,,20.0,20.0,,,,,
20.0,240.0,1.0000000000000002,3956.185928673582,3741.660581181479,2115.674357306908,3.023400243850384,908,637.2000000000763,0.0,1532.0,0.0,1532.0,4839.0,0.0,14.100000000000023,89.0,1.0,0.1.0,2001,sublinear,central,censor,120,60,1,4.842322793965695,7.0,7.48314606741573,908,5,0.03662131893673323,-0.048071767556720574,2.0,,20.0,20.0,,14.0,,,
20.0,240.0,1.0000000000000002,3989.659877599937,3764.603058825072,2135.5962391216326,3.023400243850384,923,637.2000000000763,0.0,1489.0,0.0,1489.0,4882.0,0.0,14.250000000000023,90.0,1.0,0.1.0,2001,sublinear,central,none,120,60,1,4.910077836952069,8.0,7.555555555555555,923,4,0.03659015483734821,-0.048148434558194106,8.0,,,,,,,,
22.0,240.0,1.0000000000000002,3933.945855581496,3658.1672908365063,2043.2470714470433,3.7819261437096916,923,637.2000000000763,0.0,1811.0,403.0,1408.0,4585.0,229.0,55.64999999999965,115.0,252.0,0.1.0,2001,sublinear,central,forge,120,60,1,5.037077426390404,8.0,10.582608695652175,923,4,0.03718112115986555,-0.04873044045968472,8.0,600.0,80.0,80.0,,,,,
22.0,240.0,1.0000000000000002,3895.6817634187873,3652.3771987938394,2037.0189452891086,3.6496428222262782,1513,637.2000000000763,0.0,1730.0,0.0,1730.0,4253.0,0.0,13.350000000000021,82.0,1.0,0.1.0,2001,sublinear,central,duplicate,120,60,1,7.650834704914178,13.0,10.121951219512194,1513,6,0.039026300744739985,-0.05033492599793665,8.0,,80.0,80.0,392.0,,,,
21.0,240.0,1.0000000000000002,3930.90295267351,3662.4847624463423,1981.8816828893428,3.251272290568889,921,637.2000000000763,0.0,1571.0,0.0,1571.0,4801.0,0.0,14.100000000000023,89.0,1.0,0.1.0,2001,sublinear,central,freeride,120,60,1,4.927931680899812,8.0,7.561797752808989,921,4,0.0375970379090945,-0.049134004840431074,8.0,,80.0,80.0,,,,,
22.0,240.0,1.0000000000000002,3875.3177466654506,3674.627600372877,2063.1465908988057,3.6496428222262782,870,637.2000000000763,0.0,1633.0,0.0,1633.0,4741.0,0.0,14.100000000000023,91.0,1.0,0.1.0,2001,sublinear,central,censor,120,60,1,4.683611052520566,7.0,7.417582417582418,870,4,0.03728873634848867,-0.04865876580111394,8.0,,80.0,80.0,,49.0,,,
29.0,240.0,1.0000000000000002,3925.0156114212823,3718.506809320986,2148.5375189730694,6.175075160883892,919,637.2000000000763,0.0,1527.0,0.0,1527.0,4844.0,0.0,13.650000000000022,86.0,1.0,0.1.0,2001,hierarchy,central,none,120,60,1,4.912056151940545,8.0,7.593023255813954,919,4,0.1577352165664316,0.14583076140546725,2.0,,,,,,,,
24.0,240.0,1.0000000000000002,3949.267271300076,3670.877311010199,2087.0074219958206,4.947976233362346,921,637.2000000000763,0.0,1779.0,413.0,1366.0,4616.0,217.0,53.099999999999675,112.0,238.0,0.1.0,2001,hierarchy,central,forge,120,60,1,5.031412478336222,8.0,9.9375,921,4,0.15182171106321873,0.14303002477603066,2.0,600.0,20.0,20.0,,,,,
25.0,240.0,1.0000000000000002,3905.2465847900044,3674.9592457681806,2097.2853485240757,5.2076431233987694,1512,637.2000000000763,0.0,1604.0,0.0,1604.0,4335.0,0.0,12.75000000000002,79.0,1.0,0.1.0,2001,hierarchy,central,duplicate,120,60,1,7.710265282583622,13.0,10.177215189873417,1512,6,0.15243066573861846,0.1384449174488807,2.0,,20.0,20.0,433.0,,,,
28.0,240.0,1.0000000000000002,3894.4903378780214,3690.4049891052177,1986.1744001179607,6.044797488719487,917,637.2000000000763,0.0,1568.0,0.0,1568.0,4805.0,0.0,13.650000000000022,86.0,1.0,0.1.0,2001,hierarchy,central,freeride,120,60,1,4.9173777315296565,8.0,7.593023255813954,917,4,0.15719042400302796,0.14207084545672996,2.0,,20.0,20.0,,,,,
26.0,240.0,1.0000000000000002,3887.1275400051404,3696.74425742327,2125.1935962961225,4.7433004141226265,903,637.2000000000763,0.0,1570.0,0.0,1570.0,4802.0,0.0,13.500000000000021,85.0,1.0,0.1.0,2001,hierarchy,central,censor,120,60,1,4.842149104539775,7.0,7.517647058823529,903,5,0.15768678108781564,0.14471662372488298,2.0,,20.0,20.0,,14.0,,,
29.0,240.0,1.0000000000000002,3925.0156114212823,3718.506809320986,2148.5375189730694,6.175075160883892,919,637.2000000000763,0.0,1527.0,0.0,1527.0,4844.0,0.0,13.650000000000022,86.0,1.0,0.1.0,2001,hierarchy,central,none,120,60,1,4.912056151940545,8.0,7.593023255813954,919,4,0.1577352165664316,0.14583076140546725,8.0,,,,,,,,
26.0,240.0,1.0000000000000002,3848.5301410885636,3617.922807742189,2047.8253903316354,5.545719068979777,918,637.2000000000763,0.0,1835.0,404.0,1431.0,4564.0,227.0,55.199999999999655,113.0,251.0,0.1.0,2001,hierarchy,central,forge,120,60,1,5.034618755477651,8.0,10.4070796460177,918,4,0.15128776907375327,0.1411665142622859,8.0,600.0,80.0,80.0,,,,,
27.0,240.0,1.0000000000000002,3818.291355725661,3610.856218008862,2043.2744688972068,6.090552644741352,1510,637.2000000000763,0.0,1764.0,0.0,1764.0,4221.0,0.0,12.60000000000002,78.0,1.0,0.1.0,2001,hierarchy,central,duplicate,120,60,1,7.653636579009714,13.0,10.115384615384615,1510,6,0.14738571739729545,0.13194092832129128,8.0,,80.0,80.0,388.0,,,,
28.0,240.0,1.0000000000000002,3866.8249931739642,3615.5550987907727,1986.043945836924,6.069871612123021,918,637.2000000000763,0.0,1622.0,0.0,1622.0,4749.0,0.0,13.500000000000021,85.0,1.0,0.1.0,2001,hierarchy,central,freeride,120,60,1,4.926510844388292,8.0,7.588235294117647,918,4,0.15622699030871934,0.13656785062793309,8.0,,80.0,80.0,,,,,
29.0,240.0,1.0000000000000002,3803.2977798701554,3635.0299099497197,2073.5300609288784,6.667288223346833,863,637.2000000000763,0.0,1660.0,0.0,1660.0,4718.0,0.0,13.650000000000022,88.0,1.0,0.1.0,2001,hierarchy,central,censor,120,60,1,4.684824077999152,7.0,7.443181818181818,863,4,0.1548910447700592,0.14175139413938087,8.0,,80.0,80.0,,49.0,,,
23.0,240.0,1.0000000000000002,4245.885166805308,3754.420183986061,2257.9280050149055,4.887921308043476,920,637.2000000000763,0.0,1478.0,0.0,1478.0,4896.0,0.0,14.250000000000023,91.0,1.0,0.1.0,2001,hierarchy_tenure,central,none,120,60,1,4.89297385620915,8.0,7.549450549450549,920,3,0.4236384222041806,0.08762790461874133,2.0,,,,,,,,
24.0,240.0,1.0000000000000002,4269.056308157025,3710.4235232662063,2213.0167085006005,4.598064708216934,924,637.2000000000763,0.0,1709.0,413.0,1296.0,4686.0,218.0,53.84999999999967,116.0,240.0,0.1.0,2001,hierarchy_tenure,central,forge,120,60,1,5.020486555697823,8.0,10.094827586206897,924,3,0.4190636561298737,0.0922225807419029,2.0,600.0,20.0,20.0,,,,,
23.0,240.0,1.0000000000000002,4227.027318766752,3717.2442994788803,2219.4820251729166,4.3668918873968225,1516,637.2000000000763,0.0,1518.0,0.0,1518.0,4416.0,0.0,13.500000000000021,83.0,1.0,0.1.0,2001,hierarchy_tenure,central,duplicate,120,60,1,7.692708333333333,13.0,10.048192771084338,1516,6,0.4204059726530375,0.08954602852538154,2.0,,20.0,20.0,439.0,,,,
23.0,240.0,1.0000000000000002,4202.583154161764,3729.7033736256426,2096.275630363469,4.887921308043476,920,637.2000000000763,0.0,1503.0,0.0,1503.0,4871.0,0.0,14.250000000000023,91.0,1.0,0.1.0,2001,hierarchy_tenure,central,freeride,120,60,1,4.896735783206734,8.0,7.549450549450549,920,3,0.42269342180906866,0.0876622535635154,2.0,,20.0,20.0,,,,,
24.0,240.0,1.0,4202.414631675025,3733.6792659978514,2239.3468974021753,4.973212380358126,906,637.2000000000763,0.0,1500.0,0.0,1500.0,4872.0,0.0,13.950000000000022,89.0,1.0,0.1.0,2001,hierarchy_tenure,central,censor,120,60,1,4.8257389162561575,7.0,7.449438202247191,906,4,0.4239713948521004,0.08723507780844642,2.0,,20.0,20.0,,14.0,,,
23.0,240.0,1.0000000000000002,4245.885166805308,3754.420183986061,2257.9280050149055,4.887921308043476,920,637.2000000000763,0.0,1478.0,0.0,1478.0,4896.0,0.0,14.250000000000023,91.0,1.0,0.1.0,2001,hierarchy_tenure,central,none,120,60,1,4.89297385620915,8.0,7.549450549450549,920,3,0.4236384222041806,0.08762790461874133,8.0,,,,,,,,
23.0,240.0,1.0000000000000002,4148.844921322701,3655.1119151157586,2172.6166307967424,4.3668918873968225,924,637.2000000000763,0.0,1762.0,405.0,1357.0,4637.0,230.0,57.149999999999636,120.0,258.0,0.1.0,2001,hierarchy_tenure,central,forge,120,60,1,5.0379555747250375,8.0,10.933333333333334,924,3,0.42013922073105525,0.09153665645446504,8.0,600.0,80.0,80.0,,,,,
23.0,240.0,1.0000000000000002,4110.845464404637,3651.360907351908,2167.8744735707355,4.3668918873968225,1517,637.2000000000763,0.0,1650.0,0.0,1650.0,4315.0,0.0,13.05000000000002,80.0,1.0,0.1.0,2001,hierarchy_tenure,central,duplicate,120,60,1,7.637311703360371,13.0,9.8625,1517,6,0.42208896768498005,0.08627881449461276,8.0,,80.0,80.0,404.0,,,,
22.0,240.0,1.0000000000000002,4139.419486201848,3654.7010160189634,2093.235979730442,4.281600815082173,921,637.2000000000763,0.0,1543.0,0.0,1543.0,4829.0,0.0,14.100000000000023,90.0,1.0,0.1.0,2001,hierarchy_tenure,central,freeride,120,60,1,4.906191758127977,8.0,7.544444444444444,921,3,0.41993985835840086,0.08979974308874554,8.0,,80.0,80.0,,,,,
24.0,240.0,1.0000000000000002,4085.8655566185917,3665.7169785108704,2183.7694429697713,4.496051789481386,869,637.2000000000763,0.0,1590.0,0.0,1590.0,4785.0,0.0,14.100000000000023,91.0,1.0,0.1.0,2001,hierarchy_tenure,central,censor,120,60,1,4.66478578892372,7.0,7.34065934065934,869,3,0.42341978229992866,0.08669584872886155,8.0,,80.0,80.0,,49.0,,,
25.0,240.0,1.0000000000000002,3847.4933216822137,3816.9215203394897,2258.1653747311834,4.3262853573850455,916,637.2000000000763,0.0,1413.0,0.0,1413.0,4968.0,0.0,14.850000000000025,97.0,2.0,0.1.0,2002,equal,central,none,120,60,1,4.891304347826087,8.0,7.556701030927835,916,1,0.16088924669578383,-0.22582980440697217,2.0,,,,,,,,
24.0,240.0,1.0000000000000002,3891.3166329946957,3767.0551126649793,2193.663604229199,4.115033092544315,919,637.2000000000763,0.0,1641.0,409.0,1232.0,4763.0,223.0,56.69999999999964,123.0,255.0,0.1.0,2002,equal,central,forge,120,60,1,5.087759815242494,8.0,12.048780487804878,919,2,0.16269145993780126,-0.2287399815134764,2.0,600.0,20.0,20.0,,,,,
24.0,240.0,1.0000000000000002,3834.1225083057893,3783.210187095738,2216.0390237163965,4.13930297534359,1516,637.2000000000763,0.0,1438.0,0.0,1438.0,4483.0,0.0,14.850000000000025,91.0,2.0,0.1.0,2002,equal,central,duplicate,120,60,1,7.685478474236002,13.0,10.31868131868132,1516,2,0.16317483138804106,-0.2290555063521723,2.0,,20.0,20.0,460.0,,,,
25.0,240.0,1.0000000000000002,3809.6969962306976,3792.752480759965,2063.4024766042976,4.3262853573850455,917,637.2000000000763,0.0,1428.0,0.0,1428.0,4952.0,0.0,14.850000000000025,97.0,2.0,0.1.0,2002,equal,central,freeride,120,60,1,4.900444264943457,8.0,7.556701030927835,917,1,0.16022752514636565,-0.22567533887079638,2.0,,20.0,20.0,,,,,
25.0,240.0,1.0000000000000002,3808.2312883321983,3797.3515485521143,2240.2704398570154,4.3262853573850455,907,637.2000000000763,0.0,1432.0,0.0,1432.0,4945.0,0.0,14.550000000000024,95.0,2.0,0.1.0,2002,equal,central,censor,120,60,1,4.837815975733064,8.0,7.494736842105263,907,1,0.1604106929361647,-0.22525995363291174,2.0,,20.0,20.0,,11.0,,,
25.0,240.0,1.0000000000000002,3847.4933216822137,3816.9215203394897,2258.1653747311834,4.3262853573850455,916,637.2000000000763,0.0,1413.0,0.0,1413.0,4968.0,0.0,14.850000000000025,97.0,2.0,0.1.0,2002,equal,central,none,120,60,1,4.891304347826087,8.0,7.556701030927835,916,1,0.16088924669578383,-0.22582980440697217,8.0,,,,,,,,
25.0,240.0,1.0000000000000002,3775.672718857719,3707.7227923283767,2156.2206194559717,4.302015474585771,918,637.2000000000763,0.0,1698.0,398.0,1300.0,4708.0,236.0,58.04999999999963,124.0,263.0,0.1.0,2002,equal,central,forge,120,60,1,5.087298215802889,8.0,12.46774193548387,918,2,0.16433656519718626,-0.23013379722398697,8.0,600.0,80.0,80.0,,,,,
24.0,240.0,1.0000000000000002,3727.6744966202446,3712.29915485244,2160.356633220588,4.13930297534359,1516,637.2000000000763,0.0,1573.0,0.0,1573.0,4386.0,0.0,14.250000000000023,89.0,2.0,0.1.0,2002,equal,central,duplicate,120,60,1,7.6399908800729595,13.0,10.269662921348315,1516,2,0.16724403196044257,-0.2335925138868744,8.0,,80.0,80.0,418.0,,,,
24.0,240.0,1.0000000000000002,3759.828431173737,3708.4004039219244,2049.4414626003095,4.13930297534359,917,637.2000000000763,0.0,1494.0,0.0,1494.0,4884.0,0.0,14.550000000000024,95.0,2.0,0.1.0,2002,equal,central,freeride,120,60,1,4.911957411957412,8.0,7.526315789473684,917,1,0.1617243569288457,-0.22719192666585006,8.0,,80.0,80.0,,,,,
26.0,240.0,1.0000000000000002,3718.104288735062,3728.082974587034,2188.95616222726,4.4334007023209345,867,637.2000000000763,0.0,1526.0,0.0,1526.0,4852.0,0.0,14.100000000000023,92.0,2.0,0.1.0,2002,equal,central,censor,120,60,1,4.659315746084089,7.0,7.271739130434782,867,1,0.16343007731170847,-0.22841820606776442,8.0,,80.0,80.0,,47.0,,,
23.0,240.0,1.0,3649.545746413743,3720.2530900039237,2212.842620987783,4.210236106784345,915,637.2000000000763,0.0,1530.0,0.0,1530.0,4849.0,0.0,14.400000000000023,94.0,2.0,0.1.0,2002,linear,central,none,120,60,1,4.914827799546298,8.0,7.4787234042553195,915,1,0.0,-6.938893903907228e-18,2.0,,,,,,,,
25.0,240.0,1.0000000000000002,3660.3731855055885,3654.033828949293,2117.40195976197,4.329779976021567,919,637.2000000000763,0.0,1806.0,415.0,1391.0,4597.0,217.0,55.34999999999965,122.0,247.0,0.1.0,2002,linear,central,forge,120,60,1,5.092451598868828,8.0,11.745901639344263,919,2,0.0,-6.938893903907228e-18,2.0,600.0,20.0,20.0,,,,,
22.0,240.0,1.0000000000000002,3618.5099136977233,3677.3858083815167,2155.6041414677156,3.521763549383105,1515,637.2000000000763,0.0,1590.0,0.0,1590.0,4340.0,0.0,14.550000000000024,90.0,2.0,0.1.0,2002,linear,central,duplicate,120,60,1,7.696774193548387,13.0,10.244444444444444,1515,2,0.0,1.3877787807814457e-17,2.0,,20.0,20.0,450.0,,,,
22.0,240.0,1.0000000000000002,3609.8128743783795,3689.397979406355,2014.429657429809,3.6164503700176613,915,637.2000000000763,0.0,1569.0,0.0,1569.0,4810.0,0.0,14.400000000000023,94.0,2.0,0.1.0,2002,linear,central,freeride,120,60,1,4.917671517671518,8.0,7.4787234042553195,915,1,0.0,2.7755575615628914e-17,2.0,,20.0,20.0,,,,,
24.0,240.0,1.0000000000000002,3611.1474790814764,3699.701065622617,2192.197516714207,4.317351451720234,906,637.2000000000763,0.0,1557.0,0.0,1557.0,4818.0,0.0,14.100000000000023,92.0,2.0,0.1.0,2002,linear,central,censor,120,60,1,4.85678704856787,8.0,7.413043478260869,906,1,0.0,1.3877787807814457e-17,2.0,,20.0,20.0,,11.0,,,
23.0,240.0,1.0,3649.545746413743,3720.2530900039237,2212.842620987783,4.210236106784345,915,637.2000000000763,0.0,1530.0,0.0,1530.0,4849.0,0.0,14.400000000000023,94.0,2.0,0.1.0,2002,linear,central,none,120,60,1,4.914827799546298,8.0,7.4787234042553195,915,1,0.0,-6.938893903907228e-18,8.0,,,,,,,,
25.0,240.0,1.0000000000000002,3559.7204003410616,3604.7628627123545,2085.66738052738,4.329779976021567,918,637.2000000000763,0.0,1842.0,402.0,1440.0,4563.0,232.0,57.74999999999963,123.0,262.0,0.1.0,2002,linear,central,forge,120,60,1,5.1019066403681785,8.0,12.373983739837398,918,2,0.0,-1.3877787807814457e-17,8.0,600.0,80.0,80.0,,,,,
22.0,240.0,1.0000000000000002,3517.89020871849,3607.3761605385325,2091.840974863372,3.521763549383105,1516,637.2000000000763,0.0,1741.0,0.0,1741.0,4233.0,0.0,14.550000000000024,90.0,2.0,0.1.0,2002,linear,central,duplicate,120,60,1,7.643751476494212,13.0,10.244444444444444,1516,2,0.0,-3.469446951953614e-17,8.0,,80.0,80.0,405.0,,,,
21.0,240.0,1.0000000000000002,3553.05966175473,3604.754846143735,1993.1312608192263,3.5093350250817723,915,637.2000000000763,0.0,1648.0,0.0,1648.0,4733.0,0.0,14.700000000000024,96.0,2.0,0.1.0,2002,linear,central,freeride,120,60,1,4.924572152968519,8.0,7.510416666666667,915,1,0.0,1.3877787807814457e-17,8.0,,80.0,80.0,,,,,
23.0,240.0,1.0000000000000002,3526.9517261626406,3633.1412796087734,2135.409369564912,3.962114776346998,867,637.2000000000763,0.0,1641.0,0.0,1641.0,4737.0,0.0,14.100000000000023,92.0,2.0,0.1.0,2002,linear,central,censor,120,60,1,4.679121807050876,7.0,7.228260869565218,867,1,0.0,-1.3877787807814457e-17,8.0,,80.0,80.0,,47.0,,,
23.0,240.0,1.0,3680.5221791675294,3740.4367766679525,2219.6333259118,4.210236106784345,915,637.2000000000763,0.0,1512.0,0.0,1512.0,4868.0,0.0,14.550000000000024,95.0,2.0,0.1.0,2002,sublinear,central,none,120,60,1,4.910846343467544,8.0,7.484210526315789,915,1,0.02843011872872011,-0.03910119233613665,2.0,,,,,,,,
25.0,240.0,1.0000000000000002,3701.5831575197963,3682.0192986147317,2136.914353385531,4.329779976021567,919,637.2000000000763,0.0,1769.0,414.0,1355.0,4634.0,218.0,55.64999999999965,122.0,249.0,0.1.0,2002,sublinear,central,forge,120,60,1,5.090634441087613,8.0,11.811475409836065,919,2,0.02915916273076261,-0.04004530696705197,2.0,600.0,20.0,20.0,,,,,
23.0,240.0,1.0,3653.7687909415117,3701.0921530003234,2166.501588466486,3.810713920969739,1515,637.2000000000763,0.0,1558.0,0.0,1558.0,4375.0,0.0,14.700000000000024,91.0,2.0,0.1.0,2002,sublinear,central,duplicate,120,60,1,7.704685714285715,13.0,10.285714285714286,1515,2,0.029570567134358176,-0.04050687083437323,2.0,,20.0,20.0,448.0,,,,
23.0,240.0,1.0000000000000002,3642.2369641225155,3713.5631916351067,2025.110471535494,4.210236106784345,915,637.2000000000763,0.0,1538.0,0.0,1538.0,4842.0,0.0,14.550000000000024,95.0,2.0,0.1.0,2002,sublinear,central,freeride,120,60,1,4.916150351094589,8.0,7.484210526315789,915,1,0.02864628768111715,-0.03948439070783156,2.0,,20.0,20.0,,,,,
23.0,240.0,1.0000000000000002,3642.3485605089527,3721.102577910975,2200.6926370825036,4.210236106784345,905,637.2000000000763,0.0,1530.0,0.0,1530.0,4847.0,0.0,14.250000000000023,93.0,2.0,0.1.0,2002,sublinear,central,censor,120,60,1,4.856199711161543,8.0,7.419354838709677,905,1,0.028395095263909032,-0.039121577060299645,2.0,,20.0,20.0,,11.0,,,
23.0,240.0,1.0,3680.5221791675294,3740.4367766679525,2219.6333259118,4.210236106784345,915,637.2000000000763,0.0,1512.0,0.0,1512.0,4868.0,0.0,14.550000000000024,95.0,2.0,0.1.0,2002,sublinear,central,none,120,60,1,4.910846343467544,8.0,7.484210526315789,915,1,0.02843011872872011,-0.03910119233613665,8.0,,,,,,,,
26.0,240.0,1.0000000000000002,3594.763798753918,3629.2454830299125,2100.014097569496,4.618730347608201,919,637.2000000000763,0.0,1807.0,403.0,1404.0,4597.0,231.0,57.74999999999963,123.0,262.0,0.1.0,2002,sublinear,central,forge,120,60,1,5.099847726778334,8.0,12.373983739837398,919,2,0.029362839258347064,-0.04015759654815054,8.0,600.0,80.0,80.0,,,,,
24.0,240.0,1.0000000000000002,3551.102297040297,3631.9954305636224,2105.088313444771,4.324632620630855,1516,637.2000000000763,0.0,1704.0,0.0,1704.0,4271.0,0.0,14.700000000000024,91.0,2.0,0.1.0,2002,sublinear,central,duplicate,120,60,1,7.652306251463358,13.0,10.285714285714286,1516,2,0.0302920479696911,-0.041365668499012215,8.0,,80.0,80.0,405.0,,,,
21.0,240.0,1.0000000000000002,3585.457976909849,3629.4655778168367,2004.9423360683884,3.5093350250817723,916,637.2000000000763,0.0,1607.0,0.0,1607.0,4773.0,0.0,14.700000000000024,96.0,2.0,0.1.0,2002,sublinear,central,freeride,120,60,1,4.926251833228577,8.0,7.510416666666667,916,1,0.029057281630361614,-0.03996982054898532,8.0,,80.0,80.0,,,,,
26.0,240.0,1.0000000000000002,3559.339966495713,3654.89636586284,2146.733593489399,4.717593308107117,867,637.2000000000763,0.0,1620.0,0.0,1620.0,4758.0,0.0,14.100000000000023,92.0,2.0,0.1.0,2002,sublinear,central,censor,120,60,1,4.676124422026061,7.0,7.228260869565218,867,1,0.028841903839563705,-0.039591055342424825,8.0,,80.0,80.0,,47.0,,,
24.0,240.0,1.0,3567.721586050445,3656.6356578080035,2184.9475780377297,5.671745283673918,917,637.2000000000763,0.0,1627.0,0.0,1627.0,4750.0,0.0,14.400000000000023,94.0,2.0,0.1.0,2002,hierarchy,central,none,120,60,1,4.902947368421053,8.0,7.4787234042553195,917,1,0.1704939554741019,0.18194871511196656,2.0,,,,,,,,
25.0,240.0,1.0000000000000002,3547.3823064752537,3584.7182676235393,2061.6340406799354,5.710417087192533,913,637.2000000000763,0.0,1935.0,422.0,1513.0,4471.0,209.0,54.44999999999966,119.0,244.0,0.1.0,2002,hierarchy,central,forge,120,60,1,5.060165511071348,8.0,11.563025210084033,913,2,0.16190737835153904,0.1663225431848228,2.0,600.0,20.0,20.0,,,,,
25.0,240.0,1.0,3511.1163002529156,3606.7967845377407,2113.692019091451,5.710417087192533,1515,637.2000000000763,0.0,1718.0,0.0,1718.0,4227.0,0.0,14.250000000000023,88.0,2.0,0.1.0,2002,hierarchy,central,duplicate,120,60,1,7.6415897799858055,13.0,10.181818181818182,1515,2,0.1636371353686279,0.1693191185144009,2.0,,20.0,20.0,433.0,,,,
26.0,240.0,1.0000000000000002,3522.474026711634,3623.739285709143,1982.2785378356446,5.817532432128422,917,637.2000000000763,0.0,1682.0,0.0,1682.0,4694.0,0.0,14.250000000000023,93.0,2.0,0.1.0,2002,hierarchy,central,freeride,120,60,1,4.89944610140605,8.0,7.473118279569892,917,1,0.16931202978241516,0.17756492288369952,2.0,,20.0,20.0,,,,,
25.0,240.0,1.0000000000000002,3537.760995676904,3637.8921785923562,2165.0096268085485,5.778860628609807,908,637.2000000000763,0.0,1660.0,0.0,1660.0,4712.0,0.0,13.950000000000022,91.0,2.0,0.1.0,2002,hierarchy,central,censor,120,60,1,4.8457130730050935,8.0,7.406593406593407,908,1,0.16946017184528833,0.18146605317845887,2.0,,20.0,20.0,,11.0,,,
24.0,240.0,1.0,3567.721586050445,3656.6356578080035,2184.9475780377297,5.671745283673918,917,637.2000000000763,0.0,1627.0,0.0,1627.0,4750.0,0.0,14.400000000000023,94.0,2.0,0.1.0,2002,hierarchy,central,none,120,60,1,4.902947368421053,8.0,7.4787234042553195,917,1,0.1704939554741019,0.18194871511196656,8.0,,,,,,,,
26.0,240.0,1.0000000000000002,3461.039244346535,3543.6958851750687,2035.071670168226,5.49059611450876,915,637.2000000000763,0.0,1949.0,407.0,1542.0,4457.0,227.0,57.299999999999635,121.0,261.0,0.1.0,2002,hierarchy,central,forge,120,60,1,5.08054745344402,8.0,12.272727272727273,915,2,0.1648307501228044,0.1718430975436217,8.0,600.0,80.0,80.0,,,,,
25.0,240.0,1.0000000000000002,3410.4119812151357,3543.5211353549425,2046.4573663680344,5.710417087192533,1516,637.2000000000763,0.0,1866.0,0.0,1866.0,4115.0,0.0,14.250000000000023,88.0,2.0,0.1.0,2002,hierarchy,central,duplicate,120,60,1,7.571810449574727,13.0,10.181818181818182,1516,2,0.16135291209317257,0.16598085692137032,8.0,,80.0,80.0,396.0,,,,
26.0,240.0,1.0000000000000002,3461.3263159572925,3537.1879305018224,1946.7315402016284,6.292779328270924,917,637.2000000000763,0.0,1762.0,0.0,1762.0,4614.0,0.0,14.250000000000023,93.0,2.0,0.1.0,2002,hierarchy,central,freeride,120,60,1,4.904638058084092,8.0,7.451612903225806,917,1,0.163798116858933,0.17033553423360748,8.0,,80.0,80.0,,,,,
27.0,240.0,1.0000000000000002,3446.0484638772027,3572.9316542929932,2099.957375222139,6.472526085993559,864,637.2000000000763,0.0,1767.0,0.0,1767.0,4612.0,0.0,13.800000000000022,90.0,2.0,0.1.0,2002,hierarchy,central,censor,120,60,1,4.663052905464007,7.0,7.211111111111111,864,1,0.16797568072777358,0.17830627663337462,8.0,,80.0,80.0,,47.0,,,
20.0,240.0,1.0000000000000002,3726.222495704855,3716.962768112501,2202.4013737683217,4.042569675089494,915,637.2000000000763,0.0,1632.0,0.0,1632.0,4747.0,0.0,14.400000000000023,94.0,2.0,0.1.0,2002,hierarchy_tenure,central,none,120,60,1,4.88455866863282,8.0,7.5212765957446805,915,1,0.38992419457983013,0.12559131645429494,2.0,,,,,,,,
21.0,240.0,1.0000000000000002,3738.6401622743083,3656.80627878356,2122.1673217616535,4.556488374750611,913,637.2000000000763,0.0,1881.0,424.0,1457.0,4525.0,207.0,54.44999999999966,119.0,244.0,0.1.0,2002,hierarchy_tenure,central,forge,120,60,1,5.062762430939227,8.0,11.764705882352942,913,2,0.3854228539788431,0.11979547173921164,2.0,600.0,20.0,20.0,,,,,
20.0,240.0,1.0000000000000002,3705.3130640470417,3678.5758955938563,2153.7028905732595,4.1880860898355765,1513,637.2000000000763,0.0,1693.0,0.0,1693.0,4262.0,0.0,14.400000000000023,89.0,2.0,0.1.0,2002,hierarchy_tenure,central,duplicate,120,60,1,7.63068981698733,13.0,10.303370786516854,1513,2,0.38752433817292686,0.12106725638786009,2.0,,20.0,20.0,426.0,,,,
20.0,240.0,1.0000000000000002,3690.9098100824485,3689.6717830282196,2010.238501455011,4.042569675089494,915,637.2000000000763,0.0,1664.0,0.0,1664.0,4715.0,0.0,14.400000000000023,94.0,2.0,0.1.0,2002,hierarchy_tenure,central,freeride,120,60,1,4.889925768822906,8.0,7.5212765957446805,915,1,0.38789948162059495,0.12442979657504852,2.0,,20.0,20.0,,,,,
21.0,240.0,1.0000000000000002,3694.0920475381527,3697.981347100164,2185.8009973892486,4.556488374750611,906,637.2000000000763,0.0,1657.0,0.0,1657.0,4718.0,0.0,14.100000000000023,92.0,2.0,0.1.0,2002,hierarchy_tenure,central,censor,120,60,1,4.828317083509962,8.0,7.456521739130435,906,1,0.38871804043381275,0.12585805234314273,2.0,,20.0,20.0,,11.0,,,
20.0,240.0,1.0000000000000002,3726.222495704855,3716.962768112501,2202.4013737683217,4.042569675089494,915,637.2000000000763,0.0,1632.0,0.0,1632.0,4747.0,0.0,14.400000000000023,94.0,2.0,0.1.0,2002,hierarchy_tenure,central,none,120,60,1,4.88455866863282,8.0,7.5212765957446805,915,1,0.38992419457983013,0.12559131645429494,8.0,,,,,,,,
20.0,240.0,1.0000000000000002,3641.84957356446,3609.6450086692153,2094.3083678237313,4.042569675089494,913,637.2000000000763,0.0,1910.0,408.0,1502.0,4495.0,225.0,56.249999999999645,118.0,257.0,0.1.0,2002,hierarchy_tenure,central,forge,120,60,1,5.068298109010011,8.0,12.220338983050848,913,2,0.38554107493510736,0.1224647473117928,8.0,600.0,80.0,80.0,,,,,
20.0,240.0,1.0000000000000002,3603.7546396124,3614.976368817778,2099.502469280375,4.1880860898355765,1513,637.2000000000763,0.0,1810.0,0.0,1810.0,4171.0,0.0,13.500000000000021,85.0,2.0,0.1.0,2002,hierarchy_tenure,central,duplicate,120,60,1,7.580676096859267,13.0,10.211764705882352,1513,2,0.3886827869506467,0.11839680300051521,8.0,,80.0,80.0,394.0,,,,
21.0,240.0,1.0000000000000002,3631.6085566318793,3602.094839225108,1992.8926811056788,4.556488374750611,913,637.2000000000763,0.0,1729.0,0.0,1729.0,4650.0,0.0,14.100000000000023,92.0,2.0,0.1.0,2002,hierarchy_tenure,central,freeride,120,60,1,4.896559139784946,8.0,7.489130434782608,913,1,0.38425246808266067,0.11928489639268419,8.0,,80.0,80.0,,,,,
20.0,240.0,1.0000000000000002,3605.412750637576,3636.342337733839,2136.545026571437,4.1880860898355765,863,637.2000000000763,0.0,1725.0,0.0,1725.0,4653.0,0.0,13.500000000000021,88.0,2.0,0.1.0,2002,hierarchy_tenure,central,censor,120,60,1,4.6550612508059315,7.0,7.25,863,1,0.3870244577031976,0.12633777243132574,8.0,,80.0,80.0,,47.0,,,
18.0,240.0,1.0000000000000002,4070.06577616144,3843.2579986384226,2102.628325266772,1.4423020063393284,914,637.2000000000763,0.0,1382.0,0.0,1382.0,5000.0,0.0,14.700000000000024,93.0,2.0,0.1.0,2003,equal,central,none,120,60,1,4.9118,8.0,7.655913978494624,914,5,0.19403493476751055,-0.2539606650281671,2.0,,,,,,,,
21.0,240.0,1.0000000000000002,4134.356415134657,3801.39128181391,2066.884279012439,2.0374807967916713,916,637.2000000000763,0.0,1608.0,418.0,1190.0,4786.0,202.0,55.94999999999965,107.0,263.0,0.1.0,2003,equal,central,forge,120,60,1,5.048683660676975,8.0,10.682242990654206,916,5,0.19462269271912033,-0.2549194098890942,2.0,600.0,20.0,20.0,,,,,
20.0,240.0,1.0000000000000002,4063.1593049707876,3803.9537029799594,2059.0968921216227,1.8242216112891785,1516,637.2000000000763,0.0,1444.0,0.0,1444.0,4487.0,0.0,13.20000000000002,80.0,2.0,0.1.0,2003,equal,central,duplicate,120,60,1,7.739469578783151,13.0,10.1875,1516,6,0.1979550369031987,-0.25957487085360353,2.0,,20.0,20.0,439.0,,,,
18.0,240.0,1.0000000000000002,4034.2335080325256,3818.260149436449,1926.6459074321224,1.4423020063393284,914,637.2000000000763,0.0,1415.0,0.0,1415.0,4966.0,0.0,14.550000000000024,92.0,2.0,0.1.0,2003,equal,central,freeride,120,60,1,4.919452275473218,8.0,7.6521739130434785,914,5,0.19482916972828668,-0.25467429565630656,2.0,,20.0,20.0,,,,,
18.0,240.0,1.0000000000000002,4028.3198736515014,3821.185738903622,2083.0926117750223,1.4423020063393284,904,637.2000000000763,0.0,1417.0,0.0,1417.0,4961.0,0.0,14.400000000000023,91.0,2.0,0.1.0,2003,equal,central,censor,120,60,1,4.850634952630518,7.0,7.582417582417582,904,5,0.1952979234024056,-0.25526205497619003,2.0,,20.0,20.0,,12.0,,,
18.0,240.0,1.0000000000000002,4070.06577616144,3843.2579986384226,2102.628325266772,1.4423020063393284,914,637.2000000000763,0.0,1382.0,0.0,1382.0,5000.0,0.0,14.700000000000024,93.0,2.0,0.1.0,2003,equal,central,none,120,60,1,4.9118,8.0,7.655913978494624,914,5,0.19403493476751055,-0.2539606650281671,8.0,,,,,,,,
21.0,240.0,1.0000000000000002,4008.7584844074454,3737.4887385354778,2021.6806096458524,1.855381899803032,917,637.2000000000763,0.0,1669.0,412.0,1257.0,4722.0,210.0,56.39999999999964,105.0,268.0,0.1.0,2003,equal,central,forge,120,60,1,5.040448962304108,8.0,10.8,917,5,0.19875368525033418,-0.2599507084678847,8.0,600.0,80.0,80.0,,,,,
19.0,240.0,1.0000000000000002,3958.3660803065018,3727.523689873504,1996.6568811883194,1.540690517188918,1519,637.2000000000763,0.0,1620.0,0.0,1620.0,4363.0,0.0,12.75000000000002,77.0,2.0,0.1.0,2003,equal,central,duplicate,120,60,1,7.682328672931469,13.0,10.03896103896104,1519,7,0.20726527020920238,-0.2696327709311494,8.0,,80.0,80.0,381.0,,,,
18.0,240.0,1.0000000000000002,3989.4552971190055,3743.649952072081,1922.4065950620982,1.4423020063393284,914,637.2000000000763,0.0,1470.0,0.0,1470.0,4909.0,0.0,14.250000000000023,90.0,2.0,0.1.0,2003,equal,central,freeride,120,60,1,4.93012833570992,8.0,7.644444444444445,914,5,0.195750757434923,-0.2559735553312077,8.0,,80.0,80.0,,,,,
19.0,240.0,1.0000000000000002,3930.0922160356686,3747.4176098684816,2025.1620795914032,1.540690517188918,878,637.2000000000763,0.0,1529.0,0.0,1529.0,4842.0,0.0,13.650000000000022,88.0,2.0,0.1.0,2003,equal,central,censor,120,60,1,4.722428748451053,7.0,7.4772727272727275,878,6,0.20076885222828883,-0.2612573931038715,8.0,,80.0,80.0,,40.0,,,
21.0,240.0,1.0000000000000002,3772.479848078798,3781.2136301742867,1993.2034584182377,2.6806221275548694,912,637.2000000000763,0.0,1502.0,0.0,1502.0,4875.0,0.0,13.650000000000022,86.0,2.0,0.1.0,2003,linear,central,none,120,60,1,4.8994871794871795,8.0,7.616279069767442,912,5,0.0,-1.3877787807814457e-17,2.0,,,,,,,,
21.0,240.0,1.0000000000000002,3840.881011601046,3738.6519455902467,1951.209883463299,2.495479544304198,918,637.2000000000763,0.0,1734.0,423.0,1311.0,4652.0,199.0,54.44999999999966,101.0,259.0,0.1.0,2003,linear,central,forge,120,60,1,5.0328890799656065,8.0,10.574257425742575,918,5,0.0,1.3877787807814457e-17,2.0,600.0,20.0,20.0,,,,,
20.0,240.0,1.0000000000000002,3754.8927100845217,3743.0273184871326,1945.4721639074057,2.4673629420523766,1516,637.2000000000763,0.0,1541.0,0.0,1541.0,4385.0,0.0,12.90000000000002,77.0,2.0,0.1.0,2003,linear,central,duplicate,120,60,1,7.713112884834664,13.0,10.155844155844155,1516,5,0.0,6.938893903907228e-18,2.0,,20.0,20.0,442.0,,,,
21.0,240.0,1.0000000000000002,3735.0089131358127,3755.8445998906036,1819.2163905208488,2.6806221275548694,912,637.2000000000763,0.0,1528.0,0.0,1528.0,4849.0,0.0,13.650000000000022,86.0,2.0,0.1.0,2003,linear,central,freeride,120,60,1,4.909259641163127,8.0,7.616279069767442,912,5,0.0,-1.3877787807814457e-17,2.0,,20.0,20.0,,,,,
21.0,240.0,1.0000000000000002,3733.4019199522736,3760.7326752060953,1975.3647464026683,2.6806221275548694,902,637.2000000000763,0.0,1532.0,0.0,1532.0,4842.0,0.0,13.500000000000021,85.0,2.0,0.1.0,2003,linear,central,censor,120,60,1,4.8399421726559275,7.0,7.517647058823529,902,5,0.0,0.0,2.0,,20.0,20.0,,12.0,,,
21.0,240.0,1.0000000000000002,3772.479848078798,3781.2136301742867,1993.2034584182377,2.6806221275548694,912,637.2000000000763,0.0,1502.0,0.0,1502.0,4875.0,0.0,13.650000000000022,86.0,2.0,0.1.0,2003,linear,central,none,120,60,1,4.8994871794871795,8.0,7.616279069767442,912,5,0.0,-1.3877787807814457e-17,8.0,,,,,,,,
21.0,240.0,1.0000000000000002,3722.978117828439,3680.7963873917965,1910.5897756869763,2.495479544304198,919,637.2000000000763,0.0,1780.0,408.0,1372.0,4605.0,214.0,56.099999999999646,101.0,270.0,0.1.0,2003,linear,central,forge,120,60,1,5.033007600434311,8.0,10.871287128712872,919,6,0.0,6.938893903907228e-18,8.0,600.0,80.0,80.0,,,,,
19.0,240.0,1.0000000000000002,3650.8555923175068,3667.4400731561364,1881.1722005042739,2.1838318479521153,1516,637.2000000000763,0.0,1733.0,0.0,1733.0,4246.0,0.0,12.150000000000018,74.0,2.0,0.1.0,2003,linear,central,duplicate,120,60,1,7.635892604804522,13.0,10.054054054054054,1516,6,0.0,0.0,8.0,,80.0,80.0,384.0,,,,
21.0,240.0,1.0000000000000002,3699.8907494353366,3681.1338971089876,1813.1493885783586,2.495479544304198,914,637.2000000000763,0.0,1593.0,0.0,1593.0,4782.0,0.0,13.650000000000022,86.0,2.0,0.1.0,2003,linear,central,freeride,120,60,1,4.920953575909661,8.0,7.616279069767442,914,5,0.0,1.3877787807814457e-17,8.0,,80.0,80.0,,,,,
21.0,240.0,1.0000000000000002,3639.7961820990536,3690.778167176739,1918.3676628325234,2.495479544304198,876,637.2000000000763,0.0,1636.0,0.0,1636.0,4733.0,0.0,13.05000000000002,84.0,2.0,0.1.0,2003,linear,central,censor,120,60,1,4.715613775618001,7.0,7.440476190476191,876,6,0.0,-1.3877787807814457e-17,8.0,,80.0,80.0,,40.0,,,
21.0,240.0,1.0000000000000002,3798.295172593857,3793.62358435253,2001.350344568214,2.6806221275548694,912,637.2000000000763,0.0,1467.0,0.0,1467.0,4910.0,0.0,13.650000000000022,86.0,2.0,0.1.0,2003,sublinear,central,none,120,60,1,4.904073319755601,8.0,7.593023255813954,912,5,0.03017800994484549,-0.03975536262945301,2.0,,,,,,,,
22.0,240.0,1.0000000000000002,3875.213037713749,3751.404334493425,1963.1611421517414,2.779010638404459,917,637.2000000000763,0.0,1714.0,422.0,1292.0,4674.0,200.0,55.049999999999656,102.0,262.0,0.1.0,2003,sublinear,central,forge,120,60,1,5.037869062901155,8.0,10.627450980392156,917,5,0.02942695682539572,-0.03907643270933148,2.0,600.0,20.0,20.0,,,,,
20.0,240.0,1.0000000000000002,3787.713035927743,3753.736664351067,1956.8074982139306,2.4673629420523766,1515,637.2000000000763,0.0,1521.0,0.0,1521.0,4407.0,0.0,13.05000000000002,78.0,2.0,0.1.0,2003,sublinear,central,duplicate,120,60,1,7.725209893351487,13.0,10.205128205128204,1515,5,0.03070522169659822,-0.040311242726134996,2.0,,20.0,20.0,442.0,,,,
21.0,240.0,1.0000000000000002,3768.273912717367,3769.0965548884224,1831.3167170391184,2.6806221275548694,913,637.2000000000763,0.0,1500.0,0.0,1500.0,4876.0,0.0,13.650000000000022,86.0,2.0,0.1.0,2003,sublinear,central,freeride,120,60,1,4.912633305988515,8.0,7.593023255813954,913,5,0.030126512870570384,-0.0397404229169392,2.0,,20.0,20.0,,,,,
21.0,240.0,1.0000000000000002,3762.3259271208494,3772.5093899111334,1984.3492053593416,2.6806221275548694,902,637.2000000000763,0.0,1505.0,0.0,1505.0,4869.0,0.0,13.500000000000021,85.0,2.0,0.1.0,2003,sublinear,central,censor,120,60,1,4.844115834873691,7.0,7.517647058823529,902,5,0.0301839853752632,-0.03973055768557777,2.0,,20.0,20.0,,12.0,,,
21.0,240.0,1.0000000000000002,3798.295172593857,3793.62358435253,2001.350344568214,2.6806221275548694,912,637.2000000000763,0.0,1467.0,0.0,1467.0,4910.0,0.0,13.650000000000022,86.0,2.0,0.1.0,2003,sublinear,central,none,120,60,1,4.904073319755601,8.0,7.593023255813954,912,5,0.03017800994484549,-0.03975536262945301,8.0,,,,,,,,
21.0,240.0,1.0000000000000002,3755.5378425972217,3692.0091804144868,1921.9595195007516,2.495479544304198,919,637.2000000000763,0.0,1765.0,408.0,1357.0,4620.0,213.0,56.099999999999646,101.0,270.0,0.1.0,2003,sublinear,central,forge,120,60,1,5.032251082251082,8.0,10.831683168316832,919,6,0.030200955579106112,-0.03978503071145441,8.0,600.0,80.0,80.0,,,,,
20.0,240.0,1.0000000000000002,3684.574306596579,3676.7576777353315,1891.0039582795441,2.282220358801705,1517,637.2000000000763,0.0,1717.0,0.0,1717.0,4264.0,0.0,12.150000000000018,74.0,2.0,0.1.0,2003,sublinear,central,duplicate,120,60,1,7.647279549718574,13.0,10.054054054054054,1517,6,0.03264476209501067,-0.0420947518501284,8.0,,80.0,80.0,381.0,,,,
22.0,240.0,1.0000000000000002,3732.5218624418676,3692.845680770155,1823.1326149140227,2.779010638404459,912,637.2000000000763,0.0,1575.0,0.0,1575.0,4801.0,0.0,13.500000000000021,85.0,2.0,0.1.0,2003,sublinear,central,freeride,120,60,1,4.925432201624662,8.0,7.588235294117647,912,5,0.030069155411318597,-0.03983751075923021,8.0,,80.0,80.0,,,,,
21.0,240.0,1.0000000000000002,3670.01814438139,3701.783107602155,1927.4967902555104,2.495479544304198,875,637.2000000000763,0.0,1613.0,0.0,1613.0,4756.0,0.0,12.90000000000002,83.0,2.0,0.1.0,2003,sublinear,central,censor,120,60,1,4.718671152228763,7.0,7.445783132530121,875,6,0.03087344725988758,-0.04034959970805163,8.0,,80.0,80.0,,40.0,,,
20.0,240.0,1.0000000000000002,3714.9824324455612,3753.427028059592,1986.7264882550412,2.4673629420523766,913,637.2000000000763,0.0,1562.0,0.0,1562.0,4812.0,0.0,13.350000000000021,84.0,2.0,0.1.0,2003,hierarchy,central,none,120,60,1,4.888611803823774,8.0,7.607142857142857,913,6,0.17538028589117144,0.194143749476002,2.0,,,,,,,,
19.0,240.0,1.0000000000000002,3784.567491996839,3703.16170888739,1932.1777780015386,2.1838318479521153,914,637.2000000000763,0.0,1829.0,419.0,1410.0,4557.0,201.0,53.099999999999675,97.0,254.0,0.1.0,2003,hierarchy,central,forge,120,60,1,4.998463901689708,8.0,10.185567010309278,914,6,0.17278324359497813,0.18923470276551355,2.0,600.0,20.0,20.0,,,,,
20.0,240.0,1.0000000000000002,3697.460326657208,3713.3356825444384,1934.7607364137023,2.7446991199105857,1512,637.2000000000763,0.0,1627.0,0.0,1627.0,4306.0,0.0,12.60000000000002,75.0,2.0,0.1.0,2003,hierarchy,central,duplicate,120,60,1,7.660705991639572,13.0,10.08,1512,4,0.1703934063578423,0.1830897164128683,2.0,,20.0,20.0,437.0,,,,
19.0,240.0,1.0000000000000002,3697.6558762343225,3728.875863291732,1817.1138708402007,2.1838318479521153,910,637.2000000000763,0.0,1601.0,0.0,1601.0,4775.0,0.0,13.20000000000002,83.0,2.0,0.1.0,2003,hierarchy,central,freeride,120,60,1,4.894869109947644,8.0,7.566265060240964,910,6,0.17389120680035192,0.19162515348634204,2.0,,20.0,20.0,,,,,
20.0,240.0,1.0000000000000002,3684.850415888755,3733.0149269946833,1970.1041390701118,2.4673629420523766,902,637.2000000000763,0.0,1599.0,0.0,1599.0,4771.0,0.0,12.90000000000002,81.0,2.0,0.1.0,2003,hierarchy,central,censor,120,60,1,4.827918675330119,7.0,7.493827160493828,902,6,0.17383750500460388,0.19353965666567235,2.0,,20.0,20.0,,12.0,,,
20.0,240.0,1.0000000000000002,3714.9824324455612,3753.427028059592,1986.7264882550412,2.4673629420523766,913,637.2000000000763,0.0,1562.0,0.0,1562.0,4812.0,0.0,13.350000000000021,84.0,2.0,0.1.0,2003,hierarchy,central,none,120,60,1,4.888611803823774,8.0,7.607142857142857,913,6,0.17538028589117144,0.194143749476002,8.0,,,,,,,,
19.0,240.0,1.0000000000000002,3676.831888719657,3649.346127635664,1896.858235518155,2.1838318479521153,916,637.2000000000763,0.0,1867.0,408.0,1459.0,4518.0,214.0,55.49999999999965,98.0,269.0,0.1.0,2003,hierarchy,central,forge,120,60,1,5.00398406374502,8.0,10.612244897959183,916,6,0.17099688418839473,0.18839130811555393,8.0,600.0,80.0,80.0,,,,,
22.0,240.0,1.0000000000000002,3595.628704908618,3642.614066459007,1871.3529915144818,3.0593905025247,1511,637.2000000000763,0.0,1790.0,0.0,1790.0,4193.0,0.0,11.550000000000017,71.0,2.0,0.1.0,2003,hierarchy,central,duplicate,120,60,1,7.606725494872406,13.0,9.915492957746478,1511,5,0.1660291013822084,0.1756501273963457,8.0,,80.0,80.0,381.0,,,,
20.0,240.0,1.0000000000000002,3654.0641493856947,3650.7220426411254,1801.363756500504,2.285264045063737,911,637.2000000000763,0.0,1667.0,0.0,1667.0,4707.0,0.0,13.05000000000002,82.0,2.0,0.1.0,2003,hierarchy,central,freeride,120,60,1,4.907584448693435,8.0,7.609756097560975,911,5,0.17276516113790097,0.18835302103689888,8.0,,80.0,80.0,,,,,
20.0,240.0,1.0000000000000002,3592.250136537793,3660.1365980308797,1911.8103640440113,2.3970910334546085,871,637.2000000000763,0.0,1707.0,0.0,1707.0,4663.0,0.0,12.450000000000019,80.0,2.0,0.1.0,2003,hierarchy,central,censor,120,60,1,4.702980913574952,7.0,7.45,871,7,0.17239474648388883,0.18992828779735327,8.0,,80.0,80.0,,40.0,,,
25.0,240.0,1.0000000000000002,4064.040215633881,3804.384076296418,2091.8067902648613,3.695783515255241,912,637.2000000000763,0.0,1554.0,0.0,1554.0,4828.0,0.0,14.400000000000023,91.0,2.0,0.1.0,2003,hierarchy_tenure,central,none,120,60,1,4.892916321458161,8.0,7.65934065934066,912,4,0.41803929397322387,0.0940021920909373,2.0,,,,,,,,
24.0,240.0,1.0000000000000002,4102.293974086763,3758.7766898563514,2047.3959271543724,3.0897792959177006,914,637.2000000000763,0.0,1775.0,423.0,1352.0,4618.0,197.0,52.49999999999968,104.0,243.0,0.1.0,2003,hierarchy_tenure,central,forge,120,60,1,5.012126461671719,8.0,10.221153846153847,914,4,0.4170644977585643,0.09044395973827553,2.0,600.0,20.0,20.0,,,,,
24.0,240.0,1.0000000000000002,4053.7318056437466,3769.0166402299237,2052.423286764854,3.0897792959177006,1510,637.2000000000763,0.0,1602.0,0.0,1602.0,4351.0,0.0,13.650000000000022,81.0,2.0,0.1.0,2003,hierarchy_tenure,central,duplicate,120,60,1,7.685589519650655,13.0,10.222222222222221,1510,5,0.4175167827652111,0.08994696329157958,2.0,,20.0,20.0,426.0,,,,
24.0,240.0,1.0000000000000002,4033.0694367247625,3779.5841504693544,1927.7706183772184,3.0897792959177006,911,637.2000000000763,0.0,1575.0,0.0,1575.0,4808.0,0.0,14.400000000000023,91.0,2.0,0.1.0,2003,hierarchy_tenure,central,freeride,120,60,1,4.8993344425956735,8.0,7.65934065934066,911,4,0.41661062788744074,0.09277593688595226,2.0,,20.0,20.0,,,,,
24.0,240.0,1.0000000000000002,4028.184150234498,3784.1781639955866,2074.086251863356,3.0897792959177006,902,637.2000000000763,0.0,1581.0,0.0,1581.0,4798.0,0.0,14.250000000000023,90.0,2.0,0.1.0,2003,hierarchy_tenure,central,censor,120,60,1,4.831804918716132,7.0,7.588888888888889,902,4,0.4193443709444333,0.09190896804424717,2.0,,20.0,20.0,,12.0,,,
25.0,240.0,1.0000000000000002,4064.040215633881,3804.384076296418,2091.8067902648613,3.695783515255241,912,637.2000000000763,0.0,1554.0,0.0,1554.0,4828.0,0.0,14.400000000000023,91.0,2.0,0.1.0,2003,hierarchy_tenure,central,none,120,60,1,4.892916321458161,8.0,7.65934065934066,912,4,0.41803929397322387,0.0940021920909373,8.0,,,,,,,,
24.0,240.0,1.0000000000000002,3988.9498964099084,3701.820457033502,2007.715367715607,3.0897792959177006,916,637.2000000000763,0.0,1819.0,414.0,1405.0,4570.0,207.0,54.74999999999966,102.0,260.0,0.1.0,2003,hierarchy_tenure,central,forge,120,60,1,5.007877461706784,8.0,10.431372549019608,916,4,0.41857608270640834,0.08579782725476412,8.0,600.0,80.0,80.0,,,,,
24.0,240.0,1.0000000000000002,3952.779487788484,3700.788838790395,1996.4317702156939,3.0897792959177006,1511,637.2000000000763,0.0,1754.0,0.0,1754.0,4242.0,0.0,12.60000000000002,76.0,2.0,0.1.0,2003,hierarchy_tenure,central,duplicate,120,60,1,7.627534181989628,13.0,10.026315789473685,1511,6,0.4203198757808839,0.08108688998479069,8.0,,80.0,80.0,375.0,,,,
23.0,240.0,1.0000000000000002,4001.43302806388,3704.9087696118995,1932.949904757856,3.0242697674072585,911,637.2000000000763,0.0,1616.0,0.0,1616.0,4767.0,0.0,14.400000000000023,91.0,2.0,0.1.0,2003,hierarchy_tenure,central,freeride,120,60,1,4.9114747220474095,8.0,7.65934065934066,911,4,0.4114278173238749,0.09091991054746572,8.0,,80.0,80.0,,,,,
25.0,240.0,1.0000000000000002,3928.4922910579644,3717.018220839038,2021.493929543199,3.351571191774004,875,637.2000000000763,0.0,1682.0,0.0,1682.0,4690.0,0.0,13.350000000000021,86.0,2.0,0.1.0,2003,hierarchy_tenure,central,censor,120,60,1,4.698720682302772,7.0,7.465116279069767,875,5,0.4202154239542882,0.08546610762957259,8.0,,80.0,80.0,,40.0,,,
11.0,240.0,1.0000000000000002,3971.1206313349635,3825.3523386260104,2160.570931998298,1.2359305919897474,919,637.2000000000763,0.0,1391.0,0.0,1391.0,4993.0,0.0,15.600000000000026,102.0,1.0,0.1.0,2004,equal,central,none,120,60,1,4.897055878229521,8.0,7.519607843137255,919,3,0.1784506836667936,-0.24879250147786608,2.0,,,,,,,,
12.0,240.0,1.0000000000000002,4031.924012070242,3790.438651213944,2127.563946102866,1.3493947190702915,921,637.2000000000763,0.0,1629.0,392.0,1237.0,4771.0,239.0,55.94999999999965,120.0,252.0,0.1.0,2004,equal,central,forge,120,60,1,5.053657514147977,8.0,11.225,921,3,0.17460210434550838,-0.2451293569330819,2.0,600.0,20.0,20.0,,,,,
13.0,240.0,1.0000000000000002,3952.613373463217,3792.350365130342,2126.4828409374627,1.6893857761302868,1517,637.2000000000763,0.0,1433.0,0.0,1433.0,4491.0,0.0,16.80000000000002,93.0,1.0,0.1.0,2004,equal,central,duplicate,120,60,1,7.694945446448452,13.0,10.03225806451613,1517,4,0.17961788929478795,-0.24933721934860956,2.0,,20.0,20.0,470.0,,,,
11.0,240.0,1.0000000000000002,3926.458744019837,3801.96921006419,1961.4077048260685,1.2359305919897474,919,637.2000000000763,0.0,1421.0,0.0,1421.0,4963.0,0.0,15.600000000000026,102.0,1.0,0.1.0,2004,equal,central,freeride,120,60,1,4.904291759016724,8.0,7.5588235294117645,919,3,0.17675793750945462,-0.24704333666117262,2.0,,20.0,20.0,,,,,
11.0,240.0,1.0000000000000002,3930.4876384545005,3803.183279916448,2140.47450361817,1.2359305919897474,903,637.2000000000763,0.0,1423.0,0.0,1423.0,4964.0,0.0,15.600000000000026,102.0,1.0,0.1.0,2004,equal,central,censor,120,60,1,4.8344077356970185,7.0,7.490196078431373,903,4,0.1770389726134151,-0.24758465390274623,2.0,,20.0,20.0,,13.0,,,
11.0,240.0,1.0000000000000002,3971.1206313349635,3825.3523386260104,2160.570931998298,1.2359305919897474,919,637.2000000000763,0.0,1391.0,0.0,1391.0,4993.0,0.0,15.600000000000026,102.0,1.0,0.1.0,2004,equal,central,none,120,60,1,4.897055878229521,8.0,7.519607843137255,919,3,0.1784506836667936,-0.24879250147786608,8.0,,,,,,,,
12.0,240.0,1.0000000000000002,3899.1912001230044,3726.4316447847314,2080.789683563077,1.3493947190702915,919,637.2000000000763,0.0,1690.0,389.0,1301.0,4714.0,245.0,56.99999999999964,122.0,257.0,0.1.0,2004,equal,central,forge,120,60,1,5.059609673313534,8.0,11.491803278688524,919,3,0.17334637029956856,-0.24480084081747383,8.0,600.0,80.0,80.0,,,,,
12.0,240.0,1.0000000000000002,3840.756850325668,3719.699289574566,2069.3805633452484,1.3493947190702915,1518,637.2000000000763,0.0,1602.0,0.0,1602.0,4371.0,0.0,16.200000000000024,90.0,1.0,0.1.0,2004,equal,central,duplicate,120,60,1,7.642873484328529,13.0,9.911111111111111,1518,3,0.18084167897837414,-0.2518537412365831,8.0,,80.0,80.0,416.0,,,,
12.0,240.0,1.0000000000000002,3900.205713672487,3727.6949845167987,1968.702274870093,1.3493947190702915,919,637.2000000000763,0.0,1475.0,0.0,1475.0,4906.0,0.0,15.150000000000025,99.0,1.0,0.1.0,2004,equal,central,freeride,120,60,1,4.917448022829189,8.0,7.555555555555555,919,3,0.17836998825307013,-0.24882758944711247,8.0,,80.0,80.0,,,,,
11.0,240.0,1.0000000000000002,3816.337522260186,3734.410363117049,2086.8393674240942,1.2359305919897474,875,637.2000000000763,0.0,1530.0,0.0,1530.0,4855.0,0.0,15.000000000000025,98.0,1.0,0.1.0,2004,equal,central,censor,120,60,1,4.707723995880536,7.0,7.26530612244898,875,4,0.17504512092816002,-0.24621114114292222,8.0,,80.0,80.0,,39.0,,,
12.0,240.0,1.0000000000000002,3799.968239449183,3780.014795227348,2121.0059567531025,1.4463097950842427,919,637.2000000000763,0.0,1415.0,0.0,1415.0,4968.0,0.0,15.450000000000026,101.0,1.0,0.1.0,2004,linear,central,none,120,60,1,4.904589371980676,8.0,7.534653465346534,919,2,0.0,1.3877787807814457e-17,2.0,,,,,,,,
13.0,240.0,1.0000000000000002,3862.8136079229253,3740.4397090106804,2086.093912709432,1.6526055219617857,921,637.2000000000763,0.0,1649.0,397.0,1252.0,4754.0,236.0,55.79999999999965,123.0,248.0,0.1.0,2004,linear,central,forge,120,60,1,5.06079091291544,8.0,11.121951219512194,921,2,0.0,-1.3877787807814457e-17,2.0,600.0,20.0,20.0,,,,,
12.0,240.0,1.0000000000000002,3789.7825003569915,3746.2002006376233,2092.530252892428,1.5137139911025028,1518,637.2000000000763,0.0,1444.0,0.0,1444.0,4482.0,0.0,16.65000000000002,93.0,1.0,0.1.0,2004,linear,central,duplicate,120,60,1,7.726015171798305,13.0,10.096774193548388,1518,4,0.0,-6.938893903907228e-18,2.0,,20.0,20.0,466.0,,,,
12.0,240.0,1.0000000000000002,3766.249271330777,3756.861539864735,1928.7639769020495,1.4463097950842427,921,637.2000000000763,0.0,1439.0,0.0,1439.0,4942.0,0.0,15.450000000000026,101.0,1.0,0.1.0,2004,linear,central,freeride,120,60,1,4.913395386483205,8.0,7.544554455445544,921,2,0.0,0.0,2.0,,20.0,20.0,,,,,
12.0,240.0,1.0000000000000002,3760.8830145080306,3759.6393765137595,2103.9258011565394,1.4463097950842427,904,637.2000000000763,0.0,1440.0,0.0,1440.0,4945.0,0.0,15.450000000000026,101.0,1.0,0.1.0,2004,linear,central,censor,120,60,1,4.837613751263903,7.0,7.485148514851486,904,3,0.0,-6.938893903907228e-18,2.0,,20.0,20.0,,13.0,,,
12.0,240.0,1.0000000000000002,3799.968239449183,3780.014795227348,2121.0059567531025,1.4463097950842427,919,637.2000000000763,0.0,1415.0,0.0,1415.0,4968.0,0.0,15.450000000000026,101.0,1.0,0.1.0,2004,linear,central,none,120,60,1,4.904589371980676,8.0,7.534653465346534,919,2,0.0,1.3877787807814457e-17,8.0,,,,,,,,
12.0,240.0,1.0000000000000002,3752.661695635894,3679.154423929524,2044.9257907937815,1.5137139911025028,920,637.2000000000763,0.0,1719.0,389.0,1330.0,4686.0,246.0,56.99999999999964,124.0,255.0,0.1.0,2004,linear,central,forge,120,60,1,5.067434912505335,8.0,11.564516129032258,920,2,0.0,0.0,8.0,600.0,80.0,80.0,,,,,
12.0,240.0,1.0000000000000002,3704.963182926732,3671.899392527283,2037.812704143811,1.5137139911025028,1518,637.2000000000763,0.0,1634.0,0.0,1634.0,4346.0,0.0,15.600000000000026,89.0,1.0,0.1.0,2004,linear,central,duplicate,120,60,1,7.669581224114128,13.0,10.02247191011236,1518,4,0.0,0.0,8.0,,80.0,80.0,405.0,,,,
13.0,240.0,1.0000000000000002,3750.647824509213,3678.8644628297875,1934.6794032640566,2.099385447243109,918,637.2000000000763,0.0,1491.0,0.0,1491.0,4891.0,0.0,15.150000000000025,99.0,1.0,0.1.0,2004,linear,central,freeride,120,60,1,4.926395420159476,8.0,7.565656565656566,918,2,0.0,0.0,8.0,,80.0,80.0,,,,,
12.0,240.0,1.0000000000000002,3674.9272477078625,3688.4501194054124,2054.6309365444017,1.5137139911025028,875,637.2000000000763,0.0,1558.0,0.0,1558.0,4825.0,0.0,14.700000000000024,96.0,1.0,0.1.0,2004,linear,central,censor,120,60,1,4.7144041450777205,7.0,7.28125,875,3,0.0,-6.938893903907228e-18,8.0,,80.0,80.0,,39.0,,,
12.0,240.0,1.0000000000000002,3826.7264688615555,3790.371923433889,2124.466017266994,1.4463097950842427,919,637.2000000000763,0.0,1407.0,0.0,1407.0,4977.0,0.0,15.600000000000026,102.0,1.0,0.1.0,2004,sublinear,central,none,120,60,1,4.906168374522805,8.0,7.53921568627451,919,2,0.029672620247599455,-0.04064557159518986,2.0,,,,,,,,
13.0,240.0,1.0000000000000002,3895.511218469076,3751.896382043145,2091.884267728508,1.6526055219617857,920,637.2000000000763,0.0,1642.0,397.0,1245.0,4761.0,236.0,55.49999999999965,122.0,247.0,0.1.0,2004,sublinear,central,forge,120,60,1,5.063852131905062,8.0,11.139344262295081,920,2,0.029567600952234065,-0.04070005048787812,2.0,600.0,20.0,20.0,,,,,
13.0,240.0,1.0000000000000002,3816.384154771533,3756.1701472916398,2094.7654696411723,1.6526055219617857,1518,637.2000000000763,0.0,1443.0,0.0,1443.0,4481.0,0.0,16.65000000000002,93.0,1.0,0.1.0,2004,sublinear,central,duplicate,120,60,1,7.7246150412854275,13.0,10.096774193548388,1518,4,0.030420518449364047,-0.041432583619429794,2.0,,20.0,20.0,468.0,,,,
12.0,240.0,1.0000000000000002,3792.0809602817562,3767.103330139179,1932.1938101490525,1.4463097950842427,920,637.2000000000763,0.0,1433.0,0.0,1433.0,4950.0,0.0,15.600000000000026,102.0,1.0,0.1.0,2004,sublinear,central,freeride,120,60,1,4.915151515151515,8.0,7.568627450980392,920,2,0.029584263501300452,-0.04060762785951158,2.0,,20.0,20.0,,,,,
12.0,240.0,1.0000000000000002,3788.316235369169,3769.4044439290933,2107.34031494247,1.4463097950842427,901,637.2000000000763,0.0,1432.0,0.0,1432.0,4956.0,0.0,15.450000000000026,101.0,1.0,0.1.0,2004,sublinear,central,censor,120,60,1,4.841404358353511,7.0,7.485148514851486,901,3,0.029540448485519566,-0.040549912917790344,2.0,,20.0,20.0,,13.0,,,
12.0,240.0,1.0000000000000002,3826.7264688615555,3790.371923433889,2124.466017266994,1.4463097950842427,919,637.2000000000763,0.0,1407.0,0.0,1407.0,4977.0,0.0,15.600000000000026,102.0,1.0,0.1.0,2004,sublinear,central,none,120,60,1,4.906168374522805,8.0,7.53921568627451,919,2,0.029672620247599455,-0.04064557159518986,8.0,,,,,,,,
12.0,240.0,1.0000000000000002,3780.1860349677722,3689.9821115301484,2049.883635947723,1.5137139911025028,920,637.2000000000763,0.0,1711.0,389.0,1322.0,4694.0,246.0,56.99999999999964,124.0,255.0,0.1.0,2004,sublinear,central,forge,120,60,1,5.069450362164465,8.0,11.564516129032258,920,2,0.0296763575579756,-0.040922272700523475,8.0,600.0,80.0,80.0,,,,,
13.0,240.0,1.0000000000000002,3734.44855124981,3681.523116433153,2040.0079614085334,1.6526055219617857,1518,637.2000000000763,0.0,1628.0,0.0,1628.0,4353.0,0.0,15.600000000000026,89.0,1.0,0.1.0,2004,sublinear,central,duplicate,120,60,1,7.681598897312199,13.0,10.02247191011236,1518,5,0.031212924637297,-0.04234651903641935,8.0,,80.0,80.0,404.0,,,,
12.0,240.0,1.0000000000000002,3777.9064643051697,3691.9542840915087,1940.8960982527165,1.4463097950842427,918,637.2000000000763,0.0,1484.0,0.0,1484.0,4898.0,0.0,15.150000000000025,99.0,1.0,0.1.0,2004,sublinear,central,freeride,120,60,1,4.926296447529604,8.0,7.565656565656566,918,2,0.030625588547521555,-0.042022271180815585,8.0,,80.0,80.0,,,,,
12.0,240.0,1.0000000000000002,3699.154595191766,3697.350162245643,2056.090144900331,1.5137139911025028,874,637.2000000000763,0.0,1552.0,0.0,1552.0,4832.0,0.0,14.700000000000024,96.0,1.0,0.1.0,2004,sublinear,central,censor,120,60,1,4.718956953642384,7.0,7.28125,874,3,0.02960661746437415,-0.040636340965435065,8.0,,80.0,80.0,,39.0,,,
13.0,240.0,1.0000000000000002,3770.2207787375796,3746.270585083012,2129.281382794333,2.4022030924753315,922,637.2000000000763,0.0,1463.0,0.0,1463.0,4915.0,0.0,15.150000000000025,98.0,1.0,0.1.0,2004,hierarchy,central,none,120,60,1,4.890335707019329,8.0,7.551020408163265,922,2,0.17134103619094534,0.18519692243056213,2.0,,,,,,,,
14.0,240.0,1.0000000000000002,3807.2770587346436,3702.5131727023218,2088.87656454278,2.8499463525790123,921,637.2000000000763,0.0,1698.0,396.0,1302.0,4701.0,235.0,54.89999999999966,119.0,246.0,0.1.0,2004,hierarchy,central,forge,120,60,1,5.043607743033397,8.0,11.168067226890756,921,2,0.169005580314399,0.18164778241946716,2.0,600.0,20.0,20.0,,,,,
12.0,240.0,1.0000000000000002,3752.6808226555863,3712.115377102096,2096.214332096008,2.641431179324875,1516,637.2000000000763,0.0,1511.0,0.0,1511.0,4422.0,0.0,16.050000000000026,90.0,1.0,0.1.0,2004,hierarchy,central,duplicate,120,60,1,7.6840796019900495,13.0,10.077777777777778,1516,4,0.16779475453267823,0.17740924428025648,2.0,,20.0,20.0,457.0,,,,
12.0,240.0,1.0000000000000002,3736.0854447026677,3722.9764219018866,1939.6151901501319,2.641431179324875,923,637.2000000000763,0.0,1473.0,0.0,1473.0,4904.0,0.0,15.150000000000025,98.0,1.0,0.1.0,2004,hierarchy,central,freeride,120,60,1,4.904363784665579,8.0,7.581632653061225,923,2,0.1708577544618636,0.1841718872290832,2.0,,20.0,20.0,,,,,
12.0,240.0,1.0000000000000002,3727.608835991895,3724.802670622839,2108.35419781713,2.033546266673344,906,637.2000000000763,0.0,1491.0,0.0,1491.0,4887.0,0.0,14.700000000000024,96.0,1.0,0.1.0,2004,hierarchy,central,censor,120,60,1,4.821772048291385,7.0,7.458333333333333,906,3,0.17174536423233477,0.1846313792871873,2.0,,20.0,20.0,,13.0,,,
13.0,240.0,1.0000000000000002,3770.2207787375796,3746.270585083012,2129.281382794333,2.4022030924753315,922,637.2000000000763,0.0,1463.0,0.0,1463.0,4915.0,0.0,15.150000000000025,98.0,1.0,0.1.0,2004,hierarchy,central,none,120,60,1,4.890335707019329,8.0,7.551020408163265,922,2,0.17134103619094534,0.18519692243056213,8.0,,,,,,,,
15.0,240.0,1.0000000000000002,3701.797385413027,3643.0143081527067,2046.0223487815801,2.895137092086348,920,637.2000000000763,0.0,1776.0,391.0,1385.0,4626.0,243.0,56.54999999999964,121.0,255.0,0.1.0,2004,hierarchy,central,forge,120,60,1,5.046908776480761,8.0,11.462809917355372,920,2,0.16938889461177556,0.18135653216299072,8.0,600.0,80.0,80.0,,,,,
14.0,240.0,1.0000000000000002,3671.2099202422655,3642.0391225403305,2047.534089264164,3.055278744634198,1516,637.2000000000763,0.0,1679.0,0.0,1679.0,4305.0,0.0,15.300000000000026,87.0,1.0,0.1.0,2004,hierarchy,central,duplicate,120,60,1,7.6380952380952385,13.0,10.022988505747126,1516,4,0.1667028966301523,0.1731689997925318,8.0,,80.0,80.0,401.0,,,,
13.0,240.0,1.0000000000000002,3725.581439226938,3646.9612419647733,1949.4740697323568,2.4078060305416895,919,637.2000000000763,0.0,1526.0,0.0,1526.0,4853.0,0.0,14.850000000000025,97.0,1.0,0.1.0,2004,hierarchy,central,freeride,120,60,1,4.9167525242118275,8.0,7.56701030927835,919,2,0.16460103997600561,0.17422980417531944,8.0,,80.0,80.0,,,,,
13.0,240.0,1.0000000000000002,3644.7608745484235,3654.4667237320728,2061.0995912755006,2.4022030924753315,878,637.2000000000763,0.0,1597.0,0.0,1597.0,4782.0,0.0,14.550000000000024,94.0,1.0,0.1.0,2004,hierarchy,central,censor,120,60,1,4.702425763278963,7.0,7.297872340425532,878,3,0.17168425598300946,0.18229284525275746,8.0,,80.0,80.0,,39.0,,,
19.0,240.0,1.0000000000000002,3872.3644835761447,3788.62670111325,2125.8316895115076,4.453177824856544,915,637.2000000000763,0.0,1523.0,0.0,1523.0,4867.0,0.0,15.900000000000027,103.0,1.0,0.1.0,2004,hierarchy_tenure,central,none,120,60,1,4.887815903020341,8.0,7.640776699029126,915,3,0.3959208436251018,0.1208579611595755,2.0,,,,,,,,
17.0,240.0,1.0000000000000002,3910.490148144359,3748.60624061884,2084.4508645188957,3.6278479940797985,915,637.2000000000763,0.0,1749.0,409.0,1340.0,4660.0,224.0,54.74999999999966,122.0,241.0,0.1.0,2004,hierarchy_tenure,central,forge,120,60,1,5.033476394849785,8.0,10.778688524590164,915,3,0.39259705145629314,0.12337658668358539,2.0,600.0,20.0,20.0,,,,,
16.0,240.0,1.0000000000000002,3855.98192008806,3756.6954461859523,2093.133383190655,3.4215522672022556,1513,637.2000000000763,0.0,1573.0,0.0,1573.0,4380.0,0.0,16.350000000000023,91.0,1.0,0.1.0,2004,hierarchy_tenure,central,duplicate,120,60,1,7.648401826484018,13.0,10.153846153846153,1513,5,0.3924456158447095,0.12134881548377797,2.0,,20.0,20.0,442.0,,,,
19.0,240.0,1.0000000000000002,3836.9768595474575,3765.935820574354,1945.265499145986,4.453177824856544,915,637.2000000000763,0.0,1539.0,0.0,1539.0,4851.0,0.0,15.900000000000027,103.0,1.0,0.1.0,2004,hierarchy_tenure,central,freeride,120,60,1,4.895073180787467,8.0,7.640776699029126,915,3,0.39380423693901734,0.1228338297654406,2.0,,20.0,20.0,,,,,
19.0,240.0,1.0000000000000002,3835.677229358981,3768.7712835272796,2111.0066297849526,4.453177824856544,899,637.2000000000763,0.0,1545.0,0.0,1545.0,4847.0,0.0,15.750000000000027,102.0,1.0,0.1.0,2004,hierarchy_tenure,central,censor,120,60,1,4.822983288632144,7.0,7.588235294117647,899,4,0.3959192931528419,0.12160402596076085,2.0,,20.0,20.0,,13.0,,,
19.0,240.0,1.0000000000000002,3872.3644835761447,3788.62670111325,2125.8316895115076,4.453177824856544,915,637.2000000000763,0.0,1523.0,0.0,1523.0,4867.0,0.0,15.900000000000027,103.0,1.0,0.1.0,2004,hierarchy_tenure,central,none,120,60,1,4.887815903020341,8.0,7.640776699029126,915,3,0.3959208436251018,0.1208579611595755,8.0,,,,,,,,
17.0,240.0,1.0000000000000002,3797.174832704263,3690.5204116319364,2048.27167126338,3.6278479940797985,915,637.2000000000763,0.0,1799.0,399.0,1400.0,4611.0,235.0,55.94999999999965,123.0,248.0,0.1.0,2004,hierarchy_tenure,central,forge,120,60,1,5.038169594448059,8.0,11.130081300813009,915,3,0.39278938426075083,0.12333314537944427,8.0,600.0,80.0,80.0,,,,,
16.0,240.0,1.0000000000000002,3760.587741911815,3690.694824261626,2043.2232927563243,3.4215522672022556,1514,637.2000000000763,0.0,1718.0,0.0,1718.0,4277.0,0.0,16.050000000000026,90.0,1.0,0.1.0,2004,hierarchy_tenure,central,duplicate,120,60,1,7.602992751928922,13.0,10.122222222222222,1514,5,0.3932937973144649,0.11868930493483348,8.0,,80.0,80.0,397.0,,,,
18.0,240.0,1.0000000000000002,3821.190173655211,3692.8993559150167,1958.582889774573,4.246882097979001,913,637.2000000000763,0.0,1583.0,0.0,1583.0,4808.0,0.0,15.750000000000027,102.0,1.0,0.1.0,2004,hierarchy_tenure,central,freeride,120,60,1,4.908485856905158,8.0,7.637254901960785,913,3,0.38789634005678986,0.12206334195774785,8.0,,80.0,80.0,,,,,
18.0,240.0,1.0000000000000002,3735.3973734951473,3703.90827051749,2062.6978890531846,4.029379200893774,871,637.2000000000763,0.0,1647.0,0.0,1647.0,4745.0,0.0,15.450000000000026,100.0,1.0,0.1.0,2004,hierarchy_tenure,central,censor,120,60,1,4.696522655426765,7.0,7.4,871,4,0.3958254267981851,0.12069068981792021,8.0,,80.0,80.0,,39.0,,,
22.0,240.0,1.0000000000000002,4150.759228336097,3845.4805546266934,2259.768670378796,3.8023648333853557,921,637.2000000000763,0.0,1296.0,0.0,1296.0,5087.0,0.0,15.600000000000026,102.0,,0.1.0,2005,equal,central,none,120,60,1,4.887359937094555,8.0,7.450980392156863,921,5,0.185739026704729,-0.2553623675114782,2.0,,,,,,,,
24.0,240.0,1.0000000000000002,4209.781167500303,3802.3592951579085,2206.561000291694,4.078717576654651,924,637.2000000000763,0.0,1565.0,406.0,1159.0,4832.0,223.0,60.7499999999996,118.0,284.0,0.1.0,2005,equal,central,forge,120,60,1,5.049461920529802,8.0,11.245762711864407,924,5,0.18415400430213025,-0.2542871923555875,2.0,600.0,20.0,20.0,,,,,
22.0,240.0,1.0000000000000002,4128.161146294167,3813.811573095019,2223.145853725903,3.8023648333853557,1513,637.2000000000763,0.0,1310.0,0.0,1310.0,4588.0,0.0,15.750000000000027,91.0,,0.1.0,2005,equal,central,duplicate,120,60,1,7.6885353095030515,13.0,9.582417582417582,1513,5,0.1839404984118469,-0.25612605140544675,2.0,,20.0,20.0,494.0,,,,
22.0,240.0,1.0000000000000002,4109.519107284076,3822.9177589224655,2073.38802094823,3.8023648333853557,921,637.2000000000763,0.0,1321.0,0.0,1321.0,5060.0,0.0,15.300000000000026,100.0,,0.1.0,2005,equal,central,freeride,120,60,1,4.893675889328064,8.0,7.45,921,5,0.1854642533989187,-0.2548784035925542,2.0,,20.0,20.0,,,,,
22.0,240.0,1.0000000000000002,4101.116400247836,3824.846004897461,2238.4060874498514,3.8023648333853557,908,637.2000000000763,0.0,1326.0,0.0,1326.0,5055.0,0.0,15.000000000000025,98.0,,0.1.0,2005,equal,central,censor,120,60,1,4.831849653808111,7.0,7.387755102040816,908,6,0.1861734916332472,-0.25576059469440227,2.0,,20.0,20.0,,11.0,,,
22.0,240.0,1.0000000000000002,4150.759228336097,3845.4805546266934,2259.768670378796,3.8023648333853557,921,637.2000000000763,0.0,1296.0,0.0,1296.0,5087.0,0.0,15.600000000000026,102.0,,0.1.0,2005,equal,central,none,120,60,1,4.887359937094555,8.0,7.450980392156863,921,5,0.185739026704729,-0.2553623675114782,8.0,,,,,,,,
23.0,240.0,1.0000000000000002,4085.0530871376163,3739.657125386138,2165.381310615061,4.052041680220461,925,637.2000000000763,0.0,1630.0,403.0,1227.0,4766.0,227.0,62.39999999999959,118.0,295.0,0.1.0,2005,equal,central,forge,120,60,1,5.057700377675199,8.0,11.703389830508474,925,5,0.18573275849505577,-0.2552751781411039,8.0,600.0,80.0,80.0,,,,,
22.0,240.0,1.0000000000000002,4018.9698990845895,3741.166244565624,2172.276756639887,3.4031402936403596,1513,637.2000000000763,0.0,1484.0,0.0,1484.0,4462.0,0.0,15.300000000000026,89.0,,0.1.0,2005,equal,central,duplicate,120,60,1,7.630434782608695,13.0,9.49438202247191,1513,6,0.18846808088713282,-0.26034499741903344,8.0,,80.0,80.0,443.0,,,,
22.0,240.0,1.0000000000000002,4056.0670401646876,3746.959014379222,2072.2894786562847,3.8023648333853557,921,637.2000000000763,0.0,1373.0,0.0,1373.0,5006.0,0.0,15.000000000000025,98.0,,0.1.0,2005,equal,central,freeride,120,60,1,4.90331602077507,8.0,7.459183673469388,921,5,0.1870316526728632,-0.25638813499795615,8.0,,80.0,80.0,,,,,
22.0,240.0,1.0000000000000002,3995.2447204491664,3756.7294759643933,2189.9862711228425,3.8023648333853557,874,637.2000000000763,0.0,1432.0,0.0,1432.0,4946.0,0.0,15.000000000000025,97.0,,0.1.0,2005,equal,central,censor,120,60,1,4.651233319854428,7.0,7.278350515463917,874,6,0.1885231602680409,-0.25836046200588875,8.0,,80.0,80.0,,48.0,,,
22.0,240.0,1.0000000000000002,3929.89080255117,3805.5170271148513,2242.396020265623,3.742262448746899,920,637.2000000000763,0.0,1313.0,0.0,1313.0,5066.0,0.0,14.850000000000025,97.0,,0.1.0,2005,linear,central,none,120,60,1,4.8989340702724045,8.0,7.515463917525773,920,5,0.0,-6.938893903907228e-18,2.0,,,,,,,,
21.0,240.0,1.0000000000000002,3967.1878222334813,3748.007033595005,2171.2610531821238,3.7155865523127085,922,637.2000000000763,0.0,1594.0,411.0,1183.0,4798.0,217.0,58.349999999999625,112.0,275.0,0.1.0,2005,linear,central,forge,120,60,1,5.044393497290538,8.0,10.991071428571429,922,6,0.0,-1.3877787807814457e-17,2.0,600.0,20.0,20.0,,,,,
20.0,240.0,1.0000000000000002,3909.250892327575,3768.703908953492,2201.390876161849,3.2684571223243655,1512,637.2000000000763,0.0,1342.0,0.0,1342.0,4569.0,0.0,15.450000000000026,88.0,,0.1.0,2005,linear,central,duplicate,120,60,1,7.7246662289341215,13.0,9.761363636363637,1512,5,0.0,-2.0816681711721685e-17,2.0,,20.0,20.0,480.0,,,,
22.0,240.0,1.0000000000000002,3888.188230042622,3775.95293904702,2051.9212553105353,3.641602747619213,922,637.2000000000763,0.0,1346.0,0.0,1346.0,5030.0,0.0,14.700000000000024,96.0,,0.1.0,2005,linear,central,freeride,120,60,1,4.908151093439364,8.0,7.510416666666667,922,5,0.0,3.469446951953614e-17,2.0,,20.0,20.0,,,,,
22.0,240.0,1.0000000000000002,3890.7315716939443,3786.327129315464,2225.4007732639166,3.742262448746899,907,637.2000000000763,0.0,1344.0,0.0,1344.0,5036.0,0.0,14.700000000000024,96.0,,0.1.0,2005,linear,central,censor,120,60,1,4.845710881652105,7.0,7.46875,907,7,0.0,6.938893903907228e-18,2.0,,20.0,20.0,,11.0,,,
22.0,240.0,1.0000000000000002,3929.89080255117,3805.5170271148513,2242.396020265623,3.742262448746899,920,637.2000000000763,0.0,1313.0,0.0,1313.0,5066.0,0.0,14.850000000000025,97.0,,0.1.0,2005,linear,central,none,120,60,1,4.8989340702724045,8.0,7.515463917525773,920,5,0.0,-6.938893903907228e-18,8.0,,,,,,,,
21.0,240.0,1.0000000000000002,3858.2406871965823,3691.874020941174,2133.9069038360885,3.7155865523127085,921,637.2000000000763,0.0,1665.0,402.0,1263.0,4729.0,228.0,60.299999999999606,113.0,287.0,0.1.0,2005,linear,central,forge,120,60,1,5.046310002114612,8.0,11.442477876106194,921,6,0.0,-1.3877787807814457e-17,8.0,600.0,80.0,80.0,,,,,
20.0,240.0,1.0000000000000002,3807.582438063356,3699.5888600323315,2150.082891691873,3.2684571223243655,1512,637.2000000000763,0.0,1506.0,0.0,1506.0,4444.0,0.0,14.550000000000024,84.0,,0.1.0,2005,linear,central,duplicate,120,60,1,7.661341134113411,13.0,9.619047619047619,1512,5,0.0,6.938893903907228e-18,8.0,,80.0,80.0,435.0,,,,
23.0,240.0,1.0000000000000002,3867.4406149434476,3698.4197375260674,2055.4770448269824,3.825447539336734,922,637.2000000000763,0.0,1406.0,0.0,1406.0,4968.0,0.0,14.400000000000023,94.0,,0.1.0,2005,linear,central,freeride,120,60,1,4.916264090177133,8.0,7.5212765957446805,922,6,0.0,-2.7755575615628914e-17,8.0,,80.0,80.0,,,,,
20.0,240.0,1.0000000000000002,3798.8851571539017,3721.4353560565764,2176.1379786436532,3.2684571223243655,873,637.2000000000763,0.0,1441.0,0.0,1441.0,4933.0,0.0,14.250000000000023,92.0,,0.1.0,2005,linear,central,censor,120,60,1,4.664301642002838,7.0,7.304347826086956,873,7,0.0,2.7755575615628914e-17,8.0,,80.0,80.0,,48.0,,,
23.0,240.0,1.0000000000000002,3959.514754597438,3813.9676262659177,2238.2259238492584,3.7891783171236946,921,637.2000000000763,0.0,1311.0,0.0,1311.0,5067.0,0.0,14.850000000000025,97.0,,0.1.0,2005,sublinear,central,none,120,60,1,4.8963883955002965,8.0,7.515463917525773,921,5,0.030451159956933142,-0.040849903257190096,2.0,,,,,,,,
24.0,240.0,1.0000000000000002,4002.1604982919334,3758.836735766815,2169.495788072776,3.8564750273864297,922,637.2000000000763,0.0,1593.0,411.0,1182.0,4800.0,217.0,59.09999999999962,113.0,279.0,0.1.0,2005,sublinear,central,forge,120,60,1,5.052291666666667,8.0,11.283185840707965,922,5,0.030391146734850674,-0.04121494263522977,2.0,600.0,20.0,20.0,,,,,
22.0,240.0,1.0000000000000002,3937.276391210847,3776.0073229859136,2196.485781550376,3.398558081290996,1512,637.2000000000763,0.0,1354.0,0.0,1354.0,4557.0,0.0,15.450000000000026,88.0,,0.1.0,2005,sublinear,central,duplicate,120,60,1,7.709896861970595,13.0,9.761363636363637,1512,5,0.03056048296491439,-0.04164400694935891,2.0,,20.0,20.0,480.0,,,,
23.0,240.0,1.0000000000000002,3920.926287955253,3787.3441892807687,2052.988143124293,3.7891783171236946,921,637.2000000000763,0.0,1342.0,0.0,1342.0,5034.0,0.0,14.550000000000024,95.0,,0.1.0,2005,sublinear,central,freeride,120,60,1,4.90305919745729,8.0,7.484210526315789,921,5,0.03073203079665997,-0.04129578131247353,2.0,,20.0,20.0,,,,,
23.0,240.0,1.0000000000000002,3918.834747071584,3794.5532059206403,2220.9184740028118,3.7891783171236946,909,637.2000000000763,0.0,1342.0,0.0,1342.0,5036.0,0.0,14.700000000000024,96.0,,0.1.0,2005,sublinear,central,censor,120,60,1,4.845512311358221,7.0,7.46875,909,6,0.030399859055613095,-0.04079039227986783,2.0,,20.0,20.0,,11.0,,,
23.0,240.0,1.0000000000000002,3959.514754597438,3813.9676262659177,2238.2259238492584,3.7891783171236946,921,637.2000000000763,0.0,1311.0,0.0,1311.0,5067.0,0.0,14.850000000000025,97.0,,0.1.0,2005,sublinear,central,none,120,60,1,4.8963883955002965,8.0,7.515463917525773,921,5,0.030451159956933142,-0.040849903257190096,8.0,,,,,,,,
23.0,240.0,1.0000000000000002,3886.873345387686,3700.9688434134896,2130.671875653089,3.8297991309522392,923,637.2000000000763,0.0,1654.0,401.0,1253.0,4739.0,229.0,61.0499999999996,114.0,291.0,0.1.0,2005,sublinear,central,forge,120,60,1,5.056552015193079,8.0,11.719298245614034,923,6,0.030742096241778604,-0.04143467540709861,8.0,600.0,80.0,80.0,,,,,
24.0,240.0,1.0000000000000002,3838.2856229585113,3707.4877855711884,2147.305647256623,3.8879511048298325,1512,637.2000000000763,0.0,1511.0,0.0,1511.0,4440.0,0.0,14.550000000000024,84.0,,0.1.0,2005,sublinear,central,duplicate,120,60,1,7.655405405405405,13.0,9.619047619047619,1512,5,0.031515990224491315,-0.04254349604560176,8.0,,80.0,80.0,434.0,,,,
24.0,240.0,1.0000000000000002,3888.7791693976737,3707.790424509436,2049.7014251163146,3.8723634077135296,924,637.2000000000763,0.0,1402.0,0.0,1402.0,4970.0,0.0,14.400000000000023,94.0,,0.1.0,2005,sublinear,central,freeride,120,60,1,4.915492957746479,8.0,7.5212765957446805,924,5,0.03219620255466455,-0.04346508387041676,8.0,,80.0,80.0,,,,,
22.0,240.0,1.0000000000000002,3827.1114897639404,3728.478745312971,2170.648449630798,3.398558081290996,874,637.2000000000763,0.0,1443.0,0.0,1443.0,4930.0,0.0,14.250000000000023,92.0,,0.1.0,2005,sublinear,central,censor,120,60,1,4.663894523326572,7.0,7.304347826086956,874,7,0.030626305605931416,-0.04104698605751372,8.0,,80.0,80.0,,48.0,,,
24.0,240.0,1.0000000000000002,3854.005006868197,3768.2092553870334,2254.569385920568,4.240793277152233,921,637.2000000000763,0.0,1388.0,0.0,1388.0,4990.0,0.0,14.850000000000025,96.0,,0.1.0,2005,hierarchy,central,none,120,60,1,4.888977955911824,8.0,7.520833333333333,921,6,0.1857038420172958,0.20097339551333912,2.0,,,,,,,,
24.0,240.0,1.0000000000000002,3871.7310370577184,3703.3768522502496,2178.3192316505083,4.488189535095954,920,637.2000000000763,0.0,1683.0,414.0,1269.0,4711.0,214.0,57.74999999999963,112.0,271.0,0.1.0,2005,hierarchy,central,forge,120,60,1,5.022500530672893,8.0,10.955357142857142,920,5,0.18041549717927602,0.18926005945467755,2.0,600.0,20.0,20.0,,,,,
23.0,240.0,1.0000000000000002,3820.9084667564935,3724.0940791970543,2202.3551428208075,4.157608186562397,1511,637.2000000000763,0.0,1447.0,0.0,1447.0,4479.0,0.0,15.000000000000025,86.0,,0.1.0,2005,hierarchy,central,duplicate,120,60,1,7.681402098682741,13.0,9.69767441860465,1511,5,0.18012776515362836,0.18920745074953882,2.0,,20.0,20.0,463.0,,,,
24.0,240.0,1.0000000000000002,3824.664307069467,3739.431836651833,2066.687464278701,4.240793277152233,921,637.2000000000763,0.0,1425.0,0.0,1425.0,4954.0,0.0,15.000000000000025,97.0,,0.1.0,2005,hierarchy,central,freeride,120,60,1,4.895236172789665,8.0,7.525773195876289,921,6,0.18175758530892433,0.19495547913003985,2.0,,20.0,20.0,,,,,
23.0,240.0,1.0000000000000002,3824.833756394668,3750.518180474284,2241.255990911208,4.201835187587198,907,637.2000000000763,0.0,1431.0,0.0,1431.0,4948.0,0.0,14.550000000000024,94.0,,0.1.0,2005,hierarchy,central,censor,120,60,1,4.830840743734842,7.0,7.468085106382978,907,7,0.1859129981707759,0.2003369248969325,2.0,,20.0,20.0,,11.0,,,
24.0,240.0,1.0000000000000002,3854.005006868197,3768.2092553870334,2254.569385920568,4.240793277152233,921,637.2000000000763,0.0,1388.0,0.0,1388.0,4990.0,0.0,14.850000000000025,96.0,,0.1.0,2005,hierarchy,central,none,120,60,1,4.888977955911824,8.0,7.520833333333333,921,6,0.1857038420172958,0.20097339551333912,8.0,,,,,,,,
23.0,240.0,1.0000000000000002,3770.209439895753,3652.0913308374493,2143.675840102718,4.44923144553092,919,637.2000000000763,0.0,1740.0,407.0,1333.0,4654.0,222.0,59.399999999999615,111.0,283.0,0.1.0,2005,hierarchy,central,forge,120,60,1,5.021486892995273,8.0,11.27927927927928,919,5,0.182424667276071,0.18997791917078777,8.0,600.0,80.0,80.0,,,,,
22.0,240.0,1.0000000000000002,3722.049039989513,3660.144868175857,2153.5530035469205,4.118650096997363,1513,637.2000000000763,0.0,1597.0,0.0,1597.0,4365.0,0.0,14.550000000000024,84.0,,0.1.0,2005,hierarchy,central,duplicate,120,60,1,7.62176403207331,13.0,9.619047619047619,1513,5,0.18149547709959032,0.18583467418036057,8.0,,80.0,80.0,422.0,,,,
26.0,240.0,1.0000000000000002,3814.0016247201443,3660.8305832450696,2069.4473211146405,4.746074681018168,922,637.2000000000763,0.0,1469.0,0.0,1469.0,4906.0,0.0,14.550000000000024,94.0,,0.1.0,2005,hierarchy,central,freeride,120,60,1,4.9082755809213205,8.0,7.5212765957446805,922,5,0.17980288593509802,0.1819089267227136,8.0,,80.0,80.0,,,,,
23.0,240.0,1.0000000000000002,3731.550005093898,3687.5625372932905,2189.625559637893,4.201835187587198,870,637.2000000000763,0.0,1518.0,0.0,1518.0,4859.0,0.0,14.250000000000023,92.0,,0.1.0,2005,hierarchy,central,censor,120,60,1,4.647252521094876,7.0,7.304347826086956,870,7,0.1850077506786277,0.19747640622750134,8.0,,80.0,80.0,,48.0,,,
21.0,240.0,1.0000000000000002,4021.140422887623,3779.171608993065,2250.947583374466,3.795790880211757,920,637.2000000000763,0.0,1483.0,0.0,1483.0,4900.0,0.0,15.450000000000026,100.0,,0.1.0,2005,hierarchy_tenure,central,none,120,60,1,4.8763265306122445,8.0,7.47,920,6,0.4192127471459302,0.112412359364915,2.0,,,,,,,,
22.0,240.0,1.0000000000000002,4027.6981724386656,3726.2441069117403,2179.004132044677,4.6213049479209705,923,637.2000000000763,0.0,1746.0,417.0,1329.0,4650.0,210.0,57.74999999999963,116.0,266.0,0.1.0,2005,hierarchy_tenure,central,forge,120,60,1,5.011827956989247,8.0,10.53448275862069,923,6,0.4118391035222434,0.11274904127407295,2.0,600.0,20.0,20.0,,,,,
21.0,240.0,1.0000000000000002,4001.4723845253197,3741.23951235434,2205.2749134513338,3.795790880211757,1508,637.2000000000763,0.0,1533.0,0.0,1533.0,4418.0,0.0,15.900000000000027,92.0,,0.1.0,2005,hierarchy_tenure,central,duplicate,120,60,1,7.662743322770484,13.0,9.695652173913043,1508,5,0.41462206365861226,0.11100273827951612,2.0,,20.0,20.0,447.0,,,,
21.0,240.0,1.0000000000000002,3983.2304364746587,3753.951435952738,2068.5715047223944,3.795790880211757,921,637.2000000000763,0.0,1511.0,0.0,1511.0,4871.0,0.0,15.450000000000026,100.0,,0.1.0,2005,hierarchy_tenure,central,freeride,120,60,1,4.884623280640525,8.0,7.47,921,6,0.41724204189216874,0.11332317659474817,2.0,,20.0,20.0,,,,,
22.0,240.0,1.0000000000000002,3988.340341684073,3759.944741575047,2234.590020856748,4.0698630345896705,907,637.2000000000763,0.0,1518.0,0.0,1518.0,4866.0,0.0,15.300000000000026,99.0,,0.1.0,2005,hierarchy_tenure,central,censor,120,60,1,4.823879983559392,7.0,7.424242424242424,907,7,0.4182988265429606,0.11200309545110092,2.0,,20.0,20.0,,11.0,,,
21.0,240.0,1.0000000000000002,4021.140422887623,3779.171608993065,2250.947583374466,3.795790880211757,920,637.2000000000763,0.0,1483.0,0.0,1483.0,4900.0,0.0,15.450000000000026,100.0,,0.1.0,2005,hierarchy_tenure,central,none,120,60,1,4.8763265306122445,8.0,7.47,920,6,0.4192127471459302,0.112412359364915,8.0,,,,,,,,
23.0,240.0,1.0000000000000002,3917.418220685277,3671.1974678229553,2139.3983239754134,5.144573665075129,922,637.2000000000763,0.0,1811.0,412.0,1399.0,4586.0,218.0,59.54999999999961,117.0,278.0,0.1.0,2005,hierarchy_tenure,central,forge,120,60,1,5.020061055385957,8.0,11.068376068376068,922,6,0.4107661637770203,0.11246437869855888,8.0,600.0,80.0,80.0,,,,,
20.0,240.0,1.0000000000000002,3885.8566287306526,3679.744655788388,2159.136469742993,3.6101126675277646,1509,637.2000000000763,0.0,1660.0,0.0,1660.0,4314.0,0.0,15.000000000000025,87.0,,0.1.0,2005,hierarchy_tenure,central,duplicate,120,60,1,7.6008344923504865,13.0,9.448275862068966,1509,5,0.4129623754766261,0.10982998223810593,8.0,,80.0,80.0,417.0,,,,
20.0,240.0,1.0000000000000002,3921.8642557425824,3676.101051914096,2061.6780971018266,3.6101126675277646,921,637.2000000000763,0.0,1560.0,0.0,1560.0,4820.0,0.0,15.150000000000025,98.0,,0.1.0,2005,hierarchy_tenure,central,freeride,120,60,1,4.897717842323652,8.0,7.489795918367347,921,6,0.41320424536189504,0.11371311024927447,8.0,,80.0,80.0,,,,,
22.0,240.0,1.0000000000000002,3881.1989925457406,3697.847799036671,2186.6588547999877,4.0698630345896705,872,637.2000000000763,0.0,1606.0,0.0,1606.0,4773.0,0.0,14.850000000000025,95.0,,0.1.0,2005,hierarchy_tenure,central,censor,120,60,1,4.636496962078358,7.0,7.252631578947368,872,7,0.4177502706281539,0.11029331838248307,8.0,,80.0,80.0,,48.0,,,
21.0,240.0,1.0000000000000002,3940.2875504355693,3834.2820229699473,2158.337072660604,4.754070391747203,909,637.2000000000763,0.0,1400.0,0.0,1400.0,4983.0,0.0,13.800000000000022,91.0,,0.1.0,2006,equal,central,none,120,60,1,4.923740718442705,8.0,7.318681318681318,909,9,0.1702041769449443,-0.23306926709666784,2.0,,,,,,,,
22.0,240.0,1.0000000000000002,3975.465110293358,3787.917915363089,2101.6758300251586,4.967179836620857,913,637.2000000000763,0.0,1684.0,396.0,1288.0,4723.0,235.0,58.199999999999626,119.0,268.0,0.1.0,2006,equal,central,forge,120,60,1,5.087232691086174,8.0,11.168067226890756,913,9,0.16278221487469238,-0.22545571437484635,2.0,600.0,20.0,20.0,,,,,
22.0,240.0,1.0000000000000002,3919.284271715796,3798.29075147334,2125.1380519337495,4.967179836620857,1517,637.2000000000763,0.0,1437.0,0.0,1437.0,4454.0,0.0,13.20000000000002,82.0,,0.1.0,2006,equal,central,duplicate,120,60,1,7.728783116299955,13.0,9.317073170731707,1517,5,0.172378296080403,-0.23570836677772639,2.0,,20.0,20.0,480.0,,,,
21.0,240.0,1.0000000000000002,3895.0461290306866,3809.0604763612473,1967.626965305735,4.754070391747203,910,637.2000000000763,0.0,1433.0,0.0,1433.0,4949.0,0.0,13.800000000000022,91.0,,0.1.0,2006,equal,central,freeride,120,60,1,4.929884825217216,8.0,7.318681318681318,910,9,0.16750410803307253,-0.23009310140350056,2.0,,20.0,20.0,,,,,
22.0,240.0,1.0000000000000002,3894.3526853493436,3811.274865682879,2140.0454721348856,4.967179836620857,903,637.2000000000763,0.0,1438.0,0.0,1438.0,4943.0,0.0,13.800000000000022,91.0,,0.1.0,2006,equal,central,censor,120,60,1,4.883471575966013,8.0,7.274725274725275,903,9,0.16876661891018718,-0.2318406887212209,2.0,,20.0,20.0,,8.0,,,
21.0,240.0,1.0000000000000002,3940.2875504355693,3834.2820229699473,2158.337072660604,4.754070391747203,909,637.2000000000763,0.0,1400.0,0.0,1400.0,4983.0,0.0,13.800000000000022,91.0,,0.1.0,2006,equal,central,none,120,60,1,4.923740718442705,8.0,7.318681318681318,909,9,0.1702041769449443,-0.23306926709666784,8.0,,,,,,,,
23.0,240.0,1.0000000000000002,3848.400127490414,3725.4825599335595,2066.3270519551747,4.971095725050973,913,637.2000000000763,0.0,1738.0,392.0,1346.0,4672.0,243.0,60.14999999999961,122.0,278.0,0.1.0,2006,equal,central,forge,120,60,1,5.0948202054794525,8.0,11.557377049180328,913,9,0.16152257508981663,-0.22456533085512603,8.0,600.0,80.0,80.0,,,,,
22.0,240.0,1.0000000000000002,3804.6887137295,3724.7651264814667,2073.15173076438,4.967179836620857,1518,637.2000000000763,0.0,1587.0,0.0,1587.0,4348.0,0.0,13.20000000000002,82.0,,0.1.0,2006,equal,central,duplicate,120,60,1,7.680082796688133,13.0,9.317073170731707,1518,5,0.17155807071675677,-0.23493800568399492,8.0,,80.0,80.0,435.0,,,,
22.0,240.0,1.0000000000000002,3836.5899588657694,3725.716525071666,1970.4654411758343,4.967179836620857,911,637.2000000000763,0.0,1489.0,0.0,1489.0,4893.0,0.0,13.950000000000022,92.0,,0.1.0,2006,equal,central,freeride,120,60,1,4.944206008583691,8.0,7.3478260869565215,911,9,0.1651207579981574,-0.22711353520078414,8.0,,80.0,80.0,,,,,
23.0,240.0,1.0000000000000002,3794.863454140721,3740.565958223037,2097.094388585024,5.052076900164185,877,637.2000000000763,0.0,1531.0,0.0,1531.0,4848.0,0.0,13.650000000000022,89.0,,0.1.0,2006,equal,central,censor,120,60,1,4.750412541254126,7.0,7.157303370786517,877,9,0.1659504429874977,-0.23007388034926893,8.0,,80.0,80.0,,35.0,,,
20.0,240.0,1.0000000000000002,3717.031852354435,3748.137696890556,2064.744834805883,4.991073259017567,909,637.2000000000763,0.0,1513.0,0.0,1513.0,4875.0,0.0,14.100000000000023,93.0,,0.1.0,2006,linear,central,none,120,60,1,4.93025641025641,8.0,7.32258064516129,906,8,0.0,-6.938893903907228e-18,2.0,,,,,,,,
18.0,240.0,1.0000000000000002,3752.3936991827486,3701.6290884511436,2009.9173171826183,4.554644378381507,909,637.2000000000763,0.0,1793.0,401.0,1392.0,4619.0,230.0,57.299999999999635,120.0,261.0,0.1.0,2006,linear,central,forge,120,60,1,5.08768131630223,8.0,10.925,909,8,0.0,2.0816681711721685e-17,2.0,600.0,20.0,20.0,,,,,
20.0,240.0,1.0000000000000002,3681.295666427985,3707.6986802526258,2023.7455914283187,5.126436633539788,1514,637.2000000000763,0.0,1538.0,0.0,1538.0,4361.0,0.0,13.350000000000021,83.0,,0.1.0,2006,linear,central,duplicate,120,60,1,7.73606970878239,13.0,9.27710843373494,1514,5,0.0,0.0,2.0,,20.0,20.0,476.0,,,,
21.0,240.0,1.0000000000000002,3689.6572187463153,3722.047635957335,1892.721635183101,5.16545506587436,907,637.2000000000763,0.0,1540.0,0.0,1540.0,4847.0,0.0,13.950000000000022,92.0,,0.1.0,2006,linear,central,freeride,120,60,1,4.937074479059212,8.0,7.293478260869565,906,8,0.0,1.3877787807814457e-17,2.0,,20.0,20.0,,,,,
20.0,240.0,1.0000000000000002,3675.4928143129496,3725.9063886728195,2049.4850792958837,4.888568173001989,900,637.2000000000763,0.0,1553.0,0.0,1553.0,4833.0,0.0,14.100000000000023,93.0,,0.1.0,2006,linear,central,censor,120,60,1,4.885785226567349,8.0,7.290322580645161,900,8,0.0,-1.3877787807814457e-17,2.0,,20.0,20.0,,8.0,,,
20.0,240.0,1.0000000000000002,3717.031852354435,3748.137696890556,2064.744834805883,4.991073259017567,909,637.2000000000763,0.0,1513.0,0.0,1513.0,4875.0,0.0,14.100000000000023,93.0,,0.1.0,2006,linear,central,none,120,60,1,4.93025641025641,8.0,7.32258064516129,906,8,0.0,-6.938893903907228e-18,8.0,,,,,,,,
18.0,240.0,1.0000000000000002,3639.8210862886954,3644.417785161549,1978.2885026596466,4.554644378381507,910,637.2000000000763,0.0,1843.0,392.0,1451.0,4571.0,244.0,60.299999999999606,123.0,278.0,0.1.0,2006,linear,central,forge,120,60,1,5.098227958871144,8.0,11.495934959349594,910,8,0.0,2.0816681711721685e-17,8.0,600.0,80.0,80.0,,,,,
20.0,240.0,1.0000000000000002,3582.8512118797908,3636.963509291202,1975.1635581359867,5.125621891240742,1514,637.2000000000763,0.0,1700.0,0.0,1700.0,4250.0,0.0,13.05000000000002,81.0,,0.1.0,2006,linear,central,duplicate,120,60,1,7.684235294117647,13.0,9.148148148148149,1514,5,0.0,6.938893903907228e-18,8.0,,80.0,80.0,423.0,,,,
21.0,240.0,1.0000000000000002,3647.7325312289095,3641.7967416648357,1898.917854947711,5.16545506587436,909,637.2000000000763,0.0,1600.0,0.0,1600.0,4785.0,0.0,14.100000000000023,93.0,,0.1.0,2006,linear,central,freeride,120,60,1,4.947126436781609,8.0,7.32258064516129,909,8,0.0,1.3877787807814457e-17,8.0,,80.0,80.0,,,,,
22.0,240.0,1.0000000000000002,3592.629637004087,3660.660414245689,2010.744069268427,5.378564510748012,877,637.2000000000763,0.0,1631.0,0.0,1631.0,4750.0,0.0,13.950000000000022,91.0,,0.1.0,2006,linear,central,censor,120,60,1,4.756631578947369,7.0,7.175824175824176,877,7,0.0,-6.938893903907228e-18,8.0,,80.0,80.0,,35.0,,,
20.0,240.0,1.0000000000000002,3760.336892945196,3772.8888849428467,2076.9882006246526,4.533824477613504,908,637.2000000000763,0.0,1485.0,0.0,1485.0,4900.0,0.0,13.950000000000022,92.0,,0.1.0,2006,sublinear,central,none,120,60,1,4.928979591836734,8.0,7.293478260869565,908,8,0.029122997988418893,-0.03999447366635234,2.0,,,,,,,,
19.0,240.0,1.0000000000000002,3796.538719745121,3727.822904776806,2025.0203679024653,4.277646753344453,911,637.2000000000763,0.0,1760.0,398.0,1362.0,4650.0,233.0,57.44999999999963,120.0,262.0,0.1.0,2006,sublinear,central,forge,120,60,1,5.086666666666667,8.0,10.933333333333334,911,8,0.028375880297391416,-0.039125023673132434,2.0,600.0,20.0,20.0,,,,,
21.0,240.0,1.0000000000000002,3726.8658661234376,3733.261148551091,2038.6592669239499,4.746933922487157,1514,637.2000000000763,0.0,1515.0,0.0,1515.0,4383.0,0.0,13.350000000000021,83.0,,0.1.0,2006,sublinear,central,duplicate,120,60,1,7.7373944786675795,13.0,9.27710843373494,1514,5,0.029799535320247733,-0.04080784449002173,2.0,,20.0,20.0,477.0,,,,
20.0,240.0,1.0000000000000002,3729.751853003527,3748.114596066043,1904.1551663475095,4.533824477613504,908,637.2000000000763,0.0,1508.0,0.0,1508.0,4877.0,0.0,13.950000000000022,92.0,,0.1.0,2006,sublinear,central,freeride,120,60,1,4.936026245642813,8.0,7.293478260869565,908,8,0.028977464851226556,-0.03989599906478951,2.0,,20.0,20.0,,,,,
21.0,240.0,1.0000000000000002,3717.0174369595493,3752.062048425972,2061.681110500749,4.8271405326129315,901,637.2000000000763,0.0,1517.0,0.0,1517.0,4868.0,0.0,14.100000000000023,93.0,,0.1.0,2006,sublinear,central,censor,120,60,1,4.888044371405094,8.0,7.290322580645161,901,8,0.02875014291598857,-0.03978513137506411,2.0,,20.0,20.0,,8.0,,,
20.0,240.0,1.0000000000000002,3760.336892945196,3772.8888849428467,2076.9882006246526,4.533824477613504,908,637.2000000000763,0.0,1485.0,0.0,1485.0,4900.0,0.0,13.950000000000022,92.0,,0.1.0,2006,sublinear,central,none,120,60,1,4.928979591836734,8.0,7.293478260869565,908,8,0.029122997988418893,-0.03999447366635234,8.0,,,,,,,,
20.0,240.0,1.0000000000000002,3678.4137216355384,3665.8094722399896,1989.8410278778356,4.4635038063510954,911,637.2000000000763,0.0,1824.0,393.0,1431.0,4589.0,243.0,60.5999999999996,123.0,280.0,0.1.0,2006,sublinear,central,forge,120,60,1,5.096535192852473,8.0,11.504065040650406,911,8,0.02822506996499643,-0.039115376491989186,8.0,600.0,80.0,80.0,,,,,
22.0,240.0,1.0000000000000002,3626.607433404065,3660.2832980244766,1989.0474705306633,4.932790975493799,1517,637.2000000000763,0.0,1678.0,0.0,1678.0,4270.0,0.0,13.05000000000002,81.0,,0.1.0,2006,sublinear,central,duplicate,120,60,1,7.68688524590164,13.0,9.148148148148149,1517,5,0.029871071201668667,-0.040855292242086394,8.0,,80.0,80.0,422.0,,,,
19.0,240.0,1.0000000000000002,3684.0030124312816,3669.0275142701257,1910.4716116941884,4.56786166221281,911,637.2000000000763,0.0,1563.0,0.0,1563.0,4820.0,0.0,14.100000000000023,93.0,,0.1.0,2006,sublinear,central,freeride,120,60,1,4.946473029045643,8.0,7.32258064516129,911,8,0.029221567143482622,-0.04014414011907712,8.0,,80.0,80.0,,,,,
22.0,240.0,1.0000000000000002,3629.4934884473128,3682.5498008820423,2020.9709991780878,4.932790975493799,880,637.2000000000763,0.0,1609.0,0.0,1609.0,4769.0,0.0,13.950000000000022,91.0,,0.1.0,2006,sublinear,central,censor,120,60,1,4.756133361291675,7.0,7.175824175824176,880,7,0.028423266462246737,-0.039420674094557774,8.0,,80.0,80.0,,35.0,,,
21.0,240.0,1.0000000000000002,3654.2365440402873,3685.2969302120428,2058.802312618924,5.544271365499911,906,637.2000000000763,0.0,1601.0,0.0,1601.0,4788.0,0.0,14.250000000000023,94.0,,0.1.0,2006,hierarchy,central,none,120,60,1,4.933166248955723,8.0,7.361702127659575,906,8,0.1688678177002883,0.180073108253614,2.0,,,,,,,,
21.0,240.0,1.0000000000000002,3649.3220338838587,3624.5521965193598,1985.3077894531868,5.1861313735792045,908,637.2000000000763,0.0,1925.0,408.0,1517.0,4489.0,224.0,56.84999999999964,120.0,258.0,0.1.0,2006,hierarchy,central,forge,120,60,1,5.080641568278013,8.0,10.925,907,7,0.16749402282323778,0.17767169544737568,2.0,600.0,20.0,20.0,,,,,
20.0,240.0,1.0000000000000002,3605.0235178556795,3643.7850808681856,2007.047322940417,5.182215485149088,1517,637.2000000000763,0.0,1625.0,0.0,1625.0,4277.0,0.0,13.350000000000021,83.0,,0.1.0,2006,hierarchy,central,duplicate,120,60,1,7.724339490296937,13.0,9.27710843373494,1517,5,0.1653007237387716,0.17285132928285257,2.0,,20.0,20.0,470.0,,,,
20.0,240.0,1.0000000000000002,3626.992015127902,3657.9061355453687,1888.4885483219148,5.182215485149088,907,637.2000000000763,0.0,1619.0,0.0,1619.0,4772.0,0.0,14.400000000000023,95.0,,0.1.0,2006,hierarchy,central,freeride,120,60,1,4.944258172673932,8.0,7.378947368421053,905,8,0.16740738404176897,0.17874696125345213,2.0,,20.0,20.0,,,,,
23.0,240.0,1.0000000000000002,3611.4209026760677,3666.6616719348904,2043.6319213324848,5.723383803085866,901,637.2000000000763,0.0,1623.0,0.0,1623.0,4763.0,0.0,14.250000000000023,94.0,,0.1.0,2006,hierarchy,central,censor,120,60,1,4.889355448246903,8.0,7.329787234042553,901,8,0.16992287297483594,0.18194505323033264,2.0,,20.0,20.0,,8.0,,,
21.0,240.0,1.0000000000000002,3654.2365440402873,3685.2969302120428,2058.802312618924,5.544271365499911,906,637.2000000000763,0.0,1601.0,0.0,1601.0,4788.0,0.0,14.250000000000023,94.0,,0.1.0,2006,hierarchy,central,none,120,60,1,4.933166248955723,8.0,7.361702127659575,906,8,0.1688678177002883,0.180073108253614,8.0,,,,,,,,
21.0,240.0,1.0000000000000002,3545.5432084173503,3572.817425697373,1958.1529848239725,5.1861313735792045,909,637.2000000000763,0.0,1963.0,396.0,1567.0,4453.0,241.0,60.449999999999605,124.0,278.0,0.1.0,2006,hierarchy,central,forge,120,60,1,5.090725353694139,8.0,11.475806451612904,909,8,0.16946802414774503,0.18092372282756136,8.0,600.0,80.0,80.0,,,,,
22.0,240.0,1.0000000000000002,3513.627762954067,3576.613158155345,1965.9093171861755,5.543269087311569,1517,637.2000000000763,0.0,1778.0,0.0,1778.0,4175.0,0.0,13.05000000000002,81.0,,0.1.0,2006,hierarchy,central,duplicate,120,60,1,7.678323353293413,13.0,9.148148148148149,1517,5,0.1673525451980054,0.17582623106234238,8.0,,80.0,80.0,417.0,,,,
22.0,240.0,1.0000000000000002,3586.9857737232587,3575.9434168697803,1891.1660453440861,5.463018266451575,907,637.2000000000763,0.0,1683.0,0.0,1683.0,4704.0,0.0,14.100000000000023,93.0,,0.1.0,2006,hierarchy,central,freeride,120,60,1,4.952168367346939,8.0,7.354838709677419,907,8,0.16582010959547133,0.17400542271346178,8.0,,80.0,80.0,,,,,
22.0,240.0,1.0000000000000002,3523.1937984580513,3602.0812465192794,2006.1653086864503,5.361327922735043,876,637.2000000000763,0.0,1701.0,0.0,1701.0,4682.0,0.0,14.100000000000023,92.0,,0.1.0,2006,hierarchy,central,censor,120,60,1,4.757155061939343,7.0,7.206521739130435,876,7,0.17327182443050737,0.18568502452495736,8.0,,80.0,80.0,,35.0,,,
24.0,240.0,1.0000000000000002,3873.121056342467,3736.034391229677,2169.6738346687084,6.181946478686099,907,637.2000000000763,0.0,1588.0,0.0,1588.0,4796.0,0.0,13.650000000000022,90.0,,0.1.0,2006,hierarchy_tenure,central,none,120,60,1,4.908048373644704,8.0,7.366666666666666,907,6,0.4063910717142993,0.12163313319588709,2.0,,,,,,,,
22.0,240.0,1.0000000000000002,3888.067272112829,3686.481096549275,2114.2252460182153,5.547635529014597,911,637.2000000000763,0.0,1842.0,413.0,1429.0,4565.0,219.0,56.249999999999645,117.0,257.0,0.1.0,2006,hierarchy_tenure,central,forge,120,60,1,5.067031763417305,8.0,10.743589743589743,911,6,0.40162136132221654,0.12829636918552115,2.0,600.0,20.0,20.0,,,,,
24.0,240.0,1.0000000000000002,3847.94639840603,3705.2795961749825,2137.1281975711,6.181946478686099,1516,637.2000000000763,0.0,1610.0,0.0,1610.0,4297.0,0.0,12.75000000000002,79.0,,0.1.0,2006,hierarchy_tenure,central,duplicate,120,60,1,7.671165929718408,13.0,9.253164556962025,1516,5,0.4042349607436196,0.12179247480016867,2.0,,20.0,20.0,462.0,,,,
25.0,240.0,1.0000000000000002,3826.3765421718763,3711.977988548673,1984.7982357337874,6.45883337155847,908,637.2000000000763,0.0,1610.0,0.0,1610.0,4774.0,0.0,13.500000000000021,89.0,,0.1.0,2006,hierarchy_tenure,central,freeride,120,60,1,4.912023460410557,8.0,7.370786516853933,906,6,0.40452787691301695,0.12351923946458251,2.0,,20.0,20.0,,,,,
24.0,240.0,1.0000000000000002,3833.8893558472037,3716.6008125079206,2153.105605260494,6.181946478686099,901,637.2000000000763,0.0,1615.0,0.0,1615.0,4766.0,0.0,13.500000000000021,89.0,,0.1.0,2006,hierarchy_tenure,central,censor,120,60,1,4.8665547629039025,8.0,7.314606741573034,901,6,0.4060174589180865,0.12198496962512298,2.0,,20.0,20.0,,8.0,,,
24.0,240.0,1.0000000000000002,3873.121056342467,3736.034391229677,2169.6738346687084,6.181946478686099,907,637.2000000000763,0.0,1588.0,0.0,1588.0,4796.0,0.0,13.650000000000022,90.0,,0.1.0,2006,hierarchy_tenure,central,none,120,60,1,4.908048373644704,8.0,7.366666666666666,907,6,0.4063910717142993,0.12163313319588709,8.0,,,,,,,,
22.0,240.0,1.0000000000000002,3778.3447626764078,3633.1888475509186,2081.6424444356576,5.547635529014597,911,637.2000000000763,0.0,1889.0,403.0,1486.0,4515.0,229.0,56.99999999999964,114.0,265.0,0.1.0,2006,hierarchy_tenure,central,forge,120,60,1,5.052713178294574,8.0,10.666666666666666,911,6,0.40226063509909227,0.12826114775600528,8.0,600.0,80.0,80.0,,,,,
25.0,240.0,1.0000000000000002,3742.481854339864,3640.8726109530926,2092.9333688238926,6.45883337155847,1515,637.2000000000763,0.0,1731.0,0.0,1731.0,4209.0,0.0,12.450000000000019,77.0,,0.1.0,2006,hierarchy_tenure,central,duplicate,120,60,1,7.62200047517225,13.0,9.116883116883116,1515,5,0.40349779832086785,0.12130566064306521,8.0,,80.0,80.0,428.0,,,,
24.0,240.0,1.0000000000000002,3779.256004598363,3633.6238429847376,1988.7071071975429,6.388112306378549,911,637.2000000000763,0.0,1645.0,0.0,1645.0,4737.0,0.0,13.650000000000022,90.0,,0.1.0,2006,hierarchy_tenure,central,freeride,120,60,1,4.930124551403842,8.0,7.4,909,6,0.397277656942839,0.12727906147921217,8.0,,80.0,80.0,,,,,
25.0,240.0,1.0000000000000002,3738.262331660325,3655.958471136595,2114.841353214335,6.45883337155847,877,637.2000000000763,0.0,1679.0,0.0,1679.0,4699.0,0.0,13.500000000000021,88.0,,0.1.0,2006,hierarchy_tenure,central,censor,120,60,1,4.731432219621196,7.0,7.204545454545454,877,5,0.40523006088538516,0.12269976695048015,8.0,,80.0,80.0,,35.0,,,
18.0,240.0,1.0000000000000002,3914.646293310111,3818.337865957701,2052.685997902818,2.845635174889297,909,637.2000000000763,0.0,1416.0,0.0,1416.0,4961.0,0.0,13.05000000000002,86.0,1.0,0.1.0,2007,equal,central,none,120,60,1,4.902035879862931,8.0,7.6976744186046515,909,6,0.17236308677403533,-0.235767262044172,2.0,,,,,,,,
18.0,240.0,1.0000000000000002,3967.829856836858,3771.2075047787876,1997.9151299544872,2.845635174889297,913,637.2000000000763,0.0,1657.0,394.0,1263.0,4732.0,233.0,56.249999999999645,101.0,273.0,0.1.0,2007,equal,central,forge,120,60,1,5.0707945900253595,8.0,12.158415841584159,913,7,0.16953885875070052,-0.23412546584442334,2.0,600.0,20.0,20.0,,,,,
19.0,240.0,1.0000000000000002,3914.698790474728,3786.503851095469,2020.400863427654,2.878658263433873,1520,637.2000000000763,0.0,1426.0,0.0,1426.0,4469.0,0.0,14.100000000000023,78.0,1.0,0.1.0,2007,equal,central,duplicate,120,60,1,7.740434101588722,13.0,10.653846153846153,1520,3,0.17122543696233167,-0.2340922418081422,2.0,,20.0,20.0,478.0,,,,
18.0,240.0,1.0000000000000002,3879.8972205257987,3794.089536226699,1863.4972582573444,2.845635174889297,910,637.2000000000763,0.0,1435.0,0.0,1435.0,4939.0,0.0,12.75000000000002,84.0,1.0,0.1.0,2007,equal,central,freeride,120,60,1,4.915772423567524,8.0,7.726190476190476,910,6,0.1711713836350818,-0.23436325745854827,2.0,,20.0,20.0,,,,,
18.0,240.0,1.0000000000000002,3877.1766489178262,3794.8068359874183,2032.1117438740544,2.845635174889297,897,637.2000000000763,0.0,1452.0,0.0,1452.0,4920.0,0.0,12.90000000000002,85.0,1.0,0.1.0,2007,equal,central,censor,120,60,1,4.823983739837399,7.0,7.6117647058823525,897,6,0.17278218287869834,-0.2362788298528012,2.0,,20.0,20.0,,16.0,,,
18.0,240.0,1.0000000000000002,3914.646293310111,3818.337865957701,2052.685997902818,2.845635174889297,909,637.2000000000763,0.0,1416.0,0.0,1416.0,4961.0,0.0,13.05000000000002,86.0,1.0,0.1.0,2007,equal,central,none,120,60,1,4.902035879862931,8.0,7.6976744186046515,909,6,0.17236308677403533,-0.235767262044172,8.0,,,,,,,,
18.0,240.0,1.0000000000000002,3844.3515817443504,3708.666772990003,1958.7948495523328,2.845635174889297,914,637.2000000000763,0.0,1719.0,388.0,1331.0,4672.0,243.0,57.59999999999963,104.0,279.0,0.1.0,2007,equal,central,forge,120,60,1,5.069135273972603,8.0,12.192307692307692,914,7,0.1734977665568953,-0.23793307927495358,8.0,600.0,80.0,80.0,,,,,
18.0,240.0,1.0000000000000002,3808.55469767273,3711.5238163845747,1961.7322629622354,2.845635174889297,1518,637.2000000000763,0.0,1603.0,0.0,1603.0,4346.0,0.0,13.500000000000021,75.0,1.0,0.1.0,2007,equal,central,duplicate,120,60,1,7.684537505752416,13.0,10.56,1518,3,0.17914725701970677,-0.24144926459928817,8.0,,80.0,80.0,422.0,,,,
18.0,240.0,1.0000000000000002,3838.359483223957,3714.262039970925,1860.494896159636,2.845635174889297,910,637.2000000000763,0.0,1503.0,0.0,1503.0,4869.0,0.0,12.450000000000019,82.0,1.0,0.1.0,2007,equal,central,freeride,120,60,1,4.929554323269665,8.0,7.7439024390243905,910,6,0.1718836528921174,-0.23490079438662373,8.0,,80.0,80.0,,,,,
18.0,240.0,1.0000000000000002,3777.6436491951204,3725.1292652932793,1981.5389766249448,2.845635174889297,870,637.2000000000763,0.0,1550.0,0.0,1550.0,4816.0,0.0,12.60000000000002,83.0,1.0,0.1.0,2007,equal,central,censor,120,60,1,4.670888704318937,7.0,7.421686746987952,870,7,0.17488613139196038,-0.2391276692066599,8.0,,80.0,80.0,,47.0,,,
23.0,240.0,1.0000000000000002,3708.395017777956,3736.335006747955,1993.383505632056,4.055642121949108,909,637.2000000000763,0.0,1503.0,0.0,1503.0,4874.0,0.0,13.05000000000002,86.0,1.0,0.1.0,2007,linear,central,none,120,60,1,4.9095199015182605,8.0,7.72093023255814,909,6,0.0,0.0,2.0,,,,,,,,
21.0,240.0,1.0000000000000002,3755.9673907039337,3680.260540746825,1932.5948574167328,3.7661817143868066,914,637.2000000000763,0.0,1750.0,405.0,1345.0,4637.0,219.0,55.199999999999655,100.0,267.0,0.1.0,2007,linear,central,forge,120,60,1,5.0621091222773344,8.0,11.71,914,7,0.0,-1.3877787807814457e-17,2.0,600.0,20.0,20.0,,,,,
22.0,240.0,1.0000000000000002,3700.352500767624,3701.773429832311,1957.7807657788512,3.949376646589137,1516,637.2000000000763,0.0,1536.0,0.0,1536.0,4376.0,0.0,13.950000000000022,77.0,1.0,0.1.0,2007,linear,central,duplicate,120,60,1,7.727148080438757,13.0,10.597402597402597,1516,4,0.0,-1.3877787807814457e-17,2.0,,20.0,20.0,464.0,,,,
23.0,240.0,1.0000000000000002,3675.7879820282883,3709.227787930057,1811.3507670307363,4.055642121949108,909,637.2000000000763,0.0,1531.0,0.0,1531.0,4844.0,0.0,12.75000000000002,84.0,1.0,0.1.0,2007,linear,central,freeride,120,60,1,4.9188687035507845,8.0,7.75,909,6,0.0,1.3877787807814457e-17,2.0,,20.0,20.0,,,,,
21.0,240.0,1.0000000000000002,3679.824183233092,3716.9499379794975,1975.844622674429,3.84500850942516,895,637.2000000000763,0.0,1526.0,0.0,1526.0,4850.0,0.0,13.20000000000002,86.0,1.0,0.1.0,2007,linear,central,censor,120,60,1,4.83340206185567,7.0,7.627906976744186,895,6,0.0,0.0,2.0,,20.0,20.0,,16.0,,,
23.0,240.0,1.0000000000000002,3708.395017777956,3736.335006747955,1993.383505632056,4.055642121949108,909,637.2000000000763,0.0,1503.0,0.0,1503.0,4874.0,0.0,13.05000000000002,86.0,1.0,0.1.0,2007,linear,central,none,120,60,1,4.9095199015182605,8.0,7.72093023255814,909,6,0.0,0.0,8.0,,,,,,,,
22.0,240.0,1.0000000000000002,3651.8691817589606,3626.576475066067,1899.4903768824545,3.949376646589137,913,637.2000000000763,0.0,1805.0,393.0,1412.0,4584.0,233.0,56.99999999999964,101.0,278.0,0.1.0,2007,linear,central,forge,120,60,1,5.06260907504363,8.0,12.089108910891088,913,7,0.0,-2.0816681711721685e-17,8.0,600.0,80.0,80.0,,,,,
22.0,240.0,1.0000000000000002,3622.980271198315,3629.0741576999635,1906.464488916678,3.949376646589137,1516,637.2000000000763,0.0,1721.0,0.0,1721.0,4247.0,0.0,13.350000000000021,75.0,1.0,0.1.0,2007,linear,central,duplicate,120,60,1,7.670355545090652,13.0,10.6,1516,4,0.0,-1.3877787807814457e-17,8.0,,80.0,80.0,404.0,,,,
23.0,240.0,1.0000000000000002,3627.316434173342,3625.3905963408656,1800.9922347356073,4.055642121949108,910,637.2000000000763,0.0,1618.0,0.0,1618.0,4757.0,0.0,12.90000000000002,84.0,1.0,0.1.0,2007,linear,central,freeride,120,60,1,4.927054866512508,8.0,7.773809523809524,910,6,0.0,-1.3877787807814457e-17,8.0,,80.0,80.0,,,,,
21.0,240.0,1.0000000000000002,3609.0494003169547,3650.944721038823,1934.4142106523404,3.84500850942516,866,637.2000000000763,0.0,1625.0,0.0,1625.0,4747.0,0.0,12.90000000000002,85.0,1.0,0.1.0,2007,linear,central,censor,120,60,1,4.688434800926901,7.0,7.470588235294118,866,7,0.0,-2.0816681711721685e-17,8.0,,80.0,80.0,,47.0,,,
21.0,240.0,1.0000000000000002,3736.1357876971147,3756.415064844713,1997.608729370223,3.6966838838880824,909,637.2000000000763,0.0,1475.0,0.0,1475.0,4902.0,0.0,13.05000000000002,86.0,1.0,0.1.0,2007,sublinear,central,none,120,60,1,4.910852713178294,8.0,7.72093023255814,909,6,0.028309761446351514,-0.03866452934076829,2.0,,,,,,,,
19.0,240.0,1.0000000000000002,3785.212540370462,3702.2960395033238,1940.2693971264612,3.4072234763257807,916,637.2000000000763,0.0,1720.0,404.0,1316.0,4668.0,221.0,55.49999999999965,102.0,266.0,0.1.0,2007,sublinear,central,forge,120,60,1,5.069837189374464,8.0,11.794117647058824,916,7,0.028362154981062787,-0.03885103501964548,2.0,600.0,20.0,20.0,,,,,
20.0,240.0,1.0000000000000002,3732.2281616201476,3720.9259443277315,1966.2486663222471,3.590418408528111,1517,637.2000000000763,0.0,1507.0,0.0,1507.0,4402.0,0.0,14.100000000000023,78.0,1.0,0.1.0,2007,sublinear,central,duplicate,120,60,1,7.741026805997274,13.0,10.64102564102564,1517,4,0.028924971505419624,-0.03919871092832894,2.0,,20.0,20.0,467.0,,,,
21.0,240.0,1.0000000000000002,3704.271541073948,3729.2109872239052,1815.0760478778648,3.6966838838880824,909,637.2000000000763,0.0,1510.0,0.0,1510.0,4866.0,0.0,12.90000000000002,85.0,1.0,0.1.0,2007,sublinear,central,freeride,120,60,1,4.919852034525277,8.0,7.764705882352941,909,6,0.0284554530640048,-0.038825318182712114,2.0,,20.0,20.0,,,,,
19.0,240.0,1.0000000000000002,3707.137050888129,3734.3645136184446,1980.3180665730492,3.4091208145217746,896,637.2000000000763,0.0,1514.0,0.0,1514.0,4862.0,0.0,13.350000000000021,87.0,1.0,0.1.0,2007,sublinear,central,censor,120,60,1,4.835047305635541,7.0,7.64367816091954,896,6,0.028691608885940342,-0.03909989787512186,2.0,,20.0,20.0,,16.0,,,
21.0,240.0,1.0000000000000002,3736.1357876971147,3756.415064844713,1997.608729370223,3.6966838838880824,909,637.2000000000763,0.0,1475.0,0.0,1475.0,4902.0,0.0,13.05000000000002,86.0,1.0,0.1.0,2007,sublinear,central,none,120,60,1,4.910852713178294,8.0,7.72093023255814,909,6,0.028309761446351514,-0.03866452934076829,8.0,,,,,,,,
20.0,240.0,1.0000000000000002,3679.205352027801,3645.4939066142456,1904.7045112909677,3.513488951685752,915,637.2000000000763,0.0,1787.0,392.0,1395.0,4601.0,234.0,57.149999999999636,102.0,278.0,0.1.0,2007,sublinear,central,forge,120,60,1,5.064116496413823,8.0,12.03921568627451,915,7,0.029208114762838702,-0.03960284907936716,8.0,600.0,80.0,80.0,,,,,
20.0,240.0,1.0000000000000002,3646.2720321385646,3647.1847056179017,1913.0726448592109,3.590418408528111,1516,637.2000000000763,0.0,1696.0,0.0,1696.0,4267.0,0.0,13.350000000000021,75.0,1.0,0.1.0,2007,sublinear,central,duplicate,120,60,1,7.6751816264354344,13.0,10.6,1516,4,0.030350926374806884,-0.04086513716386151,8.0,,80.0,80.0,409.0,,,,
20.0,240.0,1.0000000000000002,3654.7543119439392,3647.2547756969834,1806.4649079163846,3.513488951685752,909,637.2000000000763,0.0,1586.0,0.0,1586.0,4789.0,0.0,12.75000000000002,84.0,1.0,0.1.0,2007,sublinear,central,freeride,120,60,1,4.930883274169973,8.0,7.773809523809524,909,6,0.02875387354395968,-0.03916857524420486,8.0,,80.0,80.0,,,,,
19.0,240.0,1.0000000000000002,3629.234419221722,3666.669725749616,1935.218081535862,3.4860502713641335,867,637.2000000000763,0.0,1613.0,0.0,1613.0,4757.0,0.0,12.75000000000002,84.0,1.0,0.1.0,2007,sublinear,central,censor,120,60,1,4.687828463317217,7.0,7.4523809523809526,867,7,0.029100749037709154,-0.039512555353819596,8.0,,80.0,80.0,,47.0,,,
21.0,240.0,1.0000000000000002,3629.0581521820545,3670.0642100770474,1966.7804628126717,3.3392227604355345,909,637.2000000000763,0.0,1619.0,0.0,1619.0,4753.0,0.0,12.300000000000018,80.0,1.0,0.1.0,2007,hierarchy,central,none,120,60,1,4.893540921523249,8.0,7.725,909,7,0.18036777178300295,0.18924016796275003,2.0,,,,,,,,
20.0,240.0,1.0000000000000002,3645.4580130625454,3605.13695610262,1902.2136772797012,3.4937068689947957,910,637.2000000000763,0.0,1878.0,406.0,1472.0,4508.0,218.0,53.39999999999967,94.0,260.0,0.1.0,2007,hierarchy,central,forge,120,60,1,5.027284826974268,8.0,11.372340425531915,910,7,0.17434993859829817,0.1810408158591781,2.0,600.0,20.0,20.0,,,,,
19.0,240.0,1.0000000000000002,3585.1138903317183,3628.055363738644,1919.7043642995204,2.9685427940192706,1510,637.2000000000763,0.0,1672.0,0.0,1672.0,4248.0,0.0,13.05000000000002,71.0,1.0,0.1.0,2007,hierarchy,central,duplicate,120,60,1,7.66713747645951,13.0,10.56338028169014,1510,4,0.17380860975864737,0.1808737943412221,2.0,,20.0,20.0,456.0,,,,
19.0,240.0,1.0000000000000002,3600.8040669832803,3639.5413814421995,1785.4151130557434,2.897518748850049,908,637.2000000000763,0.0,1656.0,0.0,1656.0,4716.0,0.0,12.150000000000018,79.0,1.0,0.1.0,2007,hierarchy,central,freeride,120,60,1,4.897794741306192,8.0,7.746835443037975,908,7,0.17915022635465166,0.1865651710327916,2.0,,20.0,20.0,,,,,
20.0,240.0,1.0000000000000002,3606.798052315053,3648.7206585981485,1955.8479293035841,3.161933239906341,892,637.2000000000763,0.0,1652.0,0.0,1652.0,4721.0,0.0,12.300000000000018,80.0,1.0,0.1.0,2007,hierarchy,central,censor,120,60,1,4.81232789663207,7.0,7.625,892,7,0.17934282115208106,0.1881772130722036,2.0,,20.0,20.0,,16.0,,,
21.0,240.0,1.0000000000000002,3629.0581521820545,3670.0642100770474,1966.7804628126717,3.3392227604355345,909,637.2000000000763,0.0,1619.0,0.0,1619.0,4753.0,0.0,12.300000000000018,80.0,1.0,0.1.0,2007,hierarchy,central,none,120,60,1,4.893540921523249,8.0,7.725,909,7,0.18036777178300295,0.18924016796275003,8.0,,,,,,,,
19.0,240.0,1.0000000000000002,3564.6938820015494,3557.0722354803775,1879.7138532391116,3.1769563047598988,913,637.2000000000763,0.0,1923.0,394.0,1529.0,4463.0,233.0,56.249999999999645,97.0,276.0,0.1.0,2007,hierarchy,central,forge,120,60,1,5.0378669056688326,8.0,12.0,913,7,0.175605342095105,0.1826730683742991,8.0,600.0,80.0,80.0,,,,,
18.0,240.0,1.0000000000000002,3508.5668894519176,3557.7602562708735,1875.79082692631,3.027849005581694,1512,637.2000000000763,0.0,1832.0,0.0,1832.0,4140.0,0.0,12.450000000000019,69.0,1.0,0.1.0,2007,hierarchy,central,duplicate,120,60,1,7.625603864734299,13.0,10.623188405797102,1512,4,0.1730614005348204,0.17647685449752581,8.0,,80.0,80.0,398.0,,,,
20.0,240.0,1.0000000000000002,3535.8457957051373,3555.374170054404,1772.967957617725,3.6347472047740386,906,637.2000000000763,0.0,1740.0,0.0,1740.0,4631.0,0.0,11.700000000000017,76.0,1.0,0.1.0,2007,hierarchy,central,freeride,120,60,1,4.909090909090909,8.0,7.7894736842105265,906,7,0.17498166030197504,0.18188131258010165,8.0,,80.0,80.0,,,,,
17.0,240.0,1.0000000000000002,3543.9308565774268,3588.5552349032014,1917.6180723297182,2.790361208811683,864,637.2000000000763,0.0,1743.0,0.0,1743.0,4626.0,0.0,12.150000000000018,79.0,1.0,0.1.0,2007,hierarchy,central,censor,120,60,1,4.668396022481626,7.0,7.468354430379747,864,7,0.17947738907178185,0.18819734449017314,8.0,,80.0,80.0,,47.0,,,
19.0,240.0,1.0000000000000002,3840.076316653214,3724.7042372332053,2090.6039968230803,2.4695093249454367,912,637.2000000000763,0.0,1534.0,0.0,1534.0,4842.0,0.0,13.350000000000021,86.0,1.0,0.1.0,2007,hierarchy_tenure,central,none,120,60,1,4.899215200330442,8.0,7.6976744186046515,912,7,0.37618261189088403,0.1276895870957847,2.0,,,,,,,,
19.0,240.0,1.0000000000000002,3873.676595449931,3676.6373439832405,2036.426466706433,2.515403158935788,913,637.2000000000763,0.0,1768.0,408.0,1360.0,4621.0,218.0,53.999999999999666,100.0,258.0,0.1.0,2007,hierarchy_tenure,central,forge,120,60,1,5.05280242371781,8.0,11.7,913,7,0.3725484973522051,0.12895622767145615,2.0,600.0,20.0,20.0,,,,,
18.0,240.0,1.0000000000000002,3830.8731705036425,3690.652522683683,2053.5754787005776,2.41590092621425,1515,637.2000000000763,0.0,1567.0,0.0,1567.0,4355.0,0.0,13.950000000000022,78.0,1.0,0.1.0,2007,hierarchy_tenure,central,duplicate,120,60,1,7.70654420206659,13.0,10.551282051282051,1515,4,0.37666344888905606,0.12901359245978777,2.0,,20.0,20.0,455.0,,,,
19.0,240.0,1.0000000000000002,3807.096426150568,3700.7589704316706,1905.7673884228493,2.4695093249454367,912,637.2000000000763,0.0,1551.0,0.0,1551.0,4824.0,0.0,13.20000000000002,85.0,1.0,0.1.0,2007,hierarchy_tenure,central,freeride,120,60,1,4.910240464344942,8.0,7.7176470588235295,912,7,0.374433936059945,0.1294766903750261,2.0,,20.0,20.0,,,,,
18.0,240.0,1.0000000000000002,3805.6447939455843,3702.6907087876693,2071.647476857833,2.344555877594848,897,637.2000000000763,0.0,1560.0,0.0,1560.0,4815.0,0.0,13.350000000000021,86.0,1.0,0.1.0,2007,hierarchy_tenure,central,censor,120,60,1,4.824714434060229,7.0,7.604651162790698,897,7,0.3753996443768127,0.12768413018786187,2.0,,20.0,20.0,,16.0,,,
19.0,240.0,1.0000000000000002,3840.076316653214,3724.7042372332053,2090.6039968230803,2.4695093249454367,912,637.2000000000763,0.0,1534.0,0.0,1534.0,4842.0,0.0,13.350000000000021,86.0,1.0,0.1.0,2007,hierarchy_tenure,central,none,120,60,1,4.899215200330442,8.0,7.6976744186046515,912,7,0.37618261189088403,0.1276895870957847,8.0,,,,,,,,
19.0,240.0,1.0000000000000002,3757.387782028436,3621.349644947889,2001.3146098706159,2.5477874296559717,913,637.2000000000763,0.0,1821.0,394.0,1427.0,4572.0,236.0,55.79999999999965,104.0,266.0,0.1.0,2007,hierarchy_tenure,central,forge,120,60,1,5.05249343832021,8.0,11.971153846153847,913,7,0.3732128800607501,0.12804804453802285,8.0,600.0,80.0,80.0,,,,,
19.0,240.0,1.0000000000000002,3732.8358698523725,3623.444189353814,1999.711737533752,2.663206737353465,1516,637.2000000000763,0.0,1716.0,0.0,1716.0,4255.0,0.0,13.650000000000022,77.0,1.0,0.1.0,2007,hierarchy_tenure,central,duplicate,120,60,1,7.667450058754406,13.0,10.597402597402597,1516,4,0.37746888653881683,0.12654208146975898,8.0,,80.0,80.0,403.0,,,,
19.0,240.0,1.0000000000000002,3770.6093914336516,3622.4968475220508,1908.6483666428376,2.4440581103163863,913,637.2000000000763,0.0,1603.0,0.0,1603.0,4767.0,0.0,12.60000000000002,81.0,1.0,0.1.0,2007,hierarchy_tenure,central,freeride,120,60,1,4.927207887560311,8.0,7.728395061728395,913,7,0.3696784307812256,0.13108542968499604,8.0,,80.0,80.0,,,,,
19.0,240.0,1.0000000000000002,3710.2266833134418,3637.4883889186685,2023.6212312955622,2.4695093249454367,870,637.2000000000763,0.0,1649.0,0.0,1649.0,4721.0,0.0,13.20000000000002,86.0,1.0,0.1.0,2007,hierarchy_tenure,central,censor,120,60,1,4.674857021817411,7.0,7.4186046511627906,870,7,0.37385138928471207,0.12911027689895416,8.0,,80.0,80.0,,47.0,,,
15.0,240.0,1.0000000000000002,3760.1742987868647,3718.5178200186424,2216.2684627688614,3.310565269072583,861,637.2000000000763,0.0,1575.0,0.0,1575.0,4801.0,0.0,14.100000000000023,91.0,3.0,0.1.0,2100,sublinear,central,censor,120,60,1,4.663195167673401,7.0,7.395604395604396,861,4,0.03173766787659316,-0.04232164106474789,,,80.0,80.0,,54.0,"[1.0, 1.0, 1.0]",,
15.0,240.0,1.0000000000000002,3760.1742987868647,3718.5178200186424,2216.2684627688614,3.310565269072583,861,637.2000000000763,0.0,1575.0,0.0,1575.0,4801.0,0.0,14.100000000000023,91.0,3.0,0.1.0,2100,sublinear,central,censor,120,60,1,4.663195167673401,7.0,7.395604395604396,861,4,0.03173766787659316,-0.04232164106474789,,,80.0,80.0,,54.0,"[1.0, 0.5, 0.0]",,
15.0,240.0,1.0000000000000002,3738.483254335544,3721.221385702692,2217.0811860738295,3.310565269072583,914,637.2000000000763,0.0,1593.0,0.0,1593.0,4783.0,0.0,13.950000000000022,90.0,3.0,0.1.0,2100,sublinear,central,censor,120,60,1,4.9161614049759566,8.0,7.655555555555556,914,3,0.03193561202882318,-0.042533877728785294,,,80.0,80.0,,,"[0.0, 0.0, 0.0]",,
15.0,240.0,1.0000000000000002,3876.0177108969315,3807.9343080578788,2292.287166856977,3.310565269072583,911,637.2000000000763,0.0,1442.0,0.0,1442.0,4939.0,0.0,14.250000000000023,92.0,3.0,0.1.0,2100,sublinear,central,none,120,60,1,4.913950192346629,8.0,7.663043478260869,911,3,0.032378288261751986,-0.042832187169151416,,,,,,,,quorum_unavailable,
14.0,240.0,1.0000000000000002,3744.9898440246943,3701.5093355178287,2175.4230643712954,3.1220104578768177,2088,519.2000000000495,1038.400000000099,1344.0,0.0,1344.0,3792.0,0.0,12.000000000000018,77.0,2.0,0.1.0,2100,sublinear,witness,censor,120,60,1,10.188291139240507,17.0,12.597402597402597,2088,4,0.03397072163558734,-0.0451488198628465,,,80.0,80.0,,54.0,"[1.0, 1.0, 1.0]",,
13.0,240.0,1.0000000000000002,3731.82213011504,3704.187041634041,2177.352509485889,2.80854959753484,2120,519.2000000000495,1038.400000000099,1345.0,0.0,1345.0,3789.0,0.0,12.000000000000018,78.0,2.0,0.1.0,2100,sublinear,witness,censor,120,60,1,10.294536817102138,17.0,12.807692307692308,2120,4,0.03406947724239639,-0.045225899251540684,,,80.0,80.0,,24.0,"[1.0, 0.5, 0.0]",,
13.0,240.0,1.0000000000000002,3717.4401816554177,3706.3535898271766,2176.929244456104,2.80854959753484,2146,519.2000000000495,1038.400000000099,1353.0,0.0,1353.0,3779.0,0.0,12.000000000000018,77.0,2.0,0.1.0,2100,sublinear,witness,censor,120,60,1,10.371262238687484,17.09999999999991,12.857142857142858,2146,4,0.03389706097487579,-0.04510762040188439,,,80.0,80.0,,,"[0.0, 0.0, 0.0]",,
15.0,240.0,1.0000000000000002,3877.7304740506884,3791.6567530132006,2256.254255556441,3.406327395373337,2148,519.2000000000495,1038.400000000099,1183.0,0.0,1183.0,3949.0,0.0,12.300000000000018,79.0,2.0,0.1.0,2100,sublinear,witness,none,120,60,1,10.48619903773107,17.0,12.89873417721519,2148,4,0.03374385140620125,-0.04480900928214728,,,,,,,,quorum_unavailable,
15.0,240.0,1.0000000000000002,3748.957049180332,3699.240243415489,2156.126754583415,3.1595792278755686,3050,424.8000000000281,2124.0,1093.0,0.0,1093.0,3073.0,0.0,10.800000000000015,66.0,2.0,0.1.0,2100,sublinear,consensus,censor,120,60,1,14.558086560364465,25.0,17.348484848484848,3050,5,0.03535144506489188,-0.047118621071769465,,,80.0,80.0,,54.0,"[1.0, 1.0, 1.0]",,
16.0,240.0,1.0000000000000002,3721.785075570848,3705.780969345199,2160.857333048572,3.29521740593613,3105,424.8000000000281,2124.0,1091.0,0.0,1091.0,3073.0,0.0,10.650000000000015,65.0,2.0,0.1.0,2100,sublinear,consensus,censor,120,60,1,14.689879596485518,25.0,17.29230769230769,3105,5,0.03512454667079045,-0.04689850962311161,,,80.0,80.0,,,"[1.0, 0.5, 0.0]",,
16.0,240.0,1.0000000000000002,3721.785075570848,3705.780969345199,2160.857333048572,3.29521740593613,3105,424.8000000000281,2124.0,1091.0,0.0,1091.0,3073.0,0.0,10.650000000000015,65.0,2.0,0.1.0,2100,sublinear,consensus,censor,120,60,1,14.689879596485518,25.0,17.29230769230769,3105,5,0.03512454667079045,-0.04689850962311161,,,80.0,80.0,,,"[0.0, 0.0, 0.0]",,
17.0,240.0,1.0000000000000002,3944.1960006485956,3774.67201941536,2228.3451751313078,3.5795343434326488,3111,424.8000000000281,2124.0,977.0,0.0,977.0,3181.0,0.0,10.650000000000015,65.0,2.0,0.1.0,2100,sublinear,consensus,none,120,60,1,17.099654196793463,26.0,19.015384615384615,3111,5,0.03561619395212406,-0.04742653677769903,,,,,,,,quorum_unavailable,15.0
24.0,240.0,1.0000000000000002,3586.6267396322546,3687.3726613955805,1881.1898325933648,4.069113751633026,866,637.2000000000763,0.0,1635.0,0.0,1635.0,4737.0,0.0,13.05000000000002,87.0,,0.1.0,2101,sublinear,central,censor,120,60,1,4.666666666666667,7.0,7.609195402298851,866,5,0.0312899327003861,-0.041738542340321316,,,80.0,80.0,,49.0,"[1.0, 1.0, 1.0]",,
24.0,240.0,1.0000000000000002,3586.6267396322546,3687.3726613955805,1881.1898325933648,4.069113751633026,866,637.2000000000763,0.0,1635.0,0.0,1635.0,4737.0,0.0,13.05000000000002,87.0,,0.1.0,2101,sublinear,central,censor,120,60,1,4.666666666666667,7.0,7.609195402298851,866,5,0.0312899327003861,-0.041738542340321316,,,80.0,80.0,,49.0,"[1.0, 0.5, 0.0]",,
24.0,240.0,1.0000000000000002,3575.1551790686162,3694.5492525161308,1888.691516930701,4.069113751633026,914,637.2000000000763,0.0,1633.0,0.0,1633.0,4741.0,0.0,13.20000000000002,88.0,,0.1.0,2101,sublinear,central,censor,120,60,1,4.914785910145539,8.0,7.920454545454546,914,4,0.03140967737023849,-0.04185619635282402,,,80.0,80.0,,,"[0.0, 0.0, 0.0]",,
25.0,240.0,1.0,3710.8292219425234,3782.2216507318094,1954.1906407354008,4.597285382688763,915,637.2000000000763,0.0,1497.0,0.0,1497.0,4878.0,0.0,13.500000000000021,90.0,,0.1.0,2101,sublinear,central,none,120,60,1,4.912464124641247,8.0,7.933333333333334,915,4,0.03018238178486802,-0.04069960389371537,,,,,,,,quorum_unavailable,
24.0,240.0,1.0000000000000002,3618.1632687711813,3680.0689258019347,1865.8708176179755,4.074682838089855,2098,519.2000000000495,1038.400000000099,1351.0,0.0,1351.0,3775.0,0.0,10.950000000000015,71.0,,0.1.0,2101,sublinear,witness,censor,120,60,1,10.240794701986754,17.0,13.901408450704226,2098,2,0.03445384547303289,-0.045554030504158606,,,80.0,80.0,,49.0,"[1.0, 1.0, 1.0]",,
25.0,240.0,1.0000000000000002,3605.6971501522703,3681.5286384536676,1866.1250661239944,4.352064153969781,2126,519.2000000000495,1038.400000000099,1360.0,0.0,1360.0,3765.0,0.0,11.100000000000016,71.0,,0.1.0,2101,sublinear,witness,censor,120,60,1,10.330677290836654,17.0,13.985915492957746,2126,2,0.03442645086927116,-0.045416226990635744,,,80.0,80.0,,23.0,"[1.0, 0.5, 0.0]",,
25.0,240.0,1.0000000000000002,3603.9940652567225,3687.321515176067,1874.258740253053,4.352064153969781,2145,519.2000000000495,1038.400000000099,1362.0,0.0,1362.0,3768.0,0.0,11.250000000000016,71.0,,0.1.0,2101,sublinear,witness,censor,120,60,1,10.42356687898089,18.0,14.028169014084508,2145,2,0.03413125910237307,-0.04491328224498942,,,80.0,80.0,,,"[0.0, 0.0, 0.0]",,
24.0,240.0,1.0,3754.4132595901447,3773.2329553871214,1939.4339190658245,4.558191991148177,2145,519.2000000000495,1038.400000000099,1203.0,0.0,1203.0,3929.0,0.0,11.550000000000017,73.0,,0.1.0,2101,sublinear,witness,none,120,60,1,10.534232629167727,18.0,14.04109589041096,2145,2,0.03179946289254517,-0.042526829710327126,,,,,,,,quorum_unavailable,
25.0,240.0,1.0000000000000002,3652.1952649954874,3682.969913731373,1861.9194953725323,4.273071098661633,3056,424.8000000000281,2124.0,1101.0,0.0,1101.0,3048.0,0.0,8.100000000000009,53.0,,0.1.0,2101,sublinear,consensus,censor,120,60,1,14.597440944881889,25.0,18.20754716981132,3056,8,0.03457807882199099,-0.045634195239292324,,,80.0,80.0,,49.0,"[1.0, 1.0, 1.0]",,
26.0,240.0,1.0000000000000002,3636.3170495096892,3691.0238521533065,1870.6444796226888,4.6419478606861775,3104,424.8000000000281,2124.0,1102.0,0.0,1102.0,3049.0,0.0,8.250000000000009,53.0,,0.1.0,2101,sublinear,consensus,censor,120,60,1,14.741226631682519,25.0,18.433962264150942,3104,7,0.034878407738973806,-0.045583225744015236,,,80.0,80.0,,,"[1.0, 0.5, 0.0]",,
26.0,240.0,1.0000000000000002,3636.3170495096892,3691.0238521533065,1870.6444796226888,4.6419478606861775,3104,424.8000000000281,2124.0,1102.0,0.0,1102.0,3049.0,0.0,8.250000000000009,53.0,,0.1.0,2101,sublinear,consensus,censor,120,60,1,14.741226631682519,25.0,18.433962264150942,3104,7,0.034878407738973806,-0.045583225744015236,,,80.0,80.0,,,"[0.0, 0.0, 0.0]",,
24.0,240.0,1.0,3850.309979537058,3762.0974761053485,1925.1903755159826,4.423505148593787,3118,424.8000000000281,2124.0,977.0,0.0,977.0,3162.0,0.0,8.55000000000001,55.0,,0.1.0,2101,sublinear,consensus,none,120,60,1,17.118912080961415,26.0,20.327272727272728,3118,7,0.03289114893176077,-0.04433767056841198,,,,,,,,quorum_unavailable,15.0
22.0,240.0,1.0000000000000002,3829.1466195835883,3709.2587043562485,1901.4719955900216,3.1094015343523047,873,637.2000000000763,0.0,1451.0,0.0,1451.0,4936.0,0.0,14.250000000000023,94.0,1.0,0.1.0,2102,sublinear,central,censor,120,60,1,4.731158833063209,7.0,7.627659574468085,871,6,0.030431100727487184,-0.04096205522637537,,,80.0,80.0,,36.0,"[1.0, 1.0, 1.0]",,
22.0,240.0,1.0000000000000002,3829.1466195835883,3709.2587043562485,1901.4719955900216,3.1094015343523047,873,637.2000000000763,0.0,1451.0,0.0,1451.0,4936.0,0.0,14.250000000000023,94.0,1.0,0.1.0,2102,sublinear,central,censor,120,60,1,4.731158833063209,7.0,7.627659574468085,871,6,0.030431100727487184,-0.04096205522637537,,,80.0,80.0,,36.0,"[1.0, 0.5, 0.0]",,
22.0,240.0,1.0000000000000002,3817.6044362465896,3710.852741246358,1901.6133994623376,3.1094015343523047,912,637.2000000000763,0.0,1460.0,0.0,1460.0,4921.0,0.0,14.100000000000023,90.0,1.0,0.1.0,2102,sublinear,central,censor,120,60,1,4.903474903474904,8.0,7.7,912,6,0.030569146179662648,-0.04131934414749616,,,80.0,80.0,,,"[0.0, 0.0, 0.0]",,
21.0,240.0,1.0000000000000002,3950.144383827598,3791.189611903925,1957.4743483117907,2.615127474175906,912,637.2000000000763,0.0,1332.0,0.0,1332.0,5051.0,0.0,14.400000000000023,92.0,1.0,0.1.0,2102,sublinear,central,none,120,60,1,4.904771332409424,8.0,7.728260869565218,912,6,0.031430857715660544,-0.042068217163688144,,,,,,,,quorum_unavailable,
22.0,240.0,1.0000000000000002,3864.220004021226,3700.6063208270666,1882.254359691782,3.1094015343523047,2111,519.2000000000495,1038.400000000099,1197.0,0.0,1197.0,3934.0,0.0,11.850000000000017,77.0,1.0,0.1.0,2102,sublinear,witness,censor,120,60,1,10.27427554651754,17.0,13.25974025974026,2111,3,0.03375534574573528,-0.045232085592633954,,,80.0,80.0,,36.0,"[1.0, 1.0, 1.0]",,
22.0,240.0,1.0000000000000002,3853.5766762619633,3701.289136794604,1882.0859515343402,3.1094015343523047,2132,519.2000000000495,1038.400000000099,1198.0,0.0,1198.0,3933.0,0.0,11.850000000000017,77.0,1.0,0.1.0,2102,sublinear,witness,censor,120,60,1,10.360539028731248,17.0,13.402597402597403,2132,3,0.03363270881512353,-0.04523442778585694,,,80.0,80.0,,15.0,"[1.0, 0.5, 0.0]",,
22.0,240.0,1.0000000000000002,3847.1798203395156,3701.8513350773383,1882.3258721312445,3.1094015343523047,2147,519.2000000000495,1038.400000000099,1204.0,0.0,1204.0,3927.0,0.0,11.850000000000017,76.0,1.0,0.1.0,2102,sublinear,witness,censor,120,60,1,10.41125541125541,18.0,13.43421052631579,2147,3,0.03358628603513139,-0.045220381476324394,,,80.0,80.0,,,"[0.0, 0.0, 0.0]",,
22.0,240.0,1.0000000000000002,4008.9698909370877,3783.861114036338,1944.9133219742423,3.1094015343523047,2153,519.2000000000495,1038.400000000099,1054.0,0.0,1054.0,4071.0,0.0,11.850000000000017,76.0,1.0,0.1.0,2102,sublinear,witness,none,120,60,1,10.50478997789241,17.5,13.43421052631579,2153,3,0.03378962191184583,-0.04481870748310898,,,,,,,,quorum_unavailable,
21.0,240.0,1.0000000000000002,3899.7070833735215,3697.267352462528,1865.6984830756057,2.975617078140805,3092,424.8000000000281,2124.0,938.0,0.0,938.0,3193.0,0.0,9.00000000000001,56.0,1.0,0.1.0,2102,sublinear,consensus,censor,120,60,1,14.730034450360163,25.0,16.785714285714285,3092,3,0.03501649603546139,-0.04689605640690594,,,80.0,80.0,,36.0,"[1.0, 1.0, 1.0]",,
21.0,240.0,1.0000000000000002,3879.1991064006293,3699.885806085972,1866.7319023879425,2.975617078140805,3120,424.8000000000281,2124.0,944.0,0.0,944.0,3195.0,0.0,9.00000000000001,56.0,1.0,0.1.0,2102,sublinear,consensus,censor,120,60,1,14.847574334898278,25.0,16.964285714285715,3120,2,0.035261613683804066,-0.04728831528250318,,,80.0,80.0,,,"[1.0, 0.5, 0.0]",,
21.0,240.0,1.0000000000000002,3879.1991064006293,3699.885806085972,1866.7319023879425,2.975617078140805,3120,424.8000000000281,2124.0,944.0,0.0,944.0,3195.0,0.0,9.00000000000001,56.0,1.0,0.1.0,2102,sublinear,consensus,censor,120,60,1,14.847574334898278,25.0,16.964285714285715,3120,2,0.035261613683804066,-0.04728831528250318,,,80.0,80.0,,,"[0.0, 0.0, 0.0]",,
21.0,240.0,1.0000000000000002,4115.108234623232,3766.0147500956605,1919.4625904658903,3.094007783443794,3125,424.8000000000281,2124.0,840.0,0.0,840.0,3294.0,0.0,9.00000000000001,56.0,1.0,0.1.0,2102,sublinear,consensus,none,120,60,1,17.22434729811779,26.0,19.392857142857142,3125,2,0.03618437975786009,-0.04774720152034916,,,,,,,,quorum_unavailable,15.0
18.0,240.0,1.0000000000000002,3554.973213907685,3747.654240975092,1947.2687330329052,3.471595909080387,873,637.2000000000763,0.0,1595.0,0.0,1595.0,4775.0,0.0,12.150000000000018,81.0,,0.1.0,2103,sublinear,central,censor,120,60,1,4.70261780104712,7.0,7.592592592592593,873,5,0.02738592646131358,-0.037202347834540676,,,80.0,80.0,,38.0,"[1.0, 1.0, 1.0]",,
18.0,240.0,1.0000000000000002,3554.973213907685,3747.654240975092,1947.2687330329052,3.471595909080387,873,637.2000000000763,0.0,1595.0,0.0,1595.0,4775.0,0.0,12.150000000000018,81.0,,0.1.0,2103,sublinear,central,censor,120,60,1,4.70261780104712,7.0,7.592592592592593,873,5,0.02738592646131358,-0.037202347834540676,,,80.0,80.0,,38.0,"[1.0, 0.5, 0.0]",,
18.0,240.0,1.0000000000000002,3542.5814891942505,3748.8930151412765,1950.521481397983,3.471595909080387,915,637.2000000000763,0.0,1598.0,0.0,1598.0,4768.0,0.0,12.150000000000018,80.0,,0.1.0,2103,sublinear,central,censor,120,60,1,4.881921140939597,8.0,7.7625,915,6,0.027760319223096033,-0.037710970725934045,,,80.0,80.0,,,"[0.0, 0.0, 0.0]",,
19.0,240.0,1.0000000000000002,3680.3465866190877,3839.92874866694,2019.293067764416,3.5443101665764187,916,637.2000000000763,0.0,1428.0,0.0,1428.0,4936.0,0.0,12.000000000000018,79.0,,0.1.0,2103,sublinear,central,none,120,60,1,4.881685575364668,8.0,7.734177215189874,916,4,0.027067581949837095,-0.03685634963636107,,,,,,,,quorum_unavailable,
18.0,240.0,1.0000000000000002,3590.8487270629507,3737.513953280546,1932.9550953529244,3.324373152201801,2095,519.2000000000495,1038.400000000099,1339.0,0.0,1339.0,3795.0,0.0,10.050000000000013,64.0,,0.1.0,2103,sublinear,witness,censor,120,60,1,10.189459815546773,17.0,12.90625,2095,2,0.029726789875997472,-0.03980139717484606,,,80.0,80.0,,38.0,"[1.0, 1.0, 1.0]",,
19.0,240.0,1.0000000000000002,3585.762768171499,3738.843603261887,1936.0235003811165,3.5443101665764187,2108,519.2000000000495,1038.400000000099,1335.0,0.0,1335.0,3801.0,0.0,10.050000000000013,64.0,,0.1.0,2103,sublinear,witness,censor,120,60,1,10.257826887661142,17.0,12.953125,2108,1,0.029970421840526187,-0.040171786981079274,,,80.0,80.0,,23.0,"[1.0, 0.5, 0.0]",,
19.0,240.0,1.0000000000000002,3574.062129614624,3739.928326321094,1937.4546031785458,3.5443101665764187,2136,519.2000000000495,1038.400000000099,1329.0,0.0,1329.0,3801.0,0.0,9.900000000000013,63.0,,0.1.0,2103,sublinear,witness,censor,120,60,1,10.344383057090239,17.0,12.936507936507937,2136,2,0.030140452418630975,-0.04059236134535161,,,80.0,80.0,,,"[0.0, 0.0, 0.0]",,
19.0,240.0,1.0000000000000002,3733.335942826327,3832.389661679622,2010.1073283598187,3.5443101665764187,2140,519.2000000000495,1038.400000000099,1131.0,0.0,1131.0,3996.0,0.0,10.050000000000013,63.0,,0.1.0,2103,sublinear,witness,none,120,60,1,10.475225225225225,17.0,12.936507936507937,2140,2,0.02846768794094037,-0.03831749588368289,,,,,,,,quorum_unavailable,
16.0,240.0,1.0000000000000002,3609.2581165783863,3728.672209253302,1916.6325497536097,2.4470372031557694,3075,424.8000000000281,2124.0,1076.0,0.0,1076.0,3067.0,0.0,8.40000000000001,52.0,,0.1.0,2103,sublinear,consensus,censor,120,60,1,14.517443756113465,25.0,17.26923076923077,3075,1,0.030589880614674415,-0.04124295736730715,,,80.0,80.0,,38.0,"[1.0, 1.0, 1.0]",,
17.0,240.0,1.0000000000000002,3591.398827596503,3732.3342811983275,1922.5806632184494,2.666974217530387,3118,424.8000000000281,2124.0,1069.0,0.0,1069.0,3068.0,0.0,8.250000000000009,50.0,,0.1.0,2103,sublinear,consensus,censor,120,60,1,14.616036505867015,25.0,17.0,3118,1,0.03149688509563984,-0.04261775209298605,,,80.0,80.0,,,"[1.0, 0.5, 0.0]",,
17.0,240.0,1.0000000000000002,3591.398827596503,3732.3342811983275,1922.5806632184494,2.666974217530387,3118,424.8000000000281,2124.0,1069.0,0.0,1069.0,3068.0,0.0,8.250000000000009,50.0,,0.1.0,2103,sublinear,consensus,censor,120,60,1,14.616036505867015,25.0,17.0,3118,1,0.03149688509563984,-0.04261775209298605,,,80.0,80.0,,,"[0.0, 0.0, 0.0]",,
18.0,240.0,1.0000000000000002,3826.1431711257583,3810.2957605045685,1985.1224495068761,2.9615008495450192,3125,424.8000000000281,2124.0,913.0,0.0,913.0,3217.0,0.0,8.250000000000009,50.0,,0.1.0,2103,sublinear,consensus,none,120,60,1,17.118744171588435,26.0,19.38,3125,1,0.03052913811625884,-0.04073936590142325,,,,,,,,quorum_unavailable,15.0
20.0,240.0,1.0000000000000002,3769.1211654941217,3673.952048659966,2209.7482056464837,3.416537971060692,878,637.2000000000763,0.0,1487.0,0.0,1487.0,4900.0,0.0,15.300000000000026,100.0,1.0,0.1.0,2104,sublinear,central,censor,120,60,1,4.749795918367347,7.0,7.48,878,5,0.026412344113069267,-0.03627464462407424,,,80.0,80.0,,36.0,"[1.0, 1.0, 1.0]",,
20.0,240.0,1.0000000000000002,3769.1211654941217,3673.952048659966,2209.7482056464837,3.416537971060692,878,637.2000000000763,0.0,1487.0,0.0,1487.0,4900.0,0.0,15.300000000000026,100.0,1.0,0.1.0,2104,sublinear,central,censor,120,60,1,4.749795918367347,7.0,7.48,878,5,0.026412344113069267,-0.03627464462407424,,,80.0,80.0,,36.0,"[1.0, 0.5, 0.0]",,
20.0,240.0,1.0000000000000002,3765.040916164526,3679.42227415919,2215.966623409924,3.416537971060692,913,637.2000000000763,0.0,1499.0,0.0,1499.0,4888.0,0.0,15.150000000000025,100.0,1.0,0.1.0,2104,sublinear,central,censor,120,60,1,4.926554828150572,8.0,7.65,913,6,0.026524819300522362,-0.03653213893018461,,,80.0,80.0,,,"[0.0, 0.0, 0.0]",,
20.0,240.0,1.0000000000000002,3893.0934601096537,3763.1805481252,2278.3499325492194,3.2728047560408364,914,637.2000000000763,0.0,1355.0,0.0,1355.0,5033.0,0.0,15.450000000000026,102.0,1.0,0.1.0,2104,sublinear,central,none,120,60,1,4.927478640969601,8.0,7.637254901960785,914,6,0.026263821698614298,-0.036075596094324536,,,,,,,,quorum_unavailable,
20.0,240.0,1.0000000000000002,3793.1889931716864,3663.119845947133,2185.1965295480704,3.1556787169581257,2108,519.2000000000495,1038.400000000099,1240.0,0.0,1240.0,3898.0,0.0,12.450000000000019,78.0,1.0,0.1.0,2104,sublinear,witness,censor,120,60,1,10.337352488455618,17.0,12.73076923076923,2108,3,0.02844917818553379,-0.038413929744010665,,,80.0,80.0,,36.0,"[1.0, 1.0, 1.0]",,
20.0,240.0,1.0000000000000002,3789.8640415521772,3666.6903775442906,2190.2246202243623,3.1556787169581257,2126,519.2000000000495,1038.400000000099,1240.0,0.0,1240.0,3896.0,0.0,12.450000000000019,78.0,1.0,0.1.0,2104,sublinear,witness,censor,120,60,1,10.391683778234086,17.0,12.846153846153847,2126,2,0.028422065560575395,-0.03834013147486469,,,80.0,80.0,,20.0,"[1.0, 0.5, 0.0]",,
19.0,240.0,1.0000000000000002,3783.273758640735,3669.1424538336564,2191.2970337809093,3.1364778761661625,2149,519.2000000000495,1038.400000000099,1241.0,0.0,1241.0,3892.0,0.0,12.450000000000019,78.0,1.0,0.1.0,2104,sublinear,witness,censor,120,60,1,10.465313463514903,18.0,12.91025641025641,2149,1,0.028605902699388057,-0.038416838714276105,,,80.0,80.0,,,"[0.0, 0.0, 0.0]",,
20.0,240.0,1.0000000000000002,3924.2582915200346,3751.037524103153,2250.863856438307,3.416537971060692,2149,519.2000000000495,1038.400000000099,1104.0,0.0,1104.0,4031.0,0.0,12.75000000000002,80.0,1.0,0.1.0,2104,sublinear,witness,none,120,60,1,10.543041428925825,17.0,12.95,2149,1,0.02738358001583974,-0.03721660087238326,,,,,,,,quorum_unavailable,
22.0,240.0,1.0000000000000002,3824.8240008492776,3658.4870601319367,2172.1011568047234,3.368680531627134,3079,424.8000000000281,2124.0,1024.0,0.0,1024.0,3129.0,0.0,10.350000000000014,65.0,1.0,0.1.0,2104,sublinear,consensus,censor,120,60,1,14.713007350591242,25.0,17.06153846153846,3079,4,0.029566251171132103,-0.039453134811317,,,80.0,80.0,,36.0,"[1.0, 1.0, 1.0]",,
22.0,240.0,1.0000000000000002,3815.3272351653486,3665.438795675968,2179.564269948368,3.368680531627134,3109,424.8000000000281,2124.0,1024.0,0.0,1024.0,3134.0,0.0,10.200000000000014,65.0,1.0,0.1.0,2104,sublinear,consensus,censor,120,60,1,14.823548181238035,25.0,17.215384615384615,3109,4,0.02941602930688066,-0.039260382829820445,,,80.0,80.0,,,"[1.0, 0.5, 0.0]",,
22.0,240.0,1.0000000000000002,3815.3272351653486,3665.438795675968,2179.564269948368,3.368680531627134,3109,424.8000000000281,2124.0,1024.0,0.0,1024.0,3134.0,0.0,10.200000000000014,65.0,1.0,0.1.0,2104,sublinear,consensus,censor,120,60,1,14.823548181238035,25.0,17.215384615384615,3109,4,0.02941602930688066,-0.039260382829820445,,,80.0,80.0,,,"[0.0, 0.0, 0.0]",,
23.0,240.0,1.0000000000000002,4017.2639170837942,3730.1760714722795,2229.115458006446,3.6487406265216644,3119,424.8000000000281,2124.0,904.0,0.0,904.0,3246.0,0.0,10.500000000000014,67.0,1.0,0.1.0,2104,sublinear,consensus,none,120,60,1,17.256623536660506,26.0,20.149253731343283,3119,4,0.028417916478745142,-0.038490672535875216,,,,,,,,quorum_unavailable,15.0
24.0,240.0,1.0000000000000002,3572.3535471710306,3696.995229704386,1888.5940078200513,5.093256723966531,880,637.2000000000763,0.0,1654.0,0.0,1654.0,4727.0,0.0,15.000000000000025,96.0,2.0,0.1.0,2105,sublinear,central,censor,120,60,1,4.731753755024329,7.0,7.5,880,3,0.029814197662487198,-0.0407230168863681,,,80.0,80.0,,37.0,"[1.0, 1.0, 1.0]",,
24.0,240.0,1.0000000000000002,3572.3535471710306,3696.995229704386,1888.5940078200513,5.093256723966531,880,637.2000000000763,0.0,1654.0,0.0,1654.0,4727.0,0.0,15.000000000000025,96.0,2.0,0.1.0,2105,sublinear,central,censor,120,60,1,4.731753755024329,7.0,7.5,880,3,0.029814197662487198,-0.0407230168863681,,,80.0,80.0,,37.0,"[1.0, 0.5, 0.0]",,
24.0,240.0,1.0000000000000002,3563.288585572385,3700.970010956806,1890.9360341415945,5.093256723966531,915,637.2000000000763,0.0,1662.0,0.0,1662.0,4722.0,0.0,15.150000000000025,95.0,2.0,0.1.0,2105,sublinear,central,censor,120,60,1,4.910842863193562,8.0,7.557894736842106,915,2,0.029847130235301313,-0.04062916959038165,,,80.0,80.0,,,"[0.0, 0.0, 0.0]",,
24.0,240.0,1.0000000000000002,3704.320002023813,3789.5761672959934,1960.31687133768,5.093256723966531,911,637.2000000000763,0.0,1506.0,0.0,1506.0,4886.0,0.0,15.750000000000027,99.0,2.0,0.1.0,2105,sublinear,central,none,120,60,1,4.915677445763405,8.0,7.595959595959596,911,2,0.029883622301569525,-0.04043849003887483,,,,,,,,quorum_unavailable,
25.0,240.0,1.0000000000000002,3576.860937049529,3683.166109465169,1858.3654279497232,5.1307615407465,2096,519.2000000000495,1038.400000000099,1398.0,0.0,1398.0,3745.0,0.0,11.700000000000017,74.0,2.0,0.1.0,2105,sublinear,witness,censor,120,60,1,10.199198931909212,17.0,12.405405405405405,2096,9,0.03291792083027018,-0.04421595350448386,,,80.0,80.0,,37.0,"[1.0, 1.0, 1.0]",,
25.0,240.0,1.0000000000000002,3572.9677880053755,3686.3115040411453,1861.06779844045,5.1307615407465,2112,519.2000000000495,1038.400000000099,1397.0,0.0,1397.0,3746.0,0.0,11.700000000000017,74.0,2.0,0.1.0,2105,sublinear,witness,censor,120,60,1,10.262947143619861,17.0,12.5,2112,8,0.032792071557902966,-0.04410316771018284,,,80.0,80.0,,21.0,"[1.0, 0.5, 0.0]",,
25.0,240.0,1.0000000000000002,3565.373685360506,3688.0952168366407,1861.9641525340094,5.1307615407465,2132,519.2000000000495,1038.400000000099,1404.0,0.0,1404.0,3741.0,0.0,11.850000000000017,75.0,2.0,0.1.0,2105,sublinear,witness,censor,120,60,1,10.334937182571505,18.0,12.613333333333333,2132,6,0.032780015462807795,-0.04406385570553035,,,80.0,80.0,,,"[0.0, 0.0, 0.0]",,
26.0,240.0,1.0000000000000002,3728.422257181854,3776.52809632993,1935.4704058693976,5.222493136253579,2134,519.2000000000495,1038.400000000099,1225.0,0.0,1225.0,3922.0,0.0,12.450000000000019,79.0,2.0,0.1.0,2105,sublinear,witness,none,120,60,1,10.462774094849566,17.949999999999818,12.822784810126583,2134,6,0.032355476233719024,-0.0433653220546486,,,,,,,,quorum_unavailable,
26.0,240.0,1.0000000000000002,3603.923096672103,3684.3820373382014,1862.7522207840382,5.1664561771125,3076,424.8000000000281,2124.0,1127.0,0.0,1127.0,3027.0,0.0,10.350000000000014,60.0,2.0,0.1.0,2105,sublinear,consensus,censor,120,60,1,14.515031384208788,25.0,16.15,3076,2,0.03250688579847442,-0.043872392591915166,,,80.0,80.0,,37.0,"[1.0, 1.0, 1.0]",,
25.0,240.0,1.0000000000000002,3592.2352552583816,3690.2135065771718,1866.9047090975573,5.1307615407465,3104,424.8000000000281,2124.0,1127.0,0.0,1127.0,3031.0,0.0,9.600000000000012,60.0,2.0,0.1.0,2105,sublinear,consensus,censor,120,60,1,14.636753546684263,25.0,16.166666666666668,3104,6,0.03242852662597503,-0.04378154229922301,,,80.0,80.0,,,"[1.0, 0.5, 0.0]",,
25.0,240.0,1.0000000000000002,3592.2352552583816,3690.2135065771718,1866.9047090975573,5.1307615407465,3104,424.8000000000281,2124.0,1127.0,0.0,1127.0,3031.0,0.0,9.600000000000012,60.0,2.0,0.1.0,2105,sublinear,consensus,censor,120,60,1,14.636753546684263,25.0,16.166666666666668,3104,6,0.03242852662597503,-0.04378154229922301,,,80.0,80.0,,,"[0.0, 0.0, 0.0]",,
25.0,240.0,1.0000000000000002,3825.3724610752693,3764.6094475701534,1931.8241001291155,5.1307615407465,3116,424.8000000000281,2124.0,992.0,0.0,992.0,3156.0,0.0,9.900000000000013,62.0,2.0,0.1.0,2105,sublinear,consensus,none,120,60,1,17.116286438529784,26.0,18.661290322580644,3116,6,0.03246707152689008,-0.04411910171686639,,,,,,,,quorum_unavailable,15.0
12.0,240.0,1.0000000000000002,3971.2733525751255,3728.700247040739,2008.372407521615,2.2391350855448477,872,637.2000000000763,0.0,1453.0,0.0,1453.0,4919.0,0.0,13.950000000000022,91.0,1.0,0.1.0,2106,sublinear,central,censor,120,60,1,4.659280341532832,7.0,7.967032967032967,872,4,0.03189473282644091,-0.04334996700905822,,,80.0,80.0,,48.0,"[1.0, 1.0, 1.0]",,
12.0,240.0,1.0000000000000002,3971.2733525751255,3728.700247040739,2008.372407521615,2.2391350855448477,872,637.2000000000763,0.0,1453.0,0.0,1453.0,4919.0,0.0,13.950000000000022,91.0,1.0,0.1.0,2106,sublinear,central,censor,120,60,1,4.659280341532832,7.0,7.967032967032967,872,4,0.03189473282644091,-0.04334996700905822,,,80.0,80.0,,48.0,"[1.0, 0.5, 0.0]",,
13.0,240.0,1.0000000000000002,3953.1117702038946,3731.7348697328403,2009.8831129677596,2.2594490403511447,916,637.2000000000763,0.0,1475.0,0.0,1475.0,4900.0,0.0,13.800000000000022,90.0,1.0,0.1.0,2106,sublinear,central,censor,120,60,1,4.894081632653061,8.0,8.322222222222223,916,4,0.031851087017844074,-0.04341837782549209,,,80.0,80.0,,,"[0.0, 0.0, 0.0]",,
16.0,240.0,1.0000000000000002,4113.635999482584,3817.1905157999795,2087.449085958293,2.7756541251160227,913,637.2000000000763,0.0,1321.0,0.0,1321.0,5064.0,0.0,14.850000000000025,97.0,1.0,0.1.0,2106,sublinear,central,none,120,60,1,4.898301737756714,8.0,8.29896907216495,913,4,0.0322721595076798,-0.04370689600785023,,,,,,,,quorum_unavailable,
11.0,240.0,1.0000000000000002,3993.4720563658084,3720.6726911747796,2000.1309633715125,2.1849991257362955,2101,519.2000000000495,1038.400000000099,1212.0,0.0,1212.0,3912.0,0.0,11.100000000000016,71.0,1.0,0.1.0,2106,sublinear,witness,censor,120,60,1,10.138548057259714,17.0,14.704225352112676,2101,3,0.034321786230296795,-0.046087647826155625,,,80.0,80.0,,48.0,"[1.0, 1.0, 1.0]",,
11.0,240.0,1.0000000000000002,3982.3527043638455,3723.1134864478927,2000.4746887275621,2.1849991257362955,2123,519.2000000000495,1038.400000000099,1214.0,0.0,1214.0,3913.0,0.0,11.100000000000016,71.0,1.0,0.1.0,2106,sublinear,witness,censor,120,60,1,10.243547150523895,17.0,14.830985915492958,2123,3,0.03414555318462812,-0.045941412280270266,,,80.0,80.0,,23.0,"[1.0, 0.5, 0.0]",,
11.0,240.0,1.0000000000000002,3974.9144928674523,3726.0226273338512,2004.0833070704102,2.1849991257362955,2147,519.2000000000495,1038.400000000099,1215.0,0.0,1215.0,3911.0,0.0,11.100000000000016,68.0,1.0,0.1.0,2106,sublinear,witness,censor,120,60,1,10.333418563027358,18.0,14.75,2147,3,0.03414151129532304,-0.04590860419382334,,,80.0,80.0,,,"[0.0, 0.0, 0.0]",,
11.0,240.0,1.0000000000000002,4156.767822344622,3810.810328862234,2082.841826584683,2.1849991257362955,2148,519.2000000000495,1038.400000000099,1049.0,0.0,1049.0,4082.0,0.0,12.000000000000018,74.0,1.0,0.1.0,2106,sublinear,witness,none,120,60,1,10.446349828515434,17.0,14.783783783783784,2148,3,0.03375978243765423,-0.04542129481573578,,,,,,,,quorum_unavailable,
12.0,240.0,1.0000000000000002,4023.6673810586576,3716.6025135716595,1993.5153434265592,1.9475724250672024,3079,424.8000000000281,2124.0,942.0,0.0,942.0,3186.0,0.0,8.40000000000001,49.0,1.0,0.1.0,2106,sublinear,consensus,censor,120,60,1,14.544569993722536,25.0,18.755102040816325,3079,3,0.034988093561788614,-0.0463829491807651,,,80.0,80.0,,48.0,"[1.0, 1.0, 1.0]",,
13.0,240.0,1.0000000000000002,4004.3348356142974,3722.541346485946,1997.6536799527921,1.9596944401208127,3120,424.8000000000281,2124.0,956.0,0.0,956.0,3177.0,0.0,8.100000000000009,47.0,1.0,0.1.0,2106,sublinear,consensus,censor,120,60,1,14.656909033679572,25.0,18.680851063829788,3120,4,0.03472296886278281,-0.04636543571812516,,,80.0,80.0,,,"[1.0, 0.5, 0.0]",,
13.0,240.0,1.0000000000000002,4004.3348356142974,3722.541346485946,1997.6536799527921,1.9596944401208127,3120,424.8000000000281,2124.0,956.0,0.0,956.0,3177.0,0.0,8.100000000000009,47.0,1.0,0.1.0,2106,sublinear,consensus,censor,120,60,1,14.656909033679572,25.0,18.680851063829788,3120,4,0.03472296886278281,-0.04636543571812516,,,80.0,80.0,,,"[0.0, 0.0, 0.0]",,
14.0,240.0,1.0000000000000002,4265.483827603769,3791.9161641762284,2068.9947897636357,2.1931776213482235,3133,424.8000000000281,2124.0,827.0,0.0,827.0,3296.0,0.0,8.55000000000001,50.0,1.0,0.1.0,2106,sublinear,consensus,none,120,60,1,17.12378640776699,26.0,20.26,3133,5,0.035139126469708674,-0.04679757045469968,,,,,,,,quorum_unavailable,15.0
21.0,240.0,1.0000000000000002,3593.338888916156,3730.308048494274,1750.401866911438,4.524238798482007,872,637.2000000000763,0.0,1690.0,0.0,1690.0,4698.0,0.0,14.550000000000024,97.0,,0.1.0,2107,sublinear,central,censor,120,60,1,4.711792252022137,7.0,7.453608247422681,872,3,0.03303476035661178,-0.0437475412856573,,,80.0,80.0,,37.0,"[1.0, 1.0, 1.0]",,
21.0,240.0,1.0000000000000002,3593.338888916156,3730.308048494274,1750.401866911438,4.524238798482007,872,637.2000000000763,0.0,1690.0,0.0,1690.0,4698.0,0.0,14.550000000000024,97.0,,0.1.0,2107,sublinear,central,censor,120,60,1,4.711792252022137,7.0,7.453608247422681,872,3,0.03303476035661178,-0.0437475412856573,,,80.0,80.0,,37.0,"[1.0, 0.5, 0.0]",,
21.0,240.0,1.0000000000000002,3577.0556077601736,3731.7883301125835,1750.5533628590651,4.524238798482007,905,637.2000000000763,0.0,1699.0,0.0,1699.0,4693.0,0.0,14.550000000000024,97.0,,0.1.0,2107,sublinear,central,censor,120,60,1,4.888983592584701,8.0,7.680412371134021,905,3,0.03298258210566687,-0.04372398389973875,,,80.0,80.0,,,"[0.0, 0.0, 0.0]",,
22.0,240.0,1.0000000000000002,3723.6671838410484,3818.5798019067206,1820.5163909180303,4.668577966893369,902,637.2000000000763,0.0,1543.0,0.0,1543.0,4859.0,0.0,15.300000000000026,102.0,,0.1.0,2107,sublinear,central,none,120,60,1,4.898127186663922,8.0,7.696078431372549,900,3,0.032858522795590636,-0.043458257770256914,,,,,,,,quorum_unavailable,
20.0,240.0,1.0000000000000002,3624.8762904804144,3728.8484813699474,1744.7226174963585,3.5749233872595694,2095,519.2000000000495,1038.400000000099,1383.0,0.0,1383.0,3769.0,0.0,12.60000000000002,81.0,,0.1.0,2107,sublinear,witness,censor,120,60,1,10.217033695940568,17.0,13.012345679012345,2095,7,0.03504050280202715,-0.04655353930601483,,,80.0,80.0,,37.0,"[1.0, 1.0, 1.0]",,
20.0,240.0,1.0000000000000002,3615.913335947705,3730.081320481371,1745.1210333419028,3.5749233872595694,2116,519.2000000000495,1038.400000000099,1375.0,0.0,1375.0,3772.0,0.0,12.60000000000002,81.0,,0.1.0,2107,sublinear,witness,censor,120,60,1,10.274655355249205,17.0,13.074074074074074,2116,7,0.03510574180575345,-0.04671316210477747,,,80.0,80.0,,21.0,"[1.0, 0.5, 0.0]",,
19.0,240.0,1.0000000000000002,3606.771611494102,3731.659599078282,1745.840934614947,3.2586798699647206,2135,519.2000000000495,1038.400000000099,1381.0,0.0,1381.0,3766.0,0.0,12.300000000000018,78.0,,0.1.0,2107,sublinear,witness,censor,120,60,1,10.35077004779607,17.0,13.0,2135,5,0.03520672898602069,-0.04672847841917234,,,80.0,80.0,,,"[0.0, 0.0, 0.0]",,
21.0,240.0,1.0000000000000002,3773.3811288911884,3815.84760639913,1820.7643395974276,4.0756439270242275,2139,519.2000000000495,1038.400000000099,1221.0,0.0,1221.0,3928.0,0.0,13.20000000000002,84.0,,0.1.0,2107,sublinear,witness,none,120,60,1,10.467158859470468,17.0,13.285714285714286,2139,5,0.03398893702895041,-0.045288094696296195,,,,,,,,quorum_unavailable,
19.0,240.0,1.0000000000000002,3660.9810625674904,3732.0099322809606,1749.5381948989868,3.538310507545606,3073,424.8000000000281,2124.0,1096.0,0.0,1096.0,3063.0,0.0,10.350000000000014,63.0,,0.1.0,2107,sublinear,consensus,censor,120,60,1,14.559255631733594,25.0,17.158730158730158,3073,1,0.03711375888039794,-0.050053324656232176,,,80.0,80.0,,37.0,"[1.0, 1.0, 1.0]",,
19.0,240.0,1.0000000000000002,3641.557704621898,3736.064267417254,1752.2488856878447,3.538310507545606,3111,424.8000000000281,2124.0,1094.0,0.0,1094.0,3063.0,0.0,10.200000000000014,62.0,,0.1.0,2107,sublinear,consensus,censor,120,60,1,14.651648710414626,25.0,17.161290322580644,3111,1,0.03701629356635102,-0.05001145961671627,,,80.0,80.0,,,"[1.0, 0.5, 0.0]",,
19.0,240.0,1.0000000000000002,3641.557704621898,3736.064267417254,1752.2488856878447,3.538310507545606,3111,424.8000000000281,2124.0,1094.0,0.0,1094.0,3063.0,0.0,10.200000000000014,62.0,,0.1.0,2107,sublinear,consensus,censor,120,60,1,14.651648710414626,25.0,17.161290322580644,3111,1,0.03701629356635102,-0.05001145961671627,,,80.0,80.0,,,"[0.0, 0.0, 0.0]",,
19.0,240.0,1.0000000000000002,3882.7538128065153,3806.4981814874795,1823.7807045658376,3.516650896145843,3124,424.8000000000281,2124.0,958.0,0.0,958.0,3190.0,0.0,10.800000000000015,67.0,,0.1.0,2107,sublinear,consensus,none,120,60,1,17.16896551724138,26.0,19.17910447761194,3124,1,0.036718723741203066,-0.04905238506979958,,,,,,,,quorum_unavailable,15.0
