decision_errors,decisions_completed,max_individual_time_booked_hours,produced_work_units,effort_hours,cooperation_units,decision_regret_units,backlog_peak_records,review_hours,verification_resource_units,reviews_rejected,fraudulent_records_detected,honest_records_rejected,confirmed_records,fraudulent_records_accepted,appeal_hours,corrections,model_version,world,regime,backend,attack,n,days_completed,update_interval_days,confirmation_mean_days,confirmation_p95_days,appeal_mean_days,unfinished_records,unfinished_appeals,last_authority_contribution_tv,last_signed_gini_gap,appeals_denied
14.0,240.0,1.0000000000000002,3949.421849380948,3838.6147689381746,2239.4681428397457,2.8562644899338165,911,637.2000000000763,0.0,1409.0,0.0,1409.0,4982.0,0.0,15.300000000000026,100.0,0.1.0,1000,equal,central,none,120,60,1,4.893215576073866,8.0,7.81,911,6,0.16755311179579835,-0.23345987947942523,
14.0,240.0,1.0000000000000002,4011.5029481078072,3836.6219502349145,2236.26645616078,2.8562644899338165,2136,519.2000000000495,1038.400000000099,1107.0,0.0,1107.0,4042.0,0.0,12.75000000000002,80.0,0.1.0,1000,equal,witness,none,120,60,1,10.464621474517566,17.0,13.3125,2136,8,0.1730703793209153,-0.23953992931125176,
13.0,240.0,1.0000000000000002,4081.4663707349246,3831.0197064849312,2227.8113114092216,2.6081844061705795,3132,424.8000000000281,2124.0,841.0,0.0,841.0,3296.0,0.0,10.350000000000014,64.0,0.1.0,1000,equal,consensus,none,120,60,1,15.029429611650485,25.0,17.84375,3132,5,0.17263664498322054,-0.238986577413137,
15.0,240.0,1.0000000000000002,3706.642467866107,3761.399795704235,2159.836536240334,3.432894770698801,907,637.2000000000763,0.0,1527.0,0.0,1527.0,4870.0,0.0,15.600000000000026,102.0,0.1.0,1000,linear,central,none,120,60,1,4.885831622176592,8.0,7.8431372549019605,907,6,0.0,0.0,
13.0,240.0,1.0000000000000002,3748.7997397862,3757.1663948730165,2152.098214450646,2.988603965414086,2134,519.2000000000495,1038.400000000099,1222.0,0.0,1222.0,3927.0,0.0,12.450000000000019,78.0,0.1.0,1000,linear,witness,none,120,60,1,10.408963585434174,17.0,13.35897435897436,2134,7,0.0,2.0816681711721685e-17,
13.0,240.0,1.0000000000000002,3801.1018928596177,3758.054202495983,2151.9132923905213,3.057879796236808,3124,424.8000000000281,2124.0,918.0,0.0,918.0,3226.0,0.0,10.200000000000014,64.0,0.1.0,1000,linear,consensus,none,120,60,1,14.975821450712957,25.0,17.75,3124,5,0.0,-2.0816681711721685e-17,
14.0,240.0,1.0000000000000002,3737.8110340034586,3775.522601184921,2167.9289118541546,3.305959880000045,909,637.2000000000763,0.0,1505.0,0.0,1505.0,4888.0,0.0,15.300000000000026,100.0,0.1.0,1000,sublinear,central,none,120,60,1,4.886047463175123,8.0,7.82,909,6,0.02919062695838181,-0.04024948937045567,
13.0,240.0,1.0000000000000002,3791.0215472838686,3775.6398866859677,2166.6187393003333,2.988603965414086,2136,519.2000000000495,1038.400000000099,1187.0,0.0,1187.0,3960.0,0.0,12.450000000000019,78.0,0.1.0,1000,sublinear,witness,none,120,60,1,10.427020202020202,17.0,13.35897435897436,2136,7,0.030534472453559877,-0.04183508724447044,
13.0,240.0,1.0000000000000002,3848.2728081560526,3772.392032471685,2162.550809156338,3.057879796236808,3126,424.8000000000281,2124.0,898.0,0.0,898.0,3245.0,0.0,10.350000000000014,65.0,0.1.0,1000,sublinear,consensus,none,120,60,1,14.99537750385208,25.0,17.8,3126,5,0.031290551730008005,-0.04220268091419997,
17.0,240.0,1.0000000000000002,3662.4946877242123,3724.3532343806073,2158.8539482719284,4.056770400596924,905,637.2000000000763,0.0,1612.0,0.0,1612.0,4784.0,0.0,15.150000000000025,99.0,0.1.0,1000,hierarchy,central,none,120,60,1,4.881688963210703,8.0,7.787878787878788,905,8,0.18732023425227956,0.19029694278495715,
20.0,240.0,1.0000000000000002,3686.762827233857,3727.4497905089297,2146.995984516807,4.294302002100743,2133,519.2000000000495,1038.400000000099,1282.0,0.0,1282.0,3868.0,0.0,12.450000000000019,78.0,0.1.0,1000,hierarchy,witness,none,120,60,1,10.381075491209927,17.0,13.35897435897436,2133,6,0.16522783277611114,0.16451572016425586,
17.0,240.0,1.0000000000000002,3701.4461732831405,3732.350616246809,2137.8384099717223,3.832022449032581,3119,424.8000000000281,2124.0,975.0,0.0,975.0,3173.0,0.0,10.050000000000013,63.0,0.1.0,1000,hierarchy,consensus,none,120,60,1,14.884651749133312,25.0,17.904761904761905,3119,5,0.1637700207393278,0.1608396319234009,
26.0,240.0,1.0000000000000002,3862.1965215950845,3754.993473231324,2209.199765598912,6.069837007883175,911,637.2000000000763,0.0,1623.0,0.0,1623.0,4766.0,0.0,15.000000000000025,98.0,0.1.0,1000,hierarchy_tenure,central,none,120,60,1,4.863617289131347,8.0,7.86734693877551,911,7,0.4226162887437997,0.10134009587005355,
26.0,240.0,1.0000000000000002,3891.6995025184115,3756.992566843399,2201.443346401028,5.642652689017614,2131,519.2000000000495,1038.400000000099,1285.0,0.0,1285.0,3865.0,0.0,12.150000000000018,76.0,0.1.0,1000,hierarchy_tenure,witness,none,120,60,1,10.364553686934023,17.0,13.381578947368421,2131,8,0.41503163599631954,0.10441359913036805,
25.0,240.0,1.0000000000000002,3937.9395981807706,3757.1605561323927,2195.5890478931647,5.394572605254377,3122,424.8000000000281,2124.0,981.0,0.0,981.0,3162.0,0.0,9.750000000000012,59.0,0.1.0,1000,hierarchy_tenure,consensus,none,120,60,1,14.8516761543327,25.0,17.64406779661017,3122,5,0.402973610608999,0.11405107694876179,
14.0,240.0,1.0000000000000002,3949.421849380948,3838.6147689381746,2239.4681428397457,2.8562644899338165,911,637.2000000000763,0.0,1409.0,0.0,1409.0,4982.0,0.0,15.300000000000026,100.0,0.1.0,1000,equal,central,none,120,60,14,4.893215576073866,8.0,7.81,911,6,0.16755311179579835,-0.23345987947942523,
14.0,240.0,1.0000000000000002,4011.5029481078072,3836.6219502349145,2236.26645616078,2.8562644899338165,2136,519.2000000000495,1038.400000000099,1107.0,0.0,1107.0,4042.0,0.0,12.75000000000002,80.0,0.1.0,1000,equal,witness,none,120,60,14,10.464621474517566,17.0,13.3125,2136,8,0.1730703793209153,-0.23953992931125176,
13.0,240.0,1.0000000000000002,4081.4663707349246,3831.0197064849312,2227.8113114092216,2.6081844061705795,3132,424.8000000000281,2124.0,841.0,0.0,841.0,3296.0,0.0,10.350000000000014,64.0,0.1.0,1000,equal,consensus,none,120,60,14,15.029429611650485,25.0,17.84375,3132,5,0.17263664498322054,-0.238986577413137,
13.0,240.0,1.0000000000000002,3788.400484668229,3790.8222296970093,2190.8308120896427,2.7414097600506313,907,637.2000000000763,0.0,1517.0,0.0,1517.0,4879.0,0.0,15.450000000000026,101.0,0.1.0,1000,linear,central,none,120,60,14,4.869645419143267,8.0,7.811881188118812,907,6,0.013157078534614695,0.0023896283646947236,
13.0,240.0,1.0000000000000002,3820.7582368779176,3791.2094880659606,2183.1616531480176,2.7414097600506313,2135,519.2000000000495,1038.400000000099,1183.0,0.0,1183.0,3967.0,0.0,12.75000000000002,80.0,0.1.0,1000,linear,witness,none,120,60,14,10.38895891101588,17.0,13.275,2135,7,0.01418444846393574,-0.002390922094327848,
12.0,240.0,1.0000000000000002,3868.918457473041,3785.8814661814463,2176.7246356413584,2.493329676287395,3123,424.8000000000281,2124.0,889.0,0.0,889.0,3257.0,0.0,10.350000000000014,65.0,0.1.0,1000,linear,consensus,none,120,60,14,14.949339883328216,25.0,17.923076923076923,3123,5,0.01590863918840842,0.0013354601243982453,
13.0,240.0,1.0000000000000002,3808.353984434629,3799.8260991888733,2194.384308108596,2.7414097600506313,908,637.2000000000763,0.0,1499.0,0.0,1499.0,4897.0,0.0,15.600000000000026,102.0,0.1.0,1000,sublinear,central,none,120,60,14,4.873391872575046,8.0,7.803921568627451,908,6,0.03179509797129768,-0.040179147777429404,
13.0,240.0,1.0000000000000002,3847.982340540613,3798.626638455385,2187.675151778098,2.7414097600506313,2136,519.2000000000495,1038.400000000099,1165.0,0.0,1165.0,3983.0,0.0,12.60000000000002,79.0,0.1.0,1000,sublinear,witness,none,120,60,14,10.409490333919157,17.0,13.253164556962025,2136,7,0.03529594106452624,-0.045761319068897244,
12.0,240.0,1.0000000000000002,3901.2046329068703,3793.4432928689353,2182.3730213985373,2.504061023432458,3124,424.8000000000281,2124.0,878.0,0.0,878.0,3267.0,0.0,10.350000000000014,65.0,0.1.0,1000,sublinear,consensus,none,120,60,14,14.969696969696969,25.0,17.923076923076923,3124,5,0.03576367082978434,-0.043296302320805176,
15.0,240.0,1.0000000000000002,3725.077047014953,3765.8999027859018,2179.8178124519727,3.431496099141624,901,637.2000000000763,0.0,1612.0,0.0,1612.0,4788.0,0.0,15.150000000000025,99.0,0.1.0,1000,hierarchy,central,none,120,60,14,4.852548036758563,8.0,7.787878787878788,901,6,0.1770336931243722,0.17293047282957585,
15.0,240.0,1.0000000000000002,3745.6038020867586,3766.918530099853,2172.0554234909355,3.3271500511495207,2129,519.2000000000495,1038.400000000099,1243.0,0.0,1243.0,3911.0,0.0,12.450000000000019,78.0,0.1.0,1000,hierarchy,witness,none,120,60,14,10.352850933265149,17.0,13.307692307692308,2129,6,0.1646864448512133,0.15720452560636225,
13.0,240.0,1.0000000000000002,3767.8919690213197,3763.4592672273866,2153.2539453498975,3.022457170912044,3119,424.8000000000281,2124.0,933.0,0.0,933.0,3214.0,0.0,9.900000000000013,62.0,0.1.0,1000,hierarchy,consensus,none,120,60,14,14.87025513378967,25.0,17.758064516129032,3119,5,0.15784274052409936,0.14970686333695163,
26.0,240.0,1.0000000000000002,3862.1965215950845,3754.993473231324,2209.199765598912,6.069837007883175,911,637.2000000000763,0.0,1623.0,0.0,1623.0,4766.0,0.0,15.000000000000025,98.0,0.1.0,1000,hierarchy_tenure,central,none,120,60,14,4.863617289131347,8.0,7.86734693877551,911,7,0.4226162887437997,0.10134009587005355,
26.0,240.0,1.0000000000000002,3891.6995025184115,3756.992566843399,2201.443346401028,5.642652689017614,2131,519.2000000000495,1038.400000000099,1285.0,0.0,1285.0,3865.0,0.0,12.150000000000018,76.0,0.1.0,1000,hierarchy_tenure,witness,none,120,60,14,10.364553686934023,17.0,13.381578947368421,2131,8,0.41503163599631954,0.10441359913036805,
25.0,240.0,1.0000000000000002,3937.9395981807706,3757.1605561323927,2195.5890478931647,5.394572605254377,3122,424.8000000000281,2124.0,981.0,0.0,981.0,3162.0,0.0,9.750000000000012,59.0,0.1.0,1000,hierarchy_tenure,consensus,none,120,60,14,14.8516761543327,25.0,17.64406779661017,3122,5,0.402973610608999,0.11405107694876179,
21.0,240.0,1.0000000000000002,4231.79490209874,3814.877234477708,2048.1646048526777,3.5326394621121393,911,637.2000000000763,0.0,1339.0,0.0,1339.0,5045.0,0.0,14.250000000000023,92.0,0.1.0,1001,equal,central,none,120,60,1,4.903072348860258,8.0,7.630434782608695,911,3,0.18994899971780196,-0.2619404953285101,
21.0,240.0,1.0000000000000002,4289.437482016773,3809.7099780320596,2035.6286564751624,3.5326394621121393,2141,519.2000000000495,1038.400000000099,1042.0,0.0,1042.0,4089.0,0.0,10.800000000000015,71.0,0.1.0,1001,equal,witness,none,120,60,1,10.535338713621913,17.0,12.084507042253522,2141,3,0.187279887347014,-0.26125329142359377,
21.0,240.0,1.0000000000000002,4355.454293664152,3803.7312774473994,2024.9438685388639,3.5326394621121393,3132,424.8000000000281,2124.0,822.0,0.0,822.0,3313.0,0.0,10.050000000000013,64.0,0.1.0,1001,equal,consensus,none,120,60,1,15.079082402656203,25.0,16.84375,3132,0,0.18473118849032308,-0.2576430662972528,
23.0,240.0,1.0000000000000002,3947.493827079152,3715.962890910343,1999.3226184055568,4.275171230256803,909,637.2000000000763,0.0,1445.0,0.0,1445.0,4937.0,0.0,13.650000000000022,88.0,0.1.0,1001,linear,central,none,120,60,1,4.892849908851529,8.0,7.613636363636363,909,3,0.0,-6.938893903907228e-18,
22.0,240.0,1.0000000000000002,3983.005834414704,3709.815602888531,1982.4143133308849,3.764893654540413,2136,519.2000000000495,1038.400000000099,1150.0,0.0,1150.0,3983.0,0.0,10.350000000000014,68.0,0.1.0,1001,linear,witness,none,120,60,1,10.508661812703991,17.0,12.088235294117647,2136,3,0.0,0.0,
19.0,240.0,1.0000000000000002,4023.1269429606405,3710.0237654437005,1972.7700344772088,3.076509337790637,3122,424.8000000000281,2124.0,921.0,0.0,921.0,3221.0,0.0,9.600000000000012,61.0,0.1.0,1001,linear,consensus,none,120,60,1,14.968332815895685,25.0,16.78688524590164,3122,0,0.0,-6.938893903907228e-18,
24.0,240.0,1.0000000000000002,3979.501731235058,3735.857095087405,2000.6186449619972,4.4581617864819165,912,637.2000000000763,0.0,1427.0,0.0,1427.0,4954.0,0.0,13.950000000000022,90.0,0.1.0,1001,sublinear,central,none,120,60,1,4.8946306015341134,8.0,7.6,912,3,0.03241042809077352,-0.04357724308946419,
22.0,240.0,1.0000000000000002,4023.6216674147395,3727.2362414987374,1983.1956576095404,3.764893654540413,2136,519.2000000000495,1038.400000000099,1135.0,0.0,1135.0,3997.0,0.0,10.200000000000014,67.0,0.1.0,1001,sublinear,witness,none,120,60,1,10.515886915186389,17.0,12.014925373134329,2136,3,0.03327430270275157,-0.04504788079852656,
20.0,240.0,1.0000000000000002,4071.766571979514,3726.032196246777,1974.3147011406538,3.3962749417006783,3123,424.8000000000281,2124.0,905.0,0.0,905.0,3236.0,0.0,9.600000000000012,61.0,0.1.0,1001,sublinear,consensus,none,120,60,1,14.986402966625464,25.0,16.78688524590164,3123,0,0.03489895084343978,-0.046756957344511706,
26.0,240.0,1.0000000000000002,3886.975530464439,3671.033642274428,2002.740869212069,4.616997737200155,907,637.2000000000763,0.0,1504.0,0.0,1504.0,4880.0,0.0,13.650000000000022,88.0,0.1.0,1001,hierarchy,central,none,120,60,1,4.893647540983607,8.0,7.613636363636363,907,2,0.1570110768681464,0.16316454970258343,
25.0,240.0,1.0000000000000002,3896.6477285275964,3662.8209318724216,1971.5705904686117,4.352911817179602,2137,519.2000000000495,1038.400000000099,1202.0,0.0,1202.0,3929.0,0.0,10.200000000000014,67.0,0.1.0,1001,hierarchy,witness,none,120,60,1,10.455586663273097,17.0,12.044776119402986,2137,3,0.15001370014237247,0.14697618017290368,
23.0,240.0,1.0000000000000002,3914.27220051692,3664.2461392105483,1944.2583086529826,3.6717595099736937,3118,424.8000000000281,2124.0,951.0,0.0,951.0,3194.0,0.0,9.450000000000012,60.0,0.1.0,1001,hierarchy,consensus,none,120,60,1,14.924546023794615,25.0,16.616666666666667,3118,1,0.14088221644478424,0.1353830099567633,
24.0,240.0,1.0000000000000002,4071.8928016196996,3744.809988424927,1980.4079198730053,4.366037063808489,910,637.2000000000763,0.0,1558.0,0.0,1558.0,4825.0,0.0,13.950000000000022,90.0,0.1.0,1001,hierarchy_tenure,central,none,120,60,1,4.883316062176166,8.0,7.622222222222222,910,3,0.39996993116407525,0.09505073308636298,
24.0,240.0,1.0000000000000002,4093.192109340913,3742.6801459949506,1963.883810347759,4.213126029067097,2133,519.2000000000495,1038.400000000099,1230.0,0.0,1230.0,3908.0,0.0,10.650000000000015,70.0,0.1.0,1001,hierarchy_tenure,witness,none,120,60,1,10.45496417604913,17.0,12.3,2133,3,0.3923497351340308,0.09714334716530709,
22.0,240.0,1.0000000000000002,4121.169830597202,3736.8060415262066,1940.427427343508,4.048564984024263,3121,424.8000000000281,2124.0,975.0,0.0,975.0,3169.0,0.0,9.750000000000012,62.0,0.1.0,1001,hierarchy_tenure,consensus,none,120,60,1,14.934364152729568,25.0,17.032258064516128,3121,1,0.3840211375012726,0.10541652683940504,
21.0,240.0,1.0000000000000002,4231.79490209874,3814.877234477708,2048.1646048526777,3.5326394621121393,911,637.2000000000763,0.0,1339.0,0.0,1339.0,5045.0,0.0,14.250000000000023,92.0,0.1.0,1001,equal,central,none,120,60,14,4.903072348860258,8.0,7.630434782608695,911,3,0.18994899971780196,-0.2619404953285101,
21.0,240.0,1.0000000000000002,4289.437482016773,3809.7099780320596,2035.6286564751624,3.5326394621121393,2141,519.2000000000495,1038.400000000099,1042.0,0.0,1042.0,4089.0,0.0,10.800000000000015,71.0,0.1.0,1001,equal,witness,none,120,60,14,10.535338713621913,17.0,12.084507042253522,2141,3,0.187279887347014,-0.26125329142359377,
21.0,240.0,1.0000000000000002,4355.454293664152,3803.7312774473994,2024.9438685388639,3.5326394621121393,3132,424.8000000000281,2124.0,822.0,0.0,822.0,3313.0,0.0,10.050000000000013,64.0,0.1.0,1001,equal,consensus,none,120,60,14,15.079082402656203,25.0,16.84375,3132,0,0.18473118849032308,-0.2576430662972528,
22.0,240.0,1.0000000000000002,4039.3457075277174,3759.3012038788006,2036.0948768978255,3.4420220011446463,909,637.2000000000763,0.0,1413.0,0.0,1413.0,4971.0,0.0,13.950000000000022,90.0,0.1.0,1001,linear,central,none,120,60,14,4.885536109434721,8.0,7.6,909,3,0.01381800814894581,0.0022034244587477297,
20.0,240.0,1.0000000000000002,4061.329421666204,3753.8009194404276,2013.5134995584735,3.086867390772853,2135,519.2000000000495,1038.400000000099,1106.0,0.0,1106.0,4028.0,0.0,10.350000000000014,68.0,0.1.0,1001,linear,witness,none,120,60,14,10.47914597815293,17.0,11.955882352941176,2135,3,0.01249525826364976,0.002980204960951603,
20.0,240.0,1.0000000000000002,4099.754183244757,3745.970123271655,1994.2377924394434,3.086867390772853,3123,424.8000000000281,2124.0,881.0,0.0,881.0,3260.0,0.0,9.600000000000012,61.0,0.1.0,1001,linear,consensus,none,120,60,14,14.983435582822086,25.0,16.508196721311474,3123,0,0.015870858784783025,0.0021092921486205243,
21.0,240.0,1.0000000000000002,4061.2126931365638,3769.317507137569,2030.8250692052418,3.4066329946828944,912,637.2000000000763,0.0,1404.0,0.0,1404.0,4977.0,0.0,13.950000000000022,90.0,0.1.0,1001,sublinear,central,none,120,60,14,4.884669479606188,8.0,7.6,912,3,0.03506737433162343,-0.04392491352033416,
20.0,240.0,1.0000000000000002,4093.377447558767,3764.5589839524537,2013.6335721323753,3.086867390772853,2135,519.2000000000495,1038.400000000099,1091.0,0.0,1091.0,4043.0,0.0,10.350000000000014,68.0,0.1.0,1001,sublinear,witness,none,120,60,14,10.49468216670789,17.0,11.955882352941176,2135,3,0.0350563931346079,-0.04499654584307308,
21.0,240.0,1.0000000000000002,4138.389249859446,3755.7660420997813,1995.4962388438307,3.4066329946828944,3126,424.8000000000281,2124.0,873.0,0.0,873.0,3265.0,0.0,9.600000000000012,61.0,0.1.0,1001,sublinear,consensus,none,120,60,14,14.991424196018377,25.0,16.508196721311474,3126,0,0.037719175735230676,-0.04749137737399596,
23.0,240.0,1.0000000000000002,4001.142917342103,3724.2658915184306,2046.053362447282,3.565468945401133,910,637.2000000000763,0.0,1453.0,0.0,1453.0,4929.0,0.0,13.800000000000022,89.0,0.1.0,1001,hierarchy,central,none,120,60,14,4.877865692838304,8.0,7.584269662921348,910,3,0.14999164532928577,0.152421315819495,
23.0,240.0,1.0000000000000002,3981.1034012032437,3715.046280456745,1991.2880321777427,3.5880269705708794,2134,519.2000000000495,1038.400000000099,1153.0,0.0,1153.0,3982.0,0.0,10.350000000000014,68.0,0.1.0,1001,hierarchy,witness,none,120,60,14,10.430939226519337,17.0,11.985294117647058,2134,3,0.1410390205101019,0.1375895308190619,
23.0,240.0,1.0000000000000002,4010.0930786479817,3708.1320959134387,1973.5011829314656,3.7429809224659873,3117,424.8000000000281,2124.0,904.0,0.0,904.0,3243.0,0.0,9.600000000000012,61.0,0.1.0,1001,hierarchy,consensus,none,120,60,14,14.946345975948196,25.0,16.508196721311474,3117,1,0.13907712711872855,0.12961642351241826,
24.0,240.0,1.0000000000000002,4071.8928016196996,3744.809988424927,1980.4079198730053,4.366037063808489,910,637.2000000000763,0.0,1558.0,0.0,1558.0,4825.0,0.0,13.950000000000022,90.0,0.1.0,1001,hierarchy_tenure,central,none,120,60,14,4.883316062176166,8.0,7.622222222222222,910,3,0.39996993116407525,0.09505073308636298,
24.0,240.0,1.0000000000000002,4093.192109340913,3742.6801459949506,1963.883810347759,4.213126029067097,2133,519.2000000000495,1038.400000000099,1230.0,0.0,1230.0,3908.0,0.0,10.650000000000015,70.0,0.1.0,1001,hierarchy_tenure,witness,none,120,60,14,10.45496417604913,17.0,12.3,2133,3,0.3923497351340308,0.09714334716530709,
22.0,240.0,1.0000000000000002,4121.169830597202,3736.8060415262066,1940.427427343508,4.048564984024263,3121,424.8000000000281,2124.0,975.0,0.0,975.0,3169.0,0.0,9.750000000000012,62.0,0.1.0,1001,hierarchy_tenure,consensus,none,120,60,14,14.934364152729568,25.0,17.032258064516128,3121,1,0.3840211375012726,0.10541652683940504,
14.0,240.0,1.0000000000000002,4225.517401420411,3854.5087170837332,2357.0469104413455,2.8405056176788754,914,637.2000000000763,0.0,1282.0,0.0,1282.0,5110.0,0.0,16.050000000000026,106.0,0.1.0,1002,equal,central,none,120,60,1,4.919765166340508,8.0,7.688679245283019,914,2,0.1806797183508837,-0.2446394499712894,1.0
13.0,240.0,1.0000000000000002,4285.33612015394,3849.184958024892,2346.4118061176373,2.384920716080291,2147,519.2000000000495,1038.400000000099,1011.0,0.0,1011.0,4130.0,0.0,13.350000000000021,86.0,0.1.0,1002,equal,witness,none,120,60,1,10.53365617433414,17.0,13.267441860465116,2147,8,0.18331776543682118,-0.24609831861368303,1.0
15.0,240.0,1.0000000000000002,4352.00808347076,3842.5688372314494,2332.9828418355733,2.870172295902351,3124,424.8000000000281,2124.0,795.0,0.0,795.0,3351.0,0.0,10.650000000000015,66.0,0.1.0,1002,equal,consensus,none,120,60,1,15.077290361086243,25.0,17.03030303030303,3124,6,0.18094979211509843,-0.24466986921448797,1.0
17.0,240.0,1.0000000000000002,4025.064719612191,3798.4051456072825,2324.9162840211934,3.1738186699423983,916,637.2000000000763,0.0,1322.0,0.0,1322.0,5067.0,0.0,15.900000000000027,105.0,0.1.0,1002,linear,central,none,120,60,1,4.9338859285573315,8.0,7.6380952380952385,916,2,0.0,-6.938893903907228e-18,1.0
20.0,240.0,1.0000000000000002,4056.9045385008026,3787.924396218492,2298.3856948048137,4.360657696515731,2146,519.2000000000495,1038.400000000099,1087.0,0.0,1087.0,4053.0,0.0,13.05000000000002,84.0,0.1.0,1002,linear,witness,none,120,60,1,10.525536639526276,17.0,13.119047619047619,2146,8,0.0,0.0,1.0
22.0,240.0,1.0000000000000002,4093.310527086965,3782.4607074550718,2276.40091225776,5.007787876181055,3123,424.8000000000281,2124.0,874.0,0.0,874.0,3272.0,0.0,10.500000000000014,65.0,0.1.0,1002,linear,consensus,none,120,60,1,15.021088019559903,25.0,17.092307692307692,3123,5,0.0,6.938893903907228e-18,1.0
15.0,240.0,1.0000000000000002,4049.2809269536715,3812.5172416981236,2328.4637983706316,3.117935634709812,915,637.2000000000763,0.0,1310.0,0.0,1310.0,5080.0,0.0,15.900000000000027,105.0,0.1.0,1002,sublinear,central,none,120,60,1,4.934448818897637,8.0,7.6380952380952385,915,2,0.032044271706177546,-0.04214539185780347,1.0
19.0,240.0,1.0000000000000002,4089.3302426204796,3802.117197925934,2302.711117445073,3.9047718527729964,2144,519.2000000000495,1038.400000000099,1081.0,0.0,1081.0,4061.0,0.0,13.05000000000002,84.0,0.1.0,1002,sublinear,witness,none,120,60,1,10.517360256094557,17.0,13.119047619047619,2144,8,0.033320519838481055,-0.04316524560675249,1.0
19.0,240.0,1.0000000000000002,4133.4497768877445,3795.7854109928435,2284.214894797498,4.522233618417934,3125,424.8000000000281,2124.0,857.0,0.0,857.0,3288.0,0.0,10.650000000000015,66.0,0.1.0,1002,sublinear,consensus,none,120,60,1,15.025243309002432,25.0,17.03030303030303,3125,5,0.03372260756162287,-0.04352664126217345,1.0
23.0,240.0,1.0000000000000002,3947.0123015467775,3749.95189202103,2327.046330448511,4.567490792202945,912,637.2000000000763,0.0,1406.0,0.0,1406.0,4985.0,0.0,15.600000000000026,103.0,0.1.0,1002,hierarchy,central,none,120,60,1,4.9179538615847544,8.0,7.650485436893204,912,2,0.17561402286098649,0.18712123810674622,1.0
22.0,240.0,1.0000000000000002,3946.791131196655,3742.6081204602783,2294.9267574274986,4.986589780134191,2144,519.2000000000495,1038.400000000099,1140.0,0.0,1140.0,4001.0,0.0,12.90000000000002,83.0,0.1.0,1002,hierarchy,witness,none,120,60,1,10.496625843539116,17.0,13.08433734939759,2144,7,0.16431722007702576,0.170580747272414,1.0
23.0,240.0,1.0000000000000002,3994.277570896905,3742.3132199172246,2282.884041001749,5.226022216516992,3120,424.8000000000281,2124.0,916.0,0.0,916.0,3232.0,0.0,10.350000000000014,64.0,0.1.0,1002,hierarchy,consensus,none,120,60,1,14.958230198019802,25.0,16.96875,3120,5,0.1503218868938977,0.15796703301241855,1.0
24.0,240.0,1.0000000000000002,4104.332782301412,3792.697797255134,2245.839103427632,4.774739101486688,910,637.2000000000763,0.0,1513.0,0.0,1513.0,4876.0,0.0,15.000000000000025,99.0,0.1.0,1002,hierarchy_tenure,central,none,120,60,1,4.897867104183757,8.0,7.626262626262626,910,2,0.41695793790520785,0.09660342080028209,1.0
21.0,240.0,1.0000000000000002,4109.94853198228,3788.5916219139795,2220.278595611169,4.168392685431878,2139,519.2000000000495,1038.400000000099,1230.0,0.0,1230.0,3913.0,0.0,12.450000000000019,80.0,0.1.0,1002,hierarchy_tenure,witness,none,120,60,1,10.401737797086634,17.0,13.0,2139,8,0.4099226827260183,0.10117391515451604,1.0
23.0,240.0,1.0000000000000002,4133.408287494984,3786.568534036028,2198.653736183647,4.9395630822092995,3107,424.8000000000281,2124.0,955.0,0.0,955.0,3206.0,0.0,10.350000000000014,64.0,0.1.0,1002,hierarchy_tenure,consensus,none,120,60,1,14.911104179663132,25.0,16.84375,3107,3,0.39316084740395457,0.11591917630042348,1.0
14.0,240.0,1.0000000000000002,4225.517401420411,3854.5087170837332,2357.0469104413455,2.8405056176788754,914,637.2000000000763,0.0,1282.0,0.0,1282.0,5110.0,0.0,16.050000000000026,106.0,0.1.0,1002,equal,central,none,120,60,14,4.919765166340508,8.0,7.688679245283019,914,2,0.1806797183508837,-0.2446394499712894,1.0
13.0,240.0,1.0000000000000002,4285.33612015394,3849.184958024892,2346.4118061176373,2.384920716080291,2147,519.2000000000495,1038.400000000099,1011.0,0.0,1011.0,4130.0,0.0,13.350000000000021,86.0,0.1.0,1002,equal,witness,none,120,60,14,10.53365617433414,17.0,13.267441860465116,2147,8,0.18331776543682118,-0.24609831861368303,1.0
15.0,240.0,1.0000000000000002,4352.00808347076,3842.5688372314494,2332.9828418355733,2.870172295902351,3124,424.8000000000281,2124.0,795.0,0.0,795.0,3351.0,0.0,10.650000000000015,66.0,0.1.0,1002,equal,consensus,none,120,60,14,15.077290361086243,25.0,17.03030303030303,3124,6,0.18094979211509843,-0.24466986921448797,1.0
16.0,240.0,1.0000000000000002,4092.2787457569534,3827.564421416687,2355.9332434966905,3.1710161618066177,915,637.2000000000763,0.0,1306.0,0.0,1306.0,5083.0,0.0,15.750000000000027,104.0,0.1.0,1002,linear,central,none,120,60,14,4.916387959866221,8.0,7.653846153846154,915,2,0.012374254162404643,0.002330404187538923,1.0
15.0,240.0,1.0000000000000002,4120.070350769957,3819.6296148081997,2327.2778895057486,3.1413494835831424,2145,519.2000000000495,1038.400000000099,1065.0,0.0,1065.0,4076.0,0.0,13.05000000000002,84.0,0.1.0,1002,linear,witness,none,120,60,14,10.491413150147203,17.0,13.119047619047619,2145,8,0.013862166359956093,0.0020967190526097607,1.0
17.0,240.0,1.0000000000000002,4146.33371800477,3808.667554983273,2301.150717619406,3.1744682188178928,3123,424.8000000000281,2124.0,834.0,0.0,834.0,3313.0,0.0,10.650000000000015,66.0,0.1.0,1002,linear,consensus,none,120,60,14,14.99849079384244,25.0,17.03030303030303,3123,5,0.014722717277413927,-0.00085175450504716,1.0
17.0,240.0,1.0000000000000002,4108.936280047954,3834.2099656745963,2352.29214708059,3.5337704879199014,917,637.2000000000763,0.0,1300.0,0.0,1300.0,5087.0,0.0,15.750000000000027,104.0,0.1.0,1002,sublinear,central,none,120,60,14,4.916453705523884,8.0,7.653846153846154,917,2,0.03302214212496891,-0.04125160793269766,1.0
15.0,240.0,1.0000000000000002,4142.675523997799,3825.0333718523275,2325.197810426071,3.1413494835831424,2144,519.2000000000495,1038.400000000099,1059.0,0.0,1059.0,4083.0,0.0,13.05000000000002,84.0,0.1.0,1002,sublinear,witness,none,120,60,14,10.498652951261327,17.0,13.119047619047619,2144,8,0.03549939336794195,-0.04261600579732552,1.0
18.0,240.0,1.0000000000000002,4175.117665920686,3813.910718261389,2301.4488578680994,3.5372225449311765,3126,424.8000000000281,2124.0,825.0,0.0,825.0,3319.0,0.0,10.650000000000015,66.0,0.1.0,1002,sublinear,consensus,none,120,60,14,15.01657125640253,25.0,17.03030303030303,3126,5,0.038360037973311466,-0.04568715678682327,1.0
21.0,240.0,1.0000000000000002,4037.438861515429,3796.384207770263,2362.3386828484445,4.0450432820035935,915,637.2000000000763,0.0,1381.0,0.0,1381.0,5007.0,0.0,15.600000000000026,103.0,0.1.0,1002,hierarchy,central,none,120,60,14,4.903335330537248,8.0,7.650485436893204,915,2,0.171182715905792,0.17702202934656996,1.0
19.0,240.0,1.0000000000000002,4044.5395045864652,3790.1005844750366,2337.267076195784,3.9896580674595468,2137,519.2000000000495,1038.400000000099,1099.0,0.0,1099.0,4049.0,0.0,12.90000000000002,83.0,0.1.0,1002,hierarchy,witness,none,120,60,14,10.463324277599407,17.0,13.08433734939759,2137,8,0.15774175208730148,0.1612719792327521,1.0
24.0,240.0,1.0000000000000002,4040.436511852524,3779.2299518539235,2295.9883368848914,4.832762956514345,3120,424.8000000000281,2124.0,866.0,0.0,866.0,3282.0,0.0,10.350000000000014,65.0,0.1.0,1002,hierarchy,consensus,none,120,60,14,14.940889701401584,25.0,16.907692307692308,3120,5,0.14643515095351456,0.15014703300315144,1.0
24.0,240.0,1.0000000000000002,4104.332782301412,3792.697797255134,2245.839103427632,4.774739101486688,910,637.2000000000763,0.0,1513.0,0.0,1513.0,4876.0,0.0,15.000000000000025,99.0,0.1.0,1002,hierarchy_tenure,central,none,120,60,14,4.897867104183757,8.0,7.626262626262626,910,2,0.41695793790520785,0.09660342080028209,1.0
21.0,240.0,1.0000000000000002,4109.94853198228,3788.5916219139795,2220.278595611169,4.168392685431878,2139,519.2000000000495,1038.400000000099,1230.0,0.0,1230.0,3913.0,0.0,12.450000000000019,80.0,0.1.0,1002,hierarchy_tenure,witness,none,120,60,14,10.401737797086634,17.0,13.0,2139,8,0.4099226827260183,0.10117391515451604,1.0
23.0,240.0,1.0000000000000002,4133.408287494984,3786.568534036028,2198.653736183647,4.9395630822092995,3107,424.8000000000281,2124.0,955.0,0.0,955.0,3206.0,0.0,10.350000000000014,64.0,0.1.0,1002,hierarchy_tenure,consensus,none,120,60,14,14.911104179663132,25.0,16.84375,3107,3,0.39316084740395457,0.11591917630042348,1.0
18.0,240.0,1.0,3787.838923285428,3869.4844957671107,2112.7398372091607,3.191239441993516,906,637.2000000000763,0.0,1396.0,0.0,1396.0,5011.0,0.0,17.100000000000016,112.0,0.1.0,1003,equal,central,none,120,60,1,4.900419078028338,8.0,7.366071428571429,906,3,0.14442661861198955,-0.2075121351234181,1.0
18.0,240.0,1.0,3855.0615646857837,3864.3597941322887,2106.253379729469,3.191239441993516,2144,519.2000000000495,1038.400000000099,1081.0,0.0,1081.0,4072.0,0.0,14.700000000000024,97.0,0.1.0,1003,equal,witness,none,120,60,1,10.514243614931237,17.0,12.597938144329897,2144,7,0.14842892662516677,-0.21383523028838186,1.0
17.0,240.0,1.0,3928.3858551432845,3856.3242172428277,2099.7055425120016,2.849759913667883,3118,424.8000000000281,2124.0,850.0,0.0,850.0,3317.0,0.0,12.75000000000002,84.0,0.1.0,1003,equal,consensus,none,120,60,1,15.109134760325595,25.0,17.357142857142858,3118,4,0.15301146622730294,-0.21753872371922064,
20.0,240.0,1.0000000000000002,3565.4203181011385,3834.8431914722064,2042.8553712413313,4.292254649937517,904,637.2000000000763,0.0,1492.0,0.0,1492.0,4913.0,0.0,16.50000000000002,108.0,0.1.0,1003,linear,central,none,120,60,1,4.9096275188276,8.0,7.37962962962963,904,3,0.0,-6.938893903907228e-18,1.0
20.0,240.0,1.0000000000000002,3599.4355636725863,3826.0833757046776,2034.9658415717656,4.071382464882068,2137,519.2000000000495,1038.400000000099,1199.0,0.0,1199.0,3957.0,0.0,14.100000000000023,93.0,0.1.0,1003,linear,witness,none,120,60,1,10.444781400050543,17.0,12.559139784946236,2137,6,0.0,-3.469446951953614e-17,1.0
21.0,240.0,1.0000000000000002,3628.7223487121196,3810.3514442018222,2017.6156053588907,4.155408146233924,3116,424.8000000000281,2124.0,950.0,0.0,950.0,3217.0,0.0,12.450000000000019,82.0,0.1.0,1003,linear,consensus,none,120,60,1,14.985079266397264,25.0,17.28048780487805,3116,4,0.0,0.0,
18.0,240.0,1.0000000000000002,3601.9729880895006,3845.259048183712,2057.8517790292813,3.3754735358949217,906,637.2000000000763,0.0,1465.0,0.0,1465.0,4938.0,0.0,16.50000000000002,108.0,0.1.0,1003,sublinear,central,none,120,60,1,4.9100850546780075,8.0,7.37962962962963,906,3,0.022665103254149097,-0.031529131354828564,1.0
19.0,240.0,1.0,3630.486050859174,3833.833179006584,2042.2917632768024,3.986886200963877,2140,519.2000000000495,1038.400000000099,1176.0,0.0,1176.0,3977.0,0.0,14.100000000000023,93.0,0.1.0,1003,sublinear,witness,none,120,60,1,10.446316318833292,17.0,12.559139784946236,2140,6,0.024451935173603657,-0.034155214339397305,1.0
19.0,240.0,1.0,3670.34114784789,3818.9640163365484,2027.5664453136992,3.657069080464823,3116,424.8000000000281,2124.0,927.0,0.0,927.0,3241.0,0.0,12.60000000000002,83.0,0.1.0,1003,sublinear,consensus,none,120,60,1,15.02159827213823,25.0,17.301204819277107,3116,4,0.02755472686355591,-0.037891279881328094,
24.0,240.0,1.0000000000000002,3472.5194360844234,3784.8742192686796,2011.394427603488,5.0016955609131255,907,637.2000000000763,0.0,1594.0,0.0,1594.0,4811.0,0.0,16.950000000000017,111.0,0.1.0,1003,hierarchy,central,none,120,60,1,4.899397214716275,8.0,7.36936936936937,907,3,0.20479535956668798,0.2422864582165774,1.0
24.0,240.0,1.0000000000000002,3476.246680725982,3772.443882838068,1980.700019211474,5.6171980502687155,2132,519.2000000000495,1038.400000000099,1308.0,0.0,1308.0,3856.0,0.0,14.550000000000024,96.0,0.1.0,1003,hierarchy,witness,none,120,60,1,10.400155601659751,17.0,12.6875,2132,6,0.18451237479420562,0.20871770165656797,1.0
21.0,240.0,1.0000000000000002,3498.607797806639,3773.446595144708,1970.245542565576,4.0688823036963475,3107,424.8000000000281,2124.0,1007.0,0.0,1007.0,3166.0,0.0,12.000000000000018,79.0,0.1.0,1003,hierarchy,consensus,none,120,60,1,14.91850915982312,25.0,17.139240506329113,3107,4,0.17407554009488913,0.1886199591177053,
16.0,240.0,1.0000000000000002,3777.845893832247,3808.044812519522,2121.5762506896913,2.6974017604469664,908,637.2000000000763,0.0,1573.0,0.0,1573.0,4827.0,0.0,16.350000000000023,107.0,0.1.0,1003,hierarchy_tenure,central,none,120,60,1,4.898487673503211,8.0,7.392523364485982,908,3,0.42227183536293345,0.12451356663726723,1.0
15.0,240.0,1.0000000000000002,3800.3804919729905,3800.0330409906487,2104.048283979838,2.2975076835677646,2136,519.2000000000495,1038.400000000099,1278.0,0.0,1278.0,3879.0,0.0,14.100000000000023,93.0,0.1.0,1003,hierarchy_tenure,witness,none,120,60,1,10.422531580304202,17.0,12.78494623655914,2136,7,0.41456300291954146,0.12578188567762655,1.0
16.0,240.0,1.0000000000000002,3827.9223545433774,3791.144803951593,2085.0998193468636,2.6974017604469664,3111,424.8000000000281,2124.0,1002.0,0.0,1002.0,3165.0,0.0,11.700000000000017,77.0,0.1.0,1003,hierarchy_tenure,consensus,none,120,60,1,14.935545023696683,25.0,17.16883116883117,3111,4,0.40233093994173885,0.13555115133438658,
18.0,240.0,1.0,3787.838923285428,3869.4844957671107,2112.7398372091607,3.191239441993516,906,637.2000000000763,0.0,1396.0,0.0,1396.0,5011.0,0.0,17.100000000000016,112.0,0.1.0,1003,equal,central,none,120,60,14,4.900419078028338,8.0,7.366071428571429,906,3,0.14442661861198955,-0.2075121351234181,1.0
18.0,240.0,1.0,3855.0615646857837,3864.3597941322887,2106.253379729469,3.191239441993516,2144,519.2000000000495,1038.400000000099,1081.0,0.0,1081.0,4072.0,0.0,14.700000000000024,97.0,0.1.0,1003,equal,witness,none,120,60,14,10.514243614931237,17.0,12.597938144329897,2144,7,0.14842892662516677,-0.21383523028838186,1.0
17.0,240.0,1.0,3928.3858551432845,3856.3242172428277,2099.7055425120016,2.849759913667883,3118,424.8000000000281,2124.0,850.0,0.0,850.0,3317.0,0.0,12.75000000000002,84.0,0.1.0,1003,equal,consensus,none,120,60,14,15.109134760325595,25.0,17.357142857142858,3118,4,0.15301146622730294,-0.21753872371922064,
21.0,240.0,1.0000000000000002,3619.233424500375,3860.8378531594312,2076.144052382791,4.490138065162506,907,637.2000000000763,0.0,1475.0,0.0,1475.0,4931.0,0.0,17.100000000000016,112.0,0.1.0,1003,linear,central,none,120,60,14,4.888866355708781,8.0,7.375,907,3,0.012129615941376957,0.0032330772291667143,1.0
19.0,240.0,1.0,3643.522078943404,3851.044602354706,2056.8793491472366,3.704040892502313,2138,519.2000000000495,1038.400000000099,1165.0,0.0,1165.0,3994.0,0.0,14.700000000000024,97.0,0.1.0,1003,linear,witness,none,120,60,14,10.43415122684026,17.0,12.597938144329897,2138,7,0.014380280776978515,0.003435400513743546,1.0
22.0,240.0,1.0,3688.4458731191517,3839.7764637215,2041.150803265804,4.146834024321802,3114,424.8000000000281,2124.0,908.0,0.0,908.0,3263.0,0.0,12.75000000000002,84.0,0.1.0,1003,linear,consensus,none,120,60,14,14.999387067116151,25.0,17.357142857142858,3114,4,0.016718019541225402,0.003049699642679815,
19.0,240.0,1.0000000000000002,3639.0602390238164,3863.2686252550143,2078.810488382576,3.802652107062471,907,637.2000000000763,0.0,1455.0,0.0,1455.0,4951.0,0.0,17.100000000000016,112.0,0.1.0,1003,sublinear,central,none,120,60,14,4.890931125025247,8.0,7.375,907,3,0.02483429598268162,-0.030451716416539352,1.0
18.0,240.0,1.0,3675.2999853582583,3854.548316113992,2063.6408639888236,3.191239441993516,2139,519.2000000000495,1038.400000000099,1147.0,0.0,1147.0,4011.0,0.0,14.700000000000024,97.0,0.1.0,1003,sublinear,witness,none,120,60,14,10.452256295188233,17.0,12.597938144329897,2139,7,0.027549782426560906,-0.033743168296300925,1.0
19.0,240.0,1.0,3722.509945196378,3842.2074119384797,2046.4112682696887,3.5469918631867516,3117,424.8000000000281,2124.0,895.0,0.0,895.0,3273.0,0.0,12.75000000000002,84.0,0.1.0,1003,sublinear,consensus,none,120,60,14,15.023220287198289,25.0,17.357142857142858,3117,4,0.03136849893412921,-0.037475197336580605,
24.0,240.0,1.0000000000000002,3544.195549777923,3826.8198905096033,2052.0568692968923,5.408804828801079,906,637.2000000000763,0.0,1554.0,0.0,1554.0,4850.0,0.0,16.65000000000002,109.0,0.1.0,1003,hierarchy,central,none,120,60,14,4.876288659793815,8.0,7.321100917431193,906,3,0.1992728241284574,0.22954277934398515,1.0
23.0,240.0,1.0000000000000002,3544.211142494437,3820.8398831954664,2024.790586319743,4.775968353246917,2132,519.2000000000495,1038.400000000099,1242.0,0.0,1242.0,3923.0,0.0,14.700000000000024,97.0,0.1.0,1003,hierarchy,witness,none,120,60,14,10.37471322967117,17.0,12.628865979381443,2132,5,0.18167001424834223,0.1994405326625261,1.0
18.0,240.0,1.0000000000000002,3570.4649822659085,3815.9810279654675,2000.7576444285671,3.209128379356058,3108,424.8000000000281,2124.0,942.0,0.0,942.0,3235.0,0.0,12.75000000000002,83.0,0.1.0,1003,hierarchy,consensus,none,120,60,14,14.93663060278207,25.0,17.265060240963855,3108,4,0.17349001102874,0.18016817725974676,
16.0,240.0,1.0000000000000002,3777.845893832247,3808.044812519522,2121.5762506896913,2.6974017604469664,908,637.2000000000763,0.0,1573.0,0.0,1573.0,4827.0,0.0,16.350000000000023,107.0,0.1.0,1003,hierarchy_tenure,central,none,120,60,14,4.898487673503211,8.0,7.392523364485982,908,3,0.42227183536293345,0.12451356663726723,1.0
15.0,240.0,1.0000000000000002,3800.3804919729905,3800.0330409906487,2104.048283979838,2.2975076835677646,2136,519.2000000000495,1038.400000000099,1278.0,0.0,1278.0,3879.0,0.0,14.100000000000023,93.0,0.1.0,1003,hierarchy_tenure,witness,none,120,60,14,10.422531580304202,17.0,12.78494623655914,2136,7,0.41456300291954146,0.12578188567762655,1.0
16.0,240.0,1.0000000000000002,3827.9223545433774,3791.144803951593,2085.0998193468636,2.6974017604469664,3111,424.8000000000281,2124.0,1002.0,0.0,1002.0,3165.0,0.0,11.700000000000017,77.0,0.1.0,1003,hierarchy_tenure,consensus,none,120,60,14,14.935545023696683,25.0,17.16883116883117,3111,4,0.40233093994173885,0.13555115133438658,
24.0,240.0,1.0000000000000002,4185.285157703835,3831.3927326876574,2260.0891291982025,3.950171895554465,910,637.2000000000763,0.0,1340.0,0.0,1340.0,5049.0,0.0,14.850000000000025,99.0,0.1.0,1004,equal,central,none,120,60,1,4.915428797781739,8.0,7.848484848484849,910,9,0.18597551313323232,-0.2581548987646215,
23.0,240.0,1.0000000000000002,4239.886521474311,3822.6711934426044,2244.0183947606247,3.7416320591429324,2146,519.2000000000495,1038.400000000099,1053.0,0.0,1053.0,4080.0,0.0,11.850000000000017,77.0,0.1.0,1004,equal,witness,none,120,60,1,10.567401960784315,17.0,13.142857142857142,2146,6,0.1937901497832497,-0.2641493032893055,
23.0,240.0,1.0000000000000002,4300.173635112528,3814.4303274171484,2229.4955099167946,3.7416320591429324,3122,424.8000000000281,2124.0,839.0,0.0,839.0,3305.0,0.0,9.900000000000013,63.0,0.1.0,1004,equal,consensus,none,120,60,1,15.141906202723147,25.0,17.73015873015873,3122,3,0.19351291710664809,-0.2643668381278692,
24.0,240.0,1.0000000000000002,3956.5190956388974,3750.946159032075,2197.5582289101053,4.502206394563287,909,637.2000000000763,0.0,1387.0,0.0,1387.0,5000.0,0.0,14.400000000000023,96.0,0.1.0,1004,linear,central,none,120,60,1,4.9308,8.0,7.875,909,8,0.0,1.3877787807814457e-17,
24.0,240.0,1.0000000000000002,4005.845441054695,3738.0746586826353,2183.114385027835,4.449441112160751,2144,519.2000000000495,1038.400000000099,1119.0,0.0,1119.0,4012.0,0.0,11.250000000000016,73.0,0.1.0,1004,linear,witness,none,120,60,1,10.581006979062812,17.0,13.246575342465754,2144,7,0.0,6.938893903907228e-18,
24.0,240.0,1.0000000000000002,4059.3768657780206,3730.297558172026,2169.231603849689,4.1838230871230655,3120,424.8000000000281,2124.0,901.0,0.0,901.0,3240.0,0.0,9.150000000000011,58.0,0.1.0,1004,linear,consensus,none,120,60,1,15.137962962962963,25.0,18.051724137931036,3120,3,0.0,1.3877787807814457e-17,
23.0,240.0,1.0000000000000002,3990.81777999372,3772.8209010131686,2206.183450552554,3.9886792256113193,909,637.2000000000763,0.0,1372.0,0.0,1372.0,5015.0,0.0,14.400000000000023,96.0,0.1.0,1004,sublinear,central,none,120,60,1,4.926819541375872,8.0,7.875,909,9,0.032374201619572156,-0.0439696828844183,
23.0,240.0,1.0000000000000002,4039.2639516989207,3757.073300779864,2187.235802996002,3.8815969711110636,2144,519.2000000000495,1038.400000000099,1103.0,0.0,1103.0,4028.0,0.0,11.250000000000016,73.0,0.1.0,1004,sublinear,witness,none,120,60,1,10.590119165839127,17.0,13.246575342465754,2144,7,0.035494280623006635,-0.04696248761653368,
25.0,240.0,1.0000000000000002,4096.265978932619,3749.8160489038914,2174.12365814385,4.48176301766487,3122,424.8000000000281,2124.0,889.0,0.0,889.0,3251.0,0.0,9.300000000000011,59.0,0.1.0,1004,sublinear,consensus,none,120,60,1,15.146724084896954,25.0,18.10169491525424,3122,3,0.0369026672102731,-0.0490013262248963,
20.0,240.0,1.0000000000000002,3898.2235641424354,3693.516805880373,2195.7749317835915,3.3130368755160684,912,637.2000000000763,0.0,1457.0,0.0,1457.0,4928.0,0.0,14.550000000000024,96.0,0.1.0,1004,hierarchy,central,none,120,60,1,4.927353896103896,8.0,7.916666666666667,912,9,0.16489423027270989,0.16763362046518884,
24.0,240.0,1.0000000000000002,3932.3467536571957,3682.498007615206,2174.6190650448684,4.100572490906688,2146,519.2000000000495,1038.400000000099,1193.0,0.0,1193.0,3936.0,0.0,11.250000000000016,73.0,0.1.0,1004,hierarchy,witness,none,120,60,1,10.552591463414634,17.0,13.315068493150685,2146,7,0.14992669595486074,0.13963096962434474,
23.0,240.0,1.0000000000000002,3974.714372921885,3682.7722259031298,2162.5044517885276,3.6318363413534898,3118,424.8000000000281,2124.0,951.0,0.0,951.0,3194.0,0.0,9.450000000000012,60.0,0.1.0,1004,hierarchy,consensus,none,120,60,1,15.076393237319975,25.0,17.916666666666668,3118,3,0.14041672854884205,0.12433103856091333,
26.0,240.0,1.0000000000000002,4019.16965659063,3710.0263678167435,2246.630121979194,4.4436111514628065,907,637.2000000000763,0.0,1551.0,0.0,1551.0,4839.0,0.0,14.550000000000024,96.0,0.1.0,1004,hierarchy_tenure,central,none,120,60,1,4.908038851002273,8.0,7.84375,907,8,0.422695274626166,0.0927997715697048,
25.0,240.0,1.0000000000000002,4037.0248397559462,3705.8290693992026,2226.619569863574,4.19494725288072,2142,519.2000000000495,1038.400000000099,1237.0,0.0,1237.0,3895.0,0.0,11.100000000000016,72.0,0.1.0,1004,hierarchy_tenure,witness,none,120,60,1,10.471373555840822,17.0,13.041666666666666,2142,6,0.4122908008802668,0.09636547250596376,
26.0,240.0,1.0000000000000002,4060.793970742768,3699.074886325142,2202.6282074510054,4.441336275612275,3112,424.8000000000281,2124.0,987.0,0.0,987.0,3164.0,0.0,9.450000000000012,60.0,0.1.0,1004,hierarchy_tenure,consensus,none,120,60,1,14.987357774968395,25.0,17.583333333333332,3112,3,0.3966162155418317,0.10333497121581636,
24.0,240.0,1.0000000000000002,4185.285157703835,3831.3927326876574,2260.0891291982025,3.950171895554465,910,637.2000000000763,0.0,1340.0,0.0,1340.0,5049.0,0.0,14.850000000000025,99.0,0.1.0,1004,equal,central,none,120,60,14,4.915428797781739,8.0,7.848484848484849,910,9,0.18597551313323232,-0.2581548987646215,
23.0,240.0,1.0000000000000002,4239.886521474311,3822.6711934426044,2244.0183947606247,3.7416320591429324,2146,519.2000000000495,1038.400000000099,1053.0,0.0,1053.0,4080.0,0.0,11.850000000000017,77.0,0.1.0,1004,equal,witness,none,120,60,14,10.567401960784315,17.0,13.142857142857142,2146,6,0.1937901497832497,-0.2641493032893055,
23.0,240.0,1.0000000000000002,4300.173635112528,3814.4303274171484,2229.4955099167946,3.7416320591429324,3122,424.8000000000281,2124.0,839.0,0.0,839.0,3305.0,0.0,9.900000000000013,63.0,0.1.0,1004,equal,consensus,none,120,60,14,15.141906202723147,25.0,17.73015873015873,3122,3,0.19351291710664809,-0.2643668381278692,
24.0,240.0,1.0000000000000002,4070.6964629670747,3783.4744898777176,2243.9290266651037,3.9182053462128184,908,637.2000000000763,0.0,1352.0,0.0,1352.0,5040.0,0.0,15.000000000000025,100.0,0.1.0,1004,linear,central,none,120,60,14,4.925595238095238,8.0,7.86,908,9,0.010351997570201747,0.0016014584151554656,
24.0,240.0,1.0000000000000002,4102.975371440933,3769.4211775903004,2219.2612075870857,4.3822668296384455,2145,519.2000000000495,1038.400000000099,1078.0,0.0,1078.0,4055.0,0.0,11.700000000000017,76.0,0.1.0,1004,linear,witness,none,120,60,14,10.56695437731196,17.0,13.171052631578947,2145,7,0.013206885830579263,-0.0013777927739739432,
21.0,240.0,1.0000000000000002,4140.43588550029,3759.762628791279,2199.679669866572,3.411948145905748,3121,424.8000000000281,2124.0,867.0,0.0,867.0,3277.0,0.0,9.750000000000012,62.0,0.1.0,1004,linear,consensus,none,120,60,14,15.108025633201098,25.0,17.741935483870968,3121,3,0.012598078448335529,-0.0012965894517011634,
25.0,240.0,1.0000000000000002,4080.9032811589154,3794.2692313571097,2240.754052459509,3.9976810862740355,908,637.2000000000763,0.0,1353.0,0.0,1353.0,5039.0,0.0,15.000000000000025,100.0,0.1.0,1004,sublinear,central,none,120,60,14,4.9216114308394525,8.0,7.86,908,9,0.03561371084290254,-0.04558760588354011,
22.0,240.0,1.0000000000000002,4120.003723771853,3781.7624915740053,2219.307267740762,3.540732563682485,2145,519.2000000000495,1038.400000000099,1072.0,0.0,1072.0,4061.0,0.0,11.700000000000017,76.0,0.1.0,1004,sublinear,witness,none,120,60,14,10.56784043339079,17.0,13.171052631578947,2145,7,0.03887921949768827,-0.050194391905712045,
22.0,240.0,1.0000000000000002,4159.350721930427,3772.4245443036534,2198.4511146917516,3.4241809879189478,3120,424.8000000000281,2124.0,862.0,0.0,862.0,3283.0,0.0,9.750000000000012,62.0,0.1.0,1004,sublinear,consensus,none,120,60,14,15.118793786171185,25.0,17.741935483870968,3120,3,0.04012711914927403,-0.051183892710836947,
24.0,240.0,1.0000000000000002,4027.688832520258,3742.504583824816,2252.721741965827,3.5605039537511187,913,637.2000000000763,0.0,1401.0,0.0,1401.0,4986.0,0.0,15.000000000000025,99.0,0.1.0,1004,hierarchy,central,none,120,60,14,4.91616526273566,8.0,7.8686868686868685,913,9,0.16195378890955042,0.15002121771101873,
20.0,240.0,1.0000000000000002,4028.674294955536,3729.266575775977,2214.2756651490736,2.9848514258482672,2146,519.2000000000495,1038.400000000099,1141.0,0.0,1141.0,3991.0,0.0,11.700000000000017,76.0,0.1.0,1004,hierarchy,witness,none,120,60,14,10.50012528188424,17.0,13.171052631578947,2146,7,0.1527416702154208,0.1313296037789523,
25.0,240.0,1.0000000000000002,4073.3387032587348,3724.158659487012,2203.335941251211,3.633035992298322,3115,424.8000000000281,2124.0,909.0,0.0,909.0,3240.0,0.0,9.600000000000012,61.0,0.1.0,1004,hierarchy,consensus,none,120,60,14,15.0320987654321,25.0,17.688524590163933,3115,3,0.13788971596391159,0.12045596599947536,
26.0,240.0,1.0000000000000002,4019.16965659063,3710.0263678167435,2246.630121979194,4.4436111514628065,907,637.2000000000763,0.0,1551.0,0.0,1551.0,4839.0,0.0,14.550000000000024,96.0,0.1.0,1004,hierarchy_tenure,central,none,120,60,14,4.908038851002273,8.0,7.84375,907,8,0.422695274626166,0.0927997715697048,
25.0,240.0,1.0000000000000002,4037.0248397559462,3705.8290693992026,2226.619569863574,4.19494725288072,2142,519.2000000000495,1038.400000000099,1237.0,0.0,1237.0,3895.0,0.0,11.100000000000016,72.0,0.1.0,1004,hierarchy_tenure,witness,none,120,60,14,10.471373555840822,17.0,13.041666666666666,2142,6,0.4122908008802668,0.09636547250596376,
26.0,240.0,1.0000000000000002,4060.793970742768,3699.074886325142,2202.6282074510054,4.441336275612275,3112,424.8000000000281,2124.0,987.0,0.0,987.0,3164.0,0.0,9.450000000000012,60.0,0.1.0,1004,hierarchy_tenure,consensus,none,120,60,14,14.987357774968395,25.0,17.583333333333332,3112,3,0.3966162155418317,0.10333497121581636,
16.0,240.0,1.0,4068.3417464973354,3840.5957230264585,2068.417767925777,3.672721074743999,920,637.2000000000763,0.0,1349.0,0.0,1349.0,5031.0,0.0,15.000000000000025,96.0,0.1.0,1005,equal,central,none,120,60,1,4.899622341482806,8.0,7.71875,920,2,0.1806719391770928,-0.24204800755930095,
14.0,240.0,1.0,4130.399664657167,3836.0759182436136,2062.792069526267,3.112142296304043,2143,519.2000000000495,1038.400000000099,1057.0,0.0,1057.0,4081.0,0.0,12.150000000000018,78.0,0.1.0,1005,equal,witness,none,120,60,1,10.517275177652536,17.0,13.064102564102564,2143,4,0.1813301591994017,-0.24150130687711305,
13.0,240.0,1.0,4202.849681349341,3829.173594709268,2056.8511467160024,3.0500534103462673,3128,424.8000000000281,2124.0,837.0,0.0,837.0,3299.0,0.0,9.600000000000012,60.0,0.1.0,1005,equal,consensus,none,120,60,1,15.016368596544407,25.0,16.683333333333334,3128,4,0.1831550198137504,-0.24554384733400764,
19.0,240.0,1.0000000000000002,3818.969621322866,3773.6771985749765,1998.3821941743731,4.150570743569605,919,637.2000000000763,0.0,1418.0,0.0,1418.0,4959.0,0.0,14.400000000000023,92.0,0.1.0,1005,linear,central,none,120,60,1,4.908852591248236,8.0,7.706521739130435,919,2,0.0,0.0,
20.0,240.0,1.0000000000000002,3872.3220493413573,3766.4899588209964,1982.5628297355563,4.749077929323647,2141,519.2000000000495,1038.400000000099,1157.0,0.0,1157.0,3979.0,0.0,11.550000000000017,74.0,0.1.0,1005,linear,witness,none,120,60,1,10.497109826589595,18.0,12.864864864864865,2141,4,0.0,-6.938893903907228e-18,
18.0,240.0,1.0000000000000002,3906.616588909806,3761.313129273893,1961.471219422539,3.816149240306146,3121,424.8000000000281,2124.0,915.0,0.0,915.0,3224.0,0.0,9.00000000000001,58.0,0.1.0,1005,linear,consensus,none,120,60,1,14.964330024813895,25.0,16.637931034482758,3121,4,0.0,-3.469446951953614e-17,
17.0,240.0,1.0,3843.303485797082,3787.916415607496,2000.6547855570166,3.63483075939016,920,637.2000000000763,0.0,1404.0,0.0,1404.0,4974.0,0.0,14.700000000000024,94.0,0.1.0,1005,sublinear,central,none,120,60,1,4.9069159630076395,8.0,7.73404255319149,920,2,0.030363661222246832,-0.04111347823759512,
21.0,240.0,1.0000000000000002,3900.6723036729836,3783.066087825325,1992.1698153332918,5.151530276842528,2143,519.2000000000495,1038.400000000099,1120.0,0.0,1120.0,4014.0,0.0,11.550000000000017,74.0,0.1.0,1005,sublinear,witness,none,120,60,1,10.51444942700548,17.34999999999991,12.932432432432432,2143,4,0.031732297413074005,-0.04251658710371141,
17.0,240.0,1.0,3953.1458004278543,3774.5492348437665,1972.8801175128128,3.258549453733347,3123,424.8000000000281,2124.0,900.0,0.0,900.0,3239.0,0.0,9.300000000000011,60.0,0.1.0,1005,sublinear,consensus,none,120,60,1,14.996295152824946,25.0,16.916666666666668,3123,4,0.03310497645190112,-0.044129192954933866,
18.0,240.0,1.0000000000000002,3788.4252624862334,3728.834151295809,1998.9308443205223,4.618111135875319,918,637.2000000000763,0.0,1484.0,0.0,1484.0,4892.0,0.0,14.100000000000023,90.0,0.1.0,1005,hierarchy,central,none,120,60,1,4.906786590351595,8.0,7.688888888888889,918,2,0.1757311690029997,0.18589633469438566,
18.0,240.0,1.0000000000000002,3792.432672515719,3721.2333782405044,1968.7226806206838,4.127915687219219,2135,519.2000000000495,1038.400000000099,1228.0,0.0,1228.0,3913.0,0.0,11.400000000000016,73.0,0.1.0,1005,hierarchy,witness,none,120,60,1,10.434960388448761,17.0,12.835616438356164,2135,4,0.16894229579066347,0.1728152966935592,
16.0,240.0,1.0000000000000002,3818.947191786176,3717.80595872312,1947.0918878891973,3.08834033855047,3118,424.8000000000281,2124.0,959.0,0.0,959.0,3184.0,0.0,9.150000000000011,59.0,0.1.0,1005,hierarchy,consensus,none,120,60,1,14.918655778894472,25.0,16.74576271186441,3118,4,0.15771950080977457,0.15458858574012024,
18.0,240.0,1.0,4031.9850059780556,3740.8019645995373,2137.217210798472,3.773021888677744,920,637.2000000000763,0.0,1490.0,0.0,1490.0,4886.0,0.0,14.400000000000023,94.0,0.1.0,1005,hierarchy_tenure,central,none,120,60,1,4.902578796561604,8.0,7.723404255319149,920,2,0.4085856248575795,0.11009033089298118,
19.0,240.0,1.0,4061.8898990737634,3737.58841656926,2121.3505304539863,3.944253812088762,2144,519.2000000000495,1038.400000000099,1195.0,0.0,1195.0,3940.0,0.0,11.850000000000017,76.0,0.1.0,1005,hierarchy_tenure,witness,none,120,60,1,10.470558375634518,17.0,12.868421052631579,2144,3,0.39847221149572015,0.11623365375714435,
18.0,240.0,1.0,4094.730961956671,3727.562307068235,2104.309334021944,3.8636215321958898,3113,424.8000000000281,2124.0,958.0,0.0,958.0,3194.0,0.0,9.750000000000012,61.0,0.1.0,1005,hierarchy_tenure,consensus,none,120,60,1,14.962116468378209,25.0,16.868852459016395,3113,4,0.38576028693130415,0.11960166750883536,
16.0,240.0,1.0,4068.3417464973354,3840.5957230264585,2068.417767925777,3.672721074743999,920,637.2000000000763,0.0,1349.0,0.0,1349.0,5031.0,0.0,15.000000000000025,96.0,0.1.0,1005,equal,central,none,120,60,14,4.899622341482806,8.0,7.71875,920,2,0.1806719391770928,-0.24204800755930095,
14.0,240.0,1.0,4130.399664657167,3836.0759182436136,2062.792069526267,3.112142296304043,2143,519.2000000000495,1038.400000000099,1057.0,0.0,1057.0,4081.0,0.0,12.150000000000018,78.0,0.1.0,1005,equal,witness,none,120,60,14,10.517275177652536,17.0,13.064102564102564,2143,4,0.1813301591994017,-0.24150130687711305,
13.0,240.0,1.0,4202.849681349341,3829.173594709268,2056.8511467160024,3.0500534103462673,3128,424.8000000000281,2124.0,837.0,0.0,837.0,3299.0,0.0,9.600000000000012,60.0,0.1.0,1005,equal,consensus,none,120,60,14,15.016368596544407,25.0,16.683333333333334,3128,4,0.1831550198137504,-0.24554384733400764,
17.0,240.0,1.0,3883.6467763255696,3803.6127825177136,2023.4289959959249,3.563726936025244,922,637.2000000000763,0.0,1398.0,0.0,1398.0,4979.0,0.0,14.850000000000025,95.0,0.1.0,1005,linear,central,none,120,60,14,4.891142799758987,8.0,7.705263157894737,922,2,0.010751529014463405,0.0015052424490911223,
18.0,240.0,1.0,3916.280054249476,3797.479254589515,1999.0123241806996,3.661001801252227,2138,519.2000000000495,1038.400000000099,1130.0,0.0,1130.0,4012.0,0.0,12.000000000000018,77.0,0.1.0,1005,linear,witness,none,120,60,14,10.45962113659023,17.0,12.987012987012987,2138,4,0.013758884929003014,0.0020850202905640172,
18.0,240.0,1.0000000000000002,3959.9057066165537,3789.6114004789897,1978.4684538353886,3.816149240306146,3120,424.8000000000281,2124.0,887.0,0.0,887.0,3256.0,0.0,9.450000000000012,59.0,0.1.0,1005,linear,consensus,none,120,60,14,14.941953316953317,25.0,16.76271186440678,3120,4,0.01513632961756256,-0.0014487888797363804,
17.0,240.0,1.0,3906.955839101405,3813.59323043943,2026.3985450528987,3.8054674135569035,921,637.2000000000763,0.0,1381.0,0.0,1381.0,4998.0,0.0,15.000000000000025,96.0,0.1.0,1005,sublinear,central,none,120,60,14,4.89515806322529,8.0,7.697916666666667,921,2,0.03215941708591983,-0.041961015608028444,
17.0,240.0,1.0,3950.093418411023,3807.3660134878737,2007.9308555606688,3.540312188166315,2139,519.2000000000495,1038.400000000099,1105.0,0.0,1105.0,4036.0,0.0,12.000000000000018,77.0,0.1.0,1005,sublinear,witness,none,120,60,14,10.482160555004956,17.25,12.987012987012987,2139,4,0.034307148437186075,-0.042520566696459226,
18.0,240.0,1.0000000000000002,3997.832774287426,3797.1313060975763,1988.9453645961212,3.9661792835441236,3127,424.8000000000281,2124.0,874.0,0.0,874.0,3264.0,0.0,9.750000000000012,61.0,0.1.0,1005,sublinear,consensus,none,120,60,14,14.96109068627451,25.0,16.868852459016395,3127,4,0.038271878528907524,-0.04739469632090872,
15.0,240.0,1.0000000000000002,3832.5982417681594,3760.894031124546,2020.7669596978562,3.4945389948662573,920,637.2000000000763,0.0,1488.0,0.0,1488.0,4888.0,0.0,14.400000000000023,92.0,0.1.0,1005,hierarchy,central,none,120,60,14,4.869067103109656,8.0,7.695652173913044,920,2,0.17145751608977527,0.17388157586918734,
16.0,240.0,1.0000000000000002,3840.3137644262238,3761.3779193645237,1982.6949671710727,3.0148596019548553,2133,519.2000000000495,1038.400000000099,1168.0,0.0,1168.0,3976.0,0.0,11.550000000000017,74.0,0.1.0,1005,hierarchy,witness,none,120,60,14,10.41046277665996,17.0,12.91891891891892,2133,4,0.1623221321570268,0.16178264869910564,
15.0,240.0,1.0000000000000002,3880.1626461898163,3751.6666359979045,1968.22314472729,3.132295409714134,3116,424.8000000000281,2124.0,921.0,0.0,921.0,3225.0,0.0,9.300000000000011,59.0,0.1.0,1005,hierarchy,consensus,none,120,60,14,14.884031007751938,25.0,16.76271186440678,3116,4,0.15152984169965217,0.14318498966271265,
18.0,240.0,1.0,4031.9850059780556,3740.8019645995373,2137.217210798472,3.773021888677744,920,637.2000000000763,0.0,1490.0,0.0,1490.0,4886.0,0.0,14.400000000000023,94.0,0.1.0,1005,hierarchy_tenure,central,none,120,60,14,4.902578796561604,8.0,7.723404255319149,920,2,0.4085856248575795,0.11009033089298118,
19.0,240.0,1.0,4061.8898990737634,3737.58841656926,2121.3505304539863,3.944253812088762,2144,519.2000000000495,1038.400000000099,1195.0,0.0,1195.0,3940.0,0.0,11.850000000000017,76.0,0.1.0,1005,hierarchy_tenure,witness,none,120,60,14,10.470558375634518,17.0,12.868421052631579,2144,3,0.39847221149572015,0.11623365375714435,
18.0,240.0,1.0,4094.730961956671,3727.562307068235,2104.309334021944,3.8636215321958898,3113,424.8000000000281,2124.0,958.0,0.0,958.0,3194.0,0.0,9.750000000000012,61.0,0.1.0,1005,hierarchy_tenure,consensus,none,120,60,14,14.962116468378209,25.0,16.868852459016395,3113,4,0.38576028693130415,0.11960166750883536,
21.0,240.0,1.0000000000000002,4058.2860512629563,3810.7991116215194,2188.1790483476843,3.7898454440196754,911,637.2000000000763,0.0,1476.0,0.0,1476.0,4899.0,0.0,13.05000000000002,86.0,0.1.0,1006,equal,central,none,120,60,1,4.884874464176362,8.0,7.744186046511628,911,3,0.20298845604663981,-0.28378616698580167,1.0
24.0,240.0,1.0000000000000002,4111.875902796826,3809.637185633663,2185.5538200667393,4.22618830551919,2148,519.2000000000495,1038.400000000099,1155.0,0.0,1155.0,3969.0,0.0,10.950000000000015,70.0,0.1.0,1006,equal,witness,none,120,60,1,10.444948349710254,17.0,13.7,2148,5,0.2077380997932376,-0.2863578503131451,1.0
23.0,240.0,1.0000000000000002,4169.850442042324,3804.717186055187,2180.780544829755,4.213007195500209,3121,424.8000000000281,2124.0,905.0,0.0,905.0,3230.0,0.0,8.55000000000001,52.0,0.1.0,1006,equal,consensus,none,120,60,1,14.958513931888545,25.0,17.442307692307693,3121,4,0.21089225040460263,-0.2910171323980981,1.0
26.0,240.0,1.0000000000000002,3693.651231433095,3703.185641044628,2102.4272341855863,6.018716528335304,909,637.2000000000763,0.0,1639.0,0.0,1639.0,4737.0,0.0,12.90000000000002,84.0,0.1.0,1006,linear,central,none,120,60,1,4.880515093941313,8.0,7.785714285714286,909,3,0.0,6.938893903907228e-18,1.0
27.0,240.0,1.0000000000000002,3730.046940992117,3702.478271314477,2100.179010595513,5.5099276510815995,2140,519.2000000000495,1038.400000000099,1320.0,0.0,1320.0,3808.0,0.0,10.350000000000014,66.0,0.1.0,1006,linear,witness,none,120,60,1,10.397058823529411,17.649999999999636,13.621212121212121,2140,6,0.0,-6.938893903907228e-18,1.0
25.0,240.0,1.0000000000000002,3764.9100891297767,3709.012671869989,2105.9853460629506,4.8881869383925585,3107,424.8000000000281,2124.0,1045.0,0.0,1045.0,3103.0,0.0,8.40000000000001,51.0,0.1.0,1006,linear,consensus,none,120,60,1,14.805994199162102,25.0,17.45098039215686,3107,2,0.0,-2.7755575615628914e-17,1.0
23.0,240.0,1.0000000000000002,3728.6838817545727,3728.9644268569587,2114.8412534085505,4.636296018120558,909,637.2000000000763,0.0,1604.0,0.0,1604.0,4771.0,0.0,12.75000000000002,83.0,0.1.0,1006,sublinear,central,none,120,60,1,4.880737790819535,8.0,7.759036144578313,909,3,0.03589462358490933,-0.048183512156122904,1.0
25.0,240.0,1.0000000000000002,3765.531503191009,3730.6328008690502,2110.2204265540877,5.223152421802797,2141,519.2000000000495,1038.400000000099,1285.0,0.0,1285.0,3841.0,0.0,10.200000000000014,65.0,0.1.0,1006,sublinear,witness,none,120,60,1,10.396511325175736,17.0,13.538461538461538,2141,6,0.037498338424082706,-0.050097009703003965,1.0
24.0,240.0,1.0000000000000002,3805.150903581582,3729.7962305750502,2107.6491550123415,4.937174033167468,3107,424.8000000000281,2124.0,1023.0,0.0,1023.0,3125.0,0.0,8.40000000000001,51.0,0.1.0,1006,sublinear,consensus,none,120,60,1,14.8448,25.0,17.45098039215686,3107,3,0.039142854084146,-0.052778746328146255,1.0
27.0,240.0,1.0000000000000002,3626.9690934338682,3660.707931192875,2071.37622158428,5.219932251495506,905,637.2000000000763,0.0,1774.0,0.0,1774.0,4606.0,0.0,12.90000000000002,84.0,0.1.0,1006,hierarchy,central,none,120,60,1,4.858662613981763,8.0,7.892857142857143,905,3,0.15673448642196858,0.13443571475262667,1.0
29.0,240.0,1.0000000000000002,3656.6843023945944,3665.02565363597,2072.4757703228347,5.683700274256538,2138,519.2000000000495,1038.400000000099,1423.0,0.0,1423.0,3704.0,0.0,9.900000000000013,64.0,0.1.0,1006,hierarchy,witness,none,120,60,1,10.311555075593953,17.0,13.4375,2138,6,0.14663928585733216,0.11367875146072542,1.0
30.0,240.0,1.0000000000000002,3656.30121143483,3676.637856745569,2077.913075471904,5.85849968436109,3103,424.8000000000281,2124.0,1118.0,0.0,1118.0,3033.0,0.0,8.250000000000009,50.0,0.1.0,1006,hierarchy,consensus,none,120,60,1,14.671282558522915,25.0,17.3,3103,2,0.1446266159548486,0.09957159478681595,1.0
27.0,240.0,1.0000000000000002,3957.3774331071227,3737.0711022440028,2162.774885056002,6.198141435977713,909,637.2000000000763,0.0,1630.0,0.0,1630.0,4742.0,0.0,12.300000000000018,81.0,0.1.0,1006,hierarchy_tenure,central,none,120,60,1,4.869675242513707,8.0,7.679012345679013,909,3,0.3978517487330379,0.07726539990020904,1.0
26.0,240.0,1.0000000000000002,3984.4393166237514,3740.1026518887643,2157.8158657877,5.6876786449761925,2140,519.2000000000495,1038.400000000099,1292.0,0.0,1292.0,3836.0,0.0,10.350000000000014,67.0,0.1.0,1006,hierarchy_tenure,witness,none,120,60,1,10.370959332638165,17.0,13.253731343283581,2140,6,0.39601745624566076,0.07577078853601199,1.0
27.0,240.0,1.0000000000000002,4026.523821279236,3742.431434219328,2155.4188247646684,6.031090462186279,3113,424.8000000000281,2124.0,1007.0,0.0,1007.0,3136.0,0.0,8.55000000000001,52.0,0.1.0,1006,hierarchy_tenure,consensus,none,120,60,1,14.852997448979592,25.0,17.173076923076923,3113,3,0.3903995508329543,0.0796025380305351,1.0
21.0,240.0,1.0000000000000002,4058.2860512629563,3810.7991116215194,2188.1790483476843,3.7898454440196754,911,637.2000000000763,0.0,1476.0,0.0,1476.0,4899.0,0.0,13.05000000000002,86.0,0.1.0,1006,equal,central,none,120,60,14,4.884874464176362,8.0,7.744186046511628,911,3,0.20298845604663981,-0.28378616698580167,1.0
24.0,240.0,1.0000000000000002,4111.875902796826,3809.637185633663,2185.5538200667393,4.22618830551919,2148,519.2000000000495,1038.400000000099,1155.0,0.0,1155.0,3969.0,0.0,10.950000000000015,70.0,0.1.0,1006,equal,witness,none,120,60,14,10.444948349710254,17.0,13.7,2148,5,0.2077380997932376,-0.2863578503131451,1.0
23.0,240.0,1.0000000000000002,4169.850442042324,3804.717186055187,2180.780544829755,4.213007195500209,3121,424.8000000000281,2124.0,905.0,0.0,905.0,3230.0,0.0,8.55000000000001,52.0,0.1.0,1006,equal,consensus,none,120,60,14,14.958513931888545,25.0,17.442307692307693,3121,4,0.21089225040460263,-0.2910171323980981,1.0
23.0,240.0,1.0000000000000002,3803.050623347754,3746.5300634376495,2142.7351016317643,3.523581399587736,908,637.2000000000763,0.0,1617.0,0.0,1617.0,4759.0,0.0,12.75000000000002,83.0,0.1.0,1006,linear,central,none,120,60,14,4.855431813406177,8.0,7.710843373493976,908,3,0.01257384190190432,0.0012839607576552864,1.0
22.0,240.0,1.0000000000000002,3809.2912521491144,3746.4360382016257,2127.738262374049,3.7764239416609686,2136,519.2000000000495,1038.400000000099,1271.0,0.0,1271.0,3863.0,0.0,10.650000000000015,68.0,0.1.0,1006,linear,witness,none,120,60,14,10.347398395029769,17.0,13.470588235294118,2136,5,0.014696732628744847,0.004639456469578258,1.0
22.0,240.0,1.0000000000000002,3829.8826085555816,3743.933213542703,2117.529278303148,3.8364469764417453,3109,424.8000000000281,2124.0,991.0,0.0,991.0,3157.0,0.0,8.70000000000001,53.0,0.1.0,1006,linear,consensus,none,120,60,14,14.820082356667722,25.0,17.471698113207548,3109,2,0.01592487944535631,0.0013293117009470085,1.0
21.0,240.0,1.0000000000000002,3818.731138953421,3761.3788864175986,2143.5715978761928,3.674088404695411,906,637.2000000000763,0.0,1594.0,0.0,1594.0,4783.0,0.0,12.60000000000002,83.0,0.1.0,1006,sublinear,central,none,120,60,14,4.857202592515158,8.0,7.710843373493976,906,3,0.03873045830247941,-0.050150817324001555,1.0
22.0,240.0,1.0000000000000002,3833.6717377531645,3762.3188406712056,2131.16937476802,3.7764239416609686,2139,519.2000000000495,1038.400000000099,1249.0,0.0,1249.0,3883.0,0.0,10.800000000000015,69.0,0.1.0,1006,sublinear,witness,none,120,60,14,10.35719804275045,17.0,13.53623188405797,2139,5,0.03886260164059425,-0.04803091808648982,1.0
21.0,240.0,1.0000000000000002,3863.3942870478013,3758.0572372159163,2119.058189378469,3.8232658664227643,3110,424.8000000000281,2124.0,972.0,0.0,972.0,3175.0,0.0,8.70000000000001,53.0,0.1.0,1006,sublinear,consensus,none,120,60,14,14.852913385826772,25.0,17.471698113207548,3110,3,0.04250722746743495,-0.05325790171836111,1.0
25.0,240.0,1.0000000000000002,3709.426635222607,3708.898842350433,2110.079131104566,5.124369413516049,904,637.2000000000763,0.0,1744.0,0.0,1744.0,4634.0,0.0,12.450000000000019,81.0,0.1.0,1006,hierarchy,central,none,120,60,14,4.821320673284419,8.0,7.7407407407407405,904,3,0.1564895735677957,0.12142410028429362,1.0
25.0,240.0,1.0000000000000002,3714.423555582571,3716.345426055214,2101.493512452482,3.86011713347376,2131,519.2000000000495,1038.400000000099,1383.0,0.0,1383.0,3753.0,0.0,10.200000000000014,65.0,0.1.0,1006,hierarchy,witness,none,120,60,14,10.235544897415402,17.0,13.246153846153845,2131,5,0.14586641946346568,0.10492820173859904,1.0
26.0,240.0,1.0000000000000002,3730.5247882135145,3726.720384826039,2096.0358652572586,4.423995989807785,3102,424.8000000000281,2124.0,1049.0,0.0,1049.0,3106.0,0.0,8.70000000000001,53.0,0.1.0,1006,hierarchy,consensus,none,120,60,14,14.7105602060528,25.0,17.471698113207548,3102,2,0.14828686332006558,0.09706815229407528,1.0
27.0,240.0,1.0000000000000002,3957.3774331071227,3737.0711022440028,2162.774885056002,6.198141435977713,909,637.2000000000763,0.0,1630.0,0.0,1630.0,4742.0,0.0,12.300000000000018,81.0,0.1.0,1006,hierarchy_tenure,central,none,120,60,14,4.869675242513707,8.0,7.679012345679013,909,3,0.3978517487330379,0.07726539990020904,1.0
26.0,240.0,1.0000000000000002,3984.4393166237514,3740.1026518887643,2157.8158657877,5.6876786449761925,2140,519.2000000000495,1038.400000000099,1292.0,0.0,1292.0,3836.0,0.0,10.350000000000014,67.0,0.1.0,1006,hierarchy_tenure,witness,none,120,60,14,10.370959332638165,17.0,13.253731343283581,2140,6,0.39601745624566076,0.07577078853601199,1.0
27.0,240.0,1.0000000000000002,4026.523821279236,3742.431434219328,2155.4188247646684,6.031090462186279,3113,424.8000000000281,2124.0,1007.0,0.0,1007.0,3136.0,0.0,8.55000000000001,52.0,0.1.0,1006,hierarchy_tenure,consensus,none,120,60,14,14.852997448979592,25.0,17.173076923076923,3113,3,0.3903995508329543,0.0796025380305351,1.0
23.0,240.0,1.0000000000000002,4115.270568585483,3829.041362821529,2135.90226570477,4.228383870328878,916,637.2000000000763,0.0,1292.0,0.0,1292.0,5075.0,0.0,12.450000000000019,82.0,0.1.0,1007,equal,central,none,120,60,1,4.916059113300492,8.0,7.902439024390244,916,6,0.1757402107945972,-0.24376724956981444,
23.0,240.0,1.0000000000000002,4170.694321251,3819.2936398807606,2122.700997855025,4.247270973732316,2153,519.2000000000495,1038.400000000099,1028.0,0.0,1028.0,4083.0,0.0,9.600000000000012,57.0,0.1.0,1007,equal,witness,none,120,60,1,10.53269654665687,17.0,12.87719298245614,2153,7,0.18165540880827932,-0.25168961432098014,
23.0,240.0,1.0000000000000002,4230.575613965902,3808.17005405427,2111.1331451602523,4.312575746674169,3137,424.8000000000281,2124.0,811.0,0.0,811.0,3301.0,0.0,7.350000000000007,45.0,0.1.0,1007,equal,consensus,none,120,60,1,15.080278703423206,25.0,16.533333333333335,3137,1,0.1887662088125819,-0.25978877632233166,
25.0,240.0,1.0000000000000002,3889.6696124602963,3749.3841960011673,2085.6642333981586,5.014125537235529,914,637.2000000000763,0.0,1389.0,0.0,1389.0,4982.0,0.0,12.75000000000002,84.0,0.1.0,1007,linear,central,none,120,60,1,4.925933360096347,8.0,7.976190476190476,914,6,0.0,0.0,
23.0,240.0,1.0000000000000002,3933.201716202332,3741.909547501217,2075.2984884269335,4.468721844214789,2157,519.2000000000495,1038.400000000099,1103.0,0.0,1103.0,4007.0,0.0,10.050000000000013,60.0,0.1.0,1007,linear,witness,none,120,60,1,10.527327177439481,17.0,12.9,2157,7,0.0,-2.0816681711721685e-17,
26.0,240.0,1.0000000000000002,3970.7712453971662,3732.9345617253616,2056.4759414683695,5.338161891508389,3127,424.8000000000281,2124.0,903.0,0.0,903.0,3222.0,0.0,7.800000000000008,47.0,0.1.0,1007,linear,consensus,none,120,60,1,15.015518311607696,25.0,16.5531914893617,3127,1,0.0,1.3877787807814457e-17,
23.0,240.0,1.0000000000000002,3907.4901257266692,3765.1905472680837,2084.1731537124706,4.385756692453185,915,637.2000000000763,0.0,1379.0,0.0,1379.0,4991.0,0.0,12.75000000000002,84.0,0.1.0,1007,sublinear,central,none,120,60,1,4.923061510719295,8.0,7.976190476190476,915,6,0.032186172150148656,-0.04300537117550704,
22.0,240.0,1.0000000000000002,3950.5508827744657,3757.3503845888517,2072.487309223372,4.162997306453876,2157,519.2000000000495,1038.400000000099,1095.0,0.0,1095.0,4014.0,0.0,9.900000000000013,59.0,0.1.0,1007,sublinear,witness,none,120,60,1,10.51793721973094,17.0,12.813559322033898,2157,7,0.03432821239234082,-0.04620822868387353,
25.0,240.0,1.0000000000000002,4005.147887936832,3749.994279033466,2060.0150880981214,5.309716263932284,3130,424.8000000000281,2124.0,884.0,0.0,884.0,3238.0,0.0,7.800000000000008,47.0,0.1.0,1007,sublinear,consensus,none,120,60,1,15.034280420012353,25.0,16.5531914893617,3130,1,0.03584479667986886,-0.048401466669583365,
24.0,240.0,1.0000000000000002,3847.7366748350914,3702.9311171099284,2097.3963159006444,4.528096874572482,913,637.2000000000763,0.0,1459.0,0.0,1459.0,4911.0,0.0,12.450000000000019,82.0,0.1.0,1007,hierarchy,central,none,120,60,1,4.910812461820403,8.0,7.963414634146342,913,6,0.17732926924159442,0.17870929122966833,
26.0,240.0,1.0000000000000002,3866.5970872606176,3699.394813748677,2070.7211598842805,4.934658712236144,2149,519.2000000000495,1038.400000000099,1194.0,0.0,1194.0,3923.0,0.0,9.900000000000013,60.0,0.1.0,1007,hierarchy,witness,none,120,60,1,10.482538873311242,17.0,12.9,2149,7,0.1631186299136667,0.15000022032943625,
24.0,240.0,1.0000000000000002,3883.097006477841,3706.1178479082805,2055.5999234376327,5.088486252989468,3119,424.8000000000281,2124.0,951.0,0.0,951.0,3182.0,0.0,7.800000000000008,47.0,0.1.0,1007,hierarchy,consensus,none,120,60,1,14.939032055311126,25.0,16.5531914893617,3119,1,0.15277777001218065,0.13468529430110915,
25.0,240.0,1.0000000000000002,3958.592775875078,3730.643740184571,2179.798414539919,5.230315444172059,910,637.2000000000763,0.0,1475.0,0.0,1475.0,4894.0,0.0,11.850000000000017,78.0,0.1.0,1007,hierarchy_tenure,central,none,120,60,1,4.912954638332653,8.0,7.871794871794871,910,6,0.3984156301173473,0.11328726081642221,
26.0,240.0,1.0000000000000002,3978.320089198638,3718.878310838988,2157.6621902295046,5.523906494809515,2152,519.2000000000495,1038.400000000099,1206.0,0.0,1206.0,3904.0,0.0,9.300000000000011,55.0,0.1.0,1007,hierarchy_tenure,witness,none,120,60,1,10.46516393442623,17.0,12.690909090909091,2152,7,0.3870158595691394,0.11268350054745484,
25.0,240.0,1.0000000000000002,4000.2011999447745,3707.69669202715,2133.13103040915,5.230315444172059,3124,424.8000000000281,2124.0,962.0,0.0,962.0,3161.0,0.0,7.050000000000006,44.0,0.1.0,1007,hierarchy_tenure,consensus,none,120,60,1,14.975007908889593,25.0,16.272727272727273,3124,1,0.3779927074320345,0.11240044580433943,
23.0,240.0,1.0000000000000002,4115.270568585483,3829.041362821529,2135.90226570477,4.228383870328878,916,637.2000000000763,0.0,1292.0,0.0,1292.0,5075.0,0.0,12.450000000000019,82.0,0.1.0,1007,equal,central,none,120,60,14,4.916059113300492,8.0,7.902439024390244,916,6,0.1757402107945972,-0.24376724956981444,
23.0,240.0,1.0000000000000002,4170.694321251,3819.2936398807606,2122.700997855025,4.247270973732316,2153,519.2000000000495,1038.400000000099,1028.0,0.0,1028.0,4083.0,0.0,9.600000000000012,57.0,0.1.0,1007,equal,witness,none,120,60,14,10.53269654665687,17.0,12.87719298245614,2153,7,0.18165540880827932,-0.25168961432098014,
23.0,240.0,1.0000000000000002,4230.575613965902,3808.17005405427,2111.1331451602523,4.312575746674169,3137,424.8000000000281,2124.0,811.0,0.0,811.0,3301.0,0.0,7.350000000000007,45.0,0.1.0,1007,equal,consensus,none,120,60,14,15.080278703423206,25.0,16.533333333333335,3137,1,0.1887662088125819,-0.25978877632233166,
24.0,240.0,1.0000000000000002,3985.4501996349704,3780.353946413137,2120.2299242466756,4.777429225352951,916,637.2000000000763,0.0,1352.0,0.0,1352.0,5014.0,0.0,12.300000000000018,81.0,0.1.0,1007,linear,central,none,120,60,14,4.911248504188273,8.0,7.925925925925926,916,6,0.012096218436635045,0.005718584212306192,
24.0,240.0,1.0000000000000002,4011.9291516626818,3766.381954803173,2097.153210499505,4.519037418571582,2158,519.2000000000495,1038.400000000099,1090.0,0.0,1090.0,4015.0,0.0,9.450000000000012,56.0,0.1.0,1007,linear,witness,none,120,60,14,10.485927770859277,17.0,12.910714285714286,2158,7,0.014319707221236187,0.0001572399508543501,
23.0,240.0,1.0000000000000002,4035.7196365497334,3756.99514308946,2072.4329323507254,4.729732422831275,3129,424.8000000000281,2124.0,868.0,0.0,868.0,3252.0,0.0,7.350000000000007,44.0,0.1.0,1007,linear,consensus,none,120,60,14,14.998462484624847,25.0,16.545454545454547,3129,1,0.014966629357082317,0.0005011343355098286,
23.0,240.0,1.0000000000000002,3993.143262679594,3789.862313999507,2114.6557988385125,4.471704687592038,917,637.2000000000763,0.0,1351.0,0.0,1351.0,5015.0,0.0,12.450000000000019,82.0,0.1.0,1007,sublinear,central,none,120,60,14,4.909870388833499,8.0,7.902439024390244,917,6,0.03406822478761969,-0.0415787930281943,
24.0,240.0,1.0000000000000002,4024.5404948899877,3777.722151497245,2094.036364866463,4.519037418571582,2156,519.2000000000495,1038.400000000099,1082.0,0.0,1082.0,4025.0,0.0,9.450000000000012,56.0,0.1.0,1007,sublinear,witness,none,120,60,14,10.497142857142856,17.0,12.910714285714286,2156,7,0.03805121446470106,-0.04851665984125041,
23.0,240.0,1.0000000000000002,4061.822457752333,3769.161391441349,2075.089263448975,4.729732422831275,3133,424.8000000000281,2124.0,853.0,0.0,853.0,3263.0,0.0,7.350000000000007,44.0,0.1.0,1007,sublinear,consensus,none,120,60,14,15.01930738584125,25.0,16.545454545454547,3133,1,0.03947355312121737,-0.04947113336318099,
23.0,240.0,1.0000000000000002,3940.820704830521,3748.7580188657626,2125.4047726877934,4.4493611710534,913,637.2000000000763,0.0,1406.0,0.0,1406.0,4965.0,0.0,12.60000000000002,83.0,0.1.0,1007,hierarchy,central,none,120,60,14,4.911379657603223,8.0,7.927710843373494,913,6,0.17537607704060107,0.16339759810846638,
25.0,240.0,1.0000000000000002,3944.847913095229,3739.417130065647,2098.2200896155173,4.871613293692969,2152,519.2000000000495,1038.400000000099,1156.0,0.0,1156.0,3955.0,0.0,9.450000000000012,57.0,0.1.0,1007,hierarchy,witness,none,120,60,14,10.433881163084703,17.0,13.0,2152,7,0.16409823308174407,0.14013257853425878,
25.0,240.0,1.0000000000000002,3965.9414644212425,3741.9929535052283,2076.752995328439,4.843842539862664,3118,424.8000000000281,2124.0,902.0,0.0,902.0,3229.0,0.0,7.350000000000007,44.0,0.1.0,1007,hierarchy,consensus,none,120,60,14,14.959739857541035,25.0,16.545454545454547,3118,1,0.15183896211996156,0.12673349140940246,
25.0,240.0,1.0000000000000002,3958.592775875078,3730.643740184571,2179.798414539919,5.230315444172059,910,637.2000000000763,0.0,1475.0,0.0,1475.0,4894.0,0.0,11.850000000000017,78.0,0.1.0,1007,hierarchy_tenure,central,none,120,60,14,4.912954638332653,8.0,7.871794871794871,910,6,0.3984156301173473,0.11328726081642221,
26.0,240.0,1.0000000000000002,3978.320089198638,3718.878310838988,2157.6621902295046,5.523906494809515,2152,519.2000000000495,1038.400000000099,1206.0,0.0,1206.0,3904.0,0.0,9.300000000000011,55.0,0.1.0,1007,hierarchy_tenure,witness,none,120,60,14,10.46516393442623,17.0,12.690909090909091,2152,7,0.3870158595691394,0.11268350054745484,
25.0,240.0,1.0000000000000002,4000.2011999447745,3707.69669202715,2133.13103040915,5.230315444172059,3124,424.8000000000281,2124.0,962.0,0.0,962.0,3161.0,0.0,7.050000000000006,44.0,0.1.0,1007,hierarchy_tenure,consensus,none,120,60,14,14.975007908889593,25.0,16.272727272727273,3124,1,0.3779927074320345,0.11240044580433943,
20.0,240.0,1.0000000000000002,3868.4950965098683,3852.513089293076,2065.0808489632827,3.2928679493360584,919,637.2000000000763,0.0,1426.0,0.0,1426.0,4950.0,0.0,14.550000000000024,94.0,0.1.0,1008,equal,central,none,120,60,1,4.881212121212121,8.0,7.617021276595745,919,7,0.1641740111651927,-0.22454835222274405,2.0
20.0,240.0,1.0000000000000002,3922.3687978563003,3848.051137356527,2056.591935514715,3.572142011049735,2146,519.2000000000495,1038.400000000099,1107.0,0.0,1107.0,4026.0,0.0,12.150000000000018,74.0,0.1.0,1008,equal,witness,none,120,60,1,10.465474416294088,17.0,12.45945945945946,2146,4,0.16433325571570392,-0.2261689437718317,2.0
20.0,240.0,1.0000000000000002,3983.7026155126227,3840.5421869957727,2047.4176964082933,3.5513574541890867,3119,424.8000000000281,2124.0,850.0,0.0,850.0,3295.0,0.0,9.900000000000013,62.0,0.1.0,1008,equal,consensus,none,120,60,1,15.061911987860395,25.0,16.580645161290324,3119,2,0.16017894195474536,-0.22316398953567343,2.0
24.0,240.0,1.0000000000000002,3658.5212139366045,3788.397130703169,2024.678399864269,3.7724469217566114,918,637.2000000000763,0.0,1498.0,0.0,1498.0,4876.0,0.0,14.100000000000023,91.0,0.1.0,1008,linear,central,none,120,60,1,4.883716160787531,8.0,7.571428571428571,918,7,0.0,-6.938893903907228e-18,2.0
25.0,240.0,1.0000000000000002,3686.234929732508,3778.607657721615,2007.448705059869,4.218414042488073,2143,519.2000000000495,1038.400000000099,1204.0,0.0,1204.0,3931.0,0.0,12.000000000000018,74.0,0.1.0,1008,linear,witness,none,120,60,1,10.434495039430171,17.0,12.445945945945946,2143,4,0.0,-6.938893903907228e-18,2.0
26.0,240.0,1.0000000000000002,3703.157859301481,3769.2892293864015,1989.2620897312088,4.59917869206561,3115,424.8000000000281,2124.0,938.0,0.0,938.0,3212.0,0.0,10.050000000000013,63.0,0.1.0,1008,linear,consensus,none,120,60,1,14.972291407222913,25.0,16.761904761904763,3115,1,0.0,1.3877787807814457e-17,2.0
22.0,240.0,1.0000000000000002,3695.7338486088674,3809.9299912394176,2034.9159005857578,3.392791738391051,919,637.2000000000763,0.0,1465.0,0.0,1465.0,4910.0,0.0,14.400000000000023,93.0,0.1.0,1008,sublinear,central,none,120,60,1,4.883503054989816,8.0,7.602150537634409,919,7,0.028836499636917697,-0.03854683573840099,2.0
23.0,240.0,1.0000000000000002,3727.7145288149404,3795.397323289104,2014.136794969795,3.927346315270005,2145,519.2000000000495,1038.400000000099,1190.0,0.0,1190.0,3944.0,0.0,12.150000000000018,75.0,0.1.0,1008,sublinear,witness,none,120,60,1,10.433062880324544,17.0,12.533333333333333,2145,4,0.02948865051021449,-0.0399074983264923,2.0
24.0,240.0,1.0000000000000002,3755.7546360720544,3783.9072154333708,1997.3543301290424,4.101564770048437,3117,424.8000000000281,2124.0,923.0,0.0,923.0,3225.0,0.0,10.050000000000013,63.0,0.1.0,1008,sublinear,consensus,none,120,60,1,14.998449612403101,25.0,16.761904761904763,3117,1,0.02985503126847756,-0.04096127411194119,2.0
27.0,240.0,1.0000000000000002,3557.2204909742613,3718.3728689398545,2010.0944448395433,4.757106714748814,919,637.2000000000763,0.0,1594.0,0.0,1594.0,4774.0,0.0,13.350000000000021,86.0,0.1.0,1008,hierarchy,central,none,120,60,1,4.877042312526184,8.0,7.534883720930233,919,7,0.17581316132474212,0.19929710814217588,2.0
27.0,240.0,1.0000000000000002,3553.2864073496853,3712.7802230803177,1988.0955690534788,4.680286156980304,2141,519.2000000000495,1038.400000000099,1297.0,0.0,1297.0,3834.0,0.0,11.100000000000016,68.0,0.1.0,1008,hierarchy,witness,none,120,60,1,10.375326030255607,17.0,12.117647058823529,2141,4,0.1646316419559663,0.18221006974295348,2.0
27.0,240.0,1.0000000000000002,3567.8381839976028,3707.527468446623,1972.341453150836,4.716027964505246,3106,424.8000000000281,2124.0,1040.0,0.0,1040.0,3115.0,0.0,9.450000000000012,59.0,0.1.0,1008,hierarchy,consensus,none,120,60,1,14.849759229534511,25.0,16.16949152542373,3106,1,0.15913878130532194,0.17271167547459798,2.0
18.0,240.0,1.0000000000000002,3791.9962255208693,3766.584197244765,2028.3461573163813,2.93573699724207,914,637.2000000000763,0.0,1611.0,0.0,1611.0,4762.0,0.0,13.350000000000021,86.0,0.1.0,1008,hierarchy_tenure,central,none,120,60,1,4.867282654346913,8.0,7.488372093023256,914,7,0.40408682880115687,0.11461814654230976,2.0
19.0,240.0,1.0000000000000002,3803.434033198768,3761.258011313115,2008.674923645931,3.0472346058479127,2140,519.2000000000495,1038.400000000099,1292.0,0.0,1292.0,3842.0,0.0,11.400000000000016,70.0,0.1.0,1008,hierarchy_tenure,witness,none,120,60,1,10.373243102550754,17.0,12.271428571428572,2140,3,0.4011193967140525,0.11311556995377736,2.0
19.0,240.0,1.0000000000000002,3826.959795616682,3757.989454281814,1994.222115866273,3.0472346058479127,3107,424.8000000000281,2124.0,1010.0,0.0,1010.0,3145.0,0.0,9.600000000000012,60.0,0.1.0,1008,hierarchy_tenure,consensus,none,120,60,1,14.86772655007949,25.0,16.433333333333334,3107,0,0.389222877453926,0.12330304336055709,2.0
20.0,240.0,1.0000000000000002,3868.4950965098683,3852.513089293076,2065.0808489632827,3.2928679493360584,919,637.2000000000763,0.0,1426.0,0.0,1426.0,4950.0,0.0,14.550000000000024,94.0,0.1.0,1008,equal,central,none,120,60,14,4.881212121212121,8.0,7.617021276595745,919,7,0.1641740111651927,-0.22454835222274405,2.0
20.0,240.0,1.0000000000000002,3922.3687978563003,3848.051137356527,2056.591935514715,3.572142011049735,2146,519.2000000000495,1038.400000000099,1107.0,0.0,1107.0,4026.0,0.0,12.150000000000018,74.0,0.1.0,1008,equal,witness,none,120,60,14,10.465474416294088,17.0,12.45945945945946,2146,4,0.16433325571570392,-0.2261689437718317,2.0
20.0,240.0,1.0000000000000002,3983.7026155126227,3840.5421869957727,2047.4176964082933,3.5513574541890867,3119,424.8000000000281,2124.0,850.0,0.0,850.0,3295.0,0.0,9.900000000000013,62.0,0.1.0,1008,equal,consensus,none,120,60,14,15.061911987860395,25.0,16.580645161290324,3119,2,0.16017894195474536,-0.22316398953567343,2.0
22.0,240.0,1.0000000000000002,3720.7979483075032,3814.0008262779807,2039.8551786650346,3.693307689562267,918,637.2000000000763,0.0,1485.0,0.0,1485.0,4889.0,0.0,14.100000000000023,91.0,0.1.0,1008,linear,central,none,120,60,14,4.872775618735938,8.0,7.593406593406593,918,7,0.012692081349739391,0.0015758027360083388,2.0
23.0,240.0,1.0000000000000002,3741.0654884544006,3805.654850920748,2024.3137035298796,3.9904243491410134,2140,519.2000000000495,1038.400000000099,1183.0,0.0,1183.0,3955.0,0.0,12.000000000000018,73.0,0.1.0,1008,linear,witness,none,120,60,14,10.404298356510745,17.0,12.36986301369863,2140,4,0.013900595450162437,0.0008563505977388572,2.0
24.0,240.0,1.0000000000000002,3782.216621209322,3803.8650656416226,2012.497159640755,4.169892017110844,3116,424.8000000000281,2124.0,890.0,0.0,890.0,3258.0,0.0,9.900000000000013,62.0,0.1.0,1008,linear,consensus,none,120,60,14,14.986187845303867,25.0,16.612903225806452,3116,2,0.015122944803560962,0.0015821564094165574,2.0
23.0,240.0,1.0000000000000002,3741.0897716628565,3822.911296779301,2041.2201915116257,3.718675683187984,918,637.2000000000763,0.0,1469.0,0.0,1469.0,4906.0,0.0,14.250000000000023,92.0,0.1.0,1008,sublinear,central,none,120,60,14,4.876273950264982,8.0,7.5978260869565215,918,7,0.032077884321622285,-0.03926272656835343,2.0
23.0,240.0,1.0000000000000002,3771.363399393442,3815.187058414319,2028.415559297149,3.9904243491410134,2143,519.2000000000495,1038.400000000099,1170.0,0.0,1170.0,3965.0,0.0,12.000000000000018,73.0,0.1.0,1008,sublinear,witness,none,120,60,14,10.407313997477932,17.0,12.36986301369863,2143,4,0.033371325270846686,-0.041449656895678956,2.0
22.0,240.0,1.0000000000000002,3815.301248630611,3810.869664588498,2015.1509645104873,3.873575076701378,3116,424.8000000000281,2124.0,887.0,0.0,887.0,3262.0,0.0,10.050000000000013,63.0,0.1.0,1008,sublinear,consensus,none,120,60,14,14.993562231759658,25.0,16.761904761904763,3116,2,0.03283782245021283,-0.041110695534471324,2.0
25.0,240.0,1.0000000000000002,3653.815432120872,3766.6167863686555,2047.7620157599968,4.013041688381118,918,637.2000000000763,0.0,1555.0,0.0,1555.0,4819.0,0.0,14.100000000000023,91.0,0.1.0,1008,hierarchy,central,none,120,60,14,4.859514422079269,8.0,7.582417582417582,918,7,0.1709828245512409,0.18794981448971684,2.0
25.0,240.0,1.0000000000000002,3651.8767963356645,3762.878471429437,2024.7980156133985,4.284790354334147,2135,519.2000000000495,1038.400000000099,1245.0,0.0,1245.0,3897.0,0.0,11.850000000000017,72.0,0.1.0,1008,hierarchy,witness,none,120,60,14,10.343597639209648,17.0,12.333333333333334,2135,4,0.16003291040287104,0.1705108414748888,2.0
27.0,240.0,1.0000000000000002,3654.0743198175373,3761.672799286838,2003.8222027846195,4.628304602007207,3107,424.8000000000281,2124.0,962.0,0.0,962.0,3193.0,0.0,9.600000000000012,60.0,0.1.0,1008,hierarchy,consensus,none,120,60,14,14.849357970560602,25.0,16.316666666666666,3107,0,0.16011574798887993,0.16483381483296042,2.0
18.0,240.0,1.0000000000000002,3791.9962255208693,3766.584197244765,2028.3461573163813,2.93573699724207,914,637.2000000000763,0.0,1611.0,0.0,1611.0,4762.0,0.0,13.350000000000021,86.0,0.1.0,1008,hierarchy_tenure,central,none,120,60,14,4.867282654346913,8.0,7.488372093023256,914,7,0.40408682880115687,0.11461814654230976,2.0
19.0,240.0,1.0000000000000002,3803.434033198768,3761.258011313115,2008.674923645931,3.0472346058479127,2140,519.2000000000495,1038.400000000099,1292.0,0.0,1292.0,3842.0,0.0,11.400000000000016,70.0,0.1.0,1008,hierarchy_tenure,witness,none,120,60,14,10.373243102550754,17.0,12.271428571428572,2140,3,0.4011193967140525,0.11311556995377736,2.0
19.0,240.0,1.0000000000000002,3826.959795616682,3757.989454281814,1994.222115866273,3.0472346058479127,3107,424.8000000000281,2124.0,1010.0,0.0,1010.0,3145.0,0.0,9.600000000000012,60.0,0.1.0,1008,hierarchy_tenure,consensus,none,120,60,14,14.86772655007949,25.0,16.433333333333334,3107,0,0.389222877453926,0.12330304336055709,2.0
20.0,240.0,1.0000000000000002,4156.4129621914235,3865.8507535165295,2242.256555079358,4.2317400267095655,916,637.2000000000763,0.0,1277.0,0.0,1277.0,5105.0,0.0,14.700000000000024,97.0,0.1.0,1009,equal,central,none,120,60,1,4.890107737512243,8.0,7.814432989690721,916,5,0.1783189831092174,-0.24698976109067702,
21.0,240.0,1.0000000000000002,4226.315928572764,3860.562542868967,2237.0290706878172,4.321089491776801,2141,519.2000000000495,1038.400000000099,987.0,0.0,987.0,4151.0,0.0,11.850000000000017,77.0,0.1.0,1009,equal,witness,none,120,60,1,10.508552156106962,17.0,13.103896103896103,2141,9,0.17808303712640525,-0.24766950280542796,
22.0,240.0,1.0,4299.202817803055,3852.102066799815,2228.9456083814503,4.862518763649963,3124,424.8000000000281,2124.0,776.0,0.0,776.0,3362.0,0.0,9.300000000000011,58.0,0.1.0,1009,equal,consensus,none,120,60,1,15.028256989886971,25.0,16.586206896551722,3124,7,0.1780097996805999,-0.2504165614761968,
20.0,240.0,1.0000000000000002,3907.7199032803223,3850.797400883943,2177.6594461744817,3.7608417063128954,916,637.2000000000763,0.0,1334.0,0.0,1334.0,5047.0,0.0,14.550000000000024,96.0,0.1.0,1009,linear,central,none,120,60,1,4.8971666336437485,8.0,7.802083333333333,916,5,0.0,1.3877787807814457e-17,
23.0,240.0,1.0000000000000002,3929.314094851817,3836.580789517905,2152.8133418433567,4.718746076898131,2140,519.2000000000495,1038.400000000099,1092.0,0.0,1092.0,4045.0,0.0,11.550000000000017,75.0,0.1.0,1009,linear,witness,none,120,60,1,10.451915945611866,17.0,13.053333333333333,2140,9,0.0,-6.938893903907228e-18,
27.0,240.0,1.0000000000000002,3969.9709069035225,3834.883383548066,2140.8482362600475,5.662116798733814,3111,424.8000000000281,2124.0,860.0,0.0,860.0,3291.0,0.0,9.300000000000011,58.0,0.1.0,1009,linear,consensus,none,120,60,1,14.91765420844728,25.0,16.655172413793103,3111,6,0.0,-6.938893903907228e-18,
22.0,240.0,1.0000000000000002,3923.976123638269,3858.092448829419,2182.0138292237502,4.346241115619353,915,637.2000000000763,0.0,1319.0,0.0,1319.0,5061.0,0.0,14.250000000000023,94.0,0.1.0,1009,sublinear,central,none,120,60,1,4.894289666073899,8.0,7.829787234042553,915,5,0.02907599841024645,-0.03962209432719649,
21.0,240.0,1.0000000000000002,3962.3856783068786,3843.892218557979,2160.7493129044447,4.075597507296695,2139,519.2000000000495,1038.400000000099,1075.0,0.0,1075.0,4062.0,0.0,11.400000000000016,74.0,0.1.0,1009,sublinear,witness,none,120,60,1,10.460856720827179,17.0,13.04054054054054,2139,9,0.030426632021721967,-0.04152399303780716,
22.0,240.0,1.0000000000000002,4005.369790697492,3840.233604929972,2148.424334770299,4.490661245166218,3114,424.8000000000281,2124.0,839.0,0.0,839.0,3310.0,0.0,9.450000000000012,59.0,0.1.0,1009,sublinear,consensus,none,120,60,1,14.946223564954682,25.0,16.677966101694917,3114,6,0.032225980447567484,-0.04457702359192118,
22.0,240.0,1.0000000000000002,3867.0478713195903,3813.1252920940556,2149.9277026119353,4.571435177466789,915,637.2000000000763,0.0,1444.0,0.0,1444.0,4939.0,0.0,14.700000000000024,97.0,0.1.0,1009,hierarchy,central,none,120,60,1,4.899979752986434,8.0,7.845360824742268,915,6,0.18318618349748217,0.19730001950741394,
23.0,240.0,1.0000000000000002,3840.1073276592133,3797.329250446765,2117.2466323358235,4.690471320139963,2139,519.2000000000495,1038.400000000099,1200.0,0.0,1200.0,3940.0,0.0,11.850000000000017,77.0,0.1.0,1009,hierarchy,witness,none,120,60,1,10.388578680203045,17.0,13.12987012987013,2139,9,0.1773453617909162,0.17922159041594907,
24.0,240.0,1.0000000000000002,3841.0223769606223,3803.1438581305824,2096.8323166701693,5.1508178876050765,3105,424.8000000000281,2124.0,942.0,0.0,942.0,3216.0,0.0,9.450000000000012,59.0,0.1.0,1009,hierarchy,consensus,none,120,60,1,14.800995024875622,25.0,16.559322033898304,3105,6,0.17262084472870037,0.16334494669091096,
19.0,240.0,1.0000000000000002,4108.110678346634,3801.50744591148,2286.7891830576764,3.7659394229007983,913,637.2000000000763,0.0,1364.0,0.0,1364.0,5018.0,0.0,14.250000000000023,94.0,0.1.0,1009,hierarchy_tenure,central,none,120,60,1,4.891789557592666,8.0,7.787234042553192,913,5,0.4087018615203576,0.12410318621308081,
21.0,240.0,1.0000000000000002,4133.518889937959,3793.6499788384335,2266.0292005747137,3.8161200152264243,2147,519.2000000000495,1038.400000000099,1083.0,0.0,1083.0,4044.0,0.0,11.100000000000016,72.0,0.1.0,1009,hierarchy_tenure,witness,none,120,60,1,10.464144411473788,17.0,13.166666666666666,2147,9,0.39533430714342255,0.12425321654723423,
20.0,240.0,1.0000000000000002,4175.210356086167,3785.3044347859386,2247.2222644484013,3.781991957587697,3121,424.8000000000281,2124.0,867.0,0.0,867.0,3270.0,0.0,8.70000000000001,54.0,0.1.0,1009,hierarchy_tenure,consensus,none,120,60,1,14.929663608562691,25.0,16.5,3121,7,0.3774777549744381,0.12685031995459717,
20.0,240.0,1.0000000000000002,4156.4129621914235,3865.8507535165295,2242.256555079358,4.2317400267095655,916,637.2000000000763,0.0,1277.0,0.0,1277.0,5105.0,0.0,14.700000000000024,97.0,0.1.0,1009,equal,central,none,120,60,14,4.890107737512243,8.0,7.814432989690721,916,5,0.1783189831092174,-0.24698976109067702,
21.0,240.0,1.0000000000000002,4226.315928572764,3860.562542868967,2237.0290706878172,4.321089491776801,2141,519.2000000000495,1038.400000000099,987.0,0.0,987.0,4151.0,0.0,11.850000000000017,77.0,0.1.0,1009,equal,witness,none,120,60,14,10.508552156106962,17.0,13.103896103896103,2141,9,0.17808303712640525,-0.24766950280542796,
22.0,240.0,1.0,4299.202817803055,3852.102066799815,2228.9456083814503,4.862518763649963,3124,424.8000000000281,2124.0,776.0,0.0,776.0,3362.0,0.0,9.300000000000011,58.0,0.1.0,1009,equal,consensus,none,120,60,14,15.028256989886971,25.0,16.586206896551722,3124,7,0.1780097996805999,-0.2504165614761968,
23.0,240.0,1.0000000000000002,3985.1953205826653,3861.5367766992604,2202.129367085334,4.83806198779517,914,637.2000000000763,0.0,1350.0,0.0,1350.0,5033.0,0.0,14.550000000000024,96.0,0.1.0,1009,linear,central,none,120,60,14,4.874428770117226,8.0,7.802083333333333,914,5,0.011886788243518385,0.004091323831034131,
22.0,240.0,1.0000000000000002,4013.03953650279,3855.8921739799116,2184.0096224205613,4.813360390352551,2136,519.2000000000495,1038.400000000099,1064.0,0.0,1064.0,4078.0,0.0,11.700000000000017,76.0,0.1.0,1009,linear,witness,none,120,60,14,10.436978911230996,17.0,13.013157894736842,2136,9,0.013893556969701022,0.004184750089945288,
25.0,240.0,1.0000000000000002,4038.5918335696715,3848.637795380189,2162.359929479391,5.6835980965868655,3115,424.8000000000281,2124.0,825.0,0.0,825.0,3322.0,0.0,9.300000000000011,58.0,0.1.0,1009,linear,consensus,none,120,60,14,14.925647200481638,25.0,16.586206896551722,3115,6,0.01707738027071988,0.0028373436041274555,
20.0,240.0,1.0000000000000002,3993.8403371000686,3864.8685877178223,2200.827217606245,4.265385489209659,915,637.2000000000763,0.0,1326.0,0.0,1326.0,5056.0,0.0,14.550000000000024,96.0,0.1.0,1009,sublinear,central,none,120,60,14,4.878362341772152,8.0,7.802083333333333,915,5,0.032211212634830594,-0.04048963464538266,
21.0,240.0,1.0000000000000002,4031.169458338844,3859.4592055129533,2185.962812607298,4.3547349542768945,2137,519.2000000000495,1038.400000000099,1043.0,0.0,1043.0,4098.0,0.0,11.700000000000017,76.0,0.1.0,1009,sublinear,witness,none,120,60,14,10.453879941434847,17.0,13.013157894736842,2137,9,0.033633567172899094,-0.04232310763726764,
25.0,240.0,1.0000000000000002,4067.3412693101423,3850.7124373651595,2167.205854617483,6.0202941978195605,3117,424.8000000000281,2124.0,808.0,0.0,808.0,3337.0,0.0,9.300000000000011,58.0,0.1.0,1009,sublinear,consensus,none,120,60,14,14.956847467785437,25.0,16.586206896551722,3117,7,0.037545077117221846,-0.046032739915282464,
22.0,240.0,1.0000000000000002,3930.5825513205114,3840.805557970984,2196.836389974678,5.099401939831609,913,637.2000000000763,0.0,1434.0,0.0,1434.0,4950.0,0.0,14.550000000000024,96.0,0.1.0,1009,hierarchy,central,none,120,60,14,4.855959595959596,8.0,7.791666666666667,913,5,0.1809902580978775,0.18016208170692588,
24.0,240.0,1.0000000000000002,3910.9139810120655,3835.1140699287207,2148.964945256297,5.7727079416685285,2132,519.2000000000495,1038.400000000099,1170.0,0.0,1170.0,3976.0,0.0,11.700000000000017,76.0,0.1.0,1009,hierarchy,witness,none,120,60,14,10.326961770623743,17.0,13.013157894736842,2132,9,0.17866702368603196,0.16119649745580705,
27.0,240.0,1.0000000000000002,3924.0772907441933,3831.254169121465,2122.129073190845,6.6998410061095885,3106,424.8000000000281,2124.0,900.0,0.0,900.0,3256.0,0.0,9.300000000000011,58.0,0.1.0,1009,hierarchy,consensus,none,120,60,14,14.781019656019655,25.0,16.586206896551722,3106,6,0.1675123848983499,0.14587763980391738,
19.0,240.0,1.0000000000000002,4108.110678346634,3801.50744591148,2286.7891830576764,3.7659394229007983,913,637.2000000000763,0.0,1364.0,0.0,1364.0,5018.0,0.0,14.250000000000023,94.0,0.1.0,1009,hierarchy_tenure,central,none,120,60,14,4.891789557592666,8.0,7.787234042553192,913,5,0.4087018615203576,0.12410318621308081,
21.0,240.0,1.0000000000000002,4133.518889937959,3793.6499788384335,2266.0292005747137,3.8161200152264243,2147,519.2000000000495,1038.400000000099,1083.0,0.0,1083.0,4044.0,0.0,11.100000000000016,72.0,0.1.0,1009,hierarchy_tenure,witness,none,120,60,14,10.464144411473788,17.0,13.166666666666666,2147,9,0.39533430714342255,0.12425321654723423,
20.0,240.0,1.0000000000000002,4175.210356086167,3785.3044347859386,2247.2222644484013,3.781991957587697,3121,424.8000000000281,2124.0,867.0,0.0,867.0,3270.0,0.0,8.70000000000001,54.0,0.1.0,1009,hierarchy_tenure,consensus,none,120,60,14,14.929663608562691,25.0,16.5,3121,7,0.3774777549744381,0.12685031995459717,
20.0,240.0,1.0000000000000002,3978.5446467881447,3868.431169853443,2122.1601043879623,2.7657426317823326,914,637.2000000000763,0.0,1324.0,0.0,1324.0,5062.0,0.0,15.600000000000026,97.0,0.1.0,1010,equal,central,none,120,60,1,4.877913868036349,8.0,7.680412371134021,914,1,0.1515564489822312,-0.21062977037218947,4.0
20.0,240.0,1.0000000000000002,4038.995898551903,3863.1828108949144,2110.545600710677,2.791125750753881,2155,519.2000000000495,1038.400000000099,1013.0,0.0,1013.0,4115.0,0.0,13.05000000000002,78.0,0.1.0,1010,equal,witness,none,120,60,1,10.459538274605103,17.0,12.615384615384615,2155,3,0.15439629644420766,-0.21518143011043117,4.0
20.0,240.0,1.0000000000000002,4108.130139800739,3856.146910038372,2099.5165470576617,2.825817391921149,3125,424.8000000000281,2124.0,798.0,0.0,798.0,3341.0,0.0,10.200000000000014,59.0,0.1.0,1010,equal,consensus,none,120,60,1,14.955402574079617,25.0,15.59322033898305,3125,6,0.15243089937201168,-0.21577817445784478,4.0
22.0,240.0,1.0000000000000002,3749.8955631562153,3801.757953039857,2042.3966713527548,4.026331999987617,915,637.2000000000763,0.0,1416.0,0.0,1416.0,4969.0,0.0,15.600000000000026,97.0,0.1.0,1010,linear,central,none,120,60,1,4.89092372710807,8.0,7.711340206185567,915,1,0.0,0.0,4.0
20.0,240.0,1.0000000000000002,3766.072869915608,3787.6584674809496,2020.133247836337,2.6286030832544416,2151,519.2000000000495,1038.400000000099,1146.0,0.0,1146.0,3983.0,0.0,12.60000000000002,76.0,0.1.0,1010,linear,witness,none,120,60,1,10.393673110720563,17.0,12.539473684210526,2151,3,0.0,-1.3877787807814457e-17,4.0
20.0,240.0,1.0000000000000002,3815.5657929493236,3784.8849491912997,2015.7660911217474,2.7775967160916317,3111,424.8000000000281,2124.0,905.0,0.0,905.0,3245.0,0.0,9.750000000000012,57.0,0.1.0,1010,linear,consensus,none,120,60,1,14.880431432973806,25.0,15.403508771929825,3111,6,0.0,-6.938893903907228e-18,4.0
20.0,240.0,1.0000000000000002,3776.6057589859024,3816.966893897733,2051.466997486508,3.4001172739259227,914,637.2000000000763,0.0,1400.0,0.0,1400.0,4986.0,0.0,15.600000000000026,97.0,0.1.0,1010,sublinear,central,none,120,60,1,4.889290012033694,8.0,7.711340206185567,914,1,0.02510529729143723,-0.034767453915263834,4.0
20.0,240.0,1.0000000000000002,3799.0072205842744,3804.656980402031,2032.0508261435898,2.634700054015497,2150,519.2000000000495,1038.400000000099,1112.0,0.0,1112.0,4017.0,0.0,12.450000000000019,75.0,0.1.0,1010,sublinear,witness,none,120,60,1,10.413990540204132,17.0,12.506666666666666,2150,3,0.02740616425841469,-0.03811010712328775,4.0
20.0,240.0,1.0000000000000002,3861.8279098350695,3800.7881563451388,2028.3154378332815,2.7119336177688864,3118,424.8000000000281,2124.0,872.0,0.0,872.0,3271.0,0.0,9.750000000000012,57.0,0.1.0,1010,sublinear,consensus,none,120,60,1,14.913787832467136,25.0,15.403508771929825,3118,6,0.02888127775557041,-0.040156219248167244,4.0
18.0,240.0,1.0000000000000002,3713.448453485217,3740.843476658071,2020.2462983292971,2.6821370499881114,915,637.2000000000763,0.0,1531.0,0.0,1531.0,4854.0,0.0,15.600000000000026,97.0,0.1.0,1010,hierarchy,central,none,120,60,1,4.88298310671611,8.0,7.711340206185567,915,1,0.18918499329565447,0.21682014169817895,4.0
20.0,240.0,1.0000000000000002,3667.555784912875,3723.628387998796,1985.796009416703,3.6068125380824756,2150,519.2000000000495,1038.400000000099,1268.0,0.0,1268.0,3860.0,0.0,12.300000000000018,75.0,0.1.0,1010,hierarchy,witness,none,120,60,1,10.310880829015543,17.0,12.573333333333334,2150,3,0.1715006019478739,0.1825605246363509,4.0
21.0,240.0,1.0000000000000002,3690.910496005001,3735.1967222175535,1999.1388983228992,3.538881395070127,3103,424.8000000000281,2124.0,995.0,0.0,995.0,3163.0,0.0,9.750000000000012,57.0,0.1.0,1010,hierarchy,consensus,none,120,60,1,14.733480872589315,25.0,15.473684210526315,3103,5,0.16413729822277448,0.1716484949623384,4.0
24.0,240.0,1.0000000000000002,3907.0185040638735,3783.1030998480514,2080.3632257490667,3.5261354746922704,909,637.2000000000763,0.0,1529.0,0.0,1529.0,4863.0,0.0,15.750000000000027,98.0,0.1.0,1010,hierarchy_tenure,central,none,120,60,1,4.8718897799712115,8.0,7.673469387755102,909,0,0.4134449727900191,0.13234000611955524,4.0
25.0,240.0,1.0000000000000002,3906.337794995414,3772.160659728207,2045.9226257660634,4.621624514900045,2144,519.2000000000495,1038.400000000099,1229.0,0.0,1229.0,3909.0,0.0,12.90000000000002,78.0,0.1.0,1010,hierarchy_tenure,witness,none,120,60,1,10.352519826042466,17.0,12.717948717948717,2144,2,0.40464942949121907,0.12500915200584028,4.0
27.0,240.0,1.0000000000000002,3928.8771956301953,3767.4642304779395,2023.5215924495826,5.025151797672892,3103,424.8000000000281,2124.0,959.0,0.0,959.0,3201.0,0.0,10.050000000000013,58.0,0.1.0,1010,hierarchy_tenure,consensus,none,120,60,1,14.810996563573884,25.0,15.568965517241379,3103,5,0.3862195084556864,0.13516472267424212,4.0
20.0,240.0,1.0000000000000002,3978.5446467881447,3868.431169853443,2122.1601043879623,2.7657426317823326,914,637.2000000000763,0.0,1324.0,0.0,1324.0,5062.0,0.0,15.600000000000026,97.0,0.1.0,1010,equal,central,none,120,60,14,4.877913868036349,8.0,7.680412371134021,914,1,0.1515564489822312,-0.21062977037218947,4.0
20.0,240.0,1.0000000000000002,4038.995898551903,3863.1828108949144,2110.545600710677,2.791125750753881,2155,519.2000000000495,1038.400000000099,1013.0,0.0,1013.0,4115.0,0.0,13.05000000000002,78.0,0.1.0,1010,equal,witness,none,120,60,14,10.459538274605103,17.0,12.615384615384615,2155,3,0.15439629644420766,-0.21518143011043117,4.0
20.0,240.0,1.0000000000000002,4108.130139800739,3856.146910038372,2099.5165470576617,2.825817391921149,3125,424.8000000000281,2124.0,798.0,0.0,798.0,3341.0,0.0,10.200000000000014,59.0,0.1.0,1010,equal,consensus,none,120,60,14,14.955402574079617,25.0,15.59322033898305,3125,6,0.15243089937201168,-0.21577817445784478,4.0
18.0,240.0,1.0000000000000002,3824.9840180379624,3831.2604109741887,2081.802509053704,2.180601041372564,915,637.2000000000763,0.0,1412.0,0.0,1412.0,4972.0,0.0,15.450000000000026,96.0,0.1.0,1010,linear,central,none,120,60,14,4.860619469026549,8.0,7.666666666666667,915,1,0.013977371295094122,0.0014255530706443684,4.0
17.0,240.0,1.0000000000000002,3840.0786878868466,3823.184724825385,2061.4087075552184,2.0223245831309944,2148,519.2000000000495,1038.400000000099,1122.0,0.0,1122.0,4011.0,0.0,12.75000000000002,77.0,0.1.0,1010,linear,witness,none,120,60,14,10.353527798553976,17.0,12.571428571428571,2148,3,0.014788177733884423,0.0009417488486474501,4.0
17.0,240.0,1.0000000000000002,3878.248853040856,3819.0086409697838,2038.6049126306073,2.2066888078665605,3116,424.8000000000281,2124.0,860.0,0.0,860.0,3287.0,0.0,10.050000000000013,58.0,0.1.0,1010,linear,consensus,none,120,60,14,14.847885609978704,25.0,15.413793103448276,3116,6,0.016960930011209248,0.0015157624590310878,4.0
19.0,240.0,1.0000000000000002,3841.3908981071986,3840.2813288401867,2082.9558110507296,2.142416441476678,915,637.2000000000763,0.0,1387.0,0.0,1387.0,4997.0,0.0,15.450000000000026,96.0,0.1.0,1010,sublinear,central,none,120,60,14,4.867720632379427,8.0,7.666666666666667,915,1,0.028699643163993177,-0.03608189206574308,4.0
17.0,240.0,1.0000000000000002,3870.644629432159,3831.7979206494783,2065.988386780194,1.9040415076394275,2149,519.2000000000495,1038.400000000099,1098.0,0.0,1098.0,4033.0,0.0,12.60000000000002,76.0,0.1.0,1010,sublinear,witness,none,120,60,14,10.379866104636747,17.0,12.539473684210526,2149,3,0.03185408381860158,-0.03909833602578976,4.0
16.0,240.0,1.0000000000000002,3913.86976301487,3826.816855168176,2046.1210109673789,1.988464746275356,3119,424.8000000000281,2124.0,840.0,0.0,840.0,3304.0,0.0,10.050000000000013,58.0,0.1.0,1010,sublinear,consensus,none,120,60,14,14.881658595641646,25.0,15.413793103448276,3119,6,0.03231922168332291,-0.03992021419695292,4.0
18.0,240.0,1.0000000000000002,3755.7747782926394,3783.4186564774823,2060.817927327875,3.252575106764387,915,637.2000000000763,0.0,1517.0,0.0,1517.0,4865.0,0.0,15.150000000000025,94.0,0.1.0,1010,hierarchy,central,none,120,60,14,4.843371017471737,8.0,7.638297872340425,915,1,0.18497342320383,0.20300245180492227,4.0
16.0,240.0,1.0000000000000002,3742.211484416064,3773.9504238013164,2050.590342005969,1.8825647407129373,2141,519.2000000000495,1038.400000000099,1234.0,0.0,1234.0,3901.0,0.0,12.000000000000018,73.0,0.1.0,1010,hierarchy,witness,none,120,60,14,10.244809023327353,17.0,12.301369863013699,2141,4,0.17439581087181466,0.18041886089346504,4.0
20.0,240.0,1.0000000000000002,3761.4298518432865,3782.832400239181,2039.6079407711377,2.8529731882257026,3103,424.8000000000281,2124.0,924.0,0.0,924.0,3235.0,0.0,9.900000000000013,59.0,0.1.0,1010,hierarchy,consensus,none,120,60,14,14.732302936630603,25.0,15.525423728813559,3103,5,0.16636268647149105,0.17244599681665992,4.0
24.0,240.0,1.0000000000000002,3907.0185040638735,3783.1030998480514,2080.3632257490667,3.5261354746922704,909,637.2000000000763,0.0,1529.0,0.0,1529.0,4863.0,0.0,15.750000000000027,98.0,0.1.0,1010,hierarchy_tenure,central,none,120,60,14,4.8718897799712115,8.0,7.673469387755102,909,0,0.4134449727900191,0.13234000611955524,4.0
25.0,240.0,1.0000000000000002,3906.337794995414,3772.160659728207,2045.9226257660634,4.621624514900045,2144,519.2000000000495,1038.400000000099,1229.0,0.0,1229.0,3909.0,0.0,12.90000000000002,78.0,0.1.0,1010,hierarchy_tenure,witness,none,120,60,14,10.352519826042466,17.0,12.717948717948717,2144,2,0.40464942949121907,0.12500915200584028,4.0
27.0,240.0,1.0000000000000002,3928.8771956301953,3767.4642304779395,2023.5215924495826,5.025151797672892,3103,424.8000000000281,2124.0,959.0,0.0,959.0,3201.0,0.0,10.050000000000013,58.0,0.1.0,1010,hierarchy_tenure,consensus,none,120,60,14,14.810996563573884,25.0,15.568965517241379,3103,5,0.3862195084556864,0.13516472267424212,4.0
27.0,240.0,1.0000000000000002,4206.1518637519985,3832.630475870994,2313.7280614239708,4.895883076153426,912,637.2000000000763,0.0,1362.0,0.0,1362.0,5047.0,0.0,17.55000000000001,115.0,0.1.0,1011,equal,central,none,120,60,1,4.915197146819893,8.0,7.930434782608696,907,6,0.18653504658783515,-0.2584597863072855,1.0
26.0,240.0,1.0000000000000002,4258.499887687575,3829.2642065452433,2304.3978823999396,4.433017040268301,2150,519.2000000000495,1038.400000000099,1051.0,0.0,1051.0,4091.0,0.0,13.950000000000022,91.0,0.1.0,1011,equal,witness,none,120,60,1,10.539721339525789,18.0,13.736263736263735,2150,2,0.1806309354436429,-0.2508629724413313,1.0
25.0,240.0,1.0000000000000002,4318.837624293842,3823.523483407003,2294.863898180827,4.165153847666808,3120,424.8000000000281,2124.0,845.0,0.0,845.0,3306.0,0.0,10.800000000000015,66.0,0.1.0,1011,equal,consensus,none,120,60,1,15.026013309134907,25.0,17.40909090909091,3120,3,0.17908051152637663,-0.2505013731907195,1.0
23.0,240.0,1.0000000000000002,4007.746777382393,3761.611408839107,2267.308066952373,4.201140859883985,914,637.2000000000763,0.0,1409.0,0.0,1409.0,4994.0,0.0,17.250000000000014,113.0,0.1.0,1011,linear,central,none,120,60,1,4.929114937925511,8.0,7.938053097345133,911,6,0.0,0.0,1.0
24.0,240.0,1.0000000000000002,4041.601342231732,3752.119989817857,2251.335498356474,4.226659469136974,2146,519.2000000000495,1038.400000000099,1137.0,0.0,1137.0,4007.0,0.0,13.650000000000022,89.0,0.1.0,1011,linear,witness,none,120,60,1,10.524581981532318,18.0,13.707865168539326,2146,2,0.0,0.0,1.0
25.0,240.0,1.0000000000000002,4065.6731045553965,3746.4244503763507,2228.898784732138,4.2373072891467185,3118,424.8000000000281,2124.0,922.0,0.0,922.0,3226.0,0.0,10.050000000000013,61.0,0.1.0,1011,linear,consensus,none,120,60,1,14.936143831370117,25.0,17.147540983606557,3118,3,0.0,6.938893903907228e-18,1.0
24.0,240.0,1.0000000000000002,4034.4844899564314,3776.8577986171194,2269.231747507548,3.6965643015882286,915,637.2000000000763,0.0,1407.0,0.0,1407.0,4997.0,0.0,17.400000000000013,114.0,0.1.0,1011,sublinear,central,none,120,60,1,4.9261556934160495,8.0,7.93859649122807,911,6,0.03299562716263872,-0.04487105126229054,1.0
23.0,240.0,1.0000000000000002,4077.1619532932723,3774.4721238164702,2261.023965785984,4.089729641526809,2146,519.2000000000495,1038.400000000099,1104.0,0.0,1104.0,4040.0,0.0,13.650000000000022,89.0,0.1.0,1011,sublinear,witness,none,120,60,1,10.528960396039604,18.0,13.707865168539326,2146,2,0.032709110521577434,-0.04442188803898752,1.0
24.0,240.0,1.0000000000000002,4108.607087315056,3762.63536347259,2235.8742442301227,3.7574433525663746,3119,424.8000000000281,2124.0,913.0,0.0,913.0,3234.0,0.0,10.050000000000013,61.0,0.1.0,1011,sublinear,consensus,none,120,60,1,14.959802102659246,25.0,17.147540983606557,3119,3,0.03376613171793133,-0.04577932672861894,1.0
28.0,240.0,1.0000000000000002,3955.1103687795553,3711.2262505423982,2262.97347862782,5.205616124173842,913,637.2000000000763,0.0,1505.0,0.0,1505.0,4898.0,0.0,16.80000000000002,110.0,0.1.0,1011,hierarchy,central,none,120,60,1,4.929971416904859,8.0,7.927272727272728,908,7,0.16556710127380014,0.1644151610722764,1.0
27.0,240.0,1.0000000000000002,3956.0905769397727,3703.3144966551276,2235.52063568359,4.8569427675276895,2141,519.2000000000495,1038.400000000099,1234.0,0.0,1234.0,3913.0,0.0,13.350000000000021,87.0,0.1.0,1011,hierarchy,witness,none,120,60,1,10.464860720674674,18.0,13.551724137931034,2141,1,0.16066368573035153,0.15481749399002115,1.0
28.0,240.0,1.0000000000000002,3954.8568043105506,3704.271023964475,2210.7940378517915,4.954502051027191,3106,424.8000000000281,2124.0,981.0,0.0,981.0,3180.0,0.0,10.200000000000014,62.0,0.1.0,1011,hierarchy,consensus,none,120,60,1,14.877358490566039,25.0,17.306451612903224,3106,3,0.14943613107299367,0.14673587283240488,1.0
28.0,240.0,1.0000000000000002,4136.588111237695,3734.8480976819815,2296.9295943973025,5.402043979100609,909,637.2000000000763,0.0,1561.0,0.0,1561.0,4842.0,0.0,16.65000000000002,109.0,0.1.0,1011,hierarchy_tenure,central,none,120,60,1,4.899008674101611,8.0,7.8807339449541285,907,5,0.4439335203389203,0.08318810815885679,1.0
28.0,240.0,1.0000000000000002,4152.654157092363,3732.7433303631433,2277.6106091635156,5.493901769055061,2142,519.2000000000495,1038.400000000099,1238.0,0.0,1238.0,3910.0,0.0,13.650000000000022,89.0,0.1.0,1011,hierarchy_tenure,witness,none,120,60,1,10.429667519181585,18.0,13.786516853932584,2142,1,0.4299786457476844,0.09308197674537919,1.0
29.0,240.0,1.0000000000000002,4184.985030450272,3730.0498798800318,2261.189454608552,5.5286830438954375,3110,424.8000000000281,2124.0,971.0,0.0,971.0,3187.0,0.0,10.350000000000014,63.0,0.1.0,1011,hierarchy_tenure,consensus,none,120,60,1,14.895826796360213,25.0,17.253968253968253,3110,4,0.4146034695884178,0.10235653175139466,1.0
27.0,240.0,1.0000000000000002,4206.1518637519985,3832.630475870994,2313.7280614239708,4.895883076153426,912,637.2000000000763,0.0,1362.0,0.0,1362.0,5047.0,0.0,17.55000000000001,115.0,0.1.0,1011,equal,central,none,120,60,14,4.915197146819893,8.0,7.930434782608696,907,6,0.18653504658783515,-0.2584597863072855,1.0
26.0,240.0,1.0000000000000002,4258.499887687575,3829.2642065452433,2304.3978823999396,4.433017040268301,2150,519.2000000000495,1038.400000000099,1051.0,0.0,1051.0,4091.0,0.0,13.950000000000022,91.0,0.1.0,1011,equal,witness,none,120,60,14,10.539721339525789,18.0,13.736263736263735,2150,2,0.1806309354436429,-0.2508629724413313,1.0
25.0,240.0,1.0000000000000002,4318.837624293842,3823.523483407003,2294.863898180827,4.165153847666808,3120,424.8000000000281,2124.0,845.0,0.0,845.0,3306.0,0.0,10.800000000000015,66.0,0.1.0,1011,equal,consensus,none,120,60,14,15.026013309134907,25.0,17.40909090909091,3120,3,0.17908051152637663,-0.2505013731907195,1.0
24.0,240.0,1.0000000000000002,4080.4462169280773,3789.355839507344,2292.334980926582,4.376174766826411,914,637.2000000000763,0.0,1399.0,0.0,1399.0,5003.0,0.0,16.950000000000017,111.0,0.1.0,1011,linear,central,none,120,60,14,4.914851089346392,8.0,7.900900900900901,910,6,0.012932151887360775,-0.0016314637734699822,1.0
22.0,240.0,1.0000000000000002,4094.2261559618164,3783.021617329868,2269.8086023720725,3.02970299774304,2141,519.2000000000495,1038.400000000099,1129.0,0.0,1129.0,4019.0,0.0,13.500000000000021,88.0,0.1.0,1011,linear,witness,none,120,60,14,10.468275690470266,18.0,13.636363636363637,2141,2,0.014748039083354807,0.00020066258516442115,1.0
21.0,240.0,1.0000000000000002,4120.7477445264685,3776.8473330429924,2247.6240445529875,2.5873823362933694,3117,424.8000000000281,2124.0,885.0,0.0,885.0,3268.0,0.0,10.650000000000015,65.0,0.1.0,1011,linear,consensus,none,120,60,14,14.953794369645044,25.0,17.338461538461537,3117,3,0.01470740364561101,0.0004337991070487088,1.0
26.0,240.0,1.0000000000000002,4097.978164982232,3799.8656677293347,2292.7438762754996,4.963160742606838,915,637.2000000000763,0.0,1389.0,0.0,1389.0,5014.0,0.0,17.100000000000016,112.0,0.1.0,1011,sublinear,central,none,120,60,14,4.914439569206222,8.0,7.928571428571429,910,6,0.036795147841826005,-0.04786467953819634,1.0
24.0,240.0,1.0000000000000002,4121.398122520035,3794.005381161614,2273.393683276068,3.9226686078346162,2143,519.2000000000495,1038.400000000099,1110.0,0.0,1110.0,4037.0,0.0,13.650000000000022,89.0,0.1.0,1011,sublinear,witness,none,120,60,14,10.485756750061928,18.0,13.662921348314606,2143,2,0.036260523247767996,-0.045483923898570484,1.0
24.0,240.0,1.0000000000000002,4155.631034111671,3788.03339986058,2254.78087017292,3.6099220263800476,3119,424.8000000000281,2124.0,873.0,0.0,873.0,3278.0,0.0,10.650000000000015,65.0,0.1.0,1011,sublinear,consensus,none,120,60,14,14.964002440512507,25.0,17.338461538461537,3119,3,0.03658042016024958,-0.04642910389825576,1.0
24.0,240.0,1.0000000000000002,4031.3337091951066,3756.3043611675416,2298.484008216549,3.867712124517216,910,637.2000000000763,0.0,1486.0,0.0,1486.0,4916.0,0.0,16.80000000000002,110.0,0.1.0,1011,hierarchy,central,none,120,60,14,4.896053702196908,8.0,7.890909090909091,909,6,0.1656338984852392,0.154991262198135,1.0
24.0,240.0,1.0000000000000002,4016.7986295760256,3751.4598495320165,2259.763592571307,3.4367669808129344,2141,519.2000000000495,1038.400000000099,1191.0,0.0,1191.0,3956.0,0.0,13.350000000000021,87.0,0.1.0,1011,hierarchy,witness,none,120,60,14,10.402932254802831,17.0,13.574712643678161,2141,2,0.15848469445558694,0.14933455937224563,1.0
25.0,240.0,1.0000000000000002,4037.7913924677287,3748.0647733635456,2253.6553940435037,4.718648176599055,3112,424.8000000000281,2124.0,923.0,0.0,923.0,3233.0,0.0,10.350000000000014,63.0,0.1.0,1011,hierarchy,consensus,none,120,60,14,14.877203835446954,25.0,17.047619047619047,3112,2,0.14590807583531756,0.1396058210354908,1.0
28.0,240.0,1.0000000000000002,4136.588111237695,3734.8480976819815,2296.9295943973025,5.402043979100609,909,637.2000000000763,0.0,1561.0,0.0,1561.0,4842.0,0.0,16.65000000000002,109.0,0.1.0,1011,hierarchy_tenure,central,none,120,60,14,4.899008674101611,8.0,7.8807339449541285,907,5,0.4439335203389203,0.08318810815885679,1.0
28.0,240.0,1.0000000000000002,4152.654157092363,3732.7433303631433,2277.6106091635156,5.493901769055061,2142,519.2000000000495,1038.400000000099,1238.0,0.0,1238.0,3910.0,0.0,13.650000000000022,89.0,0.1.0,1011,hierarchy_tenure,witness,none,120,60,14,10.429667519181585,18.0,13.786516853932584,2142,1,0.4299786457476844,0.09308197674537919,1.0
29.0,240.0,1.0000000000000002,4184.985030450272,3730.0498798800318,2261.189454608552,5.5286830438954375,3110,424.8000000000281,2124.0,971.0,0.0,971.0,3187.0,0.0,10.350000000000014,63.0,0.1.0,1011,hierarchy_tenure,consensus,none,120,60,14,14.895826796360213,25.0,17.253968253968253,3110,4,0.4146034695884178,0.10235653175139466,1.0
19.0,240.0,1.0000000000000002,4185.23680647585,3856.1626184980764,2276.5833283581837,4.7206134667592385,920,637.2000000000763,0.0,1298.0,0.0,1298.0,5080.0,0.0,14.700000000000024,96.0,0.1.0,1012,equal,central,none,120,60,1,4.883070866141733,8.0,7.708333333333333,920,8,0.1726479548463482,-0.23422804189808002,
17.0,240.0,1.0000000000000002,4245.154050871133,3851.385977689318,2261.2586339780046,4.102871668783356,2147,519.2000000000495,1038.400000000099,985.0,0.0,985.0,4148.0,0.0,12.000000000000018,77.0,0.1.0,1012,equal,witness,none,120,60,1,10.520732883317262,17.0,12.948051948051948,2147,4,0.16991220645229965,-0.23316575985247293,
17.0,240.0,1.0000000000000002,4313.7685287318245,3843.965796289414,2245.7876907878062,4.160132293545989,3122,424.8000000000281,2124.0,765.0,0.0,765.0,3374.0,0.0,9.150000000000011,60.0,0.1.0,1012,equal,consensus,none,120,60,1,15.091582691167753,25.0,16.633333333333333,3122,6,0.17106980077053646,-0.23566835664363767,
17.0,240.0,1.0000000000000002,3975.5273326842607,3804.12683106749,2196.341556226665,3.701284991964815,918,637.2000000000763,0.0,1332.0,0.0,1332.0,5046.0,0.0,14.400000000000023,94.0,0.1.0,1012,linear,central,none,120,60,1,4.899524375743163,8.0,7.776595744680851,918,8,0.0,-2.0816681711721685e-17,
16.0,240.0,1.0000000000000002,4012.490078588039,3790.742068816386,2177.2904246853172,3.1980956893447385,2145,519.2000000000495,1038.400000000099,1045.0,0.0,1045.0,4087.0,0.0,11.550000000000017,74.0,0.1.0,1012,linear,witness,none,120,60,1,10.526058233423049,17.0,13.135135135135135,2145,4,0.0,0.0,
17.0,240.0,1.0000000000000002,4063.2336276056926,3782.840129434264,2161.824762533112,3.99502296993718,3118,424.8000000000281,2124.0,838.0,0.0,838.0,3303.0,0.0,8.85000000000001,57.0,0.1.0,1012,linear,consensus,none,120,60,1,15.038752649106872,25.0,16.70175438596491,3118,6,0.0,-6.938893903907228e-18,
16.0,240.0,1.0000000000000002,3998.024105427995,3813.8101803451295,2202.525205899365,3.5421396978370088,920,637.2000000000763,0.0,1329.0,0.0,1329.0,5047.0,0.0,14.400000000000023,94.0,0.1.0,1012,sublinear,central,none,120,60,1,4.896770358628888,8.0,7.776595744680851,920,8,0.030524405934057648,-0.04058135209760227,
19.0,240.0,1.0000000000000002,4046.931489689571,3804.2576933855257,2188.0336030178646,4.284740965501291,2145,519.2000000000495,1038.400000000099,1029.0,0.0,1029.0,4104.0,0.0,11.700000000000017,75.0,0.1.0,1012,sublinear,witness,none,120,60,1,10.532894736842104,17.0,13.053333333333333,2145,4,0.03145915437291527,-0.04194812612650323,
17.0,240.0,1.0000000000000002,4100.074631366014,3792.785773586622,2168.648052739828,3.982378806342361,3119,424.8000000000281,2124.0,831.0,0.0,831.0,3309.0,0.0,8.85000000000001,57.0,0.1.0,1012,sublinear,consensus,none,120,60,1,15.050770625566637,25.0,16.70175438596491,3119,6,0.03278251293811886,-0.04376511593295618,
19.0,240.0,1.0000000000000002,3918.253826158552,3764.628463374332,2183.753840164824,4.156013476654906,920,637.2000000000763,0.0,1382.0,0.0,1382.0,4992.0,0.0,14.100000000000023,91.0,0.1.0,1012,hierarchy,central,none,120,60,1,4.902844551282051,8.0,7.78021978021978,920,8,0.17847921763715202,0.19375816230823253,
20.0,240.0,1.0000000000000002,3927.8341715482584,3751.3287090646913,2158.69481377788,4.364754770394532,2141,519.2000000000495,1038.400000000099,1123.0,0.0,1123.0,4012.0,0.0,11.400000000000016,73.0,0.1.0,1012,hierarchy,witness,none,120,60,1,10.471086739780658,17.0,13.273972602739725,2141,4,0.16523027654317957,0.17204395103223122,
16.0,240.0,1.0000000000000002,3939.8738895109223,3751.7735861967603,2138.4051089174286,3.6815010745084575,3113,424.8000000000281,2124.0,887.0,0.0,887.0,3258.0,0.0,8.70000000000001,56.0,0.1.0,1012,hierarchy,consensus,none,120,60,1,14.972375690607734,25.0,16.892857142857142,3113,6,0.15879722148886807,0.15599171294055683,
21.0,240.0,1.0000000000000002,4157.931136039912,3812.252381527388,2245.3764692926843,4.83971650058801,920,637.2000000000763,0.0,1394.0,0.0,1394.0,4983.0,0.0,14.550000000000024,95.0,0.1.0,1012,hierarchy_tenure,central,none,120,60,1,4.880794701986755,8.0,7.705263157894737,920,8,0.41081904631779176,0.1262135695898265,
21.0,240.0,1.0000000000000002,4190.976433318643,3808.921128033932,2225.2946210898135,4.736603115588304,2142,519.2000000000495,1038.400000000099,1081.0,0.0,1081.0,4058.0,0.0,12.150000000000018,77.0,0.1.0,1012,hierarchy_tenure,witness,none,120,60,1,10.486446525381961,17.0,13.0,2142,4,0.402280067552231,0.13133397708405725,
22.0,240.0,1.0000000000000002,4234.855953346665,3803.2800299888195,2205.950214660414,5.271046773504657,3117,424.8000000000281,2124.0,846.0,0.0,846.0,3297.0,0.0,9.00000000000001,59.0,0.1.0,1012,hierarchy_tenure,consensus,none,120,60,1,15.011525629360024,25.0,16.779661016949152,3117,6,0.39336776446094546,0.13444760941531264,
19.0,240.0,1.0000000000000002,4185.23680647585,3856.1626184980764,2276.5833283581837,4.7206134667592385,920,637.2000000000763,0.0,1298.0,0.0,1298.0,5080.0,0.0,14.700000000000024,96.0,0.1.0,1012,equal,central,none,120,60,14,4.883070866141733,8.0,7.708333333333333,920,8,0.1726479548463482,-0.23422804189808002,
17.0,240.0,1.0000000000000002,4245.154050871133,3851.385977689318,2261.2586339780046,4.102871668783356,2147,519.2000000000495,1038.400000000099,985.0,0.0,985.0,4148.0,0.0,12.000000000000018,77.0,0.1.0,1012,equal,witness,none,120,60,14,10.520732883317262,17.0,12.948051948051948,2147,4,0.16991220645229965,-0.23316575985247293,
17.0,240.0,1.0000000000000002,4313.7685287318245,3843.965796289414,2245.7876907878062,4.160132293545989,3122,424.8000000000281,2124.0,765.0,0.0,765.0,3374.0,0.0,9.150000000000011,60.0,0.1.0,1012,equal,consensus,none,120,60,14,15.091582691167753,25.0,16.633333333333333,3122,6,0.17106980077053646,-0.23566835664363767,
18.0,240.0,1.0000000000000002,4062.8516881380633,3831.81413224829,2248.975657441057,4.409602787267867,919,637.2000000000763,0.0,1322.0,0.0,1322.0,5057.0,0.0,14.700000000000024,96.0,0.1.0,1012,linear,central,none,120,60,14,4.887878188649397,8.0,7.697916666666667,919,8,0.011711789510141802,8.20642517066067e-05,
19.0,240.0,1.0000000000000002,4099.251340996616,3822.5019966645154,2222.3914505255498,4.651967892052901,2144,519.2000000000495,1038.400000000099,1024.0,0.0,1024.0,4113.0,0.0,12.150000000000018,78.0,0.1.0,1012,linear,witness,none,120,60,14,10.50474106491612,17.0,13.012820512820513,2144,4,0.013955898382151381,0.00355886455396702,
18.0,240.0,1.0000000000000002,4139.722335173283,3811.2031438614013,2198.742403911343,4.330296169926793,3118,424.8000000000281,2124.0,808.0,0.0,808.0,3336.0,0.0,9.300000000000011,60.0,0.1.0,1012,linear,consensus,none,120,60,14,15.038669064748202,25.0,16.633333333333333,3118,6,0.016007884918625453,0.003372043308597132,
17.0,240.0,1.0000000000000002,4085.2368644614,3839.865891169546,2252.5913183143766,4.10424123677566,918,637.2000000000763,0.0,1308.0,0.0,1308.0,5074.0,0.0,15.000000000000025,98.0,0.1.0,1012,sublinear,central,none,120,60,14,4.89180134016555,8.0,7.755102040816326,918,8,0.03402435626932287,-0.04256665612292266,
17.0,240.0,1.0000000000000002,4124.93560513525,3829.8884874403943,2227.718323987752,3.809399962010657,2145,519.2000000000495,1038.400000000099,1010.0,0.0,1010.0,4126.0,0.0,12.150000000000018,78.0,0.1.0,1012,sublinear,witness,none,120,60,14,10.514299563742123,17.0,13.012820512820513,2145,4,0.03426941941441215,-0.040520840485938084,
18.0,240.0,1.0000000000000002,4171.765988522161,3818.573958919011,2206.1575743861245,4.330296169926793,3118,424.8000000000281,2124.0,801.0,0.0,801.0,3343.0,0.0,9.300000000000011,60.0,0.1.0,1012,sublinear,consensus,none,120,60,14,15.049955130122644,25.0,16.633333333333333,3118,6,0.03487438914355659,-0.04201170729449887,
17.0,240.0,1.0000000000000002,3978.1733410897104,3798.4908957599687,2234.7107207899026,3.9804951209818595,918,637.2000000000763,0.0,1381.0,0.0,1381.0,5001.0,0.0,15.000000000000025,97.0,0.1.0,1012,hierarchy,central,none,120,60,14,4.880223955208958,8.0,7.711340206185567,918,9,0.17545726640633075,0.17976197422369117,
16.0,240.0,1.0000000000000002,4008.7596770646464,3793.6195921956605,2209.891488240311,3.6259449335624443,2139,519.2000000000495,1038.400000000099,1085.0,0.0,1085.0,4055.0,0.0,11.850000000000017,77.0,0.1.0,1012,hierarchy,witness,none,120,60,14,10.446855733662145,17.0,12.935064935064934,2139,4,0.16712200049226036,0.16456773112802794,
19.0,240.0,1.0000000000000002,4021.916316519655,3788.9590465238334,2182.938905067447,4.5574568751970865,3115,424.8000000000281,2124.0,843.0,0.0,843.0,3304.0,0.0,9.300000000000011,60.0,0.1.0,1012,hierarchy,consensus,none,120,60,14,14.966101694915254,25.0,16.633333333333333,3115,6,0.15747368442166085,0.15076089944661702,
21.0,240.0,1.0000000000000002,4157.931136039912,3812.252381527388,2245.3764692926843,4.83971650058801,920,637.2000000000763,0.0,1394.0,0.0,1394.0,4983.0,0.0,14.550000000000024,95.0,0.1.0,1012,hierarchy_tenure,central,none,120,60,14,4.880794701986755,8.0,7.705263157894737,920,8,0.41081904631779176,0.1262135695898265,
21.0,240.0,1.0000000000000002,4190.976433318643,3808.921128033932,2225.2946210898135,4.736603115588304,2142,519.2000000000495,1038.400000000099,1081.0,0.0,1081.0,4058.0,0.0,12.150000000000018,77.0,0.1.0,1012,hierarchy_tenure,witness,none,120,60,14,10.486446525381961,17.0,13.0,2142,4,0.402280067552231,0.13133397708405725,
22.0,240.0,1.0000000000000002,4234.855953346665,3803.2800299888195,2205.950214660414,5.271046773504657,3117,424.8000000000281,2124.0,846.0,0.0,846.0,3297.0,0.0,9.00000000000001,59.0,0.1.0,1012,hierarchy_tenure,consensus,none,120,60,14,15.011525629360024,25.0,16.779661016949152,3117,6,0.39336776446094546,0.13444760941531264,
21.0,240.0,1.0000000000000002,4000.5903865879623,3797.301722532744,2232.422133634892,3.4734974953212574,914,637.2000000000763,0.0,1344.0,0.0,1344.0,5042.0,0.0,15.000000000000025,98.0,0.1.0,1013,equal,central,none,120,60,1,4.917096390321301,8.0,7.8979591836734695,914,2,0.16115972381281501,-0.22330137778640882,
21.0,240.0,1.0000000000000002,4066.9438624099494,3797.0030432928634,2233.5947459836184,3.4734974953212574,2150,519.2000000000495,1038.400000000099,1058.0,0.0,1058.0,4076.0,0.0,12.60000000000002,76.0,0.1.0,1013,equal,witness,none,120,60,1,10.56207065750736,18.0,13.697368421052632,2150,4,0.1671441825994974,-0.23352482514904438,
20.0,240.0,1.0000000000000002,4132.844459523251,3792.845206427701,2231.6239306665802,3.2782663434347086,3127,424.8000000000281,2124.0,837.0,0.0,837.0,3299.0,0.0,9.450000000000012,60.0,0.1.0,1013,equal,consensus,none,120,60,1,15.105789633222189,25.0,18.583333333333332,3127,4,0.1695987689038681,-0.2380711124219848,
18.0,240.0,1.0000000000000002,3767.860737448303,3686.879302601512,2153.1806219721066,3.195447668585628,912,637.2000000000763,0.0,1492.0,0.0,1492.0,4895.0,0.0,14.850000000000025,97.0,0.1.0,1013,linear,central,none,120,60,1,4.921961184882533,8.0,7.896907216494846,912,2,0.0,-1.3877787807814457e-17,
18.0,240.0,1.0000000000000002,3820.0176118617605,3683.2086257184214,2154.1295058910077,3.5579981750407006,2147,519.2000000000495,1038.400000000099,1235.0,0.0,1235.0,3902.0,0.0,12.60000000000002,76.0,0.1.0,1013,linear,witness,none,120,60,1,10.51717068170169,18.0,13.697368421052632,2147,4,0.0,6.938893903907228e-18,
19.0,240.0,1.0000000000000002,3849.346406098159,3684.2161200113196,2164.739526474814,3.8742150026246427,3123,424.8000000000281,2124.0,1001.0,0.0,1001.0,3138.0,0.0,9.300000000000011,59.0,0.1.0,1013,linear,consensus,none,120,60,1,14.911408540471639,25.0,18.440677966101696,3123,4,0.0,-2.0816681711721685e-17,
20.0,240.0,1.0000000000000002,3790.7305380643693,3707.351214822772,2160.5735116866304,3.5565447309254363,913,637.2000000000763,0.0,1467.0,0.0,1467.0,4919.0,0.0,14.850000000000025,97.0,0.1.0,1013,sublinear,central,none,120,60,1,4.916853018906282,8.0,7.88659793814433,913,2,0.027790261765371117,-0.03826196581217236,
21.0,240.0,1.0000000000000002,3846.4995797689803,3701.739480922433,2158.138020942923,3.8496541153678847,2148,519.2000000000495,1038.400000000099,1201.0,0.0,1201.0,3935.0,0.0,12.60000000000002,76.0,0.1.0,1013,sublinear,witness,none,120,60,1,10.536467598475223,18.0,13.697368421052632,2148,4,0.02943431818538152,-0.04055118807290107,
20.0,240.0,1.0000000000000002,3886.6990875764486,3703.2017945711445,2170.0023668239437,3.603520685677798,3122,424.8000000000281,2124.0,971.0,0.0,971.0,3169.0,0.0,9.300000000000011,59.0,0.1.0,1013,sublinear,consensus,none,120,60,1,14.947301988008835,25.0,18.440677966101696,3122,4,0.030105131652642236,-0.04149103828553969,
18.0,240.0,1.0000000000000002,3755.030208572089,3638.673069083738,2158.0897013699737,2.961245413498582,910,637.2000000000763,0.0,1569.0,0.0,1569.0,4820.0,0.0,14.850000000000025,97.0,0.1.0,1013,hierarchy,central,none,120,60,1,4.930497925311204,8.0,7.917525773195877,910,2,0.17412389596634104,0.18133511858686918,
17.0,240.0,1.0000000000000002,3747.6896495613346,3625.8724217045287,2145.040784700332,2.8272276878349096,2146,519.2000000000495,1038.400000000099,1342.0,0.0,1342.0,3794.0,0.0,12.300000000000018,74.0,0.1.0,1013,hierarchy,witness,none,120,60,1,10.46309963099631,18.0,13.675675675675675,2146,4,0.15438329144767968,0.15281734941224528,
23.0,240.0,1.0000000000000002,3738.939296802032,3639.213584333779,2155.302724586756,4.32656393465574,3119,424.8000000000281,2124.0,1074.0,0.0,1074.0,3069.0,0.0,9.300000000000011,59.0,0.1.0,1013,hierarchy,consensus,none,120,60,1,14.77940697295536,25.0,18.440677966101696,3119,4,0.15304458928611764,0.1460092451852203,
25.0,240.0,1.0000000000000002,3899.9192273384956,3697.51319716015,2211.190874015076,4.11998447987625,917,637.2000000000763,0.0,1543.0,0.0,1543.0,4837.0,0.0,14.550000000000024,95.0,0.1.0,1013,hierarchy_tenure,central,none,120,60,1,4.901798635517883,8.0,7.852631578947369,917,2,0.3879256563178994,0.11887684192176862,
26.0,240.0,1.0000000000000002,3925.1067374666122,3695.478296664269,2201.7915456528444,4.288657717637959,2141,519.2000000000495,1038.400000000099,1241.0,0.0,1241.0,3900.0,0.0,12.300000000000018,75.0,0.1.0,1013,hierarchy_tenure,witness,none,120,60,1,10.485897435897435,17.0,13.693333333333333,2141,4,0.3825096872887088,0.11412111953105165,
24.0,240.0,1.0000000000000002,3963.638738349124,3693.5737815179664,2195.880430017767,3.9884952347234806,3124,424.8000000000281,2124.0,980.0,0.0,980.0,3157.0,0.0,9.150000000000011,58.0,0.1.0,1013,hierarchy_tenure,consensus,none,120,60,1,14.9562876148242,25.0,18.29310344827586,3124,4,0.3695638928658544,0.11881811565194386,
21.0,240.0,1.0000000000000002,4000.5903865879623,3797.301722532744,2232.422133634892,3.4734974953212574,914,637.2000000000763,0.0,1344.0,0.0,1344.0,5042.0,0.0,15.000000000000025,98.0,0.1.0,1013,equal,central,none,120,60,14,4.917096390321301,8.0,7.8979591836734695,914,2,0.16115972381281501,-0.22330137778640882,
21.0,240.0,1.0000000000000002,4066.9438624099494,3797.0030432928634,2233.5947459836184,3.4734974953212574,2150,519.2000000000495,1038.400000000099,1058.0,0.0,1058.0,4076.0,0.0,12.60000000000002,76.0,0.1.0,1013,equal,witness,none,120,60,14,10.56207065750736,18.0,13.697368421052632,2150,4,0.1671441825994974,-0.23352482514904438,
20.0,240.0,1.0000000000000002,4132.844459523251,3792.845206427701,2231.6239306665802,3.2782663434347086,3127,424.8000000000281,2124.0,837.0,0.0,837.0,3299.0,0.0,9.450000000000012,60.0,0.1.0,1013,equal,consensus,none,120,60,14,15.105789633222189,25.0,18.583333333333332,3127,4,0.1695987689038681,-0.2380711124219848,
21.0,240.0,1.0000000000000002,3827.7903398746967,3722.2656857161082,2184.475627669486,3.7200605965336364,912,637.2000000000763,0.0,1488.0,0.0,1488.0,4897.0,0.0,14.550000000000024,95.0,0.1.0,1013,linear,central,none,120,60,14,4.885848478660404,8.0,7.852631578947369,912,2,0.01231078254509783,0.00254349371015615,
22.0,240.0,1.0000000000000002,3853.868219441398,3723.900882956165,2183.9744632924517,3.7799173986975956,2145,519.2000000000495,1038.400000000099,1197.0,0.0,1197.0,3941.0,0.0,12.450000000000019,75.0,0.1.0,1013,linear,witness,none,120,60,14,10.433392539964476,17.0,13.653333333333334,2145,3,0.014082069037041315,0.0034729043555911804,
22.0,240.0,1.0000000000000002,3895.5268699239755,3726.9437945539216,2187.337843342922,3.7799173986975956,3121,424.8000000000281,2124.0,929.0,0.0,929.0,3212.0,0.0,9.300000000000011,59.0,0.1.0,1013,linear,consensus,none,120,60,14,14.918430884184309,25.0,18.440677966101696,3121,4,0.015233667697511942,0.0009077358193314705,
21.0,240.0,1.0000000000000002,3849.4301883109692,3735.4287492933677,2189.840629977497,3.5846862468110468,913,637.2000000000763,0.0,1459.0,0.0,1459.0,4926.0,0.0,14.700000000000024,96.0,0.1.0,1013,sublinear,central,none,120,60,14,4.893625659764515,8.0,7.875,913,2,0.029282893554013433,-0.037751585014660166,
21.0,240.0,1.0000000000000002,3885.4801625627574,3736.8139862360367,2187.4596020626273,3.4734974953212574,2146,519.2000000000495,1038.400000000099,1170.0,0.0,1170.0,3967.0,0.0,12.450000000000019,75.0,0.1.0,1013,sublinear,witness,none,120,60,14,10.460801613309807,17.0,13.653333333333334,2146,3,0.030566959036809394,-0.03783730279442818,
21.0,240.0,1.0000000000000002,3932.9780395879384,3738.3527112922097,2191.4405216089854,3.4734974953212574,3123,424.8000000000281,2124.0,908.0,0.0,908.0,3231.0,0.0,9.300000000000011,59.0,0.1.0,1013,sublinear,consensus,none,120,60,14,14.956979263385948,25.0,18.440677966101696,3123,4,0.03248179334510503,-0.04060624865230833,
19.0,240.0,1.0000000000000002,3807.6568409637102,3692.011328459969,2201.459462896954,3.1359180640004425,911,637.2000000000763,0.0,1551.0,0.0,1551.0,4835.0,0.0,14.550000000000024,95.0,0.1.0,1013,hierarchy,central,none,120,60,14,4.8823164426059975,8.0,7.852631578947369,911,2,0.16604493410326301,0.16881885813111785,
21.0,240.0,1.0000000000000002,3784.470186402714,3690.449625386457,2194.1256250424826,3.7676181643174416,2144,519.2000000000495,1038.400000000099,1266.0,0.0,1266.0,3873.0,0.0,12.450000000000019,75.0,0.1.0,1013,hierarchy,witness,none,120,60,14,10.379034340304674,17.0,13.653333333333334,2144,3,0.15665284024534518,0.15158389724029736,
22.0,240.0,1.0000000000000002,3798.799618872649,3692.898839518208,2195.882142523059,4.297131357760586,3119,424.8000000000281,2124.0,971.0,0.0,971.0,3172.0,0.0,9.300000000000011,59.0,0.1.0,1013,hierarchy,consensus,none,120,60,14,14.83890290037831,25.0,18.440677966101696,3119,4,0.15262932786452357,0.14694634742825075,
25.0,240.0,1.0000000000000002,3899.9192273384956,3697.51319716015,2211.190874015076,4.11998447987625,917,637.2000000000763,0.0,1543.0,0.0,1543.0,4837.0,0.0,14.550000000000024,95.0,0.1.0,1013,hierarchy_tenure,central,none,120,60,14,4.901798635517883,8.0,7.852631578947369,917,2,0.3879256563178994,0.11887684192176862,
26.0,240.0,1.0000000000000002,3925.1067374666122,3695.478296664269,2201.7915456528444,4.288657717637959,2141,519.2000000000495,1038.400000000099,1241.0,0.0,1241.0,3900.0,0.0,12.300000000000018,75.0,0.1.0,1013,hierarchy_tenure,witness,none,120,60,14,10.485897435897435,17.0,13.693333333333333,2141,4,0.3825096872887088,0.11412111953105165,
24.0,240.0,1.0000000000000002,3963.638738349124,3693.5737815179664,2195.880430017767,3.9884952347234806,3124,424.8000000000281,2124.0,980.0,0.0,980.0,3157.0,0.0,9.150000000000011,58.0,0.1.0,1013,hierarchy_tenure,consensus,none,120,60,14,14.9562876148242,25.0,18.29310344827586,3124,4,0.3695638928658544,0.11881811565194386,
23.0,240.0,1.0000000000000002,4076.7487850005873,3861.816441409802,2423.505457273226,4.00607922815694,909,637.2000000000763,0.0,1258.0,0.0,1258.0,5121.0,0.0,13.650000000000022,85.0,0.1.0,1014,equal,central,none,120,60,1,4.874633860574106,8.0,7.423529411764706,909,4,0.15696284716576442,-0.2187736630844503,3.0
25.0,240.0,1.0000000000000002,4146.527591678283,3857.6939983298776,2414.436425660992,4.318240429131362,2147,519.2000000000495,1038.400000000099,939.0,0.0,939.0,4186.0,0.0,11.250000000000016,70.0,0.1.0,1014,equal,witness,none,120,60,1,10.519350215002389,17.0,12.314285714285715,2147,5,0.15218339893335245,-0.2146215829852527,3.0
25.0,240.0,1.0000000000000002,4221.371454159317,3849.9589874030617,2403.416649205745,4.318240429131362,3137,424.8000000000281,2124.0,729.0,0.0,729.0,3396.0,0.0,9.750000000000012,58.0,0.1.0,1014,equal,consensus,none,120,60,1,15.068021201413428,25.0,15.96551724137931,3137,2,0.15558839804639285,-0.21868944302430826,3.0
27.0,240.0,1.0000000000000002,3898.509121058556,3814.6066365182833,2378.02027081327,4.781399496286428,911,637.2000000000763,0.0,1286.0,0.0,1286.0,5089.0,0.0,13.350000000000021,83.0,0.1.0,1014,linear,central,none,120,60,1,4.890744743564551,8.0,7.409638554216867,911,4,0.0,2.0816681711721685e-17,3.0
26.0,240.0,1.0000000000000002,3942.18940995479,3800.5453426834874,2358.356330850328,4.952306617415312,2142,519.2000000000495,1038.400000000099,1020.0,0.0,1020.0,4109.0,0.0,11.100000000000016,69.0,0.1.0,1014,linear,witness,none,120,60,1,10.515697249939159,17.0,12.347826086956522,2142,6,0.0,6.938893903907228e-18,3.0
24.0,240.0,1.0000000000000002,3993.344526543261,3792.6309826423444,2348.732831160311,4.428765355786966,3129,424.8000000000281,2124.0,797.0,0.0,797.0,3335.0,0.0,9.600000000000012,57.0,0.1.0,1014,linear,consensus,none,120,60,1,15.029385307346327,25.0,16.05263157894737,3129,2,0.0,-4.163336342344337e-17,3.0
27.0,240.0,1.0000000000000002,3917.3799250297016,3823.354778832863,2379.0815691780904,4.9925579900398045,910,637.2000000000763,0.0,1286.0,0.0,1286.0,5092.0,0.0,13.650000000000022,85.0,0.1.0,1014,sublinear,central,none,120,60,1,4.888059701492537,8.0,7.423529411764706,910,4,0.026447784097233598,-0.03632306278595361,3.0
27.0,240.0,1.0000000000000002,3971.0352635947347,3814.2705431370086,2365.9920912432044,5.038481580612853,2140,519.2000000000495,1038.400000000099,999.0,0.0,999.0,4132.0,0.0,11.100000000000016,69.0,0.1.0,1014,sublinear,witness,none,120,60,1,10.518635043562439,17.0,12.347826086956522,2140,6,0.026983582527236864,-0.03702026867327532,3.0
24.0,240.0,1.0000000000000002,4024.7105008015537,3802.864792213123,2352.151366021243,4.428765355786966,3130,424.8000000000281,2124.0,782.0,0.0,782.0,3349.0,0.0,9.600000000000012,57.0,0.1.0,1014,sublinear,consensus,none,120,60,1,15.040907733651837,25.0,16.05263157894737,3130,2,0.028472126257248147,-0.0394186082385538,3.0
23.0,240.0,1.0000000000000002,3891.3439170216125,3770.776622550766,2397.326952257552,4.969136443593132,910,637.2000000000763,0.0,1332.0,0.0,1332.0,5044.0,0.0,13.350000000000021,83.0,0.1.0,1014,hierarchy,central,none,120,60,1,4.896907216494846,8.0,7.409638554216867,910,4,0.19324657277504637,0.21674761250648783,3.0
22.0,240.0,1.0000000000000002,3895.9967640807054,3759.4989413530056,2371.310185822812,4.675407216325686,2138,519.2000000000495,1038.400000000099,1076.0,0.0,1076.0,4056.0,0.0,10.950000000000015,68.0,0.1.0,1014,hierarchy,witness,none,120,60,1,10.49285009861933,17.0,12.25,2138,6,0.17689437054018448,0.19613781756650767,3.0
22.0,240.0,1.0000000000000002,3915.1806533021845,3753.44949124699,2355.1671450921945,4.6063581090971555,3123,424.8000000000281,2124.0,867.0,0.0,867.0,3270.0,0.0,9.450000000000012,56.0,0.1.0,1014,hierarchy,consensus,none,120,60,1,14.914678899082569,25.0,15.928571428571429,3123,2,0.16781547335216032,0.1796829134088871,3.0
25.0,240.0,1.0000000000000002,4066.047380662174,3796.4368733239216,2413.338681300537,5.045234651871913,910,637.2000000000763,0.0,1397.0,0.0,1397.0,4983.0,0.0,13.950000000000022,87.0,0.1.0,1014,hierarchy_tenure,central,none,120,60,1,4.881396748946417,8.0,7.494252873563219,910,4,0.41909887426780995,0.12381020804746076,3.0
25.0,240.0,1.0000000000000002,4095.621602608377,3790.694482892888,2394.8451319753362,5.045234651871913,2141,519.2000000000495,1038.400000000099,1105.0,0.0,1105.0,4028.0,0.0,11.550000000000017,72.0,0.1.0,1014,hierarchy_tenure,witness,none,120,60,1,10.452333664349553,17.0,12.402777777777779,2141,5,0.41085429612968355,0.1298848418342512,3.0
24.0,240.0,1.0000000000000002,4131.618133600623,3782.9823372522515,2374.6912715572253,5.16996425568928,3128,424.8000000000281,2124.0,869.0,0.0,869.0,3266.0,0.0,9.900000000000013,59.0,0.1.0,1014,hierarchy_tenure,consensus,none,120,60,1,14.909063074096755,25.0,16.10169491525424,3128,2,0.39892525564030756,0.13177344395431445,3.0
23.0,240.0,1.0000000000000002,4076.7487850005873,3861.816441409802,2423.505457273226,4.00607922815694,909,637.2000000000763,0.0,1258.0,0.0,1258.0,5121.0,0.0,13.650000000000022,85.0,0.1.0,1014,equal,central,none,120,60,14,4.874633860574106,8.0,7.423529411764706,909,4,0.15696284716576442,-0.2187736630844503,3.0
25.0,240.0,1.0000000000000002,4146.527591678283,3857.6939983298776,2414.436425660992,4.318240429131362,2147,519.2000000000495,1038.400000000099,939.0,0.0,939.0,4186.0,0.0,11.250000000000016,70.0,0.1.0,1014,equal,witness,none,120,60,14,10.519350215002389,17.0,12.314285714285715,2147,5,0.15218339893335245,-0.2146215829852527,3.0
25.0,240.0,1.0000000000000002,4221.371454159317,3849.9589874030617,2403.416649205745,4.318240429131362,3137,424.8000000000281,2124.0,729.0,0.0,729.0,3396.0,0.0,9.750000000000012,58.0,0.1.0,1014,equal,consensus,none,120,60,14,15.068021201413428,25.0,15.96551724137931,3137,2,0.15558839804639285,-0.21868944302430826,3.0
24.0,240.0,1.0000000000000002,3964.362764033347,3839.432107302,2407.271216694029,4.564724510215734,912,637.2000000000763,0.0,1273.0,0.0,1273.0,5102.0,0.0,13.500000000000021,84.0,0.1.0,1014,linear,central,none,120,60,14,4.8749509996079965,8.0,7.392857142857143,912,4,0.01220175263593162,-0.0007667546144647167,3.0
25.0,240.0,1.0000000000000002,4004.8730229650787,3831.7503262504624,2392.0853129174507,4.58391066540793,2140,519.2000000000495,1038.400000000099,977.0,0.0,977.0,4154.0,0.0,11.100000000000016,69.0,0.1.0,1014,linear,witness,none,120,60,14,10.49566682715455,17.0,12.173913043478262,2140,6,0.014431456092016506,0.004064501793174996,3.0
24.0,240.0,1.0000000000000002,4044.3998412303235,3821.1333096727844,2369.0828332790643,4.541931211427825,3132,424.8000000000281,2124.0,759.0,0.0,759.0,3371.0,0.0,9.750000000000012,58.0,0.1.0,1014,linear,consensus,none,120,60,14,15.023731830317413,25.0,15.96551724137931,3132,2,0.013575494984093677,0.0031106054960787707,3.0
27.0,240.0,1.0000000000000002,3976.1365666939846,3844.0956506847524,2405.034850265757,4.928304327589963,912,637.2000000000763,0.0,1268.0,0.0,1268.0,5108.0,0.0,13.650000000000022,85.0,0.1.0,1014,sublinear,central,none,120,60,14,4.87646828504307,8.0,7.423529411764706,912,4,0.030775598559144003,-0.03919421902515706,3.0
27.0,240.0,1.0000000000000002,4024.2922393472413,3837.089673566636,2390.94899542677,4.928304327589963,2140,519.2000000000495,1038.400000000099,968.0,0.0,968.0,4163.0,0.0,11.100000000000016,69.0,0.1.0,1014,sublinear,witness,none,120,60,14,10.504924333413404,17.0,12.173913043478262,2140,6,0.0285619727080051,-0.03526226464238265,3.0
25.0,240.0,1.0000000000000002,4074.5922272922385,3826.694868445708,2372.077266037437,4.628106174625366,3134,424.8000000000281,2124.0,750.0,0.0,750.0,3378.0,0.0,9.750000000000012,58.0,0.1.0,1014,sublinear,consensus,none,120,60,14,15.038188277087034,25.0,15.96551724137931,3134,2,0.029954140791034582,-0.03795439010795454,3.0
23.0,240.0,1.0000000000000002,3934.730545998882,3810.0338912187362,2421.5690286322647,4.465552249841809,916,637.2000000000763,0.0,1339.0,0.0,1339.0,5030.0,0.0,13.350000000000021,82.0,0.1.0,1014,hierarchy,central,none,120,60,14,4.87037773359841,8.0,7.378048780487805,916,3,0.18383386914015698,0.2023995077013278,4.0
24.0,240.0,1.0000000000000002,3940.304313127548,3800.5253680401934,2403.9002510962373,4.896233410218858,2136,519.2000000000495,1038.400000000099,1057.0,0.0,1057.0,4077.0,0.0,10.950000000000015,68.0,0.1.0,1014,hierarchy,witness,none,120,60,14,10.430218297767967,17.0,12.117647058823529,2136,5,0.17410416668938403,0.19106096750296778,3.0
25.0,240.0,1.0000000000000002,3973.7154033274323,3796.0033955959634,2378.171382683569,5.298834359749686,3129,424.8000000000281,2124.0,810.0,0.0,810.0,3323.0,0.0,9.750000000000012,58.0,0.1.0,1014,hierarchy,consensus,none,120,60,14,14.930484501956064,25.0,15.96551724137931,3129,2,0.16681322572301938,0.1767522106225968,3.0
25.0,240.0,1.0000000000000002,4066.047380662174,3796.4368733239216,2413.338681300537,5.045234651871913,910,637.2000000000763,0.0,1397.0,0.0,1397.0,4983.0,0.0,13.950000000000022,87.0,0.1.0,1014,hierarchy_tenure,central,none,120,60,14,4.881396748946417,8.0,7.494252873563219,910,4,0.41909887426780995,0.12381020804746076,3.0
25.0,240.0,1.0000000000000002,4095.621602608377,3790.694482892888,2394.8451319753362,5.045234651871913,2141,519.2000000000495,1038.400000000099,1105.0,0.0,1105.0,4028.0,0.0,11.550000000000017,72.0,0.1.0,1014,hierarchy_tenure,witness,none,120,60,14,10.452333664349553,17.0,12.402777777777779,2141,5,0.41085429612968355,0.1298848418342512,3.0
24.0,240.0,1.0000000000000002,4131.618133600623,3782.9823372522515,2374.6912715572253,5.16996425568928,3128,424.8000000000281,2124.0,869.0,0.0,869.0,3266.0,0.0,9.900000000000013,59.0,0.1.0,1014,hierarchy_tenure,consensus,none,120,60,14,14.909063074096755,25.0,16.10169491525424,3128,2,0.39892525564030756,0.13177344395431445,3.0
21.0,240.0,1.0000000000000002,4106.543190369702,3814.965494322768,1950.061065798722,3.9558505798217753,918,637.2000000000763,0.0,1417.0,0.0,1417.0,4956.0,0.0,13.650000000000022,88.0,0.1.0,1015,equal,central,none,120,60,1,4.90274414850686,8.0,7.8977272727272725,918,5,0.1885476744075159,-0.2622628743370256,
19.0,240.0,1.0000000000000002,4157.159136877042,3813.515518904662,1944.1729371369725,3.596154558912107,2141,519.2000000000495,1038.400000000099,1115.0,0.0,1115.0,4014.0,0.0,10.500000000000014,66.0,0.1.0,1015,equal,witness,none,120,60,1,10.493522670652716,17.0,13.196969696969697,2141,4,0.1921455397357727,-0.2681354654127305,
20.0,240.0,1.0000000000000002,4219.700751038286,3808.2991500200364,1933.8519235835583,3.699557369385449,3127,424.8000000000281,2124.0,880.0,0.0,880.0,3247.0,0.0,8.100000000000009,49.0,0.1.0,1015,equal,consensus,none,120,60,1,15.024022174314752,25.0,16.612244897959183,3127,3,0.19333935292233484,-0.27081258231724076,
21.0,240.0,1.0000000000000002,3892.982383080276,3767.2662388438093,1904.3130235045178,3.9036467558894725,915,637.2000000000763,0.0,1484.0,0.0,1484.0,4883.0,0.0,12.300000000000018,80.0,0.1.0,1015,linear,central,none,120,60,1,4.898832684824903,8.0,7.8625,915,5,0.0,-6.938893903907228e-18,
20.0,240.0,1.0000000000000002,3912.3426493240454,3759.4471796212288,1890.6174824012296,3.6592815544862867,2142,519.2000000000495,1038.400000000099,1199.0,0.0,1199.0,3925.0,0.0,9.900000000000013,62.0,0.1.0,1015,linear,witness,none,120,60,1,10.473885350318472,17.0,13.0,2142,4,0.0,-6.938893903907228e-18,
19.0,240.0,1.0000000000000002,3933.2363306293682,3756.5357670839176,1877.0055982079414,3.422923267082128,3122,424.8000000000281,2124.0,957.0,0.0,957.0,3173.0,0.0,7.800000000000008,47.0,0.1.0,1015,linear,consensus,none,120,60,1,14.952410967538608,25.0,16.4468085106383,3122,2,0.0,0.0,
21.0,240.0,1.0000000000000002,3911.1349430512164,3777.787862425791,1907.5100549520478,3.9036467558894725,915,637.2000000000763,0.0,1463.0,0.0,1463.0,4907.0,0.0,12.75000000000002,83.0,0.1.0,1015,sublinear,central,none,120,60,1,4.896882005298553,8.0,7.879518072289157,915,5,0.03238894645239963,-0.044124660685691916,
20.0,240.0,1.0000000000000002,3946.5787614719534,3771.1753812589536,1894.1450946765456,3.6592815544862867,2144,519.2000000000495,1038.400000000099,1185.0,0.0,1185.0,3938.0,0.0,10.050000000000013,63.0,0.1.0,1015,sublinear,witness,none,120,60,1,10.474860335195531,17.0,13.095238095238095,2144,4,0.03387180832930836,-0.045877460107161275,
19.0,240.0,1.0000000000000002,3981.3444116480923,3767.8067638163257,1883.030806169329,3.422923267082128,3127,424.8000000000281,2124.0,938.0,0.0,938.0,3188.0,0.0,7.950000000000008,48.0,0.1.0,1015,sublinear,consensus,none,120,60,1,14.976160602258469,25.0,16.520833333333332,3127,2,0.035792454798155134,-0.04769300790120727,
22.0,240.0,1.0000000000000002,3839.853361675398,3741.700259591528,1891.0096182410437,4.3084473024133905,913,637.2000000000763,0.0,1531.0,0.0,1531.0,4840.0,0.0,12.60000000000002,82.0,0.1.0,1015,hierarchy,central,none,120,60,1,4.901859504132231,8.0,7.902439024390244,913,5,0.16399897322622553,0.16210560302878613,
21.0,240.0,1.0000000000000002,3833.8817080274475,3727.946103952289,1865.808152053373,4.775924873280855,2140,519.2000000000495,1038.400000000099,1281.0,0.0,1281.0,3844.0,0.0,9.750000000000012,61.0,0.1.0,1015,hierarchy,witness,none,120,60,1,10.41961498439126,17.0,12.98360655737705,2140,4,0.1476859050708786,0.13984658093039037,
19.0,240.0,1.0000000000000002,3847.3900172285744,3738.3503078965364,1862.1431068813035,3.8839223431677348,3117,424.8000000000281,2124.0,983.0,0.0,983.0,3150.0,0.0,7.500000000000007,45.0,0.1.0,1015,hierarchy,consensus,none,120,60,1,14.900634920634921,25.0,16.08888888888889,3117,2,0.14215714735112145,0.13063203950799487,
24.0,240.0,1.0000000000000002,4013.1238847673526,3730.834111367507,1939.422959071387,4.344375168514692,914,637.2000000000763,0.0,1597.0,0.0,1597.0,4773.0,0.0,12.60000000000002,82.0,0.1.0,1015,hierarchy_tenure,central,none,120,60,1,4.8935679865912425,8.0,7.939024390243903,914,5,0.4133058700204151,0.08860772472400433,
23.0,240.0,1.0000000000000002,4024.8742183921945,3727.008548742104,1921.2957634867928,4.224193812915931,2139,519.2000000000495,1038.400000000099,1297.0,0.0,1297.0,3828.0,0.0,9.600000000000012,60.0,0.1.0,1015,hierarchy_tenure,witness,none,120,60,1,10.410135841170323,17.0,13.016666666666667,2139,4,0.40627620274880544,0.08386453084772418,
25.0,240.0,1.0000000000000002,4054.6161495775623,3726.4520517316387,1908.792835230994,4.447777978988034,3123,424.8000000000281,2124.0,1006.0,0.0,1006.0,3121.0,0.0,7.500000000000007,46.0,0.1.0,1015,hierarchy_tenure,consensus,none,120,60,1,14.909003524511375,25.0,16.58695652173913,3123,2,0.39360923442760526,0.08841055500320318,
21.0,240.0,1.0000000000000002,4106.543190369702,3814.965494322768,1950.061065798722,3.9558505798217753,918,637.2000000000763,0.0,1417.0,0.0,1417.0,4956.0,0.0,13.650000000000022,88.0,0.1.0,1015,equal,central,none,120,60,14,4.90274414850686,8.0,7.8977272727272725,918,5,0.1885476744075159,-0.2622628743370256,
19.0,240.0,1.0000000000000002,4157.159136877042,3813.515518904662,1944.1729371369725,3.596154558912107,2141,519.2000000000495,1038.400000000099,1115.0,0.0,1115.0,4014.0,0.0,10.500000000000014,66.0,0.1.0,1015,equal,witness,none,120,60,14,10.493522670652716,17.0,13.196969696969697,2141,4,0.1921455397357727,-0.2681354654127305,
20.0,240.0,1.0000000000000002,4219.700751038286,3808.2991500200364,1933.8519235835583,3.699557369385449,3127,424.8000000000281,2124.0,880.0,0.0,880.0,3247.0,0.0,8.100000000000009,49.0,0.1.0,1015,equal,consensus,none,120,60,14,15.024022174314752,25.0,16.612244897959183,3127,3,0.19333935292233484,-0.27081258231724076,
20.0,240.0,1.0000000000000002,3931.6659766771736,3781.7004927554467,1921.3630443568247,3.6592815544862867,915,637.2000000000763,0.0,1500.0,0.0,1500.0,4870.0,0.0,12.75000000000002,83.0,0.1.0,1015,linear,central,none,120,60,14,4.878850102669404,8.0,7.831325301204819,915,5,0.012991791183561545,0.004989748668894414,
21.0,240.0,1.0000000000000002,3934.6568328354338,3779.5315152273492,1901.3483663167851,4.120449162406929,2141,519.2000000000495,1038.400000000099,1189.0,0.0,1189.0,3937.0,0.0,10.050000000000013,64.0,0.1.0,1015,linear,witness,none,120,60,14,10.419100838201677,17.0,13.109375,2141,4,0.013047447202471429,0.0032533538066717924,
21.0,240.0,1.0000000000000002,3965.483749267386,3777.5495077825067,1888.0045259494398,4.120449162406929,3125,424.8000000000281,2124.0,920.0,0.0,920.0,3208.0,0.0,7.950000000000008,48.0,0.1.0,1015,linear,consensus,none,120,60,14,14.951059850374065,25.0,16.541666666666668,3125,2,0.016263163879084698,0.0030975801376849216,
20.0,240.0,1.0000000000000002,3953.545098188169,3790.1372131806243,1922.6568958756573,3.6592815544862867,915,637.2000000000763,0.0,1478.0,0.0,1478.0,4893.0,0.0,12.90000000000002,84.0,0.1.0,1015,sublinear,central,none,120,60,14,4.884733292458614,8.0,7.845238095238095,915,5,0.032813043673201384,-0.04132643754773903,
21.0,240.0,1.0000000000000002,3970.675666977999,3786.420229613678,1907.1831815755033,4.120449162406929,2142,519.2000000000495,1038.400000000099,1177.0,0.0,1177.0,3949.0,0.0,10.200000000000014,65.0,0.1.0,1015,sublinear,witness,none,120,60,14,10.432008103317296,17.0,13.107692307692307,2142,4,0.03508875647613466,-0.04463808822558193,
20.0,240.0,1.0000000000000002,4006.792312867587,3782.889324886549,1893.3133712851113,3.6592815544862867,3129,424.8000000000281,2124.0,910.0,0.0,910.0,3215.0,0.0,8.100000000000009,49.0,0.1.0,1015,sublinear,consensus,none,120,60,14,14.961741835147745,25.0,16.612244897959183,3129,2,0.03744764718450369,-0.04649347413920086,
22.0,240.0,1.0000000000000002,3887.1939215701873,3761.752491943528,1912.509233683352,5.0135807185768995,917,637.2000000000763,0.0,1542.0,0.0,1542.0,4824.0,0.0,12.450000000000019,81.0,0.1.0,1015,hierarchy,central,none,120,60,14,4.869817578772802,8.0,7.802469135802469,917,5,0.15993257979196907,0.15131500329321534,
22.0,240.0,1.0000000000000002,3875.9315232125127,3765.5708425477046,1897.2086600488192,5.107868943179084,2135,519.2000000000495,1038.400000000099,1244.0,0.0,1244.0,3885.0,0.0,9.600000000000012,62.0,0.1.0,1015,hierarchy,witness,none,120,60,14,10.35958815958816,17.0,12.919354838709678,2135,4,0.14358555523480696,0.13307869316822446,
21.0,240.0,1.0000000000000002,3901.173749642248,3769.710762993818,1876.2187247330455,4.188396226868315,3119,424.8000000000281,2124.0,943.0,0.0,943.0,3192.0,0.0,8.100000000000009,49.0,0.1.0,1015,hierarchy,consensus,none,120,60,14,14.911967418546366,25.0,16.755102040816325,3119,1,0.14184079019994214,0.12391744751371507,
24.0,240.0,1.0000000000000002,4013.1238847673526,3730.834111367507,1939.422959071387,4.344375168514692,914,637.2000000000763,0.0,1597.0,0.0,1597.0,4773.0,0.0,12.60000000000002,82.0,0.1.0,1015,hierarchy_tenure,central,none,120,60,14,4.8935679865912425,8.0,7.939024390243903,914,5,0.4133058700204151,0.08860772472400433,
23.0,240.0,1.0000000000000002,4024.8742183921945,3727.008548742104,1921.2957634867928,4.224193812915931,2139,519.2000000000495,1038.400000000099,1297.0,0.0,1297.0,3828.0,0.0,9.600000000000012,60.0,0.1.0,1015,hierarchy_tenure,witness,none,120,60,14,10.410135841170323,17.0,13.016666666666667,2139,4,0.40627620274880544,0.08386453084772418,
25.0,240.0,1.0000000000000002,4054.6161495775623,3726.4520517316387,1908.792835230994,4.447777978988034,3123,424.8000000000281,2124.0,1006.0,0.0,1006.0,3121.0,0.0,7.500000000000007,46.0,0.1.0,1015,hierarchy_tenure,consensus,none,120,60,14,14.909003524511375,25.0,16.58695652173913,3123,2,0.39360923442760526,0.08841055500320318,
17.0,240.0,1.0,4212.199636568124,3845.2745451302917,2166.442166977125,3.489629130390104,917,637.2000000000763,0.0,1300.0,0.0,1300.0,5080.0,0.0,14.550000000000024,93.0,0.1.0,1016,equal,central,none,120,60,1,4.923818897637795,8.0,7.752688172043011,917,2,0.19003719362179514,-0.255675191805726,
16.0,240.0,1.0,4275.9271343181,3840.3754499202473,2158.13617418316,3.4825288105528336,2151,519.2000000000495,1038.400000000099,1035.0,0.0,1035.0,4093.0,0.0,11.850000000000017,76.0,0.1.0,1016,equal,witness,none,120,60,1,10.552162228194478,17.0,13.013157894736842,2151,4,0.19685525191066142,-0.26251594704967496,
17.0,240.0,1.0,4350.60435205312,3834.2005625580177,2149.724393354882,3.8732174096117173,3134,424.8000000000281,2124.0,810.0,0.0,810.0,3321.0,0.0,9.750000000000012,63.0,0.1.0,1016,equal,consensus,none,120,60,1,15.155977115326708,25.0,17.38095238095238,3134,5,0.20292842556686924,-0.2701487637590086,
18.0,240.0,1.0000000000000002,3929.8820530063367,3789.2671393164906,2074.2422184557354,3.5302093376804202,916,637.2000000000763,0.0,1404.0,0.0,1404.0,4975.0,0.0,14.250000000000023,91.0,0.1.0,1016,linear,central,none,120,60,1,4.915979899497487,8.0,7.7032967032967035,916,3,0.0,1.3877787807814457e-17,
20.0,240.0,1.0000000000000002,3962.8989089445954,3779.1410808111373,2057.3016184009393,4.080313598740543,2147,519.2000000000495,1038.400000000099,1138.0,0.0,1138.0,3994.0,0.0,11.850000000000017,76.0,0.1.0,1016,linear,witness,none,120,60,1,10.506259389083626,17.0,12.921052631578947,2147,4,0.0,-1.3877787807814457e-17,
19.0,240.0,1.0000000000000002,4016.8310291330477,3774.1343985018666,2042.651771411151,3.8461415023212617,3127,424.8000000000281,2124.0,902.0,0.0,902.0,3236.0,0.0,9.750000000000012,63.0,0.1.0,1016,linear,consensus,none,120,60,1,15.071693448702101,25.0,17.38095238095238,3127,5,0.0,0.0,
18.0,240.0,1.0,3961.5914749751873,3800.1538057144394,2080.941090624818,3.5302093376804202,916,637.2000000000763,0.0,1384.0,0.0,1384.0,4997.0,0.0,14.550000000000024,93.0,0.1.0,1016,sublinear,central,none,120,60,1,4.918351010606364,8.0,7.731182795698925,916,3,0.03211143382693779,-0.043011487228989224,
17.0,240.0,1.0,4007.4206326977346,3792.2116215447786,2070.643654170471,3.52310901784315,2147,519.2000000000495,1038.400000000099,1107.0,0.0,1107.0,4026.0,0.0,12.000000000000018,77.0,0.1.0,1016,sublinear,witness,none,120,60,1,10.534773969200199,17.0,13.0,2147,4,0.03403346990288871,-0.044662980999642145,
19.0,240.0,1.0000000000000002,4070.9343014928286,3786.933684332018,2058.6076959298507,4.034083618176096,3130,424.8000000000281,2124.0,873.0,0.0,873.0,3262.0,0.0,9.750000000000012,63.0,0.1.0,1016,sublinear,consensus,none,120,60,1,15.117412630288166,25.0,17.38095238095238,3130,5,0.0366866040450307,-0.04756466394513666,
22.0,240.0,1.0000000000000002,3872.123168666321,3758.08882889943,2056.6516761407197,4.533266759059495,914,637.2000000000763,0.0,1461.0,0.0,1461.0,4916.0,0.0,13.650000000000022,87.0,0.1.0,1016,hierarchy,central,none,120,60,1,4.914768104149715,8.0,7.632183908045977,914,3,0.16309782441994933,0.17413041420337663,
23.0,240.0,1.0000000000000002,3889.378024184733,3746.692215748034,2037.706590061993,5.58817761427654,2144,519.2000000000495,1038.400000000099,1220.0,0.0,1220.0,3912.0,0.0,11.400000000000016,73.0,0.1.0,1016,hierarchy,witness,none,120,60,1,10.44478527607362,17.0,12.712328767123287,2144,4,0.14368283921086658,0.14845611914151227,
22.0,240.0,1.0000000000000002,3915.717150895917,3749.5997745223203,2020.2164772998076,5.03231760475308,3119,424.8000000000281,2124.0,954.0,0.0,954.0,3191.0,0.0,9.600000000000012,62.0,0.1.0,1016,hierarchy,consensus,none,120,60,1,14.973049200877467,25.0,17.20967741935484,3119,4,0.13622437558837866,0.12958418327014384,
20.0,240.0,1.0000000000000002,4023.8018027719,3761.053838306274,2096.202677663574,4.136909094426602,912,637.2000000000763,0.0,1571.0,0.0,1571.0,4810.0,0.0,13.950000000000022,90.0,0.1.0,1016,hierarchy_tenure,central,none,120,60,1,4.890228690228691,8.0,7.733333333333333,912,2,0.4180144793282809,0.08947528815876704,
20.0,240.0,1.0,4038.577640543586,3759.3351819179493,2081.926269557189,4.052860414122961,2143,519.2000000000495,1038.400000000099,1253.0,0.0,1253.0,3880.0,0.0,11.400000000000016,73.0,0.1.0,1016,hierarchy_tenure,witness,none,120,60,1,10.431443298969072,17.0,12.931506849315069,2143,4,0.41157562303116285,0.09185979631372211,
22.0,240.0,1.0000000000000002,4071.5682721092453,3757.09980247723,2068.9112382928856,4.800669721164094,3119,424.8000000000281,2124.0,982.0,0.0,982.0,3160.0,0.0,9.150000000000011,60.0,0.1.0,1016,hierarchy_tenure,consensus,none,120,60,1,14.935443037974684,25.0,17.25,3119,5,0.39888617137127264,0.09572706511394095,
17.0,240.0,1.0,4212.199636568124,3845.2745451302917,2166.442166977125,3.489629130390104,917,637.2000000000763,0.0,1300.0,0.0,1300.0,5080.0,0.0,14.550000000000024,93.0,0.1.0,1016,equal,central,none,120,60,14,4.923818897637795,8.0,7.752688172043011,917,2,0.19003719362179514,-0.255675191805726,
16.0,240.0,1.0,4275.9271343181,3840.3754499202473,2158.13617418316,3.4825288105528336,2151,519.2000000000495,1038.400000000099,1035.0,0.0,1035.0,4093.0,0.0,11.850000000000017,76.0,0.1.0,1016,equal,witness,none,120,60,14,10.552162228194478,17.0,13.013157894736842,2151,4,0.19685525191066142,-0.26251594704967496,
17.0,240.0,1.0,4350.60435205312,3834.2005625580177,2149.724393354882,3.8732174096117173,3134,424.8000000000281,2124.0,810.0,0.0,810.0,3321.0,0.0,9.750000000000012,63.0,0.1.0,1016,equal,consensus,none,120,60,14,15.155977115326708,25.0,17.38095238095238,3134,5,0.20292842556686924,-0.2701487637590086,
20.0,240.0,1.0,3999.364804776577,3807.6439803670473,2101.635437349348,3.790098547856546,916,637.2000000000763,0.0,1397.0,0.0,1397.0,4982.0,0.0,14.250000000000023,91.0,0.1.0,1016,linear,central,none,120,60,14,4.900843034925733,8.0,7.725274725274725,916,3,0.013427250603089965,0.001950248697116387,
22.0,240.0,1.0,4025.7417601482052,3804.1091302914615,2083.726355727697,4.774327924955703,2145,519.2000000000495,1038.400000000099,1112.0,0.0,1112.0,4022.0,0.0,11.850000000000017,76.0,0.1.0,1016,linear,witness,none,120,60,14,10.490303331675783,17.0,13.013157894736842,2145,4,0.01384893570554115,0.0043993715385860985,
20.0,240.0,1.0,4081.31354475913,3798.7173078756637,2072.53300595212,4.247742847787775,3127,424.8000000000281,2124.0,865.0,0.0,865.0,3273.0,0.0,9.750000000000012,63.0,0.1.0,1016,linear,consensus,none,120,60,14,15.074549343110297,25.0,17.38095238095238,3127,5,0.0163079535595453,0.0038283140286669085,
18.0,240.0,1.0,4029.9430941930777,3816.6407315343645,2110.2505420537336,3.5302093376804202,916,637.2000000000763,0.0,1372.0,0.0,1372.0,5007.0,0.0,14.250000000000023,91.0,0.1.0,1016,sublinear,central,none,120,60,14,4.9065308568004795,8.0,7.725274725274725,916,3,0.034002704286139024,-0.04270716788265647,
18.0,240.0,1.0,4067.3169484563896,3812.31518527799,2094.0367185301716,3.5302093376804202,2147,519.2000000000495,1038.400000000099,1087.0,0.0,1087.0,4045.0,0.0,11.850000000000017,76.0,0.1.0,1016,sublinear,witness,none,120,60,14,10.512731767614339,17.0,13.013157894736842,2147,4,0.03420579160982652,-0.0427792520561765,
18.0,240.0,1.0,4129.315965030733,3806.995231604642,2084.7266953593353,3.667654784853319,3129,424.8000000000281,2124.0,845.0,0.0,845.0,3291.0,0.0,9.750000000000012,63.0,0.1.0,1016,sublinear,consensus,none,120,60,14,15.105135217259193,25.0,17.38095238095238,3129,5,0.03674926170511476,-0.04587586859389247,
25.0,240.0,1.0000000000000002,3940.000394559037,3781.433800801002,2084.1463562304048,5.138639021956255,915,637.2000000000763,0.0,1488.0,0.0,1488.0,4890.0,0.0,13.950000000000022,89.0,0.1.0,1016,hierarchy,central,none,120,60,14,4.880163599182004,8.0,7.696629213483146,915,3,0.1529635319716982,0.16240556212150636,
21.0,240.0,1.0000000000000002,3943.2816911279597,3779.74268318191,2072.7255898620515,4.567458350920939,2142,519.2000000000495,1038.400000000099,1174.0,0.0,1174.0,3959.0,0.0,11.250000000000016,72.0,0.1.0,1016,hierarchy,witness,none,120,60,14,10.43495832280879,17.0,12.805555555555555,2142,4,0.13991574987124963,0.14108358555337944,
23.0,240.0,1.0000000000000002,4003.1262966289582,3784.9304226805457,2065.490931754477,5.302461971187485,3124,424.8000000000281,2124.0,896.0,0.0,896.0,3244.0,0.0,9.600000000000012,62.0,0.1.0,1016,hierarchy,consensus,none,120,60,14,15.010789149198521,25.0,17.20967741935484,3124,5,0.13235381094101895,0.12336883344852032,
20.0,240.0,1.0000000000000002,4023.8018027719,3761.053838306274,2096.202677663574,4.136909094426602,912,637.2000000000763,0.0,1571.0,0.0,1571.0,4810.0,0.0,13.950000000000022,90.0,0.1.0,1016,hierarchy_tenure,central,none,120,60,14,4.890228690228691,8.0,7.733333333333333,912,2,0.4180144793282809,0.08947528815876704,
20.0,240.0,1.0,4038.577640543586,3759.3351819179493,2081.926269557189,4.052860414122961,2143,519.2000000000495,1038.400000000099,1253.0,0.0,1253.0,3880.0,0.0,11.400000000000016,73.0,0.1.0,1016,hierarchy_tenure,witness,none,120,60,14,10.431443298969072,17.0,12.931506849315069,2143,4,0.41157562303116285,0.09185979631372211,
22.0,240.0,1.0000000000000002,4071.5682721092453,3757.09980247723,2068.9112382928856,4.800669721164094,3119,424.8000000000281,2124.0,982.0,0.0,982.0,3160.0,0.0,9.150000000000011,60.0,0.1.0,1016,hierarchy_tenure,consensus,none,120,60,14,14.935443037974684,25.0,17.25,3119,5,0.39888617137127264,0.09572706511394095,
24.0,240.0,1.0000000000000002,3980.6898422756817,3852.003199035644,2273.2212585706225,4.4134611190035535,917,637.2000000000763,0.0,1358.0,0.0,1358.0,5016.0,0.0,13.800000000000022,91.0,0.1.0,1017,equal,central,none,120,60,1,4.884370015948964,8.0,7.582417582417582,917,5,0.17735089519679248,-0.24311280915247876,1.0
23.0,240.0,1.0000000000000002,4034.8018842232314,3848.174617095934,2266.5977158449296,4.276898177227714,2140,519.2000000000495,1038.400000000099,1056.0,0.0,1056.0,4081.0,0.0,11.700000000000017,75.0,0.1.0,1017,equal,witness,none,120,60,1,10.463856897819163,17.0,12.653333333333334,2140,5,0.17787475217249404,-0.2462570078336743,1.0
24.0,240.0,1.0000000000000002,4097.180018297994,3842.0697572236973,2260.3900854940694,4.187046664689155,3118,424.8000000000281,2124.0,832.0,0.0,832.0,3318.0,0.0,10.350000000000014,66.0,0.1.0,1017,equal,consensus,none,120,60,1,14.980711271850513,25.0,17.515151515151516,3118,4,0.1741859297229642,-0.24186427370830307,1.0
24.0,240.0,1.0000000000000002,3816.8697999503775,3804.3677195047057,2222.4344642297547,4.440245963451497,918,637.2000000000763,0.0,1404.0,0.0,1404.0,4968.0,0.0,13.500000000000021,90.0,0.1.0,1017,linear,central,none,120,60,1,4.891505636070853,8.0,7.633333333333334,918,5,0.0,2.0816681711721685e-17,
24.0,240.0,1.0000000000000002,3843.61944576361,3799.760570670842,2207.9424069254105,4.757582365761436,2139,519.2000000000495,1038.400000000099,1112.0,0.0,1112.0,4025.0,0.0,11.400000000000016,74.0,0.1.0,1017,linear,witness,none,120,60,1,10.453664596273292,17.0,12.72972972972973,2139,4,0.0,-2.7755575615628914e-17,
23.0,240.0,1.0000000000000002,3870.70003333282,3789.8383235028377,2185.4774638164886,4.240145189577443,3118,424.8000000000281,2124.0,906.0,0.0,906.0,3242.0,0.0,9.900000000000013,64.0,0.1.0,1017,linear,consensus,none,120,60,1,14.904380012338063,25.0,17.515625,3118,4,0.0,6.938893903907228e-18,
24.0,240.0,1.0000000000000002,3825.8013426987973,3811.875190300463,2217.628945465384,4.416007570987842,918,637.2000000000763,0.0,1404.0,0.0,1404.0,4969.0,0.0,13.650000000000022,91.0,0.1.0,1017,sublinear,central,none,120,60,1,4.889716240692292,8.0,7.615384615384615,918,5,0.030576182877697176,-0.04099466034001305,
23.0,240.0,1.0000000000000002,3865.4616051213925,3809.2944743818043,2208.77526757461,4.171695254826361,2139,519.2000000000495,1038.400000000099,1103.0,0.0,1103.0,4035.0,0.0,11.550000000000017,75.0,0.1.0,1017,sublinear,witness,none,120,60,1,10.449814126394052,17.0,12.693333333333333,2139,4,0.03080165210502104,-0.04164017438139279,
22.0,240.0,1.0000000000000002,3902.4398597956797,3800.2772869730447,2192.0377675913546,3.773676365685327,3116,424.8000000000281,2124.0,888.0,0.0,888.0,3263.0,0.0,10.050000000000013,65.0,0.1.0,1017,sublinear,consensus,none,120,60,1,14.933190315660434,25.0,17.661538461538463,3116,4,0.03175578152783059,-0.04273240666272366,
24.0,240.0,1.0000000000000002,3742.1504880399693,3753.165855560496,2226.9905935437273,5.057560177403482,914,637.2000000000763,0.0,1475.0,0.0,1475.0,4900.0,0.0,13.350000000000021,89.0,0.1.0,1017,hierarchy,central,none,120,60,1,4.881428571428572,8.0,7.651685393258427,914,4,0.1772881157444818,0.19768427511626246,
23.0,240.0,1.0000000000000002,3747.9166349470747,3745.747495789545,2196.4475332303577,4.837148642772998,2132,519.2000000000495,1038.400000000099,1180.0,0.0,1180.0,3963.0,0.0,11.250000000000016,73.0,0.1.0,1017,hierarchy,witness,none,120,60,1,10.43855664900328,17.0,12.780821917808218,2132,4,0.1602082435731922,0.17393400953091248,
25.0,240.0,1.0000000000000002,3779.577316493035,3739.399565305403,2173.785384865878,4.8752004051467175,3115,424.8000000000281,2124.0,937.0,0.0,937.0,3213.0,0.0,9.750000000000012,63.0,0.1.0,1017,hierarchy,consensus,none,120,60,1,14.88795518207283,25.0,17.317460317460316,3115,4,0.1551173376444232,0.16249032817391915,
23.0,240.0,1.0000000000000002,3935.1420229978708,3805.283590184178,2291.515680809148,5.495906159262932,907,637.2000000000763,0.0,1496.0,0.0,1496.0,4891.0,0.0,14.100000000000023,94.0,0.1.0,1017,hierarchy_tenure,central,none,120,60,1,4.875485585769781,8.0,7.627659574468085,907,5,0.3956002351074893,0.11622063678850868,
22.0,240.0,1.0000000000000002,3949.376556536743,3798.6052416654006,2272.5361815850174,5.129721441301055,2134,519.2000000000495,1038.400000000099,1164.0,0.0,1164.0,3981.0,0.0,11.850000000000017,77.0,0.1.0,1017,hierarchy_tenure,witness,none,120,60,1,10.442602361215775,17.0,12.74025974025974,2134,5,0.3812333074490541,0.12086885169107076,
20.0,240.0,1.0000000000000002,3976.7723843502185,3789.04952919861,2252.0573643598523,4.009312862850012,3109,424.8000000000281,2124.0,938.0,0.0,938.0,3222.0,0.0,10.350000000000014,66.0,0.1.0,1017,hierarchy_tenure,consensus,none,120,60,1,14.892302917442581,25.0,17.424242424242426,3109,5,0.369736296839984,0.12673624140709613,
24.0,240.0,1.0000000000000002,3980.6898422756817,3852.003199035644,2273.2212585706225,4.4134611190035535,917,637.2000000000763,0.0,1358.0,0.0,1358.0,5016.0,0.0,13.800000000000022,91.0,0.1.0,1017,equal,central,none,120,60,14,4.884370015948964,8.0,7.582417582417582,917,5,0.17735089519679248,-0.24311280915247876,1.0
23.0,240.0,1.0000000000000002,4034.8018842232314,3848.174617095934,2266.5977158449296,4.276898177227714,2140,519.2000000000495,1038.400000000099,1056.0,0.0,1056.0,4081.0,0.0,11.700000000000017,75.0,0.1.0,1017,equal,witness,none,120,60,14,10.463856897819163,17.0,12.653333333333334,2140,5,0.17787475217249404,-0.2462570078336743,1.0
24.0,240.0,1.0000000000000002,4097.180018297994,3842.0697572236973,2260.3900854940694,4.187046664689155,3118,424.8000000000281,2124.0,832.0,0.0,832.0,3318.0,0.0,10.350000000000014,66.0,0.1.0,1017,equal,consensus,none,120,60,14,14.980711271850513,25.0,17.515151515151516,3118,4,0.1741859297229642,-0.24186427370830307,1.0
24.0,240.0,1.0000000000000002,3860.1916838580937,3828.9819125833214,2250.0409058466525,4.687833560050208,919,637.2000000000763,0.0,1395.0,0.0,1395.0,4977.0,0.0,13.650000000000022,91.0,0.1.0,1017,linear,central,none,120,60,14,4.878239903556359,8.0,7.582417582417582,919,5,0.013239385699649575,0.003791443432288037,
24.0,240.0,1.0000000000000002,3878.9494595630467,3821.3653817408845,2226.241793004045,4.440245963451497,2136,519.2000000000495,1038.400000000099,1110.0,0.0,1110.0,4030.0,0.0,11.400000000000016,74.0,0.1.0,1017,linear,witness,none,120,60,14,10.419354838709678,17.0,12.58108108108108,2136,4,0.013629032863950976,-0.00030854302349416635,
23.0,240.0,1.0000000000000002,3921.4589489564787,3816.0861665810758,2206.200736615486,4.3412258038768305,3115,424.8000000000281,2124.0,876.0,0.0,876.0,3275.0,0.0,9.900000000000013,64.0,0.1.0,1017,linear,consensus,none,120,60,14,14.89496183206107,25.0,17.265625,3115,3,0.013885813995782766,0.00235294756889734,
26.0,240.0,1.0000000000000002,3871.1168704925835,3832.9168704401714,2248.016790284809,4.822331705408185,920,637.2000000000763,0.0,1382.0,0.0,1382.0,4989.0,0.0,13.650000000000022,91.0,0.1.0,1017,sublinear,central,none,120,60,14,4.8855482060533175,8.0,7.582417582417582,920,5,0.031099791018583994,-0.0390713661606253,
25.0,240.0,1.0000000000000002,3898.698300922556,3825.5583854816614,2227.574792445358,4.515027730562509,2138,519.2000000000495,1038.400000000099,1100.0,0.0,1100.0,4038.0,0.0,11.400000000000016,74.0,0.1.0,1017,sublinear,witness,none,120,60,14,10.428429915799901,17.0,12.58108108108108,2138,4,0.03449192690771228,-0.043633617692750544,
23.0,240.0,1.0000000000000002,3945.99867108914,3820.6339765222106,2211.8344167959367,3.956589253372352,3116,424.8000000000281,2124.0,867.0,0.0,867.0,3284.0,0.0,10.050000000000013,65.0,0.1.0,1017,sublinear,consensus,none,120,60,14,14.916869671132766,25.0,17.4,3116,3,0.035114530164275584,-0.04293423961200447,
24.0,240.0,1.0000000000000002,3839.380535362944,3803.270309574211,2268.8270851960483,5.138643003993659,917,637.2000000000763,0.0,1424.0,0.0,1424.0,4952.0,0.0,13.950000000000022,93.0,0.1.0,1017,hierarchy,central,none,120,60,14,4.8739903069466886,8.0,7.602150537634409,917,5,0.173519978109963,0.1881630806102302,
27.0,240.0,1.0000000000000002,3845.0701863320246,3785.5979235183045,2233.5569974435602,5.439206776095402,2135,519.2000000000495,1038.400000000099,1133.0,0.0,1133.0,4009.0,0.0,11.550000000000017,75.0,0.1.0,1017,hierarchy,witness,none,120,60,14,10.413070591169868,17.0,12.6,2135,4,0.15687275898097544,0.16826968832297542,
28.0,240.0,1.0000000000000002,3876.5483625498405,3774.2284440012704,2208.1471118564864,5.569227049284306,3113,424.8000000000281,2124.0,899.0,0.0,899.0,3254.0,0.0,9.900000000000013,64.0,0.1.0,1017,hierarchy,consensus,none,120,60,14,14.870620774431469,25.0,17.40625,3113,4,0.146479831331,0.1548382546668638,
23.0,240.0,1.0000000000000002,3935.1420229978708,3805.283590184178,2291.515680809148,5.495906159262932,907,637.2000000000763,0.0,1496.0,0.0,1496.0,4891.0,0.0,14.100000000000023,94.0,0.1.0,1017,hierarchy_tenure,central,none,120,60,14,4.875485585769781,8.0,7.627659574468085,907,5,0.3956002351074893,0.11622063678850868,
22.0,240.0,1.0000000000000002,3949.376556536743,3798.6052416654006,2272.5361815850174,5.129721441301055,2134,519.2000000000495,1038.400000000099,1164.0,0.0,1164.0,3981.0,0.0,11.850000000000017,77.0,0.1.0,1017,hierarchy_tenure,witness,none,120,60,14,10.442602361215775,17.0,12.74025974025974,2134,5,0.3812333074490541,0.12086885169107076,
20.0,240.0,1.0000000000000002,3976.7723843502185,3789.04952919861,2252.0573643598523,4.009312862850012,3109,424.8000000000281,2124.0,938.0,0.0,938.0,3222.0,0.0,10.350000000000014,66.0,0.1.0,1017,hierarchy_tenure,consensus,none,120,60,14,14.892302917442581,25.0,17.424242424242426,3109,5,0.369736296839984,0.12673624140709613,
28.0,240.0,1.0000000000000002,4173.411608093275,3861.899585029149,2213.2620592320795,5.416204704805198,910,637.2000000000763,0.0,1372.0,0.0,1372.0,5010.0,0.0,14.100000000000023,90.0,0.1.0,1018,equal,central,none,120,60,1,4.88562874251497,8.0,7.7555555555555555,910,4,0.19025030454919117,-0.26210049507321487,2.0
27.0,240.0,1.0000000000000002,4230.322644250608,3857.6688267099503,2199.1527673809624,5.2926879793192745,2152,519.2000000000495,1038.400000000099,1070.0,0.0,1070.0,4060.0,0.0,12.60000000000002,79.0,0.1.0,1018,equal,witness,none,120,60,1,10.464285714285714,18.0,14.227848101265822,2152,0,0.19013368445858883,-0.26316697318149024,2.0
28.0,240.0,1.0000000000000002,4296.890697572397,3851.9710038590297,2186.7121805819647,5.416204704805198,3118,424.8000000000281,2124.0,824.0,0.0,824.0,3320.0,0.0,9.600000000000012,54.0,0.1.0,1018,equal,consensus,none,120,60,1,15.028012048192771,25.0,18.055555555555557,3118,6,0.18414245715087144,-0.25526845111470037,2.0
30.0,240.0,1.0000000000000002,3885.5399100481914,3813.5568608964713,2177.3617792249347,6.075507719975237,915,637.2000000000763,0.0,1403.0,0.0,1403.0,4976.0,0.0,14.400000000000023,92.0,0.1.0,1018,linear,central,none,120,60,1,4.88685691318328,8.0,7.75,915,4,0.0,-6.938893903907228e-18,2.0
27.0,240.0,1.0000000000000002,3916.0056879799936,3802.116311043256,2159.4483180549905,5.327371629350808,2151,519.2000000000495,1038.400000000099,1130.0,0.0,1130.0,4000.0,0.0,12.450000000000019,78.0,0.1.0,1018,linear,witness,none,120,60,1,10.447,18.0,14.23076923076923,2151,0,0.0,6.938893903907228e-18,2.0
30.0,240.0,1.0000000000000002,3945.8591267080014,3792.366103214839,2134.1184878156823,5.838101422669678,3117,424.8000000000281,2124.0,893.0,0.0,893.0,3252.0,0.0,9.600000000000012,54.0,0.1.0,1018,linear,consensus,none,120,60,1,14.960639606396064,25.0,18.055555555555557,3117,5,0.0,6.938893903907228e-18,2.0
31.0,240.0,1.0000000000000002,3929.2474884670173,3829.752274236779,2185.2963204608923,6.1752437692118045,914,637.2000000000763,0.0,1381.0,0.0,1381.0,5000.0,0.0,14.550000000000024,93.0,0.1.0,1018,sublinear,central,none,120,60,1,4.8896,8.0,7.774193548387097,914,4,0.03134065768310335,-0.04264930395246428,2.0
28.0,240.0,1.0000000000000002,3964.110066229074,3816.0445326105114,2161.10446858635,5.651946987095424,2151,519.2000000000495,1038.400000000099,1109.0,0.0,1109.0,4022.0,0.0,12.60000000000002,79.0,0.1.0,1018,sublinear,witness,none,120,60,1,10.45972153157633,18.0,14.30379746835443,2151,0,0.033203425454431175,-0.044749647514879365,2.0
30.0,240.0,1.0000000000000002,4010.9000125300454,3807.788538381001,2141.763681198632,5.794605290177361,3121,424.8000000000281,2124.0,871.0,0.0,871.0,3270.0,0.0,9.600000000000012,54.0,0.1.0,1018,sublinear,consensus,none,120,60,1,14.9782874617737,25.0,18.055555555555557,3121,6,0.03444404502476757,-0.04575742744295802,2.0
24.0,240.0,1.0000000000000002,3813.583782115134,3768.8248885689627,2167.6160818579274,4.881270317258958,911,637.2000000000763,0.0,1497.0,0.0,1497.0,4883.0,0.0,13.800000000000022,89.0,0.1.0,1018,hierarchy,central,none,120,60,1,4.881425353266435,8.0,7.719101123595506,911,5,0.1715840843940645,0.18326101316579946,1.0
26.0,240.0,1.0000000000000002,3853.5131831163767,3763.889762336044,2150.8166738447962,5.370480771157325,2145,519.2000000000495,1038.400000000099,1194.0,0.0,1194.0,3942.0,0.0,12.300000000000018,78.0,0.1.0,1018,hierarchy,witness,none,120,60,1,10.442161339421613,18.0,14.256410256410257,2145,1,0.16012784278764292,0.15984675302921375,1.0
24.0,240.0,1.0000000000000002,3874.444418334888,3758.2062628795893,2116.380197028029,4.825439794348963,3113,424.8000000000281,2124.0,940.0,0.0,940.0,3207.0,0.0,9.150000000000011,52.0,0.1.0,1018,hierarchy,consensus,none,120,60,1,14.902089179918928,25.0,17.884615384615383,3113,5,0.15223674173876864,0.14723022810104278,1.0
27.0,240.0,1.0000000000000002,4021.7142983864737,3786.778754578391,2164.4727567966306,5.223386331452348,910,637.2000000000763,0.0,1555.0,0.0,1555.0,4818.0,0.0,12.75000000000002,81.0,0.1.0,1018,hierarchy_tenure,central,none,120,60,1,4.858862598588626,8.0,7.666666666666667,910,5,0.4227430943554478,0.09281656745974601,2.0
29.0,240.0,1.0000000000000002,4048.1492414471763,3786.5550724456943,2146.632651395234,5.528934954050205,2141,519.2000000000495,1038.400000000099,1216.0,0.0,1216.0,3918.0,0.0,11.550000000000017,73.0,0.1.0,1018,hierarchy_tenure,witness,none,120,60,1,10.389484430832058,18.0,14.136986301369863,2141,1,0.41318895942537726,0.09650514821774425,2.0
29.0,240.0,1.0000000000000002,4084.798851853287,3779.888606854756,2126.4992713320426,5.528934954050205,3106,424.8000000000281,2124.0,956.0,0.0,956.0,3195.0,0.0,8.85000000000001,49.0,0.1.0,1018,hierarchy_tenure,consensus,none,120,60,1,14.887323943661972,25.0,17.653061224489797,3106,6,0.39768680225712355,0.10853516885858253,2.0
28.0,240.0,1.0000000000000002,4173.411608093275,3861.899585029149,2213.2620592320795,5.416204704805198,910,637.2000000000763,0.0,1372.0,0.0,1372.0,5010.0,0.0,14.100000000000023,90.0,0.1.0,1018,equal,central,none,120,60,14,4.88562874251497,8.0,7.7555555555555555,910,4,0.19025030454919117,-0.26210049507321487,2.0
27.0,240.0,1.0000000000000002,4230.322644250608,3857.6688267099503,2199.1527673809624,5.2926879793192745,2152,519.2000000000495,1038.400000000099,1070.0,0.0,1070.0,4060.0,0.0,12.60000000000002,79.0,0.1.0,1018,equal,witness,none,120,60,14,10.464285714285714,18.0,14.227848101265822,2152,0,0.19013368445858883,-0.26316697318149024,2.0
28.0,240.0,1.0000000000000002,4296.890697572397,3851.9710038590297,2186.7121805819647,5.416204704805198,3118,424.8000000000281,2124.0,824.0,0.0,824.0,3320.0,0.0,9.600000000000012,54.0,0.1.0,1018,equal,consensus,none,120,60,14,15.028012048192771,25.0,18.055555555555557,3118,6,0.18414245715087144,-0.25526845111470037,2.0
30.0,240.0,1.0000000000000002,3972.1392808792357,3835.622463418958,2201.8144131932045,5.9034764240234585,914,637.2000000000763,0.0,1399.0,0.0,1399.0,4977.0,0.0,13.800000000000022,88.0,0.1.0,1018,linear,central,none,120,60,14,4.876230661040788,8.0,7.704545454545454,914,5,0.013481831357309784,0.0012740781844684315,2.0
28.0,240.0,1.0000000000000002,4000.3216764275153,3830.628252349776,2177.7380191573648,5.651946987095424,2147,519.2000000000495,1038.400000000099,1098.0,0.0,1098.0,4037.0,0.0,12.60000000000002,79.0,0.1.0,1018,linear,witness,none,120,60,14,10.444141689373296,17.0,14.253164556962025,2147,0,0.013407307284015749,0.005873009395332203,2.0
28.0,240.0,1.0000000000000002,4035.526970956256,3819.256069013408,2157.8443552734493,5.4326764746749525,3121,424.8000000000281,2124.0,861.0,0.0,861.0,3280.0,0.0,9.600000000000012,54.0,0.1.0,1018,linear,consensus,none,120,60,14,14.932317073170731,25.0,18.055555555555557,3121,5,0.01619105529325605,0.003356773715067124,2.0
29.0,240.0,1.0000000000000002,4001.3378771180005,3842.0904598372495,2199.542203571541,5.558904006695147,912,637.2000000000763,0.0,1387.0,0.0,1387.0,4992.0,0.0,13.950000000000022,89.0,0.1.0,1018,sublinear,central,none,120,60,14,4.883814102564102,8.0,7.730337078651686,912,5,0.03477129272626629,-0.044405419134887665,2.0
28.0,240.0,1.0000000000000002,4037.3578886928176,3835.99801072397,2178.5415530789687,5.651946987095424,2150,519.2000000000495,1038.400000000099,1091.0,0.0,1091.0,4041.0,0.0,12.60000000000002,79.0,0.1.0,1018,sublinear,witness,none,120,60,14,10.452115812917596,17.0,14.253164556962025,2150,0,0.03473567333410948,-0.04353691037546317,2.0
28.0,240.0,1.0000000000000002,4075.0075680898008,3824.9837818957462,2159.105953674139,5.680935616235313,3124,424.8000000000281,2124.0,855.0,0.0,855.0,3283.0,0.0,9.600000000000012,54.0,0.1.0,1018,sublinear,consensus,none,120,60,14,14.940298507462687,25.0,18.055555555555557,3124,6,0.037920471818381984,-0.04612001841922396,2.0
25.0,240.0,1.0000000000000002,3937.496818876683,3809.399973064489,2199.766782977096,5.166916699606624,909,637.2000000000763,0.0,1475.0,0.0,1475.0,4907.0,0.0,13.950000000000022,89.0,0.1.0,1018,hierarchy,central,none,120,60,14,4.8628489912370085,8.0,7.696629213483146,909,6,0.16074041935402938,0.16500730235331107,2.0
25.0,240.0,1.0000000000000002,3959.1523152821305,3802.463134818483,2171.3395938799326,5.2590229856387785,2146,519.2000000000495,1038.400000000099,1154.0,0.0,1154.0,3980.0,0.0,12.300000000000018,77.0,0.1.0,1018,hierarchy,witness,none,120,60,14,10.39145728643216,17.0,14.155844155844155,2146,0,0.14985833594569087,0.14424731959303155,2.0
26.0,240.0,1.0000000000000002,3967.0073426255144,3792.0731332868627,2140.538350023018,5.235072817137003,3117,424.8000000000281,2124.0,894.0,0.0,894.0,3251.0,0.0,9.600000000000012,54.0,0.1.0,1018,hierarchy,consensus,none,120,60,14,14.885573669640111,25.0,18.055555555555557,3117,5,0.1493534839403825,0.13680393348758185,2.0
27.0,240.0,1.0000000000000002,4021.7142983864737,3786.778754578391,2164.4727567966306,5.223386331452348,910,637.2000000000763,0.0,1555.0,0.0,1555.0,4818.0,0.0,12.75000000000002,81.0,0.1.0,1018,hierarchy_tenure,central,none,120,60,14,4.858862598588626,8.0,7.666666666666667,910,5,0.4227430943554478,0.09281656745974601,2.0
29.0,240.0,1.0000000000000002,4048.1492414471763,3786.5550724456943,2146.632651395234,5.528934954050205,2141,519.2000000000495,1038.400000000099,1216.0,0.0,1216.0,3918.0,0.0,11.550000000000017,73.0,0.1.0,1018,hierarchy_tenure,witness,none,120,60,14,10.389484430832058,18.0,14.136986301369863,2141,1,0.41318895942537726,0.09650514821774425,2.0
29.0,240.0,1.0000000000000002,4084.798851853287,3779.888606854756,2126.4992713320426,5.528934954050205,3106,424.8000000000281,2124.0,956.0,0.0,956.0,3195.0,0.0,8.85000000000001,49.0,0.1.0,1018,hierarchy_tenure,consensus,none,120,60,14,14.887323943661972,25.0,17.653061224489797,3106,6,0.39768680225712355,0.10853516885858253,2.0
20.0,240.0,1.0000000000000002,4006.873203114757,3814.8633359302685,2035.1986040861877,2.430569828180791,912,637.2000000000763,0.0,1394.0,0.0,1394.0,4989.0,0.0,14.250000000000023,95.0,0.1.0,1019,equal,central,none,120,60,1,4.91320905993185,8.0,7.7368421052631575,912,5,0.17486824533421422,-0.23808617733339926,
21.0,240.0,1.0000000000000002,4060.445573742926,3813.3016640033743,2031.4397853095813,2.9133369861177223,2158,519.2000000000495,1038.400000000099,1092.0,0.0,1092.0,4028.0,0.0,11.700000000000017,73.0,0.1.0,1019,equal,witness,none,120,60,1,10.517874875868918,17.0,13.205479452054794,2158,4,0.1758927275939945,-0.24367417857914675,
20.0,240.0,1.0000000000000002,4129.25060946799,3810.9484324612345,2031.6948664159208,2.6201538102486968,3124,424.8000000000281,2124.0,872.0,0.0,872.0,3265.0,0.0,9.150000000000011,55.0,0.1.0,1019,equal,consensus,none,120,60,1,15.049617151607963,25.0,16.70909090909091,3124,2,0.17265990089506836,-0.24483292144876623,
25.0,240.0,1.0000000000000002,3755.417153181189,3741.1772941597524,1967.0147546057735,3.756914094735877,914,637.2000000000763,0.0,1494.0,0.0,1494.0,4885.0,0.0,13.950000000000022,92.0,0.1.0,1019,linear,central,none,120,60,1,4.917502558853633,8.0,7.771739130434782,914,5,0.0,0.0,
25.0,240.0,1.0000000000000002,3787.364812009284,3734.7894680130576,1964.3364232577337,4.26035372312417,2151,519.2000000000495,1038.400000000099,1207.0,0.0,1207.0,3918.0,0.0,11.400000000000016,71.0,0.1.0,1019,linear,witness,none,120,60,1,10.472690148034712,17.0,13.183098591549296,2151,5,0.0,0.0,
23.0,240.0,1.0000000000000002,3835.614492932386,3734.810134129247,1966.6390943260133,4.0358806811999735,3120,424.8000000000281,2124.0,962.0,0.0,962.0,3177.0,0.0,8.85000000000001,53.0,0.1.0,1019,linear,consensus,none,120,60,1,14.939250865596474,25.0,16.471698113207548,3120,2,0.0,6.938893903907228e-18,
25.0,240.0,1.0000000000000002,3785.5566548997667,3752.5702496511763,1975.2088788028511,3.756914094735877,913,637.2000000000763,0.0,1479.0,0.0,1479.0,4902.0,0.0,14.100000000000023,93.0,0.1.0,1019,sublinear,central,none,120,60,1,4.9147286821705425,8.0,7.763440860215054,913,5,0.028346124498412867,-0.03755547885142251,
26.0,240.0,1.0000000000000002,3835.6086634303992,3751.8932160371537,1976.9052781470675,3.8935051388358497,2154,519.2000000000495,1038.400000000099,1175.0,0.0,1175.0,3946.0,0.0,11.250000000000016,70.0,0.1.0,1019,sublinear,witness,none,120,60,1,10.488596046629498,17.0,13.114285714285714,2154,5,0.029819848967817864,-0.039618896072371776,
22.0,240.0,1.0000000000000002,3884.9771927281035,3747.694067689492,1976.9247334251252,3.082665745173602,3122,424.8000000000281,2124.0,937.0,0.0,937.0,3200.0,0.0,8.85000000000001,53.0,0.1.0,1019,sublinear,consensus,none,120,60,1,14.9771875,25.0,16.471698113207548,3122,2,0.03033541903833399,-0.041563815514232716,
23.0,240.0,1.0000000000000002,3708.7901370253157,3705.913975862987,1960.0268910496989,3.2332051903790746,916,637.2000000000763,0.0,1544.0,0.0,1544.0,4832.0,0.0,13.800000000000022,91.0,0.1.0,1019,hierarchy,central,none,120,60,1,4.911630794701987,8.0,7.78021978021978,916,5,0.18373448203804857,0.19505179982650847,
22.0,240.0,1.0000000000000002,3719.337942609309,3698.745210442231,1953.8750337429765,3.1393931424400066,2143,519.2000000000495,1038.400000000099,1260.0,0.0,1260.0,3872.0,0.0,11.250000000000016,70.0,0.1.0,1019,hierarchy,witness,none,120,60,1,10.447830578512397,17.0,13.2,2143,5,0.1661195453612545,0.17090379762466582,
20.0,240.0,1.0000000000000002,3758.6156351404475,3702.0014027833436,1954.1848690994238,2.7235883805328496,3118,424.8000000000281,2124.0,990.0,0.0,990.0,3152.0,0.0,9.00000000000001,53.0,0.1.0,1019,hierarchy,consensus,none,120,60,1,14.905456852791879,25.0,16.471698113207548,3118,2,0.15300500556003804,0.1558340351162993,
23.0,240.0,1.0000000000000002,3867.689386476598,3755.075994539574,1987.410163020401,3.767254915809015,912,637.2000000000763,0.0,1567.0,0.0,1567.0,4809.0,0.0,13.20000000000002,87.0,0.1.0,1019,hierarchy_tenure,central,none,120,60,1,4.889997920565606,8.0,7.689655172413793,912,4,0.39939796824199225,0.12338319439671708,
24.0,240.0,1.0000000000000002,3891.8923296010057,3751.8556217980404,1980.093454351896,3.8624110877162554,2142,519.2000000000495,1038.400000000099,1257.0,0.0,1257.0,3873.0,0.0,10.800000000000015,68.0,0.1.0,1019,hierarchy_tenure,witness,none,120,60,1,10.427833720630003,17.0,13.029411764705882,2142,3,0.394133976339337,0.12005970883383496,
24.0,240.0,1.0000000000000002,3923.085086576476,3748.470666408191,1973.340624028667,4.119019506749694,3118,424.8000000000281,2124.0,988.0,0.0,988.0,3151.0,0.0,8.55000000000001,53.0,0.1.0,1019,hierarchy_tenure,consensus,none,120,60,1,14.887019993652808,25.0,16.71698113207547,3118,2,0.3801049993228567,0.12193026290513614,
20.0,240.0,1.0000000000000002,4006.873203114757,3814.8633359302685,2035.1986040861877,2.430569828180791,912,637.2000000000763,0.0,1394.0,0.0,1394.0,4989.0,0.0,14.250000000000023,95.0,0.1.0,1019,equal,central,none,120,60,14,4.91320905993185,8.0,7.7368421052631575,912,5,0.17486824533421422,-0.23808617733339926,
21.0,240.0,1.0000000000000002,4060.445573742926,3813.3016640033743,2031.4397853095813,2.9133369861177223,2158,519.2000000000495,1038.400000000099,1092.0,0.0,1092.0,4028.0,0.0,11.700000000000017,73.0,0.1.0,1019,equal,witness,none,120,60,14,10.517874875868918,17.0,13.205479452054794,2158,4,0.1758927275939945,-0.24367417857914675,
20.0,240.0,1.0000000000000002,4129.25060946799,3810.9484324612345,2031.6948664159208,2.6201538102486968,3124,424.8000000000281,2124.0,872.0,0.0,872.0,3265.0,0.0,9.150000000000011,55.0,0.1.0,1019,equal,consensus,none,120,60,14,15.049617151607963,25.0,16.70909090909091,3124,2,0.17265990089506836,-0.24483292144876623,
22.0,240.0,1.0000000000000002,3833.126219378626,3775.4792035555797,2000.1690436220158,2.871088925355925,912,637.2000000000763,0.0,1470.0,0.0,1470.0,4912.0,0.0,14.100000000000023,93.0,0.1.0,1019,linear,central,none,120,60,14,4.901669381107492,8.0,7.731182795698925,912,5,0.01258856761189224,0.002672778059465343,
24.0,240.0,1.0000000000000002,3856.6760538877847,3772.3919673259506,1990.9898627914274,3.4280956953230404,2147,519.2000000000495,1038.400000000099,1172.0,0.0,1172.0,3956.0,0.0,11.250000000000016,71.0,0.1.0,1019,linear,witness,none,120,60,14,10.452224469160768,17.0,13.183098591549296,2147,4,0.013234300426442185,0.0013441481570303643,
22.0,240.0,1.0000000000000002,3900.7288617109107,3767.7399556546234,1987.7507911285343,3.132756324322227,3120,424.8000000000281,2124.0,925.0,0.0,925.0,3214.0,0.0,8.85000000000001,53.0,0.1.0,1019,linear,consensus,none,120,60,14,14.944306160547605,25.0,16.471698113207548,3120,2,0.013288727377292557,0.001737024875987793,
23.0,240.0,1.0000000000000002,3859.6881097833884,3783.9526758364314,2006.6778728476281,3.0076799694558978,911,637.2000000000763,0.0,1445.0,0.0,1445.0,4938.0,0.0,14.100000000000023,93.0,0.1.0,1019,sublinear,central,none,120,60,14,4.905022276225193,8.0,7.731182795698925,911,5,0.029468462182981874,-0.03687857570606061,
25.0,240.0,1.0000000000000002,3891.311976766044,3779.840483120493,1998.2698147440806,3.5646867394230126,2150,519.2000000000495,1038.400000000099,1149.0,0.0,1149.0,3977.0,0.0,11.400000000000016,72.0,0.1.0,1019,sublinear,witness,none,120,60,14,10.469952225295449,17.0,13.194444444444445,2150,4,0.03226892107639236,-0.039962272716756245,
23.0,240.0,1.0000000000000002,3941.9694630617305,3775.9135224647343,1996.187108329238,3.169652107667922,3122,424.8000000000281,2124.0,905.0,0.0,905.0,3233.0,0.0,9.00000000000001,54.0,0.1.0,1019,sublinear,consensus,none,120,60,14,14.979585524280854,25.0,16.574074074074073,3122,2,0.032428084348713214,-0.04165491040458632,
23.0,240.0,1.0000000000000002,3785.294319303254,3752.574476841955,1990.822372527689,3.388047999385725,912,637.2000000000763,0.0,1503.0,0.0,1503.0,4879.0,0.0,14.100000000000023,93.0,0.1.0,1019,hierarchy,central,none,120,60,14,4.898544783767165,8.0,7.752688172043011,912,4,0.17535429715614564,0.1843236720752594,
25.0,240.0,1.0000000000000002,3795.5578738702834,3749.3768280516506,1982.3325479902935,3.871138439925421,2137,519.2000000000495,1038.400000000099,1214.0,0.0,1214.0,3924.0,0.0,11.250000000000016,71.0,0.1.0,1019,hierarchy,witness,none,120,60,14,10.430682976554536,17.0,13.183098591549296,2137,4,0.16293308188502936,0.16347132446255913,
24.0,240.0,1.0000000000000002,3830.1018944227926,3736.8703734183973,1975.2460966791286,4.072606990797298,3120,424.8000000000281,2124.0,957.0,0.0,957.0,3184.0,0.0,9.150000000000011,54.0,0.1.0,1019,hierarchy,consensus,none,120,60,14,14.889447236180905,25.0,16.61111111111111,3120,2,0.14895320652594307,0.14758223534045886,
23.0,240.0,1.0000000000000002,3867.689386476598,3755.075994539574,1987.410163020401,3.767254915809015,912,637.2000000000763,0.0,1567.0,0.0,1567.0,4809.0,0.0,13.20000000000002,87.0,0.1.0,1019,hierarchy_tenure,central,none,120,60,14,4.889997920565606,8.0,7.689655172413793,912,4,0.39939796824199225,0.12338319439671708,
24.0,240.0,1.0000000000000002,3891.8923296010057,3751.8556217980404,1980.093454351896,3.8624110877162554,2142,519.2000000000495,1038.400000000099,1257.0,0.0,1257.0,3873.0,0.0,10.800000000000015,68.0,0.1.0,1019,hierarchy_tenure,witness,none,120,60,14,10.427833720630003,17.0,13.029411764705882,2142,3,0.394133976339337,0.12005970883383496,
24.0,240.0,1.0000000000000002,3923.085086576476,3748.470666408191,1973.340624028667,4.119019506749694,3118,424.8000000000281,2124.0,988.0,0.0,988.0,3151.0,0.0,8.55000000000001,53.0,0.1.0,1019,hierarchy_tenure,consensus,none,120,60,14,14.887019993652808,25.0,16.71698113207547,3118,2,0.3801049993228567,0.12193026290513614,
12.0,240.0,1.0000000000000002,4022.5507295884554,3832.1603645261403,2100.1974477811286,1.9148269025244393,910,637.2000000000763,0.0,1423.0,0.0,1423.0,4980.0,0.0,17.250000000000014,111.0,0.1.0,1020,equal,central,none,120,60,1,4.892168674698795,8.0,7.747747747747748,910,12,0.19712119416191964,-0.26577157782025296,2.0
12.0,240.0,1.0000000000000002,4084.6143360445535,3832.50767217527,2103.9738970458375,1.9148269025244393,2152,519.2000000000495,1038.400000000099,1095.0,0.0,1095.0,4048.0,0.0,14.550000000000024,89.0,0.1.0,1020,equal,witness,none,120,60,1,10.495306324110672,17.0,13.325842696629213,2152,3,0.19142610108349334,-0.26001221302916855,2.0
12.0,240.0,1.0000000000000002,4155.177465262193,3830.2522529780435,2105.475137841431,1.9148269025244393,3124,424.8000000000281,2124.0,865.0,0.0,865.0,3288.0,0.0,11.850000000000017,75.0,0.1.0,1020,equal,consensus,none,120,60,1,15.023418491484184,25.0,18.426666666666666,3124,4,0.1893044975877271,-0.259315550224588,2.0
11.0,240.0,1.0000000000000002,3835.5236816453244,3785.8763927121054,2061.579347453147,1.7155997701174008,911,637.2000000000763,0.0,1450.0,0.0,1450.0,4953.0,0.0,17.400000000000013,112.0,0.1.0,1020,linear,central,none,120,60,1,4.905713708863315,8.0,7.785714285714286,911,10,0.0,-2.0816681711721685e-17,2.0
11.0,240.0,1.0000000000000002,3887.0227984083276,3789.6362432835913,2067.346205021923,1.6149391603136067,2151,519.2000000000495,1038.400000000099,1118.0,0.0,1118.0,4029.0,0.0,15.000000000000025,92.0,0.1.0,1020,linear,witness,none,120,60,1,10.500620501365104,17.0,13.456521739130435,2151,3,0.0,1.3877787807814457e-17,2.0
12.0,240.0,1.0000000000000002,3935.3768818380026,3785.16840086528,2062.8368671824887,1.6980136802104322,3117,424.8000000000281,2124.0,903.0,0.0,903.0,3256.0,0.0,11.700000000000017,75.0,0.1.0,1020,linear,consensus,none,120,60,1,15.010135135135135,25.0,18.48,3117,6,0.0,-6.938893903907228e-18,2.0
11.0,240.0,1.0000000000000002,3851.5027888037175,3795.3822643875073,2063.84280706767,1.5013102175135125,911,637.2000000000763,0.0,1440.0,0.0,1440.0,4965.0,0.0,17.70000000000001,114.0,0.1.0,1020,sublinear,central,none,120,60,1,4.899295065458207,8.0,7.771929824561403,911,11,0.03285177256019451,-0.04324810237772685,2.0
11.0,240.0,1.0000000000000002,3914.323328583947,3799.712986560636,2071.386677203042,1.6149391603136067,2151,519.2000000000495,1038.400000000099,1109.0,0.0,1109.0,4037.0,0.0,14.850000000000025,91.0,0.1.0,1020,sublinear,witness,none,120,60,1,10.494921971761208,17.0,13.406593406593407,2151,3,0.032080607137576864,-0.04253620425935441,2.0
11.0,240.0,1.0000000000000002,3972.6789013591056,3794.934255768277,2065.755772258123,1.5013102175135125,3120,424.8000000000281,2124.0,891.0,0.0,891.0,3267.0,0.0,12.000000000000018,76.0,0.1.0,1020,sublinear,consensus,none,120,60,1,15.034282216100397,25.0,18.513157894736842,3120,5,0.03279673245390392,-0.0437214481328616,2.0
14.0,240.0,1.0000000000000002,3803.348738200577,3747.5774685256747,2070.525222360015,2.0798302254845336,911,637.2000000000763,0.0,1512.0,0.0,1512.0,4889.0,0.0,17.100000000000016,110.0,0.1.0,1020,hierarchy,central,none,120,60,1,4.9069339333196975,8.0,7.8,911,8,0.16051943071812214,0.16446761693158074,2.0
14.0,240.0,1.0000000000000002,3850.594619107275,3749.352638378909,2075.465476874059,2.4472240002719965,2151,519.2000000000495,1038.400000000099,1189.0,0.0,1189.0,3955.0,0.0,14.550000000000024,89.0,0.1.0,1020,hierarchy,witness,none,120,60,1,10.489254108723136,17.0,13.370786516853933,2151,2,0.1576276455221992,0.15845465995894878,2.0
14.0,240.0,1.0000000000000002,3872.9501463988786,3750.6941165597113,2068.8226292302725,2.3350505927858163,3111,424.8000000000281,2124.0,956.0,0.0,956.0,3208.0,0.0,11.550000000000017,74.0,0.1.0,1020,hierarchy,consensus,none,120,60,1,14.949189526184538,25.0,18.43243243243243,3111,6,0.14623056454967984,0.14672224827001784,2.0
14.0,240.0,1.0000000000000002,3963.19223600694,3764.944987071796,2060.2669295330775,2.9233364156559536,909,637.2000000000763,0.0,1571.0,0.0,1571.0,4829.0,0.0,16.65000000000002,107.0,0.1.0,1020,hierarchy_tenure,central,none,120,60,1,4.882998550424518,8.0,7.775700934579439,909,10,0.3967905279104919,0.08723832493261638,2.0
15.0,240.0,1.0000000000000002,4008.8114451230276,3770.0731164636777,2064.403792467789,3.014714219155715,2150,519.2000000000495,1038.400000000099,1231.0,0.0,1231.0,3910.0,0.0,13.950000000000022,85.0,0.1.0,1020,hierarchy_tenure,witness,none,120,60,1,10.425063938618926,17.0,13.305882352941177,2150,2,0.38829442635466893,0.09735180630577218,2.0
14.0,240.0,1.0000000000000002,4056.3518932344673,3771.477288903614,2062.732322456515,2.66786995980615,3113,424.8000000000281,2124.0,967.0,0.0,967.0,3192.0,0.0,11.100000000000016,71.0,0.1.0,1020,hierarchy_tenure,consensus,none,120,60,1,14.922305764411028,25.0,18.253521126760564,3113,5,0.376792793619238,0.10465455901875652,2.0
12.0,240.0,1.0000000000000002,4022.5507295884554,3832.1603645261403,2100.1974477811286,1.9148269025244393,910,637.2000000000763,0.0,1423.0,0.0,1423.0,4980.0,0.0,17.250000000000014,111.0,0.1.0,1020,equal,central,none,120,60,14,4.892168674698795,8.0,7.747747747747748,910,12,0.19712119416191964,-0.26577157782025296,2.0
12.0,240.0,1.0000000000000002,4084.6143360445535,3832.50767217527,2103.9738970458375,1.9148269025244393,2152,519.2000000000495,1038.400000000099,1095.0,0.0,1095.0,4048.0,0.0,14.550000000000024,89.0,0.1.0,1020,equal,witness,none,120,60,14,10.495306324110672,17.0,13.325842696629213,2152,3,0.19142610108349334,-0.26001221302916855,2.0
12.0,240.0,1.0000000000000002,4155.177465262193,3830.2522529780435,2105.475137841431,1.9148269025244393,3124,424.8000000000281,2124.0,865.0,0.0,865.0,3288.0,0.0,11.850000000000017,75.0,0.1.0,1020,equal,consensus,none,120,60,14,15.023418491484184,25.0,18.426666666666666,3124,4,0.1893044975877271,-0.259315550224588,2.0
11.0,240.0,1.0000000000000002,3875.293358412954,3796.426274494709,2072.121010675272,1.5013102175135125,910,637.2000000000763,0.0,1469.0,0.0,1469.0,4936.0,0.0,17.55000000000001,113.0,0.1.0,1020,linear,central,none,120,60,14,4.885332252836305,8.0,7.761061946902655,910,11,0.012738188119424666,-0.0026460233314754347,2.0
11.0,240.0,1.0000000000000002,3914.368140426398,3801.156009368647,2069.7605968050266,1.6149391603136067,2149,519.2000000000495,1038.400000000099,1137.0,0.0,1137.0,4010.0,0.0,14.700000000000024,90.0,0.1.0,1020,linear,witness,none,120,60,14,10.453366583541147,17.0,13.355555555555556,2149,3,0.01460524034602106,0.0021658994863610337,2.0
13.0,240.0,1.0000000000000002,3965.164874863866,3799.4524818490827,2071.3334432150746,1.8559403032604285,3117,424.8000000000281,2124.0,885.0,0.0,885.0,3275.0,0.0,11.850000000000017,76.0,0.1.0,1020,linear,consensus,none,120,60,14,14.996946564885496,25.0,18.513157894736842,3117,4,0.015662782989825822,-0.0009886345594897275,2.0
12.0,240.0,1.0000000000000002,3890.6026834131235,3803.823266324657,2072.4396256866435,1.5594782366677233,910,637.2000000000763,0.0,1454.0,0.0,1454.0,4952.0,0.0,17.70000000000001,114.0,0.1.0,1020,sublinear,central,none,120,60,14,4.885500807754442,8.0,7.771929824561403,910,11,0.036983257548924786,-0.04744176754795395,2.0
11.0,240.0,1.0000000000000002,3941.511370667912,3807.52261099598,2072.2146393435005,1.6149391603136067,2148,519.2000000000495,1038.400000000099,1131.0,0.0,1131.0,4018.0,0.0,14.850000000000025,91.0,0.1.0,1020,sublinear,witness,none,120,60,14,10.458685913389747,17.0,13.406593406593407,2148,3,0.03459337404904018,-0.04329508097686898,2.0
11.0,240.0,1.0000000000000002,3998.799299630906,3806.747955858836,2074.704036296251,1.5013102175135125,3119,424.8000000000281,2124.0,874.0,0.0,874.0,3285.0,0.0,12.000000000000018,76.0,0.1.0,1020,sublinear,consensus,none,120,60,14,15.016438356164384,25.0,18.513157894736842,3119,4,0.03806116944726606,-0.046269965592659404,2.0
11.0,240.0,1.0000000000000002,3849.246391159501,3775.885308529009,2081.9497880274353,1.6325270201241524,911,637.2000000000763,0.0,1501.0,0.0,1501.0,4900.0,0.0,17.100000000000016,110.0,0.1.0,1020,hierarchy,central,none,120,60,14,4.878367346938775,8.0,7.736363636363636,911,9,0.15630300067229597,0.15169385725935441,2.0
14.0,240.0,1.0000000000000002,3882.7815184099245,3783.873440049518,2086.041250986889,3.0349309045338475,2144,519.2000000000495,1038.400000000099,1167.0,0.0,1167.0,3981.0,0.0,14.100000000000023,86.0,0.1.0,1020,hierarchy,witness,none,120,60,14,10.421250941974378,17.0,13.13953488372093,2144,3,0.15010646728035937,0.14683815853968765,2.0
14.0,240.0,1.0000000000000002,3905.5992442471525,3775.5233693099563,2076.1364457190602,2.0528802883390016,3117,424.8000000000281,2124.0,912.0,0.0,912.0,3247.0,0.0,11.700000000000017,75.0,0.1.0,1020,hierarchy,consensus,none,120,60,14,14.935940868493994,25.0,18.413333333333334,3117,5,0.13665910521031235,0.1361393202426934,2.0
14.0,240.0,1.0000000000000002,3963.19223600694,3764.944987071796,2060.2669295330775,2.9233364156559536,909,637.2000000000763,0.0,1571.0,0.0,1571.0,4829.0,0.0,16.65000000000002,107.0,0.1.0,1020,hierarchy_tenure,central,none,120,60,14,4.882998550424518,8.0,7.775700934579439,909,10,0.3967905279104919,0.08723832493261638,2.0
15.0,240.0,1.0000000000000002,4008.8114451230276,3770.0731164636777,2064.403792467789,3.014714219155715,2150,519.2000000000495,1038.400000000099,1231.0,0.0,1231.0,3910.0,0.0,13.950000000000022,85.0,0.1.0,1020,hierarchy_tenure,witness,none,120,60,14,10.425063938618926,17.0,13.305882352941177,2150,2,0.38829442635466893,0.09735180630577218,2.0
14.0,240.0,1.0000000000000002,4056.3518932344673,3771.477288903614,2062.732322456515,2.66786995980615,3113,424.8000000000281,2124.0,967.0,0.0,967.0,3192.0,0.0,11.100000000000016,71.0,0.1.0,1020,hierarchy_tenure,consensus,none,120,60,14,14.922305764411028,25.0,18.253521126760564,3113,5,0.376792793619238,0.10465455901875652,2.0
21.0,240.0,1.0000000000000002,3902.8777671225016,3865.403289390372,2353.4293014047053,3.982582948631426,916,637.2000000000763,0.0,1393.0,0.0,1393.0,4998.0,0.0,16.200000000000024,105.0,0.1.0,1021,equal,central,none,120,60,1,4.880352140856343,8.0,7.619047619047619,916,4,0.16338454162344443,-0.22384678612617012,1.0
20.0,240.0,1.0000000000000002,3962.8735495895407,3861.4930367037655,2345.295422048531,3.7165661773882204,2137,519.2000000000495,1038.400000000099,1088.0,0.0,1088.0,4060.0,0.0,12.90000000000002,83.0,0.1.0,1021,equal,witness,none,120,60,1,10.434975369458128,17.0,12.25301204819277,2137,3,0.16402351911558594,-0.2264025385193063,1.0
19.0,240.0,1.0000000000000002,4027.776464357691,3856.6584690331615,2336.6319165896725,3.7968590844963104,3116,424.8000000000281,2124.0,834.0,0.0,834.0,3327.0,0.0,11.700000000000017,72.0,0.1.0,1021,equal,consensus,none,120,60,1,14.97745716862038,25.0,16.63888888888889,3116,2,0.16587004690761473,-0.23043683638679252,1.0
21.0,240.0,1.0000000000000002,3678.053212133138,3802.2234629446225,2299.385705589884,4.593101555505111,912,637.2000000000763,0.0,1477.0,0.0,1477.0,4917.0,0.0,16.050000000000026,104.0,0.1.0,1021,linear,central,none,120,60,1,4.883668903803132,8.0,7.605769230769231,912,3,0.0,1.3877787807814457e-17,1.0
22.0,240.0,1.0000000000000002,3725.12473028295,3795.3125452752847,2292.4031813637616,4.888662881934924,2141,519.2000000000495,1038.400000000099,1192.0,0.0,1192.0,3952.0,0.0,12.90000000000002,83.0,0.1.0,1021,linear,witness,none,120,60,1,10.383350202429149,17.0,12.228915662650602,2141,3,0.0,6.938893903907228e-18,1.0
22.0,240.0,1.0000000000000002,3758.8938557556744,3792.3855508831766,2290.239072456933,4.888662881934924,3115,424.8000000000281,2124.0,914.0,0.0,914.0,3248.0,0.0,11.700000000000017,72.0,0.1.0,1021,linear,consensus,none,120,60,1,14.88115763546798,25.0,16.583333333333332,3115,2,0.0,-1.3877787807814457e-17,1.0
20.0,240.0,1.0000000000000002,3703.946403565601,3818.1374972163194,2306.530879654605,4.387490692246458,915,637.2000000000763,0.0,1446.0,0.0,1446.0,4944.0,0.0,15.900000000000027,103.0,0.1.0,1021,sublinear,central,none,120,60,1,4.88207928802589,8.0,7.58252427184466,915,3,0.02711295241894616,-0.03676720907325614,1.0
21.0,240.0,1.0000000000000002,3754.386604985285,3809.3984502744725,2299.3888401576655,4.336544796314105,2138,519.2000000000495,1038.400000000099,1170.0,0.0,1170.0,3977.0,0.0,12.90000000000002,83.0,0.1.0,1021,sublinear,witness,none,120,60,1,10.393764143827005,17.0,12.228915662650602,2138,3,0.028284881870599864,-0.03851454531875842,1.0
21.0,240.0,1.0000000000000002,3802.3508966822687,3805.9279303376475,2296.385478497603,4.808758276098287,3116,424.8000000000281,2124.0,893.0,0.0,893.0,3268.0,0.0,11.700000000000017,72.0,0.1.0,1021,sublinear,consensus,none,120,60,1,14.90483476132191,25.0,16.583333333333332,3116,2,0.029933743009786653,-0.04097990021865224,1.0
21.0,240.0,1.0000000000000002,3625.020797489692,3754.9783821782726,2285.509255628177,4.762861609416382,908,637.2000000000763,0.0,1610.0,0.0,1610.0,4788.0,0.0,16.050000000000026,104.0,0.1.0,1021,hierarchy,central,none,120,60,1,4.868212197159566,8.0,7.596153846153846,908,3,0.19248309183589485,0.21464601816913487,1.0
23.0,240.0,1.0000000000000002,3601.262063335987,3754.3369145014362,2256.102283829258,5.381227560119319,2129,519.2000000000495,1038.400000000099,1292.0,0.0,1292.0,3862.0,0.0,12.60000000000002,81.0,0.1.0,1021,hierarchy,witness,none,120,60,1,10.311237700673226,17.0,12.049382716049383,2129,3,0.1811485752116619,0.19521225518086327,1.0
26.0,240.0,1.0000000000000002,3620.1922998708947,3762.7445840254554,2255.3151256967653,6.440842716515284,3106,424.8000000000281,2124.0,965.0,0.0,965.0,3203.0,0.0,11.250000000000016,70.0,0.1.0,1021,hierarchy,consensus,none,120,60,1,14.804558226662504,25.0,16.34285714285714,3106,2,0.1679576329685767,0.1766830803746658,1.0
27.0,240.0,1.0000000000000002,3861.0262350738803,3794.370463742497,2343.692295243479,6.531731382605937,910,637.2000000000763,0.0,1550.0,0.0,1550.0,4847.0,0.0,16.200000000000024,105.0,0.1.0,1021,hierarchy_tenure,central,none,120,60,1,4.868991128533113,8.0,7.580952380952381,910,4,0.3948609085855138,0.14058628814221136,1.0
26.0,240.0,1.0,3889.0821230388983,3791.433066296838,2324.5839268710215,6.067141321200178,2137,519.2000000000495,1038.400000000099,1211.0,0.0,1211.0,3939.0,0.0,13.20000000000002,85.0,0.1.0,1021,hierarchy_tenure,witness,none,120,60,1,10.387154100025388,17.0,12.282352941176471,2137,3,0.38306863877191405,0.14207534242831354,1.0
29.0,240.0,1.0,3932.144336898746,3787.7159602252855,2311.0778659549305,7.11112331949276,3108,424.8000000000281,2124.0,934.0,0.0,934.0,3238.0,0.0,12.150000000000018,75.0,0.1.0,1021,hierarchy_tenure,consensus,none,120,60,1,14.92958616429895,25.0,16.893333333333334,3108,2,0.3674024968859569,0.14535203140530173,1.0
21.0,240.0,1.0000000000000002,3902.8777671225016,3865.403289390372,2353.4293014047053,3.982582948631426,916,637.2000000000763,0.0,1393.0,0.0,1393.0,4998.0,0.0,16.200000000000024,105.0,0.1.0,1021,equal,central,none,120,60,14,4.880352140856343,8.0,7.619047619047619,916,4,0.16338454162344443,-0.22384678612617012,1.0
20.0,240.0,1.0000000000000002,3962.8735495895407,3861.4930367037655,2345.295422048531,3.7165661773882204,2137,519.2000000000495,1038.400000000099,1088.0,0.0,1088.0,4060.0,0.0,12.90000000000002,83.0,0.1.0,1021,equal,witness,none,120,60,14,10.434975369458128,17.0,12.25301204819277,2137,3,0.16402351911558594,-0.2264025385193063,1.0
19.0,240.0,1.0000000000000002,4027.776464357691,3856.6584690331615,2336.6319165896725,3.7968590844963104,3116,424.8000000000281,2124.0,834.0,0.0,834.0,3327.0,0.0,11.700000000000017,72.0,0.1.0,1021,equal,consensus,none,120,60,14,14.97745716862038,25.0,16.63888888888889,3116,2,0.16587004690761473,-0.23043683638679252,1.0
23.0,240.0,1.0000000000000002,3745.251003807467,3830.1860339557197,2327.712857212509,4.887377883261445,915,637.2000000000763,0.0,1474.0,0.0,1474.0,4916.0,0.0,15.900000000000027,103.0,0.1.0,1021,linear,central,none,120,60,14,4.866761594792514,8.0,7.611650485436893,915,4,0.012840499596263683,0.004980024272898911,1.0
20.0,240.0,1.0000000000000002,3767.8282184897175,3823.352941895976,2309.379406970664,4.525188032827458,2135,519.2000000000495,1038.400000000099,1173.0,0.0,1173.0,3976.0,0.0,12.75000000000002,82.0,0.1.0,1021,linear,witness,none,120,60,14,10.348591549295774,17.0,12.231707317073171,2135,3,0.015109390004232372,0.006108936071762813,1.0
19.0,240.0,1.0,3808.2642443213567,3818.661510403356,2299.1398202147466,4.113490389206297,3116,424.8000000000281,2124.0,886.0,0.0,886.0,3274.0,0.0,11.550000000000017,71.0,0.1.0,1021,linear,consensus,none,120,60,14,14.877214416615761,25.0,16.577464788732396,3116,2,0.014418917645997606,0.002644312678258806,1.0
22.0,240.0,1.0000000000000002,3770.2295639878234,3840.0695227009023,2332.9613417222045,4.858940168188343,916,637.2000000000763,0.0,1452.0,0.0,1452.0,4940.0,0.0,16.350000000000023,106.0,0.1.0,1021,sublinear,central,none,120,60,14,4.872469635627531,8.0,7.6415094339622645,916,4,0.02702607370900615,-0.03400834993184349,1.0
21.0,240.0,1.0000000000000002,3801.1951954166193,3832.9431168257647,2316.941268487519,4.683052018676271,2135,519.2000000000495,1038.400000000099,1145.0,0.0,1145.0,4004.0,0.0,12.75000000000002,82.0,0.1.0,1021,sublinear,witness,none,120,60,14,10.377872127872127,17.0,12.231707317073171,2135,3,0.03014194999905346,-0.03600402992733633,1.0
18.0,240.0,1.0000000000000002,3846.159076519723,3827.131607205274,2305.8882969566826,4.03358578336966,3117,424.8000000000281,2124.0,866.0,0.0,866.0,3293.0,0.0,11.550000000000017,71.0,0.1.0,1021,sublinear,consensus,none,120,60,14,14.919829942301853,25.0,16.577464788732396,3117,2,0.03337397705944957,-0.04113263450090238,1.0
24.0,240.0,1.0000000000000002,3668.981618198257,3793.8839155853866,2315.2016144351715,5.677916914035376,907,637.2000000000763,0.0,1584.0,0.0,1584.0,4816.0,0.0,15.600000000000026,102.0,0.1.0,1021,hierarchy,central,none,120,60,14,4.839078073089701,8.0,7.607843137254902,903,3,0.18925591032802633,0.20696293911526115,1.0
26.0,240.0,1.0000000000000002,3666.731175941262,3796.9170257628566,2294.9810878716316,6.339960845508833,2129,519.2000000000495,1038.400000000099,1230.0,0.0,1230.0,3924.0,0.0,12.60000000000002,81.0,0.1.0,1021,hierarchy,witness,none,120,60,14,10.290010193679919,17.0,12.185185185185185,2129,3,0.17505696986714608,0.18204280483065557,1.0
22.0,240.0,1.0000000000000002,3700.370598426478,3794.241653434421,2276.609617283646,4.638709832336891,3113,424.8000000000281,2124.0,913.0,0.0,913.0,3249.0,0.0,11.400000000000016,70.0,0.1.0,1021,hierarchy,consensus,none,120,60,14,14.812557710064635,25.0,16.457142857142856,3113,2,0.16474802892180324,0.16723833907041596,1.0
27.0,240.0,1.0000000000000002,3861.0262350738803,3794.370463742497,2343.692295243479,6.531731382605937,910,637.2000000000763,0.0,1550.0,0.0,1550.0,4847.0,0.0,16.200000000000024,105.0,0.1.0,1021,hierarchy_tenure,central,none,120,60,14,4.868991128533113,8.0,7.580952380952381,910,4,0.3948609085855138,0.14058628814221136,1.0
26.0,240.0,1.0,3889.0821230388983,3791.433066296838,2324.5839268710215,6.067141321200178,2137,519.2000000000495,1038.400000000099,1211.0,0.0,1211.0,3939.0,0.0,13.20000000000002,85.0,0.1.0,1021,hierarchy_tenure,witness,none,120,60,14,10.387154100025388,17.0,12.282352941176471,2137,3,0.38306863877191405,0.14207534242831354,1.0
29.0,240.0,1.0,3932.144336898746,3787.7159602252855,2311.0778659549305,7.11112331949276,3108,424.8000000000281,2124.0,934.0,0.0,934.0,3238.0,0.0,12.150000000000018,75.0,0.1.0,1021,hierarchy_tenure,consensus,none,120,60,14,14.92958616429895,25.0,16.893333333333334,3108,2,0.3674024968859569,0.14535203140530173,1.0
14.0,240.0,1.0000000000000002,3853.4525122527575,3839.5021107385387,2181.2738113588616,1.9606998769814932,908,637.2000000000763,0.0,1442.0,0.0,1442.0,4947.0,0.0,14.550000000000024,95.0,0.1.0,1022,equal,central,none,120,60,1,4.8748736608045276,8.0,7.631578947368421,908,7,0.17112756360589304,-0.23773612819045584,
15.0,240.0,1.0000000000000002,3907.2272362457384,3837.507429676282,2174.363802078708,2.330966140959769,2144,519.2000000000495,1038.400000000099,1105.0,0.0,1105.0,4031.0,0.0,12.000000000000018,79.0,0.1.0,1022,equal,witness,none,120,60,1,10.480774001488465,17.0,13.177215189873417,2144,7,0.17307734661834845,-0.24128372908520926,
14.0,240.0,1.0000000000000002,3973.9682948839036,3831.4328310852843,2168.726581612569,2.1245278479919123,3121,424.8000000000281,2124.0,857.0,0.0,857.0,3286.0,0.0,9.600000000000012,60.0,0.1.0,1022,equal,consensus,none,120,60,1,15.074558734023128,25.0,16.733333333333334,3121,5,0.1702335651600715,-0.24010518253870622,
15.0,240.0,1.0000000000000002,3701.0480941934843,3757.5881885859935,2099.8360424463986,2.62199778749728,909,637.2000000000763,0.0,1525.0,0.0,1525.0,4862.0,0.0,14.400000000000023,94.0,0.1.0,1022,linear,central,none,120,60,1,4.88482106129165,8.0,7.627659574468085,909,7,0.0,-1.3877787807814457e-17,
16.0,240.0,1.0000000000000002,3747.2714985611606,3754.060237644008,2093.7097539187935,2.7411760563290715,2146,519.2000000000495,1038.400000000099,1196.0,0.0,1196.0,3937.0,0.0,11.850000000000017,79.0,0.1.0,1022,linear,witness,none,120,60,1,10.46964693929388,17.0,13.177215189873417,2146,6,0.0,1.3877787807814457e-17,
14.0,240.0,1.0000000000000002,3779.6036834370457,3746.2840264671227,2078.7067190094585,2.199312998461862,3112,424.8000000000281,2124.0,953.0,0.0,953.0,3199.0,0.0,9.600000000000012,61.0,0.1.0,1022,linear,consensus,none,120,60,1,15.019068458893404,25.0,16.704918032786885,3112,5,0.0,6.938893903907228e-18,
15.0,240.0,1.0000000000000002,3716.631441020834,3776.7450000893336,2107.783091583371,2.62199778749728,908,637.2000000000763,0.0,1518.0,0.0,1518.0,4872.0,0.0,14.700000000000024,96.0,0.1.0,1022,sublinear,central,none,120,60,1,4.880541871921182,8.0,7.65625,908,7,0.03158181348542467,-0.04324459679106652,
18.0,240.0,1.0000000000000002,3767.087315864541,3772.5614764538514,2102.3588434335884,3.160978207096533,2147,519.2000000000495,1038.400000000099,1181.0,0.0,1181.0,3952.0,0.0,12.000000000000018,79.0,0.1.0,1022,sublinear,witness,none,120,60,1,10.472925101214575,17.0,13.215189873417721,2147,6,0.03286229574686797,-0.045108679521921866,
13.0,240.0,1.0000000000000002,3807.5144972295207,3763.357352832076,2087.5168299960246,2.1962164198081595,3112,424.8000000000281,2124.0,936.0,0.0,936.0,3215.0,0.0,9.450000000000012,60.0,0.1.0,1022,sublinear,consensus,none,120,60,1,15.040435458786936,25.0,16.533333333333335,3112,5,0.03387834648266041,-0.0460903923987834,
18.0,240.0,1.0000000000000002,3670.9276456757148,3716.598060355889,2095.365458915631,3.078348371295894,911,637.2000000000763,0.0,1576.0,0.0,1576.0,4806.0,0.0,13.950000000000022,91.0,0.1.0,1022,hierarchy,central,none,120,60,1,4.883270911360799,8.0,7.593406593406593,911,7,0.19521081334833135,0.18308070375676672,
21.0,240.0,1.0000000000000002,3684.975626019079,3712.11710107732,2081.348480122537,3.4677029620614284,2145,519.2000000000495,1038.400000000099,1266.0,0.0,1266.0,3866.0,0.0,11.550000000000017,77.0,0.1.0,1022,hierarchy,witness,none,120,60,1,10.422917744438696,17.0,13.168831168831169,2145,7,0.17596701950673993,0.16159560072641216,
18.0,240.0,1.0000000000000002,3696.104537527938,3712.2419551566027,2056.888170313055,2.087424026169325,3107,424.8000000000281,2124.0,1001.0,0.0,1001.0,3155.0,0.0,9.450000000000012,60.0,0.1.0,1022,hierarchy,consensus,none,120,60,1,14.930586370839936,25.0,16.65,3107,5,0.17062123451812933,0.1508043075205141,
18.0,240.0,1.0000000000000002,3748.229528225611,3798.1187186562706,2161.4049032828602,3.502754094463127,909,637.2000000000763,0.0,1602.0,0.0,1602.0,4783.0,0.0,14.100000000000023,92.0,0.1.0,1022,hierarchy_tenure,central,none,120,60,1,4.852602968848004,8.0,7.706521739130435,909,7,0.4146407874810939,0.13137500965446708,
19.0,240.0,1.0000000000000002,3770.1000641584114,3791.9879891281657,2138.915962320692,3.818148031658767,2137,519.2000000000495,1038.400000000099,1262.0,0.0,1262.0,3878.0,0.0,11.550000000000017,76.0,0.1.0,1022,hierarchy_tenure,witness,none,120,60,1,10.404074265085095,17.0,13.263157894736842,2137,8,0.4039436553176331,0.13066477195452683,
19.0,240.0,1.0000000000000002,3797.1068989807413,3786.065189734417,2119.8975335117307,3.543765932342952,3108,424.8000000000281,2124.0,985.0,0.0,985.0,3167.0,0.0,9.00000000000001,57.0,0.1.0,1022,hierarchy_tenure,consensus,none,120,60,1,14.899905273129145,25.0,16.70175438596491,3108,5,0.3904938021276808,0.13297428167380862,
14.0,240.0,1.0000000000000002,3853.4525122527575,3839.5021107385387,2181.2738113588616,1.9606998769814932,908,637.2000000000763,0.0,1442.0,0.0,1442.0,4947.0,0.0,14.550000000000024,95.0,0.1.0,1022,equal,central,none,120,60,14,4.8748736608045276,8.0,7.631578947368421,908,7,0.17112756360589304,-0.23773612819045584,
15.0,240.0,1.0000000000000002,3907.2272362457384,3837.507429676282,2174.363802078708,2.330966140959769,2144,519.2000000000495,1038.400000000099,1105.0,0.0,1105.0,4031.0,0.0,12.000000000000018,79.0,0.1.0,1022,equal,witness,none,120,60,14,10.480774001488465,17.0,13.177215189873417,2144,7,0.17307734661834845,-0.24128372908520926,
14.0,240.0,1.0000000000000002,3973.9682948839036,3831.4328310852843,2168.726581612569,2.1245278479919123,3121,424.8000000000281,2124.0,857.0,0.0,857.0,3286.0,0.0,9.600000000000012,60.0,0.1.0,1022,equal,consensus,none,120,60,14,15.074558734023128,25.0,16.733333333333334,3121,5,0.1702335651600715,-0.24010518253870622,
14.0,240.0,1.0000000000000002,3767.149040778516,3788.9455399256026,2138.930464743769,2.1935876745498835,911,637.2000000000763,0.0,1507.0,0.0,1507.0,4878.0,0.0,14.400000000000023,94.0,0.1.0,1022,linear,central,none,120,60,14,4.8644936449364495,8.0,7.638297872340425,911,7,0.013708251430508115,0.002688964221238488,
17.0,240.0,1.0000000000000002,3778.3415029526577,3782.227922787633,2121.3409988724597,2.694311585758656,2145,519.2000000000495,1038.400000000099,1172.0,0.0,1172.0,3961.0,0.0,11.700000000000017,77.0,0.1.0,1022,linear,witness,none,120,60,14,10.418581166372128,17.0,13.051948051948052,2145,6,0.013467102139157404,0.0028572120355737987,
16.0,240.0,1.0000000000000002,3812.452471297715,3775.712657665972,2104.889189631489,2.6912150071049536,3111,424.8000000000281,2124.0,912.0,0.0,912.0,3239.0,0.0,9.300000000000011,59.0,0.1.0,1022,linear,consensus,none,120,60,14,14.976844705155912,25.0,16.559322033898304,3111,5,0.014914091127279972,0.006358806674796651,
14.0,240.0,1.0000000000000002,3776.422728158447,3799.524081649475,2139.424276422894,2.0528819642938263,911,637.2000000000763,0.0,1496.0,0.0,1496.0,4889.0,0.0,14.400000000000023,94.0,0.1.0,1022,sublinear,central,none,120,60,14,4.8670484761709965,8.0,7.638297872340425,911,7,0.03463886724701071,-0.04312493690777135,
18.0,240.0,1.0000000000000002,3797.880526979159,3794.3287404204975,2125.528331083429,3.0951806008953673,2144,519.2000000000495,1038.400000000099,1158.0,0.0,1158.0,3976.0,0.0,11.700000000000017,77.0,0.1.0,1022,sublinear,witness,none,120,60,14,10.439386317907445,17.0,13.051948051948052,2144,6,0.03446944743885316,-0.044155625560729654,
15.0,240.0,1.0000000000000002,3837.4966168887863,3788.468780872915,2112.5175894876215,2.3262568361759324,3113,424.8000000000281,2124.0,895.0,0.0,895.0,3254.0,0.0,9.300000000000011,59.0,0.1.0,1022,sublinear,consensus,none,120,60,14,15.011677934849416,25.0,16.559322033898304,3113,5,0.03332994314686635,-0.041879356748238936,
15.0,240.0,1.0000000000000002,3732.976382485523,3758.527495551497,2135.333898877226,2.1624402731452657,911,637.2000000000763,0.0,1554.0,0.0,1554.0,4831.0,0.0,14.400000000000023,94.0,0.1.0,1022,hierarchy,central,none,120,60,14,4.862968329538398,8.0,7.648936170212766,911,7,0.18757173492832566,0.17234790398215705,
17.0,240.0,1.0000000000000002,3717.79523501077,3753.8120156541304,2099.4171629664947,2.2289392018198053,2144,519.2000000000495,1038.400000000099,1234.0,0.0,1234.0,3901.0,0.0,11.850000000000017,78.0,0.1.0,1022,hierarchy,witness,none,120,60,14,10.368110740835682,17.0,13.102564102564102,2144,7,0.1736847663856937,0.1575893650261587,
19.0,240.0,1.0000000000000002,3741.2527602446175,3747.6019189931094,2077.357947257983,2.6171208322386987,3105,424.8000000000281,2124.0,959.0,0.0,959.0,3198.0,0.0,9.300000000000011,59.0,0.1.0,1022,hierarchy,consensus,none,120,60,14,14.888993120700437,25.0,16.559322033898304,3105,5,0.16691972110006661,0.14709999879114624,
18.0,240.0,1.0000000000000002,3748.229528225611,3798.1187186562706,2161.4049032828602,3.502754094463127,909,637.2000000000763,0.0,1602.0,0.0,1602.0,4783.0,0.0,14.100000000000023,92.0,0.1.0,1022,hierarchy_tenure,central,none,120,60,14,4.852602968848004,8.0,7.706521739130435,909,7,0.4146407874810939,0.13137500965446708,
19.0,240.0,1.0000000000000002,3770.1000641584114,3791.9879891281657,2138.915962320692,3.818148031658767,2137,519.2000000000495,1038.400000000099,1262.0,0.0,1262.0,3878.0,0.0,11.550000000000017,76.0,0.1.0,1022,hierarchy_tenure,witness,none,120,60,14,10.404074265085095,17.0,13.263157894736842,2137,8,0.4039436553176331,0.13066477195452683,
19.0,240.0,1.0000000000000002,3797.1068989807413,3786.065189734417,2119.8975335117307,3.543765932342952,3108,424.8000000000281,2124.0,985.0,0.0,985.0,3167.0,0.0,9.00000000000001,57.0,0.1.0,1022,hierarchy_tenure,consensus,none,120,60,14,14.899905273129145,25.0,16.70175438596491,3108,5,0.3904938021276808,0.13297428167380862,
21.0,240.0,1.0000000000000002,4023.835253580243,3857.7628406028143,2048.683653372733,4.307352256666404,912,637.2000000000763,0.0,1351.0,0.0,1351.0,5034.0,0.0,14.700000000000024,96.0,0.1.0,1023,equal,central,none,120,60,1,4.90067540723083,8.0,7.677083333333333,912,7,0.167948689090774,-0.2323621753325054,1.0
19.0,240.0,1.0000000000000002,4084.4891591138717,3851.7880242418555,2041.934863187117,3.9940253660835743,2155,519.2000000000495,1038.400000000099,1064.0,0.0,1064.0,4066.0,0.0,12.90000000000002,83.0,0.1.0,1023,equal,witness,none,120,60,1,10.482046237088047,17.0,13.518072289156626,2155,3,0.1703233200319736,-0.23625639788632372,1.0
22.0,240.0,1.0000000000000002,4149.4917178517535,3846.309450922364,2037.3891364802407,4.68121284505735,3120,424.8000000000281,2124.0,852.0,0.0,852.0,3302.0,0.0,11.250000000000016,69.0,0.1.0,1023,equal,consensus,none,120,60,1,14.978195033313144,25.0,18.695652173913043,3120,2,0.16941245237333452,-0.23866232225257028,1.0
21.0,240.0,1.0000000000000002,3794.747846007724,3814.45030579591,1976.772061856763,3.7822550883543036,913,637.2000000000763,0.0,1422.0,0.0,1422.0,4958.0,0.0,14.250000000000023,92.0,0.1.0,1023,linear,central,none,120,60,1,4.912666397741025,8.0,7.663043478260869,913,7,0.0,6.938893903907228e-18,2.0
23.0,240.0,1.0000000000000002,3820.5978537687215,3801.1423313544146,1964.6715440656849,3.977657222515586,2151,519.2000000000495,1038.400000000099,1167.0,0.0,1167.0,3962.0,0.0,12.150000000000018,78.0,0.1.0,1023,linear,witness,none,120,60,1,10.424280666330136,17.0,13.294871794871796,2151,3,0.0,2.0816681711721685e-17,1.0
26.0,240.0,1.0000000000000002,3857.696227526012,3797.2209882309608,1955.1984478751901,5.120332796145486,3116,424.8000000000281,2124.0,941.0,0.0,941.0,3214.0,0.0,10.800000000000015,67.0,0.1.0,1023,linear,consensus,none,120,60,1,14.857498444306161,25.0,18.686567164179106,3116,2,0.0,2.0816681711721685e-17,1.0
23.0,240.0,1.0000000000000002,3832.913248376478,3826.7986137804014,1989.2512814654742,4.390996906284791,911,637.2000000000763,0.0,1415.0,0.0,1415.0,4968.0,0.0,14.400000000000023,93.0,0.1.0,1023,sublinear,central,none,120,60,1,4.906803542673108,8.0,7.67741935483871,911,7,0.026681082889187527,-0.03608796018092612,2.0
21.0,240.0,1.0000000000000002,3863.477572053057,3814.4239298211282,1976.7551084439135,3.7822550883543036,2151,519.2000000000495,1038.400000000099,1136.0,0.0,1136.0,3994.0,0.0,12.300000000000018,79.0,0.1.0,1023,sublinear,witness,none,120,60,1,10.448673009514271,17.0,13.367088607594937,2151,3,0.028202118353467125,-0.038667335697838694,1.0
26.0,240.0,1.0000000000000002,3909.756416163944,3807.5584983171216,1967.9973826507257,5.120332796145486,3122,424.8000000000281,2124.0,915.0,0.0,915.0,3235.0,0.0,10.950000000000015,67.0,0.1.0,1023,sublinear,consensus,none,120,60,1,14.895208655332302,25.0,18.686567164179106,3122,2,0.030286930449396104,-0.04137773896917572,1.0
23.0,240.0,1.0000000000000002,3674.456145574286,3758.6597209352753,1940.1736817746469,4.07252172912083,909,637.2000000000763,0.0,1533.0,0.0,1533.0,4849.0,0.0,13.950000000000022,90.0,0.1.0,1023,hierarchy,central,none,120,60,1,4.89729841204372,8.0,7.622222222222222,909,7,0.2005003304459672,0.22749014777104487,2.0
23.0,240.0,1.0000000000000002,3678.6340435878365,3752.555799337032,1923.6252745362374,4.0677370687241625,2148,519.2000000000495,1038.400000000099,1260.0,0.0,1260.0,3872.0,0.0,12.300000000000018,77.0,0.1.0,1023,hierarchy,witness,none,120,60,1,10.377840909090908,17.0,13.207792207792208,2148,3,0.177470116960395,0.1997592182240353,2.0
25.0,240.0,1.0000000000000002,3684.0073559541856,3748.1452665532092,1910.8867905515658,4.79187476165423,3113,424.8000000000281,2124.0,1012.0,0.0,1012.0,3145.0,0.0,10.800000000000015,66.0,0.1.0,1023,hierarchy,consensus,none,120,60,1,14.760572337042925,25.0,18.560606060606062,3113,2,0.16505352717795055,0.17586555991512043,2.0
24.0,240.0,1.0000000000000002,3972.7575701526266,3786.63974933601,2025.1285768360099,4.306991409039358,910,637.2000000000763,0.0,1475.0,0.0,1475.0,4902.0,0.0,13.20000000000002,86.0,0.1.0,1023,hierarchy_tenure,central,none,120,60,1,4.893920848633211,8.0,7.546511627906977,910,6,0.4103356636823276,0.12980169926157226,1.0
23.0,240.0,1.0000000000000002,4002.697846362211,3779.583482197716,2010.1370747198657,3.9869136034430355,2148,519.2000000000495,1038.400000000099,1184.0,0.0,1184.0,3946.0,0.0,11.850000000000017,76.0,0.1.0,1023,hierarchy_tenure,witness,none,120,60,1,10.454130765331982,17.0,13.092105263157896,2148,2,0.4019297267477078,0.1271816907767247,1.0
23.0,240.0,1.0000000000000002,4040.2780627552675,3774.8422371379647,1997.8003893389632,3.9869136034430355,3126,424.8000000000281,2124.0,947.0,0.0,947.0,3200.0,0.0,11.100000000000016,68.0,0.1.0,1023,hierarchy_tenure,consensus,none,120,60,1,14.9125,25.0,18.676470588235293,3126,2,0.3919129897014907,0.12591187266836418,1.0
21.0,240.0,1.0000000000000002,4023.835253580243,3857.7628406028143,2048.683653372733,4.307352256666404,912,637.2000000000763,0.0,1351.0,0.0,1351.0,5034.0,0.0,14.700000000000024,96.0,0.1.0,1023,equal,central,none,120,60,14,4.90067540723083,8.0,7.677083333333333,912,7,0.167948689090774,-0.2323621753325054,1.0
19.0,240.0,1.0000000000000002,4084.4891591138717,3851.7880242418555,2041.934863187117,3.9940253660835743,2155,519.2000000000495,1038.400000000099,1064.0,0.0,1064.0,4066.0,0.0,12.90000000000002,83.0,0.1.0,1023,equal,witness,none,120,60,14,10.482046237088047,17.0,13.518072289156626,2155,3,0.1703233200319736,-0.23625639788632372,1.0
22.0,240.0,1.0000000000000002,4149.4917178517535,3846.309450922364,2037.3891364802407,4.68121284505735,3120,424.8000000000281,2124.0,852.0,0.0,852.0,3302.0,0.0,11.250000000000016,69.0,0.1.0,1023,equal,consensus,none,120,60,14,14.978195033313144,25.0,18.695652173913043,3120,2,0.16941245237333452,-0.23866232225257028,1.0
22.0,240.0,1.0000000000000002,3845.685588371084,3834.830078682294,1992.205033599792,4.385040347985118,914,637.2000000000763,0.0,1435.0,0.0,1435.0,4945.0,0.0,14.250000000000023,93.0,0.1.0,1023,linear,central,none,120,60,14,4.878665318503539,8.0,7.655913978494624,914,7,0.012068988245432474,0.000257070973178071,1.0
22.0,240.0,1.0000000000000002,3869.9763018775875,3828.7592224863383,1977.064959518914,4.545113515293585,2143,519.2000000000495,1038.400000000099,1134.0,0.0,1134.0,4005.0,0.0,12.450000000000019,80.0,0.1.0,1023,linear,witness,none,120,60,14,10.415730337078651,17.0,13.375,2143,3,0.013294653055516215,0.004901415597461205,1.0
22.0,240.0,1.0000000000000002,3906.2628519274645,3820.6453093254654,1967.4869534029756,4.603004144239378,3120,424.8000000000281,2124.0,890.0,0.0,890.0,3262.0,0.0,10.950000000000015,68.0,0.1.0,1023,linear,consensus,none,120,60,14,14.889331698344574,25.0,18.63235294117647,3120,2,0.015647239177942987,0.006153561120256827,1.0
22.0,240.0,1.0000000000000002,3872.6416294858473,3840.0814007724925,1999.5482230129085,4.385040347985118,913,637.2000000000763,0.0,1411.0,0.0,1411.0,4970.0,0.0,14.250000000000023,93.0,0.1.0,1023,sublinear,central,none,120,60,14,4.884507042253521,8.0,7.655913978494624,913,7,0.030480520490639,-0.03897664361058461,1.0
23.0,240.0,1.0000000000000002,3904.3841124314254,3832.8213668790595,1985.2135785449466,4.733985742579405,2145,519.2000000000495,1038.400000000099,1118.0,0.0,1118.0,4019.0,0.0,12.450000000000019,80.0,0.1.0,1023,sublinear,witness,none,120,60,14,10.429957700920626,17.0,13.375,2145,3,0.030523052487626833,-0.037681710948897766,1.0
22.0,240.0,1.0000000000000002,3945.824020124835,3824.758025582535,1975.2141130144537,4.432378601797926,3120,424.8000000000281,2124.0,879.0,0.0,879.0,3273.0,0.0,10.950000000000015,68.0,0.1.0,1023,sublinear,consensus,none,120,60,14,14.919951115184846,25.0,18.63235294117647,3120,2,0.03187817426223982,-0.039501504604239915,1.0
23.0,240.0,1.0000000000000002,3768.5790428553814,3802.5837206889773,1978.7478522704905,4.659440594154706,913,637.2000000000763,0.0,1506.0,0.0,1506.0,4873.0,0.0,14.100000000000023,91.0,0.1.0,1023,hierarchy,central,none,120,60,14,4.868458854914837,8.0,7.626373626373627,913,7,0.18294115155502472,0.20436165213268148,2.0
23.0,240.0,1.0000000000000002,3762.3427898786867,3790.3686170836463,1961.4468783745426,4.659440594154706,2141,519.2000000000495,1038.400000000099,1197.0,0.0,1197.0,3943.0,0.0,12.450000000000019,78.0,0.1.0,1023,hierarchy,witness,none,120,60,14,10.361653563276693,17.0,13.243589743589743,2141,3,0.1649962159294542,0.17942728353800724,2.0
21.0,240.0,1.0000000000000002,3790.5650510840946,3786.1053960975923,1941.5626750476288,4.39705503265988,3119,424.8000000000281,2124.0,921.0,0.0,921.0,3230.0,0.0,10.800000000000015,66.0,0.1.0,1023,hierarchy,consensus,none,120,60,14,14.822600619195047,25.0,18.484848484848484,3119,2,0.1541401024148594,0.15910365513941993,2.0
24.0,240.0,1.0000000000000002,3972.7575701526266,3786.63974933601,2025.1285768360099,4.306991409039358,910,637.2000000000763,0.0,1475.0,0.0,1475.0,4902.0,0.0,13.20000000000002,86.0,0.1.0,1023,hierarchy_tenure,central,none,120,60,14,4.893920848633211,8.0,7.546511627906977,910,6,0.4103356636823276,0.12980169926157226,1.0
23.0,240.0,1.0000000000000002,4002.697846362211,3779.583482197716,2010.1370747198657,3.9869136034430355,2148,519.2000000000495,1038.400000000099,1184.0,0.0,1184.0,3946.0,0.0,11.850000000000017,76.0,0.1.0,1023,hierarchy_tenure,witness,none,120,60,14,10.454130765331982,17.0,13.092105263157896,2148,2,0.4019297267477078,0.1271816907767247,1.0
23.0,240.0,1.0000000000000002,4040.2780627552675,3774.8422371379647,1997.8003893389632,3.9869136034430355,3126,424.8000000000281,2124.0,947.0,0.0,947.0,3200.0,0.0,11.100000000000016,68.0,0.1.0,1023,hierarchy_tenure,consensus,none,120,60,14,14.9125,25.0,18.676470588235293,3126,2,0.3919129897014907,0.12591187266836418,1.0
25.0,240.0,1.0000000000000002,3966.8095492833236,3845.309398626455,2010.4987270429217,4.252140141023099,913,637.2000000000763,0.0,1481.0,0.0,1481.0,4912.0,0.0,16.050000000000026,105.0,0.1.0,1024,equal,central,none,120,60,1,4.891693811074918,8.0,7.476190476190476,913,4,0.19229369966784846,-0.26692399372307585,1.0
26.0,240.0,1.0000000000000002,4015.8117353276293,3841.5480348479914,2000.4534779114306,4.286785331276932,2145,519.2000000000495,1038.400000000099,1172.0,0.0,1172.0,3974.0,0.0,13.650000000000022,89.0,0.1.0,1024,equal,witness,none,120,60,1,10.434826371414193,17.0,12.595505617977528,2145,2,0.19112665587316305,-0.2682860705109553,
26.0,240.0,1.0000000000000002,4074.0233475951923,3834.95680276966,1991.7302858801963,4.286785331276932,3124,424.8000000000281,2124.0,914.0,0.0,914.0,3238.0,0.0,11.400000000000016,71.0,0.1.0,1024,equal,consensus,none,120,60,1,14.934527486102532,25.0,16.098591549295776,3124,5,0.18746228892831798,-0.2640314191124887,
27.0,240.0,1.0000000000000002,3724.7344432325003,3784.119939119659,1956.0513498684477,5.501191904958886,910,637.2000000000763,0.0,1555.0,0.0,1555.0,4835.0,0.0,15.150000000000025,99.0,0.1.0,1024,linear,central,none,120,60,1,4.902792140641158,8.0,7.454545454545454,910,4,0.0,-6.938893903907228e-18,1.0
28.0,240.0,1.0000000000000002,3756.1955763335714,3785.78256111672,1955.223117941357,5.615374996412935,2144,519.2000000000495,1038.400000000099,1250.0,0.0,1250.0,3898.0,0.0,13.800000000000022,89.0,0.1.0,1024,linear,witness,none,120,60,1,10.410466906105695,17.0,12.539325842696629,2144,2,0.0,1.3877787807814457e-17,
28.0,240.0,1.0000000000000002,3782.4953945475995,3779.5529267372135,1941.6757938398482,5.72602456107898,3116,424.8000000000281,2124.0,982.0,0.0,982.0,3176.0,0.0,11.100000000000016,70.0,0.1.0,1024,linear,consensus,none,120,60,1,14.867758186397985,25.0,16.12857142857143,3116,4,0.0,-2.0816681711721685e-17,
27.0,240.0,1.0000000000000002,3751.575921953663,3801.790981394733,1957.9919470232142,5.498737128604068,911,637.2000000000763,0.0,1530.0,0.0,1530.0,4860.0,0.0,15.300000000000026,100.0,0.1.0,1024,sublinear,central,none,120,60,1,4.905144032921811,8.0,7.48,911,4,0.03374395723013133,-0.04480055472174841,1.0
27.0,240.0,1.0000000000000002,3794.9200118534404,3801.89114840517,1959.7524454304485,5.498737128604068,2144,519.2000000000495,1038.400000000099,1226.0,0.0,1226.0,3922.0,0.0,13.800000000000022,89.0,0.1.0,1024,sublinear,witness,none,120,60,1,10.426058133605304,17.0,12.595505617977528,2144,2,0.03530712178138724,-0.04695492843628005,
28.0,240.0,1.0000000000000002,3826.077386691033,3792.814463177221,1946.1672979563775,5.421322727300211,3120,424.8000000000281,2124.0,969.0,0.0,969.0,3185.0,0.0,11.100000000000016,69.0,0.1.0,1024,sublinear,consensus,none,120,60,1,14.873469387755103,25.0,16.057971014492754,3120,5,0.036548165806834086,-0.0483531316319667,
27.0,240.0,1.0000000000000002,3678.0108132638143,3750.3209432106364,1948.4140416039063,5.489545657424222,911,637.2000000000763,0.0,1621.0,0.0,1621.0,4771.0,0.0,15.600000000000026,102.0,0.1.0,1024,hierarchy,central,none,120,60,1,4.900440159295745,8.0,7.450980392156863,911,4,0.1791565691426883,0.17649756332226033,1.0
25.0,240.0,1.0000000000000002,3695.115348944762,3741.7218291248664,1944.5086361378892,4.8617023778534545,2148,519.2000000000495,1038.400000000099,1310.0,0.0,1310.0,3833.0,0.0,13.650000000000022,88.0,0.1.0,1024,hierarchy,witness,none,120,60,1,10.402817636316202,17.0,12.534090909090908,2148,2,0.162641461044583,0.15167532807534348,
27.0,240.0,1.0000000000000002,3704.54018185035,3740.090227557805,1936.7178450860008,5.193043905206152,3114,424.8000000000281,2124.0,1036.0,0.0,1036.0,3127.0,0.0,11.550000000000017,72.0,0.1.0,1024,hierarchy,consensus,none,120,60,1,14.78733610489287,25.0,16.333333333333332,3114,4,0.15719249099906618,0.13742586426718106,
29.0,240.0,1.0000000000000002,3804.0606740340963,3747.690084523565,1995.8408789896416,6.467470376452415,908,637.2000000000763,0.0,1747.0,0.0,1747.0,4646.0,0.0,15.300000000000026,100.0,0.1.0,1024,hierarchy_tenure,central,none,120,60,1,4.874946190271201,8.0,7.45,908,3,0.4234571812279664,0.07918142376914962,1.0
28.0,240.0,1.0000000000000002,3807.2082589667184,3744.905758703457,1976.757677967231,5.416229099326542,2140,519.2000000000495,1038.400000000099,1405.0,0.0,1405.0,3742.0,0.0,13.05000000000002,84.0,0.1.0,1024,hierarchy_tenure,witness,none,120,60,1,10.34152859433458,17.0,12.404761904761905,2140,2,0.41581773152970347,0.08414415921201342,
27.0,240.0,1.0000000000000002,3822.866483220911,3739.452885500065,1958.4005011969732,5.014316889455066,3108,424.8000000000281,2124.0,1114.0,0.0,1114.0,3053.0,0.0,11.250000000000016,70.0,0.1.0,1024,hierarchy_tenure,consensus,none,120,60,1,14.775302980674747,25.0,16.242857142857144,3108,2,0.399650133640163,0.09920435828309204,
25.0,240.0,1.0000000000000002,3966.8095492833236,3845.309398626455,2010.4987270429217,4.252140141023099,913,637.2000000000763,0.0,1481.0,0.0,1481.0,4912.0,0.0,16.050000000000026,105.0,0.1.0,1024,equal,central,none,120,60,14,4.891693811074918,8.0,7.476190476190476,913,4,0.19229369966784846,-0.26692399372307585,1.0
26.0,240.0,1.0000000000000002,4015.8117353276293,3841.5480348479914,2000.4534779114306,4.286785331276932,2145,519.2000000000495,1038.400000000099,1172.0,0.0,1172.0,3974.0,0.0,13.650000000000022,89.0,0.1.0,1024,equal,witness,none,120,60,14,10.434826371414193,17.0,12.595505617977528,2145,2,0.19112665587316305,-0.2682860705109553,
26.0,240.0,1.0000000000000002,4074.0233475951923,3834.95680276966,1991.7302858801963,4.286785331276932,3124,424.8000000000281,2124.0,914.0,0.0,914.0,3238.0,0.0,11.400000000000016,71.0,0.1.0,1024,equal,consensus,none,120,60,14,14.934527486102532,25.0,16.098591549295776,3124,5,0.18746228892831798,-0.2640314191124887,
27.0,240.0,1.0000000000000002,3823.8530290609174,3818.4203972493765,1992.3926956981898,5.312033832087933,910,637.2000000000763,0.0,1541.0,0.0,1541.0,4853.0,0.0,15.750000000000027,103.0,0.1.0,1024,linear,central,none,120,60,14,4.881310529569339,8.0,7.456310679611651,910,4,0.011781216556040485,0.0019858933964978093,1.0
27.0,240.0,1.0000000000000002,3829.6080703734133,3810.818374404138,1974.564581966091,5.312033832087933,2141,519.2000000000495,1038.400000000099,1225.0,0.0,1225.0,3924.0,0.0,13.500000000000021,87.0,0.1.0,1024,linear,witness,none,120,60,14,10.393985728848115,17.0,12.471264367816092,2141,2,0.015174093945786898,0.0019304601677907485,
27.0,240.0,1.0000000000000002,3853.1631471651444,3801.400468787402,1961.755013258656,5.312033832087933,3119,424.8000000000281,2124.0,961.0,0.0,961.0,3196.0,0.0,11.400000000000016,71.0,0.1.0,1024,linear,consensus,none,120,60,14,14.85450563204005,25.0,16.098591549295776,3119,4,0.012728871281062776,0.002676018135481642,
28.0,240.0,1.0000000000000002,3838.679622978798,3826.7725638403977,1991.1616911472615,5.710744568110042,912,637.2000000000763,0.0,1520.0,0.0,1520.0,4873.0,0.0,15.900000000000027,104.0,0.1.0,1024,sublinear,central,none,120,60,14,4.886927970449415,8.0,7.461538461538462,912,4,0.03632084040131072,-0.04631074912015443,1.0
26.0,240.0,1.0000000000000002,3855.6361415282313,3818.811958075966,1974.1667768246245,4.6086212622870555,2145,519.2000000000495,1038.400000000099,1207.0,0.0,1207.0,3940.0,0.0,13.800000000000022,89.0,0.1.0,1024,sublinear,witness,none,120,60,14,10.414467005076142,17.0,12.595505617977528,2145,2,0.038375871617491966,-0.04853244944243349,
26.0,240.0,1.0000000000000002,3886.766784262092,3809.8996852774035,1962.6720082421111,4.6086212622870555,3121,424.8000000000281,2124.0,951.0,0.0,951.0,3205.0,0.0,11.550000000000017,71.0,0.1.0,1024,sublinear,consensus,none,120,60,14,14.867082683307332,25.0,16.098591549295776,3121,5,0.038646964764109254,-0.048674103576541006,
30.0,240.0,1.0000000000000002,3772.404358826165,3789.381962797953,1990.7087960841889,5.291115926657292,909,637.2000000000763,0.0,1593.0,0.0,1593.0,4801.0,0.0,15.600000000000026,102.0,0.1.0,1024,hierarchy,central,none,120,60,14,4.8721099770881064,8.0,7.431372549019608,909,4,0.17074043647488346,0.15557357427395926,1.0
28.0,240.0,1.0000000000000002,3777.200251581122,3783.9023490156255,1975.8390161383263,5.174365583183786,2141,519.2000000000495,1038.400000000099,1269.0,0.0,1269.0,3880.0,0.0,13.500000000000021,87.0,0.1.0,1024,hierarchy,witness,none,120,60,14,10.351030927835051,17.0,12.471264367816092,2141,2,0.15841659429808064,0.13620774707368818,
26.0,240.0,1.0000000000000002,3790.4959821566704,3776.7913669454133,1958.0907898514222,5.091127558210408,3117,424.8000000000281,2124.0,1000.0,0.0,1000.0,3160.0,0.0,11.550000000000017,71.0,0.1.0,1024,hierarchy,consensus,none,120,60,14,14.776582278481012,25.0,16.154929577464788,3117,4,0.1565530745246404,0.12547011265296587,
29.0,240.0,1.0000000000000002,3804.0606740340963,3747.690084523565,1995.8408789896416,6.467470376452415,908,637.2000000000763,0.0,1747.0,0.0,1747.0,4646.0,0.0,15.300000000000026,100.0,0.1.0,1024,hierarchy_tenure,central,none,120,60,14,4.874946190271201,8.0,7.45,908,3,0.4234571812279664,0.07918142376914962,1.0
28.0,240.0,1.0000000000000002,3807.2082589667184,3744.905758703457,1976.757677967231,5.416229099326542,2140,519.2000000000495,1038.400000000099,1405.0,0.0,1405.0,3742.0,0.0,13.05000000000002,84.0,0.1.0,1024,hierarchy_tenure,witness,none,120,60,14,10.34152859433458,17.0,12.404761904761905,2140,2,0.41581773152970347,0.08414415921201342,
27.0,240.0,1.0000000000000002,3822.866483220911,3739.452885500065,1958.4005011969732,5.014316889455066,3108,424.8000000000281,2124.0,1114.0,0.0,1114.0,3053.0,0.0,11.250000000000016,70.0,0.1.0,1024,hierarchy_tenure,consensus,none,120,60,14,14.775302980674747,25.0,16.242857142857144,3108,2,0.399650133640163,0.09920435828309204,
25.0,240.0,1.0000000000000002,3913.93348287804,3789.847114944475,2327.1956524025973,3.820625927377405,906,637.2000000000763,0.0,1439.0,0.0,1439.0,4938.0,0.0,12.75000000000002,82.0,0.1.0,1025,equal,central,none,120,60,1,4.928311057108141,8.0,7.390243902439025,906,4,0.1815092570422593,-0.24662839945429268,2.0
25.0,240.0,1.0000000000000002,3969.0631298813373,3785.226120939726,2318.6772033543402,3.820625927377405,2141,519.2000000000495,1038.400000000099,1162.0,0.0,1162.0,3964.0,0.0,10.350000000000014,65.0,0.1.0,1025,equal,witness,none,120,60,1,10.568365287588295,17.0,11.723076923076922,2141,6,0.18932562173207826,-0.25406148241162335,2.0
27.0,240.0,1.0000000000000002,4024.8072331687085,3778.536467436468,2309.140720193673,4.080551028788502,3123,424.8000000000281,2124.0,946.0,0.0,946.0,3192.0,0.0,9.450000000000012,54.0,0.1.0,1025,equal,consensus,none,120,60,1,15.098997493734336,25.0,14.981481481481481,3123,3,0.18941201763214513,-0.25620815908994055,2.0
28.0,240.0,1.0000000000000002,3715.225952165221,3719.1952530169897,2264.731161811326,4.744365027557671,905,637.2000000000763,0.0,1537.0,0.0,1537.0,4838.0,0.0,12.300000000000018,79.0,0.1.0,1025,linear,central,none,120,60,1,4.914220752377015,8.0,7.3544303797468356,905,4,0.0,-6.938893903907228e-18,2.0
29.0,240.0,1.0000000000000002,3755.02876328511,3716.985241023378,2256.926473752628,4.813845041583263,2138,519.2000000000495,1038.400000000099,1230.0,0.0,1230.0,3895.0,0.0,9.750000000000012,61.0,0.1.0,1025,linear,witness,none,120,60,1,10.521694480102695,17.0,11.836065573770492,2138,6,0.0,2.0816681711721685e-17,2.0
28.0,240.0,1.0000000000000002,3790.5290807598444,3711.3096618928134,2241.694328584728,4.529373215499306,3117,424.8000000000281,2124.0,993.0,0.0,993.0,3148.0,0.0,9.00000000000001,52.0,0.1.0,1025,linear,consensus,none,120,60,1,15.035578144853876,25.0,15.461538461538462,3117,3,0.0,-2.0816681711721685e-17,2.0
26.0,240.0,1.0000000000000002,3739.925913663991,3731.831045370798,2268.7725679901137,4.370544115041962,905,637.2000000000763,0.0,1523.0,0.0,1523.0,4853.0,0.0,12.450000000000019,80.0,0.1.0,1025,sublinear,central,none,120,60,1,4.917988872862147,8.0,7.3625,905,4,0.03142110365283523,-0.042716123799804495,2.0
28.0,240.0,1.0000000000000002,3784.797540106338,3729.325027560497,2261.382875058006,4.635958049366935,2138,519.2000000000495,1038.400000000099,1223.0,0.0,1223.0,3903.0,0.0,9.900000000000013,62.0,0.1.0,1025,sublinear,witness,none,120,60,1,10.522674865488087,17.0,11.774193548387096,2138,6,0.03374310982283052,-0.04488896488559631,2.0
28.0,240.0,1.0000000000000002,3827.0372007248757,3722.98095057327,2248.536369467091,4.529373215499306,3119,424.8000000000281,2124.0,985.0,0.0,985.0,3156.0,0.0,9.300000000000011,53.0,0.1.0,1025,sublinear,consensus,none,120,60,1,15.05703422053232,25.0,15.377358490566039,3119,3,0.03484203187934306,-0.045901467884239336,2.0
28.0,240.0,1.0000000000000002,3663.692467109749,3690.154438627707,2268.5984534528143,5.340765871855805,906,637.2000000000763,0.0,1565.0,0.0,1565.0,4806.0,0.0,11.850000000000017,76.0,0.1.0,1025,hierarchy,central,none,120,60,1,4.91344153141906,8.0,7.2894736842105265,906,4,0.16111571830803,0.1693721830567517,2.0
28.0,240.0,1.0000000000000002,3685.080004644075,3688.1417198089066,2248.916340534771,5.214311965582015,2134,519.2000000000495,1038.400000000099,1273.0,0.0,1273.0,3853.0,0.0,9.300000000000011,58.0,0.1.0,1025,hierarchy,witness,none,120,60,1,10.489229172073708,17.0,11.482758620689655,2134,6,0.15179250632509847,0.15159490529840758,2.0
30.0,240.0,1.0000000000000002,3721.788694547059,3688.05564994865,2231.9130534617193,5.5928988096716115,3114,424.8000000000281,2124.0,1024.0,0.0,1024.0,3118.0,0.0,8.70000000000001,51.0,0.1.0,1025,hierarchy,consensus,none,120,60,1,14.98460551635664,25.0,15.215686274509803,3114,3,0.14173690816468448,0.14095384953757753,2.0
30.0,240.0,1.0000000000000002,3729.418940339142,3732.7263311976526,2198.8104282305785,5.48558716345834,902,637.2000000000763,0.0,1655.0,0.0,1655.0,4720.0,0.0,11.850000000000017,76.0,0.1.0,1025,hierarchy_tenure,central,none,120,60,1,4.8805084745762715,8.0,7.315789473684211,902,4,0.3974690760450972,0.1027748751504316,2.0
30.0,240.0,1.0000000000000002,3748.430232720901,3732.106375017386,2183.8774663745403,5.48558716345834,2134,519.2000000000495,1038.400000000099,1325.0,0.0,1325.0,3804.0,0.0,9.750000000000012,61.0,0.1.0,1025,hierarchy_tenure,witness,none,120,60,1,10.426656151419559,17.0,11.688524590163935,2134,5,0.3904823780903118,0.10615903572876566,2.0
30.0,240.0,1.0000000000000002,3772.8229071432866,3728.0186648393237,2166.6846561262973,5.23421013769033,3108,424.8000000000281,2124.0,1060.0,0.0,1060.0,3090.0,0.0,9.00000000000001,52.0,0.1.0,1025,hierarchy_tenure,consensus,none,120,60,1,14.906796116504854,25.0,15.211538461538462,3108,4,0.379381882816894,0.11390801507795621,2.0
25.0,240.0,1.0000000000000002,3913.93348287804,3789.847114944475,2327.1956524025973,3.820625927377405,906,637.2000000000763,0.0,1439.0,0.0,1439.0,4938.0,0.0,12.75000000000002,82.0,0.1.0,1025,equal,central,none,120,60,14,4.928311057108141,8.0,7.390243902439025,906,4,0.1815092570422593,-0.24662839945429268,2.0
25.0,240.0,1.0000000000000002,3969.0631298813373,3785.226120939726,2318.6772033543402,3.820625927377405,2141,519.2000000000495,1038.400000000099,1162.0,0.0,1162.0,3964.0,0.0,10.350000000000014,65.0,0.1.0,1025,equal,witness,none,120,60,14,10.568365287588295,17.0,11.723076923076922,2141,6,0.18932562173207826,-0.25406148241162335,2.0
27.0,240.0,1.0000000000000002,4024.8072331687085,3778.536467436468,2309.140720193673,4.080551028788502,3123,424.8000000000281,2124.0,946.0,0.0,946.0,3192.0,0.0,9.450000000000012,54.0,0.1.0,1025,equal,consensus,none,120,60,14,15.098997493734336,25.0,14.981481481481481,3123,3,0.18941201763214513,-0.25620815908994055,2.0
28.0,240.0,1.0000000000000002,3772.3004725331075,3740.4945699914674,2276.1938672426,4.483684597550959,905,637.2000000000763,0.0,1517.0,0.0,1517.0,4858.0,0.0,12.300000000000018,79.0,0.1.0,1025,linear,central,none,120,60,14,4.910045286125977,8.0,7.3164556962025316,905,4,0.01341547010609114,0.0033527087738200664,2.0
29.0,240.0,1.0000000000000002,3815.272090155723,3740.5164608091,2266.8050330044175,4.813845041583263,2136,519.2000000000495,1038.400000000099,1225.0,0.0,1225.0,3904.0,0.0,10.050000000000013,63.0,0.1.0,1025,linear,witness,none,120,60,14,10.510245901639344,17.0,11.555555555555555,2136,6,0.013926949207894758,0.0014396791444054105,2.0
29.0,240.0,1.0000000000000002,3855.243574429094,3736.4325828282726,2258.9545088670675,5.410245885881396,3118,424.8000000000281,2124.0,979.0,0.0,979.0,3163.0,0.0,9.300000000000011,54.0,0.1.0,1025,linear,consensus,none,120,60,14,15.039519443566235,25.0,14.981481481481481,3118,3,0.01463247903610893,0.001332572237328869,2.0
28.0,240.0,1.0000000000000002,3789.241673963071,3749.6697683092193,2280.1557158241403,4.483684597550959,905,637.2000000000763,0.0,1500.0,0.0,1500.0,4875.0,0.0,12.300000000000018,79.0,0.1.0,1025,sublinear,central,none,120,60,14,4.911179487179488,8.0,7.3164556962025316,905,4,0.0324028898648337,-0.04140643191794487,2.0
29.0,240.0,1.0000000000000002,3839.844704013273,3749.6692301881444,2273.6666335176133,4.813845041583263,2139,519.2000000000495,1038.400000000099,1210.0,0.0,1210.0,3916.0,0.0,10.050000000000013,63.0,0.1.0,1025,sublinear,witness,none,120,60,14,10.523748723186925,17.0,11.555555555555555,2139,6,0.0358311558409807,-0.044789827365741934,2.0
27.0,240.0,1.0000000000000002,3881.7993291304415,3744.434541700291,2264.4478343568726,4.346720291709091,3121,424.8000000000281,2124.0,969.0,0.0,969.0,3171.0,0.0,9.450000000000012,54.0,0.1.0,1025,sublinear,consensus,none,120,60,14,15.061179438662883,25.0,14.981481481481481,3121,3,0.03696251146278362,-0.0458938214559989,2.0
28.0,240.0,1.0000000000000002,3719.501075145873,3719.303920517903,2264.4752438440087,5.080085441849091,904,637.2000000000763,0.0,1567.0,0.0,1567.0,4808.0,0.0,12.150000000000018,79.0,0.1.0,1025,hierarchy,central,none,120,60,14,4.897462562396007,8.0,7.3164556962025316,904,4,0.15766812241537875,0.15787323998968406,2.0
28.0,240.0,1.0000000000000002,3760.165690581133,3718.8047387410825,2257.234331370674,5.276859743984496,2136,519.2000000000495,1038.400000000099,1255.0,0.0,1255.0,3873.0,0.0,9.900000000000013,61.0,0.1.0,1025,hierarchy,witness,none,120,60,14,10.47998967208882,17.0,11.311475409836065,2136,6,0.1454172738357957,0.14132474978332168,2.0
29.0,240.0,1.0000000000000002,3791.8178635978315,3716.7394196785804,2243.857832022578,5.3921989577983425,3116,424.8000000000281,2124.0,998.0,0.0,998.0,3145.0,0.0,9.150000000000011,54.0,0.1.0,1025,hierarchy,consensus,none,120,60,14,14.990143084260731,25.0,14.981481481481481,3116,3,0.14083832673497837,0.13312116272211827,2.0
30.0,240.0,1.0000000000000002,3729.418940339142,3732.7263311976526,2198.8104282305785,5.48558716345834,902,637.2000000000763,0.0,1655.0,0.0,1655.0,4720.0,0.0,11.850000000000017,76.0,0.1.0,1025,hierarchy_tenure,central,none,120,60,14,4.8805084745762715,8.0,7.315789473684211,902,4,0.3974690760450972,0.1027748751504316,2.0
30.0,240.0,1.0000000000000002,3748.430232720901,3732.106375017386,2183.8774663745403,5.48558716345834,2134,519.2000000000495,1038.400000000099,1325.0,0.0,1325.0,3804.0,0.0,9.750000000000012,61.0,0.1.0,1025,hierarchy_tenure,witness,none,120,60,14,10.426656151419559,17.0,11.688524590163935,2134,5,0.3904823780903118,0.10615903572876566,2.0
30.0,240.0,1.0000000000000002,3772.8229071432866,3728.0186648393237,2166.6846561262973,5.23421013769033,3108,424.8000000000281,2124.0,1060.0,0.0,1060.0,3090.0,0.0,9.00000000000001,52.0,0.1.0,1025,hierarchy_tenure,consensus,none,120,60,14,14.906796116504854,25.0,15.211538461538462,3108,4,0.379381882816894,0.11390801507795621,2.0
19.0,240.0,1.0000000000000002,3980.8922968875554,3831.6461161527473,2033.5793256821626,3.1577805836196666,915,637.2000000000763,0.0,1334.0,0.0,1334.0,5061.0,0.0,16.50000000000002,109.0,0.1.0,1026,equal,central,none,120,60,1,4.919976289270895,8.0,7.844036697247707,915,4,0.1549952248240507,-0.21513125760766721,
16.0,240.0,1.0000000000000002,4045.058486581654,3829.15397789285,2023.6426162040193,2.564805130207667,2143,519.2000000000495,1038.400000000099,1034.0,0.0,1034.0,4107.0,0.0,12.60000000000002,83.0,0.1.0,1026,equal,witness,none,120,60,1,10.555149744338934,17.0,13.265060240963855,2143,11,0.1606638003855741,-0.22360084477590986,
17.0,240.0,1.0000000000000002,4122.053124085604,3821.4511708879745,2013.1327032200948,2.690920101830204,3132,424.8000000000281,2124.0,821.0,0.0,821.0,3320.0,0.0,10.950000000000015,67.0,0.1.0,1026,equal,consensus,none,120,60,1,15.121084337349398,25.0,17.880597014925375,3132,4,0.166909378266242,-0.23417753970318023,
19.0,240.0,1.0000000000000002,3668.8189320722963,3721.7488401370724,1930.595058492786,3.190939552003168,912,637.2000000000763,0.0,1511.0,0.0,1511.0,4876.0,0.0,14.850000000000025,98.0,0.1.0,1026,linear,central,none,120,60,1,4.909762100082035,8.0,7.73469387755102,912,4,0.0,0.0,
20.0,240.0,1.0000000000000002,3707.037571893336,3720.3736507401964,1929.344527280108,3.17367769230842,2141,519.2000000000495,1038.400000000099,1189.0,0.0,1189.0,3949.0,0.0,11.850000000000017,78.0,0.1.0,1026,linear,witness,none,120,60,1,10.49379589769562,17.0,13.153846153846153,2141,7,0.0,0.0,
17.0,240.0,1.0000000000000002,3756.267031897977,3712.772227942963,1920.9892008197253,2.679952848318085,3121,424.8000000000281,2124.0,954.0,0.0,954.0,3195.0,0.0,10.500000000000014,63.0,0.1.0,1026,linear,consensus,none,120,60,1,15.02472613458529,25.0,17.92063492063492,3121,4,0.0,-1.3877787807814457e-17,
17.0,240.0,1.0000000000000002,3716.9995395606134,3746.8811081065155,1949.9587980052577,2.1888887146069047,914,637.2000000000763,0.0,1461.0,0.0,1461.0,4927.0,0.0,15.300000000000026,101.0,0.1.0,1026,sublinear,central,none,120,60,1,4.915770245585549,8.0,7.752475247524752,914,4,0.025582285842168272,-0.03488998866651102,
20.0,240.0,1.0000000000000002,3754.7024231042956,3741.255851282842,1940.4929040451555,3.17367769230842,2141,519.2000000000495,1038.400000000099,1150.0,0.0,1150.0,3989.0,0.0,12.000000000000018,79.0,0.1.0,1026,sublinear,witness,none,120,60,1,10.507646026573076,17.0,13.113924050632912,2141,8,0.027134769219289614,-0.03707768544340722,
19.0,240.0,1.0000000000000002,3818.658375631173,3734.2650863994845,1934.944041176221,2.8553170643022705,3128,424.8000000000281,2124.0,907.0,0.0,907.0,3235.0,0.0,10.500000000000014,63.0,0.1.0,1026,sublinear,consensus,none,120,60,1,15.084389489953631,25.0,17.857142857142858,3128,4,0.029646564120824382,-0.040263386788021736,
20.0,240.0,1.0000000000000002,3617.876260315201,3670.878575392288,1938.5413399319248,3.645631270947902,911,637.2000000000763,0.0,1620.0,0.0,1620.0,4766.0,0.0,14.550000000000024,96.0,0.1.0,1026,hierarchy,central,none,120,60,1,4.890474192194713,8.0,7.729166666666667,911,5,0.1800345736177677,0.19870484592002602,
22.0,240.0,1.0000000000000002,3620.025840971186,3675.4308951288017,1921.2635250026317,3.9185510108199613,2137,519.2000000000495,1038.400000000099,1285.0,0.0,1285.0,3858.0,0.0,12.000000000000018,79.0,0.1.0,1026,hierarchy,witness,none,120,60,1,10.417314670813893,17.0,13.215189873417721,2137,5,0.1684352059245462,0.18209870041906573,
19.0,240.0,1.0000000000000002,3645.8940817788825,3678.1996753240414,1909.459066450396,3.393290237035564,3115,424.8000000000281,2124.0,998.0,0.0,998.0,3156.0,0.0,10.350000000000014,62.0,0.1.0,1026,hierarchy,consensus,none,120,60,1,14.929974651457542,25.0,17.64516129032258,3115,4,0.15692884727042755,0.16008752288927647,
18.0,240.0,1.0000000000000002,3910.685937376749,3703.24301860039,2011.911363143742,3.1918256548816117,908,637.2000000000763,0.0,1572.0,0.0,1572.0,4821.0,0.0,15.150000000000025,100.0,0.1.0,1026,hierarchy_tenure,central,none,120,60,1,4.8964945032151,8.0,7.75,908,5,0.4131024598503451,0.11676693598808889,
18.0,240.0,1.0000000000000002,3937.855383178723,3698.697024974307,2000.6751195351692,3.2920114881767772,2139,519.2000000000495,1038.400000000099,1235.0,0.0,1235.0,3906.0,0.0,12.000000000000018,79.0,0.1.0,1026,hierarchy_tenure,witness,none,120,60,1,10.474654377880185,17.0,13.126582278481013,2139,10,0.3964702821024604,0.1155036580824146,
18.0,240.0,1.0000000000000002,3979.574769463994,3693.8469473449286,1992.4339676614895,3.2920114881767772,3116,424.8000000000281,2124.0,971.0,0.0,971.0,3185.0,0.0,10.800000000000015,66.0,0.1.0,1026,hierarchy_tenure,consensus,none,120,60,1,15.00596546310832,25.0,17.924242424242426,3116,4,0.37461763538339354,0.11407434177021902,
19.0,240.0,1.0000000000000002,3980.8922968875554,3831.6461161527473,2033.5793256821626,3.1577805836196666,915,637.2000000000763,0.0,1334.0,0.0,1334.0,5061.0,0.0,16.50000000000002,109.0,0.1.0,1026,equal,central,none,120,60,14,4.919976289270895,8.0,7.844036697247707,915,4,0.1549952248240507,-0.21513125760766721,
16.0,240.0,1.0000000000000002,4045.058486581654,3829.15397789285,2023.6426162040193,2.564805130207667,2143,519.2000000000495,1038.400000000099,1034.0,0.0,1034.0,4107.0,0.0,12.60000000000002,83.0,0.1.0,1026,equal,witness,none,120,60,14,10.555149744338934,17.0,13.265060240963855,2143,11,0.1606638003855741,-0.22360084477590986,
17.0,240.0,1.0000000000000002,4122.053124085604,3821.4511708879745,2013.1327032200948,2.690920101830204,3132,424.8000000000281,2124.0,821.0,0.0,821.0,3320.0,0.0,10.950000000000015,67.0,0.1.0,1026,equal,consensus,none,120,60,14,15.121084337349398,25.0,17.880597014925375,3132,4,0.166909378266242,-0.23417753970318023,
21.0,240.0,1.0000000000000002,3788.4590534763242,3782.2756010381922,1994.1173259459656,3.82866807883332,915,637.2000000000763,0.0,1443.0,0.0,1443.0,4942.0,0.0,15.000000000000025,99.0,0.1.0,1026,linear,central,none,120,60,14,4.889113719142048,8.0,7.717171717171717,915,4,0.011906081178932824,0.0014449886169972531,
20.0,240.0,1.0000000000000002,3800.3408645782847,3769.2547234476265,1973.6502158302787,3.489695464077805,2141,519.2000000000495,1038.400000000099,1137.0,0.0,1137.0,4002.0,0.0,12.000000000000018,79.0,0.1.0,1026,linear,witness,none,120,60,14,10.462768615692154,17.0,13.113924050632912,2141,8,0.015486829452939414,0.0058592660962015555,
18.0,240.0,1.0000000000000002,3847.9067004880753,3760.1678989447646,1962.8586602637329,3.187107258007413,3125,424.8000000000281,2124.0,886.0,0.0,886.0,3260.0,0.0,10.650000000000015,65.0,0.1.0,1026,linear,consensus,none,120,60,14,15.023006134969325,25.0,17.846153846153847,3125,4,0.016727048040894116,0.003647641759922292,
19.0,240.0,1.0000000000000002,3816.057733674907,3794.421397736347,2000.7756078142054,3.1577805836196666,914,637.2000000000763,0.0,1402.0,0.0,1402.0,4986.0,0.0,15.300000000000026,101.0,0.1.0,1026,sublinear,central,none,120,60,14,4.900521460088247,8.0,7.732673267326732,914,4,0.027096453561063865,-0.03355492362073133,
18.0,240.0,1.0000000000000002,3843.5415478604696,3783.230676536129,1982.208248737137,2.6960431242962324,2143,519.2000000000495,1038.400000000099,1100.0,0.0,1100.0,4038.0,0.0,12.150000000000018,80.0,0.1.0,1026,sublinear,witness,none,120,60,14,10.500990589400693,17.0,13.1875,2143,8,0.028226189160396414,-0.03331627597874561,
19.0,240.0,1.0000000000000002,3901.7908770685362,3772.7092022317656,1970.8319141710735,3.2130363963347843,3127,424.8000000000281,2124.0,872.0,0.0,872.0,3272.0,0.0,10.650000000000015,65.0,0.1.0,1026,sublinear,consensus,none,120,60,14,15.04737163814181,25.0,17.846153846153847,3127,4,0.03264632488838746,-0.03947180001670657,
22.0,240.0,1.0000000000000002,3707.2622345994982,3733.739431591363,1978.9450017224597,4.172464966632369,911,637.2000000000763,0.0,1595.0,0.0,1595.0,4794.0,0.0,15.000000000000025,99.0,0.1.0,1026,hierarchy,central,none,120,60,14,4.856904463913225,8.0,7.7272727272727275,911,4,0.1790055941667891,0.19597470150757423,
19.0,240.0,1.0000000000000002,3705.6930492158554,3735.482772268744,1957.1967933465937,3.521763669124391,2138,519.2000000000495,1038.400000000099,1225.0,0.0,1225.0,3915.0,0.0,11.700000000000017,77.0,0.1.0,1026,hierarchy,witness,none,120,60,14,10.37522349936143,17.0,13.03896103896104,2138,6,0.1699794248800415,0.1781986135992716,
22.0,240.0,1.0000000000000002,3737.6708300984074,3734.876145636785,1942.2249793879635,4.123816895295558,3112,424.8000000000281,2124.0,937.0,0.0,937.0,3221.0,0.0,10.500000000000014,63.0,0.1.0,1026,hierarchy,consensus,none,120,60,14,14.93977025768395,25.0,17.650793650793652,3112,4,0.1561270301910086,0.15575136555940194,
18.0,240.0,1.0000000000000002,3910.685937376749,3703.24301860039,2011.911363143742,3.1918256548816117,908,637.2000000000763,0.0,1572.0,0.0,1572.0,4821.0,0.0,15.150000000000025,100.0,0.1.0,1026,hierarchy_tenure,central,none,120,60,14,4.8964945032151,8.0,7.75,908,5,0.4131024598503451,0.11676693598808889,
18.0,240.0,1.0000000000000002,3937.855383178723,3698.697024974307,2000.6751195351692,3.2920114881767772,2139,519.2000000000495,1038.400000000099,1235.0,0.0,1235.0,3906.0,0.0,12.000000000000018,79.0,0.1.0,1026,hierarchy_tenure,witness,none,120,60,14,10.474654377880185,17.0,13.126582278481013,2139,10,0.3964702821024604,0.1155036580824146,
18.0,240.0,1.0000000000000002,3979.574769463994,3693.8469473449286,1992.4339676614895,3.2920114881767772,3116,424.8000000000281,2124.0,971.0,0.0,971.0,3185.0,0.0,10.800000000000015,66.0,0.1.0,1026,hierarchy_tenure,consensus,none,120,60,14,15.00596546310832,25.0,17.924242424242426,3116,4,0.37461763538339354,0.11407434177021902,
22.0,240.0,1.0000000000000002,3864.1858953585343,3841.9648205091235,1969.6274986717845,3.0647511633682645,905,637.2000000000763,0.0,1467.0,0.0,1467.0,4918.0,0.0,13.500000000000021,90.0,0.1.0,1027,equal,central,none,120,60,1,4.875965839772265,8.0,7.777777777777778,905,6,0.1835673238968838,-0.2511855407347708,
20.0,240.0,1.0000000000000002,3918.9398219499703,3841.55458890885,1968.565478782023,2.934424702530678,2145,519.2000000000495,1038.400000000099,1133.0,0.0,1133.0,3993.0,0.0,10.800000000000015,69.0,0.1.0,1027,equal,witness,none,120,60,1,10.4442774855998,17.0,12.869565217391305,2145,5,0.19338711931994734,-0.26059811529793153,1.0
20.0,240.0,1.0000000000000002,3987.3731874377163,3840.654861405583,1967.518189536751,2.753727229199383,3129,424.8000000000281,2124.0,881.0,0.0,881.0,3255.0,0.0,9.900000000000013,59.0,0.1.0,1027,equal,consensus,none,120,60,1,14.963440860215053,25.0,17.83050847457627,3129,2,0.1917114627560229,-0.25946437437242487,1.0
24.0,240.0,1.0000000000000002,3621.0127205290323,3762.1460826199955,1897.1595252313193,3.9570381722593013,906,637.2000000000763,0.0,1595.0,0.0,1595.0,4784.0,0.0,12.90000000000002,85.0,0.1.0,1027,linear,central,none,120,60,1,4.881688963210703,8.0,7.776470588235294,906,7,0.0,-2.0816681711721685e-17,1.0
21.0,240.0,1.0000000000000002,3648.6780488255336,3762.0626554076734,1894.1688013040873,3.4163794883473804,2138,519.2000000000495,1038.400000000099,1282.0,0.0,1282.0,3845.0,0.0,9.900000000000013,63.0,0.1.0,1027,linear,witness,none,120,60,1,10.40702210663199,17.0,12.80952380952381,2138,5,0.0,6.938893903907228e-18,1.0
23.0,240.0,1.0000000000000002,3658.9776748291715,3767.0067007813877,1887.9611434878614,3.3614163254487894,3114,424.8000000000281,2124.0,1015.0,0.0,1015.0,3131.0,0.0,9.150000000000011,55.0,0.1.0,1027,linear,consensus,none,120,60,1,14.79846694346854,25.0,17.672727272727272,3114,2,0.0,0.0,1.0
22.0,240.0,1.0000000000000002,3635.961509891481,3778.6420742778855,1907.0464162426997,3.9008945048259336,906,637.2000000000763,0.0,1568.0,0.0,1568.0,4812.0,0.0,13.05000000000002,86.0,0.1.0,1027,sublinear,central,none,120,60,1,4.87780548628429,8.0,7.8023255813953485,906,7,0.030592531216309185,-0.04121667645137719,1.0
20.0,240.0,1.0000000000000002,3672.085885424765,3775.4562864797085,1900.2862728569633,3.4141567100783026,2139,519.2000000000495,1038.400000000099,1253.0,0.0,1253.0,3874.0,0.0,10.050000000000013,64.0,0.1.0,1027,sublinear,witness,none,120,60,1,10.416881775942178,17.0,12.75,2139,5,0.0331195073332408,-0.043299537761565324,1.0
19.0,240.0,1.0000000000000002,3697.756162631063,3777.112043624209,1893.8005484229514,2.6412666070467306,3118,424.8000000000281,2124.0,992.0,0.0,992.0,3150.0,0.0,9.150000000000011,55.0,0.1.0,1027,sublinear,consensus,none,120,60,1,14.822222222222223,25.0,17.672727272727272,3118,2,0.032953469208713594,-0.04352298186660302,1.0
25.0,240.0,1.0000000000000002,3607.1934141465863,3741.0149212174492,1902.067776775838,3.9746157682997523,904,637.2000000000763,0.0,1663.0,0.0,1663.0,4717.0,0.0,12.75000000000002,84.0,0.1.0,1027,hierarchy,central,none,120,60,1,4.881280474878101,8.0,7.845238095238095,904,7,0.17967372668897444,0.1777336690388781,1.0
21.0,240.0,1.0000000000000002,3597.80361899947,3736.789777613201,1884.686826085006,3.120339726148236,2135,519.2000000000495,1038.400000000099,1340.0,0.0,1340.0,3789.0,0.0,9.750000000000012,62.0,0.1.0,1027,hierarchy,witness,none,120,60,1,10.358669833729216,17.0,12.806451612903226,2135,7,0.1621080525404266,0.15324392062463377,1.0
22.0,240.0,1.0000000000000002,3603.04985517986,3745.34745161644,1881.4914141593101,3.5201592614876738,3115,424.8000000000281,2124.0,1058.0,0.0,1058.0,3086.0,0.0,9.00000000000001,54.0,0.1.0,1027,hierarchy,consensus,none,120,60,1,14.711600777705767,25.0,17.62962962962963,3115,2,0.15827557267328057,0.1460049680835936,1.0
27.0,240.0,1.0000000000000002,3849.736201280832,3735.0509790743213,1974.5205205905606,4.318234554128609,904,637.2000000000763,0.0,1675.0,0.0,1675.0,4711.0,0.0,13.500000000000021,90.0,0.1.0,1027,hierarchy_tenure,central,none,120,60,1,4.863935470176183,8.0,7.811111111111111,904,7,0.4264965497504881,0.07446376371533622,
26.0,240.0,1.0000000000000002,3864.4078353346517,3740.403040912786,1964.1170198691675,4.096087036562546,2136,519.2000000000495,1038.400000000099,1312.0,0.0,1312.0,3821.0,0.0,10.350000000000014,67.0,0.1.0,1027,hierarchy_tenure,witness,none,120,60,1,10.347029573410103,17.0,12.671641791044776,2136,6,0.417157115363657,0.07500436910415258,
25.0,240.0,1.0000000000000002,3901.7306136172633,3742.284008007491,1954.2229490553304,4.015861950155098,3117,424.8000000000281,2124.0,1024.0,0.0,1024.0,3123.0,0.0,9.600000000000012,59.0,0.1.0,1027,hierarchy_tenure,consensus,none,120,60,1,14.806596221581813,25.0,17.728813559322035,3117,2,0.4041389241645486,0.08453802226736082,
22.0,240.0,1.0000000000000002,3864.1858953585343,3841.9648205091235,1969.6274986717845,3.0647511633682645,905,637.2000000000763,0.0,1467.0,0.0,1467.0,4918.0,0.0,13.500000000000021,90.0,0.1.0,1027,equal,central,none,120,60,14,4.875965839772265,8.0,7.777777777777778,905,6,0.1835673238968838,-0.2511855407347708,
20.0,240.0,1.0000000000000002,3918.9398219499703,3841.55458890885,1968.565478782023,2.934424702530678,2145,519.2000000000495,1038.400000000099,1133.0,0.0,1133.0,3993.0,0.0,10.800000000000015,69.0,0.1.0,1027,equal,witness,none,120,60,14,10.4442774855998,17.0,12.869565217391305,2145,5,0.19338711931994734,-0.26059811529793153,1.0
20.0,240.0,1.0000000000000002,3987.3731874377163,3840.654861405583,1967.518189536751,2.753727229199383,3129,424.8000000000281,2124.0,881.0,0.0,881.0,3255.0,0.0,9.900000000000013,59.0,0.1.0,1027,equal,consensus,none,120,60,14,14.963440860215053,25.0,17.83050847457627,3129,2,0.1917114627560229,-0.25946437437242487,1.0
21.0,240.0,1.0000000000000002,3654.2257730631927,3788.7400550644493,1921.8592347108633,2.754815303226525,905,637.2000000000763,0.0,1613.0,0.0,1613.0,4770.0,0.0,13.350000000000021,88.0,0.1.0,1027,linear,central,none,120,60,14,4.845492662473794,8.0,7.75,905,7,0.014369698589684968,0.005281970622070482,1.0
19.0,240.0,1.0000000000000002,3667.0062489827096,3793.9018262975014,1909.3205675019408,2.775877912060589,2134,519.2000000000495,1038.400000000099,1267.0,0.0,1267.0,3869.0,0.0,10.650000000000015,68.0,0.1.0,1027,linear,witness,none,120,60,14,10.321271646420264,17.0,12.838235294117647,2134,5,0.013428859172645514,0.0026125766642030104,1.0
18.0,240.0,1.0000000000000002,3702.380022673102,3796.877566463515,1906.3200459472246,2.5097411294197074,3117,424.8000000000281,2124.0,975.0,0.0,975.0,3172.0,0.0,9.750000000000012,58.0,0.1.0,1027,linear,consensus,none,120,60,14,14.78562421185372,25.0,17.75862068965517,3117,2,0.01750903766975419,-0.001693477675423688,1.0
21.0,240.0,1.0000000000000002,3680.8624946174145,3799.43997234875,1926.6633699974923,2.8133248939761035,902,637.2000000000763,0.0,1581.0,0.0,1581.0,4807.0,0.0,13.650000000000022,90.0,0.1.0,1027,sublinear,central,none,120,60,14,4.855835240274599,8.0,7.8,902,7,0.03134497380107317,-0.03806892962718992,1.0
17.0,240.0,1.0000000000000002,3699.0186412083735,3800.770384966067,1914.041541865986,2.426739511591984,2136,519.2000000000495,1038.400000000099,1241.0,0.0,1241.0,3893.0,0.0,10.650000000000015,68.0,0.1.0,1027,sublinear,witness,none,120,60,14,10.348060621628564,17.0,12.838235294117647,2136,5,0.03444537205877661,-0.04214722109177292,1.0
19.0,240.0,1.0000000000000002,3741.7635331388246,3801.5877978536246,1910.8533009925852,2.6891452032077923,3118,424.8000000000281,2124.0,965.0,0.0,965.0,3181.0,0.0,9.750000000000012,58.0,0.1.0,1027,sublinear,consensus,none,120,60,14,14.804778371581264,25.0,17.75862068965517,3118,2,0.038801867224279626,-0.04747474758896141,1.0
19.0,240.0,1.0000000000000002,3627.328023560592,3774.38177934126,1933.1333920667073,2.5669361108620263,903,637.2000000000763,0.0,1649.0,0.0,1649.0,4736.0,0.0,13.350000000000021,88.0,0.1.0,1027,hierarchy,central,none,120,60,14,4.844172297297297,8.0,7.761363636363637,903,7,0.1748162611258656,0.17093052332704728,1.0
19.0,240.0,1.0000000000000002,3613.7794643557622,3780.7950611929705,1901.4046187127826,2.8377416975658134,2129,519.2000000000495,1038.400000000099,1313.0,0.0,1313.0,3827.0,0.0,10.500000000000014,67.0,0.1.0,1027,hierarchy,witness,none,120,60,14,10.280376273843741,17.0,12.82089552238806,2129,7,0.159120184949562,0.14766162092895568,1.0
19.0,240.0,1.0000000000000002,3662.3160321643886,3784.6125453014142,1891.755482109883,3.081495446595107,3117,424.8000000000281,2124.0,985.0,0.0,985.0,3162.0,0.0,9.750000000000012,58.0,0.1.0,1027,hierarchy,consensus,none,120,60,14,14.771663504111322,25.0,17.75862068965517,3117,2,0.15081746384033648,0.13682107730783485,1.0
27.0,240.0,1.0000000000000002,3849.736201280832,3735.0509790743213,1974.5205205905606,4.318234554128609,904,637.2000000000763,0.0,1675.0,0.0,1675.0,4711.0,0.0,13.500000000000021,90.0,0.1.0,1027,hierarchy_tenure,central,none,120,60,14,4.863935470176183,8.0,7.811111111111111,904,7,0.4264965497504881,0.07446376371533622,
26.0,240.0,1.0000000000000002,3864.4078353346517,3740.403040912786,1964.1170198691675,4.096087036562546,2136,519.2000000000495,1038.400000000099,1312.0,0.0,1312.0,3821.0,0.0,10.350000000000014,67.0,0.1.0,1027,hierarchy_tenure,witness,none,120,60,14,10.347029573410103,17.0,12.671641791044776,2136,6,0.417157115363657,0.07500436910415258,
25.0,240.0,1.0000000000000002,3901.7306136172633,3742.284008007491,1954.2229490553304,4.015861950155098,3117,424.8000000000281,2124.0,1024.0,0.0,1024.0,3123.0,0.0,9.600000000000012,59.0,0.1.0,1027,hierarchy_tenure,consensus,none,120,60,14,14.806596221581813,25.0,17.728813559322035,3117,2,0.4041389241645486,0.08453802226736082,
25.0,240.0,1.0000000000000002,3873.5740399600118,3843.149091313566,2017.0217695591273,4.806481822622414,910,637.2000000000763,0.0,1431.0,0.0,1431.0,4954.0,0.0,14.400000000000023,89.0,0.1.0,1028,equal,central,none,120,60,1,4.879491320145337,8.0,8.0,910,4,0.18112443618509017,-0.24901273969005572,1.0
23.0,240.0,1.0000000000000002,3933.400547685347,3839.5593315814613,2006.7396185855662,3.751769046002003,2146,519.2000000000495,1038.400000000099,1081.0,0.0,1081.0,4037.0,0.0,9.750000000000012,63.0,0.1.0,1028,equal,witness,none,120,60,1,10.4820411196433,17.0,13.34920634920635,2146,6,0.1827527515366596,-0.25275764697844405,1.0
22.0,240.0,1.0000000000000002,4005.778653279063,3834.392381256457,2000.339574438722,3.125300295210963,3120,424.8000000000281,2124.0,846.0,0.0,846.0,3284.0,0.0,7.6500000000000075,46.0,0.1.0,1028,equal,consensus,none,120,60,1,15.020401948842874,25.0,16.717391304347824,3120,5,0.18631074826522318,-0.25854165698827736,1.0
20.0,240.0,1.0000000000000002,3582.9363589681784,3773.936694249081,1931.5247212483291,2.7331446431982522,908,637.2000000000763,0.0,1580.0,0.0,1580.0,4801.0,0.0,13.500000000000021,83.0,0.1.0,1028,linear,central,none,120,60,1,4.868985627994168,8.0,7.9879518072289155,908,5,0.0,-1.3877787807814457e-17,1.0
21.0,240.0,1.0000000000000002,3616.8498081731177,3777.374566383069,1929.11604577455,2.9222060120283966,2139,519.2000000000495,1038.400000000099,1226.0,0.0,1226.0,3895.0,0.0,9.150000000000011,59.0,0.1.0,1028,linear,witness,none,120,60,1,10.430295250320924,17.0,13.101694915254237,2139,6,0.0,2.0816681711721685e-17,1.0
22.0,240.0,1.0000000000000002,3640.2375406466917,3779.8545959247367,1922.15044668793,2.956751983028454,3110,424.8000000000281,2124.0,949.0,0.0,949.0,3189.0,0.0,7.350000000000007,44.0,0.1.0,1028,linear,consensus,none,120,60,1,14.908748824082785,25.0,16.613636363636363,3110,4,0.0,1.3877787807814457e-17,1.0
19.0,240.0,1.0000000000000002,3618.3393253005106,3788.283627456633,1942.8106583608985,2.5046789793880424,909,637.2000000000763,0.0,1550.0,0.0,1550.0,4831.0,0.0,13.650000000000022,84.0,0.1.0,1028,sublinear,central,none,120,60,1,4.876216104326226,8.0,7.976190476190476,909,5,0.02798338482174971,-0.03783879024354211,1.0
22.0,240.0,1.0000000000000002,3657.2456744915844,3788.9937657854493,1934.0726964166681,3.150671675838607,2139,519.2000000000495,1038.400000000099,1202.0,0.0,1202.0,3920.0,0.0,9.300000000000011,60.0,0.1.0,1028,sublinear,witness,none,120,60,1,10.456632653061224,17.0,13.183333333333334,2139,6,0.02850394122783549,-0.03883595792000029,1.0
20.0,240.0,1.0000000000000002,3688.1100597447053,3786.8874295123046,1930.8396923774658,2.4462378862969825,3113,424.8000000000281,2124.0,937.0,0.0,937.0,3199.0,0.0,7.500000000000007,45.0,0.1.0,1028,sublinear,consensus,none,120,60,1,14.924351359799937,25.0,16.466666666666665,3113,5,0.03153888544994491,-0.04186747024036847,1.0
20.0,240.0,1.0000000000000002,3521.0287014897044,3749.0247920042143,1906.6933402814582,2.668183995967536,909,637.2000000000763,0.0,1659.0,0.0,1659.0,4715.0,0.0,12.60000000000002,77.0,0.1.0,1028,hierarchy,central,none,120,60,1,4.858324496288441,8.0,7.896103896103896,909,4,0.1818766172165185,0.20718061947525734,1.0
21.0,240.0,1.0000000000000002,3526.7396047026314,3746.678978843631,1909.4381492982557,2.8290545971181906,2134,519.2000000000495,1038.400000000099,1300.0,0.0,1300.0,3825.0,0.0,8.85000000000001,58.0,0.1.0,1028,hierarchy,witness,none,120,60,1,10.366797385620915,17.0,13.086206896551724,2134,5,0.16614844198883294,0.18246786404950832,
21.0,240.0,1.0000000000000002,3563.862664558658,3747.8665268338946,1903.0495017935118,2.607070378274954,3107,424.8000000000281,2124.0,1012.0,0.0,1012.0,3129.0,0.0,7.350000000000007,44.0,0.1.0,1028,hierarchy,consensus,none,120,60,1,14.800575263662513,25.0,16.5,3107,5,0.15507126720506992,0.16052056058878567,1.0
27.0,240.0,1.0000000000000002,3838.412382848067,3776.8897522489597,2002.1731727974168,4.3582184427583925,912,637.2000000000763,0.0,1618.0,0.0,1618.0,4760.0,0.0,13.500000000000021,84.0,0.1.0,1028,hierarchy_tenure,central,none,120,60,1,4.868697478991597,8.0,8.0,912,5,0.43123983784844205,0.09013933737256602,
28.0,240.0,1.0000000000000002,3866.174804205531,3777.5660113296076,1990.235520704132,4.560718770525326,2136,519.2000000000495,1038.400000000099,1272.0,0.0,1272.0,3855.0,0.0,9.450000000000012,62.0,0.1.0,1028,hierarchy_tenure,witness,none,120,60,1,10.396108949416343,17.0,13.290322580645162,2136,5,0.4209977027955656,0.08961670551714557,
28.0,240.0,1.0000000000000002,3905.2548241895197,3777.976329051313,1977.411396357898,4.560718770525326,3104,424.8000000000281,2124.0,987.0,0.0,987.0,3160.0,0.0,7.6500000000000075,47.0,0.1.0,1028,hierarchy_tenure,consensus,none,120,60,1,14.9,25.0,16.76595744680851,3104,5,0.41110997489950196,0.09217574187017724,
25.0,240.0,1.0000000000000002,3873.5740399600118,3843.149091313566,2017.0217695591273,4.806481822622414,910,637.2000000000763,0.0,1431.0,0.0,1431.0,4954.0,0.0,14.400000000000023,89.0,0.1.0,1028,equal,central,none,120,60,14,4.879491320145337,8.0,8.0,910,4,0.18112443618509017,-0.24901273969005572,1.0
23.0,240.0,1.0000000000000002,3933.400547685347,3839.5593315814613,2006.7396185855662,3.751769046002003,2146,519.2000000000495,1038.400000000099,1081.0,0.0,1081.0,4037.0,0.0,9.750000000000012,63.0,0.1.0,1028,equal,witness,none,120,60,14,10.4820411196433,17.0,13.34920634920635,2146,6,0.1827527515366596,-0.25275764697844405,1.0
22.0,240.0,1.0000000000000002,4005.778653279063,3834.392381256457,2000.339574438722,3.125300295210963,3120,424.8000000000281,2124.0,846.0,0.0,846.0,3284.0,0.0,7.6500000000000075,46.0,0.1.0,1028,equal,consensus,none,120,60,14,15.020401948842874,25.0,16.717391304347824,3120,5,0.18631074826522318,-0.25854165698827736,1.0
22.0,240.0,1.0000000000000002,3651.9847580318556,3817.270437643825,1971.4759363504872,2.8384416681921407,912,637.2000000000763,0.0,1544.0,0.0,1544.0,4835.0,0.0,13.800000000000022,85.0,0.1.0,1028,linear,central,none,120,60,14,4.8562564632885215,8.0,7.952941176470588,912,5,0.012380454265363444,0.00296026232253898,1.0
22.0,240.0,1.0000000000000002,3679.1688040943864,3821.7220013841347,1960.1393295437556,2.8885727876735006,2136,519.2000000000495,1038.400000000099,1167.0,0.0,1167.0,3959.0,0.0,9.450000000000012,61.0,0.1.0,1028,linear,witness,none,120,60,14,10.41222530942157,17.0,13.180327868852459,2136,6,0.017343510205366414,0.00445284993855212,1.0
21.0,240.0,1.0000000000000002,3722.767430931346,3816.525816802455,1952.3154978047332,2.2740549214779655,3112,424.8000000000281,2124.0,908.0,0.0,908.0,3230.0,0.0,7.6500000000000075,46.0,0.1.0,1028,linear,consensus,none,120,60,14,14.905882352941177,25.0,16.717391304347824,3112,4,0.015541589515773807,0.004733661381295148,1.0
20.0,240.0,1.0000000000000002,3671.1059242014912,3821.056449641795,1970.6638592196296,2.3459698808462353,912,637.2000000000763,0.0,1522.0,0.0,1522.0,4859.0,0.0,14.100000000000023,87.0,0.1.0,1028,sublinear,central,none,120,60,14,4.8621115455855115,8.0,7.977011494252873,912,4,0.02963909615747628,-0.037455294245779265,1.0
22.0,240.0,1.0000000000000002,3700.188670901219,3822.475394032062,1960.3361718967667,3.246627946798285,2139,519.2000000000495,1038.400000000099,1152.0,0.0,1152.0,3972.0,0.0,9.600000000000012,62.0,0.1.0,1028,sublinear,witness,none,120,60,14,10.420443101711983,17.0,13.258064516129032,2139,6,0.031469091065924396,-0.039235304899703845,1.0
21.0,240.0,1.0000000000000002,3749.6242191676984,3817.057083645439,1952.024550376593,2.843251862289701,3114,424.8000000000281,2124.0,898.0,0.0,898.0,3238.0,0.0,7.6500000000000075,46.0,0.1.0,1028,sublinear,consensus,none,120,60,14,14.921865348980852,25.0,16.717391304347824,3114,5,0.03473618876000806,-0.04355444144111967,1.0
22.0,240.0,1.0000000000000002,3621.2671113631027,3795.762605775476,1981.1715963436982,2.627299886505189,910,637.2000000000763,0.0,1579.0,0.0,1579.0,4803.0,0.0,13.950000000000022,86.0,0.1.0,1028,hierarchy,central,none,120,60,14,4.851551113887154,8.0,7.976744186046512,910,5,0.1683118319910519,0.1902877874830639,1.0
21.0,240.0,1.0000000000000002,3632.3233921948013,3791.7391243572815,1968.8122366610314,2.6155813729244985,2130,519.2000000000495,1038.400000000099,1227.0,0.0,1227.0,3904.0,0.0,9.300000000000011,60.0,0.1.0,1028,hierarchy,witness,none,120,60,14,10.367059426229508,17.0,13.25,2130,6,0.15794850533737306,0.16523122281527397,1.0
21.0,240.0,1.0000000000000002,3659.022626649772,3782.4250513777447,1948.8998031696601,2.520737162890404,3103,424.8000000000281,2124.0,952.0,0.0,952.0,3194.0,0.0,7.500000000000007,45.0,0.1.0,1028,hierarchy,consensus,none,120,60,14,14.834063869755791,25.0,16.57777777777778,3103,5,0.1494474330232011,0.14522198949936402,1.0
27.0,240.0,1.0000000000000002,3838.412382848067,3776.8897522489597,2002.1731727974168,4.3582184427583925,912,637.2000000000763,0.0,1618.0,0.0,1618.0,4760.0,0.0,13.500000000000021,84.0,0.1.0,1028,hierarchy_tenure,central,none,120,60,14,4.868697478991597,8.0,8.0,912,5,0.43123983784844205,0.09013933737256602,
28.0,240.0,1.0000000000000002,3866.174804205531,3777.5660113296076,1990.235520704132,4.560718770525326,2136,519.2000000000495,1038.400000000099,1272.0,0.0,1272.0,3855.0,0.0,9.450000000000012,62.0,0.1.0,1028,hierarchy_tenure,witness,none,120,60,14,10.396108949416343,17.0,13.290322580645162,2136,5,0.4209977027955656,0.08961670551714557,
28.0,240.0,1.0000000000000002,3905.2548241895197,3777.976329051313,1977.411396357898,4.560718770525326,3104,424.8000000000281,2124.0,987.0,0.0,987.0,3160.0,0.0,7.6500000000000075,47.0,0.1.0,1028,hierarchy_tenure,consensus,none,120,60,14,14.9,25.0,16.76595744680851,3104,5,0.41110997489950196,0.09217574187017724,
13.0,240.0,1.0000000000000002,3889.239415881977,3846.297489730773,2263.814035977236,2.0472291940361043,915,637.2000000000763,0.0,1380.0,0.0,1380.0,4983.0,0.0,12.000000000000018,77.0,0.1.0,1029,equal,central,none,120,60,1,4.875978326309452,8.0,7.753246753246753,915,9,0.17402444944092899,-0.24153275089847756,2.0
14.0,240.0,1.0000000000000002,3943.3266528402146,3840.8924071408987,2249.3643951034164,2.6426699660143598,2144,519.2000000000495,1038.400000000099,1072.0,0.0,1072.0,4046.0,0.0,9.600000000000012,62.0,0.1.0,1029,equal,witness,none,120,60,1,10.50370736529906,17.0,13.048387096774194,2144,2,0.17465670933732658,-0.24408163144559453,2.0
15.0,240.0,1.0000000000000002,4002.7281676819935,3833.4658206355402,2237.6930396207013,2.8626046271798087,3122,424.8000000000281,2124.0,851.0,0.0,851.0,3276.0,0.0,7.6500000000000075,48.0,0.1.0,1029,equal,consensus,none,120,60,1,14.978327228327228,25.0,16.375,3122,3,0.1778149455743035,-0.24780492246273755,2.0
16.0,240.0,1.0000000000000002,3751.333711357462,3786.0215898473225,2241.766860405056,2.9435387322446522,915,637.2000000000763,0.0,1435.0,0.0,1435.0,4926.0,0.0,11.700000000000017,76.0,0.1.0,1029,linear,central,none,120,60,1,4.899918798213561,8.0,7.842105263157895,915,9,0.0,-1.3877787807814457e-17,2.0
14.0,240.0,1.0000000000000002,3764.573881582592,3769.3617828617917,2215.673761630811,2.26782604451998,2146,519.2000000000495,1038.400000000099,1165.0,0.0,1165.0,3948.0,0.0,9.150000000000011,59.0,0.1.0,1029,linear,witness,none,120,60,1,10.48404255319149,17.0,12.864406779661017,2146,2,0.0,1.3877787807814457e-17,2.0
16.0,240.0,1.0000000000000002,3770.5140707640862,3761.977489782887,2190.324482928291,2.924623844514632,3114,424.8000000000281,2124.0,944.0,0.0,944.0,3189.0,0.0,7.350000000000007,46.0,0.1.0,1029,linear,consensus,none,120,60,1,14.865475070555034,25.0,16.152173913043477,3114,3,0.0,2.7755575615628914e-17,2.0
15.0,240.0,1.0000000000000002,3760.9649515472493,3802.520081096844,2243.831778012442,2.7474420075536883,914,637.2000000000763,0.0,1419.0,0.0,1419.0,4942.0,0.0,11.550000000000017,75.0,0.1.0,1029,sublinear,central,none,120,60,1,4.891541885876164,8.0,7.84,914,9,0.03110829792802162,-0.04220355948394377,2.0
14.0,240.0,1.0000000000000002,3792.50486492601,3790.436889316751,2224.6380557171533,2.26782604451998,2147,519.2000000000495,1038.400000000099,1128.0,0.0,1128.0,3986.0,0.0,9.450000000000012,61.0,0.1.0,1029,sublinear,witness,none,120,60,1,10.498494731560461,17.0,13.081967213114755,2147,2,0.032724347803503306,-0.04408458708727844,2.0
14.0,240.0,1.0000000000000002,3818.474485241601,3782.6135455636604,2204.061120808533,2.37628423972004,3118,424.8000000000281,2124.0,911.0,0.0,911.0,3219.0,0.0,7.500000000000007,47.0,0.1.0,1029,sublinear,consensus,none,120,60,1,14.903696800248524,25.0,16.148936170212767,3118,3,0.034846130227561445,-0.04631143525528655,2.0
18.0,240.0,1.0000000000000002,3724.1438455555017,3726.7481237521124,2242.5988207877253,3.0238508804141344,910,637.2000000000763,0.0,1532.0,0.0,1532.0,4832.0,0.0,11.400000000000016,74.0,0.1.0,1029,hierarchy,central,none,120,60,1,4.893418874172186,8.0,7.783783783783784,910,9,0.17458826429738772,0.1817136080916621,2.0
15.0,240.0,1.0000000000000002,3712.9724106851604,3713.086195704342,2201.143644001349,2.4079643102106996,2142,519.2000000000495,1038.400000000099,1262.0,0.0,1262.0,3856.0,0.0,9.300000000000011,59.0,0.1.0,1029,hierarchy,witness,none,120,60,1,10.435165975103734,17.0,12.966101694915254,2142,2,0.16066482519608863,0.1590806572293113,2.0
16.0,240.0,1.0000000000000002,3707.4904971651317,3714.195134401907,2175.2189530579126,2.9783912903200194,3110,424.8000000000281,2124.0,1018.0,0.0,1018.0,3119.0,0.0,7.350000000000007,46.0,0.1.0,1029,hierarchy,consensus,none,120,60,1,14.788393715934594,25.0,16.369565217391305,3110,2,0.15562351575069133,0.14005997520878033,2.0
12.0,240.0,1.0000000000000002,3862.890965657323,3760.3606093863036,2253.0849403511816,2.30459727949075,915,637.2000000000763,0.0,1580.0,0.0,1580.0,4776.0,0.0,10.950000000000015,70.0,0.1.0,1029,hierarchy_tenure,central,none,120,60,1,4.87248743718593,8.0,7.828571428571428,915,9,0.4420262940918179,0.10067434726119714,2.0
13.0,240.0,1.0000000000000002,3872.9973651528207,3751.9263368530533,2227.840431076895,2.4369142545002074,2136,519.2000000000495,1038.400000000099,1282.0,0.0,1282.0,3841.0,0.0,9.150000000000011,58.0,0.1.0,1029,hierarchy_tenure,witness,none,120,60,1,10.425670398333768,17.0,13.344827586206897,2136,1,0.4348623976701906,0.100714386273402,2.0
14.0,240.0,1.0000000000000002,3892.956935433318,3746.67422082194,2204.744775552037,2.754304576528469,3111,424.8000000000281,2124.0,1013.0,0.0,1013.0,3121.0,0.0,7.050000000000006,44.0,0.1.0,1029,hierarchy_tenure,consensus,none,120,60,1,14.867350208266581,25.0,16.704545454545453,3111,2,0.42037435442284893,0.10905830461337093,2.0
13.0,240.0,1.0000000000000002,3889.239415881977,3846.297489730773,2263.814035977236,2.0472291940361043,915,637.2000000000763,0.0,1380.0,0.0,1380.0,4983.0,0.0,12.000000000000018,77.0,0.1.0,1029,equal,central,none,120,60,14,4.875978326309452,8.0,7.753246753246753,915,9,0.17402444944092899,-0.24153275089847756,2.0
14.0,240.0,1.0000000000000002,3943.3266528402146,3840.8924071408987,2249.3643951034164,2.6426699660143598,2144,519.2000000000495,1038.400000000099,1072.0,0.0,1072.0,4046.0,0.0,9.600000000000012,62.0,0.1.0,1029,equal,witness,none,120,60,14,10.50370736529906,17.0,13.048387096774194,2144,2,0.17465670933732658,-0.24408163144559453,2.0
15.0,240.0,1.0000000000000002,4002.7281676819935,3833.4658206355402,2237.6930396207013,2.8626046271798087,3122,424.8000000000281,2124.0,851.0,0.0,851.0,3276.0,0.0,7.6500000000000075,48.0,0.1.0,1029,equal,consensus,none,120,60,14,14.978327228327228,25.0,16.375,3122,3,0.1778149455743035,-0.24780492246273755,2.0
15.0,240.0,1.0000000000000002,3776.220293838778,3806.536958050626,2258.132361930569,2.7474420075536883,912,637.2000000000763,0.0,1433.0,0.0,1433.0,4930.0,0.0,11.550000000000017,75.0,0.1.0,1029,linear,central,none,120,60,14,4.8720081135902635,8.0,7.706666666666667,912,9,0.014107776022808442,0.005261381711019468,2.0
16.0,240.0,1.0000000000000002,3776.947595348979,3795.0607502447265,2222.2701227954476,2.91785938972155,2141,519.2000000000495,1038.400000000099,1140.0,0.0,1140.0,3979.0,0.0,9.300000000000011,60.0,0.1.0,1029,linear,witness,none,120,60,14,10.443578788640362,17.0,12.833333333333334,2141,2,0.015299866796458315,0.0006486415011547134,2.0
15.0,240.0,1.0000000000000002,3811.6332056427827,3788.570245967474,2203.391526437154,2.659380905204016,3114,424.8000000000281,2124.0,908.0,0.0,908.0,3227.0,0.0,7.6500000000000075,48.0,0.1.0,1029,linear,consensus,none,120,60,14,14.888751162070035,25.0,16.375,3114,3,0.0138702093202033,0.0032013236847201407,2.0
15.0,240.0,1.0000000000000002,3792.993507819957,3817.78057226522,2258.0570965306374,2.7474420075536883,911,637.2000000000763,0.0,1425.0,0.0,1425.0,4941.0,0.0,11.850000000000017,77.0,0.1.0,1029,sublinear,central,none,120,60,14,4.87411455171018,8.0,7.753246753246753,911,9,0.031626323957578924,-0.038926007898456495,2.0
15.0,240.0,1.0000000000000002,3809.0264624118654,3807.524886056968,2227.2969420828667,2.7474420075536883,2140,519.2000000000495,1038.400000000099,1120.0,0.0,1120.0,4002.0,0.0,9.600000000000012,62.0,0.1.0,1029,sublinear,witness,none,120,60,14,10.472513743128436,17.0,13.048387096774194,2140,2,0.03554577318946346,-0.043880610308993255,2.0
16.0,240.0,1.0000000000000002,3850.5669228054862,3799.923793028098,2209.099355694563,2.91785938972155,3116,424.8000000000281,2124.0,891.0,0.0,891.0,3242.0,0.0,7.6500000000000075,48.0,0.1.0,1029,sublinear,consensus,none,120,60,14,14.92350400987045,25.0,16.375,3116,3,0.03523882170709283,-0.04419607797844763,2.0
16.0,240.0,1.0000000000000002,3731.8399880306647,3766.570596517894,2257.3413437408462,2.91785938972155,912,637.2000000000763,0.0,1506.0,0.0,1506.0,4860.0,0.0,12.000000000000018,78.0,0.1.0,1029,hierarchy,central,none,120,60,14,4.863374485596708,8.0,7.794871794871795,912,9,0.17207760193810262,0.17547479205024274,2.0
17.0,240.0,1.0000000000000002,3732.0660037035545,3758.4250252396955,2209.615547202689,3.2957816123482804,2141,519.2000000000495,1038.400000000099,1218.0,0.0,1218.0,3902.0,0.0,9.450000000000012,61.0,0.1.0,1029,hierarchy,witness,none,120,60,14,10.370835468990261,17.0,12.950819672131148,2141,2,0.16109066287344942,0.15421967281110033,2.0
16.0,240.0,1.0000000000000002,3735.911173370881,3757.4169135316283,2183.309577669127,2.91785938972155,3109,424.8000000000281,2124.0,966.0,0.0,966.0,3172.0,0.0,7.350000000000007,46.0,0.1.0,1029,hierarchy,consensus,none,120,60,14,14.771752837326607,25.0,15.934782608695652,3109,3,0.15738461613717863,0.13906126751732795,2.0
12.0,240.0,1.0000000000000002,3862.890965657323,3760.3606093863036,2253.0849403511816,2.30459727949075,915,637.2000000000763,0.0,1580.0,0.0,1580.0,4776.0,0.0,10.950000000000015,70.0,0.1.0,1029,hierarchy_tenure,central,none,120,60,14,4.87248743718593,8.0,7.828571428571428,915,9,0.4420262940918179,0.10067434726119714,2.0
13.0,240.0,1.0000000000000002,3872.9973651528207,3751.9263368530533,2227.840431076895,2.4369142545002074,2136,519.2000000000495,1038.400000000099,1282.0,0.0,1282.0,3841.0,0.0,9.150000000000011,58.0,0.1.0,1029,hierarchy_tenure,witness,none,120,60,14,10.425670398333768,17.0,13.344827586206897,2136,1,0.4348623976701906,0.100714386273402,2.0
14.0,240.0,1.0000000000000002,3892.956935433318,3746.67422082194,2204.744775552037,2.754304576528469,3111,424.8000000000281,2124.0,1013.0,0.0,1013.0,3121.0,0.0,7.050000000000006,44.0,0.1.0,1029,hierarchy_tenure,consensus,none,120,60,14,14.867350208266581,25.0,16.704545454545453,3111,2,0.42037435442284893,0.10905830461337093,2.0
19.0,240.0,1.0000000000000002,4184.6171561161555,3867.0245315132543,2151.1357261817384,3.8338646403349084,918,637.2000000000763,0.0,1224.0,0.0,1224.0,5158.0,0.0,15.150000000000025,98.0,0.1.0,1030,equal,central,none,120,60,1,4.8916246607212095,8.0,7.6020408163265305,918,9,0.16106253882306745,-0.21883072061534858,1.0
19.0,240.0,1.0000000000000002,4257.722109676016,3862.6349361403168,2140.073266983492,3.7253098276231715,2145,519.2000000000495,1038.400000000099,942.0,0.0,942.0,4198.0,0.0,12.75000000000002,81.0,0.1.0,1030,equal,witness,none,120,60,1,10.511195807527393,17.0,12.753086419753087,2145,4,0.1591729140460015,-0.22091315141024764,
20.0,240.0,1.0000000000000002,4335.551109330844,3854.070503309902,2124.8411630490596,3.7460177438545754,3133,424.8000000000281,2124.0,734.0,0.0,734.0,3405.0,0.0,10.800000000000015,68.0,0.1.0,1030,equal,consensus,none,120,60,1,15.061674008810572,25.0,17.220588235294116,3133,0,0.1588436572156261,-0.22046734205919746,
22.0,240.0,1.0000000000000002,4041.6402196576414,3820.527920345235,2137.9699703646957,4.833970374001961,916,637.2000000000763,0.0,1243.0,0.0,1243.0,5140.0,0.0,15.000000000000025,97.0,0.1.0,1030,linear,central,none,120,60,1,4.916731517509728,8.0,7.587628865979381,916,9,0.0,-1.3877787807814457e-17,1.0
24.0,240.0,1.0000000000000002,4090.743018108814,3808.7262257824837,2118.106730591829,4.73684955976603,2146,519.2000000000495,1038.400000000099,995.0,0.0,995.0,4146.0,0.0,13.05000000000002,83.0,0.1.0,1030,linear,witness,none,120,60,1,10.515918958031838,17.75,12.855421686746988,2146,4,0.0,6.938893903907228e-18,
22.0,240.0,1.0000000000000002,4144.664238968077,3796.1269109402015,2094.8687287448247,4.626755095600551,3126,424.8000000000281,2124.0,808.0,0.0,808.0,3339.0,0.0,10.950000000000015,69.0,0.1.0,1030,linear,consensus,none,120,60,1,15.028451632225217,25.0,17.318840579710145,3126,0,0.0,-4.85722573273506e-17,
21.0,240.0,1.0000000000000002,4059.5916898400305,3832.9073889538226,2140.181260446915,4.432631294740299,916,637.2000000000763,0.0,1229.0,0.0,1229.0,5155.0,0.0,15.150000000000025,98.0,0.1.0,1030,sublinear,central,none,120,60,1,4.912124151309408,8.0,7.6020408163265305,916,9,0.028310013925173926,-0.037874159192429,1.0
23.0,240.0,1.0000000000000002,4114.811312400182,3820.0833596379252,2119.5398973199267,4.606541068091915,2149,519.2000000000495,1038.400000000099,980.0,0.0,980.0,4157.0,0.0,12.90000000000002,82.0,0.1.0,1030,sublinear,witness,none,120,60,1,10.515034880923743,17.0,12.78048780487805,2149,4,0.030219085503179963,-0.04043408866421241,
21.0,240.0,1.0000000000000002,4175.029337741422,3807.3260391248587,2097.4070230687494,4.496446603926436,3127,424.8000000000281,2124.0,794.0,0.0,794.0,3352.0,0.0,10.950000000000015,69.0,0.1.0,1030,sublinear,consensus,none,120,60,1,15.045644391408114,25.0,17.318840579710145,3127,0,0.03067281819219131,-0.04131306005907821,
22.0,240.0,1.0000000000000002,3997.2261679502144,3774.2832094333016,2138.6993228378747,4.297421217590198,913,637.2000000000763,0.0,1301.0,0.0,1301.0,5084.0,0.0,15.000000000000025,96.0,0.1.0,1030,hierarchy,central,none,120,60,1,4.92486231313926,8.0,7.552083333333333,913,9,0.18321447188353251,0.21191175043930105,2.0
21.0,240.0,1.0000000000000002,4029.2825756875604,3759.190020306235,2113.7618308818996,4.30070523692436,2152,519.2000000000495,1038.400000000099,1089.0,0.0,1089.0,4046.0,0.0,13.05000000000002,83.0,0.1.0,1030,hierarchy,witness,none,120,60,1,10.468363816114682,17.75,12.867469879518072,2152,6,0.16802955110273654,0.18288353556588763,
22.0,240.0,1.0000000000000002,4072.6977743596185,3753.650828366421,2092.2842068791333,4.691786182687713,3122,424.8000000000281,2124.0,880.0,0.0,880.0,3270.0,0.0,10.800000000000015,68.0,0.1.0,1030,hierarchy,consensus,none,120,60,1,14.929357798165137,25.0,17.205882352941178,3122,0,0.16068531865465324,0.17074201444377654,
21.0,240.0,1.0000000000000002,4048.1334185365276,3788.354102636031,2102.344723863409,3.933860549112981,913,637.2000000000763,0.0,1366.0,0.0,1366.0,5021.0,0.0,15.300000000000026,97.0,0.1.0,1030,hierarchy_tenure,central,none,120,60,1,4.895638319059948,8.0,7.536082474226804,913,9,0.36953852650446756,0.15253090072363007,2.0
20.0,240.0,1.0000000000000002,4092.3804418088685,3784.384675405634,2087.19775506477,3.8323470327311675,2145,519.2000000000495,1038.400000000099,1068.0,0.0,1068.0,4073.0,0.0,12.90000000000002,82.0,0.1.0,1030,hierarchy_tenure,witness,none,120,60,1,10.493248219985269,17.0,12.78048780487805,2145,4,0.3584654228951506,0.15159509419612666,
21.0,240.0,1.0000000000000002,4145.328703202324,3776.551020308905,2067.3918093796988,4.134491636910176,3125,424.8000000000281,2124.0,846.0,0.0,846.0,3302.0,0.0,10.950000000000015,69.0,0.1.0,1030,hierarchy_tenure,consensus,none,120,60,1,14.996668685645064,25.0,17.318840579710145,3125,0,0.3445206076347923,0.1527370442311769,
19.0,240.0,1.0000000000000002,4184.6171561161555,3867.0245315132543,2151.1357261817384,3.8338646403349084,918,637.2000000000763,0.0,1224.0,0.0,1224.0,5158.0,0.0,15.150000000000025,98.0,0.1.0,1030,equal,central,none,120,60,14,4.8916246607212095,8.0,7.6020408163265305,918,9,0.16106253882306745,-0.21883072061534858,1.0
19.0,240.0,1.0000000000000002,4257.722109676016,3862.6349361403168,2140.073266983492,3.7253098276231715,2145,519.2000000000495,1038.400000000099,942.0,0.0,942.0,4198.0,0.0,12.75000000000002,81.0,0.1.0,1030,equal,witness,none,120,60,14,10.511195807527393,17.0,12.753086419753087,2145,4,0.1591729140460015,-0.22091315141024764,
20.0,240.0,1.0000000000000002,4335.551109330844,3854.070503309902,2124.8411630490596,3.7460177438545754,3133,424.8000000000281,2124.0,734.0,0.0,734.0,3405.0,0.0,10.800000000000015,68.0,0.1.0,1030,equal,consensus,none,120,60,14,15.061674008810572,25.0,17.220588235294116,3133,0,0.1588436572156261,-0.22046734205919746,
23.0,240.0,1.0000000000000002,4086.370284240521,3842.507997927293,2157.637139279791,4.565808483619415,917,637.2000000000763,0.0,1246.0,0.0,1246.0,5137.0,0.0,15.150000000000025,98.0,0.1.0,1030,linear,central,none,120,60,14,4.897216274089936,8.0,7.591836734693878,917,9,0.01345129864337041,0.006077783327206168,1.0
20.0,240.0,1.0000000000000002,4128.78483321587,3831.7502264405507,2128.6593945327663,4.1446323478573195,2146,519.2000000000495,1038.400000000099,982.0,0.0,982.0,4157.0,0.0,12.75000000000002,81.0,0.1.0,1030,linear,witness,none,120,60,14,10.48063507337022,17.0,12.765432098765432,2146,5,0.014738487134460198,6.39225160150303e-05,
21.0,240.0,1.0000000000000002,4191.095319105906,3824.0016217693205,2107.9184108812124,4.145402173584191,3126,424.8000000000281,2124.0,768.0,0.0,768.0,3379.0,0.0,10.950000000000015,69.0,0.1.0,1030,linear,consensus,none,120,60,14,15.020716188221368,25.0,17.318840579710145,3126,0,0.014682444070190455,0.001510411936682332,
23.0,240.0,1.0000000000000002,4101.780959356762,3847.6073387367196,2154.5526441687125,4.565808483619415,917,637.2000000000763,0.0,1251.0,0.0,1251.0,5132.0,0.0,15.150000000000025,98.0,0.1.0,1030,sublinear,central,none,120,60,14,4.8945830085736555,8.0,7.6020408163265305,917,9,0.028901942108476686,-0.03457163567346127,1.0
21.0,240.0,1.0000000000000002,4149.246905511947,3837.7053128242883,2129.536650804661,4.145402173584191,2148,519.2000000000495,1038.400000000099,974.0,0.0,974.0,4163.0,0.0,12.75000000000002,81.0,0.1.0,1030,sublinear,witness,none,120,60,14,10.486908479461926,17.0,12.765432098765432,2148,4,0.033237703889551946,-0.04126912037685279,
21.0,240.0,1.0000000000000002,4212.6092669441,3829.011759787335,2108.879281528422,4.145402173584191,3126,424.8000000000281,2124.0,764.0,0.0,764.0,3383.0,0.0,10.950000000000015,69.0,0.1.0,1030,sublinear,consensus,none,120,60,14,15.032811114395507,25.0,17.318840579710145,3126,0,0.03355865017729323,-0.04099676114228115,
22.0,240.0,1.0000000000000002,4052.4334117979283,3810.370901423698,2166.9207554795075,4.117963469303027,913,637.2000000000763,0.0,1298.0,0.0,1298.0,5091.0,0.0,15.450000000000026,100.0,0.1.0,1030,hierarchy,central,none,120,60,14,4.895305440974268,8.0,7.6,913,9,0.17697468593361107,0.20053505620277634,1.0
22.0,240.0,1.0000000000000002,4071.718693104139,3801.7671500643387,2131.119433865061,4.870989904895457,2147,519.2000000000495,1038.400000000099,1036.0,0.0,1036.0,4102.0,0.0,12.75000000000002,81.0,0.1.0,1030,hierarchy,witness,none,120,60,14,10.432228181374938,17.0,12.716049382716049,2147,5,0.1627610243902473,0.17660825244737605,
20.0,240.0,1.0000000000000002,4134.654867433445,3793.3833294245833,2103.2716316112337,3.8300780346451986,3123,424.8000000000281,2124.0,815.0,0.0,815.0,3335.0,0.0,10.950000000000015,69.0,0.1.0,1030,hierarchy,consensus,none,120,60,14,14.930734632683658,25.0,17.304347826086957,3123,0,0.15777028409380187,0.16568772694930536,
21.0,240.0,1.0000000000000002,4048.1334185365276,3788.354102636031,2102.344723863409,3.933860549112981,913,637.2000000000763,0.0,1366.0,0.0,1366.0,5021.0,0.0,15.300000000000026,97.0,0.1.0,1030,hierarchy_tenure,central,none,120,60,14,4.895638319059948,8.0,7.536082474226804,913,9,0.36953852650446756,0.15253090072363007,2.0
20.0,240.0,1.0000000000000002,4092.3804418088685,3784.384675405634,2087.19775506477,3.8323470327311675,2145,519.2000000000495,1038.400000000099,1068.0,0.0,1068.0,4073.0,0.0,12.90000000000002,82.0,0.1.0,1030,hierarchy_tenure,witness,none,120,60,14,10.493248219985269,17.0,12.78048780487805,2145,4,0.3584654228951506,0.15159509419612666,
21.0,240.0,1.0000000000000002,4145.328703202324,3776.551020308905,2067.3918093796988,4.134491636910176,3125,424.8000000000281,2124.0,846.0,0.0,846.0,3302.0,0.0,10.950000000000015,69.0,0.1.0,1030,hierarchy_tenure,consensus,none,120,60,14,14.996668685645064,25.0,17.318840579710145,3125,0,0.3445206076347923,0.1527370442311769,
20.0,240.0,1.0000000000000002,3996.630870324607,3833.939533763073,1931.0367801735442,3.479174235314049,916,637.2000000000763,0.0,1476.0,0.0,1476.0,4917.0,0.0,16.350000000000023,107.0,0.1.0,1031,equal,central,none,120,60,1,4.901159243441122,8.0,7.644859813084112,916,3,0.1973999329408902,-0.27368891423721775,
21.0,240.0,1.0000000000000002,4058.310770035508,3834.5255107200596,1928.8474027221785,3.5326888336806928,2134,519.2000000000495,1038.400000000099,1160.0,0.0,1160.0,3994.0,0.0,13.20000000000002,87.0,0.1.0,1031,equal,witness,none,120,60,1,10.51652478718077,17.0,12.816091954022989,2134,7,0.19678286435804085,-0.27713642966893015,
20.0,240.0,1.0000000000000002,4128.695741382072,3832.2815876553314,1928.6689405525856,3.479174235314049,3125,424.8000000000281,2124.0,907.0,0.0,907.0,3240.0,0.0,10.800000000000015,70.0,0.1.0,1031,equal,consensus,none,120,60,1,15.045370370370371,25.0,16.642857142857142,3125,2,0.19401402125076714,-0.2760481276452663,
21.0,240.0,1.0000000000000002,3735.5088309355924,3759.87486197185,1870.7384265493074,3.9460332162089724,914,637.2000000000763,0.0,1569.0,0.0,1569.0,4824.0,0.0,16.050000000000026,105.0,0.1.0,1031,linear,central,none,120,60,1,4.902155887230514,8.0,7.695238095238095,914,3,0.0,6.938893903907228e-18,
21.0,240.0,1.0000000000000002,3785.138180741951,3757.3781834186916,1860.860445275669,4.2514796509915875,2133,519.2000000000495,1038.400000000099,1251.0,0.0,1251.0,3902.0,0.0,12.90000000000002,85.0,0.1.0,1031,linear,witness,none,120,60,1,10.507175807278319,17.0,12.988235294117647,2133,7,0.0,1.3877787807814457e-17,
23.0,240.0,1.0000000000000002,3813.731828658816,3751.9388517300545,1850.6323438600261,4.001840230616763,3113,424.8000000000281,2124.0,1000.0,0.0,1000.0,3157.0,0.0,10.500000000000014,68.0,0.1.0,1031,linear,consensus,none,120,60,1,14.986062717770034,25.0,16.720588235294116,3113,2,0.0,6.938893903907228e-18,
20.0,240.0,1.0000000000000002,3753.1321031648886,3775.606477618572,1868.372582390882,3.479174235314049,913,637.2000000000763,0.0,1558.0,0.0,1558.0,4836.0,0.0,16.050000000000026,105.0,0.1.0,1031,sublinear,central,none,120,60,1,4.899503722084368,8.0,7.695238095238095,913,3,0.034203820297736796,-0.04648778345251763,
21.0,240.0,1.0000000000000002,3805.480268760084,3776.2700331606557,1865.5173702385164,3.9460332162089724,2131,519.2000000000495,1038.400000000099,1223.0,0.0,1223.0,3934.0,0.0,13.20000000000002,87.0,0.1.0,1031,sublinear,witness,none,120,60,1,10.509659379766141,17.0,12.96551724137931,2131,7,0.03527254158235054,-0.04814447349663693,
24.0,240.0,1.0000000000000002,3856.8398576372742,3769.0304125787284,1858.1141117038223,4.481962286829158,3116,424.8000000000281,2124.0,979.0,0.0,979.0,3176.0,0.0,10.650000000000015,69.0,0.1.0,1031,sublinear,consensus,none,120,60,1,15.023614609571789,25.0,16.753623188405797,3116,2,0.035656107656948474,-0.04906115750497296,
21.0,240.0,1.0000000000000002,3696.7596382140887,3715.370956450114,1860.8859480635163,4.479162692747636,917,637.2000000000763,0.0,1659.0,0.0,1659.0,4729.0,0.0,15.750000000000027,103.0,0.1.0,1031,hierarchy,central,none,120,60,1,4.896806935927257,8.0,7.70873786407767,917,3,0.1810297997848398,0.15796974742218714,
24.0,240.0,1.0000000000000002,3703.9738538903584,3721.8091812741477,1845.920158299915,4.673355958816032,2130,519.2000000000495,1038.400000000099,1332.0,0.0,1332.0,3822.0,0.0,12.60000000000002,83.0,0.1.0,1031,hierarchy,witness,none,120,60,1,10.450811093668236,17.0,12.987951807228916,2130,7,0.16616848254604233,0.14122546579475667,
24.0,240.0,1.0000000000000002,3718.631488928494,3724.9406234377448,1834.6369157681322,4.332585492413023,3111,424.8000000000281,2124.0,1059.0,0.0,1059.0,3098.0,0.0,10.200000000000014,66.0,0.1.0,1031,hierarchy,consensus,none,120,60,1,14.898321497740477,25.0,16.59090909090909,3111,2,0.15821753964313715,0.12353924139079078,
24.0,240.0,1.0000000000000002,3856.1815989156494,3733.1336157521623,1899.9399930443687,4.145287473517304,913,637.2000000000763,0.0,1721.0,0.0,1721.0,4671.0,0.0,15.750000000000027,103.0,0.1.0,1031,hierarchy_tenure,central,none,120,60,1,4.872190109184329,8.0,7.631067961165049,913,3,0.44433913364378885,0.06832634681501326,
24.0,240.0,1.0000000000000002,3869.9461733218745,3735.14505632202,1889.891968613991,4.407537198796187,2120,519.2000000000495,1038.400000000099,1372.0,0.0,1372.0,3794.0,0.0,12.90000000000002,85.0,0.1.0,1031,hierarchy_tenure,witness,none,120,60,1,10.396678966789668,17.0,12.8,2120,7,0.4341028710446436,0.07115113749474851,
24.0,240.0,1.0000000000000002,3900.3807443300398,3734.567176834574,1879.7468153331438,4.204371387709872,3107,424.8000000000281,2124.0,1067.0,0.0,1067.0,3095.0,0.0,10.350000000000014,67.0,0.1.0,1031,hierarchy_tenure,consensus,none,120,60,1,14.86978998384491,25.0,16.328358208955223,3107,2,0.42029234060746423,0.0823063336917439,
20.0,240.0,1.0000000000000002,3996.630870324607,3833.939533763073,1931.0367801735442,3.479174235314049,916,637.2000000000763,0.0,1476.0,0.0,1476.0,4917.0,0.0,16.350000000000023,107.0,0.1.0,1031,equal,central,none,120,60,14,4.901159243441122,8.0,7.644859813084112,916,3,0.1973999329408902,-0.27368891423721775,
21.0,240.0,1.0000000000000002,4058.310770035508,3834.5255107200596,1928.8474027221785,3.5326888336806928,2134,519.2000000000495,1038.400000000099,1160.0,0.0,1160.0,3994.0,0.0,13.20000000000002,87.0,0.1.0,1031,equal,witness,none,120,60,14,10.51652478718077,17.0,12.816091954022989,2134,7,0.19678286435804085,-0.27713642966893015,
20.0,240.0,1.0000000000000002,4128.695741382072,3832.2815876553314,1928.6689405525856,3.479174235314049,3125,424.8000000000281,2124.0,907.0,0.0,907.0,3240.0,0.0,10.800000000000015,70.0,0.1.0,1031,equal,consensus,none,120,60,14,15.045370370370371,25.0,16.642857142857142,3125,2,0.19401402125076714,-0.2760481276452663,
19.0,240.0,1.0000000000000002,3806.154164090123,3781.3181502637676,1895.1628315715823,3.5170374137514644,913,637.2000000000763,0.0,1557.0,0.0,1557.0,4840.0,0.0,16.50000000000002,108.0,0.1.0,1031,linear,central,none,120,60,14,4.888842975206612,8.0,7.638888888888889,913,3,0.01275946072196199,0.0007174877283578768,
20.0,240.0,1.0000000000000002,3834.7789213132,3780.3217468601824,1882.9517907166598,3.8997684669187707,2131,519.2000000000495,1038.400000000099,1228.0,0.0,1228.0,3931.0,0.0,13.500000000000021,89.0,0.1.0,1031,linear,witness,none,120,60,14,10.458661918087001,17.0,12.9438202247191,2131,7,0.013473118978862178,0.0028553154752963134,
22.0,240.0,1.0000000000000002,3874.8498463503906,3783.9993929881757,1872.6068267383507,4.522893531997271,3112,424.8000000000281,2124.0,946.0,0.0,946.0,3215.0,0.0,10.950000000000015,71.0,0.1.0,1031,linear,consensus,none,120,60,14,14.998755832037325,25.0,16.788732394366196,3112,2,0.013926607512770011,0.0009407354046432614,
19.0,240.0,1.0000000000000002,3825.3330140130033,3794.466037341478,1896.3100376131054,3.1281157947104186,915,637.2000000000763,0.0,1528.0,0.0,1528.0,4867.0,0.0,16.50000000000002,108.0,0.1.0,1031,sublinear,central,none,120,60,14,4.892130675981097,8.0,7.638888888888889,915,3,0.03714302313311711,-0.049086588571339886,
20.0,240.0,1.0000000000000002,3865.7879941627652,3793.470210314934,1885.7991852961907,3.6872296670515756,2130,519.2000000000495,1038.400000000099,1212.0,0.0,1212.0,3948.0,0.0,13.500000000000021,89.0,0.1.0,1031,sublinear,witness,none,120,60,14,10.471377912867274,17.0,12.9438202247191,2130,7,0.03740531609603124,-0.04815558249494758,
20.0,240.0,1.0000000000000002,3915.021592751972,3794.756469471903,1878.6653228454468,3.479174235314049,3118,424.8000000000281,2124.0,934.0,0.0,934.0,3221.0,0.0,10.950000000000015,71.0,0.1.0,1031,sublinear,consensus,none,120,60,14,15.01086619062403,25.0,16.788732394366196,3118,2,0.03944376162478058,-0.05058536026908849,
21.0,240.0,1.0000000000000002,3741.0617401133486,3753.542443389092,1888.073750013306,3.662820521282731,911,637.2000000000763,0.0,1645.0,0.0,1645.0,4753.0,0.0,16.350000000000023,107.0,0.1.0,1031,hierarchy,central,none,120,60,14,4.863665053650326,8.0,7.616822429906542,911,3,0.17846235813854536,0.14508452656062112,
23.0,240.0,1.0000000000000002,3742.7067873001088,3760.719437902416,1867.7407039628877,4.439181517352124,2129,519.2000000000495,1038.400000000099,1298.0,0.0,1298.0,3862.0,0.0,13.350000000000021,88.0,0.1.0,1031,hierarchy,witness,none,120,60,14,10.385810460901087,17.0,12.909090909090908,2129,7,0.16320791689378372,0.12922946644141453,
21.0,240.0,1.0000000000000002,3785.6004148027287,3767.340827712486,1857.7132899943765,3.9044767907798126,3106,424.8000000000281,2124.0,990.0,0.0,990.0,3175.0,0.0,10.650000000000015,69.0,0.1.0,1031,hierarchy,consensus,none,120,60,14,14.910551181102361,25.0,16.565217391304348,3106,2,0.15312544259681868,0.11726748026023917,
24.0,240.0,1.0000000000000002,3856.1815989156494,3733.1336157521623,1899.9399930443687,4.145287473517304,913,637.2000000000763,0.0,1721.0,0.0,1721.0,4671.0,0.0,15.750000000000027,103.0,0.1.0,1031,hierarchy_tenure,central,none,120,60,14,4.872190109184329,8.0,7.631067961165049,913,3,0.44433913364378885,0.06832634681501326,
24.0,240.0,1.0000000000000002,3869.9461733218745,3735.14505632202,1889.891968613991,4.407537198796187,2120,519.2000000000495,1038.400000000099,1372.0,0.0,1372.0,3794.0,0.0,12.90000000000002,85.0,0.1.0,1031,hierarchy_tenure,witness,none,120,60,14,10.396678966789668,17.0,12.8,2120,7,0.4341028710446436,0.07115113749474851,
24.0,240.0,1.0000000000000002,3900.3807443300398,3734.567176834574,1879.7468153331438,4.204371387709872,3107,424.8000000000281,2124.0,1067.0,0.0,1067.0,3095.0,0.0,10.350000000000014,67.0,0.1.0,1031,hierarchy_tenure,consensus,none,120,60,14,14.86978998384491,25.0,16.328358208955223,3107,2,0.42029234060746423,0.0823063336917439,
