day,calendar_date,fiscal_year,is_workday,organization_age_years,active_members,present_members,ever_people,available_member_work_hours_cumulative,output_work_units,review_backlog_records,appeal_backlog_records,decision_regret_units,participation_fraction,formal_effective_weight_tv,authority_contribution_tv,signed_gini_gap,gini_authority,mean_trust,mean_fatigue,cash_resource_units,adopted_guilds,closed,suspended,work_creation_enabled,adoption_days,active_member_calendar_days_daily,active_member_calendar_days_cumulative,active_member_workdays_daily,active_member_workdays_cumulative,present_member_workdays_daily,present_member_workdays_cumulative,present_member_work_hours_daily,present_member_work_hours_cumulative,available_member_work_hours_daily,post_adoption_available_member_work_hours_daily,post_adoption_available_member_work_hours_cumulative,produced_work_units_daily,produced_work_units_cumulative,decision_regret_units_daily,decision_regret_units_cumulative,decisions_completed_daily,decisions_completed_cumulative,decisions_unresolved_daily,decisions_unresolved_cumulative,review_hours_daily,review_hours_cumulative,appeal_hours_daily,appeal_hours_cumulative,governance_hours_daily,governance_hours_cumulative,training_hours_daily,training_hours_cumulative,migration_resource_units_daily,migration_resource_units_cumulative,dual_run_resource_units_daily,dual_run_resource_units_cumulative,maintenance_resource_units_daily,maintenance_resource_units_cumulative,payroll_resource_units_daily,payroll_resource_units_cumulative,recruitment_resource_units_daily,recruitment_resource_units_cumulative,operating_resource_units_daily,operating_resource_units_cumulative,operating_unfunded_resource_units_daily,operating_unfunded_resource_units_cumulative,revenue_resource_units_daily,revenue_resource_units_cumulative
0,2020-01-01,2020,False,50.0,1000,0,1000,0.0,0.0,0,0,0.0,,,0.0,0.0,0.0,0.7,0.0,200000.0,0,False,False,True,"{""0"":null,""1"":null,""2"":null,""3"":null}",1000.0,1000.0,0.0,0.0,0.0,0.0,0.0,0.0,0.0,0.0,0.0,0.0,0.0,0.0,0.0,0.0,0.0,0.0,0.0,0.0,0.0,0.0,0.0,0.0,0.0,0.0,0.0,0.0,0.0,0.0,0.0,0.0,0.0,0.0,0.0,0.0,0.0,0.0,0.0,0.0,0.0,0.0,0.0
1,2020-01-02,2020,True,50.00273224043716,999,999,1000,849.3995281396565,1018.3347322893479,999,0,0.00971105051739707,0.6756506024096386,0.3243493975903614,0.0,0.0,0.0,0.7,0.0211340829720227,200508.84473228935,0,False,False,True,"{""0"":null,""1"":null,""2"":null,""3"":null}",999.0,1999.0,999.0,999.0,999.0,999.0,849.3995281396565,849.3995281396565,849.3995281396565,0.0,0.0,1018.3347322893479,1018.3347322893479,0.00971105051739707,0.00971105051739707,4.0,4.0,0.0,0.0,0.0,0.0,0.0,0.0,49.9499999999993,49.9499999999993,0.0,0.0,0.0,0.0,0.0,0.0,9.99,9.99,499.5,499.5,0.0,0.0,509.49,509.49,0.0,0.0,1018.3347322893479,1018.3347322893479
2,2020-01-03,2020,True,50.005464480874316,999,999,1000,1698.799056279317,989.2723239766475,1930,20,0.0,0.7137309236947791,0.28626907630522086,0.0,0.0,0.0,0.6982982982982983,0.040154757646843134,200988.627056266,0,False,False,True,"{""0"":null,""1"":null,""2"":null,""3"":null}",999.0,2998.0,999.0,1998.0,999.0,1998.0,849.3995281396606,1698.799056279317,849.3995281396606,0.0,0.0,989.2723239766475,2007.6070562659954,0.0,0.00971105051739707,4.0,8.0,0.0,0.0,89.89999999999917,89.89999999999917,0.0,0.0,49.94999999999717,99.89999999999647,0.0,0.0,0.0,0.0,0.0,0.0,9.99,19.98,499.5,999.0,0.0,0.0,509.49,1018.98,0.0,0.0,989.2723239766475,2007.6070562659954
3,2020-01-04,2020,False,50.00819672131148,999,0,1000,1698.799056279317,0.0,1099,20,0.0,,,0.2806280597270964,0.35563481543954945,0.38374452719924657,0.7107757757757757,0.00015797611551958844,200988.627056266,0,False,False,True,"{""0"":null,""1"":null,""2"":null,""3"":null}",999.0,3997.0,0.0,1998.0,0.0,1998.0,0.0,1698.799056279317,0.0,0.0,0.0,0.0,2007.6070562659954,0.0,0.00971105051739707,0.0,8.0,0.0,0.0,0.0,89.89999999999917,0.0,0.0,0.0,99.89999999999647,0.0,0.0,0.0,0.0,0.0,0.0,0.0,19.98,0.0,999.0,0.0,0.0,0.0,1018.98,0.0,0.0,0.0,2007.6070562659954
4,2020-01-05,2020,False,50.01092896174863,999,0,1000,1698.799056279317,0.0,1099,20,0.0,,,0.2806280597270964,0.35563481543954945,0.38374452719924657,0.7107757757757757,0.0,200988.627056266,0,False,False,True,"{""0"":null,""1"":null,""2"":null,""3"":null}",999.0,4996.0,0.0,1998.0,0.0,1998.0,0.0,1698.799056279317,0.0,0.0,0.0,0.0,2007.6070562659954,0.0,0.00971105051739707,0.0,8.0,0.0,0.0,0.0,89.89999999999917,0.0,0.0,0.0,99.89999999999647,0.0,0.0,0.0,0.0,0.0,0.0,0.0,19.98,0.0,999.0,0.0,0.0,0.0,1018.98,0.0,0.0,0.0,2007.6070562659954
5,2020-01-06,2020,True,50.013661202185794,998,998,1000,2547.463675482117,1031.347767053224,2053,21,0.020926821158168143,0.7064056224899599,0.30330333090173867,0.28090803795034025,0.3558195342055238,0.38393825225945566,0.7091683366733467,0.020899857531007173,201510.99482331923,0,False,False,True,"{""0"":null,""1"":null,""2"":null,""3"":null}",998.0,5994.0,998.0,2996.0,998.0,2996.0,848.6646192028002,2547.463675482117,848.6646192028002,0.0,0.0,1031.347767053224,3038.9548233192195,0.020926821158168143,0.030637871675565212,4.0,12.0,0.0,0.0,89.79999999999491,179.69999999999408,2.999999999999999,2.999999999999999,49.900000000003345,149.7999999999998,0.0,0.0,0.0,0.0,0.0,0.0,9.98,29.96,499.0,1498.0,0.0,0.0,508.98,1527.96,0.0,0.0,1031.347767053224,3038.9548233192195
6,2020-01-07,2020,True,50.01639344262295,997,997,1000,3395.337326192253,989.2822979665183,2135,39,0.0,0.7312008032128514,0.2588404739886385,0.27237115382594923,0.34366136959683824,0.3841319773196648,0.7204663991975927,0.04077425278932369,201991.80712128573,0,False,False,True,"{""0"":null,""1"":null,""2"":null,""3"":null}",997.0,6991.0,997.0,3993.0,997.0,3993.0,847.8736507101357,3395.337326192253,847.8736507101357,0.0,0.0,989.2822979665184,4028.237121285738,0.0,0.030637871675565212,4.0,16.0,0.0,0.0,89.69999999999868,269.39999999999276,0.0,2.999999999999999,49.850000000011335,199.65000000001115,0.0,0.0,0.0,0.0,0.0,0.0,9.969999999999999,39.93,498.5,1996.5,0.0,0.0,508.47,2036.43,0.0,0.0,989.2822979665184,4028.237121285738
7,2020-01-08,2020,True,50.01912568306011,997,997,1000,4243.210976902386,970.5678501056653,2242,52,0.0,0.7301566265060241,0.2599570928850009,0.26336656709942385,0.3304378101043858,0.3841319773196648,0.7316750250752257,0.05999487411192898,202453.9049713914,0,False,False,True,"{""0"":null,""1"":null,""2"":null,""3"":null}",997.0,7988.0,997.0,4990.0,997.0,4990.0,847.8736507101335,4243.210976902386,847.8736507101335,0.0,0.0,970.5678501056655,4998.804971391403,0.0,0.030637871675565212,4.0,20.0,0.0,0.0,89.7000000000204,359.10000000001315,0.0,2.999999999999999,49.850000000011335,249.50000000002248,0.0,0.0,0.0,0.0,0.0,0.0,9.969999999999999,49.9,498.5,2495.0,0.0,0.0,508.47,2544.9,0.0,0.0,970.5678501056655,4998.804971391403
8,2020-01-09,2020,True,50.021857923497265,997,997,1000,5091.084627612533,933.4900998225721,2323,51,0.0,0.7332128514056224,0.28993693171048324,0.25388416829751637,0.31684672295015726,0.3841319773196648,0.7419859578736209,0.07868794211445775,202878.92507121398,0,False,False,True,"{""0"":null,""1"":null,""2"":null,""3"":null}",997.0,8985.0,997.0,5987.0,997.0,5987.0,847.8736507101466,5091.084627612533,847.8736507101466,0.0,0.0,933.4900998225721,5932.2950712139755,0.0,0.030637871675565212,4.0,24.0,0.0,0.0,89.7000000000204,448.80000000003355,3.150000000000005,6.150000000000004,49.850000000011306,299.3500000000338,0.0,0.0,0.0,0.0,0.0,0.0,9.969999999999999,59.87,498.5,2993.5,0.0,0.0,508.4699999999998,3053.37,0.0,0.0,933.4900998225721,5932.2950712139755
9,2020-01-10,2020,True,50.02459016393443,998,998,1002,5940.017777157445,893.7475133312258,2438,48,0.0,0.7373870967741936,0.27476999597492957,0.24592898628132215,0.305050173459105,0.38349643493761143,0.7523396793587175,0.09664628297139732,203261.6925845452,0,False,False,True,"{""0"":null,""1"":null,""2"":null,""3"":null}",998.0,9983.0,998.0,6985.0,998.0,6985.0,848.9331495449123,5940.017777157445,848.9331495449123,0.0,0.0,893.7475133312255,6826.042584545201,0.0,0.030637871675565212,4.0,28.0,0.0,0.0,89.80000000002036,538.6000000000539,2.7000000000000064,8.85000000000001,49.900000000011346,349.25000000004513,0.0,0.0,0.0,0.0,0.0,0.0,9.979999999999997,69.85,499.0,3492.5,2.0,2.0,508.98,3562.35,0.0,0.0,893.7475133312255,6826.042584545201
10,2020-01-11,2020,False,50.02732240437158,997,0,1002,5940.017777157445,0.0,1599,48,0.0,,,0.23926227514940215,0.29502498722743087,0.3835622646629342,0.7649097291875627,0.03997408236698798,203261.6925845452,0,False,False,True,"{""0"":null,""1"":null,""2"":null,""3"":null}",997.0,10980.0,0.0,6985.0,0.0,6985.0,0.0,5940.017777157445,0.0,0.0,0.0,0.0,6826.042584545201,0.0,0.030637871675565212,0.0,28.0,0.0,0.0,0.0,538.6000000000539,0.0,8.85000000000001,0.0,349.25000000004513,0.0,0.0,0.0,0.0,0.0,0.0,0.0,69.85,0.0,3492.5,0.0,2.0,0.0,3562.35,0.0,0.0,0.0,6826.042584545201
11,2020-01-12,2020,False,50.03005464480874,998,0,1003,5940.017777157445,0.0,1599,48,0.0,,,0.2389900320965404,0.29403693003455966,0.38349643493761143,0.7648446893787576,0.011543602128282444,203260.6925845452,0,False,False,True,"{""0"":null,""1"":null,""2"":null,""3"":null}",998.0,11978.0,0.0,6985.0,0.0,6985.0,0.0,5940.017777157445,0.0,0.0,0.0,0.0,6826.042584545201,0.0,0.030637871675565212,0.0,28.0,0.0,0.0,0.0,538.6000000000539,0.0,8.85000000000001,0.0,349.25000000004513,0.0,0.0,0.0,0.0,0.0,0.0,0.0,69.85,0.0,3492.5,1.0,3.0,0.0,3562.35,0.0,0.0,0.0,6826.042584545201
12,2020-01-13,2020,True,50.032786885245905,998,998,1003,6788.712258129826,1022.2074609794818,2550,14,0.08519170327694389,0.7344838709677419,0.2508510148927606,0.2389900320965404,0.29403693003455966,0.38349643493761143,0.7624899799599199,0.03500804290143277,203773.9200455247,0,False,False,True,"{""0"":null,""1"":null,""2"":null,""3"":null}",998.0,12976.0,998.0,7983.0,998.0,7983.0,848.6944809723809,6788.712258129826,848.6944809723809,0.0,0.0,1022.2074609794818,7848.250045524683,0.08519170327694389,0.1158295749525091,4.0,32.0,0.0,0.0,89.80000000002042,628.4000000000743,7.200000000000015,16.050000000000026,49.900000000011346,399.1500000000565,0.0,0.0,0.0,0.0,0.0,0.0,9.980000000000004,79.83,499.0,3991.5,0.0,3.0,508.98,4071.33,0.0,0.0,1022.2074609794818,7848.250045524683
13,2020-01-14,2020,True,50.03551912568306,998,998,1003,7637.406739102207,996.7363688433501,2613,32,0.0,0.740524193548387,0.2591527226726468,0.2346526112257633,0.2877619154693201,0.38349643493761143,0.7731613226452906,0.0573108793329317,204261.67641436803,0,False,False,True,"{""0"":null,""1"":null,""2"":null,""3"":null}",998.0,13974.0,998.0,8981.0,998.0,8981.0,848.6944809723809,7637.406739102207,848.6944809723809,0.0,0.0,996.7363688433506,8844.986414368033,0.0,0.1158295749525091,4.0,36.0,0.0,0.0,89.80000000002042,718.2000000000947,0.0,16.050000000000026,49.900000000011346,449.0500000000678,0.0,0.0,0.0,0.0,0.0,0.0,9.980000000000004,89.81,499.0,4490.5,0.0,3.0,508.97999999999956,4580.3099999999995,0.0,0.0,996.7363688433506,8844.986414368033
14,2020-01-15,2020,True,50.03825136612022,998,998,1003,8486.101220074579,985.4643667677065,2729,46,0.0,0.7184193548387097,0.26187683284457475,0.2297365969296034,0.2806643071800105,0.38349643493761143,0.7836773547094189,0.07865083688077912,204738.16078113572,0,False,False,True,"{""0"":null,""1"":null,""2"":null,""3"":null}",998.0,14972.0,998.0,9979.0,998.0,9979.0,848.6944809723718,8486.101220074579,848.6944809723718,0.0,0.0,985.4643667677065,9830.45078113574,0.0,0.1158295749525091,4.0,40.0,0.0,0.0,89.80000000002042,808.0000000001152,0.0,16.050000000000026,49.900000000011346,498.95000000007917,0.0,0.0,0.0,0.0,0.0,0.0,9.980000000000004,99.79,499.0,4989.5,0.0,3.0,508.97999999999956,5089.289999999999,0.0,0.0,985.4643667677065,9830.45078113574
15,2020-01-16,2020,True,50.040983606557376,997,997,1003,9334.02312036471,946.416832384201,2830,50,0.05614786614672495,0.7492551172431662,0.25781606823930375,0.22545090674641582,0.27382030023067094,0.3836901599978205,0.7941624874623873,0.09920727001830608,205176.1076135199,0,False,False,True,"{""0"":null,""1"":null,""2"":null,""3"":null}",997.0,15969.0,997.0,10976.0,997.0,10976.0,847.9219002901318,9334.02312036471,847.9219002901318,0.0,0.0,946.4168323842005,10776.86761351994,0.05614786614672494,0.17197744109923405,4.0,44.0,0.0,0.0,89.7000000000204,897.7000000001356,2.09999999999998,18.150000000000006,49.84999999996944,548.8000000000486,0.0,0.0,0.0,0.0,0.0,0.0,9.969999999999999,109.76,498.5,5488.0,0.0,3.0,508.47000000000025,5597.759999999999,0.0,0.0,946.4168323842005,10776.86761351994
16,2020-01-17,2020,True,50.04371584699454,997,997,1003,10181.945020654843,904.3313411944192,2935,49,0.0,0.718206730146392,0.28728015515513194,0.22101593600713237,0.26742148489356415,0.3836901599978205,0.8046690070210631,0.11874974534296155,205571.96895471434,0,False,False,True,"{""0"":null,""1"":null,""2"":null,""3"":null}",997.0,16966.0,997.0,11973.0,997.0,11973.0,847.9219002901318,10181.945020654843,847.9219002901318,0.0,0.0,904.33134119442,11681.19895471436,0.0,0.17197744109923405,4.0,48.0,0.0,0.0,89.7000000000204,987.400000000156,2.6999999999999744,20.84999999999998,49.84999999995466,598.6500000000033,0.0,0.0,0.0,0.0,0.0,0.0,9.969999999999999,119.73,498.5,5986.5,0.0,3.0,508.47000000000025,6106.23,0.0,0.0,904.33134119442,11681.19895471436
17,2020-01-18,2020,False,50.04644808743169,997,0,1003,10181.945020654843,0.0,2099,49,0.0,,,0.21666184766924929,0.26109234924420444,0.3836901599978205,0.8172316950852558,0.05837468231709834,205571.96895471434,0,False,False,True,"{""0"":null,""1"":null,""2"":null,""3"":null}",997.0,17963.0,0.0,11973.0,0.0,11973.0,0.0,10181.945020654843,0.0,0.0,0.0,0.0,11681.19895471436,0.0,0.17197744109923405,0.0,48.0,0.0,0.0,0.0,987.400000000156,0.0,20.84999999999998,0.0,598.6500000000033,0.0,0.0,0.0,0.0,0.0,0.0,0.0,119.73,0.0,5986.5,0.0,3.0,0.0,6106.23,0.0,0.0,0.0,11681.19895471436
18,2020-01-19,2020,False,50.049180327868854,998,0,1004,10181.945020654843,0.0,2099,49,0.0,,,0.21673836384448,0.2604579410562103,0.38393825225945566,0.8171142284569138,0.024516724503474394,205570.96895471434,0,False,False,True,"{""0"":null,""1"":null,""2"":null,""3"":null}",998.0,18961.0,0.0,11973.0,0.0,11973.0,0.0,10181.945020654843,0.0,0.0,0.0,0.0,11681.19895471436,0.0,0.17197744109923405,0.0,48.0,0.0,0.0,0.0,987.400000000156,0.0,20.84999999999998,0.0,598.6500000000033,0.0,0.0,0.0,0.0,0.0,0.0,0.0,119.73,0.0,5986.5,1.0,4.0,0.0,6106.23,0.0,0.0,0.0,11681.19895471436
19,2020-01-20,2020,True,50.05191256830601,998,998,1004,11030.711146884682,1047.5497093463816,3068,17,0.0,0.790570281124498,0.2136013256977432,0.21673836384448,0.2604579410562103,0.38393825225945566,0.8151603206412826,0.05011575430663355,206109.5386640607,0,False,False,True,"{""0"":null,""1"":null,""2"":null,""3"":null}",998.0,19959.0,998.0,12971.0,998.0,12971.0,848.7661262298388,11030.711146884682,848.7661262298388,0.0,0.0,1047.5497093463819,12728.748664060742,0.0,0.17197744109923405,4.0,52.0,0.0,0.0,89.79999999995982,1077.2000000001158,7.34999999999993,28.19999999999991,49.899999999954616,648.5499999999579,0.0,0.0,0.0,0.0,0.0,0.0,9.980000000000004,129.71,499.0,6485.5,0.0,4.0,508.97999999999956,6615.209999999999,0.0,0.0,1047.5497093463819,12728.748664060742
20,2020-01-21,2020,True,50.05464480874317,998,998,1004,11879.47727311452,1014.8352547731321,3121,30,0.0,0.7514738955823294,0.24496056795924115,0.21326135127080878,0.25487539378813495,0.38393825225945566,0.8263176352705411,0.0744404123371067,206615.3939188338,0,False,False,True,"{""0"":null,""1"":null,""2"":null,""3"":null}",998.0,20957.0,998.0,13969.0,998.0,13969.0,848.7661262298388,11879.47727311452,848.7661262298388,0.0,0.0,1014.835254773132,13743.583918833874,0.0,0.17197744109923405,4.0,56.0,0.0,0.0,89.79999999991833,1167.000000000034,0.0,28.19999999999991,49.899999999954616,698.4499999999125,0.0,0.0,0.0,0.0,0.0,0.0,9.97999999999999,139.69,499.0,6984.5,0.0,4.0,508.97999999999956,7124.189999999999,0.0,0.0,1014.835254773132,13743.583918833874
21,2020-01-22,2020,True,50.057377049180324,997,997,1004,12727.466697655462,981.7919524723906,3216,55,0.0,0.7713172690763053,0.22288523064728283,0.2110862237755222,0.25137960771939394,0.3841319773196648,0.8367051153460382,0.09768320916667918,207088.7158713062,0,False,False,True,"{""0"":null,""1"":null,""2"":null,""3"":null}",997.0,21954.0,997.0,14966.0,997.0,14966.0,847.9894245409414,12727.466697655462,847.9894245409414,0.0,0.0,981.7919524723911,14725.375871306265,0.0,0.17197744109923405,4.0,60.0,0.0,0.0,89.69999999991842,1256.6999999999525,0.0,28.19999999999991,49.84999999995466,748.2999999998672,0.0,0.0,0.0,0.0,0.0,0.0,9.969999999999999,149.66,498.5,7483.0,0.0,4.0,508.47000000000025,7632.659999999999,0.0,0.0,981.7919524723911,14725.375871306265
22,2020-01-23,2020,True,50.060109289617486,997,997,1004,13575.456122196403,934.128429138249,3334,56,0.0,0.7853654618473895,0.2274536608901934,0.2072530846524482,0.24641129411011667,0.3841319773196648,0.8470160481444334,0.11975214863768684,207514.37430044444,0,False,False,True,"{""0"":null,""1"":null,""2"":null,""3"":null}",997.0,22951.0,997.0,15963.0,997.0,15963.0,847.9894245409414,13575.456122196403,847.9894245409414,0.0,0.0,934.128429138249,15659.504300444514,0.0,0.17197744109923405,4.0,64.0,0.0,0.0,89.69999999991842,1346.399999999871,2.549999999999976,30.749999999999886,49.84999999995466,798.1499999998218,0.0,0.0,0.0,0.0,0.0,0.0,9.969999999999999,159.63,498.5,7981.5,0.0,4.0,508.47000000000025,8141.129999999999,0.0,0.0,934.128429138249,15659.504300444514
23,2020-01-24,2020,True,50.06284153005465,997,997,1004,14423.445546737345,905.353523089759,3446,59,0.05712341647692668,0.7763132530120482,0.2258872927161295,0.20526248919595916,0.2425583265761081,0.3841319773196648,0.8579689067201606,0.14067470007769053,207911.2578235342,0,False,False,True,"{""0"":null,""1"":null,""2"":null,""3"":null}",997.0,23948.0,997.0,16960.0,997.0,16960.0,847.9894245409414,14423.445546737345,847.9894245409414,0.0,0.0,905.3535230897578,16564.857823534272,0.057123416476926675,0.22910085757616072,4.0,68.0,0.0,0.0,89.69999999991842,1436.0999999997894,1.9499999999999815,32.69999999999987,49.84999999995466,847.9999999997765,0.0,0.0,0.0,0.0,0.0,0.0,9.969999999999999,169.6,498.5,8480.0,0.0,4.0,508.46999999999935,8649.599999999999,0.0,0.0,905.3535230897578,16564.857823534272
24,2020-01-25,2020,False,50.0655737704918,997,0,1004,14423.445546737345,0.0,2599,59,0.0,,,0.20141436643761645,0.23742199724578178,0.3841319773196648,0.8707121364092278,0.07623647427025082,207911.2578235342,0,False,False,True,"{""0"":null,""1"":null,""2"":null,""3"":null}",997.0,24945.0,0.0,16960.0,0.0,16960.0,0.0,14423.445546737345,0.0,0.0,0.0,0.0,16564.857823534272,0.0,0.22910085757616072,0.0,68.0,0.0,0.0,0.0,1436.0999999997894,0.0,32.69999999999987,0.0,847.9999999997765,0.0,0.0,0.0,0.0,0.0,0.0,0.0,169.6,0.0,8480.0,0.0,4.0,0.0,8649.599999999999,0.0,0.0,0.0,16564.857823534272
25,2020-01-26,2020,False,50.068306010928964,997,0,1004,14423.445546737345,0.0,2599,59,0.0,,,0.20141436643761645,0.23742199724578178,0.3841319773196648,0.8707121364092278,0.038153118402997184,207911.2578235342,0,False,False,True,"{""0"":null,""1"":null,""2"":null,""3"":null}",997.0,25942.0,0.0,16960.0,0.0,16960.0,0.0,14423.445546737345,0.0,0.0,0.0,0.0,16564.857823534272,0.0,0.22910085757616072,0.0,68.0,0.0,0.0,0.0,1436.0999999997894,0.0,32.69999999999987,0.0,847.9999999997765,0.0,0.0,0.0,0.0,0.0,0.0,0.0,169.6,0.0,8480.0,0.0,4.0,0.0,8649.599999999999,0.0,0.0,0.0,16564.857823534272
26,2020-01-27,2020,True,50.07103825136612,996,996,1004,15270.705184008542,901.1288069456866,3566,17,0.0,0.8172272962819018,0.16745920779177545,0.20116521454746839,0.23710930691037913,0.3838838850580297,0.8685140562248996,0.06554817101765718,208304.4266304799,0,False,False,True,"{""0"":null,""1"":null,""2"":null,""3"":null}",996.0,26938.0,996.0,17956.0,996.0,17956.0,847.2596372711978,15270.705184008542,847.2596372711978,0.0,0.0,901.1288069456859,17465.986630479958,0.0,0.22910085757616072,4.0,72.0,0.0,0.0,89.59999999991851,1525.6999999997079,8.849999999999916,41.549999999999784,49.79999999995471,897.7999999997312,0.0,0.0,0.0,0.0,0.0,0.0,9.960000000000008,179.56,498.0,8978.0,0.0,4.0,507.9599999999991,9157.559999999998,0.0,0.0,901.1288069456859,17465.986630479958
27,2020-01-28,2020,True,50.07377049180328,996,996,1004,16117.96482127974,854.1397741078647,3610,38,0.06402150877583508,0.8091709418318435,0.19830040057387363,0.20009768696844232,0.23438356971564742,0.3838838850580297,0.8794076305220885,0.09163754693665227,208650.60640458777,0,False,False,True,"{""0"":null,""1"":null,""2"":null,""3"":null}",996.0,27934.0,996.0,18952.0,996.0,18952.0,847.2596372711978,16117.96482127974,847.2596372711978,0.0,0.0,854.1397741078654,18320.126404587823,0.06402150877583507,0.2931223663519958,4.0,76.0,0.0,0.0,89.59999999991851,1615.2999999996264,0.0,41.549999999999784,49.79999999995471,947.5999999996859,0.0,0.0,0.0,0.0,0.0,0.0,9.960000000000008,189.52,498.0,9476.0,0.0,4.0,507.9599999999991,9665.519999999997,0.0,0.0,854.1397741078654,18320.126404587823
28,2020-01-29,2020,True,50.076502732240435,995,995,1004,16964.272909454277,812.6698686118157,3712,56,0.0,0.8070611802046898,0.18757928391297868,0.19779078863000696,0.23120231000891114,0.38363579279639454,0.8895376884422111,0.11596545495807956,208955.82627319958,0,False,False,True,"{""0"":null,""1"":null,""2"":null,""3"":null}",995.0,28929.0,995.0,19947.0,995.0,19947.0,846.3080881745373,16964.272909454277,846.3080881745373,0.0,0.0,812.6698686118143,19132.796273199638,0.0,0.2931223663519958,4.0,80.0,0.0,0.0,89.4999999999186,1704.799999999545,0.0,41.549999999999784,49.74999999995475,997.3499999996407,0.0,0.0,0.0,0.0,0.0,0.0,9.949999999999989,199.47,497.5,9973.5,0.0,4.0,507.4500000000007,10172.969999999998,0.0,0.0,812.6698686118143,19132.796273199638
29,2020-01-30,2020,True,50.0792349726776,995,995,1004,17810.580997628796,784.0032260666956,3820,54,0.008016813376396441,0.7809928099494753,0.22722701366393142,0.19681546332264008,0.22961438679416354,0.38363579279639454,0.8994924623115579,0.139328110403907,209232.37949926627,0,False,False,True,"{""0"":null,""1"":null,""2"":null,""3"":null}",995.0,29924.0,995.0,20942.0,995.0,20942.0,846.3080881745191,17810.580997628796,846.3080881745191,0.0,0.0,784.0032260666958,19916.799499266333,0.008016813376396426,0.3011391797283922,4.0,84.0,0.0,0.0,89.4999999999186,1794.2999999994636,2.549999999999976,44.09999999999976,49.74999999995475,1047.0999999995954,0.0,0.0,0.0,0.0,0.0,0.0,9.949999999999989,209.42,497.5,10471.0,0.0,4.0,507.4500000000007,10680.419999999998,0.0,0.0,784.0032260666958,19916.799499266333
30,2020-01-31,2020,True,50.08196721311475,995,995,1004,18656.889085803316,895.2726452668702,3925,43,0.0,0.8009767133048322,0.20188028753714793,0.19528758570563967,0.2269374523455588,0.38363579279639454,0.9096180904522615,0.16125337264679168,209620.20214453313,0,False,False,True,"{""0"":null,""1"":null,""2"":null,""3"":null}",995.0,30919.0,995.0,21937.0,995.0,21937.0,846.3080881745191,18656.889085803316,846.3080881745191,0.0,0.0,895.2726452668685,20812.072144533202,0.0,0.3011391797283922,4.0,88.0,0.0,0.0,89.4999999999186,1883.7999999993822,3.14999999999997,47.24999999999973,49.74999999995475,1096.8499999995502,0.0,0.0,0.0,0.0,0.0,0.0,9.949999999999989,219.36999999999998,497.5,10968.5,0.0,4.0,507.4500000000007,11187.869999999999,0.0,0.0,895.2726452668685,20812.072144533202
31,2020-02-01,2020,False,50.08469945355191,995,0,1004,18656.889085803316,0.0,3099,43,0.0,,,0.19392736229685875,0.22434598359251684,0.38363579279639454,0.9220402010050253,0.09337729286176474,209620.20214453313,0,False,False,True,"{""0"":null,""1"":null,""2"":null,""3"":null}",995.0,31914.0,0.0,21937.0,0.0,21937.0,0.0,18656.889085803316,0.0,0.0,0.0,0.0,20812.072144533202,0.0,0.3011391797283922,0.0,88.0,0.0,0.0,0.0,1883.7999999993822,0.0,47.24999999999973,0.0,1096.8499999995502,0.0,0.0,0.0,0.0,0.0,0.0,0.0,219.36999999999998,0.0,10968.5,0.0,4.0,0.0,11187.869999999999,0.0,0.0,0.0,20812.072144533202
32,2020-02-02,2020,False,50.08743169398907,995,0,1004,18656.889085803316,0.0,3099,43,0.0,,,0.19392736229685875,0.22434598359251684,0.38363579279639454,0.9220402010050253,0.05126534455706559,209620.20214453313,0,False,False,True,"{""0"":null,""1"":null,""2"":null,""3"":null}",995.0,32909.0,0.0,21937.0,0.0,21937.0,0.0,18656.889085803316,0.0,0.0,0.0,0.0,20812.072144533202,0.0,0.3011391797283922,0.0,88.0,0.0,0.0,0.0,1883.7999999993822,0.0,47.24999999999973,0.0,1096.8499999995502,0.0,0.0,0.0,0.0,0.0,0.0,0.0,219.36999999999998,0.0,10968.5,0.0,4.0,0.0,11187.869999999999,0.0,0.0,0.0,20812.072144533202
33,2020-02-03,2020,True,50.09016393442623,995,995,1004,19503.197173977835,1043.6484019597526,4023,18,0.0,0.8261701645290841,0.16824857586189285,0.19392736229685875,0.22434598359251684,0.38363579279639454,0.9192010050251258,0.07963391929155116,210156.40054649286,0,False,False,True,"{""0"":null,""1"":null,""2"":null,""3"":null}",995.0,33904.0,995.0,22932.0,995.0,22932.0,846.3080881745191,19503.197173977835,846.3080881745191,0.0,0.0,1043.648401959752,21855.720546492954,0.0,0.3011391797283922,4.0,92.0,0.0,0.0,89.4999999999186,1973.2999999993008,6.449999999999939,53.69999999999967,49.74999999995475,1146.599999999505,0.0,0.0,0.0,0.0,0.0,0.0,9.949999999999989,229.31999999999996,497.5,11466.0,0.0,4.0,507.4500000000007,11695.32,0.0,0.0,1043.648401959752,21855.720546492954
34,2020-02-04,2020,True,50.09289617486339,995,995,1004,20349.505262152354,1004.1724882367513,4095,30,0.0,0.8331741482057261,0.1387281984872974,0.19249600036247358,0.2222170698542274,0.38363579279639454,0.9291356783919599,0.10660000782448474,210653.1230347296,0,False,False,True,"{""0"":null,""1"":null,""2"":null,""3"":null}",995.0,34899.0,995.0,23927.0,995.0,23927.0,846.3080881745191,20349.505262152354,846.3080881745191,0.0,0.0,1004.1724882367525,22859.893034729706,0.0,0.3011391797283922,4.0,96.0,0.0,0.0,89.4999999999186,2062.7999999992194,0.0,53.69999999999967,49.74999999995475,1196.3499999994597,0.0,0.0,0.0,0.0,0.0,0.0,9.949999999999989,239.26999999999995,497.5,11963.5,0.0,4.0,507.4500000000007,12202.77,0.0,0.0,1004.1724882367525,22859.893034729706
35,2020-02-05,2020,True,50.095628415300546,994,994,1004,21195.007736912867,956.0253514985337,4217,42,0.0,0.8129057343386868,0.19518574787093157,0.19154681822990427,0.22086544069047792,0.38370162252171736,0.9356136820925555,0.13210896070785869,211102.20838622813,0,False,False,True,"{""0"":null,""1"":null,""2"":null,""3"":null}",994.0,35893.0,994.0,24921.0,994.0,24921.0,845.502474760513,21195.007736912867,845.502474760513,0.0,0.0,956.0253514985343,23815.91838622824,0.0,0.3011391797283922,4.0,100.0,0.0,0.0,89.39999999991869,2152.199999999138,0.0,53.69999999999967,49.6999999999548,1246.0499999994145,0.0,0.0,0.0,0.0,0.0,0.0,9.939999999999998,249.20999999999995,497.0,12460.5,0.0,4.0,506.9400000000005,12709.710000000001,0.0,0.0,956.0253514985343,23815.91838622824
36,2020-02-06,2020,True,50.09836065573771,994,994,1004,22040.51021167338,922.2304629493227,4331,43,0.0,0.8048048441644337,0.18426630126427823,0.19029067494888102,0.21900842065272835,0.38370162252171736,0.9408802816901408,0.1559856603585465,211517.49884917744,0,False,False,True,"{""0"":null,""1"":null,""2"":null,""3"":null}",994.0,36887.0,994.0,25915.0,994.0,25915.0,845.502474760513,22040.51021167338,845.502474760513,0.0,0.0,922.2304629493228,24738.148849177564,0.0,0.3011391797283922,4.0,104.0,0.0,0.0,89.39999999991869,2241.5999999990568,2.6999999999999744,56.39999999999964,49.6999999999548,1295.7499999993693,0.0,0.0,0.0,0.0,0.0,0.0,9.940000000000026,259.15,497.0,12957.5,0.0,4.0,506.9400000000005,13216.650000000001,0.0,0.0,922.2304629493228,24738.148849177564
37,2020-02-07,2020,True,50.10109289617486,994,994,1004,22886.012686433893,875.4649495419329,4453,43,0.15688225836500194,0.8289948034268457,0.16048144609798626,0.18910818712849722,0.2171656194821477,0.38370162252171736,0.9457595573440645,0.17829407043829798,211886.02379871937,0,False,False,True,"{""0"":null,""1"":null,""2"":null,""3"":null}",994.0,37881.0,994.0,26909.0,994.0,26909.0,845.502474760513,22886.012686433893,845.502474760513,0.0,0.0,875.4649495419326,25613.613798719496,0.15688225836500191,0.45802143809339413,4.0,108.0,0.0,0.0,89.39999999991869,2330.9999999989755,1.799999999999983,58.199999999999626,49.6999999999548,1345.449999999324,0.0,0.0,0.0,0.0,0.0,0.0,9.939999999999998,269.09,497.0,13454.5,0.0,4.0,506.9400000000005,13723.590000000002,0.0,0.0,875.4649495419326,25613.613798719496
38,2020-02-08,2020,False,50.10382513661202,994,0,1004,22886.012686433893,0.0,3599,43,0.0,,,0.18871840627371314,0.21609674668120515,0.38370162252171736,0.9514134808853119,0.10843963573230703,211886.02379871937,0,False,False,True,"{""0"":null,""1"":null,""2"":null,""3"":null}",994.0,38875.0,0.0,26909.0,0.0,26909.0,0.0,22886.012686433893,0.0,0.0,0.0,0.0,25613.613798719496,0.0,0.45802143809339413,0.0,108.0,0.0,0.0,0.0,2330.9999999989755,0.0,58.199999999999626,0.0,1345.449999999324,0.0,0.0,0.0,0.0,0.0,0.0,0.0,269.09,0.0,13454.5,0.0,4.0,0.0,13723.590000000002,0.0,0.0,0.0,25613.613798719496
39,2020-02-09,2020,False,50.10655737704918,994,0,1004,22886.012686433893,0.0,3599,43,0.0,,,0.18871840627371314,0.21609674668120515,0.38370162252171736,0.9514134808853119,0.06325827044342622,211886.02379871937,0,False,False,True,"{""0"":null,""1"":null,""2"":null,""3"":null}",994.0,39869.0,0.0,26909.0,0.0,26909.0,0.0,22886.012686433893,0.0,0.0,0.0,0.0,25613.613798719496,0.0,0.45802143809339413,0.0,108.0,0.0,0.0,0.0,2330.9999999989755,0.0,58.199999999999626,0.0,1345.449999999324,0.0,0.0,0.0,0.0,0.0,0.0,0.0,269.09,0.0,13454.5,0.0,4.0,0.0,13723.590000000002,0.0,0.0,0.0,25613.613798719496
40,2020-02-10,2020,True,50.10928961748634,994,994,1004,23731.515161194406,1038.921580179775,4564,12,0.0,0.8379381239205221,0.136687468896396,0.18871840627371314,0.21609674668120515,0.38370162252171736,0.949602615694165,0.09193573063239698,212418.00537889914,0,False,False,True,"{""0"":null,""1"":null,""2"":null,""3"":null}",994.0,40863.0,994.0,27903.0,994.0,27903.0,845.502474760513,23731.515161194406,845.502474760513,0.0,0.0,1038.9215801797764,26652.535378899272,0.0,0.45802143809339413,4.0,112.0,0.0,0.0,89.39999999991869,2420.399999998894,6.449999999999967,64.6499999999996,49.6999999999548,1395.1499999992789,0.0,0.0,0.0,0.0,0.0,0.0,9.939999999999998,279.03,497.0,13951.5,0.0,4.0,506.9400000000005,14230.530000000002,0.0,0.0,1038.9215801797764,26652.535378899272
41,2020-02-11,2020,True,50.112021857923494,994,994,1004,24577.01763595492,984.3060005027995,4623,32,0.0,0.8178816699473879,0.17403699536255152,0.18792630627330728,0.2148713652357971,0.38370162252171736,0.9525452716297788,0.11896277473521039,212895.37137940194,0,False,False,True,"{""0"":null,""1"":null,""2"":null,""3"":null}",994.0,41857.0,994.0,28897.0,994.0,28897.0,845.502474760513,24577.01763595492,845.502474760513,0.0,0.0,984.3060005027983,27636.84137940207,0.0,0.45802143809339413,4.0,116.0,0.0,0.0,89.39999999991869,2509.799999998813,0.0,64.6499999999996,49.6999999999548,1444.8499999992337,0.0,0.0,0.0,0.0,0.0,0.0,9.939999999999998,288.96999999999997,497.0,14448.5,0.0,4.0,506.9400000000005,14737.470000000003,0.0,0.0,984.3060005027983,27636.84137940207
42,2020-02-12,2020,True,50.114754098360656,994,994,1004,25422.52011071543,935.5517436642995,4707,50,0.0,0.8360186711322238,0.16083015712623733,0.1870549337972601,0.2136697815797362,0.38370162252171736,0.9541146881287726,0.14433766047722849,213323.98312306625,0,False,False,True,"{""0"":null,""1"":null,""2"":null,""3"":null}",994.0,42851.0,994.0,29891.0,994.0,29891.0,845.502474760513,25422.52011071543,845.502474760513,0.0,0.0,935.5517436642986,28572.39312306637,0.0,0.45802143809339413,4.0,120.0,0.0,0.0,89.39999999991869,2599.1999999987315,0.0,64.6499999999996,49.6999999999548,1494.5499999991885,0.0,0.0,0.0,0.0,0.0,0.0,9.939999999999998,298.90999999999997,497.0,14945.5,0.0,4.0,506.9400000000005,15244.410000000003,0.0,0.0,935.5517436642986,28572.39312306637
43,2020-02-13,2020,True,50.11748633879781,994,994,1004,26268.022585475945,907.4775209882549,4826,59,0.0,0.8117925048764996,0.2028907485646418,0.18638826463927555,0.2125417107912602,0.38370162252171736,0.9557092555331992,0.16779722883505827,213724.52064405452,0,False,False,True,"{""0"":null,""1"":null,""2"":null,""3"":null}",994.0,43845.0,994.0,30885.0,994.0,30885.0,845.502474760513,26268.022585475945,845.502474760513,0.0,0.0,907.4775209882537,29479.870644054623,0.0,0.45802143809339413,4.0,124.0,0.0,0.0,89.39999999991869,2688.59999999865,1.8000000000000682,66.44999999999966,49.6999999999548,1544.2499999991433,0.0,0.0,0.0,0.0,0.0,0.0,9.939999999999998,308.84999999999997,497.0,15442.5,0.0,4.0,506.9400000000005,15751.350000000004,0.0,0.0,907.4775209882537,29479.870644054623
44,2020-02-14,2020,True,50.12021857923497,995,995,1005,27114.423799209384,879.1074420461955,4948,62,0.0,0.8109368225153454,0.18171151183865888,0.1855910957464117,0.2105992924150672,0.3835078974615082,0.9573869346733669,0.18931616158040765,214095.1780861007,0,False,False,True,"{""0"":null,""1"":null,""2"":null,""3"":null}",995.0,44840.0,995.0,31880.0,995.0,31880.0,846.4012137334394,27114.423799209384,846.4012137334394,0.0,0.0,879.1074420461955,30358.97808610082,0.0,0.45802143809339413,4.0,128.0,0.0,0.0,89.4999999999186,2778.099999998569,3.0000000000001137,69.44999999999978,49.74999999995475,1593.999999999098,0.0,0.0,0.0,0.0,0.0,0.0,9.949999999999989,318.79999999999995,497.5,15940.0,1.0,5.0,507.4500000000007,16258.800000000005,0.0,0.0,879.1074420461955,30358.97808610082
45,2020-02-15,2020,False,50.122950819672134,995,0,1005,27114.423799209384,0.0,4099,62,0.0,,,0.18460828818276614,0.2088950283785672,0.3835078974615082,0.9610402010050252,0.1178543532641294,214095.1780861007,0,False,False,True,"{""0"":null,""1"":null,""2"":null,""3"":null}",995.0,45835.0,0.0,31880.0,0.0,31880.0,0.0,27114.423799209384,0.0,0.0,0.0,0.0,30358.97808610082,0.0,0.45802143809339413,0.0,128.0,0.0,0.0,0.0,2778.099999998569,0.0,69.44999999999978,0.0,1593.999999999098,0.0,0.0,0.0,0.0,0.0,0.0,0.0,318.79999999999995,0.0,15940.0,0.0,5.0,0.0,16258.800000000005,0.0,0.0,0.0,30358.97808610082
46,2020-02-16,2020,False,50.12568306010929,995,0,1005,27114.423799209384,0.0,4099,62,0.0,,,0.18460828818276614,0.2088950283785672,0.3835078974615082,0.9610402010050252,0.0709398838815772,214095.1780861007,0,False,False,True,"{""0"":null,""1"":null,""2"":null,""3"":null}",995.0,46830.0,0.0,31880.0,0.0,31880.0,0.0,27114.423799209384,0.0,0.0,0.0,0.0,30358.97808610082,0.0,0.45802143809339413,0.0,128.0,0.0,0.0,0.0,2778.099999998569,0.0,69.44999999999978,0.0,1593.999999999098,0.0,0.0,0.0,0.0,0.0,0.0,0.0,318.79999999999995,0.0,15940.0,0.0,5.0,0.0,16258.800000000005,0.0,0.0,0.0,30358.97808610082
47,2020-02-17,2020,True,50.12841530054645,996,996,1006,27961.736526744324,1051.22985811523,5081,24,0.35587987747611294,0.8333387096774194,0.15306911620953365,0.18452319579670767,0.20799835177104326,0.3834420677361854,0.9588704819277108,0.09912444789378706,214637.44794421594,0,False,False,True,"{""0"":null,""1"":null,""2"":null,""3"":null}",996.0,47826.0,996.0,32876.0,996.0,32876.0,847.3127275349398,27961.736526744324,847.3127275349398,0.0,0.0,1051.2298581152281,31410.207944216047,0.35587987747611294,0.8139013155695071,4.0,132.0,0.0,0.0,89.59999999991851,2867.6999999984873,9.300000000000352,78.75000000000013,49.79999999995471,1643.7999999990527,0.0,0.0,0.0,0.0,0.0,0.0,9.95999999999998,328.75999999999993,498.0,16438.0,1.0,6.0,507.96000000000095,16766.760000000006,0.0,0.0,1051.2298581152281,31410.207944216047
48,2020-02-18,2020,True,50.131147540983605,996,996,1006,28809.049254279264,1001.311929890597,5128,37,0.0940772743460346,0.8473145161290323,0.1410859065033638,0.183797496824002,0.20683910094524469,0.3834420677361854,0.9606576305220884,0.12571790357618556,215130.79987410654,0,False,False,True,"{""0"":null,""1"":null,""2"":null,""3"":null}",996.0,48822.0,996.0,33872.0,996.0,33872.0,847.3127275349398,28809.049254279264,847.3127275349398,0.0,0.0,1001.3119298905985,32411.519874106645,0.09407727434603463,0.9079785899155417,4.0,136.0,0.0,0.0,89.59999999991851,2957.299999998406,0.0,78.75000000000013,49.79999999995471,1693.5999999990074,0.0,0.0,0.0,0.0,0.0,0.0,9.95999999999998,338.7199999999999,498.0,16936.0,0.0,6.0,507.9599999999991,17274.720000000005,0.0,0.0,1001.3119298905985,32411.519874106645
49,2020-02-19,2020,True,50.13387978142077,996,996,1006,29656.361981814203,956.1561685073212,5217,54,0.0,0.8414516129032258,0.15514490253579433,0.18282002159375338,0.20571395830005523,0.3834420677361854,0.9615712851405622,0.15051447754026345,215578.99604261387,0,False,False,True,"{""0"":null,""1"":null,""2"":null,""3"":null}",996.0,49818.0,996.0,34868.0,996.0,34868.0,847.3127275349398,29656.361981814203,847.3127275349398,0.0,0.0,956.1561685073211,33367.676042613966,0.0,0.9079785899155417,4.0,140.0,0.0,0.0,89.59999999991851,3046.8999999983243,0.0,78.75000000000013,49.79999999995471,1743.3999999989621,0.0,0.0,0.0,0.0,0.0,0.0,9.95999999999998,348.6799999999999,498.0,17434.0,0.0,6.0,507.9599999999991,17782.680000000004,0.0,0.0,956.1561685073211,33367.676042613966
50,2020-02-20,2020,True,50.13661202185792,995,995,1006,30502.786773954384,905.7020889659292,5327,47,0.0,0.8251188128509861,0.17839666302077856,0.1824187855106235,0.20497975747007507,0.3835078974615082,0.9620804020100502,0.17344319851694412,215977.24813157978,0,False,False,True,"{""0"":null,""1"":null,""2"":null,""3"":null}",995.0,50813.0,995.0,35863.0,995.0,35863.0,846.4247921401802,30502.786773954384,846.4247921401802,0.0,0.0,905.7020889659325,34273.3781315799,0.0,0.9079785899155417,4.0,144.0,0.0,0.0,89.4999999999186,3136.399999998243,3.6000000000001364,82.35000000000026,49.74999999995475,1793.1499999989169,0.0,0.0,0.0,0.0,0.0,0.0,9.949999999999989,358.6299999999999,497.5,17931.5,0.0,6.0,507.4500000000007,18290.130000000005,0.0,0.0,905.7020889659325,34273.3781315799
51,2020-02-21,2020,True,50.13934426229508,993,993,1006,31347.42671958824,876.8013002163335,5439,53,0.0,0.8206486619926928,0.18167143253775922,0.1822653725784547,0.20415078639195722,0.38356312899208433,0.9632729103726082,0.19423181665395672,216347.6194317961,0,False,False,True,"{""0"":null,""1"":null,""2"":null,""3"":null}",993.0,51806.0,993.0,36856.0,993.0,36856.0,844.639945633855,31347.42671958824,844.639945633855,0.0,0.0,876.8013002163352,35150.179431796234,0.0,0.9079785899155417,4.0,148.0,0.0,0.0,89.29999999991878,3225.6999999981617,1.950000000000074,84.30000000000034,49.649999999954844,1842.7999999988717,0.0,0.0,0.0,0.0,0.0,0.0,9.930000000000007,368.5599999999999,496.5,18428.0,0.0,6.0,506.4300000000003,18796.560000000005,0.0,0.0,876.8013002163352,35150.179431796234
52,2020-02-22,2020,False,50.14207650273224,993,0,1006,31347.42671958824,0.0,4599,53,0.0,,,0.18200247934750077,0.20352376169402217,0.38356312899208433,0.9657905337361531,0.12189566220776822,216347.6194317961,0,False,False,True,"{""0"":null,""1"":null,""2"":null,""3"":null}",993.0,52799.0,0.0,36856.0,0.0,36856.0,0.0,31347.42671958824,0.0,0.0,0.0,0.0,35150.179431796234,0.0,0.9079785899155417,0.0,148.0,0.0,0.0,0.0,3225.6999999981617,0.0,84.30000000000034,0.0,1842.7999999988717,0.0,0.0,0.0,0.0,0.0,0.0,0.0,368.5599999999999,0.0,18428.0,0.0,6.0,0.0,18796.560000000005,0.0,0.0,0.0,35150.179431796234
53,2020-02-23,2020,False,50.1448087431694,993,0,1006,31347.42671958824,0.0,4599,53,0.0,,,0.18200247934750077,0.20352376169402214,0.38356312899208433,0.9657905337361531,0.07438846951017528,216347.6194317961,0,False,False,True,"{""0"":null,""1"":null,""2"":null,""3"":null}",993.0,53792.0,0.0,36856.0,0.0,36856.0,0.0,31347.42671958824,0.0,0.0,0.0,0.0,35150.179431796234,0.0,0.9079785899155417,0.0,148.0,0.0,0.0,0.0,3225.6999999981617,0.0,84.30000000000034,0.0,1842.7999999988717,0.0,0.0,0.0,0.0,0.0,0.0,0.0,368.5599999999999,0.0,18428.0,0.0,6.0,0.0,18796.560000000005,0.0,0.0,0.0,35150.179431796234
54,2020-02-24,2020,True,50.14754098360656,991,991,1006,32190.33437927018,1023.9575095310578,5578,12,0.17377748420929925,0.8567980324576672,0.14268467353087858,0.18262674313181226,0.20411922022348641,0.38395057911250263,0.9640817356205852,0.1023370542979258,216866.16694132716,0,False,False,True,"{""0"":null,""1"":null,""2"":null,""3"":null}",991.0,54783.0,991.0,37847.0,991.0,37847.0,842.9076596819432,32190.33437927018,842.9076596819432,0.0,0.0,1023.9575095310574,36174.13694132729,0.17377748420929917,1.0817560741248409,4.0,152.0,0.0,0.0,89.09999999991896,3314.7999999980807,7.950000000000301,92.25000000000064,49.549999999954935,1892.3499999988267,0.0,0.0,0.0,0.0,0.0,0.0,9.910000000000025,378.4699999999999,495.5,18923.5,0.0,6.0,505.40999999999985,19301.970000000005,0.0,0.0,1023.9575095310574,36174.13694132729
55,2020-02-25,2020,True,50.150273224043715,991,991,1006,33033.24203895217,996.8387968766183,5623,25,0.0,0.8303881071833498,0.1667008097286776,0.1816915305341122,0.20242516830728732,0.38395057911250263,0.9652573158425833,0.128735871401592,217357.5957382038,0,False,False,True,"{""0"":null,""1"":null,""2"":null,""3"":null}",991.0,55774.0,991.0,38838.0,991.0,38838.0,842.9076596819905,33033.24203895217,842.9076596819905,0.0,0.0,996.8387968766183,37170.97573820391,0.0,1.0817560741248409,4.0,156.0,0.0,0.0,89.09999999991896,3403.8999999979997,0.0,92.25000000000064,49.549999999954935,1941.8999999987816,0.0,0.0,0.0,0.0,0.0,0.0,9.910000000000025,388.37999999999994,495.5,19419.0,0.0,6.0,505.40999999999985,19807.380000000005,0.0,0.0,996.8387968766183,37170.97573820391
56,2020-02-26,2020,True,50.15300546448088,991,991,1006,33876.149698634166,946.7467046472809,5716,36,0.0,0.8314777327935223,0.17626200780376183,0.18182738116123495,0.20229125219977195,0.38395057911250263,0.9656104944500504,0.15324107743358167,217798.93244285107,0,False,False,True,"{""0"":null,""1"":null,""2"":null,""3"":null}",991.0,56765.0,991.0,39829.0,991.0,39829.0,842.9076596819941,33876.149698634166,842.9076596819941,0.0,0.0,946.7467046472811,38117.72244285119,0.0,1.0817560741248409,4.0,160.0,0.0,0.0,89.09999999991896,3492.9999999979186,0.0,92.25000000000064,49.549999999954935,1991.4499999987365,0.0,0.0,0.0,0.0,0.0,0.0,9.910000000000025,398.28999999999996,495.5,19914.5,0.0,6.0,505.40999999999985,20312.790000000005,0.0,0.0,946.7467046472811,38117.72244285119
57,2020-02-27,2020,True,50.15573770491803,991,991,1006,34719.05735831616,897.0724200684348,5826,41,0.0,0.8243682243539181,0.17723167591443273,0.18136389147507775,0.20134806689539145,0.38395057911250263,0.9657517658930372,0.1757833335295445,218190.5948629195,0,False,False,True,"{""0"":null,""1"":null,""2"":null,""3"":null}",991.0,57756.0,991.0,40820.0,991.0,40820.0,842.9076596819941,34719.05735831616,842.9076596819941,0.0,0.0,897.0724200684344,39014.794862919625,0.0,1.0817560741248409,4.0,164.0,0.0,0.0,89.09999999991896,3582.0999999978376,1.8000000000000682,94.05000000000071,49.549999999954935,2040.9999999986915,0.0,0.0,0.0,0.0,0.0,0.0,9.910000000000025,408.2,495.5,20410.0,0.0,6.0,505.40999999999985,20818.200000000004,0.0,0.0,897.0724200684344,39014.794862919625
58,2020-02-28,2020,True,50.15846994535519,991,991,1006,35561.965017998155,865.6778985239557,5904,40,0.0,0.8063487285767936,0.19910946459126894,0.1808647305665645,0.20059151542617304,0.38395057911250263,0.9653834510595358,0.1965489027614884,218550.86276144345,0,False,False,True,"{""0"":null,""1"":null,""2"":null,""3"":null}",991.0,58747.0,991.0,41811.0,991.0,41811.0,842.9076596819941,35561.965017998155,842.9076596819941,0.0,0.0,865.677898523958,39880.47276144358,0.0,1.0817560741248409,4.0,168.0,0.0,0.0,89.09999999991896,3671.1999999977565,1.950000000000074,96.00000000000078,49.5500000001482,2090.5499999988397,0.0,0.0,0.0,0.0,0.0,0.0,9.910000000000025,418.11,495.5,20905.5,0.0,6.0,505.40999999999985,21323.610000000004,0.0,0.0,865.677898523958,39880.47276144358
59,2020-02-29,2020,False,50.16120218579235,991,0,1006,35561.965017998155,0.0,5099,40,0.0,,,0.18049182544354428,0.19997792206047577,0.38395057911250263,0.9674419778002018,0.12383319602561385,218550.86276144345,0,False,False,True,"{""0"":null,""1"":null,""2"":null,""3"":null}",991.0,59738.0,0.0,41811.0,0.0,41811.0,0.0,35561.965017998155,0.0,0.0,0.0,0.0,39880.47276144358,0.0,1.0817560741248409,0.0,168.0,0.0,0.0,0.0,3671.1999999977565,0.0,96.00000000000078,0.0,2090.5499999988397,0.0,0.0,0.0,0.0,0.0,0.0,0.0,418.11,0.0,20905.5,0.0,6.0,0.0,21323.610000000004,0.0,0.0,0.0,39880.47276144358
60,2020-03-01,2020,False,50.16393442622951,991,0,1006,35561.965017998155,0.0,5099,40,0.0,,,0.18049182544354428,0.19997792206047577,0.38395057911250263,0.9674419778002018,0.07600439171413619,218550.86276144345,0,False,False,True,"{""0"":null,""1"":null,""2"":null,""3"":null}",991.0,60729.0,0.0,41811.0,0.0,41811.0,0.0,35561.965017998155,0.0,0.0,0.0,0.0,39880.47276144358,0.0,1.0817560741248409,0.0,168.0,0.0,0.0,0.0,3671.1999999977565,0.0,96.00000000000078,0.0,2090.5499999988397,0.0,0.0,0.0,0.0,0.0,0.0,0.0,418.11,0.0,20905.5,0.0,6.0,0.0,21323.610000000004,0.0,0.0,0.0,39880.47276144358
61,2020-03-02,2020,True,50.166666666666664,991,991,1006,36404.87267768015,1028.4201416445865,6064,17,0.0,0.8485662805264704,0.15180088438379466,0.18049182544354428,0.1999779220604758,0.38395057911250263,0.9657769929364279,0.10378631962695262,219073.87290308802,0,False,False,True,"{""0"":null,""1"":null,""2"":null,""3"":null}",991.0,61720.0,991.0,42802.0,991.0,42802.0,842.9076596819941,36404.87267768015,842.9076596819941,0.0,0.0,1028.4201416445867,40908.89290308817,0.0,1.0817560741248409,4.0,172.0,0.0,0.0,89.09999999991896,3760.2999999976755,6.000000000000227,102.00000000000101,49.55000000018026,2140.09999999902,0.0,0.0,0.0,0.0,0.0,0.0,9.910000000000025,428.02000000000004,495.5,21401.0,0.0,6.0,505.40999999999985,21829.020000000004,0.0,0.0,1028.4201416445867,40908.89290308817
62,2020-03-03,2020,True,50.169398907103826,990,990,1006,37246.83361582681,988.2406783225086,6133,32,0.0,0.8361641282541621,0.1681831993438444,0.1797243266985797,0.19885025311890175,0.3837024868508675,0.9670050505050506,0.12963403566198162,219557.21358141053,0,False,False,True,"{""0"":null,""1"":null,""2"":null,""3"":null}",990.0,62710.0,990.0,43792.0,990.0,43792.0,841.960938146658,37246.83361582681,841.960938146658,0.0,0.0,988.2406783225088,41897.13358141068,0.0,1.0817560741248409,4.0,176.0,0.0,0.0,88.99999999991905,3849.2999999975946,0.0,102.00000000000101,49.50000000018008,2189.5999999992,0.0,0.0,0.0,0.0,0.0,0.0,9.899999999999977,437.92,495.0,21896.0,0.0,6.0,504.90000000000146,22333.920000000006,0.0,0.0,988.2406783225088,41897.13358141068
63,2020-03-04,2020,True,50.17213114754098,990,990,1006,38088.794553973465,943.3119182759577,6219,45,0.0,0.8394253043511544,0.16095565771616885,0.17953605094620922,0.1983684028526846,0.3837024868508675,0.9673484848484848,0.15383341672045603,219995.6254996865,0,False,False,True,"{""0"":null,""1"":null,""2"":null,""3"":null}",990.0,63700.0,990.0,44782.0,990.0,44782.0,841.960938146658,38088.794553973465,841.960938146658,0.0,0.0,943.3119182759547,42840.44549968663,0.0,1.0817560741248409,4.0,180.0,0.0,0.0,88.99999999991905,3938.2999999975136,0.0,102.00000000000101,49.50000000018008,2239.09999999938,0.0,0.0,0.0,0.0,0.0,0.0,9.899999999999977,447.82,495.0,22391.0,0.0,6.0,504.90000000000146,22838.820000000007,0.0,0.0,943.3119182759547,42840.44549968663
64,2020-03-05,2020,True,50.17486338797814,990,990,1006,38930.75549212012,920.3043994513137,6330,44,0.0,0.8090524368087153,0.18716856547701954,0.178839592197365,0.19701856167693343,0.3837024868508675,0.9673282828282828,0.17613665854624422,220411.0298991378,0,False,False,True,"{""0"":null,""1"":null,""2"":null,""3"":null}",990.0,64690.0,990.0,45772.0,990.0,45772.0,841.960938146658,38930.75549212012,841.960938146658,0.0,0.0,920.3043994513137,43760.74989913795,0.0,1.0817560741248409,4.0,184.0,0.0,0.0,88.99999999991905,4027.2999999974327,2.5500000000000966,104.5500000000011,49.50000000018008,2288.59999999956,0.0,0.0,0.0,0.0,0.0,0.0,9.899999999999977,457.71999999999997,495.0,22886.0,0.0,6.0,504.90000000000146,23343.72000000001,0.0,0.0,920.3043994513137,43760.74989913795
65,2020-03-06,2020,True,50.177595628415304,990,990,1006,39772.71643026678,864.6791175830855,6411,44,0.0,0.8212918934455335,0.18414121419430263,0.17861066791776792,0.19687028889133124,0.3837024868508675,0.9670757575757576,0.19663783070279586,220770.8090167209,0,False,False,True,"{""0"":null,""1"":null,""2"":null,""3"":null}",990.0,65680.0,990.0,46762.0,990.0,46762.0,841.960938146658,39772.71643026678,841.960938146658,0.0,0.0,864.6791175830876,44625.429016721035,0.0,1.0817560741248409,4.0,188.0,0.0,0.0,89.00000000001091,4116.299999997444,2.2500000000000853,106.80000000000119,49.50000000018008,2338.0999999997402,0.0,0.0,0.0,0.0,0.0,0.0,9.899999999999977,467.61999999999995,495.0,23381.0,0.0,6.0,504.90000000000146,23848.62000000001,0.0,0.0,864.6791175830876,44625.429016721035
66,2020-03-07,2020,False,50.18032786885246,990,0,1006,39772.71643026678,0.0,5599,44,0.0,,,0.17813410416002923,0.19620114653136292,0.3837024868508675,0.9691818181818181,0.12338553244415826,220770.8090167209,0,False,False,True,"{""0"":null,""1"":null,""2"":null,""3"":null}",990.0,66670.0,0.0,46762.0,0.0,46762.0,0.0,39772.71643026678,0.0,0.0,0.0,0.0,44625.429016721035,0.0,1.0817560741248409,0.0,188.0,0.0,0.0,0.0,4116.299999997444,0.0,106.80000000000119,0.0,2338.0999999997402,0.0,0.0,0.0,0.0,0.0,0.0,0.0,467.61999999999995,0.0,23381.0,0.0,6.0,0.0,23848.62000000001,0.0,0.0,0.0,44625.429016721035
67,2020-03-08,2020,False,50.18306010928962,990,0,1006,39772.71643026678,0.0,5599,44,0.0,,,0.17813410416002926,0.1962011465313629,0.3837024868508675,0.9691818181818181,0.07543717151523473,220770.8090167209,0,False,False,True,"{""0"":null,""1"":null,""2"":null,""3"":null}",990.0,67660.0,0.0,46762.0,0.0,46762.0,0.0,39772.71643026678,0.0,0.0,0.0,0.0,44625.429016721035,0.0,1.0817560741248409,0.0,188.0,0.0,0.0,0.0,4116.299999997444,0.0,106.80000000000119,0.0,2338.0999999997402,0.0,0.0,0.0,0.0,0.0,0.0,0.0,467.61999999999995,0.0,23381.0,0.0,6.0,0.0,23848.62000000001,0.0,0.0,0.0,44625.429016721035
68,2020-03-09,2020,True,50.185792349726775,990,990,1006,40614.67736841344,1039.799310603465,6569,12,0.0,0.8554650400018227,0.14323794825831623,0.17813410416002926,0.1962011465313629,0.3837024868508675,0.9675909090909091,0.10305274104069778,221305.70832732436,0,False,False,True,"{""0"":null,""1"":null,""2"":null,""3"":null}",990.0,68650.0,990.0,47752.0,990.0,47752.0,841.960938146658,40614.67736841344,841.960938146658,0.0,0.0,1039.7993106034628,45665.2283273245,0.0,1.0817560741248409,4.0,192.0,0.0,0.0,89.00000000032378,4205.299999997767,6.60000000000025,113.40000000000144,49.50000000018008,2387.5999999999203,0.0,0.0,0.0,0.0,0.0,0.0,9.899999999999977,477.5199999999999,495.0,23876.0,0.0,6.0,504.90000000000146,24353.52000000001,0.0,0.0,1039.7993106034628,45665.2283273245
69,2020-03-10,2020,True,50.18852459016394,990,990,1006,41456.6383065601,997.6617209634313,6630,24,0.0,0.8314057165633967,0.1668448100199984,0.17759802241693584,0.1955164726234051,0.3837024868508675,0.9683939393939395,0.12885399565139635,221798.4700482878,0,False,False,True,"{""0"":null,""1"":null,""2"":null,""3"":null}",990.0,69640.0,990.0,48742.0,990.0,48742.0,841.960938146658,41456.6383065601,841.960938146658,0.0,0.0,997.6617209634278,46662.890048287925,0.0,1.0817560741248409,4.0,196.0,0.0,0.0,89.00000000032378,4294.299999998091,0.0,113.40000000000144,49.50000000018008,2437.1000000001004,0.0,0.0,0.0,0.0,0.0,0.0,9.899999999999977,487.4199999999999,495.0,24371.0,0.0,6.0,504.90000000000146,24858.420000000013,0.0,0.0,997.6617209634278,46662.890048287925
70,2020-03-11,2020,True,50.19125683060109,990,990,1006,42298.599244706755,956.2255534258367,6729,42,0.0,0.8363805055539435,0.16978034721628313,0.177478727431295,0.19510084164377964,0.3837024868508675,0.968919191919192,0.15292209299549017,222249.79560171365,0,False,False,True,"{""0"":null,""1"":null,""2"":null,""3"":null}",990.0,70630.0,990.0,49732.0,990.0,49732.0,841.960938146658,42298.599244706755,841.960938146658,0.0,0.0,956.2255534258366,47619.11560171376,0.0,1.0817560741248409,4.0,200.0,0.0,0.0,89.00000000032378,4383.299999998415,0.0,113.40000000000144,49.50000000018008,2486.6000000002805,0.0,0.0,0.0,0.0,0.0,0.0,9.899999999999977,497.3199999999999,495.0,24866.0,0.0,6.0,504.90000000000146,25363.320000000014,0.0,0.0,956.2255534258366,47619.11560171376
71,2020-03-12,2020,True,50.19398907103825,990,990,1006,43140.56018285341,918.930354222242,6825,50,0.11939934694228373,0.828230313917254,0.16498547057012466,0.17701229196562188,0.19427737985360047,0.3837024868508675,0.9689747474747474,0.17512716714888824,222663.8259559359,0,False,False,True,"{""0"":null,""1"":null,""2"":null,""3"":null}",990.0,71620.0,990.0,50722.0,990.0,50722.0,841.960938146658,43140.56018285341,841.960938146658,0.0,0.0,918.9303542222406,48538.045955936,0.11939934694228382,1.2011554210671247,4.0,204.0,0.0,0.0,89.00000000032378,4472.299999998739,1.8000000000000682,115.20000000000151,49.50000000018008,2536.1000000004606,0.0,0.0,0.0,0.0,0.0,0.0,9.899999999999977,507.21999999999986,495.0,25361.0,0.0,6.0,504.90000000000146,25868.220000000016,0.0,0.0,918.9303542222406,48538.045955936
72,2020-03-13,2020,True,50.19672131147541,991,991,1007,43983.49137914277,869.294820160681,6926,54,0.0,0.8214600795701048,0.17519976061348969,0.1764501278956567,0.19261522614068233,0.38350876179065835,0.9684661957618567,0.19560201703028368,223026.7107760966,0,False,False,True,"{""0"":null,""1"":null,""2"":null,""3"":null}",991.0,72611.0,991.0,51713.0,991.0,51713.0,842.9311962893553,43983.49137914277,842.9311962893553,0.0,0.0,869.2948201606778,49407.34077609668,0.0,1.2011554210671247,4.0,208.0,0.0,0.0,89.10000000032414,4561.399999999063,1.8000000000000682,117.00000000000158,49.55000000018026,2585.650000000641,0.0,0.0,0.0,0.0,0.0,0.0,9.910000000000025,517.1299999999999,495.5,25856.5,1.0,7.0,505.40999999999985,26373.630000000016,0.0,0.0,869.2948201606778,49407.34077609668
73,2020-03-14,2020,False,50.19945355191257,992,0,1008,43983.49137914277,0.0,6099,54,0.0,,,0.17614401617320252,0.1915445261984766,0.3837568540522935,0.9700604838709677,0.12184670494291575,223025.7107760966,0,False,False,True,"{""0"":null,""1"":null,""2"":null,""3"":null}",992.0,73603.0,0.0,51713.0,0.0,51713.0,0.0,43983.49137914277,0.0,0.0,0.0,0.0,49407.34077609668,0.0,1.2011554210671247,0.0,208.0,0.0,0.0,0.0,4561.399999999063,0.0,117.00000000000158,0.0,2585.650000000641,0.0,0.0,0.0,0.0,0.0,0.0,0.0,517.1299999999999,0.0,25856.5,1.0,8.0,0.0,26373.630000000016,0.0,0.0,0.0,49407.34077609668
74,2020-03-15,2020,False,50.202185792349724,991,0,1008,43983.49137914277,0.0,6099,54,0.0,,,0.17585889502670857,0.19120300257160605,0.38350876179065835,0.9700302724520685,0.07354494629356273,223025.7107760966,0,False,False,True,"{""0"":null,""1"":null,""2"":null,""3"":null}",991.0,74594.0,0.0,51713.0,0.0,51713.0,0.0,43983.49137914277,0.0,0.0,0.0,0.0,49407.34077609668,0.0,1.2011554210671247,0.0,208.0,0.0,0.0,0.0,4561.399999999063,0.0,117.00000000000158,0.0,2585.650000000641,0.0,0.0,0.0,0.0,0.0,0.0,0.0,517.1299999999999,0.0,25856.5,0.0,8.0,0.0,26373.630000000016,0.0,0.0,0.0,49407.34077609668
75,2020-03-16,2020,True,50.204918032786885,991,991,1008,44826.52114723675,1058.6417065302956,7038,22,0.0,0.870829127340836,0.13513421541140525,0.17585889502670857,0.19120300257160605,0.38350876179065835,0.9673814328960645,0.1013110497801186,223578.94248262688,0,False,False,True,"{""0"":null,""1"":null,""2"":null,""3"":null}",991.0,75585.0,991.0,52704.0,991.0,52704.0,843.0297680939839,44826.52114723675,843.0297680939839,0.0,0.0,1058.6417065302958,50465.982482626976,0.0,1.2011554210671247,4.0,212.0,0.0,0.0,89.10000000032414,4650.499999999387,8.100000000000307,125.10000000000188,49.55000000018026,2635.200000000821,0.0,0.0,0.0,0.0,0.0,0.0,9.909999999999968,527.0399999999998,495.5,26352.0,0.0,8.0,505.40999999999985,26879.040000000015,0.0,0.0,1058.6417065302958,50465.982482626976
76,2020-03-17,2020,True,50.20765027322405,991,991,1008,45669.550915330736,997.276878663884,7129,38,0.0,0.8254114302126435,0.1669794448829644,0.17548981293966137,0.19077753520563218,0.38350876179065835,0.9681886982845611,0.12716329938893797,224070.80936129077,0,False,False,True,"{""0"":null,""1"":null,""2"":null,""3"":null}",991.0,76576.0,991.0,53695.0,991.0,53695.0,843.0297680939839,45669.550915330736,843.0297680939839,0.0,0.0,997.2768786638844,51463.25936129086,0.0,1.2011554210671247,4.0,216.0,0.0,0.0,89.10000000032414,4739.599999999711,0.0,125.10000000000188,49.55000000018026,2684.7500000010014,0.0,0.0,0.0,0.0,0.0,0.0,9.909999999999968,536.9499999999998,495.5,26847.5,0.0,8.0,505.40999999999985,27384.450000000015,0.0,0.0,997.2768786638844,51463.25936129086
77,2020-03-18,2020,True,50.2103825136612,991,991,1008,46512.58068342472,938.7212160978241,7220,53,0.0,0.838508104863927,0.1780841102015923,0.1756760783398056,0.1908150163313009,0.38350876179065835,0.9686377396569121,0.15128652651160543,224504.1205773886,0,False,False,True,"{""0"":null,""1"":null,""2"":null,""3"":null}",991.0,77567.0,991.0,54686.0,991.0,54686.0,843.0297680939839,46512.58068342472,843.0297680939839,0.0,0.0,938.7212160978233,52401.980577388684,0.0,1.2011554210671247,4.0,220.0,0.0,0.0,89.10000000032414,4828.700000000035,0.0,125.10000000000188,49.55000000018026,2734.3000000011816,0.0,0.0,0.0,0.0,0.0,0.0,9.909999999999968,546.8599999999998,495.5,27343.0,0.0,8.0,505.40999999999985,27889.860000000015,0.0,0.0,938.7212160978233,52401.980577388684
78,2020-03-19,2020,True,50.21311475409836,991,991,1008,47355.6104515187,933.3415329250049,7362,45,0.0,0.8162856592246215,0.1783915012574542,0.17506597043649058,0.18969958934584358,0.38350876179065835,0.9694399596367306,0.17359952803514772,224932.05211031358,0,False,False,True,"{""0"":null,""1"":null,""2"":null,""3"":null}",991.0,78558.0,991.0,55677.0,991.0,55677.0,843.0297680939839,47355.6104515187,843.0297680939839,0.0,0.0,933.3415329250056,53335.32211031369,0.0,1.2011554210671247,4.0,224.0,0.0,0.0,89.10000000032414,4917.800000000359,3.300000000000111,128.400000000002,49.55000000018026,2783.850000001362,0.0,0.0,0.0,0.0,0.0,0.0,9.909999999999968,556.7699999999998,495.5,27838.5,0.0,8.0,505.40999999999985,28395.270000000015,0.0,0.0,933.3415329250056,53335.32211031369
79,2020-03-20,2020,True,50.21584699453552,991,991,1008,48198.64021961269,893.3800472572187,7430,49,0.0,0.7992537629630574,0.19250406391330935,0.1744862831519998,0.18928828476361179,0.38350876179065835,0.969556004036327,0.19414896649872138,225320.0221575708,0,False,False,True,"{""0"":null,""1"":null,""2"":null,""3"":null}",991.0,79549.0,991.0,56668.0,991.0,56668.0,843.0297680939839,48198.64021961269,843.0297680939839,0.0,0.0,893.3800472572184,54228.70215757091,0.0,1.2011554210671247,4.0,228.0,0.0,0.0,89.10000000032414,5006.900000000684,2.400000000000091,130.8000000000021,49.55000000018026,2833.400000001542,0.0,0.0,0.0,0.0,0.0,0.0,9.909999999999968,566.6799999999997,495.5,28334.0,0.0,8.0,505.40999999999985,28900.680000000015,0.0,0.0,893.3800472572184,54228.70215757091
80,2020-03-21,2020,False,50.21857923497268,992,0,1009,48198.64021961269,0.0,6599,49,0.0,,,0.174502166972231,0.18804006569718248,0.38344293206533553,0.9711441532258065,0.11993987351455579,225319.0221575708,0,False,False,True,"{""0"":null,""1"":null,""2"":null,""3"":null}",992.0,80541.0,0.0,56668.0,0.0,56668.0,0.0,48198.64021961269,0.0,0.0,0.0,0.0,54228.70215757091,0.0,1.2011554210671247,0.0,228.0,0.0,0.0,0.0,5006.900000000684,0.0,130.8000000000021,0.0,2833.400000001542,0.0,0.0,0.0,0.0,0.0,0.0,0.0,566.6799999999997,0.0,28334.0,1.0,9.0,0.0,28900.680000000015,0.0,0.0,0.0,54228.70215757091
81,2020-03-22,2020,False,50.221311475409834,991,0,1009,48198.64021961269,0.0,6599,49,0.0,,,0.17468818512316933,0.18810915773934608,0.3836366571255447,0.9711150353178607,0.071338936991879,225319.0221575708,0,False,False,True,"{""0"":null,""1"":null,""2"":null,""3"":null}",991.0,81532.0,0.0,56668.0,0.0,56668.0,0.0,48198.64021961269,0.0,0.0,0.0,0.0,54228.70215757091,0.0,1.2011554210671247,0.0,228.0,0.0,0.0,0.0,5006.900000000684,0.0,130.8000000000021,0.0,2833.400000001542,0.0,0.0,0.0,0.0,0.0,0.0,0.0,566.6799999999997,0.0,28334.0,0.0,9.0,0.0,28900.680000000015,0.0,0.0,0.0,54228.70215757091
82,2020-03-23,2020,True,50.224043715846996,990,990,1009,49040.78049358663,1077.2249519840911,7559,23,0.0,0.8504812962051207,0.15269771342116767,0.17464859003789046,0.18816475190754986,0.3837024868508675,0.9691818181818181,0.09934337291995958,225891.34710955492,0,False,False,True,"{""0"":null,""1"":null,""2"":null,""3"":null}",990.0,82522.0,990.0,57658.0,990.0,57658.0,842.1402739739424,49040.78049358663,842.1402739739424,0.0,0.0,1077.2249519840916,55305.927109555,0.0,1.2011554210671247,4.0,232.0,0.0,0.0,89.00000000032378,5095.900000001007,7.3500000000002785,138.15000000000236,49.50000000018008,2882.900000001722,0.0,0.0,0.0,0.0,0.0,0.0,9.899999999999977,576.5799999999997,495.0,28829.0,0.0,9.0,504.90000000000146,29405.580000000016,0.0,0.0,1077.2249519840916,55305.927109555
83,2020-03-24,2020,True,50.22677595628415,990,990,1009,49882.92076756057,1023.3450029308611,7606,42,0.0,0.8545260622149485,0.1431540293859388,0.1744416912757951,0.18804811718728548,0.3837024868508675,0.9691414141414142,0.12545116396667083,226409.7921124858,0,False,False,True,"{""0"":null,""1"":null,""2"":null,""3"":null}",990.0,83512.0,990.0,58648.0,990.0,58648.0,842.1402739739424,49882.92076756057,842.1402739739424,0.0,0.0,1023.3450029308588,56329.27211248586,0.0,1.2011554210671247,4.0,236.0,0.0,0.0,89.00000000032378,5184.900000001331,0.0,138.15000000000236,49.50000000018008,2932.4000000019023,0.0,0.0,0.0,0.0,0.0,0.0,9.899999999999977,586.4799999999997,495.0,29324.0,0.0,9.0,504.90000000000146,29910.480000000018,0.0,0.0,1023.3450029308588,56329.27211248586
84,2020-03-25,2020,True,50.22950819672131,990,990,1009,50725.061041534515,973.8720188374391,7738,58,0.3445444345211166,0.8424619051032839,0.1563159509509323,0.1741627431521186,0.18758448534816122,0.3837024868508675,0.9696161616161616,0.14971728948742075,226878.76413132323,0,False,False,True,"{""0"":null,""1"":null,""2"":null,""3"":null}",990.0,84502.0,990.0,59638.0,990.0,59638.0,842.1402739739424,50725.061041534515,842.1402739739424,0.0,0.0,973.8720188374355,57303.14413132329,0.3445444345211166,1.5456998555882413,4.0,240.0,0.0,0.0,89.00000000032378,5273.900000001655,0.0,138.15000000000236,49.50000000018008,2981.9000000020824,0.0,0.0,0.0,0.0,0.0,0.0,9.899999999999977,596.3799999999997,495.0,29819.0,0.0,9.0,504.90000000000146,30415.38000000002,0.0,0.0,973.8720188374355,57303.14413132329
85,2020-03-26,2020,True,50.23224043715847,990,990,1009,51567.20131550846,924.3045927202472,7850,49,0.0,0.842359739959721,0.13724487075447336,0.17392076188485278,0.18717896933143852,0.3837024868508675,0.9700606060606061,0.17229969736274986,227298.16872404347,0,False,False,True,"{""0"":null,""1"":null,""2"":null,""3"":null}",990.0,85492.0,990.0,60628.0,990.0,60628.0,842.1402739739424,51567.20131550846,842.1402739739424,0.0,0.0,924.3045927202475,58227.44872404354,0.0,1.5456998555882413,4.0,244.0,0.0,0.0,89.00000000032378,5362.900000001979,3.4500000000001307,141.6000000000025,49.50000000018008,3031.4000000022625,0.0,0.0,0.0,0.0,0.0,0.0,9.899999999999977,606.2799999999996,495.0,30314.0,0.0,9.0,504.90000000000146,30920.28000000002,0.0,0.0,924.3045927202475,58227.44872404354
86,2020-03-27,2020,True,50.23497267759563,991,991,1010,52410.109782636806,877.9709949330066,7934,53,0.0,0.828487435185273,0.18056743366129208,0.17362004089501187,0.18630301379274866,0.3836366571255447,0.9698133198789102,0.19305102958988907,227669.72971897648,0,False,False,True,"{""0"":null,""1"":null,""2"":null,""3"":null}",991.0,86483.0,991.0,61619.0,991.0,61619.0,842.908467128349,52410.109782636806,842.908467128349,0.0,0.0,877.9709949330063,59105.41971897655,0.0,1.5456998555882413,4.0,248.0,0.0,0.0,89.10000000032414,5452.000000002303,2.850000000000108,144.4500000000026,49.55000000018026,3080.9500000024427,0.0,0.0,0.0,0.0,0.0,0.0,9.909999999999968,616.1899999999996,495.5,30809.5,1.0,10.0,505.40999999999985,31425.69000000002,0.0,0.0,877.9709949330063,59105.41971897655
87,2020-03-28,2020,False,50.23770491803279,991,0,1010,52410.109782636806,0.0,7099,53,0.0,,,0.17297826062253024,0.18569351910437482,0.3836366571255447,0.9712361251261352,0.11877969021110205,227669.72971897648,0,False,False,True,"{""0"":null,""1"":null,""2"":null,""3"":null}",991.0,87474.0,0.0,61619.0,0.0,61619.0,0.0,52410.109782636806,0.0,0.0,0.0,0.0,59105.41971897655,0.0,1.5456998555882413,0.0,248.0,0.0,0.0,0.0,5452.000000002303,0.0,144.4500000000026,0.0,3080.9500000024427,0.0,0.0,0.0,0.0,0.0,0.0,0.0,616.1899999999996,0.0,30809.5,0.0,10.0,0.0,31425.69000000002,0.0,0.0,0.0,59105.41971897655
88,2020-03-29,2020,False,50.240437158469945,990,0,1010,52410.109782636806,0.0,7099,53,0.0,,,0.1727967219169486,0.18545606781532495,0.38338856486390954,0.9712070707070707,0.06991211704665506,227669.72971897648,0,False,False,True,"{""0"":null,""1"":null,""2"":null,""3"":null}",990.0,88464.0,0.0,61619.0,0.0,61619.0,0.0,52410.109782636806,0.0,0.0,0.0,0.0,59105.41971897655,0.0,1.5456998555882413,0.0,248.0,0.0,0.0,0.0,5452.000000002303,0.0,144.4500000000026,0.0,3080.9500000024427,0.0,0.0,0.0,0.0,0.0,0.0,0.0,616.1899999999996,0.0,30809.5,0.0,10.0,0.0,31425.69000000002,0.0,0.0,0.0,59105.41971897655
89,2020-03-30,2020,True,50.243169398907106,990,990,1010,53252.21160154355,1104.9165166136586,8065,15,0.03967729567112763,0.8596167715709415,0.1255697755960729,0.1727967219169486,0.18545606781532495,0.38338856486390954,0.9693131313131313,0.09810010762341156,228269.74623559014,0,False,False,True,"{""0"":null,""1"":null,""2"":null,""3"":null}",990.0,89454.0,990.0,62609.0,990.0,62609.0,842.1018189067472,53252.21160154355,842.1018189067472,0.0,0.0,1104.916516613659,60210.336235590206,0.039677295671127544,1.5853771512593688,4.0,252.0,0.0,0.0,89.00000000032378,5541.000000002627,7.950000000000301,152.4000000000029,49.50000000018008,3130.450000002623,0.0,0.0,0.0,0.0,0.0,0.0,9.899999999999977,626.0899999999996,495.0,31304.5,0.0,10.0,504.90000000000146,31930.590000000022,0.0,0.0,1104.916516613659,60210.336235590206
90,2020-03-31,2020,True,50.24590163934426,990,990,1010,54094.3134204503,1002.3800172646197,8123,27,0.0,0.8404143718856544,0.1525800607760636,0.17266301258955746,0.18499799440564105,0.38338856486390954,0.9697424242424242,0.1244896046403279,228767.22625285477,0,False,False,True,"{""0"":null,""1"":null,""2"":null,""3"":null}",990.0,90444.0,990.0,63599.0,990.0,63599.0,842.1018189067472,54094.3134204503,842.1018189067472,0.0,0.0,1002.3800172646224,61212.71625285483,0.0,1.5853771512593688,4.0,256.0,0.0,0.0,89.00000000032378,5630.00000000295,0.0,152.4000000000029,49.50000000018008,3179.950000002803,0.0,0.0,0.0,0.0,0.0,0.0,9.899999999999977,635.9899999999996,495.0,31799.5,0.0,10.0,504.90000000000146,32435.490000000023,0.0,0.0,1002.3800172646224,61212.71625285483
91,2020-04-01,2020,True,50.24863387978142,990,990,1010,54936.41523935705,865.5396372153805,8211,41,0.03841513562297906,0.8403570023603462,0.15900245441795233,0.17268440264396162,0.18479347439950766,0.38338856486390954,0.9697020202020202,0.14890427513682805,229127.86589007016,0,False,False,True,"{""0"":null,""1"":null,""2"":null,""3"":null}",990.0,91434.0,990.0,64589.0,990.0,64589.0,842.1018189067472,54936.41523935705,842.1018189067472,0.0,0.0,865.5396372153773,62078.255890070206,0.03841513562297916,1.623792286882348,4.0,260.0,0.0,0.0,89.00000000032378,5719.000000003274,0.0,152.4000000000029,49.50000000018008,3229.450000002983,0.0,0.0,0.0,0.0,0.0,0.0,9.899999999999977,645.8899999999995,495.0,32294.5,0.0,10.0,504.8999999999978,32940.39000000002,0.0,0.0,865.5396372153773,62078.255890070206
92,2020-04-02,2020,True,50.25136612021858,992,992,1012,55780.09026244923,876.2663577123158,8338,44,0.20303646885734342,0.8326315743580303,0.17830782059259628,0.17241978185670026,0.1831291761483261,0.3836472553202913,0.9692389112903226,0.17131871798837825,229496.21224778245,0,False,False,True,"{""0"":null,""1"":null,""2"":null,""3"":null}",992.0,92426.0,992.0,65581.0,992.0,65581.0,843.6750230921825,55780.09026244923,843.6750230921825,0.0,0.0,876.2663577123167,62954.52224778252,0.2030364688573434,1.8268287557396914,4.0,264.0,0.0,0.0,89.20000000032451,5808.200000003599,2.2500000000000853,154.650000000003,49.600000000180444,3279.0500000031634,0.0,0.0,0.0,0.0,0.0,0.0,9.919999999999959,655.8099999999995,496.0,32790.5,2.0,12.0,505.91999999999825,33446.31000000002,0.0,0.0,876.2663577123167,62954.52224778252
93,2020-04-03,2020,True,50.25409836065574,992,992,1012,56623.76528554141,806.657231822446,8438,48,0.0,0.8406716030899096,0.1528156129851003,0.17175772538410536,0.1824150029870476,0.3836472553202913,0.9695816532258065,0.19213376933090015,229796.94947960487,0,False,False,True,"{""0"":null,""1"":null,""2"":null,""3"":null}",992.0,93418.0,992.0,66573.0,992.0,66573.0,843.6750230921825,56623.76528554141,843.6750230921825,0.0,0.0,806.6572318224426,63761.179479604965,0.0,1.8268287557396914,4.0,268.0,0.0,0.0,89.20000000032451,5897.400000003923,1.8000000000000682,156.45000000000306,49.600000000180444,3328.650000003344,0.0,0.0,0.0,0.0,0.0,0.0,9.919999999999959,665.7299999999994,496.0,33286.5,0.0,12.0,505.91999999999825,33952.23000000002,0.0,0.0,806.6572318224426,63761.179479604965
94,2020-04-04,2020,False,50.256830601092894,992,0,1012,56623.76528554141,0.0,7599,48,0.0,,,0.17182557422730288,0.18213126697983292,0.3836472553202913,0.971335685483871,0.1176658980219495,229796.94947960487,0,False,False,True,"{""0"":null,""1"":null,""2"":null,""3"":null}",992.0,94410.0,0.0,66573.0,0.0,66573.0,0.0,56623.76528554141,0.0,0.0,0.0,0.0,63761.179479604965,0.0,1.8268287557396914,0.0,268.0,0.0,0.0,0.0,5897.400000003923,0.0,156.45000000000306,0.0,3328.650000003344,0.0,0.0,0.0,0.0,0.0,0.0,0.0,665.7299999999994,0.0,33286.5,0.0,12.0,0.0,33952.23000000002,0.0,0.0,0.0,63761.179479604965
95,2020-04-05,2020,False,50.259562841530055,992,0,1012,56623.76528554141,0.0,7599,48,0.0,,,0.17182557422730288,0.1821312669798329,0.3836472553202913,0.971335685483871,0.06872911724248153,229796.94947960487,0,False,False,True,"{""0"":null,""1"":null,""2"":null,""3"":null}",992.0,95402.0,0.0,66573.0,0.0,66573.0,0.0,56623.76528554141,0.0,0.0,0.0,0.0,63761.179479604965,0.0,1.8268287557396914,0.0,268.0,0.0,0.0,0.0,5897.400000003923,0.0,156.45000000000306,0.0,3328.650000003344,0.0,0.0,0.0,0.0,0.0,0.0,0.0,665.7299999999994,0.0,33286.5,0.0,12.0,0.0,33952.23000000002,0.0,0.0,0.0,63761.179479604965
96,2020-04-06,2020,True,50.26229508196721,992,992,1012,57467.440308633595,970.2556165272567,8567,18,0.0,0.855808961325254,0.14602494257575824,0.17182557422730288,0.1821312669798329,0.3836472553202913,0.9696320564516129,0.09705906457388878,230261.2850961321,0,False,False,True,"{""0"":null,""1"":null,""2"":null,""3"":null}",992.0,96394.0,992.0,67565.0,992.0,67565.0,843.6750230921825,57467.440308633595,843.6750230921825,0.0,0.0,970.2556165272545,64731.43509613222,0.0,1.8268287557396914,4.0,272.0,0.0,0.0,89.20000000032451,5986.600000004248,7.200000000000273,163.65000000000333,49.600000000180444,3378.2500000035243,0.0,0.0,0.0,0.0,0.0,0.0,9.919999999999959,675.6499999999994,496.0,33782.5,0.0,12.0,505.91999999999825,34458.150000000016,0.0,0.0,970.2556165272545,64731.43509613222
97,2020-04-07,2020,True,50.26502732240437,992,992,1012,58311.11533172578,925.3349317955551,8620,30,0.0,0.8518012234388777,0.1297753753417,0.17156257282010623,0.1818018623236196,0.3836472553202913,0.9700907258064516,0.12347034251457187,230680.70002792764,0,False,False,True,"{""0"":null,""1"":null,""2"":null,""3"":null}",992.0,97386.0,992.0,68557.0,992.0,68557.0,843.6750230921825,58311.11533172578,843.6750230921825,0.0,0.0,925.3349317955581,65656.77002792778,0.0,1.8268287557396914,4.0,276.0,0.0,0.0,89.20000000032451,6075.800000004572,0.0,163.65000000000333,49.600000000180444,3427.8500000037047,0.0,0.0,0.0,0.0,0.0,0.0,9.919999999999959,685.5699999999994,496.0,34278.5,0.0,12.0,505.91999999999825,34964.070000000014,0.0,0.0,925.3349317955581,65656.77002792778
98,2020-04-08,2020,True,50.26775956284153,992,992,1012,59154.79035481796,901.2528604225828,8709,43,0.0,0.8467445103648236,0.15595045309425987,0.1714963394741626,0.18160702299799455,0.3836472553202913,0.9695917338709678,0.1479490581355848,231076.03288835022,0,False,False,True,"{""0"":null,""1"":null,""2"":null,""3"":null}",992.0,98378.0,992.0,69549.0,992.0,69549.0,843.6750230921825,59154.79035481796,843.6750230921825,0.0,0.0,901.2528604225809,66558.02288835036,0.0,1.8268287557396914,4.0,280.0,0.0,0.0,89.20000000032451,6165.000000004897,0.0,163.65000000000333,49.600000000180444,3477.450000003885,0.0,0.0,0.0,0.0,0.0,0.0,9.919999999999959,695.4899999999993,496.0,34774.5,0.0,12.0,505.91999999999825,35469.99000000001,0.0,0.0,901.2528604225809,66558.02288835036
99,2020-04-09,2020,True,50.27049180327869,992,992,1012,59998.46537791014,874.1560589265084,8848,42,0.0,0.824607542747718,0.17051134563920622,0.1712410195073608,0.1811885183187266,0.3836472553202913,0.9696774193548386,0.1705746406208681,231444.26894727672,0,False,False,True,"{""0"":null,""1"":null,""2"":null,""3"":null}",992.0,99370.0,992.0,70541.0,992.0,70541.0,843.6750230921825,59998.46537791014,843.6750230921825,0.0,0.0,874.1560589265137,67432.17894727687,0.0,1.8268287557396914,4.0,284.0,0.0,0.0,89.20000000032451,6254.200000005221,2.7000000000001023,166.35000000000343,49.600000000180444,3527.0500000040656,0.0,0.0,0.0,0.0,0.0,0.0,9.919999999999959,705.4099999999993,496.0,35270.5,0.0,12.0,505.91999999999825,35975.91000000001,0.0,0.0,874.1560589265137,67432.17894727687
100,2020-04-10,2020,True,50.27322404371585,993,993,1013,60842.993337423264,817.2978242518208,8947,43,0.0,0.8096684930921282,0.17830456302596612,0.1711011307185209,0.18024350589345156,0.38389534758192645,0.9699395770392749,0.19143266345560792,231754.13677152855,0,False,False,True,"{""0"":null,""1"":null,""2"":null,""3"":null}",993.0,100363.0,993.0,71534.0,993.0,71534.0,844.5279595131215,60842.993337423264,844.5279595131215,0.0,0.0,817.2978242518147,68249.47677152869,0.0,1.8268287557396914,4.0,288.0,0.0,0.0,89.30000000032487,6343.500000005546,1.8000000000000682,168.1500000000035,49.650000000180626,3576.7000000042462,0.0,0.0,0.0,0.0,0.0,0.0,9.92999999999995,715.3399999999992,496.5,35767.0,1.0,13.0,506.4300000000003,36482.34000000001,0.0,0.0,817.2978242518147,68249.47677152869
101,2020-04-11,2020,False,50.275956284153004,993,0,1013,60842.993337423264,0.0,8099,43,0.0,,,0.1708573376125476,0.18013854981458505,0.38389534758192645,0.9716515609264854,0.11690128466506727,231754.13677152855,0,False,False,True,"{""0"":null,""1"":null,""2"":null,""3"":null}",993.0,101356.0,0.0,71534.0,0.0,71534.0,0.0,60842.993337423264,0.0,0.0,0.0,0.0,68249.47677152869,0.0,1.8268287557396914,0.0,288.0,0.0,0.0,0.0,6343.500000005546,0.0,168.1500000000035,0.0,3576.7000000042462,0.0,0.0,0.0,0.0,0.0,0.0,0.0,715.3399999999992,0.0,35767.0,0.0,13.0,0.0,36482.34000000001,0.0,0.0,0.0,68249.47677152869
102,2020-04-12,2020,False,50.278688524590166,993,0,1013,60842.993337423264,0.0,8099,43,0.0,,,0.1708573376125476,0.18013854981458507,0.38389534758192645,0.9716515609264854,0.06777803487846276,231754.13677152855,0,False,False,True,"{""0"":null,""1"":null,""2"":null,""3"":null}",993.0,102349.0,0.0,71534.0,0.0,71534.0,0.0,60842.993337423264,0.0,0.0,0.0,0.0,68249.47677152869,0.0,1.8268287557396914,0.0,288.0,0.0,0.0,0.0,6343.500000005546,0.0,168.1500000000035,0.0,3576.7000000042462,0.0,0.0,0.0,0.0,0.0,0.0,0.0,715.3399999999992,0.0,35767.0,0.0,13.0,0.0,36482.34000000001,0.0,0.0,0.0,68249.47677152869
103,2020-04-13,2020,True,50.28142076502732,993,993,1013,61687.521296936386,988.0139668426822,9054,14,0.0,0.8378947912585434,0.157449340235341,0.1708573376125476,0.18013854981458507,0.38389534758192645,0.9697129909365558,0.09625386082533521,232235.72073837122,0,False,False,True,"{""0"":null,""1"":null,""2"":null,""3"":null}",993.0,103342.0,993.0,72527.0,993.0,72527.0,844.5279595131215,61687.521296936386,844.5279595131215,0.0,0.0,988.0139668426855,69237.49073837137,0.0,1.8268287557396914,4.0,292.0,0.0,0.0,89.30000000032487,6432.800000005871,6.450000000000244,174.60000000000375,49.650000000180626,3626.350000004427,0.0,0.0,0.0,0.0,0.0,0.0,9.92999999999995,725.2699999999992,496.5,36263.5,0.0,13.0,506.4300000000003,36988.77000000001,0.0,0.0,988.0139668426855,69237.49073837137
104,2020-04-14,2020,True,50.28415300546448,993,993,1013,62532.04925644951,932.4069102354422,9114,27,0.0,0.8509104329030894,0.14486662052834934,0.17085016399434175,0.17997231591558385,0.38389534758192645,0.969551863041289,0.12284189536979957,232661.69764860667,0,False,False,True,"{""0"":null,""1"":null,""2"":null,""3"":null}",993.0,104335.0,993.0,73520.0,993.0,73520.0,844.5279595131215,62532.04925644951,844.5279595131215,0.0,0.0,932.4069102354406,70169.89764860681,0.0,1.8268287557396914,4.0,296.0,0.0,0.0,89.30000000032487,6522.100000006196,0.0,174.60000000000375,49.650000000180626,3676.0000000046075,0.0,0.0,0.0,0.0,0.0,0.0,9.92999999999995,735.1999999999991,496.5,36760.0,0.0,13.0,506.4300000000003,37495.20000000001,0.0,0.0,932.4069102354406,70169.89764860681
105,2020-04-15,2020,True,50.28688524590164,992,992,1013,63375.60601563459,887.6811404038965,9189,53,0.0,0.8356543583239842,0.1560561032267685,0.17058344109949314,0.1797278153424105,0.38396117730724927,0.9686542338709677,0.1472072525500479,233043.45878901056,0,False,False,True,"{""0"":null,""1"":null,""2"":null,""3"":null}",992.0,105327.0,992.0,74512.0,992.0,74512.0,843.556759185085,63375.60601563459,843.556759185085,0.0,0.0,887.6811404039036,71057.57878901072,0.0,1.8268287557396914,4.0,300.0,0.0,0.0,89.20000000032451,6611.30000000652,0.0,174.60000000000375,49.600000000180444,3725.600000004788,0.0,0.0,0.0,0.0,0.0,0.0,9.919999999999959,745.1199999999991,496.0,37256.0,0.0,13.0,505.91999999999825,38001.12000000001,0.0,0.0,887.6811404039036,71057.57878901072
106,2020-04-16,2020,True,50.2896174863388,992,992,1013,64219.16277481968,857.5891264512069,9335,49,0.0,0.8498081394403525,0.15349518046743754,0.17022424715253134,0.17978020745136306,0.38396117730724927,0.9686491935483871,0.16992917345557537,233395.12791546175,0,False,False,True,"{""0"":null,""1"":null,""2"":null,""3"":null}",992.0,106319.0,992.0,75504.0,992.0,75504.0,843.556759185085,64219.16277481968,843.556759185085,0.0,0.0,857.5891264512029,71915.16791546192,0.0,1.8268287557396914,4.0,304.0,0.0,0.0,89.20000000032451,6700.500000006845,2.1000000000000796,176.70000000000383,49.600000000180444,3775.2000000049684,0.0,0.0,0.0,0.0,0.0,0.0,9.919999999999959,755.039999999999,496.0,37752.0,0.0,13.0,505.91999999999825,38507.04000000001,0.0,0.0,857.5891264512029,71915.16791546192
107,2020-04-17,2020,True,50.29234972677595,990,990,1013,65060.95523772346,810.1017491903518,9424,54,0.0,0.836296405132726,0.16832706766917294,0.16995501600353058,0.17927048982704347,0.383939980917756,0.9685757575757575,0.19028927504634813,233700.32966465212,0,False,False,True,"{""0"":null,""1"":null,""2"":null,""3"":null}",990.0,107309.0,990.0,76494.0,990.0,76494.0,841.7924629037807,65060.95523772346,841.7924629037807,0.0,0.0,810.1017491903476,72725.26966465227,0.0,1.8268287557396914,4.0,308.0,0.0,0.0,89.00000000032378,6789.500000007169,1.950000000000074,178.6500000000039,49.50000000018008,3824.7000000051485,0.0,0.0,0.0,0.0,0.0,0.0,9.899999999999977,764.939999999999,495.0,38247.0,0.0,13.0,504.90000000000146,39011.94000000001,0.0,0.0,810.1017491903476,72725.26966465227
108,2020-04-18,2020,False,50.295081967213115,990,0,1013,65060.95523772346,0.0,8599,54,0.0,,,0.16976711804998712,0.1789374997993382,0.383939980917756,0.9704444444444444,0.11590378412562984,233700.32966465212,0,False,False,True,"{""0"":null,""1"":null,""2"":null,""3"":null}",990.0,108299.0,0.0,76494.0,0.0,76494.0,0.0,65060.95523772346,0.0,0.0,0.0,0.0,72725.26966465227,0.0,1.8268287557396914,0.0,308.0,0.0,0.0,0.0,6789.500000007169,0.0,178.6500000000039,0.0,3824.7000000051485,0.0,0.0,0.0,0.0,0.0,0.0,0.0,764.939999999999,0.0,38247.0,0.0,13.0,0.0,39011.94000000001,0.0,0.0,0.0,72725.26966465227
109,2020-04-19,2020,False,50.297814207650276,990,0,1013,65060.95523772346,0.0,8599,54,0.0,,,0.16976711804998715,0.1789374997993382,0.383939980917756,0.9704444444444444,0.0668614289964526,233700.32966465212,0,False,False,True,"{""0"":null,""1"":null,""2"":null,""3"":null}",990.0,109289.0,0.0,76494.0,0.0,76494.0,0.0,65060.95523772346,0.0,0.0,0.0,0.0,72725.26966465227,0.0,1.8268287557396914,0.0,308.0,0.0,0.0,0.0,6789.500000007169,0.0,178.6500000000039,0.0,3824.7000000051485,0.0,0.0,0.0,0.0,0.0,0.0,0.0,764.939999999999,0.0,38247.0,0.0,13.0,0.0,39011.94000000001,0.0,0.0,0.0,72725.26966465227
110,2020-04-20,2020,True,50.30054644808743,990,990,1013,65902.74770062706,1022.4085960153215,9561,21,0.0,0.8535360956019199,0.14547850604772802,0.16976711804998712,0.1789374997993382,0.383939980917756,0.9684343434343434,0.09533616929085727,234217.83826066746,0,False,False,True,"{""0"":null,""1"":null,""2"":null,""3"":null}",990.0,110279.0,990.0,77484.0,990.0,77484.0,841.7924629036061,65902.74770062706,841.7924629036061,0.0,0.0,1022.408596015317,73747.67826066758,0.0,1.8268287557396914,4.0,312.0,0.0,0.0,89.00000000032378,6878.500000007492,8.100000000000307,186.7500000000042,49.50000000018008,3874.2000000053285,0.0,0.0,0.0,0.0,0.0,0.0,9.899999999999977,774.839999999999,495.0,38742.0,0.0,13.0,504.90000000000146,39516.84000000001,0.0,0.0,1022.408596015317,73747.67826066758
111,2020-04-21,2020,True,50.30327868852459,990,990,1013,66744.54016353078,943.6250343681559,9610,36,0.0894146396365008,0.8464834949554315,0.15176382337832156,0.169878754340226,0.17907849399327147,0.383939980917756,0.9686414141414141,0.12185541653716019,234656.56329503562,0,False,False,True,"{""0"":null,""1"":null,""2"":null,""3"":null}",990.0,111269.0,990.0,78474.0,990.0,78474.0,841.7924629037152,66744.54016353078,841.7924629037152,0.0,0.0,943.6250343681604,74691.30329503574,0.08941463963650076,1.9162433953761921,4.0,316.0,0.0,0.0,89.00000000032378,6967.500000007816,0.0,186.7500000000042,49.50000000018008,3923.7000000055086,0.0,0.0,0.0,0.0,0.0,0.0,9.899999999999977,784.739999999999,495.0,39237.0,0.0,13.0,504.90000000000146,40021.74000000001,0.0,0.0,943.6250343681604,74691.30329503574
112,2020-04-22,2020,True,50.30601092896175,990,990,1013,67586.3326264345,917.0902542940569,9717,50,0.06004145315878004,0.8282030561269468,0.17455459300424975,0.16971198416059505,0.17889732315211448,0.383939980917756,0.968570707070707,0.14650432357603654,235068.75354932967,0,False,False,True,"{""0"":null,""1"":null,""2"":null,""3"":null}",990.0,112259.0,990.0,79464.0,990.0,79464.0,841.7924629037152,67586.3326264345,841.7924629037152,0.0,0.0,917.0902542940603,75608.3935493298,0.06004145315878007,1.9762848485349722,4.0,320.0,0.0,0.0,89.00000000032378,7056.50000000814,0.0,186.7500000000042,49.50000000018008,3973.2000000056887,0.0,0.0,0.0,0.0,0.0,0.0,9.899999999999977,794.639999999999,495.0,39732.0,0.0,13.0,504.90000000000146,40526.640000000014,0.0,0.0,917.0902542940603,75608.3935493298
113,2020-04-23,2020,True,50.30874316939891,990,990,1013,68428.12508933821,864.3923531434008,9824,43,0.1729182683156597,0.8232931726907631,0.16905559706720216,0.1693696101087079,0.17863153278777535,0.383939980917756,0.9682323232323232,0.1692643350939818,235428.24590247308,0,False,False,True,"{""0"":null,""1"":null,""2"":null,""3"":null}",990.0,113249.0,990.0,80454.0,990.0,80454.0,841.7924629037152,68428.12508933821,841.7924629037152,0.0,0.0,864.3923531433975,76472.7859024732,0.1729182683156596,2.149203116850632,4.0,324.0,0.0,0.0,89.00000000032378,7145.500000008464,3.1500000000001194,189.90000000000433,49.50000000018008,4022.700000005869,0.0,0.0,0.0,0.0,0.0,0.0,9.899999999999977,804.5399999999989,495.0,40227.0,0.0,13.0,504.90000000000146,41031.540000000015,0.0,0.0,864.3923531433975,76472.7859024732
114,2020-04-24,2020,True,50.31147540983606,990,990,1013,69269.91755224192,837.7799968772946,9925,47,0.0,0.8101307669703204,0.18183054686405453,0.1691411721342863,0.17827985728403326,0.383939980917756,0.9680909090909091,0.19027727321599025,235761.1258993504,0,False,False,True,"{""0"":null,""1"":null,""2"":null,""3"":null}",990.0,114239.0,990.0,81444.0,990.0,81444.0,841.7924629037152,69269.91755224192,841.7924629037152,0.0,0.0,837.7799968772888,77310.56589935049,0.0,2.149203116850632,4.0,328.0,0.0,0.0,89.00000000032378,7234.5000000087875,2.2500000000000853,192.1500000000044,49.50000000018008,4072.200000006049,0.0,0.0,0.0,0.0,0.0,0.0,9.899999999999977,814.4399999999989,495.0,40722.0,0.0,13.0,504.90000000000146,41536.44000000002,0.0,0.0,837.7799968772888,77310.56589935049
115,2020-04-25,2020,False,50.314207650273225,990,0,1013,69269.91755224192,0.0,9099,47,0.0,,,0.16916638722721142,0.1782158339449394,0.383939980917756,0.9697878787878789,0.1159167461201854,235761.1258993504,0,False,False,True,"{""0"":null,""1"":null,""2"":null,""3"":null}",990.0,115229.0,0.0,81444.0,0.0,81444.0,0.0,69269.91755224192,0.0,0.0,0.0,0.0,77310.56589935049,0.0,2.149203116850632,0.0,328.0,0.0,0.0,0.0,7234.5000000087875,0.0,192.1500000000044,0.0,4072.200000006049,0.0,0.0,0.0,0.0,0.0,0.0,0.0,814.4399999999989,0.0,40722.0,0.0,13.0,0.0,41536.44000000002,0.0,0.0,0.0,77310.56589935049
116,2020-04-26,2020,False,50.31693989071038,990,0,1013,69269.91755224192,0.0,9099,47,0.0,,,0.16916638722721142,0.1782158339449394,0.383939980917756,0.9697878787878789,0.06682871083891702,235761.1258993504,0,False,False,True,"{""0"":null,""1"":null,""2"":null,""3"":null}",990.0,116219.0,0.0,81444.0,0.0,81444.0,0.0,69269.91755224192,0.0,0.0,0.0,0.0,77310.56589935049,0.0,2.149203116850632,0.0,328.0,0.0,0.0,0.0,7234.5000000087875,0.0,192.1500000000044,0.0,4072.200000006049,0.0,0.0,0.0,0.0,0.0,0.0,0.0,814.4399999999989,0.0,40722.0,0.0,13.0,0.0,41536.44000000002,0.0,0.0,0.0,77310.56589935049
117,2020-04-27,2020,True,50.31967213114754,990,990,1013,70111.71001514564,1007.1524645616595,10070,12,0.0,0.849483299049858,0.13533221641059168,0.16916638722721142,0.1782158339449394,0.383939980917756,0.9683080808080808,0.09536893850902141,236263.37836391205,0,False,False,True,"{""0"":null,""1"":null,""2"":null,""3"":null}",990.0,117209.0,990.0,82434.0,990.0,82434.0,841.7924629037152,70111.71001514564,841.7924629037152,0.0,0.0,1007.1524645616591,78317.71836391215,0.0,2.149203116850632,4.0,332.0,0.0,0.0,89.00000000032378,7323.500000009111,7.050000000000267,199.20000000000468,49.50000000018008,4121.700000006229,0.0,0.0,0.0,0.0,0.0,0.0,9.899999999999977,824.3399999999989,495.0,41217.0,0.0,13.0,504.90000000000146,42041.34000000002,0.0,0.0,1007.1524645616591,78317.71836391215
118,2020-04-28,2020,True,50.322404371584696,990,990,1013,70953.50247804935,937.1854985822856,10112,33,0.0,0.8333210892349887,0.16051726754775136,0.16907109736028214,0.17811635145656984,0.383939980917756,0.968580808080808,0.1219327657563289,236695.66386249434,0,False,False,True,"{""0"":null,""1"":null,""2"":null,""3"":null}",990.0,118199.0,990.0,83424.0,990.0,83424.0,841.7924629037152,70953.50247804935,841.7924629037152,0.0,0.0,937.1854985822865,79254.90386249444,0.0,2.149203116850632,4.0,336.0,0.0,0.0,89.00000000032378,7412.500000009435,0.0,199.20000000000468,49.50000000018008,4171.200000006409,0.0,0.0,0.0,0.0,0.0,0.0,9.899999999999977,834.2399999999989,495.0,41712.0,0.0,13.0,504.90000000000146,42546.24000000002,0.0,0.0,937.1854985822865,79254.90386249444
119,2020-04-29,2020,True,50.32513661202186,990,990,1013,71795.29494095307,899.8822570135497,10215,50,0.0,0.8505852679008717,0.13262766777191426,0.16881172848774162,0.17788036544381702,0.383939980917756,0.9683535353535353,0.14659958801381856,237090.6461195079,0,False,False,True,"{""0"":null,""1"":null,""2"":null,""3"":null}",990.0,119189.0,990.0,84414.0,990.0,84414.0,841.7924629037152,71795.29494095307,841.7924629037152,0.0,0.0,899.8822570135526,80154.78611950799,0.0,2.149203116850632,4.0,340.0,0.0,0.0,89.00000000032378,7501.500000009759,0.0,199.20000000000468,49.50000000018008,4220.700000006589,0.0,0.0,0.0,0.0,0.0,0.0,9.899999999999977,844.1399999999988,495.0,42207.0,0.0,13.0,504.90000000000146,43051.14000000002,0.0,0.0,899.8822570135526,80154.78611950799
120,2020-04-30,2020,True,50.32786885245902,989,989,1013,72636.21347330733,877.4574570688889,10307,56,0.22862373624710763,0.8341997020339422,0.16539213880724654,0.16882100930377564,0.17774773896564833,0.38369188865612086,0.9678665318503539,0.1695155208649411,237463.7135765768,0,False,False,True,"{""0"":null,""1"":null,""2"":null,""3"":null}",989.0,120178.0,989.0,85403.0,989.0,85403.0,840.9185323542624,72636.21347330733,840.9185323542624,0.0,0.0,877.4574570688856,81032.24357657688,0.22862373624710752,2.3778268530977393,4.0,344.0,0.0,0.0,88.90000000032342,7590.400000010082,1.8000000000000682,201.00000000000475,49.4500000001799,4270.150000006769,0.0,0.0,0.0,0.0,0.0,0.0,9.889999999999986,854.0299999999988,494.5,42701.5,0.0,13.0,504.3899999999994,43555.53000000002,0.0,0.0,877.4574570688856,81032.24357657688
121,2020-05-01,2020,True,50.330601092896174,989,989,1013,73477.1320056616,819.9787599361869,10424,54,0.0,0.8068588279159122,0.1872557916279378,0.16863584186067312,0.17741229611424675,0.38369188865612086,0.9675025278058645,0.19045821808876878,237779.30233651295,0,False,False,True,"{""0"":null,""1"":null,""2"":null,""3"":null}",989.0,121167.0,989.0,86392.0,989.0,86392.0,840.9185323542624,73477.1320056616,840.9185323542624,0.0,0.0,819.978759936188,81852.22233651306,0.0,2.3778268530977393,4.0,348.0,0.0,0.0,88.90000000032342,7679.300000010406,3.1500000000001194,204.15000000000487,49.4500000001799,4319.600000006949,0.0,0.0,0.0,0.0,0.0,0.0,9.889999999999986,863.9199999999988,494.5,43196.0,0.0,13.0,504.3899999999994,44059.92000000002,0.0,0.0,819.978759936188,81852.22233651306
122,2020-05-02,2020,False,50.333333333333336,989,0,1013,73477.1320056616,0.0,9599,54,0.0,,,0.16832421023706126,0.17710514822697626,0.38369188865612086,0.9696814964610718,0.11609996822847127,237779.30233651295,0,False,False,True,"{""0"":null,""1"":null,""2"":null,""3"":null}",989.0,122156.0,0.0,86392.0,0.0,86392.0,0.0,73477.1320056616,0.0,0.0,0.0,0.0,81852.22233651306,0.0,2.3778268530977393,0.0,348.0,0.0,0.0,0.0,7679.300000010406,0.0,204.15000000000487,0.0,4319.600000006949,0.0,0.0,0.0,0.0,0.0,0.0,0.0,863.9199999999988,0.0,43196.0,0.0,13.0,0.0,44059.92000000002,0.0,0.0,0.0,81852.22233651306
123,2020-05-03,2020,False,50.33606557377049,988,0,1013,73477.1320056616,0.0,9599,54,0.0,,,0.16852922802566483,0.17724863830430068,0.38388878854579833,0.9696508097165992,0.06672193450510577,237779.30233651295,0,False,False,True,"{""0"":null,""1"":null,""2"":null,""3"":null}",988.0,123144.0,0.0,86392.0,0.0,86392.0,0.0,73477.1320056616,0.0,0.0,0.0,0.0,81852.22233651306,0.0,2.3778268530977393,0.0,348.0,0.0,0.0,0.0,7679.300000010406,0.0,204.15000000000487,0.0,4319.600000006949,0.0,0.0,0.0,0.0,0.0,0.0,0.0,863.9199999999988,0.0,43196.0,0.0,13.0,0.0,44059.92000000002,0.0,0.0,0.0,81852.22233651306
124,2020-05-04,2020,True,50.33879781420765,988,988,1013,74317.0645565389,1010.3859158508163,10580,15,0.0,0.8694894411700013,0.11757501361289562,0.16852922802566483,0.17724863830430065,0.38388878854579833,0.9682742914979757,0.09514601299590648,238285.80825236376,0,False,False,True,"{""0"":null,""1"":null,""2"":null,""3"":null}",988.0,124132.0,988.0,87380.0,988.0,87380.0,839.9325508773036,74317.0645565389,839.9325508773036,0.0,0.0,1010.385915850813,82862.60825236388,0.0,2.3778268530977393,4.0,352.0,0.0,0.0,88.80000000032305,7768.100000010729,8.100000000000307,212.25000000000517,49.400000000179716,4369.000000007129,0.0,0.0,0.0,0.0,0.0,0.0,9.879999999999995,873.7999999999988,494.0,43690.0,0.0,13.0,503.8799999999974,44563.80000000002,0.0,0.0,1010.385915850813,82862.60825236388
125,2020-05-05,2020,True,50.34153005464481,988,988,1013,75156.9971074162,966.7149810589706,10608,33,0.0,0.8391274264675395,0.15060679229782184,0.1685464507345428,0.17723372872616958,0.38388878854579833,0.9685475708502024,0.12161899125350668,238748.6432334227,0,False,False,True,"{""0"":null,""1"":null,""2"":null,""3"":null}",988.0,125120.0,988.0,88368.0,988.0,88368.0,839.9325508773036,75156.9971074162,839.9325508773036,0.0,0.0,966.7149810589763,83829.32323342285,0.0,2.3778268530977393,4.0,356.0,0.0,0.0,88.80000000032305,7856.900000011052,0.0,212.25000000000517,49.400000000179716,4418.400000007308,0.0,0.0,0.0,0.0,0.0,0.0,9.879999999999995,883.6799999999988,494.0,44184.0,0.0,13.0,503.8799999999974,45067.680000000015,0.0,0.0,966.7149810589763,83829.32323342285
126,2020-05-06,2020,True,50.34426229508197,988,988,1013,75996.9296582935,921.2882490565396,10717,49,0.5535440685916994,0.8339437238025466,0.1601732493152503,0.1684711946703036,0.17715366596454274,0.38388878854579833,0.9684817813765182,0.1462300373704493,239166.05148247926,0,False,False,True,"{""0"":null,""1"":null,""2"":null,""3"":null}",988.0,126108.0,988.0,89356.0,988.0,89356.0,839.9325508773036,75996.9296582935,839.9325508773036,0.0,0.0,921.2882490565389,84750.61148247939,0.5535440685916995,2.931370921689439,4.0,360.0,0.0,0.0,88.80000000032305,7945.700000011375,0.0,212.25000000000517,49.400000000179716,4467.800000007488,0.0,0.0,0.0,0.0,0.0,0.0,9.879999999999995,893.5599999999988,494.0,44678.0,0.0,13.0,503.8799999999974,45571.56000000001,0.0,0.0,921.2882490565389,84750.61148247939
127,2020-05-07,2020,True,50.34699453551912,988,988,1013,76836.86220917081,879.3740861247225,10819,60,0.0,0.8410660440699841,0.15072432473756525,0.16849491003925604,0.17692230073211504,0.38388878854579833,0.968087044534413,0.16897390852665428,239541.545568604,0,False,False,True,"{""0"":null,""1"":null,""2"":null,""3"":null}",988.0,127096.0,988.0,90344.0,988.0,90344.0,839.9325508773036,76836.86220917081,839.9325508773036,0.0,0.0,879.3740861247206,85629.98556860411,0.0,2.931370921689439,4.0,364.0,0.0,0.0,88.80000000032305,8034.500000011698,2.2500000000000853,214.50000000000526,49.400000000179716,4517.200000007668,0.0,0.0,0.0,0.0,0.0,0.0,9.879999999999995,903.4399999999988,494.0,45172.0,0.0,13.0,503.8799999999974,46075.44000000001,0.0,0.0,879.3740861247206,85629.98556860411
128,2020-05-08,2020,True,50.349726775956285,988,988,1013,77676.79476004811,842.0414191633337,10919,57,0.0,0.8117698591859369,0.1912471526354118,0.16848476949521074,0.17703305301084837,0.38388878854579833,0.9678593117408907,0.18996516084721007,239879.70698776733,0,False,False,True,"{""0"":null,""1"":null,""2"":null,""3"":null}",988.0,128084.0,988.0,91332.0,988.0,91332.0,839.9325508773036,77676.79476004811,839.9325508773036,0.0,0.0,842.0414191633317,86472.02698776744,0.0,2.931370921689439,4.0,368.0,0.0,0.0,88.80000000032305,8123.300000012021,2.7000000000001023,217.20000000000536,49.400000000179716,4566.6000000078475,0.0,0.0,0.0,0.0,0.0,0.0,9.879999999999995,913.3199999999988,494.0,45666.0,0.0,13.0,503.8799999999974,46579.32000000001,0.0,0.0,842.0414191633317,86472.02698776744
129,2020-05-09,2020,False,50.35245901639344,988,0,1013,77676.79476004811,0.0,10099,57,0.0,,,0.16840224246650892,0.17698442183008173,0.38388878854579833,0.9693522267206478,0.11555028727407099,239879.70698776733,0,False,False,True,"{""0"":null,""1"":null,""2"":null,""3"":null}",988.0,129072.0,0.0,91332.0,0.0,91332.0,0.0,77676.79476004811,0.0,0.0,0.0,0.0,86472.02698776744,0.0,2.931370921689439,0.0,368.0,0.0,0.0,0.0,8123.300000012021,0.0,217.20000000000536,0.0,4566.6000000078475,0.0,0.0,0.0,0.0,0.0,0.0,0.0,913.3199999999988,0.0,45666.0,0.0,13.0,0.0,46579.32000000001,0.0,0.0,0.0,86472.02698776744
130,2020-05-10,2020,False,50.3551912568306,988,0,1013,77676.79476004811,0.0,10099,57,0.0,,,0.16840224246650892,0.17698442183008173,0.38388878854579833,0.9693522267206478,0.06648734250835106,239879.70698776733,0,False,False,True,"{""0"":null,""1"":null,""2"":null,""3"":null}",988.0,130060.0,0.0,91332.0,0.0,91332.0,0.0,77676.79476004811,0.0,0.0,0.0,0.0,86472.02698776744,0.0,2.931370921689439,0.0,368.0,0.0,0.0,0.0,8123.300000012021,0.0,217.20000000000536,0.0,4566.6000000078475,0.0,0.0,0.0,0.0,0.0,0.0,0.0,913.3199999999988,0.0,45666.0,0.0,13.0,0.0,46579.32000000001,0.0,0.0,0.0,86472.02698776744
131,2020-05-11,2020,True,50.35792349726776,988,988,1013,78516.72731092542,1024.4741758506723,11079,15,0.0,0.850347767456731,0.14152615710347116,0.16840224246650892,0.1769844218300817,0.38388878854579833,0.9679655870445344,0.09490343671675584,240400.30116361802,0,False,False,True,"{""0"":null,""1"":null,""2"":null,""3"":null}",988.0,131048.0,988.0,92320.0,988.0,92320.0,839.9325508773036,78516.72731092542,839.9325508773036,0.0,0.0,1024.4741758506716,87496.50116361812,0.0,2.931370921689439,4.0,372.0,0.0,0.0,88.80000000032305,8212.100000012344,8.550000000000324,225.75000000000568,49.400000000179716,4616.000000008027,0.0,0.0,0.0,0.0,0.0,0.0,9.879999999999995,923.1999999999988,494.0,46160.0,0.0,13.0,503.8799999999974,47083.200000000004,0.0,0.0,1024.4741758506716,87496.50116361812
132,2020-05-12,2020,True,50.36065573770492,988,988,1013,79356.65986180272,977.2593335662358,11125,28,0.0,0.8704605742935131,0.12001563336216833,0.16837697491835438,0.1768938557525556,0.38388878854579833,0.9689574898785426,0.12138579562519532,240873.68049718425,0,False,False,True,"{""0"":null,""1"":null,""2"":null,""3"":null}",988.0,132036.0,988.0,93308.0,988.0,93308.0,839.9325508773036,79356.65986180272,839.9325508773036,0.0,0.0,977.2593335662386,88473.76049718435,0.0,2.931370921689439,4.0,376.0,0.0,0.0,88.80000000032305,8300.900000012667,0.0,225.75000000000568,49.400000000179716,4665.400000008207,0.0,0.0,0.0,0.0,0.0,0.0,9.879999999999995,933.0799999999988,494.0,46654.0,0.0,13.0,503.8799999999974,47587.08,0.0,0.0,977.2593335662386,88473.76049718435
133,2020-05-13,2020,True,50.36338797814208,990,990,1015,80198.38269889941,916.0186588379325,11217,43,0.0,0.8424551866000588,0.15203556250875636,0.16802628499990283,0.17540127346951165,0.383939980917756,0.9685505050505051,0.1458810422475646,241282.7991560222,0,False,False,True,"{""0"":null,""1"":null,""2"":null,""3"":null}",990.0,133026.0,990.0,94298.0,990.0,94298.0,841.7228370966914,80198.38269889941,841.7228370966914,0.0,0.0,916.0186588379293,89389.77915602228,0.0,2.931370921689439,4.0,380.0,0.0,0.0,89.00000000032378,8389.90000001299,0.0,225.75000000000568,49.50000000018008,4714.900000008387,0.0,0.0,0.0,0.0,0.0,0.0,9.899999999999977,942.9799999999988,495.0,47149.0,2.0,15.0,504.90000000000146,48091.98,0.0,0.0,916.0186588379293,89389.77915602228
134,2020-05-14,2020,True,50.36612021857923,990,990,1015,81040.1055359961,880.9717418405963,11325,49,0.0,0.8445366833186404,0.1500884392658665,0.16804929035405702,0.1752706980212716,0.383939980917756,0.9680606060606061,0.16862841040113355,241658.8708978628,0,False,False,True,"{""0"":null,""1"":null,""2"":null,""3"":null}",990.0,134016.0,990.0,95288.0,990.0,95288.0,841.7228370966914,81040.1055359961,841.7228370966914,0.0,0.0,880.9717418405926,90270.75089786288,0.0,2.931370921689439,4.0,384.0,0.0,0.0,89.00000000032378,8478.900000013315,2.2500000000000853,228.00000000000577,49.50000000018008,4764.400000008567,0.0,0.0,0.0,0.0,0.0,0.0,9.899999999999977,952.8799999999987,495.0,47644.0,0.0,15.0,504.90000000000146,48596.880000000005,0.0,0.0,880.9717418405926,90270.75089786288
135,2020-05-15,2020,True,50.368852459016395,990,990,1015,81881.8283730928,850.2704015988029,11419,51,0.0,0.8192281320403565,0.16072479334983422,0.1679668663483146,0.1749342345076471,0.383939980917756,0.9677626262626263,0.18969063273992112,242004.2412994616,0,False,False,True,"{""0"":null,""1"":null,""2"":null,""3"":null}",990.0,135006.0,990.0,96278.0,990.0,96278.0,841.7228370966914,81881.8283730928,841.7228370966914,0.0,0.0,850.2704015987983,91121.02129946167,0.0,2.931370921689439,4.0,388.0,0.0,0.0,89.00000000032378,8567.900000013638,1.950000000000074,229.95000000000584,49.50000000018008,4813.900000008747,0.0,0.0,0.0,0.0,0.0,0.0,9.899999999999977,962.7799999999987,495.0,48139.0,0.0,15.0,504.90000000000146,49101.780000000006,0.0,0.0,850.2704015987983,91121.02129946167
136,2020-05-16,2020,False,50.37158469945355,990,0,1015,81881.8283730928,0.0,10599,51,0.0,,,0.16785714373390467,0.17505217773245885,0.383939980917756,0.9692929292929293,0.11522674895406569,242004.2412994616,0,False,False,True,"{""0"":null,""1"":null,""2"":null,""3"":null}",990.0,135996.0,0.0,96278.0,0.0,96278.0,0.0,81881.8283730928,0.0,0.0,0.0,0.0,91121.02129946167,0.0,2.931370921689439,0.0,388.0,0.0,0.0,0.0,8567.900000013638,0.0,229.95000000000584,0.0,4813.900000008747,0.0,0.0,0.0,0.0,0.0,0.0,0.0,962.7799999999987,0.0,48139.0,0.0,15.0,0.0,49101.780000000006,0.0,0.0,0.0,91121.02129946167
137,2020-05-17,2020,False,50.37431693989071,991,0,1016,81881.8283730928,0.0,10599,51,0.0,,,0.1677887668594352,0.17426087680110694,0.38395057911250263,0.969021190716448,0.06614170622599229,242003.2412994616,0,False,False,True,"{""0"":null,""1"":null,""2"":null,""3"":null}",991.0,136987.0,0.0,96278.0,0.0,96278.0,0.0,81881.8283730928,0.0,0.0,0.0,0.0,91121.02129946167,0.0,2.931370921689439,0.0,388.0,0.0,0.0,0.0,8567.900000013638,0.0,229.95000000000584,0.0,4813.900000008747,0.0,0.0,0.0,0.0,0.0,0.0,0.0,962.7799999999987,0.0,48139.0,1.0,16.0,0.0,49101.780000000006,0.0,0.0,0.0,91121.02129946167
138,2020-05-18,2020,True,50.377049180327866,991,991,1016,82724.45459017687,1009.1113940267071,11559,19,0.0,0.8547086043393481,0.12951911586844936,0.1677887668594352,0.17426087680110694,0.38395057911250263,0.96715438950555,0.09452552873084342,242506.9426934883,0,False,False,True,"{""0"":null,""1"":null,""2"":null,""3"":null}",991.0,137978.0,991.0,97269.0,991.0,97269.0,842.6262170840782,82724.45459017687,842.6262170840782,0.0,0.0,1009.1113940267096,92130.13269348838,0.0,2.931370921689439,4.0,392.0,0.0,0.0,89.10000000032414,8657.000000013963,7.65000000000029,237.60000000000613,49.55000000018026,4863.450000008927,0.0,0.0,0.0,0.0,0.0,0.0,9.909999999999968,972.6899999999987,495.5,48634.5,0.0,16.0,505.4100000000035,49607.19000000001,0.0,0.0,1009.1113940267096,92130.13269348838
139,2020-05-19,2020,True,50.37978142076503,991,991,1016,83567.08080726095,966.8842792457733,11631,33,0.0,0.8496679519499941,0.1324275155492239,0.1677050753161984,0.17408779919723838,0.38395057911250263,0.9677547931382442,0.12100520829423822,242968.41697273406,0,False,False,True,"{""0"":null,""1"":null,""2"":null,""3"":null}",991.0,138969.0,991.0,98260.0,991.0,98260.0,842.6262170840782,83567.08080726095,842.6262170840782,0.0,0.0,966.8842792457726,93097.01697273416,0.0,2.931370921689439,4.0,396.0,0.0,0.0,89.10000000032414,8746.100000014287,0.0,237.60000000000613,49.55000000018026,4913.000000009108,0.0,0.0,0.0,0.0,0.0,0.0,9.909999999999968,982.5999999999987,495.5,49130.0,0.0,16.0,505.4100000000035,50112.60000000001,0.0,0.0,966.8842792457726,93097.01697273416
140,2020-05-20,2020,True,50.38251366120218,991,991,1016,84409.70702434503,930.6864789937213,11726,44,0.007733622044886219,0.8285424704644588,0.15104974102945756,0.16780384824092606,0.17412658100697392,0.38395057911250263,0.9679818365287588,0.14566270484693442,243393.69345172777,0,False,False,True,"{""0"":null,""1"":null,""2"":null,""3"":null}",991.0,139960.0,991.0,99251.0,991.0,99251.0,842.6262170840782,84409.70702434503,842.6262170840782,0.0,0.0,930.6864789937244,94027.70345172788,0.007733622044886257,2.939104543734325,4.0,400.0,0.0,0.0,89.10000000032414,8835.20000001461,0.0,237.60000000000613,49.55000000018026,4962.550000009288,0.0,0.0,0.0,0.0,0.0,0.0,9.909999999999968,992.5099999999986,495.5,49625.5,0.0,16.0,505.4100000000035,50618.01000000002,0.0,0.0,930.6864789937244,94027.70345172788
141,2020-05-21,2020,True,50.385245901639344,991,991,1016,85252.3332414291,881.7677896722329,11848,38,0.15644002116078848,0.8305920432990974,0.16671870550589973,0.16771570918136763,0.17381320162550062,0.38395057911250263,0.967991927346115,0.16839912539417956,243770.0512414,0,False,False,True,"{""0"":null,""1"":null,""2"":null,""3"":null}",991.0,140951.0,991.0,100242.0,991.0,100242.0,842.6262170840782,85252.3332414291,842.6262170840782,0.0,0.0,881.7677896722307,94909.47124140011,0.1564400211607886,3.0955445648951136,4.0,404.0,0.0,0.0,89.10000000032414,8924.300000014935,2.850000000000108,240.45000000000624,49.55000000018026,5012.100000009468,0.0,0.0,0.0,0.0,0.0,0.0,9.909999999999968,1002.4199999999986,495.5,50121.0,0.0,16.0,505.4100000000035,51123.42000000002,0.0,0.0,881.7677896722307,94909.47124140011
142,2020-05-22,2020,True,50.387978142076506,990,990,1016,86094.25250063848,839.9145094711515,11917,40,0.0,0.8101051658191518,0.1822554942701058,0.16750726369301847,0.17368210812700297,0.3837024868508675,0.9675909090909091,0.18970126026895218,244105.06575087117,0,False,False,True,"{""0"":null,""1"":null,""2"":null,""3"":null}",990.0,141941.0,990.0,101232.0,990.0,101232.0,841.919259209375,86094.25250063848,841.919259209375,0.0,0.0,839.9145094711566,95749.38575087127,0.0,3.0955445648951136,4.0,408.0,0.0,0.0,89.00000000032378,9013.300000015259,2.1000000000000796,242.55000000000632,49.50000000018008,5061.600000009648,0.0,0.0,0.0,0.0,0.0,0.0,9.899999999999977,1012.3199999999986,495.0,50616.0,0.0,16.0,504.90000000000146,51628.32000000002,0.0,0.0,839.9145094711566,95749.38575087127
143,2020-05-23,2020,False,50.39071038251366,990,0,1016,86094.25250063848,0.0,11099,40,0.0,,,0.16732229837826754,0.17344353291255787,0.3837024868508675,0.9689040404040404,0.11526388199596908,244105.06575087117,0,False,False,True,"{""0"":null,""1"":null,""2"":null,""3"":null}",990.0,142931.0,0.0,101232.0,0.0,101232.0,0.0,86094.25250063848,0.0,0.0,0.0,0.0,95749.38575087127,0.0,3.0955445648951136,0.0,408.0,0.0,0.0,0.0,9013.300000015259,0.0,242.55000000000632,0.0,5061.600000009648,0.0,0.0,0.0,0.0,0.0,0.0,0.0,1012.3199999999986,0.0,50616.0,0.0,16.0,0.0,51628.32000000002,0.0,0.0,0.0,95749.38575087127
144,2020-05-24,2020,False,50.39344262295082,990,0,1016,86094.25250063848,0.0,11099,40,0.0,,,0.1673222983782675,0.17344353291255787,0.3837024868508675,0.9689040404040404,0.06617952221721404,244105.06575087117,0,False,False,True,"{""0"":null,""1"":null,""2"":null,""3"":null}",990.0,143921.0,0.0,101232.0,0.0,101232.0,0.0,86094.25250063848,0.0,0.0,0.0,0.0,95749.38575087127,0.0,3.0955445648951136,0.0,408.0,0.0,0.0,0.0,9013.300000015259,0.0,242.55000000000632,0.0,5061.600000009648,0.0,0.0,0.0,0.0,0.0,0.0,0.0,1012.3199999999986,0.0,50616.0,0.0,16.0,0.0,51628.32000000002,0.0,0.0,0.0,95749.38575087127
145,2020-05-25,2020,True,50.39617486338798,990,990,1016,86936.17175984786,998.681036119317,12047,16,0.0,0.8718064342885514,0.11799261424030438,0.1673222983782675,0.17344353291255787,0.3837024868508675,0.9671818181818181,0.09467521119135937,244598.8467869905,0,False,False,True,"{""0"":null,""1"":null,""2"":null,""3"":null}",990.0,144911.0,990.0,102222.0,990.0,102222.0,841.919259209375,86936.17175984786,841.919259209375,0.0,0.0,998.6810361193202,96748.06678699059,0.0,3.0955445648951136,4.0,412.0,0.0,0.0,89.00000000032378,9102.300000015583,6.000000000000227,248.55000000000655,49.50000000018008,5111.100000009828,0.0,0.0,0.0,0.0,0.0,0.0,9.899999999999977,1022.2199999999985,495.0,51111.0,0.0,16.0,504.90000000000146,52133.22000000002,0.0,0.0,998.6810361193202,96748.06678699059
146,2020-05-26,2020,True,50.39890710382514,990,990,1016,87778.09101905723,960.5879330220273,12110,25,0.0,0.8495058823513986,0.15795313669542138,0.16721107319778344,0.17327419564973806,0.3837024868508675,0.9670101010101011,0.12117451085308192,245054.53472001254,0,False,False,True,"{""0"":null,""1"":null,""2"":null,""3"":null}",990.0,145901.0,990.0,103212.0,990.0,103212.0,841.919259209375,87778.09101905723,841.919259209375,0.0,0.0,960.5879330220341,97708.65472001262,0.0,3.0955445648951136,4.0,416.0,0.0,0.0,89.00000000032378,9191.300000015906,0.0,248.55000000000655,49.50000000018008,5160.600000010008,0.0,0.0,0.0,0.0,0.0,0.0,9.899999999999977,1032.1199999999985,495.0,51606.0,0.0,16.0,504.90000000000146,52638.120000000024,0.0,0.0,960.5879330220341,97708.65472001262
147,2020-05-27,2020,True,50.40163934426229,990,990,1016,88620.0102782666,934.8127392231053,12224,43,0.0,0.8575706607283253,0.13605863563264634,0.1672473493785141,0.17315913782772246,0.3837024868508675,0.9673585858585858,0.1458072725272845,245484.44745923564,0,False,False,True,"{""0"":null,""1"":null,""2"":null,""3"":null}",990.0,146891.0,990.0,104202.0,990.0,104202.0,841.919259209375,88620.0102782666,841.919259209375,0.0,0.0,934.8127392231108,98643.46745923573,0.0,3.0955445648951136,4.0,420.0,0.0,0.0,89.00000000032378,9280.30000001623,0.0,248.55000000000655,49.50000000018008,5210.1000000101885,0.0,0.0,0.0,0.0,0.0,0.0,9.900000000000091,1042.0199999999986,495.0,52101.0,0.0,16.0,504.90000000000146,53143.020000000026,0.0,0.0,934.8127392231108,98643.46745923573
148,2020-05-28,2020,True,50.404371584699454,990,990,1017,89461.9382808276,897.8616194978747,12351,41,0.0,0.8363684925215791,0.14853088686895993,0.16719198859142947,0.17229161925194042,0.3837024868508675,0.9674242424242424,0.16852174995067476,245876.40907873353,0,False,False,True,"{""0"":null,""1"":null,""2"":null,""3"":null}",990.0,147881.0,990.0,105192.0,990.0,105192.0,841.9280025609914,89461.9382808276,841.9280025609914,0.0,0.0,897.8616194978677,99541.3290787336,0.0,3.0955445648951136,4.0,424.0,0.0,0.0,89.00000000032378,9369.300000016554,2.400000000000091,250.95000000000664,49.50000000018008,5259.600000010369,0.0,0.0,0.0,0.0,0.0,0.0,9.900000000000091,1051.9199999999987,495.0,52596.0,1.0,17.0,504.90000000000146,53647.92000000003,0.0,0.0,897.8616194978677,99541.3290787336
149,2020-05-29,2020,True,50.40710382513661,991,991,1018,90304.59778581785,844.6792147730944,12430,42,0.0,0.8174607795161316,0.1796653227027804,0.16708498582924294,0.17144528119855312,0.38371308504561413,0.9674621594349142,0.18948161080351678,246214.67829350661,0,False,False,True,"{""0"":null,""1"":null,""2"":null,""3"":null}",991.0,148872.0,991.0,106183.0,991.0,106183.0,842.6595049902535,90304.59778581785,842.6595049902535,0.0,0.0,844.6792147730885,100386.00829350669,0.0,3.0955445648951136,4.0,428.0,0.0,0.0,89.10000000032414,9458.400000016878,1.3500000000000512,252.3000000000067,49.55000000018026,5309.150000010549,0.0,0.0,0.0,0.0,0.0,0.0,9.910000000000082,1061.8299999999988,495.5,53091.5,1.0,18.0,505.4100000000035,54153.33000000003,0.0,0.0,844.6792147730885,100386.00829350669
150,2020-05-30,2020,False,50.40983606557377,991,0,1018,90304.59778581785,0.0,11599,42,0.0,,,0.16709300075070604,0.17143796786583504,0.38371308504561413,0.9687436932391523,0.11506718058240165,246214.67829350661,0,False,False,True,"{""0"":null,""1"":null,""2"":null,""3"":null}",991.0,149863.0,0.0,106183.0,0.0,106183.0,0.0,90304.59778581785,0.0,0.0,0.0,0.0,100386.00829350669,0.0,3.0955445648951136,0.0,428.0,0.0,0.0,0.0,9458.400000016878,0.0,252.3000000000067,0.0,5309.150000010549,0.0,0.0,0.0,0.0,0.0,0.0,0.0,1061.8299999999988,0.0,53091.5,0.0,18.0,0.0,54153.33000000003,0.0,0.0,0.0,100386.00829350669
151,2020-05-31,2020,False,50.41256830601093,991,0,1018,90304.59778581785,0.0,11599,42,0.0,,,0.16709300075070604,0.17143796786583504,0.38371308504561413,0.9687436932391523,0.06602571983398023,246214.67829350661,0,False,False,True,"{""0"":null,""1"":null,""2"":null,""3"":null}",991.0,150854.0,0.0,106183.0,0.0,106183.0,0.0,90304.59778581785,0.0,0.0,0.0,0.0,100386.00829350669,0.0,3.0955445648951136,0.0,428.0,0.0,0.0,0.0,9458.400000016878,0.0,252.3000000000067,0.0,5309.150000010549,0.0,0.0,0.0,0.0,0.0,0.0,0.0,1061.8299999999988,0.0,53091.5,0.0,18.0,0.0,54153.33000000003,0.0,0.0,0.0,100386.00829350669
152,2020-06-01,2020,True,50.41530054644809,991,991,1018,91147.2572908081,1040.0367644276696,12528,27,0.0,0.8446340868239839,0.1440969460347291,0.16709300075070604,0.17143796786583504,0.38371308504561413,0.9663420787083754,0.09457436597682271,246749.30505793428,0,False,False,True,"{""0"":null,""1"":null,""2"":null,""3"":null}",991.0,151845.0,991.0,107174.0,991.0,107174.0,842.6595049902535,91147.2572908081,842.6595049902535,0.0,0.0,1040.0367644276703,101426.04505793436,0.0,3.0955445648951136,4.0,432.0,0.0,0.0,89.10000000032414,9547.500000017202,6.299999999999756,258.60000000000645,49.55000000018026,5358.700000010729,0.0,0.0,0.0,0.0,0.0,0.0,9.910000000000082,1071.7399999999989,495.5,53587.0,0.0,18.0,505.4100000000035,54658.740000000034,0.0,0.0,1040.0367644276703,101426.04505793436
153,2020-06-02,2020,True,50.41803278688525,991,991,1018,91989.91679579836,991.3778073354432,12601,37,0.007982533284198255,0.8365208253675536,0.16277102033651059,0.1670617582006809,0.17139611402382657,0.38371308504561413,0.9658072653884965,0.12109571078282691,247235.2728652697,0,False,False,True,"{""0"":null,""1"":null,""2"":null,""3"":null}",991.0,152836.0,991.0,108165.0,991.0,108165.0,842.6595049902535,91989.91679579836,842.6595049902535,0.0,0.0,991.3778073354479,102417.42286526981,0.00798253328419829,3.103527098179312,4.0,436.0,0.0,0.0,89.10000000032414,9636.600000017526,0.0,258.60000000000645,49.55000000018026,5408.250000010909,0.0,0.0,0.0,0.0,0.0,0.0,9.910000000000082,1081.649999999999,495.5,54082.5,0.0,18.0,505.4100000000035,55164.15000000004,0.0,0.0,991.3778073354479,102417.42286526981
154,2020-06-03,2020,True,50.4207650273224,991,991,1018,92832.57630078861,935.2369015871693,12738,54,0.0029200180008474774,0.8193711570849154,0.16252463906650283,0.16711130825449974,0.17143332781169268,0.38371308504561413,0.9662361251261352,0.14565506460314118,247665.09976685687,0,False,False,True,"{""0"":null,""1"":null,""2"":null,""3"":null}",991.0,153827.0,991.0,109156.0,991.0,109156.0,842.6595049902535,92832.57630078861,842.6595049902535,0.0,0.0,935.2369015871664,103352.65976685697,0.002920018000847513,3.1064471161801595,4.0,440.0,0.0,0.0,89.10000000032414,9725.70000001785,0.0,258.60000000000645,49.55000000018026,5457.80000001109,0.0,0.0,0.0,0.0,0.0,0.0,9.910000000000082,1091.559999999999,495.5,54578.0,0.0,18.0,505.4100000000035,55669.56000000004,0.0,0.0,935.2369015871664,103352.65976685697
155,2020-06-04,2020,True,50.423497267759565,991,991,1018,93675.23580577887,888.4915748494162,12853,43,0.34651619579889487,0.8214159530901456,0.16538168847451257,0.16716362570033863,0.17149458757143482,0.38371308504561413,0.9670080726538849,0.16840202203812318,248048.18134170628,0,False,False,True,"{""0"":null,""1"":null,""2"":null,""3"":null}",991.0,154818.0,991.0,110147.0,991.0,110147.0,842.6595049902535,93675.23580577887,842.6595049902535,0.0,0.0,888.4915748494095,104241.15134170638,0.3465161957988947,3.452963311979054,4.0,444.0,0.0,0.0,89.10000000032414,9814.800000018175,4.049999999999386,262.65000000000583,49.55000000018026,5507.35000001127,0.0,0.0,0.0,0.0,0.0,0.0,9.910000000000082,1101.4699999999991,495.5,55073.5,0.0,18.0,505.4100000000035,56174.970000000045,0.0,0.0,888.4915748494095,104241.15134170638
156,2020-06-05,2020,True,50.42622950819672,991,991,1018,94517.89531076912,833.6182328432798,12943,48,0.0,0.820350947999914,0.1756850422737071,0.16703246023352536,0.17126787020321615,0.38371308504561413,0.967401614530777,0.18942539918385198,248376.38957454957,0,False,False,True,"{""0"":null,""1"":null,""2"":null,""3"":null}",991.0,155809.0,991.0,111138.0,991.0,111138.0,842.6595049902535,94517.89531076912,842.6595049902535,0.0,0.0,833.6182328432769,105074.76957454966,0.0,3.452963311979054,4.0,448.0,0.0,0.0,89.10000000032414,9903.900000018499,1.4999999999997726,264.1500000000056,49.55000000018026,5556.90000001145,0.0,0.0,0.0,0.0,0.0,0.0,9.910000000000082,1111.3799999999992,495.5,55569.0,0.0,18.0,505.4100000000035,56680.38000000005,0.0,0.0,833.6182328432769,105074.76957454966
157,2020-06-06,2020,False,50.42896174863388,991,0,1018,94517.89531076912,0.0,12099,48,0.0,,,0.16709905039831036,0.17136422305426677,0.38371308504561413,0.9689808274470232,0.11492659850401077,248376.38957454957,0,False,False,True,"{""0"":null,""1"":null,""2"":null,""3"":null}",991.0,156800.0,0.0,111138.0,0.0,111138.0,0.0,94517.89531076912,0.0,0.0,0.0,0.0,105074.76957454966,0.0,3.452963311979054,0.0,448.0,0.0,0.0,0.0,9903.900000018499,0.0,264.1500000000056,0.0,5556.90000001145,0.0,0.0,0.0,0.0,0.0,0.0,0.0,1111.3799999999992,0.0,55569.0,0.0,18.0,0.0,56680.38000000005,0.0,0.0,0.0,105074.76957454966
158,2020-06-07,2020,False,50.431693989071036,991,0,1018,94517.89531076912,0.0,12099,48,0.0,,,0.16709905039831036,0.1713642230542668,0.38371308504561413,0.9689808274470232,0.06588458796981307,248376.38957454957,0,False,False,True,"{""0"":null,""1"":null,""2"":null,""3"":null}",991.0,157791.0,0.0,111138.0,0.0,111138.0,0.0,94517.89531076912,0.0,0.0,0.0,0.0,105074.76957454966,0.0,3.452963311979054,0.0,448.0,0.0,0.0,0.0,9903.900000018499,0.0,264.1500000000056,0.0,5556.90000001145,0.0,0.0,0.0,0.0,0.0,0.0,0.0,1111.3799999999992,0.0,55569.0,0.0,18.0,0.0,56680.38000000005,0.0,0.0,0.0,105074.76957454966
159,2020-06-08,2020,True,50.4344262295082,991,991,1018,95360.55481575937,1049.3234950883325,13071,7,0.0,0.8566743138152715,0.13496111326027416,0.16709905039831036,0.1713642230542668,0.38371308504561413,0.9674823410696266,0.09440978545087202,248920.30306963788,0,False,False,True,"{""0"":null,""1"":null,""2"":null,""3"":null}",991.0,158782.0,991.0,112129.0,991.0,112129.0,842.6595049902535,95360.55481575937,842.6595049902535,0.0,0.0,1049.3234950883343,106124.093069638,0.0,3.452963311979054,4.0,452.0,0.0,0.0,89.10000000032414,9993.000000018823,7.199999999998909,271.3500000000045,49.55000000018026,5606.45000001163,0.0,0.0,0.0,0.0,0.0,0.0,9.910000000000082,1121.2899999999993,495.5,56064.5,0.0,18.0,505.4100000000035,57185.79000000005,0.0,0.0,1049.3234950883343,106124.093069638
160,2020-06-09,2020,True,50.43715846994535,991,991,1018,96203.21432074963,982.0832383957658,13098,30,0.0,0.8385287919340939,0.15710017932462733,0.16706430242639986,0.17124458584063557,0.38371308504561413,0.9670282542885974,0.12106253358666443,249396.97630803366,0,False,False,True,"{""0"":null,""1"":null,""2"":null,""3"":null}",991.0,159773.0,991.0,113120.0,991.0,113120.0,842.6595049902535,96203.21432074963,842.6595049902535,0.0,0.0,982.0832383957604,107106.17630803376,0.0,3.452963311979054,4.0,456.0,0.0,0.0,89.10000000032414,10082.100000019147,0.0,271.3500000000045,49.55000000018026,5656.000000011811,0.0,0.0,0.0,0.0,0.0,0.0,9.910000000000082,1131.1999999999994,495.5,56560.0,0.0,18.0,505.4100000000035,57691.200000000055,0.0,0.0,982.0832383957604,107106.17630803376
161,2020-06-10,2020,True,50.439890710382514,991,991,1018,97045.87382573988,942.7249438347477,13210,45,0.0,0.8578042252594025,0.14052570724270616,0.16697668163669982,0.17137239165669335,0.38371308504561413,0.9666548940464178,0.14570773573174237,249834.2912518684,0,False,False,True,"{""0"":null,""1"":null,""2"":null,""3"":null}",991.0,160764.0,991.0,114111.0,991.0,114111.0,842.6595049902535,97045.87382573988,842.6595049902535,0.0,0.0,942.7249438347499,108048.9012518685,0.0,3.452963311979054,4.0,460.0,0.0,0.0,89.10000000032414,10171.200000019471,0.0,271.3500000000045,49.55000000018026,5705.550000011991,0.0,0.0,0.0,0.0,0.0,0.0,9.910000000000082,1141.1099999999994,495.5,57055.5,0.0,18.0,505.4100000000035,58196.61000000006,0.0,0.0,942.7249438347499,108048.9012518685
162,2020-06-11,2020,True,50.442622950819676,991,991,1018,97888.53333073013,890.9231986830233,13330,56,0.0,0.8395083533821849,0.16010324049775768,0.16688968838687593,0.1710355371466582,0.38371308504561413,0.9667255297679112,0.1684749191123311,250219.8044505514,0,False,False,True,"{""0"":null,""1"":null,""2"":null,""3"":null}",991.0,161755.0,991.0,115102.0,991.0,115102.0,842.6595049902535,97888.53333073013,842.6595049902535,0.0,0.0,890.9231986830273,108939.82445055153,0.0,3.452963311979054,4.0,464.0,0.0,0.0,89.10000000032414,10260.300000019795,1.0499999999998408,272.40000000000435,49.55000000018026,5755.100000012171,0.0,0.0,0.0,0.0,0.0,0.0,9.910000000000082,1151.0199999999995,495.5,57551.0,0.0,18.0,505.4100000000035,58702.02000000006,0.0,0.0,890.9231986830273,108939.82445055153
163,2020-06-12,2020,True,50.44535519125683,991,991,1018,98731.19283572039,866.3058314892539,13443,49,0.25154951495908956,0.8203387043013375,0.17141917515581892,0.16678234823194904,0.17092442755589332,0.38371308504561413,0.967013118062563,0.18953527622082908,250580.70028204063,0,False,False,True,"{""0"":null,""1"":null,""2"":null,""3"":null}",991.0,162746.0,991.0,116093.0,991.0,116093.0,842.6595049902535,98731.19283572039,842.6595049902535,0.0,0.0,866.3058314892551,109806.13028204079,0.2515495149590894,3.7045128269381435,4.0,468.0,0.0,0.0,89.10000000032414,10349.40000002012,3.449999999999477,275.85000000000383,49.55000000018026,5804.6500000123515,0.0,0.0,0.0,0.0,0.0,0.0,9.910000000000082,1160.9299999999996,495.5,58046.5,0.0,18.0,505.4100000000035,59207.430000000066,0.0,0.0,866.3058314892551,109806.13028204079
164,2020-06-13,2020,False,50.44808743169399,991,0,1018,98731.19283572039,0.0,12599,49,0.0,,,0.16673234493483147,0.17075420586694404,0.38371308504561413,0.9685065590312815,0.11489182449399375,250580.70028204063,0,False,False,True,"{""0"":null,""1"":null,""2"":null,""3"":null}",991.0,163737.0,0.0,116093.0,0.0,116093.0,0.0,98731.19283572039,0.0,0.0,0.0,0.0,109806.13028204079,0.0,3.7045128269381435,0.0,468.0,0.0,0.0,0.0,10349.40000002012,0.0,275.85000000000383,0.0,5804.6500000123515,0.0,0.0,0.0,0.0,0.0,0.0,0.0,1160.9299999999996,0.0,58046.5,0.0,18.0,0.0,59207.430000000066,0.0,0.0,0.0,109806.13028204079
165,2020-06-14,2020,False,50.450819672131146,992,0,1019,98731.19283572039,0.0,12599,49,0.0,,,0.16683051663135384,0.17021389082538144,0.38396117730724927,0.9682358870967742,0.06577990761440752,250579.70028204063,0,False,False,True,"{""0"":null,""1"":null,""2"":null,""3"":null}",992.0,164729.0,0.0,116093.0,0.0,116093.0,0.0,98731.19283572039,0.0,0.0,0.0,0.0,109806.13028204079,0.0,3.7045128269381435,0.0,468.0,0.0,0.0,0.0,10349.40000002012,0.0,275.85000000000383,0.0,5804.6500000123515,0.0,0.0,0.0,0.0,0.0,0.0,0.0,1160.9299999999996,0.0,58046.5,1.0,19.0,0.0,59207.430000000066,0.0,0.0,0.0,109806.13028204079
166,2020-06-15,2020,True,50.45355191256831,992,992,1019,99574.69603009768,1049.9164401161581,13562,16,0.0,0.8477838479423768,0.13297954756740007,0.16683051663135384,0.17021389082538144,0.38396117730724927,0.9665826612903226,0.09417826320495198,251123.69672215678,0,False,False,True,"{""0"":null,""1"":null,""2"":null,""3"":null}",992.0,165721.0,992.0,117085.0,992.0,117085.0,843.503194377292,99574.69603009768,843.503194377292,0.0,0.0,1049.9164401161543,110856.04672215694,0.0,3.7045128269381435,4.0,472.0,0.0,0.0,89.20000000032451,10438.600000020444,7.349999999998886,283.2000000000027,49.600000000180444,5854.250000012532,0.0,0.0,0.0,0.0,0.0,0.0,9.920000000000073,1170.8499999999997,496.0,58542.5,0.0,19.0,505.91999999999825,59713.350000000064,0.0,0.0,1049.9164401161543,110856.04672215694
167,2020-06-16,2020,True,50.45628415300546,993,993,1020,100419.00920298196,1025.8646502518525,13618,34,0.0,0.8570035824373634,0.13354621947774062,0.16686844573347148,0.16937168313319811,0.38389534758192645,0.9662990936555891,0.12078787757969085,251642.13137240862,0,False,False,True,"{""0"":null,""1"":null,""2"":null,""3"":null}",993.0,166714.0,993.0,118078.0,993.0,118078.0,844.3131728842854,100419.00920298196,844.3131728842854,0.0,0.0,1025.8646502518532,111881.9113724088,0.0,3.7045128269381435,4.0,476.0,0.0,0.0,89.30000000032487,10527.900000020769,0.0,283.2000000000027,49.650000000180626,5903.900000012713,0.0,0.0,0.0,0.0,0.0,0.0,9.930000000000064,1180.7799999999997,496.5,59039.0,1.0,20.0,506.4300000000003,60219.780000000064,0.0,0.0,1025.8646502518532,111881.9113724088
168,2020-06-17,2020,True,50.459016393442624,993,993,1020,101263.32237586625,947.7495499699447,13711,44,0.11490103377124665,0.8408458504253399,0.14648800996262965,0.16673856017369837,0.169407819584759,0.38389534758192645,0.9657200402819739,0.14542644212085623,252083.45092237857,0,False,False,True,"{""0"":null,""1"":null,""2"":null,""3"":null}",993.0,167707.0,993.0,119071.0,993.0,119071.0,844.3131728842854,101263.32237586625,844.3131728842854,0.0,0.0,947.7495499699435,112829.66092237874,0.11490103377124683,3.8194138607093904,4.0,480.0,0.0,0.0,89.30000000032487,10617.200000021094,0.0,283.2000000000027,49.650000000180626,5953.550000012893,0.0,0.0,0.0,0.0,0.0,0.0,9.930000000000064,1190.7099999999998,496.5,59535.5,0.0,20.0,506.4300000000003,60726.210000000065,0.0,0.0,947.7495499699435,112829.66092237874
169,2020-06-18,2020,True,50.46174863387978,993,993,1020,102107.63554875054,903.2447613499413,13837,42,0.0,0.829700200173818,0.15571282860930424,0.1667191646423019,0.1694283746561516,0.38389534758192645,0.9657250755287009,0.1682269889505616,252480.26568372853,0,False,False,True,"{""0"":null,""1"":null,""2"":null,""3"":null}",993.0,168700.0,993.0,120064.0,993.0,120064.0,844.3131728842854,102107.63554875054,844.3131728842854,0.0,0.0,903.2447613499389,113732.90568372868,0.0,3.8194138607093904,4.0,484.0,0.0,0.0,89.30000000032487,10706.500000021419,2.399999999999636,285.60000000000235,49.650000000180626,6003.200000013074,0.0,0.0,0.0,0.0,0.0,0.0,9.930000000000064,1200.6399999999999,496.5,60032.0,0.0,20.0,506.4300000000003,61232.640000000065,0.0,0.0,903.2447613499389,113732.90568372868
170,2020-06-19,2020,True,50.46448087431694,993,993,1020,102951.94872163482,874.1067453232215,13952,39,0.0,0.8197005568309544,0.17213862700374793,0.16658581944192263,0.1693532674706919,0.38389534758192645,0.9659919436052367,0.18932031731138077,252847.94242905176,0,False,False,True,"{""0"":null,""1"":null,""2"":null,""3"":null}",993.0,169693.0,993.0,121057.0,993.0,121057.0,844.3131728842854,102951.94872163482,844.3131728842854,0.0,0.0,874.1067453232245,114607.0124290519,0.0,3.8194138607093904,4.0,488.0,0.0,0.0,89.30000000032487,10795.800000021743,2.6999999999995907,288.30000000000194,49.650000000180626,6052.850000013254,0.0,0.0,0.0,0.0,0.0,0.0,9.930000000000064,1210.57,496.5,60528.5,0.0,20.0,506.4300000000003,61739.070000000065,0.0,0.0,874.1067453232245,114607.0124290519
171,2020-06-20,2020,False,50.467213114754095,993,0,1020,102951.94872163482,0.0,13099,39,0.0,,,0.16684165290016917,0.16947605218787895,0.38389534758192645,0.9677895266868076,0.11474622768740068,252847.94242905176,0,False,False,True,"{""0"":null,""1"":null,""2"":null,""3"":null}",993.0,170686.0,0.0,121057.0,0.0,121057.0,0.0,102951.94872163482,0.0,0.0,0.0,0.0,114607.0124290519,0.0,3.8194138607093904,0.0,488.0,0.0,0.0,0.0,10795.800000021743,0.0,288.30000000000194,0.0,6052.850000013254,0.0,0.0,0.0,0.0,0.0,0.0,0.0,1210.57,0.0,60528.5,0.0,20.0,0.0,61739.070000000065,0.0,0.0,0.0,114607.0124290519
172,2020-06-21,2020,False,50.46994535519126,993,0,1020,102951.94872163482,0.0,13099,39,0.0,,,0.16684165290016917,0.16947605218787895,0.38389534758192645,0.9677895266868076,0.0659161294480011,252847.94242905176,0,False,False,True,"{""0"":null,""1"":null,""2"":null,""3"":null}",993.0,171679.0,0.0,121057.0,0.0,121057.0,0.0,102951.94872163482,0.0,0.0,0.0,0.0,114607.0124290519,0.0,3.8194138607093904,0.0,488.0,0.0,0.0,0.0,10795.800000021743,0.0,288.30000000000194,0.0,6052.850000013254,0.0,0.0,0.0,0.0,0.0,0.0,0.0,1210.57,0.0,60528.5,0.0,20.0,0.0,61739.070000000065,0.0,0.0,0.0,114607.0124290519
173,2020-06-22,2020,True,50.47267759562842,993,993,1020,103796.2618945191,1068.5253502229298,14051,20,0.22200521649371988,0.847979615995653,0.13409618391069988,0.16684165290016917,0.16947605218787898,0.38389534758192645,0.9660372608257805,0.094512473415787,253410.0377792747,0,False,False,True,"{""0"":null,""1"":null,""2"":null,""3"":null}",993.0,172672.0,993.0,122050.0,993.0,122050.0,844.3131728842854,103796.2618945191,844.3131728842854,0.0,0.0,1068.5253502229316,115675.53777927483,0.22200521649371963,4.04141907720311,4.0,492.0,0.0,0.0,89.30000000032487,10885.100000022068,5.849999999999113,294.15000000000106,49.650000000180626,6102.500000013435,0.0,0.0,0.0,0.0,0.0,0.0,9.930000000000064,1220.5,496.5,61025.0,0.0,20.0,506.4300000000003,62245.500000000065,0.0,0.0,1068.5253502229316,115675.53777927483
174,2020-06-23,2020,True,50.47540983606557,993,993,1020,104640.57506740339,1010.935762749848,14125,32,0.0,0.8680882764438975,0.12467789549445654,0.16648639895701478,0.16906853970385644,0.38389534758192645,0.9661480362537764,0.12111955182103668,253914.54354202453,0,False,False,True,"{""0"":null,""1"":null,""2"":null,""3"":null}",993.0,173665.0,993.0,123043.0,993.0,123043.0,844.3131728842854,104640.57506740339,844.3131728842854,0.0,0.0,1010.9357627498539,116686.47354202469,0.0,4.04141907720311,4.0,496.0,0.0,0.0,89.30000000032487,10974.400000022393,0.0,294.15000000000106,49.650000000180626,6152.150000013616,0.0,0.0,0.0,0.0,0.0,0.0,9.930000000000064,1230.43,496.5,61521.5,0.0,20.0,506.4300000000003,62751.930000000066,0.0,0.0,1010.9357627498539,116686.47354202469
175,2020-06-24,2020,True,50.478142076502735,993,993,1020,105484.88824028768,937.1245112099052,14211,54,0.0,0.8348097398081289,0.14726129715463923,0.16672182892447446,0.16932251686819558,0.38389534758192645,0.9659516616314199,0.1459095417267769,254345.23805323444,0,False,False,True,"{""0"":null,""1"":null,""2"":null,""3"":null}",993.0,174658.0,993.0,124036.0,993.0,124036.0,844.3131728842854,105484.88824028768,844.3131728842854,0.0,0.0,937.1245112098986,117623.59805323459,0.0,4.04141907720311,4.0,500.0,0.0,0.0,89.30000000032487,11063.700000022718,0.0,294.15000000000106,49.650000000180626,6201.800000013796,0.0,0.0,0.0,0.0,0.0,0.0,9.930000000000064,1240.3600000000001,496.5,62018.0,0.0,20.0,506.4300000000003,63258.360000000066,0.0,0.0,937.1245112098986,117623.59805323459
176,2020-06-25,2020,True,50.48087431693989,993,993,1020,106329.20141317196,892.6714495300197,14344,49,0.0,0.8388784667204799,0.15290157240818392,0.16650073128303033,0.16918164508428776,0.38389534758192645,0.9661530715005036,0.16873884246926538,254731.47950276447,0,False,False,True,"{""0"":null,""1"":null,""2"":null,""3"":null}",993.0,175651.0,993.0,125029.0,993.0,125029.0,844.3131728842854,106329.20141317196,844.3131728842854,0.0,0.0,892.6714495300257,118516.26950276461,0.0,4.04141907720311,4.0,504.0,0.0,0.0,89.30000000032487,11153.000000023043,2.9999999999995453,297.1500000000006,49.650000000180626,6251.450000013977,0.0,0.0,0.0,0.0,0.0,0.0,9.930000000000064,1250.2900000000002,496.5,62514.5,0.0,20.0,506.4300000000003,63764.790000000066,0.0,0.0,892.6714495300257,118516.26950276461
177,2020-06-26,2020,True,50.48360655737705,992,992,1020,107172.8006177882,865.8936325128101,14428,56,0.016988706423285545,0.824599445843974,0.1694442066460472,0.16603232175153307,0.16866962475760977,0.3836472553202913,0.9661844758064516,0.1899801462359614,255091.45313527726,0,False,False,True,"{""0"":null,""1"":null,""2"":null,""3"":null}",992.0,176643.0,992.0,126021.0,992.0,126021.0,843.5992046162428,107172.8006177882,843.5992046162428,0.0,0.0,865.8936325128161,119382.16313527743,0.01698870642328565,4.058407783626396,4.0,508.0,0.0,0.0,89.20000000032451,11242.200000023367,1.7999999999997272,298.95000000000033,49.600000000180444,6301.050000014157,0.0,0.0,0.0,0.0,0.0,0.0,9.920000000000073,1260.2100000000003,496.0,63010.5,0.0,20.0,505.91999999999825,64270.710000000065,0.0,0.0,865.8936325128161,119382.16313527743
178,2020-06-27,2020,False,50.486338797814206,992,0,1020,107172.8006177882,0.0,13599,56,0.0,,,0.16602749638104283,0.16857982530866078,0.3836472553202913,0.9680443548387097,0.1152931270697161,255091.45313527726,0,False,False,True,"{""0"":null,""1"":null,""2"":null,""3"":null}",992.0,177635.0,0.0,126021.0,0.0,126021.0,0.0,107172.8006177882,0.0,0.0,0.0,0.0,119382.16313527743,0.0,4.058407783626396,0.0,508.0,0.0,0.0,0.0,11242.200000023367,0.0,298.95000000000033,0.0,6301.050000014157,0.0,0.0,0.0,0.0,0.0,0.0,0.0,1260.2100000000003,0.0,63010.5,0.0,20.0,0.0,64270.710000000065,0.0,0.0,0.0,119382.16313527743
179,2020-06-28,2020,False,50.48907103825137,992,0,1020,107172.8006177882,0.0,13599,56,0.0,,,0.1660274963810428,0.16857982530866078,0.3836472553202913,0.9680443548387097,0.06630155342865897,255091.45313527726,0,False,False,True,"{""0"":null,""1"":null,""2"":null,""3"":null}",992.0,178627.0,0.0,126021.0,0.0,126021.0,0.0,107172.8006177882,0.0,0.0,0.0,0.0,119382.16313527743,0.0,4.058407783626396,0.0,508.0,0.0,0.0,0.0,11242.200000023367,0.0,298.95000000000033,0.0,6301.050000014157,0.0,0.0,0.0,0.0,0.0,0.0,0.0,1260.2100000000003,0.0,63010.5,0.0,20.0,0.0,64270.710000000065,0.0,0.0,0.0,119382.16313527743
180,2020-06-29,2020,True,50.49180327868852,992,992,1020,108016.39982240445,1048.2054336900833,14595,12,0.0,0.8497647210233122,0.14353761226140813,0.16602749638104283,0.16857982530866075,0.3836472553202913,0.966960685483871,0.09491711188405785,255633.73856896732,0,False,False,True,"{""0"":null,""1"":null,""2"":null,""3"":null}",992.0,179619.0,992.0,127013.0,992.0,127013.0,843.5992046162428,108016.39982240445,843.5992046162428,0.0,0.0,1048.2054336900765,120430.3685689675,0.0,4.058407783626396,4.0,512.0,0.0,0.0,89.20000000032451,11331.400000023692,8.399999999998727,307.34999999999906,49.600000000180444,6350.650000014338,0.0,0.0,0.0,0.0,0.0,0.0,9.920000000000073,1270.1300000000003,496.0,63506.5,0.0,20.0,505.91999999999825,64776.63000000006,0.0,0.0,1048.2054336900765,120430.3685689675
181,2020-06-30,2020,True,50.494535519125684,992,992,1020,108859.99902702069,993.548652909707,14615,29,0.0,0.8265667312058735,0.18725322883665874,0.16600514585490894,0.16868447974423542,0.3836472553202913,0.9671320564516129,0.12167188802183701,256121.367221877,0,False,False,True,"{""0"":null,""1"":null,""2"":null,""3"":null}",992.0,180611.0,992.0,128005.0,992.0,128005.0,843.5992046162428,108859.99902702069,843.5992046162428,0.0,0.0,993.5486529097107,121423.91722187721,0.0,4.058407783626396,4.0,516.0,0.0,0.0,89.20000000032451,11420.600000024016,0.0,307.34999999999906,49.600000000180444,6400.250000014518,0.0,0.0,0.0,0.0,0.0,0.0,9.920000000000073,1280.0500000000004,496.0,64002.5,0.0,20.0,505.91999999999825,65282.55000000006,0.0,0.0,993.5486529097107,121423.91722187721
182,2020-07-01,2020,True,50.49726775956284,991,991,1020,109702.75430293963,1149.231437086129,14698,45,0.0,0.836529020614258,0.15274074720173086,0.16590241868033234,0.168654536875069,0.38371308504561413,0.9659687184661957,0.14655118640727544,256765.18865896313,0,False,False,True,"{""0"":null,""1"":null,""2"":null,""3"":null}",991.0,181602.0,991.0,128996.0,991.0,128996.0,842.7552759189421,109702.75430293963,842.7552759189421,0.0,0.0,1149.2314370861277,122573.14865896334,0.0,4.058407783626396,4.0,520.0,0.0,0.0,89.10000000032414,11509.70000002434,0.0,307.34999999999906,49.55000000018026,6449.8000000146985,0.0,0.0,0.0,0.0,0.0,0.0,9.910000000000082,1289.9600000000005,495.5,64498.0,0.0,20.0,505.4100000000035,65787.96000000006,0.0,0.0,1149.2314370861277,122573.14865896334
183,2020-07-02,2020,True,50.5,990,990,1020,110544.59939549338,1099.6166758160637,14819,46,0.1312105862929301,0.81111084012162,0.18637389880030103,0.16564729282656204,0.1683731402898979,0.38377891477093695,0.9652575757575758,0.16924461934573115,257359.9053347792,0,False,False,True,"{""0"":null,""1"":null,""2"":null,""3"":null}",990.0,182592.0,990.0,129986.0,990.0,129986.0,841.8450925537472,110544.59939549338,841.8450925537472,0.0,0.0,1099.616675816069,123672.76533477941,0.13121058629293003,4.189618369919326,4.0,524.0,0.0,0.0,89.00000000032378,11598.700000024664,1.7999999999997272,309.1499999999988,49.50000000018008,6499.300000014879,0.0,0.0,0.0,0.0,0.0,0.0,9.900000000000091,1299.8600000000006,495.0,64993.0,0.0,20.0,504.8999999999942,66292.86000000006,0.0,0.0,1099.616675816069,123672.76533477941
184,2020-07-03,2020,True,50.50273224043716,990,990,1020,111386.44448804713,1054.7076509221001,14943,39,0.05704785094142153,0.8172243630392013,0.1743699192201141,0.16558170982827292,0.16827059468035419,0.38377891477093695,0.965540404040404,0.19030867232064544,257909.7129857013,0,False,False,True,"{""0"":null,""1"":null,""2"":null,""3"":null}",990.0,183582.0,990.0,130976.0,990.0,130976.0,841.8450925537472,111386.44448804713,841.8450925537472,0.0,0.0,1054.7076509220933,124727.4729857015,0.057047850941421174,4.246666220860747,4.0,528.0,0.0,0.0,89.00000000032378,11687.700000024988,2.5499999999996135,311.6999999999984,49.50000000018008,6548.800000015059,0.0,0.0,0.0,0.0,0.0,0.0,9.900000000000091,1309.7600000000007,495.0,65488.0,0.0,20.0,504.8999999999942,66797.76000000005,0.0,0.0,1054.7076509220933,124727.4729857015
185,2020-07-04,2020,False,50.505464480874316,990,0,1020,111386.44448804713,0.0,14099,39,0.0,,,0.16570002028834474,0.1682947175209782,0.38377891477093695,0.9675202020202021,0.11556693813203171,257909.7129857013,0,False,False,True,"{""0"":null,""1"":null,""2"":null,""3"":null}",990.0,184572.0,0.0,130976.0,0.0,130976.0,0.0,111386.44448804713,0.0,0.0,0.0,0.0,124727.4729857015,0.0,4.246666220860747,0.0,528.0,0.0,0.0,0.0,11687.700000024988,0.0,311.6999999999984,0.0,6548.800000015059,0.0,0.0,0.0,0.0,0.0,0.0,0.0,1309.7600000000007,0.0,65488.0,0.0,20.0,0.0,66797.76000000005,0.0,0.0,0.0,124727.4729857015
186,2020-07-05,2020,False,50.50819672131148,990,0,1020,111386.44448804713,0.0,14099,39,0.0,,,0.16570002028834474,0.1682947175209782,0.38377891477093695,0.9675202020202021,0.06655535606583987,257909.7129857013,0,False,False,True,"{""0"":null,""1"":null,""2"":null,""3"":null}",990.0,185562.0,0.0,130976.0,0.0,130976.0,0.0,111386.44448804713,0.0,0.0,0.0,0.0,124727.4729857015,0.0,4.246666220860747,0.0,528.0,0.0,0.0,0.0,11687.700000024988,0.0,311.6999999999984,0.0,6548.800000015059,0.0,0.0,0.0,0.0,0.0,0.0,0.0,1309.7600000000007,0.0,65488.0,0.0,20.0,0.0,66797.76000000005,0.0,0.0,0.0,124727.4729857015
187,2020-07-06,2020,True,50.51092896174863,990,990,1020,112228.28958060087,1288.1003786346994,15070,17,0.0,0.8625595499406533,0.12180765673091934,0.16570002028834474,0.1682947175209782,0.38377891477093695,0.9662171717171717,0.09521901458246353,258692.913364336,0,False,False,True,"{""0"":null,""1"":null,""2"":null,""3"":null}",990.0,186552.0,990.0,131966.0,990.0,131966.0,841.8450925537472,112228.28958060087,841.8450925537472,0.0,0.0,1288.1003786346992,126015.5733643362,0.0,4.246666220860747,4.0,532.0,0.0,0.0,89.00000000032378,11776.700000025312,5.849999999999113,317.5499999999975,49.50000000018008,6598.300000015239,0.0,0.0,0.0,0.0,0.0,0.0,9.900000000000091,1319.6600000000008,495.0,65983.0,0.0,20.0,504.8999999999942,67302.66000000005,0.0,0.0,1288.1003786346992,126015.5733643362
188,2020-07-07,2020,True,50.513661202185794,990,990,1020,113070.13467315462,1225.438810545396,15124,31,0.0,0.8605840365510625,0.1349576878359518,0.16559286250094518,0.16829654214878173,0.38377891477093695,0.9667171717171716,0.12205907043522925,259413.45217488141,0,False,False,True,"{""0"":null,""1"":null,""2"":null,""3"":null}",990.0,187542.0,990.0,132956.0,990.0,132956.0,841.8450925537472,113070.13467315462,841.8450925537472,0.0,0.0,1225.4388105453982,127241.0121748816,0.0,4.246666220860747,4.0,536.0,0.0,0.0,89.00000000032378,11865.700000025636,0.0,317.5499999999975,49.50000000018008,6647.800000015419,0.0,0.0,0.0,0.0,0.0,0.0,9.900000000000091,1329.5600000000009,495.0,66478.0,0.0,20.0,504.8999999999942,67807.56000000004,0.0,0.0,1225.4388105453982,127241.0121748816
189,2020-07-08,2020,True,50.51639344262295,990,990,1020,113911.97976570837,1187.462587105975,15225,43,0.0,0.8151025153244558,0.17614884748282233,0.1656273640254034,0.16822135880333916,0.38377891477093695,0.9669393939393939,0.14694673912216508,260096.0147619874,0,False,False,True,"{""0"":null,""1"":null,""2"":null,""3"":null}",990.0,188532.0,990.0,133946.0,990.0,133946.0,841.8450925537472,113911.97976570837,841.8450925537472,0.0,0.0,1187.4625871059689,128428.47476198757,0.0,4.246666220860747,4.0,540.0,0.0,0.0,89.00000000032378,11954.70000002596,0.0,317.5499999999975,49.50000000018008,6697.300000015599,0.0,0.0,0.0,0.0,0.0,0.0,9.900000000000091,1339.460000000001,495.0,66973.0,0.0,20.0,504.8999999999942,68312.46000000004,0.0,0.0,1187.4625871059689,128428.47476198757
190,2020-07-09,2020,True,50.51912568306011,990,990,1021,114753.90115316265,1123.8715134844877,15307,47,0.0,0.8454537458165224,0.15987606053151635,0.16578435749266116,0.16774785829537375,0.3837024868508675,0.9653636363636364,0.1698322654733665,260713.9862754719,0,False,False,True,"{""0"":null,""1"":null,""2"":null,""3"":null}",990.0,189522.0,990.0,134936.0,990.0,134936.0,841.9213874542766,114753.90115316265,841.9213874542766,0.0,0.0,1123.8715134844824,129552.34627547205,0.0,4.246666220860747,4.0,544.0,0.0,0.0,89.00000000032378,12043.700000026283,2.5499999999996135,320.0999999999971,49.50000000018008,6746.800000015779,0.0,0.0,0.0,0.0,0.0,0.0,9.900000000000091,1349.360000000001,495.0,67468.0,1.0,21.0,504.8999999999942,68817.36000000003,0.0,0.0,1123.8715134844824,129552.34627547205
191,2020-07-10,2020,True,50.521857923497265,990,990,1021,115595.82254061692,1089.199805580874,15420,48,0.0,0.8323525274070478,0.16792766641881351,0.1655406594786172,0.16726997312246925,0.3837024868508675,0.9647929292929293,0.1907511811208749,261298.28608105276,0,False,False,True,"{""0"":null,""1"":null,""2"":null,""3"":null}",990.0,190512.0,990.0,135926.0,990.0,135926.0,841.9213874542766,115595.82254061692,841.9213874542766,0.0,0.0,1089.19980558088,130641.54608105293,0.0,4.246666220860747,4.0,548.0,0.0,0.0,89.00000000032378,12132.700000026607,2.0999999999996817,322.1999999999968,49.50000000018008,6796.300000015959,0.0,0.0,0.0,0.0,0.0,0.0,9.900000000000091,1359.2600000000011,495.0,67963.0,0.0,21.0,504.8999999999942,69322.26000000002,0.0,0.0,1089.19980558088,130641.54608105293
192,2020-07-11,2020,False,50.52459016393443,990,0,1021,115595.82254061692,0.0,14599,48,0.0,,,0.16557136002456274,0.16736310655312694,0.3837024868508675,0.9665454545454545,0.11596446585427292,261298.28608105276,0,False,False,True,"{""0"":null,""1"":null,""2"":null,""3"":null}",990.0,191502.0,0.0,135926.0,0.0,135926.0,0.0,115595.82254061692,0.0,0.0,0.0,0.0,130641.54608105293,0.0,4.246666220860747,0.0,548.0,0.0,0.0,0.0,12132.700000026607,0.0,322.1999999999968,0.0,6796.300000015959,0.0,0.0,0.0,0.0,0.0,0.0,0.0,1359.2600000000011,0.0,67963.0,0.0,21.0,0.0,69322.26000000002,0.0,0.0,0.0,130641.54608105293
193,2020-07-12,2020,False,50.52732240437158,990,0,1021,115595.82254061692,0.0,14599,48,0.0,,,0.16557136002456274,0.16736310655312697,0.3837024868508675,0.9665454545454545,0.06696797105950454,261298.28608105276,0,False,False,True,"{""0"":null,""1"":null,""2"":null,""3"":null}",990.0,192492.0,0.0,135926.0,0.0,135926.0,0.0,115595.82254061692,0.0,0.0,0.0,0.0,130641.54608105293,0.0,4.246666220860747,0.0,548.0,0.0,0.0,0.0,12132.700000026607,0.0,322.1999999999968,0.0,6796.300000015959,0.0,0.0,0.0,0.0,0.0,0.0,0.0,1359.2600000000011,0.0,67963.0,0.0,21.0,0.0,69322.26000000002,0.0,0.0,0.0,130641.54608105293
194,2020-07-13,2020,True,50.53005464480874,990,990,1021,116437.7439280712,1313.2067370538873,15571,13,0.0,0.8322585239296663,0.15428413051271497,0.1655713600245627,0.16736310655312694,0.3837024868508675,0.9652272727272728,0.095619819025947,262106.59281810667,0,False,False,True,"{""0"":null,""1"":null,""2"":null,""3"":null}",990.0,193482.0,990.0,136916.0,990.0,136916.0,841.9213874542766,116437.7439280712,841.9213874542766,0.0,0.0,1313.2067370538862,131954.75281810682,0.0,4.246666220860747,4.0,552.0,0.0,0.0,89.00000000032378,12221.70000002693,7.199999999998909,329.3999999999957,49.50000000018008,6845.800000016139,0.0,0.0,0.0,0.0,0.0,0.0,9.900000000000091,1369.1600000000012,495.0,68458.0,0.0,21.0,504.8999999999942,69827.16000000002,0.0,0.0,1313.2067370538862,131954.75281810682
195,2020-07-14,2020,True,50.532786885245905,990,990,1021,117279.66531552548,1220.820220666839,15633,26,0.0,0.8505469609191663,0.15223742870989318,0.1655424923097868,0.16738987448192533,0.3837024868508675,0.9662626262626263,0.12229102873487387,262822.5130387735,0,False,False,True,"{""0"":null,""1"":null,""2"":null,""3"":null}",990.0,194472.0,990.0,137906.0,990.0,137906.0,841.9213874542766,117279.66531552548,841.9213874542766,0.0,0.0,1220.8202206668502,133175.57303877367,0.0,4.246666220860747,4.0,556.0,0.0,0.0,89.00000000032378,12310.700000027255,0.0,329.3999999999957,49.50000000018008,6895.300000016319,0.0,0.0,0.0,0.0,0.0,0.0,9.900000000000091,1379.0600000000013,495.0,68953.0,0.0,21.0,504.8999999999942,70332.06000000001,0.0,0.0,1220.8202206668502,133175.57303877367
196,2020-07-15,2020,True,50.53551912568306,990,990,1021,118121.58670297975,1185.3320215107915,15718,45,0.0,0.8433880795161969,0.1496460703813317,0.16556135783740317,0.16740727635675254,0.3837024868508675,0.9662626262626263,0.14701217866379096,263502.9450602843,0,False,False,True,"{""0"":null,""1"":null,""2"":null,""3"":null}",990.0,195462.0,990.0,138896.0,990.0,138896.0,841.9213874542766,118121.58670297975,841.9213874542766,0.0,0.0,1185.3320215107815,134360.90506028445,0.0,4.246666220860747,4.0,560.0,0.0,0.0,89.00000000032378,12399.700000027578,0.0,329.3999999999957,49.50000000018008,6944.800000016499,0.0,0.0,0.0,0.0,0.0,0.0,9.900000000000091,1388.9600000000014,495.0,69448.0,0.0,21.0,504.8999999999942,70836.96,0.0,0.0,1185.3320215107815,134360.90506028445
197,2020-07-16,2020,True,50.53825136612022,990,990,1022,118963.73170610657,1115.1762402482375,15820,48,0.0,0.8343848826280125,0.1530623886825599,0.165464779470401,0.16657933192258909,0.3837024868508675,0.9652929292929293,0.16987142669056185,264112.2213005325,0,False,False,True,"{""0"":null,""1"":null,""2"":null,""3"":null}",990.0,196452.0,990.0,139886.0,990.0,139886.0,842.1450031268178,118963.73170610657,842.1450031268178,0.0,0.0,1115.1762402482273,135476.08130053268,0.0,4.246666220860747,4.0,564.0,0.0,0.0,89.00000000032378,12488.700000027902,1.9499999999997044,331.3499999999954,49.50000000018008,6994.300000016679,0.0,0.0,0.0,0.0,0.0,0.0,9.900000000000091,1398.8600000000015,495.0,69943.0,1.0,22.0,504.8999999999942,71341.86,0.0,0.0,1115.1762402482273,135476.08130053268
198,2020-07-17,2020,True,50.540983606557376,990,990,1022,119805.87670923339,1068.7263690236618,15915,49,0.0,0.8222882411574839,0.17625690387740586,0.16535801159094482,0.16652206437303804,0.3837024868508675,0.9647474747474748,0.1907902148079674,264676.04766955617,0,False,False,True,"{""0"":null,""1"":null,""2"":null,""3"":null}",990.0,197442.0,990.0,140876.0,990.0,140876.0,842.1450031268178,119805.87670923339,842.1450031268178,0.0,0.0,1068.7263690236723,136544.80766955635,0.0,4.246666220860747,4.0,568.0,0.0,0.0,89.00000000032378,12577.700000028226,1.9499999999997044,333.2999999999951,49.50000000018008,7043.8000000168595,0.0,0.0,0.0,0.0,0.0,0.0,9.900000000000091,1408.7600000000016,495.0,70438.0,0.0,22.0,504.8999999999942,71846.76,0.0,0.0,1068.7263690236723,136544.80766955635
199,2020-07-18,2020,False,50.54371584699454,990,0,1022,119805.87670923339,0.0,15099,49,0.0,,,0.16538241642945017,0.1665531715848838,0.3837024868508675,0.9665050505050505,0.1159776367833234,264676.04766955617,0,False,False,True,"{""0"":null,""1"":null,""2"":null,""3"":null}",990.0,198432.0,0.0,140876.0,0.0,140876.0,0.0,119805.87670923339,0.0,0.0,0.0,0.0,136544.80766955635,0.0,4.246666220860747,0.0,568.0,0.0,0.0,0.0,12577.700000028226,0.0,333.2999999999951,0.0,7043.8000000168595,0.0,0.0,0.0,0.0,0.0,0.0,0.0,1408.7600000000016,0.0,70438.0,0.0,22.0,0.0,71846.76,0.0,0.0,0.0,136544.80766955635
200,2020-07-19,2020,False,50.54644808743169,990,0,1022,119805.87670923339,0.0,15099,49,0.0,,,0.16538241642945017,0.16655317158488384,0.3837024868508675,0.9665050505050505,0.06693722959965064,264676.04766955617,0,False,False,True,"{""0"":null,""1"":null,""2"":null,""3"":null}",990.0,199422.0,0.0,140876.0,0.0,140876.0,0.0,119805.87670923339,0.0,0.0,0.0,0.0,136544.80766955635,0.0,4.246666220860747,0.0,568.0,0.0,0.0,0.0,12577.700000028226,0.0,333.2999999999951,0.0,7043.8000000168595,0.0,0.0,0.0,0.0,0.0,0.0,0.0,1408.7600000000016,0.0,70438.0,0.0,22.0,0.0,71846.76,0.0,0.0,0.0,136544.80766955635
201,2020-07-20,2020,True,50.549180327868854,990,990,1022,120648.0217123602,1325.7828822710076,16067,17,0.0,0.8454738225718759,0.14473271036605415,0.16538241642945017,0.16655317158488384,0.3837024868508675,0.9650151515151515,0.09540532783715046,265496.9305518271,0,False,False,True,"{""0"":null,""1"":null,""2"":null,""3"":null}",990.0,200412.0,990.0,141866.0,990.0,141866.0,842.1450031268178,120648.0217123602,842.1450031268178,0.0,0.0,1325.7828822710144,137870.59055182736,0.0,4.246666220860747,4.0,572.0,0.0,0.0,89.00000000032378,12666.70000002855,7.349999999998886,340.649999999994,49.50000000018008,7093.30000001704,0.0,0.0,0.0,0.0,0.0,0.0,9.900000000000091,1418.6600000000017,495.0,70933.0,0.0,22.0,504.8999999999942,72351.65999999999,0.0,0.0,1325.7828822710144,137870.59055182736
202,2020-07-21,2020,True,50.55191256830601,990,990,1022,121490.16671548702,1241.8192387985819,16131,35,0.0,0.839388406552114,0.14988531690288864,0.16532643609757303,0.16657012859503492,0.3837024868508675,0.9657171717171716,0.1220677462877551,266233.8497906257,0,False,False,True,"{""0"":null,""1"":null,""2"":null,""3"":null}",990.0,201402.0,990.0,142856.0,990.0,142856.0,842.1450031268178,121490.16671548702,842.1450031268178,0.0,0.0,1241.8192387985764,139112.40979062594,0.0,4.246666220860747,4.0,576.0,0.0,0.0,89.00000000032378,12755.700000028874,0.0,340.649999999994,49.50000000018008,7142.80000001722,0.0,0.0,0.0,0.0,0.0,0.0,9.900000000000091,1428.5600000000018,495.0,71428.0,0.0,22.0,504.8999999999942,72856.55999999998,0.0,0.0,1241.8192387985764,139112.40979062594
203,2020-07-22,2020,True,50.55464480874317,990,990,1022,122332.31171861384,1178.7187302052678,16232,55,0.0,0.8202106605675226,0.16936476035467615,0.16536726940454166,0.16655782677888603,0.3837024868508675,0.9662272727272727,0.14677719516225676,266907.6685208309,0,False,False,True,"{""0"":null,""1"":null,""2"":null,""3"":null}",990.0,202392.0,990.0,143846.0,990.0,143846.0,842.1450031268178,122332.31171861384,842.1450031268178,0.0,0.0,1178.7187302052625,140291.1285208312,0.0,4.246666220860747,4.0,580.0,0.0,0.0,89.00000000032378,12844.700000029197,0.0,340.649999999994,49.50000000018008,7192.3000000174,0.0,0.0,0.0,0.0,0.0,0.0,9.900000000000091,1438.4600000000019,495.0,71923.0,0.0,22.0,504.8999999999942,73361.45999999998,0.0,0.0,1178.7187302052625,140291.1285208312
204,2020-07-23,2020,True,50.557377049180324,990,990,1022,123174.45672174066,1139.4124650568253,16350,54,0.0,0.8222266248953103,0.17364627306758873,0.16517425368471186,0.16650987957901095,0.3837024868508675,0.9663181818181817,0.16963832598020592,267542.1809858877,0,False,False,True,"{""0"":null,""1"":null,""2"":null,""3"":null}",990.0,203382.0,990.0,144836.0,990.0,144836.0,842.1450031268178,123174.45672174066,842.1450031268178,0.0,0.0,1139.412465056812,141430.54098588802,0.0,4.246666220860747,4.0,584.0,0.0,0.0,89.00000000032378,12933.700000029521,2.5499999999996135,343.1999999999936,49.50000000018008,7241.80000001758,0.0,0.0,0.0,0.0,0.0,0.0,9.900000000000091,1448.360000000002,495.0,72418.0,0.0,22.0,504.8999999999942,73866.35999999997,0.0,0.0,1139.412465056812,141430.54098588802
205,2020-07-24,2020,True,50.560109289617486,990,990,1022,124016.60172486748,1076.0042016651018,16454,56,0.0,0.8232511786475769,0.17001948099759917,0.16549883623412048,0.1664462890379139,0.3837024868508675,0.9667121212121211,0.19079650390491426,268113.2851875528,0,False,False,True,"{""0"":null,""1"":null,""2"":null,""3"":null}",990.0,204372.0,990.0,145826.0,990.0,145826.0,842.1450031268178,124016.60172486748,842.1450031268178,0.0,0.0,1076.0042016651132,142506.54518755313,0.0,4.246666220860747,4.0,588.0,0.0,0.0,89.00000000032378,13022.700000029845,2.6999999999995907,345.8999999999932,49.50000000018008,7291.30000001776,0.0,0.0,0.0,0.0,0.0,0.0,9.900000000000091,1458.260000000002,495.0,72913.0,0.0,22.0,504.8999999999942,74371.25999999997,0.0,0.0,1076.0042016651132,142506.54518755313
206,2020-07-25,2020,False,50.56284153005465,990,0,1022,124016.60172486748,0.0,15599,56,0.0,,,0.16525691879974094,0.16642171993848628,0.3837024868508675,0.9679393939393939,0.11595033721458618,268113.2851875528,0,False,False,True,"{""0"":null,""1"":null,""2"":null,""3"":null}",990.0,205362.0,0.0,145826.0,0.0,145826.0,0.0,124016.60172486748,0.0,0.0,0.0,0.0,142506.54518755313,0.0,4.246666220860747,0.0,588.0,0.0,0.0,0.0,13022.700000029845,0.0,345.8999999999932,0.0,7291.30000001776,0.0,0.0,0.0,0.0,0.0,0.0,0.0,1458.260000000002,0.0,72913.0,0.0,22.0,0.0,74371.25999999997,0.0,0.0,0.0,142506.54518755313
207,2020-07-26,2020,False,50.5655737704918,989,0,1022,124016.60172486748,0.0,15599,56,0.0,,,0.16545429320908972,0.16655678825346332,0.383899386740545,0.967906976744186,0.06701103564106897,268113.2851875528,0,False,False,True,"{""0"":null,""1"":null,""2"":null,""3"":null}",989.0,206351.0,0.0,145826.0,0.0,145826.0,0.0,124016.60172486748,0.0,0.0,0.0,0.0,142506.54518755313,0.0,4.246666220860747,0.0,588.0,0.0,0.0,0.0,13022.700000029845,0.0,345.8999999999932,0.0,7291.30000001776,0.0,0.0,0.0,0.0,0.0,0.0,0.0,1458.260000000002,0.0,72913.0,0.0,22.0,0.0,74371.25999999997,0.0,0.0,0.0,142506.54518755313
208,2020-07-27,2020,True,50.568306010928964,989,989,1022,124858.00103372663,1279.2243185981765,16595,6,0.0,0.8595442442543921,0.13457953489020033,0.16545429320908972,0.16655678825346332,0.383899386740545,0.9669666329625886,0.09573234576929034,268888.11950615095,0,False,False,True,"{""0"":null,""1"":null,""2"":null,""3"":null}",989.0,207340.0,989.0,146815.0,989.0,146815.0,841.3993088591524,124858.00103372663,841.3993088591524,0.0,0.0,1279.2243185981642,143785.7695061513,0.0,4.246666220860747,4.0,592.0,0.0,0.0,88.90000000032342,13111.600000030168,8.399999999998727,354.29999999999194,49.4500000001799,7340.75000001794,0.0,0.0,0.0,0.0,0.0,0.0,9.8900000000001,1468.1500000000021,494.5,73407.5,0.0,22.0,504.3899999999994,74875.64999999997,0.0,0.0,1279.2243185981642,143785.7695061513
209,2020-07-28,2020,True,50.57103825136612,990,990,1023,125700.11531128697,1274.9335448753272,16633,30,0.0,0.8414700024131924,0.15297925080186278,0.16519658760192804,0.16570270562093634,0.3837024868508675,0.967378787878788,0.12249459548694687,269657.1530510263,0,False,False,True,"{""0"":null,""1"":null,""2"":null,""3"":null}",990.0,208330.0,990.0,147805.0,990.0,147805.0,842.1142775603366,125700.11531128697,842.1142775603366,0.0,0.0,1274.9335448753263,145060.70305102662,0.0,4.246666220860747,4.0,596.0,0.0,0.0,89.00000000032378,13200.600000030492,0.0,354.29999999999194,49.50000000018008,7390.25000001812,0.0,0.0,0.0,0.0,0.0,0.0,9.900000000000091,1478.0500000000022,495.0,73902.5,1.0,23.0,504.8999999999942,75380.54999999996,0.0,0.0,1274.9335448753263,145060.70305102662
210,2020-07-29,2020,True,50.57377049180328,990,990,1023,126542.2295888473,1202.0727928665094,16740,43,0.0,0.8323035182326826,0.15607604387776766,0.16515693545990748,0.16553814165513678,0.3837024868508675,0.9673232323232323,0.14732118909774705,270354.32584389276,0,False,False,True,"{""0"":null,""1"":null,""2"":null,""3"":null}",990.0,209320.0,990.0,148795.0,990.0,148795.0,842.1142775603366,126542.2295888473,842.1142775603366,0.0,0.0,1202.0727928665,146262.77584389312,0.0,4.246666220860747,4.0,600.0,0.0,0.0,89.00000000032378,13289.600000030816,0.0,354.29999999999194,49.50000000018008,7439.7500000183,0.0,0.0,0.0,0.0,0.0,0.0,9.900000000000091,1487.9500000000023,495.0,74397.5,0.0,23.0,504.8999999999942,75885.44999999995,0.0,0.0,1202.0727928665,146262.77584389312
211,2020-07-30,2020,True,50.576502732240435,990,990,1023,127384.34386640764,1140.7894758001896,16846,55,0.0,0.8332954229216147,0.1575100996956069,0.16504900939458228,0.16557261805158183,0.3837024868508675,0.9674949494949495,0.17028109722943788,270990.2153196929,0,False,False,True,"{""0"":null,""1"":null,""2"":null,""3"":null}",990.0,210310.0,990.0,149785.0,990.0,149785.0,842.1142775603366,127384.34386640764,842.1142775603366,0.0,0.0,1140.7894758001785,147403.5653196933,0.0,4.246666220860747,4.0,604.0,0.0,0.0,89.00000000032378,13378.60000003114,0.8999999999998636,355.1999999999918,49.50000000018008,7489.25000001848,0.0,0.0,0.0,0.0,0.0,0.0,9.900000000000091,1497.8500000000024,495.0,74892.5,0.0,23.0,504.8999999999942,76390.34999999995,0.0,0.0,1140.7894758001785,147403.5653196933
212,2020-07-31,2020,True,50.5792349726776,990,990,1023,128226.45814396798,1086.1153951876602,16955,46,0.0794367336342002,0.8232347889537042,0.17229515090449554,0.1649961385534161,0.16564320823571288,0.3837024868508675,0.967510101010101,0.19146320634301728,271571.4307148805,0,False,False,True,"{""0"":null,""1"":null,""2"":null,""3"":null}",990.0,211300.0,990.0,150775.0,990.0,150775.0,842.1142775603366,128226.45814396798,842.1142775603366,0.0,0.0,1086.1153951876622,148489.68071488096,0.0794367336341999,4.326102954494947,4.0,608.0,0.0,0.0,89.00000000032378,13467.600000031463,3.5999999999994543,358.79999999999126,49.50000000018008,7538.75000001866,0.0,0.0,0.0,0.0,0.0,0.0,9.900000000000091,1507.7500000000025,495.0,75387.5,0.0,23.0,504.8999999999942,76895.24999999994,0.0,0.0,1086.1153951876622,148489.68071488096
213,2020-08-01,2020,False,50.58196721311475,990,0,1023,128226.45814396798,0.0,16099,46,0.0,,,0.16500378148730305,0.16567893060079603,0.3837024868508675,0.9684999999999999,0.11648355392919528,271571.4307148805,0,False,False,True,"{""0"":null,""1"":null,""2"":null,""3"":null}",990.0,212290.0,0.0,150775.0,0.0,150775.0,0.0,128226.45814396798,0.0,0.0,0.0,0.0,148489.68071488096,0.0,4.326102954494947,0.0,608.0,0.0,0.0,0.0,13467.600000031463,0.0,358.79999999999126,0.0,7538.75000001866,0.0,0.0,0.0,0.0,0.0,0.0,0.0,1507.7500000000025,0.0,75387.5,0.0,23.0,0.0,76895.24999999994,0.0,0.0,0.0,148489.68071488096
214,2020-08-02,2020,False,50.58469945355191,990,0,1023,128226.45814396798,0.0,16099,46,0.0,,,0.16500378148730305,0.16567893060079603,0.3837024868508675,0.9684999999999999,0.06738373604950296,271571.4307148805,0,False,False,True,"{""0"":null,""1"":null,""2"":null,""3"":null}",990.0,213280.0,0.0,150775.0,0.0,150775.0,0.0,128226.45814396798,0.0,0.0,0.0,0.0,148489.68071488096,0.0,4.326102954494947,0.0,608.0,0.0,0.0,0.0,13467.600000031463,0.0,358.79999999999126,0.0,7538.75000001866,0.0,0.0,0.0,0.0,0.0,0.0,0.0,1507.7500000000025,0.0,75387.5,0.0,23.0,0.0,76895.24999999994,0.0,0.0,0.0,148489.68071488096
215,2020-08-03,2020,True,50.58743169398907,990,990,1023,129068.57242152831,1342.833652846283,17070,21,0.0,0.8352545765999427,0.15182576873520948,0.16500378148730305,0.16567893060079603,0.3837024868508675,0.9671767676767676,0.09606108480658446,272409.3643677268,0,False,False,True,"{""0"":null,""1"":null,""2"":null,""3"":null}",990.0,214270.0,990.0,151765.0,990.0,151765.0,842.1142775603366,129068.57242152831,842.1142775603366,0.0,0.0,1342.8336528462823,149832.51436772724,0.0,4.326102954494947,4.0,612.0,0.0,0.0,89.00000000032378,13556.600000031787,6.899999999998954,365.6999999999902,49.50000000018008,7588.25000001884,0.0,0.0,0.0,0.0,0.0,0.0,9.900000000000091,1517.6500000000026,495.0,75882.5,0.0,23.0,504.8999999999942,77400.14999999994,0.0,0.0,1342.8336528462823,149832.51436772724
216,2020-08-04,2020,True,50.59016393442623,990,990,1023,129910.68669908865,1269.3298189441048,17139,34,0.0,0.8383399258776154,0.14404869440297938,0.16490625187040503,0.16549626551109278,0.3837024868508675,0.9677828282828284,0.12284169658267327,273173.79418667086,0,False,False,True,"{""0"":null,""1"":null,""2"":null,""3"":null}",990.0,215260.0,990.0,152755.0,990.0,152755.0,842.1142775603366,129910.68669908865,842.1142775603366,0.0,0.0,1269.3298189440975,151101.84418667134,0.0,4.326102954494947,4.0,616.0,0.0,0.0,89.00000000032378,13645.600000032111,0.0,365.6999999999902,49.50000000018008,7637.75000001902,0.0,0.0,0.0,0.0,0.0,0.0,9.900000000000091,1527.5500000000027,495.0,76377.5,0.0,23.0,504.8999999999942,77905.04999999993,0.0,0.0,1269.3298189440975,151101.84418667134
217,2020-08-05,2020,True,50.59289617486339,990,990,1023,130752.80097664898,1218.761062407165,17256,46,0.0,0.8626480462122494,0.1265742105980883,0.1647866251442289,0.16538141542096213,0.3837024868508675,0.9680454545454545,0.1477152046338395,273887.655249078,0,False,False,True,"{""0"":null,""1"":null,""2"":null,""3"":null}",990.0,216250.0,990.0,153745.0,990.0,153745.0,842.1142775603366,130752.80097664898,842.1142775603366,0.0,0.0,1218.7610624071676,152320.6052490785,0.0,4.326102954494947,4.0,620.0,0.0,0.0,89.00000000032378,13734.600000032435,0.0,365.6999999999902,49.50000000018008,7687.2500000192,0.0,0.0,0.0,0.0,0.0,0.0,9.900000000000091,1537.4500000000028,495.0,76872.5,0.0,23.0,504.8999999999942,78409.94999999992,0.0,0.0,1218.7610624071676,152320.6052490785
218,2020-08-06,2020,True,50.595628415300546,991,991,1024,131595.88687709844,1136.6392898914726,17367,37,0.0,0.8263528148787124,0.174372592470959,0.16481047558802855,0.16455554957293134,0.3836366571255447,0.9681685166498487,0.17075082299606065,274517.8845389695,0,False,False,True,"{""0"":null,""1"":null,""2"":null,""3"":null}",991.0,217241.0,991.0,154736.0,991.0,154736.0,843.085900449456,131595.88687709844,843.085900449456,0.0,0.0,1136.6392898914637,153457.24453896997,0.0,4.326102954494947,4.0,624.0,0.0,0.0,89.10000000032414,13823.700000032759,3.1499999999995225,368.84999999998973,49.55000000018026,7736.800000019381,0.0,0.0,0.0,0.0,0.0,0.0,9.910000000000082,1547.3600000000029,495.5,77368.0,1.0,24.0,505.4100000000035,78915.35999999993,0.0,0.0,1136.6392898914637,153457.24453896997
219,2020-08-07,2020,True,50.59836065573771,991,991,1024,132438.9727775479,1085.6869775762325,17454,34,0.0,0.8142237518129165,0.1873972115974167,0.1647559607456185,0.16456292018141788,0.3836366571255447,0.9683905146316851,0.19201836873084985,275098.16151654575,0,False,False,True,"{""0"":null,""1"":null,""2"":null,""3"":null}",991.0,218232.0,991.0,155727.0,991.0,155727.0,843.085900449456,132438.9727775479,843.085900449456,0.0,0.0,1085.6869775762316,154542.9315165462,0.0,4.326102954494947,4.0,628.0,0.0,0.0,89.10000000032414,13912.800000033083,1.9499999999997044,370.79999999998944,49.55000000018026,7786.350000019561,0.0,0.0,0.0,0.0,0.0,0.0,9.910000000000082,1557.270000000003,495.5,77863.5,0.0,24.0,505.4100000000035,79420.76999999993,0.0,0.0,1085.6869775762316,154542.9315165462
220,2020-08-08,2020,False,50.60109289617486,991,0,1024,132438.9727775479,0.0,16599,34,0.0,,,0.16491683028573773,0.16474138345487416,0.3836366571255447,0.969212916246216,0.11695547722006437,275098.16151654575,0,False,False,True,"{""0"":null,""1"":null,""2"":null,""3"":null}",991.0,219223.0,0.0,155727.0,0.0,155727.0,0.0,132438.9727775479,0.0,0.0,0.0,0.0,154542.9315165462,0.0,4.326102954494947,0.0,628.0,0.0,0.0,0.0,13912.800000033083,0.0,370.79999999998944,0.0,7786.350000019561,0.0,0.0,0.0,0.0,0.0,0.0,0.0,1557.270000000003,0.0,77863.5,0.0,24.0,0.0,79420.76999999993,0.0,0.0,0.0,154542.9315165462
221,2020-08-09,2020,False,50.60382513661202,991,0,1024,132438.9727775479,0.0,16599,34,0.0,,,0.16491683028573773,0.16474138345487416,0.3836366571255447,0.969212916246216,0.06779273123870609,275098.16151654575,0,False,False,True,"{""0"":null,""1"":null,""2"":null,""3"":null}",991.0,220214.0,0.0,155727.0,0.0,155727.0,0.0,132438.9727775479,0.0,0.0,0.0,0.0,154542.9315165462,0.0,4.326102954494947,0.0,628.0,0.0,0.0,0.0,13912.800000033083,0.0,370.79999999998944,0.0,7786.350000019561,0.0,0.0,0.0,0.0,0.0,0.0,0.0,1557.270000000003,0.0,77863.5,0.0,24.0,0.0,79420.76999999993,0.0,0.0,0.0,154542.9315165462
222,2020-08-10,2020,True,50.60655737704918,991,991,1024,133282.05867799735,1345.1081835025639,17571,14,0.0,0.8345731470334525,0.1691528083884325,0.16491683028573775,0.16474138345487416,0.3836366571255447,0.9681130171543895,0.09659179272402811,275937.85970004834,0,False,False,True,"{""0"":null,""1"":null,""2"":null,""3"":null}",991.0,221205.0,991.0,156718.0,991.0,156718.0,843.085900449456,133282.05867799735,843.085900449456,0.0,0.0,1345.1081835025689,155888.03970004877,0.0,4.326102954494947,4.0,632.0,0.0,0.0,89.10000000032414,14001.900000033407,5.099999999999227,375.89999999998867,49.55000000018026,7835.900000019741,0.0,0.0,0.0,0.0,0.0,0.0,9.910000000000082,1567.180000000003,495.5,78359.0,0.0,24.0,505.4100000000035,79926.17999999993,0.0,0.0,1345.1081835025689,155888.03970004877
223,2020-08-11,2020,True,50.60928961748634,991,991,1024,134125.1445784468,1245.6246299244012,17636,35,0.5045156997057829,0.8506613985446112,0.1360237211441748,0.16485171364774656,0.16470843921132614,0.3836366571255447,0.9680928355196771,0.12342328500514613,276678.0743299728,0,False,False,True,"{""0"":null,""1"":null,""2"":null,""3"":null}",991.0,222196.0,991.0,157709.0,991.0,157709.0,843.085900449456,134125.1445784468,843.085900449456,0.0,0.0,1245.624629924394,157133.66432997317,0.5045156997057827,4.8306186542007294,4.0,636.0,0.0,0.0,89.10000000032414,14091.000000033731,0.0,375.89999999998867,49.55000000018026,7885.450000019921,0.0,0.0,0.0,0.0,0.0,0.0,9.910000000000082,1577.090000000003,495.5,78854.5,0.0,24.0,505.4100000000035,80431.58999999994,0.0,0.0,1245.624629924394,157133.66432997317
224,2020-08-12,2020,True,50.612021857923494,991,991,1024,134968.23047889626,1215.7633180960693,17735,58,0.0,0.8405313820190281,0.14654182352796438,0.16480205075590776,0.16459914296162942,0.3836366571255447,0.9677447023208879,0.14827131373595945,277388.4276480689,0,False,False,True,"{""0"":null,""1"":null,""2"":null,""3"":null}",991.0,223187.0,991.0,158700.0,991.0,158700.0,843.085900449456,134968.23047889626,843.085900449456,0.0,0.0,1215.7633180960547,158349.42764806922,0.0,4.8306186542007294,4.0,640.0,0.0,0.0,89.10000000032414,14180.100000034055,0.0,375.89999999998867,49.55000000018026,7935.000000020102,0.0,0.0,0.0,0.0,0.0,0.0,9.910000000000082,1587.0000000000032,495.5,79350.0,0.0,24.0,505.4100000000035,80936.99999999994,0.0,0.0,1215.7633180960547,158349.42764806922
225,2020-08-13,2020,True,50.614754098360656,991,991,1024,135811.31637934572,1167.3269333998626,17858,62,0.0,0.8213944487627931,0.1829682871524634,0.16479471992958522,0.16459334589552496,0.3836366571255447,0.9679162462159435,0.17124130308388932,278050.3445814688,0,False,False,True,"{""0"":null,""1"":null,""2"":null,""3"":null}",991.0,224178.0,991.0,159691.0,991.0,159691.0,843.085900449456,135811.31637934572,843.085900449456,0.0,0.0,1167.3269333998614,159516.75458146908,0.0,4.8306186542007294,4.0,644.0,0.0,0.0,89.10000000032414,14269.20000003438,2.0999999999996817,377.99999999998835,49.55000000018026,7984.550000020282,0.0,0.0,0.0,0.0,0.0,0.0,9.910000000000082,1596.9100000000033,495.5,79845.5,0.0,24.0,505.4100000000035,81442.40999999995,0.0,0.0,1167.3269333998614,159516.75458146908
226,2020-08-14,2020,True,50.61748633879782,991,991,1024,136654.40227979518,1078.7098324109656,17969,49,0.0,0.808268577851927,0.19884324993007463,0.1648309916046963,0.16457726373100565,0.3836366571255447,0.9683753784056508,0.19242764318683211,278623.6444138798,0,False,False,True,"{""0"":null,""1"":null,""2"":null,""3"":null}",991.0,225169.0,991.0,160682.0,991.0,160682.0,843.085900449456,136654.40227979518,843.085900449456,0.0,0.0,1078.7098324109684,160595.46441388005,0.0,4.8306186542007294,4.0,648.0,0.0,0.0,89.10000000032414,14358.300000034704,3.1499999999995225,381.14999999998787,49.55000000018026,8034.100000020462,0.0,0.0,0.0,0.0,0.0,0.0,9.910000000000082,1606.8200000000033,495.5,80341.0,0.0,24.0,505.4100000000035,81947.81999999995,0.0,0.0,1078.7098324109684,160595.46441388005
227,2020-08-15,2020,False,50.62021857923497,991,0,1024,136654.40227979518,0.0,17099,49,0.0,,,0.16481987012996188,0.16463332500889982,0.3836366571255447,0.969359233097881,0.11726746183267132,278623.6444138798,0,False,False,True,"{""0"":null,""1"":null,""2"":null,""3"":null}",991.0,226160.0,0.0,160682.0,0.0,160682.0,0.0,136654.40227979518,0.0,0.0,0.0,0.0,160595.46441388005,0.0,4.8306186542007294,0.0,648.0,0.0,0.0,0.0,14358.300000034704,0.0,381.14999999998787,0.0,8034.100000020462,0.0,0.0,0.0,0.0,0.0,0.0,0.0,1606.8200000000033,0.0,80341.0,0.0,24.0,0.0,81947.81999999995,0.0,0.0,0.0,160595.46441388005
228,2020-08-16,2020,False,50.622950819672134,991,0,1024,136654.40227979518,0.0,17099,49,0.0,,,0.16481987012996185,0.16463332500889982,0.3836366571255447,0.969359233097881,0.06812362635893468,278623.6444138798,0,False,False,True,"{""0"":null,""1"":null,""2"":null,""3"":null}",991.0,227151.0,0.0,160682.0,0.0,160682.0,0.0,136654.40227979518,0.0,0.0,0.0,0.0,160595.46441388005,0.0,4.8306186542007294,0.0,648.0,0.0,0.0,0.0,14358.300000034704,0.0,381.14999999998787,0.0,8034.100000020462,0.0,0.0,0.0,0.0,0.0,0.0,0.0,1606.8200000000033,0.0,80341.0,0.0,24.0,0.0,81947.81999999995,0.0,0.0,0.0,160595.46441388005
229,2020-08-17,2020,True,50.62568306010929,991,991,1024,137497.48818024463,1321.3960264338687,18087,19,0.0,0.8496447434110952,0.15843936378714768,0.16481987012996188,0.16463332500889982,0.3836366571255447,0.9683148335015136,0.09697930233717124,279439.63044031366,0,False,False,True,"{""0"":null,""1"":null,""2"":null,""3"":null}",991.0,228142.0,991.0,161673.0,991.0,161673.0,843.085900449456,137497.48818024463,843.085900449456,0.0,0.0,1321.396026433882,161916.86044031393,0.0,4.8306186542007294,4.0,652.0,0.0,0.0,89.10000000032414,14447.400000035028,7.349999999998886,388.49999999998676,49.55000000018026,8083.650000020642,0.0,0.0,0.0,0.0,0.0,0.0,9.910000000000082,1616.7300000000034,495.5,80836.5,0.0,24.0,505.4100000000035,82453.22999999995,0.0,0.0,1321.396026433882,161916.86044031393
230,2020-08-18,2020,True,50.62841530054645,991,991,1024,138340.5740806941,1296.0693317736243,18135,33,0.0,0.8536771989610685,0.1400887324000243,0.164792201821408,0.16465280793674217,0.3836366571255447,0.9684460141271444,0.12380759019933522,280230.2897720873,0,False,False,True,"{""0"":null,""1"":null,""2"":null,""3"":null}",991.0,229133.0,991.0,162664.0,991.0,162664.0,843.085900449456,138340.5740806941,843.085900449456,0.0,0.0,1296.069331773615,163212.92977208755,0.0,4.8306186542007294,4.0,656.0,0.0,0.0,89.10000000032414,14536.500000035352,0.0,388.49999999998676,49.55000000018026,8133.200000020823,0.0,0.0,0.0,0.0,0.0,0.0,9.910000000000082,1626.6400000000035,495.5,81332.0,0.0,24.0,505.4100000000035,82958.63999999996,0.0,0.0,1296.069331773615,163212.92977208755
231,2020-08-19,2020,True,50.631147540983605,991,991,1024,139183.65998114354,1202.687991951809,18240,50,0.0,0.8334827310816831,0.16315416308252098,0.16480192890052484,0.1646571313975514,0.3836366571255447,0.9681281533804238,0.14866503426225264,280927.56776403915,0,False,False,True,"{""0"":null,""1"":null,""2"":null,""3"":null}",991.0,230124.0,991.0,163655.0,991.0,163655.0,843.085900449456,139183.65998114354,843.085900449456,0.0,0.0,1202.687991951796,164415.61776403934,0.0,4.8306186542007294,4.0,660.0,0.0,0.0,89.10000000032414,14625.600000035676,0.0,388.49999999998676,49.55000000018026,8182.750000021003,0.0,0.0,0.0,0.0,0.0,0.0,9.910000000000082,1636.5500000000036,495.5,81827.5,0.0,24.0,505.4100000000035,83464.04999999996,0.0,0.0,1202.687991951796,164415.61776403934
232,2020-08-20,2020,True,50.63387978142077,990,990,1024,140025.9907276071,1150.9184519861274,18351,58,0.0,0.8322887997017696,0.14214307930896206,0.16483717489616623,0.16464340490027396,0.3838335570152222,0.9681060606060605,0.17175339564814152,281573.5862160252,0,False,False,True,"{""0"":null,""1"":null,""2"":null,""3"":null}",990.0,231114.0,990.0,164645.0,990.0,164645.0,842.3307464635582,140025.9907276071,842.3307464635582,0.0,0.0,1150.91845198613,165566.53621602547,0.0,4.8306186542007294,4.0,664.0,0.0,0.0,89.00000000032378,14714.600000036,2.849999999999568,391.3499999999863,49.49999999944794,8232.25000002045,0.0,0.0,0.0,0.0,0.0,0.0,9.900000000000091,1646.4500000000037,495.0,82322.5,0.0,24.0,504.8999999999942,83968.94999999995,0.0,0.0,1150.91845198613,165566.53621602547
233,2020-08-21,2020,True,50.63661202185792,990,990,1024,140868.32147407066,1089.593906711397,18461,61,0.0,0.8150359667769167,0.1950770733557174,0.1648184661908502,0.16465088275611,0.3838335570152222,0.9683131313131313,0.19291830380409247,282158.2801227366,0,False,False,True,"{""0"":null,""1"":null,""2"":null,""3"":null}",990.0,232104.0,990.0,165635.0,990.0,165635.0,842.3307464635582,140868.32147407066,842.3307464635582,0.0,0.0,1089.5939067114086,166656.13012273688,0.0,4.8306186542007294,4.0,668.0,0.0,0.0,89.00000000032378,14803.600000036324,2.0999999999996817,393.449999999986,49.49999999927968,8281.75000001973,0.0,0.0,0.0,0.0,0.0,0.0,9.900000000000091,1656.3500000000038,495.0,82817.5,0.0,24.0,504.8999999999942,84473.84999999995,0.0,0.0,1089.5939067114086,166656.13012273688
234,2020-08-22,2020,False,50.63934426229508,991,0,1025,140868.32147407066,0.0,17599,61,0.0,,,0.16465801356028326,0.1638294302771967,0.3836366571255447,0.9691523713420787,0.11757060072136076,282157.2801227366,0,False,False,True,"{""0"":null,""1"":null,""2"":null,""3"":null}",991.0,233095.0,0.0,165635.0,0.0,165635.0,0.0,140868.32147407066,0.0,0.0,0.0,0.0,166656.13012273688,0.0,4.8306186542007294,0.0,668.0,0.0,0.0,0.0,14803.600000036324,0.0,393.449999999986,0.0,8281.75000001973,0.0,0.0,0.0,0.0,0.0,0.0,0.0,1656.3500000000038,0.0,82817.5,1.0,25.0,0.0,84473.84999999995,0.0,0.0,0.0,166656.13012273688
235,2020-08-23,2020,False,50.64207650273224,991,0,1025,140868.32147407066,0.0,17599,61,0.0,,,0.16465801356028326,0.1638294302771967,0.3836366571255447,0.9691523713420787,0.06845973822046168,282157.2801227366,0,False,False,True,"{""0"":null,""1"":null,""2"":null,""3"":null}",991.0,234086.0,0.0,165635.0,0.0,165635.0,0.0,140868.32147407066,0.0,0.0,0.0,0.0,166656.13012273688,0.0,4.8306186542007294,0.0,668.0,0.0,0.0,0.0,14803.600000036324,0.0,393.449999999986,0.0,8281.75000001973,0.0,0.0,0.0,0.0,0.0,0.0,0.0,1656.3500000000038,0.0,82817.5,0.0,25.0,0.0,84473.84999999995,0.0,0.0,0.0,166656.13012273688
236,2020-08-24,2020,True,50.6448087431694,991,991,1025,141711.61183136332,1329.4060833617293,18589,22,0.0,0.85567703544311,0.1390224490549154,0.16465801356028326,0.1638294302771967,0.3836366571255447,0.9678809283551967,0.09718881918799221,282981.2762060983,0,False,False,True,"{""0"":null,""1"":null,""2"":null,""3"":null}",991.0,235077.0,991.0,166626.0,991.0,166626.0,843.2903572926589,141711.61183136332,843.2903572926589,0.0,0.0,1329.4060833617405,167985.53620609862,0.0,4.8306186542007294,4.0,672.0,0.0,0.0,89.10000000032414,14892.700000036648,9.149999999998613,402.5999999999846,49.54999999927895,8331.30000001901,0.0,0.0,0.0,0.0,0.0,0.0,9.910000000000082,1666.2600000000039,495.5,83313.0,0.0,25.0,505.4100000000035,84979.25999999995,0.0,0.0,1329.4060833617405,167985.53620609862
237,2020-08-25,2020,True,50.64754098360656,991,991,1025,142554.90218865598,1272.1742327498803,18635,35,0.022039757979212656,0.872830918481163,0.11645021188515269,0.16448220471055444,0.1635841542524266,0.3836366571255447,0.967991927346115,0.12402629167226792,283748.04043884826,0,False,False,True,"{""0"":null,""1"":null,""2"":null,""3"":null}",991.0,236068.0,991.0,167617.0,991.0,167617.0,843.2903572926589,142554.90218865598,843.2903572926589,0.0,0.0,1272.1742327498796,169257.7104388485,0.022039757979213093,4.8526584121799425,4.0,676.0,0.0,0.0,89.10000000032414,14981.800000036972,0.0,402.5999999999846,49.54999999927895,8380.850000018288,0.0,0.0,0.0,0.0,0.0,0.0,9.910000000000082,1676.170000000004,495.5,83808.5,0.0,25.0,505.4100000000035,85484.66999999995,0.0,0.0,1272.1742327498796,169257.7104388485
238,2020-08-26,2020,True,50.650273224043715,991,991,1025,143398.19254594864,1229.4893114110398,18736,51,0.06063697942767488,0.8416090601588099,0.1465215897387227,0.16444354313958506,0.1634321649084187,0.3836366571255447,0.9676286579212916,0.14891440852182836,284472.1197502593,0,False,False,True,"{""0"":null,""1"":null,""2"":null,""3"":null}",991.0,237059.0,991.0,168608.0,991.0,168608.0,843.2903572926589,143398.19254594864,843.2903572926589,0.0,0.0,1229.4893114110455,170487.19975025955,0.06063697942767465,4.913295391607617,4.0,680.0,0.0,0.0,89.10000000032414,15070.900000037296,0.0,402.5999999999846,49.54999999927895,8430.400000017567,0.0,0.0,0.0,0.0,0.0,0.0,9.910000000000082,1686.080000000004,495.5,84304.0,0.0,25.0,505.4100000000035,85990.07999999996,0.0,0.0,1229.4893114110455,170487.19975025955
239,2020-08-27,2020,True,50.65300546448088,991,991,1025,144241.4829032413,1159.3510780440158,18864,46,0.0,0.8495958657604454,0.1477766087980922,0.16454487289743605,0.16359729789824834,0.3836366571255447,0.9676740665993946,0.17190162224291933,285126.0608283034,0,False,False,True,"{""0"":null,""1"":null,""2"":null,""3"":null}",991.0,238050.0,991.0,169599.0,991.0,169599.0,843.2903572926589,144241.4829032413,843.2903572926589,0.0,0.0,1159.351078044012,171646.55082830356,0.0,4.913295391607617,4.0,684.0,0.0,0.0,89.10000000032414,15160.00000003762,3.2999999999994998,405.8999999999841,49.54999999927895,8479.950000016846,0.0,0.0,0.0,0.0,0.0,0.0,9.910000000000082,1695.990000000004,495.5,84799.5,0.0,25.0,505.4100000000035,86495.48999999996,0.0,0.0,1159.351078044012,171646.55082830356
240,2020-08-28,2020,True,50.65573770491803,989,989,1025,145082.9495002168,1101.469720244673,18964,46,0.0,0.8271332783110491,0.150491705974963,0.16452634541039182,0.16355790254726987,0.383899386740545,0.9679524772497472,0.19289327202019374,285723.1405485481,0,False,False,True,"{""0"":null,""1"":null,""2"":null,""3"":null}",989.0,239039.0,989.0,170588.0,989.0,170588.0,841.4665969755151,145082.9495002168,841.4665969755151,0.0,0.0,1101.4697202446696,172748.02054854823,0.0,4.913295391607617,4.0,688.0,0.0,0.0,88.90000000032342,15248.900000037944,1.9499999999997044,407.8499999999838,49.44999999928041,8529.400000016127,0.0,0.0,0.0,0.0,0.0,0.0,9.8900000000001,1705.8800000000042,494.5,85294.0,0.0,25.0,504.3899999999994,86999.87999999996,0.0,0.0,1101.4697202446696,172748.02054854823
241,2020-08-29,2020,False,50.65846994535519,989,0,1025,145082.9495002168,0.0,18099,46,0.0,,,0.16475639068029768,0.16370689171756853,0.383899386740545,0.9689989888776542,0.11767205412333939,285723.1405485481,0,False,False,True,"{""0"":null,""1"":null,""2"":null,""3"":null}",989.0,240028.0,0.0,170588.0,0.0,170588.0,0.0,145082.9495002168,0.0,0.0,0.0,0.0,172748.02054854823,0.0,4.913295391607617,0.0,688.0,0.0,0.0,0.0,15248.900000037944,0.0,407.8499999999838,0.0,8529.400000016127,0.0,0.0,0.0,0.0,0.0,0.0,0.0,1705.8800000000042,0.0,85294.0,0.0,25.0,0.0,86999.87999999996,0.0,0.0,0.0,172748.02054854823
242,2020-08-30,2020,False,50.66120218579235,988,0,1025,145082.9495002168,0.0,18099,46,0.0,,,0.16463824491808024,0.16356082170651665,0.38388878854579833,0.9689676113360324,0.06834797722943828,285723.1405485481,0,False,False,True,"{""0"":null,""1"":null,""2"":null,""3"":null}",988.0,241016.0,0.0,170588.0,0.0,170588.0,0.0,145082.9495002168,0.0,0.0,0.0,0.0,172748.02054854823,0.0,4.913295391607617,0.0,688.0,0.0,0.0,0.0,15248.900000037944,0.0,407.8499999999838,0.0,8529.400000016127,0.0,0.0,0.0,0.0,0.0,0.0,0.0,1705.8800000000042,0.0,85294.0,0.0,25.0,0.0,86999.87999999996,0.0,0.0,0.0,172748.02054854823
243,2020-08-31,2020,True,50.66393442622951,987,987,1025,145922.6554804287,1351.8447435659034,19083,12,0.044891317119181595,0.8582007749432938,0.13551497604476423,0.16444341391878772,0.1632948826803304,0.3836366571255447,0.9681155015197568,0.09712270159092888,286571.615292114,0,False,False,True,"{""0"":null,""1"":null,""2"":null,""3"":null}",987.0,242003.0,987.0,171575.0,987.0,171575.0,839.7059802118747,145922.6554804287,839.7059802118747,0.0,0.0,1351.844743565889,174099.86529211412,0.04489131711918137,4.958186708726799,4.0,692.0,0.0,0.0,88.70000000032269,15337.600000038266,6.899999999998954,414.7499999999828,49.34999999928186,8578.750000015409,0.0,0.0,0.0,0.0,0.0,0.0,9.86999999999989,1715.750000000004,493.5,85787.5,0.0,25.0,503.36999999999534,87503.24999999996,0.0,0.0,1351.844743565889,174099.86529211412
244,2020-09-01,2020,True,50.666666666666664,987,987,1025,146762.36146064056,1291.7750272306657,19135,33,0.0,0.8388294021683981,0.14369543127627674,0.16432467558340336,0.16318835349987784,0.3836366571255447,0.9680395136778116,0.12384423732267127,287360.02031934465,0,False,False,True,"{""0"":null,""1"":null,""2"":null,""3"":null}",987.0,242990.0,987.0,172562.0,987.0,172562.0,839.7059802118747,146762.36146064056,839.7059802118747,0.0,0.0,1291.775027230673,175391.6403193448,0.0,4.958186708726799,4.0,696.0,0.0,0.0,88.70000000032269,15426.30000003859,0.0,414.7499999999828,49.34999999928186,8628.10000001469,0.0,0.0,0.0,0.0,0.0,0.0,9.86999999999989,1725.620000000004,493.5,86281.0,0.0,25.0,503.36999999999534,88006.61999999995,0.0,0.0,1291.775027230673,175391.6403193448
245,2020-09-02,2020,True,50.669398907103826,987,987,1025,147602.06744085244,1208.9055808674375,19225,46,0.13845023019770042,0.8297438506136605,0.16972431750666955,0.16436965312923008,0.16314668221217304,0.3836366571255447,0.967629179331307,0.14866325795033028,288065.5559002121,0,False,False,True,"{""0"":null,""1"":null,""2"":null,""3"":null}",987.0,243977.0,987.0,173549.0,987.0,173549.0,839.7059802118747,147602.06744085244,839.7059802118747,0.0,0.0,1208.9055808674311,176600.54590021222,0.13845023019770064,5.096636938924499,4.0,700.0,0.0,0.0,88.70000000032269,15515.000000038912,0.0,414.7499999999828,49.34999999928186,8677.450000013972,0.0,0.0,0.0,0.0,0.0,0.0,9.86999999999989,1735.4900000000039,493.5,86774.5,0.0,25.0,503.36999999999534,88509.98999999995,0.0,0.0,1208.9055808674311,176600.54590021222
246,2020-09-03,2020,True,50.67213114754098,987,987,1025,148441.7734210643,1185.1405358722975,19351,48,0.2059606031008187,0.8157498061146056,0.19140042409753058,0.1643424755287676,0.16313093976316617,0.3836366571255447,0.9676899696048632,0.17159122544629243,288747.3264360844,0,False,False,True,"{""0"":null,""1"":null,""2"":null,""3"":null}",987.0,244964.0,987.0,174536.0,987.0,174536.0,839.7059802118747,148441.7734210643,839.7059802118747,0.0,0.0,1185.140535872284,177785.6864360845,0.20596060310081832,5.3025975420253175,4.0,704.0,0.0,0.0,88.70000000032269,15603.700000039235,1.7999999999997272,416.5499999999825,49.34999999928186,8726.800000013254,0.0,0.0,0.0,0.0,0.0,0.0,9.86999999999989,1745.3600000000038,493.5,87268.0,0.0,25.0,503.36999999999534,89013.35999999994,0.0,0.0,1185.140535872284,177785.6864360845
247,2020-09-04,2020,True,50.67486338797814,987,987,1025,149281.47940127618,1100.4096345735468,19462,46,0.0,0.8064957832775687,0.17768283641891944,0.16443105444023437,0.16331235795428872,0.3836366571255447,0.96806484295846,0.19268132742376046,289344.36607065797,0,False,False,True,"{""0"":null,""1"":null,""2"":null,""3"":null}",987.0,245951.0,987.0,175523.0,987.0,175523.0,839.7059802118747,149281.47940127618,839.7059802118747,0.0,0.0,1100.4096345735597,178886.09607065807,0.0,5.3025975420253175,4.0,708.0,0.0,0.0,88.70000000032269,15692.400000039557,3.1499999999995225,419.699999999982,49.34999999928186,8776.150000012536,0.0,0.0,0.0,0.0,0.0,0.0,9.86999999999989,1755.2300000000037,493.5,87761.5,0.0,25.0,503.36999999999534,89516.72999999994,0.0,0.0,1100.4096345735597,178886.09607065807
248,2020-09-05,2020,False,50.677595628415304,987,0,1025,149281.47940127618,0.0,18599,46,0.0,,,0.16419158768371955,0.16316221877112524,0.3836366571255447,0.9689614994934144,0.11748476611575308,289344.36607065797,0,False,False,True,"{""0"":null,""1"":null,""2"":null,""3"":null}",987.0,246938.0,0.0,175523.0,0.0,175523.0,0.0,149281.47940127618,0.0,0.0,0.0,0.0,178886.09607065807,0.0,5.3025975420253175,0.0,708.0,0.0,0.0,0.0,15692.400000039557,0.0,419.699999999982,0.0,8776.150000012536,0.0,0.0,0.0,0.0,0.0,0.0,0.0,1755.2300000000037,0.0,87761.5,0.0,25.0,0.0,89516.72999999994,0.0,0.0,0.0,178886.09607065807
249,2020-09-06,2020,False,50.68032786885246,987,0,1025,149281.47940127618,0.0,18599,46,0.0,,,0.16419158768371955,0.16316221877112524,0.3836366571255447,0.9689614994934144,0.06831425442159605,289344.36607065797,0,False,False,True,"{""0"":null,""1"":null,""2"":null,""3"":null}",987.0,247925.0,0.0,175523.0,0.0,175523.0,0.0,149281.47940127618,0.0,0.0,0.0,0.0,178886.09607065807,0.0,5.3025975420253175,0.0,708.0,0.0,0.0,0.0,15692.400000039557,0.0,419.699999999982,0.0,8776.150000012536,0.0,0.0,0.0,0.0,0.0,0.0,0.0,1755.2300000000037,0.0,87761.5,0.0,25.0,0.0,89516.72999999994,0.0,0.0,0.0,178886.09607065807
250,2020-09-07,2020,True,50.68306010928962,987,987,1025,150121.18538148806,1375.426210199635,19582,18,0.0,0.8632958884071711,0.12113107251790227,0.16419158768371955,0.16316221877112524,0.3836366571255447,0.96806484295846,0.09703602355879191,290216.42228085763,0,False,False,True,"{""0"":null,""1"":null,""2"":null,""3"":null}",987.0,248912.0,987.0,176510.0,987.0,176510.0,839.7059802118747,150121.18538148806,839.7059802118747,0.0,0.0,1375.4262101996283,180261.5222808577,0.0,5.3025975420253175,4.0,712.0,0.0,0.0,88.70000000032269,15781.10000003988,6.899999999998954,426.599999999981,49.34999999928186,8825.500000011818,0.0,0.0,0.0,0.0,0.0,0.0,9.86999999999989,1765.1000000000035,493.5,88255.0,0.0,25.0,503.36999999999534,90020.09999999993,0.0,0.0,1375.4262101996283,180261.5222808577
251,2020-09-08,2020,True,50.685792349726775,987,987,1025,150960.89136169993,1272.6063689762696,19642,30,0.0,0.8428742717837078,0.15103379697614053,0.1642720899074816,0.16310710729573535,0.3836366571255447,0.968353596757852,0.12390741169566111,290985.65864983393,0,False,False,True,"{""0"":null,""1"":null,""2"":null,""3"":null}",987.0,249899.0,987.0,177497.0,987.0,177497.0,839.7059802118747,150960.89136169993,839.7059802118747,0.0,0.0,1272.6063689762668,181534.12864983396,0.0,5.3025975420253175,4.0,716.0,0.0,0.0,88.70000000032269,15869.800000040203,0.0,426.599999999981,49.34999999928186,8874.8500000111,0.0,0.0,0.0,0.0,0.0,0.0,9.86999999999989,1774.9700000000034,493.5,88748.5,0.0,25.0,503.36999999999534,90523.46999999993,0.0,0.0,1272.6063689762668,181534.12864983396
252,2020-09-09,2020,True,50.68852459016394,987,987,1025,151800.5973419118,1250.9204840690743,19729,48,0.0,0.8418943133330941,0.16970298576346168,0.16432083163950184,0.16301831846530296,0.3836366571255447,0.9678774062816615,0.14880885701350668,291733.20913390303,0,False,False,True,"{""0"":null,""1"":null,""2"":null,""3"":null}",987.0,250886.0,987.0,178484.0,987.0,178484.0,839.7059802118747,151800.5973419118,839.7059802118747,0.0,0.0,1250.9204840690654,182785.04913390303,0.0,5.3025975420253175,4.0,720.0,0.0,0.0,88.70000000032269,15958.500000040525,0.0,426.599999999981,49.34999999928186,8924.200000010382,0.0,0.0,0.0,0.0,0.0,0.0,9.86999999999989,1784.8400000000033,493.5,89242.0,0.0,25.0,503.36999999999534,91026.83999999992,0.0,0.0,1250.9204840690654,182785.04913390303
253,2020-09-10,2020,True,50.69125683060109,987,987,1025,152640.30332212368,1150.4176748569796,19835,46,0.0,0.8175608384059254,0.18363984982121853,0.16430120090512837,0.1630744896516157,0.3836366571255447,0.9673454913880446,0.17180524290220855,292380.25680876,0,False,False,True,"{""0"":null,""1"":null,""2"":null,""3"":null}",987.0,251873.0,987.0,179471.0,987.0,179471.0,839.7059802118747,152640.30332212368,839.7059802118747,0.0,0.0,1150.417674856988,183935.46680876001,0.0,5.3025975420253175,4.0,724.0,0.0,0.0,88.70000000032269,16047.200000040848,2.6999999999995907,429.29999999998057,49.34999999928186,8973.550000009664,0.0,0.0,0.0,0.0,0.0,0.0,9.86999999999989,1794.7100000000032,493.5,89735.5,0.0,25.0,503.36999999999534,91530.20999999992,0.0,0.0,1150.417674856988,183935.46680876001
254,2020-09-11,2020,True,50.69398907103825,988,988,1026,153480.8249266741,1106.0465169969123,19947,54,0.0,0.8127412901497607,0.18097257294088856,0.16427497179621847,0.16238872589463516,0.38388878854579833,0.9670091093117409,0.1928608188734811,292981.4233257569,0,False,False,True,"{""0"":null,""1"":null,""2"":null,""3"":null}",988.0,252861.0,988.0,180459.0,988.0,180459.0,840.5216045504203,153480.8249266741,840.5216045504203,0.0,0.0,1106.0465169969248,185041.51332575694,0.0,5.3025975420253175,4.0,728.0,0.0,0.0,88.80000000032305,16136.000000041171,1.7999999999997272,431.0999999999803,49.399999999281135,9022.950000008945,0.0,0.0,0.0,0.0,0.0,0.0,9.88000000000011,1804.5900000000033,494.0,90229.5,1.0,26.0,503.88000000000466,92034.08999999992,0.0,0.0,1106.0465169969248,185041.51332575694
255,2020-09-12,2020,False,50.69672131147541,987,0,1026,153480.8249266741,0.0,19099,54,0.0,,,0.16408999815243527,0.16232163951882495,0.38395461827112115,0.9682066869300912,0.1173965345766777,292981.4233257569,0,False,False,True,"{""0"":null,""1"":null,""2"":null,""3"":null}",987.0,253848.0,0.0,180459.0,0.0,180459.0,0.0,153480.8249266741,0.0,0.0,0.0,0.0,185041.51332575694,0.0,5.3025975420253175,0.0,728.0,0.0,0.0,0.0,16136.000000041171,0.0,431.0999999999803,0.0,9022.950000008945,0.0,0.0,0.0,0.0,0.0,0.0,0.0,1804.5900000000033,0.0,90229.5,0.0,26.0,0.0,92034.08999999992,0.0,0.0,0.0,185041.51332575694
256,2020-09-13,2020,False,50.69945355191257,987,0,1026,153480.8249266741,0.0,19099,54,0.0,,,0.16408999815243527,0.16232163951882492,0.38395461827112115,0.9682066869300912,0.06833277720518106,292981.4233257569,0,False,False,True,"{""0"":null,""1"":null,""2"":null,""3"":null}",987.0,254835.0,0.0,180459.0,0.0,180459.0,0.0,153480.8249266741,0.0,0.0,0.0,0.0,185041.51332575694,0.0,5.3025975420253175,0.0,728.0,0.0,0.0,0.0,16136.000000041171,0.0,431.0999999999803,0.0,9022.950000008945,0.0,0.0,0.0,0.0,0.0,0.0,0.0,1804.5900000000033,0.0,90229.5,0.0,26.0,0.0,92034.08999999992,0.0,0.0,0.0,185041.51332575694
257,2020-09-14,2020,True,50.702185792349724,987,987,1026,154320.4096524074,1368.4658568123969,20090,17,0.0,0.8448822890039066,0.15601968993452878,0.16408999815243527,0.16232163951882492,0.38395461827112115,0.9673657548125633,0.09700886851828687,293846.5191825693,0,False,False,True,"{""0"":null,""1"":null,""2"":null,""3"":null}",987.0,255822.0,987.0,181446.0,987.0,181446.0,839.5847257332935,154320.4096524074,839.5847257332935,0.0,0.0,1368.4658568123996,186409.97918256934,0.0,5.3025975420253175,4.0,732.0,0.0,0.0,88.70000000032269,16224.700000041494,8.099999999998772,439.19999999997907,49.34999999928186,9072.300000008227,0.0,0.0,0.0,0.0,0.0,0.0,9.86999999999989,1814.4600000000032,493.5,90723.0,0.0,26.0,503.36999999999534,92537.45999999992,0.0,0.0,1368.4658568123996,186409.97918256934
258,2020-09-15,2020,True,50.704918032786885,987,987,1027,155160.28250244597,1296.955423865432,20129,36,0.0,0.8499553609896872,0.13616485571192866,0.16441642916827806,0.16206478412826436,0.38395461827112115,0.9675937183383991,0.1239803313885774,294639.1046064347,0,False,False,True,"{""0"":null,""1"":null,""2"":null,""3"":null}",987.0,256809.0,987.0,182433.0,987.0,182433.0,839.8728500385769,155160.28250244597,839.8728500385769,0.0,0.0,1296.9554238654382,187706.93460643478,0.0,5.3025975420253175,4.0,736.0,0.0,0.0,88.70000000032269,16313.400000041816,0.0,439.19999999997907,49.34999999928186,9121.650000007508,0.0,0.0,0.0,0.0,0.0,0.0,9.86999999999989,1824.330000000003,493.5,91216.5,1.0,27.0,503.36999999999534,93040.82999999991,0.0,0.0,1296.9554238654382,187706.93460643478
259,2020-09-16,2020,True,50.70765027322405,986,986,1027,155999.24177995406,1235.7434690495481,20234,55,0.2619390996243562,0.8215630402978075,0.17648546662631986,0.16413663753859425,0.1618144451137393,0.383706526009486,0.9675709939148073,0.1488341211015139,295371.9880754843,0,False,False,True,"{""0"":null,""1"":null,""2"":null,""3"":null}",986.0,257795.0,986.0,183419.0,986.0,183419.0,838.9592775080819,155999.24177995406,838.9592775080819,0.0,0.0,1235.743469049543,188942.67807548432,0.2619390996243558,5.564536641649673,4.0,740.0,0.0,0.0,88.5999999999949,16402.00000004181,0.0,439.19999999997907,49.29999999928259,9170.950000006791,0.0,0.0,0.0,0.0,0.0,0.0,9.8599999999999,1834.190000000003,493.0,91709.5,0.0,27.0,502.8600000000006,93543.68999999992,0.0,0.0,1235.743469049543,188942.67807548432
260,2020-09-17,2020,True,50.7103825136612,986,986,1027,156838.20105746214,1176.60348561414,20347,60,0.09697489338991583,0.8113304907962924,0.194332897153191,0.16406358254894926,0.16170033520977975,0.383706526009486,0.9674746450304259,0.1718578247262274,296045.7315610984,0,False,False,True,"{""0"":null,""1"":null,""2"":null,""3"":null}",986.0,258781.0,986.0,184405.0,986.0,184405.0,838.9592775080819,156838.20105746214,838.9592775080819,0.0,0.0,1176.6034856141487,190119.28156109847,0.09697489338991616,5.6615115350395895,4.0,744.0,0.0,0.0,88.5999999987107,16490.600000040522,2.5499999999996135,441.7499999999787,49.29999999928259,9220.250000006074,0.0,0.0,0.0,0.0,0.0,0.0,9.8599999999999,1844.050000000003,493.0,92202.5,0.0,27.0,502.8600000000006,94046.54999999992,0.0,0.0,1176.6034856141487,190119.28156109847
261,2020-09-18,2020,True,50.71311475409836,986,986,1027,157677.16033497022,1113.7643935987994,20454,56,0.0,0.8082527422905315,0.19235314665347128,0.16414304108838357,0.1618573325988403,0.383706526009486,0.9674847870182555,0.19312394127925467,296656.6359546972,0,False,False,True,"{""0"":null,""1"":null,""2"":null,""3"":null}",986.0,259767.0,986.0,185391.0,986.0,185391.0,838.9592775080819,157677.16033497022,838.9592775080819,0.0,0.0,1113.7643935988017,191233.04595469727,0.0,5.6615115350395895,4.0,748.0,0.0,0.0,88.5999999987107,16579.200000039233,2.849999999999568,444.59999999997825,49.29999999928259,9269.550000005356,0.0,0.0,0.0,0.0,0.0,0.0,9.8599999999999,1853.9100000000028,493.0,92695.5,0.0,27.0,502.8600000000006,94549.40999999992,0.0,0.0,1113.7643935988017,191233.04595469727
262,2020-09-19,2020,False,50.71584699453552,986,0,1027,157677.16033497022,0.0,19599,56,0.0,,,0.16410930596476214,0.16182900046784884,0.383706526009486,0.9684482758620689,0.11783581401215759,296656.6359546972,0,False,False,True,"{""0"":null,""1"":null,""2"":null,""3"":null}",986.0,260753.0,0.0,185391.0,0.0,185391.0,0.0,157677.16033497022,0.0,0.0,0.0,0.0,191233.04595469727,0.0,5.6615115350395895,0.0,748.0,0.0,0.0,0.0,16579.200000039233,0.0,444.59999999997825,0.0,9269.550000005356,0.0,0.0,0.0,0.0,0.0,0.0,0.0,1853.9100000000028,0.0,92695.5,0.0,27.0,0.0,94549.40999999992,0.0,0.0,0.0,191233.04595469727
263,2020-09-20,2020,False,50.71857923497268,986,0,1027,157677.16033497022,0.0,19599,56,0.0,,,0.16410930596476217,0.16182900046784884,0.383706526009486,0.9684482758620689,0.06858037156001792,296656.6359546972,0,False,False,True,"{""0"":null,""1"":null,""2"":null,""3"":null}",986.0,261739.0,0.0,185391.0,0.0,185391.0,0.0,157677.16033497022,0.0,0.0,0.0,0.0,191233.04595469727,0.0,5.6615115350395895,0.0,748.0,0.0,0.0,0.0,16579.200000039233,0.0,444.59999999997825,0.0,9269.550000005356,0.0,0.0,0.0,0.0,0.0,0.0,0.0,1853.9100000000028,0.0,92695.5,0.0,27.0,0.0,94549.40999999992,0.0,0.0,0.0,191233.04595469727
264,2020-09-21,2020,True,50.721311475409834,986,986,1027,158516.1196124783,1360.0906852015378,20592,18,0.0,0.8528539525749554,0.14409652908045567,0.16410930596476217,0.16182900046784884,0.383706526009486,0.9676774847870182,0.09726260221490683,297513.86663989874,0,False,False,True,"{""0"":null,""1"":null,""2"":null,""3"":null}",986.0,262725.0,986.0,186377.0,986.0,186377.0,838.9592775080819,158516.1196124783,838.9592775080819,0.0,0.0,1360.0906852015469,192593.13663989882,0.0,5.6615115350395895,4.0,752.0,0.0,0.0,88.5999999987107,16667.800000037943,8.399999999998727,452.999999999977,49.29999999928259,9318.850000004639,0.0,0.0,0.0,0.0,0.0,0.0,9.8599999999999,1863.7700000000027,493.0,93188.5,0.0,27.0,502.8600000000006,95052.26999999992,0.0,0.0,1360.0906852015469,192593.13663989882
265,2020-09-22,2020,True,50.724043715846996,986,986,1027,159355.07888998638,1274.0767143348567,20636,35,0.0,0.8529071421377299,0.1472824872727918,0.16412666612569202,0.1617690409673493,0.383706526009486,0.9680831643002028,0.12405832354747987,298285.0833542336,0,False,False,True,"{""0"":null,""1"":null,""2"":null,""3"":null}",986.0,263711.0,986.0,187363.0,986.0,187363.0,838.9592775080819,159355.07888998638,838.9592775080819,0.0,0.0,1274.076714334864,193867.21335423368,0.0,5.6615115350395895,4.0,756.0,0.0,0.0,88.5999999987107,16756.400000036654,0.0,452.999999999977,49.29999999928259,9368.150000003921,0.0,0.0,0.0,0.0,0.0,0.0,9.8599999999999,1873.6300000000026,493.0,93681.5,0.0,27.0,502.8600000000006,95555.12999999992,0.0,0.0,1274.076714334864,193867.21335423368
266,2020-09-23,2020,True,50.72677595628415,986,986,1027,160194.03816749447,1215.794104909948,20738,54,0.0,0.8296521449914374,0.17300345154569252,0.16410558156478475,0.1617569663952511,0.383706526009486,0.9680324543610548,0.1489713592616513,298998.01745914354,0,False,False,True,"{""0"":null,""1"":null,""2"":null,""3"":null}",986.0,264697.0,986.0,188349.0,986.0,188349.0,838.9592775080819,160194.03816749447,838.9592775080819,0.0,0.0,1215.7941049099609,195083.00745914364,0.0,5.6615115350395895,4.0,760.0,0.0,0.0,88.5999999987107,16845.000000035365,0.0,452.999999999977,49.29999999928259,9417.450000003204,0.0,0.0,0.0,0.0,0.0,0.0,9.8599999999999,1883.4900000000025,493.0,94174.5,0.0,27.0,502.8600000000006,96057.98999999992,0.0,0.0,1215.7941049099609,195083.00745914364
267,2020-09-24,2020,True,50.72950819672131,987,987,1029,161033.8162896491,1185.9325774905315,20850,54,0.05359295054409598,0.8277118498297429,0.17344106050326596,0.16374259260716076,0.1599436820325423,0.3835096261198085,0.9671833839918946,0.17187624517073338,299678.58003663406,0,False,False,True,"{""0"":null,""1"":null,""2"":null,""3"":null}",987.0,265684.0,987.0,189336.0,987.0,189336.0,839.7781221546466,161033.8162896491,839.7781221546466,0.0,0.0,1185.9325774905446,196268.9400366342,0.05359295054409596,5.7151044855836854,4.0,764.0,0.0,0.0,88.69999999870925,16933.700000034074,2.6999999999995907,455.69999999997657,49.34999999928186,9466.800000002486,0.0,0.0,0.0,0.0,0.0,0.0,9.86999999999989,1893.3600000000024,493.5,94668.0,2.0,29.0,503.36999999999534,96561.35999999991,0.0,0.0,1185.9325774905446,196268.9400366342
268,2020-09-25,2020,True,50.73224043715847,987,987,1029,161873.59441180376,1118.427460683133,20937,55,0.0,0.8247327489273326,0.17570040027218914,0.16380608638481517,0.15998805525963583,0.3835096261198085,0.9669047619047619,0.19301034632186947,300293.6374973172,0,False,False,True,"{""0"":null,""1"":null,""2"":null,""3"":null}",987.0,266671.0,987.0,190323.0,987.0,190323.0,839.7781221546466,161873.59441180376,839.7781221546466,0.0,0.0,1118.4274606831314,197387.36749731732,0.0,5.7151044855836854,4.0,768.0,0.0,0.0,88.69999999870925,17022.400000032783,2.5499999999996135,458.2499999999762,49.34999999928186,9516.150000001768,0.0,0.0,0.0,0.0,0.0,0.0,9.86999999999989,1903.2300000000023,493.5,95161.5,0.0,29.0,503.36999999999534,97064.72999999991,0.0,0.0,1118.4274606831314,197387.36749731732
269,2020-09-26,2020,False,50.73497267759563,987,0,1029,161873.59441180376,0.0,20099,55,0.0,,,0.1637609085384186,0.1599611117894681,0.3835096261198085,0.9678875379939209,0.11776583505972145,300293.6374973172,0,False,False,True,"{""0"":null,""1"":null,""2"":null,""3"":null}",987.0,267658.0,0.0,190323.0,0.0,190323.0,0.0,161873.59441180376,0.0,0.0,0.0,0.0,197387.36749731732,0.0,5.7151044855836854,0.0,768.0,0.0,0.0,0.0,17022.400000032783,0.0,458.2499999999762,0.0,9516.150000001768,0.0,0.0,0.0,0.0,0.0,0.0,0.0,1903.2300000000023,0.0,95161.5,0.0,29.0,0.0,97064.72999999991,0.0,0.0,0.0,197387.36749731732
270,2020-09-27,2020,False,50.73770491803279,986,0,1029,161873.59441180376,0.0,20099,55,0.0,,,0.16378691720116048,0.1599055797852288,0.38349902792506185,0.9678651115618662,0.0686752506766059,300293.6374973172,0,False,False,True,"{""0"":null,""1"":null,""2"":null,""3"":null}",986.0,268644.0,0.0,190323.0,0.0,190323.0,0.0,161873.59441180376,0.0,0.0,0.0,0.0,197387.36749731732,0.0,5.7151044855836854,0.0,768.0,0.0,0.0,0.0,17022.400000032783,0.0,458.2499999999762,0.0,9516.150000001768,0.0,0.0,0.0,0.0,0.0,0.0,0.0,1903.2300000000023,0.0,95161.5,0.0,29.0,0.0,97064.72999999991,0.0,0.0,0.0,197387.36749731732
271,2020-09-28,2020,True,50.740437158469945,986,986,1029,162712.5900127306,1354.3890534525501,21092,24,0.03584459144160293,0.8508966037241017,0.12976566152407665,0.16378691720116048,0.1599055797852288,0.38349902792506185,0.9669472616632859,0.09738520875785833,301145.16655076976,0,False,False,True,"{""0"":null,""1"":null,""2"":null,""3"":null}",986.0,269630.0,986.0,191309.0,986.0,191309.0,838.9956009268353,162712.5900127306,838.9956009268353,0.0,0.0,1354.3890534525563,198741.75655076987,0.035844591441603235,5.750949077025289,4.0,772.0,0.0,0.0,88.5999999987107,17111.000000031494,8.24999999999875,466.49999999997493,49.29999999928259,9565.45000000105,0.0,0.0,0.0,0.0,0.0,0.0,9.8599999999999,1913.0900000000022,493.0,95654.5,0.0,29.0,502.8600000000006,97567.58999999991,0.0,0.0,1354.3890534525563,198741.75655076987
272,2020-09-29,2020,True,50.743169398907106,986,986,1029,163551.58561365743,1300.234721563508,21133,38,0.0,0.8427337398373984,0.15998422159887798,0.16365045975278608,0.15993868830057706,0.38349902792506185,0.9673681541582151,0.12418313673128513,301942.5412723333,0,False,False,True,"{""0"":null,""1"":null,""2"":null,""3"":null}",986.0,270616.0,986.0,192295.0,986.0,192295.0,838.9956009268353,163551.58561365743,838.9956009268353,0.0,0.0,1300.2347215634945,200041.99127233337,0.0,5.750949077025289,4.0,776.0,0.0,0.0,88.5999999987107,17199.600000030205,0.0,466.49999999997493,49.29999999928259,9614.750000000333,0.0,0.0,0.0,0.0,0.0,0.0,9.8599999999999,1922.950000000002,493.0,96147.5,0.0,29.0,502.8600000000006,98070.44999999991,0.0,0.0,1300.2347215634945,200041.99127233337
273,2020-09-30,2020,True,50.74590163934426,986,986,1029,164390.58121458426,1249.0020051595914,21236,56,0.07409340449508513,0.8275554025701548,0.15801484338475918,0.16384748483610992,0.16006594923525047,0.38349902792506185,0.9676673427991886,0.14907537464559104,302688.6832774929,0,False,False,True,"{""0"":null,""1"":null,""2"":null,""3"":null}",986.0,271602.0,986.0,193281.0,986.0,193281.0,838.9956009268353,164390.58121458426,838.9956009268353,0.0,0.0,1249.002005159593,201290.99327749296,0.07409340449508495,5.825042481520374,4.0,780.0,0.0,0.0,88.5999999987107,17288.200000028915,0.0,466.49999999997493,49.29999999928259,9664.049999999615,0.0,0.0,0.0,0.0,0.0,0.0,9.8599999999999,1932.810000000002,493.0,96640.5,0.0,29.0,502.8600000000006,98573.30999999991,0.0,0.0,1249.002005159593,201290.99327749296
274,2020-10-01,2020,True,50.74863387978142,986,986,1029,165229.5768155111,1077.8746876846442,21356,51,0.0,0.8325793338578547,0.15620032725572697,0.16375136328996542,0.15991549814828085,0.38349902792506185,0.9674847870182555,0.17205845762374275,303263.69796517753,0,False,False,True,"{""0"":null,""1"":null,""2"":null,""3"":null}",986.0,272588.0,986.0,194267.0,986.0,194267.0,838.9956009268353,165229.5768155111,838.9956009268353,0.0,0.0,1077.8746876846417,202368.8679651776,0.0,5.825042481520374,4.0,784.0,0.0,0.0,88.5999999987107,17376.800000027626,3.5999999999994543,470.0999999999744,49.29999999928259,9713.349999998898,0.0,0.0,0.0,0.0,0.0,0.0,9.8599999999999,1942.670000000002,493.0,97133.5,0.0,29.0,502.8600000000006,99076.16999999991,0.0,0.0,1077.8746876846417,202368.8679651776
275,2020-10-02,2020,True,50.75136612021858,986,986,1029,166068.57241643794,1013.5365463282859,21452,51,0.2020229658233678,0.8286372279045371,0.17581521739130435,0.16378897228794548,0.15996703957540265,0.38349902792506185,0.9675456389452333,0.19317423902789152,303774.3745115058,0,False,False,True,"{""0"":null,""1"":null,""2"":null,""3"":null}",986.0,273574.0,986.0,195253.0,986.0,195253.0,838.9956009268353,166068.57241643794,838.9956009268353,0.0,0.0,1013.5365463282797,203382.40451150588,0.20202296582336743,6.027065447343741,4.0,788.0,0.0,0.0,88.5999999987107,17465.400000026337,2.0999999999996817,472.19999999997407,49.29999999928259,9762.64999999818,0.0,0.0,0.0,0.0,0.0,0.0,9.8599999999999,1952.5300000000018,493.0,97626.5,0.0,29.0,502.8600000000006,99579.02999999991,0.0,0.0,1013.5365463282797,203382.40451150588
276,2020-10-03,2020,False,50.75409836065574,987,0,1030,166068.57241643794,0.0,20599,51,0.0,,,0.1635670379732213,0.15910587814623844,0.3835096261198085,0.9682066869300912,0.11784564279223365,303773.3745115058,0,False,False,True,"{""0"":null,""1"":null,""2"":null,""3"":null}",987.0,274561.0,0.0,195253.0,0.0,195253.0,0.0,166068.57241643794,0.0,0.0,0.0,0.0,203382.40451150588,0.0,6.027065447343741,0.0,788.0,0.0,0.0,0.0,17465.400000026337,0.0,472.19999999997407,0.0,9762.64999999818,0.0,0.0,0.0,0.0,0.0,0.0,0.0,1952.5300000000018,0.0,97626.5,1.0,30.0,0.0,99579.02999999991,0.0,0.0,0.0,203382.40451150588
277,2020-10-04,2020,False,50.756830601092894,987,0,1030,166068.57241643794,0.0,20599,51,0.0,,,0.1635670379732213,0.15910587814623842,0.3835096261198085,0.9682066869300912,0.06872899118688629,303773.3745115058,0,False,False,True,"{""0"":null,""1"":null,""2"":null,""3"":null}",987.0,275548.0,0.0,195253.0,0.0,195253.0,0.0,166068.57241643794,0.0,0.0,0.0,0.0,203382.40451150588,0.0,6.027065447343741,0.0,788.0,0.0,0.0,0.0,17465.400000026337,0.0,472.19999999997407,0.0,9762.64999999818,0.0,0.0,0.0,0.0,0.0,0.0,0.0,1952.5300000000018,0.0,97626.5,0.0,30.0,0.0,99579.02999999991,0.0,0.0,0.0,203382.40451150588
278,2020-10-05,2020,True,50.759562841530055,986,986,1030,166907.66001441504,1260.1317655703144,21577,21,0.007525436300523902,0.8783223768042719,0.10921536296854008,0.16379123387111325,0.15934867555300936,0.383706526009486,0.9669117647058824,0.09741604958042165,304530.64627707616,0,False,False,True,"{""0"":null,""1"":null,""2"":null,""3"":null}",986.0,276534.0,986.0,196239.0,986.0,196239.0,839.0875979771081,166907.66001441504,839.0875979771081,0.0,0.0,1260.131765570317,204642.5362770762,0.0075254363005239355,6.034590883644265,4.0,792.0,0.0,0.0,88.5999999987107,17554.000000025047,7.64999999999884,479.8499999999729,49.29999999928259,9811.949999997463,0.0,0.0,0.0,0.0,0.0,0.0,9.8599999999999,1962.3900000000017,493.0,98119.5,0.0,30.0,502.8600000000006,100081.88999999991,0.0,0.0,1260.131765570317,204642.5362770762
279,2020-10-06,2020,True,50.76229508196721,986,986,1030,167746.74761239215,1186.3633364642135,21634,39,0.0,0.8347174547120345,0.15800662200258356,0.16381222622342315,0.15947838547361248,0.383706526009486,0.9669117647058824,0.12412475691557126,305214.1496135404,0,False,False,True,"{""0"":null,""1"":null,""2"":null,""3"":null}",986.0,277520.0,986.0,197225.0,986.0,197225.0,839.0875979771081,167746.74761239215,839.0875979771081,0.0,0.0,1186.3633364642155,205828.89961354042,0.0,6.034590883644265,4.0,796.0,0.0,0.0,88.5999999987107,17642.60000002376,0.0,479.8499999999729,49.29999999928259,9861.249999996746,0.0,0.0,0.0,0.0,0.0,0.0,9.8599999999999,1972.2500000000016,493.0,98612.5,0.0,30.0,502.8600000000006,100584.74999999991,0.0,0.0,1186.3633364642155,205828.89961354042
280,2020-10-07,2020,True,50.76502732240437,986,986,1030,168585.83521036926,1117.2203922528365,21737,57,0.06897590723827601,0.8407367054493082,0.15921646194645087,0.16381735089213978,0.15946806679427705,0.383706526009486,0.9669878296146045,0.14888295694663353,305828.51000579324,0,False,False,True,"{""0"":null,""1"":null,""2"":null,""3"":null}",986.0,278506.0,986.0,198211.0,986.0,198211.0,839.0875979771081,168585.83521036926,839.0875979771081,0.0,0.0,1117.2203922528424,206946.12000579326,0.06897590723827562,6.103566790882541,4.0,800.0,0.0,0.0,88.5999999987107,17731.20000002247,0.0,479.8499999999729,49.29999999928259,9910.549999996028,0.0,0.0,0.0,0.0,0.0,0.0,9.8599999999999,1982.1100000000015,493.0,99105.5,0.0,30.0,502.8600000000006,101087.60999999991,0.0,0.0,1117.2203922528424,206946.12000579326
281,2020-10-08,2020,True,50.76775956284153,987,987,1031,169425.84505544032,1065.8175344219117,21858,52,0.0,0.8267559296148915,0.1520231009795662,0.1636472615539129,0.15867772288441837,0.38371712420423265,0.9668338399189463,0.17172358691556458,306389.95754021517,0,False,False,True,"{""0"":null,""1"":null,""2"":null,""3"":null}",987.0,279493.0,987.0,199198.0,987.0,199198.0,840.0098450710648,169425.84505544032,840.0098450710648,0.0,0.0,1065.8175344219198,208011.93754021518,0.0,6.103566790882541,4.0,804.0,0.0,0.0,88.69999999870925,17819.900000021178,3.1499999999995225,482.99999999997243,49.34999999928186,9959.89999999531,0.0,0.0,0.0,0.0,0.0,0.0,9.86999999999989,1991.9800000000014,493.5,99599.0,1.0,31.0,503.36999999999534,101590.97999999991,0.0,0.0,1065.8175344219198,208011.93754021518
282,2020-10-09,2020,True,50.77049180327869,987,987,1031,170265.8549005114,1027.4845592549202,21960,47,0.0,0.8216866386099954,0.17909681096305868,0.16361926032572496,0.1585686101692984,0.38371712420423265,0.9671175278622087,0.19281058075474608,306914.07209947007,0,False,False,True,"{""0"":null,""1"":null,""2"":null,""3"":null}",987.0,280480.0,987.0,200185.0,987.0,200185.0,840.0098450710648,170265.8549005114,840.0098450710648,0.0,0.0,1027.4845592549245,209039.4220994701,0.0,6.103566790882541,4.0,808.0,0.0,0.0,88.69999999870925,17908.600000019887,2.6999999999995907,485.699999999972,49.34999999928186,10009.249999994592,0.0,0.0,0.0,0.0,0.0,0.0,9.86999999999989,2001.8500000000013,493.5,100092.5,0.0,31.0,503.36999999999534,102094.3499999999,0.0,0.0,1027.4845592549245,209039.4220994701
283,2020-10-10,2020,False,50.77322404371585,986,0,1031,170265.8549005114,0.0,21099,47,0.0,,,0.1635989750065478,0.15843401869436496,0.383706526009486,0.9679766734279919,0.11757952160755274,306914.07209947007,0,False,False,True,"{""0"":null,""1"":null,""2"":null,""3"":null}",986.0,281466.0,0.0,200185.0,0.0,200185.0,0.0,170265.8549005114,0.0,0.0,0.0,0.0,209039.4220994701,0.0,6.103566790882541,0.0,808.0,0.0,0.0,0.0,17908.600000019887,0.0,485.699999999972,0.0,10009.249999994592,0.0,0.0,0.0,0.0,0.0,0.0,0.0,2001.8500000000013,0.0,100092.5,0.0,31.0,0.0,102094.3499999999,0.0,0.0,0.0,209039.4220994701
284,2020-10-11,2020,False,50.775956284153004,986,0,1031,170265.8549005114,0.0,21099,47,0.0,,,0.1635989750065478,0.15843401869436496,0.383706526009486,0.9679766734279919,0.06835130865162752,306914.07209947007,0,False,False,True,"{""0"":null,""1"":null,""2"":null,""3"":null}",986.0,282452.0,0.0,200185.0,0.0,200185.0,0.0,170265.8549005114,0.0,0.0,0.0,0.0,209039.4220994701,0.0,6.103566790882541,0.0,808.0,0.0,0.0,0.0,17908.600000019887,0.0,485.699999999972,0.0,10009.249999994592,0.0,0.0,0.0,0.0,0.0,0.0,0.0,2001.8500000000013,0.0,100092.5,0.0,31.0,0.0,102094.3499999999,0.0,0.0,0.0,209039.4220994701
285,2020-10-12,2020,True,50.778688524590166,986,986,1031,171105.0544602231,1256.945892960762,22064,23,0.0,0.8549275518936714,0.13081631302572722,0.1635989750065478,0.15843401869436496,0.383706526009486,0.9666227180527384,0.0970383004019395,307668.15799243085,0,False,False,True,"{""0"":null,""1"":null,""2"":null,""3"":null}",986.0,283438.0,986.0,201171.0,986.0,201171.0,839.1995597117057,171105.0544602231,839.1995597117057,0.0,0.0,1256.9458929607645,210296.36799243087,0.0,6.103566790882541,4.0,812.0,0.0,0.0,88.5999999987107,17997.200000018598,7.049999999998931,492.74999999997095,49.29999999928259,10058.549999993875,0.0,0.0,0.0,0.0,0.0,0.0,9.8599999999999,2011.7100000000012,493.0,100585.5,0.0,31.0,502.8600000000006,102597.2099999999,0.0,0.0,1256.9458929607645,210296.36799243087
286,2020-10-13,2020,True,50.78142076502732,986,986,1031,171944.2540199348,1192.2006512405214,22134,41,0.0,0.8560303851151816,0.14099324676440822,0.1635506562987835,0.15846296560006534,0.383706526009486,0.9669269776876268,0.1237875732302528,308357.4986436714,0,False,False,True,"{""0"":null,""1"":null,""2"":null,""3"":null}",986.0,284424.0,986.0,202157.0,986.0,202157.0,839.1995597117057,171944.2540199348,839.1995597117057,0.0,0.0,1192.200651240535,211488.5686436714,0.0,6.103566790882541,4.0,816.0,0.0,0.0,88.5999999987107,18085.80000001731,0.0,492.74999999997095,49.29999999928259,10107.849999993157,0.0,0.0,0.0,0.0,0.0,0.0,9.8599999999999,2021.570000000001,493.0,101078.5,0.0,31.0,502.8600000000006,103100.0699999999,0.0,0.0,1192.200651240535,211488.5686436714
287,2020-10-14,2020,True,50.78415300546448,986,986,1031,172783.4535796465,1144.287481365629,22228,73,0.0,0.837671501300393,0.1648812700202134,0.16372049323460652,0.1585129196526486,0.383706526009486,0.9666987829614604,0.14866312383437866,308998.926125037,0,False,False,True,"{""0"":null,""1"":null,""2"":null,""3"":null}",986.0,285410.0,986.0,203143.0,986.0,203143.0,839.1995597117057,172783.4535796465,839.1995597117057,0.0,0.0,1144.287481365638,212632.85612503704,0.0,6.103566790882541,4.0,820.0,0.0,0.0,88.5999999987107,18174.40000001602,0.0,492.74999999997095,49.29999999928259,10157.14999999244,0.0,0.0,0.0,0.0,0.0,0.0,9.8599999999999,2031.430000000001,493.0,101571.5,0.0,31.0,502.8600000000006,103602.9299999999,0.0,0.0,1144.287481365638,212632.85612503704
288,2020-10-15,2020,True,50.78688524590164,985,985,1031,173621.7858569305,1068.4103593011507,22359,66,0.017581206097582538,0.8405484362205433,0.15741921006125395,0.16361012875326578,0.15855821589687483,0.38377235573480883,0.9668730964467005,0.1716857814589621,309564.9864843382,0,False,False,True,"{""0"":null,""1"":null,""2"":null,""3"":null}",985.0,286395.0,985.0,204128.0,985.0,204128.0,838.3322772840038,173621.7858569305,838.3322772840038,0.0,0.0,1068.4103593011387,213701.26648433818,0.017581206097582402,6.121147996980123,4.0,824.0,0.0,0.0,88.49999999871216,18262.90000001473,3.449999999999477,496.19999999997043,49.24999999928332,10206.399999991723,0.0,0.0,0.0,0.0,0.0,0.0,9.849999999999909,2041.2800000000009,492.5,102064.0,0.0,31.0,502.3500000000058,104105.27999999991,0.0,0.0,1068.4103593011387,213701.26648433818
289,2020-10-16,2020,True,50.7896174863388,985,985,1031,174460.1181342145,1039.2657760497375,22441,70,0.0,0.8172445990344395,0.1893719906864952,0.16370001697400163,0.1587790996425484,0.38377235573480883,0.9668578680203046,0.1928537666188903,310101.90226038796,0,False,False,True,"{""0"":null,""1"":null,""2"":null,""3"":null}",985.0,287380.0,985.0,205113.0,985.0,205113.0,838.3322772840038,174460.1181342145,838.3322772840038,0.0,0.0,1039.265776049724,214740.5322603879,0.0,6.121147996980123,4.0,828.0,0.0,0.0,88.49999999871216,18351.400000013444,2.6999999999995907,498.89999999997,49.24999999928332,10255.649999991007,0.0,0.0,0.0,0.0,0.0,0.0,9.850000000000136,2051.130000000001,492.5,102556.5,0.0,31.0,502.3500000000058,104607.62999999992,0.0,0.0,1039.265776049724,214740.5322603879
290,2020-10-17,2020,False,50.79234972677595,985,0,1031,174460.1181342145,0.0,21599,70,0.0,,,0.16358805457686237,0.1586650148523332,0.38377235573480883,0.9677411167512691,0.11756753742914011,310101.90226038796,0,False,False,True,"{""0"":null,""1"":null,""2"":null,""3"":null}",985.0,288365.0,0.0,205113.0,0.0,205113.0,0.0,174460.1181342145,0.0,0.0,0.0,0.0,214740.5322603879,0.0,6.121147996980123,0.0,828.0,0.0,0.0,0.0,18351.400000013444,0.0,498.89999999997,0.0,10255.649999991007,0.0,0.0,0.0,0.0,0.0,0.0,0.0,2051.130000000001,0.0,102556.5,0.0,31.0,0.0,104607.62999999992,0.0,0.0,0.0,214740.5322603879
291,2020-10-18,2020,False,50.795081967213115,985,0,1031,174460.1181342145,0.0,21599,70,0.0,,,0.16358805457686237,0.1586650148523332,0.38377235573480883,0.9677411167512691,0.06823386254410821,310101.90226038796,0,False,False,True,"{""0"":null,""1"":null,""2"":null,""3"":null}",985.0,289350.0,0.0,205113.0,0.0,205113.0,0.0,174460.1181342145,0.0,0.0,0.0,0.0,214740.5322603879,0.0,6.121147996980123,0.0,828.0,0.0,0.0,0.0,18351.400000013444,0.0,498.89999999997,0.0,10255.649999991007,0.0,0.0,0.0,0.0,0.0,0.0,0.0,2051.130000000001,0.0,102556.5,0.0,31.0,0.0,104607.62999999992,0.0,0.0,0.0,214740.5322603879
292,2020-10-19,2020,True,50.797814207650276,984,984,1031,175297.46616615445,1265.8749535843247,22600,17,0.0,0.8577141056876982,0.13432622574891265,0.163453465618051,0.15850626758758563,0.3837617575400622,0.9666920731707317,0.09679060933030328,310865.93721397227,0,False,False,True,"{""0"":null,""1"":null,""2"":null,""3"":null}",984.0,290334.0,984.0,206097.0,984.0,206097.0,837.3480319399387,175297.46616615445,837.3480319399387,0.0,0.0,1265.874953584338,216006.40721397224,0.0,6.121147996980123,4.0,832.0,0.0,0.0,88.39999999871361,18439.800000012157,10.349999999998431,509.24999999996845,49.199999999284046,10304.84999999029,0.0,0.0,0.0,0.0,0.0,0.0,9.840000000000146,2060.970000000001,492.0,103048.5,0.0,31.0,501.8399999999965,105109.46999999991,0.0,0.0,1265.874953584338,216006.40721397224
293,2020-10-20,2020,True,50.80054644808743,984,984,1031,176134.8141980944,1212.7031478319984,22641,29,0.0,0.8577141392747482,0.14329837131041845,0.16334826474754321,0.15849209173886214,0.3837617575400622,0.9671747967479676,0.1235166919502163,311576.80036180426,0,False,False,True,"{""0"":null,""1"":null,""2"":null,""3"":null}",984.0,291318.0,984.0,207081.0,984.0,207081.0,837.3480319399387,176134.8141980944,837.3480319399387,0.0,0.0,1212.703147831984,217219.11036180423,0.0,6.121147996980123,4.0,836.0,0.0,0.0,88.39999999871361,18528.20000001087,0.14999999999997726,509.39999999996843,49.199999999284046,10354.049999989575,0.0,0.0,0.0,0.0,0.0,0.0,9.840000000000146,2070.8100000000013,492.0,103540.5,0.0,31.0,501.8399999999965,105611.30999999991,0.0,0.0,1212.703147831984,217219.11036180423
294,2020-10-21,2020,True,50.80327868852459,984,984,1031,176972.16223003433,1149.0625806342493,22736,43,0.14953962102085758,0.8312911399377565,0.15987455093248307,0.16331374642585691,0.15846700900747074,0.3837617575400622,0.9672408536585366,0.14833715701154865,312224.0229424385,0,False,False,True,"{""0"":null,""1"":null,""2"":null,""3"":null}",984.0,292302.0,984.0,208065.0,984.0,208065.0,837.3480319399387,176972.16223003433,837.3480319399387,0.0,0.0,1149.0625806342578,218368.17294243848,0.14953962102085772,6.270687618000981,4.0,840.0,0.0,0.0,88.39999999871361,18616.600000009585,0.0,509.39999999996843,49.199999999284046,10403.249999988859,0.0,0.0,0.0,0.0,0.0,0.0,9.840000000000146,2080.6500000000015,492.0,104032.5,0.0,31.0,501.8399999999965,106113.1499999999,0.0,0.0,1149.0625806342578,218368.17294243848
295,2020-10-22,2020,True,50.80601092896175,983,983,1031,177808.70853757623,1084.7816704388674,22854,47,0.15607900431617833,0.8360825845100557,0.14216857241935732,0.16370193837985608,0.15890253509705216,0.38395865742973967,0.9673753814852492,0.17140645370903945,312807.47461287735,0,False,False,True,"{""0"":null,""1"":null,""2"":null,""3"":null}",983.0,293285.0,983.0,209048.0,983.0,209048.0,836.5463075418957,177808.70853757623,836.5463075418957,0.0,0.0,1084.7816704388533,219452.95461287734,0.1560790043161786,6.426766622317159,4.0,844.0,0.0,0.0,88.29999999871507,18704.9000000083,2.399999999999636,511.79999999996807,49.14999999928477,10452.399999988143,0.0,0.0,0.0,0.0,0.0,0.0,9.829999999999927,2090.4800000000014,491.5,104524.0,0.0,31.0,501.33000000000175,106614.47999999991,0.0,0.0,1084.7816704388533,219452.95461287734
296,2020-10-23,2020,True,50.80874316939891,983,983,1031,178645.25484511812,1016.2392361543154,22943,53,0.0,0.8260975744104297,0.1744825864971066,0.16365576470775028,0.15886333414184448,0.38395865742973967,0.9673397761953204,0.19265131672052518,313322.38384903164,0,False,False,True,"{""0"":null,""1"":null,""2"":null,""3"":null}",983.0,294268.0,983.0,210031.0,983.0,210031.0,836.5463075418957,178645.25484511812,836.5463075418957,0.0,0.0,1016.2392361543025,220469.19384903164,0.0,6.426766622317159,4.0,848.0,0.0,0.0,88.29999999871507,18793.200000007015,1.9499999999997613,513.7499999999678,49.14999999928477,10501.549999987428,0.0,0.0,0.0,0.0,0.0,0.0,9.829999999999927,2100.3100000000013,491.5,105015.5,0.0,31.0,501.33000000000175,107115.80999999991,0.0,0.0,1016.2392361543025,220469.19384903164
297,2020-10-24,2020,False,50.81147540983606,983,0,1031,178645.25484511812,0.0,22099,53,0.0,,,0.16362004013854958,0.15885468536763156,0.38395865742973967,0.9681943031536114,0.1173707023225207,313322.38384903164,0,False,False,True,"{""0"":null,""1"":null,""2"":null,""3"":null}",983.0,295251.0,0.0,210031.0,0.0,210031.0,0.0,178645.25484511812,0.0,0.0,0.0,0.0,220469.19384903164,0.0,6.426766622317159,0.0,848.0,0.0,0.0,0.0,18793.200000007015,0.0,513.7499999999678,0.0,10501.549999987428,0.0,0.0,0.0,0.0,0.0,0.0,0.0,2100.3100000000013,0.0,105015.5,0.0,31.0,0.0,107115.80999999991,0.0,0.0,0.0,220469.19384903164
298,2020-10-25,2020,False,50.814207650273225,983,0,1031,178645.25484511812,0.0,22099,53,0.0,,,0.16362004013854958,0.1588546853676316,0.38395865742973967,0.9681943031536114,0.06806491857661837,313322.38384903164,0,False,False,True,"{""0"":null,""1"":null,""2"":null,""3"":null}",983.0,296234.0,0.0,210031.0,0.0,210031.0,0.0,178645.25484511812,0.0,0.0,0.0,0.0,220469.19384903164,0.0,6.426766622317159,0.0,848.0,0.0,0.0,0.0,18793.200000007015,0.0,513.7499999999678,0.0,10501.549999987428,0.0,0.0,0.0,0.0,0.0,0.0,0.0,2100.3100000000013,0.0,105015.5,0.0,31.0,0.0,107115.80999999991,0.0,0.0,0.0,220469.19384903164
299,2020-10-26,2020,True,50.81693989071038,985,985,1033,179483.5124550784,1278.244434180721,23078,26,0.0014597297190587688,0.8416420128240124,0.14997630560336117,0.1633247279420082,0.15701855850009128,0.3836959278147394,0.9664111675126903,0.09681298669354026,314096.2782832124,0,False,False,True,"{""0"":null,""1"":null,""2"":null,""3"":null}",985.0,297219.0,985.0,211016.0,985.0,211016.0,838.2576099602738,179483.5124550784,838.2576099602738,0.0,0.0,1278.2444341807277,221747.43828321237,0.0014597297190590552,6.428226352036218,4.0,852.0,0.0,0.0,88.49999999871216,18881.700000005727,7.949999999998795,521.6999999999666,49.24999999928332,10550.799999986712,0.0,0.0,0.0,0.0,0.0,0.0,9.849999999999909,2110.160000000001,492.5,105508.0,2.0,33.0,502.3500000000058,107618.15999999992,0.0,0.0,1278.2444341807277,221747.43828321237
300,2020-10-27,2020,True,50.81967213114754,985,985,1033,180321.77006503867,1223.9109158738827,23131,49,0.0,0.8314012013145148,0.17479138212975495,0.16343322055191026,0.1570984569972285,0.3836959278147394,0.9664619289340102,0.12365693329678615,314817.8391990863,0,False,False,True,"{""0"":null,""1"":null,""2"":null,""3"":null}",985.0,298204.0,985.0,212001.0,985.0,212001.0,838.2576099602738,180321.77006503867,838.2576099602738,0.0,0.0,1223.9109158738866,222971.34919908625,0.0,6.428226352036218,4.0,856.0,0.0,0.0,88.49999999871216,18970.20000000444,0.0,521.6999999999666,49.24999999928332,10600.049999985995,0.0,0.0,0.0,0.0,0.0,0.0,9.849999999999909,2120.010000000001,492.5,106000.5,0.0,33.0,502.3500000000058,108120.50999999992,0.0,0.0,1223.9109158738866,222971.34919908625
301,2020-10-28,2020,True,50.822404371584696,985,985,1033,181160.02767499894,1158.1070257565666,23217,66,0.013827656501808425,0.8304504059688391,0.16330611986583127,0.16333387872511299,0.15714647107593196,0.3836959278147394,0.9662944162436548,0.14854272640204685,315473.5962248429,0,False,False,True,"{""0"":null,""1"":null,""2"":null,""3"":null}",985.0,299189.0,985.0,212986.0,985.0,212986.0,838.2576099602738,181160.02767499894,838.2576099602738,0.0,0.0,1158.1070257565589,224129.4562248428,0.013827656501808505,6.442054008538027,4.0,860.0,0.0,0.0,88.49999999871216,19058.70000000315,0.0,521.6999999999666,49.24999999928332,10649.299999985278,0.0,0.0,0.0,0.0,0.0,0.0,9.849999999999909,2129.860000000001,492.5,106493.0,0.0,33.0,502.3500000000058,108622.85999999993,0.0,0.0,1158.1070257565589,224129.4562248428
302,2020-10-29,2020,True,50.82513661202186,983,983,1033,181996.74615425372,1094.1689047193959,23371,48,0.0,0.8168974432865869,0.18290423438287012,0.1634028691079792,0.15716826171166381,0.38395865742973967,0.9668463886063072,0.17181747106496859,316066.4351295623,0,False,False,True,"{""0"":null,""1"":null,""2"":null,""3"":null}",983.0,300172.0,983.0,213969.0,983.0,213969.0,836.7184792547778,181996.74615425372,836.7184792547778,0.0,0.0,1094.1689047194086,225223.62512956222,0.0,6.442054008538027,4.0,864.0,0.0,0.0,88.29999999871507,19147.000000001866,3.899999999999409,525.599999999966,49.14999999928477,10698.449999984563,0.0,0.0,0.0,0.0,0.0,0.0,9.829999999999927,2139.690000000001,491.5,106984.5,0.0,33.0,501.33000000000175,109124.18999999993,0.0,0.0,1094.1689047194086,225223.62512956222
303,2020-10-30,2020,True,50.82786885245902,983,983,1033,182833.4646335085,1035.7375387199131,23462,39,0.0,0.8260108022669915,0.17310911583892996,0.1635982223090521,0.15719063897468416,0.38395865742973967,0.9673499491353,0.1931177708091235,316600.84266828216,0,False,False,True,"{""0"":null,""1"":null,""2"":null,""3"":null}",983.0,301155.0,983.0,214952.0,983.0,214952.0,836.7184792547778,182833.4646335085,836.7184792547778,0.0,0.0,1035.737538719899,226259.36266828212,0.0,6.442054008538027,4.0,868.0,0.0,0.0,88.29999999871507,19235.30000000058,3.449999999999477,529.0499999999655,49.14999999928477,10747.599999983848,0.0,0.0,0.0,0.0,0.0,0.0,9.829999999999927,2149.520000000001,491.5,107476.0,0.0,33.0,501.33000000000175,109625.51999999993,0.0,0.0,1035.737538719899,226259.36266828212
304,2020-10-31,2020,False,50.830601092896174,983,0,1033,182833.4646335085,0.0,22599,39,0.0,,,0.16349832141738474,0.15716054214729214,0.38395865742973967,0.9683570701932859,0.11785018593597232,316600.84266828216,0,False,False,True,"{""0"":null,""1"":null,""2"":null,""3"":null}",983.0,302138.0,0.0,214952.0,0.0,214952.0,0.0,182833.4646335085,0.0,0.0,0.0,0.0,226259.36266828212,0.0,6.442054008538027,0.0,868.0,0.0,0.0,0.0,19235.30000000058,0.0,529.0499999999655,0.0,10747.599999983848,0.0,0.0,0.0,0.0,0.0,0.0,0.0,2149.520000000001,0.0,107476.0,0.0,33.0,0.0,109625.51999999993,0.0,0.0,0.0,226259.36266828212
305,2020-11-01,2020,False,50.833333333333336,983,0,1033,182833.4646335085,0.0,22599,39,0.0,,,0.16349832141738474,0.15716054214729214,0.38395865742973967,0.9683570701932859,0.06836396103228877,316600.84266828216,0,False,False,True,"{""0"":null,""1"":null,""2"":null,""3"":null}",983.0,303121.0,0.0,214952.0,0.0,214952.0,0.0,182833.4646335085,0.0,0.0,0.0,0.0,226259.36266828212,0.0,6.442054008538027,0.0,868.0,0.0,0.0,0.0,19235.30000000058,0.0,529.0499999999655,0.0,10747.599999983848,0.0,0.0,0.0,0.0,0.0,0.0,0.0,2149.520000000001,0.0,107476.0,0.0,33.0,0.0,109625.51999999993,0.0,0.0,0.0,226259.36266828212
306,2020-11-02,2020,True,50.83606557377049,983,983,1033,183670.18311276328,1279.025467301364,23569,18,0.0,0.8555448021017432,0.14803545960255954,0.16349832141738474,0.15716054214729214,0.38395865742973967,0.9674364191251271,0.09729526145120457,317378.5381355835,0,False,False,True,"{""0"":null,""1"":null,""2"":null,""3"":null}",983.0,304104.0,983.0,215935.0,983.0,215935.0,836.7184792547778,183670.18311276328,836.7184792547778,0.0,0.0,1279.0254673013696,227538.3881355835,0.0,6.442054008538027,4.0,872.0,0.0,0.0,88.29999999871507,19323.599999999296,5.849999999999113,534.8999999999646,49.14999999928477,10796.749999983133,0.0,0.0,0.0,0.0,0.0,0.0,9.829999999999927,2159.350000000001,491.5,107967.5,0.0,33.0,501.33000000000175,110126.84999999993,0.0,0.0,1279.0254673013696,227538.3881355835
307,2020-11-03,2020,True,50.83879781420765,983,983,1033,184506.90159201805,1199.1722117121672,23624,36,0.0,0.8484019449588861,0.14617240599286602,0.1635248172973212,0.15717170961221272,0.38395865742973967,0.9671820956256358,0.12423487907325864,318076.38034729566,0,False,False,True,"{""0"":null,""1"":null,""2"":null,""3"":null}",983.0,305087.0,983.0,216918.0,983.0,216918.0,836.7184792547778,184506.90159201805,836.7184792547778,0.0,0.0,1199.172211712168,228737.56034729566,0.0,6.442054008538027,4.0,876.0,0.0,0.0,88.29999999871507,19411.89999999801,0.0,534.8999999999646,49.14999999928477,10845.899999982417,0.0,0.0,0.0,0.0,0.0,0.0,9.829999999999927,2169.1800000000007,491.5,108459.0,0.0,33.0,501.33000000000175,110628.17999999993,0.0,0.0,1199.172211712168,228737.56034729566
308,2020-11-04,2020,True,50.84153005464481,983,983,1033,185343.62007127283,1137.5264700859827,23717,48,0.33105505085092746,0.8474021424507395,0.1475192198632092,0.16358732700484324,0.15722472949688093,0.38395865742973967,0.966795523906409,0.14913260798656733,318712.5768173816,0,False,False,True,"{""0"":null,""1"":null,""2"":null,""3"":null}",983.0,306070.0,983.0,217901.0,983.0,217901.0,836.7184792547778,185343.62007127283,836.7184792547778,0.0,0.0,1137.5264700859843,229875.08681738164,0.3310550508509271,6.773109059388954,4.0,880.0,0.0,0.0,88.29999999871507,19500.199999996727,0.0,534.8999999999646,49.14999999928477,10895.049999981702,0.0,0.0,0.0,0.0,0.0,0.0,9.829999999999927,2179.0100000000007,491.5,108950.5,0.0,33.0,501.33000000000175,111129.50999999994,0.0,0.0,1137.5264700859843,229875.08681738164
309,2020-11-05,2020,True,50.84426229508197,983,983,1033,186180.3385505276,1086.084158388897,23849,48,0.0,0.8260397710975375,0.16088958869678063,0.16352711731032502,0.15725058394567948,0.38395865742973967,0.9666887080366225,0.1721536379475108,319297.3309757705,0,False,False,True,"{""0"":null,""1"":null,""2"":null,""3"":null}",983.0,307053.0,983.0,218884.0,983.0,218884.0,836.7184792547778,186180.3385505276,836.7184792547778,0.0,0.0,1086.0841583888978,230961.17097577054,0.0,6.773109059388954,4.0,884.0,0.0,0.0,88.29999999871507,19588.49999999544,2.6999999999995907,537.5999999999642,49.14999999928477,10944.199999980987,0.0,0.0,0.0,0.0,0.0,0.0,9.829999999999927,2188.8400000000006,491.5,109442.0,0.0,33.0,501.33000000000175,111630.83999999994,0.0,0.0,1086.0841583888978,230961.17097577054
310,2020-11-06,2020,True,50.84699453551912,983,983,1033,187017.0570297824,1067.7340267051932,23940,53,0.0,0.8148813806158387,0.17224948848620336,0.1635511120000034,0.15729299190209,0.38395865742973967,0.9668718209562563,0.19337107753256816,319863.7350024757,0,False,False,True,"{""0"":null,""1"":null,""2"":null,""3"":null}",983.0,308036.0,983.0,219867.0,983.0,219867.0,836.7184792547778,187017.0570297824,836.7184792547778,0.0,0.0,1067.734026705206,232028.90500247575,0.0,6.773109059388954,4.0,888.0,0.0,0.0,88.29999999871507,19676.799999994157,2.6999999999995907,540.2999999999638,49.14999999928477,10993.349999980272,0.0,0.0,0.0,0.0,0.0,0.0,9.829999999999927,2198.6700000000005,491.5,109933.5,0.0,33.0,501.33000000000175,112132.16999999994,0.0,0.0,1067.734026705206,232028.90500247575
311,2020-11-07,2020,False,50.849726775956285,983,0,1033,187017.0570297824,0.0,23099,53,0.0,,,0.16350725370372596,0.15721295875538388,0.38395865742973967,0.9680061037639878,0.1179865152325002,319863.7350024757,0,False,False,True,"{""0"":null,""1"":null,""2"":null,""3"":null}",983.0,309019.0,0.0,219867.0,0.0,219867.0,0.0,187017.0570297824,0.0,0.0,0.0,0.0,232028.90500247575,0.0,6.773109059388954,0.0,888.0,0.0,0.0,0.0,19676.799999994157,0.0,540.2999999999638,0.0,10993.349999980272,0.0,0.0,0.0,0.0,0.0,0.0,0.0,2198.6700000000005,0.0,109933.5,0.0,33.0,0.0,112132.16999999994,0.0,0.0,0.0,232028.90500247575
312,2020-11-08,2020,False,50.85245901639344,983,0,1033,187017.0570297824,0.0,23099,53,0.0,,,0.16350725370372599,0.1572129587553839,0.38395865742973967,0.9680061037639878,0.0684398471602505,319863.7350024757,0,False,False,True,"{""0"":null,""1"":null,""2"":null,""3"":null}",983.0,310002.0,0.0,219867.0,0.0,219867.0,0.0,187017.0570297824,0.0,0.0,0.0,0.0,232028.90500247575,0.0,6.773109059388954,0.0,888.0,0.0,0.0,0.0,19676.799999994157,0.0,540.2999999999638,0.0,10993.349999980272,0.0,0.0,0.0,0.0,0.0,0.0,0.0,2198.6700000000005,0.0,109933.5,0.0,33.0,0.0,112132.16999999994,0.0,0.0,0.0,232028.90500247575
313,2020-11-09,2020,True,50.8551912568306,982,982,1033,187852.95904318476,1284.0052707463722,24080,13,0.0,0.8380744980919197,0.15007713119422822,0.1636060324749196,0.15737954606493237,0.3839480592349931,0.967011201629328,0.09742555339095559,320646.92027322203,0,False,False,True,"{""0"":null,""1"":null,""2"":null,""3"":null}",982.0,310984.0,982.0,220849.0,982.0,220849.0,835.902013402374,187852.95904318476,835.902013402374,0.0,0.0,1284.005270746362,233312.9102732221,0.0,6.773109059388954,4.0,892.0,0.0,0.0,88.19999999871652,19764.999999992873,7.949999999998795,548.2499999999626,49.0999999992855,11042.449999979557,0.0,0.0,0.0,0.0,0.0,0.0,9.820000000000164,2208.4900000000007,491.0,110424.5,0.0,33.0,500.820000000007,112632.98999999995,0.0,0.0,1284.005270746362,233312.9102732221
314,2020-11-10,2020,True,50.85792349726776,982,982,1033,188688.86105658713,1201.9861961818012,24122,27,0.15803454677503462,0.8553799568607932,0.1361685969242453,0.16368302599101156,0.1574039796238677,0.3839480592349931,0.9671283095723014,0.12443145711200661,321348.0864694038,0,False,False,True,"{""0"":null,""1"":null,""2"":null,""3"":null}",982.0,311966.0,982.0,221831.0,982.0,221831.0,835.902013402374,188688.86105658713,835.902013402374,0.0,0.0,1201.986196181795,234514.8964694039,0.1580345467750348,6.931143606163989,4.0,896.0,0.0,0.0,88.19999999871652,19853.19999999159,0.0,548.2499999999626,49.0999999992855,11091.549999978843,0.0,0.0,0.0,0.0,0.0,0.0,9.820000000000164,2218.310000000001,491.0,110915.5,0.0,33.0,500.820000000007,113133.80999999995,0.0,0.0,1201.986196181795,234514.8964694039
315,2020-11-11,2020,True,50.86065573770492,982,982,1033,189524.7630699895,1170.909451989866,24236,38,0.0,0.8319644931143189,0.16696411619517748,0.16359460197024348,0.15734346526422133,0.3839480592349931,0.9672046843177189,0.14940731601033191,322018.1759213937,0,False,False,True,"{""0"":null,""1"":null,""2"":null,""3"":null}",982.0,312948.0,982.0,222813.0,982.0,222813.0,835.902013402374,189524.7630699895,835.902013402374,0.0,0.0,1170.9094519898645,235685.80592139377,0.0,6.931143606163989,4.0,900.0,0.0,0.0,88.19999999871652,19941.399999990306,0.0,548.2499999999626,49.0999999992855,11140.649999978128,0.0,0.0,0.0,0.0,0.0,0.0,9.820000000000164,2228.130000000001,491.0,111406.5,0.0,33.0,500.820000000007,113634.62999999996,0.0,0.0,1170.9094519898645,235685.80592139377
316,2020-11-12,2020,True,50.86338797814208,981,981,1033,190359.69204052686,1109.7091917427827,24338,40,0.0,0.8164924506387921,0.17479115245870513,0.16396181255072179,0.1577748252296235,0.38414495912467056,0.9672782874617737,0.17217994332305966,322627.57511313644,0,False,False,True,"{""0"":null,""1"":null,""2"":null,""3"":null}",981.0,313929.0,981.0,223794.0,981.0,223794.0,834.9289705373521,190359.69204052686,834.9289705373521,0.0,0.0,1109.7091917427897,236795.51511313656,0.0,6.931143606163989,4.0,904.0,0.0,0.0,88.09999999871798,20029.499999989024,1.9499999999997044,550.1999999999623,49.04999999928623,11189.699999977414,0.0,0.0,0.0,0.0,0.0,0.0,9.809999999999945,2237.940000000001,490.5,111897.0,0.0,33.0,500.3099999999977,114134.93999999996,0.0,0.0,1109.7091917427897,236795.51511313656
317,2020-11-13,2020,True,50.86612021857923,978,978,1033,191192.05139036503,1047.1011877649971,24447,41,0.08548994500365142,0.8169690098261526,0.1797347053244296,0.1638938250265391,0.15765061137706576,0.38415659435059735,0.9674028629856851,0.19354552771949737,323175.8963009014,0,False,False,True,"{""0"":null,""1"":null,""2"":null,""3"":null}",978.0,314907.0,978.0,224772.0,978.0,224772.0,832.359349838167,191192.05139036503,832.359349838167,0.0,0.0,1047.1011877649871,237842.61630090154,0.08548994500365126,7.01663355116764,4.0,908.0,0.0,0.0,87.79999999872234,20117.299999987747,2.0999999999996817,552.299999999962,48.89999999928841,11238.599999976703,0.0,0.0,0.0,0.0,0.0,0.0,9.7800000000002,2247.720000000001,489.0,112386.0,0.0,33.0,498.77999999999884,114633.71999999996,0.0,0.0,1047.1011877649871,237842.61630090154
318,2020-11-14,2020,False,50.868852459016395,976,0,1033,191192.05139036503,0.0,23599,41,0.0,,,0.16385430754857663,0.15841406131761188,0.38397132968684655,0.9687243852459017,0.11798778403143229,323175.8963009014,0,False,False,True,"{""0"":null,""1"":null,""2"":null,""3"":null}",976.0,315883.0,0.0,224772.0,0.0,224772.0,0.0,191192.05139036503,0.0,0.0,0.0,0.0,237842.61630090154,0.0,7.01663355116764,0.0,908.0,0.0,0.0,0.0,20117.299999987747,0.0,552.299999999962,0.0,11238.599999976703,0.0,0.0,0.0,0.0,0.0,0.0,0.0,2247.720000000001,0.0,112386.0,0.0,33.0,0.0,114633.71999999996,0.0,0.0,0.0,237842.61630090154
319,2020-11-15,2020,False,50.87158469945355,976,0,1033,191192.05139036503,0.0,23599,41,0.0,,,0.16385430754857663,0.15841406131761188,0.38397132968684655,0.9687243852459017,0.06843919143449946,323175.8963009014,0,False,False,True,"{""0"":null,""1"":null,""2"":null,""3"":null}",976.0,316859.0,0.0,224772.0,0.0,224772.0,0.0,191192.05139036503,0.0,0.0,0.0,0.0,237842.61630090154,0.0,7.01663355116764,0.0,908.0,0.0,0.0,0.0,20117.299999987747,0.0,552.299999999962,0.0,11238.599999976703,0.0,0.0,0.0,0.0,0.0,0.0,0.0,2247.720000000001,0.0,112386.0,0.0,33.0,0.0,114633.71999999996,0.0,0.0,0.0,237842.61630090154
320,2020-11-16,2020,True,50.87431693989071,979,979,1036,192025.31982849046,1245.619599249933,24563,14,0.0,0.8488379339622175,0.14604569721573685,0.16308407219583856,0.1555826303548472,0.3835106631509886,0.9669203268641471,0.09736378173480785,323919.22590015136,0,False,False,True,"{""0"":null,""1"":null,""2"":null,""3"":null}",979.0,317838.0,979.0,225751.0,979.0,225751.0,833.2684381254367,192025.31982849046,833.2684381254367,0.0,0.0,1245.6195992499415,239088.23590015149,0.0,7.01663355116764,4.0,912.0,0.0,0.0,87.89999999872089,20205.199999986467,6.149999999999068,558.449999999961,48.949999999287684,11287.54999997599,0.0,0.0,0.0,0.0,0.0,0.0,9.789999999999964,2257.510000000001,489.5,112875.5,3.0,36.0,499.2899999999936,115133.00999999995,0.0,0.0,1245.6195992499415,239088.23590015149
321,2020-11-17,2020,True,50.877049180327866,979,979,1036,192858.5882666159,1217.6110811962315,24627,36,0.0,0.8292949281192873,0.16366477612812153,0.16309851367663133,0.155623007021502,0.3835106631509886,0.9670531154239019,0.1243127460511626,324637.5469813476,0,False,False,True,"{""0"":null,""1"":null,""2"":null,""3"":null}",979.0,318817.0,979.0,226730.0,979.0,226730.0,833.2684381254367,192858.5882666159,833.2684381254367,0.0,0.0,1217.611081196228,240305.8469813477,0.0,7.01663355116764,4.0,916.0,0.0,0.0,87.89999999872089,20293.09999998519,0.0,558.449999999961,48.949999999287684,11336.499999975278,0.0,0.0,0.0,0.0,0.0,0.0,9.789999999999964,2267.300000000001,489.5,113365.0,0.0,36.0,499.2899999999936,115632.29999999994,0.0,0.0,1217.611081196228,240305.8469813477
322,2020-11-18,2020,True,50.87978142076503,979,979,1036,193691.85670474134,1158.674762276652,24718,51,0.0,0.8263587569087592,0.16416110225292943,0.163258188643522,0.15578246815145097,0.3835106631509886,0.966879468845761,0.14926109003200644,325296.93174362427,0,False,False,True,"{""0"":null,""1"":null,""2"":null,""3"":null}",979.0,319796.0,979.0,227709.0,979.0,227709.0,833.2684381254367,193691.85670474134,833.2684381254367,0.0,0.0,1158.6747622766416,241464.52174362435,0.0,7.01663355116764,4.0,920.0,0.0,0.0,87.89999999872089,20380.99999998391,0.0,558.449999999961,48.949999999287684,11385.449999974566,0.0,0.0,0.0,0.0,0.0,0.0,9.789999999999964,2277.090000000001,489.5,113854.5,0.0,36.0,499.2899999999936,116131.58999999994,0.0,0.0,1158.6747622766416,241464.52174362435
323,2020-11-19,2020,True,50.88251366120218,979,979,1036,194525.12514286677,1077.1584002326165,24838,51,0.0,0.8476710138989672,0.15771005449025988,0.1631391508819303,0.1558188114275471,0.3835106631509886,0.9668079673135853,0.17234924991033393,325874.8001438569,0,False,False,True,"{""0"":null,""1"":null,""2"":null,""3"":null}",979.0,320775.0,979.0,228688.0,979.0,228688.0,833.2684381254367,194525.12514286677,833.2684381254367,0.0,0.0,1077.1584002326126,242541.68014385697,0.0,7.01663355116764,4.0,924.0,0.0,0.0,87.89999999872089,20468.89999998263,2.0999999999996817,560.5499999999607,48.949999999287684,11434.399999973853,0.0,0.0,0.0,0.0,0.0,0.0,9.789999999999964,2286.880000000001,489.5,114344.0,0.0,36.0,499.2899999999936,116630.87999999993,0.0,0.0,1077.1584002326126,242541.68014385697
324,2020-11-20,2020,True,50.885245901639344,980,980,1037,195359.12521055093,1051.1574150566094,24937,50,0.055889784390374266,0.8182930864574581,0.1633856036310482,0.1630026770254353,0.15497983231677645,0.3835212613457353,0.9663826530612244,0.19353243694452082,326425.1575589135,0,False,False,True,"{""0"":null,""1"":null,""2"":null,""3"":null}",980.0,321755.0,980.0,229668.0,980.0,229668.0,834.0000676841591,195359.12521055093,834.0000676841591,0.0,0.0,1051.1574150566012,243592.83755891357,0.05588978439037451,7.072523335558015,4.0,928.0,0.0,0.0,87.99999999871943,20556.89999998135,3.2999999999994998,563.8499999999602,48.999999999286956,11483.39999997314,0.0,0.0,0.0,0.0,0.0,0.0,9.800000000000182,2296.680000000001,490.0,114834.0,1.0,37.0,499.8000000000029,117130.67999999993,0.0,0.0,1051.1574150566012,243592.83755891357
325,2020-11-21,2020,False,50.887978142076506,979,0,1037,195359.12521055093,0.0,24099,50,0.0,,,0.1633860661620832,0.15543111532297757,0.38371816123541275,0.9674106230847804,0.11816482447432528,326425.1575589135,0,False,False,True,"{""0"":null,""1"":null,""2"":null,""3"":null}",979.0,322734.0,0.0,229668.0,0.0,229668.0,0.0,195359.12521055093,0.0,0.0,0.0,0.0,243592.83755891357,0.0,7.072523335558015,0.0,928.0,0.0,0.0,0.0,20556.89999998135,0.0,563.8499999999602,0.0,11483.39999997314,0.0,0.0,0.0,0.0,0.0,0.0,0.0,2296.680000000001,0.0,114834.0,0.0,37.0,0.0,117130.67999999993,0.0,0.0,0.0,243592.83755891357
326,2020-11-22,2020,False,50.89071038251366,979,0,1037,195359.12521055093,0.0,24099,50,0.0,,,0.1633860661620832,0.15543111532297757,0.38371816123541275,0.9674106230847804,0.0685562158764977,326425.1575589135,0,False,False,True,"{""0"":null,""1"":null,""2"":null,""3"":null}",979.0,323713.0,0.0,229668.0,0.0,229668.0,0.0,195359.12521055093,0.0,0.0,0.0,0.0,243592.83755891357,0.0,7.072523335558015,0.0,928.0,0.0,0.0,0.0,20556.89999998135,0.0,563.8499999999602,0.0,11483.39999997314,0.0,0.0,0.0,0.0,0.0,0.0,0.0,2296.680000000001,0.0,114834.0,0.0,37.0,0.0,117130.67999999993,0.0,0.0,0.0,243592.83755891357
327,2020-11-23,2020,True,50.89344262295082,980,980,1038,196193.1982792579,1252.9987348015836,25078,16,0.0,0.860199049380336,0.1349467654324077,0.16347942765300355,0.15490485807672938,0.38397029265566646,0.9662142857142857,0.09735442806450766,327177.35629371513,0,False,False,True,"{""0"":null,""1"":null,""2"":null,""3"":null}",980.0,324693.0,980.0,230648.0,980.0,230648.0,834.073068706959,196193.1982792579,834.073068706959,0.0,0.0,1252.9987348015711,244845.83629371514,0.0,7.072523335558015,4.0,932.0,0.0,0.0,87.99999999871943,20644.89999998007,7.499999999998863,571.3499999999591,48.999999999286956,11532.399999972427,0.0,0.0,0.0,0.0,0.0,0.0,9.800000000000182,2306.4800000000014,490.0,115324.0,1.0,38.0,499.8000000000029,117630.47999999994,0.0,0.0,1252.9987348015711,244845.83629371514
328,2020-11-24,2020,True,50.89617486338798,980,980,1039,197027.4239558115,1243.054859859688,25113,42,0.0,0.8694217359738745,0.12344020578673146,0.16351628215091438,0.15434846714235834,0.38365129447890983,0.9660663265306122,0.12432355288393031,327919.61115357484,0,False,False,True,"{""0"":null,""1"":null,""2"":null,""3"":null}",980.0,325673.0,980.0,231628.0,980.0,231628.0,834.2256765536149,197027.4239558115,834.2256765536149,0.0,0.0,1243.0548598596943,246088.89115357483,0.0,7.072523335558015,4.0,936.0,0.0,0.0,87.99999999871943,20732.89999997879,0.0,571.3499999999591,48.999999999286956,11581.399999971714,0.0,0.0,0.0,0.0,0.0,0.0,9.800000000000182,2316.2800000000016,490.0,115814.0,1.0,39.0,499.8000000000029,118130.27999999994,0.0,0.0,1243.0548598596943,246088.89115357483
329,2020-11-25,2020,True,50.89890710382514,980,980,1039,197861.64963236512,1162.849551069075,25225,62,0.0,0.8163260396081178,0.18730216432657643,0.16350806230303305,0.15441734205845842,0.38365129447890983,0.9659540816326531,0.14916164599884102,328582.66070464393,0,False,False,True,"{""0"":null,""1"":null,""2"":null,""3"":null}",980.0,326653.0,980.0,232608.0,980.0,232608.0,834.2256765536149,197861.64963236512,834.2256765536149,0.0,0.0,1162.8495510690846,247251.74070464392,0.0,7.072523335558015,4.0,940.0,0.0,0.0,87.99999999871943,20820.899999977508,0.0,571.3499999999591,48.999999999286956,11630.399999971001,0.0,0.0,0.0,0.0,0.0,0.0,9.800000000000182,2326.0800000000017,490.0,116304.0,0.0,39.0,499.8000000000029,118630.07999999994,0.0,0.0,1162.8495510690846,247251.74070464392
330,2020-11-26,2020,True,50.90163934426229,980,980,1039,198695.87530891874,1111.865109149304,25335,68,0.0,0.8183544115197018,0.18074541101158453,0.16356879788699152,0.15447666473460622,0.38365129447890983,0.9657959183673469,0.17213381849016945,329194.72581379325,0,False,False,True,"{""0"":null,""1"":null,""2"":null,""3"":null}",980.0,327633.0,980.0,233588.0,980.0,233588.0,834.2256765536149,198695.87530891874,834.2256765536149,0.0,0.0,1111.8651091493084,248363.60581379323,0.0,7.072523335558015,4.0,944.0,0.0,0.0,87.99999999871943,20908.899999976227,2.399999999999636,573.7499999999587,48.999999999286956,11679.399999970288,0.0,0.0,0.0,0.0,0.0,0.0,9.800000000000182,2335.880000000002,490.0,116794.0,0.0,39.0,499.8000000000029,119129.87999999995,0.0,0.0,1111.8651091493084,248363.60581379323
331,2020-11-27,2020,True,50.904371584699454,981,981,1040,199531.02089244785,1047.4604272604429,25453,56,0.0,0.8235333537410451,0.1685112440639787,0.16363472699768533,0.1539427083308889,0.38390342589916354,0.9657339449541285,0.19328065232599015,329740.8762410537,0,False,False,True,"{""0"":null,""1"":null,""2"":null,""3"":null}",981.0,328614.0,981.0,234569.0,981.0,234569.0,835.1455835291126,199531.02089244785,835.1455835291126,0.0,0.0,1047.4604272604338,249411.06624105366,0.0,7.072523335558015,4.0,948.0,0.0,0.0,88.09999999871798,20996.999999974945,3.899999999999409,577.6499999999581,49.04999999928623,11728.449999969574,0.0,0.0,0.0,0.0,0.0,0.0,9.809999999999945,2345.690000000002,490.5,117284.5,1.0,40.0,500.3099999999977,119630.18999999994,0.0,0.0,1047.4604272604338,249411.06624105366
332,2020-11-28,2020,False,50.90710382513661,982,0,1041,199531.02089244785,0.0,24599,56,0.0,,,0.1633082236594555,0.1530680954867214,0.383706526009486,0.9664816700610999,0.11776742112164834,329739.8762410537,0,False,False,True,"{""0"":null,""1"":null,""2"":null,""3"":null}",982.0,329596.0,0.0,234569.0,0.0,234569.0,0.0,199531.02089244785,0.0,0.0,0.0,0.0,249411.06624105366,0.0,7.072523335558015,0.0,948.0,0.0,0.0,0.0,20996.999999974945,0.0,577.6499999999581,0.0,11728.449999969574,0.0,0.0,0.0,0.0,0.0,0.0,0.0,2345.690000000002,0.0,117284.5,1.0,41.0,0.0,119630.18999999994,0.0,0.0,0.0,249411.06624105366
333,2020-11-29,2020,False,50.90983606557377,982,0,1041,199531.02089244785,0.0,24599,56,0.0,,,0.1633082236594555,0.1530680954867214,0.383706526009486,0.9664816700610999,0.06826649313219686,329739.8762410537,0,False,False,True,"{""0"":null,""1"":null,""2"":null,""3"":null}",982.0,330578.0,0.0,234569.0,0.0,234569.0,0.0,199531.02089244785,0.0,0.0,0.0,0.0,249411.06624105366,0.0,7.072523335558015,0.0,948.0,0.0,0.0,0.0,20996.999999974945,0.0,577.6499999999581,0.0,11728.449999969574,0.0,0.0,0.0,0.0,0.0,0.0,0.0,2345.690000000002,0.0,117284.5,0.0,41.0,0.0,119630.18999999994,0.0,0.0,0.0,249411.06624105366
334,2020-11-30,2020,True,50.91256830601093,982,982,1041,200367.08186535898,1273.7459478286748,25581,14,0.01684448189559347,0.8767773290859922,0.12197474578533313,0.1633082236594555,0.1530680954867214,0.383706526009486,0.9654837067209776,0.09717040331120515,330512.8021888824,0,False,False,True,"{""0"":null,""1"":null,""2"":null,""3"":null}",982.0,331560.0,982.0,235551.0,982.0,235551.0,836.0609729111311,200367.08186535898,836.0609729111311,0.0,0.0,1273.7459478286619,250684.81218888232,0.01684448189559351,7.089367817453608,4.0,952.0,0.0,0.0,88.19999999871652,21085.19999997366,8.399999999998727,586.0499999999569,49.0999999992855,11777.54999996886,0.0,0.0,0.0,0.0,0.0,0.0,9.820000000000164,2355.510000000002,491.0,117775.5,0.0,41.0,500.820000000007,120131.00999999995,0.0,0.0,1273.7459478286619,250684.81218888232
335,2020-12-01,2020,True,50.91530054644809,982,982,1041,201203.1428382701,1234.6744136272187,25629,32,0.0,0.8503376709852014,0.14239973633552946,0.16331011086146602,0.15309808382903933,0.383706526009486,0.9657535641547862,0.12415733665483963,331246.6566025096,0,False,False,True,"{""0"":null,""1"":null,""2"":null,""3"":null}",982.0,332542.0,982.0,236533.0,982.0,236533.0,836.0609729111311,201203.1428382701,836.0609729111311,0.0,0.0,1234.6744136272173,251919.48660250954,0.0,7.089367817453608,4.0,956.0,0.0,0.0,88.19999999871652,21173.39999997238,0.0,586.0499999999569,49.0999999992855,11826.649999968145,0.0,0.0,0.0,0.0,0.0,0.0,9.820000000000164,2365.330000000002,491.0,118266.5,0.0,41.0,500.820000000007,120631.82999999996,0.0,0.0,1234.6744136272173,251919.48660250954
336,2020-12-02,2020,True,50.91803278688525,982,982,1041,202039.20381118124,1169.5676655910625,25725,50,0.0,0.8228067466450308,0.1676981224358637,0.16321887190072998,0.153147573149209,0.383706526009486,0.9657433808553971,0.14912608727773122,331915.4042681007,0,False,False,True,"{""0"":null,""1"":null,""2"":null,""3"":null}",982.0,333524.0,982.0,237515.0,982.0,237515.0,836.0609729111311,202039.20381118124,836.0609729111311,0.0,0.0,1169.5676655910502,253089.0542681006,0.0,7.089367817453608,4.0,960.0,0.0,0.0,88.19999999871652,21261.599999971095,0.0,586.0499999999569,49.0999999992855,11875.749999967431,0.0,0.0,0.0,0.0,0.0,0.0,9.820000000000164,2375.1500000000024,491.0,118757.5,0.0,41.0,500.820000000007,121132.64999999997,0.0,0.0,1169.5676655910502,253089.0542681006
337,2020-12-03,2020,True,50.9207650273224,982,982,1041,202875.26478409237,1103.2487221896838,25848,49,0.0,0.8330442842830369,0.1706924745908662,0.16323871388356218,0.1531899291610318,0.383706526009486,0.9661099796334013,0.17220181361526024,332517.83299029036,0,False,False,True,"{""0"":null,""1"":null,""2"":null,""3"":null}",982.0,334506.0,982.0,238497.0,982.0,238497.0,836.0609729111311,202875.26478409237,836.0609729111311,0.0,0.0,1103.2487221896881,254192.30299029028,0.0,7.089367817453608,4.0,964.0,0.0,0.0,88.19999999871652,21349.79999996981,2.0999999999996817,588.1499999999565,49.0999999992855,11924.849999966716,0.0,0.0,0.0,0.0,0.0,0.0,9.820000000000164,2384.9700000000025,491.0,119248.5,0.0,41.0,500.820000000007,121633.46999999997,0.0,0.0,1103.2487221896881,254192.30299029028
338,2020-12-04,2020,True,50.923497267759565,982,982,1041,203711.3257570035,1075.6673080182704,25949,42,0.1476815098447852,0.8186960427484519,0.19441818311211337,0.1632442021738757,0.15316434510345775,0.383706526009486,0.9663441955193484,0.19355931534057325,333092.6802983086,0,False,False,True,"{""0"":null,""1"":null,""2"":null,""3"":null}",982.0,335488.0,982.0,239479.0,982.0,239479.0,836.0609729111311,203711.3257570035,836.0609729111311,0.0,0.0,1075.667308018281,255267.97029830856,0.14768150984478545,7.237049327298394,4.0,968.0,0.0,0.0,88.19999999871652,21437.999999968528,2.6999999999995907,590.8499999999561,49.0999999992855,11973.949999966002,0.0,0.0,0.0,0.0,0.0,0.0,9.820000000000164,2394.7900000000027,491.0,119739.5,0.0,41.0,500.820000000007,122134.28999999998,0.0,0.0,1075.667308018281,255267.97029830856
339,2020-12-05,2020,False,50.92622950819672,982,0,1041,203711.3257570035,0.0,25099,42,0.0,,,0.1633019317009066,0.15325080137929672,0.383706526009486,0.9672708757637475,0.1180470401667016,333092.6802983086,0,False,False,True,"{""0"":null,""1"":null,""2"":null,""3"":null}",982.0,336470.0,0.0,239479.0,0.0,239479.0,0.0,203711.3257570035,0.0,0.0,0.0,0.0,255267.97029830856,0.0,7.237049327298394,0.0,968.0,0.0,0.0,0.0,21437.999999968528,0.0,590.8499999999561,0.0,11973.949999966002,0.0,0.0,0.0,0.0,0.0,0.0,0.0,2394.7900000000027,0.0,119739.5,0.0,41.0,0.0,122134.28999999998,0.0,0.0,0.0,255267.97029830856
340,2020-12-06,2020,False,50.92896174863388,982,0,1041,203711.3257570035,0.0,25099,42,0.0,,,0.1633019317009066,0.15325080137929675,0.383706526009486,0.9672708757637475,0.06847155510298367,333092.6802983086,0,False,False,True,"{""0"":null,""1"":null,""2"":null,""3"":null}",982.0,337452.0,0.0,239479.0,0.0,239479.0,0.0,203711.3257570035,0.0,0.0,0.0,0.0,255267.97029830856,0.0,7.237049327298394,0.0,968.0,0.0,0.0,0.0,21437.999999968528,0.0,590.8499999999561,0.0,11973.949999966002,0.0,0.0,0.0,0.0,0.0,0.0,0.0,2394.7900000000027,0.0,119739.5,0.0,41.0,0.0,122134.28999999998,0.0,0.0,0.0,255267.97029830856
341,2020-12-07,2020,True,50.931693989071036,982,982,1041,204547.38672991464,1287.7210010078031,26068,15,0.0,0.8585012058136342,0.12163418779054513,0.1633019317009066,0.15325080137929672,0.383706526009486,0.9662016293279022,0.09738958962251283,333879.5812993164,0,False,False,True,"{""0"":null,""1"":null,""2"":null,""3"":null}",982.0,338434.0,982.0,240461.0,982.0,240461.0,836.0609729111311,204547.38672991464,836.0609729111311,0.0,0.0,1287.721001007798,256555.69129931636,0.0,7.237049327298394,4.0,972.0,0.0,0.0,88.19999999871652,21526.199999967244,6.299999999999045,597.1499999999552,49.0999999992855,12023.049999965287,0.0,0.0,0.0,0.0,0.0,0.0,9.820000000000164,2404.610000000003,491.0,120230.5,0.0,41.0,500.820000000007,122635.10999999999,0.0,0.0,1287.721001007798,256555.69129931636
342,2020-12-08,2020,True,50.9344262295082,982,982,1041,205383.44770282577,1233.7785714998595,26124,42,0.0,0.8156555926749353,0.19055389501284534,0.16334717039369018,0.153425892760755,0.383706526009486,0.9661761710794297,0.12428046550289647,334612.5398708163,0,False,False,True,"{""0"":null,""1"":null,""2"":null,""3"":null}",982.0,339416.0,982.0,241443.0,982.0,241443.0,836.0609729111311,205383.44770282577,836.0609729111311,0.0,0.0,1233.7785714998608,257789.46987081622,0.0,7.237049327298394,4.0,976.0,0.0,0.0,88.19999999871652,21614.39999996596,0.0,597.1499999999552,49.0999999992855,12072.149999964573,0.0,0.0,0.0,0.0,0.0,0.0,9.820000000000164,2414.430000000003,491.0,120721.5,0.0,41.0,500.820000000007,123135.93,0.0,0.0,1233.7785714998608,257789.46987081622
343,2020-12-09,2020,True,50.93715846994535,982,982,1041,206219.5086757369,1171.263232763977,26229,60,0.0,0.8370639656225423,0.14320838877821646,0.16329876684366004,0.15340629200013042,0.383706526009486,0.9661099796334013,0.14920749118229581,335282.98310358025,0,False,False,True,"{""0"":null,""1"":null,""2"":null,""3"":null}",982.0,340398.0,982.0,242425.0,982.0,242425.0,836.0609729111311,206219.5086757369,836.0609729111311,0.0,0.0,1171.263232763973,258960.7331035802,0.0,7.237049327298394,4.0,980.0,0.0,0.0,88.19999999871652,21702.599999964677,0.0,597.1499999999552,49.0999999992855,12121.249999963858,0.0,0.0,0.0,0.0,0.0,0.0,9.820000000000164,2424.250000000003,491.0,121212.5,0.0,41.0,500.820000000007,123636.75,0.0,0.0,1171.263232763973,258960.7331035802
344,2020-12-10,2020,True,50.939890710382514,981,981,1041,207054.75446075966,1094.2587099820662,26334,70,0.0,0.8183502577376607,0.16867153473421534,0.16306967668050643,0.15318203153687882,0.38345439458923236,0.9657696228338429,0.1723204277969154,335876.9318135623,0,False,False,True,"{""0"":null,""1"":null,""2"":null,""3"":null}",981.0,341379.0,981.0,243406.0,981.0,243406.0,835.2457850227656,207054.75446075966,835.2457850227656,0.0,0.0,1094.2587099820666,260054.99181356226,0.0,7.237049327298394,4.0,984.0,0.0,0.0,88.09999999871798,21790.699999963395,2.249999999999659,599.3999999999548,49.04999999928623,12170.299999963145,0.0,0.0,0.0,0.0,0.0,0.0,9.809999999999945,2434.060000000003,490.5,121703.0,0.0,41.0,500.3099999999977,124137.06,0.0,0.0,1094.2587099820666,260054.99181356226
345,2020-12-11,2020,True,50.942622950819676,981,981,1041,207890.00024578243,1051.8035743533644,26457,57,0.04907692458201712,0.8043338669930139,0.1794066170570346,0.16303853774176705,0.15321479218388695,0.38345439458923236,0.9659123343527013,0.19351102162307537,336428.42538791563,0,False,False,True,"{""0"":null,""1"":null,""2"":null,""3"":null}",981.0,342360.0,981.0,244387.0,981.0,244387.0,835.2457850227656,207890.00024578243,835.2457850227656,0.0,0.0,1051.8035743533692,261106.79538791563,0.04907692458201751,7.286126251880411,4.0,988.0,0.0,0.0,88.09999999871798,21878.799999962113,4.049999999999386,603.4499999999542,49.04999999928623,12219.349999962431,0.0,0.0,0.0,0.0,0.0,0.0,9.809999999999945,2443.870000000003,490.5,122193.5,0.0,41.0,500.3099999999977,124637.37,0.0,0.0,1051.8035743533692,261106.79538791563
346,2020-12-12,2020,False,50.94535519125683,982,0,1042,207890.00024578243,0.0,25599,57,0.0,,,0.16308925746918107,0.15266246081920798,0.383706526009486,0.9666598778004073,0.117899956343042,336427.42538791563,0,False,False,True,"{""0"":null,""1"":null,""2"":null,""3"":null}",982.0,343342.0,0.0,244387.0,0.0,244387.0,0.0,207890.00024578243,0.0,0.0,0.0,0.0,261106.79538791563,0.0,7.286126251880411,0.0,988.0,0.0,0.0,0.0,21878.799999962113,0.0,603.4499999999542,0.0,12219.349999962431,0.0,0.0,0.0,0.0,0.0,0.0,0.0,2443.870000000003,0.0,122193.5,1.0,42.0,0.0,124637.37,0.0,0.0,0.0,261106.79538791563
347,2020-12-13,2020,False,50.94808743169399,983,0,1043,207890.00024578243,0.0,25599,57,0.0,,,0.16302159246349146,0.1518156800548211,0.3836406962841632,0.9663886063072228,0.06825231912100163,336426.42538791563,0,False,False,True,"{""0"":null,""1"":null,""2"":null,""3"":null}",983.0,344325.0,0.0,244387.0,0.0,244387.0,0.0,207890.00024578243,0.0,0.0,0.0,0.0,261106.79538791563,0.0,7.286126251880411,0.0,988.0,0.0,0.0,0.0,21878.799999962113,0.0,603.4499999999542,0.0,12219.349999962431,0.0,0.0,0.0,0.0,0.0,0.0,0.0,2443.870000000003,0.0,122193.5,1.0,43.0,0.0,124637.37,0.0,0.0,0.0,261106.79538791563
348,2020-12-14,2020,True,50.950819672131146,983,983,1043,208726.97279044378,1280.980411509551,26573,13,0.0,0.854459014068281,0.14404485663021083,0.16302159246349146,0.1518156800548211,0.3836406962841632,0.9653255340793488,0.097102601108068,337206.0757994252,0,False,False,True,"{""0"":null,""1"":null,""2"":null,""3"":null}",983.0,345308.0,983.0,245370.0,983.0,245370.0,836.9725446613447,208726.97279044378,836.9725446613447,0.0,0.0,1280.9804115095758,262387.7757994252,0.0,7.286126251880411,4.0,992.0,0.0,0.0,88.29999999871507,21967.09999996083,8.549999999998704,611.9999999999529,49.14999999928477,12268.499999961716,0.0,0.0,0.0,0.0,0.0,0.0,9.829999999999927,2453.700000000003,491.5,122685.0,0.0,43.0,501.33000000000175,125138.7,0.0,0.0,1280.9804115095758,262387.7757994252
349,2020-12-15,2020,True,50.95355191256831,983,983,1043,209563.94533510512,1240.2423637432018,26629,34,0.0,0.8513479779253539,0.12836562487376457,0.16298019775133896,0.15187406372005346,0.3836406962841632,0.9656052899287895,0.12400313895967476,337944.98816316837,0,False,False,True,"{""0"":null,""1"":null,""2"":null,""3"":null}",983.0,346291.0,983.0,246353.0,983.0,246353.0,836.9725446613447,209563.94533510512,836.9725446613447,0.0,0.0,1240.242363743193,263628.0181631684,0.0,7.286126251880411,4.0,996.0,0.0,0.0,88.29999999871507,22055.399999959543,0.0,611.9999999999529,49.14999999928477,12317.649999961,0.0,0.0,0.0,0.0,0.0,0.0,9.829999999999927,2463.530000000003,491.5,123176.5,0.0,43.0,501.33000000000175,125640.03,0.0,0.0,1240.242363743193,263628.0181631684
350,2020-12-16,2020,True,50.95628415300546,984,984,1044,210401.66528719277,1155.0065469686438,26721,57,0.0,0.8202118357177647,0.1644629601842268,0.16300414678315267,0.15134242677805573,0.3838928277044169,0.9650863821138211,0.14889863474377116,338597.154710137,0,False,False,True,"{""0"":null,""1"":null,""2"":null,""3"":null}",984.0,347275.0,984.0,247337.0,984.0,247337.0,837.7199520876457,210401.66528719277,837.7199520876457,0.0,0.0,1155.0065469686524,264783.02471013705,0.0,7.286126251880411,4.0,1000.0,0.0,0.0,88.39999999871361,22143.799999958257,0.0,611.9999999999529,49.199999999284046,12366.849999960285,0.0,0.0,0.0,0.0,0.0,0.0,9.840000000000146,2473.370000000003,492.0,123668.5,1.0,44.0,501.8399999999965,126141.87,0.0,0.0,1155.0065469686524,264783.02471013705
351,2020-12-17,2020,True,50.959016393442624,985,985,1045,211240.24543535602,1124.7659812163565,26847,63,0.0,0.843690422667887,0.15592103449965397,0.16267847485108203,0.1504589568693493,0.3836959278147394,0.9648832487309644,0.17182595163242273,339218.57069135335,0,False,False,True,"{""0"":null,""1"":null,""2"":null,""3"":null}",985.0,348260.0,985.0,248322.0,985.0,248322.0,838.5801481632516,211240.24543535602,838.5801481632516,0.0,0.0,1124.7659812163329,265907.7906913534,0.0,7.286126251880411,4.0,1004.0,0.0,0.0,88.49999999871216,22232.29999995697,1.9499999999997044,613.9499999999526,49.24999999928332,12416.099999959568,0.0,0.0,0.0,0.0,0.0,0.0,9.849999999999909,2483.220000000003,492.5,124161.0,1.0,45.0,502.3500000000058,126644.22,0.0,0.0,1124.7659812163329,265907.7906913534
352,2020-12-18,2020,True,50.96174863387978,985,985,1045,212078.82558351927,1061.279626876117,26953,61,0.0,0.81927923805242,0.16627441403259494,0.16272907148410357,0.1504125244282764,0.3836959278147394,0.9651979695431472,0.19307547863940247,339777.5003182295,0,False,False,True,"{""0"":null,""1"":null,""2"":null,""3"":null}",985.0,349245.0,985.0,249307.0,985.0,249307.0,838.5801481632516,212078.82558351927,838.5801481632516,0.0,0.0,1061.2796268761158,266969.0703182295,0.0,7.286126251880411,4.0,1008.0,0.0,0.0,88.49999999871216,22320.79999995568,3.1499999999995225,617.0999999999522,49.24999999928332,12465.349999958851,0.0,0.0,0.0,0.0,0.0,0.0,9.849999999999909,2493.070000000003,492.5,124653.5,0.0,45.0,502.3500000000058,127146.57,0.0,0.0,1061.2796268761158,266969.0703182295
353,2020-12-19,2020,False,50.96448087431694,985,0,1045,212078.82558351927,0.0,26099,61,0.0,,,0.16259463307829433,0.15039562948244806,0.3836959278147394,0.9660101522842639,0.11770747731763224,339777.5003182295,0,False,False,True,"{""0"":null,""1"":null,""2"":null,""3"":null}",985.0,350230.0,0.0,249307.0,0.0,249307.0,0.0,212078.82558351927,0.0,0.0,0.0,0.0,266969.0703182295,0.0,7.286126251880411,0.0,1008.0,0.0,0.0,0.0,22320.79999995568,0.0,617.0999999999522,0.0,12465.349999958851,0.0,0.0,0.0,0.0,0.0,0.0,0.0,2493.070000000003,0.0,124653.5,0.0,45.0,0.0,127146.57,0.0,0.0,0.0,266969.0703182295
354,2020-12-20,2020,False,50.967213114754095,986,0,1046,212078.82558351927,0.0,26099,61,0.0,,,0.16251741436399103,0.14962162679766014,0.383706526009486,0.9657403651115619,0.06808706994248499,339776.5003182295,0,False,False,True,"{""0"":null,""1"":null,""2"":null,""3"":null}",986.0,351216.0,0.0,249307.0,0.0,249307.0,0.0,212078.82558351927,0.0,0.0,0.0,0.0,266969.0703182295,0.0,7.286126251880411,0.0,1008.0,0.0,0.0,0.0,22320.79999995568,0.0,617.0999999999522,0.0,12465.349999958851,0.0,0.0,0.0,0.0,0.0,0.0,0.0,2493.070000000003,0.0,124653.5,1.0,46.0,0.0,127146.57,0.0,0.0,0.0,266969.0703182295
355,2020-12-21,2020,True,50.96994535519126,986,986,1046,212918.10823904446,1338.4818467685718,27089,16,0.0,0.8590132661858865,0.14236476167589276,0.16251741436399103,0.14962162679766014,0.383706526009486,0.9647210953346856,0.0969263991953268,340612.1221649981,0,False,False,True,"{""0"":null,""1"":null,""2"":null,""3"":null}",986.0,352202.0,986.0,250293.0,986.0,250293.0,839.2826555251959,212918.10823904446,839.2826555251959,0.0,0.0,1338.4818467685836,268307.5521649981,0.0,7.286126251880411,4.0,1012.0,0.0,0.0,88.5999999987107,22409.399999954392,9.149999999998613,626.2499999999508,49.29999999928259,12514.649999958134,0.0,0.0,0.0,0.0,0.0,0.0,9.860000000000127,2502.930000000003,493.0,125146.5,0.0,46.0,502.8600000000006,127649.43000000001,0.0,0.0,1338.4818467685836,268307.5521649981
356,2020-12-22,2020,True,50.97267759562842,986,986,1046,213757.39089456966,1249.76172046896,27116,35,0.0,0.8447727784880537,0.14267401811756836,0.16264555289609078,0.14978196134938912,0.383706526009486,0.9646906693711967,0.12381817337232258,341359.0238854671,0,False,False,True,"{""0"":null,""1"":null,""2"":null,""3"":null}",986.0,353188.0,986.0,251279.0,986.0,251279.0,839.2826555251959,213757.39089456966,839.2826555251959,0.0,0.0,1249.7617204689886,269557.31388546707,0.0,7.286126251880411,4.0,1016.0,0.0,0.0,88.5999999987107,22497.999999953103,0.0,626.2499999999508,49.29999999928259,12563.949999957416,0.0,0.0,0.0,0.0,0.0,0.0,9.860000000000127,2512.790000000003,493.0,125639.5,0.0,46.0,502.8600000000006,128152.29000000001,0.0,0.0,1249.7617204689886,269557.31388546707
357,2020-12-23,2020,True,50.97540983606557,986,986,1046,214596.67355009486,1186.8970078358502,27239,45,0.0,0.8285905910668545,0.16757457121726932,0.1626294481177782,0.14977513879588755,0.383706526009486,0.9647363083164301,0.1487255213682137,342043.06089330296,0,False,False,True,"{""0"":null,""1"":null,""2"":null,""3"":null}",986.0,354174.0,986.0,252265.0,986.0,252265.0,839.2826555251959,214596.67355009486,839.2826555251959,0.0,0.0,1186.8970078358543,270744.2108933029,0.0,7.286126251880411,4.0,1020.0,0.0,0.0,88.5999999987107,22586.599999951814,0.0,626.2499999999508,49.29999999928259,12613.249999956699,0.0,0.0,0.0,0.0,0.0,0.0,9.860000000000127,2522.6500000000033,493.0,126132.5,0.0,46.0,502.8600000000006,128655.15000000001,0.0,0.0,1186.8970078358543,270744.2108933029
358,2020-12-24,2020,True,50.978142076502735,986,986,1046,215435.95620562005,1123.7869023925753,27351,43,0.4216211227807555,0.8356839069048019,0.15285881658126094,0.1625567170068457,0.14988140676369135,0.383706526009486,0.9648884381338743,0.17179145416238387,342663.98779569555,0,False,False,True,"{""0"":null,""1"":null,""2"":null,""3"":null}",986.0,355160.0,986.0,253251.0,986.0,253251.0,839.2826555251959,215435.95620562005,839.2826555251959,0.0,0.0,1123.7869023925741,271867.9977956955,0.42162112278075536,7.707747374661166,4.0,1024.0,0.0,0.0,88.5999999987107,22675.199999950524,2.399999999999636,628.6499999999504,49.29999999928259,12662.549999955982,0.0,0.0,0.0,0.0,0.0,0.0,9.860000000000127,2532.5100000000034,493.0,126625.5,0.0,46.0,502.8600000000006,129158.01000000001,0.0,0.0,1123.7869023925741,271867.9977956955
359,2020-12-25,2020,False,50.98087431693989,986,0,1046,215435.95620562005,0.0,26499,43,0.0,,,0.16256069782184718,0.1499325363973833,0.383706526009486,0.9660446247464503,0.09920499742057533,342663.98779569555,0,False,False,True,"{""0"":null,""1"":null,""2"":null,""3"":null}",986.0,356146.0,0.0,253251.0,0.0,253251.0,0.0,215435.95620562005,0.0,0.0,0.0,0.0,271867.9977956955,0.0,7.707747374661166,0.0,1024.0,0.0,0.0,0.0,22675.199999950524,0.0,628.6499999999504,0.0,12662.549999955982,0.0,0.0,0.0,0.0,0.0,0.0,0.0,2532.5100000000034,0.0,126625.5,0.0,46.0,0.0,129158.01000000001,0.0,0.0,0.0,271867.9977956955
360,2020-12-26,2020,False,50.98360655737705,987,0,1047,215435.95620562005,0.0,26499,43,0.0,,,0.16231677830558255,0.14895806408591922,0.3835096261198085,0.965775075987842,0.05719194397403402,342662.98779569555,0,False,False,True,"{""0"":null,""1"":null,""2"":null,""3"":null}",987.0,357133.0,0.0,253251.0,0.0,253251.0,0.0,215435.95620562005,0.0,0.0,0.0,0.0,271867.9977956955,0.0,7.707747374661166,0.0,1024.0,0.0,0.0,0.0,22675.199999950524,0.0,628.6499999999504,0.0,12662.549999955982,0.0,0.0,0.0,0.0,0.0,0.0,0.0,2532.5100000000034,0.0,126625.5,1.0,47.0,0.0,129158.01000000001,0.0,0.0,0.0,271867.9977956955
361,2020-12-27,2020,False,50.986338797814206,986,0,1047,215435.95620562005,0.0,26499,43,0.0,,,0.16235499524471697,0.14912086033557614,0.3835754558451313,0.9657403651115619,0.029992335864929998,342662.98779569555,0,False,False,True,"{""0"":null,""1"":null,""2"":null,""3"":null}",986.0,358119.0,0.0,253251.0,0.0,253251.0,0.0,215435.95620562005,0.0,0.0,0.0,0.0,271867.9977956955,0.0,7.707747374661166,0.0,1024.0,0.0,0.0,0.0,22675.199999950524,0.0,628.6499999999504,0.0,12662.549999955982,0.0,0.0,0.0,0.0,0.0,0.0,0.0,2532.5100000000034,0.0,126625.5,0.0,47.0,0.0,129158.01000000001,0.0,0.0,0.0,271867.9977956955
362,2020-12-28,2020,True,50.98907103825137,986,986,1047,216275.237045497,1405.3599382223806,27478,19,0.14653243491991877,0.8823442283005826,0.1042334716589644,0.16235499524471697,0.1491208603355761,0.3835754558451313,0.9647920892494929,0.061503910362102725,343565.48773391795,0,False,False,True,"{""0"":null,""1"":null,""2"":null,""3"":null}",986.0,359105.0,986.0,254237.0,986.0,254237.0,839.2808398769412,216275.237045497,839.2808398769412,0.0,0.0,1405.359938222391,273273.3577339179,0.1465324349199184,7.854279809581085,4.0,1028.0,0.0,0.0,88.5999999987107,22763.799999949235,6.449999999999022,635.0999999999494,49.29999999928259,12711.849999955264,0.0,0.0,0.0,0.0,0.0,0.0,9.860000000000127,2542.3700000000035,493.0,127118.5,0.0,47.0,502.8600000000006,129660.87000000001,0.0,0.0,1405.359938222391,273273.3577339179
363,2020-12-29,2020,True,50.99180327868852,986,986,1047,217114.51788537393,1333.5750981119395,27530,36,0.0,0.8792666469174814,0.12569437894935395,0.16243235524884667,0.1492359117322311,0.3835754558451313,0.9648580121703855,0.09133521060921146,344396.2028320299,0,False,False,True,"{""0"":null,""1"":null,""2"":null,""3"":null}",986.0,360091.0,986.0,255223.0,986.0,255223.0,839.2808398769412,217114.51788537393,839.2808398769412,0.0,0.0,1333.5750981119345,274606.9328320298,0.0,7.854279809581085,4.0,1032.0,0.0,0.0,88.5999999987107,22852.399999947946,0.0,635.0999999999494,49.29999999928259,12761.149999954547,0.0,0.0,0.0,0.0,0.0,0.0,9.860000000000127,2552.2300000000037,493.0,127611.5,0.0,47.0,502.8600000000006,130163.73000000001,0.0,0.0,1333.5750981119345,274606.9328320298
364,2020-12-30,2020,True,50.994535519125684,986,986,1047,217953.79872525088,1254.8186113291974,27632,51,0.0,0.8509183371185938,0.1487521220409318,0.16245682093967026,0.14930125679913414,0.3835754558451313,0.9646855983772818,0.11918623485412154,345148.1614433591,0,False,False,True,"{""0"":null,""1"":null,""2"":null,""3"":null}",986.0,361077.0,986.0,256209.0,986.0,256209.0,839.2808398769412,217953.79872525088,839.2808398769412,0.0,0.0,1254.8186113291886,275861.751443359,0.0,7.854279809581085,4.0,1036.0,0.0,0.0,88.5999999987107,22940.999999946656,0.0,635.0999999999494,49.29999999928259,12810.44999995383,0.0,0.0,0.0,0.0,0.0,0.0,9.860000000000127,2562.090000000004,493.0,128104.5,0.0,47.0,502.8600000000006,130666.59000000001,0.0,0.0,1254.8186113291886,275861.751443359
365,2020-12-31,2020,True,50.99726775956284,987,987,1048,218793.88363535248,1181.4372726340287,27763,43,0.0,0.8206773970573714,0.1662949165330567,0.16248236979860187,0.14864866597397636,0.38358605403987794,0.9647669706180345,0.1449213851980193,345825.2287159931,0,False,False,True,"{""0"":null,""1"":null,""2"":null,""3"":null}",987.0,362064.0,987.0,257196.0,987.0,257196.0,840.0849101016065,218793.88363535248,840.0849101016065,0.0,0.0,1181.437272634008,277043.188715993,0.0,7.854279809581085,4.0,1040.0,0.0,0.0,88.69999999870925,23029.699999945366,2.849999999999568,637.949999999949,49.34999999928186,12859.799999953111,0.0,0.0,0.0,0.0,0.0,0.0,9.86999999999989,2571.9600000000037,493.5,128598.0,1.0,48.0,503.3700000000099,131169.96000000002,0.0,0.0,1181.437272634008,277043.188715993
366,2021-01-01,2021,False,51.0,987,0,1048,218793.88363535248,0.0,26899,43,0.0,,,0.16244759633232014,0.14865620348823227,0.38358605403987794,0.9656433637284701,0.07229710980752824,345825.2287159931,0,False,False,True,"{""0"":null,""1"":null,""2"":null,""3"":null}",987.0,363051.0,0.0,257196.0,0.0,257196.0,0.0,218793.88363535248,0.0,0.0,0.0,0.0,277043.188715993,0.0,7.854279809581085,0.0,1040.0,0.0,0.0,0.0,23029.699999945366,0.0,637.949999999949,0.0,12859.799999953111,0.0,0.0,0.0,0.0,0.0,0.0,0.0,2571.9600000000037,0.0,128598.0,0.0,48.0,0.0,131169.96000000002,0.0,0.0,0.0,277043.188715993
367,2021-01-02,2021,False,51.0027397260274,987,0,1048,218793.88363535248,0.0,26899,43,0.0,,,0.16244759633232014,0.14865620348823227,0.38358605403987794,0.9656433637284701,0.03181475472605231,345825.2287159931,0,False,False,True,"{""0"":null,""1"":null,""2"":null,""3"":null}",987.0,364038.0,0.0,257196.0,0.0,257196.0,0.0,218793.88363535248,0.0,0.0,0.0,0.0,277043.188715993,0.0,7.854279809581085,0.0,1040.0,0.0,0.0,0.0,23029.699999945366,0.0,637.949999999949,0.0,12859.799999953111,0.0,0.0,0.0,0.0,0.0,0.0,0.0,2571.9600000000037,0.0,128598.0,0.0,48.0,0.0,131169.96000000002,0.0,0.0,0.0,277043.188715993
368,2021-01-03,2021,False,51.00547945205479,986,0,1048,218793.88363535248,0.0,26899,43,0.0,,,0.162340324925565,0.1484946652364023,0.3835754558451313,0.9656085192697769,0.01369634197128197,345825.2287159931,0,False,False,True,"{""0"":null,""1"":null,""2"":null,""3"":null}",986.0,365024.0,0.0,257196.0,0.0,257196.0,0.0,218793.88363535248,0.0,0.0,0.0,0.0,277043.188715993,0.0,7.854279809581085,0.0,1040.0,0.0,0.0,0.0,23029.699999945366,0.0,637.949999999949,0.0,12859.799999953111,0.0,0.0,0.0,0.0,0.0,0.0,0.0,2571.9600000000037,0.0,128598.0,0.0,48.0,0.0,131169.96000000002,0.0,0.0,0.0,277043.188715993
369,2021-01-04,2021,True,51.00821917808219,987,987,1049,219634.07650267935,1468.4358839553538,27886,16,0.0,0.8662527566571212,0.11422121097802505,0.1622638947105785,0.14772385904699392,0.38358605403987794,0.9645187436676799,0.04594584730265195,346789.29459994845,0,False,False,True,"{""0"":null,""1"":null,""2"":null,""3"":null}",987.0,366011.0,987.0,258183.0,987.0,258183.0,840.1928673268703,219634.07650267935,840.1928673268703,0.0,0.0,1468.4358839553315,278511.62459994835,0.0,7.854279809581085,4.0,1044.0,0.0,0.0,88.69999999870925,23118.399999944075,6.449999999999022,644.399999999948,49.34999999928186,12909.149999952393,0.0,0.0,0.0,0.0,0.0,0.0,9.86999999999989,2581.8300000000036,493.5,129091.5,1.0,49.0,503.36999999999534,131673.33000000002,0.0,0.0,1468.4358839553315,278511.62459994835
370,2021-01-05,2021,True,51.010958904109586,986,986,1049,220473.39992986395,1402.0895469999382,27930,30,0.0,0.8559448070726267,0.13662450624709907,0.1624150877912946,0.14802932702574095,0.38378295392955547,0.9648782961460446,0.07677337355317088,347688.5241469484,0,False,False,True,"{""0"":null,""1"":null,""2"":null,""3"":null}",986.0,366997.0,986.0,259169.0,986.0,259169.0,839.3234271846013,220473.39992986395,839.3234271846013,0.0,0.0,1402.0895469999523,279913.7141469483,0.0,7.854279809581085,4.0,1048.0,0.0,0.0,88.5999999987107,23206.999999942786,0.0,644.399999999948,49.29999999928259,12958.449999951676,0.0,0.0,0.0,0.0,0.0,0.0,9.860000000000127,2591.6900000000037,493.0,129584.5,0.0,49.0,502.85999999998603,132176.19,0.0,0.0,1402.0895469999523,279913.7141469483
371,2021-01-06,2021,True,51.013698630136986,986,986,1049,221312.72335704856,1325.5779794379027,28029,45,0.0,0.8498967198215318,0.13743085091267324,0.16244657973869844,0.14816003406473127,0.38378295392955547,0.9646754563894523,0.10566625338597536,348511.2421263863,0,False,False,True,"{""0"":null,""1"":null,""2"":null,""3"":null}",986.0,367983.0,986.0,260155.0,986.0,260155.0,839.3234271846013,221312.72335704856,839.3234271846013,0.0,0.0,1325.5779794378905,281239.2921263862,0.0,7.854279809581085,4.0,1052.0,0.0,0.0,88.5999999987107,23295.599999941496,0.0,644.399999999948,49.29999999928259,13007.749999950958,0.0,0.0,0.0,0.0,0.0,0.0,9.860000000000127,2601.550000000004,493.0,130077.5,0.0,49.0,502.85999999998603,132679.05,0.0,0.0,1325.5779794378905,281239.2921263862
372,2021-01-07,2021,True,51.016438356164386,986,986,1049,222152.04678423316,1257.8795223239972,28155,37,0.0,0.8397339502602661,0.14805541873087746,0.16248641410094627,0.14818084586778546,0.38378295392955547,0.9647971602434077,0.13247819540977138,349266.26164871035,0,False,False,True,"{""0"":null,""1"":null,""2"":null,""3"":null}",986.0,368969.0,986.0,261141.0,986.0,261141.0,839.3234271846013,222152.04678423316,839.3234271846013,0.0,0.0,1257.8795223240159,282497.1716487102,0.0,7.854279809581085,4.0,1056.0,0.0,0.0,88.5999999987107,23384.199999940207,2.399999999999636,646.7999999999477,49.29999999928259,13057.04999995024,0.0,0.0,0.0,0.0,0.0,0.0,9.860000000000127,2611.410000000004,493.0,130570.5,0.0,49.0,502.85999999998603,133181.90999999997,0.0,0.0,1257.8795223240159,282497.1716487102
373,2021-01-08,2021,True,51.01917808219178,986,986,1049,222991.37021141776,1185.4434733517987,28241,41,0.0,0.8205114434437742,0.1738075334615275,0.16244777157782747,0.14818742832576903,0.38378295392955547,0.9647210953346856,0.15723560540474665,349948.84512206214,0,False,False,True,"{""0"":null,""1"":null,""2"":null,""3"":null}",986.0,369955.0,986.0,262127.0,986.0,262127.0,839.3234271846013,222991.37021141776,839.3234271846013,0.0,0.0,1185.44347335177,283682.615122062,0.0,7.854279809581085,4.0,1060.0,0.0,0.0,88.5999999987107,23472.799999938918,2.0999999999996817,648.8999999999473,49.29999999928259,13106.349999949523,0.0,0.0,0.0,0.0,0.0,0.0,9.860000000000127,2621.270000000004,493.0,131063.5,0.0,49.0,502.85999999998603,133684.76999999996,0.0,0.0,1185.44347335177,283682.615122062
374,2021-01-09,2021,False,51.02191780821918,986,0,1049,222991.37021141776,0.0,27399,41,0.0,,,0.1625570808127184,0.1483136915602676,0.38378295392955547,0.9655679513184584,0.0819321356414848,349948.84512206214,0,False,False,True,"{""0"":null,""1"":null,""2"":null,""3"":null}",986.0,370941.0,0.0,262127.0,0.0,262127.0,0.0,222991.37021141776,0.0,0.0,0.0,0.0,283682.615122062,0.0,7.854279809581085,0.0,1060.0,0.0,0.0,0.0,23472.799999938918,0.0,648.8999999999473,0.0,13106.349999949523,0.0,0.0,0.0,0.0,0.0,0.0,0.0,2621.270000000004,0.0,131063.5,0.0,49.0,0.0,133684.76999999996,0.0,0.0,0.0,283682.615122062
375,2021-01-10,2021,False,51.02465753424657,986,0,1049,222991.37021141776,0.0,27399,41,0.0,,,0.16255708081271839,0.14831369156026764,0.38378295392955547,0.9655679513184584,0.03233306778116704,349948.84512206214,0,False,False,True,"{""0"":null,""1"":null,""2"":null,""3"":null}",986.0,371927.0,0.0,262127.0,0.0,262127.0,0.0,222991.37021141776,0.0,0.0,0.0,0.0,283682.615122062,0.0,7.854279809581085,0.0,1060.0,0.0,0.0,0.0,23472.799999938918,0.0,648.8999999999473,0.0,13106.349999949523,0.0,0.0,0.0,0.0,0.0,0.0,0.0,2621.270000000004,0.0,131063.5,0.0,49.0,0.0,133684.76999999996,0.0,0.0,0.0,283682.615122062
376,2021-01-11,2021,True,51.02739726027397,985,985,1049,223829.72201571352,1412.2852725081902,28374,19,0.06048173487417544,0.8780820667684344,0.11109520761471259,0.16258807824108312,0.14854427686214997,0.38353082250930176,0.9645989847715736,0.06353298571070548,350858.7803945703,0,False,False,True,"{""0"":null,""1"":null,""2"":null,""3"":null}",985.0,372912.0,985.0,263112.0,985.0,263112.0,838.3518042957585,223829.72201571352,838.3518042957585,0.0,0.0,1412.2852725082194,285094.9003945702,0.060481734874175075,7.91476154445526,4.0,1064.0,0.0,0.0,88.49999999871216,23561.29999993763,6.149999999999068,655.0499999999464,49.24999999928332,13155.599999948807,0.0,0.0,0.0,0.0,0.0,0.0,9.849999999999909,2631.120000000004,492.5,131556.0,0.0,49.0,502.3500000000058,134187.11999999997,0.0,0.0,1412.2852725082194,285094.9003945702
377,2021-01-12,2021,True,51.03013698630137,985,985,1049,224668.07382000927,1343.5466869998397,28439,36,0.0,0.8548027145417136,0.13172954968410322,0.16256942751592257,0.14867007011084413,0.38353082250930176,0.965238578680203,0.09300025251087839,351699.9770815702,0,False,False,True,"{""0"":null,""1"":null,""2"":null,""3"":null}",985.0,373897.0,985.0,264097.0,985.0,264097.0,838.3518042957585,224668.07382000927,838.3518042957585,0.0,0.0,1343.546686999849,286438.44708157005,0.0,7.91476154445526,4.0,1068.0,0.0,0.0,88.49999999871216,23649.799999936342,0.0,655.0499999999464,49.24999999928332,13204.84999994809,0.0,0.0,0.0,0.0,0.0,0.0,9.849999999999909,2640.970000000004,492.5,132048.5,0.0,49.0,502.3500000000058,134689.46999999997,0.0,0.0,1343.546686999849,286438.44708157005
378,2021-01-13,2021,True,51.032876712328765,985,985,1049,225506.42562430503,1274.9729805127783,28535,52,0.0,0.8425076325745006,0.1378856844825338,0.16250906465509052,0.14864366591833075,0.38353082250930176,0.9650761421319797,0.12047595050184474,352472.600062083,0,False,False,True,"{""0"":null,""1"":null,""2"":null,""3"":null}",985.0,374882.0,985.0,265082.0,985.0,265082.0,838.3518042957585,225506.42562430503,838.3518042957585,0.0,0.0,1274.9729805127718,287713.4200620828,0.0,7.91476154445526,4.0,1072.0,0.0,0.0,88.49999999871216,23738.299999935054,0.0,655.0499999999464,49.24999999928332,13254.099999947373,0.0,0.0,0.0,0.0,0.0,0.0,9.849999999999909,2650.820000000004,492.5,132541.0,0.0,49.0,502.3500000000058,135191.81999999998,0.0,0.0,1274.9729805127718,287713.4200620828
379,2021-01-14,2021,True,51.035616438356165,985,985,1049,226344.7774286008,1221.852113307285,28663,39,0.0,0.8405580075662042,0.16714080817419957,0.16245866598456413,0.14871113532856156,0.38353082250930176,0.9655126903553299,0.14588020606652988,353192.1021753903,0,False,False,True,"{""0"":null,""1"":null,""2"":null,""3"":null}",985.0,375867.0,985.0,266067.0,985.0,266067.0,838.3518042957585,226344.7774286008,838.3518042957585,0.0,0.0,1221.852113307279,288935.2721753901,0.0,7.91476154445526,4.0,1076.0,0.0,0.0,88.49999999871216,23826.799999933766,2.849999999999568,657.899999999946,49.24999999928332,13303.349999946657,0.0,0.0,0.0,0.0,0.0,0.0,9.849999999999909,2660.6700000000037,492.5,133033.5,0.0,49.0,502.3500000000058,135694.16999999998,0.0,0.0,1221.852113307279,288935.2721753901
380,2021-01-15,2021,True,51.038356164383565,985,985,1049,227183.12923289655,1168.4297710573874,28731,41,0.47356500396570284,0.8375340147341873,0.15512517335798867,0.16255005255905156,0.1488777902074802,0.38353082250930176,0.9651319796954314,0.16938764277618648,353858.1819464477,0,False,False,True,"{""0"":null,""1"":null,""2"":null,""3"":null}",985.0,376852.0,985.0,267052.0,985.0,267052.0,838.3518042957585,227183.12923289655,838.3518042957585,0.0,0.0,1168.4297710573883,290103.7019464475,0.4735650039657031,8.388326548420963,4.0,1080.0,0.0,0.0,88.49999999871216,23915.29999993248,2.5499999999996135,660.4499999999456,49.24999999928332,13352.59999994594,0.0,0.0,0.0,0.0,0.0,0.0,9.849999999999909,2670.5200000000036,492.5,133526.0,0.0,49.0,502.3500000000058,136196.52,0.0,0.0,1168.4297710573883,290103.7019464475
381,2021-01-16,2021,False,51.04109589041096,984,0,1049,227183.12923289655,0.0,27899,41,0.0,,,0.16238107489011772,0.14868032676223109,0.3835202243145551,0.9660772357723577,0.09387596687112558,353858.1819464477,0,False,False,True,"{""0"":null,""1"":null,""2"":null,""3"":null}",984.0,377836.0,0.0,267052.0,0.0,267052.0,0.0,227183.12923289655,0.0,0.0,0.0,0.0,290103.7019464475,0.0,8.388326548420963,0.0,1080.0,0.0,0.0,0.0,23915.29999993248,0.0,660.4499999999456,0.0,13352.59999994594,0.0,0.0,0.0,0.0,0.0,0.0,0.0,2670.5200000000036,0.0,133526.0,0.0,49.0,0.0,136196.52,0.0,0.0,0.0,290103.7019464475
382,2021-01-17,2021,False,51.04383561643836,984,0,1049,227183.12923289655,0.0,27899,41,0.0,,,0.16238107489011772,0.14868032676223109,0.3835202243145551,0.9660772357723577,0.04434492826678831,353858.1819464477,0,False,False,True,"{""0"":null,""1"":null,""2"":null,""3"":null}",984.0,378820.0,0.0,267052.0,0.0,267052.0,0.0,227183.12923289655,0.0,0.0,0.0,0.0,290103.7019464475,0.0,8.388326548420963,0.0,1080.0,0.0,0.0,0.0,23915.29999993248,0.0,660.4499999999456,0.0,13352.59999994594,0.0,0.0,0.0,0.0,0.0,0.0,0.0,2670.5200000000036,0.0,133526.0,0.0,49.0,0.0,136196.52,0.0,0.0,0.0,290103.7019464475
383,2021-01-18,2021,True,51.04657534246575,984,984,1049,228020.51938611863,1376.3975643785893,28869,18,0.0,0.8516139428169354,0.130452005670114,0.16238107489011772,0.14868032676223106,0.3835202243145551,0.9651473577235773,0.07476313583335217,354732.73951082624,0,False,False,True,"{""0"":null,""1"":null,""2"":null,""3"":null}",984.0,379804.0,984.0,268036.0,984.0,268036.0,837.3901532220771,228020.51938611863,837.3901532220771,0.0,0.0,1376.397564378567,291480.09951082605,0.0,8.388326548420963,4.0,1084.0,0.0,0.0,88.39999999871361,24003.699999931192,6.149999999999068,666.5999999999447,49.199999999284046,13401.799999945224,0.0,0.0,0.0,0.0,0.0,0.0,9.840000000000146,2680.3600000000038,492.0,134018.0,0.0,49.0,501.8399999999965,136698.36,0.0,0.0,1376.397564378567,291480.09951082605
384,2021-01-19,2021,True,51.04931506849315,984,984,1049,228857.9095393407,1316.4979885362286,28926,34,0.0,0.8597235532237847,0.13729760406504193,0.16239568515583958,0.14883078269260824,0.3835202243145551,0.9655538617886179,0.10330776501189474,355547.3974993625,0,False,False,True,"{""0"":null,""1"":null,""2"":null,""3"":null}",984.0,380788.0,984.0,269020.0,984.0,269020.0,837.3901532220771,228857.9095393407,837.3901532220771,0.0,0.0,1316.4979885362554,292796.5974993623,0.0,8.388326548420963,4.0,1088.0,0.0,0.0,88.39999999871361,24092.099999929906,0.0,666.5999999999447,49.199999999284046,13450.999999944508,0.0,0.0,0.0,0.0,0.0,0.0,9.840000000000146,2690.200000000004,492.0,134510.0,0.0,49.0,501.8399999999965,137200.19999999998,0.0,0.0,1316.4979885362554,292796.5974993623
385,2021-01-20,2021,True,51.05205479452055,983,983,1049,229694.5796583815,1251.6283283921207,29036,52,0.3436263721995439,0.8413242357044953,0.14849279072792632,0.1623025436008122,0.14891365268264856,0.38358709107105804,0.9656561546286877,0.13000170366691105,356297.69582775456,0,False,False,True,"{""0"":null,""1"":null,""2"":null,""3"":null}",983.0,381771.0,983.0,270003.0,983.0,270003.0,836.6701190407912,229694.5796583815,836.6701190407912,0.0,0.0,1251.6283283921075,294048.2258277544,0.3436263721995445,8.731952920620508,4.0,1092.0,0.0,0.0,88.29999999871507,24180.39999992862,0.0,666.5999999999447,49.14999999928477,13500.149999943793,0.0,0.0,0.0,0.0,0.0,0.0,9.829999999999927,2700.030000000004,491.5,135001.5,0.0,49.0,501.3299999999872,137701.52999999997,0.0,0.0,1251.6283283921075,294048.2258277544
386,2021-01-21,2021,True,51.054794520547944,984,984,1050,230532.15794995127,1182.2418344860598,29154,50,0.0,0.846349610969494,0.1524740090929311,0.16222861410471598,0.1482205908175054,0.3835976892658047,0.965625,0.1545665583295497,356977.0976622406,0,False,False,True,"{""0"":null,""1"":null,""2"":null,""3"":null}",984.0,382755.0,984.0,270987.0,984.0,270987.0,837.5782915697782,230532.15794995127,837.5782915697782,0.0,0.0,1182.241834486078,295230.4676622405,0.0,8.731952920620508,4.0,1096.0,0.0,0.0,88.39999999871361,24268.799999927334,2.6999999999995907,669.2999999999442,49.199999999284046,13549.349999943077,0.0,0.0,0.0,0.0,0.0,0.0,9.840000000000146,2709.870000000004,492.0,135493.5,1.0,50.0,501.8399999999965,138203.36999999997,0.0,0.0,1182.241834486078,295230.4676622405
387,2021-01-22,2021,True,51.057534246575344,985,985,1051,231370.5006227501,1117.0390005813629,29237,56,0.3962522470701106,0.8274001128293622,0.16569793629908844,0.1622639646727608,0.14746146458403736,0.38353082250930176,0.9651573604060913,0.17719455195397513,357590.786662822,0,False,False,True,"{""0"":null,""1"":null,""2"":null,""3"":null}",985.0,383740.0,985.0,271972.0,985.0,271972.0,838.3426727988408,231370.5006227501,838.3426727988408,0.0,0.0,1117.0390005813679,296347.50666282186,0.39625224707011064,9.128205167690618,4.0,1100.0,0.0,0.0,88.49999999871216,24357.299999926046,2.399999999999636,671.6999999999439,49.24999999928332,13598.59999994236,0.0,0.0,0.0,0.0,0.0,0.0,9.849999999999909,2719.720000000004,492.5,135986.0,1.0,51.0,502.3500000000058,138705.71999999997,0.0,0.0,1117.0390005813679,296347.50666282186
388,2021-01-23,2021,False,51.06027397260274,986,0,1052,231370.5006227501,0.0,28399,56,0.0,,,0.16219038877325948,0.14666915166736996,0.38346499278397894,0.9656947261663286,0.10168166048369764,357589.786662822,0,False,False,True,"{""0"":null,""1"":null,""2"":null,""3"":null}",986.0,384726.0,0.0,271972.0,0.0,271972.0,0.0,231370.5006227501,0.0,0.0,0.0,0.0,296347.50666282186,0.0,9.128205167690618,0.0,1100.0,0.0,0.0,0.0,24357.299999926046,0.0,671.6999999999439,0.0,13598.59999994236,0.0,0.0,0.0,0.0,0.0,0.0,0.0,2719.720000000004,0.0,135986.0,1.0,52.0,0.0,138705.71999999997,0.0,0.0,0.0,296347.50666282186
389,2021-01-24,2021,False,51.06301369863014,986,0,1052,231370.5006227501,0.0,28399,56,0.0,,,0.16219038877325948,0.14666915166736993,0.38346499278397894,0.9656947261663286,0.05205460139207825,357589.786662822,0,False,False,True,"{""0"":null,""1"":null,""2"":null,""3"":null}",986.0,385712.0,0.0,271972.0,0.0,271972.0,0.0,231370.5006227501,0.0,0.0,0.0,0.0,296347.50666282186,0.0,9.128205167690618,0.0,1100.0,0.0,0.0,0.0,24357.299999926046,0.0,671.6999999999439,0.0,13598.59999994236,0.0,0.0,0.0,0.0,0.0,0.0,0.0,2719.720000000004,0.0,135986.0,0.0,52.0,0.0,138705.71999999997,0.0,0.0,0.0,296347.50666282186
390,2021-01-25,2021,True,51.06575342465754,986,986,1052,232209.59580364404,1398.6295371055162,29386,17,0.0,0.8691486494732132,0.1146557426757564,0.16219038877325948,0.14666915166736993,0.38346499278397894,0.9647008113590264,0.08185703273598886,358485.5561999275,0,False,False,True,"{""0"":null,""1"":null,""2"":null,""3"":null}",986.0,386698.0,986.0,272958.0,986.0,272958.0,839.095180893928,232209.59580364404,839.095180893928,0.0,0.0,1398.629537105502,297746.13619992736,0.0,9.128205167690618,4.0,1104.0,0.0,0.0,88.5999999987107,24445.899999924757,8.399999999998727,680.0999999999426,49.29999999928259,13647.899999941643,0.0,0.0,0.0,0.0,0.0,0.0,9.860000000000127,2729.580000000004,493.0,136479.0,0.0,52.0,502.85999999998603,139208.57999999996,0.0,0.0,1398.629537105502,297746.13619992736
391,2021-01-26,2021,True,51.06849315068493,986,986,1052,233048.69098453797,1282.4990482795124,29435,33,0.0,0.8296455937671947,0.15121301839630813,0.16215417279782632,0.14669755270264154,0.38346499278397894,0.9651267748478702,0.10973775677341349,359265.1952482071,0,False,False,True,"{""0"":null,""1"":null,""2"":null,""3"":null}",986.0,387684.0,986.0,273944.0,986.0,273944.0,839.095180893928,233048.69098453797,839.095180893928,0.0,0.0,1282.4990482795401,299028.6352482069,0.0,9.128205167690618,4.0,1108.0,0.0,0.0,88.5999999987107,24534.499999923468,0.0,680.0999999999426,49.29999999928259,13697.199999940925,0.0,0.0,0.0,0.0,0.0,0.0,9.860000000000127,2739.440000000004,493.0,136972.0,0.0,52.0,502.85999999998603,139711.43999999994,0.0,0.0,1282.4990482795401,299028.6352482069
392,2021-01-27,2021,True,51.07123287671233,987,987,1053,233888.60513012466,1241.126358657931,29534,47,0.0,0.8428008010005109,0.14588965562137218,0.16230231573053722,0.1463164884530014,0.38371308504561413,0.964918946301925,0.1356466721685626,360001.95160686504,0,False,False,True,"{""0"":null,""1"":null,""2"":null,""3"":null}",987.0,388671.0,987.0,274931.0,987.0,274931.0,839.914145586692,233888.60513012466,839.914145586692,0.0,0.0,1241.126358657959,300269.76160686486,0.0,9.128205167690618,4.0,1112.0,0.0,0.0,88.69999999870925,24623.199999922177,0.0,680.0999999999426,49.34999999928186,13746.549999940207,0.0,0.0,0.0,0.0,0.0,0.0,9.86999999999989,2749.310000000004,493.5,137465.5,1.0,53.0,503.36999999999534,140214.80999999994,0.0,0.0,1241.126358657959,300269.76160686486
393,2021-01-28,2021,True,51.07397260273973,987,987,1053,234728.51927571135,1196.2944227473042,29650,46,0.0,0.8136408713102893,0.17393021376741166,0.16232756105105073,0.14641370112891988,0.38371308504561413,0.9649949341438704,0.15972351495402476,360694.8760296123,0,False,False,True,"{""0"":null,""1"":null,""2"":null,""3"":null}",987.0,389658.0,987.0,275918.0,987.0,275918.0,839.914145586692,234728.51927571135,839.914145586692,0.0,0.0,1196.2944227472763,301466.05602961214,0.0,9.128205167690618,4.0,1116.0,0.0,0.0,88.69999999870925,24711.899999920886,2.5499999999996135,682.6499999999422,49.34999999928186,13795.89999993949,0.0,0.0,0.0,0.0,0.0,0.0,9.86999999999989,2759.180000000004,493.5,137959.0,0.0,53.0,503.36999999999534,140718.17999999993,0.0,0.0,1196.2944227472763,301466.05602961214
394,2021-01-29,2021,True,51.07671232876712,987,987,1053,235568.43342129805,1130.8134872009477,29757,40,0.0,0.8390288105364978,0.15044811369791122,0.16231359092637837,0.14647583684239385,0.38371308504561413,0.9651570415400202,0.18198551017702497,361322.31951681327,0,False,False,True,"{""0"":null,""1"":null,""2"":null,""3"":null}",987.0,390645.0,987.0,276905.0,987.0,276905.0,839.914145586692,235568.43342129805,839.914145586692,0.0,0.0,1130.8134872009396,302596.8695168131,0.0,9.128205167690618,4.0,1120.0,0.0,0.0,88.69999999870925,24800.599999919596,2.399999999999636,685.0499999999419,49.34999999928186,13845.249999938771,0.0,0.0,0.0,0.0,0.0,0.0,9.86999999999989,2769.050000000004,493.5,138452.5,0.0,53.0,503.36999999999534,141221.54999999993,0.0,0.0,1130.8134872009396,302596.8695168131
395,2021-01-30,2021,False,51.07945205479452,987,0,1053,235568.43342129805,0.0,28899,40,0.0,,,0.16221247798162675,0.14646476962629454,0.38371308504561413,0.966063829787234,0.10674849479081502,361322.31951681327,0,False,False,True,"{""0"":null,""1"":null,""2"":null,""3"":null}",987.0,391632.0,0.0,276905.0,0.0,276905.0,0.0,235568.43342129805,0.0,0.0,0.0,0.0,302596.8695168131,0.0,9.128205167690618,0.0,1120.0,0.0,0.0,0.0,24800.599999919596,0.0,685.0499999999419,0.0,13845.249999938771,0.0,0.0,0.0,0.0,0.0,0.0,0.0,2769.050000000004,0.0,138452.5,0.0,53.0,0.0,141221.54999999993,0.0,0.0,0.0,302596.8695168131
396,2021-01-31,2021,False,51.082191780821915,987,0,1053,235568.43342129805,0.0,28899,40,0.0,,,0.16221247798162675,0.14646476962629457,0.38371308504561413,0.966063829787234,0.05701639889045211,361322.31951681327,0,False,False,True,"{""0"":null,""1"":null,""2"":null,""3"":null}",987.0,392619.0,0.0,276905.0,0.0,276905.0,0.0,235568.43342129805,0.0,0.0,0.0,0.0,302596.8695168131,0.0,9.128205167690618,0.0,1120.0,0.0,0.0,0.0,24800.599999919596,0.0,685.0499999999419,0.0,13845.249999938771,0.0,0.0,0.0,0.0,0.0,0.0,0.0,2769.050000000004,0.0,138452.5,0.0,53.0,0.0,141221.54999999993,0.0,0.0,0.0,302596.8695168131
397,2021-02-01,2021,True,51.084931506849315,987,987,1053,236408.34756688474,1344.1296550408886,29870,10,0.0,0.860172871082125,0.12379201883355254,0.16221247798162675,0.14646476962629454,0.38371308504561413,0.9650709219858156,0.08652180655836257,362163.0791718542,0,False,False,True,"{""0"":null,""1"":null,""2"":null,""3"":null}",987.0,393606.0,987.0,277892.0,987.0,277892.0,839.914145586692,236408.34756688474,839.914145586692,0.0,0.0,1344.129655040917,303940.999171854,0.0,9.128205167690618,4.0,1124.0,0.0,0.0,88.69999999870925,24889.299999918305,5.9999999999990905,691.049999999941,49.34999999928186,13894.599999938053,0.0,0.0,0.0,0.0,0.0,0.0,9.86999999999989,2778.9200000000037,493.5,138946.0,0.0,53.0,503.36999999999534,141724.91999999993,0.0,0.0,1344.129655040917,303940.999171854
398,2021-02-02,2021,True,51.087671232876716,988,988,1054,237249.03265941856,1312.9042729260848,29928,28,0.0,0.8430460004107979,0.14170116990390544,0.16239721421858672,0.14615216096935857,0.3839652164658678,0.9647975708502025,0.11408307593491687,362971.1034447803,0,False,False,True,"{""0"":null,""1"":null,""2"":null,""3"":null}",988.0,394594.0,988.0,278880.0,988.0,278880.0,840.6850925338222,237249.03265941856,840.6850925338222,0.0,0.0,1312.9042729260982,305253.9034447801,0.0,9.128205167690618,4.0,1128.0,0.0,0.0,88.79999999870779,24978.099999917013,0.0,691.049999999941,49.399999999281135,13943.999999937334,0.0,0.0,0.0,0.0,0.0,0.0,9.88000000000011,2788.800000000004,494.0,139440.0,1.0,54.0,503.88000000000466,142228.79999999993,0.0,0.0,1312.9042729260982,305253.9034447801
399,2021-02-03,2021,True,51.09041095890411,988,988,1055,238089.89678133425,1225.3783255486228,30043,48,0.0,0.8401246707141878,0.14288376615869516,0.16194556905399882,0.14488659719710928,0.3835202243145551,0.9647621457489878,0.1397864094878339,363691.6017703289,0,False,False,True,"{""0"":null,""1"":null,""2"":null,""3"":null}",988.0,395582.0,988.0,279868.0,988.0,279868.0,840.8641219156852,238089.89678133425,840.8641219156852,0.0,0.0,1225.378325548605,306479.2817703287,0.0,9.128205167690618,4.0,1132.0,0.0,0.0,88.79999999870779,25066.89999991572,0.0,691.049999999941,49.399999999281135,13993.399999936615,0.0,0.0,0.0,0.0,0.0,0.0,9.88000000000011,2798.680000000004,494.0,139934.0,1.0,55.0,503.88000000000466,142732.67999999993,0.0,0.0,1225.378325548605,306479.2817703287
400,2021-02-04,2021,True,51.09315068493151,988,988,1055,238930.76090324993,1151.1285935604144,30157,54,0.0,0.8421081498835754,0.14994129527147418,0.1620404097571019,0.1451719883731013,0.3835202243145551,0.9652935222672065,0.1635346001258614,364338.8503638893,0,False,False,True,"{""0"":null,""1"":null,""2"":null,""3"":null}",988.0,396570.0,988.0,280856.0,988.0,280856.0,840.8641219156852,238930.76090324993,840.8641219156852,0.0,0.0,1151.1285935604246,307630.4103638891,0.0,9.128205167690618,4.0,1136.0,0.0,0.0,88.79999999870779,25155.69999991443,1.4999999999997726,692.5499999999407,49.399999999281135,14042.799999935896,0.0,0.0,0.0,0.0,0.0,0.0,9.88000000000011,2808.560000000004,494.0,140428.0,0.0,55.0,503.88000000000466,143236.55999999994,0.0,0.0,1151.1285935604246,307630.4103638891
401,2021-02-05,2021,True,51.0958904109589,988,988,1055,239771.62502516562,1111.3688301558957,30252,59,0.0067502205284438255,0.8268684282196747,0.16387511801792753,0.16195636140474354,0.14520471182773637,0.3835202243145551,0.9652580971659919,0.18551927374205496,364946.33919404517,0,False,False,True,"{""0"":null,""1"":null,""2"":null,""3"":null}",988.0,397558.0,988.0,281844.0,988.0,281844.0,840.8641219156852,239771.62502516562,840.8641219156852,0.0,0.0,1111.3688301558723,308741.779194045,0.006750220528443762,9.134955388219062,4.0,1140.0,0.0,0.0,88.79999999870779,25244.499999913136,2.6999999999995907,695.2499999999403,49.399999999281135,14092.199999935177,0.0,0.0,0.0,0.0,0.0,0.0,9.88000000000011,2818.440000000004,494.0,140922.0,0.0,55.0,503.88000000000466,143740.43999999994,0.0,0.0,1111.3688301558723,308741.779194045
402,2021-02-06,2021,False,51.0986301369863,988,0,1055,239771.62502516562,0.0,29399,59,0.0,,,0.1620600609879954,0.1453058977322763,0.3835202243145551,0.9662702429149798,0.11031943902198461,364946.33919404517,0,False,False,True,"{""0"":null,""1"":null,""2"":null,""3"":null}",988.0,398546.0,0.0,281844.0,0.0,281844.0,0.0,239771.62502516562,0.0,0.0,0.0,0.0,308741.779194045,0.0,9.134955388219062,0.0,1140.0,0.0,0.0,0.0,25244.499999913136,0.0,695.2499999999403,0.0,14092.199999935177,0.0,0.0,0.0,0.0,0.0,0.0,0.0,2818.440000000004,0.0,140922.0,0.0,55.0,0.0,143740.43999999994,0.0,0.0,0.0,308741.779194045
403,2021-02-07,2021,False,51.1013698630137,988,0,1055,239771.62502516562,0.0,29399,59,0.0,,,0.16206006098799544,0.1453058977322763,0.3835202243145551,0.9662702429149798,0.06048899283780658,364946.33919404517,0,False,False,True,"{""0"":null,""1"":null,""2"":null,""3"":null}",988.0,399534.0,0.0,281844.0,0.0,281844.0,0.0,239771.62502516562,0.0,0.0,0.0,0.0,308741.779194045,0.0,9.134955388219062,0.0,1140.0,0.0,0.0,0.0,25244.499999913136,0.0,695.2499999999403,0.0,14092.199999935177,0.0,0.0,0.0,0.0,0.0,0.0,0.0,2818.440000000004,0.0,140922.0,0.0,55.0,0.0,143740.43999999994,0.0,0.0,0.0,308741.779194045
404,2021-02-08,2021,True,51.104109589041094,988,988,1055,240612.4891470813,1372.88435977262,30391,12,0.0,0.8562947143853703,0.1326657904691206,0.1620600609879954,0.1453058977322763,0.3835202243145551,0.9653744939271255,0.08983472242968787,365815.3435538178,0,False,False,True,"{""0"":null,""1"":null,""2"":null,""3"":null}",988.0,400522.0,988.0,282832.0,988.0,282832.0,840.8641219156852,240612.4891470813,840.8641219156852,0.0,0.0,1372.8843597726081,310114.6635538176,0.0,9.134955388219062,4.0,1144.0,0.0,0.0,88.79999999870779,25333.299999911844,8.849999999998658,704.099999999939,49.399999999281135,14141.599999934459,0.0,0.0,0.0,0.0,0.0,0.0,9.88000000000011,2828.3200000000043,494.0,141416.0,0.0,55.0,503.88000000000466,144244.31999999995,0.0,0.0,1372.8843597726081,310114.6635538176
405,2021-02-09,2021,True,51.106849315068494,988,988,1055,241453.353268997,1265.4781253656372,30440,26,0.0,0.8542539320521846,0.1340204106364703,0.1620372771405305,0.1453342376666257,0.3835202243145551,0.9656376518218623,0.1172329815180587,366576.9416791834,0,False,False,True,"{""0"":null,""1"":null,""2"":null,""3"":null}",988.0,401510.0,988.0,283820.0,988.0,283820.0,840.8641219156852,241453.353268997,840.8641219156852,0.0,0.0,1265.4781253656256,311380.14167918323,0.0,9.134955388219062,4.0,1148.0,0.0,0.0,88.79999999870779,25422.09999991055,0.0,704.099999999939,49.399999999281135,14190.99999993374,0.0,0.0,0.0,0.0,0.0,0.0,9.88000000000011,2838.2000000000044,494.0,141910.0,0.0,55.0,503.88000000000466,144748.19999999995,0.0,0.0,1265.4781253656256,311380.14167918323
406,2021-02-10,2021,True,51.10958904109589,987,987,1055,242293.47686076144,1192.8970821021562,30535,45,0.0,0.8531058779309224,0.1327051509057591,0.16212388805917283,0.14544998095126488,0.3835096261198085,0.965354609929078,0.14286056657314705,367266.46876128553,0,False,False,True,"{""0"":null,""1"":null,""2"":null,""3"":null}",987.0,402497.0,987.0,284807.0,987.0,284807.0,840.1235917644517,242293.47686076144,840.1235917644517,0.0,0.0,1192.8970821021358,312573.03876128537,0.0,9.134955388219062,4.0,1152.0,0.0,0.0,88.69999999870925,25510.79999990926,0.0,704.099999999939,49.34999999928186,14240.349999933022,0.0,0.0,0.0,0.0,0.0,0.0,9.86999999999989,2848.0700000000043,493.5,142403.5,0.0,55.0,503.36999999999534,145251.56999999995,0.0,0.0,1192.8970821021358,312573.03876128537
407,2021-02-11,2021,True,51.11232876712329,987,987,1055,243133.6004525259,1173.1374879496425,30653,50,0.0,0.8439267870623723,0.1533601706861215,0.1621570715488633,0.145560871370912,0.3835096261198085,0.9654154002026343,0.16649233973230715,367936.23624923517,0,False,False,True,"{""0"":null,""1"":null,""2"":null,""3"":null}",987.0,403484.0,987.0,285794.0,987.0,285794.0,840.1235917644517,243133.6004525259,840.1235917644517,0.0,0.0,1173.1374879496288,313746.176249235,0.0,9.134955388219062,4.0,1156.0,0.0,0.0,88.69999999870925,25599.49999990797,1.7999999999997272,705.8999999999387,49.34999999928186,14289.699999932303,0.0,0.0,0.0,0.0,0.0,0.0,9.86999999999989,2857.940000000004,493.5,142897.0,0.0,55.0,503.36999999999534,145754.93999999994,0.0,0.0,1173.1374879496288,313746.176249235
408,2021-02-12,2021,True,51.11506849315069,987,987,1055,243973.72404429034,1116.8469916945803,30752,50,0.0,0.8135455587692223,0.1779351350145374,0.16215706534593874,0.14565772021429185,0.3835096261198085,0.965531914893617,0.18836479552958144,368549.71324092976,0,False,False,True,"{""0"":null,""1"":null,""2"":null,""3"":null}",987.0,404471.0,987.0,286781.0,987.0,286781.0,840.1235917644517,243973.72404429034,840.1235917644517,0.0,0.0,1116.8469916945905,314863.0232409296,0.0,9.134955388219062,4.0,1160.0,0.0,0.0,88.69999999870925,25688.19999990668,2.0999999999996817,707.9999999999384,49.34999999928186,14339.049999931585,0.0,0.0,0.0,0.0,0.0,0.0,9.86999999999989,2867.810000000004,493.5,143390.5,0.0,55.0,503.36999999999534,146258.30999999994,0.0,0.0,1116.8469916945905,314863.0232409296
409,2021-02-13,2021,False,51.11780821917808,987,0,1055,243973.72404429034,0.0,29899,50,0.0,,,0.16215406572169308,0.14572663475974224,0.3835096261198085,0.9665552178318136,0.11311249864770997,368549.71324092976,0,False,False,True,"{""0"":null,""1"":null,""2"":null,""3"":null}",987.0,405458.0,0.0,286781.0,0.0,286781.0,0.0,243973.72404429034,0.0,0.0,0.0,0.0,314863.0232409296,0.0,9.134955388219062,0.0,1160.0,0.0,0.0,0.0,25688.19999990668,0.0,707.9999999999384,0.0,14339.049999931585,0.0,0.0,0.0,0.0,0.0,0.0,0.0,2867.810000000004,0.0,143390.5,0.0,55.0,0.0,146258.30999999994,0.0,0.0,0.0,314863.0232409296
410,2021-02-14,2021,False,51.12054794520548,987,0,1055,243973.72404429034,0.0,29899,50,0.0,,,0.16215406572169308,0.14572663475974224,0.3835096261198085,0.9665552178318136,0.06322037633125646,368549.71324092976,0,False,False,True,"{""0"":null,""1"":null,""2"":null,""3"":null}",987.0,406445.0,0.0,286781.0,0.0,286781.0,0.0,243973.72404429034,0.0,0.0,0.0,0.0,314863.0232409296,0.0,9.134955388219062,0.0,1160.0,0.0,0.0,0.0,25688.19999990668,0.0,707.9999999999384,0.0,14339.049999931585,0.0,0.0,0.0,0.0,0.0,0.0,0.0,2867.810000000004,0.0,143390.5,0.0,55.0,0.0,146258.30999999994,0.0,0.0,0.0,314863.0232409296
411,2021-02-15,2021,True,51.12328767123287,987,987,1055,244813.8476360548,1372.1275326715986,30886,18,0.0,0.8470207597384188,0.13845281412544025,0.16215406572169305,0.14572663475974224,0.3835096261198085,0.9657142857142856,0.09245271368747886,369418.4707736014,0,False,False,True,"{""0"":null,""1"":null,""2"":null,""3"":null}",987.0,407432.0,987.0,287768.0,987.0,287768.0,840.1235917644517,244813.8476360548,840.1235917644517,0.0,0.0,1372.1275326716132,316235.1507736012,0.0,9.134955388219062,4.0,1164.0,0.0,0.0,88.69999999870925,25776.89999990539,7.499999999998863,715.4999999999372,49.34999999928186,14388.399999930867,0.0,0.0,0.0,0.0,0.0,0.0,9.86999999999989,2877.680000000004,493.5,143884.0,0.0,55.0,503.36999999999534,146761.67999999993,0.0,0.0,1372.1275326716132,316235.1507736012
412,2021-02-16,2021,True,51.12602739726027,987,987,1055,245653.97122781925,1330.5660323425236,30923,38,0.0,0.826703718952104,0.15015599662907336,0.16196763539045125,0.14565564446544021,0.3835096261198085,0.9660182370820669,0.11976085050618457,370245.6668059439,0,False,False,True,"{""0"":null,""1"":null,""2"":null,""3"":null}",987.0,408419.0,987.0,288755.0,987.0,288755.0,840.1235917644517,245653.97122781925,840.1235917644517,0.0,0.0,1330.5660323424963,317565.7168059437,0.0,9.134955388219062,4.0,1168.0,0.0,0.0,88.69999999870925,25865.599999904098,0.0,715.4999999999372,49.34999999928186,14437.749999930149,0.0,0.0,0.0,0.0,0.0,0.0,9.86999999999989,2887.550000000004,493.5,144377.5,0.0,55.0,503.36999999999534,147265.04999999993,0.0,0.0,1330.5660323424963,317565.7168059437
413,2021-02-17,2021,True,51.12876712328767,988,988,1056,246495.01227122173,1222.112407848343,31039,62,0.10950293028955586,0.8532252622872317,0.14968667571259503,0.16202966692720816,0.14513027228423178,0.3835202243145551,0.9658097165991903,0.14509440583255154,370962.89921379223,0,False,False,True,"{""0"":null,""1"":null,""2"":null,""3"":null}",988.0,409407.0,988.0,289743.0,988.0,289743.0,841.0410434024816,246495.01227122173,841.0410434024816,0.0,0.0,1222.1124078483554,318787.82921379205,0.10950293028955649,9.244458318508618,4.0,1172.0,0.0,0.0,88.79999999870779,25954.399999902806,0.0,715.4999999999372,49.399999999281135,14487.14999992943,0.0,0.0,0.0,0.0,0.0,0.0,9.88000000000011,2897.430000000004,494.0,144871.5,1.0,56.0,503.88000000000466,147768.92999999993,0.0,0.0,1222.1124078483554,318787.82921379205
414,2021-02-18,2021,True,51.131506849315066,988,988,1056,247336.0533146242,1164.6321268271038,31162,55,0.0,0.8228975213710606,0.1707716052669208,0.1620028036085618,0.14517626894861194,0.3835202243145551,0.9660576923076923,0.16858515863425266,371623.6513406193,0,False,False,True,"{""0"":null,""1"":null,""2"":null,""3"":null}",988.0,410395.0,988.0,290731.0,988.0,290731.0,841.0410434024816,247336.0533146242,841.0410434024816,0.0,0.0,1164.632126827084,319952.46134061913,0.0,9.244458318508618,4.0,1176.0,0.0,0.0,88.79999999870779,26043.199999901513,2.6999999999995907,718.1999999999368,49.399999999281135,14536.549999928711,0.0,0.0,0.0,0.0,0.0,0.0,9.88000000000011,2907.310000000004,494.0,145365.5,0.0,56.0,503.88000000000466,148272.80999999994,0.0,0.0,1164.632126827084,319952.46134061913
415,2021-02-19,2021,True,51.134246575342466,987,987,1056,248176.17885478513,1119.3571905756655,31249,53,0.01949130459047022,0.8095314505776636,0.18230394699613317,0.16195131473050228,0.1452067828188935,0.38358605403987794,0.9659321175278622,0.19026238767339124,372239.638531195,0,False,False,True,"{""0"":null,""1"":null,""2"":null,""3"":null}",987.0,411382.0,987.0,291718.0,987.0,291718.0,840.1255401609233,248176.17885478513,840.1255401609233,0.0,0.0,1119.3571905756835,321071.8185311948,0.01949130459047055,9.263949623099089,4.0,1180.0,0.0,0.0,88.69999999870925,26131.899999900223,2.9999999999995453,721.1999999999364,49.34999999928186,14585.899999927993,0.0,0.0,0.0,0.0,0.0,0.0,9.86999999999989,2917.180000000004,493.5,145859.0,0.0,56.0,503.36999999999534,148776.17999999993,0.0,0.0,1119.3571905756835,321071.8185311948
416,2021-02-20,2021,False,51.136986301369866,987,0,1056,248176.17885478513,0.0,30399,53,0.0,,,0.16204945308517188,0.145334317894749,0.38358605403987794,0.96693515704154,0.11498452404019151,372239.638531195,0,False,False,True,"{""0"":null,""1"":null,""2"":null,""3"":null}",987.0,412369.0,0.0,291718.0,0.0,291718.0,0.0,248176.17885478513,0.0,0.0,0.0,0.0,321071.8185311948,0.0,9.263949623099089,0.0,1180.0,0.0,0.0,0.0,26131.899999900223,0.0,721.1999999999364,0.0,14585.899999927993,0.0,0.0,0.0,0.0,0.0,0.0,0.0,2917.180000000004,0.0,145859.0,0.0,56.0,0.0,148776.17999999993,0.0,0.0,0.0,321071.8185311948
417,2021-02-21,2021,False,51.13972602739726,987,0,1056,248176.17885478513,0.0,30399,53,0.0,,,0.16204945308517188,0.145334317894749,0.38358605403987794,0.96693515704154,0.06513760569606843,372239.638531195,0,False,False,True,"{""0"":null,""1"":null,""2"":null,""3"":null}",987.0,413356.0,0.0,291718.0,0.0,291718.0,0.0,248176.17885478513,0.0,0.0,0.0,0.0,321071.8185311948,0.0,9.263949623099089,0.0,1180.0,0.0,0.0,0.0,26131.899999900223,0.0,721.1999999999364,0.0,14585.899999927993,0.0,0.0,0.0,0.0,0.0,0.0,0.0,2917.180000000004,0.0,145859.0,0.0,56.0,0.0,148776.17999999993,0.0,0.0,0.0,321071.8185311948
418,2021-02-22,2021,True,51.14246575342466,986,986,1056,249015.46904207853,1348.2548813514695,31384,17,0.0,0.8498884574072544,0.1455902064052894,0.16223596399454612,0.14542011276653444,0.38378295392955547,0.9658215010141987,0.09436220369805995,373085.0334125465,0,False,False,True,"{""0"":null,""1"":null,""2"":null,""3"":null}",986.0,414342.0,986.0,292704.0,986.0,292704.0,839.2901872934017,249015.46904207853,839.2901872934017,0.0,0.0,1348.2548813514877,322420.0734125463,0.0,9.263949623099089,4.0,1184.0,0.0,0.0,88.5999999987107,26220.499999898933,7.949999999998795,729.1499999999352,49.29999999928259,14635.199999927276,0.0,0.0,0.0,0.0,0.0,0.0,9.860000000000127,2927.040000000004,493.0,146352.0,0.0,56.0,502.85999999998603,149279.03999999992,0.0,0.0,1348.2548813514877,322420.0734125463
419,2021-02-23,2021,True,51.14520547945205,986,986,1057,249854.74583357087,1263.011188079097,31433,33,0.03138240535783857,0.8672031056977758,0.1264826672601083,0.16189133313685725,0.14445437425439692,0.38346499278397894,0.9657707910750507,0.1216143822767254,373844.1846006256,0,False,False,True,"{""0"":null,""1"":null,""2"":null,""3"":null}",986.0,415328.0,986.0,293690.0,986.0,293690.0,839.2767914923315,249854.74583357087,839.2767914923315,0.0,0.0,1263.0111880790791,323683.0846006254,0.03138240535783865,9.295332028456928,4.0,1188.0,0.0,0.0,88.5999999987107,26309.099999897644,0.0,729.1499999999352,49.29999999928259,14684.499999926558,0.0,0.0,0.0,0.0,0.0,0.0,9.860000000000127,2936.900000000004,493.0,146845.0,1.0,57.0,502.85999999998603,149781.8999999999,0.0,0.0,1263.0111880790791,323683.0846006254
420,2021-02-24,2021,True,51.14794520547945,986,986,1057,250694.0226250632,1206.8319661670068,31540,46,0.008662008780025793,0.8144132284398503,0.17945513302154706,0.1619348125386041,0.14438492178536116,0.38346499278397894,0.9657910750507099,0.14684200289692054,374548.15656679263,0,False,False,True,"{""0"":null,""1"":null,""2"":null,""3"":null}",986.0,416314.0,986.0,294676.0,986.0,294676.0,839.2767914923315,250694.0226250632,839.2767914923315,0.0,0.0,1206.8319661670248,324889.9165667924,0.008662008780026653,9.303994037236954,4.0,1192.0,0.0,0.0,88.5999999987107,26397.699999896355,0.0,729.1499999999352,49.29999999928259,14733.79999992584,0.0,0.0,0.0,0.0,0.0,0.0,9.860000000000127,2946.7600000000043,493.0,147338.0,0.0,57.0,502.85999999998603,150284.7599999999,0.0,0.0,1206.8319661670248,324889.9165667924
421,2021-02-25,2021,True,51.15068493150685,987,987,1058,251534.1888740733,1154.784692313055,31657,46,0.0,0.8044466570822371,0.18219134057010927,0.16179937112621387,0.14362447687844837,0.3833991630586562,0.965775075987842,0.17016581233667902,375198.5712591057,0,False,False,True,"{""0"":null,""1"":null,""2"":null,""3"":null}",987.0,417301.0,987.0,295663.0,987.0,295663.0,840.1662490101007,251534.1888740733,840.1662490101007,0.0,0.0,1154.7846923130564,326044.70125910547,0.0,9.303994037236954,4.0,1196.0,0.0,0.0,88.69999999870925,26486.399999895064,2.5499999999996135,731.6999999999348,49.34999999928186,14783.149999925123,0.0,0.0,0.0,0.0,0.0,0.0,9.86999999999989,2956.630000000004,493.5,147831.5,1.0,58.0,503.36999999999534,150788.1299999999,0.0,0.0,1154.7846923130564,326044.70125910547
422,2021-02-26,2021,True,51.153424657534245,987,987,1058,252374.3551230834,1145.3410592981038,31755,43,0.0,0.8236198876202425,0.16794353165831374,0.16180025592015013,0.14368731147854838,0.3833991630586562,0.9659777102330294,0.19182204834675187,375840.5423184038,0,False,False,True,"{""0"":null,""1"":null,""2"":null,""3"":null}",987.0,418288.0,987.0,296650.0,987.0,296650.0,840.1662490101007,252374.3551230834,840.1662490101007,0.0,0.0,1145.34105929808,327190.04231840355,0.0,9.303994037236954,4.0,1200.0,0.0,0.0,88.69999999870925,26575.099999893773,2.399999999999636,734.0999999999344,49.34999999928186,14832.499999924405,0.0,0.0,0.0,0.0,0.0,0.0,9.86999999999989,2966.500000000004,493.5,148325.0,0.0,58.0,503.36999999999534,151291.49999999988,0.0,0.0,1145.34105929808,327190.04231840355
423,2021-02-27,2021,False,51.156164383561645,987,0,1058,252374.3551230834,0.0,30899,43,0.0,,,0.16178130127615423,0.143778971347683,0.3833991630586562,0.9669807497467071,0.11655253267224891,375840.5423184038,0,False,False,True,"{""0"":null,""1"":null,""2"":null,""3"":null}",987.0,419275.0,0.0,296650.0,0.0,296650.0,0.0,252374.3551230834,0.0,0.0,0.0,0.0,327190.04231840355,0.0,9.303994037236954,0.0,1200.0,0.0,0.0,0.0,26575.099999893773,0.0,734.0999999999344,0.0,14832.499999924405,0.0,0.0,0.0,0.0,0.0,0.0,0.0,2966.500000000004,0.0,148325.0,0.0,58.0,0.0,151291.49999999988,0.0,0.0,0.0,327190.04231840355
424,2021-02-28,2021,False,51.15890410958904,988,0,1059,252374.3551230834,0.0,30899,43,0.0,,,0.16188455339610353,0.14324049642773376,0.38365129447890983,0.9667105263157895,0.06658278005920991,375839.5423184038,0,False,False,True,"{""0"":null,""1"":null,""2"":null,""3"":null}",988.0,420263.0,0.0,296650.0,0.0,296650.0,0.0,252374.3551230834,0.0,0.0,0.0,0.0,327190.04231840355,0.0,9.303994037236954,0.0,1200.0,0.0,0.0,0.0,26575.099999893773,0.0,734.0999999999344,0.0,14832.499999924405,0.0,0.0,0.0,0.0,0.0,0.0,0.0,2966.500000000004,0.0,148325.0,1.0,59.0,0.0,151291.49999999988,0.0,0.0,0.0,327190.04231840355
425,2021-03-01,2021,True,51.16164383561644,987,987,1059,253214.3958791709,1348.6501715631837,31870,15,0.0,0.8581737599049023,0.13438904224796358,0.16178160376594425,0.14315182255137227,0.38371712420423265,0.9656838905775076,0.09563385653070539,376684.822489967,0,False,False,True,"{""0"":null,""1"":null,""2"":null,""3"":null}",987.0,421250.0,987.0,297637.0,987.0,297637.0,840.0407560874883,253214.3958791709,840.0407560874883,0.0,0.0,1348.650171563204,328538.69248996675,0.0,9.303994037236954,4.0,1204.0,0.0,0.0,88.69999999870925,26663.799999892482,6.449999999999022,740.5499999999334,49.34999999928186,14881.849999923686,0.0,0.0,0.0,0.0,0.0,0.0,9.86999999999989,2976.370000000004,493.5,148818.5,0.0,59.0,503.36999999999534,151794.86999999988,0.0,0.0,1348.650171563204,328538.69248996675
426,2021-03-02,2021,True,51.16438356164384,987,987,1059,254054.43663525837,1284.4202201540782,31935,31,0.0,0.8601325517800172,0.1303858865887744,0.16173191864345154,0.1431178303123752,0.38371712420423265,0.9658257345491388,0.12278044661538891,377465.8727101211,0,False,False,True,"{""0"":null,""1"":null,""2"":null,""3"":null}",987.0,422237.0,987.0,298624.0,987.0,298624.0,840.0407560874883,254054.43663525837,840.0407560874883,0.0,0.0,1284.4202201541048,329823.11271012085,0.0,9.303994037236954,4.0,1208.0,0.0,0.0,88.69999999870925,26752.49999989119,0.0,740.5499999999334,49.34999999928186,14931.199999922968,0.0,0.0,0.0,0.0,0.0,0.0,9.86999999999989,2986.240000000004,493.5,149312.0,0.0,59.0,503.36999999999534,152298.23999999987,0.0,0.0,1284.4202201541048,329823.11271012085
427,2021-03-03,2021,True,51.16712328767123,986,986,1059,254893.75986988566,1232.7994949025574,32037,55,0.0,0.8458841399761757,0.15939163815634655,0.16188348166487704,0.14334611733383779,0.383706526009486,0.9656592292089249,0.1480493732766111,378195.81220502366,0,False,False,True,"{""0"":null,""1"":null,""2"":null,""3"":null}",986.0,423223.0,986.0,299610.0,986.0,299610.0,839.3232346272853,254893.75986988566,839.3232346272853,0.0,0.0,1232.7994949025451,331055.9122050234,0.0,9.303994037236954,4.0,1212.0,0.0,0.0,88.5999999987107,26841.099999889902,0.0,740.5499999999334,49.29999999928259,14980.499999922251,0.0,0.0,0.0,0.0,0.0,0.0,9.860000000000127,2996.100000000004,493.0,149805.0,0.0,59.0,502.85999999998603,152801.09999999986,0.0,0.0,1232.7994949025451,331055.9122050234
428,2021-03-04,2021,True,51.16986301369863,986,986,1059,255733.08310451295,1165.806828420485,32153,55,0.0,0.845871562438575,0.1583088655890441,0.16183362261257855,0.14336505053876153,0.383706526009486,0.9658417849898581,0.1713533928910082,378858.75903344416,0,False,False,True,"{""0"":null,""1"":null,""2"":null,""3"":null}",986.0,424209.0,986.0,300596.0,986.0,300596.0,839.3232346272853,255733.08310451295,839.3232346272853,0.0,0.0,1165.8068284204928,332221.7190334439,0.0,9.303994037236954,4.0,1216.0,0.0,0.0,88.5999999987107,26929.699999888613,2.249999999999659,742.7999999999331,49.29999999928259,15029.799999921534,0.0,0.0,0.0,0.0,0.0,0.0,9.860000000000127,3005.960000000004,493.0,150298.0,0.0,59.0,502.85999999998603,153303.95999999985,0.0,0.0,1165.8068284204928,332221.7190334439
429,2021-03-05,2021,True,51.17260273972603,986,986,1059,256572.40633914023,1133.6982867479562,32249,55,0.0,0.8154574839791398,0.1783181965995789,0.16181693870529218,0.14347429103567125,0.383706526009486,0.9660801217038539,0.19290486283667063,379489.59732019214,0,False,False,True,"{""0"":null,""1"":null,""2"":null,""3"":null}",986.0,425195.0,986.0,301582.0,986.0,301582.0,839.3232346272853,256572.40633914023,839.3232346272853,0.0,0.0,1133.6982867479674,333355.41732019186,0.0,9.303994037236954,4.0,1220.0,0.0,0.0,88.5999999987107,27018.299999887324,2.399999999999636,745.1999999999327,49.29999999928259,15079.099999920816,0.0,0.0,0.0,0.0,0.0,0.0,9.860000000000127,3015.8200000000043,493.0,150791.0,0.0,59.0,502.85999999998603,153806.81999999983,0.0,0.0,1133.6982867479674,333355.41732019186
430,2021-03-06,2021,False,51.175342465753424,986,0,1059,256572.40633914023,0.0,31399,55,0.0,,,0.1617557421802541,0.14337582866766427,0.383706526009486,0.9671247464503043,0.11762494957083401,379489.59732019214,0,False,False,True,"{""0"":null,""1"":null,""2"":null,""3"":null}",986.0,426181.0,0.0,301582.0,0.0,301582.0,0.0,256572.40633914023,0.0,0.0,0.0,0.0,333355.41732019186,0.0,9.303994037236954,0.0,1220.0,0.0,0.0,0.0,27018.299999887324,0.0,745.1999999999327,0.0,15079.099999920816,0.0,0.0,0.0,0.0,0.0,0.0,0.0,3015.8200000000043,0.0,150791.0,0.0,59.0,0.0,153806.81999999983,0.0,0.0,0.0,333355.41732019186
431,2021-03-07,2021,False,51.178082191780824,986,0,1059,256572.40633914023,0.0,31399,55,0.0,,,0.1617557421802541,0.1433758286676643,0.383706526009486,0.9671247464503043,0.06770378026816368,379489.59732019214,0,False,False,True,"{""0"":null,""1"":null,""2"":null,""3"":null}",986.0,427167.0,0.0,301582.0,0.0,301582.0,0.0,256572.40633914023,0.0,0.0,0.0,0.0,333355.41732019186,0.0,9.303994037236954,0.0,1220.0,0.0,0.0,0.0,27018.299999887324,0.0,745.1999999999327,0.0,15079.099999920816,0.0,0.0,0.0,0.0,0.0,0.0,0.0,3015.8200000000043,0.0,150791.0,0.0,59.0,0.0,153806.81999999983,0.0,0.0,0.0,333355.41732019186
432,2021-03-08,2021,True,51.18082191780822,986,986,1059,257411.72957376752,1371.519575266664,32385,16,0.0,0.8620582660991019,0.12074321897138804,0.1617557421802541,0.1433758286676643,0.383706526009486,0.9661409736308316,0.09677699925574203,380358.25689545885,0,False,False,True,"{""0"":null,""1"":null,""2"":null,""3"":null}",986.0,428153.0,986.0,302568.0,986.0,302568.0,839.3232346272853,257411.72957376752,839.3232346272853,0.0,0.0,1371.5195752666914,334726.93689545855,0.0,9.303994037236954,4.0,1224.0,0.0,0.0,88.5999999987107,27106.899999886034,8.24999999999875,753.4499999999315,49.29999999928259,15128.399999920099,0.0,0.0,0.0,0.0,0.0,0.0,9.860000000000127,3025.6800000000044,493.0,151284.0,0.0,59.0,502.85999999998603,154309.67999999982,0.0,0.0,1371.5195752666914,334726.93689545855
433,2021-03-09,2021,True,51.18356164383562,986,986,1059,258251.0528083948,1307.9712290765597,32442,29,0.0,0.8468630693516891,0.13686942634196678,0.16175499786818676,0.14349994400560606,0.383706526009486,0.9663843813387424,0.12386882847920712,381163.3681245354,0,False,False,True,"{""0"":null,""1"":null,""2"":null,""3"":null}",986.0,429139.0,986.0,303554.0,986.0,303554.0,839.3232346272853,258251.0528083948,839.3232346272853,0.0,0.0,1307.9712290765601,336034.9081245351,0.0,9.303994037236954,4.0,1228.0,0.0,0.0,88.5999999987107,27195.499999884745,0.0,753.4499999999315,49.29999999928259,15177.699999919381,0.0,0.0,0.0,0.0,0.0,0.0,9.860000000000127,3035.5400000000045,493.0,151777.0,0.0,59.0,502.85999999998603,154812.5399999998,0.0,0.0,1307.9712290765601,336034.9081245351
434,2021-03-10,2021,True,51.18630136986302,986,986,1059,259090.3760430221,1227.5946577793184,32528,52,0.0,0.8386344051838556,0.15989766376150336,0.16169387189832282,0.14348730681116997,0.383706526009486,0.9660446247464503,0.149051757778233,381888.10278231476,0,False,False,True,"{""0"":null,""1"":null,""2"":null,""3"":null}",986.0,430125.0,986.0,304540.0,986.0,304540.0,839.3232346272853,259090.3760430221,839.3232346272853,0.0,0.0,1227.594657779322,337262.50278231443,0.0,9.303994037236954,4.0,1232.0,0.0,0.0,88.5999999987107,27284.099999883456,0.0,753.4499999999315,49.29999999928259,15226.999999918664,0.0,0.0,0.0,0.0,0.0,0.0,9.860000000000127,3045.4000000000046,493.0,152270.0,0.0,59.0,502.85999999998603,155315.3999999998,0.0,0.0,1227.594657779322,337262.50278231443
435,2021-03-11,2021,True,51.18904109589041,986,986,1059,259929.69927764937,1196.0232597886306,32638,56,0.0,0.8296440820679846,0.172385049816708,0.1617590029467569,0.14350702732485343,0.383706526009486,0.9657860040567952,0.17231884766378275,382581.2660421034,0,False,False,True,"{""0"":null,""1"":null,""2"":null,""3"":null}",986.0,431111.0,986.0,305526.0,986.0,305526.0,839.3232346272853,259929.69927764937,839.3232346272853,0.0,0.0,1196.0232597886352,338458.52604210307,0.0,9.303994037236954,4.0,1236.0,0.0,0.0,88.5999999987107,27372.699999882167,2.399999999999636,755.8499999999311,49.29999999928259,15276.299999917946,0.0,0.0,0.0,0.0,0.0,0.0,9.860000000000127,3055.2600000000048,493.0,152763.0,0.0,59.0,502.85999999998603,155818.25999999978,0.0,0.0,1196.0232597886352,338458.52604210307
436,2021-03-12,2021,True,51.19178082191781,985,985,1059,260768.2444416651,1110.2167433564564,32755,54,0.26945703707059976,0.8244030926874385,0.17137467093340822,0.16161305721671615,0.14327582700717834,0.38345439458923236,0.9658680203045685,0.1938573857802058,383189.13278545986,0,False,False,True,"{""0"":null,""1"":null,""2"":null,""3"":null}",985.0,432096.0,985.0,306511.0,985.0,306511.0,838.5451640157262,260768.2444416651,838.5451640157262,0.0,0.0,1110.2167433564318,339568.7427854595,0.2694570370706,9.573451074307554,4.0,1240.0,0.0,0.0,88.49999999871216,27461.19999988088,1.9499999999997044,757.7999999999308,49.24999999928332,15325.54999991723,0.0,0.0,0.0,0.0,0.0,0.0,9.849999999999909,3065.1100000000047,492.5,153255.5,0.0,59.0,502.3500000000058,156320.60999999978,0.0,0.0,1110.2167433564318,339568.7427854595
437,2021-03-13,2021,False,51.1945205479452,985,0,1060,260768.2444416651,0.0,31899,54,0.0,,,0.16163908342842329,0.14267338631659665,0.3836959278147394,0.9665888324873096,0.11854910610606613,383188.13278545986,0,False,False,True,"{""0"":null,""1"":null,""2"":null,""3"":null}",985.0,433081.0,0.0,306511.0,0.0,306511.0,0.0,260768.2444416651,0.0,0.0,0.0,0.0,339568.7427854595,0.0,9.573451074307554,0.0,1240.0,0.0,0.0,0.0,27461.19999988088,0.0,757.7999999999308,0.0,15325.54999991723,0.0,0.0,0.0,0.0,0.0,0.0,0.0,3065.1100000000047,0.0,153255.5,1.0,60.0,0.0,156320.60999999978,0.0,0.0,0.0,339568.7427854595
438,2021-03-14,2021,False,51.1972602739726,986,0,1061,260768.2444416651,0.0,31899,54,0.0,,,0.16131019568222404,0.1416958236279584,0.38349902792506185,0.9663184584178499,0.06855986408490847,383187.13278545986,0,False,False,True,"{""0"":null,""1"":null,""2"":null,""3"":null}",986.0,434067.0,0.0,306511.0,0.0,306511.0,0.0,260768.2444416651,0.0,0.0,0.0,0.0,339568.7427854595,0.0,9.573451074307554,0.0,1240.0,0.0,0.0,0.0,27461.19999988088,0.0,757.7999999999308,0.0,15325.54999991723,0.0,0.0,0.0,0.0,0.0,0.0,0.0,3065.1100000000047,0.0,153255.5,1.0,61.0,0.0,156320.60999999978,0.0,0.0,0.0,339568.7427854595
439,2021-03-15,2021,True,51.2,986,986,1061,261607.74766388405,1318.8651772063643,32874,16,0.0,0.8671649619722004,0.13592800374006545,0.16131019568222407,0.1416958236279584,0.38349902792506185,0.9652180527383367,0.09765799151274258,384003.1379626662,0,False,False,True,"{""0"":null,""1"":null,""2"":null,""3"":null}",986.0,435053.0,986.0,307497.0,986.0,307497.0,839.5032222189475,261607.74766388405,839.5032222189475,0.0,0.0,1318.8651772063458,340887.60796266585,0.0,9.573451074307554,4.0,1244.0,0.0,0.0,88.5999999987107,27549.79999987959,8.099999999998772,765.8999999999296,49.29999999928259,15374.849999916512,0.0,0.0,0.0,0.0,0.0,0.0,9.860000000000127,3074.970000000005,493.0,153748.5,0.0,61.0,502.85999999998603,156823.46999999977,0.0,0.0,1318.8651772063458,340887.60796266585
440,2021-03-16,2021,True,51.202739726027396,986,986,1061,262447.2508861027,1328.0598784150081,32927,37,0.009578539235653043,0.852929124049305,0.1498831229546517,0.16128380808102002,0.14172861693495856,0.38349902792506185,0.9653093306288032,0.12477600814241223,384828.33784108126,0,False,False,True,"{""0"":null,""1"":null,""2"":null,""3"":null}",986.0,436039.0,986.0,308483.0,986.0,308483.0,839.5032222186273,262447.2508861027,839.5032222186273,0.0,0.0,1328.0598784150206,342215.66784108087,0.009578539235652883,9.583029613543207,4.0,1248.0,0.0,0.0,88.5999999987107,27638.3999998783,0.0,765.8999999999296,49.29999999928259,15424.149999915795,0.0,0.0,0.0,0.0,0.0,0.0,9.860000000000127,3084.830000000005,493.0,154241.5,0.0,61.0,502.85999999998603,157326.32999999975,0.0,0.0,1328.0598784150206,342215.66784108087
441,2021-03-17,2021,True,51.205479452054796,987,987,1062,263287.51506445365,1214.0014619966428,33027,56,0.0,0.8510117409437774,0.13980850545443113,0.16123463824764642,0.14100584856889756,0.3835096261198085,0.9650253292806484,0.14984102994179122,385537.9693030779,0,False,False,True,"{""0"":null,""1"":null,""2"":null,""3"":null}",987.0,437026.0,987.0,309470.0,987.0,309470.0,840.2641783509753,263287.51506445365,840.2641783509753,0.0,0.0,1214.0014619966387,343429.6693030775,0.0,9.583029613543207,4.0,1252.0,0.0,0.0,88.69999999870925,27727.09999987701,0.0,765.8999999999296,49.34999999928186,15473.499999915077,0.0,0.0,0.0,0.0,0.0,0.0,9.86999999999989,3094.700000000005,493.5,154735.0,1.0,62.0,503.36999999999534,157829.69999999975,0.0,0.0,1214.0014619966387,343429.6693030775
442,2021-03-18,2021,True,51.20821917808219,988,988,1063,264128.65539398894,1181.6066218460119,33155,54,0.0,0.8198678861788617,0.17558146330060775,0.16117188216214526,0.14022477301295674,0.38344379639448567,0.9649746963562753,0.17298298541737467,386214.69592492393,0,False,False,True,"{""0"":null,""1"":null,""2"":null,""3"":null}",988.0,438014.0,988.0,310458.0,988.0,310458.0,841.1403295352939,264128.65539398894,841.1403295352939,0.0,0.0,1181.6066218460328,344611.27592492354,0.0,9.583029613543207,4.0,1256.0,0.0,0.0,88.79999999870779,27815.899999875717,2.399999999999636,768.2999999999292,49.399999999281135,15522.899999914358,0.0,0.0,0.0,0.0,0.0,0.0,9.88000000000011,3104.580000000005,494.0,155229.0,1.0,63.0,503.88000000000466,158333.57999999975,0.0,0.0,1181.6066218460328,344611.27592492354
443,2021-03-19,2021,True,51.21095890410959,988,988,1063,264969.79572352424,1117.5751109007986,33261,48,0.0,0.8076235903488067,0.20117169237961663,0.16116129262416612,0.14028776089506514,0.38344379639448567,0.9651062753036437,0.19444628567376177,386828.3910358247,0,False,False,True,"{""0"":null,""1"":null,""2"":null,""3"":null}",988.0,439002.0,988.0,311446.0,988.0,311446.0,841.1403295352939,264969.79572352424,841.1403295352939,0.0,0.0,1117.5751109007979,345728.85103582434,0.0,9.583029613543207,4.0,1260.0,0.0,0.0,88.79999999870779,27904.699999874425,3.1499999999995225,771.4499999999288,49.399999999281135,15572.29999991364,0.0,0.0,0.0,0.0,0.0,0.0,9.88000000000011,3114.460000000005,494.0,155723.0,0.0,63.0,503.88000000000466,158837.45999999976,0.0,0.0,1117.5751109007979,345728.85103582434
444,2021-03-20,2021,False,51.21369863013699,988,0,1064,264969.79572352424,0.0,32399,48,0.0,,,0.16132226299710553,0.14000294611226993,0.3835202243145551,0.9658147773279352,0.11919706384376418,386827.3910358247,0,False,False,True,"{""0"":null,""1"":null,""2"":null,""3"":null}",988.0,439990.0,0.0,311446.0,0.0,311446.0,0.0,264969.79572352424,0.0,0.0,0.0,0.0,345728.85103582434,0.0,9.583029613543207,0.0,1260.0,0.0,0.0,0.0,27904.699999874425,0.0,771.4499999999288,0.0,15572.29999991364,0.0,0.0,0.0,0.0,0.0,0.0,0.0,3114.460000000005,0.0,155723.0,1.0,64.0,0.0,158837.45999999976,0.0,0.0,0.0,345728.85103582434
445,2021-03-21,2021,False,51.21643835616438,988,0,1064,264969.79572352424,0.0,32399,48,0.0,,,0.1613222629971055,0.1400029461122699,0.3835202243145551,0.9658147773279352,0.06940133252299208,386827.3910358247,0,False,False,True,"{""0"":null,""1"":null,""2"":null,""3"":null}",988.0,440978.0,0.0,311446.0,0.0,311446.0,0.0,264969.79572352424,0.0,0.0,0.0,0.0,345728.85103582434,0.0,9.583029613543207,0.0,1260.0,0.0,0.0,0.0,27904.699999874425,0.0,771.4499999999288,0.0,15572.29999991364,0.0,0.0,0.0,0.0,0.0,0.0,0.0,3114.460000000005,0.0,155723.0,0.0,64.0,0.0,158837.45999999976,0.0,0.0,0.0,345728.85103582434
446,2021-03-22,2021,True,51.21917808219178,988,988,1064,265810.8831809909,1358.7191310521468,33384,14,0.0,0.8674609674871073,0.11685967858558999,0.1613222629971055,0.1400029461122699,0.3835202243145551,0.9650354251012147,0.09839601803309254,387682.23016687686,0,False,False,True,"{""0"":null,""1"":null,""2"":null,""3"":null}",988.0,441966.0,988.0,312434.0,988.0,312434.0,841.0874574666377,265810.8831809909,841.0874574666377,0.0,0.0,1358.7191310521448,347087.5701668765,0.0,9.583029613543207,4.0,1264.0,0.0,0.0,88.79999999870779,27993.499999873133,7.199999999998909,778.6499999999277,49.399999999281135,15621.69999991292,0.0,0.0,0.0,0.0,0.0,0.0,9.88000000000011,3124.340000000005,494.0,156217.0,0.0,64.0,503.88000000000466,159341.33999999976,0.0,0.0,1358.7191310521448,347087.5701668765
447,2021-03-23,2021,True,51.221917808219175,987,987,1064,266650.98526516865,1285.3545639061101,33433,28,0.0,0.8449169160938503,0.1450448094030536,0.16135434361245496,0.14009167299848518,0.38371712420423265,0.9650658561296859,0.12528221060127806,388464.21473078296,0,False,False,True,"{""0"":null,""1"":null,""2"":null,""3"":null}",987.0,442953.0,987.0,313421.0,987.0,313421.0,840.102084177779,266650.98526516865,840.102084177779,0.0,0.0,1285.3545639060903,348372.9247307826,0.0,9.583029613543207,4.0,1268.0,0.0,0.0,88.69999999870925,28082.199999871842,0.0,778.6499999999277,49.34999999928186,15671.049999912202,0.0,0.0,0.0,0.0,0.0,0.0,9.86999999999989,3134.210000000005,493.5,156710.5,0.0,64.0,503.36999999999534,159844.70999999976,0.0,0.0,1285.3545639060903,348372.9247307826
448,2021-03-24,2021,True,51.224657534246575,987,987,1064,267491.08734934643,1202.2366907786243,33530,46,0.0,0.8226330848390029,0.17412888981440766,0.16127822917531737,0.1401221696544156,0.38371712420423265,0.9646909827760891,0.15038564105658883,389163.0814215616,0,False,False,True,"{""0"":null,""1"":null,""2"":null,""3"":null}",987.0,443940.0,987.0,314408.0,987.0,314408.0,840.102084177779,267491.08734934643,840.102084177779,0.0,0.0,1202.2366907786345,349575.1614215612,0.0,9.583029613543207,4.0,1272.0,0.0,0.0,88.69999999870925,28170.89999987055,0.0,778.6499999999277,49.34999999928186,15720.399999911484,0.0,0.0,0.0,0.0,0.0,0.0,9.86999999999989,3144.080000000005,493.5,157204.0,0.0,64.0,503.36999999999534,160348.07999999975,0.0,0.0,1202.2366907786345,349575.1614215612
449,2021-03-25,2021,True,51.227397260273975,987,987,1064,268331.1894335242,1183.1836233214988,33649,51,0.0,0.8419256722540133,0.1550123806811567,0.16122504513651653,0.14024633019405633,0.38371712420423265,0.964807497467072,0.173590034110347,389842.8950448831,0,False,False,True,"{""0"":null,""1"":null,""2"":null,""3"":null}",987.0,444927.0,987.0,315395.0,987.0,315395.0,840.102084177779,268331.1894335242,840.102084177779,0.0,0.0,1183.1836233214708,350758.3450448827,0.0,9.583029613543207,4.0,1276.0,0.0,0.0,88.69999999870925,28259.59999986926,2.0999999999996817,780.7499999999274,49.34999999928186,15769.749999910766,0.0,0.0,0.0,0.0,0.0,0.0,9.86999999999989,3153.950000000005,493.5,157697.5,0.0,64.0,503.36999999999534,160851.44999999975,0.0,0.0,1183.1836233214708,350758.3450448827
450,2021-03-26,2021,True,51.23013698630137,986,986,1064,269170.40864370536,1105.3196231686159,33762,50,0.0,0.8153515657275056,0.17464584773939318,0.16129545100323373,0.14041311531939663,0.38378295392955547,0.9653397565922921,0.19511038321635235,390445.3546680517,0,False,False,True,"{""0"":null,""1"":null,""2"":null,""3"":null}",986.0,445913.0,986.0,316381.0,986.0,316381.0,839.2192101811524,269170.40864370536,839.2192101811524,0.0,0.0,1105.319623168616,351863.6646680513,0.0,9.583029613543207,4.0,1280.0,0.0,0.0,88.5999999987107,28348.19999986797,2.0999999999996817,782.849999999927,49.29999999928259,15819.049999910048,0.0,0.0,0.0,0.0,0.0,0.0,9.860000000000127,3163.810000000005,493.0,158190.5,0.0,64.0,502.85999999998603,161354.30999999974,0.0,0.0,1105.319623168616,351863.6646680513
451,2021-03-27,2021,False,51.23287671232877,985,0,1064,269170.40864370536,0.0,32899,50,0.0,,,0.1612109231145819,0.1403921747023641,0.38377235573480883,0.9664568527918782,0.11967602411837323,390445.3546680517,0,False,False,True,"{""0"":null,""1"":null,""2"":null,""3"":null}",985.0,446898.0,0.0,316381.0,0.0,316381.0,0.0,269170.40864370536,0.0,0.0,0.0,0.0,351863.6646680513,0.0,9.583029613543207,0.0,1280.0,0.0,0.0,0.0,28348.19999986797,0.0,782.849999999927,0.0,15819.049999910048,0.0,0.0,0.0,0.0,0.0,0.0,0.0,3163.810000000005,0.0,158190.5,0.0,64.0,0.0,161354.30999999974,0.0,0.0,0.0,351863.6646680513
452,2021-03-28,2021,False,51.23561643835617,986,0,1065,269170.40864370536,0.0,32899,50,0.0,,,0.16096483843786233,0.13943089715004595,0.3835754558451313,0.9661866125760649,0.06980081395068688,390444.3546680517,0,False,False,True,"{""0"":null,""1"":null,""2"":null,""3"":null}",986.0,447884.0,0.0,316381.0,0.0,316381.0,0.0,269170.40864370536,0.0,0.0,0.0,0.0,351863.6646680513,0.0,9.583029613543207,0.0,1280.0,0.0,0.0,0.0,28348.19999986797,0.0,782.849999999927,0.0,15819.049999910048,0.0,0.0,0.0,0.0,0.0,0.0,0.0,3163.810000000005,0.0,158190.5,1.0,65.0,0.0,161354.30999999974,0.0,0.0,0.0,351863.6646680513
453,2021-03-29,2021,True,51.23835616438356,986,986,1065,270009.4518600867,1345.8644419030977,33882,16,0.03179625147160971,0.8478489845627201,0.13762909082335187,0.16096483843786233,0.13943089715004597,0.3835754558451313,0.9652434077079107,0.09868507811052468,391287.3591099548,0,False,False,True,"{""0"":null,""1"":null,""2"":null,""3"":null}",986.0,448870.0,986.0,317367.0,986.0,317367.0,839.0432163813384,270009.4518600867,839.0432163813384,0.0,0.0,1345.8644419030752,353209.52910995437,0.03179625147160969,9.614825865014817,4.0,1284.0,0.0,0.0,88.5999999987107,28436.799999866682,7.499999999998863,790.3499999999259,49.29999999928259,15868.349999909331,0.0,0.0,0.0,0.0,0.0,0.0,9.860000000000127,3173.670000000005,493.0,158683.5,0.0,65.0,502.85999999998603,161857.16999999972,0.0,0.0,1345.8644419030752,353209.52910995437
454,2021-03-30,2021,True,51.24109589041096,986,986,1065,270848.49507646804,1278.1622857114317,33929,31,0.0,0.8529220565485007,0.141705767235688,0.16098246532934352,0.13959477575029874,0.3835754558451313,0.9654158215010141,0.12563546664166436,392062.66139566625,0,False,False,True,"{""0"":null,""1"":null,""2"":null,""3"":null}",986.0,449856.0,986.0,318353.0,986.0,318353.0,839.0432163813384,270848.49507646804,839.0432163813384,0.0,0.0,1278.1622857114417,354487.6913956658,0.0,9.614825865014817,4.0,1288.0,0.0,0.0,88.5999999987107,28525.399999865393,0.0,790.3499999999259,49.29999999928259,15917.649999908614,0.0,0.0,0.0,0.0,0.0,0.0,9.860000000000127,3183.530000000005,493.0,159176.5,0.0,65.0,502.85999999998603,162360.0299999997,0.0,0.0,1278.1622857114417,354487.6913956658
455,2021-03-31,2021,True,51.24383561643835,986,986,1065,271687.5382928494,1228.0120871913994,34028,50,0.0034535654430116014,0.8346746321714229,0.1560772894463831,0.16096852258901517,0.13969677739067432,0.3835754558451313,0.9651724137931034,0.15060895939195865,392787.81348285766,0,False,False,True,"{""0"":null,""1"":null,""2"":null,""3"":null}",986.0,450842.0,986.0,319339.0,986.0,319339.0,839.0432163813384,271687.5382928494,839.0432163813384,0.0,0.0,1228.0120871913969,355715.7034828572,0.0034535654430118967,9.618279430457829,4.0,1292.0,0.0,0.0,88.5999999987107,28613.999999864103,0.0,790.3499999999259,49.29999999928259,15966.949999907896,0.0,0.0,0.0,0.0,0.0,0.0,9.860000000000127,3193.3900000000053,493.0,159669.5,0.0,65.0,502.85999999998603,162862.8899999997,0.0,0.0,1228.0120871913969,355715.7034828572
456,2021-04-01,2021,True,51.24657534246575,986,986,1065,272526.5815092307,1071.9917896465015,34139,51,0.0,0.8326832559823574,0.15606373196265208,0.16102106545140157,0.1396862763384753,0.3835754558451313,0.9650608519269777,0.1737542245740549,393356.9452725042,0,False,False,True,"{""0"":null,""1"":null,""2"":null,""3"":null}",986.0,451828.0,986.0,320325.0,986.0,320325.0,839.0432163813384,272526.5815092307,839.0432163813384,0.0,0.0,1071.991789646505,356787.6952725037,0.0,9.618279430457829,4.0,1296.0,0.0,0.0,88.5999999987107,28702.599999862814,2.399999999999636,792.7499999999255,49.29999999928259,16016.249999907179,0.0,0.0,0.0,0.0,0.0,0.0,9.860000000000127,3203.2500000000055,493.0,160162.5,0.0,65.0,502.85999999998603,163365.74999999968,0.0,0.0,1071.991789646505,356787.6952725037
457,2021-04-02,2021,True,51.24931506849315,986,986,1065,273365.62472561206,1001.7624124934772,34262,49,0.03734120188191396,0.8306301635890853,0.16257898707912857,0.16088878681684543,0.13964590832720508,0.3835754558451313,0.9654918864097364,0.19510653105320902,393855.84768499766,0,False,False,True,"{""0"":null,""1"":null,""2"":null,""3"":null}",986.0,452814.0,986.0,321311.0,986.0,321311.0,839.0432163813384,273365.62472561206,839.0432163813384,0.0,0.0,1001.7624124934664,357789.4576849972,0.03734120188191348,9.655620632339742,4.0,1300.0,0.0,0.0,88.5999999987107,28791.199999861525,2.249999999999659,794.9999999999252,49.29999999928259,16065.549999906461,0.0,0.0,0.0,0.0,0.0,0.0,9.860000000000127,3213.1100000000056,493.0,160655.5,0.0,65.0,502.85999999998603,163868.60999999967,0.0,0.0,1001.7624124934664,357789.4576849972
458,2021-04-03,2021,False,51.25205479452055,986,0,1065,273365.62472561206,0.0,33399,49,0.0,,,0.16091203824213113,0.1397625428146505,0.3835754558451313,0.9665365111561867,0.11995591367743791,393855.84768499766,0,False,False,True,"{""0"":null,""1"":null,""2"":null,""3"":null}",986.0,453800.0,0.0,321311.0,0.0,321311.0,0.0,273365.62472561206,0.0,0.0,0.0,0.0,357789.4576849972,0.0,9.655620632339742,0.0,1300.0,0.0,0.0,0.0,28791.199999861525,0.0,794.9999999999252,0.0,16065.549999906461,0.0,0.0,0.0,0.0,0.0,0.0,0.0,3213.1100000000056,0.0,160655.5,0.0,65.0,0.0,163868.60999999967,0.0,0.0,0.0,357789.4576849972
459,2021-04-04,2021,False,51.25479452054795,986,0,1065,273365.62472561206,0.0,33399,49,0.0,,,0.16091203824213113,0.1397625428146505,0.3835754558451313,0.9665365111561867,0.0701716138716264,393855.84768499766,0,False,False,True,"{""0"":null,""1"":null,""2"":null,""3"":null}",986.0,454786.0,0.0,321311.0,0.0,321311.0,0.0,273365.62472561206,0.0,0.0,0.0,0.0,357789.4576849972,0.0,9.655620632339742,0.0,1300.0,0.0,0.0,0.0,28791.199999861525,0.0,794.9999999999252,0.0,16065.549999906461,0.0,0.0,0.0,0.0,0.0,0.0,0.0,3213.1100000000056,0.0,160655.5,0.0,65.0,0.0,163868.60999999967,0.0,0.0,0.0,357789.4576849972
460,2021-04-05,2021,True,51.25753424657534,986,986,1065,274204.6679419934,1206.4872522863443,34389,17,0.0,0.853963003192785,0.13814014901442986,0.16091203824213113,0.1397625428146505,0.3835754558451313,0.9658367139959433,0.09911841863083748,394559.474937284,0,False,False,True,"{""0"":null,""1"":null,""2"":null,""3"":null}",986.0,455772.0,986.0,322297.0,986.0,322297.0,839.0432163813384,274204.6679419934,839.0432163813384,0.0,0.0,1206.4872522863443,358995.9449372835,0.0,9.655620632339742,4.0,1304.0,0.0,0.0,88.5999999987107,28879.799999860235,7.349999999998886,802.3499999999241,49.29999999928259,16114.849999905744,0.0,0.0,0.0,0.0,0.0,0.0,9.860000000000127,3222.9700000000057,493.0,161148.5,0.0,65.0,502.85999999998603,164371.46999999965,0.0,0.0,1206.4872522863443,358995.9449372835
461,2021-04-06,2021,True,51.26027397260274,986,986,1065,275043.71115837473,1147.9322833677552,34437,29,0.05046813023334274,0.8387767025443533,0.15145418749410544,0.16087189863072038,0.13981818028752474,0.3835754558451313,0.965998985801217,0.12612809531646052,395204.54722065176,0,False,False,True,"{""0"":null,""1"":null,""2"":null,""3"":null}",986.0,456758.0,986.0,323283.0,986.0,323283.0,839.0432163813384,275043.71115837473,839.0432163813384,0.0,0.0,1147.9322833677288,360143.87722065125,0.050468130233342734,9.706088762573085,4.0,1308.0,0.0,0.0,88.5999999987107,28968.399999858946,0.0,802.3499999999241,49.29999999928259,16164.149999905027,0.0,0.0,0.0,0.0,0.0,0.0,9.860000000000127,3232.830000000006,493.0,161641.5,0.0,65.0,502.85999999998603,164874.32999999964,0.0,0.0,1147.9322833677288,360143.87722065125
462,2021-04-07,2021,True,51.26301369863014,987,987,1066,275883.6727998091,1118.3393527315511,34540,46,0.0,0.8338010824358603,0.16307147424293592,0.1607914157790039,0.13898671127785556,0.3835096261198085,0.965501519756839,0.1511559460333006,395818.5165733833,0,False,False,True,"{""0"":null,""1"":null,""2"":null,""3"":null}",987.0,457745.0,987.0,324270.0,987.0,324270.0,839.9616414343473,275883.6727998091,839.9616414343473,0.0,0.0,1118.3393527315347,361262.2165733828,0.0,9.706088762573085,4.0,1312.0,0.0,0.0,88.69999999870925,29057.099999857655,0.0,802.3499999999241,49.34999999928186,16213.499999904308,0.0,0.0,0.0,0.0,0.0,0.0,9.86999999999989,3242.7000000000057,493.5,162135.0,1.0,66.0,503.36999999999534,165377.69999999963,0.0,0.0,1118.3393527315347,361262.2165733828
463,2021-04-08,2021,True,51.26575342465753,987,987,1066,276723.6344412434,1074.578060151361,34643,43,0.3130001549919284,0.8419394257446557,0.15088588870668576,0.16077031074552153,0.13907528739525016,0.3835096261198085,0.9654356636271529,0.17436580600223522,396389.7246335347,0,False,False,True,"{""0"":null,""1"":null,""2"":null,""3"":null}",987.0,458732.0,987.0,325257.0,987.0,325257.0,839.9616414343473,276723.6344412434,839.9616414343473,0.0,0.0,1074.5780601513688,362336.79463353415,0.31300015499192924,10.019088917565014,4.0,1316.0,0.0,0.0,88.69999999870925,29145.799999856365,2.5499999999996135,804.8999999999237,49.34999999928186,16262.84999990359,0.0,0.0,0.0,0.0,0.0,0.0,9.86999999999989,3252.5700000000056,493.5,162628.5,0.0,66.0,503.36999999999534,165881.06999999963,0.0,0.0,1074.5780601513688,362336.79463353415
464,2021-04-09,2021,True,51.26849315068493,987,987,1066,277563.5960826778,1022.1251578425945,34752,52,0.0,0.8257406807204418,0.15895104499740892,0.1608096463362143,0.13917801510920022,0.3835096261198085,0.9656534954407295,0.19577477023811113,396908.47979137726,0,False,False,True,"{""0"":null,""1"":null,""2"":null,""3"":null}",987.0,459719.0,987.0,326244.0,987.0,326244.0,839.9616414343473,277563.5960826778,839.9616414343473,0.0,0.0,1022.1251578425872,363358.91979137674,0.0,10.019088917565014,4.0,1320.0,0.0,0.0,88.69999999870925,29234.499999855074,1.7999999999997272,806.6999999999234,49.34999999928186,16312.199999902872,0.0,0.0,0.0,0.0,0.0,0.0,9.86999999999989,3262.4400000000055,493.5,163122.0,0.0,66.0,503.36999999999534,166384.43999999962,0.0,0.0,1022.1251578425872,363358.91979137674
465,2021-04-10,2021,False,51.27123287671233,989,0,1068,277563.5960826778,0.0,33899,52,0.0,,,0.16069149786436657,0.13780071742468913,0.38353082250930176,0.9660869565217391,0.12024525950694334,396906.47979137726,0,False,False,True,"{""0"":null,""1"":null,""2"":null,""3"":null}",989.0,460708.0,0.0,326244.0,0.0,326244.0,0.0,277563.5960826778,0.0,0.0,0.0,0.0,363358.91979137674,0.0,10.019088917565014,0.0,1320.0,0.0,0.0,0.0,29234.499999855074,0.0,806.6999999999234,0.0,16312.199999902872,0.0,0.0,0.0,0.0,0.0,0.0,0.0,3262.4400000000055,0.0,163122.0,2.0,68.0,0.0,166384.43999999962,0.0,0.0,0.0,363358.91979137674
466,2021-04-11,2021,False,51.273972602739725,988,0,1068,277563.5960826778,0.0,33899,52,0.0,,,0.1608961438589841,0.13825176587289764,0.3835202243145551,0.9660526315789474,0.0706541670636994,396906.47979137726,0,False,False,True,"{""0"":null,""1"":null,""2"":null,""3"":null}",988.0,461696.0,0.0,326244.0,0.0,326244.0,0.0,277563.5960826778,0.0,0.0,0.0,0.0,363358.91979137674,0.0,10.019088917565014,0.0,1320.0,0.0,0.0,0.0,29234.499999855074,0.0,806.6999999999234,0.0,16312.199999902872,0.0,0.0,0.0,0.0,0.0,0.0,0.0,3262.4400000000055,0.0,163122.0,0.0,68.0,0.0,166384.43999999962,0.0,0.0,0.0,363358.91979137674
467,2021-04-12,2021,True,51.276712328767125,989,989,1069,278405.3279641351,1270.3013814903882,34889,13,0.0,0.8442479104087762,0.15131376390735427,0.16083837718917365,0.1374959887771962,0.38353082250930176,0.9648837209302326,0.09958853169070488,397671.3911728676,0,False,False,True,"{""0"":null,""1"":null,""2"":null,""3"":null}",989.0,462685.0,989.0,327233.0,989.0,327233.0,841.7318814573227,278405.3279641351,841.7318814573227,0.0,0.0,1270.301381490368,364629.2211728671,0.0,10.019088917565014,4.0,1324.0,0.0,0.0,88.89999999870633,29323.39999985378,7.799999999998818,814.4999999999222,49.44999999928041,16361.649999902153,0.0,0.0,0.0,0.0,0.0,0.0,9.889999999999873,3272.3300000000054,494.5,163616.5,1.0,69.0,504.39000000001397,166888.82999999964,0.0,0.0,1270.301381490368,364629.2211728671
468,2021-04-13,2021,True,51.27945205479452,990,990,1070,279247.98580487585,1157.8430921281647,34938,30,0.07714970710402018,0.8494474010709154,0.14369183402141208,0.16071114196348044,0.13660861964098672,0.38346499278397894,0.9648030303030303,0.12659940473988235,398323.33426499576,0,False,False,True,"{""0"":null,""1"":null,""2"":null,""3"":null}",990.0,463675.0,990.0,328223.0,990.0,328223.0,842.6578407407505,279247.98580487585,842.6578407407505,0.0,0.0,1157.8430921281688,365787.0642649953,0.07714970710402014,10.096238624669034,4.0,1328.0,0.0,0.0,88.99999999870488,29412.399999852485,0.0,814.4999999999222,49.4999999992815,16411.149999901434,0.0,0.0,0.0,0.0,0.0,0.0,9.900000000000091,3282.2300000000055,495.0,164111.5,1.0,70.0,504.8999999999942,167393.72999999963,0.0,0.0,1157.8430921281688,365787.0642649953
469,2021-04-14,2021,True,51.28219178082192,990,990,1070,280090.6436456166,1151.4769640686204,35035,43,0.0,0.8262537547342301,0.17270776479369299,0.16073723942477885,0.13670234359768482,0.38346499278397894,0.9646161616161616,0.15165325142755573,398969.91122906434,0,False,False,True,"{""0"":null,""1"":null,""2"":null,""3"":null}",990.0,464665.0,990.0,329213.0,990.0,329213.0,842.6578407407505,280090.6436456166,842.6578407407505,0.0,0.0,1151.476964068599,366938.5412290639,0.0,10.096238624669034,4.0,1332.0,0.0,0.0,88.99999999870488,29501.39999985119,0.0,814.4999999999222,49.49999999927968,16460.649999900714,0.0,0.0,0.0,0.0,0.0,0.0,9.900000000000091,3292.1300000000056,495.0,164606.5,0.0,70.0,504.8999999999942,167898.62999999963,0.0,0.0,1151.476964068599,366938.5412290639
470,2021-04-15,2021,True,51.28493150684932,990,990,1070,280933.30148635735,1057.25020724604,35155,46,0.21715278631882715,0.8343182708632624,0.15339957549040187,0.16075156426036333,0.1368083303611313,0.38346499278397894,0.9646515151515151,0.17482864600841908,399522.26143631036,0,False,False,True,"{""0"":null,""1"":null,""2"":null,""3"":null}",990.0,465655.0,990.0,330203.0,990.0,330203.0,842.6578407407505,280933.30148635735,842.6578407407505,0.0,0.0,1057.2502072460484,367995.7914363099,0.2171527863188274,10.313391410987862,4.0,1336.0,0.0,0.0,88.99999999870488,29590.399999849895,1.9499999999997044,816.4499999999219,49.49999999927968,16510.149999899993,0.0,0.0,0.0,0.0,0.0,0.0,9.900000000000091,3302.0300000000057,495.0,165101.5,0.0,70.0,504.8999999999942,168403.52999999962,0.0,0.0,1057.2502072460484,367995.7914363099
471,2021-04-16,2021,True,51.28767123287671,990,990,1070,281775.9593270981,1025.6457831036598,35245,47,0.0,0.8091125767271777,0.1859894339094535,0.160714127875238,0.13690985909994527,0.38346499278397894,0.9645959595959597,0.19617913297703116,400043.007219414,0,False,False,True,"{""0"":null,""1"":null,""2"":null,""3"":null}",990.0,466645.0,990.0,331193.0,990.0,331193.0,842.6578407407505,281775.9593270981,842.6578407407505,0.0,0.0,1025.6457831036532,369021.4372194136,0.0,10.313391410987862,4.0,1340.0,0.0,0.0,88.99999999870488,29679.3999998486,2.5499999999996135,818.9999999999216,49.49999999927968,16559.649999899273,0.0,0.0,0.0,0.0,0.0,0.0,9.900000000000091,3311.9300000000057,495.0,165596.5,0.0,70.0,504.8999999999942,168908.42999999961,0.0,0.0,1025.6457831036532,369021.4372194136
472,2021-04-17,2021,False,51.29041095890411,990,0,1070,281775.9593270981,0.0,34399,47,0.0,,,0.16072536510458962,0.13692567057636465,0.38346499278397894,0.9654292929292929,0.12099963811890631,400043.007219414,0,False,False,True,"{""0"":null,""1"":null,""2"":null,""3"":null}",990.0,467635.0,0.0,331193.0,0.0,331193.0,0.0,281775.9593270981,0.0,0.0,0.0,0.0,369021.4372194136,0.0,10.313391410987862,0.0,1340.0,0.0,0.0,0.0,29679.3999998486,0.0,818.9999999999216,0.0,16559.649999899273,0.0,0.0,0.0,0.0,0.0,0.0,0.0,3311.9300000000057,0.0,165596.5,0.0,70.0,0.0,168908.42999999961,0.0,0.0,0.0,369021.4372194136
473,2021-04-18,2021,False,51.293150684931504,991,0,1071,281775.9593270981,0.0,34399,47,0.0,,,0.16082873412622206,0.13640416401524308,0.38371308504561413,0.9651614530776993,0.07112265466302889,400042.007219414,0,False,False,True,"{""0"":null,""1"":null,""2"":null,""3"":null}",991.0,468626.0,0.0,331193.0,0.0,331193.0,0.0,281775.9593270981,0.0,0.0,0.0,0.0,369021.4372194136,0.0,10.313391410987862,0.0,1340.0,0.0,0.0,0.0,29679.3999998486,0.0,818.9999999999216,0.0,16559.649999899273,0.0,0.0,0.0,0.0,0.0,0.0,0.0,3311.9300000000057,0.0,165596.5,1.0,71.0,0.0,168908.42999999961,0.0,0.0,0.0,369021.4372194136
474,2021-04-19,2021,True,51.295890410958904,991,991,1071,282619.39126890287,1228.4498781417092,35394,16,0.0,0.8476219098674966,0.1421857246152257,0.16082873412622203,0.13640416401524308,0.38371308504561413,0.9644550958627649,0.0999268653065972,400765.0470975557,0,False,False,True,"{""0"":null,""1"":null,""2"":null,""3"":null}",991.0,469617.0,991.0,332184.0,991.0,332184.0,843.4319418047671,282619.39126890287,843.4319418047671,0.0,0.0,1228.4498781416914,370249.88709755527,0.0,10.313391410987862,4.0,1344.0,0.0,0.0,89.09999999870342,29768.499999847303,7.049999999998931,826.0499999999205,49.54999999927895,16609.199999898552,0.0,0.0,0.0,0.0,0.0,0.0,9.909999999999854,3321.8400000000056,495.5,166092.0,0.0,71.0,505.4100000000035,169413.83999999962,0.0,0.0,1228.4498781416914,370249.88709755527
475,2021-04-20,2021,True,51.298630136986304,991,991,1071,283462.82321070763,1165.6083119532632,35446,34,0.0,0.8556905727913613,0.12631262460458553,0.16078679002261337,0.13646883281810288,0.38371308504561413,0.9648738647830475,0.12683613579001068,401425.245409509,0,False,False,True,"{""0"":null,""1"":null,""2"":null,""3"":null}",991.0,470608.0,991.0,333175.0,991.0,333175.0,843.4319418047671,283462.82321070763,843.4319418047671,0.0,0.0,1165.608311953256,371415.4954095085,0.0,10.313391410987862,4.0,1348.0,0.0,0.0,89.09999999870342,29857.599999846007,0.0,826.0499999999205,49.54999999927895,16658.74999989783,0.0,0.0,0.0,0.0,0.0,0.0,9.909999999999854,3331.7500000000055,495.5,166587.5,0.0,71.0,505.4100000000035,169919.24999999962,0.0,0.0,1165.608311953256,371415.4954095085
476,2021-04-21,2021,True,51.3013698630137,991,991,1071,284306.2551525124,1132.145985634091,35535,49,0.0,0.8112457502728689,0.17338015448068675,0.16084136650980252,0.136541875786441,0.38371308504561413,0.9646972754793138,0.15183845247393218,402051.9813951431,0,False,False,True,"{""0"":null,""1"":null,""2"":null,""3"":null}",991.0,471599.0,991.0,334166.0,991.0,334166.0,843.4319418047671,284306.2551525124,843.4319418047671,0.0,0.0,1132.1459856340662,372547.6413951426,0.0,10.313391410987862,4.0,1352.0,0.0,0.0,89.09999999870342,29946.69999984471,0.0,826.0499999999205,49.54999999927895,16708.29999989711,0.0,0.0,0.0,0.0,0.0,0.0,9.909999999999854,3341.6600000000053,495.5,167083.0,0.0,71.0,505.4100000000035,170424.65999999963,0.0,0.0,1132.1459856340662,372547.6413951426
477,2021-04-22,2021,True,51.3041095890411,991,991,1071,285149.68709431717,1078.0430096782532,35652,47,0.14841733989939876,0.8335698645437175,0.1556403585560561,0.16082963913159187,0.136674652903835,0.38371308504561413,0.96470736629667,0.1749892097862802,402624.61440482136,0,False,False,True,"{""0"":null,""1"":null,""2"":null,""3"":null}",991.0,472590.0,991.0,335157.0,991.0,335157.0,843.4319418047671,285149.68709431717,843.4319418047671,0.0,0.0,1078.043009678251,373625.68440482084,0.14841733989939954,10.461808750887261,4.0,1356.0,0.0,0.0,89.09999999870342,30035.799999843413,2.399999999999636,828.4499999999201,49.54999999927895,16757.84999989639,0.0,0.0,0.0,0.0,0.0,0.0,9.909999999999854,3351.570000000005,495.5,167578.5,0.0,71.0,505.4100000000035,170930.06999999963,0.0,0.0,1078.043009678251,373625.68440482084
478,2021-04-23,2021,True,51.30684931506849,992,992,1072,285994.0575500359,1032.7227292813304,35760,44,0.06532168495358705,0.7913127139615009,0.19370244162542063,0.16073883082156445,0.13589818242401208,0.3836472553202913,0.9645614919354839,0.1963571102718388,403150.4171341027,0,False,False,True,"{""0"":null,""1"":null,""2"":null,""3"":null}",992.0,473582.0,992.0,336149.0,992.0,336149.0,844.3704557187157,285994.0575500359,844.3704557187157,0.0,0.0,1032.7227292813477,374658.4071341022,0.06532168495358626,10.527130435840848,4.0,1360.0,0.0,0.0,89.19999999870197,30124.999999842115,2.6999999999995907,831.1499999999197,49.599999999278225,16807.449999895667,0.0,0.0,0.0,0.0,0.0,0.0,9.920000000000073,3361.4900000000052,496.0,168074.5,1.0,72.0,505.9200000000128,171435.98999999964,0.0,0.0,1032.7227292813477,374658.4071341022
479,2021-04-24,2021,False,51.30958904109589,991,0,1072,285994.0575500359,0.0,34899,44,0.0,,,0.1606641327621241,0.13591046089278802,0.38371308504561413,0.9656054490413724,0.12123718295761596,403150.4171341027,0,False,False,True,"{""0"":null,""1"":null,""2"":null,""3"":null}",991.0,474573.0,0.0,336149.0,0.0,336149.0,0.0,285994.0575500359,0.0,0.0,0.0,0.0,374658.4071341022,0.0,10.527130435840848,0.0,1360.0,0.0,0.0,0.0,30124.999999842115,0.0,831.1499999999197,0.0,16807.449999895667,0.0,0.0,0.0,0.0,0.0,0.0,0.0,3361.4900000000052,0.0,168074.5,0.0,72.0,0.0,171435.98999999964,0.0,0.0,0.0,374658.4071341022
480,2021-04-25,2021,False,51.31232876712329,991,0,1072,285994.0575500359,0.0,34899,44,0.0,,,0.16066413276212413,0.13591046089278802,0.38371308504561413,0.9656054490413724,0.07158034986296091,403150.4171341027,0,False,False,True,"{""0"":null,""1"":null,""2"":null,""3"":null}",991.0,475564.0,0.0,336149.0,0.0,336149.0,0.0,285994.0575500359,0.0,0.0,0.0,0.0,374658.4071341022,0.0,10.527130435840848,0.0,1360.0,0.0,0.0,0.0,30124.999999842115,0.0,831.1499999999197,0.0,16807.449999895667,0.0,0.0,0.0,0.0,0.0,0.0,0.0,3361.4900000000052,0.0,168074.5,0.0,72.0,0.0,171435.98999999964,0.0,0.0,0.0,374658.4071341022
481,2021-04-26,2021,True,51.31506849315068,991,991,1072,286837.60213487217,1255.7796318933429,35887,18,0.0,0.8456057152732649,0.1547174988863143,0.1606641327621241,0.135910460892788,0.38371308504561413,0.9647426841574167,0.10055105779765036,403900.7867659961,0,False,False,True,"{""0"":null,""1"":null,""2"":null,""3"":null}",991.0,476555.0,991.0,337140.0,991.0,337140.0,843.544584836287,286837.60213487217,843.544584836287,0.0,0.0,1255.7796318933251,375914.1867659955,0.0,10.527130435840848,4.0,1364.0,0.0,0.0,89.09999999870342,30214.09999984082,6.5999999999989996,837.7499999999187,49.54999999927895,16856.999999894946,0.0,0.0,0.0,0.0,0.0,0.0,9.909999999999854,3371.400000000005,495.5,168570.0,0.0,72.0,505.4100000000035,171941.39999999964,0.0,0.0,1255.7796318933251,375914.1867659955
482,2021-04-27,2021,True,51.31780821917808,991,991,1072,287681.14671970846,1167.3592398936353,35943,38,0.0,0.8476259255383818,0.1424790665799519,0.160675327676035,0.13598913457637604,0.38371308504561413,0.9651614530776993,0.12757943248159911,404562.7360058897,0,False,False,True,"{""0"":null,""1"":null,""2"":null,""3"":null}",991.0,477546.0,991.0,338131.0,991.0,338131.0,843.544584836287,287681.14671970846,843.544584836287,0.0,0.0,1167.3592398936162,377081.54600588913,0.0,10.527130435840848,4.0,1368.0,0.0,0.0,89.09999999870342,30303.199999839522,0.0,837.7499999999187,49.54999999927895,16906.549999894225,0.0,0.0,0.0,0.0,0.0,0.0,9.909999999999854,3381.310000000005,495.5,169065.5,0.0,72.0,505.4100000000035,172446.80999999965,0.0,0.0,1167.3592398936162,377081.54600588913
483,2021-04-28,2021,True,51.320547945205476,991,991,1072,288524.69130454474,1136.181492907344,36045,51,0.0,0.8506297457034616,0.14827577079688534,0.16061169361845895,0.1360359815928144,0.38371308504561413,0.9653027245206862,0.15261558204745657,405193.5074987971,0,False,False,True,"{""0"":null,""1"":null,""2"":null,""3"":null}",991.0,478537.0,991.0,339122.0,991.0,339122.0,843.544584836287,288524.69130454474,843.544584836287,0.0,0.0,1136.1814929073444,378217.7274987965,0.0,10.527130435840848,4.0,1372.0,0.0,0.0,89.09999999870342,30392.299999838226,0.0,837.7499999999187,49.54999999927895,16956.099999893504,0.0,0.0,0.0,0.0,0.0,0.0,9.909999999999854,3391.220000000005,495.5,169561.0,0.0,72.0,505.4100000000035,172952.21999999965,0.0,0.0,1136.1814929073444,378217.7274987965
484,2021-04-29,2021,True,51.323287671232876,991,991,1073,289368.2310545119,1070.6317698739865,36144,49,0.0,0.8193727961342563,0.1783091922655284,0.16027872098771864,0.13486981863244996,0.3833991630586562,0.9648486377396569,0.17539318398080983,405757.7292686711,0,False,False,True,"{""0"":null,""1"":null,""2"":null,""3"":null}",991.0,479528.0,991.0,340113.0,991.0,340113.0,843.5397499671672,289368.2310545119,843.5397499671672,0.0,0.0,1070.6317698739585,379288.35926867044,0.0,10.527130435840848,4.0,1376.0,0.0,0.0,89.09999999870342,30481.39999983693,2.6999999999995907,840.4499999999183,49.54999999927895,17005.649999892783,0.0,0.0,0.0,0.0,0.0,0.0,9.909999999999854,3401.1300000000047,495.5,170056.5,1.0,73.0,505.4100000000035,173457.62999999966,0.0,0.0,1070.6317698739585,379288.35926867044
485,2021-04-30,2021,True,51.326027397260276,991,991,1073,290211.7708044791,998.1678364261583,36255,46,0.23488807252337382,0.8203808606503853,0.17169139085205137,0.1602478145739943,0.134972002581489,0.3833991630586562,0.964656912209889,0.19673833645555225,406250.4871050973,0,False,False,True,"{""0"":null,""1"":null,""2"":null,""3"":null}",991.0,480519.0,991.0,341104.0,991.0,341104.0,843.5397499671672,290211.7708044791,843.5397499671672,0.0,0.0,998.1678364261752,380286.5271050966,0.23488807252337374,10.762018508364221,4.0,1380.0,0.0,0.0,89.09999999870342,30570.499999835632,2.9999999999995453,843.4499999999178,49.54999999927895,17055.199999892062,0.0,0.0,0.0,0.0,0.0,0.0,9.909999999999854,3411.0400000000045,495.5,170552.0,0.0,73.0,505.4100000000035,173963.03999999966,0.0,0.0,998.1678364261752,380286.5271050966
486,2021-05-01,2021,False,51.32876712328767,991,0,1073,290211.7708044791,0.0,35399,46,0.0,,,0.16025919093656965,0.13502820292340256,0.3833991630586562,0.9656256306760848,0.1215059630548246,406250.4871050973,0,False,False,True,"{""0"":null,""1"":null,""2"":null,""3"":null}",991.0,481510.0,0.0,341104.0,0.0,341104.0,0.0,290211.7708044791,0.0,0.0,0.0,0.0,380286.5271050966,0.0,10.762018508364221,0.0,1380.0,0.0,0.0,0.0,30570.499999835632,0.0,843.4499999999178,0.0,17055.199999892062,0.0,0.0,0.0,0.0,0.0,0.0,0.0,3411.0400000000045,0.0,170552.0,0.0,73.0,0.0,173963.03999999966,0.0,0.0,0.0,380286.5271050966
487,2021-05-02,2021,False,51.33150684931507,991,0,1073,290211.7708044791,0.0,35399,46,0.0,,,0.16025919093656965,0.13502820292340256,0.3833991630586562,0.9656256306760848,0.07186834399384696,406250.4871050973,0,False,False,True,"{""0"":null,""1"":null,""2"":null,""3"":null}",991.0,482501.0,0.0,341104.0,0.0,341104.0,0.0,290211.7708044791,0.0,0.0,0.0,0.0,380286.5271050966,0.0,10.762018508364221,0.0,1380.0,0.0,0.0,0.0,30570.499999835632,0.0,843.4499999999178,0.0,17055.199999892062,0.0,0.0,0.0,0.0,0.0,0.0,0.0,3411.0400000000045,0.0,170552.0,0.0,73.0,0.0,173963.03999999966,0.0,0.0,0.0,380286.5271050966
488,2021-05-03,2021,True,51.33424657534247,991,991,1073,291055.31055444625,1228.0498537183869,36385,17,0.0,0.8425541987723651,0.14291628764023978,0.16025919093656965,0.13502820292340256,0.3833991630586562,0.9646619576185671,0.10080370080223407,406973.1269588157,0,False,False,True,"{""0"":null,""1"":null,""2"":null,""3"":null}",991.0,483492.0,991.0,342095.0,991.0,342095.0,843.5397499671672,291055.31055444625,843.5397499671672,0.0,0.0,1228.049853718374,381514.576958815,0.0,10.762018508364221,4.0,1384.0,0.0,0.0,89.09999999870342,30659.599999834336,6.899999999998954,850.3499999999168,49.54999999927895,17104.74999989134,0.0,0.0,0.0,0.0,0.0,0.0,9.909999999999854,3420.9500000000044,495.5,171047.5,0.0,73.0,505.4100000000035,174468.44999999966,0.0,0.0,1228.049853718374,381514.576958815
489,2021-05-04,2021,True,51.33698630136986,990,990,1073,291897.85612869525,1177.7521524929668,36442,37,0.0,0.8393899160765801,0.1487640252454418,0.16030738844773196,0.1351506299991998,0.38338856486390954,0.9648939393939394,0.12784395230935908,407645.97911130864,0,False,False,True,"{""0"":null,""1"":null,""2"":null,""3"":null}",990.0,484482.0,990.0,343085.0,990.0,343085.0,842.5455742490012,291897.85612869525,842.5455742490012,0.0,0.0,1177.7521524929907,382692.329111308,0.0,10.762018508364221,4.0,1388.0,0.0,0.0,88.99999999870488,30748.59999983304,0.0,850.3499999999168,49.49999999927968,17154.24999989062,0.0,0.0,0.0,0.0,0.0,0.0,9.900000000000091,3430.8500000000045,495.0,171542.5,0.0,73.0,504.8999999999942,174973.34999999966,0.0,0.0,1177.7521524929907,382692.329111308
490,2021-05-05,2021,True,51.33972602739726,990,990,1073,292740.40170294425,1122.1369387031905,36535,52,0.0,0.827227576711251,0.17697522206638616,0.16025201362214406,0.13519352020231742,0.38338856486390954,0.9647424242424243,0.15292314005670346,408263.2160500118,0,False,False,True,"{""0"":null,""1"":null,""2"":null,""3"":null}",990.0,485472.0,990.0,344075.0,990.0,344075.0,842.5455742490012,292740.40170294425,842.5455742490012,0.0,0.0,1122.1369387031882,383814.46605001116,0.0,10.762018508364221,4.0,1392.0,0.0,0.0,88.99999999870488,30837.599999831746,0.0,850.3499999999168,49.49999999927968,17203.7499998899,0.0,0.0,0.0,0.0,0.0,0.0,9.900000000000091,3440.7500000000045,495.0,172037.5,0.0,73.0,504.8999999999942,175478.24999999965,0.0,0.0,1122.1369387031882,383814.46605001116
491,2021-05-06,2021,True,51.342465753424655,990,990,1073,293582.94727719325,1073.6631096787016,36659,54,0.0,0.822162667191188,0.1696820944366526,0.16022432544029258,0.13522274510504423,0.38338856486390954,0.964919191919192,0.1761368720614665,408831.9791596905,0,False,False,True,"{""0"":null,""1"":null,""2"":null,""3"":null}",990.0,486462.0,990.0,345065.0,990.0,345065.0,842.5455742490012,293582.94727719325,842.5455742490012,0.0,0.0,1073.6631096787169,384888.1291596899,0.0,10.762018508364221,4.0,1396.0,0.0,0.0,88.99999999870488,30926.59999983045,2.5499999999996135,852.8999999999164,49.49999999927968,17253.24999988918,0.0,0.0,0.0,0.0,0.0,0.0,9.900000000000091,3450.6500000000046,495.0,172532.5,0.0,73.0,504.8999999999942,175983.14999999964,0.0,0.0,1073.6631096787169,384888.1291596899
492,2021-05-07,2021,True,51.345205479452055,990,990,1073,294425.49285144225,1028.02086625114,36760,48,0.0,0.8050173747705218,0.20089118747078072,0.1602282272867961,0.13531975665068213,0.38338856486390954,0.9650858585858585,0.19751008808354098,409355.1000259416,0,False,False,True,"{""0"":null,""1"":null,""2"":null,""3"":null}",990.0,487452.0,990.0,346055.0,990.0,346055.0,842.5455742490012,294425.49285144225,842.5455742490012,0.0,0.0,1028.0208662511432,385916.150025941,0.0,10.762018508364221,4.0,1400.0,0.0,0.0,88.99999999870488,31015.599999829155,2.9999999999995453,855.899999999916,49.49999999927968,17302.74999988846,0.0,0.0,0.0,0.0,0.0,0.0,9.900000000000091,3460.5500000000047,495.0,173027.5,0.0,73.0,504.8999999999942,176488.04999999964,0.0,0.0,1028.0208662511432,385916.150025941
493,2021-05-08,2021,False,51.347945205479455,991,0,1074,294425.49285144225,0.0,35899,48,0.0,,,0.16011014987361627,0.13464038691247016,0.3833991630586562,0.9658577194752774,0.12217134764223928,409354.1000259416,0,False,False,True,"{""0"":null,""1"":null,""2"":null,""3"":null}",991.0,488443.0,0.0,346055.0,0.0,346055.0,0.0,294425.49285144225,0.0,0.0,0.0,0.0,385916.150025941,0.0,10.762018508364221,0.0,1400.0,0.0,0.0,0.0,31015.599999829155,0.0,855.899999999916,0.0,17302.74999988846,0.0,0.0,0.0,0.0,0.0,0.0,0.0,3460.5500000000047,0.0,173027.5,1.0,74.0,0.0,176488.04999999964,0.0,0.0,0.0,385916.150025941
494,2021-05-09,2021,False,51.35068493150685,992,0,1075,294425.49285144225,0.0,35899,48,0.0,,,0.160216050656297,0.13412116112408182,0.3836472553202913,0.9655897177419355,0.07251480430864479,409353.1000259416,0,False,False,True,"{""0"":null,""1"":null,""2"":null,""3"":null}",992.0,489435.0,0.0,346055.0,0.0,346055.0,0.0,294425.49285144225,0.0,0.0,0.0,0.0,385916.150025941,0.0,10.762018508364221,0.0,1400.0,0.0,0.0,0.0,31015.599999829155,0.0,855.899999999916,0.0,17302.74999988846,0.0,0.0,0.0,0.0,0.0,0.0,0.0,3460.5500000000047,0.0,173027.5,1.0,75.0,0.0,176488.04999999964,0.0,0.0,0.0,385916.150025941
495,2021-05-10,2021,True,51.35342465753425,992,992,1075,295269.76408517297,1268.7480790236261,36872,23,0.0,0.846809580623657,0.15428659190585697,0.160216050656297,0.13412116112408184,0.3836472553202913,0.9643649193548387,0.10150035462844463,410115.92810496525,0,False,False,True,"{""0"":null,""1"":null,""2"":null,""3"":null}",992.0,490427.0,992.0,347047.0,992.0,347047.0,844.2712337307166,295269.76408517297,844.2712337307166,0.0,0.0,1268.748079023615,387184.89810496464,0.0,10.762018508364221,4.0,1404.0,0.0,0.0,89.19999999870197,31104.799999827857,7.199999999998909,863.0999999999149,49.599999999278225,17352.349999887738,0.0,0.0,0.0,0.0,0.0,0.0,9.920000000000073,3470.470000000005,496.0,173523.5,0.0,75.0,505.9200000000128,176993.96999999965,0.0,0.0,1268.748079023615,387184.89810496464
496,2021-05-11,2021,True,51.35616438356164,992,992,1075,296114.0353189037,1192.1289487432257,36943,40,0.0,0.8386758802219456,0.15137123073986436,0.1601586936701213,0.13414382444660602,0.3836472553202913,0.9647631048387096,0.12855670840232258,410802.1370537085,0,False,False,True,"{""0"":null,""1"":null,""2"":null,""3"":null}",992.0,491419.0,992.0,348039.0,992.0,348039.0,844.2712337307166,296114.0353189037,844.2712337307166,0.0,0.0,1192.1289487432223,388377.02705370786,0.0,10.762018508364221,4.0,1408.0,0.0,0.0,89.19999999870197,31193.99999982656,0.0,863.0999999999149,49.599999999278225,17401.949999887016,0.0,0.0,0.0,0.0,0.0,0.0,9.920000000000073,3480.390000000005,496.0,174019.5,0.0,75.0,505.9200000000128,177499.88999999966,0.0,0.0,1192.1289487432223,388377.02705370786
497,2021-05-12,2021,True,51.35890410958904,992,992,1075,296958.3065526344,1108.827614934284,37038,61,0.0,0.8336843357496855,0.16289434124912633,0.16012318664784508,0.13422324733364938,0.3836472553202913,0.9648034274193549,0.15364971407875758,411405.0446686428,0,False,False,True,"{""0"":null,""1"":null,""2"":null,""3"":null}",992.0,492411.0,992.0,349031.0,992.0,349031.0,844.2712337307166,296958.3065526344,844.2712337307166,0.0,0.0,1108.8276149343,389485.85466864216,0.0,10.762018508364221,4.0,1412.0,0.0,0.0,89.19999999870197,31283.19999982526,0.0,863.0999999999149,49.599999999278225,17451.549999886294,0.0,0.0,0.0,0.0,0.0,0.0,9.920000000000073,3490.310000000005,496.0,174515.5,0.0,75.0,505.9200000000128,178005.80999999968,0.0,0.0,1108.8276149343,389485.85466864216
498,2021-05-13,2021,True,51.36164383561644,991,991,1075,297801.82471844065,1064.8743942193585,37164,50,0.0,0.8274169060989944,0.16440067175145198,0.1599190948608911,0.13390594821213184,0.3833991630586562,0.9649545913218971,0.1768312063254298,411964.5090628622,0,False,False,True,"{""0"":null,""1"":null,""2"":null,""3"":null}",991.0,493402.0,991.0,350022.0,991.0,350022.0,843.5181658062502,297801.82471844065,843.5181658062502,0.0,0.0,1064.8743942193687,390550.72906286153,0.0,10.762018508364221,4.0,1416.0,0.0,0.0,89.09999999870342,31372.299999823965,3.449999999999477,866.5499999999143,49.54999999927895,17501.099999885573,0.0,0.0,0.0,0.0,0.0,0.0,9.909999999999854,3500.220000000005,495.5,175011.0,0.0,75.0,505.4100000000035,178511.21999999968,0.0,0.0,1064.8743942193687,390550.72906286153
499,2021-05-14,2021,True,51.364383561643834,991,991,1075,298645.3428842469,1038.6845822753094,37266,47,0.0,0.8143406360193287,0.1856185711286824,0.15992999580974304,0.13403108116237142,0.3833991630586562,0.9653077699293643,0.19815831064388326,412497.78364513756,0,False,False,True,"{""0"":null,""1"":null,""2"":null,""3"":null}",991.0,494393.0,991.0,351013.0,991.0,351013.0,843.5181658062502,298645.3428842469,843.5181658062502,0.0,0.0,1038.6845822753385,391589.41364513687,0.0,10.762018508364221,4.0,1420.0,0.0,0.0,89.09999999870342,31461.399999822668,2.5499999999996135,869.099999999914,49.54999999927895,17550.649999884852,0.0,0.0,0.0,0.0,0.0,0.0,9.909999999999854,3510.1300000000047,495.5,175506.5,0.0,75.0,505.4100000000035,179016.62999999968,0.0,0.0,1038.6845822753385,391589.41364513687
500,2021-05-15,2021,False,51.367123287671234,991,0,1075,298645.3428842469,0.0,36399,47,0.0,,,0.15997390324390592,0.13414175589718294,0.3833991630586562,0.9661402623612513,0.12294934619725312,412497.78364513756,0,False,False,True,"{""0"":null,""1"":null,""2"":null,""3"":null}",991.0,495384.0,0.0,351013.0,0.0,351013.0,0.0,298645.3428842469,0.0,0.0,0.0,0.0,391589.41364513687,0.0,10.762018508364221,0.0,1420.0,0.0,0.0,0.0,31461.399999822668,0.0,869.099999999914,0.0,17550.649999884852,0.0,0.0,0.0,0.0,0.0,0.0,0.0,3510.1300000000047,0.0,175506.5,0.0,75.0,0.0,179016.62999999968,0.0,0.0,0.0,391589.41364513687
501,2021-05-16,2021,False,51.36986301369863,991,0,1075,298645.3428842469,0.0,36399,47,0.0,,,0.15997390324390592,0.13414175589718294,0.3833991630586562,0.9661402623612513,0.07315191412832009,412497.78364513756,0,False,False,True,"{""0"":null,""1"":null,""2"":null,""3"":null}",991.0,496375.0,0.0,351013.0,0.0,351013.0,0.0,298645.3428842469,0.0,0.0,0.0,0.0,391589.41364513687,0.0,10.762018508364221,0.0,1420.0,0.0,0.0,0.0,31461.399999822668,0.0,869.099999999914,0.0,17550.649999884852,0.0,0.0,0.0,0.0,0.0,0.0,0.0,3510.1300000000047,0.0,175506.5,0.0,75.0,0.0,179016.62999999968,0.0,0.0,0.0,391589.41364513687
502,2021-05-17,2021,True,51.37260273972603,991,991,1075,299488.86105005315,1212.7694517473244,37377,18,0.0994863453527805,0.8294493600626878,0.15930247475100878,0.15997390324390592,0.13414175589718294,0.3833991630586562,0.9651765893037336,0.10206229593751152,413205.1430968849,0,False,False,True,"{""0"":null,""1"":null,""2"":null,""3"":null}",991.0,497366.0,991.0,352004.0,991.0,352004.0,843.5181658062502,299488.86105005315,843.5181658062502,0.0,0.0,1212.7694517472992,392802.18309688417,0.09948634535277989,10.861504853717001,4.0,1424.0,0.0,0.0,89.09999999870342,31550.49999982137,7.049999999998931,876.1499999999129,49.54999999927895,17600.19999988413,0.0,0.0,0.0,0.0,0.0,0.0,9.909999999999854,3520.0400000000045,495.5,176002.0,0.0,75.0,505.4100000000035,179522.0399999997,0.0,0.0,1212.7694517472992,392802.18309688417
503,2021-05-18,2021,True,51.37534246575343,991,991,1075,300332.3792158594,1181.31943797898,37430,37,0.0,0.8476149275173044,0.15575420427775055,0.159953796923666,0.13416579985333782,0.3833991630586562,0.9649646821392532,0.12897328471917346,413881.0525348639,0,False,False,True,"{""0"":null,""1"":null,""2"":null,""3"":null}",991.0,498357.0,991.0,352995.0,991.0,352995.0,843.5181658062502,300332.3792158594,843.5181658062502,0.0,0.0,1181.3194379789638,393983.50253486313,0.0,10.861504853717001,4.0,1428.0,0.0,0.0,89.09999999870342,31639.599999820075,0.0,876.1499999999129,49.54999999927895,17649.74999988341,0.0,0.0,0.0,0.0,0.0,0.0,9.909999999999854,3529.9500000000044,495.5,176497.5,0.0,75.0,505.4100000000035,180027.4499999997,0.0,0.0,1181.3194379789638,393983.50253486313
504,2021-05-19,2021,True,51.37808219178082,990,990,1075,301174.99006443674,1139.3796410876262,37536,58,0.0,0.8464762635496931,0.14149464698061717,0.15979764500419885,0.13419233123469357,0.38346499278397894,0.9646363636363636,0.153971914688192,414515.53217595146,0,False,False,True,"{""0"":null,""1"":null,""2"":null,""3"":null}",990.0,499347.0,990.0,353985.0,990.0,353985.0,842.6108485773439,301174.99006443674,842.6108485773439,0.0,0.0,1139.3796410876093,395122.88217595074,0.0,10.861504853717001,4.0,1432.0,0.0,0.0,88.99999999870488,31728.59999981878,0.0,876.1499999999129,49.49999999927968,17699.24999988269,0.0,0.0,0.0,0.0,0.0,0.0,9.900000000000091,3539.8500000000045,495.0,176992.5,0.0,75.0,504.8999999999942,180532.3499999997,0.0,0.0,1139.3796410876093,395122.88217595074
505,2021-05-20,2021,True,51.38082191780822,990,990,1075,302017.6009130141,1084.649792850108,37663,56,0.0,0.8212379195507379,0.17327805378676556,0.15969936751082234,0.13429783973587112,0.38346499278397894,0.9648787878787879,0.17706656247551686,415095.2819688016,0,False,False,True,"{""0"":null,""1"":null,""2"":null,""3"":null}",990.0,500337.0,990.0,354975.0,990.0,354975.0,842.6108485773439,302017.6009130141,842.6108485773439,0.0,0.0,1084.649792850134,396207.5319688009,0.0,10.861504853717001,4.0,1436.0,0.0,0.0,88.99999999870488,31817.599999817485,2.6999999999995907,878.8499999999125,49.49999999927968,17748.74999988197,0.0,0.0,0.0,0.0,0.0,0.0,9.900000000000091,3549.7500000000045,495.0,177487.5,0.0,75.0,504.8999999999942,181037.24999999968,0.0,0.0,1084.649792850134,396207.5319688009
506,2021-05-21,2021,True,51.38356164383562,991,991,1076,302861.09664514224,1025.9558942040544,37770,52,0.0847276529857798,0.8325062034739454,0.16939857252816454,0.15964116358715022,0.13355596986579182,0.3833991630586562,0.9649646821392532,0.1983787681437232,415614.82786300563,0,False,False,True,"{""0"":null,""1"":null,""2"":null,""3"":null}",991.0,501328.0,991.0,355966.0,991.0,355966.0,843.4957321281545,302861.09664514224,843.4957321281545,0.0,0.0,1025.9558942040312,397233.4878630049,0.08472765298578011,10.946232506702781,4.0,1440.0,0.0,0.0,89.09999999870342,31906.69999981619,2.849999999999568,881.699999999912,49.54999999927895,17798.29999988125,0.0,0.0,0.0,0.0,0.0,0.0,9.909999999999854,3559.6600000000044,495.5,177983.0,1.0,76.0,505.4100000000035,181542.65999999968,0.0,0.0,1025.9558942040312,397233.4878630049
507,2021-05-22,2021,False,51.38630136986301,991,0,1076,302861.09664514224,0.0,36899,52,0.0,,,0.15951138816853008,0.13355372406391205,0.3833991630586562,0.9659485368314833,0.12318413706995707,415614.82786300563,0,False,False,True,"{""0"":null,""1"":null,""2"":null,""3"":null}",991.0,502319.0,0.0,355966.0,0.0,355966.0,0.0,302861.09664514224,0.0,0.0,0.0,0.0,397233.4878630049,0.0,10.946232506702781,0.0,1440.0,0.0,0.0,0.0,31906.69999981619,0.0,881.699999999912,0.0,17798.29999988125,0.0,0.0,0.0,0.0,0.0,0.0,0.0,3559.6600000000044,0.0,177983.0,0.0,76.0,0.0,181542.65999999968,0.0,0.0,0.0,397233.4878630049
508,2021-05-23,2021,False,51.38904109589041,991,0,1076,302861.09664514224,0.0,36899,52,0.0,,,0.15951138816853005,0.13355372406391205,0.3833991630586562,0.9659485368314833,0.07337146303153182,415614.82786300563,0,False,False,True,"{""0"":null,""1"":null,""2"":null,""3"":null}",991.0,503310.0,0.0,355966.0,0.0,355966.0,0.0,302861.09664514224,0.0,0.0,0.0,0.0,397233.4878630049,0.0,10.946232506702781,0.0,1440.0,0.0,0.0,0.0,31906.69999981619,0.0,881.699999999912,0.0,17798.29999988125,0.0,0.0,0.0,0.0,0.0,0.0,0.0,3559.6600000000044,0.0,177983.0,0.0,76.0,0.0,181542.65999999968,0.0,0.0,0.0,397233.4878630049
509,2021-05-24,2021,True,51.391780821917806,991,991,1076,303704.5923772704,1245.2178376726997,37883,15,0.0,0.858768936920465,0.13756385137499128,0.15951138816853005,0.13355372406391203,0.3833991630586562,0.965045408678103,0.10233974803139725,416354.63570067834,0,False,False,True,"{""0"":null,""1"":null,""2"":null,""3"":null}",991.0,504301.0,991.0,356957.0,991.0,356957.0,843.4957321281545,303704.5923772704,843.4957321281545,0.0,0.0,1245.2178376726806,398478.7057006776,0.0,10.946232506702781,4.0,1444.0,0.0,0.0,89.09999999870342,31995.79999981489,7.799999999998818,889.4999999999109,49.54999999927895,17847.849999880527,0.0,0.0,0.0,0.0,0.0,0.0,9.909999999999854,3569.5700000000043,495.5,178478.5,0.0,76.0,505.4100000000035,182048.0699999997,0.0,0.0,1245.2178376726806,398478.7057006776
510,2021-05-25,2021,True,51.394520547945206,991,991,1076,304548.08810939855,1185.5355728092502,37924,27,0.0,0.8305023181402638,0.16995486669932125,0.1595534953025406,0.13362582512688576,0.3833991630586562,0.9649344096871847,0.12927540540738544,417034.7612734876,0,False,False,True,"{""0"":null,""1"":null,""2"":null,""3"":null}",991.0,505292.0,991.0,357948.0,991.0,357948.0,843.4957321281545,304548.08810939855,843.4957321281545,0.0,0.0,1185.5355728092254,399664.2412734868,0.0,10.946232506702781,4.0,1448.0,0.0,0.0,89.09999999870342,32084.899999813595,0.0,889.4999999999109,49.54999999927895,17897.399999879806,0.0,0.0,0.0,0.0,0.0,0.0,9.909999999999854,3579.480000000004,495.5,178974.0,0.0,76.0,505.4100000000035,182553.4799999997,0.0,0.0,1185.5355728092254,399664.2412734868
511,2021-05-26,2021,True,51.397260273972606,991,991,1076,305391.5838415267,1142.1424039315361,38030,46,0.0,0.8132672717774585,0.1755364681734425,0.15948227776110574,0.13362548364476837,0.3833991630586562,0.964656912209889,0.15421421523948936,417671.49367741914,0,False,False,True,"{""0"":null,""1"":null,""2"":null,""3"":null}",991.0,506283.0,991.0,358939.0,991.0,358939.0,843.4957321281545,305391.5838415267,843.4957321281545,0.0,0.0,1142.1424039315316,400806.38367741834,0.0,10.946232506702781,4.0,1452.0,0.0,0.0,89.09999999870342,32173.9999998123,0.0,889.4999999999109,49.54999999927895,17946.949999879085,0.0,0.0,0.0,0.0,0.0,0.0,9.909999999999854,3589.390000000004,495.5,179469.5,0.0,76.0,505.4100000000035,183058.8899999997,0.0,0.0,1142.1424039315316,400806.38367741834
512,2021-05-27,2021,True,51.4,991,991,1076,306235.07957365486,1075.9981091018665,38155,48,0.2281782567335321,0.8234295415959253,0.17910631399715438,0.1594160933832876,0.13368060096881518,0.3833991630586562,0.9647880928355197,0.17723253499785263,418242.081786521,0,False,False,True,"{""0"":null,""1"":null,""2"":null,""3"":null}",991.0,507274.0,991.0,359930.0,991.0,359930.0,843.4957321281545,306235.07957365486,843.4957321281545,0.0,0.0,1075.9981091018417,401882.3817865202,0.22817825673353198,11.174410763436313,4.0,1456.0,0.0,0.0,89.09999999870342,32263.099999811002,2.249999999999659,891.7499999999105,49.54999999927895,17996.499999878364,0.0,0.0,0.0,0.0,0.0,0.0,9.909999999999854,3599.300000000004,495.5,179965.0,0.0,76.0,505.4100000000035,183564.2999999997,0.0,0.0,1075.9981091018417,401882.3817865202
513,2021-05-28,2021,True,51.4027397260274,991,991,1076,307078.575305783,1058.1385143053444,38238,61,0.0,0.8203971855818206,0.1688562731789238,0.1594374673823621,0.13378483990768553,0.3833991630586562,0.9647376387487386,0.1985436044316911,418794.8103008264,0,False,False,True,"{""0"":null,""1"":null,""2"":null,""3"":null}",991.0,508265.0,991.0,360921.0,991.0,360921.0,843.4957321281545,307078.575305783,843.4957321281545,0.0,0.0,1058.1385143053485,402940.52030082553,0.0,11.174410763436313,4.0,1460.0,0.0,0.0,89.09999999870342,32352.199999809705,1.7999999999997272,893.5499999999103,49.54999999927895,18046.049999877643,0.0,0.0,0.0,0.0,0.0,0.0,9.909999999999854,3609.2100000000037,495.5,180460.5,0.0,76.0,505.4100000000035,184069.7099999997,0.0,0.0,1058.1385143053485,402940.52030082553
514,2021-05-29,2021,False,51.40547945205479,991,0,1076,307078.575305783,0.0,37399,61,0.0,,,0.15946886386925602,0.13392864670766627,0.3833991630586562,0.9659233097880928,0.12338305298433552,418794.8103008264,0,False,False,True,"{""0"":null,""1"":null,""2"":null,""3"":null}",991.0,509256.0,0.0,360921.0,0.0,360921.0,0.0,307078.575305783,0.0,0.0,0.0,0.0,402940.52030082553,0.0,11.174410763436313,0.0,1460.0,0.0,0.0,0.0,32352.199999809705,0.0,893.5499999999103,0.0,18046.049999877643,0.0,0.0,0.0,0.0,0.0,0.0,0.0,3609.2100000000037,0.0,180460.5,0.0,76.0,0.0,184069.7099999997,0.0,0.0,0.0,402940.52030082553
515,2021-05-30,2021,False,51.40821917808219,991,0,1076,307078.575305783,0.0,37399,61,0.0,,,0.15946886386925602,0.13392864670766624,0.3833991630586562,0.9659233097880928,0.07355648135556832,418794.8103008264,0,False,False,True,"{""0"":null,""1"":null,""2"":null,""3"":null}",991.0,510247.0,0.0,360921.0,0.0,360921.0,0.0,307078.575305783,0.0,0.0,0.0,0.0,402940.52030082553,0.0,11.174410763436313,0.0,1460.0,0.0,0.0,0.0,32352.199999809705,0.0,893.5499999999103,0.0,18046.049999877643,0.0,0.0,0.0,0.0,0.0,0.0,0.0,3609.2100000000037,0.0,180460.5,0.0,76.0,0.0,184069.7099999997,0.0,0.0,0.0,402940.52030082553
516,2021-05-31,2021,True,51.41095890410959,992,992,1077,307922.8554014436,1278.5283900436248,38400,14,0.0,0.8578629032258065,0.13413978494623657,0.1594274287523538,0.13311038424054927,0.38333333333333336,0.9646421370967742,0.10253403886843432,419566.41869087005,0,False,False,True,"{""0"":null,""1"":null,""2"":null,""3"":null}",992.0,511239.0,992.0,361913.0,992.0,361913.0,844.2800956605934,307922.8554014436,844.2800956605934,0.0,0.0,1278.528390043648,404219.0486908692,0.0,11.174410763436313,4.0,1464.0,0.0,0.0,89.19999999870197,32441.399999808407,9.149999999998613,902.6999999999089,49.599999999278225,18095.64999987692,0.0,0.0,0.0,0.0,0.0,0.0,9.920000000000073,3619.1300000000037,496.0,180956.5,1.0,77.0,505.9200000000128,184575.6299999997,0.0,0.0,1278.528390043648,404219.0486908692
517,2021-06-01,2021,True,51.413698630136984,992,992,1077,308767.1354971042,1191.7874603578546,38432,26,0.3303222526924922,0.8326612903225807,0.1672043010752688,0.15933528834267519,0.13308962473835728,0.38333333333333336,0.96484375,0.12947676848947948,420252.28615122795,0,False,False,True,"{""0"":null,""1"":null,""2"":null,""3"":null}",992.0,512231.0,992.0,362905.0,992.0,362905.0,844.2800956605934,308767.1354971042,844.2800956605934,0.0,0.0,1191.787460357882,405410.83615122706,0.3303222526924916,11.504733016128805,4.0,1468.0,0.0,0.0,89.19999999870197,32530.59999980711,0.0,902.6999999999089,49.599999999278225,18145.2499998762,0.0,0.0,0.0,0.0,0.0,0.0,9.920000000000073,3629.050000000004,496.0,181452.5,0.0,77.0,505.9200000000128,185081.54999999973,0.0,0.0,1191.787460357882,405410.83615122706
518,2021-06-02,2021,True,51.416438356164385,992,992,1077,309611.4155927648,1142.1096959584818,38515,42,0.28083877335324064,0.842741935483871,0.14543010752688174,0.15934674084912454,0.13317955683245605,0.38333333333333336,0.9641885080645162,0.15451955085253863,420888.47584718646,0,False,False,True,"{""0"":null,""1"":null,""2"":null,""3"":null}",992.0,513223.0,992.0,363897.0,992.0,363897.0,844.2800956605934,309611.4155927648,844.2800956605934,0.0,0.0,1142.1096959584975,406552.94584718556,0.28083877335324026,11.785571789482045,4.0,1472.0,0.0,0.0,89.19999999870197,32619.79999980581,0.0,902.6999999999089,49.599999999278225,18194.849999875478,0.0,0.0,0.0,0.0,0.0,0.0,9.920000000000073,3638.970000000004,496.0,181948.5,0.0,77.0,505.9200000000128,185587.46999999974,0.0,0.0,1142.1096959584975,406552.94584718556
519,2021-06-03,2021,True,51.41917808219178,993,993,1078,310456.4901858608,1068.0017891815257,38651,50,0.0,0.8187184220753984,0.17523416837023437,0.15939003389869016,0.13271304945667753,0.3835814255949685,0.963816717019134,0.1774985185811945,421449.047636368,0,False,False,True,"{""0"":null,""1"":null,""2"":null,""3"":null}",993.0,514216.0,993.0,364890.0,993.0,364890.0,845.074593095982,310456.4901858608,845.074593095982,0.0,0.0,1068.0017891815514,407620.9476363671,0.0,11.785571789482045,4.0,1476.0,0.0,0.0,89.29999999870051,32709.09999980451,2.0999999999996817,904.7999999999086,49.6499999992775,18244.499999874755,0.0,0.0,0.0,0.0,0.0,0.0,9.929999999999836,3648.9000000000037,496.5,182445.0,1.0,78.0,506.429999999993,186093.89999999973,0.0,0.0,1068.0017891815514,407620.9476363671
520,2021-06-04,2021,True,51.42191780821918,993,993,1078,311301.56477895676,1057.9019901118156,38751,49,0.0,0.8197143412359114,0.16877100585565297,0.15932340299858497,0.13278082737095895,0.3835814255949685,0.9641238670694864,0.19869293552806042,422000.5196264798,0,False,False,True,"{""0"":null,""1"":null,""2"":null,""3"":null}",993.0,515209.0,993.0,365883.0,993.0,365883.0,845.074593095982,311301.56477895676,845.074593095982,0.0,0.0,1057.9019901118008,408678.8496264789,0.0,11.785571789482045,4.0,1480.0,0.0,0.0,89.29999999870415,32798.399999803216,1.7999999999997272,906.5999999999083,49.6499999992775,18294.149999874033,0.0,0.0,0.0,0.0,0.0,0.0,9.929999999999836,3658.8300000000036,496.5,182941.5,0.0,78.0,506.429999999993,186600.32999999973,0.0,0.0,1057.9019901118008,408678.8496264789
521,2021-06-05,2021,False,51.42465753424658,992,0,1078,311301.56477895676,0.0,37899,49,0.0,,,0.15926108719910093,0.13285087878660168,0.3836472553202913,0.9653780241935483,0.12369308541205536,422000.5196264798,0,False,False,True,"{""0"":null,""1"":null,""2"":null,""3"":null}",992.0,516201.0,0.0,365883.0,0.0,365883.0,0.0,311301.56477895676,0.0,0.0,0.0,0.0,408678.8496264789,0.0,11.785571789482045,0.0,1480.0,0.0,0.0,0.0,32798.399999803216,0.0,906.5999999999083,0.0,18294.149999874033,0.0,0.0,0.0,0.0,0.0,0.0,0.0,3658.8300000000036,0.0,182941.5,0.0,78.0,0.0,186600.32999999973,0.0,0.0,0.0,408678.8496264789
522,2021-06-06,2021,False,51.42739726027397,992,0,1078,311301.56477895676,0.0,37899,49,0.0,,,0.15926108719910093,0.13285087878660168,0.3836472553202913,0.9653780241935483,0.07388346354521093,422000.5196264798,0,False,False,True,"{""0"":null,""1"":null,""2"":null,""3"":null}",992.0,517193.0,0.0,365883.0,0.0,365883.0,0.0,311301.56477895676,0.0,0.0,0.0,0.0,408678.8496264789,0.0,11.785571789482045,0.0,1480.0,0.0,0.0,0.0,32798.399999803216,0.0,906.5999999999083,0.0,18294.149999874033,0.0,0.0,0.0,0.0,0.0,0.0,0.0,3658.8300000000036,0.0,182941.5,0.0,78.0,0.0,186600.32999999973,0.0,0.0,0.0,408678.8496264789
523,2021-06-07,2021,True,51.43013698630137,992,992,1078,312145.90966190543,1235.4962002824045,38883,14,0.0,0.8497604103235457,0.1524728469513899,0.15926108719910093,0.1328508787866017,0.3836472553202913,0.9644002016129032,0.1028853236856039,422730.09582676226,0,False,False,True,"{""0"":null,""1"":null,""2"":null,""3"":null}",992.0,518185.0,992.0,366875.0,992.0,366875.0,844.3448829486733,312145.90966190543,844.3448829486733,0.0,0.0,1235.4962002824177,409914.34582676133,0.0,11.785571789482045,4.0,1484.0,0.0,0.0,89.19999999870197,32887.59999980192,7.349999999998886,913.9499999999072,49.599999999278225,18343.74999987331,0.0,0.0,0.0,0.0,0.0,0.0,9.920000000000073,3668.7500000000036,496.0,183437.5,0.0,78.0,505.9200000000128,187106.24999999974,0.0,0.0,1235.4962002824177,409914.34582676133
524,2021-06-08,2021,True,51.43287671232877,992,992,1078,312990.2545448541,1174.6396621092422,38932,31,0.0,0.8406919764732169,0.15005635696747088,0.15933369010792658,0.13294915178293862,0.3836472553202913,0.9647076612903226,0.12985313778398735,423398.81548887154,0,False,False,True,"{""0"":null,""1"":null,""2"":null,""3"":null}",992.0,519177.0,992.0,367867.0,992.0,367867.0,844.3448829486733,312990.2545448541,844.3448829486733,0.0,0.0,1174.6396621092572,411088.9854888706,0.0,11.785571789482045,4.0,1488.0,0.0,0.0,89.19999999870197,32976.79999980062,0.0,913.9499999999072,49.599999999278225,18393.34999987259,0.0,0.0,0.0,0.0,0.0,0.0,9.920000000000073,3678.6700000000037,496.0,183933.5,0.0,78.0,505.9200000000128,187612.16999999975,0.0,0.0,1174.6396621092572,411088.9854888706
525,2021-06-09,2021,True,51.43561643835616,992,992,1078,313834.5994278028,1141.0684994968217,39021,47,0.0,0.8397165290389716,0.15644381566289145,0.15930559597859797,0.13302936078527466,0.3836472553202913,0.9644052419354838,0.15488452390812046,424033.9639883684,0,False,False,True,"{""0"":null,""1"":null,""2"":null,""3"":null}",992.0,520169.0,992.0,368859.0,992.0,368859.0,844.3448829486733,313834.5994278028,844.3448829486733,0.0,0.0,1141.068499496847,412230.05398836744,0.0,11.785571789482045,4.0,1492.0,0.0,0.0,89.19999999870197,33065.99999979932,0.0,913.9499999999072,49.599999999278225,18442.949999871867,0.0,0.0,0.0,0.0,0.0,0.0,9.920000000000073,3688.590000000004,496.0,184429.5,0.0,78.0,505.9200000000128,188118.08999999976,0.0,0.0,1141.068499496847,412230.05398836744
526,2021-06-10,2021,True,51.43835616438356,992,992,1078,314678.94431075145,1078.9890922610418,39129,52,0.06495072987419832,0.819571071933024,0.16507351365207906,0.15923502632173173,0.13306160622773008,0.3836472553202913,0.9639667338709678,0.1778502439751936,424607.0330806295,0,False,False,True,"{""0"":null,""1"":null,""2"":null,""3"":null}",992.0,521161.0,992.0,369851.0,992.0,369851.0,844.3448829486733,314678.94431075145,844.3448829486733,0.0,0.0,1078.9890922610648,413309.0430806285,0.06495072987419803,11.850522519356243,4.0,1496.0,0.0,0.0,89.19999999870197,33155.199999798024,2.0999999999996817,916.0499999999068,49.599999999278225,18492.549999871146,0.0,0.0,0.0,0.0,0.0,0.0,9.920000000000073,3698.510000000004,496.0,184925.5,0.0,78.0,505.9200000000128,188624.00999999978,0.0,0.0,1078.9890922610648,413309.0430806285
527,2021-06-11,2021,True,51.441095890410956,992,992,1078,315523.2891937001,1034.190101416167,39264,52,0.0,0.8144983289564159,0.17243269551669393,0.15924668349883297,0.13312655446057886,0.3836472553202913,0.9643447580645161,0.19888244674137553,425135.30318204564,0,False,False,True,"{""0"":null,""1"":null,""2"":null,""3"":null}",992.0,522153.0,992.0,370843.0,992.0,370843.0,844.3448829486733,315523.2891937001,844.3448829486733,0.0,0.0,1034.1901014161413,414343.23318204464,0.0,11.850522519356243,4.0,1500.0,0.0,0.0,89.19999999870197,33244.399999796726,2.5499999999996135,918.5999999999065,49.599999999278225,18542.149999870424,0.0,0.0,0.0,0.0,0.0,0.0,9.920000000000073,3708.430000000004,496.0,185421.5,0.0,78.0,505.9200000000128,189129.9299999998,0.0,0.0,1034.1901014161413,414343.23318204464
528,2021-06-12,2021,False,51.443835616438356,992,0,1078,315523.2891937001,0.0,38399,52,0.0,,,0.15919529368156085,0.13326367348229817,0.3836472553202913,0.9657812499999999,0.12378343889106656,425135.30318204564,0,False,False,True,"{""0"":null,""1"":null,""2"":null,""3"":null}",992.0,523145.0,0.0,370843.0,0.0,370843.0,0.0,315523.2891937001,0.0,0.0,0.0,0.0,414343.23318204464,0.0,11.850522519356243,0.0,1500.0,0.0,0.0,0.0,33244.399999796726,0.0,918.5999999999065,0.0,18542.149999870424,0.0,0.0,0.0,0.0,0.0,0.0,0.0,3708.430000000004,0.0,185421.5,0.0,78.0,0.0,189129.9299999998,0.0,0.0,0.0,414343.23318204464
529,2021-06-13,2021,False,51.446575342465756,992,0,1078,315523.2891937001,0.0,38399,52,0.0,,,0.15919529368156085,0.1332636734822982,0.3836472553202913,0.9657812499999999,0.07383177723309206,425135.30318204564,0,False,False,True,"{""0"":null,""1"":null,""2"":null,""3"":null}",992.0,524137.0,0.0,370843.0,0.0,370843.0,0.0,315523.2891937001,0.0,0.0,0.0,0.0,414343.23318204464,0.0,11.850522519356243,0.0,1500.0,0.0,0.0,0.0,33244.399999796726,0.0,918.5999999999065,0.0,18542.149999870424,0.0,0.0,0.0,0.0,0.0,0.0,0.0,3708.430000000004,0.0,185421.5,0.0,78.0,0.0,189129.9299999998,0.0,0.0,0.0,414343.23318204464
530,2021-06-14,2021,True,51.44931506849315,991,991,1078,316366.8599755848,1259.2070786144698,39384,17,0.0,0.8617645618388403,0.12416031068504652,0.15909106913418497,0.1337749815856566,0.3833991630586562,0.9649596367305752,0.10280261794055949,425889.1002606601,0,False,False,True,"{""0"":null,""1"":null,""2"":null,""3"":null}",991.0,525128.0,991.0,371834.0,991.0,371834.0,843.5707818846568,316366.8599755848,843.5707818846568,0.0,0.0,1259.2070786144468,415602.4402606591,0.0,11.850522519356243,4.0,1504.0,0.0,0.0,89.09999999870342,33333.49999979543,7.799999999998818,926.3999999999053,49.54999999927895,18591.699999869703,0.0,0.0,0.0,0.0,0.0,0.0,9.909999999999854,3718.340000000004,495.5,185917.0,0.0,78.0,505.4100000000035,189635.3399999998,0.0,0.0,1259.2070786144468,415602.4402606591
531,2021-06-15,2021,True,51.45205479452055,991,991,1078,317210.43075746944,1172.821280527179,39428,30,0.0,0.8395177615254016,0.14768035826744103,0.15906686669480816,0.13385145095967818,0.3833991630586562,0.9651160443995963,0.12964211813942864,426556.5115411873,0,False,False,True,"{""0"":null,""1"":null,""2"":null,""3"":null}",991.0,526119.0,991.0,372825.0,991.0,372825.0,843.5707818846568,317210.43075746944,843.5707818846568,0.0,0.0,1172.8212805271614,416775.26154118625,0.0,11.850522519356243,4.0,1508.0,0.0,0.0,89.09999999870342,33422.59999979413,0.0,926.3999999999053,49.54999999927895,18641.249999868982,0.0,0.0,0.0,0.0,0.0,0.0,9.909999999999854,3728.2500000000036,495.5,186412.5,0.0,78.0,505.4100000000035,190140.7499999998,0.0,0.0,1172.8212805271614,416775.26154118625
532,2021-06-16,2021,True,51.45479452054794,991,991,1078,318054.0015393541,1169.042826644725,39534,48,0.10606966708853363,0.8375710134517436,0.1623463485177151,0.1589650079127519,0.13383722199927034,0.3833991630586562,0.964853683148335,0.15450566958244538,427220.14436783205,0,False,False,True,"{""0"":null,""1"":null,""2"":null,""3"":null}",991.0,527110.0,991.0,373816.0,991.0,373816.0,843.5707818846568,318054.0015393541,843.5707818846568,0.0,0.0,1169.042826644727,417944.304367831,0.10606966708853349,11.956592186444777,4.0,1512.0,0.0,0.0,89.09999999870342,33511.699999792836,0.0,926.3999999999053,49.54999999927895,18690.79999986826,0.0,0.0,0.0,0.0,0.0,0.0,9.909999999999854,3738.1600000000035,495.5,186908.0,0.0,78.0,505.4100000000035,190646.1599999998,0.0,0.0,1169.042826644727,417944.304367831
533,2021-06-17,2021,True,51.45753424657534,989,989,1078,318895.80012510164,1098.8106305900108,39643,51,0.013268202378559298,0.8098618977162084,0.18669089266681474,0.15892451260124613,0.13386700434712898,0.38345439458923236,0.9646309403437816,0.17742762800770578,427814.56499842205,0,False,False,True,"{""0"":null,""1"":null,""2"":null,""3"":null}",989.0,528099.0,989.0,374805.0,989.0,374805.0,841.7985857475433,318895.80012510164,841.7985857475433,0.0,0.0,1098.8106305900146,419043.114998421,0.013268202378558414,11.969860388823335,4.0,1516.0,0.0,0.0,88.89999999870633,33600.59999979154,2.5499999999996135,928.9499999999049,49.44999999928041,18740.24999986754,0.0,0.0,0.0,0.0,0.0,0.0,9.889999999999873,3748.0500000000034,494.5,187402.5,0.0,78.0,504.39000000001397,191150.5499999998,0.0,0.0,1098.8106305900146,419043.114998421
534,2021-06-18,2021,True,51.46027397260274,989,989,1078,319737.5987108492,1029.9446989166029,39753,58,0.0,0.8148571608316318,0.18684042429663344,0.15892292103643765,0.13396028859145492,0.38345439458923236,0.9648483316481294,0.1984621794041405,428340.11969733867,0,False,False,True,"{""0"":null,""1"":null,""2"":null,""3"":null}",989.0,529088.0,989.0,375794.0,989.0,375794.0,841.7985857475433,319737.5987108492,841.7985857475433,0.0,0.0,1029.9446989166318,420073.0596973376,0.0,11.969860388823335,4.0,1520.0,0.0,0.0,88.89999999870633,33689.49999979025,1.9499999999997044,930.8999999999046,49.44999999928041,18789.69999986682,0.0,0.0,0.0,0.0,0.0,0.0,9.889999999999873,3757.9400000000032,494.5,187897.0,0.0,78.0,504.39000000001397,191654.93999999983,0.0,0.0,1029.9446989166318,420073.0596973376
535,2021-06-19,2021,False,51.463013698630135,989,0,1078,319737.5987108492,0.0,38899,58,0.0,,,0.15896691682943836,0.134100656184158,0.38345439458923236,0.9661627906976744,0.12336177893199067,428340.11969733867,0,False,False,True,"{""0"":null,""1"":null,""2"":null,""3"":null}",989.0,530077.0,0.0,375794.0,0.0,375794.0,0.0,319737.5987108492,0.0,0.0,0.0,0.0,420073.0596973376,0.0,11.969860388823335,0.0,1520.0,0.0,0.0,0.0,33689.49999979025,0.0,930.8999999999046,0.0,18789.69999986682,0.0,0.0,0.0,0.0,0.0,0.0,0.0,3757.9400000000032,0.0,187897.0,0.0,78.0,0.0,191654.93999999983,0.0,0.0,0.0,420073.0596973376
536,2021-06-20,2021,False,51.465753424657535,989,0,1078,319737.5987108492,0.0,38899,58,0.0,,,0.1589669168294384,0.134100656184158,0.38345439458923236,0.9661627906976744,0.07351311138273588,428340.11969733867,0,False,False,True,"{""0"":null,""1"":null,""2"":null,""3"":null}",989.0,531066.0,0.0,375794.0,0.0,375794.0,0.0,319737.5987108492,0.0,0.0,0.0,0.0,420073.0596973376,0.0,11.969860388823335,0.0,1520.0,0.0,0.0,0.0,33689.49999979025,0.0,930.8999999999046,0.0,18789.69999986682,0.0,0.0,0.0,0.0,0.0,0.0,0.0,3757.9400000000032,0.0,187897.0,0.0,78.0,0.0,191654.93999999983,0.0,0.0,0.0,420073.0596973376
537,2021-06-21,2021,True,51.46849315068493,989,989,1079,320579.35478034004,1264.3069090121003,39891,15,0.0,0.8422343031138944,0.145579848318441,0.15882329843790305,0.13320720547792703,0.38345439458923236,0.9651466127401416,0.10222194323593314,429099.03660635074,0,False,False,True,"{""0"":null,""1"":null,""2"":null,""3"":null}",989.0,532055.0,989.0,376783.0,989.0,376783.0,841.7560694908607,320579.35478034004,841.7560694908607,0.0,0.0,1264.3069090120844,421337.3666063497,0.0,11.969860388823335,4.0,1524.0,0.0,0.0,88.89999999870633,33778.399999788955,8.699999999998681,939.5999999999033,49.44999999928041,18839.149999866102,0.0,0.0,0.0,0.0,0.0,0.0,9.889999999999873,3767.830000000003,494.5,188391.5,1.0,79.0,504.39000000001397,192159.32999999984,0.0,0.0,1264.3069090120844,421337.3666063497
538,2021-06-22,2021,True,51.47123287671233,989,989,1079,321421.1108498309,1186.6446607926819,39927,37,0.0,0.8341820638641936,0.15226231873916796,0.15881914742916195,0.13328315479968586,0.38345439458923236,0.9654853387259859,0.12907586833319126,429781.2912671434,0,False,False,True,"{""0"":null,""1"":null,""2"":null,""3"":null}",989.0,533044.0,989.0,377772.0,989.0,377772.0,841.7560694908607,321421.1108498309,841.7560694908607,0.0,0.0,1186.6446607926628,422524.01126714237,0.0,11.969860388823335,4.0,1528.0,0.0,0.0,88.89999999870633,33867.29999978766,0.0,939.5999999999033,49.44999999928041,18888.599999865382,0.0,0.0,0.0,0.0,0.0,0.0,9.889999999999873,3777.720000000003,494.5,188886.0,0.0,79.0,504.39000000001397,192663.71999999986,0.0,0.0,1186.6446607926628,422524.01126714237
539,2021-06-23,2021,True,51.47397260273973,990,990,1080,322263.81390998943,1125.8748326610364,40028,54,0.03809307636948263,0.83632474429583,0.14214001870032722,0.15877608371396626,0.1325583710583163,0.38338856486390954,0.9650151515151515,0.15396671192156156,430401.2660998044,0,False,False,True,"{""0"":null,""1"":null,""2"":null,""3"":null}",990.0,534034.0,990.0,378762.0,990.0,378762.0,842.7030601585284,322263.81390998943,842.7030601585284,0.0,0.0,1125.8748326610075,423649.8860998034,0.038093076369483114,12.007953465192818,4.0,1532.0,0.0,0.0,88.99999999870488,33956.299999786366,0.0,939.5999999999033,49.49999999927968,18938.099999864662,0.0,0.0,0.0,0.0,0.0,0.0,9.900000000000091,3787.620000000003,495.0,189381.0,1.0,80.0,504.8999999999942,193168.61999999985,0.0,0.0,1125.8748326610075,423649.8860998034
540,2021-06-24,2021,True,51.47671232876712,990,990,1080,323106.51697014796,1102.5779608766384,40149,51,0.05332479152044879,0.8181468004196171,0.18063931743805517,0.15877277639425813,0.13274248310299913,0.38338856486390954,0.9651414141414142,0.17697412979904253,430998.944060681,0,False,False,True,"{""0"":null,""1"":null,""2"":null,""3"":null}",990.0,535024.0,990.0,379752.0,990.0,379752.0,842.7030601585284,323106.51697014796,842.7030601585284,0.0,0.0,1102.5779608766316,424752.46406068,0.05332479152044911,12.061278256713267,4.0,1536.0,0.0,0.0,88.99999999870488,34045.29999978507,2.249999999999659,941.8499999999029,49.49999999927968,18987.59999986394,0.0,0.0,0.0,0.0,0.0,0.0,9.900000000000091,3797.520000000003,495.0,189876.0,0.0,80.0,504.8999999999942,193673.51999999984,0.0,0.0,1102.5779608766316,424752.46406068
541,2021-06-25,2021,True,51.47945205479452,990,990,1080,323949.2200303065,1045.8494591938784,40257,40,0.0,0.8191548649357461,0.18394109396914446,0.15874969888541005,0.13277771672975275,0.38338856486390954,0.9651717171717171,0.19807457668100564,431539.89351987484,0,False,False,True,"{""0"":null,""1"":null,""2"":null,""3"":null}",990.0,536014.0,990.0,380742.0,990.0,380742.0,842.7030601585284,323949.2200303065,842.7030601585284,0.0,0.0,1045.8494591938797,425798.3135198739,0.0,12.061278256713267,4.0,1540.0,0.0,0.0,88.99999999870488,34134.299999783776,3.2999999999994998,945.1499999999024,49.49999999927968,19037.09999986322,0.0,0.0,0.0,0.0,0.0,0.0,9.900000000000091,3807.4200000000033,495.0,190371.0,0.0,80.0,504.8999999999942,194178.41999999984,0.0,0.0,1045.8494591938797,425798.3135198739
542,2021-06-26,2021,False,51.48219178082192,991,0,1081,323949.2200303065,0.0,39399,40,0.0,,,0.15867194054651965,0.13209688918670628,0.3833991630586562,0.9661705348133199,0.12279750623866573,431538.89351987484,0,False,False,True,"{""0"":null,""1"":null,""2"":null,""3"":null}",991.0,537005.0,0.0,380742.0,0.0,380742.0,0.0,323949.2200303065,0.0,0.0,0.0,0.0,425798.3135198739,0.0,12.061278256713267,0.0,1540.0,0.0,0.0,0.0,34134.299999783776,0.0,945.1499999999024,0.0,19037.09999986322,0.0,0.0,0.0,0.0,0.0,0.0,0.0,3807.4200000000033,0.0,190371.0,1.0,81.0,0.0,194178.41999999984,0.0,0.0,0.0,425798.3135198739
543,2021-06-27,2021,False,51.484931506849314,990,0,1081,323949.2200303065,0.0,39399,40,0.0,,,0.15852159278202,0.13192524134048475,0.38338856486390954,0.9661363636363637,0.07281939879823855,431538.89351987484,0,False,False,True,"{""0"":null,""1"":null,""2"":null,""3"":null}",990.0,537995.0,0.0,380742.0,0.0,380742.0,0.0,323949.2200303065,0.0,0.0,0.0,0.0,425798.3135198739,0.0,12.061278256713267,0.0,1540.0,0.0,0.0,0.0,34134.299999783776,0.0,945.1499999999024,0.0,19037.09999986322,0.0,0.0,0.0,0.0,0.0,0.0,0.0,3807.4200000000033,0.0,190371.0,0.0,81.0,0.0,194178.41999999984,0.0,0.0,0.0,425798.3135198739
544,2021-06-28,2021,True,51.487671232876714,991,991,1082,324792.76955655374,1281.5912777053582,40385,14,0.0,0.8658049823690741,0.13467217129662024,0.15845911046569444,0.13118534560117628,0.3833991630586562,0.9651564076690212,0.10172867816919329,432314.0747975802,0,False,False,True,"{""0"":null,""1"":null,""2"":null,""3"":null}",991.0,538986.0,991.0,381733.0,991.0,381733.0,843.5495262472541,324792.76955655374,843.5495262472541,0.0,0.0,1281.5912777053309,427079.9047975792,0.0,12.061278256713267,4.0,1544.0,0.0,0.0,89.09999999870342,34223.39999978248,5.9999999999990905,951.1499999999015,49.54999999927895,19086.6499998625,0.0,0.0,0.0,0.0,0.0,0.0,9.909999999999854,3817.330000000003,495.5,190866.5,1.0,82.0,505.4100000000035,194683.82999999984,0.0,0.0,1281.5912777053309,427079.9047975792
545,2021-06-29,2021,True,51.49041095890411,991,991,1082,325636.319082801,1243.6333472739736,40431,32,0.0,0.8536510709155022,0.14203752944743778,0.15845253023537675,0.13130208997179268,0.3833991630586562,0.965191725529768,0.12864546494963083,433052.2981448542,0,False,False,True,"{""0"":null,""1"":null,""2"":null,""3"":null}",991.0,539977.0,991.0,382724.0,991.0,382724.0,843.5495262472541,325636.319082801,843.5495262472541,0.0,0.0,1243.6333472739789,428323.5381448532,0.0,12.061278256713267,4.0,1548.0,0.0,0.0,89.09999999870342,34312.49999978118,0.0,951.1499999999015,49.54999999927895,19136.19999986178,0.0,0.0,0.0,0.0,0.0,0.0,9.909999999999854,3827.240000000003,495.5,191362.0,0.0,82.0,505.4100000000035,195189.23999999985,0.0,0.0,1243.6333472739789,428323.5381448532
546,2021-06-30,2021,True,51.49315068493151,991,991,1082,326479.86860904825,1145.6149151121804,40531,52,0.0,0.8355181533237561,0.16138770321647655,0.1584257654735204,0.13141593477172267,0.3833991630586562,0.9649646821392532,0.15360776871286866,433692.50305996643,0,False,False,True,"{""0"":null,""1"":null,""2"":null,""3"":null}",991.0,540968.0,991.0,383715.0,991.0,383715.0,843.5495262472541,326479.86860904825,843.5495262472541,0.0,0.0,1145.614915112208,429469.1530599654,0.0,12.061278256713267,4.0,1552.0,0.0,0.0,89.09999999870342,34401.599999779886,0.0,951.1499999999015,49.54999999927895,19185.74999986106,0.0,0.0,0.0,0.0,0.0,0.0,9.909999999999854,3837.150000000003,495.5,191857.5,0.0,82.0,505.4100000000035,195694.64999999985,0.0,0.0,1145.614915112208,429469.1530599654
547,2021-07-01,2021,True,51.49589041095891,991,991,1082,327323.4181352955,1349.0767827218947,40656,49,0.0,0.8133448152017762,0.17768525645511163,0.15841719521321124,0.1314931786619189,0.3833991630586562,0.9649949545913219,0.1766281008349674,434536.16984268837,0,False,False,True,"{""0"":null,""1"":null,""2"":null,""3"":null}",991.0,541959.0,991.0,384706.0,991.0,384706.0,843.5495262472541,327323.4181352955,843.5495262472541,0.0,0.0,1349.0767827219097,430818.2298426873,0.0,12.061278256713267,4.0,1556.0,0.0,0.0,89.09999999870342,34490.69999977859,2.0999999999996817,953.2499999999012,49.54999999927895,19235.299999860337,0.0,0.0,0.0,0.0,0.0,0.0,9.909999999999854,3847.0600000000027,495.5,192353.0,0.0,82.0,505.4100000000035,196200.05999999985,0.0,0.0,1349.0767827219097,430818.2298426873
548,2021-07-02,2021,True,51.4986301369863,991,991,1082,328166.96766154276,1264.6176263090106,40742,49,0.3735282426562856,0.8304492621130991,0.18104401371492546,0.15847630077194144,0.1316903162182645,0.3833991630586562,0.9649646821392532,0.1977866297384508,435295.3774689974,0,False,False,True,"{""0"":null,""1"":null,""2"":null,""3"":null}",991.0,542950.0,991.0,385697.0,991.0,385697.0,843.5495262472541,328166.96766154276,843.5495262472541,0.0,0.0,1264.6176263089874,432082.8474689963,0.3735282426562865,12.434806499369554,4.0,1560.0,0.0,0.0,89.09999999870342,34579.79999977729,2.6999999999995907,955.9499999999008,49.54999999927895,19284.849999859616,0.0,0.0,0.0,0.0,0.0,0.0,9.909999999999854,3856.9700000000025,495.5,192848.5,0.0,82.0,505.4100000000035,196705.46999999986,0.0,0.0,1264.6176263089874,432082.8474689963
549,2021-07-03,2021,False,51.5013698630137,991,0,1082,328166.96766154276,0.0,39899,49,0.0,,,0.1584604897535271,0.13178934335432457,0.3833991630586562,0.9660494450050454,0.12268590549807316,435295.3774689974,0,False,False,True,"{""0"":null,""1"":null,""2"":null,""3"":null}",991.0,543941.0,0.0,385697.0,0.0,385697.0,0.0,328166.96766154276,0.0,0.0,0.0,0.0,432082.8474689963,0.0,12.434806499369554,0.0,1560.0,0.0,0.0,0.0,34579.79999977729,0.0,955.9499999999008,0.0,19284.849999859616,0.0,0.0,0.0,0.0,0.0,0.0,0.0,3856.9700000000025,0.0,192848.5,0.0,82.0,0.0,196705.46999999986,0.0,0.0,0.0,432082.8474689963
550,2021-07-04,2021,False,51.50410958904109,991,0,1082,328166.96766154276,0.0,39899,49,0.0,,,0.1584604897535271,0.13178934335432457,0.3833991630586562,0.9660494450050454,0.07289529334890767,435295.3774689974,0,False,False,True,"{""0"":null,""1"":null,""2"":null,""3"":null}",991.0,544932.0,0.0,385697.0,0.0,385697.0,0.0,328166.96766154276,0.0,0.0,0.0,0.0,432082.8474689963,0.0,12.434806499369554,0.0,1560.0,0.0,0.0,0.0,34579.79999977729,0.0,955.9499999999008,0.0,19284.849999859616,0.0,0.0,0.0,0.0,0.0,0.0,0.0,3856.9700000000025,0.0,192848.5,0.0,82.0,0.0,196705.46999999986,0.0,0.0,0.0,432082.8474689963
551,2021-07-05,2021,True,51.50684931506849,991,991,1082,329010.51718779,1573.8974992552235,40879,24,0.20583562046114157,0.8314736515606634,0.1595456347817974,0.1584604897535271,0.13178934335432457,0.3833991630586562,0.9648839556004036,0.10182273803837735,436363.8649682526,0,False,False,True,"{""0"":null,""1"":null,""2"":null,""3"":null}",991.0,545923.0,991.0,386688.0,991.0,386688.0,843.5495262472541,329010.51718779,843.5495262472541,0.0,0.0,1573.8974992551957,433656.7449682515,0.20583562046114068,12.640642119830694,4.0,1564.0,0.0,0.0,89.09999999870342,34668.899999776,7.349999999998886,963.2999999998997,49.54999999927895,19334.399999858895,0.0,0.0,0.0,0.0,0.0,0.0,9.909999999999854,3866.8800000000024,495.5,193344.0,0.0,82.0,505.4100000000035,197210.87999999986,0.0,0.0,1573.8974992551957,433656.7449682515
552,2021-07-06,2021,True,51.50958904109589,991,991,1082,329854.06671403727,1455.498797028,40939,44,0.0,0.8456110421836228,0.14011149208126325,0.15849096464037787,0.1319035590514234,0.3833991630586562,0.965438950554995,0.128825186285076,437313.9537652806,0,False,False,True,"{""0"":null,""1"":null,""2"":null,""3"":null}",991.0,546914.0,991.0,387679.0,991.0,387679.0,843.5495262472541,329854.06671403727,843.5495262472541,0.0,0.0,1455.4987970279763,435112.2437652795,0.0,12.640642119830694,4.0,1568.0,0.0,0.0,89.09999999870342,34757.9999997747,0.0,963.2999999998997,49.54999999927895,19383.949999858174,0.0,0.0,0.0,0.0,0.0,0.0,9.909999999999854,3876.7900000000022,495.5,193839.5,0.0,82.0,505.4100000000035,197716.28999999986,0.0,0.0,1455.4987970279763,435112.2437652795
553,2021-07-07,2021,True,51.512328767123286,991,991,1082,330697.6162402845,1382.3298285842804,41031,57,0.46774756751489066,0.8173485046362805,0.18373218575793623,0.15848748777387325,0.1319784727833889,0.3833991630586562,0.9657013118062563,0.15386092291869854,438190.8735938649,0,False,False,True,"{""0"":null,""1"":null,""2"":null,""3"":null}",991.0,547905.0,991.0,388670.0,991.0,388670.0,843.5495262472541,330697.6162402845,843.5495262472541,0.0,0.0,1382.3298285842757,436494.57359386375,0.4677475675148912,13.108389687345586,4.0,1572.0,0.0,0.0,89.09999999870342,34847.0999997734,0.0,963.2999999998997,49.54999999927895,19433.499999857453,0.0,0.0,0.0,0.0,0.0,0.0,9.909999999999854,3886.700000000002,495.5,194335.0,0.0,82.0,505.4100000000035,198221.69999999987,0.0,0.0,1382.3298285842757,436494.57359386375
554,2021-07-08,2021,True,51.515068493150686,991,991,1082,331541.1657665318,1331.8535908627232,41148,48,0.0,0.8395667363197075,0.14704709257574697,0.15851069732242823,0.1320686203266877,0.3833991630586562,0.9654591321897074,0.176944865156727,439017.31718472764,0,False,False,True,"{""0"":null,""1"":null,""2"":null,""3"":null}",991.0,548896.0,991.0,389661.0,991.0,389661.0,843.5495262472541,331541.1657665318,843.5495262472541,0.0,0.0,1331.853590862709,437826.42718472646,0.0,13.108389687345586,4.0,1576.0,0.0,0.0,89.09999999870342,34936.19999977211,3.5999999999994543,966.8999999998991,49.54999999927895,19483.049999856732,0.0,0.0,0.0,0.0,0.0,0.0,9.909999999999854,3896.610000000002,495.5,194830.5,0.0,82.0,505.4100000000035,198727.10999999987,0.0,0.0,1331.853590862709,437826.42718472646
555,2021-07-09,2021,True,51.51780821917808,991,991,1082,332384.71529277903,1285.5557358343294,41246,42,0.0,0.8335101867572157,0.16568877848529376,0.15851349587533778,0.13206979292739934,0.3833991630586562,0.9653935418768921,0.19823008627806474,439797.462920562,0,False,False,True,"{""0"":null,""1"":null,""2"":null,""3"":null}",991.0,549887.0,991.0,390652.0,991.0,390652.0,843.5495262472541,332384.71529277903,843.5495262472541,0.0,0.0,1285.5557358343503,439111.9829205608,0.0,13.108389687345586,4.0,1580.0,0.0,0.0,89.09999999870342,35025.29999977081,2.9999999999995453,969.8999999998987,49.54999999927895,19532.59999985601,0.0,0.0,0.0,0.0,0.0,0.0,9.909999999999854,3906.520000000002,495.5,195326.0,0.0,82.0,505.4100000000035,199232.51999999987,0.0,0.0,1285.5557358343503,439111.9829205608
556,2021-07-10,2021,False,51.52054794520548,991,0,1082,332384.71529277903,0.0,40399,42,0.0,,,0.15851558359496298,0.1321723126472712,0.3833991630586562,0.9663572149344096,0.12305843961252749,439797.462920562,0,False,False,True,"{""0"":null,""1"":null,""2"":null,""3"":null}",991.0,550878.0,0.0,390652.0,0.0,390652.0,0.0,332384.71529277903,0.0,0.0,0.0,0.0,439111.9829205608,0.0,13.108389687345586,0.0,1580.0,0.0,0.0,0.0,35025.29999977081,0.0,969.8999999998987,0.0,19532.59999985601,0.0,0.0,0.0,0.0,0.0,0.0,0.0,3906.520000000002,0.0,195326.0,0.0,82.0,0.0,199232.51999999987,0.0,0.0,0.0,439111.9829205608
557,2021-07-11,2021,False,51.52328767123288,991,0,1082,332384.71529277903,0.0,40399,42,0.0,,,0.15851558359496296,0.13217231264727117,0.3833991630586562,0.9663572149344096,0.07324653455841558,439797.462920562,0,False,False,True,"{""0"":null,""1"":null,""2"":null,""3"":null}",991.0,551869.0,0.0,390652.0,0.0,390652.0,0.0,332384.71529277903,0.0,0.0,0.0,0.0,439111.9829205608,0.0,13.108389687345586,0.0,1580.0,0.0,0.0,0.0,35025.29999977081,0.0,969.8999999998987,0.0,19532.59999985601,0.0,0.0,0.0,0.0,0.0,0.0,0.0,3906.520000000002,0.0,195326.0,0.0,82.0,0.0,199232.51999999987,0.0,0.0,0.0,439111.9829205608
558,2021-07-12,2021,True,51.52602739726027,991,991,1082,333228.2648190263,1548.8348327243536,41369,14,0.2186650416590661,0.8536592333812199,0.1339566860261703,0.15851558359496298,0.1321723126472712,0.3833991630586562,0.965196770938446,0.10224021376786252,440840.8877532864,0,False,False,True,"{""0"":null,""1"":null,""2"":null,""3"":null}",991.0,552860.0,991.0,391643.0,991.0,391643.0,843.5495262472541,333228.2648190263,843.5495262472541,0.0,0.0,1548.8348327243584,440660.81775328517,0.21866504165906697,13.327054729004653,4.0,1584.0,0.0,0.0,89.09999999870342,35114.399999769514,6.299999999999045,976.1999999998977,49.54999999927895,19582.14999985529,0.0,0.0,0.0,0.0,0.0,0.0,9.909999999999854,3916.4300000000017,495.5,195821.5,0.0,82.0,505.4100000000035,199737.92999999988,0.0,0.0,1548.8348327243584,440660.81775328517
559,2021-07-13,2021,True,51.52876712328767,991,991,1082,334071.81434527354,1486.7591255868751,41444,28,0.0,0.8486638043620217,0.14922328738366802,0.15846921347922402,0.13229577813918164,0.3833991630586562,0.9656912209889001,0.12927787241475192,441822.2368788733,0,False,False,True,"{""0"":null,""1"":null,""2"":null,""3"":null}",991.0,553851.0,991.0,392634.0,991.0,392634.0,843.5495262472541,334071.81434527354,843.5495262472541,0.0,0.0,1486.7591255868901,442147.57687887206,0.0,13.327054729004653,4.0,1588.0,0.0,0.0,89.09999999870342,35203.49999976822,0.0,976.1999999998977,49.54999999927895,19631.69999985457,0.0,0.0,0.0,0.0,0.0,0.0,9.909999999999854,3926.3400000000015,495.5,196317.0,0.0,82.0,505.4100000000035,200243.33999999988,0.0,0.0,1486.7591255868901,442147.57687887206
560,2021-07-14,2021,True,51.53150684931507,991,991,1082,334915.3638715208,1418.5270471392791,41535,50,0.023184108391223212,0.8344733577118977,0.16393301145242925,0.1584384053913798,0.1323483241848228,0.3833991630586562,0.9657315842583248,0.1543693503308595,442735.35392601264,0,False,False,True,"{""0"":null,""1"":null,""2"":null,""3"":null}",991.0,554842.0,991.0,393625.0,991.0,393625.0,843.5495262472541,334915.3638715208,843.5495262472541,0.0,0.0,1418.5270471393014,443566.10392601136,0.023184108391223646,13.350238837395876,4.0,1592.0,0.0,0.0,89.09999999870342,35292.59999976692,0.0,976.1999999998977,49.54999999927895,19681.249999853848,0.0,0.0,0.0,0.0,0.0,0.0,9.909999999999854,3936.2500000000014,495.5,196812.5,0.0,82.0,505.4100000000035,200748.74999999988,0.0,0.0,1418.5270471393014,443566.10392601136
561,2021-07-15,2021,True,51.534246575342465,991,991,1082,335758.91339776805,1350.5228074345782,41652,52,0.0,0.8173444234034217,0.18700464161593544,0.15843522611220978,0.13243405593822724,0.3833991630586562,0.965635721493441,0.17742313916419028,443580.4667334472,0,False,False,True,"{""0"":null,""1"":null,""2"":null,""3"":null}",991.0,555833.0,991.0,394616.0,991.0,394616.0,843.5495262472541,335758.91339776805,843.5495262472541,0.0,0.0,1350.5228074345505,444916.6267334459,0.0,13.350238837395876,4.0,1596.0,0.0,0.0,89.09999999870342,35381.699999765624,2.0999999999996817,978.2999999998974,49.54999999927895,19730.799999853127,0.0,0.0,0.0,0.0,0.0,0.0,9.909999999999854,3946.160000000001,495.5,197308.0,0.0,82.0,505.4100000000035,201254.1599999999,0.0,0.0,1350.5228074345505,444916.6267334459
562,2021-07-16,2021,True,51.536986301369865,992,992,1083,336603.44954958203,1305.2114841170753,41741,63,0.0,0.8245587318583463,0.1710643734750473,0.15859496237972853,0.13204903207652557,0.3836472553202913,0.9652066532258065,0.19857367227575187,444378.7582175643,0,False,False,True,"{""0"":null,""1"":null,""2"":null,""3"":null}",992.0,556825.0,992.0,395608.0,992.0,395608.0,844.5361518139835,336603.44954958203,844.5361518139835,0.0,0.0,1305.2114841170842,446221.838217563,0.0,13.350238837395876,4.0,1600.0,0.0,0.0,89.19999999870197,35470.899999764326,2.0999999999996817,980.3999999998971,49.599999999278225,19780.399999852405,0.0,0.0,0.0,0.0,0.0,0.0,9.920000000000073,3956.0800000000013,496.0,197804.0,1.0,83.0,505.9200000000128,201760.0799999999,0.0,0.0,1305.2114841170842,446221.838217563
563,2021-07-17,2021,False,51.53972602739726,991,0,1083,336603.44954958203,0.0,40899,63,0.0,,,0.15846437838282643,0.13207438087993034,0.38371308504561413,0.9661604439959637,0.12336394660654516,444378.7582175643,0,False,False,True,"{""0"":null,""1"":null,""2"":null,""3"":null}",991.0,557816.0,0.0,395608.0,0.0,395608.0,0.0,336603.44954958203,0.0,0.0,0.0,0.0,446221.838217563,0.0,13.350238837395876,0.0,1600.0,0.0,0.0,0.0,35470.899999764326,0.0,980.3999999998971,0.0,19780.399999852405,0.0,0.0,0.0,0.0,0.0,0.0,0.0,3956.0800000000013,0.0,197804.0,0.0,83.0,0.0,201760.0799999999,0.0,0.0,0.0,446221.838217563
564,2021-07-18,2021,False,51.54246575342466,992,0,1084,336603.44954958203,0.0,40899,63,0.0,,,0.15846996985394315,0.13125830720354614,0.3836472553202913,0.9658921370967741,0.07344379590770327,444377.7582175643,0,False,False,True,"{""0"":null,""1"":null,""2"":null,""3"":null}",992.0,558808.0,0.0,395608.0,0.0,395608.0,0.0,336603.44954958203,0.0,0.0,0.0,0.0,446221.838217563,0.0,13.350238837395876,0.0,1600.0,0.0,0.0,0.0,35470.899999764326,0.0,980.3999999998971,0.0,19780.399999852405,0.0,0.0,0.0,0.0,0.0,0.0,0.0,3956.0800000000013,0.0,197804.0,1.0,84.0,0.0,201760.0799999999,0.0,0.0,0.0,446221.838217563
565,2021-07-19,2021,True,51.54520547945206,992,992,1084,337447.8987272651,1582.483554304046,41891,10,0.0,0.8548131405077014,0.12955769648438098,0.15846996985394315,0.13125830720354617,0.3836472553202913,0.9647530241935484,0.10233928141669327,445454.3217718684,0,False,False,True,"{""0"":null,""1"":null,""2"":null,""3"":null}",992.0,559800.0,992.0,396600.0,992.0,396600.0,844.4491776830982,337447.8987272651,844.4491776830982,0.0,0.0,1582.4835543040535,447804.32177186705,0.0,13.350238837395876,4.0,1604.0,0.0,0.0,89.19999999870197,35560.09999976303,9.449999999998568,989.8499999998957,49.599999999278225,19829.999999851683,0.0,0.0,0.0,0.0,0.0,0.0,9.920000000000073,3966.0000000000014,496.0,198300.0,0.0,84.0,505.9200000000128,202265.9999999999,0.0,0.0,1582.4835543040535,447804.32177186705
566,2021-07-20,2021,True,51.54794520547945,992,992,1084,338292.3479049482,1492.6037078648205,41937,26,0.08706877415927224,0.848833806559659,0.1410518834848149,0.15846435819108948,0.1313239233940905,0.3836472553202913,0.9653175403225807,0.1292639892662021,446441.0054797332,0,False,False,True,"{""0"":null,""1"":null,""2"":null,""3"":null}",992.0,560792.0,992.0,397592.0,992.0,397592.0,844.4491776830982,338292.3479049482,844.4491776830982,0.0,0.0,1492.6037078648224,449296.9254797319,0.08706877415927217,13.437307611555148,4.0,1608.0,0.0,0.0,89.19999999870197,35649.29999976173,0.0,989.8499999998957,49.599999999278225,19879.59999985096,0.0,0.0,0.0,0.0,0.0,0.0,9.920000000000073,3975.9200000000014,496.0,198796.0,0.0,84.0,505.9200000000128,202771.91999999993,0.0,0.0,1492.6037078648224,449296.9254797319
567,2021-07-21,2021,True,51.55068493150685,992,992,1084,339136.7970826313,1439.613301524404,42038,39,0.0,0.8366313136836231,0.15686473072632298,0.15848060191144375,0.13141803752329068,0.3836472553202913,0.9654032258064515,0.15416858579856232,447374.69878125767,0,False,False,True,"{""0"":null,""1"":null,""2"":null,""3"":null}",992.0,561784.0,992.0,398584.0,992.0,398584.0,844.4491776830982,339136.7970826313,844.4491776830982,0.0,0.0,1439.6133015244268,450736.5387812563,0.0,13.437307611555148,4.0,1612.0,0.0,0.0,89.19999999870197,35738.49999976043,0.0,989.8499999998957,49.599999999278225,19929.19999985024,0.0,0.0,0.0,0.0,0.0,0.0,9.920000000000073,3985.8400000000015,496.0,199292.0,0.0,84.0,505.9200000000128,203277.83999999994,0.0,0.0,1439.6133015244268,450736.5387812563
568,2021-07-22,2021,True,51.553424657534244,992,992,1084,339981.2462603144,1338.575425780555,42151,44,0.0037867732799124845,0.8164169345528909,0.18563939174585603,0.1584925068981966,0.13157240559744582,0.3836472553202913,0.9655796370967742,0.17721352081965358,448207.35420703824,0,False,False,True,"{""0"":null,""1"":null,""2"":null,""3"":null}",992.0,562776.0,992.0,399576.0,992.0,399576.0,844.4491776830982,339981.2462603144,844.4491776830982,0.0,0.0,1338.575425780553,452075.11420703685,0.003786773279912836,13.441094384835061,4.0,1616.0,0.0,0.0,89.19999999870197,35827.699999759134,1.4999999999997726,991.3499999998954,49.599999999278225,19978.799999849518,0.0,0.0,0.0,0.0,0.0,0.0,9.920000000000073,3995.7600000000016,496.0,199788.0,0.0,84.0,505.9200000000128,203783.75999999995,0.0,0.0,1338.575425780553,452075.11420703685
569,2021-07-23,2021,True,51.556164383561644,992,992,1084,340825.6954379975,1276.2143647348682,42249,49,0.11714113449771718,0.8144617289846339,0.17269915770262745,0.15844714661264347,0.13150310802824783,0.3836472553202913,0.9655695564516129,0.19838242408212534,448977.64857177314,0,False,False,True,"{""0"":null,""1"":null,""2"":null,""3"":null}",992.0,563768.0,992.0,400568.0,992.0,400568.0,844.4491776830982,340825.6954379975,844.4491776830982,0.0,0.0,1276.2143647348857,453351.32857177174,0.11714113449771801,13.55823551933278,4.0,1620.0,0.0,0.0,89.19999999870197,35916.899999757836,2.399999999999636,993.7499999998951,49.599999999278225,20028.399999848796,0.0,0.0,0.0,0.0,0.0,0.0,9.920000000000073,4005.6800000000017,496.0,200284.0,0.0,84.0,505.9200000000128,204289.67999999996,0.0,0.0,1276.2143647348857,453351.32857177174
570,2021-07-24,2021,False,51.558904109589044,992,0,1084,340825.6954379975,0.0,41399,49,0.0,,,0.15841576614265823,0.13164417944669593,0.3836472553202913,0.966703629032258,0.12319290318823051,448977.64857177314,0,False,False,True,"{""0"":null,""1"":null,""2"":null,""3"":null}",992.0,564760.0,0.0,400568.0,0.0,400568.0,0.0,340825.6954379975,0.0,0.0,0.0,0.0,453351.32857177174,0.0,13.55823551933278,0.0,1620.0,0.0,0.0,0.0,35916.899999757836,0.0,993.7499999998951,0.0,20028.399999848796,0.0,0.0,0.0,0.0,0.0,0.0,0.0,4005.6800000000017,0.0,200284.0,0.0,84.0,0.0,204289.67999999996,0.0,0.0,0.0,453351.32857177174
571,2021-07-25,2021,False,51.56164383561644,992,0,1084,340825.6954379975,0.0,41399,49,0.0,,,0.15841576614265823,0.13164417944669593,0.3836472553202913,0.966703629032258,0.07327213828833655,448977.64857177314,0,False,False,True,"{""0"":null,""1"":null,""2"":null,""3"":null}",992.0,565752.0,0.0,400568.0,0.0,400568.0,0.0,340825.6954379975,0.0,0.0,0.0,0.0,453351.32857177174,0.0,13.55823551933278,0.0,1620.0,0.0,0.0,0.0,35916.899999757836,0.0,993.7499999998951,0.0,20028.399999848796,0.0,0.0,0.0,0.0,0.0,0.0,0.0,4005.6800000000017,0.0,200284.0,0.0,84.0,0.0,204289.67999999996,0.0,0.0,0.0,453351.32857177174
572,2021-07-26,2021,True,51.56438356164384,993,993,1085,341670.8587507702,1585.4867542352918,42381,15,0.030634628305723065,0.8419472588014327,0.13513946581619438,0.15852750863252346,0.13114766687248053,0.38389534758192645,0.9653524672708963,0.10216470469671568,450055.70532600844,0,False,False,True,"{""0"":null,""1"":null,""2"":null,""3"":null}",993.0,566745.0,993.0,401561.0,993.0,401561.0,845.1633127726964,341670.8587507702,845.1633127726964,0.0,0.0,1585.4867542352877,454936.815326007,0.030634628305723055,13.588870147638502,4.0,1624.0,0.0,0.0,89.29999999870051,36006.199999756536,7.349999999998886,1001.099999999894,49.6499999992775,20078.049999848074,0.0,0.0,0.0,0.0,0.0,0.0,9.929999999999836,4015.6100000000015,496.5,200780.5,1.0,85.0,506.429999999993,204796.10999999996,0.0,0.0,1585.4867542352877,454936.815326007
573,2021-07-27,2021,True,51.56712328767123,993,993,1085,342516.0220635429,1500.7007609919574,42433,31,0.0,0.846882092166498,0.15624122332882195,0.15857813310763952,0.1312244409997151,0.38389534758192645,0.9653826787512588,0.1290561305569783,451049.9760870004,0,False,False,True,"{""0"":null,""1"":null,""2"":null,""3"":null}",993.0,567738.0,993.0,402554.0,993.0,402554.0,845.1633127726964,342516.0220635429,845.1633127726964,0.0,0.0,1500.7007609919528,456437.516086999,0.0,13.588870147638502,4.0,1628.0,0.0,0.0,89.29999999870051,36095.49999975524,0.0,1001.099999999894,49.6499999992775,20127.69999984735,0.0,0.0,0.0,0.0,0.0,0.0,9.929999999999836,4025.5400000000013,496.5,201277.0,0.0,85.0,506.429999999993,205302.53999999995,0.0,0.0,1500.7007609919528,456437.516086999
574,2021-07-28,2021,True,51.56986301369863,993,993,1085,343361.1853763156,1430.7141989909455,42533,54,0.0,0.8328341280755778,0.16557412166019878,0.158602356925716,0.13131887982698942,0.38389534758192645,0.9651560926485397,0.15396499232249558,451974.26028599136,0,False,False,True,"{""0"":null,""1"":null,""2"":null,""3"":null}",993.0,568731.0,993.0,403547.0,993.0,403547.0,845.1633127726964,343361.1853763156,845.1633127726964,0.0,0.0,1430.7141989909578,457868.23028598994,0.0,13.588870147638502,4.0,1632.0,0.0,0.0,89.29999999870051,36184.79999975394,0.0,1001.099999999894,49.6499999992775,20177.34999984663,0.0,0.0,0.0,0.0,0.0,0.0,9.929999999999836,4035.470000000001,496.5,201773.5,0.0,85.0,506.429999999993,205808.96999999994,0.0,0.0,1430.7141989909578,457868.23028598994
575,2021-07-29,2021,True,51.57260273972603,993,993,1085,344206.3486890883,1361.6404368458757,42661,58,0.0,0.8207656274831597,0.1660908314800717,0.15857133133522167,0.13138075330166168,0.38389534758192645,0.965503524672709,0.1769602599248384,452829.47072283726,0,False,False,True,"{""0"":null,""1"":null,""2"":null,""3"":null}",993.0,569724.0,993.0,404540.0,993.0,404540.0,845.1633127726964,344206.3486890883,845.1633127726964,0.0,0.0,1361.6404368458898,459229.8707228358,0.0,13.588870147638502,4.0,1636.0,0.0,0.0,89.29999999870051,36274.09999975264,2.249999999999659,1003.3499999998936,49.6499999992775,20226.999999845906,0.0,0.0,0.0,0.0,0.0,0.0,9.929999999999836,4045.400000000001,496.5,202270.0,0.0,85.0,506.429999999993,206315.39999999994,0.0,0.0,1361.6404368458898,459229.8707228358
576,2021-07-30,2021,True,51.57534246575342,993,993,1085,345051.512001861,1310.5249012511945,42752,61,0.0,0.8126236334917836,0.18744612551000242,0.15853627878852988,0.13147022916275897,0.38389534758192645,0.9655840886203424,0.1981720103439053,453633.56562408846,0,False,False,True,"{""0"":null,""1"":null,""2"":null,""3"":null}",993.0,570717.0,993.0,405533.0,993.0,405533.0,845.1633127726964,345051.512001861,845.1633127726964,0.0,0.0,1310.5249012511922,460540.395624087,0.0,13.588870147638502,4.0,1640.0,0.0,0.0,89.29999999870051,36363.39999975134,2.399999999999636,1005.7499999998932,49.6499999992775,20276.649999845184,0.0,0.0,0.0,0.0,0.0,0.0,9.929999999999836,4055.330000000001,496.5,202766.5,0.0,85.0,506.429999999993,206821.82999999993,0.0,0.0,1310.5249012511922,460540.395624087
577,2021-07-31,2021,False,51.57808219178082,992,0,1085,345051.512001861,0.0,41899,61,0.0,,,0.15826464479753183,0.13114073030302284,0.3836472553202913,0.9667237903225806,0.12271521183628781,453633.56562408846,0,False,False,True,"{""0"":null,""1"":null,""2"":null,""3"":null}",992.0,571709.0,0.0,405533.0,0.0,405533.0,0.0,345051.512001861,0.0,0.0,0.0,0.0,460540.395624087,0.0,13.588870147638502,0.0,1640.0,0.0,0.0,0.0,36363.39999975134,0.0,1005.7499999998932,0.0,20276.649999845184,0.0,0.0,0.0,0.0,0.0,0.0,0.0,4055.330000000001,0.0,202766.5,0.0,85.0,0.0,206821.82999999993,0.0,0.0,0.0,460540.395624087
578,2021-08-01,2021,False,51.58082191780822,992,0,1085,345051.512001861,0.0,41899,61,0.0,,,0.15826464479753183,0.1311407303030228,0.3836472553202913,0.9667237903225806,0.07281170435317415,453633.56562408846,0,False,False,True,"{""0"":null,""1"":null,""2"":null,""3"":null}",992.0,572701.0,0.0,405533.0,0.0,405533.0,0.0,345051.512001861,0.0,0.0,0.0,0.0,460540.395624087,0.0,13.588870147638502,0.0,1640.0,0.0,0.0,0.0,36363.39999975134,0.0,1005.7499999998932,0.0,20276.649999845184,0.0,0.0,0.0,0.0,0.0,0.0,0.0,4055.330000000001,0.0,202766.5,0.0,85.0,0.0,206821.82999999993,0.0,0.0,0.0,460540.395624087
579,2021-08-02,2021,True,51.583561643835615,992,992,1085,345895.8303625199,1552.186818808585,42893,25,0.24664388941528176,0.8608737385220653,0.13066213245460084,0.15826464479753183,0.13114073030302284,0.3836472553202913,0.9655897177419355,0.10174960030937104,454679.8324428971,0,False,False,True,"{""0"":null,""1"":null,""2"":null,""3"":null}",992.0,573693.0,992.0,406525.0,992.0,406525.0,844.3183606588864,345895.8303625199,844.3183606588864,0.0,0.0,1552.1868188086082,462092.5824428956,0.2466438894152816,13.835514037053784,4.0,1644.0,0.0,0.0,89.19999999870197,36452.59999975004,9.149999999998613,1014.8999999998919,49.599999999278225,20326.249999844462,0.0,0.0,0.0,0.0,0.0,0.0,9.920000000000073,4065.250000000001,496.0,203262.5,0.0,85.0,505.9200000000128,207327.74999999994,0.0,0.0,1552.1868188086082,462092.5824428956
580,2021-08-03,2021,True,51.586301369863016,992,992,1085,346740.1487231788,1490.6230310121164,42927,44,0.0,0.8225506341678586,0.18047801949870027,0.1582419552912693,0.13120985914924024,0.3836472553202913,0.965766129032258,0.1286609375679291,455664.5354739092,0,False,False,True,"{""0"":null,""1"":null,""2"":null,""3"":null}",992.0,574685.0,992.0,407517.0,992.0,407517.0,844.3183606588864,346740.1487231788,844.3183606588864,0.0,0.0,1490.6230310121318,463583.20547390776,0.0,13.835514037053784,4.0,1648.0,0.0,0.0,89.19999999870197,36541.79999974874,0.0,1014.8999999998919,49.599999999278225,20375.84999984374,0.0,0.0,0.0,0.0,0.0,0.0,9.920000000000073,4075.170000000001,496.0,203758.5,0.0,85.0,505.9200000000128,207833.66999999995,0.0,0.0,1490.6230310121318,463583.20547390776
581,2021-08-04,2021,True,51.58904109589041,992,992,1085,347584.46708383766,1420.425540376895,43026,68,0.0,0.8387286084392421,0.15966860244165795,0.1582417673062424,0.13133041717196814,0.3836472553202913,0.9655090725806451,0.15356011281966908,456579.04101428617,0,False,False,True,"{""0"":null,""1"":null,""2"":null,""3"":null}",992.0,575677.0,992.0,408509.0,992.0,408509.0,844.3183606588864,347584.46708383766,844.3183606588864,0.0,0.0,1420.4255403769203,465003.6310142847,0.0,13.835514037053784,4.0,1652.0,0.0,0.0,89.19999999870197,36630.999999747444,0.0,1014.8999999998919,49.599999999278225,20425.44999984302,0.0,0.0,0.0,0.0,0.0,0.0,9.920000000000073,4085.090000000001,496.0,204254.5,0.0,85.0,505.9200000000128,208339.58999999997,0.0,0.0,1420.4255403769203,465003.6310142847
582,2021-08-05,2021,True,51.59178082191781,992,992,1085,348428.78544449655,1383.1836866797594,43169,62,0.0,0.8245629114341656,0.1810625018617798,0.15820121465858408,0.13143267001780937,0.3836472553202913,0.9658820564516128,0.1765268953908612,457456.30470096593,0,False,False,True,"{""0"":null,""1"":null,""2"":null,""3"":null}",992.0,576669.0,992.0,409501.0,992.0,409501.0,844.3183606588864,348428.78544449655,844.3183606588864,0.0,0.0,1383.183686679753,466386.81470096443,0.0,13.835514037053784,4.0,1656.0,0.0,0.0,89.19999999870197,36720.199999746146,3.7499999999994316,1018.6499999998913,49.599999999278225,20475.049999842297,0.0,0.0,0.0,0.0,0.0,0.0,9.920000000000073,4095.010000000001,496.0,204750.5,0.0,85.0,505.9200000000128,208845.50999999998,0.0,0.0,1383.183686679753,466386.81470096443
583,2021-08-06,2021,True,51.59452054794521,992,992,1085,349273.10380515544,1318.2106380941098,43256,60,0.3483950663092678,0.816478021921826,0.1786192448393092,0.15834096866738626,0.1316173478283251,0.3836472553202913,0.96609375,0.1977605525193472,458268.59533906006,0,False,False,True,"{""0"":null,""1"":null,""2"":null,""3"":null}",992.0,577661.0,992.0,410493.0,992.0,410493.0,844.3183606588864,349273.10380515544,844.3183606588864,0.0,0.0,1318.2106380941113,467705.02533905854,0.3483950663092674,14.183909103363051,4.0,1660.0,0.0,0.0,89.19999999870197,36809.39999974485,2.849999999999568,1021.4999999998909,49.599999999278225,20524.649999841575,0.0,0.0,0.0,0.0,0.0,0.0,9.920000000000073,4104.930000000001,496.0,205246.5,0.0,85.0,505.9200000000128,209351.43,0.0,0.0,1318.2106380941113,467705.02533905854
584,2021-08-07,2021,False,51.5972602739726,991,0,1085,349273.10380515544,0.0,42399,60,0.0,,,0.15817144618015663,0.13165048967759208,0.38371308504561413,0.9670887991927346,0.12221393533371648,458268.59533906006,0,False,False,True,"{""0"":null,""1"":null,""2"":null,""3"":null}",991.0,578652.0,0.0,410493.0,0.0,410493.0,0.0,349273.10380515544,0.0,0.0,0.0,0.0,467705.02533905854,0.0,14.183909103363051,0.0,1660.0,0.0,0.0,0.0,36809.39999974485,0.0,1021.4999999998909,0.0,20524.649999841575,0.0,0.0,0.0,0.0,0.0,0.0,0.0,4104.930000000001,0.0,205246.5,0.0,85.0,0.0,209351.43,0.0,0.0,0.0,467705.02533905854
585,2021-08-08,2021,False,51.6,991,0,1085,349273.10380515544,0.0,42399,60,0.0,,,0.15817144618015663,0.13165048967759205,0.38371308504561413,0.9670887991927346,0.07224496616464114,458268.59533906006,0,False,False,True,"{""0"":null,""1"":null,""2"":null,""3"":null}",991.0,579643.0,0.0,410493.0,0.0,410493.0,0.0,349273.10380515544,0.0,0.0,0.0,0.0,467705.02533905854,0.0,14.183909103363051,0.0,1660.0,0.0,0.0,0.0,36809.39999974485,0.0,1021.4999999998909,0.0,20524.649999841575,0.0,0.0,0.0,0.0,0.0,0.0,0.0,4104.930000000001,0.0,205246.5,0.0,85.0,0.0,209351.43,0.0,0.0,0.0,467705.02533905854
586,2021-08-09,2021,True,51.602739726027394,991,991,1085,350116.43804516527,1594.4678680640643,43385,23,0.0,0.8506176003478456,0.14364523409546487,0.15817144618015663,0.13165048967759205,0.38371308504561413,0.9658980827447023,0.10118165048386117,459357.65320712415,0,False,False,True,"{""0"":null,""1"":null,""2"":null,""3"":null}",991.0,580634.0,991.0,411484.0,991.0,411484.0,843.3342400098336,350116.43804516527,843.3342400098336,0.0,0.0,1594.4678680640645,469299.4932071226,0.0,14.183909103363051,4.0,1664.0,0.0,0.0,89.09999999870342,36898.49999974355,9.000000000003638,1030.4999999998945,49.54999999927895,20574.199999840854,0.0,0.0,0.0,0.0,0.0,0.0,9.909999999999854,4114.840000000001,495.5,205742.0,0.0,85.0,505.4100000000035,209856.84,0.0,0.0,1594.4678680640645,469299.4932071226
587,2021-08-10,2021,True,51.605479452054794,991,991,1085,350959.7722851751,1507.2076752243536,43427,43,0.32589343489389055,0.8596902793359673,0.1288476465462165,0.15804510814213574,0.13169975482674323,0.38371308504561413,0.9658123107971746,0.12800676556104246,460359.4508823485,0,False,False,True,"{""0"":null,""1"":null,""2"":null,""3"":null}",991.0,581625.0,991.0,412475.0,991.0,412475.0,843.3342400098336,350959.7722851751,843.3342400098336,0.0,0.0,1507.2076752243447,470806.70088234695,0.32589343489389044,14.509802538256942,4.0,1668.0,0.0,0.0,89.09999999870342,36987.599999742255,0.0,1030.4999999998945,49.54999999927895,20623.749999840133,0.0,0.0,0.0,0.0,0.0,0.0,9.909999999999854,4124.750000000001,495.5,206237.5,0.0,85.0,505.4100000000035,210362.25,0.0,0.0,1507.2076752243447,470806.70088234695
588,2021-08-11,2021,True,51.608219178082194,991,991,1085,351803.10652518494,1434.9061834016868,43538,50,0.0,0.8335208897494116,0.14844178330709365,0.15813087062366413,0.1318393533725301,0.38371308504561413,0.9657416750756811,0.15287177007216646,461288.94706575025,0,False,False,True,"{""0"":null,""1"":null,""2"":null,""3"":null}",991.0,582616.0,991.0,413466.0,991.0,413466.0,843.3342400098336,351803.10652518494,843.3342400098336,0.0,0.0,1434.9061834017048,472241.60706574866,0.0,14.509802538256942,4.0,1672.0,0.0,0.0,89.09999999870342,37076.69999974096,0.0,1030.4999999998945,49.54999999927895,20673.29999983941,0.0,0.0,0.0,0.0,0.0,0.0,9.909999999999854,4134.660000000001,495.5,206733.0,0.0,85.0,505.4100000000035,210867.66,0.0,0.0,1434.9061834017048,472241.60706574866
589,2021-08-12,2021,True,51.61095890410959,992,992,1086,352647.1696427632,1390.1462233144628,43654,44,0.0,0.8144658102174926,0.17999163179297845,0.15808609307880045,0.13110201750371608,0.3836472553202913,0.9653528225806451,0.17566567004180125,462172.1732890647,0,False,False,True,"{""0"":null,""1"":null,""2"":null,""3"":null}",992.0,583608.0,992.0,414458.0,992.0,414458.0,844.0631175782764,352647.1696427632,844.0631175782764,0.0,0.0,1390.1462233144557,473631.7532890631,0.0,14.509802538256942,4.0,1676.0,0.0,0.0,89.19999999870197,37165.89999973966,3.450000000002092,1033.9499999998966,49.599999999278225,20722.89999983869,0.0,0.0,0.0,0.0,0.0,0.0,9.920000000000073,4144.580000000001,496.0,207229.0,1.0,86.0,505.9200000000128,211373.58000000002,0.0,0.0,1390.1462233144557,473631.7532890631
590,2021-08-13,2021,True,51.61369863013699,991,991,1086,353490.49493790575,1288.533417141052,43746,54,0.12490723059274318,0.8153323756040225,0.19854278916800783,0.15798301712460322,0.13099306638201216,0.3833991630586562,0.965297679112008,0.19702186328095256,462955.2967062058,0,False,False,True,"{""0"":null,""1"":null,""2"":null,""3"":null}",991.0,584599.0,991.0,415449.0,991.0,415449.0,843.3252951425384,353490.49493790575,843.3252951425384,0.0,0.0,1288.533417141065,474920.2867062042,0.12490723059274345,14.634709768849685,4.0,1680.0,0.0,0.0,89.09999999870342,37254.999999738364,3.000000000001819,1036.9499999998984,49.54999999927895,20772.44999983797,0.0,0.0,0.0,0.0,0.0,0.0,9.909999999999854,4154.490000000001,495.5,207724.5,0.0,86.0,505.4100000000035,211878.99000000002,0.0,0.0,1288.533417141065,474920.2867062042
591,2021-08-14,2021,False,51.61643835616438,992,0,1087,353490.49493790575,0.0,42899,54,0.0,,,0.1580474935867759,0.1306123354628681,0.3836472553202913,0.966179435483871,0.121673857294515,462954.2967062058,0,False,False,True,"{""0"":null,""1"":null,""2"":null,""3"":null}",992.0,585591.0,0.0,415449.0,0.0,415449.0,0.0,353490.49493790575,0.0,0.0,0.0,0.0,474920.2867062042,0.0,14.634709768849685,0.0,1680.0,0.0,0.0,0.0,37254.999999738364,0.0,1036.9499999998984,0.0,20772.44999983797,0.0,0.0,0.0,0.0,0.0,0.0,0.0,4154.490000000001,0.0,207724.5,1.0,87.0,0.0,211878.99000000002,0.0,0.0,0.0,474920.2867062042
592,2021-08-15,2021,False,51.61917808219178,992,0,1087,353490.49493790575,0.0,42899,54,0.0,,,0.1580474935867759,0.1306123354628681,0.3836472553202913,0.966179435483871,0.07178284630309252,462954.2967062058,0,False,False,True,"{""0"":null,""1"":null,""2"":null,""3"":null}",992.0,586583.0,0.0,415449.0,0.0,415449.0,0.0,353490.49493790575,0.0,0.0,0.0,0.0,474920.2867062042,0.0,14.634709768849685,0.0,1680.0,0.0,0.0,0.0,37254.999999738364,0.0,1036.9499999998984,0.0,20772.44999983797,0.0,0.0,0.0,0.0,0.0,0.0,0.0,4154.490000000001,0.0,207724.5,0.0,87.0,0.0,211878.99000000002,0.0,0.0,0.0,474920.2867062042
593,2021-08-16,2021,True,51.62191780821918,992,992,1087,354334.5497254527,1618.4201831527419,43895,10,0.0,0.8397447698591152,0.15485719218726166,0.1580474935867759,0.1306123354628681,0.3836472553202913,0.9652721774193548,0.1006346008525745,464066.79688935855,0,False,False,True,"{""0"":null,""1"":null,""2"":null,""3"":null}",992.0,587575.0,992.0,416441.0,992.0,416441.0,844.0547875469783,354334.5497254527,844.0547875469783,0.0,0.0,1618.420183152717,476538.7068893569,0.0,14.634709768849685,4.0,1684.0,0.0,0.0,89.19999999870197,37344.199999737066,8.100000000004911,1045.0499999999033,49.599999999278225,20822.049999837247,0.0,0.0,0.0,0.0,0.0,0.0,9.920000000000073,4164.410000000001,496.0,208220.5,0.0,87.0,505.9200000000128,212384.91000000003,0.0,0.0,1618.420183152717,476538.7068893569
594,2021-08-17,2021,True,51.62465753424657,992,992,1087,355178.6045129997,1499.8530151351945,43934,23,0.16591688519246553,0.8396797979432422,0.15277458493239704,0.15795196712372161,0.13068325191739427,0.3836472553202913,0.9659022177419354,0.1275688375284583,465060.7299044938,0,False,False,True,"{""0"":null,""1"":null,""2"":null,""3"":null}",992.0,588567.0,992.0,417433.0,992.0,417433.0,844.0547875469783,355178.6045129997,844.0547875469783,0.0,0.0,1499.853015135217,478038.5599044921,0.16591688519246617,14.800626654042151,4.0,1688.0,0.0,0.0,89.19999999870197,37433.39999973577,0.0,1045.0499999999033,49.599999999278225,20871.649999836525,0.0,0.0,0.0,0.0,0.0,0.0,9.920000000000073,4174.330000000001,496.0,208716.5,0.0,87.0,505.9200000000128,212890.83000000005,0.0,0.0,1499.853015135217,478038.5599044921
595,2021-08-18,2021,True,51.62739726027397,992,992,1087,356022.6593005467,1443.4617721144004,44029,40,0.14772814726099107,0.8387082350559348,0.15623982033915623,0.1579312471889269,0.13073245361111632,0.3836472553202913,0.9657207661290322,0.15248911466708354,465998.2716766082,0,False,False,True,"{""0"":null,""1"":null,""2"":null,""3"":null}",992.0,589559.0,992.0,418425.0,992.0,418425.0,844.0547875469783,356022.6593005467,844.0547875469783,0.0,0.0,1443.4617721143877,479482.0216766065,0.1477281472609917,14.948354801303143,4.0,1692.0,0.0,0.0,89.19999999870197,37522.59999973447,0.0,1045.0499999999033,49.599999999278225,20921.249999835803,0.0,0.0,0.0,0.0,0.0,0.0,9.920000000000073,4184.250000000001,496.0,209212.5,0.0,87.0,505.9200000000128,213396.75000000006,0.0,0.0,1443.4617721143877,479482.0216766065
596,2021-08-19,2021,True,51.630136986301366,992,992,1087,356866.71408809366,1370.1266386640623,44129,49,0.0,0.8034583646063947,0.18793115093781215,0.15792385315578494,0.13083668335384938,0.3836472553202913,0.9652620967741935,0.17556880356084922,466862.47831527225,0,False,False,True,"{""0"":null,""1"":null,""2"":null,""3"":null}",992.0,590551.0,992.0,419417.0,992.0,419417.0,844.0547875469783,356866.71408809366,844.0547875469783,0.0,0.0,1370.126638664049,480852.14831527055,0.0,14.948354801303143,4.0,1696.0,0.0,0.0,89.19999999870197,37611.79999973317,1.5000000000009095,1046.5499999999042,49.599999999278225,20970.84999983508,0.0,0.0,0.0,0.0,0.0,0.0,9.920000000000073,4194.170000000001,496.0,209708.5,0.0,87.0,505.9200000000128,213902.67000000007,0.0,0.0,1370.126638664049,480852.14831527055
597,2021-08-20,2021,True,51.632876712328766,992,992,1087,357710.76887564064,1308.5268456568374,44259,49,0.0658137350916715,0.8356760429467642,0.158137155292642,0.15798196662644315,0.1308871023903278,0.3836472553202913,0.9654939516129032,0.1968439170381612,467665.0851609291,0,False,False,True,"{""0"":null,""1"":null,""2"":null,""3"":null}",992.0,591543.0,992.0,420409.0,992.0,420409.0,844.0547875469783,357710.76887564064,844.0547875469783,0.0,0.0,1308.5268456568592,482160.6751609274,0.06581373509167143,15.014168536394815,4.0,1700.0,0.0,0.0,89.19999999870197,37700.999999731874,1.9500000000011823,1048.4999999999054,49.599999999278225,21020.44999983436,0.0,0.0,0.0,0.0,0.0,0.0,9.920000000000073,4204.090000000001,496.0,210204.5,0.0,87.0,505.9200000000128,214408.59000000008,0.0,0.0,1308.5268456568592,482160.6751609274
598,2021-08-21,2021,False,51.635616438356166,992,0,1087,357710.76887564064,0.0,43399,49,0.0,,,0.1579365878408455,0.13098817406121194,0.3836472553202913,0.966703629032258,0.12170840291593193,467665.0851609291,0,False,False,True,"{""0"":null,""1"":null,""2"":null,""3"":null}",992.0,592535.0,0.0,420409.0,0.0,420409.0,0.0,357710.76887564064,0.0,0.0,0.0,0.0,482160.6751609274,0.0,15.014168536394815,0.0,1700.0,0.0,0.0,0.0,37700.999999731874,0.0,1048.4999999999054,0.0,21020.44999983436,0.0,0.0,0.0,0.0,0.0,0.0,0.0,4204.090000000001,0.0,210204.5,0.0,87.0,0.0,214408.59000000008,0.0,0.0,0.0,482160.6751609274
599,2021-08-22,2021,False,51.63835616438356,992,0,1087,357710.76887564064,0.0,43399,49,0.0,,,0.1579365878408455,0.13098817406121194,0.3836472553202913,0.966703629032258,0.0717867411004703,467665.0851609291,0,False,False,True,"{""0"":null,""1"":null,""2"":null,""3"":null}",992.0,593527.0,0.0,420409.0,0.0,420409.0,0.0,357710.76887564064,0.0,0.0,0.0,0.0,482160.6751609274,0.0,15.014168536394815,0.0,1700.0,0.0,0.0,0.0,37700.999999731874,0.0,1048.4999999999054,0.0,21020.44999983436,0.0,0.0,0.0,0.0,0.0,0.0,0.0,4204.090000000001,0.0,210204.5,0.0,87.0,0.0,214408.59000000008,0.0,0.0,0.0,482160.6751609274
600,2021-08-23,2021,True,51.64109589041096,991,991,1087,358553.8278329948,1594.6888922112687,44391,15,0.0,0.8546795415959253,0.14203752944743778,0.15770882288924812,0.1305776049508203,0.3833991630586562,0.9659334006054491,0.10032528593653557,468754.3640531404,0,False,False,True,"{""0"":null,""1"":null,""2"":null,""3"":null}",991.0,594518.0,991.0,421400.0,991.0,421400.0,843.0589573541656,358553.8278329948,843.0589573541656,0.0,0.0,1594.6888922112412,483755.36405313865,0.0,15.014168536394815,4.0,1704.0,0.0,0.0,89.09999999870342,37790.09999973058,7.3500000000044565,1055.8499999999099,49.54999999927895,21069.99999983364,0.0,0.0,0.0,0.0,0.0,0.0,9.909999999999854,4214.000000000001,495.5,210700.0,0.0,87.0,505.4100000000035,214914.0000000001,0.0,0.0,1594.6888922112412,483755.36405313865
601,2021-08-24,2021,True,51.64383561643836,991,991,1087,359396.886790349,1494.3692048967443,44430,30,0.0,0.8254211832310304,0.169751358663961,0.15765667447882603,0.13063201806643437,0.3833991630586562,0.9661856710393542,0.1272602845288333,469743.32325803716,0,False,False,True,"{""0"":null,""1"":null,""2"":null,""3"":null}",991.0,595509.0,991.0,422391.0,991.0,422391.0,843.0589573541656,359396.886790349,843.0589573541656,0.0,0.0,1494.369204896735,485249.7332580354,0.0,15.014168536394815,4.0,1708.0,0.0,0.0,89.09999999870342,37879.19999972928,0.0,1055.8499999999099,49.54999999927895,21119.549999832918,0.0,0.0,0.0,0.0,0.0,0.0,9.909999999999854,4223.910000000001,495.5,211195.5,0.0,87.0,505.4100000000035,215419.4100000001,0.0,0.0,1494.369204896735,485249.7332580354
602,2021-08-25,2021,True,51.64657534246575,992,992,1088,360240.69104910217,1464.7365569576014,44524,45,0.05922781917866579,0.8518145161290323,0.1303763440860215,0.15759205288269773,0.12987363623612708,0.38333333333333336,0.9654989919354838,0.15214705832082953,470701.13981499476,0,False,False,True,"{""0"":null,""1"":null,""2"":null,""3"":null}",992.0,596501.0,992.0,423383.0,992.0,423383.0,843.8042587531963,360240.69104910217,843.8042587531963,0.0,0.0,1464.7365569575923,486714.469814993,0.05922781917866615,15.07339635557348,4.0,1712.0,0.0,0.0,89.19999999870197,37968.39999972798,0.0,1055.8499999999099,49.599999999278225,21169.149999832196,0.0,0.0,0.0,0.0,0.0,0.0,9.920000000000073,4233.830000000001,496.0,211691.5,1.0,88.0,505.9200000000128,215925.3300000001,0.0,0.0,1464.7365569575923,486714.469814993
603,2021-08-26,2021,True,51.64931506849315,992,992,1088,361084.49530785537,1409.8279681684444,44632,55,0.0,0.8276209677419355,0.16102150537634408,0.1575884580197591,0.12998851302475753,0.38333333333333336,0.9648487903225806,0.17516382117393436,471605.0477831632,0,False,False,True,"{""0"":null,""1"":null,""2"":null,""3"":null}",992.0,597493.0,992.0,424375.0,992.0,424375.0,843.8042587531963,361084.49530785537,843.8042587531963,0.0,0.0,1409.8279681684216,488124.2977831614,0.0,15.07339635557348,4.0,1716.0,0.0,0.0,89.19999999870197,38057.599999726684,2.2500000000013642,1058.0999999999112,49.599999999278225,21218.749999831474,0.0,0.0,0.0,0.0,0.0,0.0,9.920000000000073,4243.750000000001,496.0,212187.5,0.0,88.0,505.9200000000128,216431.25000000012,0.0,0.0,1409.8279681684216,488124.2977831614
604,2021-08-27,2021,True,51.652054794520545,992,992,1088,361928.29956660856,1317.9262553567316,44751,54,0.0,0.8306451612903226,0.16236559139784945,0.1575563649458246,0.13001682136856146,0.38333333333333336,0.9648084677419355,0.19640042720446874,472417.05403852,0,False,False,True,"{""0"":null,""1"":null,""2"":null,""3"":null}",992.0,598485.0,992.0,425367.0,992.0,425367.0,843.8042587531963,361928.29956660856,843.8042587531963,0.0,0.0,1317.9262553567532,489442.22403851815,0.0,15.07339635557348,4.0,1720.0,0.0,0.0,89.19999999870197,38146.79999972539,2.2500000000013642,1060.3499999999126,49.599999999278225,21268.349999830752,0.0,0.0,0.0,0.0,0.0,0.0,9.920000000000073,4253.670000000001,496.0,212683.5,0.0,88.0,505.9200000000128,216937.17000000013,0.0,0.0,1317.9262553567532,489442.22403851815
605,2021-08-28,2021,False,51.654794520547945,992,0,1088,361928.29956660856,0.0,43899,54,0.0,,,0.15756688153797296,0.13014069646257648,0.38333333333333336,0.9661189516129032,0.1212225093126477,472417.05403852,0,False,False,True,"{""0"":null,""1"":null,""2"":null,""3"":null}",992.0,599477.0,0.0,425367.0,0.0,425367.0,0.0,361928.29956660856,0.0,0.0,0.0,0.0,489442.22403851815,0.0,15.07339635557348,0.0,1720.0,0.0,0.0,0.0,38146.79999972539,0.0,1060.3499999999126,0.0,21268.349999830752,0.0,0.0,0.0,0.0,0.0,0.0,0.0,4253.670000000001,0.0,212683.5,0.0,88.0,0.0,216937.17000000013,0.0,0.0,0.0,489442.22403851815
606,2021-08-29,2021,False,51.657534246575345,992,0,1088,361928.29956660856,0.0,43899,54,0.0,,,0.15756688153797296,0.13014069646257648,0.38333333333333336,0.9661189516129032,0.07129402938313861,472417.05403852,0,False,False,True,"{""0"":null,""1"":null,""2"":null,""3"":null}",992.0,600469.0,0.0,425367.0,0.0,425367.0,0.0,361928.29956660856,0.0,0.0,0.0,0.0,489442.22403851815,0.0,15.07339635557348,0.0,1720.0,0.0,0.0,0.0,38146.79999972539,0.0,1060.3499999999126,0.0,21268.349999830752,0.0,0.0,0.0,0.0,0.0,0.0,0.0,4253.670000000001,0.0,212683.5,0.0,88.0,0.0,216937.17000000013,0.0,0.0,0.0,489442.22403851815
607,2021-08-30,2021,True,51.66027397260274,992,992,1088,362772.10382536176,1626.2986347485528,44896,9,0.3276373141044091,0.8608870967741935,0.14112903225806453,0.15756688153797296,0.13014069646257648,0.38333333333333336,0.9653024193548387,0.10019089393762215,473537.43267326854,0,False,False,True,"{""0"":null,""1"":null,""2"":null,""3"":null}",992.0,601461.0,992.0,426359.0,992.0,426359.0,843.8042587531963,362772.10382536176,843.8042587531963,0.0,0.0,1626.2986347485567,491068.5226732667,0.3276373141044093,15.40103366967789,4.0,1724.0,0.0,0.0,89.19999999870197,38235.99999972409,8.100000000004911,1068.4499999999175,49.599999999278225,21317.94999983003,0.0,0.0,0.0,0.0,0.0,0.0,9.920000000000073,4263.590000000001,496.0,213179.5,0.0,88.0,505.9200000000128,217443.09000000014,0.0,0.0,1626.2986347485567,491068.5226732667
608,2021-08-31,2021,True,51.66301369863014,992,992,1088,363615.90808411496,1551.8574652729956,44935,33,0.0,0.8497983870967742,0.13172043010752688,0.1576154268652976,0.13022993415769538,0.38333333333333336,0.9659274193548387,0.1272012615603683,474583.37013854156,0,False,False,True,"{""0"":null,""1"":null,""2"":null,""3"":null}",992.0,602453.0,992.0,427351.0,992.0,427351.0,843.8042587531963,363615.90808411496,843.8042587531963,0.0,0.0,1551.8574652730022,492620.3801385397,0.0,15.40103366967789,4.0,1728.0,0.0,0.0,89.19999999870197,38325.19999972279,0.0,1068.4499999999175,49.599999999278225,21367.54999982931,0.0,0.0,0.0,0.0,0.0,0.0,9.920000000000073,4273.510000000001,496.0,213675.5,0.0,88.0,505.9200000000128,217949.01000000015,0.0,0.0,1551.8574652730022,492620.3801385397
609,2021-09-01,2021,True,51.66575342465753,993,993,1089,364460.63811913435,1465.1321048294787,45043,47,0.0,0.837859502526234,0.14350911841816522,0.15765112089462818,0.12981107692988697,0.3835814255949685,0.9657200402819739,0.15217964609345405,475541.07224337105,0,False,False,True,"{""0"":null,""1"":null,""2"":null,""3"":null}",993.0,603446.0,993.0,428344.0,993.0,428344.0,844.7300350193982,364460.63811913435,844.7300350193982,0.0,0.0,1465.1321048294776,494085.5122433692,0.0,15.40103366967789,4.0,1732.0,0.0,0.0,89.29999999870051,38414.49999972149,0.0,1068.4499999999175,49.6499999992775,21417.199999828586,0.0,0.0,0.0,0.0,0.0,0.0,9.930000000000291,4283.440000000001,496.5,214172.0,1.0,89.0,506.429999999993,218455.44000000015,0.0,0.0,1465.1321048294776,494085.5122433692
610,2021-09-02,2021,True,51.66849315068493,993,993,1089,365305.36815415375,1390.860429193886,45145,66,0.03869459414364538,0.8137226324653453,0.18434969913262417,0.1576194778510357,0.12989661985208154,0.3835814255949685,0.9655589123867069,0.17523454107558672,476425.50267256494,0,False,False,True,"{""0"":null,""1"":null,""2"":null,""3"":null}",993.0,604439.0,993.0,429337.0,993.0,429337.0,844.7300350193982,365305.36815415375,844.7300350193982,0.0,0.0,1390.8604291938827,495476.37267256307,0.038694594143645844,15.439728263821536,4.0,1736.0,0.0,0.0,89.29999999870051,38503.79999972019,1.3500000000008185,1069.7999999999183,49.6499999992775,21466.849999827864,0.0,0.0,0.0,0.0,0.0,0.0,9.930000000000291,4293.370000000002,496.5,214668.5,0.0,89.0,506.429999999993,218961.87000000014,0.0,0.0,1390.8604291938827,495476.37267256307
611,2021-09-03,2021,True,51.67123287671233,994,994,1090,366150.8959603548,1311.913699007141,45263,60,0.0,0.8218802629874336,0.1695442523359089,0.1577357586301397,0.12957839759546008,0.3838295178566037,0.9655633802816901,0.196417876262457,477229.47637157206,0,False,False,True,"{""0"":null,""1"":null,""2"":null,""3"":null}",994.0,605433.0,994.0,430331.0,994.0,430331.0,845.5278062010766,366150.8959603548,845.5278062010766,0.0,0.0,1311.9136990071274,496788.2863715702,0.0,15.439728263821536,4.0,1740.0,0.0,0.0,89.39999999869906,38593.19999971889,3.600000000002183,1073.3999999999205,49.69999999927677,21516.54999982714,0.0,0.0,0.0,0.0,0.0,0.0,9.9399999999996,4303.310000000001,497.0,215165.5,1.0,90.0,506.9400000000023,219468.81000000014,0.0,0.0,1311.9136990071274,496788.2863715702
612,2021-09-04,2021,False,51.673972602739724,994,0,1090,366150.8959603548,0.0,44399,60,0.0,,,0.15770778304417782,0.12967984009158262,0.3838295178566037,0.9665442655935613,0.12114846904367184,477229.47637157206,0,False,False,True,"{""0"":null,""1"":null,""2"":null,""3"":null}",994.0,606427.0,0.0,430331.0,0.0,430331.0,0.0,366150.8959603548,0.0,0.0,0.0,0.0,496788.2863715702,0.0,15.439728263821536,0.0,1740.0,0.0,0.0,0.0,38593.19999971889,0.0,1073.3999999999205,0.0,21516.54999982714,0.0,0.0,0.0,0.0,0.0,0.0,0.0,4303.310000000001,0.0,215165.5,0.0,90.0,0.0,219468.81000000014,0.0,0.0,0.0,496788.2863715702
613,2021-09-05,2021,False,51.676712328767124,994,0,1090,366150.8959603548,0.0,44399,60,0.0,,,0.15770778304417782,0.12967984009158262,0.3838295178566037,0.9665442655935613,0.07123394294426344,477229.47637157206,0,False,False,True,"{""0"":null,""1"":null,""2"":null,""3"":null}",994.0,607421.0,0.0,430331.0,0.0,430331.0,0.0,366150.8959603548,0.0,0.0,0.0,0.0,496788.2863715702,0.0,15.439728263821536,0.0,1740.0,0.0,0.0,0.0,38593.19999971889,0.0,1073.3999999999205,0.0,21516.54999982714,0.0,0.0,0.0,0.0,0.0,0.0,0.0,4303.310000000001,0.0,215165.5,0.0,90.0,0.0,219468.81000000014,0.0,0.0,0.0,496788.2863715702
614,2021-09-06,2021,True,51.679452054794524,993,993,1090,366995.65247443324,1612.2576949945449,45413,20,0.0,0.869097357170618,0.12818018548675839,0.15765092012483534,0.13006406241934848,0.3835814255949685,0.966852970795569,0.10024014913557142,478335.30406656663,0,False,False,True,"{""0"":null,""1"":null,""2"":null,""3"":null}",993.0,608414.0,993.0,431324.0,993.0,431324.0,844.7565140784136,366995.65247443324,844.7565140784136,0.0,0.0,1612.257694994565,498400.54406656476,0.0,15.439728263821536,4.0,1744.0,0.0,0.0,89.29999999870051,38682.49999971759,9.000000000005457,1082.399999999926,49.6499999992775,21566.19999982642,0.0,0.0,0.0,0.0,0.0,0.0,9.930000000000291,4313.240000000002,496.5,215662.0,0.0,90.0,506.429999999993,219975.24000000014,0.0,0.0,1612.257694994565,498400.54406656476
615,2021-09-07,2021,True,51.68219178082192,993,993,1090,367840.40898851166,1529.6461327156335,45444,39,0.00853024963282015,0.837855454074362,0.16608572121548107,0.15765517806782428,0.1302047711368632,0.3835814255949685,0.9671148036253777,0.12722278935428236,479358.52019928227,0,False,False,True,"{""0"":null,""1"":null,""2"":null,""3"":null}",993.0,609407.0,993.0,432317.0,993.0,432317.0,844.7565140784136,367840.40898851166,844.7565140784136,0.0,0.0,1529.6461327156285,499930.1901992804,0.008530249632819675,15.448258513454356,4.0,1748.0,0.0,0.0,89.29999999870051,38771.79999971629,0.0,1082.399999999926,49.6499999992775,21615.849999825696,0.0,0.0,0.0,0.0,0.0,0.0,9.930000000000291,4323.170000000002,496.5,216158.5,0.0,90.0,506.429999999993,220481.67000000013,0.0,0.0,1529.6461327156285,499930.1901992804
616,2021-09-08,2021,True,51.68493150684932,993,993,1090,368685.16550259007,1468.2530774534375,45540,64,0.14740389265278558,0.8277667120093276,0.16824318861670304,0.15766267188162494,0.13038489149235227,0.3835814255949685,0.9669033232628399,0.15220911015500177,480320.3432767357,0,False,False,True,"{""0"":null,""1"":null,""2"":null,""3"":null}",993.0,610400.0,993.0,433310.0,993.0,433310.0,844.7565140784136,368685.16550259007,844.7565140784136,0.0,0.0,1468.2530774534098,501398.4432767338,0.14740389265278608,15.595662406107142,4.0,1752.0,0.0,0.0,89.29999999870051,38861.09999971499,0.0,1082.399999999926,49.6499999992775,21665.499999824973,0.0,0.0,0.0,0.0,0.0,0.0,9.930000000000291,4333.100000000002,496.5,216655.0,0.0,90.0,506.429999999993,220988.10000000012,0.0,0.0,1468.2530774534098,501398.4432767338
617,2021-09-09,2021,True,51.68767123287671,993,993,1090,369529.9220166685,1379.4783279911542,45663,62,0.0,0.8478875178131883,0.15239192451174016,0.15764890340953042,0.13046713551242536,0.3835814255949685,0.966847935548842,0.1753010082032351,481193.39160472684,0,False,False,True,"{""0"":null,""1"":null,""2"":null,""3"":null}",993.0,611393.0,993.0,434303.0,993.0,434303.0,844.7565140784136,369529.9220166685,844.7565140784136,0.0,0.0,1379.4783279911499,502777.92160472495,0.0,15.595662406107142,4.0,1756.0,0.0,0.0,89.29999999870051,38950.39999971369,3.000000000001819,1085.3999999999278,49.6499999992775,21715.14999982425,0.0,0.0,0.0,0.0,0.0,0.0,9.930000000000291,4343.0300000000025,496.5,217151.5,0.0,90.0,506.429999999993,221494.53000000012,0.0,0.0,1379.4783279911499,502777.92160472495
618,2021-09-10,2021,True,51.69041095890411,993,993,1090,370374.6785307469,1329.6125176682372,45766,57,0.0,0.8187386643347584,0.1856989824792396,0.15757732196313334,0.1305839468494317,0.3835814255949685,0.9670845921450152,0.19653377192704632,482016.5741223951,0,False,False,True,"{""0"":null,""1"":null,""2"":null,""3"":null}",993.0,612386.0,993.0,435296.0,993.0,435296.0,844.7565140784136,370374.6785307469,844.7565140784136,0.0,0.0,1329.6125176682253,504107.5341223932,0.0,15.595662406107142,4.0,1760.0,0.0,0.0,89.29999999870051,39039.69999971239,2.850000000001728,1088.2499999999295,49.6499999992775,21764.79999982353,0.0,0.0,0.0,0.0,0.0,0.0,9.930000000000291,4352.960000000003,496.5,217648.0,0.0,90.0,506.429999999993,222000.9600000001,0.0,0.0,1329.6125176682253,504107.5341223932
619,2021-09-11,2021,False,51.69315068493151,993,0,1090,370374.6785307469,0.0,44899,57,0.0,,,0.15761139611817132,0.1306451815880893,0.3835814255949685,0.9679556898288015,0.12131925320952737,482016.5741223951,0,False,False,True,"{""0"":null,""1"":null,""2"":null,""3"":null}",993.0,613379.0,0.0,435296.0,0.0,435296.0,0.0,370374.6785307469,0.0,0.0,0.0,0.0,504107.5341223932,0.0,15.595662406107142,0.0,1760.0,0.0,0.0,0.0,39039.69999971239,0.0,1088.2499999999295,0.0,21764.79999982353,0.0,0.0,0.0,0.0,0.0,0.0,0.0,4352.960000000003,0.0,217648.0,0.0,90.0,0.0,222000.9600000001,0.0,0.0,0.0,504107.5341223932
620,2021-09-12,2021,False,51.6958904109589,993,0,1091,370374.6785307469,0.0,44899,57,0.0,,,0.15755924065345422,0.1300678445589467,0.38389534758192645,0.9676535750251762,0.07087702695756513,482015.5741223951,0,False,False,True,"{""0"":null,""1"":null,""2"":null,""3"":null}",993.0,614372.0,0.0,435296.0,0.0,435296.0,0.0,370374.6785307469,0.0,0.0,0.0,0.0,504107.5341223932,0.0,15.595662406107142,0.0,1760.0,0.0,0.0,0.0,39039.69999971239,0.0,1088.2499999999295,0.0,21764.79999982353,0.0,0.0,0.0,0.0,0.0,0.0,0.0,4352.960000000003,0.0,217648.0,1.0,91.0,0.0,222000.9600000001,0.0,0.0,0.0,504107.5341223932
621,2021-09-13,2021,True,51.6986301369863,993,993,1091,371219.4616757807,1625.4468386086126,45890,22,0.0,0.8469674702466652,0.13403585097072984,0.15755924065345422,0.1300678445589467,0.38389534758192645,0.9667472306143001,0.09985081701369444,483134.5909610037,0,False,False,True,"{""0"":null,""1"":null,""2"":null,""3"":null}",993.0,615365.0,993.0,436289.0,993.0,436289.0,844.7831450338126,371219.4616757807,844.7831450338126,0.0,0.0,1625.4468386085937,505732.98096100177,0.0,15.595662406107142,4.0,1764.0,0.0,0.0,89.29999999870051,39128.99999971109,8.550000000005184,1096.7999999999347,49.6499999992775,21814.449999822806,0.0,0.0,0.0,0.0,0.0,0.0,9.930000000000291,4362.890000000003,496.5,218144.5,0.0,91.0,506.429999999993,222507.3900000001,0.0,0.0,1625.4468386085937,505732.98096100177
622,2021-09-14,2021,True,51.701369863013696,993,993,1091,372064.2448208145,1532.6736014884625,45949,41,0.0453811438664472,0.8318381105721042,0.15481470226943353,0.15751435604783567,0.1301349796560872,0.38389534758192645,0.9670644511581067,0.1268397871834433,484160.83456249215,0,False,False,True,"{""0"":null,""1"":null,""2"":null,""3"":null}",993.0,616358.0,993.0,437282.0,993.0,437282.0,844.7831450338126,372064.2448208145,844.7831450338126,0.0,0.0,1532.6736014884664,507265.65456249024,0.04538114386644665,15.641043549973588,4.0,1768.0,0.0,0.0,89.29999999870051,39218.299999709794,0.0,1096.7999999999347,49.6499999992775,21864.099999822083,0.0,0.0,0.0,0.0,0.0,0.0,9.930000000000291,4372.820000000003,496.5,218641.0,0.0,91.0,506.429999999993,223013.8200000001,0.0,0.0,1532.6736014884664,507265.65456249024
623,2021-09-15,2021,True,51.704109589041096,993,993,1091,372909.02796584833,1455.6914857658717,46042,59,0.0,0.8429230012645594,0.16068738651911826,0.15752249984584854,0.13032143586507872,0.38389534758192645,0.9670946626384693,0.15183191690315104,485110.096048258,0,False,False,True,"{""0"":null,""1"":null,""2"":null,""3"":null}",993.0,617351.0,993.0,438275.0,993.0,438275.0,844.7831450338126,372909.02796584833,844.7831450338126,0.0,0.0,1455.6914857658558,508721.3460482561,0.0,15.641043549973588,4.0,1772.0,0.0,0.0,89.29999999870051,39307.599999708495,0.0,1096.7999999999347,49.6499999992775,21913.74999982136,0.0,0.0,0.0,0.0,0.0,0.0,9.930000000000291,4382.750000000004,496.5,219137.5,0.0,91.0,506.429999999993,223520.2500000001,0.0,0.0,1455.6914857658558,508721.3460482561
624,2021-09-16,2021,True,51.706849315068496,993,993,1091,373753.81111088215,1374.6909792378826,46167,57,0.0,0.8469226750281785,0.1354542873021694,0.15754428522235578,0.13038799585647576,0.38389534758192645,0.9669989929506546,0.17495183812924736,485978.3570274959,0,False,False,True,"{""0"":null,""1"":null,""2"":null,""3"":null}",993.0,618344.0,993.0,439268.0,993.0,439268.0,844.7831450338126,373753.81111088215,844.7831450338126,0.0,0.0,1374.690979237901,510096.037027494,0.0,15.641043549973588,4.0,1776.0,0.0,0.0,89.29999999870051,39396.899999707195,3.300000000002001,1100.0999999999367,49.6499999992775,21963.39999982064,0.0,0.0,0.0,0.0,0.0,0.0,9.930000000000291,4392.680000000004,496.5,219634.0,0.0,91.0,506.429999999993,224026.68000000008,0.0,0.0,1374.690979237901,510096.037027494
625,2021-09-17,2021,True,51.70958904109589,992,992,1091,374597.61415105814,1319.5704305369288,46267,51,0.0,0.8175480245134747,0.17109420076438342,0.15732929522722794,0.1303120363011446,0.3838847493871798,0.9671370967741936,0.1959939034711802,486792.00745803287,0,False,False,True,"{""0"":null,""1"":null,""2"":null,""3"":null}",992.0,619336.0,992.0,440260.0,992.0,440260.0,843.8030401759897,374597.61415105814,843.8030401759897,0.0,0.0,1319.570430536929,511415.6074580309,0.0,15.641043549973588,4.0,1780.0,0.0,0.0,89.19999999870197,39486.0999997059,2.850000000001728,1102.9499999999384,49.599999999278225,22012.999999819916,0.0,0.0,0.0,0.0,0.0,0.0,9.920000000000073,4402.600000000004,496.0,220130.0,0.0,91.0,505.9200000000128,224532.6000000001,0.0,0.0,1319.570430536929,511415.6074580309
626,2021-09-18,2021,False,51.71232876712329,993,0,1092,374597.61415105814,0.0,45399,51,0.0,,,0.1573131864312091,0.12969944597301097,0.38389534758192645,0.9677895266868076,0.12065788331263087,486791.00745803287,0,False,False,True,"{""0"":null,""1"":null,""2"":null,""3"":null}",993.0,620329.0,0.0,440260.0,0.0,440260.0,0.0,374597.61415105814,0.0,0.0,0.0,0.0,511415.6074580309,0.0,15.641043549973588,0.0,1780.0,0.0,0.0,0.0,39486.0999997059,0.0,1102.9499999999384,0.0,22012.999999819916,0.0,0.0,0.0,0.0,0.0,0.0,0.0,4402.600000000004,0.0,220130.0,1.0,92.0,0.0,224532.6000000001,0.0,0.0,0.0,511415.6074580309
627,2021-09-19,2021,False,51.71506849315068,993,0,1092,374597.61415105814,0.0,45399,51,0.0,,,0.1573131864312091,0.12969944597301097,0.38389534758192645,0.9677895266868076,0.07079274151862544,486791.00745803287,0,False,False,True,"{""0"":null,""1"":null,""2"":null,""3"":null}",993.0,621322.0,0.0,440260.0,0.0,440260.0,0.0,374597.61415105814,0.0,0.0,0.0,0.0,511415.6074580309,0.0,15.641043549973588,0.0,1780.0,0.0,0.0,0.0,39486.0999997059,0.0,1102.9499999999384,0.0,22012.999999819916,0.0,0.0,0.0,0.0,0.0,0.0,0.0,4402.600000000004,0.0,220130.0,0.0,92.0,0.0,224532.6000000001,0.0,0.0,0.0,511415.6074580309
628,2021-09-20,2021,True,51.71780821917808,993,993,1092,375442.32996291603,1647.6884254809845,46395,15,0.0,0.8539872563258126,0.14568287114719936,0.1573131864312091,0.12969944597301097,0.38389534758192645,0.96702416918429,0.09973908493835627,487932.26588351384,0,False,False,True,"{""0"":null,""1"":null,""2"":null,""3"":null}",993.0,622315.0,993.0,441253.0,993.0,441253.0,844.7158118578955,375442.32996291603,844.7158118578955,0.0,0.0,1647.6884254809702,513063.2958835119,0.0,15.641043549973588,4.0,1784.0,0.0,0.0,89.29999999870051,39575.3999997046,7.650000000004638,1110.599999999943,49.6499999992775,22062.649999819194,0.0,0.0,0.0,0.0,0.0,0.0,9.930000000000291,4412.530000000004,496.5,220626.5,0.0,92.0,506.429999999993,225039.0300000001,0.0,0.0,1647.6884254809702,513063.2958835119
629,2021-09-21,2021,True,51.72054794520548,993,993,1092,376287.0457747739,1568.25828666855,46442,33,0.0,0.8559833397846315,0.13027756233952836,0.15731190989700172,0.1298403148457276,0.38389534758192645,0.967240684793555,0.12662800939375096,488994.0941701824,0,False,False,True,"{""0"":null,""1"":null,""2"":null,""3"":null}",993.0,623308.0,993.0,442246.0,993.0,442246.0,844.7158118578955,376287.0457747739,844.7158118578955,0.0,0.0,1568.2582866685698,514631.55417018046,0.0,15.641043549973588,4.0,1788.0,0.0,0.0,89.29999999870051,39664.6999997033,0.0,1110.599999999943,49.6499999992775,22112.29999981847,0.0,0.0,0.0,0.0,0.0,0.0,9.930000000000291,4422.460000000005,496.5,221123.0,0.0,92.0,506.429999999993,225545.46000000008,0.0,0.0,1568.2582866685698,514631.55417018046
630,2021-09-22,2021,True,51.723287671232875,993,993,1092,377131.7615866318,1471.8535614822501,46549,49,0.0,0.8157658222022215,0.16609905149630977,0.15733737436394613,0.13000708157442253,0.38389534758192645,0.9671248741188319,0.1514713039707495,489959.5177316647,0,False,False,True,"{""0"":null,""1"":null,""2"":null,""3"":null}",993.0,624301.0,993.0,443239.0,993.0,443239.0,844.7158118578955,377131.7615866318,844.7158118578955,0.0,0.0,1471.8535614822758,516103.40773166274,0.0,15.641043549973588,4.0,1792.0,0.0,0.0,89.29999999870051,39753.999999702,0.0,1110.599999999943,49.6499999992775,22161.94999981775,0.0,0.0,0.0,0.0,0.0,0.0,9.930000000000291,4432.390000000005,496.5,221619.5,0.0,92.0,506.429999999993,226051.89000000007,0.0,0.0,1471.8535614822758,516103.40773166274
631,2021-09-23,2021,True,51.726027397260275,993,993,1092,377976.4773984897,1392.0770783734883,46667,50,0.0,0.8207452868808393,0.17370721329348743,0.15721965659270803,0.13000742192046344,0.38389534758192645,0.9673212487411883,0.1744697050781623,490845.1648100382,0,False,False,True,"{""0"":null,""1"":null,""2"":null,""3"":null}",993.0,625294.0,993.0,444232.0,993.0,444232.0,844.7158118578955,377976.4773984897,844.7158118578955,0.0,0.0,1392.0770783734624,517495.4848100362,0.0,15.641043549973588,4.0,1796.0,0.0,0.0,89.29999999870051,39843.2999997007,2.2500000000013642,1112.8499999999444,49.6499999992775,22211.599999817026,0.0,0.0,0.0,0.0,0.0,0.0,9.930000000000291,4442.320000000005,496.5,222116.0,0.0,92.0,506.429999999993,226558.32000000007,0.0,0.0,1392.0770783734624,517495.4848100362
632,2021-09-24,2021,True,51.72876712328767,993,993,1092,378821.1932103476,1352.4449242753192,46764,45,0.0,0.8036402826927405,0.18260221850747302,0.1572547253060471,0.13015323691363517,0.38389534758192645,0.9673917421953676,0.19564146895735862,491691.1797343135,0,False,False,True,"{""0"":null,""1"":null,""2"":null,""3"":null}",993.0,626287.0,993.0,445225.0,993.0,445225.0,844.7158118578955,378821.1932103476,844.7158118578955,0.0,0.0,1352.4449242753326,518847.92973431153,0.0,15.641043549973588,4.0,1800.0,0.0,0.0,89.29999999870051,39932.5999996994,2.700000000001637,1115.549999999946,49.6499999992775,22261.249999816304,0.0,0.0,0.0,0.0,0.0,0.0,9.930000000000291,4452.2500000000055,496.5,222612.5,0.0,92.0,506.429999999993,227064.75000000006,0.0,0.0,1352.4449242753326,518847.92973431153
633,2021-09-25,2021,False,51.73150684931507,993,0,1092,378821.1932103476,0.0,45899,45,0.0,,,0.1572490909865423,0.13024730809790816,0.38389534758192645,0.9682225579053374,0.12042044015826159,491691.1797343135,0,False,False,True,"{""0"":null,""1"":null,""2"":null,""3"":null}",993.0,627280.0,0.0,445225.0,0.0,445225.0,0.0,378821.1932103476,0.0,0.0,0.0,0.0,518847.92973431153,0.0,15.641043549973588,0.0,1800.0,0.0,0.0,0.0,39932.5999996994,0.0,1115.549999999946,0.0,22261.249999816304,0.0,0.0,0.0,0.0,0.0,0.0,0.0,4452.2500000000055,0.0,222612.5,0.0,92.0,0.0,227064.75000000006,0.0,0.0,0.0,518847.92973431153
634,2021-09-26,2021,False,51.73424657534247,993,0,1092,378821.1932103476,0.0,45899,45,0.0,,,0.1572490909865423,0.13024730809790816,0.38389534758192645,0.9682225579053374,0.07045448662240028,491691.1797343135,0,False,False,True,"{""0"":null,""1"":null,""2"":null,""3"":null}",993.0,628273.0,0.0,445225.0,0.0,445225.0,0.0,378821.1932103476,0.0,0.0,0.0,0.0,518847.92973431153,0.0,15.641043549973588,0.0,1800.0,0.0,0.0,0.0,39932.5999996994,0.0,1115.549999999946,0.0,22261.249999816304,0.0,0.0,0.0,0.0,0.0,0.0,0.0,4452.2500000000055,0.0,222612.5,0.0,92.0,0.0,227064.75000000006,0.0,0.0,0.0,518847.92973431153
635,2021-09-27,2021,True,51.73698630136986,994,994,1093,379666.7151698701,1644.4421181457976,46889,17,0.17100411597744036,0.8421093280002602,0.1565981113303867,0.15735534741101362,0.1297506689416208,0.3841434398435616,0.9671076458752514,0.09939581508310442,492827.6818524593,0,False,False,True,"{""0"":null,""1"":null,""2"":null,""3"":null}",994.0,629267.0,994.0,446219.0,994.0,446219.0,845.5219595225062,379666.7151698701,845.5219595225062,0.0,0.0,1644.4421181458165,520492.37185245735,0.17100411597744092,15.81204766595103,4.0,1804.0,0.0,0.0,89.39999999869906,40021.9999996981,6.750000000004093,1122.2999999999502,49.69999999927677,22310.94999981558,0.0,0.0,0.0,0.0,0.0,0.0,9.9399999999996,4462.190000000005,497.0,223109.5,1.0,93.0,506.9400000000023,227571.69000000006,0.0,0.0,1644.4421181458165,520492.37185245735
636,2021-09-28,2021,True,51.73972602739726,994,994,1093,380512.2371293926,1528.2829198329293,46935,37,0.0,0.8621896492854006,0.13894076297033253,0.1572850154755457,0.12976259453842418,0.3841434398435616,0.9672334004024145,0.12628735042068376,493849.02477229224,0,False,False,True,"{""0"":null,""1"":null,""2"":null,""3"":null}",994.0,630261.0,994.0,447213.0,994.0,447213.0,845.5219595225062,380512.2371293926,845.5219595225062,0.0,0.0,1528.2829198329127,522020.65477229026,0.0,15.81204766595103,4.0,1808.0,0.0,0.0,89.39999999869906,40111.3999996968,0.0,1122.2999999999502,49.69999999927677,22360.649999814857,0.0,0.0,0.0,0.0,0.0,0.0,9.9399999999996,4472.130000000005,497.0,223606.5,0.0,93.0,506.9400000000023,228078.63000000006,0.0,0.0,1528.2829198329127,522020.65477229026
637,2021-09-29,2021,True,51.74246575342466,994,994,1093,381357.75908891513,1486.6648704288932,47052,57,0.0,0.8490805326569435,0.1346469287566608,0.15731965267118275,0.12993700117063667,0.3841434398435616,0.9672183098591549,0.15119650819780295,494828.74964272114,0,False,False,True,"{""0"":null,""1"":null,""2"":null,""3"":null}",994.0,631255.0,994.0,448207.0,994.0,448207.0,845.5219595225062,381357.75908891513,845.5219595225062,0.0,0.0,1486.664870428911,523507.3196427192,0.0,15.81204766595103,4.0,1812.0,0.0,0.0,89.39999999869906,40200.7999996955,0.0,1122.2999999999502,49.69999999927677,22410.349999814134,0.0,0.0,0.0,0.0,0.0,0.0,9.9399999999996,4482.070000000004,497.0,224103.5,0.0,93.0,506.9400000000023,228585.57000000007,0.0,0.0,1486.664870428911,523507.3196427192
638,2021-09-30,2021,True,51.74520547945205,994,994,1093,382203.28104843764,1399.8208193904193,47163,54,0.0,0.8561005154220119,0.13035309454298902,0.1573425951081411,0.1300843324864347,0.3841434398435616,0.9674396378269617,0.17422000184460026,495721.63046211156,0,False,False,True,"{""0"":null,""1"":null,""2"":null,""3"":null}",994.0,632249.0,994.0,449201.0,994.0,449201.0,845.5219595225062,382203.28104843764,845.5219595225062,0.0,0.0,1399.8208193904138,524907.1404621096,0.0,15.81204766595103,4.0,1816.0,0.0,0.0,89.39999999869906,40290.199999694196,2.550000000001546,1124.8499999999517,49.69999999927677,22460.04999981341,0.0,0.0,0.0,0.0,0.0,0.0,9.9399999999996,4492.010000000004,497.0,224600.5,0.0,93.0,506.9400000000023,229092.51000000007,0.0,0.0,1399.8208193904138,524907.1404621096
639,2021-10-01,2021,True,51.74794520547945,994,994,1093,383048.80300796014,1207.9923549719429,47274,52,0.0,0.840060647448092,0.15663218706822835,0.15733852349368022,0.13017886329522424,0.3841434398435616,0.9675653923541248,0.1954135589983794,496422.6828170835,0,False,False,True,"{""0"":null,""1"":null,""2"":null,""3"":null}",994.0,633243.0,994.0,450195.0,994.0,450195.0,845.5219595225062,383048.80300796014,845.5219595225062,0.0,0.0,1207.9923549719388,526115.1328170815,0.0,15.81204766595103,4.0,1820.0,0.0,0.0,89.39999999869906,40379.599999692895,3.000000000001819,1127.8499999999535,49.69999999927677,22509.749999812688,0.0,0.0,0.0,0.0,0.0,0.0,9.9399999999996,4501.9500000000035,497.0,225097.5,0.0,93.0,506.9400000000023,229599.45000000007,0.0,0.0,1207.9923549719388,526115.1328170815
640,2021-10-02,2021,False,51.75068493150685,994,0,1093,383048.80300796014,0.0,46399,52,0.0,,,0.1572768716626236,0.13028039659002058,0.3841434398435616,0.9682545271629779,0.12029040014454183,496422.6828170835,0,False,False,True,"{""0"":null,""1"":null,""2"":null,""3"":null}",994.0,634237.0,0.0,450195.0,0.0,450195.0,0.0,383048.80300796014,0.0,0.0,0.0,0.0,526115.1328170815,0.0,15.81204766595103,0.0,1820.0,0.0,0.0,0.0,40379.599999692895,0.0,1127.8499999999535,0.0,22509.749999812688,0.0,0.0,0.0,0.0,0.0,0.0,0.0,4501.9500000000035,0.0,225097.5,0.0,93.0,0.0,229599.45000000007,0.0,0.0,0.0,526115.1328170815
641,2021-10-03,2021,False,51.75342465753425,994,0,1093,383048.80300796014,0.0,46399,52,0.0,,,0.15727687166262358,0.13028039659002058,0.3841434398435616,0.9682545271629779,0.07029025510702444,496422.6828170835,0,False,False,True,"{""0"":null,""1"":null,""2"":null,""3"":null}",994.0,635231.0,0.0,450195.0,0.0,450195.0,0.0,383048.80300796014,0.0,0.0,0.0,0.0,526115.1328170815,0.0,15.81204766595103,0.0,1820.0,0.0,0.0,0.0,40379.599999692895,0.0,1127.8499999999535,0.0,22509.749999812688,0.0,0.0,0.0,0.0,0.0,0.0,0.0,4501.9500000000035,0.0,225097.5,0.0,93.0,0.0,229599.45000000007,0.0,0.0,0.0,526115.1328170815
642,2021-10-04,2021,True,51.75616438356165,994,994,1093,383894.32496748265,1459.9220921027595,47387,14,0.13324963782191948,0.8551290180966782,0.13514728873625032,0.15727687166262358,0.1302803965900206,0.3841434398435616,0.9673289738430584,0.09922147406188009,497375.66490918625,0,False,False,True,"{""0"":null,""1"":null,""2"":null,""3"":null}",994.0,636225.0,994.0,451189.0,994.0,451189.0,845.5219595225062,383894.32496748265,845.5219595225062,0.0,0.0,1459.9220921028173,527575.0549091843,0.133249637821919,15.945297303772948,4.0,1824.0,0.0,0.0,89.39999999869906,40468.999999691594,7.800000000004729,1135.6499999999583,49.69999999927677,22559.449999811965,0.0,0.0,0.0,0.0,0.0,0.0,9.9399999999996,4511.890000000003,497.0,225594.5,0.0,93.0,506.9400000000023,230106.39000000007,0.0,0.0,1459.9220921028173,527575.0549091843
643,2021-10-05,2021,True,51.75890410958904,994,994,1093,384739.84692700516,1417.6075213281702,47437,40,0.19480251946864785,0.8611775035364129,0.13079054546810162,0.15725294158626066,0.1304782164472548,0.3841434398435616,0.9672183098591549,0.12619358196101824,498286.3324305144,0,False,False,True,"{""0"":null,""1"":null,""2"":null,""3"":null}",994.0,637219.0,994.0,452183.0,994.0,452183.0,845.5219595225062,384739.84692700516,845.5219595225062,0.0,0.0,1417.6075213281438,528992.6624305125,0.1948025194686469,16.140099823241595,4.0,1828.0,0.0,0.0,89.39999999869906,40558.39999969029,0.0,1135.6499999999583,49.69999999927677,22609.14999981124,0.0,0.0,0.0,0.0,0.0,0.0,9.9399999999996,4521.830000000003,497.0,226091.5,0.0,93.0,506.9400000000023,230613.33000000007,0.0,0.0,1417.6075213281438,528992.6624305125
644,2021-10-06,2021,True,51.76164383561644,994,994,1093,385585.36888652766,1345.5778382320673,47546,63,0.12842856986296203,0.8410484041428873,0.15695576095491284,0.15722717619906582,0.130510539343698,0.3841434398435616,0.966976861167002,0.15107458996969403,499124.97026874643,0,False,False,True,"{""0"":null,""1"":null,""2"":null,""3"":null}",994.0,638213.0,994.0,453177.0,994.0,453177.0,845.5219595225062,385585.36888652766,845.5219595225062,0.0,0.0,1345.5778382320423,530338.2402687445,0.1284285698629617,16.268528393104557,4.0,1832.0,0.0,0.0,89.39999999869906,40647.79999968899,0.0,1135.6499999999583,49.69999999927677,22658.849999810518,0.0,0.0,0.0,0.0,0.0,0.0,9.9399999999996,4531.770000000002,497.0,226588.5,0.0,93.0,506.9400000000023,231120.27000000008,0.0,0.0,1345.5778382320423,530338.2402687445
645,2021-10-07,2021,True,51.76438356164383,994,994,1093,386430.89084605017,1281.1095506355853,47662,67,0.0,0.8280287140464693,0.18111283787404678,0.1572265289339057,0.13069520685364816,0.3841434398435616,0.9670523138832998,0.17405426361762905,499899.139819382,0,False,False,True,"{""0"":null,""1"":null,""2"":null,""3"":null}",994.0,639207.0,994.0,454171.0,994.0,454171.0,845.5219595225062,386430.89084605017,845.5219595225062,0.0,0.0,1281.1095506355632,531619.3498193801,0.0,16.268528393104557,4.0,1836.0,0.0,0.0,89.39999999869906,40737.19999968769,2.1000000000012733,1137.7499999999595,49.69999999927677,22708.549999809795,0.0,0.0,0.0,0.0,0.0,0.0,9.9399999999996,4541.710000000002,497.0,227085.5,0.0,93.0,506.9400000000023,231627.21000000008,0.0,0.0,1281.1095506355632,531619.3498193801
646,2021-10-08,2021,True,51.76712328767123,993,993,1093,387275.660183408,1207.5371812871217,47768,66,0.0,0.8338462082625919,0.14625240227531852,0.15708913657858103,0.13052259121034263,0.38389534758192645,0.9672205438066466,0.1954061564290498,500600.24700066913,0,False,False,True,"{""0"":null,""1"":null,""2"":null,""3"":null}",993.0,640200.0,993.0,455164.0,993.0,455164.0,844.7693373578368,387275.660183408,844.7693373578368,0.0,0.0,1207.5371812870726,532826.8870006672,0.0,16.268528393104557,4.0,1840.0,0.0,0.0,89.29999999870051,40826.49999968639,3.9000000000023647,1141.649999999962,49.6499999992775,22758.199999809072,0.0,0.0,0.0,0.0,0.0,0.0,9.930000000000291,4551.640000000002,496.5,227582.0,0.0,93.0,506.429999999993,232133.64000000007,0.0,0.0,1207.5371812870726,532826.8870006672
647,2021-10-09,2021,False,51.76986301369863,993,0,1093,387275.660183408,0.0,46899,66,0.0,,,0.15710773931236555,0.1305875999332758,0.38389534758192645,0.9681671701913394,0.12019111812365807,500600.24700066913,0,False,False,True,"{""0"":null,""1"":null,""2"":null,""3"":null}",993.0,641193.0,0.0,455164.0,0.0,455164.0,0.0,387275.660183408,0.0,0.0,0.0,0.0,532826.8870006672,0.0,16.268528393104557,0.0,1840.0,0.0,0.0,0.0,40826.49999968639,0.0,1141.649999999962,0.0,22758.199999809072,0.0,0.0,0.0,0.0,0.0,0.0,0.0,4551.640000000002,0.0,227582.0,0.0,93.0,0.0,232133.64000000007,0.0,0.0,0.0,532826.8870006672
648,2021-10-10,2021,False,51.772602739726025,993,0,1093,387275.660183408,0.0,46899,66,0.0,,,0.15710773931236555,0.1305875999332758,0.38389534758192645,0.9681671701913394,0.07013602038438975,500600.24700066913,0,False,False,True,"{""0"":null,""1"":null,""2"":null,""3"":null}",993.0,642186.0,0.0,455164.0,0.0,455164.0,0.0,387275.660183408,0.0,0.0,0.0,0.0,532826.8870006672,0.0,16.268528393104557,0.0,1840.0,0.0,0.0,0.0,40826.49999968639,0.0,1141.649999999962,0.0,22758.199999809072,0.0,0.0,0.0,0.0,0.0,0.0,0.0,4551.640000000002,0.0,227582.0,0.0,93.0,0.0,232133.64000000007,0.0,0.0,0.0,532826.8870006672
649,2021-10-11,2021,True,51.775342465753425,992,992,1093,388119.7242139927,1481.2595661405273,47914,16,0.0,0.843849080532657,0.14778531003679013,0.15694958195253067,0.13051955922412534,0.38396117730724927,0.9673790322580645,0.09918362901002174,501575.5865668097,0,False,False,True,"{""0"":null,""1"":null,""2"":null,""3"":null}",992.0,643178.0,992.0,456156.0,992.0,456156.0,844.0640305847046,388119.7242139927,844.0640305847046,0.0,0.0,1481.2595661404775,534308.1465668076,0.0,16.268528393104557,4.0,1844.0,0.0,0.0,89.19999999870197,40915.699999685094,9.900000000006003,1151.549999999968,49.599999999278225,22807.79999980835,0.0,0.0,0.0,0.0,0.0,0.0,9.920000000000073,4561.560000000002,496.0,228078.0,0.0,93.0,505.9200000000128,232639.56000000008,0.0,0.0,1481.2595661404775,534308.1465668076
650,2021-10-12,2021,True,51.778082191780825,992,992,1093,388963.7882445774,1414.552628333453,47952,27,0.4848052731916,0.8498243988098142,0.1394871397582894,0.15692576038111833,0.13057451749927307,0.38396117730724927,0.9679989919354839,0.12621963226725405,502484.21919514315,0,False,False,True,"{""0"":null,""1"":null,""2"":null,""3"":null}",992.0,644170.0,992.0,457148.0,992.0,457148.0,844.0640305847046,388963.7882445774,844.0640305847046,0.0,0.0,1414.5526283334475,535722.6991951411,0.4848052731916006,16.753333666296157,4.0,1848.0,0.0,0.0,89.19999999870197,41004.899999683796,0.0,1151.549999999968,49.599999999278225,22857.39999980763,0.0,0.0,0.0,0.0,0.0,0.0,9.920000000000073,4571.480000000002,496.0,228574.0,0.0,93.0,505.9200000000128,233145.4800000001,0.0,0.0,1414.5526283334475,535722.6991951411
651,2021-10-13,2021,True,51.78082191780822,991,991,1093,389806.89845176466,1302.5774671472675,48043,39,0.0,0.8222252097161233,0.1751576696166387,0.15671052025652088,0.13048738455001213,0.38395057911250263,0.9677850655903129,0.15045747924094724,503281.38666229043,0,False,False,True,"{""0"":null,""1"":null,""2"":null,""3"":null}",991.0,645161.0,991.0,458139.0,991.0,458139.0,843.1102071872447,389806.89845176466,843.1102071872447,0.0,0.0,1302.577467147261,537025.2766622884,0.0,16.753333666296157,4.0,1852.0,0.0,0.0,89.09999999870342,41093.9999996825,0.0,1151.549999999968,49.54999999927895,22906.949999806908,0.0,0.0,0.0,0.0,0.0,0.0,9.909999999999854,4581.390000000002,495.5,229069.5,0.0,93.0,505.4100000000035,233650.8900000001,0.0,0.0,1302.577467147261,537025.2766622884
652,2021-10-14,2021,True,51.78356164383562,991,991,1093,390650.0086589519,1274.6930119014032,48167,37,0.0,0.8183602881953408,0.17598463750252874,0.15672129361204634,0.13063302596584528,0.38395057911250263,0.9678355196770938,0.17357247991066077,504050.66967419186,0,False,False,True,"{""0"":null,""1"":null,""2"":null,""3"":null}",991.0,646152.0,991.0,459130.0,991.0,459130.0,843.1102071872447,390650.0086589519,843.1102071872447,0.0,0.0,1274.6930119014578,538299.9696741898,0.0,16.753333666296157,4.0,1856.0,0.0,0.0,89.09999999870342,41183.0999996812,2.400000000001455,1153.9499999999694,49.54999999927895,22956.499999806187,0.0,0.0,0.0,0.0,0.0,0.0,9.909999999999854,4591.300000000002,495.5,229565.0,0.0,93.0,505.4100000000035,234156.3000000001,0.0,0.0,1274.6930119014578,538299.9696741898
653,2021-10-15,2021,True,51.78630136986301,991,991,1093,391493.11886613915,1232.34422306779,48261,38,0.0,0.8153401103178389,0.19544790373050694,0.15672772360928156,0.13070648318830352,0.38395057911250263,0.967840565085772,0.19490439294060607,504777.6038972597,0,False,False,True,"{""0"":null,""1"":null,""2"":null,""3"":null}",991.0,647143.0,991.0,460121.0,991.0,460121.0,843.1102071872447,391493.11886613915,843.1102071872447,0.0,0.0,1232.3442230677465,539532.3138972576,0.0,16.753333666296157,4.0,1860.0,0.0,0.0,89.09999999870342,41272.199999679906,1.6500000000010004,1155.5999999999704,49.54999999927895,23006.049999805466,0.0,0.0,0.0,0.0,0.0,0.0,9.909999999999854,4601.210000000002,495.5,230060.5,0.0,93.0,505.4100000000035,234661.7100000001,0.0,0.0,1232.3442230677465,539532.3138972576
654,2021-10-16,2021,False,51.78904109589041,991,0,1093,391493.11886613915,0.0,47399,38,0.0,,,0.15674734399630214,0.1308245642664974,0.38395057911250263,0.9686377396569121,0.1196598435200448,504777.6038972597,0,False,False,True,"{""0"":null,""1"":null,""2"":null,""3"":null}",991.0,648134.0,0.0,460121.0,0.0,460121.0,0.0,391493.11886613915,0.0,0.0,0.0,0.0,539532.3138972576,0.0,16.753333666296157,0.0,1860.0,0.0,0.0,0.0,41272.199999679906,0.0,1155.5999999999704,0.0,23006.049999805466,0.0,0.0,0.0,0.0,0.0,0.0,0.0,4601.210000000002,0.0,230060.5,0.0,93.0,0.0,234661.7100000001,0.0,0.0,0.0,539532.3138972576
655,2021-10-17,2021,False,51.79178082191781,991,0,1093,391493.11886613915,0.0,47399,38,0.0,,,0.15674734399630214,0.13082456426649744,0.38395057911250263,0.9686377396569121,0.06956990189992342,504777.6038972597,0,False,False,True,"{""0"":null,""1"":null,""2"":null,""3"":null}",991.0,649125.0,0.0,460121.0,0.0,460121.0,0.0,391493.11886613915,0.0,0.0,0.0,0.0,539532.3138972576,0.0,16.753333666296157,0.0,1860.0,0.0,0.0,0.0,41272.199999679906,0.0,1155.5999999999704,0.0,23006.049999805466,0.0,0.0,0.0,0.0,0.0,0.0,0.0,4601.210000000002,0.0,230060.5,0.0,93.0,0.0,234661.7100000001,0.0,0.0,0.0,539532.3138972576
656,2021-10-18,2021,True,51.794520547945204,991,991,1093,392336.2290733264,1490.5788860058806,48393,12,0.10835880517802811,0.8364485392939389,0.1569609052390073,0.15674734399630214,0.13082456426649744,0.38395057911250263,0.9681432896064581,0.09863556411037235,505762.77278326557,0,False,False,True,"{""0"":null,""1"":null,""2"":null,""3"":null}",991.0,650116.0,991.0,461112.0,991.0,461112.0,843.1102071872447,392336.2290733264,843.1102071872447,0.0,0.0,1490.578886005911,541022.8927832635,0.1083588051780282,16.861692471474186,4.0,1864.0,0.0,0.0,89.09999999870342,41361.29999967861,5.700000000003456,1161.2999999999738,49.54999999927895,23055.599999804745,0.0,0.0,0.0,0.0,0.0,0.0,9.909999999999854,4611.120000000002,495.5,230556.0,0.0,93.0,505.4100000000035,235167.1200000001,0.0,0.0,1490.578886005911,541022.8927832635
657,2021-10-19,2021,True,51.797260273972604,990,990,1093,393178.6038836841,1386.578876277631,48434,36,0.0,0.8251446708100043,0.15484531643935745,0.15667383035797697,0.1307440161402525,0.3837024868508675,0.9678888888888889,0.12580928576883776,506644.45165954315,0,False,False,True,"{""0"":null,""1"":null,""2"":null,""3"":null}",990.0,651106.0,990.0,462102.0,990.0,462102.0,842.3748103576945,393178.6038836841,842.3748103576945,0.0,0.0,1386.5788762776647,542409.4716595411,0.0,16.861692471474186,4.0,1868.0,0.0,0.0,88.99999999870488,41450.299999677314,0.0,1161.2999999999738,49.49999999927968,23105.099999804024,0.0,0.0,0.0,0.0,0.0,0.0,9.899999999999636,4621.020000000001,495.0,231051.0,0.0,93.0,504.8999999999942,235672.0200000001,0.0,0.0,1386.5788762776647,542409.4716595411
658,2021-10-20,2021,True,51.8,990,990,1093,394020.9786940418,1342.223643702917,48542,54,0.0,0.8293079272945985,0.1717215033347109,0.1566862212998478,0.13079462098367564,0.3837024868508675,0.9675757575757575,0.1508075335355741,507481.77530324605,0,False,False,True,"{""0"":null,""1"":null,""2"":null,""3"":null}",990.0,652096.0,990.0,463092.0,990.0,463092.0,842.3748103576945,394020.9786940418,842.3748103576945,0.0,0.0,1342.2236437029205,543751.695303244,0.0,16.861692471474186,4.0,1872.0,0.0,0.0,88.99999999870488,41539.29999967602,0.0,1161.2999999999738,49.49999999927968,23154.599999803304,0.0,0.0,0.0,0.0,0.0,0.0,9.899999999999636,4630.920000000001,495.0,231546.0,0.0,93.0,504.8999999999942,236176.9200000001,0.0,0.0,1342.2236437029205,543751.695303244
659,2021-10-21,2021,True,51.8027397260274,991,991,1094,394864.05626486853,1309.7673916121248,48662,61,0.010826196621544357,0.8415555415999165,0.15768846329407973,0.15666098485939056,0.1301385223439954,0.3836366571255447,0.967356205852674,0.17383818630123776,508285.1326948582,0,False,False,True,"{""0"":null,""1"":null,""2"":null,""3"":null}",991.0,653087.0,991.0,464083.0,991.0,464083.0,843.0775708267465,394864.05626486853,843.0775708267465,0.0,0.0,1309.7673916121712,545061.4626948562,0.010826196621543716,16.87251866809573,4.0,1876.0,0.0,0.0,89.09999999870342,41628.39999967472,1.8000000000010914,1163.099999999975,49.54999999927895,23204.149999802583,0.0,0.0,0.0,0.0,0.0,0.0,9.909999999999854,4640.830000000001,495.5,232041.5,1.0,94.0,505.4100000000035,236682.3300000001,0.0,0.0,1309.7673916121712,545061.4626948562
660,2021-10-22,2021,True,51.8054794520548,991,991,1094,395707.1338356953,1218.6996249334497,48762,60,0.16937970218096499,0.8324543255634655,0.17067545516767274,0.15662303093974483,0.13023001016784952,0.3836366571255447,0.9672956609485369,0.19513316331744898,508998.4223197917,0,False,False,True,"{""0"":null,""1"":null,""2"":null,""3"":null}",991.0,654078.0,991.0,465074.0,991.0,465074.0,843.0775708267465,395707.1338356953,843.0775708267465,0.0,0.0,1218.6996249334188,546280.1623197896,0.1693797021809651,17.041898370276694,4.0,1880.0,0.0,0.0,89.09999999870342,41717.499999673426,3.600000000002183,1166.699999999977,49.54999999927895,23253.699999801862,0.0,0.0,0.0,0.0,0.0,0.0,9.909999999999854,4650.740000000001,495.5,232537.0,0.0,94.0,505.4100000000035,237187.7400000001,0.0,0.0,1218.6996249334188,546280.1623197896
661,2021-10-23,2021,False,51.80821917808219,991,0,1094,395707.1338356953,0.0,47899,60,0.0,,,0.15657182107968937,0.13036073057222752,0.3836366571255447,0.9681937436932392,0.11984255320533127,508998.4223197917,0,False,False,True,"{""0"":null,""1"":null,""2"":null,""3"":null}",991.0,655069.0,0.0,465074.0,0.0,465074.0,0.0,395707.1338356953,0.0,0.0,0.0,0.0,546280.1623197896,0.0,17.041898370276694,0.0,1880.0,0.0,0.0,0.0,41717.499999673426,0.0,1166.699999999977,0.0,23253.699999801862,0.0,0.0,0.0,0.0,0.0,0.0,0.0,4650.740000000001,0.0,232537.0,0.0,94.0,0.0,237187.7400000001,0.0,0.0,0.0,546280.1623197896
662,2021-10-24,2021,False,51.81095890410959,992,0,1095,395707.1338356953,0.0,47899,60,0.0,,,0.15651281971223296,0.1296075930685108,0.3836472553202913,0.9679233870967742,0.0697227509255695,508997.4223197917,0,False,False,True,"{""0"":null,""1"":null,""2"":null,""3"":null}",992.0,656061.0,0.0,465074.0,0.0,465074.0,0.0,395707.1338356953,0.0,0.0,0.0,0.0,546280.1623197896,0.0,17.041898370276694,0.0,1880.0,0.0,0.0,0.0,41717.499999673426,0.0,1166.699999999977,0.0,23253.699999801862,0.0,0.0,0.0,0.0,0.0,0.0,0.0,4650.740000000001,0.0,232537.0,1.0,95.0,0.0,237187.7400000001,0.0,0.0,0.0,546280.1623197896
663,2021-10-25,2021,True,51.81369863013698,991,991,1095,396550.1612499591,1495.5353203593802,48908,16,0.0,0.8496269753167036,0.12377195437688056,0.1563685686405472,0.12937527313410782,0.3833991630586562,0.9672098890010091,0.09873571775612601,509987.5476401511,0,False,False,True,"{""0"":null,""1"":null,""2"":null,""3"":null}",991.0,657052.0,991.0,466065.0,991.0,466065.0,843.0274142638082,396550.1612499591,843.0274142638082,0.0,0.0,1495.5353203593986,547775.697640149,0.0,17.041898370276694,4.0,1884.0,0.0,0.0,89.09999999870342,41806.59999967213,9.000000000005457,1175.6999999999825,49.54999999927895,23303.24999980114,0.0,0.0,0.0,0.0,0.0,0.0,9.909999999999854,4660.650000000001,495.5,233032.5,0.0,95.0,505.4100000000035,237693.1500000001,0.0,0.0,1495.5353203593986,547775.697640149
664,2021-10-26,2021,True,51.81643835616438,991,991,1095,397393.1886642229,1425.2024871974445,48950,37,0.0,0.8516757542118323,0.13201665383807992,0.15637056596013146,0.12941255951996822,0.3833991630586562,0.9677245206861755,0.12575108807688531,510907.3401273486,0,False,False,True,"{""0"":null,""1"":null,""2"":null,""3"":null}",991.0,658043.0,991.0,467056.0,991.0,467056.0,843.0274142638082,397393.1886642229,843.0274142638082,0.0,0.0,1425.2024871974718,549200.9001273465,0.0,17.041898370276694,4.0,1888.0,0.0,0.0,89.09999999870342,41895.69999967083,0.0,1175.6999999999825,49.54999999927895,23352.79999980042,0.0,0.0,0.0,0.0,0.0,0.0,9.909999999999854,4670.56,495.5,233528.0,0.0,95.0,505.4100000000035,238198.5600000001,0.0,0.0,1425.2024871974718,549200.9001273465
665,2021-10-27,2021,True,51.81917808219178,991,991,1096,398236.1933813771,1364.5485117436424,49031,58,0.0,0.8244470802170129,0.1802989051972749,0.15649336628813285,0.12913322280162054,0.3836366571255447,0.9669374369323915,0.1507880337385188,511765.4786390923,0,False,False,True,"{""0"":null,""1"":null,""2"":null,""3"":null}",991.0,659034.0,991.0,468047.0,991.0,468047.0,843.0047171541955,398236.1933813771,843.0047171541955,0.0,0.0,1364.548511743662,550565.4486390902,0.0,17.041898370276694,4.0,1892.0,0.0,0.0,89.09999999870342,41984.799999669536,0.0,1175.6999999999825,49.54999999927895,23402.3499997997,0.0,0.0,0.0,0.0,0.0,0.0,9.909999999999854,4680.47,495.5,234023.5,1.0,96.0,505.4100000000035,238703.97000000012,0.0,0.0,1364.548511743662,550565.4486390902
666,2021-10-28,2021,True,51.821917808219176,991,991,1096,399079.1980985313,1311.4994973427856,49157,61,0.0,0.8345726533198096,0.15540084934837595,0.1565194280316415,0.12917650496407132,0.3836366571255447,0.9669576185671039,0.17383849609115323,512571.5681364351,0,False,False,True,"{""0"":null,""1"":null,""2"":null,""3"":null}",991.0,660025.0,991.0,469038.0,991.0,469038.0,843.0047171541955,399079.1980985313,843.0047171541955,0.0,0.0,1311.4994973427383,551876.9481364329,0.0,17.041898370276694,4.0,1896.0,0.0,0.0,89.09999999870342,42073.89999966824,2.400000000001455,1178.099999999984,49.54999999927895,23451.899999798978,0.0,0.0,0.0,0.0,0.0,0.0,9.909999999999854,4690.38,495.5,234519.0,0.0,96.0,505.4100000000035,239209.38000000012,0.0,0.0,1311.4994973427383,551876.9481364329
667,2021-10-29,2021,True,51.824657534246576,991,991,1096,399922.2028156855,1210.5410354966027,49266,59,0.0,0.8244024485036923,0.18190672722178117,0.15651315849862282,0.12926917020727546,0.3836366571255447,0.9670484359233098,0.1950943756344501,513276.6991719318,0,False,False,True,"{""0"":null,""1"":null,""2"":null,""3"":null}",991.0,661016.0,991.0,470029.0,991.0,470029.0,843.0047171541955,399922.2028156855,843.0047171541955,0.0,0.0,1210.5410354966298,553087.4891719295,0.0,17.041898370276694,4.0,1900.0,0.0,0.0,89.09999999870342,42162.99999966694,3.15000000000191,1181.249999999986,49.54999999927895,23501.449999798257,0.0,0.0,0.0,0.0,0.0,0.0,9.909999999999854,4700.29,495.5,235014.5,0.0,96.0,505.4100000000035,239714.79000000012,0.0,0.0,1210.5410354966298,553087.4891719295
668,2021-10-30,2021,False,51.82739726027397,991,0,1096,399922.2028156855,0.0,48399,59,0.0,,,0.15659256348990724,0.12941201649546347,0.3836366571255447,0.967991927346115,0.11992743340491022,513276.6991719318,0,False,False,True,"{""0"":null,""1"":null,""2"":null,""3"":null}",991.0,662007.0,0.0,470029.0,0.0,470029.0,0.0,399922.2028156855,0.0,0.0,0.0,0.0,553087.4891719295,0.0,17.041898370276694,0.0,1900.0,0.0,0.0,0.0,42162.99999966694,0.0,1181.249999999986,0.0,23501.449999798257,0.0,0.0,0.0,0.0,0.0,0.0,0.0,4700.29,0.0,235014.5,0.0,96.0,0.0,239714.79000000012,0.0,0.0,0.0,553087.4891719295
669,2021-10-31,2021,False,51.83013698630137,991,0,1096,399922.2028156855,0.0,48399,59,0.0,,,0.15659256348990724,0.1294120164954635,0.3836366571255447,0.967991927346115,0.06995186172269541,513276.6991719318,0,False,False,True,"{""0"":null,""1"":null,""2"":null,""3"":null}",991.0,662998.0,0.0,470029.0,0.0,470029.0,0.0,399922.2028156855,0.0,0.0,0.0,0.0,553087.4891719295,0.0,17.041898370276694,0.0,1900.0,0.0,0.0,0.0,42162.99999966694,0.0,1181.249999999986,0.0,23501.449999798257,0.0,0.0,0.0,0.0,0.0,0.0,0.0,4700.29,0.0,235014.5,0.0,96.0,0.0,239714.79000000012,0.0,0.0,0.0,553087.4891719295
670,2021-11-01,2021,True,51.83287671232877,991,991,1096,400765.2075328397,1482.748660953097,49404,23,0.026838843279797686,0.852722356775647,0.13684362742661105,0.15659256348990724,0.1294120164954635,0.3836366571255447,0.9671442986881938,0.09891300659567345,514254.0378328849,0,False,False,True,"{""0"":null,""1"":null,""2"":null,""3"":null}",991.0,663989.0,991.0,471020.0,991.0,471020.0,843.0047171541955,400765.2075328397,843.0047171541955,0.0,0.0,1482.7486609531334,554570.2378328827,0.026838843279797686,17.068737213556492,4.0,1904.0,0.0,0.0,89.09999999870342,42252.09999966565,8.850000000005366,1190.0999999999913,49.54999999927895,23550.999999797536,0.0,0.0,0.0,0.0,0.0,0.0,9.909999999999854,4710.2,495.5,235510.0,0.0,96.0,505.4100000000035,240220.20000000013,0.0,0.0,1482.7486609531334,554570.2378328827
671,2021-11-02,2021,True,51.83561643835616,992,992,1097,401609.1979551892,1418.23798357973,49452,40,0.0,0.8336313125035075,0.15192706017069424,0.1565130481357468,0.12890221273143856,0.3836472553202913,0.9673840725806452,0.12591581209537459,515165.35581646464,0,False,False,True,"{""0"":null,""1"":null,""2"":null,""3"":null}",992.0,664981.0,992.0,472012.0,992.0,472012.0,843.9904223495396,401609.1979551892,843.9904223495396,0.0,0.0,1418.2379835797474,555988.4758164624,0.0,17.068737213556492,4.0,1908.0,0.0,0.0,89.19999999870197,42341.29999966435,0.0,1190.0999999999913,49.599999999278225,23600.599999796814,0.0,0.0,0.0,0.0,0.0,0.0,9.920000000000073,4720.12,496.0,236006.0,1.0,97.0,505.9200000000128,240726.12000000014,0.0,0.0,1418.2379835797474,555988.4758164624
672,2021-11-03,2021,True,51.83835616438356,992,992,1097,402453.18837753875,1335.1023530500188,49538,61,0.0,0.8387123162887937,0.17191754213848143,0.15662421241240454,0.12896888121623812,0.3836472553202913,0.9670362903225806,0.1509203701335289,515994.5381695147,0,False,False,True,"{""0"":null,""1"":null,""2"":null,""3"":null}",992.0,665973.0,992.0,473004.0,992.0,473004.0,843.9904223495396,402453.18837753875,843.9904223495396,0.0,0.0,1335.1023530500242,557323.5781695124,0.0,17.068737213556492,4.0,1912.0,0.0,0.0,89.19999999870197,42430.49999966305,0.0,1190.0999999999913,49.599999999278225,23650.199999796092,0.0,0.0,0.0,0.0,0.0,0.0,9.920000000000073,4730.04,496.0,236502.0,0.0,97.0,505.9200000000128,241232.04000000015,0.0,0.0,1335.1023530500242,557323.5781695124
673,2021-11-04,2021,True,51.84109589041096,992,992,1097,403297.1787998883,1296.2133503070359,49670,53,0.3796849466730111,0.8185874620330611,0.17746509605982125,0.15660023872974382,0.12914084402365145,0.3836472553202913,0.9670110887096774,0.17399552510757002,516784.8315198217,0,False,False,True,"{""0"":null,""1"":null,""2"":null,""3"":null}",992.0,666965.0,992.0,473996.0,992.0,473996.0,843.9904223495396,403297.1787998883,843.9904223495396,0.0,0.0,1296.21335030708,558619.7915198195,0.37968494667300945,17.4484221602295,4.0,1916.0,0.0,0.0,89.19999999870197,42519.69999966175,3.450000000002092,1193.5499999999934,49.599999999278225,23699.79999979537,0.0,0.0,0.0,0.0,0.0,0.0,9.920000000000073,4739.96,496.0,236998.0,0.0,97.0,505.9200000000128,241737.96000000017,0.0,0.0,1296.21335030708,558619.7915198195
674,2021-11-05,2021,True,51.843835616438355,992,992,1097,404141.16922223783,1236.6115918822106,49774,50,0.0,0.8175387163122911,0.17612496221009755,0.15663342170470526,0.12925180906156258,0.3836472553202913,0.9672379032258065,0.19527908342623088,517515.5231117039,0,False,False,True,"{""0"":null,""1"":null,""2"":null,""3"":null}",992.0,667957.0,992.0,474988.0,992.0,474988.0,843.9904223495396,404141.16922223783,843.9904223495396,0.0,0.0,1236.6115918821888,559856.4031117017,0.0,17.4484221602295,4.0,1920.0,0.0,0.0,89.19999999870197,42608.899999660454,2.550000000001546,1196.099999999995,49.599999999278225,23749.39999979465,0.0,0.0,0.0,0.0,0.0,0.0,9.920000000000073,4749.88,496.0,237494.0,0.0,97.0,505.9200000000128,242243.88000000018,0.0,0.0,1236.6115918821888,559856.4031117017
675,2021-11-06,2021,False,51.846575342465755,992,0,1097,404141.16922223783,0.0,48899,50,0.0,,,0.1565316629965626,0.12927608621449427,0.3836472553202913,0.9680897177419355,0.12012696896826515,517515.5231117039,0,False,False,True,"{""0"":null,""1"":null,""2"":null,""3"":null}",992.0,668949.0,0.0,474988.0,0.0,474988.0,0.0,404141.16922223783,0.0,0.0,0.0,0.0,559856.4031117017,0.0,17.4484221602295,0.0,1920.0,0.0,0.0,0.0,42608.899999660454,0.0,1196.099999999995,0.0,23749.39999979465,0.0,0.0,0.0,0.0,0.0,0.0,0.0,4749.88,0.0,237494.0,0.0,97.0,0.0,242243.88000000018,0.0,0.0,0.0,559856.4031117017
676,2021-11-07,2021,False,51.84931506849315,992,0,1097,404141.16922223783,0.0,48899,50,0.0,,,0.1565316629965626,0.12927608621449427,0.3836472553202913,0.9680897177419355,0.07009205243836127,517515.5231117039,0,False,False,True,"{""0"":null,""1"":null,""2"":null,""3"":null}",992.0,669941.0,0.0,474988.0,0.0,474988.0,0.0,404141.16922223783,0.0,0.0,0.0,0.0,559856.4031117017,0.0,17.4484221602295,0.0,1920.0,0.0,0.0,0.0,42608.899999660454,0.0,1196.099999999995,0.0,23749.39999979465,0.0,0.0,0.0,0.0,0.0,0.0,0.0,4749.88,0.0,237494.0,0.0,97.0,0.0,242243.88000000018,0.0,0.0,0.0,559856.4031117017
677,2021-11-08,2021,True,51.85205479452055,992,992,1097,404985.1596445874,1538.093469760456,49910,11,0.0,0.8619185341339237,0.12896175031779597,0.1565316629965626,0.1292760862144943,0.3836472553202913,0.9676915322580646,0.09907290219367967,518547.6965814644,0,False,False,True,"{""0"":null,""1"":null,""2"":null,""3"":null}",992.0,670933.0,992.0,475980.0,992.0,475980.0,843.9904223495396,404985.1596445874,843.9904223495396,0.0,0.0,1538.093469760497,561394.4965814622,0.0,17.4484221602295,4.0,1924.0,0.0,0.0,89.19999999870197,42698.099999659156,7.5000000000045475,1203.5999999999995,49.599999999278225,23798.999999793927,0.0,0.0,0.0,0.0,0.0,0.0,9.920000000000073,4759.8,496.0,237990.0,0.0,97.0,505.9200000000128,242749.8000000002,0.0,0.0,1538.093469760497,561394.4965814622
678,2021-11-09,2021,True,51.85479452054795,992,992,1097,405829.1500669369,1423.164212311474,49949,31,0.0,0.8527929302425845,0.1489793557085633,0.15662782752537635,0.12946105046076042,0.3836472553202913,0.9679889112903226,0.12609051514638991,519464.9407937759,0,False,False,True,"{""0"":null,""1"":null,""2"":null,""3"":null}",992.0,671925.0,992.0,476972.0,992.0,476972.0,843.9904223495396,405829.1500669369,843.9904223495396,0.0,0.0,1423.1642123115016,562817.6607937737,0.0,17.4484221602295,4.0,1928.0,0.0,0.0,89.19999999870197,42787.29999965786,0.0,1203.5999999999995,49.599999999278225,23848.599999793205,0.0,0.0,0.0,0.0,0.0,0.0,9.920000000000073,4769.72,496.0,238486.0,0.0,97.0,505.9200000000128,243255.7200000002,0.0,0.0,1423.1642123115016,562817.6607937737
679,2021-11-10,2021,True,51.85753424657534,992,992,1097,406673.14048928645,1350.5218011986103,50048,53,0.0,0.8275788441738745,0.17192596070281063,0.15662476123240804,0.12954063868889293,0.3836472553202913,0.9678881048387097,0.15115660636016007,520309.5425949745,0,False,False,True,"{""0"":null,""1"":null,""2"":null,""3"":null}",992.0,672917.0,992.0,477964.0,992.0,477964.0,843.9904223495396,406673.14048928645,843.9904223495396,0.0,0.0,1350.5218011985999,564168.1825949723,0.0,17.4484221602295,4.0,1932.0,0.0,0.0,89.19999999870197,42876.49999965656,0.0,1203.5999999999995,49.599999999278225,23898.199999792483,0.0,0.0,0.0,0.0,0.0,0.0,9.920000000000073,4779.64,496.0,238982.0,0.0,97.0,505.9200000000128,243761.64000000022,0.0,0.0,1350.5218011985999,564168.1825949723
680,2021-11-11,2021,True,51.86027397260274,992,992,1097,407517.130911636,1272.819273330763,50156,57,0.0,0.8225915448394072,0.16831899953909285,0.15660358618632952,0.12953506002010573,0.3836472553202913,0.9677772177419355,0.174227691150148,521076.44186830526,0,False,False,True,"{""0"":null,""1"":null,""2"":null,""3"":null}",992.0,673909.0,992.0,478956.0,992.0,478956.0,843.9904223495396,407517.130911636,843.9904223495396,0.0,0.0,1272.819273330737,565441.001868303,0.0,17.4484221602295,4.0,1936.0,0.0,0.0,89.19999999870197,42965.69999965526,1.6500000000010004,1205.2500000000005,49.599999999278225,23947.79999979176,0.0,0.0,0.0,0.0,0.0,0.0,9.920000000000073,4789.56,496.0,239478.0,0.0,97.0,505.9200000000128,244267.56000000023,0.0,0.0,1272.819273330737,565441.001868303
681,2021-11-12,2021,True,51.863013698630134,992,992,1097,408361.12133398553,1259.003397811914,50255,58,0.0,0.8235953314367566,0.17745018992095732,0.1565679540018064,0.1296152786971689,0.3836472553202913,0.9673739919354839,0.19550878142965197,521829.5252661172,0,False,False,True,"{""0"":null,""1"":null,""2"":null,""3"":null}",992.0,674901.0,992.0,479948.0,992.0,479948.0,843.9904223495396,408361.12133398553,843.9904223495396,0.0,0.0,1259.0033978119027,566700.005266115,0.0,17.4484221602295,4.0,1940.0,0.0,0.0,89.19999999870197,43054.899999653964,3.000000000001819,1208.2500000000023,49.599999999278225,23997.39999979104,0.0,0.0,0.0,0.0,0.0,0.0,9.920000000000073,4799.4800000000005,496.0,239974.0,0.0,97.0,505.9200000000128,244773.48000000024,0.0,0.0,1259.0033978119027,566700.005266115
682,2021-11-13,2021,False,51.865753424657534,992,0,1097,408361.12133398553,0.0,49399,58,0.0,,,0.1565415221408048,0.12974836223826847,0.3836472553202913,0.9680594758064517,0.12033646698692516,521829.5252661172,0,False,False,True,"{""0"":null,""1"":null,""2"":null,""3"":null}",992.0,675893.0,0.0,479948.0,0.0,479948.0,0.0,408361.12133398553,0.0,0.0,0.0,0.0,566700.005266115,0.0,17.4484221602295,0.0,1940.0,0.0,0.0,0.0,43054.899999653964,0.0,1208.2500000000023,0.0,23997.39999979104,0.0,0.0,0.0,0.0,0.0,0.0,0.0,4799.4800000000005,0.0,239974.0,0.0,97.0,0.0,244773.48000000024,0.0,0.0,0.0,566700.005266115
683,2021-11-14,2021,False,51.868493150684934,992,0,1097,408361.12133398553,0.0,49399,58,0.0,,,0.15654152214080477,0.12974836223826847,0.3836472553202913,0.9680594758064517,0.07028238633358201,521829.5252661172,0,False,False,True,"{""0"":null,""1"":null,""2"":null,""3"":null}",992.0,676885.0,0.0,479948.0,0.0,479948.0,0.0,408361.12133398553,0.0,0.0,0.0,0.0,566700.005266115,0.0,17.4484221602295,0.0,1940.0,0.0,0.0,0.0,43054.899999653964,0.0,1208.2500000000023,0.0,23997.39999979104,0.0,0.0,0.0,0.0,0.0,0.0,0.0,4799.4800000000005,0.0,239974.0,0.0,97.0,0.0,244773.48000000024,0.0,0.0,0.0,566700.005266115
684,2021-11-15,2021,True,51.87123287671233,992,992,1097,409205.11175633507,1513.471455187344,50404,14,0.0,0.8487932236979785,0.15297398295963827,0.15654152214080477,0.12974836223826847,0.3836472553202913,0.9673790322580645,0.09925238038534635,522837.07672130456,0,False,False,True,"{""0"":null,""1"":null,""2"":null,""3"":null}",992.0,677877.0,992.0,480940.0,992.0,480940.0,843.9904223495396,409205.11175633507,843.9904223495396,0.0,0.0,1513.471455187304,568213.4767213023,0.0,17.4484221602295,4.0,1944.0,0.0,0.0,89.19999999870197,43144.099999652666,8.700000000005275,1216.9500000000075,49.599999999278225,24046.999999790318,0.0,0.0,0.0,0.0,0.0,0.0,9.920000000000073,4809.400000000001,496.0,240470.0,0.0,97.0,505.9200000000128,245279.40000000026,0.0,0.0,1513.471455187304,568213.4767213023
685,2021-11-16,2021,True,51.87397260273973,992,992,1097,410049.1021786846,1421.7163288395218,50459,28,0.0,0.8286236070047461,0.1597460387025222,0.15670579558690015,0.1299870958815244,0.3836472553202913,0.9679032258064516,0.1261943170709879,523752.8730501441,0,False,False,True,"{""0"":null,""1"":null,""2"":null,""3"":null}",992.0,678869.0,992.0,481932.0,992.0,481932.0,843.9904223495396,410049.1021786846,843.9904223495396,0.0,0.0,1421.7163288395386,569635.1930501418,0.0,17.4484221602295,4.0,1948.0,0.0,0.0,89.19999999870197,43233.29999965137,0.0,1216.9500000000075,49.599999999278225,24096.599999789596,0.0,0.0,0.0,0.0,0.0,0.0,9.920000000000073,4819.320000000001,496.0,240966.0,0.0,97.0,505.9200000000128,245785.32000000027,0.0,0.0,1421.7163288395386,569635.1930501418
686,2021-11-17,2021,True,51.87671232876713,992,992,1097,410893.09260103415,1350.1664676977468,50540,42,0.0,0.8346802221292117,0.1704689371448855,0.15666710033267567,0.13005388295106918,0.3836472553202913,0.9676915322580646,0.1511318788297278,524597.1195178418,0,False,False,True,"{""0"":null,""1"":null,""2"":null,""3"":null}",992.0,679861.0,992.0,482924.0,992.0,482924.0,843.9904223495396,410893.09260103415,843.9904223495396,0.0,0.0,1350.1664676977089,570985.3595178395,0.0,17.4484221602295,4.0,1952.0,0.0,0.0,89.19999999870197,43322.49999965007,0.0,1216.9500000000075,49.599999999278225,24146.199999788874,0.0,0.0,0.0,0.0,0.0,0.0,9.920000000000073,4829.240000000001,496.0,241462.0,0.0,97.0,505.9200000000128,246291.24000000028,0.0,0.0,1350.1664676977089,570985.3595178395
687,2021-11-18,2021,True,51.87945205479452,992,992,1097,411737.0830233837,1293.7670394812037,50661,48,0.07889945639209166,0.8165348313719814,0.17644014008050105,0.15665829648914975,0.13020805178881162,0.3836472553202913,0.9676260080645162,0.1741812412956546,525384.9665573231,0,False,False,True,"{""0"":null,""1"":null,""2"":null,""3"":null}",992.0,680853.0,992.0,483916.0,992.0,483916.0,843.9904223495396,411737.0830233837,843.9904223495396,0.0,0.0,1293.7670394812012,572279.1265573207,0.07889945639209017,17.52732161662159,4.0,1956.0,0.0,0.0,89.19999999870197,43411.69999964877,2.1000000000012733,1219.0500000000088,49.599999999278225,24195.799999788152,0.0,0.0,0.0,0.0,0.0,0.0,9.920000000000073,4839.160000000001,496.0,241958.0,0.0,97.0,505.9200000000128,246797.1600000003,0.0,0.0,1293.7670394812012,572279.1265573207
688,2021-11-19,2021,True,51.88219178082192,992,992,1097,412581.07344573323,1246.8032249531743,50766,54,0.0,0.79640589588339,0.19873950710918667,0.1566795734724762,0.1302813360032897,0.3836472553202913,0.9676360887096774,0.1954491688219561,526125.8497822762,0,False,False,True,"{""0"":null,""1"":null,""2"":null,""3"":null}",992.0,681845.0,992.0,484908.0,992.0,484908.0,843.9904223495396,412581.07344573323,843.9904223495396,0.0,0.0,1246.8032249531243,573525.9297822738,0.0,17.52732161662159,4.0,1960.0,0.0,0.0,89.19999999870197,43500.899999647474,2.1000000000012733,1221.15000000001,49.599999999278225,24245.39999978743,0.0,0.0,0.0,0.0,0.0,0.0,9.920000000000073,4849.080000000001,496.0,242454.0,0.0,97.0,505.9200000000128,247303.0800000003,0.0,0.0,1246.8032249531243,573525.9297822738
689,2021-11-20,2021,False,51.88493150684931,992,0,1097,412581.07344573323,0.0,49899,54,0.0,,,0.1566744822822084,0.13045113042285966,0.3836472553202913,0.9684274193548387,0.12025808557564113,526125.8497822762,0,False,False,True,"{""0"":null,""1"":null,""2"":null,""3"":null}",992.0,682837.0,0.0,484908.0,0.0,484908.0,0.0,412581.07344573323,0.0,0.0,0.0,0.0,573525.9297822738,0.0,17.52732161662159,0.0,1960.0,0.0,0.0,0.0,43500.899999647474,0.0,1221.15000000001,0.0,24245.39999978743,0.0,0.0,0.0,0.0,0.0,0.0,0.0,4849.080000000001,0.0,242454.0,0.0,97.0,0.0,247303.0800000003,0.0,0.0,0.0,573525.9297822738
690,2021-11-21,2021,False,51.88767123287671,992,0,1097,412581.07344573323,0.0,49899,54,0.0,,,0.15667448228220837,0.13045113042285966,0.3836472553202913,0.9684274193548387,0.07011264660936552,526125.8497822762,0,False,False,True,"{""0"":null,""1"":null,""2"":null,""3"":null}",992.0,683829.0,0.0,484908.0,0.0,484908.0,0.0,412581.07344573323,0.0,0.0,0.0,0.0,573525.9297822738,0.0,17.52732161662159,0.0,1960.0,0.0,0.0,0.0,43500.899999647474,0.0,1221.15000000001,0.0,24245.39999978743,0.0,0.0,0.0,0.0,0.0,0.0,0.0,4849.080000000001,0.0,242454.0,0.0,97.0,0.0,247303.0800000003,0.0,0.0,0.0,573525.9297822738
691,2021-11-22,2021,True,51.89041095890411,993,993,1098,413425.79787654086,1508.2899186426096,50909,17,0.0,0.8600563773967491,0.1434316583565835,0.15678478107065416,0.1299390560163471,0.38389534758192645,0.9675327291037261,0.0990403256390151,527126.7097009188,0,False,False,True,"{""0"":null,""1"":null,""2"":null,""3"":null}",993.0,684822.0,993.0,485901.0,993.0,485901.0,844.7244308076333,413425.79787654086,844.7244308076333,0.0,0.0,1508.2899186426075,575034.2197009164,0.0,17.52732161662159,4.0,1964.0,0.0,0.0,89.29999999870051,43590.199999646175,8.100000000004911,1229.250000000015,49.6499999992775,24295.04999978671,0.0,0.0,0.0,0.0,0.0,0.0,9.930000000000291,4859.010000000001,496.5,242950.5,1.0,98.0,506.429999999993,247809.5100000003,0.0,0.0,1508.2899186426075,575034.2197009164
692,2021-11-23,2021,True,51.893150684931506,993,993,1098,414270.5223073485,1419.4948740844236,50947,30,0.20429621640600734,0.8408457193013926,0.14468708232089464,0.15669127016378032,0.13002945045293296,0.38389534758192645,0.9681218529707956,0.12595668508211116,528039.7745750031,0,False,False,True,"{""0"":null,""1"":null,""2"":null,""3"":null}",993.0,685815.0,993.0,486894.0,993.0,486894.0,844.7244308076333,414270.5223073485,844.7244308076333,0.0,0.0,1419.4948740843683,576453.7145750008,0.20429621640600715,17.7316178330276,4.0,1968.0,0.0,0.0,89.29999999870051,43679.499999644875,0.0,1229.250000000015,49.6499999992775,24344.699999785986,0.0,0.0,0.0,0.0,0.0,0.0,9.930000000000291,4868.940000000001,496.5,243447.0,0.0,98.0,506.429999999993,248315.9400000003,0.0,0.0,1419.4948740843683,576453.7145750008
693,2021-11-24,2021,True,51.895890410958906,993,993,1098,415115.24673815613,1385.9938000474187,51059,46,0.0,0.8389028229936856,0.16202769636888487,0.15669239138897129,0.1301011539499678,0.38389534758192645,0.968031218529708,0.15094070402135748,528919.3383750505,0,False,False,True,"{""0"":null,""1"":null,""2"":null,""3"":null}",993.0,686808.0,993.0,487887.0,993.0,487887.0,844.7244308076333,415115.24673815613,844.7244308076333,0.0,0.0,1385.9938000474358,577839.7083750482,0.0,17.7316178330276,4.0,1972.0,0.0,0.0,89.29999999870051,43768.799999643576,0.0,1229.250000000015,49.6499999992775,24394.349999785263,0.0,0.0,0.0,0.0,0.0,0.0,9.930000000000291,4878.870000000002,496.5,243943.5,0.0,98.0,506.429999999993,248822.3700000003,0.0,0.0,1385.9938000474358,577839.7083750482
694,2021-11-25,2021,True,51.8986301369863,993,993,1098,415959.97116896376,1296.1593508146589,51163,47,0.0,0.8187535796837605,0.1801399227899712,0.15662405595461393,0.1302265822791558,0.38389534758192645,0.9679003021148036,0.17405782991175198,529709.067725865,0,False,False,True,"{""0"":null,""1"":null,""2"":null,""3"":null}",993.0,687801.0,993.0,488880.0,993.0,488880.0,844.7244308076333,415959.97116896376,844.7244308076333,0.0,0.0,1296.159350814647,579135.8677258629,0.0,17.7316178330276,4.0,1976.0,0.0,0.0,89.29999999870051,43858.099999642276,2.550000000001546,1231.8000000000166,49.6499999992775,24443.99999978454,0.0,0.0,0.0,0.0,0.0,0.0,9.930000000000291,4888.800000000002,496.5,244440.0,0.0,98.0,506.429999999993,249328.80000000028,0.0,0.0,1296.159350814647,579135.8677258629
695,2021-11-26,2021,True,51.9013698630137,993,993,1098,416804.6955997714,1236.1808471973582,51255,51,0.0,0.8338379802349007,0.16559898025700415,0.15673035738203897,0.13041351326565487,0.38389534758192645,0.9678499496475328,0.19531038905117803,530438.8185730623,0,False,False,True,"{""0"":null,""1"":null,""2"":null,""3"":null}",993.0,688794.0,993.0,489873.0,993.0,489873.0,844.7244308076333,416804.6955997714,844.7244308076333,0.0,0.0,1236.1808471973054,580372.0485730602,0.0,17.7316178330276,4.0,1980.0,0.0,0.0,89.29999999870051,43947.39999964098,1.9500000000011823,1233.7500000000177,49.6499999992775,24493.64999978382,0.0,0.0,0.0,0.0,0.0,0.0,9.930000000000291,4898.730000000002,496.5,244936.5,0.0,98.0,506.429999999993,249835.23000000027,0.0,0.0,1236.1808471973054,580372.0485730602
696,2021-11-27,2021,False,51.9041095890411,993,0,1098,416804.6955997714,0.0,50399,51,0.0,,,0.15672655614065145,0.13046024808520995,0.38389534758192645,0.9686958710976837,0.1201678581960777,530438.8185730623,0,False,False,True,"{""0"":null,""1"":null,""2"":null,""3"":null}",993.0,689787.0,0.0,489873.0,0.0,489873.0,0.0,416804.6955997714,0.0,0.0,0.0,0.0,580372.0485730602,0.0,17.7316178330276,0.0,1980.0,0.0,0.0,0.0,43947.39999964098,0.0,1233.7500000000177,0.0,24493.64999978382,0.0,0.0,0.0,0.0,0.0,0.0,0.0,4898.730000000002,0.0,244936.5,0.0,98.0,0.0,249835.23000000027,0.0,0.0,0.0,580372.0485730602
697,2021-11-28,2021,False,51.90684931506849,992,0,1098,416804.6955997714,0.0,50399,51,0.0,,,0.15688863092068575,0.13077398204774188,0.3838847493871798,0.968664314516129,0.0701099502152168,530438.8185730623,0,False,False,True,"{""0"":null,""1"":null,""2"":null,""3"":null}",992.0,690779.0,0.0,489873.0,0.0,489873.0,0.0,416804.6955997714,0.0,0.0,0.0,0.0,580372.0485730602,0.0,17.7316178330276,0.0,1980.0,0.0,0.0,0.0,43947.39999964098,0.0,1233.7500000000177,0.0,24493.64999978382,0.0,0.0,0.0,0.0,0.0,0.0,0.0,4898.730000000002,0.0,244936.5,0.0,98.0,0.0,249835.23000000027,0.0,0.0,0.0,580372.0485730602
698,2021-11-29,2021,True,51.90958904109589,992,992,1098,417648.5631105451,1519.5372810633305,51402,18,0.0,0.8447788992318606,0.15522295708716796,0.15688863092068572,0.13077398204774188,0.3838847493871798,0.9679334677419356,0.09908564126969528,531452.4358541257,0,False,False,True,"{""0"":null,""1"":null,""2"":null,""3"":null}",992.0,691771.0,992.0,490865.0,992.0,490865.0,843.8675107737072,417648.5631105451,843.8675107737072,0.0,0.0,1519.5372810633853,581891.5858541236,0.0,17.7316178330276,4.0,1984.0,0.0,0.0,89.19999999870197,44036.59999963968,7.650000000004638,1241.4000000000224,49.599999999278225,24543.249999783096,0.0,0.0,0.0,0.0,0.0,0.0,9.920000000000073,4908.650000000002,496.0,245432.5,0.0,98.0,505.9200000000128,250341.15000000029,0.0,0.0,1519.5372810633853,581891.5858541236
699,2021-11-30,2021,True,51.912328767123284,992,992,1098,418492.4306213188,1404.0991175536437,51447,36,0.0,0.8266127057403493,0.17328117616722633,0.15689735400825297,0.1308917383551585,0.3838847493871798,0.9681451612903226,0.12603352142917573,532350.6149716793,0,False,False,True,"{""0"":null,""1"":null,""2"":null,""3"":null}",992.0,692763.0,992.0,491857.0,992.0,491857.0,843.8675107737072,418492.4306213188,843.8675107737072,0.0,0.0,1404.0991175536765,583295.6849716773,0.0,17.7316178330276,4.0,1988.0,0.0,0.0,89.19999999870197,44125.79999963838,0.0,1241.4000000000224,49.599999999278225,24592.849999782375,0.0,0.0,0.0,0.0,0.0,0.0,9.920000000000073,4918.570000000002,496.0,245928.5,0.0,98.0,505.9200000000128,250847.0700000003,0.0,0.0,1404.0991175536765,583295.6849716773
700,2021-12-01,2021,True,51.915068493150685,992,992,1098,419336.2981320925,1400.2091898868332,51550,52,0.0,0.8517906203887146,0.12820142359003095,0.15687793744534503,0.1309939708926703,0.3838847493871798,0.9682207661290323,0.1509961360965696,533244.904161566,0,False,False,True,"{""0"":null,""1"":null,""2"":null,""3"":null}",992.0,693755.0,992.0,492849.0,992.0,492849.0,843.8675107737072,419336.2981320925,843.8675107737072,0.0,0.0,1400.2091898868093,584695.8941615641,0.0,17.7316178330276,4.0,1992.0,0.0,0.0,89.19999999870197,44214.99999963708,0.0,1241.4000000000224,49.599999999278225,24642.449999781653,0.0,0.0,0.0,0.0,0.0,0.0,9.920000000000073,4928.4900000000025,496.0,246424.5,0.0,98.0,505.9200000000128,251352.9900000003,0.0,0.0,1400.2091898868093,584695.8941615641
701,2021-12-02,2021,True,51.917808219178085,992,992,1098,420180.1656428662,1302.5242642157366,51666,49,0.0,0.8265639268324281,0.16570494496610189,0.15689970317897414,0.13111652694389478,0.3838847493871798,0.9682258064516129,0.17403218615355037,534041.5084257817,0,False,False,True,"{""0"":null,""1"":null,""2"":null,""3"":null}",992.0,694747.0,992.0,493841.0,992.0,493841.0,843.8675107737072,420180.1656428662,843.8675107737072,0.0,0.0,1302.5242642157245,585998.4184257798,0.0,17.7316178330276,4.0,1996.0,0.0,0.0,89.19999999870197,44304.199999635784,2.700000000001637,1244.100000000024,49.599999999278225,24692.04999978093,0.0,0.0,0.0,0.0,0.0,0.0,9.920000000000073,4938.410000000003,496.0,246920.5,0.0,98.0,505.9200000000128,251858.91000000032,0.0,0.0,1302.5242642157245,585998.4184257798
702,2021-12-03,2021,True,51.92054794520548,992,992,1098,421024.03315363993,1242.4856724000315,51768,50,0.0,0.8235884134492336,0.1686161877093053,0.15692430503727328,0.13119694777870441,0.3838847493871798,0.9684022177419355,0.19530132547460669,534778.0740981817,0,False,False,True,"{""0"":null,""1"":null,""2"":null,""3"":null}",992.0,695739.0,992.0,494833.0,992.0,494833.0,843.8675107737072,421024.03315363993,843.8675107737072,0.0,0.0,1242.4856723999837,587240.9040981798,0.0,17.7316178330276,4.0,2000.0,0.0,0.0,89.19999999870197,44393.39999963449,2.700000000001637,1246.8000000000256,49.599999999278225,24741.64999978021,0.0,0.0,0.0,0.0,0.0,0.0,9.920000000000073,4948.330000000003,496.0,247416.5,0.0,98.0,505.9200000000128,252364.83000000034,0.0,0.0,1242.4856723999837,587240.9040981798
703,2021-12-04,2021,False,51.92328767123288,992,0,1098,421024.03315363993,0.0,50899,50,0.0,,,0.1568922667611249,0.1312929441657447,0.3838847493871798,0.9691582661290322,0.12017372380330792,534778.0740981817,0,False,False,True,"{""0"":null,""1"":null,""2"":null,""3"":null}",992.0,696731.0,0.0,494833.0,0.0,494833.0,0.0,421024.03315363993,0.0,0.0,0.0,0.0,587240.9040981798,0.0,17.7316178330276,0.0,2000.0,0.0,0.0,0.0,44393.39999963449,0.0,1246.8000000000256,0.0,24741.64999978021,0.0,0.0,0.0,0.0,0.0,0.0,0.0,4948.330000000003,0.0,247416.5,0.0,98.0,0.0,252364.83000000034,0.0,0.0,0.0,587240.9040981798
704,2021-12-05,2021,False,51.92602739726027,992,0,1098,421024.03315363993,0.0,50899,50,0.0,,,0.1568922667611249,0.1312929441657447,0.3838847493871798,0.9691582661290322,0.07000471253060271,534778.0740981817,0,False,False,True,"{""0"":null,""1"":null,""2"":null,""3"":null}",992.0,697723.0,0.0,494833.0,0.0,494833.0,0.0,421024.03315363993,0.0,0.0,0.0,0.0,587240.9040981798,0.0,17.7316178330276,0.0,2000.0,0.0,0.0,0.0,44393.39999963449,0.0,1246.8000000000256,0.0,24741.64999978021,0.0,0.0,0.0,0.0,0.0,0.0,0.0,4948.330000000003,0.0,247416.5,0.0,98.0,0.0,252364.83000000034,0.0,0.0,0.0,587240.9040981798
705,2021-12-06,2021,True,51.92876712328767,992,992,1098,421867.90066441364,1547.986746101041,51900,14,0.10234465141327415,0.8578390074854888,0.14499011754993574,0.1568922667611249,0.1312929441657447,0.3838847493871798,0.9685483870967742,0.09899562828719644,535820.1408442827,0,False,False,True,"{""0"":null,""1"":null,""2"":null,""3"":null}",992.0,698715.0,992.0,495825.0,992.0,495825.0,843.8675107737072,421867.90066441364,843.8675107737072,0.0,0.0,1547.986746101058,588788.8908442808,0.10234465141327576,17.833962484440875,4.0,2004.0,0.0,0.0,89.19999999870197,44482.59999963319,7.5000000000045475,1254.3000000000302,49.599999999278225,24791.249999779488,0.0,0.0,0.0,0.0,0.0,0.0,9.920000000000073,4958.250000000003,496.0,247912.5,0.0,98.0,505.9200000000128,252870.75000000035,0.0,0.0,1547.986746101058,588788.8908442808
706,2021-12-07,2021,True,51.93150684931507,991,991,1098,422710.9460770304,1420.8430813018101,51950,32,0.0,0.8434904053665488,0.14645550587548817,0.15663819313794616,0.13102467539464122,0.3836366571255447,0.9687941473259335,0.1260646383806201,536735.5739255844,0,False,False,True,"{""0"":null,""1"":null,""2"":null,""3"":null}",991.0,699706.0,991.0,496816.0,991.0,496816.0,843.045412616746,422710.9460770304,843.045412616746,0.0,0.0,1420.8430813017767,590209.7339255826,0.0,17.833962484440875,4.0,2008.0,0.0,0.0,89.09999999870342,44571.69999963189,0.0,1254.3000000000302,49.54999999927895,24840.799999778767,0.0,0.0,0.0,0.0,0.0,0.0,9.909999999999854,4968.160000000003,495.5,248408.0,0.0,98.0,505.4100000000035,253376.16000000035,0.0,0.0,1420.8430813017767,590209.7339255826
707,2021-12-08,2021,True,51.93424657534246,991,991,1098,423553.99148964713,1375.7340703766326,52040,51,0.34978943270740614,0.8414493931666872,0.15489842870048293,0.15671662572379713,0.1311641779783767,0.3836366571255447,0.9686377396569121,0.15101989504420846,537605.897995961,0,False,False,True,"{""0"":null,""1"":null,""2"":null,""3"":null}",991.0,700697.0,991.0,497807.0,991.0,497807.0,843.045412616746,423553.99148964713,843.045412616746,0.0,0.0,1375.7340703766095,591585.4679959592,0.34978943270740714,18.18375191714828,4.0,2012.0,0.0,0.0,89.09999999870342,44660.799999630595,0.0,1254.3000000000302,49.54999999927895,24890.349999778045,0.0,0.0,0.0,0.0,0.0,0.0,9.909999999999854,4978.070000000002,495.5,248903.5,0.0,98.0,505.4100000000035,253881.57000000036,0.0,0.0,1375.7340703766095,591585.4679959592
708,2021-12-09,2021,True,51.93698630136986,990,990,1098,424396.0899115962,1310.325243939547,52158,54,0.0,0.8272670785999028,0.1722281374516796,0.15688867513839652,0.13195238382158167,0.3837024868508675,0.9686616161616162,0.17403347529505075,538411.3232399005,0,False,False,True,"{""0"":null,""1"":null,""2"":null,""3"":null}",990.0,701687.0,990.0,498797.0,990.0,498797.0,842.0984219490783,424396.0899115962,842.0984219490783,0.0,0.0,1310.3252439395292,592895.7932398987,0.0,18.18375191714828,4.0,2016.0,0.0,0.0,88.99999999870488,44749.7999996293,2.1000000000012733,1256.4000000000315,49.49999999927968,24939.849999777325,0.0,0.0,0.0,0.0,0.0,0.0,9.899999999999636,4987.970000000002,495.0,249398.5,0.0,98.0,504.8999999999942,254386.47000000035,0.0,0.0,1310.3252439395292,592895.7932398987
709,2021-12-10,2021,True,51.93972602739726,990,990,1098,425238.1883335453,1280.7408542542576,52262,51,0.0,0.8262837345457476,0.16988213993736123,0.15684108618309064,0.13196903984622502,0.3837024868508675,0.9685909090909091,0.19525951517640278,539187.1640941547,0,False,False,True,"{""0"":null,""1"":null,""2"":null,""3"":null}",990.0,702677.0,990.0,499787.0,990.0,499787.0,842.0984219490783,425238.1883335453,842.0984219490783,0.0,0.0,1280.7408542542253,594176.534094153,0.0,18.18375191714828,4.0,2020.0,0.0,0.0,88.99999999870488,44838.799999628005,2.700000000001637,1259.100000000033,49.49999999927968,24989.349999776605,0.0,0.0,0.0,0.0,0.0,0.0,9.899999999999636,4997.870000000002,495.0,249893.5,0.0,98.0,504.8999999999942,254891.37000000034,0.0,0.0,1280.7408542542253,594176.534094153
710,2021-12-11,2021,False,51.942465753424656,990,0,1098,425238.1883335453,0.0,51399,51,0.0,,,0.15685330119446872,0.13202522552496915,0.3837024868508675,0.9692878787878788,0.12010737317180482,539187.1640941547,0,False,False,True,"{""0"":null,""1"":null,""2"":null,""3"":null}",990.0,703667.0,0.0,499787.0,0.0,499787.0,0.0,425238.1883335453,0.0,0.0,0.0,0.0,594176.534094153,0.0,18.18375191714828,0.0,2020.0,0.0,0.0,0.0,44838.799999628005,0.0,1259.100000000033,0.0,24989.349999776605,0.0,0.0,0.0,0.0,0.0,0.0,0.0,4997.870000000002,0.0,249893.5,0.0,98.0,0.0,254891.37000000034,0.0,0.0,0.0,594176.534094153
711,2021-12-12,2021,False,51.945205479452056,989,0,1098,425238.1883335453,0.0,51399,51,0.0,,,0.15709061974948424,0.13218212678151128,0.383899386740545,0.9692568250758342,0.06995734785052335,539187.1640941547,0,False,False,True,"{""0"":null,""1"":null,""2"":null,""3"":null}",989.0,704656.0,0.0,499787.0,0.0,499787.0,0.0,425238.1883335453,0.0,0.0,0.0,0.0,594176.534094153,0.0,18.18375191714828,0.0,2020.0,0.0,0.0,0.0,44838.799999628005,0.0,1259.100000000033,0.0,24989.349999776605,0.0,0.0,0.0,0.0,0.0,0.0,0.0,4997.870000000002,0.0,249893.5,0.0,98.0,0.0,254891.37000000034,0.0,0.0,0.0,594176.534094153
712,2021-12-13,2021,True,51.94794520547945,988,988,1098,426078.6433862559,1531.881375439032,52388,21,0.376003509436321,0.8642938605616384,0.13554403713174637,0.1571154199596875,0.13289567288709403,0.3839652164658678,0.9694230769230768,0.09894413174671676,540215.1654695937,0,False,False,True,"{""0"":null,""1"":null,""2"":null,""3"":null}",988.0,705644.0,988.0,500775.0,988.0,500775.0,840.4550527106039,426078.6433862559,840.4550527106039,0.0,0.0,1531.8813754389994,595708.415469592,0.37600350943631966,18.5597554265846,4.0,2024.0,0.0,0.0,88.79999999870779,44927.59999962671,7.650000000004638,1266.7500000000377,49.399999999281135,25038.749999775886,0.0,0.0,0.0,0.0,0.0,0.0,9.88000000000011,5007.750000000002,494.0,250387.5,0.0,98.0,503.88000000000466,255395.25000000035,0.0,0.0,1531.8813754389994,595708.415469592
713,2021-12-14,2021,True,51.95068493150685,988,988,1098,426919.0984389665,1429.4881315273228,52421,47,0.0,0.8593152250412872,0.1324856197918987,0.1571019683042768,0.13300571786202803,0.3839652164658678,0.9693724696356275,0.12587357006422858,541140.773601121,0,False,False,True,"{""0"":null,""1"":null,""2"":null,""3"":null}",988.0,706632.0,988.0,501763.0,988.0,501763.0,840.4550527106039,426919.0984389665,840.4550527106039,0.0,0.0,1429.4881315273233,597137.9036011193,0.0,18.5597554265846,4.0,2028.0,0.0,0.0,88.79999999870779,45016.39999962542,0.0,1266.7500000000377,49.399999999281135,25088.149999775167,0.0,0.0,0.0,0.0,0.0,0.0,9.88000000000011,5017.630000000002,494.0,250881.5,0.0,98.0,503.88000000000466,255899.13000000035,0.0,0.0,1429.4881315273233,597137.9036011193
714,2021-12-15,2021,True,51.95342465753425,988,988,1098,427759.5534916771,1380.5586222729125,52553,63,0.0,0.8147950805120838,0.19157506169396246,0.15708292115773023,0.1330834977529629,0.3839652164658678,0.9693269230769231,0.15078872448282052,542017.452223394,0,False,False,True,"{""0"":null,""1"":null,""2"":null,""3"":null}",988.0,707620.0,988.0,502751.0,988.0,502751.0,840.4550527106039,427759.5534916771,840.4550527106039,0.0,0.0,1380.558622272918,598518.4622233922,0.0,18.5597554265846,4.0,2032.0,0.0,0.0,88.79999999870779,45105.19999962413,0.0,1266.7500000000377,49.399999999281135,25137.54999977445,0.0,0.0,0.0,0.0,0.0,0.0,9.88000000000011,5027.510000000002,494.0,251375.5,0.0,98.0,503.88000000000466,256403.01000000036,0.0,0.0,1380.558622272918,598518.4622233922
715,2021-12-16,2021,True,51.95616438356164,988,988,1098,428600.0085443877,1289.600495646189,52666,58,0.0,0.8391696008192068,0.15569170725986262,0.15707975693799947,0.1331521044024653,0.3839652164658678,0.9694433198380566,0.17381188218428795,542803.1727190402,0,False,False,True,"{""0"":null,""1"":null,""2"":null,""3"":null}",988.0,708608.0,988.0,503739.0,988.0,503739.0,840.4550527106039,428600.0085443877,840.4550527106039,0.0,0.0,1289.600495646242,599808.0627190385,0.0,18.5597554265846,4.0,2036.0,0.0,0.0,88.79999999870779,45193.999999622836,3.15000000000191,1269.9000000000397,49.399999999281135,25186.94999977373,0.0,0.0,0.0,0.0,0.0,0.0,9.88000000000011,5037.390000000002,494.0,251869.5,0.0,98.0,503.88000000000466,256906.89000000036,0.0,0.0,1289.600495646242,599808.0627190385
716,2021-12-17,2021,True,51.95890410958904,987,987,1098,429439.64463240554,1245.2470768291007,52748,57,0.0,0.8176910116926488,0.17241642371798416,0.15706234426774135,0.1332756617434288,0.38371712420423265,0.9690780141843972,0.19509311613044003,543545.0497958693,0,False,False,True,"{""0"":null,""1"":null,""2"":null,""3"":null}",987.0,709595.0,987.0,504726.0,987.0,504726.0,839.6360880178399,429439.64463240554,839.6360880178399,0.0,0.0,1245.2470768290805,601053.3097958675,0.0,18.5597554265846,4.0,2040.0,0.0,0.0,88.69999999870925,45282.699999621545,3.9000000000023647,1273.800000000042,49.34999999928186,25236.29999977301,0.0,0.0,0.0,0.0,0.0,0.0,9.86999999999989,5047.260000000002,493.5,252363.0,0.0,98.0,503.36999999999534,257410.26000000036,0.0,0.0,1245.2470768290805,601053.3097958675
717,2021-12-18,2021,False,51.961643835616435,987,0,1098,429439.64463240554,0.0,51899,57,0.0,,,0.15696977239923912,0.13326017845632582,0.38371712420423265,0.9698632218844985,0.11990634571460472,543545.0497958693,0,False,False,True,"{""0"":null,""1"":null,""2"":null,""3"":null}",987.0,710582.0,0.0,504726.0,0.0,504726.0,0.0,429439.64463240554,0.0,0.0,0.0,0.0,601053.3097958675,0.0,18.5597554265846,0.0,2040.0,0.0,0.0,0.0,45282.699999621545,0.0,1273.800000000042,0.0,25236.29999977301,0.0,0.0,0.0,0.0,0.0,0.0,0.0,5047.260000000002,0.0,252363.0,0.0,98.0,0.0,257410.26000000036,0.0,0.0,0.0,601053.3097958675
718,2021-12-19,2021,False,51.964383561643835,987,0,1098,429439.64463240554,0.0,51899,57,0.0,,,0.1569697723992391,0.13326017845632582,0.38371712420423265,0.9698632218844985,0.06968654693587589,543545.0497958693,0,False,False,True,"{""0"":null,""1"":null,""2"":null,""3"":null}",987.0,711569.0,0.0,504726.0,0.0,504726.0,0.0,429439.64463240554,0.0,0.0,0.0,0.0,601053.3097958675,0.0,18.5597554265846,0.0,2040.0,0.0,0.0,0.0,45282.699999621545,0.0,1273.800000000042,0.0,25236.29999977301,0.0,0.0,0.0,0.0,0.0,0.0,0.0,5047.260000000002,0.0,252363.0,0.0,98.0,0.0,257410.26000000036,0.0,0.0,0.0,601053.3097958675
719,2021-12-20,2021,True,51.967123287671235,986,986,1098,430278.4504245576,1519.5493425038856,52898,14,0.0,0.8520185324023697,0.1387349050875225,0.1569167717170707,0.1330787805597239,0.383706526009486,0.9691227180527383,0.09870633679292375,544561.7391383732,0,False,False,True,"{""0"":null,""1"":null,""2"":null,""3"":null}",986.0,712555.0,986.0,505712.0,986.0,505712.0,838.8057921520667,430278.4504245576,838.8057921520667,0.0,0.0,1519.5493425038876,602572.8591383714,0.0,18.5597554265846,4.0,2044.0,0.0,0.0,88.5999999987107,45371.299999620256,8.550000000005184,1282.3500000000472,49.29999999928259,25285.599999772294,0.0,0.0,0.0,0.0,0.0,0.0,9.859999999999673,5057.120000000002,493.0,252856.0,0.0,98.0,502.85999999998603,257913.12000000034,0.0,0.0,1519.5493425038876,602572.8591383714
720,2021-12-21,2021,True,51.96986301369863,985,985,1098,431116.45448956254,1465.374356066052,52935,32,0.0,0.8416556165272469,0.15841444571384797,0.15685347513835302,0.1332345145530821,0.38377235573480883,0.9694670050761421,0.12569412872757363,545524.7634944393,0,False,False,True,"{""0"":null,""1"":null,""2"":null,""3"":null}",985.0,713540.0,985.0,506697.0,985.0,506697.0,838.0040650049341,431116.45448956254,838.0040650049341,0.0,0.0,1465.3743560661096,604038.2334944375,0.0,18.5597554265846,4.0,2048.0,0.0,0.0,88.49999999871216,45459.79999961897,0.0,1282.3500000000472,49.24999999928332,25334.849999771577,0.0,0.0,0.0,0.0,0.0,0.0,9.850000000000364,5066.970000000002,492.5,253348.5,0.0,98.0,502.3500000000058,258415.47000000035,0.0,0.0,1465.3743560661096,604038.2334944375
721,2021-12-22,2021,True,51.97260273972603,985,985,1098,431954.4585545675,1354.7675522032916,53037,48,0.0,0.8375698694605718,0.1611294869170668,0.15684227785484658,0.13325732508553267,0.38377235573480883,0.9693299492385786,0.150612954691709,546377.1810466426,0,False,False,True,"{""0"":null,""1"":null,""2"":null,""3"":null}",985.0,714525.0,985.0,507682.0,985.0,507682.0,838.0040650049341,431954.4585545675,838.0040650049341,0.0,0.0,1354.767552203266,605393.0010466408,0.0,18.5597554265846,4.0,2052.0,0.0,0.0,88.49999999871216,45548.29999961768,0.0,1282.3500000000472,49.24999999928332,25384.09999977086,0.0,0.0,0.0,0.0,0.0,0.0,9.850000000000364,5076.820000000002,492.5,253841.0,0.0,98.0,502.3500000000058,258917.82000000036,0.0,0.0,1354.767552203266,605393.0010466408
722,2021-12-23,2021,True,51.97534246575343,984,984,1098,432791.70826420444,1268.9797848261203,53154,57,0.0,0.8384065739426226,0.16252449945860253,0.1565903485120724,0.132956207062582,0.3835202243145551,0.969400406504065,0.1737706357970463,547144.3208314688,0,False,False,True,"{""0"":null,""1"":null,""2"":null,""3"":null}",984.0,715509.0,984.0,508666.0,984.0,508666.0,837.2497096369625,432791.70826420444,837.2497096369625,0.0,0.0,1268.979784826166,606661.980831467,0.0,18.5597554265846,4.0,2056.0,0.0,0.0,88.39999999871361,45636.699999616394,2.1000000000012733,1284.4500000000485,49.199999999284046,25433.299999770144,0.0,0.0,0.0,0.0,0.0,0.0,9.840000000000146,5086.660000000003,492.0,254333.0,0.0,98.0,501.8399999999965,259419.66000000035,0.0,0.0,1268.979784826166,606661.980831467
723,2021-12-24,2021,True,51.97808219178082,984,984,1099,433628.9795732894,1270.7897850902941,53259,52,0.0,0.8241895948662866,0.178927778329195,0.15680560427578255,0.13271806829974703,0.3837617575400622,0.9692327235772358,0.19492768681231293,547912.2706165591,0,False,False,True,"{""0"":null,""1"":null,""2"":null,""3"":null}",984.0,716493.0,984.0,509650.0,984.0,509650.0,837.2713090849575,433628.9795732894,837.2713090849575,0.0,0.0,1270.7897850902518,607932.7706165572,0.0,18.5597554265846,4.0,2060.0,0.0,0.0,88.39999999871361,45725.09999961511,2.700000000001637,1287.15000000005,49.199999999284046,25482.49999976943,0.0,0.0,0.0,0.0,0.0,0.0,9.840000000000146,5096.500000000003,492.0,254825.0,1.0,99.0,501.8399999999965,259921.50000000035,0.0,0.0,1270.7897850902518,607932.7706165572
724,2021-12-25,2021,False,51.98082191780822,984,0,1099,433628.9795732894,0.0,52399,52,0.0,,,0.15678802460113517,0.13274521427447747,0.3837617575400622,0.9702439024390244,0.11980101449616046,547912.2706165591,0,False,False,True,"{""0"":null,""1"":null,""2"":null,""3"":null}",984.0,717477.0,0.0,509650.0,0.0,509650.0,0.0,433628.9795732894,0.0,0.0,0.0,0.0,607932.7706165572,0.0,18.5597554265846,0.0,2060.0,0.0,0.0,0.0,45725.09999961511,0.0,1287.15000000005,0.0,25482.49999976943,0.0,0.0,0.0,0.0,0.0,0.0,0.0,5096.500000000003,0.0,254825.0,0.0,99.0,0.0,259921.50000000035,0.0,0.0,0.0,607932.7706165572
725,2021-12-26,2021,False,51.983561643835614,984,0,1099,433628.9795732894,0.0,52399,52,0.0,,,0.1567880246011352,0.13274521427447744,0.3837617575400622,0.9702439024390244,0.0694969864305309,547912.2706165591,0,False,False,True,"{""0"":null,""1"":null,""2"":null,""3"":null}",984.0,718461.0,0.0,509650.0,0.0,509650.0,0.0,433628.9795732894,0.0,0.0,0.0,0.0,607932.7706165572,0.0,18.5597554265846,0.0,2060.0,0.0,0.0,0.0,45725.09999961511,0.0,1287.15000000005,0.0,25482.49999976943,0.0,0.0,0.0,0.0,0.0,0.0,0.0,5096.500000000003,0.0,254825.0,0.0,99.0,0.0,259921.50000000035,0.0,0.0,0.0,607932.7706165572
726,2021-12-27,2021,True,51.986301369863014,984,984,1099,434466.25088237436,1540.3687700643002,53384,18,0.0,0.8648279940000094,0.1353812281026174,0.15678802460113517,0.13274521427447744,0.3837617575400622,0.969420731707317,0.09850250762584604,548950.7993866234,0,False,False,True,"{""0"":null,""1"":null,""2"":null,""3"":null}",984.0,719445.0,984.0,510634.0,984.0,510634.0,837.2713090849575,434466.25088237436,837.2713090849575,0.0,0.0,1540.3687700643204,609473.1393866215,0.0,18.5597554265846,4.0,2064.0,0.0,0.0,88.39999999871361,45813.49999961382,7.800000000004729,1294.9500000000548,49.199999999284046,25531.699999768713,0.0,0.0,0.0,0.0,0.0,0.0,9.840000000000146,5106.340000000003,492.0,255317.0,0.0,99.0,501.8399999999965,260423.34000000035,0.0,0.0,1540.3687700643204,609473.1393866215
727,2021-12-28,2021,True,51.989041095890414,984,984,1099,435303.5221914593,1468.647972423292,53435,32,0.0,0.8272715257723511,0.16174120305409154,0.1569004364315048,0.13289229823973825,0.3837617575400622,0.969435975609756,0.12548650277831322,549917.6073590467,0,False,False,True,"{""0"":null,""1"":null,""2"":null,""3"":null}",984.0,720429.0,984.0,511618.0,984.0,511618.0,837.2713090849575,435303.5221914593,837.2713090849575,0.0,0.0,1468.647972423234,610941.7873590448,0.0,18.5597554265846,4.0,2068.0,0.0,0.0,88.39999999871361,45901.899999612535,0.0,1294.9500000000548,49.199999999284046,25580.899999767997,0.0,0.0,0.0,0.0,0.0,0.0,9.840000000000146,5116.180000000003,492.0,255809.0,0.0,99.0,501.8399999999965,260925.18000000034,0.0,0.0,1468.647972423234,610941.7873590448
728,2021-12-29,2021,True,51.99178082191781,984,984,1099,436140.79350054427,1380.980103065114,53536,43,0.0,0.8322619400283071,0.16424616374948672,0.1569385229943645,0.13296922744426398,0.3837617575400622,0.9691819105691056,0.15048523939470212,550796.7474621119,0,False,False,True,"{""0"":null,""1"":null,""2"":null,""3"":null}",984.0,721413.0,984.0,512602.0,984.0,512602.0,837.2713090849575,436140.79350054427,837.2713090849575,0.0,0.0,1380.9801030651433,612322.7674621099,0.0,18.5597554265846,4.0,2072.0,0.0,0.0,88.39999999871361,45990.29999961125,0.0,1294.9500000000548,49.199999999284046,25630.09999976728,0.0,0.0,0.0,0.0,0.0,0.0,9.840000000000146,5126.020000000003,492.0,256301.0,0.0,99.0,501.8399999999965,261427.02000000034,0.0,0.0,1380.9801030651433,612322.7674621099
729,2021-12-30,2021,True,51.99452054794521,985,985,1100,436978.7688724097,1299.5420230073578,53659,37,0.0,0.8142177676837496,0.1751579741582571,0.1565785604063572,0.13207946431576764,0.38356485765038467,0.9689390862944162,0.17345597153879624,551592.9394851193,0,False,False,True,"{""0"":null,""1"":null,""2"":null,""3"":null}",985.0,722398.0,985.0,513587.0,985.0,513587.0,837.9753718654392,436978.7688724097,837.9753718654392,0.0,0.0,1299.5420230074087,613622.3094851173,0.0,18.5597554265846,4.0,2076.0,0.0,0.0,88.49999999871216,46078.79999960996,2.700000000001637,1297.6500000000565,49.24999999928332,25679.349999766564,0.0,0.0,0.0,0.0,0.0,0.0,9.850000000000364,5135.8700000000035,492.5,256793.5,1.0,100.0,502.3500000000058,261929.37000000034,0.0,0.0,1299.5420230074087,613622.3094851173
730,2021-12-31,2021,True,51.9972602739726,985,985,1100,437816.74424427515,1276.9611835882215,53763,30,0.0,0.8233682235607781,0.15697503065170235,0.15649084499273408,0.13212004505350547,0.38356485765038467,0.9693857868020305,0.19462778284385618,552367.5506687076,0,False,False,True,"{""0"":null,""1"":null,""2"":null,""3"":null}",985.0,723383.0,985.0,514572.0,985.0,514572.0,837.9753718654392,437816.74424427515,837.9753718654392,0.0,0.0,1276.9611835882533,614899.2706687056,0.0,18.5597554265846,4.0,2080.0,0.0,0.0,88.49999999871216,46167.29999960867,2.1000000000012733,1299.7500000000578,49.24999999928332,25728.599999765847,0.0,0.0,0.0,0.0,0.0,0.0,9.850000000000364,5145.720000000004,492.5,257286.0,0.0,100.0,502.3499999999767,262431.7200000003,0.0,0.0,1276.9611835882533,614899.2706687056
731,2022-01-01,2022,False,52.0,984,0,1100,437816.74424427515,0.0,52899,30,0.0,,,0.1568606233366292,0.13260468480598747,0.3837617575400622,0.9701270325203252,0.11959780595648124,552367.5506687076,0,False,False,True,"{""0"":null,""1"":null,""2"":null,""3"":null}",984.0,724367.0,0.0,514572.0,0.0,514572.0,0.0,437816.74424427515,0.0,0.0,0.0,0.0,614899.2706687056,0.0,18.5597554265846,0.0,2080.0,0.0,0.0,0.0,46167.29999960867,0.0,1299.7500000000578,0.0,25728.599999765847,0.0,0.0,0.0,0.0,0.0,0.0,0.0,5145.720000000004,0.0,257286.0,0.0,100.0,0.0,262431.7200000003,0.0,0.0,0.0,614899.2706687056
732,2022-01-02,2022,False,52.0027397260274,984,0,1100,437816.74424427515,0.0,52899,30,0.0,,,0.15686062333662923,0.13260468480598747,0.3837617575400622,0.9701270325203252,0.0694030251470835,552367.5506687076,0,False,False,True,"{""0"":null,""1"":null,""2"":null,""3"":null}",984.0,725351.0,0.0,514572.0,0.0,514572.0,0.0,437816.74424427515,0.0,0.0,0.0,0.0,614899.2706687056,0.0,18.5597554265846,0.0,2080.0,0.0,0.0,0.0,46167.29999960867,0.0,1299.7500000000578,0.0,25728.599999765847,0.0,0.0,0.0,0.0,0.0,0.0,0.0,5145.720000000004,0.0,257286.0,0.0,100.0,0.0,262431.7200000003,0.0,0.0,0.0,614899.2706687056
733,2022-01-03,2022,True,52.00547945205479,984,984,1100,438653.84977653594,1536.288077577808,53869,16,0.0,0.8485677642242836,0.1370370558180164,0.1568606233366292,0.13260468480598747,0.3837617575400622,0.969385162601626,0.09831724416428621,553401.9987462854,0,False,False,True,"{""0"":null,""1"":null,""2"":null,""3"":null}",984.0,726335.0,984.0,515556.0,984.0,515556.0,837.1055322607863,438653.84977653594,837.1055322607863,0.0,0.0,1536.2880775778322,616435.5587462834,0.0,18.5597554265846,4.0,2084.0,0.0,0.0,88.39999999871361,46255.69999960739,4.5000000000027285,1304.2500000000605,49.199999999284046,25777.79999976513,0.0,0.0,0.0,0.0,0.0,0.0,9.840000000000146,5155.560000000004,492.0,257778.0,0.0,100.0,501.8400000000256,262933.56000000035,0.0,0.0,1536.2880775778322,616435.5587462834
734,2022-01-04,2022,True,52.00821917808219,984,984,1100,439490.9553087967,1462.2690177366358,53942,28,0.14739104178340756,0.8648529491780913,0.12639946591699558,0.15689937334788254,0.13269673270456053,0.3837617575400622,0.9696036585365854,0.12525626955446356,554362.4277640221,0,False,False,True,"{""0"":null,""1"":null,""2"":null,""3"":null}",984.0,727319.0,984.0,516540.0,984.0,516540.0,837.1055322607863,439490.9553087967,837.1055322607863,0.0,0.0,1462.2690177366603,617897.8277640201,0.14739104178340767,18.70714646836801,4.0,2088.0,0.0,0.0,88.39999999871361,46344.0999996061,0.0,1304.2500000000605,49.199999999284046,25826.999999764415,0.0,0.0,0.0,0.0,0.0,0.0,9.840000000000146,5165.400000000004,492.0,258270.0,0.0,100.0,501.8400000000256,263435.4000000004,0.0,0.0,1462.2690177366603,617897.8277640201
735,2022-01-05,2022,True,52.010958904109586,984,984,1100,440328.0608410575,1400.915157587074,54042,43,0.019597392435021472,0.8322370520243251,0.1773572106353685,0.15692027678617462,0.1327623918900511,0.3837617575400622,0.9695934959349594,0.15022288655247476,555261.5029216092,0,False,False,True,"{""0"":null,""1"":null,""2"":null,""3"":null}",984.0,728303.0,984.0,517524.0,984.0,517524.0,837.1055322607863,440328.0608410575,837.1055322607863,0.0,0.0,1400.9151575870346,619298.7429216071,0.019597392435020566,18.72674386080303,4.0,2092.0,0.0,0.0,88.39999999871361,46432.499999604814,0.0,1304.2500000000605,49.199999999284046,25876.1999997637,0.0,0.0,0.0,0.0,0.0,0.0,9.840000000000146,5175.240000000004,492.0,258762.0,0.0,100.0,501.8400000000256,263937.2400000004,0.0,0.0,1400.9151575870346,619298.7429216071
736,2022-01-06,2022,True,52.013698630136986,983,983,1100,441164.19533417997,1322.7521548427178,54146,47,0.0,0.8413099386095901,0.15233292196696413,0.15684710233663976,0.13271027541695385,0.38375115934531556,0.9691658189216684,0.1728772809234225,556082.925076452,0,False,False,True,"{""0"":null,""1"":null,""2"":null,""3"":null}",983.0,729286.0,983.0,518507.0,983.0,518507.0,836.1344931224594,441164.19533417997,836.1344931224594,0.0,0.0,1322.7521548427176,620621.4950764498,0.0,18.72674386080303,4.0,2096.0,0.0,0.0,88.29999999871507,46520.79999960353,2.400000000001455,1306.650000000062,49.14999999928477,25925.349999762984,0.0,0.0,0.0,0.0,0.0,0.0,9.829999999999927,5185.070000000004,491.5,259253.5,0.0,100.0,501.3300000000163,264438.5700000004,0.0,0.0,1322.7521548427176,620621.4950764498
737,2022-01-07,2022,True,52.016438356164386,983,983,1100,442000.3298273024,1256.534067609887,54243,56,0.06373590992941519,0.8321470051435208,0.1648447883045377,0.15689373977496002,0.13282501678450892,0.38375115934531556,0.9689216683621568,0.19405829953617176,556838.1291440619,0,False,False,True,"{""0"":null,""1"":null,""2"":null,""3"":null}",983.0,730269.0,983.0,519490.0,983.0,519490.0,836.1344931224594,442000.3298273024,836.1344931224594,0.0,0.0,1256.5340676099295,621878.0291440598,0.06373590992941658,18.790479770732446,4.0,2100.0,0.0,0.0,88.29999999871507,46609.099999602244,1.8000000000010914,1308.450000000063,49.14999999928477,25974.49999976227,0.0,0.0,0.0,0.0,0.0,0.0,9.829999999999927,5194.900000000004,491.5,259745.0,0.0,100.0,501.3300000000163,264939.90000000043,0.0,0.0,1256.5340676099295,621878.0291440598
738,2022-01-08,2022,False,52.01917808219178,983,0,1100,442000.3298273024,0.0,53399,56,0.0,,,0.15692140067285262,0.13295049554301713,0.38375115934531556,0.9697863682604272,0.11904606951209909,556838.1291440619,0,False,False,True,"{""0"":null,""1"":null,""2"":null,""3"":null}",983.0,731252.0,0.0,519490.0,0.0,519490.0,0.0,442000.3298273024,0.0,0.0,0.0,0.0,621878.0291440598,0.0,18.790479770732446,0.0,2100.0,0.0,0.0,0.0,46609.099999602244,0.0,1308.450000000063,0.0,25974.49999976227,0.0,0.0,0.0,0.0,0.0,0.0,0.0,5194.900000000004,0.0,259745.0,0.0,100.0,0.0,264939.90000000043,0.0,0.0,0.0,621878.0291440598
739,2022-01-09,2022,False,52.02191780821918,983,0,1100,442000.3298273024,0.0,53399,56,0.0,,,0.15692140067285262,0.1329504955430171,0.38375115934531556,0.9697863682604272,0.06886037298932782,556838.1291440619,0,False,False,True,"{""0"":null,""1"":null,""2"":null,""3"":null}",983.0,732235.0,0.0,519490.0,0.0,519490.0,0.0,442000.3298273024,0.0,0.0,0.0,0.0,621878.0291440598,0.0,18.790479770732446,0.0,2100.0,0.0,0.0,0.0,46609.099999602244,0.0,1308.450000000063,0.0,25974.49999976227,0.0,0.0,0.0,0.0,0.0,0.0,0.0,5194.900000000004,0.0,259745.0,0.0,100.0,0.0,264939.90000000043,0.0,0.0,0.0,621878.0291440598
740,2022-01-10,2022,True,52.02465753424657,983,983,1100,442836.4643204249,1547.025566796502,54392,20,0.0,0.8707441513190641,0.12302306816024304,0.15692140067285262,0.13295049554301713,0.38375115934531556,0.9690030518819939,0.09780951781478485,557883.8247108585,0,False,False,True,"{""0"":null,""1"":null,""2"":null,""3"":null}",983.0,733218.0,983.0,520473.0,983.0,520473.0,836.1344931224594,442836.4643204249,836.1344931224594,0.0,0.0,1547.0255667965394,623425.0547108563,0.0,18.790479770732446,4.0,2104.0,0.0,0.0,88.29999999871507,46697.39999960096,8.400000000005093,1316.8500000000681,49.14999999928477,26023.649999761554,0.0,0.0,0.0,0.0,0.0,0.0,9.829999999999927,5204.730000000004,491.5,260236.5,0.0,100.0,501.3300000000163,265441.23000000045,0.0,0.0,1547.0255667965394,623425.0547108563
741,2022-01-11,2022,True,52.02739726027397,983,983,1100,443672.59881354735,1458.6855159307959,54432,38,0.0,0.8504604280736685,0.15994043098538072,0.15688349557025633,0.13295656619538276,0.38375115934531556,0.9692115971515768,0.12481374487913575,558841.1802267893,0,False,False,True,"{""0"":null,""1"":null,""2"":null,""3"":null}",983.0,734201.0,983.0,521456.0,983.0,521456.0,836.1344931224594,443672.59881354735,836.1344931224594,0.0,0.0,1458.6855159307597,624883.740226787,0.0,18.790479770732446,4.0,2108.0,0.0,0.0,88.29999999871507,46785.699999599674,0.0,1316.8500000000681,49.14999999928477,26072.79999976084,0.0,0.0,0.0,0.0,0.0,0.0,9.829999999999927,5214.560000000004,491.5,260728.0,0.0,100.0,501.3300000000163,265942.56000000046,0.0,0.0,1458.6855159307597,624883.740226787
742,2022-01-12,2022,True,52.03013698630137,983,983,1100,444508.7333066698,1347.9209103927449,54539,50,0.10411794442260346,0.8413265306122449,0.14332993164989558,0.15687485402860157,0.13298434153923655,0.38375115934531556,0.9691505595116988,0.14981817136223455,559687.7711371821,0,False,False,True,"{""0"":null,""1"":null,""2"":null,""3"":null}",983.0,735184.0,983.0,522439.0,983.0,522439.0,836.1344931224594,444508.7333066698,836.1344931224594,0.0,0.0,1347.9209103927715,626231.6611371798,0.10411794442260458,18.89459771515505,4.0,2112.0,0.0,0.0,88.29999999871507,46873.99999959839,0.0,1316.8500000000681,49.14999999928477,26121.949999760123,0.0,0.0,0.0,0.0,0.0,0.0,9.829999999999927,5224.390000000004,491.5,261219.5,0.0,100.0,501.3300000000163,266443.8900000005,0.0,0.0,1347.9209103927715,626231.6611371798
743,2022-01-13,2022,True,52.032876712328765,983,983,1100,445344.86779979226,1323.3613358316816,54658,42,0.0,0.8311017089762734,0.16676357509018416,0.15692936146024386,0.13302829339217753,0.38375115934531556,0.9692828077314344,0.17292501763820917,560509.8024730139,0,False,False,True,"{""0"":null,""1"":null,""2"":null,""3"":null}",983.0,736167.0,983.0,523422.0,983.0,523422.0,836.1344931224594,445344.86779979226,836.1344931224594,0.0,0.0,1323.3613358316943,627555.0224730115,0.0,18.89459771515505,4.0,2116.0,0.0,0.0,88.29999999871507,46962.299999597104,3.000000000001819,1319.85000000007,49.14999999928477,26171.099999759408,0.0,0.0,0.0,0.0,0.0,0.0,9.829999999999927,5234.220000000004,491.5,261711.0,0.0,100.0,501.3300000000163,266945.2200000005,0.0,0.0,1323.3613358316943,627555.0224730115
744,2022-01-14,2022,True,52.035616438356165,983,983,1100,446181.0022929147,1287.505664239825,54755,39,0.30838685893294493,0.8107848017255682,0.16239082969432317,0.15693214176700215,0.13315863948959578,0.38375115934531556,0.9694760935910478,0.19417490850176602,561295.9781372538,0,False,False,True,"{""0"":null,""1"":null,""2"":null,""3"":null}",983.0,737150.0,983.0,524405.0,983.0,524405.0,836.1344931224594,446181.0022929147,836.1344931224594,0.0,0.0,1287.5056642398704,628842.5281372514,0.3083868589329448,19.202984574087996,4.0,2120.0,0.0,0.0,88.29999999871507,47050.59999959582,2.700000000001637,1322.5500000000716,49.14999999928477,26220.249999758693,0.0,0.0,0.0,0.0,0.0,0.0,9.829999999999927,5244.050000000004,491.5,262202.5,0.0,100.0,501.3300000000163,267446.5500000005,0.0,0.0,1287.5056642398704,628842.5281372514
745,2022-01-15,2022,False,52.038356164383565,984,0,1101,446181.0022929147,0.0,53899,39,0.0,,,0.156909201749947,0.13253262296910945,0.3837617575400622,0.9698373983739838,0.11904241777340153,561294.9781372538,0,False,False,True,"{""0"":null,""1"":null,""2"":null,""3"":null}",984.0,738134.0,0.0,524405.0,0.0,524405.0,0.0,446181.0022929147,0.0,0.0,0.0,0.0,628842.5281372514,0.0,19.202984574087996,0.0,2120.0,0.0,0.0,0.0,47050.59999959582,0.0,1322.5500000000716,0.0,26220.249999758693,0.0,0.0,0.0,0.0,0.0,0.0,0.0,5244.050000000004,0.0,262202.5,1.0,101.0,0.0,267446.5500000005,0.0,0.0,0.0,628842.5281372514
746,2022-01-16,2022,False,52.04109589041096,985,0,1102,446181.0022929147,0.0,53899,39,0.0,,,0.15668272383515408,0.13157878359144876,0.38356485765038467,0.9695634517766497,0.06881592060301854,561293.9781372538,0,False,False,True,"{""0"":null,""1"":null,""2"":null,""3"":null}",985.0,739119.0,0.0,524405.0,0.0,524405.0,0.0,446181.0022929147,0.0,0.0,0.0,0.0,628842.5281372514,0.0,19.202984574087996,0.0,2120.0,0.0,0.0,0.0,47050.59999959582,0.0,1322.5500000000716,0.0,26220.249999758693,0.0,0.0,0.0,0.0,0.0,0.0,0.0,5244.050000000004,0.0,262202.5,1.0,102.0,0.0,267446.5500000005,0.0,0.0,0.0,628842.5281372514
747,2022-01-17,2022,True,52.04383561643836,985,985,1102,447018.8114320608,1551.316098396895,54882,17,0.0,0.8436769691583555,0.14257226728284447,0.15668272383515408,0.13157878359144876,0.38356485765038467,0.9689796954314721,0.09774052497567606,562342.9442356507,0,False,False,True,"{""0"":null,""1"":null,""2"":null,""3"":null}",985.0,740104.0,985.0,525390.0,985.0,525390.0,837.8091391460621,447018.8114320608,837.8091391460621,0.0,0.0,1551.3160983968992,630393.8442356483,0.0,19.202984574087996,4.0,2124.0,0.0,0.0,88.49999999871216,47139.09999959453,5.850000000003547,1328.4000000000751,49.24999999928332,26269.499999757976,0.0,0.0,0.0,0.0,0.0,0.0,9.850000000000364,5253.900000000004,492.5,262695.0,0.0,102.0,502.3499999999767,267948.9000000005,0.0,0.0,1551.3160983968992,630393.8442356483
748,2022-01-18,2022,True,52.04657534246575,985,985,1102,447856.62057120685,1482.981725632256,54942,35,0.0,0.851782363977486,0.154252334245025,0.15665254180216248,0.13160763956484473,0.38356485765038467,0.9692994923857868,0.12473532620699018,563323.575961283,0,False,False,True,"{""0"":null,""1"":null,""2"":null,""3"":null}",985.0,741089.0,985.0,526375.0,985.0,526375.0,837.8091391460621,447856.62057120685,837.8091391460621,0.0,0.0,1482.981725632213,631876.8259612805,0.0,19.202984574087996,4.0,2128.0,0.0,0.0,88.49999999871216,47227.59999959324,0.0,1328.4000000000751,49.24999999928332,26318.74999975726,0.0,0.0,0.0,0.0,0.0,0.0,9.850000000000364,5263.750000000005,492.5,263187.5,0.0,102.0,502.3499999999767,268451.25000000047,0.0,0.0,1482.981725632213,631876.8259612805
749,2022-01-19,2022,True,52.04931506849315,984,984,1102,448693.63957426464,1387.6726128224225,55034,55,0.0,0.8363821138211383,0.16141304347826085,0.1566290256408142,0.13164019354996775,0.38355425945563804,0.9689989837398374,0.14989185382216644,564209.4085741054,0,False,False,True,"{""0"":null,""1"":null,""2"":null,""3"":null}",984.0,742073.0,984.0,527359.0,984.0,527359.0,837.0190030577942,448693.63957426464,837.0190030577942,0.0,0.0,1387.6726128223818,633264.4985741029,0.0,19.202984574087996,4.0,2132.0,0.0,0.0,88.39999999871361,47315.99999959196,0.0,1328.4000000000751,49.199999999284046,26367.949999756544,0.0,0.0,0.0,0.0,0.0,0.0,9.840000000000146,5273.590000000005,492.0,263679.5,0.0,102.0,501.8400000000256,268953.0900000005,0.0,0.0,1387.6726128223818,633264.4985741029
750,2022-01-20,2022,True,52.05205479452055,985,985,1103,449531.4632725328,1323.4440050067092,55154,51,0.0,0.8304655870445344,0.16349735923795153,0.15654771094426337,0.13088647716039806,0.38356485765038467,0.9685482233502538,0.17296183323717734,565029.5025791121,0,False,False,True,"{""0"":null,""1"":null,""2"":null,""3"":null}",985.0,743058.0,985.0,528344.0,985.0,528344.0,837.8236982681556,449531.4632725328,837.8236982681556,0.0,0.0,1323.4440050066914,634587.9425791096,0.0,19.202984574087996,4.0,2136.0,0.0,0.0,88.49999999871216,47404.49999959067,2.550000000001546,1330.9500000000767,49.24999999928332,26417.199999755827,0.0,0.0,0.0,0.0,0.0,0.0,9.850000000000364,5283.440000000005,492.5,264172.0,1.0,103.0,502.3499999999767,269455.44000000047,0.0,0.0,1323.4440050066914,634587.9425791096
751,2022-01-21,2022,True,52.054794520547944,985,985,1103,450369.28697080095,1246.5533646316578,55252,50,0.19282410754867754,0.8345223988677133,0.17055962935018387,0.15655727764054164,0.13097146137201043,0.38356485765038467,0.9685583756345177,0.1942273810125674,565773.7059437437,0,False,False,True,"{""0"":null,""1"":null,""2"":null,""3"":null}",985.0,744043.0,985.0,529329.0,985.0,529329.0,837.8236982681556,450369.28697080095,837.8236982681556,0.0,0.0,1246.5533646316035,635834.4959437412,0.1928241075486774,19.395808681636673,4.0,2140.0,0.0,0.0,88.49999999871216,47492.99999958938,2.700000000001637,1333.6500000000783,49.24999999928332,26466.44999975511,0.0,0.0,0.0,0.0,0.0,0.0,9.850000000000364,5293.290000000005,492.5,264664.5,0.0,103.0,502.3499999999767,269957.79000000044,0.0,0.0,1246.5533646316035,635834.4959437412
752,2022-01-22,2022,False,52.057534246575344,984,0,1103,450369.28697080095,0.0,54399,50,0.0,,,0.15675076047708017,0.13118680620995948,0.3837617575400622,0.9692886178861788,0.11938784252666587,565773.7059437437,0,False,False,True,"{""0"":null,""1"":null,""2"":null,""3"":null}",984.0,745027.0,0.0,529329.0,0.0,529329.0,0.0,450369.28697080095,0.0,0.0,0.0,0.0,635834.4959437412,0.0,19.395808681636673,0.0,2140.0,0.0,0.0,0.0,47492.99999958938,0.0,1333.6500000000783,0.0,26466.44999975511,0.0,0.0,0.0,0.0,0.0,0.0,0.0,5293.290000000005,0.0,264664.5,0.0,103.0,0.0,269957.79000000044,0.0,0.0,0.0,635834.4959437412
753,2022-01-23,2022,False,52.06027397260274,984,0,1103,450369.28697080095,0.0,54399,50,0.0,,,0.1567507604770802,0.13118680620995948,0.3837617575400622,0.9692886178861788,0.06925059173451366,565773.7059437437,0,False,False,True,"{""0"":null,""1"":null,""2"":null,""3"":null}",984.0,746011.0,0.0,529329.0,0.0,529329.0,0.0,450369.28697080095,0.0,0.0,0.0,0.0,635834.4959437412,0.0,19.395808681636673,0.0,2140.0,0.0,0.0,0.0,47492.99999958938,0.0,1333.6500000000783,0.0,26466.44999975511,0.0,0.0,0.0,0.0,0.0,0.0,0.0,5293.290000000005,0.0,264664.5,0.0,103.0,0.0,269957.79000000044,0.0,0.0,0.0,635834.4959437412
754,2022-01-24,2022,True,52.06301369863014,984,984,1103,451206.2696472974,1545.4617278654862,55399,8,0.0,0.8627914264352922,0.1212369887281634,0.1567507604770802,0.13118680620995948,0.3837617575400622,0.968689024390244,0.09821382421510207,566817.3276716092,0,False,False,True,"{""0"":null,""1"":null,""2"":null,""3"":null}",984.0,746995.0,984.0,530313.0,984.0,530313.0,836.9826764964382,451206.2696472974,836.9826764964382,0.0,0.0,1545.461727865506,637379.9576716067,0.0,19.395808681636673,4.0,2144.0,0.0,0.0,88.39999999871361,47581.399999588095,7.5000000000045475,1341.1500000000829,49.199999999284046,26515.649999754394,0.0,0.0,0.0,0.0,0.0,0.0,9.840000000000146,5303.130000000006,492.0,265156.5,0.0,103.0,501.8400000000256,270459.63000000047,0.0,0.0,1545.461727865506,637379.9576716067
755,2022-01-25,2022,True,52.06575342465754,984,984,1103,452043.25232379383,1507.1807305434643,55435,28,0.0,0.8475513697134823,0.1479191540500814,0.15678094398461973,0.1313140558975071,0.3837617575400622,0.9691260162601626,0.12521786749804906,567822.6684021527,0,False,False,True,"{""0"":null,""1"":null,""2"":null,""3"":null}",984.0,747979.0,984.0,531297.0,984.0,531297.0,836.9826764964382,452043.25232379383,836.9826764964382,0.0,0.0,1507.1807305434486,638887.1384021501,0.0,19.395808681636673,4.0,2148.0,0.0,0.0,88.39999999871361,47669.79999958681,0.0,1341.1500000000829,49.199999999284046,26564.84999975368,0.0,0.0,0.0,0.0,0.0,0.0,9.840000000000146,5312.970000000006,492.0,265648.5,0.0,103.0,501.8400000000256,270961.4700000005,0.0,0.0,1507.1807305434486,638887.1384021501
756,2022-01-26,2022,True,52.06849315068493,984,984,1103,452880.23500029027,1441.0227096866104,55544,38,0.24774712964848083,0.829250256437126,0.17700727723100532,0.1567576868939432,0.13141362952404229,0.3837617575400622,0.9691869918699186,0.1502996042981465,568761.8511118394,0,False,False,True,"{""0"":null,""1"":null,""2"":null,""3"":null}",984.0,748963.0,984.0,532281.0,984.0,532281.0,836.9826764964382,452880.23500029027,836.9826764964382,0.0,0.0,1441.0227096866583,640328.1611118368,0.24774712964848078,19.643555811285154,4.0,2152.0,0.0,0.0,88.39999999871361,47758.19999958552,0.0,1341.1500000000829,49.199999999284046,26614.049999752962,0.0,0.0,0.0,0.0,0.0,0.0,9.840000000000146,5322.810000000006,492.0,266140.5,0.0,103.0,501.8400000000256,271463.3100000005,0.0,0.0,1441.0227096866583,640328.1611118368
757,2022-01-27,2022,True,52.07123287671233,984,984,1103,453717.2176767867,1313.5251339740453,55660,40,0.0,0.8028975380020676,0.18950617554066224,0.1568434853152874,0.1315274206571096,0.3837617575400622,0.969395325203252,0.17347196997908465,569573.5362458135,0,False,False,True,"{""0"":null,""1"":null,""2"":null,""3"":null}",984.0,749947.0,984.0,533265.0,984.0,533265.0,836.9826764964382,453717.2176767867,836.9826764964382,0.0,0.0,1313.5251339740353,641641.6862458108,0.0,19.643555811285154,4.0,2156.0,0.0,0.0,88.39999999871361,47846.599999584236,1.2000000000007276,1342.3500000000836,49.199999999284046,26663.249999752246,0.0,0.0,0.0,0.0,0.0,0.0,9.840000000000146,5332.650000000006,492.0,266632.5,0.0,103.0,501.8400000000256,271965.15000000055,0.0,0.0,1313.5251339740353,641641.6862458108
758,2022-01-28,2022,True,52.07397260273973,984,984,1103,454554.20035328314,1252.3988636278248,55755,32,0.08144902168532543,0.8007907231224671,0.1845945903091611,0.15684412099042566,0.131597190809413,0.3837617575400622,0.9692581300813008,0.1947845831837285,570324.0951094413,0,False,False,True,"{""0"":null,""1"":null,""2"":null,""3"":null}",984.0,750931.0,984.0,534249.0,984.0,534249.0,836.9826764964382,454554.20035328314,836.9826764964382,0.0,0.0,1252.3988636278082,642894.0851094386,0.08144902168532653,19.72500483297048,4.0,2160.0,0.0,0.0,88.39999999871361,47934.99999958295,3.000000000001819,1345.3500000000854,49.199999999284046,26712.44999975153,0.0,0.0,0.0,0.0,0.0,0.0,9.840000000000146,5342.490000000006,492.0,267124.5,0.0,103.0,501.8400000000256,272466.9900000006,0.0,0.0,1252.3988636278082,642894.0851094386
759,2022-01-29,2022,False,52.07671232876712,984,0,1103,454554.20035328314,0.0,54899,32,0.0,,,0.15679151346713152,0.13164383582957545,0.3837617575400622,0.970025406504065,0.11988070995882075,570324.0951094413,0,False,False,True,"{""0"":null,""1"":null,""2"":null,""3"":null}",984.0,751915.0,0.0,534249.0,0.0,534249.0,0.0,454554.20035328314,0.0,0.0,0.0,0.0,642894.0851094386,0.0,19.72500483297048,0.0,2160.0,0.0,0.0,0.0,47934.99999958295,0.0,1345.3500000000854,0.0,26712.44999975153,0.0,0.0,0.0,0.0,0.0,0.0,0.0,5342.490000000006,0.0,267124.5,0.0,103.0,0.0,272466.9900000006,0.0,0.0,0.0,642894.0851094386
760,2022-01-30,2022,False,52.07945205479452,984,0,1103,454554.20035328314,0.0,54899,32,0.0,,,0.15679151346713152,0.13164383582957545,0.3837617575400622,0.970025406504065,0.06970788866521792,570324.0951094413,0,False,False,True,"{""0"":null,""1"":null,""2"":null,""3"":null}",984.0,752899.0,0.0,534249.0,0.0,534249.0,0.0,454554.20035328314,0.0,0.0,0.0,0.0,642894.0851094386,0.0,19.72500483297048,0.0,2160.0,0.0,0.0,0.0,47934.99999958295,0.0,1345.3500000000854,0.0,26712.44999975153,0.0,0.0,0.0,0.0,0.0,0.0,0.0,5342.490000000006,0.0,267124.5,0.0,103.0,0.0,272466.9900000006,0.0,0.0,0.0,642894.0851094386
761,2022-01-31,2022,True,52.082191780821915,984,984,1103,455391.1830297796,1571.3518225402927,55871,13,0.0,0.8505959014394737,0.1321358542754028,0.15679151346713152,0.13164383582957545,0.3837617575400622,0.969380081300813,0.09867285162785852,571393.6069319816,0,False,False,True,"{""0"":null,""1"":null,""2"":null,""3"":null}",984.0,753883.0,984.0,535233.0,984.0,535233.0,836.9826764964382,455391.1830297796,836.9826764964382,0.0,0.0,1571.3518225402804,644465.4369319789,0.0,19.72500483297048,4.0,2164.0,0.0,0.0,88.39999999871361,48023.39999958166,4.80000000000291,1350.1500000000883,49.199999999284046,26761.649999750814,0.0,0.0,0.0,0.0,0.0,0.0,9.840000000000146,5352.330000000006,492.0,267616.5,0.0,103.0,501.8400000000256,272968.8300000006,0.0,0.0,1571.3518225402804,644465.4369319789
762,2022-02-01,2022,True,52.084931506849315,982,982,1103,456226.47133947664,1437.0283810595238,55946,25,0.0,0.8390963511865903,0.14894139072302712,0.1566903310188969,0.13138572384244507,0.383706526009486,0.9695264765784114,0.12570069988336469,572329.8153130412,0,False,False,True,"{""0"":null,""1"":null,""2"":null,""3"":null}",982.0,754865.0,982.0,536215.0,982.0,536215.0,835.2883096970618,456226.47133947664,835.2883096970618,0.0,0.0,1437.0283810595283,645902.4653130384,0.0,19.72500483297048,4.0,2168.0,0.0,0.0,88.19999999871652,48111.59999958038,0.0,1350.1500000000883,49.0999999992855,26810.7499997501,0.0,0.0,0.0,0.0,0.0,0.0,9.819999999999709,5362.150000000006,491.0,268107.5,0.0,103.0,500.820000000007,273469.6500000006,0.0,0.0,1437.0283810595283,645902.4653130384
763,2022-02-02,2022,True,52.087671232876716,982,982,1103,457061.7596491737,1383.6563007353805,56038,41,0.0,0.8238064819790776,0.1865074470204985,0.1566310221612747,0.1314527992205312,0.383706526009486,0.9695112016293278,0.15079458506628018,573212.6516137767,0,False,False,True,"{""0"":null,""1"":null,""2"":null,""3"":null}",982.0,755847.0,982.0,537197.0,982.0,537197.0,835.2883096970618,457061.7596491737,835.2883096970618,0.0,0.0,1383.656300735427,647286.1216137739,0.0,19.72500483297048,4.0,2172.0,0.0,0.0,88.19999999871652,48199.799999579096,0.0,1350.1500000000883,49.0999999992855,26859.849999749385,0.0,0.0,0.0,0.0,0.0,0.0,9.819999999999709,5371.970000000006,491.0,268598.5,0.0,103.0,500.820000000007,273970.4700000006,0.0,0.0,1383.656300735427,647286.1216137739
764,2022-02-03,2022,True,52.09041095890411,982,982,1103,457897.04795887077,1317.7061641174596,56141,50,0.0,0.8360766419423031,0.16524296330893934,0.1566738823172995,0.1315415102333652,0.383706526009486,0.9691751527494908,0.17397002925595306,574029.5377778942,0,False,False,True,"{""0"":null,""1"":null,""2"":null,""3"":null}",982.0,756829.0,982.0,538179.0,982.0,538179.0,835.2883096970618,457897.04795887077,835.2883096970618,0.0,0.0,1317.7061641174369,648603.8277778913,0.0,19.72500483297048,4.0,2176.0,0.0,0.0,88.19999999871652,48287.99999957781,1.9500000000011823,1352.1000000000895,49.0999999992855,26908.94999974867,0.0,0.0,0.0,0.0,0.0,0.0,9.819999999999709,5381.790000000005,491.0,269089.5,0.0,103.0,500.820000000007,274471.2900000006,0.0,0.0,1317.7061641174369,648603.8277778913
765,2022-02-04,2022,True,52.09315068493151,983,983,1104,458733.28507275536,1248.2759849367685,56254,52,0.0,0.8250193114547028,0.16601479768482208,0.15669491204237443,0.1307987903666378,0.3836406962841632,0.9688555442522889,0.19515779191851065,574775.483762831,0,False,False,True,"{""0"":null,""1"":null,""2"":null,""3"":null}",983.0,757812.0,983.0,539162.0,983.0,539162.0,836.237113884592,458733.28507275536,836.237113884592,0.0,0.0,1248.275984936743,649852.103762828,0.0,19.72500483297048,4.0,2180.0,0.0,0.0,88.29999999871507,48376.29999957653,1.8000000000010914,1353.9000000000906,49.14999999928477,26958.099999747956,0.0,0.0,0.0,0.0,0.0,0.0,9.829999999999927,5391.620000000005,491.5,269581.0,1.0,104.0,501.3300000000163,274972.62000000064,0.0,0.0,1248.275984936743,649852.103762828
766,2022-02-05,2022,False,52.0958904109589,982,0,1104,458733.28507275536,0.0,55399,52,0.0,,,0.15680280917573688,0.13097833359204197,0.3837075630406661,0.9694806517311608,0.12035534501718538,574775.483762831,0,False,False,True,"{""0"":null,""1"":null,""2"":null,""3"":null}",982.0,758794.0,0.0,539162.0,0.0,539162.0,0.0,458733.28507275536,0.0,0.0,0.0,0.0,649852.103762828,0.0,19.72500483297048,0.0,2180.0,0.0,0.0,0.0,48376.29999957653,0.0,1353.9000000000906,0.0,26958.099999747956,0.0,0.0,0.0,0.0,0.0,0.0,0.0,5391.620000000005,0.0,269581.0,0.0,104.0,0.0,274972.62000000064,0.0,0.0,0.0,649852.103762828
767,2022-02-06,2022,False,52.0986301369863,982,0,1104,458733.28507275536,0.0,55399,52,0.0,,,0.15680280917573688,0.13097833359204197,0.3837075630406661,0.9694806517311608,0.07021410104481522,574775.483762831,0,False,False,True,"{""0"":null,""1"":null,""2"":null,""3"":null}",982.0,759776.0,0.0,539162.0,0.0,539162.0,0.0,458733.28507275536,0.0,0.0,0.0,0.0,649852.103762828,0.0,19.72500483297048,0.0,2180.0,0.0,0.0,0.0,48376.29999957653,0.0,1353.9000000000906,0.0,26958.099999747956,0.0,0.0,0.0,0.0,0.0,0.0,0.0,5391.620000000005,0.0,269581.0,0.0,104.0,0.0,274972.62000000064,0.0,0.0,0.0,649852.103762828
768,2022-02-07,2022,True,52.1013698630137,982,982,1104,459568.7289652894,1536.101617744227,56372,19,0.0,0.8717376400152586,0.1300442450093553,0.15680280917573688,0.13097833359204197,0.3837075630406661,0.9685132382892058,0.09919762522314161,575810.7653805752,0,False,False,True,"{""0"":null,""1"":null,""2"":null,""3"":null}",982.0,760758.0,982.0,540144.0,982.0,540144.0,835.4438925340655,459568.7289652894,835.4438925340655,0.0,0.0,1536.1016177441925,651388.2053805722,0.0,19.72500483297048,4.0,2184.0,0.0,0.0,88.19999999871652,48464.499999575244,7.800000000004729,1361.7000000000953,49.0999999992855,27007.19999974724,0.0,0.0,0.0,0.0,0.0,0.0,9.819999999999709,5401.440000000005,491.0,270072.0,0.0,104.0,500.820000000007,275473.44000000064,0.0,0.0,1536.1016177441925,651388.2053805722
769,2022-02-08,2022,True,52.104109589041094,982,982,1104,460404.1728578235,1462.370402438913,56448,27,0.0,0.8462137670242307,0.153263043604421,0.1568164790897542,0.13109040864675023,0.3837075630406661,0.9690325865580448,0.12625881650795723,576772.3157830142,0,False,False,True,"{""0"":null,""1"":null,""2"":null,""3"":null}",982.0,761740.0,982.0,541126.0,982.0,541126.0,835.4438925340655,460404.1728578235,835.4438925340655,0.0,0.0,1462.3704024389153,652850.5757830112,0.0,19.72500483297048,4.0,2188.0,0.0,0.0,88.19999999871652,48552.69999957396,0.0,1361.7000000000953,49.0999999992855,27056.299999746527,0.0,0.0,0.0,0.0,0.0,0.0,9.819999999999709,5411.260000000005,491.0,270563.0,0.0,104.0,500.820000000007,275974.26000000065,0.0,0.0,1462.3704024389153,652850.5757830112
770,2022-02-09,2022,True,52.106849315068494,983,983,1105,461240.3673625754,1393.7266941372527,56533,49,0.0,0.8485619574684397,0.15262476592375648,0.15653137158488817,0.1301942903604908,0.3835106631509886,0.9685147507629704,0.1513077638460028,577663.7124771514,0,False,False,True,"{""0"":null,""1"":null,""2"":null,""3"":null}",983.0,762723.0,983.0,542109.0,983.0,542109.0,836.194504751882,461240.3673625754,836.194504751882,0.0,0.0,1393.7266941372072,654244.3024771484,0.0,19.72500483297048,4.0,2192.0,0.0,0.0,88.29999999871507,48640.999999572676,0.0,1361.7000000000953,49.14999999928477,27105.44999974581,0.0,0.0,0.0,0.0,0.0,0.0,9.829999999999927,5421.090000000005,491.5,271054.5,1.0,105.0,501.3300000000163,276475.59000000067,0.0,0.0,1393.7266941372072,654244.3024771484
771,2022-02-10,2022,True,52.10958904109589,983,983,1105,462076.56186732725,1332.6866768930138,56663,44,0.135630043641453,0.813682904974211,0.1967447455585434,0.15647130897746794,0.13031360556385085,0.3835106631509886,0.9687945066124111,0.1744606219875324,578495.0691540445,0,False,False,True,"{""0"":null,""1"":null,""2"":null,""3"":null}",983.0,763706.0,983.0,543092.0,983.0,543092.0,836.194504751882,462076.56186732725,836.194504751882,0.0,0.0,1332.686676893034,655576.9891540414,0.13563004364145215,19.860634876611932,4.0,2196.0,0.0,0.0,88.29999999871507,48729.29999957139,2.850000000001728,1364.550000000097,49.14999999928477,27154.599999745096,0.0,0.0,0.0,0.0,0.0,0.0,9.829999999999927,5430.920000000005,491.5,271546.0,0.0,105.0,501.3300000000163,276976.9200000007,0.0,0.0,1332.686676893034,655576.9891540414
772,2022-02-11,2022,True,52.11232876712329,983,983,1105,462912.75637207914,1291.8385962638351,56739,55,0.0,0.8137118426889167,0.19693274106180542,0.15648819510342493,0.13037939537736837,0.3835106631509886,0.9685605289928789,0.1958008963764092,579285.5777503083,0,False,False,True,"{""0"":null,""1"":null,""2"":null,""3"":null}",983.0,764689.0,983.0,544075.0,983.0,544075.0,836.194504751882,462912.75637207914,836.194504751882,0.0,0.0,1291.838596263784,656868.8277503052,0.0,19.860634876611932,4.0,2200.0,0.0,0.0,88.29999999871507,48817.599999570106,1.2000000000007276,1365.7500000000978,49.14999999928477,27203.74999974438,0.0,0.0,0.0,0.0,0.0,0.0,9.829999999999927,5440.750000000005,491.5,272037.5,0.0,105.0,501.3300000000163,277478.2500000007,0.0,0.0,1291.838596263784,656868.8277503052
773,2022-02-12,2022,False,52.11506849315069,983,0,1105,462912.75637207914,0.0,55899,55,0.0,,,0.15654166875445696,0.13048091223343566,0.3835106631509886,0.9693082400813836,0.12106944843396972,579285.5777503083,0,False,False,True,"{""0"":null,""1"":null,""2"":null,""3"":null}",983.0,765672.0,0.0,544075.0,0.0,544075.0,0.0,462912.75637207914,0.0,0.0,0.0,0.0,656868.8277503052,0.0,19.860634876611932,0.0,2200.0,0.0,0.0,0.0,48817.599999570106,0.0,1365.7500000000978,0.0,27203.74999974438,0.0,0.0,0.0,0.0,0.0,0.0,0.0,5440.750000000005,0.0,272037.5,0.0,105.0,0.0,277478.2500000007,0.0,0.0,0.0,656868.8277503052
774,2022-02-13,2022,False,52.11780821917808,984,0,1106,462912.75637207914,0.0,55899,55,0.0,,,0.1565473251762827,0.1296536571096702,0.38344379639448567,0.9690345528455284,0.070844053818359,579284.5777503083,0,False,False,True,"{""0"":null,""1"":null,""2"":null,""3"":null}",984.0,766656.0,0.0,544075.0,0.0,544075.0,0.0,462912.75637207914,0.0,0.0,0.0,0.0,656868.8277503052,0.0,19.860634876611932,0.0,2200.0,0.0,0.0,0.0,48817.599999570106,0.0,1365.7500000000978,0.0,27203.74999974438,0.0,0.0,0.0,0.0,0.0,0.0,0.0,5440.750000000005,0.0,272037.5,1.0,106.0,0.0,277478.2500000007,0.0,0.0,0.0,656868.8277503052
775,2022-02-14,2022,True,52.12054794520548,984,984,1106,463749.9316164476,1553.241168438319,56898,13,0.0,0.8486218415859462,0.14080905739620936,0.1565473251762827,0.1296536571096702,0.38344379639448567,0.9684197154471544,0.09985679394411874,580335.9789187467,0,False,False,True,"{""0"":null,""1"":null,""2"":null,""3"":null}",984.0,767640.0,984.0,545059.0,984.0,545059.0,837.1752443684381,463749.9316164476,837.1752443684381,0.0,0.0,1553.2411684383405,658422.0689187435,0.0,19.860634876611932,4.0,2204.0,0.0,0.0,88.39999999871361,48905.99999956882,8.250000000005002,1374.0000000001028,49.199999999284046,27252.949999743665,0.0,0.0,0.0,0.0,0.0,0.0,9.840000000000146,5450.590000000005,492.0,272529.5,0.0,106.0,501.8400000000256,277980.0900000007,0.0,0.0,1553.2411684383405,658422.0689187435
776,2022-02-15,2022,True,52.12328767123287,985,985,1107,464587.8094719554,1469.5463789644687,56939,26,0.06735912182562256,0.8212314438640547,0.16777934426379135,0.1564967290443852,0.12903977663797062,0.38345439458923236,0.9683705583756346,0.1267568709414743,581302.1752977112,0,False,False,True,"{""0"":null,""1"":null,""2"":null,""3"":null}",985.0,768625.0,985.0,546044.0,985.0,546044.0,837.8778555078316,464587.8094719554,837.8778555078316,0.0,0.0,1469.5463789644418,659891.615297708,0.06735912182562132,19.927993998437554,4.0,2208.0,0.0,0.0,88.49999999871216,48994.49999956753,0.0,1374.0000000001028,49.24999999928332,27302.19999974295,0.0,0.0,0.0,0.0,0.0,0.0,9.850000000000364,5460.440000000005,492.5,273022.0,1.0,107.0,502.3499999999767,278482.4400000007,0.0,0.0,1469.5463789644418,659891.615297708
777,2022-02-16,2022,True,52.12602739726027,985,985,1107,465425.68732746324,1387.4125396946235,57042,37,0.0,0.8477533652422101,0.14966998028322773,0.15645359377120147,0.1290863709256058,0.38345439458923236,0.9684162436548224,0.15171990157103704,582187.2378374058,0,False,False,True,"{""0"":null,""1"":null,""2"":null,""3"":null}",985.0,769610.0,985.0,547029.0,985.0,547029.0,837.8778555078316,465425.68732746324,837.8778555078316,0.0,0.0,1387.4125396945747,661279.0278374025,0.0,19.927993998437554,4.0,2212.0,0.0,0.0,88.49999999871216,49082.999999566244,0.0,1374.0000000001028,49.24999999928332,27351.44999974223,0.0,0.0,0.0,0.0,0.0,0.0,9.850000000000364,5470.290000000005,492.5,273514.5,0.0,107.0,502.3499999999767,278984.7900000007,0.0,0.0,1387.4125396945747,661279.0278374025
778,2022-02-17,2022,True,52.12876712328767,986,986,1108,466264.41330568056,1283.13708353277,57161,40,0.0,0.8203860928746781,0.16270352892036266,0.1565199277088511,0.12838460587932343,0.38338856486390954,0.9681490872210954,0.17477316850616847,582966.5149209385,0,False,False,True,"{""0"":null,""1"":null,""2"":null,""3"":null}",986.0,770596.0,986.0,548015.0,986.0,548015.0,838.7259782173205,466264.41330568056,838.7259782173205,0.0,0.0,1283.1370835327543,662562.1649209353,0.0,19.927993998437554,4.0,2216.0,0.0,0.0,88.5999999987107,49171.599999564954,1.9500000000011823,1375.950000000104,49.29999999928259,27400.749999741514,0.0,0.0,0.0,0.0,0.0,0.0,9.859999999999673,5480.150000000005,493.0,274007.5,1.0,108.0,502.85999999998603,279487.65000000066,0.0,0.0,1283.1370835327543,662562.1649209353
779,2022-02-18,2022,True,52.131506849315066,986,986,1108,467103.1392838979,1236.5588374707083,57249,44,0.0,0.8001170499542118,0.1924911767410848,0.15650565457196863,0.12847603594035198,0.38338856486390954,0.9681896551724137,0.19602959156982447,583700.2137584093,0,False,False,True,"{""0"":null,""1"":null,""2"":null,""3"":null}",986.0,771582.0,986.0,549001.0,986.0,549001.0,838.7259782173205,467103.1392838979,838.7259782173205,0.0,0.0,1236.558837470715,663798.723758406,0.0,19.927993998437554,4.0,2220.0,0.0,0.0,88.5999999987107,49260.199999563665,1.9500000000011823,1377.9000000001051,49.29999999928259,27450.049999740797,0.0,0.0,0.0,0.0,0.0,0.0,9.859999999999673,5490.010000000005,493.0,274500.5,0.0,108.0,502.85999999998603,279990.51000000065,0.0,0.0,1236.558837470715,663798.723758406
780,2022-02-19,2022,False,52.134246575342466,986,0,1108,467103.1392838979,0.0,56399,44,0.0,,,0.1565645828033162,0.1285910325402074,0.38338856486390954,0.9690010141987829,0.12133389153651707,583700.2137584093,0,False,False,True,"{""0"":null,""1"":null,""2"":null,""3"":null}",986.0,772568.0,0.0,549001.0,0.0,549001.0,0.0,467103.1392838979,0.0,0.0,0.0,0.0,663798.723758406,0.0,19.927993998437554,0.0,2220.0,0.0,0.0,0.0,49260.199999563665,0.0,1377.9000000001051,0.0,27450.049999740797,0.0,0.0,0.0,0.0,0.0,0.0,0.0,5490.010000000005,0.0,274500.5,0.0,108.0,0.0,279990.51000000065,0.0,0.0,0.0,663798.723758406
781,2022-02-20,2022,False,52.136986301369866,986,0,1108,467103.1392838979,0.0,56399,44,0.0,,,0.1565645828033162,0.12859103254020737,0.38338856486390954,0.9690010141987829,0.07115622101153132,583700.2137584093,0,False,False,True,"{""0"":null,""1"":null,""2"":null,""3"":null}",986.0,773554.0,0.0,549001.0,0.0,549001.0,0.0,467103.1392838979,0.0,0.0,0.0,0.0,663798.723758406,0.0,19.927993998437554,0.0,2220.0,0.0,0.0,0.0,49260.199999563665,0.0,1377.9000000001051,0.0,27450.049999740797,0.0,0.0,0.0,0.0,0.0,0.0,0.0,5490.010000000005,0.0,274500.5,0.0,108.0,0.0,279990.51000000065,0.0,0.0,0.0,663798.723758406
782,2022-02-21,2022,True,52.13972602739726,987,987,1110,467942.8418247307,1567.0687117728182,57376,22,0.0,0.8329485264451028,0.1593153959945602,0.15670631344833158,0.12745928813725096,0.3836366571255447,0.9674012158054711,0.10013759857936302,584761.912470182,0,False,False,True,"{""0"":null,""1"":null,""2"":null,""3"":null}",987.0,774541.0,987.0,549988.0,987.0,549988.0,839.7025408328045,467942.8418247307,839.7025408328045,0.0,0.0,1567.068711772794,665365.7924701788,0.0,19.927993998437554,4.0,2224.0,0.0,0.0,88.69999999870925,49348.899999562374,6.600000000004002,1384.5000000001091,49.34999999928186,27499.39999974008,0.0,0.0,0.0,0.0,0.0,0.0,9.86999999999989,5499.880000000005,493.5,274994.0,2.0,110.0,503.36999999999534,280493.88000000064,0.0,0.0,1567.068711772794,665365.7924701788
783,2022-02-22,2022,True,52.14246575342466,987,987,1110,468782.5443655635,1506.0911670436744,57443,43,0.0,0.8470171573163713,0.14690996131876277,0.15664015583699414,0.12748502295929892,0.3836366571255447,0.967532928064843,0.12707356830523286,585764.6336372257,0,False,False,True,"{""0"":null,""1"":null,""2"":null,""3"":null}",987.0,775528.0,987.0,550975.0,987.0,550975.0,839.7025408328045,468782.5443655635,839.7025408328045,0.0,0.0,1506.0911670436617,666871.8836372225,0.0,19.927993998437554,4.0,2228.0,0.0,0.0,88.69999999870925,49437.599999561084,0.0,1384.5000000001091,49.34999999928186,27548.74999973936,0.0,0.0,0.0,0.0,0.0,0.0,9.86999999999989,5509.750000000005,493.5,275487.5,0.0,110.0,503.36999999999534,280997.25000000064,0.0,0.0,1506.0911670436617,666871.8836372225
784,2022-02-23,2022,True,52.14520547945205,987,987,1110,469622.2469063963,1415.3092564645815,57536,60,0.0,0.8399766745070336,0.16041899135523524,0.15665002302702657,0.12758132059921107,0.3836366571255447,0.9671580547112463,0.15204742125257276,586676.5728936903,0,False,False,True,"{""0"":null,""1"":null,""2"":null,""3"":null}",987.0,776515.0,987.0,551962.0,987.0,551962.0,839.7025408328045,469622.2469063963,839.7025408328045,0.0,0.0,1415.3092564645922,668287.192893687,0.0,19.927993998437554,4.0,2232.0,0.0,0.0,88.69999999870925,49526.29999955979,0.0,1384.5000000001091,49.34999999928186,27598.099999738643,0.0,0.0,0.0,0.0,0.0,0.0,9.86999999999989,5519.620000000004,493.5,275981.0,0.0,110.0,503.36999999999534,281500.62000000064,0.0,0.0,1415.3092564645922,668287.192893687
785,2022-02-24,2022,True,52.14794520547945,987,987,1110,470461.9494472291,1348.2962494396531,57667,58,0.23988491954435978,0.8104375492969026,0.18562161659877216,0.15664514094103704,0.12759795438675553,0.3836366571255447,0.9671073961499493,0.17509642914077458,587521.49914313,0,False,False,True,"{""0"":null,""1"":null,""2"":null,""3"":null}",987.0,777502.0,987.0,552949.0,987.0,552949.0,839.7025408328045,470461.9494472291,839.7025408328045,0.0,0.0,1348.296249439707,669635.4891431268,0.23988491954435887,20.167878917981913,4.0,2236.0,0.0,0.0,88.69999999870925,49614.9999995585,3.300000000002001,1387.8000000001111,49.34999999928186,27647.449999737924,0.0,0.0,0.0,0.0,0.0,0.0,9.86999999999989,5529.490000000004,493.5,276474.5,0.0,110.0,503.36999999999534,282003.99000000063,0.0,0.0,1348.296249439707,669635.4891431268
786,2022-02-25,2022,True,52.15068493150685,987,987,1110,471301.6519880619,1257.836345748758,57775,48,0.18738320664913166,0.8155989353189932,0.18261158845731676,0.15662684208210922,0.12779035618679072,0.3836366571255447,0.9677710233029383,0.19631921458137933,588275.9654888788,0,False,False,True,"{""0"":null,""1"":null,""2"":null,""3"":null}",987.0,778489.0,987.0,553936.0,987.0,553936.0,839.7025408328045,471301.6519880619,839.7025408328045,0.0,0.0,1257.836345748743,670893.3254888755,0.18738320664913033,20.355262124631043,4.0,2240.0,0.0,0.0,88.69999999870925,49703.69999955721,3.15000000000191,1390.950000000113,49.34999999928186,27696.799999737206,0.0,0.0,0.0,0.0,0.0,0.0,9.86999999999989,5539.360000000004,493.5,276968.0,0.0,110.0,503.36999999999534,282507.3600000006,0.0,0.0,1257.836345748743,670893.3254888755
787,2022-02-26,2022,False,52.153424657534245,987,0,1110,471301.6519880619,0.0,56899,48,0.0,,,0.15664509839052942,0.12787057043440453,0.3836366571255447,0.9686170212765958,0.12163833885858653,588275.9654888788,0,False,False,True,"{""0"":null,""1"":null,""2"":null,""3"":null}",987.0,779476.0,0.0,553936.0,0.0,553936.0,0.0,471301.6519880619,0.0,0.0,0.0,0.0,670893.3254888755,0.0,20.355262124631043,0.0,2240.0,0.0,0.0,0.0,49703.69999955721,0.0,1390.950000000113,0.0,27696.799999737206,0.0,0.0,0.0,0.0,0.0,0.0,0.0,5539.360000000004,0.0,276968.0,0.0,110.0,0.0,282507.3600000006,0.0,0.0,0.0,670893.3254888755
788,2022-02-27,2022,False,52.156164383561645,987,0,1110,471301.6519880619,0.0,56899,48,0.0,,,0.15664509839052942,0.12787057043440453,0.3836366571255447,0.9686170212765958,0.07143209271794045,588275.9654888788,0,False,False,True,"{""0"":null,""1"":null,""2"":null,""3"":null}",987.0,780463.0,0.0,553936.0,0.0,553936.0,0.0,471301.6519880619,0.0,0.0,0.0,0.0,670893.3254888755,0.0,20.355262124631043,0.0,2240.0,0.0,0.0,0.0,49703.69999955721,0.0,1390.950000000113,0.0,27696.799999737206,0.0,0.0,0.0,0.0,0.0,0.0,0.0,5539.360000000004,0.0,276968.0,0.0,110.0,0.0,282507.3600000006,0.0,0.0,0.0,670893.3254888755
789,2022-02-28,2022,True,52.15890410958904,987,987,1110,472141.3545288947,1560.4375935025155,57892,16,0.0,0.8540730439913684,0.13602235317791178,0.15664509839052942,0.12787057043440453,0.3836366571255447,0.9678976697061804,0.10035759621179258,589333.0330823812,0,False,False,True,"{""0"":null,""1"":null,""2"":null,""3"":null}",987.0,781450.0,987.0,554923.0,987.0,554923.0,839.7025408328045,472141.3545288947,839.7025408328045,0.0,0.0,1560.4375935024582,672453.763082378,0.0,20.355262124631043,4.0,2244.0,0.0,0.0,88.69999999870925,49792.39999955592,7.200000000004366,1398.1500000001174,49.34999999928186,27746.149999736488,0.0,0.0,0.0,0.0,0.0,0.0,9.86999999999989,5549.230000000004,493.5,277461.5,0.0,110.0,503.36999999999534,283010.7300000006,0.0,0.0,1560.4375935024582,672453.763082378
790,2022-03-01,2022,True,52.16164383561644,987,987,1110,472981.0570697275,1468.7592097014617,57937,34,0.13832724061699425,0.856127240773596,0.15133781404951197,0.1567004381813174,0.12799516555840362,0.3836366571255447,0.9678216818642351,0.12733791340573958,590298.4222920827,0,False,False,True,"{""0"":null,""1"":null,""2"":null,""3"":null}",987.0,782437.0,987.0,555910.0,987.0,555910.0,839.7025408328045,472981.0570697275,839.7025408328045,0.0,0.0,1468.7592097014422,673922.5222920794,0.13832724061699508,20.493589365248038,4.0,2248.0,0.0,0.0,88.69999999870925,49881.09999955463,0.0,1398.1500000001174,49.34999999928186,27795.49999973577,0.0,0.0,0.0,0.0,0.0,0.0,9.86999999999989,5559.100000000004,493.5,277955.0,0.0,110.0,503.36999999999534,283514.1000000006,0.0,0.0,1468.7592097014422,673922.5222920794
791,2022-03-02,2022,True,52.16438356164384,986,986,1110,473820.04632839333,1415.419896636749,58026,57,0.0,0.8336331975347675,0.15727565417919973,0.15669792647587288,0.12816425343009552,0.3837024868508675,0.9670588235294117,0.15248528225277497,591210.9821887194,0,False,False,True,"{""0"":null,""1"":null,""2"":null,""3"":null}",986.0,783423.0,986.0,556896.0,986.0,556896.0,838.9892586658243,473820.04632839333,838.9892586658243,0.0,0.0,1415.4198966367403,675337.9421887161,0.0,20.493589365248038,4.0,2252.0,0.0,0.0,88.5999999987107,49969.69999955334,0.0,1398.1500000001174,49.29999999928259,27844.799999735053,0.0,0.0,0.0,0.0,0.0,0.0,9.859999999999673,5568.960000000004,493.0,278448.0,0.0,110.0,502.85999999998603,284016.9600000006,0.0,0.0,1415.4198966367403,675337.9421887161
792,2022-03-03,2022,True,52.16712328767123,986,986,1110,474659.03558705916,1333.3378282666993,58156,62,0.0,0.8264936863002551,0.17737193004964188,0.15665947029333405,0.12815077900571387,0.3837024868508675,0.9669827586206897,0.1755558808338772,592041.4600169861,0,False,False,True,"{""0"":null,""1"":null,""2"":null,""3"":null}",986.0,784409.0,986.0,557882.0,986.0,557882.0,838.9892586658243,474659.03558705916,838.9892586658243,0.0,0.0,1333.3378282666672,676671.2800169828,0.0,20.493589365248038,4.0,2256.0,0.0,0.0,88.5999999987107,50058.29999955205,2.400000000001455,1400.5500000001189,49.29999999928259,27894.099999734335,0.0,0.0,0.0,0.0,0.0,0.0,9.859999999999673,5578.820000000003,493.0,278941.0,0.0,110.0,502.85999999998603,284519.8200000006,0.0,0.0,1333.3378282666672,676671.2800169828
793,2022-03-04,2022,True,52.16986301369863,986,986,1110,475498.024845725,1289.2078199889572,58255,58,0.0,0.8205324129392517,0.18111360525678716,0.15668901202333496,0.1282203549064644,0.3837024868508675,0.9670638945233265,0.19679151948056314,592827.8078369751,0,False,False,True,"{""0"":null,""1"":null,""2"":null,""3"":null}",986.0,785395.0,986.0,558868.0,986.0,558868.0,838.9892586658243,475498.024845725,838.9892586658243,0.0,0.0,1289.207819988951,677960.4878369718,0.0,20.493589365248038,4.0,2260.0,0.0,0.0,88.5999999987107,50146.89999955076,2.700000000001637,1403.2500000001205,49.29999999928259,27943.399999733618,0.0,0.0,0.0,0.0,0.0,0.0,9.859999999999673,5588.680000000003,493.0,279434.0,0.0,110.0,502.85999999998603,285022.6800000006,0.0,0.0,1289.207819988951,677960.4878369718
794,2022-03-05,2022,False,52.17260273972603,987,0,1111,475498.024845725,0.0,57399,58,0.0,,,0.15670688712368128,0.12765402125621017,0.38371308504561413,0.9678115501519757,0.12195535902876216,592826.8078369751,0,False,False,True,"{""0"":null,""1"":null,""2"":null,""3"":null}",987.0,786382.0,0.0,558868.0,0.0,558868.0,0.0,475498.024845725,0.0,0.0,0.0,0.0,677960.4878369718,0.0,20.493589365248038,0.0,2260.0,0.0,0.0,0.0,50146.89999955076,0.0,1403.2500000001205,0.0,27943.399999733618,0.0,0.0,0.0,0.0,0.0,0.0,0.0,5588.680000000003,0.0,279434.0,1.0,111.0,0.0,285022.6800000006,0.0,0.0,0.0,677960.4878369718
795,2022-03-06,2022,False,52.175342465753424,987,0,1111,475498.024845725,0.0,57399,58,0.0,,,0.15670688712368128,0.12765402125621017,0.38371308504561413,0.9678115501519757,0.071817188877685,592826.8078369751,0,False,False,True,"{""0"":null,""1"":null,""2"":null,""3"":null}",987.0,787369.0,0.0,558868.0,0.0,558868.0,0.0,475498.024845725,0.0,0.0,0.0,0.0,677960.4878369718,0.0,20.493589365248038,0.0,2260.0,0.0,0.0,0.0,50146.89999955076,0.0,1403.2500000001205,0.0,27943.399999733618,0.0,0.0,0.0,0.0,0.0,0.0,0.0,5588.680000000003,0.0,279434.0,0.0,111.0,0.0,285022.6800000006,0.0,0.0,0.0,677960.4878369718
796,2022-03-07,2022,True,52.178082191780824,987,987,1111,476337.8084011874,1599.4676734634363,58385,33,0.0,0.85404158946798,0.15154108658337032,0.15670688712368128,0.12765402125621017,0.38371308504561413,0.9666160081053697,0.10077374758743056,593922.9055104385,0,False,False,True,"{""0"":null,""1"":null,""2"":null,""3"":null}",987.0,788356.0,987.0,559855.0,987.0,559855.0,839.7835554624326,476337.8084011874,839.7835554624326,0.0,0.0,1599.4676734633977,679559.9555104352,0.0,20.493589365248038,4.0,2264.0,0.0,0.0,88.69999999870925,50235.59999954947,8.700000000005275,1411.9500000001258,49.34999999928186,27992.7499997329,0.0,0.0,0.0,0.0,0.0,0.0,9.86999999999989,5598.550000000003,493.5,279927.5,0.0,111.0,503.36999999999534,285526.05000000057,0.0,0.0,1599.4676734633977,679559.9555104352
797,2022-03-08,2022,True,52.18082191780822,985,985,1111,477176.10202212725,1478.4202797050277,58441,50,0.0,0.8324126129438287,0.16707006556122397,0.15649795517396248,0.12748282546989337,0.3837692088146962,0.9668730964467005,0.1279084355823362,594898.9757901436,0,False,False,True,"{""0"":null,""1"":null,""2"":null,""3"":null}",985.0,789341.0,985.0,560840.0,985.0,560840.0,838.2936209398322,477176.10202212725,838.2936209398322,0.0,0.0,1478.420279705082,681038.3757901402,0.0,20.493589365248038,4.0,2268.0,0.0,0.0,88.49999999871216,50324.09999954818,0.0,1411.9500000001258,49.24999999928332,28041.999999732183,0.0,0.0,0.0,0.0,0.0,0.0,9.850000000000364,5608.400000000003,492.5,280420.0,0.0,111.0,502.3499999999767,286028.40000000055,0.0,0.0,1478.420279705082,681038.3757901402
798,2022-03-09,2022,True,52.18356164383562,985,985,1111,478014.3956430671,1382.889612086238,58535,65,0.0,0.8404610008273465,0.15676351309854175,0.1565758207160231,0.12757217797376175,0.3837692088146962,0.9669543147208123,0.15294989374236082,595779.5154022299,0,False,False,True,"{""0"":null,""1"":null,""2"":null,""3"":null}",985.0,790326.0,985.0,561825.0,985.0,561825.0,838.2936209398322,478014.3956430671,838.2936209398322,0.0,0.0,1382.8896120862337,682421.2654022265,0.0,20.493589365248038,4.0,2272.0,0.0,0.0,88.49999999871216,50412.599999546896,0.0,1411.9500000001258,49.24999999928332,28091.249999731466,0.0,0.0,0.0,0.0,0.0,0.0,9.850000000000364,5618.250000000004,492.5,280912.5,0.0,111.0,502.3499999999767,286530.7500000005,0.0,0.0,1382.8896120862337,682421.2654022265
799,2022-03-10,2022,True,52.18630136986302,985,985,1111,478852.6892640069,1331.5091183133825,58667,44,0.022817127340740394,0.8101361010005156,0.18803967604681815,0.15654530477443396,0.12766950231807644,0.3837692088146962,0.9670406091370558,0.1760777407959786,596608.6745205433,0,False,False,True,"{""0"":null,""1"":null,""2"":null,""3"":null}",985.0,791311.0,985.0,562810.0,985.0,562810.0,838.2936209398322,478852.6892640069,838.2936209398322,0.0,0.0,1331.5091183134355,683752.7745205399,0.022817127340740484,20.51640649258878,4.0,2276.0,0.0,0.0,88.49999999871216,50501.09999954561,4.950000000003001,1416.9000000001288,49.24999999928332,28140.49999973075,0.0,0.0,0.0,0.0,0.0,0.0,9.850000000000364,5628.100000000004,492.5,281405.0,0.0,111.0,502.3499999999767,287033.1000000005,0.0,0.0,1331.5091183134355,683752.7745205399
800,2022-03-11,2022,True,52.18904109589041,985,985,1111,479690.98288494674,1275.1805841843707,58739,57,0.11202404313638413,0.8427222793539736,0.15807396231823584,0.1565614202763146,0.12767581680782314,0.3837692088146962,0.9666040609137057,0.19730259663991623,597381.5051047277,0,False,False,True,"{""0"":null,""1"":null,""2"":null,""3"":null}",985.0,792296.0,985.0,563795.0,985.0,563795.0,838.2936209398322,479690.98288494674,838.2936209398322,0.0,0.0,1275.1805841843598,685027.9551047243,0.11202404313638326,20.628430535725162,4.0,2280.0,0.0,0.0,88.49999999871216,50589.59999954432,2.550000000001546,1419.4500000001303,49.24999999928332,28189.749999730033,0.0,0.0,0.0,0.0,0.0,0.0,9.850000000000364,5637.950000000004,492.5,281897.5,0.0,111.0,502.3499999999767,287535.4500000005,0.0,0.0,1275.1805841843598,685027.9551047243
801,2022-03-12,2022,False,52.19178082191781,985,0,1111,479690.98288494674,0.0,57899,57,0.0,,,0.15661902454549087,0.1277550899558053,0.3837692088146962,0.9675228426395939,0.12252456551681329,597381.5051047277,0,False,False,True,"{""0"":null,""1"":null,""2"":null,""3"":null}",985.0,793281.0,0.0,563795.0,0.0,563795.0,0.0,479690.98288494674,0.0,0.0,0.0,0.0,685027.9551047243,0.0,20.628430535725162,0.0,2280.0,0.0,0.0,0.0,50589.59999954432,0.0,1419.4500000001303,0.0,28189.749999730033,0.0,0.0,0.0,0.0,0.0,0.0,0.0,5637.950000000004,0.0,281897.5,0.0,111.0,0.0,287535.4500000005,0.0,0.0,0.0,685027.9551047243
802,2022-03-13,2022,False,52.1945205479452,985,0,1111,479690.98288494674,0.0,57899,57,0.0,,,0.1566190245454909,0.12775508995580534,0.3837692088146962,0.9675228426395939,0.07236315592000153,597381.5051047277,0,False,False,True,"{""0"":null,""1"":null,""2"":null,""3"":null}",985.0,794266.0,0.0,563795.0,0.0,563795.0,0.0,479690.98288494674,0.0,0.0,0.0,0.0,685027.9551047243,0.0,20.628430535725162,0.0,2280.0,0.0,0.0,0.0,50589.59999954432,0.0,1419.4500000001303,0.0,28189.749999730033,0.0,0.0,0.0,0.0,0.0,0.0,0.0,5637.950000000004,0.0,281897.5,0.0,111.0,0.0,287535.4500000005,0.0,0.0,0.0,685027.9551047243
803,2022-03-14,2022,True,52.1972602739726,983,983,1111,480527.3558348605,1558.84857038974,58896,20,0.0,0.8483768870531917,0.1407311713500492,0.15665798623822544,0.12759886439948803,0.38395551050962706,0.96676500508647,0.10090715383531534,598439.0236751175,0,False,False,True,"{""0"":null,""1"":null,""2"":null,""3"":null}",983.0,795249.0,983.0,564778.0,983.0,564778.0,836.3729499137262,480527.3558348605,836.3729499137262,0.0,0.0,1558.8485703897895,686586.8036751141,0.0,20.628430535725162,4.0,2284.0,0.0,0.0,88.29999999871507,50677.899999543035,8.550000000005184,1428.0000000001355,49.14999999928477,28238.899999729318,0.0,0.0,0.0,0.0,0.0,0.0,9.829999999999927,5647.780000000004,491.5,282389.0,0.0,111.0,501.3300000000163,288036.7800000005,0.0,0.0,1558.8485703897895,686586.8036751141
804,2022-03-15,2022,True,52.2,983,983,1111,481363.7287847742,1496.8219925059084,58930,37,0.0,0.8281495677951631,0.17066668481107666,0.1565523586804632,0.12765614620701593,0.38395551050962706,0.9671363173957274,0.12787398185801216,599434.5156676235,0,False,False,True,"{""0"":null,""1"":null,""2"":null,""3"":null}",983.0,796232.0,983.0,565761.0,983.0,565761.0,836.3729499137262,481363.7287847742,836.3729499137262,0.0,0.0,1496.8219925059238,688083.62566762,0.0,20.628430535725162,4.0,2288.0,0.0,0.0,88.29999999871507,50766.19999954175,0.0,1428.0000000001355,49.14999999928477,28288.049999728602,0.0,0.0,0.0,0.0,0.0,0.0,9.829999999999927,5657.610000000004,491.5,282880.5,0.0,111.0,501.3300000000163,288538.1100000005,0.0,0.0,1496.8219925059238,688083.62566762
805,2022-03-16,2022,True,52.202739726027396,984,984,1112,482201.07164118584,1411.1093412977627,59034,52,0.0,0.8212017604801876,0.18214012271336533,0.15656091223192176,0.12693164216437589,0.3838896807843043,0.9666768292682927,0.15282050353942084,600342.7850089213,0,False,False,True,"{""0"":null,""1"":null,""2"":null,""3"":null}",984.0,797216.0,984.0,566745.0,984.0,566745.0,837.3428564116475,482201.07164118584,837.3428564116475,0.0,0.0,1411.1093412977643,689494.7350089177,0.0,20.628430535725162,4.0,2292.0,0.0,0.0,88.39999999871361,50854.59999954046,0.0,1428.0000000001355,49.199999999284046,28337.249999727886,0.0,0.0,0.0,0.0,0.0,0.0,9.840000000000146,5667.450000000004,492.0,283372.5,1.0,112.0,501.8400000000256,289039.95000000054,0.0,0.0,1411.1093412977643,689494.7350089177
806,2022-03-17,2022,True,52.205479452054796,984,984,1112,483038.4144975975,1340.4935377832467,59154,54,0.0,0.8118755946150884,0.19286485720491894,0.15662435190099877,0.1270027929437999,0.3838896807843043,0.9664634146341463,0.17584498086986639,601181.4385467046,0,False,False,True,"{""0"":null,""1"":null,""2"":null,""3"":null}",984.0,798200.0,984.0,567729.0,984.0,567729.0,837.3428564116475,483038.4144975975,837.3428564116475,0.0,0.0,1340.4935377832735,690835.228546701,0.0,20.628430535725162,4.0,2296.0,0.0,0.0,88.39999999871361,50942.99999953918,3.000000000001819,1431.0000000001373,49.199999999284046,28386.44999972717,0.0,0.0,0.0,0.0,0.0,0.0,9.840000000000146,5677.2900000000045,492.0,283864.5,0.0,112.0,501.8400000000256,289541.79000000056,0.0,0.0,1340.4935377832735,690835.228546701
807,2022-03-18,2022,True,52.20821917808219,984,984,1112,483875.75735400914,1301.8452424189227,59261,48,0.0,0.8100051788501019,0.18904205555964826,0.15665618232663736,0.12706701704250636,0.3838896807843043,0.9666971544715447,0.1970435483996084,601981.4437891236,0,False,False,True,"{""0"":null,""1"":null,""2"":null,""3"":null}",984.0,799184.0,984.0,568713.0,984.0,568713.0,837.3428564116475,483875.75735400914,837.3428564116475,0.0,0.0,1301.8452424189309,692137.07378912,0.0,20.628430535725162,4.0,2300.0,0.0,0.0,88.39999999871361,51031.39999953789,2.550000000001546,1433.5500000001389,49.199999999284046,28435.649999726455,0.0,0.0,0.0,0.0,0.0,0.0,9.840000000000146,5687.130000000005,492.0,284356.5,0.0,112.0,501.8400000000256,290043.6300000006,0.0,0.0,1301.8452424189309,692137.07378912
808,2022-03-19,2022,False,52.21095890410959,985,0,1113,483875.75735400914,0.0,58399,48,0.0,,,0.15663355815629254,0.12635911710857056,0.3839004237717251,0.9673096446700508,0.12214494728442647,601980.4437891236,0,False,False,True,"{""0"":null,""1"":null,""2"":null,""3"":null}",985.0,800169.0,0.0,568713.0,0.0,568713.0,0.0,483875.75735400914,0.0,0.0,0.0,0.0,692137.07378912,0.0,20.628430535725162,0.0,2300.0,0.0,0.0,0.0,51031.39999953789,0.0,1433.5500000001389,0.0,28435.649999726455,0.0,0.0,0.0,0.0,0.0,0.0,0.0,5687.130000000005,0.0,284356.5,1.0,113.0,0.0,290043.6300000006,0.0,0.0,0.0,692137.07378912
809,2022-03-20,2022,False,52.21369863013699,984,0,1113,483875.75735400914,0.0,58399,48,0.0,,,0.15647615156165195,0.12627772759295186,0.38396625349704794,0.9672764227642277,0.07217965792402754,601980.4437891236,0,False,False,True,"{""0"":null,""1"":null,""2"":null,""3"":null}",984.0,801153.0,0.0,568713.0,0.0,568713.0,0.0,483875.75735400914,0.0,0.0,0.0,0.0,692137.07378912,0.0,20.628430535725162,0.0,2300.0,0.0,0.0,0.0,51031.39999953789,0.0,1433.5500000001389,0.0,28435.649999726455,0.0,0.0,0.0,0.0,0.0,0.0,0.0,5687.130000000005,0.0,284356.5,0.0,113.0,0.0,290043.6300000006,0.0,0.0,0.0,692137.07378912
810,2022-03-21,2022,True,52.21643835616438,984,984,1113,484713.01452104194,1548.7839018551433,59387,14,0.0,0.8525509906054641,0.12979084739961155,0.15647615156165198,0.12627772759295186,0.38396625349704794,0.9665040650406503,0.10103228430929302,603027.3876909787,0,False,False,True,"{""0"":null,""1"":null,""2"":null,""3"":null}",984.0,802137.0,984.0,569697.0,984.0,569697.0,837.2571670328034,484713.01452104194,837.2571670328034,0.0,0.0,1548.7839018551167,693685.8576909751,0.0,20.628430535725162,4.0,2304.0,0.0,0.0,88.39999999871361,51119.799999536604,7.200000000004366,1440.7500000001432,49.199999999284046,28484.84999972574,0.0,0.0,0.0,0.0,0.0,0.0,9.840000000000146,5696.970000000005,492.0,284848.5,0.0,113.0,501.8400000000256,290545.4700000006,0.0,0.0,1548.7839018551167,693685.8576909751
811,2022-03-22,2022,True,52.21917808219178,984,984,1113,485550.27168807475,1475.3688410138907,59443,33,0.0,0.8414257890649673,0.15584187825246879,0.15649585378533737,0.1264125035287444,0.38396625349704794,0.9667378048780487,0.1279035533828089,604000.9165319926,0,False,False,True,"{""0"":null,""1"":null,""2"":null,""3"":null}",984.0,803121.0,984.0,570681.0,984.0,570681.0,837.2571670328034,485550.27168807475,837.2571670328034,0.0,0.0,1475.3688410138711,695161.2265319889,0.0,20.628430535725162,4.0,2308.0,0.0,0.0,88.39999999871361,51208.19999953532,0.0,1440.7500000001432,49.199999999284046,28534.049999725023,0.0,0.0,0.0,0.0,0.0,0.0,9.840000000000146,5706.810000000005,492.0,285340.5,0.0,113.0,501.8400000000256,291047.31000000064,0.0,0.0,1475.3688410138711,695161.2265319889
812,2022-03-23,2022,True,52.221917808219175,983,983,1113,486386.7730483928,1404.2270698279626,59534,48,0.0,0.8167538108812434,0.17819140314768872,0.1563232912726113,0.12628095334141046,0.38395551050962706,0.9663479145473042,0.15295175292739815,604903.8136018206,0,False,False,True,"{""0"":null,""1"":null,""2"":null,""3"":null}",983.0,804104.0,983.0,571664.0,983.0,571664.0,836.5013603180414,486386.7730483928,836.5013603180414,0.0,0.0,1404.2270698279608,696565.4536018169,0.0,20.628430535725162,4.0,2312.0,0.0,0.0,88.29999999871507,51296.49999953403,0.0,1440.7500000001432,49.14999999928477,28583.199999724307,0.0,0.0,0.0,0.0,0.0,0.0,9.829999999999927,5716.640000000005,491.5,285832.0,0.0,113.0,501.3300000000163,291548.64000000065,0.0,0.0,1404.2270698279608,696565.4536018169
813,2022-03-24,2022,True,52.224657534246575,983,983,1113,487223.27440871083,1342.3761960727618,59643,53,0.0,0.8309967846760953,0.17638546940602945,0.1563642591740143,0.12633604384865027,0.38395551050962706,0.9661342828077315,0.17598868305651216,605744.8597978934,0,False,False,True,"{""0"":null,""1"":null,""2"":null,""3"":null}",983.0,805087.0,983.0,572647.0,983.0,572647.0,836.5013603180414,487223.27440871083,836.5013603180414,0.0,0.0,1342.3761960727861,697907.8297978897,0.0,20.628430535725162,4.0,2316.0,0.0,0.0,88.29999999871507,51384.79999953275,2.1000000000012733,1442.8500000001445,49.14999999928477,28632.349999723592,0.0,0.0,0.0,0.0,0.0,0.0,9.829999999999927,5726.470000000005,491.5,286323.5,0.0,113.0,501.3300000000163,292049.97000000067,0.0,0.0,1342.3761960727861,697907.8297978897
814,2022-03-25,2022,True,52.227397260273975,984,984,1114,488060.61408185394,1265.3333800103626,59761,48,0.10680476966541746,0.7996918939612018,0.19139405445917138,0.15628835347443118,0.12570893851722106,0.38396625349704794,0.9660365853658537,0.1970474937604194,606507.3531779038,0,False,False,True,"{""0"":null,""1"":null,""2"":null,""3"":null}",984.0,806071.0,984.0,573631.0,984.0,573631.0,837.339673143113,488060.61408185394,837.339673143113,0.0,0.0,1265.3333800103283,699173.1631779,0.10680476966541619,20.735235305390578,4.0,2320.0,0.0,0.0,88.39999999871361,51473.19999953146,2.850000000001728,1445.7000000001462,49.199999999284046,28681.549999722876,0.0,0.0,0.0,0.0,0.0,0.0,9.840000000000146,5736.310000000005,492.0,286815.5,1.0,114.0,501.8400000000256,292551.8100000007,0.0,0.0,1265.3333800103283,699173.1631779
815,2022-03-26,2022,False,52.23013698630137,984,0,1114,488060.61408185394,0.0,58899,48,0.0,,,0.15630428619580572,0.1257698597337904,0.38396625349704794,0.9668445121951219,0.12232360494846514,606507.3531779038,0,False,False,True,"{""0"":null,""1"":null,""2"":null,""3"":null}",984.0,807055.0,0.0,573631.0,0.0,573631.0,0.0,488060.61408185394,0.0,0.0,0.0,0.0,699173.1631779,0.0,20.735235305390578,0.0,2320.0,0.0,0.0,0.0,51473.19999953146,0.0,1445.7000000001462,0.0,28681.549999722876,0.0,0.0,0.0,0.0,0.0,0.0,0.0,5736.310000000005,0.0,286815.5,0.0,114.0,0.0,292551.8100000007,0.0,0.0,0.0,699173.1631779
816,2022-03-27,2022,False,52.23287671232877,984,0,1114,488060.61408185394,0.0,58899,48,0.0,,,0.1563042861958057,0.1257698597337904,0.38396625349704794,0.9668445121951219,0.07223591657981501,606507.3531779038,0,False,False,True,"{""0"":null,""1"":null,""2"":null,""3"":null}",984.0,808039.0,0.0,573631.0,0.0,573631.0,0.0,488060.61408185394,0.0,0.0,0.0,0.0,699173.1631779,0.0,20.735235305390578,0.0,2320.0,0.0,0.0,0.0,51473.19999953146,0.0,1445.7000000001462,0.0,28681.549999722876,0.0,0.0,0.0,0.0,0.0,0.0,0.0,5736.310000000005,0.0,286815.5,0.0,114.0,0.0,292551.8100000007,0.0,0.0,0.0,699173.1631779
817,2022-03-28,2022,True,52.23561643835617,985,985,1115,488898.8922272689,1569.1589961490595,59894,10,0.0,0.8385700157239464,0.1573705884604846,0.15630538217510737,0.12495730789149498,0.3839004237717251,0.9659593908629442,0.1011337853149889,607573.1621740529,0,False,False,True,"{""0"":null,""1"":null,""2"":null,""3"":null}",985.0,809024.0,985.0,574616.0,985.0,574616.0,838.2781454149517,488898.8922272689,838.2781454149517,0.0,0.0,1569.1589961490827,700742.3221740491,0.0,20.735235305390578,4.0,2324.0,0.0,0.0,88.49999999871216,51561.699999530174,7.200000000004366,1452.9000000001506,49.24999999928332,28730.79999972216,0.0,0.0,0.0,0.0,0.0,0.0,9.850000000000364,5746.160000000005,492.5,287308.0,1.0,115.0,502.3499999999767,293054.1600000007,0.0,0.0,1569.1589961490827,700742.3221740491
818,2022-03-29,2022,True,52.23835616438356,986,986,1116,489737.9560179872,1488.1983069641853,59950,21,0.0,0.8488505436069925,0.1549874913095458,0.15628148429058059,0.12416597675504795,0.3838335570152222,0.9663336713995943,0.1280195246428845,608557.500481017,0,False,False,True,"{""0"":null,""1"":null,""2"":null,""3"":null}",986.0,810010.0,986.0,575602.0,986.0,575602.0,839.0637907183263,489737.9560179872,839.0637907183263,0.0,0.0,1488.1983069641283,702230.5204810132,0.0,20.735235305390578,4.0,2328.0,0.0,0.0,88.5999999987107,51650.299999528885,0.0,1452.9000000001506,49.29999999928259,28780.099999721442,0.0,0.0,0.0,0.0,0.0,0.0,9.859999999999673,5756.020000000005,493.0,287801.0,1.0,116.0,502.85999999998603,293557.02000000066,0.0,0.0,1488.1983069641283,702230.5204810132
819,2022-03-30,2022,True,52.24109589041096,986,986,1117,490576.8346984881,1406.3669162830522,60044,37,0.0,0.8244467485088369,0.15880516313052156,0.1560582359630471,0.12333121874447736,0.3838335570152222,0.9657860040567952,0.15256490002782136,609460.0073973001,0,False,False,True,"{""0"":null,""1"":null,""2"":null,""3"":null}",986.0,810996.0,986.0,576588.0,986.0,576588.0,838.8786805009004,490576.8346984881,838.8786805009004,0.0,0.0,1406.3669162830338,703636.8873972963,0.0,20.735235305390578,4.0,2332.0,0.0,0.0,88.5999999987107,51738.899999527595,0.0,1452.9000000001506,49.29999999928259,28829.399999720725,0.0,0.0,0.0,0.0,0.0,0.0,9.859999999999673,5765.880000000005,493.0,288294.0,1.0,117.0,502.85999999998603,294059.88000000064,0.0,0.0,1406.3669162830338,703636.8873972963
820,2022-03-31,2022,True,52.24383561643835,986,986,1117,491415.713378989,1353.9154863448402,60145,50,0.0,0.824575042851556,0.1822918240615399,0.15611279614090068,0.12342358709085183,0.3838335570152222,0.9655020283975659,0.17548055676980534,610311.062883645,0,False,False,True,"{""0"":null,""1"":null,""2"":null,""3"":null}",986.0,811982.0,986.0,577574.0,986.0,577574.0,838.8786805009004,491415.713378989,838.8786805009004,0.0,0.0,1353.9154863448348,704990.8028836411,0.0,20.735235305390578,4.0,2336.0,0.0,0.0,88.5999999987107,51827.499999526306,1.5000000000009095,1454.4000000001515,49.29999999928259,28878.699999720007,0.0,0.0,0.0,0.0,0.0,0.0,9.859999999999673,5775.740000000004,493.0,288787.0,0.0,117.0,502.85999999998603,294562.74000000063,0.0,0.0,1353.9154863448348,704990.8028836411
821,2022-04-01,2022,True,52.24657534246575,986,986,1117,492254.5920594899,1171.5133660731813,60246,59,0.0,0.8144928639107742,0.19037377047973195,0.1561008472544745,0.12347456769099585,0.3838335570152222,0.9652484787018256,0.19657472580244645,610979.7162497181,0,False,False,True,"{""0"":null,""1"":null,""2"":null,""3"":null}",986.0,812968.0,986.0,578560.0,986.0,578560.0,838.8786805009004,492254.5920594899,838.8786805009004,0.0,0.0,1171.5133660731371,706162.3162497142,0.0,20.735235305390578,4.0,2340.0,0.0,0.0,88.5999999987107,51916.09999952502,1.6500000000010004,1456.0500000001525,49.29999999928259,28927.99999971929,0.0,0.0,0.0,0.0,0.0,0.0,9.859999999999673,5785.600000000004,493.0,289280.0,0.0,117.0,502.85999999998603,295065.6000000006,0.0,0.0,1171.5133660731371,706162.3162497142
822,2022-04-02,2022,False,52.24931506849315,985,0,1117,492254.5920594899,0.0,59399,59,0.0,,,0.15615277336890745,0.12435912057795,0.3839004237717251,0.9664314720812183,0.12205574057645344,610979.7162497181,0,False,False,True,"{""0"":null,""1"":null,""2"":null,""3"":null}",985.0,813953.0,0.0,578560.0,0.0,578560.0,0.0,492254.5920594899,0.0,0.0,0.0,0.0,706162.3162497142,0.0,20.735235305390578,0.0,2340.0,0.0,0.0,0.0,51916.09999952502,0.0,1456.0500000001525,0.0,28927.99999971929,0.0,0.0,0.0,0.0,0.0,0.0,0.0,5785.600000000004,0.0,289280.0,0.0,117.0,0.0,295065.6000000006,0.0,0.0,0.0,706162.3162497142
823,2022-04-03,2022,False,52.25205479452055,986,0,1118,492254.5920594899,0.0,59399,59,0.0,,,0.15610715867913555,0.1235467619907264,0.3838335570152222,0.9661612576064909,0.0719408700891669,610978.7162497181,0,False,False,True,"{""0"":null,""1"":null,""2"":null,""3"":null}",986.0,814939.0,0.0,578560.0,0.0,578560.0,0.0,492254.5920594899,0.0,0.0,0.0,0.0,706162.3162497142,0.0,20.735235305390578,0.0,2340.0,0.0,0.0,0.0,51916.09999952502,0.0,1456.0500000001525,0.0,28927.99999971929,0.0,0.0,0.0,0.0,0.0,0.0,0.0,5785.600000000004,0.0,289280.0,1.0,118.0,0.0,295065.6000000006,0.0,0.0,0.0,706162.3162497142
824,2022-04-04,2022,True,52.25479452054795,986,986,1118,493093.45418372354,1420.558578187048,60400,16,0.0,0.8782379182168621,0.11522620967393647,0.15610715867913555,0.12354676199072641,0.3838335570152222,0.9654107505070993,0.10071797810914569,611896.4148279051,0,False,False,True,"{""0"":null,""1"":null,""2"":null,""3"":null}",986.0,815925.0,986.0,579546.0,986.0,579546.0,838.862124233623,493093.45418372354,838.862124233623,0.0,0.0,1420.5585781870177,707582.8748279013,0.0,20.735235305390578,4.0,2344.0,0.0,0.0,88.5999999987107,52004.69999952373,8.850000000005366,1464.900000000158,49.29999999928259,28977.299999718573,0.0,0.0,0.0,0.0,0.0,0.0,9.859999999999673,5795.460000000004,493.0,289773.0,0.0,118.0,502.85999999998603,295568.4600000006,0.0,0.0,1420.5585781870177,707582.8748279013
825,2022-04-05,2022,True,52.25753424657534,986,986,1118,493932.31630795717,1326.6829883754617,60425,40,0.0,0.8489826193039893,0.14360607462123617,0.15604595987719866,0.12365716211651306,0.3838335570152222,0.9654918864097364,0.12749671251143174,612720.2378162806,0,False,False,True,"{""0"":null,""1"":null,""2"":null,""3"":null}",986.0,816911.0,986.0,580532.0,986.0,580532.0,838.862124233623,493932.31630795717,838.862124233623,0.0,0.0,1326.6829883754253,708909.5578162767,0.0,20.735235305390578,4.0,2348.0,0.0,0.0,88.5999999987107,52093.29999952244,0.0,1464.900000000158,49.29999999928259,29026.599999717855,0.0,0.0,0.0,0.0,0.0,0.0,9.859999999999673,5805.320000000003,493.0,290266.0,0.0,118.0,502.85999999998603,296071.3200000006,0.0,0.0,1326.6829883754253,708909.5578162767
826,2022-04-06,2022,True,52.26027397260274,986,986,1118,494771.1784321908,1262.8370572721255,60538,57,0.0,0.8184355340289703,0.16788369137802384,0.15600928777788528,0.12363651259410086,0.3838335570152222,0.9653194726166328,0.15235529898450206,613480.2148735527,0,False,False,True,"{""0"":null,""1"":null,""2"":null,""3"":null}",986.0,817897.0,986.0,581518.0,986.0,581518.0,838.862124233623,494771.1784321908,838.862124233623,0.0,0.0,1262.8370572720887,710172.3948735488,0.0,20.735235305390578,4.0,2352.0,0.0,0.0,88.5999999987107,52181.89999952115,0.0,1464.900000000158,49.29999999928259,29075.899999717138,0.0,0.0,0.0,0.0,0.0,0.0,9.859999999999673,5815.180000000003,493.0,290759.0,0.0,118.0,502.85999999998603,296574.1800000006,0.0,0.0,1262.8370572720887,710172.3948735488
827,2022-04-07,2022,True,52.26301369863014,986,986,1118,495610.0405564244,1186.44758669679,60661,53,0.0,0.8195013371349826,0.17091889704862717,0.15598506889442793,0.12371820826615731,0.3838335570152222,0.9654766734279919,0.1752851954707706,614163.8024602495,0,False,False,True,"{""0"":null,""1"":null,""2"":null,""3"":null}",986.0,818883.0,986.0,582504.0,986.0,582504.0,838.862124233623,495610.0405564244,838.862124233623,0.0,0.0,1186.4475866968278,711358.8424602456,0.0,20.735235305390578,4.0,2356.0,0.0,0.0,88.5999999987107,52270.49999951986,2.400000000001455,1467.3000000001593,49.29999999928259,29125.19999971642,0.0,0.0,0.0,0.0,0.0,0.0,9.859999999999673,5825.040000000003,493.0,291252.0,0.0,118.0,502.85999999998603,297077.04000000056,0.0,0.0,1186.4475866968278,711358.8424602456
828,2022-04-08,2022,True,52.26575342465753,986,986,1118,496448.90268065804,1183.666766354038,60758,45,0.0,0.814160034573806,0.18987677621957957,0.1560564038526924,0.1238505367917689,0.3838335570152222,0.9654868154158215,0.19640145359398317,614844.6092266035,0,False,False,True,"{""0"":null,""1"":null,""2"":null,""3"":null}",986.0,819869.0,986.0,583490.0,986.0,583490.0,838.862124233623,496448.90268065804,838.862124233623,0.0,0.0,1183.6667663539993,712542.5092265996,0.0,20.735235305390578,4.0,2360.0,0.0,0.0,88.5999999987107,52359.09999951857,3.600000000002183,1470.9000000001615,49.29999999928259,29174.499999715703,0.0,0.0,0.0,0.0,0.0,0.0,9.859999999999673,5834.900000000002,493.0,291745.0,0.0,118.0,502.85999999998603,297579.90000000055,0.0,0.0,1183.6667663539993,712542.5092265996
829,2022-04-09,2022,False,52.26849315068493,986,0,1118,496448.90268065804,0.0,59899,45,0.0,,,0.15605806295860597,0.12395543510015,0.3838335570152222,0.966394523326572,0.12184311105069766,614844.6092266035,0,False,False,True,"{""0"":null,""1"":null,""2"":null,""3"":null}",986.0,820855.0,0.0,583490.0,0.0,583490.0,0.0,496448.90268065804,0.0,0.0,0.0,0.0,712542.5092265996,0.0,20.735235305390578,0.0,2360.0,0.0,0.0,0.0,52359.09999951857,0.0,1470.9000000001615,0.0,29174.499999715703,0.0,0.0,0.0,0.0,0.0,0.0,0.0,5834.900000000002,0.0,291745.0,0.0,118.0,0.0,297579.90000000055,0.0,0.0,0.0,712542.5092265996
830,2022-04-10,2022,False,52.27123287671233,987,0,1119,496448.90268065804,0.0,59899,45,0.0,,,0.15616753154380653,0.1234678123215973,0.38408568843547586,0.9661246200607904,0.07175602000095654,614843.6092266035,0,False,False,True,"{""0"":null,""1"":null,""2"":null,""3"":null}",987.0,821842.0,0.0,583490.0,0.0,583490.0,0.0,496448.90268065804,0.0,0.0,0.0,0.0,712542.5092265996,0.0,20.735235305390578,0.0,2360.0,0.0,0.0,0.0,52359.09999951857,0.0,1470.9000000001615,0.0,29174.499999715703,0.0,0.0,0.0,0.0,0.0,0.0,0.0,5834.900000000002,0.0,291745.0,1.0,119.0,0.0,297579.90000000055,0.0,0.0,0.0,712542.5092265996
831,2022-04-11,2022,True,52.273972602739725,987,987,1119,497288.7401047661,1422.4652001540517,60883,21,0.2982384240302378,0.8348184541986247,0.15167707732999416,0.15616753154380653,0.12346781232159729,0.38408568843547586,0.9652127659574468,0.10052259903087953,615762.7044267575,0,False,False,True,"{""0"":null,""1"":null,""2"":null,""3"":null}",987.0,822829.0,987.0,584477.0,987.0,584477.0,839.8374241080601,497288.7401047661,839.8374241080601,0.0,0.0,1422.4652001539944,713964.9744267536,0.29823842403023804,21.033473729420816,4.0,2364.0,0.0,0.0,88.69999999870925,52447.79999951728,6.750000000004093,1477.6500000001656,49.34999999928186,29223.849999714985,0.0,0.0,0.0,0.0,0.0,0.0,9.86999999999989,5844.770000000002,493.5,292238.5,0.0,119.0,503.36999999999534,298083.27000000054,0.0,0.0,1422.4652001539944,713964.9744267536
832,2022-04-12,2022,True,52.276712328767125,987,987,1119,498128.57752887416,1334.3170035948,60948,40,0.0,0.8379250048250937,0.15063245722218127,0.15620084084628555,0.12349480310744448,0.38408568843547586,0.9656737588652482,0.12734311307586446,616593.6514303524,0,False,False,True,"{""0"":null,""1"":null,""2"":null,""3"":null}",987.0,823816.0,987.0,585464.0,987.0,585464.0,839.8374241080601,498128.57752887416,839.8374241080601,0.0,0.0,1334.3170035948278,715299.2914303484,0.0,21.033473729420816,4.0,2368.0,0.0,0.0,88.69999999870925,52536.49999951599,0.0,1477.6500000001656,49.34999999928186,29273.199999714267,0.0,0.0,0.0,0.0,0.0,0.0,9.86999999999989,5854.640000000002,493.5,292732.0,0.0,119.0,503.36999999999534,298586.64000000054,0.0,0.0,1334.3170035948278,715299.2914303484
833,2022-04-13,2022,True,52.27945205479452,987,987,1119,498968.4149529822,1262.0784759731146,61030,60,0.0,0.8418714522342167,0.136615698206537,0.15612766953995402,0.1235477006939566,0.38408568843547586,0.965612968591692,0.15221849827629697,617352.3599063255,0,False,False,True,"{""0"":null,""1"":null,""2"":null,""3"":null}",987.0,824803.0,987.0,586451.0,987.0,586451.0,839.8374241080601,498968.4149529822,839.8374241080601,0.0,0.0,1262.0784759731032,716561.3699063215,0.0,21.033473729420816,4.0,2372.0,0.0,0.0,88.69999999870925,52625.1999995147,0.0,1477.6500000001656,49.34999999928186,29322.54999971355,0.0,0.0,0.0,0.0,0.0,0.0,9.86999999999989,5864.510000000002,493.5,293225.5,0.0,119.0,503.36999999999534,299090.01000000053,0.0,0.0,1262.0784759731032,716561.3699063215
834,2022-04-14,2022,True,52.28219178082192,987,987,1119,499808.2523770903,1214.6572836580476,61158,60,0.0,0.8096698677527754,0.19749239528701218,0.15611328418752832,0.1236295400406966,0.38408568843547586,0.965516717325228,0.17519221280822425,618063.6471899835,0,False,False,True,"{""0"":null,""1"":null,""2"":null,""3"":null}",987.0,825790.0,987.0,587438.0,987.0,587438.0,839.8374241080601,499808.2523770903,839.8374241080601,0.0,0.0,1214.6572836580453,717776.0271899796,0.0,21.033473729420816,4.0,2376.0,0.0,0.0,88.69999999870925,52713.89999951341,3.15000000000191,1480.8000000001675,49.34999999928186,29371.89999971283,0.0,0.0,0.0,0.0,0.0,0.0,9.86999999999989,5874.380000000002,493.5,293719.0,0.0,119.0,503.36999999999534,299593.3800000005,0.0,0.0,1214.6572836580453,717776.0271899796
835,2022-04-15,2022,True,52.28493150684932,987,987,1119,500648.08980119834,1180.914652655857,61258,59,0.0,0.8145833002847466,0.19036242995652455,0.15610133237154072,0.12365483142421028,0.38408568843547586,0.9655572441742655,0.1963611798392228,618741.1918426394,0,False,False,True,"{""0"":null,""1"":null,""2"":null,""3"":null}",987.0,826777.0,987.0,588425.0,987.0,588425.0,839.8374241080601,500648.08980119834,839.8374241080601,0.0,0.0,1180.9146526558325,718956.9418426354,0.0,21.033473729420816,4.0,2380.0,0.0,0.0,88.69999999870925,52802.59999951212,2.850000000001728,1483.6500000001693,49.34999999928186,29421.249999712112,0.0,0.0,0.0,0.0,0.0,0.0,9.86999999999989,5884.250000000002,493.5,294212.5,0.0,119.0,503.36999999999534,300096.7500000005,0.0,0.0,1180.9146526558325,718956.9418426354
836,2022-04-16,2022,False,52.28767123287671,987,0,1119,500648.08980119834,0.0,60399,59,0.0,,,0.15614632900209705,0.12370879793750614,0.38408568843547586,0.9663627152988855,0.12173350250186063,618741.1918426394,0,False,False,True,"{""0"":null,""1"":null,""2"":null,""3"":null}",987.0,827764.0,0.0,588425.0,0.0,588425.0,0.0,500648.08980119834,0.0,0.0,0.0,0.0,718956.9418426354,0.0,21.033473729420816,0.0,2380.0,0.0,0.0,0.0,52802.59999951212,0.0,1483.6500000001693,0.0,29421.249999712112,0.0,0.0,0.0,0.0,0.0,0.0,0.0,5884.250000000002,0.0,294212.5,0.0,119.0,0.0,300096.7500000005,0.0,0.0,0.0,718956.9418426354
837,2022-04-17,2022,False,52.29041095890411,987,0,1119,500648.08980119834,0.0,60399,59,0.0,,,0.15614632900209705,0.12370879793750611,0.38408568843547586,0.9663627152988855,0.0717294847363341,618741.1918426394,0,False,False,True,"{""0"":null,""1"":null,""2"":null,""3"":null}",987.0,828751.0,0.0,588425.0,0.0,588425.0,0.0,500648.08980119834,0.0,0.0,0.0,0.0,718956.9418426354,0.0,21.033473729420816,0.0,2380.0,0.0,0.0,0.0,52802.59999951212,0.0,1483.6500000001693,0.0,29421.249999712112,0.0,0.0,0.0,0.0,0.0,0.0,0.0,5884.250000000002,0.0,294212.5,0.0,119.0,0.0,300096.7500000005,0.0,0.0,0.0,718956.9418426354
838,2022-04-18,2022,True,52.293150684931504,987,987,1119,501487.9272253064,1420.6445893008288,61402,14,0.0,0.8571939667822045,0.14026849668997723,0.15614632900209705,0.12370879793750611,0.38408568843547586,0.9656534954407295,0.10051375441707032,619658.4664319402,0,False,False,True,"{""0"":null,""1"":null,""2"":null,""3"":null}",987.0,829738.0,987.0,589412.0,987.0,589412.0,839.8374241080601,501487.9272253064,839.8374241080601,0.0,0.0,1420.6445893008495,720377.5864319362,0.0,21.033473729420816,4.0,2384.0,0.0,0.0,88.69999999870925,52891.299999510826,8.850000000005366,1492.5000000001746,49.34999999928186,29470.599999711394,0.0,0.0,0.0,0.0,0.0,0.0,9.86999999999989,5894.120000000002,493.5,294706.0,0.0,119.0,503.36999999999534,300600.1200000005,0.0,0.0,1420.6445893008495,720377.5864319362
839,2022-04-19,2022,True,52.295890410958904,987,987,1119,502327.76464941446,1360.9553032809558,61440,27,0.0,0.8478583193868298,0.14476354049452617,0.15618730272222522,0.12384514094037388,0.38408568843547586,0.9660131712259372,0.12733239825883538,620516.0517352212,0,False,False,True,"{""0"":null,""1"":null,""2"":null,""3"":null}",987.0,830725.0,987.0,590399.0,987.0,590399.0,839.8374241080601,502327.76464941446,839.8374241080601,0.0,0.0,1360.9553032809636,721738.5417352172,0.0,21.033473729420816,4.0,2388.0,0.0,0.0,88.69999999870925,52979.999999509535,0.0,1492.5000000001746,49.34999999928186,29519.949999710676,0.0,0.0,0.0,0.0,0.0,0.0,9.86999999999989,5903.990000000002,493.5,295199.5,0.0,119.0,503.36999999999534,301103.4900000005,0.0,0.0,1360.9553032809636,721738.5417352172
840,2022-04-20,2022,True,52.298630136986304,987,987,1120,503167.42598013044,1279.2959159950851,61539,52,0.0,0.8217554271905458,0.17413004434182403,0.1557757610913354,0.12284379403652565,0.3836406962841632,0.9655623100303952,0.15193491524737687,621290.9776512163,0,False,False,True,"{""0"":null,""1"":null,""2"":null,""3"":null}",987.0,831712.0,987.0,591386.0,987.0,591386.0,839.661330715986,503167.42598013044,839.661330715986,0.0,0.0,1279.2959159951424,723017.8376512124,0.0,21.033473729420816,4.0,2392.0,0.0,0.0,88.69999999870925,53068.699999508244,0.0,1492.5000000001746,49.34999999928186,29569.299999709958,0.0,0.0,0.0,0.0,0.0,0.0,9.86999999999989,5913.8600000000015,493.5,295693.0,1.0,120.0,503.36999999999534,301606.8600000005,0.0,0.0,1279.2959159951424,723017.8376512124
841,2022-04-21,2022,True,52.3013698630137,987,987,1120,504007.08731084643,1208.2598251961313,61657,52,0.1388179322256482,0.8297374850805782,0.16737316033489102,0.15580651353979522,0.12294925393254622,0.3836406962841632,0.9656636271529889,0.17478282751155347,621995.8674764124,0,False,False,True,"{""0"":null,""1"":null,""2"":null,""3"":null}",987.0,832699.0,987.0,592373.0,987.0,592373.0,839.661330715986,504007.08731084643,839.661330715986,0.0,0.0,1208.2598251961172,724226.0974764085,0.1388179322256491,21.172291661646465,4.0,2396.0,0.0,0.0,88.69999999870925,53157.39999950695,2.1000000000012733,1494.600000000176,49.34999999928186,29618.64999970924,0.0,0.0,0.0,0.0,0.0,0.0,9.86999999999989,5923.730000000001,493.5,296186.5,0.0,120.0,503.36999999999534,302110.2300000005,0.0,0.0,1208.2598251961172,724226.0974764085
842,2022-04-22,2022,True,52.3041095890411,987,987,1120,504846.7486415624,1155.732366472579,61754,59,0.33599973927061744,0.8399452129396212,0.15678648605335307,0.15574666575108603,0.12299583450091237,0.3836406962841632,0.9658206686930091,0.1959512279513052,622648.229842885,0,False,False,True,"{""0"":null,""1"":null,""2"":null,""3"":null}",987.0,833686.0,987.0,593360.0,987.0,593360.0,839.661330715986,504846.7486415624,839.661330715986,0.0,0.0,1155.732366472599,725381.8298428811,0.3359997392706191,21.508291400917084,4.0,2400.0,0.0,0.0,88.69999999870925,53246.09999950566,1.9500000000011823,1496.550000000177,49.34999999928186,29667.99999970852,0.0,0.0,0.0,0.0,0.0,0.0,9.86999999999989,5933.600000000001,493.5,296680.0,0.0,120.0,503.36999999999534,302613.6000000005,0.0,0.0,1155.732366472599,725381.8298428811
843,2022-04-23,2022,False,52.30684931506849,988,0,1121,504846.7486415624,0.0,60899,59,0.0,,,0.1558666921232462,0.12250052319649679,0.38388878854579833,0.9663512145748988,0.12123121821116949,622647.229842885,0,False,False,True,"{""0"":null,""1"":null,""2"":null,""3"":null}",988.0,834674.0,0.0,593360.0,0.0,593360.0,0.0,504846.7486415624,0.0,0.0,0.0,0.0,725381.8298428811,0.0,21.508291400917084,0.0,2400.0,0.0,0.0,0.0,53246.09999950566,0.0,1496.550000000177,0.0,29667.99999970852,0.0,0.0,0.0,0.0,0.0,0.0,0.0,5933.600000000001,0.0,296680.0,1.0,121.0,0.0,302613.6000000005,0.0,0.0,0.0,725381.8298428811
844,2022-04-24,2022,False,52.30958904109589,988,0,1121,504846.7486415624,0.0,60899,59,0.0,,,0.1558666921232462,0.12250052319649679,0.38388878854579833,0.9663512145748988,0.0712958278929417,622647.229842885,0,False,False,True,"{""0"":null,""1"":null,""2"":null,""3"":null}",988.0,835662.0,0.0,593360.0,0.0,593360.0,0.0,504846.7486415624,0.0,0.0,0.0,0.0,725381.8298428811,0.0,21.508291400917084,0.0,2400.0,0.0,0.0,0.0,53246.09999950566,0.0,1496.550000000177,0.0,29667.99999970852,0.0,0.0,0.0,0.0,0.0,0.0,0.0,5933.600000000001,0.0,296680.0,0.0,121.0,0.0,302613.6000000005,0.0,0.0,0.0,725381.8298428811
845,2022-04-25,2022,True,52.31232876712329,988,988,1121,505687.3637795739,1394.156045736645,61888,19,0.0,0.847127068623891,0.13034600751161987,0.1558666921232462,0.12250052319649682,0.38388878854579833,0.9652327935222672,0.10004552681254696,623537.5058886217,0,False,False,True,"{""0"":null,""1"":null,""2"":null,""3"":null}",988.0,836650.0,988.0,594348.0,988.0,594348.0,840.6151380114607,505687.3637795739,840.6151380114607,0.0,0.0,1394.1560457366286,726775.9858886177,0.0,21.508291400917084,4.0,2404.0,0.0,0.0,88.79999999870779,53334.89999950437,8.850000000005366,1505.4000000001824,49.399999999281135,29717.399999707803,0.0,0.0,0.0,0.0,0.0,0.0,9.88000000000011,5943.480000000001,494.0,297174.0,0.0,121.0,503.88000000000466,303117.4800000005,0.0,0.0,1394.1560457366286,726775.9858886177
846,2022-04-26,2022,True,52.31506849315068,988,988,1121,506527.97891758534,1353.7623039676428,61946,33,0.0,0.8533107397073321,0.13701018719358787,0.15588465979951235,0.12255651172132448,0.38388878854579833,0.9655263157894737,0.1268255054627944,624387.3881925893,0,False,False,True,"{""0"":null,""1"":null,""2"":null,""3"":null}",988.0,837638.0,988.0,595336.0,988.0,595336.0,840.6151380114607,506527.97891758534,840.6151380114607,0.0,0.0,1353.762303967611,728129.7481925853,0.0,21.508291400917084,4.0,2408.0,0.0,0.0,88.79999999870779,53423.69999950308,0.0,1505.4000000001824,49.399999999281135,29766.799999707084,0.0,0.0,0.0,0.0,0.0,0.0,9.88000000000011,5953.3600000000015,494.0,297668.0,0.0,121.0,503.88000000000466,303621.3600000005,0.0,0.0,1353.762303967611,728129.7481925853
847,2022-04-27,2022,True,52.31780821917808,989,989,1122,507369.55389035837,1280.5174136446153,62048,46,0.0,0.8452759806928605,0.13684670989925496,0.1558442205993106,0.1219222413827695,0.383899386740545,0.9654196157735085,0.151625589483476,625162.5156062339,0,False,False,True,"{""0"":null,""1"":null,""2"":null,""3"":null}",989.0,838627.0,989.0,596325.0,989.0,596325.0,841.574972773029,507369.55389035837,841.574972773029,0.0,0.0,1280.5174136445858,729410.2656062299,0.0,21.508291400917084,4.0,2412.0,0.0,0.0,88.89999999870633,53512.599999501785,0.0,1505.4000000001824,49.44999999928041,29816.249999706364,0.0,0.0,0.0,0.0,0.0,0.0,9.890000000000327,5963.250000000002,494.5,298162.5,1.0,122.0,504.39000000001397,304125.7500000005,0.0,0.0,1280.5174136445858,729410.2656062299
848,2022-04-28,2022,True,52.320547945205476,989,989,1122,508211.1288631314,1229.038306815451,62166,46,0.4566447325700392,0.8209503056616955,0.17885854648577937,0.15588221544701705,0.12204698056847718,0.383899386740545,0.9654550050556118,0.1746148605189916,625887.1639130493,0,False,False,True,"{""0"":null,""1"":null,""2"":null,""3"":null}",989.0,839616.0,989.0,597314.0,989.0,597314.0,841.574972773029,508211.1288631314,841.574972773029,0.0,0.0,1229.0383068154333,730639.3039130453,0.4566447325700409,21.964936133487125,4.0,2416.0,0.0,0.0,88.89999999870633,53601.49999950049,2.850000000001728,1508.2500000001842,49.44999999928041,29865.699999705645,0.0,0.0,0.0,0.0,0.0,0.0,9.890000000000327,5973.140000000002,494.5,298657.0,0.0,122.0,504.39000000001397,304630.14000000054,0.0,0.0,1229.0383068154333,730639.3039130453
849,2022-04-29,2022,True,52.323287671232876,990,990,1123,509053.5240652432,1200.9281218983688,62251,53,0.27290614991064704,0.8292303478911489,0.16799692635709096,0.15561946151668343,0.1212042099945311,0.3837024868508675,0.9650858585858585,0.195710636035813,626582.1920349476,0,False,False,True,"{""0"":null,""1"":null,""2"":null,""3"":null}",990.0,840606.0,990.0,598304.0,990.0,598304.0,842.3952021118021,509053.5240652432,842.3952021118021,0.0,0.0,1200.9281218983233,731840.2320349436,0.27290614991064643,22.23784228339777,4.0,2420.0,0.0,0.0,88.99999999870488,53690.499999499196,2.1000000000012733,1510.3500000001854,49.49999999927968,29915.199999704924,0.0,0.0,0.0,0.0,0.0,0.0,9.899999999999636,5983.040000000002,495.0,299152.0,1.0,123.0,504.9000000000233,305135.04000000056,0.0,0.0,1200.9281218983233,731840.2320349436
850,2022-04-30,2022,False,52.326027397260276,990,0,1123,509053.5240652432,0.0,61399,53,0.0,,,0.15564015427897687,0.12134258090386867,0.3837024868508675,0.9657525252525253,0.1211293990353346,626582.1920349476,0,False,False,True,"{""0"":null,""1"":null,""2"":null,""3"":null}",990.0,841596.0,0.0,598304.0,0.0,598304.0,0.0,509053.5240652432,0.0,0.0,0.0,0.0,731840.2320349436,0.0,22.23784228339777,0.0,2420.0,0.0,0.0,0.0,53690.499999499196,0.0,1510.3500000001854,0.0,29915.199999704924,0.0,0.0,0.0,0.0,0.0,0.0,0.0,5983.040000000002,0.0,299152.0,0.0,123.0,0.0,305135.04000000056,0.0,0.0,0.0,731840.2320349436
851,2022-05-01,2022,False,52.32876712328767,990,0,1123,509053.5240652432,0.0,61399,53,0.0,,,0.15564015427897687,0.12134258090386867,0.3837024868508675,0.9657525252525253,0.07115808747452898,626582.1920349476,0,False,False,True,"{""0"":null,""1"":null,""2"":null,""3"":null}",990.0,842586.0,0.0,598304.0,0.0,598304.0,0.0,509053.5240652432,0.0,0.0,0.0,0.0,731840.2320349436,0.0,22.23784228339777,0.0,2420.0,0.0,0.0,0.0,53690.499999499196,0.0,1510.3500000001854,0.0,29915.199999704924,0.0,0.0,0.0,0.0,0.0,0.0,0.0,5983.040000000002,0.0,299152.0,0.0,123.0,0.0,305135.04000000056,0.0,0.0,0.0,731840.2320349436
852,2022-05-02,2022,True,52.33150684931507,989,989,1123,509895.0080689387,1433.5344108660188,62392,21,0.0,0.8755615926726557,0.12428447471901885,0.15546412470470147,0.12123403518700909,0.38376831657619026,0.9647724974721941,0.09988158655112074,627511.3364458135,0,False,False,True,"{""0"":null,""1"":null,""2"":null,""3"":null}",989.0,843575.0,989.0,599293.0,989.0,599293.0,841.4840036954847,509895.0080689387,841.4840036954847,0.0,0.0,1433.5344108659774,733273.7664458096,0.0,22.23784228339777,4.0,2424.0,0.0,0.0,88.89999999870633,53779.3999994979,7.95000000000482,1518.3000000001903,49.44999999928041,29964.649999704205,0.0,0.0,0.0,0.0,0.0,0.0,9.890000000000327,5992.930000000002,494.5,299646.5,0.0,123.0,504.39000000001397,305639.4300000006,0.0,0.0,1433.5344108659774,733273.7664458096
853,2022-05-03,2022,True,52.33424657534247,989,989,1123,510736.49207263417,1337.5216946901535,62444,31,0.0,0.8362010300508839,0.15157299228183904,0.15545052646002272,0.12120748731917563,0.38376831657619026,0.9650859453993934,0.12661985032726053,628344.4681405036,0,False,False,True,"{""0"":null,""1"":null,""2"":null,""3"":null}",989.0,844564.0,989.0,600282.0,989.0,600282.0,841.4840036954847,510736.49207263417,841.4840036954847,0.0,0.0,1337.5216946901055,734611.2881404997,0.0,22.23784228339777,4.0,2428.0,0.0,0.0,88.89999999870633,53868.29999949661,0.0,1518.3000000001903,49.44999999928041,30014.099999703485,0.0,0.0,0.0,0.0,0.0,0.0,9.890000000000327,6002.820000000002,494.5,300141.0,0.0,123.0,504.39000000001397,306143.8200000006,0.0,0.0,1337.5216946901055,734611.2881404997
854,2022-05-04,2022,True,52.33698630136986,989,989,1123,511577.97607632965,1282.7221568185853,62556,44,0.0,0.8189414615110983,0.16169156609913107,0.15542453457213926,0.12131914951677146,0.38376831657619026,0.9651567239635995,0.15144718484624714,629122.8002973222,0,False,False,True,"{""0"":null,""1"":null,""2"":null,""3"":null}",989.0,845553.0,989.0,601271.0,989.0,601271.0,841.4840036954847,511577.97607632965,841.4840036954847,0.0,0.0,1282.722156818607,735894.0102973183,0.0,22.23784228339777,4.0,2432.0,0.0,0.0,88.89999999870633,53957.199999495315,0.0,1518.3000000001903,49.44999999928041,30063.549999702765,0.0,0.0,0.0,0.0,0.0,0.0,9.890000000000327,6012.710000000003,494.5,300635.5,0.0,123.0,504.39000000001397,306648.2100000006,0.0,0.0,1282.722156818607,735894.0102973183
855,2022-05-05,2022,True,52.33972602739726,989,989,1123,512419.46008002514,1215.446984284448,62670,38,0.0,0.8229856326659457,0.18294010531239108,0.1554210102686301,0.12141135142142775,0.38376831657619026,0.9653538928210313,0.17438105537484141,629833.8572816066,0,False,False,True,"{""0"":null,""1"":null,""2"":null,""3"":null}",989.0,846542.0,989.0,602260.0,989.0,602260.0,841.4840036954847,512419.46008002514,841.4840036954847,0.0,0.0,1215.446984284441,737109.4572816028,0.0,22.23784228339777,4.0,2436.0,0.0,0.0,88.89999999870633,54046.09999949402,3.15000000000191,1521.4500000001922,49.44999999928041,30112.999999702046,0.0,0.0,0.0,0.0,0.0,0.0,9.890000000000327,6022.600000000003,494.5,301130.0,0.0,123.0,504.39000000001397,307152.6000000006,0.0,0.0,1215.446984284441,737109.4572816028
856,2022-05-06,2022,True,52.342465753424655,990,990,1124,513261.69882963185,1164.7868563693053,62750,48,0.0,0.8080581435051949,0.19155195472412048,0.15533299487787086,0.12077951875107291,0.38377891477093695,0.965090909090909,0.1953741175831782,630492.744137976,0,False,False,True,"{""0"":null,""1"":null,""2"":null,""3"":null}",990.0,847532.0,990.0,603250.0,990.0,603250.0,842.2387496067095,513261.69882963185,842.2387496067095,0.0,0.0,1164.7868563693482,738274.2441379721,0.0,22.23784228339777,4.0,2440.0,0.0,0.0,88.99999999870488,54135.099999492726,1.5000000000009095,1522.950000000193,49.49999999927968,30162.499999701326,0.0,0.0,0.0,0.0,0.0,0.0,9.899999999999636,6032.500000000003,495.0,301625.0,1.0,124.0,504.9000000000233,307657.50000000064,0.0,0.0,1164.7868563693482,738274.2441379721
857,2022-05-07,2022,False,52.345205479452055,990,0,1124,513261.69882963185,0.0,61899,48,0.0,,,0.15539185964557542,0.12083865293531437,0.38377891477093695,0.9658232323232323,0.12088289936795928,630492.744137976,0,False,False,True,"{""0"":null,""1"":null,""2"":null,""3"":null}",990.0,848522.0,0.0,603250.0,0.0,603250.0,0.0,513261.69882963185,0.0,0.0,0.0,0.0,738274.2441379721,0.0,22.23784228339777,0.0,2440.0,0.0,0.0,0.0,54135.099999492726,0.0,1522.950000000193,0.0,30162.499999701326,0.0,0.0,0.0,0.0,0.0,0.0,0.0,6032.500000000003,0.0,301625.0,0.0,124.0,0.0,307657.50000000064,0.0,0.0,0.0,738274.2441379721
858,2022-05-08,2022,False,52.347945205479455,990,0,1124,513261.69882963185,0.0,61899,48,0.0,,,0.15539185964557542,0.12083865293531437,0.38377891477093695,0.9658232323232323,0.07104295633316311,630492.744137976,0,False,False,True,"{""0"":null,""1"":null,""2"":null,""3"":null}",990.0,849512.0,0.0,603250.0,0.0,603250.0,0.0,513261.69882963185,0.0,0.0,0.0,0.0,738274.2441379721,0.0,22.23784228339777,0.0,2440.0,0.0,0.0,0.0,54135.099999492726,0.0,1522.950000000193,0.0,30162.499999701326,0.0,0.0,0.0,0.0,0.0,0.0,0.0,6032.500000000003,0.0,301625.0,0.0,124.0,0.0,307657.50000000064,0.0,0.0,0.0,738274.2441379721
859,2022-05-09,2022,True,52.35068493150685,989,989,1124,514102.9898392363,1375.264600246925,62881,22,0.0,0.8614275904843824,0.13675125182433726,0.15526576734478545,0.12065449701914477,0.38376831657619026,0.9648533872598585,0.09945178942917204,631363.6187382229,0,False,False,True,"{""0"":null,""1"":null,""2"":null,""3"":null}",989.0,850501.0,989.0,604239.0,989.0,604239.0,841.2910096044652,514102.9898392363,841.2910096044652,0.0,0.0,1375.2646002469119,739649.508738219,0.0,22.23784228339777,4.0,2444.0,0.0,0.0,88.89999999870633,54223.99999949143,7.200000000004366,1530.1500000001975,49.44999999928041,30211.949999700606,0.0,0.0,0.0,0.0,0.0,0.0,9.890000000000327,6042.390000000003,494.5,302119.5,0.0,124.0,504.39000000001397,308161.89000000065,0.0,0.0,1375.2646002469119,739649.508738219
860,2022-05-10,2022,True,52.35342465753425,987,987,1124,514942.63202877785,1335.9466951902698,62946,34,0.0,0.8581790826397229,0.12941252678537926,0.15489731000070422,0.1200996776810799,0.3835096261198085,0.9650405268490375,0.1262197638488931,632196.1954334131,0,False,False,True,"{""0"":null,""1"":null,""2"":null,""3"":null}",987.0,851488.0,987.0,605226.0,987.0,605226.0,839.6421895415406,514942.63202877785,839.6421895415406,0.0,0.0,1335.9466951902723,740985.4554334093,0.0,22.23784228339777,4.0,2448.0,0.0,0.0,88.69999999870925,54312.69999949014,0.0,1530.1500000001975,49.34999999928186,30261.299999699888,0.0,0.0,0.0,0.0,0.0,0.0,9.86999999999989,6052.260000000003,493.5,302613.0,0.0,124.0,503.36999999999534,308665.26000000065,0.0,0.0,1335.9466951902723,740985.4554334093
861,2022-05-11,2022,True,52.35616438356164,987,987,1124,515782.2742183194,1272.220644627282,63046,46,0.43266018082206553,0.8236385471713539,0.17177451046011524,0.15487922388375516,0.12013850122981279,0.3835096261198085,0.9651621073961499,0.15102571749914442,632965.0460780404,0,False,False,True,"{""0"":null,""1"":null,""2"":null,""3"":null}",987.0,852475.0,987.0,606213.0,987.0,606213.0,839.6421895415406,515782.2742183194,839.6421895415406,0.0,0.0,1272.220644627232,742257.6760780365,0.43266018082206514,22.670502464219837,4.0,2452.0,0.0,0.0,88.69999999870925,54401.39999948885,0.0,1530.1500000001975,49.34999999928186,30310.64999969917,0.0,0.0,0.0,0.0,0.0,0.0,9.86999999999989,6062.130000000003,493.5,303106.5,0.0,124.0,503.36999999999534,309168.63000000064,0.0,0.0,1272.220644627232,742257.6760780365
862,2022-05-12,2022,True,52.35890410958904,987,987,1124,516621.91640786093,1238.5586799915907,63161,46,0.07720465072452279,0.8368950551119068,0.17220992815991415,0.15488513989365343,0.12018414033111008,0.3835096261198085,0.9651519756838906,0.17399362294734486,633700.234758032,0,False,False,True,"{""0"":null,""1"":null,""2"":null,""3"":null}",987.0,853462.0,987.0,607200.0,987.0,607200.0,839.6421895415406,516621.91640786093,839.6421895415406,0.0,0.0,1238.5586799916346,743496.2347580282,0.07720465072452143,22.747707114944358,4.0,2456.0,0.0,0.0,88.69999999870925,54490.09999948756,3.300000000002001,1533.4500000001995,49.34999999928186,30359.99999969845,0.0,0.0,0.0,0.0,0.0,0.0,9.86999999999989,6072.000000000003,493.5,303600.0,0.0,124.0,503.36999999999534,309672.00000000064,0.0,0.0,1238.5586799916346,743496.2347580282
863,2022-05-13,2022,True,52.36164383561644,988,988,1125,517462.28762474004,1182.0355949574034,63255,51,0.2581344167868,0.8238524634985152,0.18737542833789178,0.15482894190374422,0.11956985103956794,0.3835202243145551,0.9647672064777327,0.19497358926733727,634377.3903529894,0,False,False,True,"{""0"":null,""1"":null,""2"":null,""3"":null}",988.0,854450.0,988.0,608188.0,988.0,608188.0,840.3712168791099,517462.28762474004,840.3712168791099,0.0,0.0,1182.035594957415,744678.2703529856,0.25813441678679894,23.005841531731157,4.0,2460.0,0.0,0.0,88.79999999870779,54578.89999948627,1.8000000000010914,1535.2500000002005,49.399999999281135,30409.399999697733,0.0,0.0,0.0,0.0,0.0,0.0,9.88000000000011,6081.880000000003,494.0,304094.0,1.0,125.0,503.88000000000466,310175.88000000064,0.0,0.0,1182.035594957415,744678.2703529856
864,2022-05-14,2022,False,52.364383561643834,988,0,1125,517462.28762474004,0.0,62399,51,0.0,,,0.15479228934756178,0.1196140429638309,0.3835202243145551,0.9656174089068825,0.12052099950357609,634377.3903529894,0,False,False,True,"{""0"":null,""1"":null,""2"":null,""3"":null}",988.0,855438.0,0.0,608188.0,0.0,608188.0,0.0,517462.28762474004,0.0,0.0,0.0,0.0,744678.2703529856,0.0,23.005841531731157,0.0,2460.0,0.0,0.0,0.0,54578.89999948627,0.0,1535.2500000002005,0.0,30409.399999697733,0.0,0.0,0.0,0.0,0.0,0.0,0.0,6081.880000000003,0.0,304094.0,0.0,125.0,0.0,310175.88000000064,0.0,0.0,0.0,744678.2703529856
865,2022-05-15,2022,False,52.367123287671234,989,0,1126,517462.28762474004,0.0,62399,51,0.0,,,0.15474589810899508,0.11880560390119499,0.38345439458923236,0.9653488372093023,0.07064844941131845,634376.3903529894,0,False,False,True,"{""0"":null,""1"":null,""2"":null,""3"":null}",989.0,856427.0,0.0,608188.0,0.0,608188.0,0.0,517462.28762474004,0.0,0.0,0.0,0.0,744678.2703529856,0.0,23.005841531731157,0.0,2460.0,0.0,0.0,0.0,54578.89999948627,0.0,1535.2500000002005,0.0,30409.399999697733,0.0,0.0,0.0,0.0,0.0,0.0,0.0,6081.880000000003,0.0,304094.0,1.0,126.0,0.0,310175.88000000064,0.0,0.0,0.0,744678.2703529856
866,2022-05-16,2022,True,52.369863013698634,989,989,1126,518303.4447054465,1394.6282288872078,63404,10,0.0,0.8473321279428675,0.15638608189607528,0.15474589810899508,0.11880560390119496,0.38345439458923236,0.9648331648129423,0.09932475037065096,635266.6285818766,0,False,False,True,"{""0"":null,""1"":null,""2"":null,""3"":null}",989.0,857416.0,989.0,609177.0,989.0,609177.0,841.1570807064418,518303.4447054465,841.1570807064418,0.0,0.0,1394.6282288872171,746072.8985818728,0.0,23.005841531731157,4.0,2464.0,0.0,0.0,88.89999999870633,54667.799999484974,7.650000000004638,1542.9000000002052,49.44999999928041,30458.849999697013,0.0,0.0,0.0,0.0,0.0,0.0,9.890000000000327,6091.770000000003,494.5,304588.5,0.0,126.0,504.39000000001397,310680.27000000066,0.0,0.0,1394.6282288872171,746072.8985818728
867,2022-05-17,2022,True,52.37260273972603,989,989,1126,519144.6017861529,1374.5084685032853,63442,25,0.0,0.8422711337518887,0.13768954490461718,0.15480168012436432,0.1188446713508804,0.38345439458923236,0.9649595551061678,0.12607352236771063,636136.7470503799,0,False,False,True,"{""0"":null,""1"":null,""2"":null,""3"":null}",989.0,858405.0,989.0,610166.0,989.0,610166.0,841.1570807064418,519144.6017861529,841.1570807064418,0.0,0.0,1374.5084685032489,747447.4070503761,0.0,23.005841531731157,4.0,2468.0,0.0,0.0,88.89999999870633,54756.69999948368,0.0,1542.9000000002052,49.44999999928041,30508.299999696294,0.0,0.0,0.0,0.0,0.0,0.0,9.890000000000327,6101.6600000000035,494.5,305083.0,0.0,126.0,504.39000000001397,311184.6600000007,0.0,0.0,1374.5084685032489,747447.4070503761
868,2022-05-18,2022,True,52.37534246575343,989,989,1126,519985.75886685937,1274.88610421738,63545,41,0.0,0.8261136324060773,0.16179569537531982,0.15478170997099816,0.11895774393861437,0.38345439458923236,0.9649089989888776,0.15086874332089478,636907.2431545972,0,False,False,True,"{""0"":null,""1"":null,""2"":null,""3"":null}",989.0,859394.0,989.0,611155.0,989.0,611155.0,841.1570807064418,519985.75886685937,841.1570807064418,0.0,0.0,1274.8861042173812,748722.2931545934,0.0,23.005841531731157,4.0,2472.0,0.0,0.0,88.89999999870633,54845.59999948239,0.0,1542.9000000002052,49.44999999928041,30557.749999695574,0.0,0.0,0.0,0.0,0.0,0.0,9.890000000000327,6111.550000000004,494.5,305577.5,0.0,126.0,504.39000000001397,311689.0500000007,0.0,0.0,1274.8861042173812,748722.2931545934
869,2022-05-19,2022,True,52.37808219178082,988,988,1126,520826.0108874408,1189.3871338823872,63662,42,0.0,0.8430640363759452,0.14224817239746473,0.15502052150305912,0.11925188048776614,0.38365129447890983,0.964832995951417,0.17389526963455115,637592.7502884796,0,False,False,True,"{""0"":null,""1"":null,""2"":null,""3"":null}",988.0,860382.0,988.0,612143.0,988.0,612143.0,840.2520205814508,520826.0108874408,840.2520205814508,0.0,0.0,1189.387133882381,749911.6802884758,0.0,23.005841531731157,4.0,2476.0,0.0,0.0,88.79999999870779,54934.399999481095,1.5000000000009095,1544.400000000206,49.399999999281135,30607.149999694855,0.0,0.0,0.0,0.0,0.0,0.0,9.88000000000011,6121.430000000004,494.0,306071.5,0.0,126.0,503.88000000000466,312192.9300000007,0.0,0.0,1189.387133882381,749911.6802884758
870,2022-05-20,2022,True,52.38082191780822,989,989,1127,521667.19501250685,1186.9973665049956,63757,47,0.006111948788784264,0.8140347267939434,0.18341198290839086,0.15502530521473545,0.1185979867518603,0.383585464753587,0.9646107178968655,0.19495788026690122,638274.3576549846,0,False,False,True,"{""0"":null,""1"":null,""2"":null,""3"":null}",989.0,861371.0,989.0,613132.0,989.0,613132.0,841.1841250660364,521667.19501250685,841.1841250660364,0.0,0.0,1186.9973665049765,751098.6776549808,0.006111948788785071,23.011953480519942,4.0,2480.0,0.0,0.0,88.89999999870633,55023.2999994798,2.2500000000013642,1546.6500000002075,49.44999999928041,30656.599999694135,0.0,0.0,0.0,0.0,0.0,0.0,9.890000000000327,6131.320000000004,494.5,306566.0,1.0,127.0,504.39000000001397,312697.3200000007,0.0,0.0,1186.9973665049765,751098.6776549808
871,2022-05-21,2022,False,52.38356164383562,988,0,1127,521667.19501250685,0.0,62899,47,0.0,,,0.1549444873578801,0.11919714558605024,0.38333333333333336,0.9655364372469636,0.12069845755497466,638274.3576549846,0,False,False,True,"{""0"":null,""1"":null,""2"":null,""3"":null}",988.0,862359.0,0.0,613132.0,0.0,613132.0,0.0,521667.19501250685,0.0,0.0,0.0,0.0,751098.6776549808,0.0,23.011953480519942,0.0,2480.0,0.0,0.0,0.0,55023.2999994798,0.0,1546.6500000002075,0.0,30656.599999694135,0.0,0.0,0.0,0.0,0.0,0.0,0.0,6131.320000000004,0.0,306566.0,0.0,127.0,0.0,312697.3200000007,0.0,0.0,0.0,751098.6776549808
872,2022-05-22,2022,False,52.38630136986301,988,0,1127,521667.19501250685,0.0,62899,47,0.0,,,0.15494448735788008,0.11919714558605024,0.38333333333333336,0.9655364372469636,0.07078349870817242,638274.3576549846,0,False,False,True,"{""0"":null,""1"":null,""2"":null,""3"":null}",988.0,863347.0,0.0,613132.0,0.0,613132.0,0.0,521667.19501250685,0.0,0.0,0.0,0.0,751098.6776549808,0.0,23.011953480519942,0.0,2480.0,0.0,0.0,0.0,55023.2999994798,0.0,1546.6500000002075,0.0,30656.599999694135,0.0,0.0,0.0,0.0,0.0,0.0,0.0,6131.320000000004,0.0,306566.0,0.0,127.0,0.0,312697.3200000007,0.0,0.0,0.0,751098.6776549808
873,2022-05-23,2022,True,52.38904109589041,988,988,1127,522507.5573810151,1442.9419823130488,63890,14,0.0,0.8552187995769435,0.12411863211704566,0.1549444873578801,0.11919714558605023,0.38333333333333336,0.964746963562753,0.0994146109598062,639213.4196372976,0,False,False,True,"{""0"":null,""1"":null,""2"":null,""3"":null}",988.0,864335.0,988.0,614120.0,988.0,614120.0,840.3623685082421,522507.5573810151,840.3623685082421,0.0,0.0,1442.9419823130593,752541.6196372939,0.0,23.011953480519942,4.0,2484.0,0.0,0.0,88.79999999870779,55112.09999947851,7.050000000004275,1553.7000000002117,49.399999999281135,30705.999999693417,0.0,0.0,0.0,0.0,0.0,0.0,9.88000000000011,6141.200000000004,494.0,307060.0,0.0,127.0,503.88000000000466,313201.2000000007,0.0,0.0,1442.9419823130593,752541.6196372939
874,2022-05-24,2022,True,52.391780821917806,987,987,1127,523346.98230944347,1352.1391936679106,63947,21,0.13849664655543054,0.829939930970397,0.17667217934582874,0.15486884615297666,0.11915624423130905,0.3834002000898363,0.965177304964539,0.12599818647831626,640062.1888309655,0,False,False,True,"{""0"":null,""1"":null,""2"":null,""3"":null}",987.0,865322.0,987.0,615107.0,987.0,615107.0,839.4249284283724,523346.98230944347,839.4249284283724,0.0,0.0,1352.1391936679138,753893.7588309618,0.13849664655543137,23.150450127075374,4.0,2488.0,0.0,0.0,88.69999999870925,55200.79999947722,0.0,1553.7000000002117,49.34999999928186,30755.3499996927,0.0,0.0,0.0,0.0,0.0,0.0,9.86999999999989,6151.070000000004,493.5,307553.5,0.0,127.0,503.36999999999534,313704.5700000007,0.0,0.0,1352.1391936679138,753893.7588309618
875,2022-05-25,2022,True,52.394520547945206,986,986,1127,524185.5376238317,1287.5614330589626,64040,37,0.0,0.8092219638449123,0.1669805452945292,0.1547943422535193,0.11938185744714785,0.3834660298151591,0.9649645030425964,0.15077022512275307,640846.8902640245,0,False,False,True,"{""0"":null,""1"":null,""2"":null,""3"":null}",986.0,866308.0,986.0,616093.0,986.0,616093.0,838.5553143882426,524185.5376238317,838.5553143882426,0.0,0.0,1287.5614330589306,755181.3202640207,0.0,23.150450127075374,4.0,2492.0,0.0,0.0,88.5999999987107,55289.39999947593,0.0,1553.7000000002117,49.29999999928259,30804.64999969198,0.0,0.0,0.0,0.0,0.0,0.0,9.859999999999673,6160.930000000004,493.0,308046.5,0.0,127.0,502.85999999998603,314207.4300000007,0.0,0.0,1287.5614330589306,755181.3202640207
876,2022-05-26,2022,True,52.397260273972606,987,987,1128,525024.8234794905,1252.8990262670047,64155,38,0.0,0.8093043946715424,0.17762146721560015,0.15475437863519356,0.11864162738929347,0.3833991630586562,0.9646099290780142,0.17351615521466127,641595.4192902915,0,False,False,True,"{""0"":null,""1"":null,""2"":null,""3"":null}",987.0,867295.0,987.0,617080.0,987.0,617080.0,839.2858556587598,525024.8234794905,839.2858556587598,0.0,0.0,1252.8990262669977,756434.2192902877,0.0,23.150450127075374,4.0,2496.0,0.0,0.0,88.69999999870925,55378.09999947464,2.1000000000012733,1555.800000000213,49.34999999928186,30853.999999691263,0.0,0.0,0.0,0.0,0.0,0.0,9.86999999999989,6170.800000000004,493.5,308540.0,1.0,128.0,503.36999999999534,314710.8000000007,0.0,0.0,1252.8990262669977,756434.2192902877
877,2022-05-27,2022,True,52.4,987,987,1128,525864.109335149,1195.8770066618754,64255,48,0.0,0.8084366978035742,0.186100226249621,0.15477810011930948,0.11870650886062724,0.3833991630586562,0.9645238095238096,0.19453501297860545,642287.9262969533,0,False,False,True,"{""0"":null,""1"":null,""2"":null,""3"":null}",987.0,868282.0,987.0,618067.0,987.0,618067.0,839.2858556585852,525864.109335149,839.2858556585852,0.0,0.0,1195.8770066618454,757630.0962969495,0.0,23.150450127075374,4.0,2500.0,0.0,0.0,88.69999999870925,55466.79999947335,1.0500000000006366,1556.8500000002136,49.34999999928186,30903.349999690545,0.0,0.0,0.0,0.0,0.0,0.0,9.86999999999989,6180.670000000004,493.5,309033.5,0.0,128.0,503.36999999999534,315214.1700000007,0.0,0.0,1195.8770066618454,757630.0962969495
878,2022-05-28,2022,False,52.4027397260274,987,0,1128,525864.109335149,0.0,63399,48,0.0,,,0.1547199375859356,0.11877407600759685,0.3833991630586562,0.9652482269503546,0.12028737273236598,642287.9262969533,0,False,False,True,"{""0"":null,""1"":null,""2"":null,""3"":null}",987.0,869269.0,0.0,618067.0,0.0,618067.0,0.0,525864.109335149,0.0,0.0,0.0,0.0,757630.0962969495,0.0,23.150450127075374,0.0,2500.0,0.0,0.0,0.0,55466.79999947335,0.0,1556.8500000002136,0.0,30903.349999690545,0.0,0.0,0.0,0.0,0.0,0.0,0.0,6180.670000000004,0.0,309033.5,0.0,128.0,0.0,315214.1700000007,0.0,0.0,0.0,757630.0962969495
879,2022-05-29,2022,False,52.40547945205479,986,0,1128,525864.109335149,0.0,63399,48,0.0,,,0.1546109206623095,0.11860609412337253,0.38338856486390954,0.9652129817444219,0.07028941760386956,642287.9262969533,0,False,False,True,"{""0"":null,""1"":null,""2"":null,""3"":null}",986.0,870255.0,0.0,618067.0,0.0,618067.0,0.0,525864.109335149,0.0,0.0,0.0,0.0,757630.0962969495,0.0,23.150450127075374,0.0,2500.0,0.0,0.0,0.0,55466.79999947335,0.0,1556.8500000002136,0.0,30903.349999690545,0.0,0.0,0.0,0.0,0.0,0.0,0.0,6180.670000000004,0.0,309033.5,0.0,128.0,0.0,315214.1700000007,0.0,0.0,0.0,757630.0962969495
880,2022-05-30,2022,True,52.40821917808219,986,986,1128,526702.4335927772,1417.6322293969033,64373,25,0.0,0.855931820820059,0.14215635274641897,0.15461092066230947,0.1186060941233725,0.38338856486390954,0.9642444219066937,0.0988648411316926,643202.6985263503,0,False,False,True,"{""0"":null,""1"":null,""2"":null,""3"":null}",986.0,871241.0,986.0,619053.0,986.0,619053.0,838.3242576281773,526702.4335927772,838.3242576281773,0.0,0.0,1417.632229396957,759047.7285263465,0.0,23.150450127075374,4.0,2504.0,0.0,0.0,88.5999999987107,55555.39999947206,7.200000000004366,1564.050000000218,49.29999999928259,30952.649999689827,0.0,0.0,0.0,0.0,0.0,0.0,9.859999999999673,6190.530000000003,493.0,309526.5,0.0,128.0,502.85999999998603,315717.03000000067,0.0,0.0,1417.632229396957,759047.7285263465
881,2022-05-31,2022,True,52.41095890410959,986,986,1128,527540.7578504054,1364.1226197544736,64443,45,0.2513926547919134,0.8295821456363691,0.17415503644264593,0.1546395252894267,0.11871867899348337,0.38338856486390954,0.9646754563894523,0.1254917800765833,644063.9611461048,0,False,False,True,"{""0"":null,""1"":null,""2"":null,""3"":null}",986.0,872227.0,986.0,620039.0,986.0,620039.0,838.3242576281773,527540.7578504054,838.3242576281773,0.0,0.0,1364.1226197545184,760411.851146101,0.2513926547919141,23.401842781867288,4.0,2508.0,0.0,0.0,88.5999999987107,55643.99999947077,0.0,1564.050000000218,49.29999999928259,31001.94999968911,0.0,0.0,0.0,0.0,0.0,0.0,9.859999999999673,6200.390000000003,493.0,310019.5,0.0,128.0,502.85999999998603,316219.89000000065,0.0,0.0,1364.1226197545184,760411.851146101
882,2022-06-01,2022,True,52.413698630136984,985,985,1128,528378.26381584,1304.9260554222262,64525,68,0.0,0.8335127394995596,0.16163921652089225,0.15491889417064325,0.11912080558003842,0.38345439458923236,0.9642233502538071,0.15029786698177153,644866.537201527,0,False,False,True,"{""0"":null,""1"":null,""2"":null,""3"":null}",985.0,873212.0,985.0,621024.0,985.0,621024.0,837.5059654345969,528378.26381584,837.5059654345969,0.0,0.0,1304.9260554221692,761716.7772015232,0.0,23.401842781867288,4.0,2512.0,0.0,0.0,88.49999999871216,55732.49999946948,0.0,1564.050000000218,49.24999999928332,31051.199999688393,0.0,0.0,0.0,0.0,0.0,0.0,9.850000000000364,6210.240000000003,492.5,310512.0,0.0,128.0,502.3499999999767,316722.24000000063,0.0,0.0,1304.9260554221692,761716.7772015232
883,2022-06-02,2022,True,52.416438356164385,985,985,1128,529215.7697812746,1235.7283560334606,64661,59,0.0,0.8517442735586972,0.13814049034394696,0.15494507116954157,0.11918251457002045,0.38345439458923236,0.9642741116751269,0.173172514648903,645599.9155575605,0,False,False,True,"{""0"":null,""1"":null,""2"":null,""3"":null}",985.0,874197.0,985.0,622009.0,985.0,622009.0,837.5059654345969,529215.7697812746,837.5059654345969,0.0,0.0,1235.7283560334472,762952.5055575566,0.0,23.401842781867288,4.0,2516.0,0.0,0.0,88.49999999871216,55820.99999946819,3.7500000000022737,1567.8000000002203,49.24999999928332,31100.449999687677,0.0,0.0,0.0,0.0,0.0,0.0,9.850000000000364,6220.090000000004,492.5,311004.5,0.0,128.0,502.3499999999767,317224.5900000006,0.0,0.0,1235.7283560334472,762952.5055575566
884,2022-06-03,2022,True,52.41917808219178,985,985,1128,530053.2757467092,1171.447631178174,64752,55,0.0,0.8284517104959853,0.17782946947488776,0.15489238432593375,0.1192738477913469,0.38345439458923236,0.9643756345177664,0.1942519547702448,646269.0131887387,0,False,False,True,"{""0"":null,""1"":null,""2"":null,""3"":null}",985.0,875182.0,985.0,622994.0,985.0,622994.0,837.5059654345969,530053.2757467092,837.5059654345969,0.0,0.0,1171.447631178191,764123.9531887348,0.0,23.401842781867288,4.0,2520.0,0.0,0.0,88.49999999871216,55909.499999466905,3.000000000001819,1570.800000000222,49.24999999928332,31149.69999968696,0.0,0.0,0.0,0.0,0.0,0.0,9.850000000000364,6229.940000000004,492.5,311497.0,0.0,128.0,502.3499999999767,317726.9400000006,0.0,0.0,1171.447631178191,764123.9531887348
885,2022-06-04,2022,False,52.42191780821918,985,0,1128,530053.2757467092,0.0,63899,55,0.0,,,0.154893410864375,0.11932337063526643,0.38345439458923236,0.9653299492385787,0.12005369066226143,646269.0131887387,0,False,False,True,"{""0"":null,""1"":null,""2"":null,""3"":null}",985.0,876167.0,0.0,622994.0,0.0,622994.0,0.0,530053.2757467092,0.0,0.0,0.0,0.0,764123.9531887348,0.0,23.401842781867288,0.0,2520.0,0.0,0.0,0.0,55909.499999466905,0.0,1570.800000000222,0.0,31149.69999968696,0.0,0.0,0.0,0.0,0.0,0.0,0.0,6229.940000000004,0.0,311497.0,0.0,128.0,0.0,317726.9400000006,0.0,0.0,0.0,764123.9531887348
886,2022-06-05,2022,False,52.42465753424658,985,0,1128,530053.2757467092,0.0,63899,55,0.0,,,0.154893410864375,0.11932337063526645,0.38345439458923236,0.9653299492385787,0.07032040306158033,646269.0131887387,0,False,False,True,"{""0"":null,""1"":null,""2"":null,""3"":null}",985.0,877152.0,0.0,622994.0,0.0,622994.0,0.0,530053.2757467092,0.0,0.0,0.0,0.0,764123.9531887348,0.0,23.401842781867288,0.0,2520.0,0.0,0.0,0.0,55909.499999466905,0.0,1570.800000000222,0.0,31149.69999968696,0.0,0.0,0.0,0.0,0.0,0.0,0.0,6229.940000000004,0.0,311497.0,0.0,128.0,0.0,317726.9400000006,0.0,0.0,0.0,764123.9531887348
887,2022-06-06,2022,True,52.42739726027397,985,985,1128,530890.7817121438,1387.9566820998548,64913,7,0.0,0.8781468720465321,0.12470487881054458,0.154893410864375,0.11932337063526643,0.38345439458923236,0.9649289340101523,0.09894575181437196,647154.6198708386,0,False,False,True,"{""0"":null,""1"":null,""2"":null,""3"":null}",985.0,878137.0,985.0,623979.0,985.0,623979.0,837.5059654345969,530890.7817121438,837.5059654345969,0.0,0.0,1387.9566820998443,765511.9098708347,0.0,23.401842781867288,4.0,2524.0,0.0,0.0,88.49999999871216,55997.99999946562,8.250000000005002,1579.050000000227,49.24999999928332,31198.949999686243,0.0,0.0,0.0,0.0,0.0,0.0,9.850000000000364,6239.7900000000045,492.5,311989.5,0.0,128.0,502.3499999999767,318229.29000000056,0.0,0.0,1387.9566820998443,765511.9098708347
888,2022-06-07,2022,True,52.43013698630137,985,985,1128,531728.2876775784,1356.9877569392124,64934,28,0.0,0.8415641394393443,0.15843119463593672,0.15484058228615527,0.1193748723984171,0.38345439458923236,0.965263959390863,0.12560785996133209,648009.2576277779,0,False,False,True,"{""0"":null,""1"":null,""2"":null,""3"":null}",985.0,879122.0,985.0,624964.0,985.0,624964.0,837.5059654345969,531728.2876775784,837.5059654345969,0.0,0.0,1356.9877569392556,766868.8976277739,0.0,23.401842781867288,4.0,2528.0,0.0,0.0,88.49999999871216,56086.49999946433,0.0,1579.050000000227,49.24999999928332,31248.199999685527,0.0,0.0,0.0,0.0,0.0,0.0,9.850000000000364,6249.640000000005,492.5,312482.0,0.0,128.0,502.3499999999767,318731.64000000054,0.0,0.0,1356.9877569392556,766868.8976277739
889,2022-06-08,2022,True,52.43287671232876,985,985,1128,532565.793643013,1284.9913234027476,65031,48,0.0,0.8436393497974977,0.15170421120949326,0.15489748805426998,0.1194689188120546,0.38345439458923236,0.9649695431472082,0.15037346557154369,648791.8989511806,0,False,False,True,"{""0"":null,""1"":null,""2"":null,""3"":null}",985.0,880107.0,985.0,625949.0,985.0,625949.0,837.5059654345969,532565.793643013,837.5059654345969,0.0,0.0,1284.9913234027335,768153.8889511767,0.0,23.401842781867288,4.0,2532.0,0.0,0.0,88.49999999871216,56174.99999946304,0.0,1579.050000000227,49.24999999928332,31297.44999968481,0.0,0.0,0.0,0.0,0.0,0.0,9.850000000000364,6259.490000000005,492.5,312974.5,0.0,128.0,502.3499999999767,319233.9900000005,0.0,0.0,1284.9913234027335,768153.8889511767
890,2022-06-09,2022,True,52.43561643835616,985,985,1128,533403.2996084476,1252.9759004954415,65145,58,0.0,0.837557340804917,0.16079502560472203,0.1549029615656404,0.11958178311137455,0.38345439458923236,0.9647918781725889,0.17326485612589132,649542.5248516761,0,False,False,True,"{""0"":null,""1"":null,""2"":null,""3"":null}",985.0,881092.0,985.0,626934.0,985.0,626934.0,837.5059654345969,533403.2996084476,837.5059654345969,0.0,0.0,1252.9759004954249,769406.8648516721,0.0,23.401842781867288,4.0,2536.0,0.0,0.0,88.49999999871216,56263.499999461754,1.0500000000006366,1580.1000000002277,49.24999999928332,31346.699999684093,0.0,0.0,0.0,0.0,0.0,0.0,9.850000000000364,6269.340000000006,492.5,313467.0,0.0,128.0,502.3499999999767,319736.3400000005,0.0,0.0,1252.9759004954249,769406.8648516721
891,2022-06-10,2022,True,52.43835616438356,985,985,1128,534240.8055738822,1177.8994608111016,65260,49,0.0,0.8222347570048643,0.1667151037669163,0.1549207240398495,0.11962281761063205,0.38345439458923236,0.9648477157360406,0.19430344180542747,650218.0743124872,0,False,False,True,"{""0"":null,""1"":null,""2"":null,""3"":null}",985.0,882077.0,985.0,627919.0,985.0,627919.0,837.5059654345969,534240.8055738822,837.5059654345969,0.0,0.0,1177.8994608110515,770584.7643124831,0.0,23.401842781867288,4.0,2540.0,0.0,0.0,88.49999999871216,56351.999999460466,3.15000000000191,1583.2500000002296,49.24999999928332,31395.949999683377,0.0,0.0,0.0,0.0,0.0,0.0,9.850000000000364,6279.190000000006,492.5,313959.5,0.0,128.0,502.3499999999767,320238.69000000047,0.0,0.0,1177.8994608110515,770584.7643124831
892,2022-06-11,2022,False,52.441095890410956,985,0,1128,534240.8055738822,0.0,64399,49,0.0,,,0.15491443023298104,0.11972123038606464,0.38345439458923236,0.9658223350253807,0.12007330205505544,650218.0743124872,0,False,False,True,"{""0"":null,""1"":null,""2"":null,""3"":null}",985.0,883062.0,0.0,627919.0,0.0,627919.0,0.0,534240.8055738822,0.0,0.0,0.0,0.0,770584.7643124831,0.0,23.401842781867288,0.0,2540.0,0.0,0.0,0.0,56351.999999460466,0.0,1583.2500000002296,0.0,31395.949999683377,0.0,0.0,0.0,0.0,0.0,0.0,0.0,6279.190000000006,0.0,313959.5,0.0,128.0,0.0,320238.69000000047,0.0,0.0,0.0,770584.7643124831
893,2022-06-12,2022,False,52.443835616438356,985,0,1128,534240.8055738822,0.0,64399,49,0.0,,,0.15491443023298104,0.11972123038606464,0.38345439458923236,0.9658223350253807,0.07023865351370905,650218.0743124872,0,False,False,True,"{""0"":null,""1"":null,""2"":null,""3"":null}",985.0,884047.0,0.0,627919.0,0.0,627919.0,0.0,534240.8055738822,0.0,0.0,0.0,0.0,770584.7643124831,0.0,23.401842781867288,0.0,2540.0,0.0,0.0,0.0,56351.999999460466,0.0,1583.2500000002296,0.0,31395.949999683377,0.0,0.0,0.0,0.0,0.0,0.0,0.0,6279.190000000006,0.0,313959.5,0.0,128.0,0.0,320238.69000000047,0.0,0.0,0.0,770584.7643124831
894,2022-06-13,2022,True,52.446575342465756,985,985,1128,535078.3115393168,1432.7227890667086,65392,16,0.0,0.8689389753871644,0.11544047222366165,0.15491443023298104,0.11972123038606464,0.38345439458923236,0.9651675126903554,0.09883656737265023,651148.4471015539,0,False,False,True,"{""0"":null,""1"":null,""2"":null,""3"":null}",985.0,885032.0,985.0,628904.0,985.0,628904.0,837.5059654345969,535078.3115393168,837.5059654345969,0.0,0.0,1432.7227890667273,772017.4871015499,0.0,23.401842781867288,4.0,2544.0,0.0,0.0,88.49999999871216,56440.49999945918,7.3500000000044565,1590.600000000234,49.24999999928332,31445.19999968266,0.0,0.0,0.0,0.0,0.0,0.0,9.850000000000364,6289.040000000006,492.5,314452.0,0.0,128.0,502.3499999999767,320741.04000000044,0.0,0.0,1432.7227890667273,772017.4871015499
895,2022-06-14,2022,True,52.44931506849315,985,985,1128,535915.8175047514,1319.8939199675897,65430,45,0.07706564367603017,0.848737041903451,0.1477682234467996,0.15489389118512584,0.11978070301024148,0.38345439458923236,0.9651725888324874,0.12551913321122726,651965.9910215215,0,False,False,True,"{""0"":null,""1"":null,""2"":null,""3"":null}",985.0,886017.0,985.0,629889.0,985.0,629889.0,837.5059654345969,535915.8175047514,837.5059654345969,0.0,0.0,1319.8939199675806,773337.3810215174,0.07706564367602908,23.478908425543317,4.0,2548.0,0.0,0.0,88.49999999871216,56528.99999945789,0.0,1590.600000000234,49.24999999928332,31494.449999681943,0.0,0.0,0.0,0.0,0.0,0.0,9.850000000000364,6298.890000000007,492.5,314944.5,0.0,128.0,502.3499999999767,321243.3900000004,0.0,0.0,1319.8939199675806,773337.3810215174
896,2022-06-15,2022,True,52.45205479452055,985,985,1128,536753.323470186,1278.5742931399311,65549,58,0.06367951479857446,0.8364795635226385,0.1693449956392115,0.15487907822166813,0.11989496744647052,0.38345439458923236,0.9653045685279188,0.15025270860907672,652742.2153146615,0,False,False,True,"{""0"":null,""1"":null,""2"":null,""3"":null}",985.0,887002.0,985.0,630874.0,985.0,630874.0,837.5059654345969,536753.323470186,837.5059654345969,0.0,0.0,1278.5742931399727,774615.9553146574,0.06367951479857581,23.542587940341893,4.0,2552.0,0.0,0.0,88.49999999871216,56617.4999994566,0.0,1590.600000000234,49.24999999928332,31543.699999681226,0.0,0.0,0.0,0.0,0.0,0.0,9.850000000000364,6308.740000000007,492.5,315437.0,0.0,128.0,502.3499999999767,321745.7400000004,0.0,0.0,1278.5742931399727,774615.9553146574
897,2022-06-16,2022,True,52.45479452054794,985,985,1128,537590.8294356206,1207.5131533442188,65651,60,0.0,0.8130133443553491,0.19187591059649578,0.1548627499709323,0.1199354479865831,0.38345439458923236,0.965243654822335,0.17314089834752042,653447.3784680058,0,False,False,True,"{""0"":null,""1"":null,""2"":null,""3"":null}",985.0,887987.0,985.0,631859.0,985.0,631859.0,837.5059654345969,537590.8294356206,837.5059654345969,0.0,0.0,1207.5131533442764,775823.4684680017,0.0,23.542587940341893,4.0,2556.0,0.0,0.0,88.49999999871216,56705.999999455315,2.400000000001455,1593.0000000002356,49.24999999928332,31592.94999968051,0.0,0.0,0.0,0.0,0.0,0.0,9.850000000000364,6318.590000000007,492.5,315929.5,0.0,128.0,502.3499999999767,322248.0900000004,0.0,0.0,1207.5131533442764,775823.4684680017
898,2022-06-17,2022,True,52.45753424657534,985,985,1128,538428.3354010552,1148.3250362837266,65759,51,0.0,0.7888750647710094,0.20723073332135344,0.15488565247043634,0.11998095413231016,0.38345439458923236,0.9651370558375634,0.1942627006324765,654093.3535042895,0,False,False,True,"{""0"":null,""1"":null,""2"":null,""3"":null}",985.0,888972.0,985.0,632844.0,985.0,632844.0,837.5059654345969,538428.3354010552,837.5059654345969,0.0,0.0,1148.3250362836989,776971.7935042854,0.0,23.542587940341893,4.0,2560.0,0.0,0.0,88.49999999871216,56794.49999945403,4.3500000000026375,1597.3500000002382,49.24999999928332,31642.199999679793,0.0,0.0,0.0,0.0,0.0,0.0,9.850000000000364,6328.440000000008,492.5,316422.0,0.0,128.0,502.3499999999767,322750.44000000035,0.0,0.0,1148.3250362836989,776971.7935042854
899,2022-06-18,2022,False,52.46027397260274,985,0,1128,538428.3354010552,0.0,64899,51,0.0,,,0.1548204896137354,0.11998033804689454,0.38345439458923236,0.9659289340101523,0.12001693309677092,654093.3535042895,0,False,False,True,"{""0"":null,""1"":null,""2"":null,""3"":null}",985.0,889957.0,0.0,632844.0,0.0,632844.0,0.0,538428.3354010552,0.0,0.0,0.0,0.0,776971.7935042854,0.0,23.542587940341893,0.0,2560.0,0.0,0.0,0.0,56794.49999945403,0.0,1597.3500000002382,0.0,31642.199999679793,0.0,0.0,0.0,0.0,0.0,0.0,0.0,6328.440000000008,0.0,316422.0,0.0,128.0,0.0,322750.44000000035,0.0,0.0,0.0,776971.7935042854
900,2022-06-19,2022,False,52.463013698630135,986,0,1129,538428.3354010552,0.0,64899,51,0.0,,,0.15492587981735506,0.11949107126086733,0.3837024868508675,0.9656592292089249,0.06999501997316424,654092.3535042895,0,False,False,True,"{""0"":null,""1"":null,""2"":null,""3"":null}",986.0,890943.0,0.0,632844.0,0.0,632844.0,0.0,538428.3354010552,0.0,0.0,0.0,0.0,776971.7935042854,0.0,23.542587940341893,0.0,2560.0,0.0,0.0,0.0,56794.49999945403,0.0,1597.3500000002382,0.0,31642.199999679793,0.0,0.0,0.0,0.0,0.0,0.0,0.0,6328.440000000008,0.0,316422.0,1.0,129.0,0.0,322750.44000000035,0.0,0.0,0.0,776971.7935042854
901,2022-06-20,2022,True,52.465753424657535,986,986,1129,539266.5541024565,1426.9947970446738,65886,15,0.0,0.8416895168180227,0.13205595047317936,0.15492587981735506,0.11949107126086733,0.3837024868508675,0.9647363083164301,0.09862094433230972,655016.4883013342,0,False,False,True,"{""0"":null,""1"":null,""2"":null,""3"":null}",986.0,891929.0,986.0,633830.0,986.0,633830.0,838.2187014013762,539266.5541024565,838.2187014013762,0.0,0.0,1426.9947970446665,778398.7883013301,0.0,23.542587940341893,4.0,2564.0,0.0,0.0,88.5999999987107,56883.09999945274,7.650000000004638,1605.0000000002428,49.29999999928259,31691.499999679076,0.0,0.0,0.0,0.0,0.0,0.0,9.859999999999673,6338.3000000000075,493.0,316915.0,0.0,129.0,502.85999999998603,323253.30000000034,0.0,0.0,1426.9947970446665,778398.7883013301
902,2022-06-21,2022,True,52.468493150684935,986,986,1129,540104.7728038579,1352.6233570802174,65956,22,0.0,0.8530011527574393,0.1448182962610856,0.15490724583064566,0.11959518099560881,0.3837024868508675,0.9654918864097364,0.12531804940535346,655866.2516584145,0,False,False,True,"{""0"":null,""1"":null,""2"":null,""3"":null}",986.0,892915.0,986.0,634816.0,986.0,634816.0,838.2187014013762,540104.7728038579,838.2187014013762,0.0,0.0,1352.6233570802724,779751.4116584103,0.0,23.542587940341893,4.0,2568.0,0.0,0.0,88.5999999987107,56971.69999945145,0.0,1605.0000000002428,49.29999999928259,31740.79999967836,0.0,0.0,0.0,0.0,0.0,0.0,9.859999999999673,6348.160000000007,493.0,317408.0,0.0,129.0,502.85999999998603,323756.1600000003,0.0,0.0,1352.6233570802724,779751.4116584103
903,2022-06-22,2022,True,52.47123287671233,986,986,1129,540942.9915052593,1287.8064187922869,66020,49,0.0,0.8459276785521747,0.140903667065621,0.154960540241735,0.11969622178048074,0.3837024868508675,0.964974645030426,0.15007560891874785,656651.1980772068,0,False,False,True,"{""0"":null,""1"":null,""2"":null,""3"":null}",986.0,893901.0,986.0,635802.0,986.0,635802.0,838.2187014013762,540942.9915052593,838.2187014013762,0.0,0.0,1287.8064187923446,781039.2180772027,0.0,23.542587940341893,4.0,2572.0,0.0,0.0,88.5999999987107,57060.29999945016,0.0,1605.0000000002428,49.29999999928259,31790.09999967764,0.0,0.0,0.0,0.0,0.0,0.0,9.859999999999673,6358.020000000007,493.0,317901.0,0.0,129.0,502.85999999998603,324259.0200000003,0.0,0.0,1287.8064187923446,781039.2180772027
904,2022-06-23,2022,True,52.47397260273973,987,987,1130,541782.1936109414,1234.2440609615073,66171,44,0.0,0.8400198824101077,0.1522210031497434,0.1549388763661558,0.11906169160668492,0.38371308504561413,0.9649645390070921,0.17290737313760174,657381.0721381684,0,False,False,True,"{""0"":null,""1"":null,""2"":null,""3"":null}",987.0,894888.0,987.0,636789.0,987.0,636789.0,839.2021056821104,541782.1936109414,839.2021056821104,0.0,0.0,1234.2440609615296,782273.4621381642,0.0,23.542587940341893,4.0,2576.0,0.0,0.0,88.69999999870925,57148.99999944887,2.2500000000013642,1607.2500000002442,49.34999999928186,31839.449999676923,0.0,0.0,0.0,0.0,0.0,0.0,9.86999999999989,6367.890000000007,493.5,318394.5,1.0,130.0,503.36999999999534,324762.3900000003,0.0,0.0,1234.2440609615296,782273.4621381642
905,2022-06-24,2022,True,52.47671232876712,987,987,1130,542621.3957166235,1142.6811203585958,66247,48,0.0,0.821523167069286,0.18057275294644123,0.15487089207636975,0.11913485982636438,0.38371308504561413,0.9652330293819655,0.19401027965281206,658020.383258527,0,False,False,True,"{""0"":null,""1"":null,""2"":null,""3"":null}",987.0,895875.0,987.0,637776.0,987.0,637776.0,839.2021056821104,542621.3957166235,839.2021056821104,0.0,0.0,1142.6811203586403,783416.1432585228,0.0,23.542587940341893,4.0,2580.0,0.0,0.0,88.69999999870925,57237.69999944758,1.0500000000006366,1608.3000000002448,49.34999999928186,31888.799999676205,0.0,0.0,0.0,0.0,0.0,0.0,9.86999999999989,6377.760000000007,493.5,318888.0,0.0,130.0,503.36999999999534,325265.7600000003,0.0,0.0,1142.6811203586403,783416.1432585228
906,2022-06-25,2022,False,52.47945205479452,987,0,1130,542621.3957166235,0.0,65399,48,0.0,,,0.1548910099945262,0.11925106613710526,0.38371308504561413,0.9659827760891591,0.1197891308181116,658020.383258527,0,False,False,True,"{""0"":null,""1"":null,""2"":null,""3"":null}",987.0,896862.0,0.0,637776.0,0.0,637776.0,0.0,542621.3957166235,0.0,0.0,0.0,0.0,783416.1432585228,0.0,23.542587940341893,0.0,2580.0,0.0,0.0,0.0,57237.69999944758,0.0,1608.3000000002448,0.0,31888.799999676205,0.0,0.0,0.0,0.0,0.0,0.0,0.0,6377.760000000007,0.0,318888.0,0.0,130.0,0.0,325265.7600000003,0.0,0.0,0.0,783416.1432585228
907,2022-06-26,2022,False,52.48219178082192,987,0,1130,542621.3957166235,0.0,65399,48,0.0,,,0.15489100999452618,0.11925106613710529,0.38371308504561413,0.9659827760891591,0.06981874289361037,658020.383258527,0,False,False,True,"{""0"":null,""1"":null,""2"":null,""3"":null}",987.0,897849.0,0.0,637776.0,0.0,637776.0,0.0,542621.3957166235,0.0,0.0,0.0,0.0,783416.1432585228,0.0,23.542587940341893,0.0,2580.0,0.0,0.0,0.0,57237.69999944758,0.0,1608.3000000002448,0.0,31888.799999676205,0.0,0.0,0.0,0.0,0.0,0.0,0.0,6377.760000000007,0.0,318888.0,0.0,130.0,0.0,325265.7600000003,0.0,0.0,0.0,783416.1432585228
908,2022-06-27,2022,True,52.484931506849314,988,988,1131,543461.459051903,1473.1100116362477,66385,18,0.0,0.8389822198817578,0.15374877909580653,0.1550019699773453,0.11876946055284573,0.3839652164658678,0.9648076923076924,0.09849745099949214,658988.6132701633,0,False,False,True,"{""0"":null,""1"":null,""2"":null,""3"":null}",988.0,898837.0,988.0,638764.0,988.0,638764.0,840.0633352794684,543461.459051903,840.0633352794684,0.0,0.0,1473.1100116362795,784889.2532701591,0.0,23.542587940341893,4.0,2584.0,0.0,0.0,88.79999999870779,57326.499999446285,7.200000000004366,1615.5000000002492,49.399999999281135,31938.199999675486,0.0,0.0,0.0,0.0,0.0,0.0,9.88000000000011,6387.640000000007,494.0,319382.0,1.0,131.0,503.88000000000466,325769.6400000003,0.0,0.0,1473.1100116362795,784889.2532701591
909,2022-06-28,2022,True,52.487671232876714,988,988,1131,544301.5223871825,1376.4490729823237,66437,34,0.09600288334354609,0.8713377014627128,0.13098092853459173,0.1549669850114505,0.118828345013997,0.3839652164658678,0.9648076923076924,0.1251986293149157,659861.1823431456,0,False,False,True,"{""0"":null,""1"":null,""2"":null,""3"":null}",988.0,899825.0,988.0,639752.0,988.0,639752.0,840.0633352794684,544301.5223871825,840.0633352794684,0.0,0.0,1376.449072982301,786265.7023431414,0.09600288334354445,23.638590823685437,4.0,2588.0,0.0,0.0,88.79999999870779,57415.29999944499,0.0,1615.5000000002492,49.399999999281135,31987.599999674767,0.0,0.0,0.0,0.0,0.0,0.0,9.88000000000011,6397.520000000007,494.0,319876.0,0.0,131.0,503.88000000000466,326273.5200000003,0.0,0.0,1376.449072982301,786265.7023431414
910,2022-06-29,2022,True,52.49041095890411,988,988,1131,545141.5857224619,1305.2536688025577,66547,50,0.0,0.8389888895414759,0.147005400680771,0.15499065711228652,0.11894374191950716,0.3839652164658678,0.9649038461538462,0.1500043821650119,660662.5560119482,0,False,False,True,"{""0"":null,""1"":null,""2"":null,""3"":null}",988.0,900813.0,988.0,640740.0,988.0,640740.0,840.0633352794684,545141.5857224619,840.0633352794684,0.0,0.0,1305.2536688025575,787570.956011944,0.0,23.638590823685437,4.0,2592.0,0.0,0.0,88.79999999870779,57504.0999994437,0.0,1615.5000000002492,49.399999999281135,32036.999999674048,0.0,0.0,0.0,0.0,0.0,0.0,9.88000000000011,6407.400000000007,494.0,320370.0,0.0,131.0,503.88000000000466,326777.4000000003,0.0,0.0,1305.2536688025575,787570.956011944
911,2022-06-30,2022,True,52.49315068493151,988,988,1131,545981.6490577414,1234.7427165018398,66658,49,0.0,0.8178075268934948,0.18237566808311917,0.15499634141353746,0.11906512748467643,0.3839652164658678,0.964924089068826,0.17288143724774604,661393.41872845,0,False,False,True,"{""0"":null,""1"":null,""2"":null,""3"":null}",988.0,901801.0,988.0,641728.0,988.0,641728.0,840.0633352794684,545981.6490577414,840.0633352794684,0.0,0.0,1234.7427165018162,788805.6987284458,0.0,23.638590823685437,4.0,2596.0,0.0,0.0,88.79999999870779,57592.89999944241,2.700000000001637,1618.2000000002508,49.399999999281135,32086.39999967333,0.0,0.0,0.0,0.0,0.0,0.0,9.88000000000011,6417.280000000007,494.0,320864.0,0.0,131.0,503.88000000000466,327281.2800000003,0.0,0.0,1234.7427165018162,788805.6987284458
912,2022-07-01,2022,True,52.49589041095891,988,988,1131,546821.7123930209,1451.9584682860263,66758,54,0.0,0.8056693766721849,0.1791643989358307,0.154997159148767,0.11911534720422146,0.3839652164658678,0.9649848178137651,0.19396600452663718,662341.4971967359,0,False,False,True,"{""0"":null,""1"":null,""2"":null,""3"":null}",988.0,902789.0,988.0,642716.0,988.0,642716.0,840.0633352794684,546821.7123930209,840.0633352794684,0.0,0.0,1451.9584682859713,790257.6571967318,0.0,23.638590823685437,4.0,2600.0,0.0,0.0,88.79999999870779,57681.699999441116,2.400000000001455,1620.6000000002523,49.399999999281135,32135.79999967261,0.0,0.0,0.0,0.0,0.0,0.0,9.88000000000011,6427.160000000007,494.0,321358.0,0.0,131.0,503.88000000000466,327785.1600000003,0.0,0.0,1451.9584682859713,790257.6571967318
913,2022-07-02,2022,False,52.4986301369863,987,0,1131,546821.7123930209,0.0,65899,54,0.0,,,0.15473246151686046,0.11882146450303316,0.38371712420423265,0.9658308004052685,0.11972311483190631,662341.4971967359,0,False,False,True,"{""0"":null,""1"":null,""2"":null,""3"":null}",987.0,903776.0,0.0,642716.0,0.0,642716.0,0.0,546821.7123930209,0.0,0.0,0.0,0.0,790257.6571967318,0.0,23.638590823685437,0.0,2600.0,0.0,0.0,0.0,57681.699999441116,0.0,1620.6000000002523,0.0,32135.79999967261,0.0,0.0,0.0,0.0,0.0,0.0,0.0,6427.160000000007,0.0,321358.0,0.0,131.0,0.0,327785.1600000003,0.0,0.0,0.0,790257.6571967318
914,2022-07-03,2022,False,52.5013698630137,987,0,1131,546821.7123930209,0.0,65899,54,0.0,,,0.15473246151686046,0.11882146450303317,0.38371712420423265,0.9658308004052685,0.06981218764184989,662341.4971967359,0,False,False,True,"{""0"":null,""1"":null,""2"":null,""3"":null}",987.0,904763.0,0.0,642716.0,0.0,642716.0,0.0,546821.7123930209,0.0,0.0,0.0,0.0,790257.6571967318,0.0,23.638590823685437,0.0,2600.0,0.0,0.0,0.0,57681.699999441116,0.0,1620.6000000002523,0.0,32135.79999967261,0.0,0.0,0.0,0.0,0.0,0.0,0.0,6427.160000000007,0.0,321358.0,0.0,131.0,0.0,327785.1600000003,0.0,0.0,0.0,790257.6571967318
915,2022-07-04,2022,True,52.50410958904109,987,987,1131,547660.8324643101,1742.6013843685323,66891,14,0.10834570613755043,0.8510225403992079,0.13497563688916905,0.15473246151686043,0.11882146450303317,0.38371712420423265,0.9650050658561298,0.09845167399322223,663580.7285811044,0,False,False,True,"{""0"":null,""1"":null,""2"":null,""3"":null}",987.0,905750.0,987.0,643703.0,987.0,643703.0,839.120071289246,547660.8324643101,839.120071289246,0.0,0.0,1742.6013843684923,792000.2585811003,0.1083457061375519,23.74693652982299,4.0,2604.0,0.0,0.0,88.69999999870925,57770.399999439825,8.100000000004911,1628.7000000002572,49.34999999928186,32185.149999671892,0.0,0.0,0.0,0.0,0.0,0.0,9.86999999999989,6437.030000000007,493.5,321851.5,0.0,131.0,503.36999999999534,328288.5300000003,0.0,0.0,1742.6013843684923,792000.2585811003
916,2022-07-05,2022,True,52.50684931506849,986,986,1131,548498.9794164272,1641.2080830314203,66940,27,0.0,0.850911484818686,0.1360773936314597,0.1545762855195584,0.11867198479823536,0.383706526009486,0.9653194726166328,0.1248326232634239,664719.0766641359,0,False,False,True,"{""0"":null,""1"":null,""2"":null,""3"":null}",986.0,906736.0,986.0,644689.0,986.0,644689.0,838.1469521170948,548498.9794164272,838.1469521170948,0.0,0.0,1641.2080830314662,793641.4666641317,0.0,23.74693652982299,4.0,2608.0,0.0,0.0,88.5999999987107,57858.999999438536,0.0,1628.7000000002572,49.29999999928259,32234.449999671175,0.0,0.0,0.0,0.0,0.0,0.0,9.859999999999673,6446.890000000007,493.0,322344.5,0.0,131.0,502.85999999998603,328791.3900000003,0.0,0.0,1641.2080830314662,793641.4666641317
917,2022-07-06,2022,True,52.50958904109589,986,986,1131,549337.1263685443,1589.8755497128204,67035,45,0.0008260532792229382,0.8173580399726632,0.1554854460273343,0.15458215034485528,0.11881528187005973,0.383706526009486,0.9651419878296146,0.14949033099716474,665806.0922138487,0,False,False,True,"{""0"":null,""1"":null,""2"":null,""3"":null}",986.0,907722.0,986.0,645675.0,986.0,645675.0,838.1469521170948,549337.1263685443,838.1469521170948,0.0,0.0,1589.8755497128004,795231.3422138445,0.0008260532792228048,23.74776258310221,4.0,2612.0,0.0,0.0,88.5999999987107,57947.59999943725,0.0,1628.7000000002572,49.29999999928259,32283.749999670457,0.0,0.0,0.0,0.0,0.0,0.0,9.859999999999673,6456.750000000006,493.0,322837.5,0.0,131.0,502.85999999998603,329294.2500000003,0.0,0.0,1589.8755497128004,795231.3422138445
918,2022-07-07,2022,True,52.512328767123286,986,986,1131,550175.2733206614,1519.565574724409,67160,43,0.0,0.822332195252399,0.16207500257924629,0.1545189230569464,0.11888433388246286,0.383706526009486,0.965238336713996,0.17234784242914628,666822.7977885732,0,False,False,True,"{""0"":null,""1"":null,""2"":null,""3"":null}",986.0,908708.0,986.0,646661.0,986.0,646661.0,838.1469521170948,550175.2733206614,838.1469521170948,0.0,0.0,1519.56557472446,796750.907788569,0.0,23.74776258310221,4.0,2616.0,0.0,0.0,88.5999999987107,58036.19999943596,2.1000000000012733,1630.8000000002585,49.29999999928259,32333.04999966974,0.0,0.0,0.0,0.0,0.0,0.0,9.859999999999673,6466.610000000006,493.0,323330.5,0.0,131.0,502.85999999998603,329797.1100000003,0.0,0.0,1519.56557472446,796750.907788569
919,2022-07-08,2022,True,52.515068493150686,985,985,1131,551012.5925232203,1460.8823851717536,67256,43,0.0,0.8101595452044746,0.19291886215362136,0.15451680966515055,0.11909333992884644,0.38377235573480883,0.9654771573604061,0.1935347797498879,667781.3301737449,0,False,False,True,"{""0"":null,""1"":null,""2"":null,""3"":null}",985.0,909693.0,985.0,647646.0,985.0,647646.0,837.3192025589524,551012.5925232203,837.3192025589524,0.0,0.0,1460.882385171717,798211.7901737407,0.0,23.74776258310221,4.0,2620.0,0.0,0.0,88.49999999871216,58124.69999943467,1.9500000000011823,1632.7500000002597,49.24999999928332,32382.299999669023,0.0,0.0,0.0,0.0,0.0,0.0,9.850000000000364,6476.460000000006,492.5,323823.0,0.0,131.0,502.3499999999767,330299.46000000025,0.0,0.0,1460.882385171717,798211.7901737407
920,2022-07-09,2022,False,52.51780821917808,985,0,1131,551012.5925232203,0.0,66399,43,0.0,,,0.15456062252721892,0.11918860587916923,0.38377235573480883,0.9662893401015228,0.11928431223013453,667781.3301737449,0,False,False,True,"{""0"":null,""1"":null,""2"":null,""3"":null}",985.0,910678.0,0.0,647646.0,0.0,647646.0,0.0,551012.5925232203,0.0,0.0,0.0,0.0,798211.7901737407,0.0,23.74776258310221,0.0,2620.0,0.0,0.0,0.0,58124.69999943467,0.0,1632.7500000002597,0.0,32382.299999669023,0.0,0.0,0.0,0.0,0.0,0.0,0.0,6476.460000000006,0.0,323823.0,0.0,131.0,0.0,330299.46000000025,0.0,0.0,0.0,798211.7901737407
921,2022-07-10,2022,False,52.52054794520548,985,0,1131,551012.5925232203,0.0,66399,43,0.0,,,0.15456062252721892,0.11918860587916923,0.38377235573480883,0.9662893401015228,0.06933394683190357,667781.3301737449,0,False,False,True,"{""0"":null,""1"":null,""2"":null,""3"":null}",985.0,911663.0,0.0,647646.0,0.0,647646.0,0.0,551012.5925232203,0.0,0.0,0.0,0.0,798211.7901737407,0.0,23.74776258310221,0.0,2620.0,0.0,0.0,0.0,58124.69999943467,0.0,1632.7500000002597,0.0,32382.299999669023,0.0,0.0,0.0,0.0,0.0,0.0,0.0,6476.460000000006,0.0,323823.0,0.0,131.0,0.0,330299.46000000025,0.0,0.0,0.0,798211.7901737407
922,2022-07-11,2022,True,52.52328767123288,985,985,1131,551849.9117257793,1764.8447814891003,67378,13,0.0,0.8466626227858577,0.1551978702781243,0.15456062252721892,0.11918860587916921,0.38377235573480883,0.9654010152284264,0.09795699327799107,669043.8249552341,0,False,False,True,"{""0"":null,""1"":null,""2"":null,""3"":null}",985.0,912648.0,985.0,648631.0,985.0,648631.0,837.3192025589524,551849.9117257793,837.3192025589524,0.0,0.0,1764.8447814891115,799976.6349552298,0.0,23.74776258310221,4.0,2624.0,0.0,0.0,88.49999999871216,58213.19999943338,6.450000000003911,1639.2000000002636,49.24999999928332,32431.549999668307,0.0,0.0,0.0,0.0,0.0,0.0,9.850000000000364,6486.310000000007,492.5,324315.5,0.0,131.0,502.3499999999767,330801.81000000023,0.0,0.0,1764.8447814891115,799976.6349552298
923,2022-07-12,2022,True,52.52602739726027,985,985,1131,552687.2309283382,1663.2127976258676,67436,23,0.0,0.8182895929182377,0.18559669608214202,0.15452272839627745,0.11925524096606034,0.38377235573480883,0.9654771573604061,0.12460868177166994,670204.68775286,0,False,False,True,"{""0"":null,""1"":null,""2"":null,""3"":null}",985.0,913633.0,985.0,649616.0,985.0,649616.0,837.3192025589524,552687.2309283382,837.3192025589524,0.0,0.0,1663.2127976259217,801639.8477528557,0.0,23.74776258310221,4.0,2628.0,0.0,0.0,88.49999999871216,58301.699999432094,0.0,1639.2000000002636,49.24999999928332,32480.79999966759,0.0,0.0,0.0,0.0,0.0,0.0,9.850000000000364,6496.160000000007,492.5,324808.0,0.0,131.0,502.3499999999767,331304.1600000002,0.0,0.0,1663.2127976259217,801639.8477528557
924,2022-07-13,2022,True,52.52876712328767,985,985,1131,553524.5501308972,1611.2521119170005,67521,43,0.0,0.841668026942188,0.13934159638843255,0.15447989174576363,0.1193171240116353,0.38377235573480883,0.9649137055837563,0.14933381342616822,671313.589864777,0,False,False,True,"{""0"":null,""1"":null,""2"":null,""3"":null}",985.0,914618.0,985.0,650601.0,985.0,650601.0,837.3192025589524,553524.5501308972,837.3192025589524,0.0,0.0,1611.2521119170124,803251.0998647728,0.0,23.74776258310221,4.0,2632.0,0.0,0.0,88.49999999871216,58390.199999430806,0.0,1639.2000000002636,49.24999999928332,32530.049999666873,0.0,0.0,0.0,0.0,0.0,0.0,9.850000000000364,6506.0100000000075,492.5,325300.5,0.0,131.0,502.3499999999767,331806.5100000002,0.0,0.0,1611.2521119170124,803251.0998647728
925,2022-07-14,2022,True,52.531506849315065,985,985,1131,554361.8693334562,1542.1011269578576,67658,43,0.0,0.8405980107062081,0.15462183294914886,0.15447487943230326,0.11935032467606357,0.38377235573480883,0.9652284263959391,0.17225416367317695,672353.3409917349,0,False,False,True,"{""0"":null,""1"":null,""2"":null,""3"":null}",985.0,915603.0,985.0,651586.0,985.0,651586.0,837.3192025589524,554361.8693334562,837.3192025589524,0.0,0.0,1542.1011269578012,804793.2009917306,0.0,23.74776258310221,4.0,2636.0,0.0,0.0,88.49999999871216,58478.69999942952,1.9500000000011823,1641.1500000002648,49.24999999928332,32579.299999666157,0.0,0.0,0.0,0.0,0.0,0.0,9.850000000000364,6515.860000000008,492.5,325793.0,0.0,131.0,502.3499999999767,332308.86000000016,0.0,0.0,1542.1011269578012,804793.2009917306
926,2022-07-15,2022,True,52.534246575342465,985,985,1131,555199.1885360151,1470.1292142236798,67748,52,0.0,0.8274401831434657,0.15653946398955226,0.15454161535123653,0.11950423984845371,0.38377235573480883,0.9654314720812183,0.19335344805405325,673321.1202059586,0,False,False,True,"{""0"":null,""1"":null,""2"":null,""3"":null}",985.0,916588.0,985.0,652571.0,985.0,652571.0,837.3192025589524,555199.1885360151,837.3192025589524,0.0,0.0,1470.129214223707,806263.3302059543,0.0,23.74776258310221,4.0,2640.0,0.0,0.0,88.49999999871216,58567.19999942823,1.5000000000009095,1642.6500000002657,49.24999999928332,32628.54999966544,0.0,0.0,0.0,0.0,0.0,0.0,9.850000000000364,6525.710000000008,492.5,326285.5,0.0,131.0,502.3499999999767,332811.21000000014,0.0,0.0,1470.129214223707,806263.3302059543
927,2022-07-16,2022,False,52.536986301369865,985,0,1131,555199.1885360151,0.0,66899,52,0.0,,,0.15449625574180867,0.11961071348160174,0.38377235573480883,0.9663756345177665,0.11910897685925198,673321.1202059586,0,False,False,True,"{""0"":null,""1"":null,""2"":null,""3"":null}",985.0,917573.0,0.0,652571.0,0.0,652571.0,0.0,555199.1885360151,0.0,0.0,0.0,0.0,806263.3302059543,0.0,23.74776258310221,0.0,2640.0,0.0,0.0,0.0,58567.19999942823,0.0,1642.6500000002657,0.0,32628.54999966544,0.0,0.0,0.0,0.0,0.0,0.0,0.0,6525.710000000008,0.0,326285.5,0.0,131.0,0.0,332811.21000000014,0.0,0.0,0.0,806263.3302059543
928,2022-07-17,2022,False,52.53972602739726,985,0,1131,555199.1885360151,0.0,66899,52,0.0,,,0.15449625574180867,0.11961071348160174,0.38377235573480883,0.9663756345177665,0.06916254159899124,673321.1202059586,0,False,False,True,"{""0"":null,""1"":null,""2"":null,""3"":null}",985.0,918558.0,0.0,652571.0,0.0,652571.0,0.0,555199.1885360151,0.0,0.0,0.0,0.0,806263.3302059543,0.0,23.74776258310221,0.0,2640.0,0.0,0.0,0.0,58567.19999942823,0.0,1642.6500000002657,0.0,32628.54999966544,0.0,0.0,0.0,0.0,0.0,0.0,0.0,6525.710000000008,0.0,326285.5,0.0,131.0,0.0,332811.21000000014,0.0,0.0,0.0,806263.3302059543
929,2022-07-18,2022,True,52.54246575342466,986,986,1132,556037.482150699,1815.0962230882255,67885,20,0.266243439518458,0.8519073064488284,0.15213499885730208,0.15449946238538959,0.11880615679926637,0.383706526009486,0.9651470588235294,0.09795235272065875,674632.3564290468,0,False,False,True,"{""0"":null,""1"":null,""2"":null,""3"":null}",986.0,919544.0,986.0,653557.0,986.0,653557.0,838.2936146839056,556037.482150699,838.2936146839056,0.0,0.0,1815.0962230882142,808078.4264290425,0.2662434395184583,24.01400602262067,4.0,2644.0,0.0,0.0,88.5999999987107,58655.79999942694,7.800000000004729,1650.4500000002704,49.29999999928259,32677.849999664722,0.0,0.0,0.0,0.0,0.0,0.0,9.859999999999673,6535.570000000008,493.0,326778.5,1.0,132.0,502.85999999998603,333314.0700000001,0.0,0.0,1815.0962230882142,808078.4264290425
930,2022-07-19,2022,True,52.54520547945206,986,986,1132,556875.7757653829,1673.6589286996518,67931,38,0.0,0.8448139574301261,0.1407615676013558,0.1544915894617815,0.11888173991880228,0.383706526009486,0.965182555780933,0.12475485774001834,675803.1553577465,0,False,False,True,"{""0"":null,""1"":null,""2"":null,""3"":null}",986.0,920530.0,986.0,654543.0,986.0,654543.0,838.2936146839056,556875.7757653829,838.2936146839056,0.0,0.0,1673.658928699675,809752.0853577422,0.0,24.01400602262067,4.0,2648.0,0.0,0.0,88.5999999987107,58744.39999942565,0.0,1650.4500000002704,49.29999999928259,32727.149999664005,0.0,0.0,0.0,0.0,0.0,0.0,9.859999999999673,6545.430000000008,493.0,327271.5,0.0,132.0,502.85999999998603,333816.9300000001,0.0,0.0,1673.658928699675,809752.0853577422
931,2022-07-20,2022,True,52.54794520547945,986,986,1132,557714.0693800668,1602.5970251162487,68033,54,0.0,0.8367704483756316,0.1582795444177522,0.15444756572527363,0.1188901328479203,0.383706526009486,0.9648884381338743,0.14956862812817617,676902.8923828627,0,False,False,True,"{""0"":null,""1"":null,""2"":null,""3"":null}",986.0,921516.0,986.0,655529.0,986.0,655529.0,838.2936146839056,557714.0693800668,838.2936146839056,0.0,0.0,1602.597025116207,811354.6823828584,0.0,24.01400602262067,4.0,2652.0,0.0,0.0,88.5999999987107,58832.99999942436,0.0,1650.4500000002704,49.29999999989377,32776.4499996639,0.0,0.0,0.0,0.0,0.0,0.0,9.859999999999673,6555.290000000007,493.0,327764.5,0.0,132.0,502.85999999998603,334319.7900000001,0.0,0.0,1602.597025116207,811354.6823828584
932,2022-07-21,2022,True,52.55068493150685,987,987,1133,558553.212418317,1526.7414717662584,68150,56,0.27726428014676485,0.8043994495710923,0.19975356944017672,0.15419599564109104,0.11809924208482026,0.3835096261198085,0.964594731509625,0.1724230177278895,677925.263854629,0,False,False,True,"{""0"":null,""1"":null,""2"":null,""3"":null}",987.0,922503.0,987.0,656516.0,987.0,656516.0,839.1430382501567,558553.212418317,839.1430382501567,0.0,0.0,1526.7414717662614,812881.4238546246,0.2772642801467633,24.291270302767433,4.0,2656.0,0.0,0.0,88.69999999870925,58921.69999942307,3.000000000001819,1653.4500000002722,49.35000000287255,32825.79999966677,0.0,0.0,0.0,0.0,0.0,0.0,9.86999999999989,6565.160000000007,493.5,328258.0,1.0,133.0,503.36999999999534,334823.1600000001,0.0,0.0,1526.7414717662614,812881.4238546246
933,2022-07-22,2022,True,52.553424657534244,987,987,1133,559392.3554565671,1464.9909167987637,68257,50,0.0,0.8227164539912997,0.16947002978463185,0.15419127614226683,0.11813316437681484,0.3835096261198085,0.9647568389057751,0.19352034639694102,678886.8847714277,0,False,False,True,"{""0"":null,""1"":null,""2"":null,""3"":null}",987.0,923490.0,987.0,657503.0,987.0,657503.0,839.1430382501567,559392.3554565671,839.1430382501567,0.0,0.0,1464.9909167987062,814346.4147714233,0.0,24.291270302767433,4.0,2660.0,0.0,0.0,88.69999999870925,59010.39999942178,2.700000000001637,1656.1500000002738,49.35000000287255,32875.149999669644,0.0,0.0,0.0,0.0,0.0,0.0,9.86999999999989,6575.030000000007,493.5,328751.5,0.0,133.0,503.36999999999534,335326.5300000001,0.0,0.0,1464.9909167987062,814346.4147714233
934,2022-07-23,2022,False,52.556164383561644,986,0,1133,559392.3554565671,0.0,67399,50,0.0,,,0.15439785767452033,0.11872036250377857,0.3835754558451313,0.9657505070993915,0.1193460603168536,678886.8847714277,0,False,False,True,"{""0"":null,""1"":null,""2"":null,""3"":null}",986.0,924476.0,0.0,657503.0,0.0,657503.0,0.0,559392.3554565671,0.0,0.0,0.0,0.0,814346.4147714233,0.0,24.291270302767433,0.0,2660.0,0.0,0.0,0.0,59010.39999942178,0.0,1656.1500000002738,0.0,32875.149999669644,0.0,0.0,0.0,0.0,0.0,0.0,0.0,6575.030000000007,0.0,328751.5,0.0,133.0,0.0,335326.5300000001,0.0,0.0,0.0,814346.4147714233
935,2022-07-24,2022,False,52.558904109589044,986,0,1133,559392.3554565671,0.0,67399,50,0.0,,,0.15439785767452033,0.11872036250377857,0.3835754558451313,0.9657505070993915,0.06932786579561163,678886.8847714277,0,False,False,True,"{""0"":null,""1"":null,""2"":null,""3"":null}",986.0,925462.0,0.0,657503.0,0.0,657503.0,0.0,559392.3554565671,0.0,0.0,0.0,0.0,814346.4147714233,0.0,24.291270302767433,0.0,2660.0,0.0,0.0,0.0,59010.39999942178,0.0,1656.1500000002738,0.0,32875.149999669644,0.0,0.0,0.0,0.0,0.0,0.0,0.0,6575.030000000007,0.0,328751.5,0.0,133.0,0.0,335326.5300000001,0.0,0.0,0.0,814346.4147714233
936,2022-07-25,2022,True,52.56164383561644,986,986,1133,560230.72427122,1800.0005477587317,68384,24,0.0,0.8589949310424279,0.1232499056870697,0.1543978576745203,0.11872036250377856,0.3835754558451313,0.9647920892494929,0.09808653536914767,680184.0253191865,0,False,False,True,"{""0"":null,""1"":null,""2"":null,""3"":null}",986.0,926448.0,986.0,658489.0,986.0,658489.0,838.3688146529021,560230.72427122,838.3688146529021,0.0,0.0,1800.0005477587692,816146.4153191821,0.0,24.291270302767433,4.0,2664.0,0.0,0.0,88.5999999987107,59098.99999942049,7.5000000000045475,1663.6500000002784,49.30000000286964,32924.44999967251,0.0,0.0,0.0,0.0,0.0,0.0,9.859999999999673,6584.890000000007,493.0,329244.5,0.0,133.0,502.85999999998603,335829.3900000001,0.0,0.0,1800.0005477587692,816146.4153191821
937,2022-07-26,2022,True,52.56438356164384,986,986,1133,561069.0930858729,1654.4190428295815,68431,42,0.07474419942914991,0.841776110068793,0.16938720173535793,0.1543581723386185,0.11880394616953269,0.3835754558451313,0.965238336713996,0.12493544923348728,681335.5843620161,0,False,False,True,"{""0"":null,""1"":null,""2"":null,""3"":null}",986.0,927434.0,986.0,659475.0,986.0,659475.0,838.3688146529021,561069.0930858729,838.3688146529021,0.0,0.0,1654.4190428295406,817800.8343620116,0.07474419942915134,24.366014502196585,4.0,2668.0,0.0,0.0,88.5999999987107,59187.5999994192,0.0,1663.6500000002784,49.30000000286964,32973.74999967538,0.0,0.0,0.0,0.0,0.0,0.0,9.859999999999673,6594.750000000006,493.0,329737.5,0.0,133.0,502.85999999998603,336332.25000000006,0.0,0.0,1654.4190428295406,817800.8343620116
938,2022-07-27,2022,True,52.56712328767124,986,986,1133,561907.4619005258,1592.9764245420122,68528,59,0.0,0.8255570916033047,0.17590009902857678,0.154344620725198,0.11893821915466896,0.3835754558451313,0.9650354969574036,0.149845543236671,682425.7007865581,0,False,False,True,"{""0"":null,""1"":null,""2"":null,""3"":null}",986.0,928420.0,986.0,660461.0,986.0,660461.0,838.3688146529021,561907.4619005258,838.3688146529021,0.0,0.0,1592.9764245420229,819393.8107865537,0.0,24.366014502196585,4.0,2672.0,0.0,0.0,88.5999999987107,59276.19999941791,0.0,1663.6500000002784,49.30000000286964,33023.04999967825,0.0,0.0,0.0,0.0,0.0,0.0,9.859999999999673,6604.610000000006,493.0,330230.5,0.0,133.0,502.85999999998603,336835.11000000004,0.0,0.0,1592.9764245420229,819393.8107865537
939,2022-07-28,2022,True,52.56986301369863,987,987,1134,562746.7458862381,1494.854044697112,68653,56,0.0,0.8276996393119214,0.17591472767394906,0.15429546408928033,0.11817793927489102,0.3835096261198085,0.9644680851063829,0.1727923262224556,683416.1848312552,0,False,False,True,"{""0"":null,""1"":null,""2"":null,""3"":null}",987.0,929407.0,987.0,661448.0,987.0,661448.0,839.2839857122162,562746.7458862381,839.2839857122162,0.0,0.0,1494.854044697131,820888.6648312508,0.0,24.366014502196585,4.0,2676.0,0.0,0.0,88.69999999870925,59364.89999941662,3.600000000002183,1667.2500000002806,49.35000000287255,33072.399999681125,0.0,0.0,0.0,0.0,0.0,0.0,9.86999999999989,6614.480000000006,493.5,330724.0,1.0,134.0,503.36999999999534,337338.48000000004,0.0,0.0,1494.854044697131,820888.6648312508
940,2022-07-29,2022,True,52.57260273972603,987,987,1134,563586.0298719503,1481.856030397463,68754,56,0.09700141196657038,0.8196349572791144,0.17209386874682453,0.15434316480910024,0.1183042422142216,0.3835096261198085,0.9647973657548126,0.19396250973133322,684394.6708616527,0,False,False,True,"{""0"":null,""1"":null,""2"":null,""3"":null}",987.0,930394.0,987.0,662435.0,987.0,662435.0,839.2839857122162,563586.0298719503,839.2839857122162,0.0,0.0,1481.8560303974664,822370.5208616483,0.09700141196656986,24.463015914163154,4.0,2680.0,0.0,0.0,88.69999999870925,59453.59999941533,2.700000000001637,1669.9500000002822,49.35000000287255,33121.749999684,0.0,0.0,0.0,0.0,0.0,0.0,9.86999999999989,6624.350000000006,493.5,331217.5,0.0,134.0,503.36999999999534,337841.85000000003,0.0,0.0,1481.8560303974664,822370.5208616483
941,2022-07-30,2022,False,52.57534246575342,987,0,1134,563586.0298719503,0.0,67899,56,0.0,,,0.15430924329007772,0.1183495876984467,0.3835096261198085,0.9655876393110435,0.11968761850250867,684394.6708616527,0,False,False,True,"{""0"":null,""1"":null,""2"":null,""3"":null}",987.0,931381.0,0.0,662435.0,0.0,662435.0,0.0,563586.0298719503,0.0,0.0,0.0,0.0,822370.5208616483,0.0,24.463015914163154,0.0,2680.0,0.0,0.0,0.0,59453.59999941533,0.0,1669.9500000002822,0.0,33121.749999684,0.0,0.0,0.0,0.0,0.0,0.0,0.0,6624.350000000006,0.0,331217.5,0.0,134.0,0.0,337841.85000000003,0.0,0.0,0.0,822370.5208616483
942,2022-07-31,2022,False,52.57808219178082,988,0,1135,563586.0298719503,0.0,67899,56,0.0,,,0.1542591380388798,0.1176134984941363,0.3835202243145551,0.9653188259109312,0.0696208217623059,684393.6708616527,0,False,False,True,"{""0"":null,""1"":null,""2"":null,""3"":null}",988.0,932369.0,0.0,662435.0,0.0,662435.0,0.0,563586.0298719503,0.0,0.0,0.0,0.0,822370.5208616483,0.0,24.463015914163154,0.0,2680.0,0.0,0.0,0.0,59453.59999941533,0.0,1669.9500000002822,0.0,33121.749999684,0.0,0.0,0.0,0.0,0.0,0.0,0.0,6624.350000000006,0.0,331217.5,1.0,135.0,0.0,337841.85000000003,0.0,0.0,0.0,822370.5208616483
943,2022-08-01,2022,True,52.58082191780822,988,988,1135,564426.0487877271,1770.4642294853352,68897,15,0.0,0.8511764833921031,0.14053397344431834,0.15425913803887978,0.1176134984941363,0.3835202243145551,0.9645141700404858,0.09833136529006957,685660.2550911381,0,False,False,True,"{""0"":null,""1"":null,""2"":null,""3"":null}",988.0,933357.0,988.0,663423.0,988.0,663423.0,840.0189157768618,564426.0487877271,840.0189157768618,0.0,0.0,1770.4642294853693,824140.9850911336,0.0,24.463015914163154,4.0,2684.0,0.0,0.0,88.79999999870779,59542.39999941404,8.400000000005093,1678.3500000002873,49.40000000287546,33171.14999968687,0.0,0.0,0.0,0.0,0.0,0.0,9.88000000000011,6634.230000000006,494.0,331711.5,0.0,135.0,503.88000000000466,338345.73000000004,0.0,0.0,1770.4642294853693,824140.9850911336
944,2022-08-02,2022,True,52.583561643835615,989,989,1136,565266.7919164177,1660.2967015374277,68941,31,0.009945563773421944,0.8462872659694992,0.1396773039989697,0.15420016372721418,0.11690090204686775,0.38345439458923236,0.9648331648129423,0.12511264219643728,686815.1617926755,0,False,False,True,"{""0"":null,""1"":null,""2"":null,""3"":null}",989.0,934346.0,989.0,664412.0,989.0,664412.0,840.7431286905194,565266.7919164177,840.7431286905194,0.0,0.0,1660.2967015374452,825801.2817926711,0.009945563773420929,24.472961477936575,4.0,2688.0,0.0,0.0,88.89999999870633,59631.299999412746,0.0,1678.3500000002873,49.45000000287837,33220.59999968975,0.0,0.0,0.0,0.0,0.0,0.0,9.890000000000327,6644.120000000006,494.5,332206.0,1.0,136.0,504.39000000001397,338850.12000000005,0.0,0.0,1660.2967015374452,825801.2817926711
945,2022-08-03,2022,True,52.586301369863016,989,989,1136,566107.5350451082,1592.0847882021424,69021,49,0.0,0.825089176597003,0.17008760834578163,0.1542240186256379,0.11699730457340018,0.38345439458923236,0.9644135490394338,0.1499543432680925,687902.8565808777,0,False,False,True,"{""0"":null,""1"":null,""2"":null,""3"":null}",989.0,935335.0,989.0,665401.0,989.0,665401.0,840.7431286905194,566107.5350451082,840.7431286905194,0.0,0.0,1592.0847882021917,827393.3665808733,0.0,24.472961477936575,4.0,2692.0,0.0,0.0,88.89999999870633,59720.19999941145,0.0,1678.3500000002873,49.45000000287837,33270.04999969263,0.0,0.0,0.0,0.0,0.0,0.0,9.890000000000327,6654.010000000007,494.5,332700.5,0.0,136.0,504.39000000001397,339354.51000000007,0.0,0.0,1592.0847882021917,827393.3665808733
946,2022-08-04,2022,True,52.58904109589041,989,989,1136,566948.2781737987,1547.0645949585087,69154,48,0.0,0.8523888086357029,0.13444305679362403,0.15421610362924934,0.11705574737174401,0.38345439458923236,0.964206268958544,0.17281737993179722,688945.5311758362,0,False,False,True,"{""0"":null,""1"":null,""2"":null,""3"":null}",989.0,936324.0,989.0,666390.0,989.0,666390.0,840.7431286905194,566948.2781737987,840.7431286905194,0.0,0.0,1547.0645949585596,828940.4311758318,0.0,24.472961477936575,4.0,2696.0,0.0,0.0,88.89999999870633,59809.09999941016,2.2500000000013642,1680.6000000002887,49.45000000287837,33319.49999969551,0.0,0.0,0.0,0.0,0.0,0.0,9.890000000000327,6663.900000000007,494.5,333195.0,0.0,136.0,504.39000000001397,339858.9000000001,0.0,0.0,1547.0645949585596,828940.4311758318
947,2022-08-05,2022,True,52.59178082191781,989,989,1136,567789.0213024892,1465.3580858213836,69251,50,0.0,0.8169633756135786,0.18745818032835096,0.1541996138900315,0.11708399416499979,0.38345439458923236,0.9643629929221436,0.19392810621933193,689906.4992616576,0,False,False,True,"{""0"":null,""1"":null,""2"":null,""3"":null}",989.0,937313.0,989.0,667379.0,989.0,667379.0,840.7431286905194,567789.0213024892,840.7431286905194,0.0,0.0,1465.3580858213827,830405.7892616532,0.0,24.472961477936575,4.0,2700.0,0.0,0.0,88.89999999870633,59897.999999408865,2.400000000001455,1683.0000000002901,49.45000000287837,33368.94999969839,0.0,0.0,0.0,0.0,0.0,0.0,9.890000000000327,6673.790000000007,494.5,333689.5,0.0,136.0,504.39000000001397,340363.2900000001,0.0,0.0,1465.3580858213827,830405.7892616532
948,2022-08-06,2022,False,52.59452054794521,989,0,1136,567789.0213024892,0.0,68399,50,0.0,,,0.1541636190631705,0.11721430515080397,0.38345439458923236,0.9655156723963599,0.11975238710887569,689906.4992616576,0,False,False,True,"{""0"":null,""1"":null,""2"":null,""3"":null}",989.0,938302.0,0.0,667379.0,0.0,667379.0,0.0,567789.0213024892,0.0,0.0,0.0,0.0,830405.7892616532,0.0,24.472961477936575,0.0,2700.0,0.0,0.0,0.0,59897.999999408865,0.0,1683.0000000002901,0.0,33368.94999969839,0.0,0.0,0.0,0.0,0.0,0.0,0.0,6673.790000000007,0.0,333689.5,0.0,136.0,0.0,340363.2900000001,0.0,0.0,0.0,830405.7892616532
949,2022-08-07,2022,False,52.5972602739726,989,0,1136,567789.0213024892,0.0,68399,50,0.0,,,0.1541636190631705,0.11721430515080394,0.38345439458923236,0.9655156723963599,0.06981272131437613,689906.4992616576,0,False,False,True,"{""0"":null,""1"":null,""2"":null,""3"":null}",989.0,939291.0,0.0,667379.0,0.0,667379.0,0.0,567789.0213024892,0.0,0.0,0.0,0.0,830405.7892616532,0.0,24.472961477936575,0.0,2700.0,0.0,0.0,0.0,59897.999999408865,0.0,1683.0000000002901,0.0,33368.94999969839,0.0,0.0,0.0,0.0,0.0,0.0,0.0,6673.790000000007,0.0,333689.5,0.0,136.0,0.0,340363.2900000001,0.0,0.0,0.0,830405.7892616532
950,2022-08-08,2022,True,52.6,989,989,1136,568629.7644311797,1783.5444422919052,69392,14,0.09154811049850373,0.8624859114514484,0.13004366283026003,0.1541636190631705,0.11721430515080396,0.38345439458923236,0.9649241658240647,0.09848549450099157,691185.6537039495,0,False,False,True,"{""0"":null,""1"":null,""2"":null,""3"":null}",989.0,940280.0,989.0,668368.0,989.0,668368.0,840.7431286905194,568629.7644311797,840.7431286905194,0.0,0.0,1783.5444422919536,832189.3337039452,0.09154811049850409,24.56450958843508,4.0,2704.0,0.0,0.0,88.89999999870633,59986.89999940757,7.5000000000045475,1690.5000000002947,49.45000000287837,33418.399999701265,0.0,0.0,0.0,0.0,0.0,0.0,9.890000000000327,6683.680000000008,494.5,334184.0,0.0,136.0,504.39000000001397,340867.6800000001,0.0,0.0,1783.5444422919536,832189.3337039452
951,2022-08-09,2022,True,52.602739726027394,989,989,1136,569470.5075598703,1696.5576694751703,69443,30,0.11046386219062966,0.851360238413015,0.1444588808300349,0.15416676554201308,0.11729542415674997,0.38345439458923236,0.965242669362993,0.1252643795895687,692377.8213734247,0,False,False,True,"{""0"":null,""1"":null,""2"":null,""3"":null}",989.0,941269.0,989.0,669357.0,989.0,669357.0,840.7431286905194,569470.5075598703,840.7431286905194,0.0,0.0,1696.557669475209,833885.8913734204,0.11046386219063109,24.67497345062571,4.0,2708.0,0.0,0.0,88.89999999870633,60075.79999940628,0.0,1690.5000000002947,49.45000000287837,33467.84999970414,0.0,0.0,0.0,0.0,0.0,0.0,9.890000000000327,6693.570000000008,494.5,334678.5,0.0,136.0,504.39000000001397,341372.0700000001,0.0,0.0,1696.557669475209,833885.8913734204
952,2022-08-10,2022,True,52.605479452054794,989,989,1136,570311.2506885608,1620.2784822417898,69532,50,0.0,0.8109392768294276,0.18451607959402844,0.1541434771956999,0.11736182544817281,0.38345439458923236,0.9650808897876644,0.15012511663824563,693493.7098556665,0,False,False,True,"{""0"":null,""1"":null,""2"":null,""3"":null}",989.0,942258.0,989.0,670346.0,989.0,670346.0,840.7431286905194,570311.2506885608,840.7431286905194,0.0,0.0,1620.2784822417889,835506.1698556622,0.0,24.67497345062571,4.0,2712.0,0.0,0.0,88.89999999870633,60164.699999404984,0.0,1690.5000000002947,49.45000000287837,33517.29999970702,0.0,0.0,0.0,0.0,0.0,0.0,9.890000000000327,6703.460000000008,494.5,335173.0,0.0,136.0,504.39000000001397,341876.46000000014,0.0,0.0,1620.2784822417889,835506.1698556622
953,2022-08-11,2022,True,52.608219178082194,990,990,1137,571152.7813270029,1504.2926723454682,69648,54,0.0,0.8030504196170993,0.19188581112669473,0.15417195477746348,0.11669649917747116,0.38338856486390954,0.9645151515151515,0.17299878800519447,694492.1025280119,0,False,False,True,"{""0"":null,""1"":null,""2"":null,""3"":null}",990.0,943248.0,990.0,671336.0,990.0,671336.0,841.5306384421419,571152.7813270029,841.5306384421419,0.0,0.0,1504.2926723454148,837010.4625280076,0.0,24.67497345062571,4.0,2716.0,0.0,0.0,88.99999999870488,60253.69999940369,2.1000000000012733,1692.600000000296,49.50000000288128,33566.7999997099,0.0,0.0,0.0,0.0,0.0,0.0,9.899999999999636,6713.360000000008,495.0,335668.0,1.0,137.0,504.9000000000233,342381.36000000016,0.0,0.0,1504.2926723454148,837010.4625280076
954,2022-08-12,2022,True,52.61095890410959,990,990,1137,571994.311965445,1474.492929921161,69740,52,0.34192786944907755,0.8151144112247575,0.17254558204768583,0.1541747875567191,0.11674097123769273,0.38338856486390954,0.9643131313131312,0.19412219072317966,695461.695457933,0,False,False,True,"{""0"":null,""1"":null,""2"":null,""3"":null}",990.0,944238.0,990.0,672326.0,990.0,672326.0,841.5306384421419,571994.311965445,841.5306384421419,0.0,0.0,1474.4929299211362,838484.9554579287,0.3419278694490764,25.016901320074787,4.0,2720.0,0.0,0.0,88.99999999870488,60342.69999940239,2.400000000001455,1695.0000000002974,49.50000000288128,33616.299999712784,0.0,0.0,0.0,0.0,0.0,0.0,9.899999999999636,6723.2600000000075,495.0,336163.0,0.0,137.0,504.9000000000233,342886.2600000002,0.0,0.0,1474.4929299211362,838484.9554579287
955,2022-08-13,2022,False,52.61369863013699,990,0,1137,571994.311965445,0.0,68899,52,0.0,,,0.15415608780008697,0.11680490003558511,0.38338856486390954,0.9653484848484849,0.11988581273297098,695461.695457933,0,False,False,True,"{""0"":null,""1"":null,""2"":null,""3"":null}",990.0,945228.0,0.0,672326.0,0.0,672326.0,0.0,571994.311965445,0.0,0.0,0.0,0.0,838484.9554579287,0.0,25.016901320074787,0.0,2720.0,0.0,0.0,0.0,60342.69999940239,0.0,1695.0000000002974,0.0,33616.299999712784,0.0,0.0,0.0,0.0,0.0,0.0,0.0,6723.2600000000075,0.0,336163.0,0.0,137.0,0.0,342886.2600000002,0.0,0.0,0.0,838484.9554579287
956,2022-08-14,2022,False,52.61643835616438,991,0,1138,571994.311965445,0.0,68899,52,0.0,,,0.15410362623260604,0.11608980790323005,0.3833991630586562,0.9650807265388496,0.06987298759161906,695460.695457933,0,False,False,True,"{""0"":null,""1"":null,""2"":null,""3"":null}",991.0,946219.0,0.0,672326.0,0.0,672326.0,0.0,571994.311965445,0.0,0.0,0.0,0.0,838484.9554579287,0.0,25.016901320074787,0.0,2720.0,0.0,0.0,0.0,60342.69999940239,0.0,1695.0000000002974,0.0,33616.299999712784,0.0,0.0,0.0,0.0,0.0,0.0,0.0,6723.2600000000075,0.0,336163.0,1.0,138.0,0.0,342886.2600000002,0.0,0.0,0.0,838484.9554579287
957,2022-08-15,2022,True,52.61917808219178,990,990,1138,572835.765942149,1771.2107597255902,69896,11,0.0,0.8606054917069348,0.12878559932824854,0.15390041801494747,0.1160014135488206,0.38346499278397894,0.9643080808080807,0.09851987478587049,696727.0062176585,0,False,False,True,"{""0"":null,""1"":null,""2"":null,""3"":null}",990.0,947209.0,990.0,673316.0,990.0,673316.0,841.4539767039241,572835.765942149,841.4539767039241,0.0,0.0,1771.210759725538,840256.1662176542,0.0,25.016901320074787,4.0,2724.0,0.0,0.0,88.99999999870488,60431.6999994011,7.800000000004729,1702.8000000003021,49.50000000288128,33665.799999715666,0.0,0.0,0.0,0.0,0.0,0.0,9.899999999999636,6733.160000000007,495.0,336658.0,0.0,138.0,504.9000000000233,343391.1600000002,0.0,0.0,1771.210759725538,840256.1662176542
958,2022-08-16,2022,True,52.62191780821918,990,990,1138,573677.2199188529,1683.4811538002743,69942,24,0.0,0.8454641178007053,0.1522216779791477,0.15392703178433118,0.11615939038505488,0.38346499278397894,0.9647323232323233,0.12522077824050493,697905.5873714588,0,False,False,True,"{""0"":null,""1"":null,""2"":null,""3"":null}",990.0,948199.0,990.0,674306.0,990.0,674306.0,841.4539767039241,573677.2199188529,841.4539767039241,0.0,0.0,1683.4811538002687,841939.6473714545,0.0,25.016901320074787,4.0,2728.0,0.0,0.0,88.99999999870488,60520.6999993998,0.0,1702.8000000003021,49.50000000288128,33715.29999971855,0.0,0.0,0.0,0.0,0.0,0.0,9.899999999999636,6743.060000000007,495.0,337153.0,0.0,138.0,504.9000000000233,343896.06000000023,0.0,0.0,1683.4811538002687,841939.6473714545
959,2022-08-17,2022,True,52.62465753424657,989,989,1138,574517.7726634721,1600.7285611500054,70038,46,0.0,0.8381872796134257,0.1493783966599025,0.15388126208385763,0.11625152249987082,0.38353082250930176,0.9646612740141557,0.15004499547779424,699001.9259326088,0,False,False,True,"{""0"":null,""1"":null,""2"":null,""3"":null}",989.0,949188.0,989.0,675295.0,989.0,675295.0,840.5527446191991,574517.7726634721,840.5527446191991,0.0,0.0,1600.7285611500265,843540.3759326045,0.0,25.016901320074787,4.0,2732.0,0.0,0.0,88.89999999870633,60609.59999939851,0.0,1702.8000000003021,49.45000000287837,33764.749999721425,0.0,0.0,0.0,0.0,0.0,0.0,9.890000000000327,6752.950000000007,494.5,337647.5,0.0,138.0,504.39000000001397,344400.45000000024,0.0,0.0,1600.7285611500265,843540.3759326045
960,2022-08-18,2022,True,52.62739726027397,989,989,1138,575358.3254080913,1532.8231605884846,70150,58,0.31911761560251506,0.8270863262374298,0.16772094325099712,0.1538539693535807,0.11631923790623734,0.38353082250930176,0.9646511627906976,0.1729187775961348,700030.3590931973,0,False,False,True,"{""0"":null,""1"":null,""2"":null,""3"":null}",989.0,950177.0,989.0,676284.0,989.0,676284.0,840.5527446191991,575358.3254080913,840.5527446191991,0.0,0.0,1532.8231605885085,845073.199093193,0.31911761560251506,25.336018935677302,4.0,2736.0,0.0,0.0,88.89999999870633,60698.499999397216,1.6500000000010004,1704.4500000003031,49.45000000287837,33814.199999724304,0.0,0.0,0.0,0.0,0.0,0.0,9.890000000000327,6762.840000000007,494.5,338142.0,0.0,138.0,504.39000000001397,344904.84000000026,0.0,0.0,1532.8231605885085,845073.199093193
961,2022-08-19,2022,True,52.630136986301366,989,989,1138,576198.8781527105,1465.4064476305111,70233,72,0.0,0.8129326106830351,0.19371399248944557,0.1539040337207649,0.11643615012573993,0.38353082250930176,0.9643933265925176,0.1939665254071427,700991.3755408278,0,False,False,True,"{""0"":null,""1"":null,""2"":null,""3"":null}",989.0,951166.0,989.0,677273.0,989.0,677273.0,840.5527446191991,576198.8781527105,840.5527446191991,0.0,0.0,1465.406447630492,846538.6055408235,0.0,25.336018935677302,4.0,2740.0,0.0,0.0,88.89999999870633,60787.39999939592,1.9500000000011823,1706.4000000003043,49.45000000287837,33863.64999972718,0.0,0.0,0.0,0.0,0.0,0.0,9.890000000000327,6772.730000000008,494.5,338636.5,0.0,138.0,504.39000000001397,345409.2300000003,0.0,0.0,1465.406447630492,846538.6055408235
962,2022-08-20,2022,False,52.632876712328766,989,0,1138,576198.8781527105,0.0,69399,72,0.0,,,0.15387649040384116,0.11646174623321598,0.38353082250930176,0.9653993933265925,0.11984233785866123,700991.3755408278,0,False,False,True,"{""0"":null,""1"":null,""2"":null,""3"":null}",989.0,952155.0,0.0,677273.0,0.0,677273.0,0.0,576198.8781527105,0.0,0.0,0.0,0.0,846538.6055408235,0.0,25.336018935677302,0.0,2740.0,0.0,0.0,0.0,60787.39999939592,0.0,1706.4000000003043,0.0,33863.64999972718,0.0,0.0,0.0,0.0,0.0,0.0,0.0,6772.730000000008,0.0,338636.5,0.0,138.0,0.0,345409.2300000003,0.0,0.0,0.0,846538.6055408235
963,2022-08-21,2022,False,52.635616438356166,990,0,1139,576198.8781527105,0.0,69399,72,0.0,,,0.15393301523845976,0.11563596084747335,0.38346499278397894,0.9651313131313132,0.06988854910792065,700990.3755408278,0,False,False,True,"{""0"":null,""1"":null,""2"":null,""3"":null}",990.0,953145.0,0.0,677273.0,0.0,677273.0,0.0,576198.8781527105,0.0,0.0,0.0,0.0,846538.6055408235,0.0,25.336018935677302,0.0,2740.0,0.0,0.0,0.0,60787.39999939592,0.0,1706.4000000003043,0.0,33863.64999972718,0.0,0.0,0.0,0.0,0.0,0.0,0.0,6772.730000000008,0.0,338636.5,1.0,139.0,0.0,345409.2300000003,0.0,0.0,0.0,846538.6055408235
964,2022-08-22,2022,True,52.63835616438356,990,990,1139,577040.2736816948,1798.307204508583,70412,22,0.0,0.852532813112185,0.14660450633265693,0.15393301523845979,0.11563596084747334,0.38346499278397894,0.9640909090909091,0.09849914506493973,702283.7827453363,0,False,False,True,"{""0"":null,""1"":null,""2"":null,""3"":null}",990.0,954135.0,990.0,678263.0,990.0,678263.0,841.3955289842561,577040.2736816948,841.3955289842561,0.0,0.0,1798.3072045085719,848336.9127453321,0.0,25.336018935677302,4.0,2744.0,0.0,0.0,88.99999999870488,60876.39999939463,10.800000000006548,1717.2000000003109,49.50000000288128,33913.14999973006,0.0,0.0,0.0,0.0,0.0,0.0,9.899999999999636,6782.630000000007,495.0,339131.5,0.0,139.0,504.9000000000233,345914.1300000003,0.0,0.0,1798.3072045085719,848336.9127453321
965,2022-08-23,2022,True,52.64109589041096,990,990,1139,577881.669210679,1719.7518217896904,70433,42,0.0,0.8333306125114275,0.15931122151470628,0.1538999809979986,0.11572231978289932,0.38346499278397894,0.9646919191919191,0.12519624343015096,703498.6345671259,0,False,False,True,"{""0"":null,""1"":null,""2"":null,""3"":null}",990.0,955125.0,990.0,679253.0,990.0,679253.0,841.3955289842561,577881.669210679,841.3955289842561,0.0,0.0,1719.7518217896577,850056.6645671218,0.0,25.336018935677302,4.0,2748.0,0.0,0.0,88.99999999870488,60965.39999939333,0.0,1717.2000000003109,49.50000000288128,33962.649999732945,0.0,0.0,0.0,0.0,0.0,0.0,9.899999999999636,6792.530000000007,495.0,339626.5,0.0,139.0,504.9000000000233,346419.0300000003,0.0,0.0,1719.7518217896577,850056.6645671218
966,2022-08-24,2022,True,52.64383561643836,991,991,1140,578723.9428830609,1619.821498908435,70537,66,0.0,0.828399303102445,0.15903108017953158,0.15400776218056528,0.11531653453654818,0.38371308504561413,0.9643995963673058,0.14985638705360246,704612.0460660344,0,False,False,True,"{""0"":null,""1"":null,""2"":null,""3"":null}",991.0,956116.0,991.0,680244.0,991.0,680244.0,842.2736723818816,578723.9428830609,842.2736723818816,0.0,0.0,1619.8214989084518,851676.4860660302,0.0,25.336018935677302,4.0,2752.0,0.0,0.0,89.09999999870342,61054.499999392036,0.0,1717.2000000003109,49.55000000288419,34012.19999973583,0.0,0.0,0.0,0.0,0.0,0.0,9.909999999999854,6802.440000000007,495.5,340122.0,1.0,140.0,505.4099999999744,346924.4400000003,0.0,0.0,1619.8214989084518,851676.4860660302
967,2022-08-25,2022,True,52.64657534246575,992,992,1141,579567.0971396195,1544.8573810449147,70661,64,0.0,0.8135104739186602,0.17506464462785362,0.15388971903499152,0.11457454417744944,0.3836472553202913,0.9639667338709678,0.1726470666070671,705649.9834470792,0,False,False,True,"{""0"":null,""1"":null,""2"":null,""3"":null}",992.0,957108.0,992.0,681236.0,992.0,681236.0,843.1542565586278,579567.0971396195,843.1542565586278,0.0,0.0,1544.857381044887,853221.3434470751,0.0,25.336018935677302,4.0,2756.0,0.0,0.0,89.19999999870197,61143.69999939074,3.300000000002001,1720.5000000003129,49.6000000028871,34061.799999738716,0.0,0.0,0.0,0.0,0.0,0.0,9.920000000000073,6812.360000000007,496.0,340618.0,1.0,141.0,505.9199999999837,347430.3600000003,0.0,0.0,1544.857381044887,853221.3434470751
968,2022-08-26,2022,True,52.64931506849315,993,993,1142,580411.1386706266,1505.9006655899307,70754,61,0.0,0.805650019432569,0.1999422519432221,0.15388269760279644,0.11382587720455473,0.3835814255949685,0.9637160120845921,0.1936735527332055,706648.4541126691,0,False,False,True,"{""0"":null,""1"":null,""2"":null,""3"":null}",993.0,958101.0,993.0,682229.0,993.0,682229.0,844.0415310070384,580411.1386706266,844.0415310070384,0.0,0.0,1505.9006655899575,854727.2441126651,0.0,25.336018935677302,4.0,2760.0,0.0,0.0,89.29999999870051,61232.99999938944,3.000000000001819,1723.5000000003147,49.65000000289001,34111.449999741606,0.0,0.0,0.0,0.0,0.0,0.0,9.930000000000291,6822.290000000007,496.5,341114.5,1.0,142.0,506.429999999993,347936.79000000027,0.0,0.0,1505.9006655899575,854727.2441126651
969,2022-08-27,2022,False,52.652054794520545,992,0,1142,580411.1386706266,0.0,69899,61,0.0,,,0.15379166531383212,0.11384815017607923,0.3836472553202913,0.964758064516129,0.1194014811230758,706648.4541126691,0,False,False,True,"{""0"":null,""1"":null,""2"":null,""3"":null}",992.0,959093.0,0.0,682229.0,0.0,682229.0,0.0,580411.1386706266,0.0,0.0,0.0,0.0,854727.2441126651,0.0,25.336018935677302,0.0,2760.0,0.0,0.0,0.0,61232.99999938944,0.0,1723.5000000003147,0.0,34111.449999741606,0.0,0.0,0.0,0.0,0.0,0.0,0.0,6822.290000000007,0.0,341114.5,0.0,142.0,0.0,347936.79000000027,0.0,0.0,0.0,854727.2441126651
970,2022-08-28,2022,False,52.654794520547945,992,0,1142,580411.1386706266,0.0,69899,61,0.0,,,0.15379166531383215,0.11384815017607924,0.3836472553202913,0.964758064516129,0.06974092336146459,706648.4541126691,0,False,False,True,"{""0"":null,""1"":null,""2"":null,""3"":null}",992.0,960085.0,0.0,682229.0,0.0,682229.0,0.0,580411.1386706266,0.0,0.0,0.0,0.0,854727.2441126651,0.0,25.336018935677302,0.0,2760.0,0.0,0.0,0.0,61232.99999938944,0.0,1723.5000000003147,0.0,34111.449999741606,0.0,0.0,0.0,0.0,0.0,0.0,0.0,6822.290000000007,0.0,341114.5,0.0,142.0,0.0,347936.79000000027,0.0,0.0,0.0,854727.2441126651
971,2022-08-29,2022,True,52.657534246575345,992,992,1142,581254.2547077353,1817.6797710792919,70905,18,0.0,0.8417163659207813,0.13922576340989423,0.15379166531383215,0.11384815017607924,0.3836472553202913,0.9638709677419355,0.09833615562238761,707960.2138837484,0,False,False,True,"{""0"":null,""1"":null,""2"":null,""3"":null}",992.0,961077.0,992.0,683221.0,992.0,683221.0,843.1160371087026,581254.2547077353,843.1160371087026,0.0,0.0,1817.6797710793326,856544.9238837444,0.0,25.336018935677302,4.0,2764.0,0.0,0.0,89.19999999870197,61322.19999938814,9.150000000005548,1732.6500000003202,49.6000000028871,34161.04999974449,0.0,0.0,0.0,0.0,0.0,0.0,9.920000000000073,6832.210000000007,496.0,341610.5,0.0,142.0,505.9199999999837,348442.71000000025,0.0,0.0,1817.6797710793326,856544.9238837444
972,2022-08-30,2022,True,52.66027397260274,991,991,1142,582096.5163526487,1708.3004287634046,70946,24,0.0,0.8527001436593966,0.15320656357147852,0.15346880471847046,0.11348924420066152,0.3833991630586562,0.9644298688193743,0.12461353494403918,709163.1043125117,0,False,False,True,"{""0"":null,""1"":null,""2"":null,""3"":null}",991.0,962068.0,991.0,684212.0,991.0,684212.0,842.2616449134657,582096.5163526487,842.2616449134657,0.0,0.0,1708.3004287633812,858253.2243125078,0.0,25.336018935677302,4.0,2768.0,0.0,0.0,89.09999999870342,61411.29999938684,0.0,1732.6500000003202,49.55000000288419,34210.59999974738,0.0,0.0,0.0,0.0,0.0,0.0,9.909999999999854,6842.120000000007,495.5,342106.0,0.0,142.0,505.4099999999744,348948.1200000002,0.0,0.0,1708.3004287633812,858253.2243125078
973,2022-08-31,2022,True,52.66301369863014,992,992,1143,582939.7646574781,1622.2571118526164,71044,44,0.0,0.829635752753734,0.1620899333662585,0.15356451858142717,0.11305352720256151,0.3836472553202913,0.9641834677419355,0.14939465479331737,710278.4414243643,0,False,False,True,"{""0"":null,""1"":null,""2"":null,""3"":null}",992.0,963060.0,992.0,685204.0,992.0,685204.0,843.2483048293507,582939.7646574781,843.2483048293507,0.0,0.0,1622.2571118526394,859875.4814243604,0.0,25.336018935677302,4.0,2772.0,0.0,0.0,89.19999999870197,61500.499999385545,0.0,1732.6500000003202,49.6000000028871,34260.199999750264,0.0,0.0,0.0,0.0,0.0,0.0,9.920000000000073,6852.040000000007,496.0,342602.0,1.0,143.0,505.9199999999837,349454.0400000002,0.0,0.0,1622.2571118526394,859875.4814243604
974,2022-09-01,2022,True,52.66575342465754,992,992,1143,583783.0129623074,1541.0910216238178,71158,47,0.0,0.8236157048200639,0.17098167224492852,0.15359385665643696,0.11317316380479849,0.3836472553202913,0.9641129032258065,0.17236067423606177,711313.6124459881,0,False,False,True,"{""0"":null,""1"":null,""2"":null,""3"":null}",992.0,964052.0,992.0,686196.0,992.0,686196.0,843.2483048293507,583783.0129623074,843.2483048293507,0.0,0.0,1541.0910216238117,861416.5724459842,0.0,25.336018935677302,4.0,2776.0,0.0,0.0,89.19999999870197,61589.69999938425,2.700000000001637,1735.3500000003219,49.6000000028871,34309.79999975315,0.0,0.0,0.0,0.0,0.0,0.0,9.920000000000073,6861.960000000007,496.0,343098.0,0.0,143.0,505.9199999999837,349959.9600000002,0.0,0.0,1541.0910216238117,861416.5724459842
975,2022-09-02,2022,True,52.66849315068493,992,992,1143,584626.2612671368,1470.4595591429174,71232,67,0.0,0.8125430906071721,0.16808645963900626,0.15356098204674476,0.113255853748201,0.3836472553202913,0.9636995967741936,0.19352425895444297,712278.152005131,0,False,False,True,"{""0"":null,""1"":null,""2"":null,""3"":null}",992.0,965044.0,992.0,687188.0,992.0,687188.0,843.2483048293507,584626.2612671368,843.2483048293507,0.0,0.0,1470.4595591429388,862887.0320051272,0.0,25.336018935677302,4.0,2780.0,0.0,0.0,89.19999999870197,61678.89999938295,0.9000000000005457,1736.2500000003224,49.6000000028871,34359.39999975604,0.0,0.0,0.0,0.0,0.0,0.0,9.920000000000073,6871.880000000007,496.0,343594.0,0.0,143.0,505.9199999999837,350465.8800000002,0.0,0.0,1470.4595591429388,862887.0320051272
976,2022-09-03,2022,False,52.67123287671233,992,0,1143,584626.2612671368,0.0,70399,67,0.0,,,0.15358198722193747,0.11333782088869046,0.3836472553202913,0.964601814516129,0.11952367116215258,712278.152005131,0,False,False,True,"{""0"":null,""1"":null,""2"":null,""3"":null}",992.0,966036.0,0.0,687188.0,0.0,687188.0,0.0,584626.2612671368,0.0,0.0,0.0,0.0,862887.0320051272,0.0,25.336018935677302,0.0,2780.0,0.0,0.0,0.0,61678.89999938295,0.0,1736.2500000003224,0.0,34359.39999975604,0.0,0.0,0.0,0.0,0.0,0.0,0.0,6871.880000000007,0.0,343594.0,0.0,143.0,0.0,350465.8800000002,0.0,0.0,0.0,862887.0320051272
977,2022-09-04,2022,False,52.673972602739724,992,0,1144,584626.2612671368,0.0,70399,67,0.0,,,0.15341567776878523,0.11241456228023299,0.3836472553202913,0.9643245967741936,0.06959323726481785,712277.152005131,0,False,False,True,"{""0"":null,""1"":null,""2"":null,""3"":null}",992.0,967028.0,0.0,687188.0,0.0,687188.0,0.0,584626.2612671368,0.0,0.0,0.0,0.0,862887.0320051272,0.0,25.336018935677302,0.0,2780.0,0.0,0.0,0.0,61678.89999938295,0.0,1736.2500000003224,0.0,34359.39999975604,0.0,0.0,0.0,0.0,0.0,0.0,0.0,6871.880000000007,0.0,343594.0,1.0,144.0,0.0,350465.8800000002,0.0,0.0,0.0,862887.0320051272
978,2022-09-05,2022,True,52.676712328767124,991,991,1144,585468.7067795126,1761.412737466403,71406,14,0.0,0.8668404026187027,0.11302804553793794,0.1535090114219632,0.11262964663657876,0.38371308504561413,0.9635015136226035,0.09823825913624404,713533.1547425974,0,False,False,True,"{""0"":null,""1"":null,""2"":null,""3"":null}",991.0,968019.0,991.0,688179.0,991.0,688179.0,842.4455123757944,585468.7067795126,842.4455123757944,0.0,0.0,1761.412737466395,864648.4447425936,0.0,25.336018935677302,4.0,2784.0,0.0,0.0,89.09999999870342,61767.99999938165,10.050000000006094,1746.3000000003285,49.55000000288419,34408.94999975892,0.0,0.0,0.0,0.0,0.0,0.0,9.909999999999854,6881.790000000007,495.5,344089.5,0.0,144.0,505.4099999999744,350971.29000000015,0.0,0.0,1761.412737466395,864648.4447425936
979,2022-09-06,2022,True,52.679452054794524,991,991,1144,586311.1522918884,1664.4928889234316,71440,37,0.0,0.8465770814746514,0.1406894900014814,0.1535181364770873,0.1127296597364173,0.38371308504561413,0.9642936427850656,0.12491590299631751,714692.2376315207,0,False,False,True,"{""0"":null,""1"":null,""2"":null,""3"":null}",991.0,969010.0,991.0,689170.0,991.0,689170.0,842.4455123757944,586311.1522918884,842.4455123757944,0.0,0.0,1664.4928889233852,866312.937631517,0.0,25.336018935677302,4.0,2788.0,0.0,0.0,89.09999999870342,61857.099999380356,0.0,1746.3000000003285,49.55000000288419,34458.49999976181,0.0,0.0,0.0,0.0,0.0,0.0,9.909999999999854,6891.700000000007,495.5,344585.0,0.0,144.0,505.4099999999744,351476.7000000001,0.0,0.0,1664.4928889233852,866312.937631517
980,2022-09-07,2022,True,52.68219178082192,991,991,1144,587153.5978042642,1649.2932034778885,71552,51,0.04509587828606891,0.8415367588940063,0.15391540092571765,0.1535058660423222,0.11277269565448203,0.38371308504561413,0.9645206861755803,0.14968567116845047,715836.1208349986,0,False,False,True,"{""0"":null,""1"":null,""2"":null,""3"":null}",991.0,970001.0,991.0,690161.0,991.0,690161.0,842.4455123757944,587153.5978042642,842.4455123757944,0.0,0.0,1649.2932034778642,867962.2308349948,0.045095878286069535,25.38111481396337,4.0,2792.0,0.0,0.0,89.09999999870342,61946.19999937906,0.0,1746.3000000003285,49.55000000288419,34508.04999976469,0.0,0.0,0.0,0.0,0.0,0.0,9.909999999999854,6901.610000000007,495.5,345080.5,0.0,144.0,505.4099999999744,351982.1100000001,0.0,0.0,1649.2932034778642,867962.2308349948
981,2022-09-08,2022,True,52.68493150684932,991,991,1144,587996.04331664,1535.2130696474608,71651,58,0.0,0.8304845508454085,0.16570586238981302,0.1534985184976748,0.11286760438846434,0.38371308504561413,0.9642885973763875,0.17260633023669988,716865.923904646,0,False,False,True,"{""0"":null,""1"":null,""2"":null,""3"":null}",991.0,970992.0,991.0,691152.0,991.0,691152.0,842.4455123757944,587996.04331664,842.4455123757944,0.0,0.0,1535.2130696474342,869497.4439046422,0.0,25.38111481396337,4.0,2796.0,0.0,0.0,89.09999999870342,62035.29999937776,2.1000000000012733,1748.4000000003298,49.55000000288419,34557.599999767575,0.0,0.0,0.0,0.0,0.0,0.0,9.909999999999854,6911.520000000007,495.5,345576.0,0.0,144.0,505.4099999999744,352487.5200000001,0.0,0.0,1535.2130696474342,869497.4439046422
982,2022-09-09,2022,True,52.68767123287671,990,990,1144,588837.603945465,1451.8815583305152,71753,52,0.06588509607997536,0.8131513909890574,0.176346603260553,0.15343745002127912,0.1130957244847961,0.38377891477093695,0.9640252525252525,0.19370671878709542,717812.9054629764,0,False,False,True,"{""0"":null,""1"":null,""2"":null,""3"":null}",990.0,971982.0,990.0,692142.0,990.0,692142.0,841.5606288249837,588837.603945465,841.5606288249837,0.0,0.0,1451.8815583304968,870949.3254629727,0.06588509607997395,25.446999910043345,4.0,2800.0,0.0,0.0,88.99999999870488,62124.29999937647,3.450000000002092,1751.8500000003319,49.50000000288128,34607.09999977046,0.0,0.0,0.0,0.0,0.0,0.0,9.899999999999636,6921.420000000006,495.0,346071.0,0.0,144.0,504.9000000000233,352992.4200000001,0.0,0.0,1451.8815583304968,870949.3254629727
983,2022-09-10,2022,False,52.69041095890411,990,0,1144,588837.603945465,0.0,70899,52,0.0,,,0.15340276049216342,0.11317437907871691,0.38377891477093695,0.9649545454545454,0.11970174854308635,717812.9054629764,0,False,False,True,"{""0"":null,""1"":null,""2"":null,""3"":null}",990.0,972972.0,0.0,692142.0,0.0,692142.0,0.0,588837.603945465,0.0,0.0,0.0,0.0,870949.3254629727,0.0,25.446999910043345,0.0,2800.0,0.0,0.0,0.0,62124.29999937647,0.0,1751.8500000003319,0.0,34607.09999977046,0.0,0.0,0.0,0.0,0.0,0.0,0.0,6921.420000000006,0.0,346071.0,0.0,144.0,0.0,352992.4200000001,0.0,0.0,0.0,870949.3254629727
984,2022-09-11,2022,False,52.69315068493151,990,0,1144,588837.603945465,0.0,70899,52,0.0,,,0.15340276049216342,0.1131743790787169,0.38377891477093695,0.9649545454545454,0.07010769160795055,717812.9054629764,0,False,False,True,"{""0"":null,""1"":null,""2"":null,""3"":null}",990.0,973962.0,0.0,692142.0,0.0,692142.0,0.0,588837.603945465,0.0,0.0,0.0,0.0,870949.3254629727,0.0,25.446999910043345,0.0,2800.0,0.0,0.0,0.0,62124.29999937647,0.0,1751.8500000003319,0.0,34607.09999977046,0.0,0.0,0.0,0.0,0.0,0.0,0.0,6921.420000000006,0.0,346071.0,0.0,144.0,0.0,352992.4200000001,0.0,0.0,0.0,870949.3254629727
985,2022-09-12,2022,True,52.6958904109589,991,991,1146,589679.8914825006,1829.0808718977296,71892,12,0.0,0.8718400767756935,0.11011683947616074,0.15319209036081183,0.11147838128301035,0.38371308504561413,0.9635771947527749,0.0985200444437218,719134.5763348741,0,False,False,True,"{""0"":null,""1"":null,""2"":null,""3"":null}",991.0,974953.0,991.0,693133.0,991.0,693133.0,842.2875370356487,589679.8914825006,842.2875370356487,0.0,0.0,1829.0808718977496,872778.4063348705,0.0,25.446999910043345,4.0,2804.0,0.0,0.0,89.09999999870342,62213.39999937517,7.800000000004729,1759.6500000003366,49.55000000288419,34656.64999977334,0.0,0.0,0.0,0.0,0.0,0.0,9.909999999999854,6931.330000000006,495.5,346566.5,2.0,146.0,505.4099999999744,353497.8300000001,0.0,0.0,1829.0808718977496,872778.4063348705
986,2022-09-13,2022,True,52.6986301369863,991,991,1146,590522.1790195362,1698.0235468329943,71932,33,0.024039923808097198,0.8375818147869,0.14864962244671226,0.15323711384308947,0.11154378123617562,0.38371308504561413,0.9637184661957618,0.12507107714041932,720327.1898817071,0,False,False,True,"{""0"":null,""1"":null,""2"":null,""3"":null}",991.0,975944.0,991.0,694124.0,991.0,694124.0,842.2875370356487,590522.1790195362,842.2875370356487,0.0,0.0,1698.023546832963,874476.4298817035,0.02403992380809683,25.471039833851442,4.0,2808.0,0.0,0.0,89.09999999870342,62302.499999373875,0.0,1759.6500000003366,49.55000000288419,34706.199999776225,0.0,0.0,0.0,0.0,0.0,0.0,9.909999999999854,6941.240000000006,495.5,347062.0,0.0,146.0,505.4099999999744,354003.24000000005,0.0,0.0,1698.023546832963,874476.4298817035
987,2022-09-14,2022,True,52.701369863013696,991,991,1146,591364.4665565719,1595.8466085631717,72048,51,0.0,0.8264035146725075,0.17845536061431705,0.15328838256083666,0.11161207746865313,0.38371308504561413,0.9637083753784056,0.14968776181220858,721417.6264902703,0,False,False,True,"{""0"":null,""1"":null,""2"":null,""3"":null}",991.0,976935.0,991.0,695115.0,991.0,695115.0,842.2875370356487,591364.4665565719,842.2875370356487,0.0,0.0,1595.8466085632099,876072.2764902667,0.0,25.471039833851442,4.0,2812.0,0.0,0.0,89.09999999870342,62391.59999937258,0.0,1759.6500000003366,49.55000000288419,34755.74999977911,0.0,0.0,0.0,0.0,0.0,0.0,9.909999999999854,6951.150000000006,495.5,347557.5,0.0,146.0,505.4099999999744,354508.65,0.0,0.0,1595.8466085632099,876072.2764902667
988,2022-09-15,2022,True,52.704109589041096,991,991,1146,592206.7540936075,1545.4312263273077,72162,49,0.0,0.8325210204799871,0.15894087170203164,0.15327392819487667,0.11172027302864858,0.38371308504561413,0.9639505549949545,0.17251529131054757,722457.6477165975,0,False,False,True,"{""0"":null,""1"":null,""2"":null,""3"":null}",991.0,977926.0,991.0,696106.0,991.0,696106.0,842.2875370356487,592206.7540936075,842.2875370356487,0.0,0.0,1545.4312263273168,877617.707716594,0.0,25.471039833851442,4.0,2816.0,0.0,0.0,89.09999999870342,62480.69999937128,1.8000000000010914,1761.4500000003377,49.55000000288419,34805.29999978199,0.0,0.0,0.0,0.0,0.0,0.0,9.909999999999854,6961.060000000006,495.5,348053.0,0.0,146.0,505.4099999999744,355014.06,0.0,0.0,1545.4312263273168,877617.707716594
989,2022-09-16,2022,True,52.706849315068496,991,991,1146,593049.0416306432,1443.5368166720705,72267,41,0.0,0.8203915964235682,0.16055812858014465,0.15327413692934685,0.11182367224983664,0.38371308504561413,0.9640968718466195,0.1935706054985669,723395.7745332696,0,False,False,True,"{""0"":null,""1"":null,""2"":null,""3"":null}",991.0,978917.0,991.0,697097.0,991.0,697097.0,842.2875370356487,593049.0416306432,842.2875370356487,0.0,0.0,1443.5368166720727,879061.244533266,0.0,25.471039833851442,4.0,2820.0,0.0,0.0,89.09999999870342,62569.799999369985,3.15000000000191,1764.6000000003396,49.55000000288419,34854.84999978488,0.0,0.0,0.0,0.0,0.0,0.0,9.909999999999854,6970.970000000006,495.5,348548.5,0.0,146.0,505.4099999999744,355519.47,0.0,0.0,1443.5368166720727,879061.244533266
990,2022-09-17,2022,False,52.70958904109589,990,0,1146,593049.0416306432,0.0,71399,41,0.0,,,0.15327863092589739,0.11265186267824416,0.38377891477093695,0.965050505050505,0.11973286301726645,723395.7745332696,0,False,False,True,"{""0"":null,""1"":null,""2"":null,""3"":null}",990.0,979907.0,0.0,697097.0,0.0,697097.0,0.0,593049.0416306432,0.0,0.0,0.0,0.0,879061.244533266,0.0,25.471039833851442,0.0,2820.0,0.0,0.0,0.0,62569.799999369985,0.0,1764.6000000003396,0.0,34854.84999978488,0.0,0.0,0.0,0.0,0.0,0.0,0.0,6970.970000000006,0.0,348548.5,0.0,146.0,0.0,355519.47,0.0,0.0,0.0,879061.244533266
991,2022-09-18,2022,False,52.71232876712329,990,0,1146,593049.0416306432,0.0,71399,41,0.0,,,0.1532786309258974,0.11265186267824416,0.38377891477093695,0.965050505050505,0.07024228688165195,723395.7745332696,0,False,False,True,"{""0"":null,""1"":null,""2"":null,""3"":null}",990.0,980897.0,0.0,697097.0,0.0,697097.0,0.0,593049.0416306432,0.0,0.0,0.0,0.0,879061.244533266,0.0,25.471039833851442,0.0,2820.0,0.0,0.0,0.0,62569.799999369985,0.0,1764.6000000003396,0.0,34854.84999978488,0.0,0.0,0.0,0.0,0.0,0.0,0.0,6970.970000000006,0.0,348548.5,0.0,146.0,0.0,355519.47,0.0,0.0,0.0,879061.244533266
992,2022-09-19,2022,True,52.71506849315068,989,989,1146,593889.6778881765,1812.4757132993598,72386,16,0.0,0.8564892035803925,0.134719861092553,0.15317364342620435,0.11245588481486517,0.38376831657619026,0.964191102123357,0.09887298717372273,724703.8602465689,0,False,False,True,"{""0"":null,""1"":null,""2"":null,""3"":null}",989.0,981886.0,989.0,698086.0,989.0,698086.0,840.6362575333333,593889.6778881765,840.6362575333333,0.0,0.0,1812.4757132993545,880873.7202465654,0.0,25.471039833851442,4.0,2824.0,0.0,0.0,88.89999999870633,62658.69999936869,6.150000000003729,1770.7500000003433,49.45000000287837,34904.299999787756,0.0,0.0,0.0,0.0,0.0,0.0,9.890000000000327,6980.860000000006,494.5,349043.0,0.0,146.0,504.39000000001397,356023.86,0.0,0.0,1812.4757132993545,880873.7202465654
993,2022-09-20,2022,True,52.71780821917808,989,989,1146,594730.3141457099,1682.5109434392316,72431,34,0.0,0.842363727646837,0.1382023407182755,0.15322215436891398,0.11259063195890799,0.38376831657619026,0.9640647118301315,0.12550661179333572,725881.9811900081,0,False,False,True,"{""0"":null,""1"":null,""2"":null,""3"":null}",989.0,982875.0,989.0,699075.0,989.0,699075.0,840.6362575333333,594730.3141457099,840.6362575333333,0.0,0.0,1682.510943439207,882556.2311900046,0.0,25.471039833851442,4.0,2828.0,0.0,0.0,88.89999999870633,62747.5999993674,0.0,1770.7500000003433,49.45000000287837,34953.749999790634,0.0,0.0,0.0,0.0,0.0,0.0,9.890000000000327,6990.750000000006,494.5,349537.5,0.0,146.0,504.39000000001397,356528.25,0.0,0.0,1682.510943439207,882556.2311900046
994,2022-09-21,2022,True,52.72054794520548,988,988,1146,595570.0522797862,1634.5334022569957,72535,50,0.0,0.8399585802477214,0.1457955984530248,0.15308098818537735,0.11244305702301831,0.3837577183814437,0.963922064777328,0.14971850209097945,727012.6345922651,0,False,False,True,"{""0"":null,""1"":null,""2"":null,""3"":null}",988.0,983863.0,988.0,700063.0,988.0,700063.0,839.7381340763532,595570.0522797862,839.7381340763532,0.0,0.0,1634.5334022570169,884190.7645922616,0.0,25.471039833851442,4.0,2832.0,0.0,0.0,88.79999999870779,62836.399999366105,0.0,1770.7500000003433,49.40000000287546,35003.14999979351,0.0,0.0,0.0,0.0,0.0,0.0,9.88000000000011,7000.6300000000065,494.0,350031.5,0.0,146.0,503.88000000000466,357032.13,0.0,0.0,1634.5334022570169,884190.7645922616
995,2022-09-22,2022,True,52.723287671232875,988,988,1146,596409.7904138626,1546.1962735681986,72663,45,0.0,0.8328894228042812,0.16339514342099437,0.15303521633533984,0.11251358537925073,0.3837577183814437,0.9642611336032388,0.17251107753726797,728054.9508658333,0,False,False,True,"{""0"":null,""1"":null,""2"":null,""3"":null}",988.0,984851.0,988.0,701051.0,988.0,701051.0,839.7381340763532,596409.7904138626,839.7381340763532,0.0,0.0,1546.1962735682027,885736.9608658298,0.0,25.471039833851442,4.0,2836.0,0.0,0.0,88.79999999870779,62925.19999936481,2.400000000001455,1773.1500000003448,49.40000000287546,35052.549999796385,0.0,0.0,0.0,0.0,0.0,0.0,9.88000000000011,7010.510000000007,494.0,350525.5,0.0,146.0,503.88000000000466,357536.01,0.0,0.0,1546.1962735682027,885736.9608658298
996,2022-09-23,2022,True,52.726027397260275,987,987,1146,597248.6463152762,1499.018317832739,72758,44,0.4588314147534413,0.7861200901165638,0.21138181245038062,0.1529357049882967,0.11240560746176724,0.383747120186697,0.9642502532928066,0.19372036991581343,729050.599183666,0,False,False,True,"{""0"":null,""1"":null,""2"":null,""3"":null}",987.0,985838.0,987.0,702038.0,987.0,702038.0,838.8559014135972,597248.6463152762,838.8559014135972,0.0,0.0,1499.018317832728,887235.9791836626,0.45883141475344047,25.929871248604883,4.0,2840.0,0.0,0.0,88.69999999870925,63013.89999936352,2.700000000001637,1775.8500000003464,49.35000000287255,35101.89999979926,0.0,0.0,0.0,0.0,0.0,0.0,9.86999999999989,7020.3800000000065,493.5,351019.0,0.0,146.0,503.36999999999534,358039.38,0.0,0.0,1499.018317832728,887235.9791836626
997,2022-09-24,2022,False,52.72876712328767,987,0,1146,597248.6463152762,0.0,71899,44,0.0,,,0.15298328347584056,0.112507874793038,0.383747120186697,0.9650861195542046,0.11976213588988095,729050.599183666,0,False,False,True,"{""0"":null,""1"":null,""2"":null,""3"":null}",987.0,986825.0,0.0,702038.0,0.0,702038.0,0.0,597248.6463152762,0.0,0.0,0.0,0.0,887235.9791836626,0.0,25.929871248604883,0.0,2840.0,0.0,0.0,0.0,63013.89999936352,0.0,1775.8500000003464,0.0,35101.89999979926,0.0,0.0,0.0,0.0,0.0,0.0,0.0,7020.3800000000065,0.0,351019.0,0.0,146.0,0.0,358039.38,0.0,0.0,0.0,887235.9791836626
998,2022-09-25,2022,False,52.73150684931507,987,0,1146,597248.6463152762,0.0,71899,44,0.0,,,0.15298328347584056,0.11250787479303799,0.383747120186697,0.9650861195542046,0.07025065234402385,729050.599183666,0,False,False,True,"{""0"":null,""1"":null,""2"":null,""3"":null}",987.0,987812.0,0.0,702038.0,0.0,702038.0,0.0,597248.6463152762,0.0,0.0,0.0,0.0,887235.9791836626,0.0,25.929871248604883,0.0,2840.0,0.0,0.0,0.0,63013.89999936352,0.0,1775.8500000003464,0.0,35101.89999979926,0.0,0.0,0.0,0.0,0.0,0.0,0.0,7020.3800000000065,0.0,351019.0,0.0,146.0,0.0,358039.38,0.0,0.0,0.0,887235.9791836626
999,2022-09-26,2022,True,52.73424657534247,987,987,1146,598087.5022166898,1795.3448755177437,72879,19,0.0,0.8551645606817514,0.13355321533647782,0.15298328347584056,0.11250787479303798,0.383747120186697,0.9640982776089159,0.09889419883793003,730342.5740591838,0,False,False,True,"{""0"":null,""1"":null,""2"":null,""3"":null}",987.0,988799.0,987.0,703025.0,987.0,703025.0,838.8559014135972,598087.5022166898,838.8559014135972,0.0,0.0,1795.344875517767,889031.3240591803,0.0,25.929871248604883,4.0,2844.0,0.0,0.0,88.69999999870925,63102.59999936223,6.600000000004002,1782.4500000003504,49.35000000287255,35151.24999980213,0.0,0.0,0.0,0.0,0.0,0.0,9.86999999999989,7030.250000000006,493.5,351512.5,0.0,146.0,503.36999999999534,358542.75,0.0,0.0,1795.344875517767,889031.3240591803
1000,2022-09-27,2022,True,52.73698630136986,988,988,1147,598927.1507465914,1696.1766475751651,72939,28,0.0,0.8442110993594205,0.13795100650941564,0.15295201864142519,0.11190640054389679,0.3837577183814437,0.9639726720647773,0.1254234015923582,731533.870706759,0,False,False,True,"{""0"":null,""1"":null,""2"":null,""3"":null}",988.0,989787.0,988.0,704013.0,988.0,704013.0,839.6485299016349,598927.1507465914,839.6485299016349,0.0,0.0,1696.176647575223,890727.5007067556,0.0,25.929871248604883,4.0,2848.0,0.0,0.0,88.79999999870779,63191.39999936094,0.0,1782.4500000003504,49.40000000287546,35200.649999805006,0.0,0.0,0.0,0.0,0.0,0.0,9.88000000000011,7040.1300000000065,494.0,352006.5,1.0,147.0,503.88000000000466,359046.63,0.0,0.0,1696.176647575223,890727.5007067556
1001,2022-09-28,2022,True,52.73972602739726,988,988,1147,599766.799276493,1600.5613611248834,73044,43,0.0,0.8269515308196348,0.18385285896326892,0.1529240816408153,0.11198428538158987,0.3837577183814437,0.9638663967611335,0.15008245499104503,732630.5520678839,0,False,False,True,"{""0"":null,""1"":null,""2"":null,""3"":null}",988.0,990775.0,988.0,705001.0,988.0,705001.0,839.6485299016349,599766.799276493,839.6485299016349,0.0,0.0,1600.5613611248555,892328.0620678804,0.0,25.929871248604883,4.0,2852.0,0.0,0.0,88.79999999870779,63280.19999935965,0.0,1782.4500000003504,49.40000000287546,35250.04999980788,0.0,0.0,0.0,0.0,0.0,0.0,9.88000000000011,7050.010000000007,494.0,352500.5,0.0,147.0,503.88000000000466,359550.51,0.0,0.0,1600.5613611248555,892328.0620678804
1002,2022-09-29,2022,True,52.74246575342466,988,988,1147,600606.4478063947,1527.2552028890484,73156,43,0.0,0.8238333010128793,0.17389384026145044,0.15297048727515034,0.11208178150397897,0.3837577183814437,0.9637651821862349,0.17282693857159628,733653.927270773,0,False,False,True,"{""0"":null,""1"":null,""2"":null,""3"":null}",988.0,991763.0,988.0,705989.0,988.0,705989.0,839.6485299016349,600606.4478063947,839.6485299016349,0.0,0.0,1527.2552028890932,893855.3172707695,0.0,25.929871248604883,4.0,2856.0,0.0,0.0,88.79999999870779,63368.999999358355,2.850000000001728,1785.3000000003522,49.40000000287546,35299.44999981076,0.0,0.0,0.0,0.0,0.0,0.0,9.88000000000011,7059.890000000007,494.0,352994.5,0.0,147.0,503.88000000000466,360054.39,0.0,0.0,1527.2552028890932,893855.3172707695
1003,2022-09-30,2022,True,52.74520547945205,988,988,1147,601446.0963362963,1469.1706821752612,73246,52,0.0,0.8137889268141987,0.1743840414670959,0.15293694942812622,0.11215369165144665,0.3837577183814437,0.9637601214574899,0.1938438696257703,734619.2179529483,0,False,False,True,"{""0"":null,""1"":null,""2"":null,""3"":null}",988.0,992751.0,988.0,706977.0,988.0,706977.0,839.6485299016349,601446.0963362963,839.6485299016349,0.0,0.0,1469.1706821753178,895324.4879529448,0.0,25.929871248604883,4.0,2860.0,0.0,0.0,88.79999999870779,63457.79999935706,1.3500000000008185,1786.650000000353,49.40000000287546,35348.84999981363,0.0,0.0,0.0,0.0,0.0,0.0,9.88000000000011,7069.770000000007,494.0,353488.5,0.0,147.0,503.88000000000466,360558.27,0.0,0.0,1469.1706821753178,895324.4879529448
1004,2022-10-01,2022,False,52.74794520547945,988,0,1147,601446.0963362963,0.0,72399,52,0.0,,,0.15290155710841663,0.11222853471193572,0.3837577183814437,0.9647570850202428,0.11996218987791443,734619.2179529483,0,False,False,True,"{""0"":null,""1"":null,""2"":null,""3"":null}",988.0,993739.0,0.0,706977.0,0.0,706977.0,0.0,601446.0963362963,0.0,0.0,0.0,0.0,895324.4879529448,0.0,25.929871248604883,0.0,2860.0,0.0,0.0,0.0,63457.79999935706,0.0,1786.650000000353,0.0,35348.84999981363,0.0,0.0,0.0,0.0,0.0,0.0,0.0,7069.770000000007,0.0,353488.5,0.0,147.0,0.0,360558.27,0.0,0.0,0.0,895324.4879529448
1005,2022-10-02,2022,False,52.75068493150685,988,0,1147,601446.0963362963,0.0,72399,52,0.0,,,0.15290155710841663,0.11222853471193571,0.3837577183814437,0.9647570850202428,0.07049151433611266,734619.2179529483,0,False,False,True,"{""0"":null,""1"":null,""2"":null,""3"":null}",988.0,994727.0,0.0,706977.0,0.0,706977.0,0.0,601446.0963362963,0.0,0.0,0.0,0.0,895324.4879529448,0.0,25.929871248604883,0.0,2860.0,0.0,0.0,0.0,63457.79999935706,0.0,1786.650000000353,0.0,35348.84999981363,0.0,0.0,0.0,0.0,0.0,0.0,0.0,7069.770000000007,0.0,353488.5,0.0,147.0,0.0,360558.27,0.0,0.0,0.0,895324.4879529448
1006,2022-10-03,2022,True,52.75342465753425,988,988,1147,602285.7448661979,1669.5901120801022,73390,17,0.0,0.8542596871142117,0.13719221415862987,0.15290155710841663,0.1122285347119357,0.3837577183814437,0.9638815789473684,0.09903756245311648,735784.9280650284,0,False,False,True,"{""0"":null,""1"":null,""2"":null,""3"":null}",988.0,995715.0,988.0,707965.0,988.0,707965.0,839.6485299016349,602285.7448661979,839.6485299016349,0.0,0.0,1669.590112080099,896994.0780650249,0.0,25.929871248604883,4.0,2864.0,0.0,0.0,88.79999999870779,63546.59999935577,7.800000000004729,1794.4500000003577,49.40000000287546,35398.24999981651,0.0,0.0,0.0,0.0,0.0,0.0,9.88000000000011,7079.650000000007,494.0,353982.5,0.0,147.0,503.88000000000466,361062.15,0.0,0.0,1669.590112080099,896994.0780650249
1007,2022-10-04,2022,True,52.75616438356165,989,989,1148,603126.1172410473,1555.1628684372836,73448,31,0.0,0.8302135668178787,0.14576176014367984,0.15284998752661624,0.11155589606382314,0.38376831657619026,0.9638574317492417,0.12561118535493243,736834.7009334656,0,False,False,True,"{""0"":null,""1"":null,""2"":null,""3"":null}",989.0,996704.0,989.0,708954.0,989.0,708954.0,840.372374849394,603126.1172410473,840.372374849394,0.0,0.0,1555.1628684372408,898549.2409334622,0.0,25.929871248604883,4.0,2868.0,0.0,0.0,88.89999999870633,63635.49999935448,0.0,1794.4500000003577,49.45000000287837,35447.699999819386,0.0,0.0,0.0,0.0,0.0,0.0,9.890000000000327,7089.540000000007,494.5,354477.0,1.0,148.0,504.39000000001397,361566.54000000004,0.0,0.0,1555.1628684372408,898549.2409334622
1008,2022-10-05,2022,True,52.75890410958904,989,989,1148,603966.4896158967,1504.0366301218178,73538,44,0.0,0.8432738061954542,0.1458192260707278,0.15287035485671976,0.11165705391486586,0.38376831657619026,0.9637765419615774,0.15026248423574737,737834.3475635875,0,False,False,True,"{""0"":null,""1"":null,""2"":null,""3"":null}",989.0,997693.0,989.0,709943.0,989.0,709943.0,840.372374849394,603966.4896158967,840.372374849394,0.0,0.0,1504.0366301218746,900053.277563584,0.0,25.929871248604883,4.0,2872.0,0.0,0.0,88.89999999870633,63724.39999935318,0.0,1794.4500000003577,49.45000000287837,35497.149999822264,0.0,0.0,0.0,0.0,0.0,0.0,9.890000000000327,7099.430000000008,494.5,354971.5,0.0,148.0,504.39000000001397,362070.93000000005,0.0,0.0,1504.0366301218746,900053.277563584
1009,2022-10-06,2022,True,52.76164383561644,989,989,1148,604806.8619907461,1395.9398562829372,73659,41,0.0,0.8311931938279433,0.1685193822189026,0.1528478706051954,0.11170506589540645,0.38376831657619026,0.9638422649140546,0.173072696343022,738725.8974198704,0,False,False,True,"{""0"":null,""1"":null,""2"":null,""3"":null}",989.0,998682.0,989.0,710932.0,989.0,710932.0,840.372374849394,604806.8619907461,840.372374849394,0.0,0.0,1395.939856282901,901449.2174198669,0.0,25.929871248604883,4.0,2876.0,0.0,0.0,88.89999999870633,63813.29999935189,2.550000000001546,1797.0000000003593,49.45000000287837,35546.59999982514,0.0,0.0,0.0,0.0,0.0,0.0,9.890000000000327,7109.320000000008,494.5,355466.0,0.0,148.0,504.39000000001397,362575.32000000007,0.0,0.0,1395.939856282901,901449.2174198669
1010,2022-10-07,2022,True,52.76438356164383,989,989,1148,605647.2343655955,1336.934110939751,73758,38,0.39072523932369513,0.8271526413742261,0.16666420205334745,0.15287266033717478,0.11176378271592728,0.38376831657619026,0.9640849342770476,0.1940651258628359,739558.4415308101,0,False,False,True,"{""0"":null,""1"":null,""2"":null,""3"":null}",989.0,999671.0,989.0,711921.0,989.0,711921.0,840.372374849394,605647.2343655955,840.372374849394,0.0,0.0,1336.9341109397355,902786.1515308067,0.3907252393236966,26.32059648792858,4.0,2880.0,0.0,0.0,88.89999999870633,63902.199999350596,2.1000000000012733,1799.1000000003605,49.45000000287837,35596.04999982802,0.0,0.0,0.0,0.0,0.0,0.0,9.890000000000327,7119.210000000008,494.5,355960.5,0.0,148.0,504.39000000001397,363079.7100000001,0.0,0.0,1336.9341109397355,902786.1515308067
1011,2022-10-08,2022,False,52.76712328767123,989,0,1148,605647.2343655955,0.0,72899,38,0.0,,,0.1528954598302255,0.11183697095970806,0.38376831657619026,0.9649039433771486,0.12024015000528492,739558.4415308101,0,False,False,True,"{""0"":null,""1"":null,""2"":null,""3"":null}",989.0,1000660.0,0.0,711921.0,0.0,711921.0,0.0,605647.2343655955,0.0,0.0,0.0,0.0,902786.1515308067,0.0,26.32059648792858,0.0,2880.0,0.0,0.0,0.0,63902.199999350596,0.0,1799.1000000003605,0.0,35596.04999982802,0.0,0.0,0.0,0.0,0.0,0.0,0.0,7119.210000000008,0.0,355960.5,0.0,148.0,0.0,363079.7100000001,0.0,0.0,0.0,902786.1515308067
1012,2022-10-09,2022,False,52.76986301369863,989,0,1148,605647.2343655955,0.0,72899,38,0.0,,,0.1528954598302255,0.11183697095970806,0.38376831657619026,0.9649039433771486,0.07084989003076862,739558.4415308101,0,False,False,True,"{""0"":null,""1"":null,""2"":null,""3"":null}",989.0,1001649.0,0.0,711921.0,0.0,711921.0,0.0,605647.2343655955,0.0,0.0,0.0,0.0,902786.1515308067,0.0,26.32059648792858,0.0,2880.0,0.0,0.0,0.0,63902.199999350596,0.0,1799.1000000003605,0.0,35596.04999982802,0.0,0.0,0.0,0.0,0.0,0.0,0.0,7119.210000000008,0.0,355960.5,0.0,148.0,0.0,363079.7100000001,0.0,0.0,0.0,902786.1515308067
1013,2022-10-10,2022,True,52.772602739726025,989,989,1148,606487.6067404449,1628.8437163690528,73885,20,0.0,0.8645088897111106,0.12375041508832645,0.1528954598302255,0.11183697095970806,0.38376831657619026,0.9641051567239636,0.09939219837976362,740682.8952471791,0,False,False,True,"{""0"":null,""1"":null,""2"":null,""3"":null}",989.0,1002638.0,989.0,712910.0,989.0,712910.0,840.372374849394,606487.6067404449,840.372374849394,0.0,0.0,1628.8437163690105,904414.9952471757,0.0,26.32059648792858,4.0,2884.0,0.0,0.0,88.89999999870633,63991.0999993493,5.700000000003456,1804.800000000364,49.45000000287837,35645.4999998309,0.0,0.0,0.0,0.0,0.0,0.0,9.890000000000327,7129.100000000009,494.5,356455.0,0.0,148.0,504.39000000001397,363584.1000000001,0.0,0.0,1628.8437163690105,904414.9952471757
1014,2022-10-11,2022,True,52.775342465753425,989,989,1148,607327.9791152943,1558.1560694978537,73944,35,0.0,0.8372050461151409,0.1517455268217971,0.15289085855968326,0.11200138069265268,0.38376831657619026,0.9643427704752275,0.12598800303222718,741736.6613166769,0,False,False,True,"{""0"":null,""1"":null,""2"":null,""3"":null}",989.0,1003627.0,989.0,713899.0,989.0,713899.0,840.372374849394,607327.9791152943,840.372374849394,0.0,0.0,1558.1560694978107,905973.1513166735,0.0,26.32059648792858,4.0,2888.0,0.0,0.0,88.89999999870633,64079.99999934801,0.0,1804.800000000364,49.45000000287837,35694.94999983378,0.0,0.0,0.0,0.0,0.0,0.0,9.890000000000327,7138.990000000009,494.5,356949.5,0.0,148.0,504.39000000001397,364088.4900000001,0.0,0.0,1558.1560694978107,905973.1513166735
1015,2022-10-12,2022,True,52.778082191780825,989,989,1148,608168.3514901437,1479.0386905354628,74038,53,0.0,0.8230392191854214,0.18054885908706092,0.15284493060325754,0.11202497245195125,0.38376831657619026,0.9639737108190091,0.15068540002668018,742711.3100072123,0,False,False,True,"{""0"":null,""1"":null,""2"":null,""3"":null}",989.0,1004616.0,989.0,714888.0,989.0,714888.0,840.372374849394,608168.3514901437,840.372374849394,0.0,0.0,1479.038690535468,907452.190007209,0.0,26.32059648792858,4.0,2892.0,0.0,0.0,88.89999999870633,64168.899999346715,0.0,1804.800000000364,49.45000000287837,35744.399999836656,0.0,0.0,0.0,0.0,0.0,0.0,9.890000000000327,7148.880000000009,494.5,357444.0,0.0,148.0,504.39000000001397,364592.8800000001,0.0,0.0,1479.038690535468,907452.190007209
1016,2022-10-13,2022,True,52.78082191780822,989,989,1148,609008.7238649931,1452.0607989787027,74157,52,0.0,0.8250838844664726,0.1828624725254075,0.15283700115837218,0.1120608856634391,0.38376831657619026,0.9638624873609707,0.17342455435085774,743658.980806191,0,False,False,True,"{""0"":null,""1"":null,""2"":null,""3"":null}",989.0,1005605.0,989.0,715877.0,989.0,715877.0,840.372374849394,609008.7238649931,840.372374849394,0.0,0.0,1452.0607989786658,908904.2508061876,0.0,26.32059648792858,4.0,2896.0,0.0,0.0,88.89999999870633,64257.79999934542,3.000000000001819,1807.8000000003658,49.45000000287837,35793.849999839535,0.0,0.0,0.0,0.0,0.0,0.0,9.890000000000327,7158.7700000000095,494.5,357938.5,0.0,148.0,504.39000000001397,365097.27000000014,0.0,0.0,1452.0607989786658,908904.2508061876
1017,2022-10-14,2022,True,52.78356164383562,988,988,1148,609848.2539091632,1368.7400870486242,74277,48,0.0,0.8097485726454747,0.19738529683703204,0.15303471280166642,0.11254622449014215,0.3837577183814437,0.9643168016194332,0.1944672721639654,744523.8408932396,0,False,False,True,"{""0"":null,""1"":null,""2"":null,""3"":null}",988.0,1006593.0,988.0,716865.0,988.0,716865.0,839.5300441700965,609848.2539091632,839.5300441700965,0.0,0.0,1368.7400870486163,910272.9908932362,0.0,26.32059648792858,4.0,2900.0,0.0,0.0,88.79999999870779,64346.59999934413,2.2500000000013642,1810.0500000003672,49.40000000287546,35843.24999984241,0.0,0.0,0.0,0.0,0.0,0.0,9.88000000000011,7168.65000000001,494.0,358432.5,0.0,148.0,503.88000000000466,365601.15000000014,0.0,0.0,1368.7400870486163,910272.9908932362
1018,2022-10-15,2022,False,52.78630136986301,988,0,1148,609848.2539091632,0.0,73399,48,0.0,,,0.15303728822447704,0.11269698382167305,0.3837577183814437,0.9654301619433199,0.12059952030942785,744523.8408932396,0,False,False,True,"{""0"":null,""1"":null,""2"":null,""3"":null}",988.0,1007581.0,0.0,716865.0,0.0,716865.0,0.0,609848.2539091632,0.0,0.0,0.0,0.0,910272.9908932362,0.0,26.32059648792858,0.0,2900.0,0.0,0.0,0.0,64346.59999934413,0.0,1810.0500000003672,0.0,35843.24999984241,0.0,0.0,0.0,0.0,0.0,0.0,0.0,7168.65000000001,0.0,358432.5,0.0,148.0,0.0,365601.15000000014,0.0,0.0,0.0,910272.9908932362
1019,2022-10-16,2022,False,52.78904109589041,988,0,1148,609848.2539091632,0.0,73399,48,0.0,,,0.15303728822447704,0.11269698382167305,0.3837577183814437,0.9654301619433199,0.07126476263975068,744523.8408932396,0,False,False,True,"{""0"":null,""1"":null,""2"":null,""3"":null}",988.0,1008569.0,0.0,716865.0,0.0,716865.0,0.0,609848.2539091632,0.0,0.0,0.0,0.0,910272.9908932362,0.0,26.32059648792858,0.0,2900.0,0.0,0.0,0.0,64346.59999934413,0.0,1810.0500000003672,0.0,35843.24999984241,0.0,0.0,0.0,0.0,0.0,0.0,0.0,7168.65000000001,0.0,358432.5,0.0,148.0,0.0,365601.15000000014,0.0,0.0,0.0,910272.9908932362
1020,2022-10-17,2022,True,52.79178082191781,988,988,1148,610687.7839533333,1651.7680844680076,74398,15,0.06282797784357143,0.8460970870744755,0.1500056292713703,0.15303728822447704,0.11269698382167305,0.3837577183814437,0.9647672064777327,0.09975833423709146,745671.7289777076,0,False,False,True,"{""0"":null,""1"":null,""2"":null,""3"":null}",988.0,1009557.0,988.0,717853.0,988.0,717853.0,839.5300441700965,610687.7839533333,839.5300441700965,0.0,0.0,1651.7680844679708,911924.7589777042,0.06282797784357186,26.38342446577215,4.0,2904.0,0.0,0.0,88.79999999870779,64435.39999934284,7.200000000004366,1817.2500000003715,49.40000000287546,35892.649999845285,0.0,0.0,0.0,0.0,0.0,0.0,9.88000000000011,7178.53000000001,494.0,358926.5,0.0,148.0,503.88000000000466,366105.03000000014,0.0,0.0,1651.7680844679708,911924.7589777042
1021,2022-10-18,2022,True,52.794520547945204,988,988,1148,611527.3139975034,1538.5478589499648,74455,25,0.02456830386038964,0.8441377339118497,0.14750728949804756,0.15301829637474765,0.1128188892788998,0.3837577183814437,0.9652176113360323,0.12633070307728586,746706.3968366575,0,False,False,True,"{""0"":null,""1"":null,""2"":null,""3"":null}",988.0,1010545.0,988.0,718841.0,988.0,718841.0,839.5300441700965,611527.3139975034,839.5300441700965,0.0,0.0,1538.5478589499835,913463.3068366542,0.024568303860387886,26.40799276963254,4.0,2908.0,0.0,0.0,88.79999999870779,64524.199999341545,0.0,1817.2500000003715,49.40000000287546,35942.04999984816,0.0,0.0,0.0,0.0,0.0,0.0,9.88000000000011,7188.41000000001,494.0,359420.5,0.0,148.0,503.88000000000466,366608.91000000015,0.0,0.0,1538.5478589499835,913463.3068366542
1022,2022-10-19,2022,True,52.797260273972604,989,989,1149,612367.6712504979,1494.7723524263363,74558,37,0.0,0.8250715412256313,0.17291669790170444,0.15295800675619994,0.11216751360539794,0.38376831657619026,0.9649544994944389,0.1509693957638909,747695.7791890838,0,False,False,True,"{""0"":null,""1"":null,""2"":null,""3"":null}",989.0,1011534.0,989.0,719830.0,989.0,719830.0,840.3572529945523,612367.6712504979,840.3572529945523,0.0,0.0,1494.7723524263129,914958.0791890805,0.0,26.40799276963254,4.0,2912.0,0.0,0.0,88.89999999870633,64613.09999934025,0.0,1817.2500000003715,49.45000000287837,35991.49999985104,0.0,0.0,0.0,0.0,0.0,0.0,9.890000000000327,7198.30000000001,494.5,359915.0,1.0,149.0,504.39000000001397,367113.30000000016,0.0,0.0,1494.7723524263129,914958.0791890805
1023,2022-10-20,2022,True,52.8,988,988,1149,613207.2976751628,1362.9912820452248,74662,39,0.0,0.8329986391903232,0.1588423687018185,0.15312378412547095,0.11232329210802329,0.3839652164658678,0.964838056680162,0.173837114778783,748554.8904711291,0,False,False,True,"{""0"":null,""1"":null,""2"":null,""3"":null}",988.0,1012522.0,988.0,720818.0,988.0,720818.0,839.6264246648643,613207.2976751628,839.6264246648643,0.0,0.0,1362.9912820452591,916321.0704711258,0.0,26.40799276963254,4.0,2916.0,0.0,0.0,88.79999999870779,64701.89999933896,2.2500000000013642,1819.500000000373,49.40000000287546,36040.899999853915,0.0,0.0,0.0,0.0,0.0,0.0,9.88000000000011,7208.18000000001,494.0,360409.0,0.0,149.0,503.88000000000466,367617.18000000017,0.0,0.0,1362.9912820452591,916321.0704711258
1024,2022-10-21,2022,True,52.8027397260274,988,988,1149,614046.9240998277,1348.1106061034322,74756,40,0.0,0.8108132604780852,0.18705112181759978,0.15312751830557672,0.11238946907700725,0.3839652164658678,0.9646255060728745,0.19481690300327004,749399.1210772325,0,False,False,True,"{""0"":null,""1"":null,""2"":null,""3"":null}",988.0,1013510.0,988.0,721806.0,988.0,721806.0,839.6264246648643,614046.9240998277,839.6264246648643,0.0,0.0,1348.110606103437,917669.1810772292,0.0,26.40799276963254,4.0,2920.0,0.0,0.0,88.79999999870779,64790.69999933767,1.5000000000009095,1821.0000000003738,49.40000000287546,36090.29999985679,0.0,0.0,0.0,0.0,0.0,0.0,9.88000000000011,7218.06000000001,494.0,360903.0,0.0,149.0,503.88000000000466,368121.0600000002,0.0,0.0,1348.110606103437,917669.1810772292
1025,2022-10-22,2022,False,52.8054794520548,988,0,1149,614046.9240998277,0.0,73899,40,0.0,,,0.15315428805061068,0.11249606960009077,0.3839652164658678,0.9652935222672065,0.12076723245511783,749399.1210772325,0,False,False,True,"{""0"":null,""1"":null,""2"":null,""3"":null}",988.0,1014498.0,0.0,721806.0,0.0,721806.0,0.0,614046.9240998277,0.0,0.0,0.0,0.0,917669.1810772292,0.0,26.40799276963254,0.0,2920.0,0.0,0.0,0.0,64790.69999933767,0.0,1821.0000000003738,0.0,36090.29999985679,0.0,0.0,0.0,0.0,0.0,0.0,0.0,7218.06000000001,0.0,360903.0,0.0,149.0,0.0,368121.0600000002,0.0,0.0,0.0,917669.1810772292
1026,2022-10-23,2022,False,52.80821917808219,989,0,1150,614046.9240998277,0.0,73899,40,0.0,,,0.15286269060502516,0.1115621502874179,0.38376831657619026,0.965025278058645,0.07126238182341535,749398.1210772325,0,False,False,True,"{""0"":null,""1"":null,""2"":null,""3"":null}",989.0,1015487.0,0.0,721806.0,0.0,721806.0,0.0,614046.9240998277,0.0,0.0,0.0,0.0,917669.1810772292,0.0,26.40799276963254,0.0,2920.0,0.0,0.0,0.0,64790.69999933767,0.0,1821.0000000003738,0.0,36090.29999985679,0.0,0.0,0.0,0.0,0.0,0.0,0.0,7218.06000000001,0.0,360903.0,1.0,150.0,0.0,368121.0600000002,0.0,0.0,0.0,917669.1810772292
1027,2022-10-24,2022,True,52.81095890410959,989,989,1150,614887.4785528183,1632.940420388554,74894,17,0.0,0.8605136949496415,0.1206547558688019,0.15286269060502516,0.11156215028741788,0.38376831657619026,0.9644236602628918,0.09982598931901196,750526.6714976211,0,False,False,True,"{""0"":null,""1"":null,""2"":null,""3"":null}",989.0,1016476.0,989.0,722795.0,989.0,722795.0,840.5544529906474,614887.4785528183,840.5544529906474,0.0,0.0,1632.9404203885933,919302.1214976178,0.0,26.40799276963254,4.0,2924.0,0.0,0.0,88.89999999870633,64879.59999933637,6.000000000003638,1827.0000000003774,49.45000000287837,36139.74999985967,0.0,0.0,0.0,0.0,0.0,0.0,9.890000000000327,7227.950000000011,494.5,361397.5,0.0,150.0,504.39000000001397,368625.4500000002,0.0,0.0,1632.9404203885933,919302.1214976178
1028,2022-10-25,2022,True,52.81369863013698,988,988,1150,615727.2874036446,1584.3755902414157,74956,27,0.0,0.8238743460065204,0.18384086914075856,0.15292402674677635,0.11227440326607314,0.3837577183814437,0.965743927125506,0.12655610114031496,751607.1670878625,0,False,False,True,"{""0"":null,""1"":null,""2"":null,""3"":null}",988.0,1017464.0,988.0,723783.0,988.0,723783.0,839.8088508263463,615727.2874036446,839.8088508263463,0.0,0.0,1584.3755902413977,920886.4970878592,0.0,26.40799276963254,4.0,2928.0,0.0,0.0,88.79999999870779,64968.39999933508,0.0,1827.0000000003774,49.40000000287546,36189.149999862544,0.0,0.0,0.0,0.0,0.0,0.0,9.88000000000011,7237.830000000011,494.0,361891.5,0.0,150.0,503.88000000000466,369129.3300000002,0.0,0.0,1584.3755902413977,920886.4970878592
1029,2022-10-26,2022,True,52.81643835616438,988,988,1150,616567.096254471,1473.441071333631,75048,44,0.10351741100616728,0.8208009781795296,0.17928328479070785,0.15293768309495992,0.11239477855988031,0.3837577183814437,0.9656224696356275,0.1512538233680595,752576.7281591961,0,False,False,True,"{""0"":null,""1"":null,""2"":null,""3"":null}",988.0,1018452.0,988.0,724771.0,988.0,724771.0,839.8088508263463,616567.096254471,839.8088508263463,0.0,0.0,1473.4410713335965,922359.9381591928,0.10351741100616607,26.511510180638705,4.0,2932.0,0.0,0.0,88.79999999870779,65057.19999933379,0.0,1827.0000000003774,49.40000000287546,36238.54999986542,0.0,0.0,0.0,0.0,0.0,0.0,9.88000000000011,7247.710000000011,494.0,362385.5,0.0,150.0,503.88000000000466,369633.2100000002,0.0,0.0,1473.4410713335965,922359.9381591928
1030,2022-10-27,2022,True,52.81917808219178,988,988,1150,617406.9051052973,1427.9062678773391,75160,46,0.28953496203289214,0.8320407630323803,0.16030478930379938,0.15289233871673077,0.1124536003738332,0.3837577183814437,0.9654757085020242,0.17401846391166273,753500.7544270734,0,False,False,True,"{""0"":null,""1"":null,""2"":null,""3"":null}",988.0,1019440.0,988.0,725759.0,988.0,725759.0,839.8088508263463,617406.9051052973,839.8088508263463,0.0,0.0,1427.906267877319,923787.8444270701,0.2895349620328922,26.801045142671597,4.0,2936.0,0.0,0.0,88.79999999870779,65145.9999993325,2.550000000001546,1829.550000000379,49.40000000287546,36287.949999868295,0.0,0.0,0.0,0.0,0.0,0.0,9.88000000000011,7257.590000000011,494.0,362879.5,0.0,150.0,503.88000000000466,370137.0900000002,0.0,0.0,1427.906267877319,923787.8444270701
1031,2022-10-28,2022,True,52.821917808219176,988,988,1150,618246.7139561237,1378.4604001688974,75256,48,0.0,0.8026060497544637,0.20627490466644374,0.15289326286264387,0.11252430869935151,0.3837577183814437,0.9653997975708501,0.1949817176007664,754375.3348272423,0,False,False,True,"{""0"":null,""1"":null,""2"":null,""3"":null}",988.0,1020428.0,988.0,726747.0,988.0,726747.0,839.8088508263463,618246.7139561237,839.8088508263463,0.0,0.0,1378.4604001689004,925166.304827239,0.0,26.801045142671597,4.0,2940.0,0.0,0.0,88.79999999870779,65234.799999331204,1.5000000000009095,1831.05000000038,49.40000000287546,36337.34999987117,0.0,0.0,0.0,0.0,0.0,0.0,9.88000000000011,7267.470000000011,494.0,363373.5,0.0,150.0,503.88000000000466,370640.9700000002,0.0,0.0,1378.4604001689004,925166.304827239
1032,2022-10-29,2022,False,52.824657534246576,988,0,1150,618246.7139561237,0.0,74399,48,0.0,,,0.1528784979898864,0.11261480438282147,0.3837577183814437,0.9661032388663967,0.12093419247110454,754375.3348272423,0,False,False,True,"{""0"":null,""1"":null,""2"":null,""3"":null}",988.0,1021416.0,0.0,726747.0,0.0,726747.0,0.0,618246.7139561237,0.0,0.0,0.0,0.0,925166.304827239,0.0,26.801045142671597,0.0,2940.0,0.0,0.0,0.0,65234.799999331204,0.0,1831.05000000038,0.0,36337.34999987117,0.0,0.0,0.0,0.0,0.0,0.0,0.0,7267.470000000011,0.0,363373.5,0.0,150.0,0.0,370640.9700000002,0.0,0.0,0.0,925166.304827239
1033,2022-10-30,2022,False,52.82739726027397,988,0,1150,618246.7139561237,0.0,74399,48,0.0,,,0.1528784979898864,0.11261480438282144,0.3837577183814437,0.9661032388663967,0.07145608422294997,754375.3348272423,0,False,False,True,"{""0"":null,""1"":null,""2"":null,""3"":null}",988.0,1022404.0,0.0,726747.0,0.0,726747.0,0.0,618246.7139561237,0.0,0.0,0.0,0.0,925166.304827239,0.0,26.801045142671597,0.0,2940.0,0.0,0.0,0.0,65234.799999331204,0.0,1831.05000000038,0.0,36337.34999987117,0.0,0.0,0.0,0.0,0.0,0.0,0.0,7267.470000000011,0.0,363373.5,0.0,150.0,0.0,370640.9700000002,0.0,0.0,0.0,925166.304827239
1034,2022-10-31,2022,True,52.83013698630137,988,988,1150,619086.52280695,1635.54149795407,75384,20,0.0,0.8653443139596998,0.12217118761759357,0.1528784979898864,0.11261480438282145,0.3837577183814437,0.9652125506072874,0.1000086741015862,755506.9963251963,0,False,False,True,"{""0"":null,""1"":null,""2"":null,""3"":null}",988.0,1023392.0,988.0,727735.0,988.0,727735.0,839.8088508263463,619086.52280695,839.8088508263463,0.0,0.0,1635.541497954051,926801.8463251931,0.0,26.801045142671597,4.0,2944.0,0.0,0.0,88.79999999870779,65323.59999932991,7.200000000004366,1838.2500000003843,49.40000000287546,36386.749999874046,0.0,0.0,0.0,0.0,0.0,0.0,9.88000000000011,7277.350000000011,494.0,363867.5,0.0,150.0,503.88000000000466,371144.8500000002,0.0,0.0,1635.541497954051,926801.8463251931
1035,2022-11-01,2022,True,52.83287671232877,989,989,1151,619927.1178280412,1564.3786080427817,75439,39,0.0,0.8290540798525394,0.1689650410462986,0.15261469588920606,0.11182770932697939,0.38356399332123453,0.965025278058645,0.1265453157675857,756565.9849332392,0,False,False,True,"{""0"":null,""1"":null,""2"":null,""3"":null}",989.0,1024381.0,989.0,728724.0,989.0,728724.0,840.5950210911687,619927.1178280412,840.5950210911687,0.0,0.0,1564.37860804284,928366.2249332359,0.0,26.801045142671597,4.0,2948.0,0.0,0.0,88.89999999870633,65412.49999932862,0.0,1838.2500000003843,49.45000000287837,36436.199999876924,0.0,0.0,0.0,0.0,0.0,0.0,9.890000000000327,7287.240000000012,494.5,364362.0,1.0,151.0,504.39000000001397,371649.2400000002,0.0,0.0,1564.37860804284,928366.2249332359
1036,2022-11-02,2022,True,52.83561643835616,989,989,1151,620767.7128491324,1482.5714310637616,75553,55,0.0,0.8190301833382706,0.1803726438789143,0.15259016064176195,0.11188796392893674,0.38356399332123453,0.9650758341759353,0.15113558773315566,757544.166364303,0,False,False,True,"{""0"":null,""1"":null,""2"":null,""3"":null}",989.0,1025370.0,989.0,729713.0,989.0,729713.0,840.5950210911687,620767.7128491324,840.5950210911687,0.0,0.0,1482.571431063814,929848.7963642997,0.0,26.801045142671597,4.0,2952.0,0.0,0.0,88.89999999870633,65501.399999327325,0.0,1838.2500000003843,49.45000000287837,36485.6499998798,0.0,0.0,0.0,0.0,0.0,0.0,9.890000000000327,7297.130000000012,494.5,364856.5,0.0,151.0,504.39000000001397,372153.63000000024,0.0,0.0,1482.571431063814,929848.7963642997
1037,2022-11-03,2022,True,52.83835616438356,989,989,1151,621608.3078702235,1431.6611996524468,75672,54,0.0,0.8331481188900958,0.16958472932441176,0.1525686769542384,0.11197434965832112,0.38356399332123453,0.9651870576339737,0.17390205290938748,758471.4375639554,0,False,False,True,"{""0"":null,""1"":null,""2"":null,""3"":null}",989.0,1026359.0,989.0,730702.0,989.0,730702.0,840.5950210911687,621608.3078702235,840.5950210911687,0.0,0.0,1431.6611996524734,931280.4575639522,0.0,26.801045142671597,4.0,2956.0,0.0,0.0,88.9000000026499,65590.29999932997,3.000000000001819,1841.250000000386,49.45000000287837,36535.09999988268,0.0,0.0,0.0,0.0,0.0,0.0,9.890000000000327,7307.020000000012,494.5,365351.0,0.0,151.0,504.39000000001397,372658.02000000025,0.0,0.0,1431.6611996524734,931280.4575639522
1038,2022-11-04,2022,True,52.84109589041096,989,989,1151,622448.9028913147,1365.8828316269003,75771,50,0.0,0.8251483163819493,0.16864437708326924,0.15261359345763542,0.11207552569630032,0.38356399332123453,0.9654095045500505,0.19488145670941204,759332.9303955823,0,False,False,True,"{""0"":null,""1"":null,""2"":null,""3"":null}",989.0,1027348.0,989.0,731691.0,989.0,731691.0,840.5950210911687,622448.9028913147,840.5950210911687,0.0,0.0,1365.882831626921,932646.3403955791,0.0,26.801045142671597,4.0,2960.0,0.0,0.0,88.90000000517466,65679.19999933515,2.850000000001728,1844.1000000003878,49.45000000287837,36584.54999988556,0.0,0.0,0.0,0.0,0.0,0.0,9.890000000000327,7316.910000000013,494.5,365845.5,0.0,151.0,504.39000000001397,373162.41000000027,0.0,0.0,1365.882831626921,932646.3403955791
1039,2022-11-05,2022,False,52.843835616438355,989,0,1151,622448.9028913147,0.0,74899,50,0.0,,,0.15260666533506984,0.11216210420764129,0.38356399332123453,0.9662184024266937,0.12090135383894234,759332.9303955823,0,False,False,True,"{""0"":null,""1"":null,""2"":null,""3"":null}",989.0,1028337.0,0.0,731691.0,0.0,731691.0,0.0,622448.9028913147,0.0,0.0,0.0,0.0,932646.3403955791,0.0,26.801045142671597,0.0,2960.0,0.0,0.0,0.0,65679.19999933515,0.0,1844.1000000003878,0.0,36584.54999988556,0.0,0.0,0.0,0.0,0.0,0.0,0.0,7316.910000000013,0.0,365845.5,0.0,151.0,0.0,373162.41000000027,0.0,0.0,0.0,932646.3403955791
1040,2022-11-06,2022,False,52.846575342465755,988,0,1151,622448.9028913147,0.0,74899,50,0.0,,,0.15293132108664984,0.11251469117105115,0.383760893210912,0.9661842105263159,0.07149428177894442,759332.9303955823,0,False,False,True,"{""0"":null,""1"":null,""2"":null,""3"":null}",988.0,1029325.0,0.0,731691.0,0.0,731691.0,0.0,622448.9028913147,0.0,0.0,0.0,0.0,932646.3403955791,0.0,26.801045142671597,0.0,2960.0,0.0,0.0,0.0,65679.19999933515,0.0,1844.1000000003878,0.0,36584.54999988556,0.0,0.0,0.0,0.0,0.0,0.0,0.0,7316.910000000013,0.0,365845.5,0.0,151.0,0.0,373162.41000000027,0.0,0.0,0.0,932646.3403955791
1041,2022-11-07,2022,True,52.84931506849315,988,988,1151,623288.708131431,1608.0588365952442,75891,19,0.0,0.861319913291672,0.12113526819805412,0.15293132108664986,0.11251469117105115,0.383760893210912,0.965334008097166,0.10007604230689385,760437.1092321776,0,False,False,True,"{""0"":null,""1"":null,""2"":null,""3"":null}",988.0,1030313.0,988.0,732679.0,988.0,732679.0,839.805240116315,623288.708131431,839.805240116315,0.0,0.0,1608.0588365952717,934254.3992321744,0.0,26.801045142671597,4.0,2964.0,0.0,0.0,88.80000000516884,65767.99999934032,7.5000000000045475,1851.6000000003924,49.40000000287546,36633.949999888435,0.0,0.0,0.0,0.0,0.0,0.0,9.88000000000011,7326.790000000013,494.0,366339.5,0.0,151.0,503.88000000000466,373666.29000000027,0.0,0.0,1608.0588365952717,934254.3992321744
1042,2022-11-08,2022,True,52.85205479452055,988,988,1151,624128.5133715473,1566.51274793874,75952,28,0.0,0.8409447029527719,0.14826007336283129,0.15288781830129802,0.11259983090969382,0.383760893210912,0.9657135627530364,0.12664833548790333,761499.7419801163,0,False,False,True,"{""0"":null,""1"":null,""2"":null,""3"":null}",988.0,1031301.0,988.0,733667.0,988.0,733667.0,839.805240116315,624128.5133715473,839.805240116315,0.0,0.0,1566.5127479387447,935820.9119801131,0.0,26.801045142671597,4.0,2968.0,0.0,0.0,88.80000000516884,65856.79999934549,0.0,1851.6000000003924,49.40000000287546,36683.34999989131,0.0,0.0,0.0,0.0,0.0,0.0,9.88000000000011,7336.670000000013,494.0,366833.5,0.0,151.0,503.88000000000466,374170.1700000003,0.0,0.0,1566.5127479387447,935820.9119801131
1043,2022-11-09,2022,True,52.85479452054795,988,988,1151,624968.3186116636,1501.953256629925,76052,41,0.0,0.8391082960685015,0.14289820409696047,0.1528620649021356,0.11275552496541981,0.383760893210912,0.9657844129554657,0.15132329061205216,762497.8152367462,0,False,False,True,"{""0"":null,""1"":null,""2"":null,""3"":null}",988.0,1032289.0,988.0,734655.0,988.0,734655.0,839.805240116315,624968.3186116636,839.805240116315,0.0,0.0,1501.953256629873,937322.865236743,0.0,26.801045142671597,4.0,2972.0,0.0,0.0,88.80000000516884,65945.59999935066,0.0,1851.6000000003924,49.40000000287546,36732.749999894186,0.0,0.0,0.0,0.0,0.0,0.0,9.88000000000011,7346.550000000013,494.0,367327.5,0.0,151.0,503.88000000000466,374674.0500000003,0.0,0.0,1501.953256629873,937322.865236743
1044,2022-11-10,2022,True,52.85753424657534,988,988,1151,625808.12385178,1429.029698322351,76173,38,0.15584025562984588,0.8258758085242589,0.16569213825743484,0.15286226080996154,0.1128071869077662,0.383760893210912,0.9658755060728744,0.1741014910097662,763422.9649350685,0,False,False,True,"{""0"":null,""1"":null,""2"":null,""3"":null}",988.0,1033277.0,988.0,735643.0,988.0,735643.0,839.805240116315,625808.12385178,839.805240116315,0.0,0.0,1429.0296983222943,938751.8949350653,0.1558402556298475,26.956885398301445,4.0,2976.0,0.0,0.0,88.80000000516884,66034.39999935582,2.850000000001728,1854.450000000394,49.40000000287546,36782.14999989706,0.0,0.0,0.0,0.0,0.0,0.0,9.88000000000011,7356.430000000013,494.0,367821.5,0.0,151.0,503.88000000000466,375177.9300000003,0.0,0.0,1429.0296983222943,938751.8949350653
1045,2022-11-11,2022,True,52.86027397260274,988,988,1151,626647.9290918963,1353.4579043672531,76247,46,0.0,0.8382266642215295,0.16128560082693916,0.15288626473112357,0.11287803958280936,0.383760893210912,0.9655971659919028,0.1950804198638044,764272.5428394357,0,False,False,True,"{""0"":null,""1"":null,""2"":null,""3"":null}",988.0,1034265.0,988.0,736631.0,988.0,736631.0,839.805240116315,626647.9290918963,839.805240116315,0.0,0.0,1353.457904367242,940105.3528394325,0.0,26.956885398301445,4.0,2980.0,0.0,0.0,88.80000000516884,66123.199999361,1.3500000000008185,1855.800000000395,49.40000000287546,36831.54999989994,0.0,0.0,0.0,0.0,0.0,0.0,9.88000000000011,7366.310000000013,494.0,368315.5,0.0,151.0,503.88000000000466,375681.8100000003,0.0,0.0,1353.457904367242,940105.3528394325
1046,2022-11-12,2022,False,52.863013698630134,989,0,1152,626647.9290918963,0.0,75399,46,0.0,,,0.15288465066739743,0.11219774976436357,0.38369506348558924,0.9661274014155713,0.12086968811878702,764271.5428394357,0,False,False,True,"{""0"":null,""1"":null,""2"":null,""3"":null}",989.0,1035254.0,0.0,736631.0,0.0,736631.0,0.0,626647.9290918963,0.0,0.0,0.0,0.0,940105.3528394325,0.0,26.956885398301445,0.0,2980.0,0.0,0.0,0.0,66123.199999361,0.0,1855.800000000395,0.0,36831.54999989994,0.0,0.0,0.0,0.0,0.0,0.0,0.0,7366.310000000013,0.0,368315.5,1.0,152.0,0.0,375681.8100000003,0.0,0.0,0.0,940105.3528394325
1047,2022-11-13,2022,False,52.865753424657534,989,0,1152,626647.9290918963,0.0,75399,46,0.0,,,0.15288465066739743,0.11219774976436359,0.38369506348558924,0.9661274014155713,0.07137888915432127,764271.5428394357,0,False,False,True,"{""0"":null,""1"":null,""2"":null,""3"":null}",989.0,1036243.0,0.0,736631.0,0.0,736631.0,0.0,626647.9290918963,0.0,0.0,0.0,0.0,940105.3528394325,0.0,26.956885398301445,0.0,2980.0,0.0,0.0,0.0,66123.199999361,0.0,1855.800000000395,0.0,36831.54999989994,0.0,0.0,0.0,0.0,0.0,0.0,0.0,7366.310000000013,0.0,368315.5,0.0,152.0,0.0,375681.8100000003,0.0,0.0,0.0,940105.3528394325
1048,2022-11-14,2022,True,52.868493150684934,990,990,1153,627489.3101083988,1684.1676900536631,76395,18,0.0,0.8504483352567879,0.14484605448472992,0.1528400646949662,0.11147579050682986,0.3837056616803359,0.9651212121212122,0.09992103707146069,765449.8105294894,0,False,False,True,"{""0"":null,""1"":null,""2"":null,""3"":null}",990.0,1037233.0,990.0,737621.0,990.0,737621.0,841.3810165025061,627489.3101083988,841.3810165025061,0.0,0.0,1684.1676900536986,941789.5205294862,0.0,26.956885398301445,4.0,2984.0,0.0,0.0,89.00000000518048,66212.19999936617,6.900000000004184,1862.700000000399,49.50000000288128,36881.04999990282,0.0,0.0,0.0,0.0,0.0,0.0,9.899999999999636,7376.210000000013,495.0,368810.5,1.0,153.0,504.9000000000233,376186.7100000003,0.0,0.0,1684.1676900536986,941789.5205294862
1049,2022-11-15,2022,True,52.87123287671233,990,990,1153,628330.6911249013,1588.4374661681977,76445,38,0.0,0.8311876081110255,0.16528477793027666,0.1527447038488099,0.11151070996119716,0.3837056616803359,0.9654343434343434,0.1265379555564714,766533.3479956576,0,False,False,True,"{""0"":null,""1"":null,""2"":null,""3"":null}",990.0,1038223.0,990.0,738611.0,990.0,738611.0,841.3810165025061,628330.6911249013,841.3810165025061,0.0,0.0,1588.437466168194,943377.9579956544,0.0,26.956885398301445,4.0,2988.0,0.0,0.0,89.00000000518048,66301.19999937135,0.0,1862.700000000399,49.50000000288128,36930.5499999057,0.0,0.0,0.0,0.0,0.0,0.0,9.899999999999636,7386.110000000012,495.0,369305.5,0.0,153.0,504.9000000000233,376691.61000000034,0.0,0.0,1588.437466168194,943377.9579956544
1050,2022-11-16,2022,True,52.87397260273973,990,990,1153,629172.0721414038,1458.568123356277,76548,55,0.0,0.8202740116420082,0.18062228143845266,0.15279894529149568,0.11158798470991123,0.3837056616803359,0.9654191919191919,0.15119407172828167,767487.0161190139,0,False,False,True,"{""0"":null,""1"":null,""2"":null,""3"":null}",990.0,1039213.0,990.0,739601.0,990.0,739601.0,841.3810165025061,629172.0721414038,841.3810165025061,0.0,0.0,1458.5681233563228,944836.5261190108,0.0,26.956885398301445,4.0,2992.0,0.0,0.0,89.00000000518048,66390.19999937653,0.0,1862.700000000399,49.50000000288128,36980.04999990858,0.0,0.0,0.0,0.0,0.0,0.0,9.899999999999636,7396.010000000012,495.0,369800.5,0.0,153.0,504.9000000000233,377196.51000000036,0.0,0.0,1458.5681233563228,944836.5261190108
1051,2022-11-17,2022,True,52.87671232876713,991,991,1154,630014.299912556,1420.0400055108041,76675,50,0.0,0.8405248895479029,0.14647371120209352,0.15248754230605993,0.11078210275095106,0.38350876179065835,0.9653128153380424,0.17386757332251698,768400.6461245246,0,False,False,True,"{""0"":null,""1"":null,""2"":null,""3"":null}",991.0,1040204.0,991.0,740592.0,991.0,740592.0,842.2277711521601,630014.299912556,842.2277711521601,0.0,0.0,1420.0400055107893,946256.5661245215,0.0,26.956885398301445,4.0,2996.0,0.0,0.0,89.1000000051863,66479.29999938172,2.700000000001637,1865.4000000004007,49.55000000288419,37029.599999911465,0.0,0.0,0.0,0.0,0.0,0.0,9.909999999999854,7405.920000000012,495.5,370296.0,1.0,154.0,505.4099999999744,377701.92000000033,0.0,0.0,1420.0400055107893,946256.5661245215
1052,2022-11-18,2022,True,52.87945205479452,990,990,1154,630855.7345754316,1372.995305065385,76764,48,0.0,0.8222413617791376,0.1806292630129268,0.1526370596643228,0.11092388116857181,0.3837056616803359,0.9653585858585859,0.19493590452400586,769268.74142959,0,False,False,True,"{""0"":null,""1"":null,""2"":null,""3"":null}",990.0,1041194.0,990.0,741582.0,990.0,741582.0,841.434662875603,630855.7345754316,841.434662875603,0.0,0.0,1372.9953050654149,947629.561429587,0.0,26.956885398301445,4.0,3000.0,0.0,0.0,89.00000000518048,66568.2999993869,3.000000000001819,1868.4000000004025,49.50000000288128,37079.099999914346,0.0,0.0,0.0,0.0,0.0,0.0,9.899999999999636,7415.8200000000115,495.0,370791.0,0.0,154.0,504.9000000000233,378206.82000000036,0.0,0.0,1372.9953050654149,947629.561429587
1053,2022-11-19,2022,False,52.88219178082192,990,0,1154,630855.7345754316,0.0,75899,48,0.0,,,0.15261804280922175,0.11101599726404378,0.3837056616803359,0.9660656565656566,0.1210480472513877,769268.74142959,0,False,False,True,"{""0"":null,""1"":null,""2"":null,""3"":null}",990.0,1042184.0,0.0,741582.0,0.0,741582.0,0.0,630855.7345754316,0.0,0.0,0.0,0.0,947629.561429587,0.0,26.956885398301445,0.0,3000.0,0.0,0.0,0.0,66568.2999993869,0.0,1868.4000000004025,0.0,37079.099999914346,0.0,0.0,0.0,0.0,0.0,0.0,0.0,7415.8200000000115,0.0,370791.0,0.0,154.0,0.0,378206.82000000036,0.0,0.0,0.0,947629.561429587
1054,2022-11-20,2022,False,52.88493150684931,989,0,1154,630855.7345754316,0.0,75899,48,0.0,,,0.15245875448375842,0.11094787392407217,0.3837714914056587,0.9660313447927199,0.07157351243733066,769268.74142959,0,False,False,True,"{""0"":null,""1"":null,""2"":null,""3"":null}",989.0,1043173.0,0.0,741582.0,0.0,741582.0,0.0,630855.7345754316,0.0,0.0,0.0,0.0,947629.561429587,0.0,26.956885398301445,0.0,3000.0,0.0,0.0,0.0,66568.2999993869,0.0,1868.4000000004025,0.0,37079.099999914346,0.0,0.0,0.0,0.0,0.0,0.0,0.0,7415.8200000000115,0.0,370791.0,0.0,154.0,0.0,378206.82000000036,0.0,0.0,0.0,947629.561429587
1055,2022-11-21,2022,True,52.88767123287671,989,989,1154,631696.4105255876,1662.015400787377,76895,17,0.0,0.8714350161117079,0.11997740358170086,0.15245875448375845,0.11094787392407217,0.3837714914056587,0.9653033367037411,0.1001184447769965,770426.3668303774,0,False,False,True,"{""0"":null,""1"":null,""2"":null,""3"":null}",989.0,1044162.0,989.0,742571.0,989.0,742571.0,840.6759501560591,631696.4105255876,840.6759501560591,0.0,0.0,1662.0154007873498,949291.5768303743,0.0,26.956885398301445,4.0,3004.0,0.0,0.0,88.90000000517466,66657.19999939208,7.200000000004366,1875.600000000407,49.45000000287837,37128.549999917224,0.0,0.0,0.0,0.0,0.0,0.0,9.890000000000327,7425.710000000012,494.5,371285.5,0.0,154.0,504.39000000001397,378711.21000000037,0.0,0.0,1662.0154007873498,949291.5768303743
1056,2022-11-22,2022,True,52.89041095890411,989,989,1154,632537.0864757437,1579.5350091852786,76940,36,0.0,0.8512644798810213,0.13004212897127929,0.15248562838262655,0.11105286155492775,0.3837714914056587,0.9653437815975733,0.12671761981566743,771501.5118395627,0,False,False,True,"{""0"":null,""1"":null,""2"":null,""3"":null}",989.0,1045151.0,989.0,743560.0,989.0,743560.0,840.6759501560591,632537.0864757437,840.6759501560591,0.0,0.0,1579.535009185318,950871.1118395596,0.0,26.956885398301445,4.0,3008.0,0.0,0.0,88.90000000517466,66746.09999939725,0.0,1875.600000000407,49.45000000287837,37177.9999999201,0.0,0.0,0.0,0.0,0.0,0.0,9.890000000000327,7435.600000000012,494.5,371780.0,0.0,154.0,504.39000000001397,379215.6000000004,0.0,0.0,1579.535009185318,950871.1118395596
1057,2022-11-23,2022,True,52.893150684931506,989,989,1154,633377.7624258997,1485.916683984313,77062,50,0.09818719887645952,0.8413417334545155,0.14897903659633513,0.15248024417412762,0.11116520749174992,0.3837714914056587,0.9654802831142568,0.1513801108339741,772483.038523547,0,False,False,True,"{""0"":null,""1"":null,""2"":null,""3"":null}",989.0,1046140.0,989.0,744549.0,989.0,744549.0,840.6759501560591,633377.7624258997,840.6759501560591,0.0,0.0,1485.9166839843383,952357.028523544,0.09818719887645955,27.055072597177904,4.0,3012.0,0.0,0.0,88.90000000517466,66834.99999940243,0.0,1875.600000000407,49.45000000287837,37227.44999992298,0.0,0.0,0.0,0.0,0.0,0.0,9.890000000000327,7445.4900000000125,494.5,372274.5,0.0,154.0,504.39000000001397,379719.9900000004,0.0,0.0,1485.9166839843383,952357.028523544
1058,2022-11-24,2022,True,52.895890410958906,988,988,1154,634217.7031333784,1415.9420252980274,77160,54,0.0,0.8208197078158125,0.16337479539931427,0.15270522088784083,0.1115206861447394,0.3839652164658678,0.9655465587044535,0.17428701050061152,773395.100548845,0,False,False,True,"{""0"":null,""1"":null,""2"":null,""3"":null}",988.0,1047128.0,988.0,745537.0,988.0,745537.0,839.9407074786723,634217.7031333784,839.9407074786723,0.0,0.0,1415.9420252980199,953772.970548842,0.0,27.055072597177904,4.0,3016.0,0.0,0.0,88.80000000516884,66923.7999994076,2.550000000001546,1878.1500000004085,49.40000000287546,37276.84999992586,0.0,0.0,0.0,0.0,0.0,0.0,9.88000000000011,7455.370000000013,494.0,372768.5,0.0,154.0,503.88000000000466,380223.8700000004,0.0,0.0,1415.9420252980199,953772.970548842
1059,2022-11-25,2022,True,52.8986301369863,988,988,1154,635057.6438408571,1374.515977611194,77269,47,0.1152342671503401,0.8096371937390145,0.1816238537551593,0.15273564734219705,0.11160555019347844,0.3839652164658678,0.965743927125506,0.19529728638675822,774265.7365264562,0,False,False,True,"{""0"":null,""1"":null,""2"":null,""3"":null}",988.0,1048116.0,988.0,746525.0,988.0,746525.0,839.9407074786723,635057.6438408571,839.9407074786723,0.0,0.0,1374.5159776111832,955147.4865264532,0.11523426715033835,27.170306864328243,4.0,3020.0,0.0,0.0,88.80000000516884,67012.59999941276,2.850000000001728,1881.0000000004102,49.40000000287546,37326.24999992873,0.0,0.0,0.0,0.0,0.0,0.0,9.88000000000011,7465.250000000013,494.0,373262.5,0.0,154.0,503.88000000000466,380727.7500000004,0.0,0.0,1374.5159776111832,955147.4865264532
1060,2022-11-26,2022,False,52.9013698630137,988,0,1154,635057.6438408571,0.0,76399,47,0.0,,,0.15278117960401405,0.1117322099426185,0.3839652164658678,0.9664574898785425,0.12138340197966449,774265.7365264562,0,False,False,True,"{""0"":null,""1"":null,""2"":null,""3"":null}",988.0,1049104.0,0.0,746525.0,0.0,746525.0,0.0,635057.6438408571,0.0,0.0,0.0,0.0,955147.4865264532,0.0,27.170306864328243,0.0,3020.0,0.0,0.0,0.0,67012.59999941276,0.0,1881.0000000004102,0.0,37326.24999992873,0.0,0.0,0.0,0.0,0.0,0.0,0.0,7465.250000000013,0.0,373262.5,0.0,154.0,0.0,380727.7500000004,0.0,0.0,0.0,955147.4865264532
1061,2022-11-27,2022,False,52.9041095890411,986,0,1154,635057.6438408571,0.0,76399,47,0.0,,,0.15266926899642985,0.11150476771641217,0.383706526009486,0.9663894523326572,0.07180560597756797,774265.7365264562,0,False,False,True,"{""0"":null,""1"":null,""2"":null,""3"":null}",986.0,1050090.0,0.0,746525.0,0.0,746525.0,0.0,635057.6438408571,0.0,0.0,0.0,0.0,955147.4865264532,0.0,27.170306864328243,0.0,3020.0,0.0,0.0,0.0,67012.59999941276,0.0,1881.0000000004102,0.0,37326.24999992873,0.0,0.0,0.0,0.0,0.0,0.0,0.0,7465.250000000013,0.0,373262.5,0.0,154.0,0.0,380727.7500000004,0.0,0.0,0.0,955147.4865264532
1062,2022-11-28,2022,True,52.90684931506849,986,986,1154,635895.9942269898,1675.9019666521697,77388,28,0.0,0.8448221530765987,0.14667158090750773,0.15266926899642985,0.11150476771641217,0.383706526009486,0.9655121703853955,0.10037026488326664,775438.7784931083,0,False,False,True,"{""0"":null,""1"":null,""2"":null,""3"":null}",986.0,1051076.0,986.0,747511.0,986.0,747511.0,838.350386132719,635895.9942269898,838.350386132719,0.0,0.0,1675.9019666521344,956823.3884931053,0.0,27.170306864328243,4.0,3024.0,0.0,0.0,88.6000000051572,67101.19999941792,7.050000000004275,1888.0500000004145,49.30000000286964,37375.5499999316,0.0,0.0,0.0,0.0,0.0,0.0,9.859999999999673,7475.110000000012,493.0,373755.5,0.0,154.0,502.85999999998603,381230.6100000004,0.0,0.0,1675.9019666521344,956823.3884931053
1063,2022-11-29,2022,True,52.90958904109589,986,986,1154,636734.3446131225,1553.69867246081,77440,45,0.0,0.8428144863557376,0.14089892196029485,0.1526750736198907,0.11163627186542445,0.383706526009486,0.9656845841784989,0.12701153052262704,776489.6171655692,0,False,False,True,"{""0"":null,""1"":null,""2"":null,""3"":null}",986.0,1052062.0,986.0,748497.0,986.0,748497.0,838.350386132719,636734.3446131225,838.350386132719,0.0,0.0,1553.6986724608578,958377.0871655662,0.0,27.170306864328243,4.0,3028.0,0.0,0.0,88.6000000051572,67189.79999942308,0.0,1888.0500000004145,49.30000000286964,37424.84999993447,0.0,0.0,0.0,0.0,0.0,0.0,9.859999999999673,7484.970000000012,493.0,374248.5,0.0,154.0,502.85999999998603,381733.4700000004,0.0,0.0,1553.6986724608578,958377.0871655662
1064,2022-11-30,2022,True,52.912328767123284,986,986,1154,637572.6949992552,1506.2051222243547,77540,64,0.0,0.8377330855941698,0.14836185692775858,0.15264395611061404,0.11165838412583398,0.383706526009486,0.9655933062880325,0.15157651427655505,777492.9622877936,0,False,False,True,"{""0"":null,""1"":null,""2"":null,""3"":null}",986.0,1053048.0,986.0,749483.0,986.0,749483.0,838.350386132719,637572.6949992552,838.350386132719,0.0,0.0,1506.2051222244045,959883.2922877906,0.0,27.170306864328243,4.0,3032.0,0.0,0.0,88.6000000051572,67278.39999942823,0.0,1888.0500000004145,49.30000000286964,37474.14999993734,0.0,0.0,0.0,0.0,0.0,0.0,9.859999999999673,7494.830000000012,493.0,374741.5,0.0,154.0,502.85999999998603,382236.33000000037,0.0,0.0,1506.2051222244045,959883.2922877906
1065,2022-12-01,2022,True,52.915068493150685,986,986,1154,638411.045385388,1399.455897083939,77675,51,0.013663204754191012,0.843871891467067,0.1477949290257447,0.15265200234064752,0.11178546571268701,0.383706526009486,0.9658620689655173,0.1743797749147209,778389.5581848776,0,False,False,True,"{""0"":null,""1"":null,""2"":null,""3"":null}",986.0,1054034.0,986.0,750469.0,986.0,750469.0,838.350386132719,638411.045385388,838.350386132719,0.0,0.0,1399.4558970839716,961282.7481848745,0.013663204754191582,27.183970069082434,4.0,3036.0,0.0,0.0,88.6000000051572,67366.99999943339,4.200000000002547,1892.250000000417,49.30000000286964,37523.44999994021,0.0,0.0,0.0,0.0,0.0,0.0,9.859999999999673,7504.690000000011,493.0,375234.5,0.0,154.0,502.85999999998603,382739.19000000035,0.0,0.0,1399.4558970839716,961282.7481848745
1066,2022-12-02,2022,True,52.917808219178085,986,986,1154,639249.3957715207,1390.258641494918,77770,48,0.0,0.8305823330568144,0.16472078182474292,0.1526464850319213,0.11185762178024485,0.383706526009486,0.966237322515213,0.19538336840713663,779276.9568263725,0,False,False,True,"{""0"":null,""1"":null,""2"":null,""3"":null}",986.0,1055020.0,986.0,751455.0,986.0,751455.0,838.350386132719,639249.3957715207,838.350386132719,0.0,0.0,1390.2586414949037,962673.0068263694,0.0,27.183970069082434,4.0,3040.0,0.0,0.0,88.6000000051572,67455.59999943855,2.550000000001546,1894.8000000004185,49.30000000286964,37572.74999994308,0.0,0.0,0.0,0.0,0.0,0.0,9.859999999999673,7514.550000000011,493.0,375727.5,0.0,154.0,502.85999999998603,383242.05000000034,0.0,0.0,1390.2586414949037,962673.0068263694
1067,2022-12-03,2022,False,52.92054794520548,986,0,1154,639249.3957715207,0.0,76899,48,0.0,,,0.15258019478217805,0.11191502281167012,0.383706526009486,0.9669472616632859,0.12148142723866517,779276.9568263725,0,False,False,True,"{""0"":null,""1"":null,""2"":null,""3"":null}",986.0,1056006.0,0.0,751455.0,0.0,751455.0,0.0,639249.3957715207,0.0,0.0,0.0,0.0,962673.0068263694,0.0,27.183970069082434,0.0,3040.0,0.0,0.0,0.0,67455.59999943855,0.0,1894.8000000004185,0.0,37572.74999994308,0.0,0.0,0.0,0.0,0.0,0.0,0.0,7514.550000000011,0.0,375727.5,0.0,154.0,0.0,383242.05000000034,0.0,0.0,0.0,962673.0068263694
1068,2022-12-04,2022,False,52.92328767123288,986,0,1154,639249.3957715207,0.0,76899,48,0.0,,,0.15258019478217805,0.11191502281167012,0.383706526009486,0.9669472616632859,0.07167467535495572,779276.9568263725,0,False,False,True,"{""0"":null,""1"":null,""2"":null,""3"":null}",986.0,1056992.0,0.0,751455.0,0.0,751455.0,0.0,639249.3957715207,0.0,0.0,0.0,0.0,962673.0068263694,0.0,27.183970069082434,0.0,3040.0,0.0,0.0,0.0,67455.59999943855,0.0,1894.8000000004185,0.0,37572.74999994308,0.0,0.0,0.0,0.0,0.0,0.0,0.0,7514.550000000011,0.0,375727.5,0.0,154.0,0.0,383242.05000000034,0.0,0.0,0.0,962673.0068263694
1069,2022-12-05,2022,True,52.92602739726027,986,986,1154,640087.7461576534,1658.005640817384,77889,19,0.0,0.8681430496399912,0.12774956719988037,0.15258019478217802,0.11191502281167012,0.383706526009486,0.9661663286004056,0.10022940723590153,780432.1024671899,0,False,False,True,"{""0"":null,""1"":null,""2"":null,""3"":null}",986.0,1057978.0,986.0,752441.0,986.0,752441.0,838.350386132719,640087.7461576534,838.350386132719,0.0,0.0,1658.0056408173405,964331.0124671868,0.0,27.183970069082434,4.0,3044.0,0.0,0.0,88.6000000051572,67544.1999994437,7.200000000004366,1902.000000000423,49.30000000286964,37622.04999994595,0.0,0.0,0.0,0.0,0.0,0.0,9.859999999999673,7524.410000000011,493.0,376220.5,0.0,154.0,502.85999999998603,383744.9100000003,0.0,0.0,1658.0056408173405,964331.0124671868
1070,2022-12-06,2022,True,52.92876712328767,986,986,1154,640926.0965437861,1558.5094798593998,77945,38,0.24562703819747994,0.8406709735611627,0.15466431827381644,0.15263627082768527,0.11211438250435281,0.383706526009486,0.966338742393509,0.126846188800561,781487.7519470493,0,False,False,True,"{""0"":null,""1"":null,""2"":null,""3"":null}",986.0,1058964.0,986.0,753427.0,986.0,753427.0,838.350386132719,640926.0965437861,838.350386132719,0.0,0.0,1558.5094798593782,965889.5219470462,0.24562703819747966,27.429597107279914,4.0,3048.0,0.0,0.0,88.6000000051572,67632.79999944886,0.0,1902.000000000423,49.30000000286964,37671.34999994882,0.0,0.0,0.0,0.0,0.0,0.0,9.859999999999673,7534.27000000001,493.0,376713.5,0.0,154.0,502.85999999998603,384247.7700000003,0.0,0.0,1558.5094798593782,965889.5219470462
1071,2022-12-07,2022,True,52.93150684931507,986,986,1154,641764.4469299188,1507.1879932192808,78045,51,0.0,0.8275335533815995,0.16440305830434915,0.15260211239508373,0.11225086958791793,0.383706526009486,0.9663640973630832,0.15152727920538314,782492.0799402685,0,False,False,True,"{""0"":null,""1"":null,""2"":null,""3"":null}",986.0,1059950.0,986.0,754413.0,986.0,754413.0,838.350386132719,641764.4469299188,838.350386132719,0.0,0.0,1507.1879932192387,967396.7099402654,0.0,27.429597107279914,4.0,3052.0,0.0,0.0,88.6000000051572,67721.39999945402,0.0,1902.000000000423,49.30000000286964,37720.64999995169,0.0,0.0,0.0,0.0,0.0,0.0,9.859999999999673,7544.13000000001,493.0,377206.5,0.0,154.0,502.85999999998603,384750.6300000003,0.0,0.0,1507.1879932192387,967396.7099402654
1072,2022-12-08,2022,True,52.93424657534246,985,985,1154,642602.024552363,1427.4945987826131,78154,51,0.08025528972781783,0.8059244784085409,0.1875448000965706,0.15236339841332125,0.1118418726308406,0.38345439458923236,0.966248730964467,0.17450086505745732,783417.2245390512,0,False,False,True,"{""0"":null,""1"":null,""2"":null,""3"":null}",985.0,1060935.0,985.0,755398.0,985.0,755398.0,837.5776224441361,642602.024552363,837.5776224441361,0.0,0.0,1427.4945987826213,968824.204539048,0.08025528972781615,27.50985239700773,4.0,3056.0,0.0,0.0,88.50000000515138,67809.89999945917,2.850000000001728,1904.8500000004246,49.25000000286673,37769.899999954556,0.0,0.0,0.0,0.0,0.0,0.0,9.850000000000364,7553.9800000000105,492.5,377699.0,0.0,154.0,502.3499999999767,385252.9800000003,0.0,0.0,1427.4945987826213,968824.204539048
1073,2022-12-09,2022,True,52.93698630136986,984,984,1154,643438.6296223814,1361.8573432756607,78258,50,0.0,0.8088955278103813,0.18366001425516748,0.15223879023358905,0.1117421624903259,0.38344379639448567,0.9663871951219511,0.1953009085489696,784277.2418823269,0,False,False,True,"{""0"":null,""1"":null,""2"":null,""3"":null}",984.0,1061919.0,984.0,756382.0,984.0,756382.0,836.6050700184423,643438.6296223814,836.6050700184423,0.0,0.0,1361.857343275682,970186.0618823237,0.0,27.50985239700773,4.0,3060.0,0.0,0.0,88.40000000514556,67898.29999946432,2.850000000001728,1907.7000000004264,49.20000000286382,37819.09999995742,0.0,0.0,0.0,0.0,0.0,0.0,9.840000000000146,7563.820000000011,492.0,378191.0,0.0,154.0,501.8400000000256,385754.8200000003,0.0,0.0,1361.857343275682,970186.0618823237
1074,2022-12-10,2022,False,52.93972602739726,984,0,1154,643438.6296223814,0.0,77399,50,0.0,,,0.1522161123026206,0.11190694114511833,0.38344379639448567,0.9671595528455283,0.1214012907731672,784277.2418823269,0,False,False,True,"{""0"":null,""1"":null,""2"":null,""3"":null}",984.0,1062903.0,0.0,756382.0,0.0,756382.0,0.0,643438.6296223814,0.0,0.0,0.0,0.0,970186.0618823237,0.0,27.50985239700773,0.0,3060.0,0.0,0.0,0.0,67898.29999946432,0.0,1907.7000000004264,0.0,37819.09999995742,0.0,0.0,0.0,0.0,0.0,0.0,0.0,7563.820000000011,0.0,378191.0,0.0,154.0,0.0,385754.8200000003,0.0,0.0,0.0,970186.0618823237
1075,2022-12-11,2022,False,52.942465753424656,984,0,1154,643438.6296223814,0.0,77399,50,0.0,,,0.1522161123026206,0.11190694114511833,0.38344379639448567,0.9671595528455283,0.07158583401819218,784277.2418823269,0,False,False,True,"{""0"":null,""1"":null,""2"":null,""3"":null}",984.0,1063887.0,0.0,756382.0,0.0,756382.0,0.0,643438.6296223814,0.0,0.0,0.0,0.0,970186.0618823237,0.0,27.50985239700773,0.0,3060.0,0.0,0.0,0.0,67898.29999946432,0.0,1907.7000000004264,0.0,37819.09999995742,0.0,0.0,0.0,0.0,0.0,0.0,0.0,7563.820000000011,0.0,378191.0,0.0,154.0,0.0,385754.8200000003,0.0,0.0,0.0,970186.0618823237
1076,2022-12-12,2022,True,52.945205479452056,984,984,1154,644275.2346923999,1678.907855094494,78393,19,0.0,0.8760373538756541,0.1182846473378858,0.1522161123026206,0.11190694114511834,0.38344379639448567,0.9664735772357723,0.10022844258115342,785454.3097374215,0,False,False,True,"{""0"":null,""1"":null,""2"":null,""3"":null}",984.0,1064871.0,984.0,757366.0,984.0,757366.0,836.6050700184423,644275.2346923999,836.6050700184423,0.0,0.0,1678.907855094527,971864.9697374182,0.0,27.50985239700773,4.0,3064.0,0.0,0.0,88.40000000514556,67986.69999946946,7.5000000000045475,1915.200000000431,49.20000000286382,37868.29999996028,0.0,0.0,0.0,0.0,0.0,0.0,9.840000000000146,7573.660000000011,492.0,378683.0,0.0,154.0,501.8400000000256,386256.6600000003,0.0,0.0,1678.907855094527,971864.9697374182
1077,2022-12-13,2022,True,52.94794520547945,984,984,1154,645111.8397624183,1556.4017254155328,78441,33,0.0,0.8587276111060952,0.14381399497237105,0.15220298172132007,0.11200611367161388,0.38344379639448567,0.9670020325203251,0.1269152347990531,786508.871462837,0,False,False,True,"{""0"":null,""1"":null,""2"":null,""3"":null}",984.0,1065855.0,984.0,758350.0,984.0,758350.0,836.6050700184423,645111.8397624183,836.6050700184423,0.0,0.0,1556.4017254154896,973421.3714628337,0.0,27.50985239700773,4.0,3068.0,0.0,0.0,88.40000000514556,68075.09999947461,0.0,1915.200000000431,49.20000000286382,37917.49999996315,0.0,0.0,0.0,0.0,0.0,0.0,9.840000000000146,7583.500000000011,492.0,379175.0,0.0,154.0,501.8400000000256,386758.50000000035,0.0,0.0,1556.4017254154896,973421.3714628337
1078,2022-12-14,2022,True,52.95068493150685,983,983,1154,645947.4692516542,1515.0721891158046,78542,48,0.0,0.8158065679806638,0.19000197847594874,0.15243989201750283,0.1122277918801229,0.3836406962841632,0.9668616480162766,0.1516289073009815,787522.6136519528,0,False,False,True,"{""0"":null,""1"":null,""2"":null,""3"":null}",983.0,1066838.0,983.0,759333.0,983.0,759333.0,835.6294892359292,645947.4692516542,835.6294892359292,0.0,0.0,1515.0721891158028,974936.4436519495,0.0,27.50985239700773,4.0,3072.0,0.0,0.0,88.30000000513974,68163.39999947975,0.0,1915.200000000431,49.15000000286091,37966.64999996601,0.0,0.0,0.0,0.0,0.0,0.0,9.829999999999927,7593.330000000011,491.5,379666.5,0.0,154.0,501.3300000000163,387259.83000000037,0.0,0.0,1515.0721891158028,974936.4436519495
1079,2022-12-15,2022,True,52.95342465753425,983,983,1154,646783.0987408902,1417.6294503046684,78659,43,0.0,0.808745630012204,0.18421521640735844,0.1524074545110204,0.11231325683538558,0.3836406962841632,0.9669023397761953,0.1745069198015983,788438.9131022575,0,False,False,True,"{""0"":null,""1"":null,""2"":null,""3"":null}",983.0,1067821.0,983.0,760316.0,983.0,760316.0,835.6294892359292,646783.0987408902,835.6294892359292,0.0,0.0,1417.6294503046665,976354.0731022542,0.0,27.50985239700773,4.0,3076.0,0.0,0.0,88.30000000513974,68251.69999948489,2.850000000001728,1918.0500000004326,49.15000000286091,38015.79999996887,0.0,0.0,0.0,0.0,0.0,0.0,9.829999999999927,7603.160000000011,491.5,380158.0,0.0,154.0,501.3300000000163,387761.1600000004,0.0,0.0,1417.6294503046665,976354.0731022542
1080,2022-12-16,2022,True,52.95616438356164,983,983,1154,647618.7282301261,1352.6231259569545,78761,46,0.0,0.8097577778193089,0.20374404516097575,0.15246430878875497,0.11247157738968144,0.3836406962841632,0.967029501525941,0.19558857749862676,789290.2062282145,0,False,False,True,"{""0"":null,""1"":null,""2"":null,""3"":null}",983.0,1068804.0,983.0,761299.0,983.0,761299.0,835.6294892359292,647618.7282301261,835.6294892359292,0.0,0.0,1352.6231259569759,977706.6962282112,0.0,27.50985239700773,4.0,3080.0,0.0,0.0,88.30000000513974,68339.99999949003,2.1000000000012733,1920.150000000434,49.15000000286091,38064.94999997173,0.0,0.0,0.0,0.0,0.0,0.0,9.829999999999927,7612.990000000011,491.5,380649.5,0.0,154.0,501.3300000000163,388262.4900000004,0.0,0.0,1352.6231259569759,977706.6962282112
1081,2022-12-17,2022,False,52.95890410958904,982,0,1154,647618.7282301261,0.0,77899,46,0.0,,,0.15239295133899847,0.11251146299737651,0.3837075630406661,0.9678156822810591,0.1216085803608965,789290.2062282145,0,False,False,True,"{""0"":null,""1"":null,""2"":null,""3"":null}",982.0,1069786.0,0.0,761299.0,0.0,761299.0,0.0,647618.7282301261,0.0,0.0,0.0,0.0,977706.6962282112,0.0,27.50985239700773,0.0,3080.0,0.0,0.0,0.0,68339.99999949003,0.0,1920.150000000434,0.0,38064.94999997173,0.0,0.0,0.0,0.0,0.0,0.0,0.0,7612.990000000011,0.0,380649.5,0.0,154.0,0.0,388262.4900000004,0.0,0.0,0.0,977706.6962282112
1082,2022-12-18,2022,False,52.961643835616435,982,0,1154,647618.7282301261,0.0,77899,46,0.0,,,0.15239295133899847,0.11251146299737651,0.3837075630406661,0.9678156822810591,0.07184445554879314,789290.2062282145,0,False,False,True,"{""0"":null,""1"":null,""2"":null,""3"":null}",982.0,1070768.0,0.0,761299.0,0.0,761299.0,0.0,647618.7282301261,0.0,0.0,0.0,0.0,977706.6962282112,0.0,27.50985239700773,0.0,3080.0,0.0,0.0,0.0,68339.99999949003,0.0,1920.150000000434,0.0,38064.94999997173,0.0,0.0,0.0,0.0,0.0,0.0,0.0,7612.990000000011,0.0,380649.5,0.0,154.0,0.0,388262.4900000004,0.0,0.0,0.0,977706.6962282112
1083,2022-12-19,2022,True,52.964383561643835,983,983,1155,648454.2416829765,1664.6724038938985,78887,18,0.0,0.8443135771710166,0.156241063480601,0.15210911037765995,0.11157962562316237,0.3835106631509886,0.9668565615462869,0.10043236817161512,790452.5486321085,0,False,False,True,"{""0"":null,""1"":null,""2"":null,""3"":null}",983.0,1071751.0,983.0,762282.0,983.0,762282.0,835.5134528503986,648454.2416829765,835.5134528503986,0.0,0.0,1664.6724038938992,979371.3686321051,0.0,27.50985239700773,4.0,3084.0,0.0,0.0,88.30000000513974,68428.29999949517,6.900000000004184,1927.050000000438,49.15000000286091,38114.09999997459,0.0,0.0,0.0,0.0,0.0,0.0,9.829999999999927,7622.820000000011,491.5,381141.0,1.0,155.0,501.3300000000163,388763.8200000004,0.0,0.0,1664.6724038938992,979371.3686321051
1084,2022-12-20,2022,True,52.967123287671235,983,983,1155,649289.7551358269,1605.4626017508217,78948,34,0.0,0.8443839990221886,0.1565478947183946,0.1521016082561853,0.11168879663729676,0.3835106631509886,0.9672889114954222,0.12705888757868522,791556.6812338594,0,False,False,True,"{""0"":null,""1"":null,""2"":null,""3"":null}",983.0,1072734.0,983.0,763265.0,983.0,763265.0,835.5134528503986,649289.7551358269,835.5134528503986,0.0,0.0,1605.4626017508563,980976.8312338559,0.0,27.50985239700773,4.0,3088.0,0.0,0.0,88.30000000513974,68516.59999950031,0.0,1927.050000000438,49.15000000286091,38163.24999997745,0.0,0.0,0.0,0.0,0.0,0.0,9.829999999999927,7632.650000000011,491.5,381632.5,0.0,155.0,501.3300000000163,389265.15000000043,0.0,0.0,1605.4626017508563,980976.8312338559
1085,2022-12-21,2022,True,52.96986301369863,983,983,1156,650125.2923539832,1526.2600069780674,79029,60,0.12210542257660961,0.8432502065006782,0.15318503753937754,0.1522273285558407,0.11110511240721245,0.3836406962841632,0.9666378433367243,0.15184727456134844,792580.6112408375,0,False,False,True,"{""0"":null,""1"":null,""2"":null,""3"":null}",983.0,1073717.0,983.0,764248.0,983.0,764248.0,835.5372181562707,650125.2923539832,835.5372181562707,0.0,0.0,1526.2600069780601,982503.091240834,0.12210542257660961,27.63195781958434,4.0,3092.0,0.0,0.0,88.30000000513974,68604.89999950545,0.0,1927.050000000438,49.15000000286091,38212.39999998031,0.0,0.0,0.0,0.0,0.0,0.0,9.829999999999927,7642.4800000000105,491.5,382124.0,1.0,156.0,501.3300000000163,389766.48000000045,0.0,0.0,1526.2600069780601,982503.091240834
1086,2022-12-22,2022,True,52.97260273972603,983,983,1157,650960.6997970763,1417.7587981165843,79162,58,0.0,0.8320008595109991,0.1722666118621095,0.15202778067220898,0.11034311362140219,0.38371816123541275,0.9664750762970498,0.17434376806909282,793496.0400389541,0,False,False,True,"{""0"":null,""1"":null,""2"":null,""3"":null}",983.0,1074700.0,983.0,765231.0,983.0,765231.0,835.407443093136,650960.6997970763,835.407443093136,0.0,0.0,1417.7587981165852,983920.8500389506,0.0,27.63195781958434,4.0,3096.0,0.0,0.0,88.30000000513974,68693.19999951059,2.700000000001637,1929.7500000004397,49.15000000286091,38261.54999998317,0.0,0.0,0.0,0.0,0.0,0.0,9.829999999999927,7652.31000000001,491.5,382615.5,1.0,157.0,501.3300000000163,390267.81000000046,0.0,0.0,1417.7587981165852,983920.8500389506
1087,2022-12-23,2022,True,52.97534246575343,982,982,1157,651795.3465403079,1379.037899583301,79259,55,0.0,0.8320054818398368,0.16746136427993658,0.15202427896538134,0.1103667198144085,0.3837074182479919,0.9665224032586558,0.1955173502743241,794374.2579385375,0,False,False,True,"{""0"":null,""1"":null,""2"":null,""3"":null}",982.0,1075682.0,982.0,766213.0,982.0,766213.0,834.6467432315694,651795.3465403079,834.6467432315694,0.0,0.0,1379.0378995833453,985299.8879385339,0.0,27.63195781958434,4.0,3100.0,0.0,0.0,88.20000000513392,68781.39999951572,2.400000000001455,1932.1500000004412,49.100000002857996,38310.64999998603,0.0,0.0,0.0,0.0,0.0,0.0,9.819999999999709,7662.13000000001,491.0,383106.5,0.0,157.0,500.820000000007,390768.63000000047,0.0,0.0,1379.0378995833453,985299.8879385339
1088,2022-12-24,2022,False,52.97808219178082,981,0,1157,651795.3465403079,0.0,78399,55,0.0,,,0.15179599977897637,0.11012588676693084,0.3834552868277382,0.9673700305810398,0.12161168786640654,794374.2579385375,0,False,False,True,"{""0"":null,""1"":null,""2"":null,""3"":null}",981.0,1076663.0,0.0,766213.0,0.0,766213.0,0.0,651795.3465403079,0.0,0.0,0.0,0.0,985299.8879385339,0.0,27.63195781958434,0.0,3100.0,0.0,0.0,0.0,68781.39999951572,0.0,1932.1500000004412,0.0,38310.64999998603,0.0,0.0,0.0,0.0,0.0,0.0,0.0,7662.13000000001,0.0,383106.5,0.0,157.0,0.0,390768.63000000047,0.0,0.0,0.0,985299.8879385339
1089,2022-12-25,2022,False,52.98082191780822,981,0,1157,651795.3465403079,0.0,78399,55,0.0,,,0.15179599977897637,0.11012588676693083,0.3834552868277382,0.9673700305810398,0.07195596714628377,794374.2579385375,0,False,False,True,"{""0"":null,""1"":null,""2"":null,""3"":null}",981.0,1077644.0,0.0,766213.0,0.0,766213.0,0.0,651795.3465403079,0.0,0.0,0.0,0.0,985299.8879385339,0.0,27.63195781958434,0.0,3100.0,0.0,0.0,0.0,68781.39999951572,0.0,1932.1500000004412,0.0,38310.64999998603,0.0,0.0,0.0,0.0,0.0,0.0,0.0,7662.13000000001,0.0,383106.5,0.0,157.0,0.0,390768.63000000047,0.0,0.0,0.0,985299.8879385339
1090,2022-12-26,2022,True,52.983561643835614,981,981,1157,652629.2355450963,1661.724692782732,79403,15,0.0,0.8683884624859755,0.12253664616452507,0.15179599977897637,0.11012588676693083,0.3834552868277382,0.9668654434250764,0.10062633229507015,795535.6726313202,0,False,False,True,"{""0"":null,""1"":null,""2"":null,""3"":null}",981.0,1078625.0,981.0,767194.0,981.0,767194.0,833.8890047884779,652629.2355450963,833.8890047884779,0.0,0.0,1661.7246927827364,986961.6126313166,0.0,27.63195781958434,4.0,3104.0,0.0,0.0,88.1000000051281,68869.49999952085,8.250000000005002,1940.4000000004462,49.050000002855086,38359.69999998889,0.0,0.0,0.0,0.0,0.0,0.0,9.8100000000004,7671.9400000000105,490.5,383597.0,0.0,157.0,500.3099999999977,391268.94000000047,0.0,0.0,1661.7246927827364,986961.6126313166
1091,2022-12-27,2022,True,52.986301369863014,980,980,1157,653462.1843242669,1552.5565376130942,79436,32,0.0,0.86517047939957,0.1316792017513458,0.15162062947981608,0.11019994532989008,0.38352215358424113,0.9672295918367347,0.12718283817695195,796588.4291689332,0,False,False,True,"{""0"":null,""1"":null,""2"":null,""3"":null}",980.0,1079605.0,980.0,768174.0,980.0,768174.0,832.9487791705178,653462.1843242669,832.9487791705178,0.0,0.0,1552.5565376130398,988514.1691689297,0.0,27.63195781958434,4.0,3108.0,0.0,0.0,88.00000000512227,68957.49999952597,0.0,1940.4000000004462,49.000000002852175,38408.69999999174,0.0,0.0,0.0,0.0,0.0,0.0,9.800000000000182,7681.740000000011,490.0,384087.0,0.0,157.0,499.79999999998836,391768.74000000046,0.0,0.0,1552.5565376130398,988514.1691689297
1092,2022-12-28,2022,True,52.989041095890414,980,980,1157,654295.1331034374,1484.245491402052,79543,48,0.0,0.8234620432168922,0.15612571426444138,0.15163142637901722,0.11026432838029263,0.38352215358424113,0.9669285714285715,0.15187995694670778,797572.8746603352,0,False,False,True,"{""0"":null,""1"":null,""2"":null,""3"":null}",980.0,1080585.0,980.0,769154.0,980.0,769154.0,832.9487791705178,654295.1331034374,832.9487791705178,0.0,0.0,1484.2454914021073,989998.4146603318,0.0,27.63195781958434,4.0,3112.0,0.0,0.0,88.00000000512227,69045.4999995311,0.0,1940.4000000004462,49.000000002852175,38457.69999999459,0.0,0.0,0.0,0.0,0.0,0.0,9.800000000000182,7691.540000000011,490.0,384577.0,0.0,157.0,499.79999999998836,392268.54000000044,0.0,0.0,1484.2454914021073,989998.4146603318
1093,2022-12-29,2022,True,52.99178082191781,979,979,1157,655127.1992048118,1450.9963580654323,79650,53,0.09854156889307326,0.806933292740304,0.18147949203466426,0.15169259888618264,0.11041182562376654,0.38372233409056844,0.9667977528089887,0.17476186069248345,798524.5810184006,0,False,False,True,"{""0"":null,""1"":null,""2"":null,""3"":null}",979.0,1081564.0,979.0,770133.0,979.0,770133.0,832.0661013744539,655127.1992048118,832.0661013744539,0.0,0.0,1450.9963580654003,991449.4110183972,0.0985415688930722,27.730499388477412,4.0,3116.0,0.0,0.0,87.90000000511645,69133.39999953621,2.2500000000013642,1942.6500000004476,48.950000002849265,38506.64999999744,0.0,0.0,0.0,0.0,0.0,0.0,9.789999999999964,7701.330000000011,489.5,385066.5,0.0,157.0,499.28999999997905,392767.8300000004,0.0,0.0,1450.9963580654003,991449.4110183972
1094,2022-12-30,2022,True,52.99452054794521,979,979,1157,655959.2653061863,1334.8324492371976,79757,53,0.2034967430105785,0.8211292431276859,0.1831591112912739,0.15167078086246472,0.11047119698444675,0.38372233409056844,0.9668079673135853,0.19573025719701642,799360.1234676378,0,False,False,True,"{""0"":null,""1"":null,""2"":null,""3"":null}",979.0,1082543.0,979.0,771112.0,979.0,771112.0,832.0661013744539,655959.2653061863,832.0661013744539,0.0,0.0,1334.832449237234,992784.2434676344,0.20349674301057874,27.93399613148799,4.0,3120.0,0.0,0.0,87.90000000511645,69221.29999954133,2.550000000001546,1945.200000000449,48.950000002849265,38555.60000000029,0.0,0.0,0.0,0.0,0.0,0.0,9.789999999999964,7711.120000000011,489.5,385556.0,0.0,157.0,499.28999999997905,393267.1200000004,0.0,0.0,1334.832449237234,992784.2434676344
1095,2022-12-31,2022,False,52.9972602739726,979,0,1157,655959.2653061863,0.0,78899,53,0.0,,,0.15167878357167647,0.1105917571008982,0.38372233409056844,0.9676659856996936,0.12170428154677546,799360.1234676378,0,False,False,True,"{""0"":null,""1"":null,""2"":null,""3"":null}",979.0,1083522.0,0.0,771112.0,0.0,771112.0,0.0,655959.2653061863,0.0,0.0,0.0,0.0,992784.2434676344,0.0,27.93399613148799,0.0,3120.0,0.0,0.0,0.0,69221.29999954133,0.0,1945.200000000449,0.0,38555.60000000029,0.0,0.0,0.0,0.0,0.0,0.0,0.0,7711.120000000011,0.0,385556.0,0.0,157.0,0.0,393267.1200000004,0.0,0.0,0.0,992784.2434676344
